Date,Open,High,Low,Close,Volume,Dividends,Stock Splits
2020-07-06 00:00:00+01:00,1124.9998779296875,1199.9998779296875,1091.9998779296875,1124.9998779296875,298,0.0,0.0
2020-07-07 00:00:00+01:00,1124.9998779296875,1199.9998779296875,1096.4998779296875,1124.9998779296875,997,0.0,0.0
2020-07-08 00:00:00+01:00,1124.9998779296875,1199.9998779296875,1094.9998779296875,1124.9998779296875,1376,0.0,0.0
2020-07-09 00:00:00+01:00,1124.9998779296875,1169.9998779296875,1049.9998779296875,1169.9998779296875,396,0.0,0.0
2020-07-10 00:00:00+01:00,1124.9998779296875,1199.9998779296875,1108.4998779296875,1124.9998779296875,854,0.0,0.0
2020-07-13 00:00:00+01:00,1124.9998779296875,1199.9998779296875,1049.9998779296875,1124.9998779296875,2205,0.0,0.0
2020-07-14 00:00:00+01:00,1124.9998779296875,1169.9998779296875,1090.4998779296875,1124.9998779296875,445,0.0,0.0
2020-07-15 00:00:00+01:00,1124.9998779296875,1169.9998779296875,1087.4998779296875,1124.9998779296875,305,0.0,0.0
2020-07-16 00:00:00+01:00,1237.4998779296875,1237.4998779296875,1124.9998779296875,1199.9998779296875,1280,0.0,0.0
2020-07-17 00:00:00+01:00,1199.9998779296875,1154.9998779296875,1061.9998779296875,1124.9998779296875,1502,0.0,0.0
2020-07-20 00:00:00+01:00,1124.9998779296875,1162.4998779296875,1049.9998779296875,1087.4998779296875,1887,0.0,0.0
2020-07-21 00:00:00+01:00,1087.4998779296875,1087.4998779296875,1049.9998779296875,1087.4998779296875,321,0.0,0.0
2020-07-22 00:00:00+01:00,1087.4998779296875,1072.4998779296875,899.9998779296875,1049.9998779296875,5692,0.0,0.0
2020-07-23 00:00:00+01:00,1049.9998779296875,1027.4998779296875,974.9998779296875,1049.9998779296875,790,0.0,0.0
2020-07-24 00:00:00+01:00,937.4998779296875,974.9998779296875,899.9998779296875,974.9998779296875,1229,0.0,0.0
2020-07-27 00:00:00+01:00,787.4998779296875,943.4998779296875,749.9998779296875,862.4998779296875,11734,0.0,0.0
2020-07-28 00:00:00+01:00,862.4998779296875,824.9998779296875,749.9998779296875,787.4998779296875,11619,0.0,0.0
2020-07-29 00:00:00+01:00,787.4998779296875,809.9998779296875,773.9998779296875,787.4998779296875,993,0.0,0.0
2020-07-30 00:00:00+01:00,787.4998779296875,809.9998779296875,749.9998779296875,787.4998779296875,1342,0.0,0.0
2020-07-31 00:00:00+01:00,787.4998779296875,824.9998779296875,751.4998779296875,787.4998779296875,987,0.0,0.0
2020-08-03 00:00:00+01:00,787.4998779296875,839.9998779296875,749.9998779296875,772.4998779296875,6301,0.0,0.0
2020-08-04 00:00:00+01:00,772.4998779296875,749.9998779296875,749.9998779296875,772.4998779296875,577,0.0,0.0
2020-08-05 00:00:00+01:00,734.9998779296875,772.4998779296875,719.9998779296875,772.4998779296875,1191,0.0,0.0
2020-08-06 00:00:00+01:00,772.4998779296875,770.9998779296875,703.4998779296875,749.9998779296875,527,0.0,0.0
2020-08-07 00:00:00+01:00,749.9998779296875,764.9998779296875,703.4998779296875,749.9998779296875,373,0.0,0.0
2020-08-10 00:00:00+01:00,749.9998779296875,761.9998779296875,704.9998779296875,749.9998779296875,90,0.0,0.0
2020-08-11 00:00:00+01:00,749.9998779296875,779.9998779296875,709.4998779296875,764.9998779296875,1468,0.0,0.0
2020-08-12 00:00:00+01:00,764.9998779296875,785.9998779296875,742.4998779296875,764.9998779296875,1125,0.0,0.0
2020-08-13 00:00:00+01:00,764.9998779296875,784.4998779296875,784.4998779296875,764.9998779296875,144,0.0,0.0
2020-08-14 00:00:00+01:00,764.9998779296875,784.4998779296875,718.4998779296875,772.4998779296875,2950,0.0,0.0
2020-08-17 00:00:00+01:00,772.4998779296875,784.4998779296875,742.4998779296875,772.4998779296875,610,0.0,0.0
2020-08-18 00:00:00+01:00,772.4998779296875,784.4998779296875,757.4998779296875,772.4998779296875,252,0.0,0.0
2020-08-19 00:00:00+01:00,772.4998779296875,784.4998779296875,758.9998779296875,772.4998779296875,378,0.0,0.0
2020-08-20 00:00:00+01:00,772.4998779296875,782.9998779296875,758.9998779296875,772.4998779296875,648,0.0,0.0
2020-08-21 00:00:00+01:00,772.4998779296875,749.9998779296875,727.4998779296875,772.4998779296875,1331,0.0,0.0
2020-08-24 00:00:00+01:00,772.4998779296875,779.9998779296875,719.9998779296875,772.4998779296875,103,0.0,0.0
2020-08-25 00:00:00+01:00,772.4998779296875,827.9998779296875,719.9998779296875,827.9998779296875,705,0.0,0.0
2020-08-26 00:00:00+01:00,772.4998779296875,779.9998779296875,719.9998779296875,772.4998779296875,147,0.0,0.0
2020-08-27 00:00:00+01:00,712.4998779296875,749.9998779296875,674.9998779296875,764.9998779296875,2420,0.0,0.0
2020-08-28 00:00:00+01:00,764.9998779296875,790.4998779296875,749.9998779296875,787.4998779296875,1226,0.0,0.0
2020-09-01 00:00:00+01:00,787.4998779296875,772.4998779296875,749.9998779296875,787.4998779296875,630,0.0,0.0
2020-09-02 00:00:00+01:00,787.4998779296875,794.9998779296875,719.9998779296875,772.4998779296875,1730,0.0,0.0
2020-09-03 00:00:00+01:00,772.4998779296875,740.9998779296875,674.9998779296875,727.4998779296875,2836,0.0,0.0
2020-09-04 00:00:00+01:00,727.4998779296875,749.9998779296875,704.9998779296875,727.4998779296875,393,0.0,0.0
2020-09-07 00:00:00+01:00,727.4998779296875,709.4998779296875,704.9998779296875,727.4998779296875,120,0.0,0.0
2020-09-08 00:00:00+01:00,727.4998779296875,739.4998779296875,704.9998779296875,727.4998779296875,787,0.0,0.0
2020-09-09 00:00:00+01:00,802.4998779296875,808.4998779296875,674.9998779296875,727.4998779296875,3626,0.0,0.0
2020-09-10 00:00:00+01:00,727.4998779296875,740.9998779296875,674.9998779296875,689.9998779296875,712,0.0,0.0
2020-09-11 00:00:00+01:00,689.9998779296875,689.9998779296875,599.9998779296875,622.4998779296875,3239,0.0,0.0
2020-09-14 00:00:00+01:00,622.4998779296875,622.4998779296875,532.4998779296875,599.9998779296875,5608,0.0,0.0
2020-09-15 00:00:00+01:00,577.4998779296875,599.9998779296875,494.9999084472656,562.4998779296875,6117,0.0,0.0
2020-09-16 00:00:00+01:00,562.4998779296875,599.9998779296875,524.9998779296875,562.4998779296875,3185,0.0,0.0
2020-09-17 00:00:00+01:00,562.4998779296875,592.4998779296875,524.9998779296875,562.4998779296875,2825,0.0,0.0
2020-09-18 00:00:00+01:00,562.4998779296875,566.9998779296875,524.9998779296875,562.4998779296875,406,0.0,0.0
2020-09-21 00:00:00+01:00,562.4998779296875,584.9998779296875,524.9998779296875,562.4998779296875,2733,0.0,0.0
2020-09-22 00:00:00+01:00,562.4998779296875,562.4998779296875,562.4998779296875,562.4998779296875,0,0.0,0.0
2020-09-23 00:00:00+01:00,562.4998779296875,560.9998779296875,559.4998779296875,562.4998779296875,233,0.0,0.0
2020-09-24 00:00:00+01:00,562.4998779296875,562.4998779296875,562.4998779296875,562.4998779296875,0,0.0,0.0
2020-09-25 00:00:00+01:00,562.4998779296875,560.9998779296875,524.9998779296875,562.4998779296875,1399,0.0,0.0
2020-09-28 00:00:00+01:00,562.4998779296875,560.9998779296875,524.9998779296875,562.4998779296875,1157,0.0,0.0
2020-09-29 00:00:00+01:00,629.9998779296875,635.9998779296875,554.9998779296875,577.4998779296875,2278,0.0,0.0
2020-09-30 00:00:00+01:00,577.4998779296875,554.9998779296875,554.9998779296875,577.4998779296875,146,0.0,0.0
2020-10-01 00:00:00+01:00,554.9998779296875,539.9998779296875,524.9998779296875,532.4998779296875,1301,0.0,0.0
2020-10-02 00:00:00+01:00,524.9998779296875,539.9998779296875,478.4999084472656,524.9998779296875,2524,0.0,0.0
2020-10-05 00:00:00+01:00,524.9998779296875,536.9998779296875,494.9999084472656,524.9998779296875,1460,0.0,0.0
2020-10-06 00:00:00+01:00,524.9998779296875,536.9998779296875,494.9999084472656,524.9998779296875,2310,0.0,0.0
2020-10-07 00:00:00+01:00,524.9998779296875,535.4998779296875,494.9999084472656,524.9998779296875,122,0.0,0.0
2020-10-08 00:00:00+01:00,524.9998779296875,530.9998779296875,464.9999084472656,517.4998779296875,3297,0.0,0.0
2020-10-09 00:00:00+01:00,517.4998779296875,538.4998779296875,499.4999084472656,539.9998779296875,1249,0.0,0.0
2020-10-12 00:00:00+01:00,539.9998779296875,554.9998779296875,524.9998779296875,539.9998779296875,2829,0.0,0.0
2020-10-13 00:00:00+01:00,539.9998779296875,590.9998779296875,532.4998779296875,577.4998779296875,3339,0.0,0.0
2020-10-14 00:00:00+01:00,577.4998779296875,658.4998779296875,554.9998779296875,637.4998779296875,5445,0.0,0.0
2020-10-15 00:00:00+01:00,637.4998779296875,644.9998779296875,599.9998779296875,637.4998779296875,1975,0.0,0.0
2020-10-16 00:00:00+01:00,637.4998779296875,644.9998779296875,554.9998779296875,614.9998779296875,1336,0.0,0.0
2020-10-19 00:00:00+01:00,614.9998779296875,629.9998779296875,599.9998779296875,614.9998779296875,3194,0.0,0.0
2020-10-20 00:00:00+01:00,614.9998779296875,614.9998779296875,554.9998779296875,614.9998779296875,376,0.0,0.0
2020-10-21 00:00:00+01:00,614.9998779296875,599.9998779296875,556.4998779296875,598.4998779296875,218,0.0,0.0
2020-10-22 00:00:00+01:00,614.9998779296875,599.9998779296875,556.4998779296875,577.4998779296875,520,0.0,0.0
2020-10-23 00:00:00+01:00,577.4998779296875,584.9998779296875,554.9998779296875,577.4998779296875,78,0.0,0.0
2020-10-26 00:00:00+00:00,577.4998779296875,584.9998779296875,554.9998779296875,577.4998779296875,393,0.0,0.0
2020-10-27 00:00:00+00:00,577.4998779296875,559.4998779296875,559.4998779296875,577.4998779296875,135,0.0,0.0
2020-10-28 00:00:00+00:00,577.4998779296875,569.9998779296875,554.9998779296875,577.4998779296875,589,0.0,0.0
2020-10-29 00:00:00+00:00,577.4998779296875,554.9998779296875,479.9999084472656,524.9998779296875,3981,0.0,0.0
2020-10-30 00:00:00+00:00,479.9999084472656,592.4998779296875,509.9999084472656,539.9998779296875,1939,0.0,0.0
2020-11-02 00:00:00+00:00,539.9998779296875,562.4998779296875,479.9999084472656,539.9998779296875,4194,0.0,0.0
2020-11-03 00:00:00+00:00,539.9998779296875,577.4998779296875,506.9999084472656,562.4998779296875,1368,0.0,0.0
2020-11-04 00:00:00+00:00,562.4998779296875,599.9998779296875,551.9998779296875,599.9998779296875,189,0.0,0.0
2020-11-05 00:00:00+00:00,562.4998779296875,577.4998779296875,532.4998779296875,562.4998779296875,931,0.0,0.0
2020-11-06 00:00:00+00:00,562.4998779296875,577.4998779296875,539.9998779296875,562.4998779296875,1948,0.0,0.0
2020-11-09 00:00:00+00:00,562.4998779296875,599.9998779296875,538.4998779296875,562.4998779296875,2659,0.0,0.0
2020-11-10 00:00:00+00:00,562.4998779296875,574.4998779296875,574.4998779296875,562.4998779296875,33,0.0,0.0
2020-11-11 00:00:00+00:00,562.4998779296875,671.9998779296875,524.9998779296875,599.9998779296875,6079,0.0,0.0
2020-11-12 00:00:00+00:00,599.9998779296875,703.4998779296875,539.9998779296875,674.9998779296875,6476,0.0,0.0
2020-11-13 00:00:00+00:00,689.9998779296875,689.9998779296875,599.9998779296875,637.4998779296875,5124,0.0,0.0
2020-11-16 00:00:00+00:00,637.4998779296875,692.9998779296875,644.9998779296875,674.9998779296875,3332,0.0,0.0
2020-11-17 00:00:00+00:00,674.9998779296875,688.4998779296875,644.9998779296875,674.9998779296875,2016,0.0,0.0
2020-11-18 00:00:00+00:00,674.9998779296875,680.9998779296875,644.9998779296875,674.9998779296875,868,0.0,0.0
2020-11-19 00:00:00+00:00,674.9998779296875,674.9998779296875,644.9998779296875,674.9998779296875,644,0.0,0.0
2020-11-20 00:00:00+00:00,674.9998779296875,671.9998779296875,644.9998779296875,674.9998779296875,1255,0.0,0.0
2020-11-23 00:00:00+00:00,674.9998779296875,674.9998779296875,599.9998779296875,659.9998779296875,10619,0.0,0.0
2020-11-24 00:00:00+00:00,659.9998779296875,674.9998779296875,599.9998779296875,622.4998779296875,2841,0.0,0.0
2020-11-25 00:00:00+00:00,637.4998779296875,637.4998779296875,605.9998779296875,637.4998779296875,721,0.0,0.0
2020-11-26 00:00:00+00:00,637.4998779296875,634.4998779296875,599.9998779296875,622.4998779296875,2328,0.0,0.0
2020-11-27 00:00:00+00:00,622.4998779296875,644.9998779296875,599.9998779296875,629.9998779296875,1416,0.0,0.0
2020-11-30 00:00:00+00:00,622.4998779296875,644.9998779296875,599.9998779296875,644.9998779296875,95,0.0,0.0
2020-12-01 00:00:00+00:00,539.9998779296875,554.9998779296875,524.9998779296875,539.9998779296875,13681,0.0,0.0
2020-12-02 00:00:00+00:00,539.9998779296875,554.9998779296875,524.9998779296875,530.9998779296875,6010,0.0,0.0
2020-12-03 00:00:00+00:00,539.9998779296875,539.9998779296875,509.9999084472656,509.9999084472656,324,0.0,0.0
2020-12-04 00:00:00+00:00,539.9998779296875,599.9998779296875,527.9998779296875,569.9998779296875,37468,0.0,0.0
2020-12-07 00:00:00+00:00,569.9998779296875,671.9998779296875,554.9998779296875,637.4998779296875,19110,0.0,0.0
2020-12-08 00:00:00+00:00,712.4998779296875,734.9998779296875,599.9998779296875,637.4998779296875,47340,0.0,0.0
2020-12-09 00:00:00+00:00,637.4998779296875,674.9998779296875,569.9998779296875,635.9998779296875,28060,0.0,0.0
2020-12-10 00:00:00+00:00,637.4998779296875,614.9998779296875,599.9998779296875,622.4998779296875,18425,0.0,0.0
2020-12-11 00:00:00+00:00,622.4998779296875,599.9998779296875,584.9998779296875,614.9998779296875,6777,0.0,0.0
2020-12-14 00:00:00+00:00,614.9998779296875,644.9998779296875,584.9998779296875,584.9998779296875,29504,0.0,0.0
2020-12-15 00:00:00+00:00,614.9998779296875,611.9998779296875,587.9998779296875,614.9998779296875,21341,0.0,0.0
2020-12-16 00:00:00+00:00,614.9998779296875,659.9998779296875,590.9998779296875,646.4998779296875,74063,0.0,0.0
2020-12-17 00:00:00+00:00,659.9998779296875,1034.9998779296875,667.4998779296875,908.9998779296875,243214,0.0,0.0
2020-12-18 00:00:00+00:00,937.4998779296875,1001.9998779296875,814.4998779296875,854.9998779296875,71306,0.0,0.0
2020-12-21 00:00:00+00:00,817.4998779296875,1001.9998779296875,773.9998779296875,854.9998779296875,32113,0.0,0.0
2020-12-22 00:00:00+00:00,817.4998779296875,967.4998779296875,772.4998779296875,802.4998779296875,74531,0.0,0.0
2020-12-23 00:00:00+00:00,802.4998779296875,824.9998779296875,766.4998779296875,824.9998779296875,30500,0.0,0.0
2020-12-24 00:00:00+00:00,809.9998779296875,854.9998779296875,809.9998779296875,824.9998779296875,12318,0.0,0.0
2020-12-29 00:00:00+00:00,824.9998779296875,883.4998779296875,811.4998779296875,839.9998779296875,20597,0.0,0.0
2020-12-30 00:00:00+00:00,854.9998779296875,899.9998779296875,824.9998779296875,854.9998779296875,19583,0.0,0.0
2020-12-31 00:00:00+00:00,832.4998779296875,869.9998779296875,794.9998779296875,817.4998779296875,11169,0.0,0.0
2021-01-04 00:00:00+00:00,817.4998779296875,914.9998779296875,794.9998779296875,839.9998779296875,20158,0.0,0.0
2021-01-05 00:00:00+00:00,839.9998779296875,862.4998779296875,775.4998779296875,854.9998779296875,11624,0.0,0.0
2021-01-06 00:00:00+00:00,907.4998779296875,958.4998779296875,827.9998779296875,869.9998779296875,28984,0.0,0.0
2021-01-07 00:00:00+00:00,854.9998779296875,857.9998779296875,797.9998779296875,839.9998779296875,36411,0.0,0.0
2021-01-08 00:00:00+00:00,899.9998779296875,914.9998779296875,824.9998779296875,847.4998779296875,12970,0.0,0.0
2021-01-11 00:00:00+00:00,847.4998779296875,893.9998779296875,839.9998779296875,869.9998779296875,18686,0.0,0.0
2021-01-12 00:00:00+00:00,869.9998779296875,1094.9998779296875,878.9998779296875,1079.9998779296875,135035,0.0,0.0
2021-01-13 00:00:00+00:00,1034.9998779296875,1184.9998779296875,1061.9998779296875,1169.9998779296875,58683,0.0,0.0
2021-01-14 00:00:00+00:00,1087.4998779296875,1154.9998779296875,1009.4998779296875,1042.4998779296875,31254,0.0,0.0
2021-01-15 00:00:00+00:00,1042.4998779296875,1049.9998779296875,931.4998779296875,989.9998779296875,12962,0.0,0.0
2021-01-18 00:00:00+00:00,989.9998779296875,1124.9998779296875,944.9998779296875,1102.4998779296875,26604,0.0,0.0
2021-01-19 00:00:00+00:00,1102.4998779296875,1124.9998779296875,1004.9998779296875,1057.4998779296875,12602,0.0,0.0
2021-01-20 00:00:00+00:00,1072.4998779296875,1199.9998779296875,1075.4998779296875,1169.9998779296875,29105,0.0,0.0
2021-01-21 00:00:00+00:00,1154.9998779296875,1267.4998779296875,1139.9998779296875,1237.4998779296875,27886,0.0,0.0
2021-01-22 00:00:00+00:00,1237.4998779296875,1298.9998779296875,1142.9998779296875,1169.9998779296875,20769,0.0,0.0
2021-01-25 00:00:00+00:00,1169.9998779296875,1199.9998779296875,1060.4998779296875,1102.4998779296875,10522,0.0,0.0
2021-01-26 00:00:00+00:00,1087.4998779296875,1124.9998779296875,1010.9998779296875,1042.4998779296875,10174,0.0,0.0
2021-01-27 00:00:00+00:00,1042.4998779296875,1079.9998779296875,937.4998779296875,989.9998779296875,11644,0.0,0.0
2021-01-28 00:00:00+00:00,989.9998779296875,1004.9998779296875,901.4998779296875,952.4998779296875,11168,0.0,0.0
2021-01-29 00:00:00+00:00,952.4998779296875,1049.9998779296875,941.9998779296875,1012.4998779296875,4195,0.0,0.0
2021-02-01 00:00:00+00:00,1012.4998779296875,1049.9998779296875,901.4998779296875,944.9998779296875,16983,0.0,0.0
2021-02-02 00:00:00+00:00,929.9998779296875,997.4998779296875,908.9998779296875,997.4998779296875,9476,0.0,0.0
2021-02-03 00:00:00+00:00,997.4998779296875,1010.9998779296875,949.4998779296875,982.4998779296875,8627,0.0,0.0
2021-02-04 00:00:00+00:00,982.4998779296875,1019.9998779296875,946.4998779296875,937.4998779296875,9600,0.0,0.0
2021-02-05 00:00:00+00:00,937.4998779296875,1093.4998779296875,937.4998779296875,1034.9998779296875,47557,0.0,0.0
2021-02-08 00:00:00+00:00,1034.9998779296875,1123.4998779296875,983.9998779296875,1102.4998779296875,12013,0.0,0.0
2021-02-09 00:00:00+00:00,1102.4998779296875,1181.9998779296875,1088.9998779296875,1154.9998779296875,10093,0.0,0.0
2021-02-10 00:00:00+00:00,1154.9998779296875,1199.9998779296875,1079.9998779296875,1154.9998779296875,9058,0.0,0.0
2021-02-11 00:00:00+00:00,1102.4998779296875,1123.4998779296875,1051.4998779296875,1087.4998779296875,8068,0.0,0.0
2021-02-12 00:00:00+00:00,1087.4998779296875,1124.9998779296875,1031.9998779296875,1102.4998779296875,6218,0.0,0.0
2021-02-15 00:00:00+00:00,1102.4998779296875,1199.9998779296875,1079.9998779296875,1154.9998779296875,7965,0.0,0.0
2021-02-16 00:00:00+00:00,1154.9998779296875,1214.9998779296875,1109.9998779296875,1214.9998779296875,3095,0.0,0.0
2021-02-17 00:00:00+00:00,1132.4998779296875,1138.4998779296875,1049.9998779296875,1087.4998779296875,8507,0.0,0.0
2021-02-18 00:00:00+00:00,1087.4998779296875,1124.9998779296875,992.9998779296875,1049.9998779296875,7414,0.0,0.0
2021-02-19 00:00:00+00:00,1049.9998779296875,1103.9998779296875,974.9998779296875,1094.9998779296875,3359,0.0,0.0
2021-02-22 00:00:00+00:00,1034.9998779296875,1094.9998779296875,974.9998779296875,1012.4998779296875,6610,0.0,0.0
2021-02-23 00:00:00+00:00,1012.4998779296875,1024.4998779296875,901.4998779296875,937.4998779296875,5119,0.0,0.0
2021-02-24 00:00:00+00:00,1012.4998779296875,1045.4998779296875,869.9998779296875,922.4998779296875,15615,0.0,0.0
2021-02-25 00:00:00+00:00,922.4998779296875,974.9998779296875,872.9998779296875,937.4998779296875,7614,0.0,0.0
2021-02-26 00:00:00+00:00,877.4998779296875,929.9998779296875,827.9998779296875,899.9998779296875,9987,0.0,0.0
2021-03-01 00:00:00+00:00,899.9998779296875,929.9998779296875,824.9998779296875,862.4998779296875,12243,0.0,0.0
2021-03-02 00:00:00+00:00,862.4998779296875,884.9998779296875,824.9998779296875,839.9998779296875,3790,0.0,0.0
2021-03-03 00:00:00+00:00,839.9998779296875,884.9998779296875,824.9998779296875,869.9998779296875,11225,0.0,0.0
2021-03-04 00:00:00+00:00,854.9998779296875,899.9998779296875,787.4998779296875,802.4998779296875,6821,0.0,0.0
2021-03-05 00:00:00+00:00,802.4998779296875,1049.9998779296875,794.9998779296875,1034.9998779296875,27445,0.0,0.0
2021-03-08 00:00:00+00:00,1034.9998779296875,1117.4998779296875,974.9998779296875,1012.4998779296875,23268,0.0,0.0
2021-03-09 00:00:00+00:00,1012.4998779296875,1003.4998779296875,899.9998779296875,952.4998779296875,20973,0.0,0.0
2021-03-10 00:00:00+00:00,952.4998779296875,968.9998779296875,929.9998779296875,952.4998779296875,4072,0.0,0.0
2021-03-11 00:00:00+00:00,952.4998779296875,974.9998779296875,929.9998779296875,952.4998779296875,5260,0.0,0.0
2021-03-12 00:00:00+00:00,952.4998779296875,968.9998779296875,842.9998779296875,907.4998779296875,8796,0.0,0.0
2021-03-15 00:00:00+00:00,907.4998779296875,971.9998779296875,832.4998779296875,899.9998779296875,13176,0.0,0.0
2021-03-16 00:00:00+00:00,914.9998779296875,971.9998779296875,860.9998779296875,914.9998779296875,1846,0.0,0.0
2021-03-17 00:00:00+00:00,914.9998779296875,974.9998779296875,839.9998779296875,884.9998779296875,12659,0.0,0.0
2021-03-18 00:00:00+00:00,884.9998779296875,928.4998779296875,842.9998779296875,884.9998779296875,2650,0.0,0.0
2021-03-19 00:00:00+00:00,884.9998779296875,929.9998779296875,839.9998779296875,929.9998779296875,4357,0.0,0.0
2021-03-22 00:00:00+00:00,892.4998779296875,1015.4998779296875,907.4998779296875,997.4998779296875,13333,0.0,0.0
2021-03-23 00:00:00+00:00,997.4998779296875,1034.9998779296875,946.4998779296875,1034.9998779296875,1542,0.0,0.0
2021-03-24 00:00:00+00:00,1064.9998779296875,1115.9998779296875,959.9998779296875,997.4998779296875,17860,0.0,0.0
2021-03-25 00:00:00+00:00,997.4998779296875,1018.4998779296875,941.9998779296875,959.9998779296875,5153,0.0,0.0
2021-03-26 00:00:00+00:00,959.9998779296875,1079.9998779296875,911.9998779296875,1061.9998779296875,14160,0.0,0.0
2021-03-29 00:00:00+01:00,1042.4998779296875,1154.9998779296875,944.9998779296875,1139.9998779296875,25547,0.0,0.0
2021-03-30 00:00:00+01:00,1139.9998779296875,1634.9998779296875,1114.4998779296875,1379.9998779296875,169447,0.0,0.0
2021-03-31 00:00:00+01:00,1319.9998779296875,2099.999755859375,1304.9998779296875,2024.999755859375,160841,0.0,0.0
2021-04-01 00:00:00+01:00,2099.999755859375,2849.999755859375,1655.9998779296875,1799.9998779296875,272070,0.0,0.0
2021-04-06 00:00:00+01:00,1912.4998779296875,2234.999755859375,1876.4998779296875,2084.999755859375,95572,0.0,0.0
2021-04-07 00:00:00+01:00,1987.4998779296875,2044.499755859375,1574.9998779296875,1724.9998779296875,107471,0.0,0.0
2021-04-08 00:00:00+01:00,1724.9998779296875,1796.9998779296875,1426.4998779296875,1709.9998779296875,67658,0.0,0.0
2021-04-09 00:00:00+01:00,1649.9998779296875,1724.9998779296875,1480.4998779296875,1724.9998779296875,62703,0.0,0.0
2021-04-12 00:00:00+01:00,1649.9998779296875,2099.999755859375,1499.9998779296875,1762.4998779296875,62748,0.0,0.0
2021-04-13 00:00:00+01:00,1837.4998779296875,2099.999755859375,1747.4998779296875,1874.9998779296875,26825,0.0,0.0
2021-04-14 00:00:00+01:00,1874.9998779296875,1874.9998779296875,1724.9998779296875,1799.9998779296875,26698,0.0,0.0
2021-04-15 00:00:00+01:00,1799.9998779296875,1871.9998779296875,1610.9998779296875,1657.4998779296875,13202,0.0,0.0
2021-04-16 00:00:00+01:00,1724.9998779296875,1724.9998779296875,1499.9998779296875,1649.9998779296875,14849,0.0,0.0
2021-04-19 00:00:00+01:00,1724.9998779296875,2024.999755859375,1649.9998779296875,1724.9998779296875,28141,0.0,0.0
2021-04-20 00:00:00+01:00,1687.4998779296875,1724.9998779296875,1529.9998779296875,1574.9998779296875,14551,0.0,0.0
2021-04-21 00:00:00+01:00,1574.9998779296875,1724.9998779296875,1499.9998779296875,1537.4998779296875,10005,0.0,0.0
2021-04-22 00:00:00+01:00,1537.4998779296875,1649.9998779296875,1499.9998779296875,1612.4998779296875,6302,0.0,0.0
2021-04-23 00:00:00+01:00,1612.4998779296875,1799.9998779296875,1574.9998779296875,1649.9998779296875,4386,0.0,0.0
2021-04-26 00:00:00+01:00,1649.9998779296875,1724.9998779296875,1499.9998779296875,1499.9998779296875,4078,0.0,0.0
2021-04-27 00:00:00+01:00,1537.4998779296875,1649.9998779296875,1424.9998779296875,1537.4998779296875,10903,0.0,0.0
2021-04-28 00:00:00+01:00,1537.4998779296875,1649.9998779296875,1499.9998779296875,1574.9998779296875,3508,0.0,0.0
2021-04-29 00:00:00+01:00,1574.9998779296875,1649.9998779296875,1499.9998779296875,1537.4998779296875,4670,0.0,0.0
2021-04-30 00:00:00+01:00,1537.4998779296875,1649.9998779296875,1499.9998779296875,1574.9998779296875,6780,0.0,0.0
2021-05-04 00:00:00+01:00,1537.4998779296875,1583.9998779296875,1504.4998779296875,1574.9998779296875,10770,0.0,0.0
2021-05-05 00:00:00+01:00,1574.9998779296875,1604.9998779296875,1499.9998779296875,1537.4998779296875,4726,0.0,0.0
2021-05-06 00:00:00+01:00,1612.4998779296875,1798.4998779296875,1513.4998779296875,1537.4998779296875,13323,0.0,0.0
2021-05-07 00:00:00+01:00,1537.4998779296875,1574.9998779296875,1424.9998779296875,1462.4998779296875,12944,0.0,0.0
2021-05-10 00:00:00+01:00,1462.4998779296875,1499.9998779296875,1363.4998779296875,1402.4998779296875,8937,0.0,0.0
2021-05-11 00:00:00+01:00,1402.4998779296875,1424.9998779296875,1289.9998779296875,1327.4998779296875,10649,0.0,0.0
2021-05-12 00:00:00+01:00,1327.4998779296875,1649.9998779296875,1312.4998779296875,1574.9998779296875,15622,0.0,0.0
2021-05-13 00:00:00+01:00,1574.9998779296875,1642.4998779296875,1439.9998779296875,1499.9998779296875,4953,0.0,0.0
2021-05-14 00:00:00+01:00,1499.9998779296875,1537.4998779296875,1424.9998779296875,1472.9998779296875,4186,0.0,0.0
2021-05-17 00:00:00+01:00,1499.9998779296875,1529.9998779296875,1424.9998779296875,1462.4998779296875,3115,0.0,0.0
2021-05-18 00:00:00+01:00,1462.4998779296875,1469.9998779296875,1394.9998779296875,1462.4998779296875,5964,0.0,0.0
2021-05-19 00:00:00+01:00,1462.4998779296875,1472.9998779296875,1274.9998779296875,1297.4998779296875,11376,0.0,0.0
2021-05-20 00:00:00+01:00,1297.4998779296875,1376.9998779296875,1319.9998779296875,1364.9998779296875,5968,0.0,0.0
2021-05-21 00:00:00+01:00,1364.9998779296875,1379.9998779296875,1319.9998779296875,1342.4998779296875,2883,0.0,0.0
2021-05-24 00:00:00+01:00,1342.4998779296875,1379.9998779296875,1319.9998779296875,1349.9998779296875,1999,0.0,0.0
2021-05-25 00:00:00+01:00,1349.9998779296875,1375.4998779296875,1324.4998779296875,1349.9998779296875,2675,0.0,0.0
2021-05-26 00:00:00+01:00,1349.9998779296875,1379.9998779296875,1289.9998779296875,1304.9998779296875,4256,0.0,0.0
2021-05-27 00:00:00+01:00,1304.9998779296875,1316.9998779296875,1289.9998779296875,1304.9998779296875,1796,0.0,0.0
2021-05-28 00:00:00+01:00,1304.9998779296875,1379.9998779296875,1297.4998779296875,1379.9998779296875,5892,0.0,0.0
2021-06-01 00:00:00+01:00,1387.4998779296875,1499.9998779296875,1349.9998779296875,1387.4998779296875,10076,0.0,0.0
2021-06-02 00:00:00+01:00,1387.4998779296875,1406.9998779296875,1351.4998779296875,1387.4998779296875,1995,0.0,0.0
2021-06-03 00:00:00+01:00,1387.4998779296875,1391.9998779296875,1313.9998779296875,1387.4998779296875,1146,0.0,0.0
2021-06-04 00:00:00+01:00,1372.4998779296875,1364.9998779296875,1289.9998779296875,1319.9998779296875,4167,0.0,0.0
2021-06-07 00:00:00+01:00,1319.9998779296875,1349.9998779296875,1222.4998779296875,1289.9998779296875,8755,0.0,0.0
2021-06-08 00:00:00+01:00,1289.9998779296875,1304.9998779296875,1169.9998779296875,1222.4998779296875,6013,0.0,0.0
2021-06-09 00:00:00+01:00,1222.4998779296875,1259.9998779296875,1165.4998779296875,1184.9998779296875,5266,0.0,0.0
2021-06-10 00:00:00+01:00,1192.4998779296875,1229.9998779296875,1094.9998779296875,1147.4998779296875,6685,0.0,0.0
2021-06-11 00:00:00+01:00,1147.4998779296875,1169.9998779296875,1079.9998779296875,1132.4998779296875,10946,0.0,0.0
2021-06-14 00:00:00+01:00,1132.4998779296875,1169.9998779296875,1094.9998779296875,1139.9998779296875,5391,0.0,0.0
2021-06-15 00:00:00+01:00,1139.9998779296875,1169.9998779296875,1079.9998779296875,1117.4998779296875,11692,0.0,0.0
2021-06-16 00:00:00+01:00,1117.4998779296875,1154.9998779296875,1079.9998779296875,1132.4998779296875,3479,0.0,0.0
2021-06-17 00:00:00+01:00,1132.4998779296875,1129.4998779296875,1079.9998779296875,1117.4998779296875,3219,0.0,0.0
2021-06-18 00:00:00+01:00,1117.4998779296875,1154.9998779296875,1058.9998779296875,1117.4998779296875,2967,0.0,0.0
2021-06-21 00:00:00+01:00,1192.4998779296875,1252.4998779296875,1072.4998779296875,1109.9998779296875,5853,0.0,0.0
2021-06-22 00:00:00+01:00,1109.9998779296875,1154.9998779296875,1049.9998779296875,1049.9998779296875,2511,0.0,0.0
2021-06-23 00:00:00+01:00,1072.4998779296875,1094.9998779296875,1006.4998779296875,1049.9998779296875,7344,0.0,0.0
2021-06-24 00:00:00+01:00,1072.4998779296875,1079.9998779296875,1034.9998779296875,1049.9998779296875,5165,0.0,0.0
2021-06-25 00:00:00+01:00,1057.4998779296875,1064.9998779296875,1034.9998779296875,1064.9998779296875,2832,0.0,0.0
2021-06-28 00:00:00+01:00,1057.4998779296875,1079.9998779296875,1034.9998779296875,1079.9998779296875,4375,0.0,0.0
2021-06-29 00:00:00+01:00,1064.9998779296875,1079.9998779296875,974.9998779296875,1034.9998779296875,2240,0.0,0.0
2021-06-30 00:00:00+01:00,1034.9998779296875,1049.9998779296875,1004.9998779296875,1049.9998779296875,2786,0.0,0.0
2021-07-01 00:00:00+01:00,1019.9998779296875,1034.9998779296875,974.9998779296875,1034.9998779296875,3990,0.0,0.0
2021-07-02 00:00:00+01:00,1004.9998779296875,1049.9998779296875,1004.9998779296875,1019.9998779296875,9453,0.0,0.0
2021-07-05 00:00:00+01:00,1027.4998779296875,1049.9998779296875,974.9998779296875,1012.4998779296875,6544,0.0,0.0
2021-07-06 00:00:00+01:00,1012.4998779296875,1034.9998779296875,962.9998779296875,1004.9998779296875,8306,0.0,0.0
2021-07-07 00:00:00+01:00,1004.9998779296875,989.9998779296875,974.9998779296875,982.4998779296875,1022,0.0,0.0
2021-07-08 00:00:00+01:00,982.4998779296875,979.4998779296875,941.9998779296875,982.4998779296875,1978,0.0,0.0
2021-07-09 00:00:00+01:00,982.4998779296875,979.4998779296875,959.9998779296875,982.4998779296875,1231,0.0,0.0
2021-07-12 00:00:00+01:00,982.4998779296875,989.9998779296875,974.9998779296875,982.4998779296875,3176,0.0,0.0
2021-07-13 00:00:00+01:00,982.4998779296875,985.4998779296875,974.9998779296875,982.4998779296875,1455,0.0,0.0
2021-07-14 00:00:00+01:00,982.4998779296875,985.4998779296875,974.9998779296875,982.4998779296875,943,0.0,0.0
2021-07-15 00:00:00+01:00,982.4998779296875,989.9998779296875,937.4998779296875,974.9998779296875,2499,0.0,0.0
2021-07-16 00:00:00+01:00,959.9998779296875,974.9998779296875,922.4998779296875,952.4998779296875,3736,0.0,0.0
2021-07-19 00:00:00+01:00,952.4998779296875,974.9998779296875,899.9998779296875,907.4998779296875,7850,0.0,0.0
2021-07-20 00:00:00+01:00,907.4998779296875,914.9998779296875,884.9998779296875,892.4998779296875,3968,0.0,0.0
2021-07-21 00:00:00+01:00,892.4998779296875,895.4998779296875,884.9998779296875,892.4998779296875,1879,0.0,0.0
2021-07-22 00:00:00+01:00,892.4998779296875,899.9998779296875,839.9998779296875,854.9998779296875,5461,0.0,0.0
2021-07-23 00:00:00+01:00,854.9998779296875,869.9998779296875,826.4998779296875,854.9998779296875,2811,0.0,0.0
2021-07-26 00:00:00+01:00,854.9998779296875,865.4998779296875,839.9998779296875,854.9998779296875,1431,0.0,0.0
2021-07-27 00:00:00+01:00,854.9998779296875,869.9998779296875,839.9998779296875,869.9998779296875,2041,0.0,0.0
2021-07-28 00:00:00+01:00,854.9998779296875,1169.9998779296875,854.9998779296875,1109.9998779296875,32884,0.0,0.0
2021-07-29 00:00:00+01:00,1109.9998779296875,1124.9998779296875,979.4998779296875,1034.9998779296875,7066,0.0,0.0
2021-07-30 00:00:00+01:00,1034.9998779296875,1079.9998779296875,979.4998779296875,1012.4998779296875,3794,0.0,0.0
2021-08-02 00:00:00+01:00,1012.4998779296875,1034.9998779296875,904.4998779296875,937.4998779296875,6256,0.0,0.0
2021-08-03 00:00:00+01:00,937.4998779296875,965.9998779296875,899.9998779296875,937.4998779296875,5731,0.0,0.0
2021-08-04 00:00:00+01:00,937.4998779296875,1019.9998779296875,929.9998779296875,997.4998779296875,8440,0.0,0.0
2021-08-05 00:00:00+01:00,997.4998779296875,1019.9998779296875,938.9998779296875,959.9998779296875,1663,0.0,0.0
2021-08-06 00:00:00+01:00,959.9998779296875,989.9998779296875,935.9998779296875,967.4998779296875,2713,0.0,0.0
2021-08-09 00:00:00+01:00,967.4998779296875,992.9998779296875,908.9998779296875,929.9998779296875,5285,0.0,0.0
2021-08-10 00:00:00+01:00,929.9998779296875,949.4998779296875,899.9998779296875,914.9998779296875,2933,0.0,0.0
2021-08-11 00:00:00+01:00,914.9998779296875,938.9998779296875,907.4998779296875,938.9998779296875,6480,0.0,0.0
2021-08-12 00:00:00+01:00,914.9998779296875,944.9998779296875,899.9998779296875,922.4998779296875,7005,0.0,0.0
2021-08-13 00:00:00+01:00,922.4998779296875,932.9998779296875,899.9998779296875,922.4998779296875,2433,0.0,0.0
2021-08-16 00:00:00+01:00,922.4998779296875,929.9998779296875,899.9998779296875,914.9998779296875,1492,0.0,0.0
2021-08-17 00:00:00+01:00,914.9998779296875,914.9998779296875,848.9998779296875,914.9998779296875,5968,0.0,0.0
2021-08-18 00:00:00+01:00,869.9998779296875,899.9998779296875,796.4998779296875,869.9998779296875,15594,0.0,0.0
2021-08-19 00:00:00+01:00,839.9998779296875,854.9998779296875,809.9998779296875,832.4998779296875,5515,0.0,0.0
2021-08-20 00:00:00+01:00,832.4998779296875,869.9998779296875,809.9998779296875,847.4998779296875,2776,0.0,0.0
2021-08-23 00:00:00+01:00,847.4998779296875,869.9998779296875,824.9998779296875,847.4998779296875,2307,0.0,0.0
2021-08-24 00:00:00+01:00,847.4998779296875,869.9998779296875,809.9998779296875,839.9998779296875,3468,0.0,0.0
2021-08-25 00:00:00+01:00,839.9998779296875,853.4998779296875,824.9998779296875,839.9998779296875,980,0.0,0.0
2021-08-26 00:00:00+01:00,869.9998779296875,929.9998779296875,824.9998779296875,839.9998779296875,25725,0.0,0.0
2021-08-27 00:00:00+01:00,839.9998779296875,845.9998779296875,824.9998779296875,832.4998779296875,2790,0.0,0.0
2021-08-31 00:00:00+01:00,832.4998779296875,839.9998779296875,824.9998779296875,839.9998779296875,2369,0.0,0.0
2021-09-01 00:00:00+01:00,839.9998779296875,835.4998779296875,794.9998779296875,832.4998779296875,3875,0.0,0.0
2021-09-02 00:00:00+01:00,832.4998779296875,854.9998779296875,824.9998779296875,854.9998779296875,4549,0.0,0.0
2021-09-03 00:00:00+01:00,854.9998779296875,868.4998779296875,844.4998779296875,854.9998779296875,820,0.0,0.0
2021-09-06 00:00:00+01:00,854.9998779296875,929.9998779296875,854.9998779296875,907.4998779296875,6771,0.0,0.0
2021-09-07 00:00:00+01:00,914.9998779296875,989.9998779296875,914.9998779296875,944.9998779296875,13208,0.0,0.0
2021-09-08 00:00:00+01:00,944.9998779296875,944.9998779296875,899.9998779296875,922.4998779296875,6760,0.0,0.0
2021-09-09 00:00:00+01:00,922.4998779296875,929.9998779296875,865.4998779296875,914.9998779296875,1945,0.0,0.0
2021-09-10 00:00:00+01:00,914.9998779296875,944.9998779296875,892.4998779296875,922.4998779296875,415,0.0,0.0
2021-09-13 00:00:00+01:00,922.4998779296875,934.4998779296875,899.9998779296875,922.4998779296875,2050,0.0,0.0
2021-09-14 00:00:00+01:00,922.4998779296875,925.4998779296875,899.9998779296875,922.4998779296875,817,0.0,0.0
2021-09-15 00:00:00+01:00,922.4998779296875,919.4998779296875,899.9998779296875,922.4998779296875,2010,0.0,0.0
2021-09-16 00:00:00+01:00,922.4998779296875,914.9998779296875,899.9998779296875,922.4998779296875,325,0.0,0.0
2021-09-17 00:00:00+01:00,922.4998779296875,944.9998779296875,869.9998779296875,899.9998779296875,1172,0.0,0.0
2021-09-20 00:00:00+01:00,907.4998779296875,899.9998779296875,869.9998779296875,884.9998779296875,954,0.0,0.0
2021-09-21 00:00:00+01:00,884.9998779296875,887.9998779296875,869.9998779296875,884.9998779296875,695,0.0,0.0
2021-09-22 00:00:00+01:00,884.9998779296875,886.4998779296875,869.9998779296875,884.9998779296875,193,0.0,0.0
2021-09-23 00:00:00+01:00,884.9998779296875,884.9998779296875,869.9998779296875,884.9998779296875,1100,0.0,0.0
2021-09-24 00:00:00+01:00,884.9998779296875,899.9998779296875,854.9998779296875,884.9998779296875,5572,0.0,0.0
2021-09-27 00:00:00+01:00,884.9998779296875,899.9998779296875,824.9998779296875,899.9998779296875,5514,0.0,0.0
2021-09-28 00:00:00+01:00,862.4998779296875,884.9998779296875,824.9998779296875,884.9998779296875,6512,0.0,0.0
2021-09-29 00:00:00+01:00,884.9998779296875,884.9998779296875,848.9998779296875,869.9998779296875,3112,0.0,0.0
2021-09-30 00:00:00+01:00,907.4998779296875,941.9998779296875,871.4998779296875,899.9998779296875,8414,0.0,0.0
2021-10-01 00:00:00+01:00,922.4998779296875,944.9998779296875,871.4998779296875,907.4998779296875,9733,0.0,0.0
2021-10-04 00:00:00+01:00,907.4998779296875,929.9998779296875,863.9998779296875,884.9998779296875,2650,0.0,0.0
2021-10-05 00:00:00+01:00,937.4998779296875,989.9998779296875,869.9998779296875,914.9998779296875,14266,0.0,0.0
2021-10-06 00:00:00+01:00,914.9998779296875,928.4998779296875,899.9998779296875,914.9998779296875,960,0.0,0.0
2021-10-07 00:00:00+01:00,914.9998779296875,928.4998779296875,899.9998779296875,914.9998779296875,2049,0.0,0.0
2021-10-08 00:00:00+01:00,914.9998779296875,928.4998779296875,899.9998779296875,914.9998779296875,571,0.0,0.0
2021-10-11 00:00:00+01:00,914.9998779296875,928.4998779296875,899.9998779296875,914.9998779296875,2015,0.0,0.0
2021-10-12 00:00:00+01:00,914.9998779296875,914.9998779296875,899.9998779296875,914.9998779296875,814,0.0,0.0
2021-10-13 00:00:00+01:00,914.9998779296875,944.9998779296875,899.9998779296875,929.9998779296875,1803,0.0,0.0
2021-10-14 00:00:00+01:00,1012.4998779296875,1049.9998779296875,944.9998779296875,989.9998779296875,12053,0.0,0.0
2021-10-15 00:00:00+01:00,989.9998779296875,1004.9998779296875,959.9998779296875,982.4998779296875,3669,0.0,0.0
2021-10-18 00:00:00+01:00,982.4998779296875,967.4998779296875,959.9998779296875,982.4998779296875,1931,0.0,0.0
2021-10-19 00:00:00+01:00,982.4998779296875,989.9998779296875,946.4998779296875,974.9998779296875,1311,0.0,0.0
2021-10-20 00:00:00+01:00,974.9998779296875,959.9998779296875,959.9998779296875,959.9998779296875,1684,0.0,0.0
2021-10-21 00:00:00+01:00,974.9998779296875,989.9998779296875,899.9998779296875,944.9998779296875,3645,0.0,0.0
2021-10-22 00:00:00+01:00,944.9998779296875,974.9998779296875,904.4998779296875,974.9998779296875,477,0.0,0.0
2021-10-25 00:00:00+01:00,944.9998779296875,989.9998779296875,919.4998779296875,937.4998779296875,2743,0.0,0.0
2021-10-26 00:00:00+01:00,937.4998779296875,937.4998779296875,919.4998779296875,937.4998779296875,352,0.0,0.0
2021-10-27 00:00:00+01:00,937.4998779296875,959.9998779296875,899.9998779296875,929.9998779296875,7778,0.0,0.0
2021-10-28 00:00:00+01:00,929.9998779296875,937.4998779296875,910.4998779296875,929.9998779296875,1267,0.0,0.0
2021-10-29 00:00:00+01:00,929.9998779296875,931.4998779296875,899.9998779296875,914.9998779296875,7120,0.0,0.0
2021-11-01 00:00:00+00:00,914.9998779296875,959.9998779296875,899.9998779296875,937.4998779296875,8083,0.0,0.0
2021-11-02 00:00:00+00:00,937.4998779296875,937.4998779296875,899.9998779296875,937.4998779296875,1807,0.0,0.0
2021-11-03 00:00:00+00:00,929.9998779296875,929.9998779296875,899.9998779296875,929.9998779296875,4429,0.0,0.0
2021-11-04 00:00:00+00:00,929.9998779296875,944.9998779296875,899.9998779296875,929.9998779296875,3549,0.0,0.0
2021-11-05 00:00:00+00:00,929.9998779296875,959.9998779296875,907.4998779296875,929.9998779296875,2157,0.0,0.0
2021-11-08 00:00:00+00:00,929.9998779296875,944.9998779296875,914.9998779296875,929.9998779296875,889,0.0,0.0
2021-11-09 00:00:00+00:00,929.9998779296875,929.9998779296875,914.9998779296875,922.4998779296875,301,0.0,0.0
2021-11-10 00:00:00+00:00,922.4998779296875,919.4998779296875,899.9998779296875,914.9998779296875,1657,0.0,0.0
2021-11-11 00:00:00+00:00,914.9998779296875,922.4998779296875,899.9998779296875,914.9998779296875,3011,0.0,0.0
2021-11-12 00:00:00+00:00,914.9998779296875,917.9998779296875,898.4998779296875,914.9998779296875,2510,0.0,0.0
2021-11-15 00:00:00+00:00,914.9998779296875,929.9998779296875,881.9998779296875,892.4998779296875,8316,0.0,0.0
2021-11-16 00:00:00+00:00,892.4998779296875,899.9998779296875,884.9998779296875,892.4998779296875,2205,0.0,0.0
2021-11-17 00:00:00+00:00,892.4998779296875,914.9998779296875,884.9998779296875,899.9998779296875,1698,0.0,0.0
2021-11-18 00:00:00+00:00,899.9998779296875,913.4998779296875,884.9998779296875,922.4998779296875,1200,0.0,0.0
2021-11-19 00:00:00+00:00,922.4998779296875,913.4998779296875,884.9998779296875,922.4998779296875,1685,0.0,0.0
2021-11-22 00:00:00+00:00,922.4998779296875,899.9998779296875,884.9998779296875,892.4998779296875,2062,0.0,0.0
2021-11-23 00:00:00+00:00,892.4998779296875,899.9998779296875,854.9998779296875,869.9998779296875,2422,0.0,0.0
2021-11-24 00:00:00+00:00,869.9998779296875,884.9998779296875,839.9998779296875,877.4998779296875,5348,0.0,0.0
2021-11-25 00:00:00+00:00,877.4998779296875,899.9998779296875,827.9998779296875,854.9998779296875,1386,0.0,0.0
2021-11-26 00:00:00+00:00,854.9998779296875,862.4998779296875,779.9998779296875,794.9998779296875,9124,0.0,0.0
2021-11-29 00:00:00+00:00,794.9998779296875,824.9998779296875,764.9998779296875,802.4998779296875,592,0.0,0.0
2021-11-30 00:00:00+00:00,802.4998779296875,802.4998779296875,749.9998779296875,787.4998779296875,1048,0.0,0.0
2021-12-01 00:00:00+00:00,787.4998779296875,830.9998779296875,749.9998779296875,830.9998779296875,3802,0.0,0.0
2021-12-02 00:00:00+00:00,817.4998779296875,832.4998779296875,779.9998779296875,802.4998779296875,2383,0.0,0.0
2021-12-03 00:00:00+00:00,802.4998779296875,791.9998779296875,779.9998779296875,802.4998779296875,725,0.0,0.0
2021-12-06 00:00:00+00:00,802.4998779296875,815.9998779296875,749.9998779296875,764.9998779296875,3665,0.0,0.0
2021-12-07 00:00:00+00:00,764.9998779296875,776.9998779296875,749.9998779296875,764.9998779296875,396,0.0,0.0
2021-12-08 00:00:00+00:00,764.9998779296875,794.9998779296875,749.9998779296875,787.4998779296875,2367,0.0,0.0
2021-12-09 00:00:00+00:00,802.4998779296875,820.4998779296875,749.9998779296875,787.4998779296875,3320,0.0,0.0
2021-12-10 00:00:00+00:00,787.4998779296875,779.9998779296875,719.9998779296875,727.4998779296875,4049,0.0,0.0
2021-12-13 00:00:00+00:00,727.4998779296875,749.9998779296875,719.9998779296875,734.9998779296875,2636,0.0,0.0
2021-12-14 00:00:00+00:00,742.4998779296875,742.4998779296875,722.9998779296875,734.9998779296875,1619,0.0,0.0
2021-12-15 00:00:00+00:00,734.9998779296875,737.9998779296875,712.4998779296875,734.9998779296875,1736,0.0,0.0
2021-12-16 00:00:00+00:00,734.9998779296875,749.9998779296875,674.9998779296875,689.9998779296875,6294,0.0,0.0
2021-12-17 00:00:00+00:00,689.9998779296875,733.4998779296875,689.9998779296875,727.4998779296875,1990,0.0,0.0
2021-12-20 00:00:00+00:00,727.4998779296875,749.9998779296875,704.9998779296875,742.4998779296875,1858,0.0,0.0
2021-12-21 00:00:00+00:00,742.4998779296875,749.9998779296875,734.9998779296875,742.4998779296875,816,0.0,0.0
2021-12-22 00:00:00+00:00,742.4998779296875,742.4998779296875,719.9998779296875,734.9998779296875,2253,0.0,0.0
2021-12-23 00:00:00+00:00,734.9998779296875,749.9998779296875,719.9998779296875,734.9998779296875,2780,0.0,0.0
2021-12-24 00:00:00+00:00,734.9998779296875,749.9998779296875,719.9998779296875,727.4998779296875,1851,0.0,0.0
2021-12-29 00:00:00+00:00,727.4998779296875,740.9998779296875,704.9998779296875,697.4998779296875,1091,0.0,0.0
2021-12-30 00:00:00+00:00,697.4998779296875,734.9998779296875,689.9998779296875,727.4998779296875,2861,0.0,0.0
2021-12-31 00:00:00+00:00,727.4998779296875,824.9998779296875,739.4998779296875,787.4998779296875,3664,0.0,0.0
2022-01-04 00:00:00+00:00,787.4998779296875,824.9998779296875,794.9998779296875,802.4998779296875,9039,0.0,0.0
2022-01-05 00:00:00+00:00,802.4998779296875,802.4998779296875,749.9998779296875,779.9998779296875,3188,0.0,0.0
2022-01-06 00:00:00+00:00,779.9998779296875,791.9998779296875,749.9998779296875,779.9998779296875,2064,0.0,0.0
2022-01-07 00:00:00+00:00,779.9998779296875,809.9998779296875,757.4998779296875,794.9998779296875,5179,0.0,0.0
2022-01-10 00:00:00+00:00,794.9998779296875,815.9998779296875,779.9998779296875,815.9998779296875,1782,0.0,0.0
2022-01-11 00:00:00+00:00,802.4998779296875,809.9998779296875,785.9998779296875,802.4998779296875,4012,0.0,0.0
2022-01-12 00:00:00+00:00,802.4998779296875,824.9998779296875,779.9998779296875,782.9998779296875,3084,0.0,0.0
2022-01-13 00:00:00+00:00,809.9998779296875,808.4998779296875,794.9998779296875,809.9998779296875,739,0.0,0.0
2022-01-14 00:00:00+00:00,809.9998779296875,824.9998779296875,686.9998779296875,727.4998779296875,16466,0.0,0.0
2022-01-17 00:00:00+00:00,727.4998779296875,730.4998779296875,674.9998779296875,689.9998779296875,9058,0.0,0.0
2022-01-18 00:00:00+00:00,689.9998779296875,704.9998779296875,629.9998779296875,674.9998779296875,14322,0.0,0.0
2022-01-19 00:00:00+00:00,637.4998779296875,704.9998779296875,629.9998779296875,674.9998779296875,8105,0.0,0.0
2022-01-20 00:00:00+00:00,674.9998779296875,674.9998779296875,644.9998779296875,659.9998779296875,673,0.0,0.0
2022-01-21 00:00:00+00:00,659.9998779296875,674.9998779296875,629.9998779296875,644.9998779296875,3705,0.0,0.0
2022-01-24 00:00:00+00:00,644.9998779296875,659.9998779296875,611.9998779296875,637.4998779296875,7237,0.0,0.0
2022-01-25 00:00:00+00:00,637.4998779296875,647.9998779296875,629.9998779296875,644.9998779296875,3241,0.0,0.0
2022-01-26 00:00:00+00:00,644.9998779296875,718.4998779296875,629.9998779296875,652.4998779296875,15191,0.0,0.0
2022-01-27 00:00:00+00:00,652.4998779296875,659.9998779296875,629.9998779296875,644.9998779296875,3608,0.0,0.0
2022-01-28 00:00:00+00:00,644.9998779296875,650.9998779296875,616.4998779296875,629.9998779296875,8528,0.0,0.0
2022-01-31 00:00:00+00:00,629.9998779296875,637.4998779296875,607.4998779296875,622.4998779296875,6531,0.0,0.0
2022-02-01 00:00:00+00:00,622.4998779296875,629.9998779296875,599.9998779296875,607.4998779296875,1989,0.0,0.0
2022-02-02 00:00:00+00:00,607.4998779296875,614.9998779296875,584.9998779296875,599.9998779296875,7924,0.0,0.0
2022-02-03 00:00:00+00:00,599.9998779296875,611.9998779296875,578.9998779296875,599.9998779296875,5450,0.0,0.0
2022-02-04 00:00:00+00:00,599.9998779296875,647.9998779296875,599.9998779296875,629.9998779296875,11015,0.0,0.0
2022-02-07 00:00:00+00:00,629.9998779296875,629.9998779296875,601.4998779296875,629.9998779296875,1981,0.0,0.0
2022-02-08 00:00:00+00:00,629.9998779296875,602.9998779296875,602.9998779296875,629.9998779296875,985,0.0,0.0
2022-02-09 00:00:00+00:00,629.9998779296875,659.9998779296875,587.9998779296875,622.4998779296875,4387,0.0,0.0
2022-02-10 00:00:00+00:00,622.4998779296875,628.4998779296875,599.9998779296875,622.4998779296875,2273,0.0,0.0
2022-02-11 00:00:00+00:00,622.4998779296875,640.4998779296875,587.9998779296875,629.9998779296875,14200,0.0,0.0
2022-02-14 00:00:00+00:00,629.9998779296875,644.9998779296875,614.9998779296875,629.9998779296875,8165,0.0,0.0
2022-02-15 00:00:00+00:00,629.9998779296875,614.9998779296875,614.9998779296875,629.9998779296875,893,0.0,0.0
2022-02-16 00:00:00+00:00,629.9998779296875,628.4998779296875,580.4998779296875,599.9998779296875,16171,0.0,0.0
2022-02-17 00:00:00+00:00,599.9998779296875,605.9998779296875,584.9998779296875,599.9998779296875,5289,0.0,0.0
2022-02-18 00:00:00+00:00,599.9998779296875,605.9998779296875,584.9998779296875,599.9998779296875,1030,0.0,0.0
2022-02-21 00:00:00+00:00,599.9998779296875,614.9998779296875,605.9998779296875,607.4998779296875,456,0.0,0.0
2022-02-22 00:00:00+00:00,607.4998779296875,611.9998779296875,586.4998779296875,599.9998779296875,6020,0.0,0.0
2022-02-23 00:00:00+00:00,599.9998779296875,604.4998779296875,584.9998779296875,599.9998779296875,434,0.0,0.0
2022-02-24 00:00:00+00:00,599.9998779296875,604.4998779296875,551.9998779296875,569.9998779296875,12368,0.0,0.0
2022-02-25 00:00:00+00:00,569.9998779296875,614.9998779296875,581.9998779296875,607.4998779296875,4995,0.0,0.0
2022-02-28 00:00:00+00:00,607.4998779296875,602.9998779296875,586.4998779296875,599.9998779296875,2011,0.0,0.0
2022-03-01 00:00:00+00:00,599.9998779296875,610.4998779296875,554.9998779296875,562.4998779296875,8698,0.0,0.0
2022-03-02 00:00:00+00:00,562.4998779296875,568.4998779296875,554.9998779296875,562.4998779296875,2945,0.0,0.0
2022-03-03 00:00:00+00:00,562.4998779296875,611.9998779296875,541.4998779296875,592.4998779296875,18920,0.0,0.0
2022-03-04 00:00:00+00:00,592.4998779296875,614.9998779296875,541.4998779296875,547.4998779296875,3964,0.0,0.0
2022-03-07 00:00:00+00:00,547.4998779296875,599.9998779296875,539.9998779296875,569.9998779296875,8744,0.0,0.0
2022-03-08 00:00:00+00:00,569.9998779296875,599.9998779296875,547.4998779296875,584.9998779296875,4509,0.0,0.0
2022-03-09 00:00:00+00:00,584.9998779296875,626.9998779296875,562.4998779296875,614.9998779296875,4661,0.0,0.0
2022-03-10 00:00:00+00:00,614.9998779296875,674.9998779296875,599.9998779296875,652.4998779296875,11371,0.0,0.0
2022-03-11 00:00:00+00:00,652.4998779296875,655.4998779296875,629.9998779296875,652.4998779296875,3103,0.0,0.0
2022-03-14 00:00:00+00:00,652.4998779296875,659.9998779296875,587.9998779296875,607.4998779296875,3578,0.0,0.0
2022-03-15 00:00:00+00:00,607.4998779296875,614.9998779296875,584.9998779296875,607.4998779296875,578,0.0,0.0
2022-03-16 00:00:00+00:00,607.4998779296875,611.9998779296875,584.9998779296875,592.4998779296875,1746,0.0,0.0
2022-03-17 00:00:00+00:00,592.4998779296875,614.9998779296875,596.9998779296875,607.4998779296875,3333,0.0,0.0
2022-03-18 00:00:00+00:00,607.4998779296875,614.9998779296875,572.9998779296875,592.4998779296875,1223,0.0,0.0
2022-03-21 00:00:00+00:00,592.4998779296875,614.9998779296875,572.9998779296875,607.4998779296875,7654,0.0,0.0
2022-03-22 00:00:00+00:00,607.4998779296875,629.9998779296875,586.4998779296875,607.4998779296875,705,0.0,0.0
2022-03-23 00:00:00+00:00,607.4998779296875,629.9998779296875,586.4998779296875,614.9998779296875,2922,0.0,0.0
2022-03-24 00:00:00+00:00,614.9998779296875,644.9998779296875,602.9998779296875,629.9998779296875,742,0.0,0.0
2022-03-25 00:00:00+00:00,629.9998779296875,659.9998779296875,614.9998779296875,652.4998779296875,4940,0.0,0.0
2022-03-28 00:00:00+01:00,652.4998779296875,656.9998779296875,629.9998779296875,652.4998779296875,1032,0.0,0.0
2022-03-29 00:00:00+01:00,652.4998779296875,674.9998779296875,599.9998779296875,644.9998779296875,3980,0.0,0.0
2022-03-30 00:00:00+01:00,644.9998779296875,674.9998779296875,622.4998779296875,652.4998779296875,10479,0.0,0.0
2022-03-31 00:00:00+01:00,652.4998779296875,664.4998779296875,634.4998779296875,652.4998779296875,2416,0.0,0.0
2022-04-01 00:00:00+01:00,652.4998779296875,673.4998779296875,634.4998779296875,652.4998779296875,1339,0.0,0.0
2022-04-04 00:00:00+01:00,652.4998779296875,664.4998779296875,634.4998779296875,652.4998779296875,372,0.0,0.0
2022-04-05 00:00:00+01:00,652.4998779296875,746.9998779296875,644.9998779296875,697.4998779296875,25387,0.0,0.0
2022-04-06 00:00:00+01:00,697.4998779296875,749.9998779296875,689.9998779296875,727.4998779296875,14221,0.0,0.0
2022-04-07 00:00:00+01:00,727.4998779296875,749.9998779296875,704.9998779296875,727.4998779296875,3654,0.0,0.0
2022-04-08 00:00:00+01:00,727.4998779296875,749.9998779296875,689.9998779296875,712.4998779296875,2515,0.0,0.0
2022-04-11 00:00:00+01:00,712.4998779296875,725.9998779296875,689.9998779296875,712.4998779296875,1164,0.0,0.0
2022-04-12 00:00:00+01:00,712.4998779296875,734.9998779296875,689.9998779296875,689.9998779296875,4633,0.0,0.0
2022-04-13 00:00:00+01:00,712.4998779296875,724.4998779296875,689.9998779296875,712.4998779296875,1058,0.0,0.0
2022-04-14 00:00:00+01:00,712.4998779296875,746.9998779296875,704.9998779296875,727.4998779296875,6658,0.0,0.0
2022-04-19 00:00:00+01:00,727.4998779296875,746.9998779296875,709.4998779296875,746.9998779296875,4837,0.0,0.0
2022-04-20 00:00:00+01:00,727.4998779296875,815.9998779296875,719.9998779296875,802.4998779296875,11310,0.0,0.0
2022-04-21 00:00:00+01:00,802.4998779296875,821.9998779296875,779.9998779296875,802.4998779296875,4415,0.0,0.0
2022-04-22 00:00:00+01:00,802.4998779296875,851.9998779296875,787.4998779296875,832.4998779296875,8695,0.0,0.0
2022-04-25 00:00:00+01:00,832.4998779296875,838.4998779296875,794.9998779296875,817.4998779296875,3953,0.0,0.0
2022-04-26 00:00:00+01:00,817.4998779296875,824.9998779296875,794.9998779296875,809.9998779296875,1264,0.0,0.0
2022-04-27 00:00:00+01:00,809.9998779296875,823.4998779296875,779.9998779296875,802.4998779296875,5397,0.0,0.0
2022-04-28 00:00:00+01:00,802.4998779296875,820.4998779296875,779.9998779296875,802.4998779296875,6335,0.0,0.0
2022-04-29 00:00:00+01:00,802.4998779296875,824.9998779296875,788.9998779296875,809.9998779296875,3638,0.0,0.0
2022-05-03 00:00:00+01:00,824.9998779296875,896.9998779296875,779.9998779296875,802.4998779296875,20695,0.0,0.0
2022-05-04 00:00:00+01:00,802.4998779296875,817.4998779296875,719.9998779296875,764.9998779296875,13511,0.0,0.0
2022-05-05 00:00:00+01:00,757.4998779296875,761.9998779296875,724.4998779296875,742.4998779296875,1502,0.0,0.0
2022-05-06 00:00:00+01:00,742.4998779296875,749.9998779296875,707.9998779296875,734.9998779296875,4234,0.0,0.0
2022-05-09 00:00:00+01:00,734.9998779296875,749.9998779296875,674.9998779296875,689.9998779296875,2409,0.0,0.0
2022-05-10 00:00:00+01:00,689.9998779296875,695.9998779296875,674.9998779296875,689.9998779296875,1851,0.0,0.0
2022-05-11 00:00:00+01:00,689.9998779296875,704.9998779296875,659.9998779296875,659.9998779296875,2234,0.0,0.0
2022-05-12 00:00:00+01:00,659.9998779296875,662.9998779296875,644.9998779296875,659.9998779296875,213,0.0,0.0
2022-05-13 00:00:00+01:00,659.9998779296875,659.9998779296875,644.9998779296875,659.9998779296875,30,0.0,0.0
2022-05-16 00:00:00+01:00,659.9998779296875,659.9998779296875,644.9998779296875,652.4998779296875,245,0.0,0.0
2022-05-17 00:00:00+01:00,652.4998779296875,658.4998779296875,658.4998779296875,652.4998779296875,765,0.0,0.0
2022-05-18 00:00:00+01:00,659.9998779296875,674.9998779296875,614.9998779296875,629.9998779296875,2580,0.0,0.0
2022-05-19 00:00:00+01:00,629.9998779296875,641.9998779296875,599.9998779296875,644.9998779296875,6685,0.0,0.0
2022-05-20 00:00:00+01:00,644.9998779296875,653.9998779296875,614.9998779296875,644.9998779296875,502,0.0,0.0
2022-05-23 00:00:00+01:00,644.9998779296875,674.9998779296875,617.9998779296875,652.4998779296875,11712,0.0,0.0
2022-05-24 00:00:00+01:00,652.4998779296875,650.9998779296875,629.9998779296875,652.4998779296875,517,0.0,0.0
2022-05-25 00:00:00+01:00,652.4998779296875,650.9998779296875,629.9998779296875,652.4998779296875,605,0.0,0.0
2022-05-26 00:00:00+01:00,652.4998779296875,644.9998779296875,602.9998779296875,644.9998779296875,1599,0.0,0.0
2022-05-27 00:00:00+01:00,644.9998779296875,626.9998779296875,599.9998779296875,613.4998779296875,506,0.0,0.0
2022-05-30 00:00:00+01:00,659.9998779296875,686.9998779296875,614.9998779296875,629.9998779296875,4836,0.0,0.0
2022-05-31 00:00:00+01:00,629.9998779296875,635.9998779296875,614.9998779296875,629.9998779296875,994,0.0,0.0
2022-06-01 00:00:00+01:00,629.9998779296875,634.4998779296875,614.9998779296875,629.9998779296875,66,0.0,0.0
2022-06-06 00:00:00+01:00,629.9998779296875,641.9998779296875,614.9998779296875,644.9998779296875,679,0.0,0.0
2022-06-07 00:00:00+01:00,644.9998779296875,641.9998779296875,614.9998779296875,644.9998779296875,286,0.0,0.0
2022-06-08 00:00:00+01:00,644.9998779296875,641.9998779296875,614.9998779296875,637.4998779296875,1636,0.0,0.0
2022-06-09 00:00:00+01:00,637.4998779296875,635.9998779296875,599.9998779296875,614.9998779296875,2552,0.0,0.0
2022-06-10 00:00:00+01:00,614.9998779296875,635.9998779296875,599.9998779296875,644.9998779296875,3628,0.0,0.0
2022-06-13 00:00:00+01:00,644.9998779296875,644.9998779296875,569.9998779296875,577.4998779296875,44559,0.0,0.0
2022-06-14 00:00:00+01:00,577.4998779296875,569.9998779296875,554.9998779296875,562.4998779296875,3812,0.0,0.0
2022-06-15 00:00:00+01:00,562.4998779296875,565.4998779296875,539.9998779296875,547.4998779296875,1995,0.0,0.0
2022-06-16 00:00:00+01:00,547.4998779296875,545.9998779296875,524.9998779296875,532.4998779296875,6384,0.0,0.0
2022-06-17 00:00:00+01:00,532.4998779296875,553.4998779296875,496.4999084472656,539.9998779296875,22901,0.0,0.0
2022-06-20 00:00:00+01:00,539.9998779296875,551.9998779296875,526.4998779296875,547.4998779296875,1292,0.0,0.0
2022-06-21 00:00:00+01:00,547.4998779296875,542.9998779296875,532.4998779296875,547.4998779296875,1166,0.0,0.0
2022-06-22 00:00:00+01:00,547.4998779296875,541.4998779296875,524.9998779296875,539.9998779296875,369,0.0,0.0
2022-06-23 00:00:00+01:00,539.9998779296875,539.9998779296875,499.4999084472656,502.4999084472656,3755,0.0,0.0
2022-06-24 00:00:00+01:00,502.4999084472656,526.4998779296875,494.9999084472656,524.9998779296875,1516,0.0,0.0
2022-06-27 00:00:00+01:00,517.4998779296875,521.9998779296875,449.9999084472656,494.9999084472656,2883,0.0,0.0
2022-06-28 00:00:00+01:00,494.9999084472656,476.9999084472656,452.9999084472656,464.9999084472656,3684,0.0,0.0
2022-06-29 00:00:00+01:00,464.9999084472656,473.9999084472656,449.9999084472656,464.9999084472656,1938,0.0,0.0
2022-06-30 00:00:00+01:00,464.9999084472656,479.9999084472656,436.4999084472656,449.9999084472656,2125,0.0,0.0
2022-07-01 00:00:00+01:00,449.9999084472656,457.4999084472656,449.9999084472656,457.4999084472656,1582,0.0,0.0
2022-07-04 00:00:00+01:00,457.4999084472656,464.9999084472656,449.9999084472656,457.4999084472656,847,0.0,0.0
2022-07-05 00:00:00+01:00,457.4999084472656,449.9999084472656,434.9999084472656,442.4999084472656,565,0.0,0.0
2022-07-06 00:00:00+01:00,442.4999084472656,449.9999084472656,436.4999084472656,449.9999084472656,1035,0.0,0.0
2022-07-07 00:00:00+01:00,472.4999084472656,490.4999084472656,437.9999084472656,457.4999084472656,10923,0.0,0.0
2022-07-08 00:00:00+01:00,457.4999084472656,479.9999084472656,437.9999084472656,464.9999084472656,626,0.0,0.0
2022-07-11 00:00:00+01:00,464.9999084472656,464.9999084472656,434.9999084472656,449.9999084472656,8052,0.0,0.0
2022-07-12 00:00:00+01:00,449.9999084472656,449.9999084472656,434.9999084472656,442.4999084472656,338,0.0,0.0
2022-07-13 00:00:00+01:00,442.4999084472656,449.9999084472656,419.9999084472656,434.9999084472656,2076,0.0,0.0
2022-07-14 00:00:00+01:00,434.9999084472656,439.4999084472656,419.9999084472656,434.9999084472656,198,0.0,0.0
2022-07-15 00:00:00+01:00,434.9999084472656,436.4999084472656,404.9999084472656,419.9999084472656,1519,0.0,0.0
2022-07-18 00:00:00+01:00,419.9999084472656,424.4999084472656,404.9999084472656,419.9999084472656,134,0.0,0.0
2022-07-19 00:00:00+01:00,419.9999084472656,419.9999084472656,404.9999084472656,419.9999084472656,719,0.0,0.0
2022-07-20 00:00:00+01:00,419.9999084472656,431.9999084472656,404.9999084472656,419.9999084472656,2840,0.0,0.0
2022-07-21 00:00:00+01:00,419.9999084472656,422.9999084472656,404.9999084472656,419.9999084472656,2539,0.0,0.0
2022-07-22 00:00:00+01:00,419.9999084472656,421.4999084472656,404.9999084472656,419.9999084472656,599,0.0,0.0
2022-07-25 00:00:00+01:00,419.9999084472656,434.9999084472656,404.9999084472656,412.4999084472656,9456,0.0,0.0
2022-07-26 00:00:00+01:00,412.4999084472656,413.9999084472656,404.9999084472656,412.4999084472656,925,0.0,0.0
2022-07-27 00:00:00+01:00,412.4999084472656,422.9999084472656,404.9999084472656,412.4999084472656,1618,0.0,0.0
2022-07-28 00:00:00+01:00,412.4999084472656,418.4999084472656,404.9999084472656,412.4999084472656,1096,0.0,0.0
2022-07-29 00:00:00+01:00,412.4999084472656,412.4999084472656,404.9999084472656,412.4999084472656,1156,0.0,0.0
2022-08-01 00:00:00+01:00,427.4999084472656,419.9999084472656,404.9999084472656,412.4999084472656,798,0.0,0.0
2022-08-02 00:00:00+01:00,412.4999084472656,410.9999084472656,404.9999084472656,412.4999084472656,379,0.0,0.0
2022-08-03 00:00:00+01:00,412.4999084472656,416.9999084472656,404.9999084472656,412.4999084472656,3635,0.0,0.0
2022-08-04 00:00:00+01:00,412.4999084472656,413.9999084472656,404.9999084472656,412.4999084472656,2966,0.0,0.0
2022-08-05 00:00:00+01:00,412.4999084472656,413.9999084472656,404.9999084472656,412.4999084472656,1553,0.0,0.0
2022-08-08 00:00:00+01:00,412.4999084472656,413.9999084472656,389.9999084472656,397.4999084472656,2798,0.0,0.0
2022-08-09 00:00:00+01:00,397.4999084472656,404.9999084472656,374.9999084472656,382.4999084472656,4754,0.0,0.0
2022-08-10 00:00:00+01:00,382.4999084472656,389.9999084472656,374.9999084472656,374.9999084472656,625,0.0,0.0
2022-08-11 00:00:00+01:00,382.4999084472656,386.9999084472656,364.4999084472656,385.4999084472656,3815,0.0,0.0
2022-08-12 00:00:00+01:00,382.4999084472656,419.9999084472656,376.4999084472656,404.9999084472656,7582,0.0,0.0
2022-08-15 00:00:00+01:00,404.9999084472656,419.9999084472656,367.4999084472656,382.4999084472656,75923,0.0,0.0
2022-08-16 00:00:00+01:00,382.4999084472656,401.9999084472656,374.9999084472656,389.9999084472656,13036,0.0,0.0
2022-08-17 00:00:00+01:00,389.9999084472656,404.9999084472656,374.9999084472656,389.9999084472656,5671,0.0,0.0
2022-08-18 00:00:00+01:00,389.9999084472656,397.4999084472656,374.9999084472656,382.4999084472656,3339,0.0,0.0
2022-08-19 00:00:00+01:00,382.4999084472656,385.4999084472656,374.9999084472656,382.4999084472656,3400,0.0,0.0
2022-08-22 00:00:00+01:00,382.4999084472656,389.9999084472656,367.4999084472656,374.9999084472656,3069,0.0,0.0
2022-08-23 00:00:00+01:00,371.9999084472656,371.9999084472656,364.4999084472656,371.9999084472656,1503,0.0,0.0
2022-08-24 00:00:00+01:00,371.9999084472656,373.4999084472656,367.4999084472656,371.9999084472656,34068,0.0,0.0
2022-08-25 00:00:00+01:00,371.9999084472656,374.9999084472656,367.4999084472656,371.9999084472656,797,0.0,0.0
2022-08-26 00:00:00+01:00,382.4999084472656,389.9999084472656,374.9999084472656,382.4999084472656,9192,0.0,0.0
2022-08-30 00:00:00+01:00,382.4999084472656,389.9999084472656,374.9999084472656,382.4999084472656,3435,0.0,0.0
2022-08-31 00:00:00+01:00,382.4999084472656,386.9999084472656,374.9999084472656,382.4999084472656,39135,0.0,0.0
2022-09-01 00:00:00+01:00,382.4999084472656,385.4999084472656,374.9999084472656,382.4999084472656,2214,0.0,0.0
2022-09-02 00:00:00+01:00,382.4999084472656,385.4999084472656,374.9999084472656,382.4999084472656,864,0.0,0.0
2022-09-05 00:00:00+01:00,382.4999084472656,389.9999084472656,374.9999084472656,382.4999084472656,7311,0.0,0.0
2022-09-06 00:00:00+01:00,382.4999084472656,389.9999084472656,374.9999084472656,382.4999084472656,5126,0.0,0.0
2022-09-07 00:00:00+01:00,382.4999084472656,389.9999084472656,374.9999084472656,382.4999084472656,5250,0.0,0.0
2022-09-08 00:00:00+01:00,382.4999084472656,382.4999084472656,362.9999084472656,382.4999084472656,5207,0.0,0.0
2022-09-09 00:00:00+01:00,382.4999084472656,389.9999084472656,359.9999084472656,382.4999084472656,631,0.0,0.0
2022-09-12 00:00:00+01:00,389.9999084472656,389.9999084472656,374.9999084472656,389.9999084472656,3714,0.0,0.0
2022-09-13 00:00:00+01:00,382.4999084472656,382.4999084472656,374.9999084472656,382.4999084472656,519,0.0,0.0
2022-09-14 00:00:00+01:00,382.4999084472656,382.4999084472656,374.9999084472656,382.4999084472656,1277,0.0,0.0
2022-09-15 00:00:00+01:00,382.4999084472656,374.9999084472656,374.9999084472656,382.4999084472656,117,0.0,0.0
2022-09-16 00:00:00+01:00,382.4999084472656,382.4999084472656,374.9999084472656,382.4999084472656,1631,0.0,0.0
2022-09-20 00:00:00+01:00,382.4999084472656,382.4999084472656,374.9999084472656,382.4999084472656,36,0.0,0.0
2022-09-21 00:00:00+01:00,382.4999084472656,382.4999084472656,374.9999084472656,382.4999084472656,959,0.0,0.0
2022-09-22 00:00:00+01:00,382.4999084472656,374.9999084472656,374.9999084472656,382.4999084472656,66,0.0,0.0
2022-09-23 00:00:00+01:00,382.4999084472656,389.9999084472656,374.9999084472656,382.4999084472656,5459,0.0,0.0
2022-09-26 00:00:00+01:00,382.4999084472656,389.9999084472656,374.9999084472656,382.4999084472656,0,0.0,0.0
2022-09-27 00:00:00+01:00,382.4999084472656,385.4999084472656,374.9999084472656,382.4999084472656,4401,0.0,0.0
2022-09-28 00:00:00+01:00,382.4999084472656,389.9999084472656,374.9999084472656,382.4999084472656,1218,0.0,0.0
2022-09-29 00:00:00+01:00,382.4999084472656,389.9999084472656,374.9999084472656,382.4999084472656,478,0.0,0.0
2022-09-30 00:00:00+01:00,382.4999084472656,389.9999084472656,374.9999084472656,382.4999084472656,3232,0.0,0.0
2022-10-03 00:00:00+01:00,382.4999084472656,389.9999084472656,367.4999084472656,379.4999084472656,1244,0.0,0.0
2022-10-04 00:00:00+01:00,379.4999084472656,389.9999084472656,359.9999084472656,374.9999084472656,4794,0.0,0.0
2022-10-05 00:00:00+01:00,374.9999084472656,382.4999084472656,359.9999084472656,374.9999084472656,1750,0.0,0.0
2022-10-06 00:00:00+01:00,374.9999084472656,380.9999084472656,359.9999084472656,374.9999084472656,97,0.0,0.0
2022-10-07 00:00:00+01:00,374.9999084472656,379.4999084472656,359.9999084472656,374.9999084472656,141,0.0,0.0
2022-10-10 00:00:00+01:00,374.9999084472656,379.4999084472656,359.9999084472656,374.9999084472656,109,0.0,0.0
2022-10-11 00:00:00+01:00,389.9999084472656,419.9999084472656,376.4999084472656,382.4999084472656,9697,0.0,0.0
2022-10-12 00:00:00+01:00,382.4999084472656,389.9999084472656,374.9999084472656,382.4999084472656,106,0.0,0.0
2022-10-13 00:00:00+01:00,382.4999084472656,475.4999084472656,380.9999084472656,416.9999084472656,107797,0.0,0.0
2022-10-14 00:00:00+01:00,416.9999084472656,427.4999084472656,374.9999084472656,379.4999084472656,45480,0.0,0.0
2022-10-17 00:00:00+01:00,379.4999084472656,379.4999084472656,338.9999084472656,352.4999084472656,10222,0.0,0.0
2022-10-18 00:00:00+01:00,352.4999084472656,361.4999084472656,346.4999084472656,352.4999084472656,5523,0.0,0.0
2022-10-19 00:00:00+01:00,352.4999084472656,359.9999084472656,344.9999084472656,352.4999084472656,1380,0.0,0.0
2022-10-20 00:00:00+01:00,352.4999084472656,359.9999084472656,344.9999084472656,352.4999084472656,2362,0.0,0.0
2022-10-21 00:00:00+01:00,352.4999084472656,359.9999084472656,344.9999084472656,352.4999084472656,1497,0.0,0.0
2022-10-24 00:00:00+01:00,352.4999084472656,344.9999084472656,337.4999084472656,344.9999084472656,444,0.0,0.0
2022-10-25 00:00:00+01:00,344.9999084472656,347.9999084472656,337.4999084472656,344.9999084472656,3561,0.0,0.0
2022-10-26 00:00:00+01:00,344.9999084472656,352.4999084472656,331.4999084472656,341.9999084472656,4463,0.0,0.0
2022-10-27 00:00:00+01:00,341.9999084472656,344.9999084472656,329.9999084472656,329.9999084472656,4211,0.0,0.0
2022-10-28 00:00:00+01:00,341.9999084472656,344.9999084472656,337.4999084472656,341.9999084472656,3557,0.0,0.0
2022-10-31 00:00:00+00:00,341.9999084472656,344.9999084472656,338.9999084472656,344.9999084472656,2486,0.0,0.0
2022-11-01 00:00:00+00:00,344.9999084472656,359.9999084472656,344.9999084472656,352.4999084472656,3549,0.0,0.0
2022-11-02 00:00:00+00:00,352.4999084472656,359.9999084472656,344.9999084472656,352.4999084472656,188,0.0,0.0
2022-11-03 00:00:00+00:00,352.4999084472656,358.4999084472656,344.9999084472656,352.4999084472656,2640,0.0,0.0
2022-11-04 00:00:00+00:00,352.4999084472656,358.4999084472656,344.9999084472656,352.4999084472656,2292,0.0,0.0
2022-11-07 00:00:00+00:00,352.4999084472656,358.4999084472656,344.9999084472656,352.4999084472656,299,0.0,0.0
2022-11-08 00:00:00+00:00,352.4999084472656,359.9999084472656,344.9999084472656,352.4999084472656,828,0.0,0.0
2022-11-09 00:00:00+00:00,352.4999084472656,355.4999084472656,344.9999084472656,352.4999084472656,671,0.0,0.0
2022-11-10 00:00:00+00:00,374.9999084472656,395.9999084472656,359.9999084472656,364.4999084472656,20496,0.0,0.0
2022-11-11 00:00:00+00:00,367.4999084472656,364.4999084472656,359.9999084472656,364.4999084472656,817,0.0,0.0
2022-11-14 00:00:00+00:00,364.4999084472656,362.9999084472656,359.9999084472656,364.4999084472656,690,0.0,0.0
2022-11-15 00:00:00+00:00,364.4999084472656,367.4999084472656,359.9999084472656,364.4999084472656,3380,0.0,0.0
2022-11-16 00:00:00+00:00,364.4999084472656,364.4999084472656,359.9999084472656,364.4999084472656,2130,0.0,0.0
2022-11-17 00:00:00+00:00,364.4999084472656,364.4999084472656,359.9999084472656,364.4999084472656,1471,0.0,0.0
2022-11-18 00:00:00+00:00,364.4999084472656,367.4999084472656,359.9999084472656,364.4999084472656,2709,0.0,0.0
2022-11-21 00:00:00+00:00,364.4999084472656,367.4999084472656,359.9999084472656,364.4999084472656,326,0.0,0.0
2022-11-22 00:00:00+00:00,364.4999084472656,362.9999084472656,359.9999084472656,364.4999084472656,5588,0.0,0.0
2022-11-23 00:00:00+00:00,364.4999084472656,367.4999084472656,359.9999084472656,359.9999084472656,2572,0.0,0.0
2022-11-24 00:00:00+00:00,364.4999084472656,367.4999084472656,359.9999084472656,364.4999084472656,1641,0.0,0.0
2022-11-25 00:00:00+00:00,364.4999084472656,362.9999084472656,353.9999084472656,364.4999084472656,378,0.0,0.0
2022-11-28 00:00:00+00:00,364.4999084472656,367.4999084472656,359.9999084472656,364.4999084472656,2037,0.0,0.0
2022-11-29 00:00:00+00:00,364.4999084472656,364.4999084472656,359.9999084472656,364.4999084472656,1689,0.0,0.0
2022-11-30 00:00:00+00:00,364.4999084472656,367.4999084472656,359.9999084472656,364.4999084472656,221,0.0,0.0
2022-12-01 00:00:00+00:00,364.4999084472656,362.9999084472656,359.9999084472656,364.4999084472656,1368,0.0,0.0
2022-12-02 00:00:00+00:00,367.4999084472656,367.4999084472656,346.4999084472656,352.4999084472656,6209,0.0,0.0
2022-12-05 00:00:00+00:00,352.4999084472656,359.9999084472656,346.4999084472656,352.4999084472656,156,0.0,0.0
2022-12-06 00:00:00+00:00,364.4999084472656,352.4999084472656,344.9999084472656,349.4999084472656,1951,0.0,0.0
2022-12-07 00:00:00+00:00,349.4999084472656,358.4999084472656,344.9999084472656,349.4999084472656,470,0.0,0.0
2022-12-08 00:00:00+00:00,349.4999084472656,349.4999084472656,346.4999084472656,349.4999084472656,456,0.0,0.0
2022-12-09 00:00:00+00:00,349.4999084472656,352.4999084472656,344.9999084472656,349.4999084472656,1022,0.0,0.0
2022-12-12 00:00:00+00:00,349.4999084472656,352.4999084472656,334.4999084472656,352.4999084472656,2473,0.0,0.0
2022-12-13 00:00:00+00:00,349.4999084472656,344.9999084472656,331.4999084472656,337.4999084472656,644,0.0,0.0
2022-12-14 00:00:00+00:00,334.4999084472656,337.4999084472656,217.49989318847656,247.49989318847656,438589,0.0,0.0
2022-12-15 00:00:00+00:00,224.99989318847656,232.49989318847656,205.49989318847656,212.99989318847656,47168,0.0,0.0
2022-12-16 00:00:00+00:00,214.49989318847656,217.49989318847656,209.99989318847656,214.49989318847656,9916,0.0,0.0
2022-12-19 00:00:00+00:00,214.49989318847656,217.49989318847656,199.49989318847656,206.99989318847656,8907,0.0,0.0
2022-12-20 00:00:00+00:00,206.99989318847656,206.99989318847656,179.99989318847656,191.99989318847656,11008,0.0,0.0
2022-12-21 00:00:00+00:00,191.99989318847656,190.49989318847656,179.99989318847656,179.99989318847656,9306,0.0,0.0
2022-12-22 00:00:00+00:00,184.49989318847656,187.49989318847656,149.99989318847656,172.49989318847656,51480,0.0,0.0
2022-12-23 00:00:00+00:00,172.49989318847656,190.49989318847656,173.99989318847656,179.99989318847656,11660,0.0,0.0
2022-12-28 00:00:00+00:00,179.99989318847656,187.49989318847656,172.49989318847656,176.99989318847656,8670,0.0,0.0
2022-12-29 00:00:00+00:00,176.99989318847656,179.99989318847656,172.49989318847656,176.99989318847656,586,0.0,0.0
2022-12-30 00:00:00+00:00,176.99989318847656,179.99989318847656,164.99989318847656,169.49989318847656,9048,0.0,0.0
2023-01-03 00:00:00+00:00,169.49989318847656,179.99989318847656,166.49989318847656,176.99989318847656,5802,0.0,0.0
2023-01-04 00:00:00+00:00,176.99989318847656,179.99989318847656,172.49989318847656,176.99989318847656,3572,0.0,0.0
2023-01-05 00:00:00+00:00,176.99989318847656,179.99989318847656,172.49989318847656,176.99989318847656,990,0.0,0.0
2023-01-06 00:00:00+00:00,176.99989318847656,179.99989318847656,172.49989318847656,176.99989318847656,1693,0.0,0.0
2023-01-09 00:00:00+00:00,176.99989318847656,179.99989318847656,164.99989318847656,169.49989318847656,4385,0.0,0.0
2023-01-10 00:00:00+00:00,169.49989318847656,172.49989318847656,164.99989318847656,169.49989318847656,3175,0.0,0.0
2023-01-11 00:00:00+00:00,169.49989318847656,172.49989318847656,164.99989318847656,169.49989318847656,2126,0.0,0.0
2023-01-12 00:00:00+00:00,169.49989318847656,172.49989318847656,166.49989318847656,169.49989318847656,4005,0.0,0.0
2023-01-13 00:00:00+00:00,176.99989318847656,178.49989318847656,151.49989318847656,154.49989318847656,29264,0.0,0.0
2023-01-16 00:00:00+00:00,154.49989318847656,154.49989318847656,149.99989318847656,154.49989318847656,2023,0.0,0.0
2023-01-17 00:00:00+00:00,154.49989318847656,152.99989318847656,149.99989318847656,154.49989318847656,4796,0.0,0.0
2023-01-18 00:00:00+00:00,154.49989318847656,157.49989318847656,142.49989318847656,146.99989318847656,22724,0.0,0.0
2023-01-19 00:00:00+00:00,146.99989318847656,148.49989318847656,142.49989318847656,146.99989318847656,357,0.0,0.0
2023-01-20 00:00:00+00:00,146.99989318847656,149.99989318847656,142.49989318847656,146.99989318847656,3250,0.0,0.0
2023-01-23 00:00:00+00:00,146.99989318847656,172.49989318847656,142.49989318847656,157.49989318847656,30309,0.0,0.0
2023-01-24 00:00:00+00:00,157.49989318847656,164.99989318847656,149.99989318847656,154.49989318847656,5109,0.0,0.0
2023-01-25 00:00:00+00:00,154.49989318847656,157.49989318847656,149.99989318847656,154.49989318847656,683,0.0,0.0
2023-01-26 00:00:00+00:00,154.49989318847656,155.99989318847656,149.99989318847656,154.49989318847656,8883,0.0,0.0
2023-01-27 00:00:00+00:00,154.49989318847656,157.49989318847656,148.49989318847656,146.99989318847656,10418,0.0,0.0
2023-01-30 00:00:00+00:00,146.99989318847656,149.99989318847656,142.49989318847656,146.99989318847656,14039,0.0,0.0
2023-01-31 00:00:00+00:00,146.99989318847656,149.99989318847656,128.99989318847656,131.99989318847656,90982,0.0,0.0
2023-02-01 00:00:00+00:00,131.99989318847656,134.99989318847656,122.9999008178711,127.4999008178711,15461,0.0,0.0
2023-02-02 00:00:00+00:00,127.4999008178711,134.99989318847656,124.4999008178711,131.99989318847656,44323,0.0,0.0
2023-02-03 00:00:00+00:00,131.99989318847656,134.99989318847656,127.4999008178711,131.99989318847656,27983,0.0,0.0
2023-02-06 00:00:00+00:00,131.99989318847656,134.99989318847656,125.9999008178711,131.99989318847656,9397,0.0,0.0
2023-02-07 00:00:00+00:00,131.99989318847656,134.99989318847656,119.9999008178711,124.4999008178711,27623,0.0,0.0
2023-02-08 00:00:00+00:00,124.4999008178711,127.4999008178711,119.9999008178711,124.4999008178711,39742,0.0,0.0
2023-02-09 00:00:00+00:00,124.4999008178711,130.49989318847656,119.9999008178711,124.4999008178711,42241,0.0,0.0
2023-02-10 00:00:00+00:00,124.4999008178711,127.4999008178711,119.9999008178711,122.9999008178711,45949,0.0,0.0
2023-02-13 00:00:00+00:00,124.4999008178711,122.9999008178711,113.9999008178711,116.9999008178711,10970,0.0,0.0
2023-02-14 00:00:00+00:00,116.9999008178711,119.9999008178711,113.9999008178711,116.9999008178711,3158,0.0,0.0
2023-02-15 00:00:00+00:00,116.9999008178711,119.9999008178711,107.9999008178711,116.9999008178711,25850,0.0,0.0
2023-02-16 00:00:00+00:00,116.9999008178711,119.9999008178711,112.4999008178711,116.9999008178711,8592,0.0,0.0
2023-02-17 00:00:00+00:00,116.9999008178711,119.9999008178711,104.9999008178711,109.4999008178711,10454,0.0,0.0
2023-02-20 00:00:00+00:00,109.4999008178711,112.4999008178711,104.9999008178711,109.4999008178711,2974,0.0,0.0
2023-02-21 00:00:00+00:00,109.4999008178711,112.4999008178711,107.9999008178711,109.4999008178711,11421,0.0,0.0
2023-02-22 00:00:00+00:00,109.4999008178711,112.4999008178711,104.9999008178711,109.4999008178711,11729,0.0,0.0
2023-02-23 00:00:00+00:00,109.4999008178711,113.9999008178711,104.9999008178711,106.4999008178711,2113,0.0,0.0
2023-02-24 00:00:00+00:00,109.4999008178711,112.4999008178711,104.9999008178711,109.4999008178711,1266,0.0,0.0
2023-02-27 00:00:00+00:00,109.4999008178711,112.4999008178711,104.9999008178711,109.4999008178711,4433,0.0,0.0
2023-02-28 00:00:00+00:00,109.4999008178711,112.4999008178711,97.4999008178711,101.9999008178711,33842,0.0,0.0
2023-03-01 00:00:00+00:00,101.9999008178711,104.9999008178711,97.4999008178711,101.9999008178711,26398,0.0,0.0
2023-03-02 00:00:00+00:00,101.9999008178711,100.4999008178711,92.9999008178711,97.4999008178711,12221,0.0,0.0
2023-03-03 00:00:00+00:00,94.4999008178711,98.9999008178711,88.4999008178711,98.9999008178711,22424,0.0,0.0
2023-03-06 00:00:00+00:00,94.4999008178711,95.9999008178711,92.9999008178711,94.4999008178711,9552,0.0,0.0
2023-03-07 00:00:00+00:00,94.4999008178711,97.4999008178711,89.9999008178711,94.4999008178711,29304,0.0,0.0
2023-03-08 00:00:00+00:00,94.4999008178711,134.99989318847656,89.9999008178711,127.4999008178711,162375,0.0,0.0
2023-03-09 00:00:00+00:00,127.4999008178711,134.99989318847656,104.9999008178711,116.9999008178711,109590,0.0,0.0
2023-03-10 00:00:00+00:00,116.9999008178711,116.9999008178711,97.4999008178711,104.9999008178711,23853,0.0,0.0
2023-03-13 00:00:00+00:00,104.9999008178711,119.9999008178711,100.4999008178711,112.4999008178711,7926,0.0,0.0
2023-03-14 00:00:00+00:00,112.4999008178711,119.9999008178711,100.4999008178711,109.4999008178711,9824,0.0,0.0
2023-03-15 00:00:00+00:00,109.4999008178711,112.4999008178711,97.4999008178711,109.4999008178711,6607,0.0,0.0
2023-03-16 00:00:00+00:00,109.4999008178711,119.9999008178711,97.4999008178711,109.4999008178711,4598,0.0,0.0
2023-03-17 00:00:00+00:00,109.4999008178711,109.4999008178711,92.9999008178711,94.4999008178711,14189,0.0,0.0
2023-03-20 00:00:00+00:00,94.4999008178711,97.4999008178711,89.9999008178711,94.4999008178711,28652,0.0,0.0
2023-03-21 00:00:00+00:00,94.4999008178711,95.9999008178711,89.9999008178711,94.4999008178711,6182,0.0,0.0
2023-03-22 00:00:00+00:00,94.4999008178711,94.4999008178711,89.9999008178711,94.4999008178711,4524,0.0,0.0
2023-03-23 00:00:00+00:00,94.4999008178711,97.4999008178711,91.4999008178711,94.4999008178711,2628,0.0,0.0
2023-03-24 00:00:00+00:00,94.4999008178711,97.4999008178711,89.9999008178711,94.4999008178711,5296,0.0,0.0
2023-03-27 00:00:00+01:00,94.4999008178711,98.9999008178711,86.9999008178711,94.4999008178711,996,0.0,0.0
2023-03-28 00:00:00+01:00,94.4999008178711,97.4999008178711,82.4999008178711,97.4999008178711,15947,0.0,0.0
2023-03-29 00:00:00+01:00,97.4999008178711,104.9999008178711,89.9999008178711,97.4999008178711,234,0.0,0.0
2023-03-30 00:00:00+01:00,97.4999008178711,89.9999008178711,89.9999008178711,97.4999008178711,852,0.0,0.0
2023-03-31 00:00:00+01:00,97.4999008178711,104.9999008178711,89.9999008178711,97.4999008178711,2305,0.0,0.0
2023-04-03 00:00:00+01:00,97.4999008178711,104.9999008178711,82.4999008178711,94.4999008178711,5477,0.0,0.0
2023-04-04 00:00:00+01:00,94.4999008178711,103.4999008178711,85.4999008178711,94.4999008178711,1506,0.0,0.0
2023-04-05 00:00:00+01:00,94.4999008178711,104.9999008178711,82.4999008178711,94.4999008178711,1416,0.0,0.0
2023-04-06 00:00:00+01:00,94.4999008178711,104.9999008178711,89.9999008178711,97.4999008178711,15335,0.0,0.0
2023-04-11 00:00:00+01:00,97.4999008178711,104.9999008178711,91.4999008178711,101.9999008178711,18308,0.0,0.0
2023-04-12 00:00:00+01:00,101.9999008178711,104.9999008178711,94.4999008178711,97.4999008178711,8504,0.0,0.0
2023-04-13 00:00:00+01:00,97.4999008178711,101.9999008178711,89.9999008178711,97.4999008178711,6336,0.0,0.0
2023-04-14 00:00:00+01:00,97.4999008178711,110.9999008178711,94.4999008178711,97.4999008178711,46552,0.0,0.0
2023-04-17 00:00:00+01:00,97.4999008178711,112.4999008178711,94.4999008178711,101.9999008178711,38783,0.0,0.0
2023-04-18 00:00:00+01:00,86.9999008178711,82.4999008178711,52.499900817871094,56.999900817871094,395498,0.0,0.0
2023-04-19 00:00:00+01:00,56.999900817871094,59.999900817871094,37.499900817871094,40.499900817871094,248306,0.0,0.0
2023-04-20 00:00:00+01:00,41.999900817871094,50.999900817871094,32.999900817871094,41.999900817871094,281461,0.0,0.0
2023-04-21 00:00:00+01:00,41.999900817871094,44.999900817871094,32.999900817871094,43.499900817871094,403931,0.0,0.0
2023-04-24 00:00:00+01:00,44.999900817871094,82.4999008178711,38.999900817871094,73.4999008178711,598819,0.0,0.0
2023-04-25 00:00:00+01:00,67.4999008178711,74.9999008178711,52.499900817871094,64.4999008178711,387569,0.0,0.0
2023-04-26 00:00:00+01:00,67.4999008178711,67.4999008178711,49.499900817871094,56.999900817871094,183140,0.0,0.0
2023-04-27 00:00:00+01:00,56.999900817871094,67.4999008178711,52.499900817871094,59.999900817871094,219041,0.0,0.0
2023-04-28 00:00:00+01:00,59.999900817871094,67.4999008178711,52.499900817871094,59.999900817871094,95100,0.0,0.0
2023-05-02 00:00:00+01:00,56.999900817871094,59.999900817871094,52.499900817871094,56.999900817871094,61420,0.0,0.0
2023-05-03 00:00:00+01:00,56.999900817871094,59.999900817871094,44.999900817871094,52.499900817871094,51294,0.0,0.0
2023-05-04 00:00:00+01:00,52.499900817871094,59.999900817871094,44.999900817871094,49.499900817871094,29759,0.0,0.0
2023-05-05 00:00:00+01:00,49.499900817871094,52.499900817871094,41.999900817871094,49.499900817871094,20555,0.0,0.0
2023-05-09 00:00:00+01:00,67.4999008178711,88.4999008178711,52.499900817871094,61.499900817871094,34298,0.0,0.0
2023-05-10 00:00:00+01:00,56.999900817871094,59.999900817871094,47.999900817871094,50.999900817871094,163337,0.0,0.0
2023-05-11 00:00:00+01:00,50.999900817871094,52.499900817871094,47.999900817871094,50.999900817871094,74826,0.0,0.0
2023-05-12 00:00:00+01:00,50.999900817871094,50.999900817871094,41.999900817871094,47.999900817871094,95988,0.0,0.0
2023-05-15 00:00:00+01:00,47.999900817871094,56.999900817871094,44.999900817871094,52.499900817871094,39147,0.0,0.0
2023-05-16 00:00:00+01:00,52.499900817871094,56.999900817871094,44.999900817871094,47.999900817871094,40309,0.0,0.0
2023-05-17 00:00:00+01:00,47.999900817871094,52.499900817871094,44.999900817871094,52.499900817871094,16642,0.0,0.0
2023-05-18 00:00:00+01:00,49.499900817871094,52.499900817871094,44.999900817871094,47.999900817871094,33220,0.0,0.0
2023-05-19 00:00:00+01:00,47.999900817871094,52.499900817871094,44.999900817871094,49.499900817871094,89441,0.0,0.0
2023-05-22 00:00:00+01:00,49.499900817871094,59.999900817871094,44.999900817871094,56.999900817871094,20225,0.0,0.0
2023-05-23 00:00:00+01:00,56.999900817871094,58.499900817871094,44.999900817871094,49.499900817871094,40911,0.0,0.0
2023-05-24 00:00:00+01:00,49.499900817871094,52.499900817871094,44.999900817871094,49.499900817871094,16512,0.0,0.0
2023-05-25 00:00:00+01:00,49.499900817871094,50.999900817871094,44.999900817871094,50.999900817871094,27634,0.0,0.0
2023-05-26 00:00:00+01:00,56.999900817871094,67.4999008178711,43.499900817871094,46.499900817871094,215087,0.0,0.0
2023-05-30 00:00:00+01:00,41.999900817871094,59.999900817871094,40.499900817871094,53.999900817871094,139778,0.0,0.0
2023-05-31 00:00:00+01:00,53.999900817871094,59.999900817871094,46.499900817871094,49.499900817871094,31611,0.0,0.0
2023-06-01 00:00:00+01:00,49.499900817871094,52.499900817871094,46.499900817871094,49.499900817871094,9441,0.0,0.0
2023-06-02 00:00:00+01:00,49.499900817871094,53.999900817871094,46.499900817871094,53.999900817871094,10811,0.0,0.0
2023-06-05 00:00:00+01:00,49.499900817871094,52.499900817871094,44.999900817871094,49.499900817871094,23111,0.0,0.0
2023-06-06 00:00:00+01:00,49.499900817871094,52.499900817871094,40.499900817871094,49.499900817871094,47267,0.0,0.0
2023-06-07 00:00:00+01:00,49.499900817871094,52.499900817871094,44.999900817871094,49.499900817871094,5954,0.0,0.0
2023-06-08 00:00:00+01:00,49.499900817871094,52.499900817871094,43.499900817871094,49.499900817871094,15445,0.0,0.0
2023-06-09 00:00:00+01:00,49.499900817871094,52.499900817871094,44.999900817871094,47.999900817871094,5048,0.0,0.0
2023-06-12 00:00:00+01:00,47.999900817871094,44.999900817871094,40.499900817871094,41.999900817871094,24137,0.0,0.0
2023-06-13 00:00:00+01:00,41.999900817871094,43.499900817871094,38.999900817871094,40.499900817871094,12965,0.0,0.0
2023-06-14 00:00:00+01:00,40.499900817871094,53.999900817871094,38.999900817871094,49.499900817871094,134686,0.0,0.0
2023-06-15 00:00:00+01:00,49.499900817871094,52.499900817871094,44.999900817871094,50.999900817871094,24442,0.0,0.0
2023-06-16 00:00:00+01:00,49.499900817871094,52.499900817871094,44.999900817871094,49.499900817871094,28021,0.0,0.0
2023-06-19 00:00:00+01:00,49.499900817871094,52.499900817871094,44.999900817871094,49.499900817871094,5553,0.0,0.0
2023-06-20 00:00:00+01:00,49.499900817871094,52.499900817871094,44.999900817871094,49.499900817871094,13693,0.0,0.0
2023-06-21 00:00:00+01:00,49.499900817871094,52.499900817871094,44.999900817871094,49.499900817871094,3537,0.0,0.0
2023-06-22 00:00:00+01:00,49.499900817871094,52.499900817871094,44.999900817871094,49.499900817871094,14239,0.0,0.0
2023-06-23 00:00:00+01:00,49.499900817871094,52.499900817871094,44.999900817871094,49.499900817871094,21367,0.0,0.0
2023-06-26 00:00:00+01:00,49.499900817871094,59.999900817871094,44.999900817871094,56.999900817871094,97051,0.0,0.0
2023-06-27 00:00:00+01:00,56.999900817871094,59.999900817871094,44.999900817871094,52.499900817871094,48142,0.0,0.0
2023-06-28 00:00:00+01:00,52.499900817871094,67.4999008178711,52.499900817871094,56.999900817871094,133110,0.0,0.0
2023-06-29 00:00:00+01:00,56.999900817871094,59.999900817871094,25.499900817871094,43.499900817871094,418744,0.0,0.0
2023-06-30 00:00:00+01:00,41.999900817871094,44.999900817871094,32.999900817871094,41.999900817871094,163859,0.0,0.0
2023-07-03 00:00:00+01:00,41.999900817871094,41.999900817871094,41.999900817871094,41.999900817871094,0,0.0,0.0
2023-07-04 00:00:00+01:00,41.999900817871094,41.999900817871094,41.999900817871094,41.999900817871094,0,0.0,0.0
2023-07-05 00:00:00+01:00,41.999900817871094,41.999900817871094,41.999900817871094,41.999900817871094,0,0.0,0.0
2023-07-06 00:00:00+01:00,41.999900817871094,41.999900817871094,41.999900817871094,41.999900817871094,0,0.0,0.0
2023-07-07 00:00:00+01:00,41.999900817871094,41.999900817871094,41.999900817871094,41.999900817871094,0,0.0,0.0
2023-07-10 00:00:00+01:00,41.999900817871094,41.999900817871094,41.999900817871094,41.999900817871094,0,0.0,0.0
2023-07-11 00:00:00+01:00,41.999900817871094,41.999900817871094,41.999900817871094,41.999900817871094,0,0.0,0.0
2023-07-12 00:00:00+01:00,41.999900817871094,41.999900817871094,41.999900817871094,41.999900817871094,0,0.0,0.0
2023-07-13 00:00:00+01:00,41.999900817871094,41.999900817871094,41.999900817871094,41.999900817871094,0,0.0,0.0
2023-07-14 00:00:00+01:00,41.999900817871094,41.999900817871094,41.999900817871094,41.999900817871094,0,0.0,0.0
2023-07-17 00:00:00+01:00,41.999900817871094,41.999900817871094,41.999900817871094,41.999900817871094,0,0.0,0.0
2023-07-18 00:00:00+01:00,41.999900817871094,41.999900817871094,41.999900817871094,41.999900817871094,0,0.0,0.0
2023-07-19 00:00:00+01:00,41.999900817871094,41.999900817871094,41.999900817871094,41.999900817871094,0,0.0,0.0
2023-07-20 00:00:00+01:00,41.999900817871094,41.999900817871094,41.999900817871094,41.999900817871094,0,0.0,0.0
2023-07-21 00:00:00+01:00,41.999900817871094,41.999900817871094,41.999900817871094,41.999900817871094,0,0.0,0.0
2023-07-24 00:00:00+01:00,41.999900817871094,41.999900817871094,41.999900817871094,41.999900817871094,0,0.0,0.0
2023-07-25 00:00:00+01:00,41.999900817871094,41.999900817871094,41.999900817871094,41.999900817871094,0,0.0,0.0
2023-07-26 00:00:00+01:00,41.999900817871094,41.999900817871094,41.999900817871094,41.999900817871094,0,0.0,0.0
2023-07-27 00:00:00+01:00,41.999900817871094,41.999900817871094,41.999900817871094,41.999900817871094,0,0.0,0.0
2023-07-28 00:00:00+01:00,41.999900817871094,41.999900817871094,41.999900817871094,41.999900817871094,0,0.0,0.0
2023-07-31 00:00:00+01:00,41.999900817871094,41.999900817871094,41.999900817871094,41.999900817871094,0,0.0,0.0
2023-08-01 00:00:00+01:00,41.999900817871094,41.999900817871094,41.999900817871094,41.999900817871094,0,0.0,0.0
2023-08-02 00:00:00+01:00,41.999900817871094,41.999900817871094,41.999900817871094,41.999900817871094,0,0.0,0.0
2023-08-03 00:00:00+01:00,41.999900817871094,41.999900817871094,41.999900817871094,41.999900817871094,0,0.0,0.0
2023-08-04 00:00:00+01:00,41.999900817871094,41.999900817871094,41.999900817871094,41.999900817871094,0,0.0,0.0
2023-08-07 00:00:00+01:00,41.999900817871094,41.999900817871094,41.999900817871094,41.999900817871094,0,0.0,0.0
2023-08-08 00:00:00+01:00,41.999900817871094,41.999900817871094,41.999900817871094,41.999900817871094,0,0.0,0.0
2023-08-09 00:00:00+01:00,41.999900817871094,41.999900817871094,41.999900817871094,41.999900817871094,0,0.0,0.0
2023-08-10 00:00:00+01:00,41.999900817871094,41.999900817871094,41.999900817871094,41.999900817871094,0,0.0,0.0
2023-08-11 00:00:00+01:00,41.999900817871094,41.999900817871094,41.999900817871094,41.999900817871094,0,0.0,0.0
2023-08-14 00:00:00+01:00,41.999900817871094,41.999900817871094,41.999900817871094,41.999900817871094,0,0.0,0.0
2023-08-15 00:00:00+01:00,41.999900817871094,41.999900817871094,41.999900817871094,41.999900817871094,0,0.0,0.0
2023-08-16 00:00:00+01:00,41.999900817871094,41.999900817871094,41.999900817871094,41.999900817871094,0,0.0,0.0
2023-08-17 00:00:00+01:00,41.999900817871094,41.999900817871094,41.999900817871094,41.999900817871094,0,0.0,0.0
2023-08-18 00:00:00+01:00,41.999900817871094,41.999900817871094,41.999900817871094,41.999900817871094,0,0.0,0.0
2023-08-21 00:00:00+01:00,41.999900817871094,41.999900817871094,41.999900817871094,41.999900817871094,0,0.0,0.0
2023-08-22 00:00:00+01:00,41.999900817871094,41.999900817871094,41.999900817871094,41.999900817871094,0,0.0,0.0
2023-08-23 00:00:00+01:00,41.999900817871094,41.999900817871094,41.999900817871094,41.999900817871094,0,0.0,0.0
2023-08-24 00:00:00+01:00,41.999900817871094,41.999900817871094,41.999900817871094,41.999900817871094,0,0.0,0.0
2023-08-25 00:00:00+01:00,41.999900817871094,41.999900817871094,41.999900817871094,41.999900817871094,0,0.0,0.0
2023-08-29 00:00:00+01:00,41.999900817871094,41.999900817871094,41.999900817871094,41.999900817871094,0,0.0,0.0
2023-08-30 00:00:00+01:00,41.999900817871094,41.999900817871094,41.999900817871094,41.999900817871094,0,0.0,0.0
2023-08-31 00:00:00+01:00,41.999900817871094,41.999900817871094,41.999900817871094,41.999900817871094,0,0.0,0.0
2023-09-01 00:00:00+01:00,41.999900817871094,41.999900817871094,41.999900817871094,41.999900817871094,0,0.0,0.0
2023-09-04 00:00:00+01:00,41.999900817871094,41.999900817871094,41.999900817871094,41.999900817871094,0,0.0,0.0
2023-09-05 00:00:00+01:00,41.999900817871094,41.999900817871094,41.999900817871094,41.999900817871094,0,0.0,0.0
2023-09-06 00:00:00+01:00,41.999900817871094,41.999900817871094,41.999900817871094,41.999900817871094,0,0.0,0.0
2023-09-07 00:00:00+01:00,41.999900817871094,41.999900817871094,41.999900817871094,41.999900817871094,0,0.0,0.0
2023-09-08 00:00:00+01:00,41.999900817871094,41.999900817871094,41.999900817871094,41.999900817871094,0,0.0,0.0
2023-09-11 00:00:00+01:00,41.999900817871094,41.999900817871094,41.999900817871094,41.999900817871094,0,0.0,0.0
2023-09-12 00:00:00+01:00,41.999900817871094,41.999900817871094,41.999900817871094,41.999900817871094,0,0.0,0.0
2023-09-13 00:00:00+01:00,41.999900817871094,41.999900817871094,41.999900817871094,41.999900817871094,0,0.0,0.0
2023-09-14 00:00:00+01:00,41.999900817871094,41.999900817871094,41.999900817871094,41.999900817871094,0,0.0,0.0
2023-09-15 00:00:00+01:00,41.999900817871094,41.999900817871094,41.999900817871094,41.999900817871094,0,0.0,0.0
2023-09-18 00:00:00+01:00,41.999900817871094,41.999900817871094,41.999900817871094,41.999900817871094,0,0.0,0.0
2023-09-19 00:00:00+01:00,41.999900817871094,41.999900817871094,41.999900817871094,41.999900817871094,0,0.0,0.0
2023-09-20 00:00:00+01:00,41.999900817871094,41.999900817871094,41.999900817871094,41.999900817871094,0,0.0,0.0
2023-09-21 00:00:00+01:00,41.999900817871094,41.999900817871094,41.999900817871094,41.999900817871094,0,0.0,0.0
2023-09-22 00:00:00+01:00,41.999900817871094,41.999900817871094,41.999900817871094,41.999900817871094,0,0.0,0.0
2023-09-25 00:00:00+01:00,41.999900817871094,41.999900817871094,41.999900817871094,41.999900817871094,0,0.0,0.0
2023-09-26 00:00:00+01:00,41.999900817871094,41.999900817871094,41.999900817871094,41.999900817871094,0,0.0,0.0
2023-09-27 00:00:00+01:00,41.999900817871094,41.999900817871094,41.999900817871094,41.999900817871094,0,0.0,0.0
2023-09-28 00:00:00+01:00,41.999900817871094,41.999900817871094,41.999900817871094,41.999900817871094,0,0.0,0.0
2023-09-29 00:00:00+01:00,41.999900817871094,41.999900817871094,41.999900817871094,41.999900817871094,0,0.0,0.0
2023-10-02 00:00:00+01:00,44.999900817871094,44.999900817871094,23.999900817871094,32.999900817871094,237114,0.0,0.0
2023-10-03 00:00:00+01:00,32.999900817871094,29.999900817871094,23.999900817871094,26.999900817871094,57467,0.0,0.0
2023-10-04 00:00:00+01:00,26.999900817871094,29.999900817871094,19.499900817871094,23.999900817871094,26094,0.0,0.0
2023-10-05 00:00:00+01:00,23.999900817871094,20.999900817871094,19.499900817871094,19.499900817871094,87936,0.0,0.0
2023-10-06 00:00:00+01:00,19.499900817871094,31.499900817871094,17.999900817871094,28.499900817871094,154130,0.0,0.0
2023-10-09 00:00:00+01:00,28.499900817871094,31.499900817871094,23.999900817871094,28.499900817871094,15787,0.0,0.0
2023-10-10 00:00:00+01:00,28.499900817871094,28.499900817871094,22.499900817871094,25.499900817871094,16035,0.0,0.0
2023-10-11 00:00:00+01:00,25.499900817871094,25.499900817871094,22.499900817871094,25.499900817871094,2774,0.0,0.0
2023-10-12 00:00:00+01:00,25.499900817871094,26.999900817871094,22.499900817871094,25.499900817871094,11866,0.0,0.0
2023-10-13 00:00:00+01:00,25.499900817871094,26.999900817871094,22.499900817871094,25.499900817871094,21792,0.0,0.0
2023-10-16 00:00:00+01:00,25.499900817871094,26.999900817871094,22.499900817871094,25.499900817871094,6834,0.0,0.0
2023-10-17 00:00:00+01:00,25.499900817871094,26.999900817871094,22.499900817871094,25.499900817871094,3936,0.0,0.0
2023-10-18 00:00:00+01:00,25.499900817871094,26.999900817871094,22.499900817871094,25.499900817871094,980,0.0,0.0
2023-10-19 00:00:00+01:00,25.499900817871094,25.499900817871094,22.499900817871094,25.499900817871094,2227,0.0,0.0
2023-10-20 00:00:00+01:00,23.999900817871094,25.499900817871094,20.999900817871094,22.499900817871094,10430,0.0,0.0
2023-10-23 00:00:00+01:00,22.499900817871094,23.999900817871094,19.499900817871094,20.999900817871094,4756,0.0,0.0
2023-10-24 00:00:00+01:00,20.999900817871094,22.499900817871094,17.999900817871094,20.999900817871094,6680,0.0,0.0
2023-10-25 00:00:00+01:00,20.999900817871094,22.499900817871094,17.999900817871094,20.999900817871094,9425,0.0,0.0
2023-10-26 00:00:00+01:00,20.999900817871094,22.499900817871094,17.999900817871094,20.999900817871094,30221,0.0,0.0
2023-10-27 00:00:00+01:00,20.999900817871094,29.999900817871094,19.499900817871094,26.999900817871094,55958,0.0,0.0
2023-10-30 00:00:00+00:00,26.999900817871094,28.499900817871094,23.999900817871094,26.999900817871094,8372,0.0,0.0
2023-10-31 00:00:00+00:00,26.999900817871094,28.499900817871094,23.999900817871094,25.499900817871094,27533,0.0,0.0
2023-11-01 00:00:00+00:00,25.499900817871094,26.999900817871094,23.999900817871094,25.499900817871094,4021,0.0,0.0
2023-11-02 00:00:00+00:00,25.499900817871094,26.999900817871094,23.999900817871094,25.499900817871094,4120,0.0,0.0
2023-11-03 00:00:00+00:00,25.499900817871094,26.999900817871094,22.499900817871094,25.499900817871094,4703,0.0,0.0
2023-11-06 00:00:00+00:00,25.499900817871094,25.499900817871094,22.499900817871094,23.999900817871094,3378,0.0,0.0
2023-11-07 00:00:00+00:00,23.999900817871094,25.499900817871094,22.499900817871094,23.999900817871094,3641,0.0,0.0
2023-11-08 00:00:00+00:00,23.999900817871094,23.999900817871094,22.499900817871094,23.999900817871094,969,0.0,0.0
2023-11-09 00:00:00+00:00,23.999900817871094,25.499900817871094,22.499900817871094,23.999900817871094,790,0.0,0.0
2023-11-10 00:00:00+00:00,23.999900817871094,23.999900817871094,20.999900817871094,22.499900817871094,10353,0.0,0.0
2023-11-13 00:00:00+00:00,22.499900817871094,23.999900817871094,20.999900817871094,22.499900817871094,4529,0.0,0.0
2023-11-14 00:00:00+00:00,22.499900817871094,23.999900817871094,20.999900817871094,23.999900817871094,15071,0.0,0.0
2023-11-15 00:00:00+00:00,23.999900817871094,23.999900817871094,20.999900817871094,22.499900817871094,19633,0.0,0.0
2023-11-16 00:00:00+00:00,22.499900817871094,23.999900817871094,22.499900817871094,22.499900817871094,10316,0.0,0.0
2023-11-17 00:00:00+00:00,22.499900817871094,23.999900817871094,20.999900817871094,22.499900817871094,724,0.0,0.0
2023-11-20 00:00:00+00:00,22.499900817871094,23.999900817871094,20.999900817871094,20.999900817871094,14230,0.0,0.0
2023-11-21 00:00:00+00:00,22.499900817871094,23.999900817871094,17.999900817871094,19.499900817871094,37464,0.0,0.0
2023-11-22 00:00:00+00:00,19.499900817871094,19.499900817871094,17.999900817871094,19.499900817871094,32748,0.0,0.0
2023-11-23 00:00:00+00:00,19.499900817871094,19.499900817871094,17.999900817871094,19.499900817871094,2355,0.0,0.0
2023-11-24 00:00:00+00:00,19.499900817871094,20.999900817871094,19.499900817871094,19.499900817871094,26129,0.0,0.0
2023-11-27 00:00:00+00:00,19.499900817871094,20.999900817871094,17.999900817871094,19.499900817871094,4363,0.0,0.0
2023-11-28 00:00:00+00:00,19.499900817871094,20.999900817871094,17.999900817871094,19.499900817871094,5930,0.0,0.0
2023-11-29 00:00:00+00:00,19.499900817871094,20.999900817871094,17.999900817871094,19.499900817871094,22806,0.0,0.0
2023-11-30 00:00:00+00:00,19.499900817871094,20.999900817871094,17.999900817871094,19.499900817871094,19353,0.0,0.0
2023-12-01 00:00:00+00:00,19.499900817871094,19.499900817871094,17.999900817871094,19.499900817871094,18715,0.0,0.0
2023-12-04 00:00:00+00:00,19.499900817871094,20.999900817871094,16.499900817871094,17.999900817871094,23930,0.0,0.0
2023-12-05 00:00:00+00:00,17.999900817871094,19.499900817871094,16.499900817871094,17.999900817871094,19004,0.0,0.0
2023-12-06 00:00:00+00:00,17.999900817871094,19.499900817871094,16.499900817871094,17.999900817871094,357,0.0,0.0
2023-12-07 00:00:00+00:00,17.999900817871094,19.499900817871094,16.499900817871094,17.999900817871094,8629,0.0,0.0
2023-12-08 00:00:00+00:00,17.999900817871094,19.499900817871094,16.499900817871094,17.999900817871094,3135,0.0,0.0
2023-12-11 00:00:00+00:00,17.999900817871094,19.499900817871094,14.999899864196777,14.999899864196777,13601,0.0,0.0
2023-12-12 00:00:00+00:00,16.499900817871094,17.999900817871094,14.999899864196777,16.499900817871094,8260,0.0,0.0
2023-12-13 00:00:00+00:00,16.499900817871094,17.999900817871094,14.999899864196777,16.499900817871094,7399,0.0,0.0
2023-12-14 00:00:00+00:00,16.499900817871094,17.999900817871094,14.999899864196777,16.499900817871094,3624,0.0,0.0
2023-12-15 00:00:00+00:00,16.499900817871094,17.999900817871094,14.999899864196777,16.499900817871094,10925,0.0,0.0
2023-12-18 00:00:00+00:00,16.499900817871094,14.999899864196777,14.999899864196777,16.499900817871094,7428,0.0,0.0
2023-12-19 00:00:00+00:00,16.499900817871094,19.499900817871094,14.999899864196777,16.499900817871094,195277,0.0,0.0
2023-12-20 00:00:00+00:00,16.499900817871094,17.999900817871094,14.999899864196777,16.499900817871094,11869,0.0,0.0
2023-12-21 00:00:00+00:00,16.499900817871094,16.499900817871094,13.499899864196777,16.499900817871094,91577,0.0,0.0
2023-12-22 00:00:00+00:00,16.499900817871094,16.499900817871094,14.999899864196777,16.499900817871094,551,0.0,0.0
2023-12-27 00:00:00+00:00,16.499900817871094,16.499900817871094,13.499899864196777,16.499900817871094,9633,0.0,0.0
2023-12-28 00:00:00+00:00,16.499900817871094,16.499900817871094,13.499899864196777,16.499900817871094,13283,0.0,0.0
2023-12-29 00:00:00+00:00,16.499900817871094,16.499900817871094,14.999899864196777,16.499900817871094,3423,0.0,0.0
2024-01-02 00:00:00+00:00,16.499900817871094,16.499900817871094,14.999899864196777,16.499900817871094,22202,0.0,0.0
2024-01-03 00:00:00+00:00,16.499900817871094,16.499900817871094,14.999899864196777,16.499900817871094,20937,0.0,0.0
2024-01-04 00:00:00+00:00,16.499900817871094,16.499900817871094,13.499899864196777,14.999899864196777,28980,0.0,0.0
2024-01-05 00:00:00+00:00,14.999899864196777,16.499900817871094,13.499899864196777,14.999899864196777,16210,0.0,0.0
2024-01-08 00:00:00+00:00,14.999899864196777,14.999899864196777,13.499899864196777,14.999899864196777,7735,0.0,0.0
2024-01-09 00:00:00+00:00,14.999899864196777,11.999899864196777,11.999899864196777,13.499899864196777,108557,0.0,0.0
2024-01-10 00:00:00+00:00,13.499899864196777,13.499899864196777,10.499899864196777,11.999899864196777,24262,0.0,0.0
2024-01-11 00:00:00+00:00,13.499899864196777,13.499899864196777,10.499899864196777,11.999899864196777,3330,0.0,0.0
2024-01-12 00:00:00+00:00,11.999899864196777,11.999899864196777,8.999899864196777,10.499899864196777,29758,0.0,0.0
2024-01-15 00:00:00+00:00,10.499899864196777,10.499899864196777,8.999899864196777,10.499899864196777,6649,0.0,0.0
2024-01-16 00:00:00+00:00,10.499899864196777,10.499899864196777,8.999899864196777,10.499899864196777,23350,0.0,0.0
2024-01-17 00:00:00+00:00,10.499899864196777,10.499899864196777,8.999899864196777,10.499899864196777,1024,0.0,0.0
2024-01-18 00:00:00+00:00,10.499899864196777,10.499899864196777,8.999899864196777,10.499899864196777,16287,0.0,0.0
2024-01-19 00:00:00+00:00,10.499899864196777,8.999899864196777,8.999899864196777,10.499899864196777,21678,0.0,0.0
2024-01-22 00:00:00+00:00,10.499899864196777,10.499899864196777,7.499899864196777,8.999899864196777,34804,0.0,0.0
2024-01-23 00:00:00+00:00,8.999899864196777,8.999899864196777,7.499899864196777,8.999899864196777,161425,0.0,0.0
2024-01-24 00:00:00+00:00,8.999899864196777,8.999899864196777,7.499899864196777,8.999899864196777,188554,0.0,0.0
2024-01-25 00:00:00+00:00,8.999899864196777,10.499899864196777,7.499899864196777,8.999899864196777,145541,0.0,0.0
2024-01-26 00:00:00+00:00,8.999899864196777,22.499900817871094,8.999899864196777,16.499900817871094,2,0.0,0.0
2024-01-29 00:00:00+00:00,14.999899864196777,14.999899864196777,14.999899864196777,14.999899864196777,611290,0.0,0.0
2024-01-30 00:00:00+00:00,8.999899864196777,10.499899864196777,7.499899864196777,8.999899864196777,2,0.0,0.0
2024-01-31 00:00:00+00:00,8.999899864196777,8.999899864196777,5.999899864196777,7.499899864196777,0,0.0,0.0
2024-02-01 00:00:00+00:00,8.999899864196777,8.999899864196777,5.999899864196777,7.499899864196777,289376,0.0,0.0
2024-02-02 00:00:00+00:00,7.499899864196777,8.999899864196777,7.499899864196777,8.999899864196777,184231,0.0,0.0
2024-02-05 00:00:00+00:00,8.999899864196777,8.999899864196777,7.499899864196777,7.499899864196777,208580,0.0,0.0
2024-02-06 00:00:00+00:00,7.499899864196777,7.499899864196777,5.999899864196777,7.499899864196777,282154,0.0,0.0
2024-02-07 00:00:00+00:00,7.499899864196777,7.499899864196777,7.499899864196777,7.499899864196777,431501,0.0,0.0
2024-02-08 00:00:00+00:00,7.499899864196777,7.499899864196777,7.499899864196777,7.499899864196777,366285,0.0,0.0
2024-02-09 00:00:00+00:00,7.499899864196777,7.499899864196777,5.999899864196777,5.999899864196777,893463,0.0,0.0
2024-02-12 00:00:00+00:00,5.999899864196777,7.499899864196777,5.999899864196777,7.499899864196777,320058,0.0,0.0
2024-02-13 00:00:00+00:00,7.499899864196777,7.499899864196777,5.999899864196777,7.499899864196777,141889,0.0,0.0
2024-02-14 00:00:00+00:00,7.499899864196777,7.499899864196777,5.999899864196777,7.499899864196777,119250,0.0,0.0
2024-02-15 00:00:00+00:00,7.499899864196777,7.499899864196777,5.999899864196777,7.499899864196777,363115,0.0,0.0
2024-02-16 00:00:00+00:00,7.499899864196777,13.499899864196777,7.499899864196777,8.999899864196777,2,0.0,0.0
2024-02-19 00:00:00+00:00,8.999899864196777,10.499899864196777,7.499899864196777,8.999899864196777,2,0.0,0.0
2024-02-20 00:00:00+00:00,8.999899864196777,8.999899864196777,7.499899864196777,8.999899864196777,325196,0.0,0.0
2024-02-21 00:00:00+00:00,8.999899864196777,7.499899864196777,7.499899864196777,7.499899864196777,691126,0.0,0.0
2024-02-22 00:00:00+00:00,7.499899864196777,7.499899864196777,7.499899864196777,7.499899864196777,340963,0.0,0.0
2024-02-23 00:00:00+00:00,7.499899864196777,7.499899864196777,7.499899864196777,7.499899864196777,280161,0.0,0.0
2024-02-26 00:00:00+00:00,7.499899864196777,7.499899864196777,5.999899864196777,5.999899864196777,326514,0.0,0.0
2024-02-27 00:00:00+00:00,5.999899864196777,7.499899864196777,5.999899864196777,7.499899864196777,306885,0.0,0.0
2024-02-28 00:00:00+00:00,7.499899864196777,7.499899864196777,7.499899864196777,7.499899864196777,132968,0.0,0.0
2024-02-29 00:00:00+00:00,7.499899864196777,7.499899864196777,5.999899864196777,7.499899864196777,217752,0.0,0.0
2024-03-01 00:00:00+00:00,7.499899864196777,7.499899864196777,5.999899864196777,7.499899864196777,127087,0.0,0.0
2024-03-04 00:00:00+00:00,7.499899864196777,7.499899864196777,5.999899864196777,5.999899864196777,61564,0.0,0.0
2024-03-05 00:00:00+00:00,5.999899864196777,7.499899864196777,5.999899864196777,5.999899864196777,262140,0.0,0.0
2024-03-06 00:00:00+00:00,5.999899864196777,7.499899864196777,5.999899864196777,7.499899864196777,331827,0.0,0.0
2024-03-07 00:00:00+00:00,7.499899864196777,7.499899864196777,5.999899864196777,7.499899864196777,81140,0.0,0.0
2024-03-08 00:00:00+00:00,7.499899864196777,7.499899864196777,5.999899864196777,5.999899864196777,228811,0.0,0.0
2024-03-11 00:00:00+00:00,5.999899864196777,5.999899864196777,5.999899864196777,5.999899864196777,129190,0.0,0.0
2024-03-12 00:00:00+00:00,5.999899864196777,7.499899864196777,5.999899864196777,7.499899864196777,578757,0.0,0.0
2024-03-13 00:00:00+00:00,7.499899864196777,7.499899864196777,5.999899864196777,5.999899864196777,177422,0.0,0.0
2024-03-14 00:00:00+00:00,5.999899864196777,7.499899864196777,5.999899864196777,5.999899864196777,69426,0.0,0.0
2024-03-15 00:00:00+00:00,5.999899864196777,7.499899864196777,5.999899864196777,5.999899864196777,102122,0.0,0.0
2024-03-18 00:00:00+00:00,5.999899864196777,5.999899864196777,5.999899864196777,5.999899864196777,141099,0.0,0.0
2024-03-19 00:00:00+00:00,5.999899864196777,7.499899864196777,5.999899864196777,5.999899864196777,32340,0.0,0.0
2024-03-20 00:00:00+00:00,5.999899864196777,7.499899864196777,5.999899864196777,7.499899864196777,526925,0.0,0.0
2024-03-21 00:00:00+00:00,7.499899864196777,7.499899864196777,5.999899864196777,7.499899864196777,212471,0.0,0.0
2024-03-22 00:00:00+00:00,7.499899864196777,7.499899864196777,5.999899864196777,7.499899864196777,151454,0.0,0.0
2024-03-25 00:00:00+00:00,7.499899864196777,7.499899864196777,5.999899864196777,5.999899864196777,45838,0.0,0.0
2024-03-26 00:00:00+00:00,5.999899864196777,7.499899864196777,5.999899864196777,5.999899864196777,169088,0.0,0.0
2024-03-27 00:00:00+00:00,5.999899864196777,5.999899864196777,5.999899864196777,5.999899864196777,79534,0.0,0.0
2024-03-28 00:00:00+00:00,5.999899864196777,5.999899864196777,5.999899864196777,5.999899864196777,94333,0.0,0.0
2024-04-02 00:00:00+01:00,5.999899864196777,5.999899864196777,5.999899864196777,5.999899864196777,34733,0.0,0.0
2024-04-03 00:00:00+01:00,5.999899864196777,5.999899864196777,5.999899864196777,5.999899864196777,91089,0.0,0.0
2024-04-04 00:00:00+01:00,5.999899864196777,5.999899864196777,5.999899864196777,5.999899864196777,127850,0.0,0.0
2024-04-05 00:00:00+01:00,5.999899864196777,5.999899864196777,5.999899864196777,5.999899864196777,91556,0.0,0.0
2024-04-08 00:00:00+01:00,5.999899864196777,5.999899864196777,5.999899864196777,5.999899864196777,28518,0.0,0.0
2024-04-09 00:00:00+01:00,5.999899864196777,5.999899864196777,5.999899864196777,5.999899864196777,92617,0.0,0.0
2024-04-10 00:00:00+01:00,5.999899864196777,5.999899864196777,5.999899864196777,5.999899864196777,55055,0.0,0.0
2024-04-11 00:00:00+01:00,5.999899864196777,7.499899864196777,5.999899864196777,7.499899864196777,237218,0.0,0.0
2024-04-12 00:00:00+01:00,7.499899864196777,7.499899864196777,5.999899864196777,7.499899864196777,167016,0.0,0.0
2024-04-15 00:00:00+01:00,7.499899864196777,7.499899864196777,5.999899864196777,7.499899864196777,151021,0.0,0.0
2024-04-16 00:00:00+01:00,7.499899864196777,7.499899864196777,5.999899864196777,7.499899864196777,21208,0.0,0.0
2024-04-17 00:00:00+01:00,7.499899864196777,7.499899864196777,5.999899864196777,5.999899864196777,127704,0.0,0.0
2024-04-18 00:00:00+01:00,5.999899864196777,5.999899864196777,5.999899864196777,5.999899864196777,91615,0.0,0.0
2024-04-19 00:00:00+01:00,5.999899864196777,5.999899864196777,5.999899864196777,5.999899864196777,10097,0.0,0.0
2024-04-22 00:00:00+01:00,5.999899864196777,5.999899864196777,5.999899864196777,5.999899864196777,151624,0.0,0.0
2024-04-23 00:00:00+01:00,5.999899864196777,5.999899864196777,5.999899864196777,5.999899864196777,54986,0.0,0.0
2024-04-24 00:00:00+01:00,5.999899864196777,5.999899864196777,5.999899864196777,5.999899864196777,31172,0.0,0.0
2024-04-25 00:00:00+01:00,5.999899864196777,5.999899864196777,5.999899864196777,5.999899864196777,255393,0.0,0.0
2024-04-26 00:00:00+01:00,5.999899864196777,5.999899864196777,5.999899864196777,5.999899864196777,65231,0.0,0.0
2024-04-29 00:00:00+01:00,5.999899864196777,5.999899864196777,4.499899864196777,5.999899864196777,129736,0.0,0.0
2024-04-30 00:00:00+01:00,5.999899864196777,4.499899864196777,4.499899864196777,5.999899864196777,167774,0.0,0.0
2024-05-01 00:00:00+01:00,5.999899864196777,4.499899864196777,4.499899864196777,4.499899864196777,96785,0.0,0.0
2024-05-02 00:00:00+01:00,4.499899864196777,4.499899864196777,4.499899864196777,4.499899864196777,175244,0.0,0.0
2024-05-03 00:00:00+01:00,4.499899864196777,4.499899864196777,4.499899864196777,4.499899864196777,44725,0.0,0.0
2024-05-07 00:00:00+01:00,4.499899864196777,4.499899864196777,4.499899864196777,4.499899864196777,12732,0.0,0.0
2024-05-08 00:00:00+01:00,4.499899864196777,4.499899864196777,4.499899864196777,4.499899864196777,85561,0.0,0.0
2024-05-09 00:00:00+01:00,5.999899864196777,4.499899864196777,4.499899864196777,4.499899864196777,140334,0.0,0.0
2024-05-10 00:00:00+01:00,4.499899864196777,4.499899864196777,2.9999001026153564,4.499899864196777,49340,0.0,0.0
2024-05-13 00:00:00+01:00,4.499899864196777,4.499899864196777,2.9999001026153564,4.499899864196777,40477,0.0,0.0
2024-05-14 00:00:00+01:00,4.499899864196777,4.499899864196777,4.499899864196777,4.499899864196777,14750,0.0,0.0
2024-05-15 00:00:00+01:00,4.499899864196777,4.499899864196777,4.499899864196777,4.499899864196777,96115,0.0,0.0
2024-05-16 00:00:00+01:00,4.499899864196777,4.499899864196777,4.499899864196777,4.499899864196777,74032,0.0,0.0
2024-05-17 00:00:00+01:00,4.499899864196777,4.499899864196777,4.499899864196777,4.499899864196777,13275,0.0,0.0
2024-05-20 00:00:00+01:00,4.499899864196777,4.499899864196777,4.499899864196777,4.499899864196777,640,0.0,0.0
2024-05-21 00:00:00+01:00,4.499899864196777,4.499899864196777,4.499899864196777,4.499899864196777,26254,0.0,0.0
2024-05-22 00:00:00+01:00,4.499899864196777,4.499899864196777,4.499899864196777,4.499899864196777,105618,0.0,0.0
2024-05-23 00:00:00+01:00,4.499899864196777,4.499899864196777,4.499899864196777,4.499899864196777,68579,0.0,0.0
2024-05-24 00:00:00+01:00,4.499899864196777,4.499899864196777,4.499899864196777,4.499899864196777,56195,0.0,0.0
2024-05-28 00:00:00+01:00,4.499899864196777,4.499899864196777,4.499899864196777,4.499899864196777,12471,0.0,0.0
2024-05-29 00:00:00+01:00,4.499899864196777,4.499899864196777,4.499899864196777,4.499899864196777,39174,0.0,0.0
2024-05-30 00:00:00+01:00,4.499899864196777,4.499899864196777,4.499899864196777,4.499899864196777,63919,0.0,0.0
2024-05-31 00:00:00+01:00,4.499899864196777,7.499899864196777,4.499899864196777,5.999899864196777,1,0.0,0.0
2024-06-03 00:00:00+01:00,5.999899864196777,5.999899864196777,4.499899864196777,5.999899864196777,148775,0.0,0.0
2024-06-04 00:00:00+01:00,5.999899864196777,5.999899864196777,4.499899864196777,4.499899864196777,97236,0.0,0.0
2024-06-05 00:00:00+01:00,4.499899864196777,7.499899864196777,4.499899864196777,5.999899864196777,52863,0.0,0.0
2024-06-06 00:00:00+01:00,5.999899864196777,7.499899864196777,4.499899864196777,4.499899864196777,646035,0.0,0.0
2024-06-07 00:00:00+01:00,4.499899864196777,5.999899864196777,4.499899864196777,4.499899864196777,292211,0.0,0.0
2024-06-10 00:00:00+01:00,4.499899864196777,5.999899864196777,4.499899864196777,4.499899864196777,117384,0.0,0.0
2024-06-11 00:00:00+01:00,4.499899864196777,5.999899864196777,4.499899864196777,4.499899864196777,53674,0.0,0.0
2024-06-12 00:00:00+01:00,4.499899864196777,4.499899864196777,4.499899864196777,4.499899864196777,217568,0.0,0.0
2024-06-13 00:00:00+01:00,4.499899864196777,4.499899864196777,4.499899864196777,4.499899864196777,7679,0.0,0.0
2024-06-14 00:00:00+01:00,4.499899864196777,4.499899864196777,4.499899864196777,4.499899864196777,136036,0.0,0.0
2024-06-17 00:00:00+01:00,4.499899864196777,4.499899864196777,4.499899864196777,4.499899864196777,60074,0.0,0.0
2024-06-18 00:00:00+01:00,4.499899864196777,4.499899864196777,4.499899864196777,4.499899864196777,111304,0.0,0.0
2024-06-19 00:00:00+01:00,4.499899864196777,4.499899864196777,4.499899864196777,4.499899864196777,31108,0.0,0.0
2024-06-20 00:00:00+01:00,4.499899864196777,4.499899864196777,4.499899864196777,4.499899864196777,55129,0.0,0.0
2024-06-21 00:00:00+01:00,4.499899864196777,4.499899864196777,4.499899864196777,4.499899864196777,162279,0.0,0.0
2024-06-24 00:00:00+01:00,4.499899864196777,4.499899864196777,4.499899864196777,4.499899864196777,140001,0.0,0.0
2024-06-25 00:00:00+01:00,4.499899864196777,4.499899864196777,4.499899864196777,4.499899864196777,112739,0.0,0.0
2024-06-26 00:00:00+01:00,4.499899864196777,4.499899864196777,4.499899864196777,4.499899864196777,48438,0.0,0.0
2024-06-27 00:00:00+01:00,4.499899864196777,4.499899864196777,4.499899864196777,4.499899864196777,199029,0.0,0.0
2024-06-28 00:00:00+01:00,4.499899864196777,4.499899864196777,4.499899864196777,4.499899864196777,228931,0.0,0.0
2024-07-01 00:00:00+01:00,5.999899864196777,5.999899864196777,4.499899864196777,4.499899864196777,365821,0.0,0.0
2024-07-02 00:00:00+01:00,4.499899864196777,5.999899864196777,4.499899864196777,4.499899864196777,212267,0.0,0.0
2024-07-03 00:00:00+01:00,4.499899864196777,4.499899864196777,4.499899864196777,4.499899864196777,196611,0.0,0.0
2024-07-04 00:00:00+01:00,4.499899864196777,4.499899864196777,4.499899864196777,4.499899864196777,275636,0.0,0.0
2024-07-05 00:00:00+01:00,4.499899864196777,4.499899864196777,4.499899864196777,4.499899864196777,242225,0.0,0.0
2024-07-08 00:00:00+01:00,5.999899864196777,7.499899864196777,4.499899864196777,5.999899864196777,0,0.0,0.0
2024-07-09 00:00:00+01:00,5.999899864196777,5.999899864196777,4.499899864196777,5.999899864196777,1,0.0,0.0
2024-07-10 00:00:00+01:00,5.999899864196777,5.999899864196777,5.999899864196777,5.999899864196777,535231,0.0,0.0
2024-07-11 00:00:00+01:00,5.999899864196777,5.999899864196777,5.999899864196777,5.999899864196777,328039,0.0,0.0
2024-07-12 00:00:00+01:00,5.999899864196777,5.999899864196777,4.499899864196777,5.999899864196777,363090,0.0,0.0
2024-07-15 00:00:00+01:00,5.999899864196777,5.999899864196777,4.499899864196777,5.999899864196777,266329,0.0,0.0
2024-07-16 00:00:00+01:00,5.999899864196777,5.999899864196777,4.499899864196777,4.499899864196777,90810,0.0,0.0
2024-07-17 00:00:00+01:00,4.499899864196777,4.499899864196777,4.499899864196777,4.499899864196777,125437,0.0,0.0
2024-07-18 00:00:00+01:00,4.499899864196777,4.499899864196777,4.499899864196777,4.499899864196777,90736,0.0,0.0
2024-07-19 00:00:00+01:00,4.499899864196777,5.999899864196777,5.999899864196777,5.999899864196777,210129,0.0,0.0
2024-07-22 00:00:00+01:00,5.999899864196777,5.999899864196777,4.499899864196777,5.999899864196777,250562,0.0,0.0
2024-07-23 00:00:00+01:00,5.999899864196777,5.999899864196777,4.499899864196777,5.999899864196777,134306,0.0,0.0
2024-07-24 00:00:00+01:00,5.999899864196777,5.999899864196777,4.499899864196777,5.999899864196777,37362,0.0,0.0
2024-07-25 00:00:00+01:00,5.999899864196777,5.999899864196777,4.499899864196777,5.999899864196777,258351,0.0,0.0
2024-07-26 00:00:00+01:00,5.999899864196777,5.999899864196777,4.499899864196777,5.999899864196777,158049,0.0,0.0
2024-07-29 00:00:00+01:00,5.999899864196777,5.999899864196777,4.499899864196777,4.499899864196777,350500,0.0,0.0
2024-07-30 00:00:00+01:00,4.499899864196777,5.999899864196777,4.499899864196777,4.499899864196777,157650,0.0,0.0
2024-07-31 00:00:00+01:00,4.499899864196777,7.499899864196777,4.499899864196777,5.999899864196777,629415,0.0,0.0
2024-08-01 00:00:00+01:00,5.999899864196777,5.999899864196777,4.499899864196777,5.999899864196777,2,0.0,0.0
2024-08-02 00:00:00+01:00,5.999899864196777,5.999899864196777,4.499899864196777,5.999899864196777,0,0.0,0.0
2024-08-05 00:00:00+01:00,5.999899864196777,5.999899864196777,4.499899864196777,5.999899864196777,2,0.0,0.0
2024-08-06 00:00:00+01:00,5.999899864196777,5.999899864196777,4.499899864196777,4.499899864196777,0,0.0,0.0
2024-08-07 00:00:00+01:00,4.499899864196777,4.499899864196777,4.499899864196777,4.499899864196777,164863,0.0,0.0
2024-08-08 00:00:00+01:00,4.499899864196777,4.499899864196777,4.499899864196777,4.499899864196777,664330,0.0,0.0
2024-08-09 00:00:00+01:00,4.499899864196777,5.999899864196777,4.499899864196777,5.999899864196777,1,0.0,0.0
2024-08-12 00:00:00+01:00,5.999899864196777,5.999899864196777,4.499899864196777,4.499899864196777,549024,0.0,0.0
2024-08-13 00:00:00+01:00,4.499899864196777,4.499899864196777,4.499899864196777,4.499899864196777,640028,0.0,0.0
2024-08-14 00:00:00+01:00,4.499899864196777,4.499899864196777,4.499899864196777,4.499899864196777,8408,0.0,0.0
2024-08-15 00:00:00+01:00,4.499899864196777,4.499899864196777,4.499899864196777,4.499899864196777,249040,0.0,0.0
2024-08-16 00:00:00+01:00,4.499899864196777,4.499899864196777,4.499899864196777,4.499899864196777,149309,0.0,0.0
2024-08-19 00:00:00+01:00,4.499899864196777,4.499899864196777,4.499899864196777,4.499899864196777,273849,0.0,0.0
2024-08-20 00:00:00+01:00,4.499899864196777,5.999899864196777,4.499899864196777,4.499899864196777,562074,0.0,0.0
2024-08-21 00:00:00+01:00,4.499899864196777,5.999899864196777,4.499899864196777,4.499899864196777,188183,0.0,0.0
2024-08-22 00:00:00+01:00,4.499899864196777,5.999899864196777,4.499899864196777,4.499899864196777,34674,0.0,0.0
2024-08-23 00:00:00+01:00,4.499899864196777,4.499899864196777,4.499899864196777,4.499899864196777,291512,0.0,0.0
2024-08-27 00:00:00+01:00,4.499899864196777,5.999899864196777,4.499899864196777,5.999899864196777,0,0.0,0.0
2024-08-28 00:00:00+01:00,5.999899864196777,5.999899864196777,4.499899864196777,4.499899864196777,503576,0.0,0.0
2024-08-29 00:00:00+01:00,4.499899864196777,4.499899864196777,4.499899864196777,4.499899864196777,2,0.0,0.0
2024-08-30 00:00:00+01:00,4.499899864196777,5.999899864196777,4.499899864196777,5.999899864196777,2,0.0,0.0
2024-09-02 00:00:00+01:00,5.999899864196777,5.999899864196777,4.499899864196777,5.999899864196777,1,0.0,0.0
2024-09-03 00:00:00+01:00,5.999899864196777,5.999899864196777,4.499899864196777,5.999899864196777,1,0.0,0.0
2024-09-04 00:00:00+01:00,5.999899864196777,5.999899864196777,4.499899864196777,5.999899864196777,181259,0.0,0.0
2024-09-05 00:00:00+01:00,5.999899864196777,5.999899864196777,5.999899864196777,5.999899864196777,89860,0.0,0.0
2024-09-06 00:00:00+01:00,5.999899864196777,5.999899864196777,5.999899864196777,5.999899864196777,124989,0.0,0.0
2024-09-09 00:00:00+01:00,5.999899864196777,5.999899864196777,5.999899864196777,5.999899864196777,428766,0.0,0.0
2024-09-10 00:00:00+01:00,5.999899864196777,5.999899864196777,4.499899864196777,5.999899864196777,354215,0.0,0.0
2024-09-11 00:00:00+01:00,5.999899864196777,5.999899864196777,5.999899864196777,5.999899864196777,126879,0.0,0.0
2024-09-12 00:00:00+01:00,5.999899864196777,5.999899864196777,4.499899864196777,5.999899864196777,647786,0.0,0.0
2024-09-13 00:00:00+01:00,5.999899864196777,5.999899864196777,4.499899864196777,4.499899864196777,2,0.0,0.0
2024-09-16 00:00:00+01:00,4.499899864196777,4.499899864196777,2.9999001026153564,4.499899864196777,1,0.0,0.0
2024-09-17 00:00:00+01:00,4.499899864196777,4.499899864196777,4.499899864196777,4.499899864196777,511733,0.0,0.0
2024-09-18 00:00:00+01:00,4.499899864196777,4.499899864196777,4.499899864196777,4.499899864196777,2,0.0,0.0
2024-09-19 00:00:00+01:00,4.499899864196777,4.499899864196777,2.9999001026153564,4.499899864196777,225098,0.0,0.0
2024-09-20 00:00:00+01:00,4.499899864196777,4.499899864196777,2.9999001026153564,4.499899864196777,225098,0.0,0.0
2024-09-23 00:00:00+01:00,4.499899864196777,4.499899864196777,2.9999001026153564,4.499899864196777,411961,0.0,0.0
2024-09-24 00:00:00+01:00,4.499899864196777,4.499899864196777,2.9999001026153564,4.499899864196777,305464,0.0,0.0
2024-09-25 00:00:00+01:00,4.499899864196777,4.499899864196777,2.9999001026153564,4.499899864196777,669733,0.0,0.0
2024-09-26 00:00:00+01:00,4.499899864196777,4.499899864196777,2.9999001026153564,4.499899864196777,248540,0.0,0.0
2024-09-27 00:00:00+01:00,4.499899864196777,4.499899864196777,2.9999001026153564,4.499899864196777,2,0.0,0.0
2024-09-30 00:00:00+01:00,4.499899864196777,4.499899864196777,2.9999001026153564,4.499899864196777,1,0.0,0.0
2024-10-01 00:00:00+01:00,4.499899864196777,4.499899864196777,4.499899864196777,4.499899864196777,503599,0.0,0.0
2024-10-02 00:00:00+01:00,4.499899864196777,4.499899864196777,4.499899864196777,4.499899864196777,228742,0.0,0.0
2024-10-03 00:00:00+01:00,4.499899864196777,5.999899864196777,4.499899864196777,4.499899864196777,268282,0.0,0.0
2024-10-04 00:00:00+01:00,4.499899864196777,4.499899864196777,4.499899864196777,4.499899864196777,0,0.0,0.0
2024-10-07 00:00:00+01:00,4.499899864196777,5.999899864196777,4.499899864196777,5.999899864196777,473983,0.0,0.0
2024-10-08 00:00:00+01:00,5.999899864196777,5.999899864196777,4.499899864196777,4.499899864196777,511592,0.0,0.0
2024-10-09 00:00:00+01:00,4.499899864196777,4.499899864196777,4.499899864196777,4.499899864196777,153251,0.0,0.0
2024-10-10 00:00:00+01:00,4.499899864196777,4.499899864196777,2.9999001026153564,4.499899864196777,1,0.0,0.0
2024-10-11 00:00:00+01:00,4.499899864196777,4.499899864196777,4.499899864196777,4.499899864196777,196467,0.0,0.0
2024-10-14 00:00:00+01:00,4.499899864196777,4.499899864196777,2.9999001026153564,4.499899864196777,2,0.0,0.0
2024-10-15 00:00:00+01:00,4.499899864196777,4.499899864196777,4.499899864196777,4.499899864196777,2,0.0,0.0
2024-10-16 00:00:00+01:00,4.499899864196777,4.499899864196777,2.9999001026153564,2.9999001026153564,2,0.0,0.0
2024-10-17 00:00:00+01:00,4.499899864196777,4.499899864196777,2.9999001026153564,4.499899864196777,653339,0.0,0.0
2024-10-18 00:00:00+01:00,4.499899864196777,4.499899864196777,2.9999001026153564,4.499899864196777,494832,0.0,0.0
2024-10-21 00:00:00+01:00,4.499899864196777,4.499899864196777,2.9999001026153564,4.499899864196777,1,0.0,0.0
2024-10-22 00:00:00+01:00,4.499899864196777,4.499899864196777,2.9999001026153564,4.499899864196777,2,0.0,0.0
2024-10-23 00:00:00+01:00,4.499899864196777,4.499899864196777,2.9999001026153564,4.499899864196777,471284,0.0,0.0
2024-10-24 00:00:00+01:00,4.499899864196777,4.499899864196777,4.499899864196777,4.499899864196777,514777,0.0,0.0
2024-10-25 00:00:00+01:00,4.499899864196777,4.499899864196777,2.9999001026153564,4.499899864196777,302899,0.0,0.0
2024-10-28 00:00:00+00:00,4.499899864196777,4.499899864196777,2.9999001026153564,4.499899864196777,63209,0.0,0.0
2024-10-29 00:00:00+00:00,4.499899864196777,4.499899864196777,2.9999001026153564,4.499899864196777,144604,0.0,0.0
2024-10-30 00:00:00+00:00,4.499899864196777,4.499899864196777,2.9999001026153564,2.9999001026153564,138360,0.0,0.0
2024-10-31 00:00:00+00:00,2.9999001026153564,4.499899864196777,2.9999001026153564,4.499899864196777,1,0.0,0.0
2024-11-01 00:00:00+00:00,4.499899864196777,4.499899864196777,2.9999001026153564,4.499899864196777,94650,0.0,0.0
2024-11-04 00:00:00+00:00,4.499899864196777,4.499899864196777,2.9999001026153564,4.499899864196777,636348,0.0,0.0
2024-11-05 00:00:00+00:00,4.499899864196777,4.499899864196777,2.9999001026153564,4.499899864196777,450699,0.0,0.0
2024-11-06 00:00:00+00:00,4.499899864196777,4.499899864196777,2.9999001026153564,4.499899864196777,61995,0.0,0.0
2024-11-07 00:00:00+00:00,4.499899864196777,4.499899864196777,2.9999001026153564,4.499899864196777,656889,0.0,0.0
2024-11-08 00:00:00+00:00,4.499899864196777,4.499899864196777,2.9999001026153564,4.499899864196777,679132,0.0,0.0
2024-11-11 00:00:00+00:00,4.499899864196777,4.499899864196777,2.9999001026153564,4.499899864196777,155779,0.0,0.0
2024-11-12 00:00:00+00:00,4.499899864196777,4.499899864196777,2.9999001026153564,2.9999001026153564,2,0.0,0.0
2024-11-13 00:00:00+00:00,2.9999001026153564,2.9999001026153564,2.9999001026153564,2.9999001026153564,419620,0.0,0.0
2024-11-14 00:00:00+00:00,2.9999001026153564,2.9999001026153564,2.9999001026153564,2.9999001026153564,309838,0.0,0.0
2024-11-15 00:00:00+00:00,2.9999001026153564,2.9999001026153564,2.9999001026153564,2.9999001026153564,259682,0.0,0.0
2024-11-18 00:00:00+00:00,2.9999001026153564,2.9999001026153564,2.9999001026153564,2.9999001026153564,96656,0.0,0.0
2024-11-19 00:00:00+00:00,2.9999001026153564,2.9999001026153564,2.9999001026153564,2.9999001026153564,194928,0.0,0.0
2024-11-20 00:00:00+00:00,2.9999001026153564,2.9999001026153564,2.9999001026153564,2.9999001026153564,248125,0.0,0.0
2024-11-21 00:00:00+00:00,2.9999001026153564,2.9999001026153564,2.9999001026153564,2.9999001026153564,186989,0.0,0.0
2024-11-22 00:00:00+00:00,2.9999001026153564,4.499899864196777,2.9999001026153564,4.499899864196777,2,0.0,0.0
2024-11-25 00:00:00+00:00,4.499899864196777,4.499899864196777,4.499899864196777,4.499899864196777,454766,0.0,0.0
2024-11-26 00:00:00+00:00,4.499899864196777,4.499899864196777,2.9999001026153564,4.499899864196777,0,0.0,0.0
2024-11-27 00:00:00+00:00,4.499899864196777,4.499899864196777,2.9999001026153564,4.499899864196777,83642,0.0,0.0
2024-11-28 00:00:00+00:00,4.499899864196777,4.499899864196777,2.9999001026153564,4.499899864196777,204031,0.0,0.0
2024-11-29 00:00:00+00:00,4.499899864196777,4.499899864196777,2.9999001026153564,4.499899864196777,638165,0.0,0.0
2024-12-02 00:00:00+00:00,4.499899864196777,4.499899864196777,2.9999001026153564,4.499899864196777,509450,0.0,0.0
2024-12-03 00:00:00+00:00,4.499899864196777,4.499899864196777,2.9999001026153564,2.9999001026153564,288282,0.0,0.0
2024-12-04 00:00:00+00:00,2.9999001026153564,4.499899864196777,2.9999001026153564,4.499899864196777,133262,0.0,0.0
2024-12-05 00:00:00+00:00,4.499899864196777,4.499899864196777,2.9999001026153564,4.499899864196777,300240,0.0,0.0
2024-12-06 00:00:00+00:00,4.499899864196777,4.499899864196777,2.9999001026153564,4.499899864196777,708541,0.0,0.0
2024-12-09 00:00:00+00:00,4.499899864196777,4.499899864196777,2.9999001026153564,2.9999001026153564,0,0.0,0.0
2024-12-10 00:00:00+00:00,2.9999001026153564,4.499899864196777,2.9999001026153564,4.499899864196777,342016,0.0,0.0
2024-12-11 00:00:00+00:00,4.499899864196777,4.499899864196777,2.9999001026153564,2.9999001026153564,587080,0.0,0.0
2024-12-12 00:00:00+00:00,2.9999001026153564,4.499899864196777,2.9999001026153564,2.9999001026153564,117822,0.0,0.0
2024-12-13 00:00:00+00:00,2.9999001026153564,4.499899864196777,2.9999001026153564,2.9999001026153564,526309,0.0,0.0
2024-12-16 00:00:00+00:00,2.9999001026153564,4.499899864196777,2.9999001026153564,2.9999001026153564,708383,0.0,0.0
2024-12-17 00:00:00+00:00,2.9999001026153564,2.9999001026153564,2.9999001026153564,2.9999001026153564,1,0.0,0.0
2024-12-18 00:00:00+00:00,2.9999001026153564,2.9999001026153564,2.9999001026153564,2.9999001026153564,116108,0.0,0.0
2024-12-19 00:00:00+00:00,2.9999001026153564,2.9999001026153564,2.9999001026153564,2.9999001026153564,349490,0.0,0.0
2024-12-20 00:00:00+00:00,2.9999001026153564,2.9999001026153564,2.9999001026153564,2.9999001026153564,634593,0.0,0.0
2024-12-23 00:00:00+00:00,2.9999001026153564,4.499899864196777,2.9999001026153564,2.9999001026153564,2,0.0,0.0
2024-12-24 00:00:00+00:00,2.9999001026153564,2.9999001026153564,2.9999001026153564,2.9999001026153564,262370,0.0,0.0
2024-12-27 00:00:00+00:00,2.9999001026153564,2.9999001026153564,2.9999001026153564,2.9999001026153564,528160,0.0,0.0
2024-12-30 00:00:00+00:00,2.9999001026153564,2.9999001026153564,2.9999001026153564,2.9999001026153564,201266,0.0,0.0
2024-12-31 00:00:00+00:00,2.9999001026153564,2.9999001026153564,2.9999001026153564,2.9999001026153564,335755,0.0,0.0
2025-01-02 00:00:00+00:00,2.9999001026153564,2.9999001026153564,2.9999001026153564,2.9999001026153564,188388,0.0,0.0
2025-01-03 00:00:00+00:00,2.9999001026153564,2.9999001026153564,2.9999001026153564,2.9999001026153564,146773,0.0,0.0
2025-01-06 00:00:00+00:00,2.9999001026153564,2.9999001026153564,2.9999001026153564,2.9999001026153564,208593,0.0,0.0
2025-01-07 00:00:00+00:00,2.9999001026153564,2.9999001026153564,2.9999001026153564,2.9999001026153564,262200,0.0,0.0
2025-01-08 00:00:00+00:00,2.9999001026153564,2.9999001026153564,2.9999001026153564,2.9999001026153564,519629,0.0,0.0
2025-01-09 00:00:00+00:00,2.9999001026153564,2.9999001026153564,2.9999001026153564,2.9999001026153564,0,0.0,0.0
2025-01-10 00:00:00+00:00,2.9999001026153564,2.9999001026153564,2.9999001026153564,2.9999001026153564,126451,0.0,0.0
2025-01-13 00:00:00+00:00,2.9999001026153564,2.9999001026153564,2.9999001026153564,2.9999001026153564,101373,0.0,0.0
2025-01-14 00:00:00+00:00,2.9999001026153564,2.9999001026153564,2.9999001026153564,2.9999001026153564,203274,0.0,0.0
2025-01-15 00:00:00+00:00,2.9999001026153564,2.9999001026153564,2.9999001026153564,2.9999001026153564,293823,0.0,0.0
2025-01-16 00:00:00+00:00,2.9999001026153564,2.9999001026153564,2.9999001026153564,2.9999001026153564,337470,0.0,0.0
2025-01-17 00:00:00+00:00,2.9999001026153564,2.9999001026153564,2.9999001026153564,2.9999001026153564,571095,0.0,0.0
2025-01-20 00:00:00+00:00,2.9999001026153564,2.9999001026153564,2.9999001026153564,2.9999001026153564,551600,0.0,0.0
2025-01-21 00:00:00+00:00,2.9999001026153564,2.9999001026153564,2.9999001026153564,2.9999001026153564,2,0.0,0.0
2025-01-22 00:00:00+00:00,2.9999001026153564,2.9999001026153564,2.9999001026153564,2.9999001026153564,64481,0.0,0.0
2025-01-23 00:00:00+00:00,2.9999001026153564,2.9999001026153564,2.9999001026153564,2.9999001026153564,484495,0.0,0.0
2025-01-24 00:00:00+00:00,2.9999001026153564,2.9999001026153564,2.9999001026153564,2.9999001026153564,79844,0.0,0.0
2025-01-27 00:00:00+00:00,2.9999001026153564,2.9999001026153564,2.9999001026153564,2.9999001026153564,130671,0.0,0.0
2025-01-28 00:00:00+00:00,2.9999001026153564,2.9999001026153564,2.9999001026153564,2.9999001026153564,462092,0.0,0.0
2025-01-29 00:00:00+00:00,2.9999001026153564,2.9999001026153564,2.9999001026153564,2.9999001026153564,311920,0.0,0.0
2025-01-30 00:00:00+00:00,2.9999001026153564,2.9999001026153564,2.9999001026153564,2.9999001026153564,206496,0.0,0.0
2025-01-31 00:00:00+00:00,2.9999001026153564,2.9999001026153564,2.9999001026153564,2.9999001026153564,208670,0.0,0.0
2025-02-03 00:00:00+00:00,2.9999001026153564,2.9999001026153564,2.9999001026153564,2.9999001026153564,524313,0.0,0.0
2025-02-04 00:00:00+00:00,2.9999001026153564,2.9999001026153564,2.9999001026153564,2.9999001026153564,202132,0.0,0.0
2025-02-05 00:00:00+00:00,2.9999001026153564,2.9999001026153564,2.9999001026153564,2.9999001026153564,411266,0.0,0.0
2025-02-06 00:00:00+00:00,2.9999001026153564,2.9999001026153564,2.9999001026153564,2.9999001026153564,630004,0.0,0.0
2025-02-07 00:00:00+00:00,2.9999001026153564,2.9999001026153564,2.9999001026153564,2.9999001026153564,231748,0.0,0.0
2025-02-10 00:00:00+00:00,2.9999001026153564,2.9999001026153564,1.499899983406067,2.9999001026153564,214926,0.0,0.0
2025-02-11 00:00:00+00:00,2.9999001026153564,2.9999001026153564,1.499899983406067,2.9999001026153564,74209,0.0,0.0
2025-02-12 00:00:00+00:00,2.9999001026153564,2.9999001026153564,1.499899983406067,2.9999001026153564,488225,0.0,0.0
2025-02-13 00:00:00+00:00,2.9999001026153564,2.9999001026153564,1.499899983406067,2.9999001026153564,605825,0.0,0.0
2025-02-14 00:00:00+00:00,2.9999001026153564,2.9999001026153564,1.499899983406067,2.9999001026153564,217576,0.0,0.0
2025-02-17 00:00:00+00:00,2.9999001026153564,2.9999001026153564,1.499899983406067,2.9999001026153564,88239,0.0,0.0
2025-02-18 00:00:00+00:00,2.9999001026153564,2.9999001026153564,1.499899983406067,2.9999001026153564,2,0.0,0.0
2025-02-19 00:00:00+00:00,2.9999001026153564,2.9999001026153564,1.499899983406067,2.9999001026153564,637063,0.0,0.0
2025-02-20 00:00:00+00:00,2.9999001026153564,2.9999001026153564,1.499899983406067,2.9999001026153564,706912,0.0,0.0
2025-02-21 00:00:00+00:00,2.9999001026153564,2.9999001026153564,1.499899983406067,2.9999001026153564,320477,0.0,0.0
2025-02-24 00:00:00+00:00,2.9999001026153564,2.9999001026153564,1.499899983406067,2.9999001026153564,268360,0.0,0.0
2025-02-25 00:00:00+00:00,2.9999001026153564,2.9999001026153564,1.499899983406067,2.9999001026153564,96054,0.0,0.0
2025-02-26 00:00:00+00:00,2.9999001026153564,2.9999001026153564,1.499899983406067,2.9999001026153564,460039,0.0,0.0
2025-02-27 00:00:00+00:00,2.25,2.125999927520752,1.9199999570846558,2.0,666715,0.0,0.0006666666666666666
2025-02-28 00:00:00+00:00,1.9500000476837158,1.9880000352859497,1.899999976158142,1.9500000476837158,246916,0.0,0.0
2025-03-03 00:00:00+00:00,1.9500000476837158,2.0,1.8200000524520874,1.9500000476837158,334304,0.0,0.0
2025-03-04 00:00:00+00:00,1.9500000476837158,1.9780000448226929,1.899999976158142,1.9500000476837158,250670,0.0,0.0
2025-03-05 00:00:00+00:00,1.9500000476837158,1.9299999475479126,1.6799999475479126,1.7999999523162842,982165,0.0,0.0
2025-03-06 00:00:00+00:00,1.7999999523162842,1.8350000381469727,1.5299999713897705,1.5750000476837158,798892,0.0,0.0
2025-03-07 00:00:00+00:00,1.5750000476837158,1.6920000314712524,1.5499999523162842,1.625,604479,0.0,0.0
2025-03-10 00:00:00+00:00,1.625,1.684999942779541,1.5700000524520874,1.625,45346,0.0,0.0
2025-03-11 00:00:00+00:00,1.625,1.684999942779541,1.5720000267028809,1.625,366878,0.0,0.0
2025-03-12 00:00:00+00:00,1.625,1.684999942779541,1.5579999685287476,1.625,84058,0.0,0.0
2025-03-13 00:00:00+00:00,1.625,1.684999942779541,1.5499999523162842,1.625,73117,0.0,0.0
2025-03-14 00:00:00+00:00,1.625,1.684999942779541,1.5579999685287476,1.625,49078,0.0,0.0
2025-03-17 00:00:00+00:00,1.625,1.684999942779541,1.5499999523162842,1.625,34449,0.0,0.0
2025-03-18 00:00:00+00:00,1.625,1.684999942779541,1.5579999685287476,1.625,3223,0.0,0.0
2025-03-19 00:00:00+00:00,1.625,1.684999942779541,1.5290000438690186,1.5750000476837158,418294,0.0,0.0
2025-03-20 00:00:00+00:00,1.5750000476837158,1.5889999866485596,1.5099999904632568,1.5750000476837158,109072,0.0,0.0
2025-03-21 00:00:00+00:00,1.5750000476837158,1.5889999866485596,1.5529999732971191,1.5750000476837158,51415,0.0,0.0
2025-03-24 00:00:00+00:00,1.5750000476837158,1.5889999866485596,1.5499999523162842,1.5750000476837158,40961,0.0,0.0
2025-03-25 00:00:00+00:00,1.5750000476837158,1.5779999494552612,1.5,1.5499999523162842,57490,0.0,0.0
2025-03-26 00:00:00+00:00,1.5499999523162842,1.5700000524520874,1.5,1.5499999523162842,165404,0.0,0.0
2025-03-27 00:00:00+00:00,1.5499999523162842,1.5700000524520874,1.5,1.524999976158142,128111,0.0,0.0
2025-03-28 00:00:00+00:00,1.524999976158142,1.5429999828338623,1.399999976158142,1.4249999523162842,608999,0.0,0.0
2025-03-31 00:00:00+01:00,1.4249999523162842,1.4500000476837158,1.399999976158142,1.4249999523162842,190861,0.0,0.0
2025-04-01 00:00:00+01:00,1.4249999523162842,1.4450000524520874,1.3899999856948853,1.4249999523162842,80792,0.0,0.0
2025-04-02 00:00:00+01:00,1.4249999523162842,1.4500000476837158,1.2999999523162842,1.3250000476837158,333408,0.0,0.0
2025-04-03 00:00:00+01:00,1.3250000476837158,1.3450000286102295,1.1699999570846558,1.274999976158142,140163,0.0,0.0
2025-04-04 00:00:00+01:00,1.274999976158142,1.2949999570846558,1.0049999952316284,1.225000023841858,527191,0.0,0.0
2025-04-07 00:00:00+01:00,1.100000023841858,0.9789999723434448,0.6000000238418579,0.7250000238418579,1708943,0.0,0.0
2025-04-08 00:00:00+01:00,0.7250000238418579,0.75,0.6200000047683716,0.675000011920929,1438548,0.0,0.0
2025-04-09 00:00:00+01:00,0.6499999761581421,0.6899999976158142,0.6299999952316284,0.6499999761581421,504118,0.0,0.0
2025-04-10 00:00:00+01:00,0.6499999761581421,0.699999988079071,0.6000000238418579,0.6499999761581421,762064,0.0,0.0
2025-04-11 00:00:00+01:00,0.6499999761581421,0.6650000214576721,0.6100000143051147,0.625,2772219,0.0,0.0
2025-04-14 00:00:00+01:00,0.625,0.6480000019073486,0.6000000238418579,0.625,19156,0.0,0.0
2025-04-15 00:00:00+01:00,0.625,0.6480000019073486,0.6079999804496765,0.625,682500,0.0,0.0
2025-04-16 00:00:00+01:00,0.625,1.0,0.6000000238418579,0.7250000238418579,40966669,0.0,0.0
2025-04-17 00:00:00+01:00,0.675000011920929,0.75,0.6019999980926514,0.699999988079071,9324222,0.0,0.0
2025-04-22 00:00:00+01:00,0.699999988079071,0.75,0.6499999761581421,0.699999988079071,6301542,0.0,0.0
2025-04-23 00:00:00+01:00,0.699999988079071,0.8999999761581421,0.6499999761581421,0.824999988079071,11757511,0.0,0.0
2025-04-24 00:00:00+01:00,0.824999988079071,0.8999999761581421,0.75,0.7749999761581421,3229288,0.0,0.0
2025-04-25 00:00:00+01:00,0.7749999761581421,0.800000011920929,0.75,0.7749999761581421,672728,0.0,0.0
2025-04-28 00:00:00+01:00,0.7749999761581421,0.800000011920929,0.75,0.7749999761581421,395317,0.0,0.0
2025-04-29 00:00:00+01:00,0.7749999761581421,0.800000011920929,0.7120000123977661,0.7649999856948853,484232,0.0,0.0
2025-04-30 00:00:00+01:00,0.7649999856948853,0.800000011920929,0.699999988079071,0.7149999737739563,898766,0.0,0.0
2025-05-01 00:00:00+01:00,0.6899999976158142,0.7300000190734863,0.6499999761581421,0.6899999976158142,1870713,0.0,0.0
2025-05-02 00:00:00+01:00,0.6899999976158142,0.7300000190734863,0.6499999761581421,0.6899999976158142,1755122,0.0,0.0
2025-05-06 00:00:00+01:00,0.6899999976158142,0.7289999723434448,0.6520000100135803,0.6899999976158142,246579,0.0,0.0
2025-05-07 00:00:00+01:00,0.6899999976158142,0.7289999723434448,0.6299999952316284,0.6650000214576721,836159,0.0,0.0
2025-05-08 00:00:00+01:00,0.6650000214576721,0.6990000009536743,0.6200000047683716,0.6349999904632568,552153,0.0,0.0
2025-05-09 00:00:00+01:00,0.6349999904632568,0.6990000009536743,0.6190000176429749,0.6600000262260437,298350,0.0,0.0
2025-05-12 00:00:00+01:00,0.6600000262260437,0.6990000009536743,0.6200000047683716,0.6600000262260437,408464,0.0,0.0
2025-05-13 00:00:00+01:00,0.6600000262260437,0.6990000009536743,0.6000000238418579,0.6000000238418579,1548813,0.0,0.0
2025-05-14 00:00:00+01:00,0.6150000095367432,0.6299999952316284,0.6000000238418579,0.6100000143051147,1483610,0.0,0.0
2025-05-15 00:00:00+01:00,0.6100000143051147,0.6200000047683716,0.6000000238418579,0.6100000143051147,906459,0.0,0.0
2025-05-16 00:00:00+01:00,0.6100000143051147,0.6200000047683716,0.6000000238418579,0.6000000238418579,653883,0.0,0.0
2025-05-19 00:00:00+01:00,0.6000000238418579,0.6200000047683716,0.5799999833106995,0.6000000238418579,783945,0.0,0.0
2025-05-20 00:00:00+01:00,0.6000000238418579,0.699999988079071,0.550000011920929,0.550000011920929,14388192,0.0,0.0
2025-05-21 00:00:00+01:00,0.6000000238418579,0.699999988079071,0.5600000023841858,0.5849999785423279,30223773,0.0,0.0
2025-05-22 00:00:00+01:00,0.6000000238418579,0.6499999761581421,0.4749999940395355,0.5249999761581421,8951127,0.0,0.0
2025-05-23 00:00:00+01:00,0.5249999761581421,0.550000011920929,0.44999998807907104,0.5,4619917,0.0,0.0
2025-05-27 00:00:00+01:00,0.5,0.550000011920929,0.46000000834465027,0.5049999952316284,8086850,0.0,0.0
2025-05-28 00:00:00+01:00,0.5,0.550000011920929,0.44999998807907104,0.5,12774582,0.0,0.0
2025-05-29 00:00:00+01:00,0.5249999761581421,0.550000011920929,0.5,0.5,10487702,0.0,0.0
2025-05-30 00:00:00+01:00,0.5,0.550000011920929,0.46799999475479126,0.5,12320945,0.0,0.0
2025-06-02 00:00:00+01:00,0.5249999761581421,0.550000011920929,0.5,0.5249999761581421,28406183,0.0,0.0
2025-06-03 00:00:00+01:00,0.5249999761581421,0.6000000238418579,0.5019999742507935,0.5720000267028809,10698168,0.0,0.0
2025-06-04 00:00:00+01:00,0.574999988079071,0.6000000238418579,0.550000011920929,0.574999988079071,1760327,0.0,0.0
2025-06-05 00:00:00+01:00,0.574999988079071,0.6000000238418579,0.5180000066757202,0.574999988079071,842410,0.0,0.0
2025-06-06 00:00:00+01:00,0.574999988079071,0.6000000238418579,0.5649999976158142,0.574999988079071,5415206,0.0,0.0
2025-06-09 00:00:00+01:00,0.574999988079071,0.6000000238418579,0.5199999809265137,0.550000011920929,2641860,0.0,0.0
2025-06-10 00:00:00+01:00,0.550000011920929,0.6000000238418579,0.5,0.5249999761581421,2112387,0.0,0.0
2025-06-11 00:00:00+01:00,0.5249999761581421,0.5490000247955322,0.44999998807907104,0.4749999940395355,2136157,0.0,0.0
2025-06-12 00:00:00+01:00,0.5,0.550000011920929,0.44999998807907104,0.4749999940395355,663034,0.0,0.0
2025-06-13 00:00:00+01:00,0.4749999940395355,0.5,0.44999998807907104,0.4749999940395355,1154628,0.0,0.0
2025-06-16 00:00:00+01:00,0.4749999940395355,0.5,0.4000000059604645,0.42500001192092896,6346231,0.0,0.0
2025-06-17 00:00:00+01:00,0.42500001192092896,0.44999998807907104,0.4000000059604645,0.42500001192092896,2003251,0.0,0.0
2025-06-18 00:00:00+01:00,0.42500001192092896,0.44999998807907104,0.3499999940395355,0.375,6627173,0.0,0.0
2025-06-19 00:00:00+01:00,0.375,0.4000000059604645,0.3499999940395355,0.36000001430511475,1347266,0.0,0.0
2025-06-20 00:00:00+01:00,0.36000001430511475,0.3700000047683716,0.25,0.2750000059604645,10277242,0.0,0.0
2025-06-23 00:00:00+01:00,0.2750000059604645,0.699999988079071,0.25200000405311584,0.42500001192092896,220684310,0.0,0.0
2025-06-24 00:00:00+01:00,0.42500001192092896,0.5,0.3190000057220459,0.44999998807907104,67391215,0.0,0.0
2025-06-25 00:00:00+01:00,0.4749999940395355,0.5400000214576721,0.3019999861717224,0.32499998807907104,43736189,0.0,0.0
2025-06-26 00:00:00+01:00,0.32499998807907104,0.3499999940395355,0.2750000059604645,0.32499998807907104,12977048,0.0,0.0
2025-06-27 00:00:00+01:00,0.32499998807907104,0.32499998807907104,0.32499998807907104,0.32499998807907104,0,0.0,0.0
2025-06-30 00:00:00+01:00,0.32499998807907104,0.32499998807907104,0.32499998807907104,0.32499998807907104,0,0.0,0.0
2025-07-01 00:00:00+01:00,0.32499998807907104,0.32499998807907104,0.32499998807907104,0.32499998807907104,0,0.0,0.0
2025-07-02 00:00:00+01:00,0.32499998807907104,0.32499998807907104,0.32499998807907104,0.32499998807907104,0,0.0,0.0
2025-07-03 00:00:00+01:00,0.32499998807907104,0.32499998807907104,0.32499998807907104,0.32499998807907104,0,0.0,0.0
2025-07-04 00:00:00+01:00,0.375,0.3440000116825104,0.23000000417232513,0.2849999964237213,27014569,0.0,0.0
