Date,Open,High,Low,Close,Volume,Dividends,Stock Splits
2020-12-11 00:00:00+00:00,309.82025146484375,338.5036224294454,271.84228515625,331.8074951171875,15023677,0.0,0.0
2020-12-14 00:00:00+00:00,344.74996722953875,350.3667031736376,333.4265206946552,336.8045654296875,3335299,0.0,0.0
2020-12-15 00:00:00+00:00,334.8057209459649,344.4501184493577,329.7586618301642,338.95330810546875,1374604,0.0,0.0
2020-12-16 00:00:00+00:00,331.8574837295393,361.9920113335829,329.80868440515854,339.8028869628906,160128,0.0,0.0
2020-12-17 00:00:00+00:00,348.5977179657901,358.5919189453125,339.80283330376267,358.5919189453125,2684841,0.0,0.0
2020-12-18 00:00:00+00:00,364.3885986292735,364.3885986292735,341.80169677734375,341.80169677734375,1494574,0.0,0.0
2020-12-21 00:00:00+00:00,345.79931675702676,363.76889916846056,334.80569686012706,347.79815673828125,4881553,0.0,0.0
2020-12-22 00:00:00+00:00,349.79702705560726,349.79702705560726,335.0056221114937,343.8005065917969,402241,0.0,0.0
2020-12-23 00:00:00+00:00,339.8028869628906,346.6389178523931,339.8028869628906,339.8028869628906,429349,0.0,0.0
2020-12-24 00:00:00+00:00,349.59719326951375,349.59719326951375,339.7329202250139,339.8028869628906,164630,0.0,0.0
2020-12-29 00:00:00+00:00,349.59719326951375,349.59719326951375,336.40486419323884,339.8028869628906,637367,0.0,0.0
2020-12-30 00:00:00+00:00,342.00156202202646,345.85930887335576,314.21766562433777,336.8045654296875,1555263,0.0,0.0
2020-12-31 00:00:00+00:00,337.80401611328125,346.46900237258524,333.4065734827891,334.8057556152344,647361,0.0,0.0
2021-01-04 00:00:00+00:00,337.80401611328125,339.2031982457265,333.80633544921875,334.8057556152344,2309582,0.0,0.0
2021-01-05 00:00:00+00:00,331.8074337121212,336.8045336174242,323.81207386363633,329.80859375,1639769,0.0,0.0
2021-01-06 00:00:00+00:00,328.8092346191406,341.6018005441874,328.8092346191406,331.8074951171875,737255,0.0,0.0
2021-01-07 00:00:00+00:00,339.8028564453125,339.8028564453125,328.20957641955465,332.8069152832031,3687943,0.0,0.0
2021-01-08 00:00:00+00:00,336.40486419323884,349.59719326951375,333.2067071748103,339.8028869628906,1041779,0.0,0.0
2021-01-11 00:00:00+00:00,345.7993149616309,346.45893581200545,334.8056951218103,337.803955078125,1886587,0.0,0.0
2021-01-12 00:00:00+00:00,339.8027950490015,339.8027950490015,335.00559131884893,337.803955078125,838151,0.0,0.0
2021-01-13 00:00:00+00:00,338.8034362792969,339.6029602121562,334.2060974156484,334.8057556152344,3132787,0.0,0.0
2021-01-14 00:00:00+00:00,334.20612778790417,338.80346706935336,329.80868475777766,335.8052062988281,1178493,0.0,0.0
2021-01-15 00:00:00+00:00,335.8051635488359,337.80400380805514,332.20724498226485,335.20550537109375,867557,0.0,0.0
2021-01-18 00:00:00+00:00,335.0056400666308,355.9634814309108,334.8057438405046,347.19854736328125,1167334,0.0,0.0
2021-01-19 00:00:00+00:00,347.7982177734375,358.60194732807577,347.1985595738515,349.79705810546875,1284818,0.0,0.0
2021-01-20 00:00:00+00:00,348.7976379394531,353.79473876953125,345.79937744140625,353.79473876953125,1022761,0.0,0.0
2021-01-21 00:00:00+00:00,354.59426270239055,359.791259765625,348.19797973986715,354.7941589355469,2736844,0.0,0.0
2021-01-22 00:00:00+00:00,365.7877616505814,365.7877616505814,349.99693605250343,350.3966979980469,643157,0.0,0.0
2021-01-25 00:00:00+00:00,365.7877490303733,365.7877490303733,351.59597170410615,351.7958679199219,572743,0.0,0.0
2021-01-26 00:00:00+00:00,354.5942687646552,358.7918457336373,351.0713187191972,356.5931091308594,639815,0.0,0.0
2021-01-27 00:00:00+00:00,364.78835420512405,364.78835420512405,347.92313919906525,347.99810791015625,1873172,0.0,0.0
2021-01-28 00:00:00+00:00,349.7970701237464,355.3938293457031,346.7788320986369,355.3938293457031,889416,0.0,0.0
2021-01-29 00:00:00+00:00,355.3937869905468,362.49165815958594,349.3972665030794,359.7912292480469,380334,0.0,0.0
2021-02-01 00:00:00+00:00,365.78779332940337,365.78779332940337,353.5948546851363,355.3938293457031,700426,0.0,0.0
2021-02-02 00:00:00+00:00,359.79124148907835,361.79008171957327,358.5519703061336,360.3908996582031,191344,0.0,0.0
2021-02-03 00:00:00+00:00,361.79005878464886,377.78077961490953,361.59016257431875,374.182861328125,570201,0.0,0.0
2021-02-04 00:00:00+00:00,385.77615250083784,385.77615250083784,369.3856692199493,372.78369140625,685851,0.0,0.0
2021-02-05 00:00:00+00:00,377.5809390022251,377.7808352419893,362.3897702765517,369.3857116699219,258874,0.0,0.0
2021-02-08 00:00:00+00:00,382.5780580932716,382.5780580932716,365.78781015496503,379.7796936035156,359913,0.0,0.0
2021-02-09 00:00:00+00:00,388.5745483469218,394.7709655761719,375.781982421875,389.77386474609375,1272666,0.0,0.0
2021-02-10 00:00:00+00:00,391.772674792326,398.1689572603878,388.9743107437616,394.77093505859375,1026899,0.0,0.0
2021-02-11 00:00:00+00:00,393.77156383877457,399.5681888729956,387.77504256204196,391.1730651855469,305501,0.0,0.0
2021-02-12 00:00:00+00:00,386.17592843434835,403.7657286539005,386.17592843434835,401.36712646484375,1146630,0.0,0.0
2021-02-15 00:00:00+00:00,409.7622620751806,418.75704343780654,401.16724267313936,416.9580993652344,778809,0.0,0.0
2021-02-16 00:00:00+00:00,424.7536021137469,435.347462760561,410.76171875,410.76171875,1280510,0.0,0.0
2021-02-17 00:00:00+00:00,410.16206771185364,414.9892846370897,395.57052584761544,398.56878662109375,629586,0.0,0.0
2021-02-18 00:00:00+00:00,416.3584150756981,416.3584150756981,389.7738346148141,394.77093505859375,877489,0.0,0.0
2021-02-19 00:00:00+00:00,393.77155106457354,428.3514954052463,393.77155106457354,424.5536804199219,764184,0.0,0.0
2021-02-22 00:00:00+00:00,438.34567213647455,443.3427727524857,421.9551882159343,427.35205078125,913956,0.0,0.0
2021-02-23 00:00:00+00:00,407.7633982989805,441.34391955299037,407.7633982989805,422.75469970703125,601283,0.0,0.0
2021-02-24 00:00:00+00:00,442.7431270714756,446.1711308708157,410.36192026599883,416.9580993652344,767528,0.0,0.0
2021-02-25 00:00:00+00:00,431.74949245760223,431.74949245760223,407.16375137045685,410.3619079589844,397933,0.0,0.0
2021-02-26 00:00:00+00:00,413.95982684904607,419.9563475827365,396.06020879899444,418.3572692871094,1522916,0.0,0.0
2021-03-01 00:00:00+00:00,430.35029753540397,430.35029753540397,408.76281745724566,409.7622375488281,492366,0.0,0.0
2021-03-02 00:00:00+00:00,404.7651368687135,424.7535386893907,399.7680364135442,406.76397705078125,466599,0.0,0.0
2021-03-03 00:00:00+00:00,420.7558898925781,420.7558898925781,403.36598510388285,404.7651672363281,488188,0.0,0.0
2021-03-04 00:00:00+00:00,418.75701718873614,420.9557535839515,392.7720948810819,394.77093505859375,1096454,0.0,0.0
2021-03-05 00:00:00+00:00,394.1713073765859,395.2107128892094,388.17478638049215,389.77386474609375,1561789,0.0,0.0
2021-03-08 00:00:00+00:00,384.5768676828593,392.04253754299134,383.37758178357035,383.77734375,752047,0.0,0.0
2021-03-09 00:00:00+00:00,383.9772399831563,395.7703857421875,378.83020172826946,389.77386474609375,601504,0.0,0.0
2021-03-10 00:00:00+00:00,390.5733825258341,390.9731749858484,382.17825936353677,386.9754943847656,791881,0.0,0.0
2021-03-11 00:00:00+00:00,371.5844055246562,405.9644836355001,371.5844055246562,401.76690673828125,1018757,0.0,0.0
2021-03-12 00:00:00+00:00,401.9668029714376,415.11914551630616,394.9708618093282,401.76690673828125,234008,0.0,0.0
2021-03-15 00:00:00+00:00,415.7587890625,418.9569457937032,394.9708618093282,396.7698059082031,237657,0.0,0.0
2021-03-16 00:00:00+00:00,410.7617124648904,425.5531195945725,401.7669304401118,413.9598693847656,489050,0.0,0.0
2021-03-17 00:00:00+00:00,419.7564697265625,431.47967925388366,407.163769534789,407.763427734375,3436650,0.0,0.0
2021-03-18 00:00:00+00:00,411.7610781014684,416.1585204084011,406.5640814206238,414.75933837890625,1130241,0.0,0.0
2021-03-19 00:00:00+00:00,410.76166403500366,416.048604941747,404.3653814492767,414.5594482421875,16026161,0.0,0.0
2021-03-22 00:00:00+00:00,408.36305759422777,442.9429990385532,408.36305759422777,439.7448425292969,774406,0.0,0.0
2021-03-23 00:00:00+00:00,458.7338169535476,458.7338169535476,419.55653759764976,427.9516906738281,656386,0.0,0.0
2021-03-24 00:00:00+00:00,424.15386922235865,424.9534235737896,418.35724504891397,420.15618896484375,694562,0.0,0.0
2021-03-25 00:00:00+00:00,427.35207535770667,430.3503358997394,409.56237784171583,415.55889892578125,681823,0.0,0.0
2021-03-26 00:00:00+00:00,411.5612121652812,423.754150390625,408.16318970080465,411.7611083984375,447741,0.0,0.0
2021-03-29 00:00:00+01:00,413.75991791515816,423.75411883098326,406.7639772740806,409.7622375488281,214086,0.0,0.0
2021-03-30 00:00:00+01:00,413.7599235050384,414.5594473891536,393.5716251823763,400.56756591796875,408656,0.0,0.0
2021-03-31 00:00:00+01:00,401.766863731982,403.1660457146548,393.77150325970376,399.1683654785156,556417,0.0,0.0
2021-04-01 00:00:00+01:00,400.1678100290217,400.8474083907877,393.7715273597033,399.3682861328125,308057,0.0,0.0
2021-04-06 00:00:00+01:00,405.7645567336885,406.3642148879509,393.57161942991604,403.7657165527344,464396,0.0,0.0
2021-04-07 00:00:00+01:00,390.1736434346943,428.95116583796823,390.1736434346943,427.1521911621094,784869,0.0,0.0
2021-04-08 00:00:00+01:00,424.5536337537097,447.1405334472656,419.3566676869733,447.1405334472656,488072,0.0,0.0
2021-04-09 00:00:00+01:00,467.52869776248946,467.52869776248946,438.9453080860237,457.1347351074219,296125,0.0,0.0
2021-04-12 00:00:00+01:00,469.72745239550727,469.72745239550727,445.5414734977435,447.5403137207031,385747,0.0,0.0
2021-04-13 00:00:00+01:00,425.7529733766037,450.9383727340456,425.7529733766037,449.33929443359375,284547,0.0,0.0
2021-04-14 00:00:00+01:00,449.7390383515444,464.73033962992923,448.13996011520726,452.93719482421875,261437,0.0,0.0
2021-04-15 00:00:00+01:00,461.7320865728916,467.7286071777344,452.57739478951265,467.7286071777344,172587,0.0,0.0
2021-04-16 00:00:00+01:00,467.7285770489152,474.3247553893244,457.9342728918596,470.7268371582031,241496,0.0,0.0
2021-04-19 00:00:00+01:00,478.72224747191035,485.1185302734375,470.72688634503083,485.1185302734375,383614,0.0,0.0
2021-04-20 00:00:00+01:00,505.206817798951,505.206817798951,476.52345115621057,486.1178894042969,1476410,0.0,0.0
2021-04-21 00:00:00+01:00,489.51592508434175,500.29067842880767,480.5211446932461,497.711181640625,414084,0.0,0.0
2021-04-22 00:00:00+01:00,473.1254423549136,506.5760324210963,473.1254423549136,496.7117614746094,968702,0.0,0.0
2021-04-23 00:00:00+01:00,487.117368074446,506.7060088355194,476.1237465809732,504.20745849609375,629403,0.0,0.0
2021-04-26 00:00:00+01:00,519.6984234800433,519.6984234800433,494.71292235119506,504.7071228027344,4430619,0.0,0.0
2021-04-27 00:00:00+01:00,509.70423811573096,515.7007585641513,500.45960242441623,501.20916748046875,408231,0.0,0.0
2021-04-28 00:00:00+01:00,504.70714028174365,504.70714028174365,489.5159428693509,495.1127014160156,3237746,0.0,0.0
2021-04-29 00:00:00+01:00,485.71818845792995,497.7112301482492,479.7216676127703,485.1185302734375,454389,0.0,0.0
2021-04-30 00:00:00+01:00,489.71585101578347,495.9122678612418,482.9198065077618,492.714111328125,464767,0.0,0.0
2021-05-04 00:00:00+01:00,488.1167593607593,493.13386766572137,476.7233765863447,478.12255859375,250933,0.0,0.0
2021-05-05 00:00:00+01:00,479.72165565685674,487.5171203613281,478.722235540905,487.5171203613281,277000,0.0,0.0
2021-05-06 00:00:00+01:00,491.7147338506772,495.912310851795,484.7187925154033,493.3138122558594,510716,0.0,0.0
2021-05-07 00:00:00+01:00,497.71127990277245,497.71127990277245,485.718237013549,489.5160217285156,390008,0.0,0.0
2021-05-10 00:00:00+01:00,494.7129884804425,494.7129884804425,477.72284544172027,478.5223693847656,353999,0.0,0.0
2021-05-11 00:00:00+01:00,483.31957984813744,483.31957984813744,471.7263002670224,477.32305908203125,252389,0.0,0.0
2021-05-12 00:00:00+01:00,480.9210021129782,490.3155456912693,479.32192372733897,486.5177307128906,488158,0.0,0.0
2021-05-13 00:00:00+01:00,482.3201341679206,508.7048180409942,480.92095216326527,501.20916748046875,752318,0.0,0.0
2021-05-14 00:00:00+01:00,510.2039793107153,516.700210193222,501.70890815666814,504.20745849609375,281650,0.0,0.0
2021-05-17 00:00:00+01:00,479.52179534762706,507.7054569282428,479.52179534762706,492.31439208984375,186487,0.0,0.0
2021-05-18 00:00:00+01:00,494.9128185601776,511.20335309623493,493.51360609705864,504.7071228027344,427350,0.0,0.0
2021-05-19 00:00:00+01:00,499.7100678851276,514.2016598537963,498.1109895679188,504.20745849609375,611847,0.0,0.0
2021-05-20 00:00:00+01:00,508.20512399112476,511.7030943627451,499.94990415413884,509.7042541503906,187145,0.0,0.0
2021-05-21 00:00:00+01:00,485.3183396385081,524.6954800406295,485.3183396385081,523.1963500976562,544170,0.0,0.0
2021-05-24 00:00:00+01:00,515.2010801728162,526.2546644383763,509.20455935606174,510.2039794921875,205122,0.0,0.0
2021-05-25 00:00:00+01:00,510.70371990111715,527.6938632246377,510.70371990111715,517.199951171875,314055,0.0,0.0
2021-05-26 00:00:00+01:00,529.6926721466393,533.1906426230794,508.20513921993603,510.2039794921875,429258,0.0,0.0
2021-05-27 00:00:00+01:00,510.2039696563861,522.5977795015475,494.40314004883993,496.51190185546875,2002912,0.0,0.0
2021-05-28 00:00:00+01:00,521.1976165771484,521.1976165771484,493.9134582448751,499.7100830078125,926479,0.0,0.0
2021-06-01 00:00:00+01:00,524.195844207701,524.195844207701,483.91922624260036,486.71759033203125,249671,0.0,0.0
2021-06-02 00:00:00+01:00,499.71010155970555,499.71010155970555,478.1126456102395,493.1139221191406,603696,0.0,0.0
2021-06-03 00:00:00+01:00,466.5293096968444,497.51133407302416,466.2544752579999,491.11505126953125,244070,0.0,0.0
2021-06-04 00:00:00+01:00,491.31495971325785,494.7129821777344,486.1179626500234,494.7129821777344,167795,0.0,0.0
2021-06-07 00:00:00+01:00,494.7129821777344,495.6624435354024,487.5171447824687,494.7129821777344,377284,0.0,0.0
2021-06-08 00:00:00+01:00,494.7129143887949,495.7123344178632,487.91687039108217,489.91571044921875,265234,0.0,0.0
2021-06-09 00:00:00+01:00,494.71295128570745,494.71295128570745,467.32884654683846,488.7164306640625,783342,0.0,0.0
2021-06-10 00:00:00+01:00,492.3143421627032,493.513627970114,471.1266240664257,477.9226989746094,197696,0.0,0.0
2021-06-11 00:00:00+01:00,495.7123713893149,495.7123713893149,477.3230475829133,488.7164306640625,907702,0.0,0.0
2021-06-14 00:00:00+01:00,494.71295724278207,494.71295724278207,479.9215517312333,484.51885986328125,455296,0.0,0.0
2021-06-15 00:00:00+01:00,495.71240234375,495.71240234375,474.7245788574219,474.7245788574219,808773,0.0,0.0
2021-06-16 00:00:00+01:00,477.3230468330737,479.5217527576275,468.32826591473645,476.723388671875,1175175,0.0,0.0
2021-06-17 00:00:00+01:00,459.7332582414374,472.72571988739105,459.33349629076906,464.3305969238281,624781,0.0,0.0
2021-06-18 00:00:00+01:00,485.7182136519877,485.7182136519877,438.7454645951082,457.3346862792969,1362677,0.0,0.0
2021-06-21 00:00:00+01:00,438.74548219643225,457.334704626372,438.74548219643225,456.73504638671875,741188,0.0,0.0
2021-06-22 00:00:00+01:00,459.7332453780353,459.7332453780353,450.5385682705222,452.7373046875,782153,0.0,0.0
2021-06-23 00:00:00+01:00,459.7332458496094,462.5316099287416,449.9389410727658,459.7332458496094,1462005,0.0,0.0
2021-06-24 00:00:00+01:00,464.7303771972656,469.72747802734375,461.1324584996328,462.7315368652344,804913,0.0,0.0
2021-06-25 00:00:00+01:00,464.7303281193751,468.2282983310263,459.53333160496993,462.33172607421875,340621,0.0,0.0
2021-06-28 00:00:00+01:00,484.91870244270626,484.91870244270626,458.73388050581895,460.9326171875,651593,0.0,0.0
2021-06-29 00:00:00+01:00,454.7362058547907,463.9308841951053,454.7362058547907,457.7344665527344,1535056,0.0,0.0
2021-06-30 00:00:00+01:00,458.53395996801555,469.72747802734375,457.5345398019999,462.7315368652344,351504,0.0,0.0
2021-07-01 00:00:00+01:00,464.93026109254725,469.92736179001713,459.1336059835529,460.1330261230469,576023,0.0,0.0
2021-07-02 00:00:00+01:00,465.33001668802183,465.33001668802183,444.14229782040036,455.3358154296875,490638,0.0,0.0
2021-07-05 00:00:00+01:00,458.13416759015627,462.0618812619,454.06154898391713,459.7332458496094,199964,0.0,0.0
2021-07-06 00:00:00+01:00,473.3253967249766,473.3253967249766,455.9354919362813,462.7315368652344,398638,0.0,0.0
2021-07-07 00:00:00+01:00,482.12028820618406,482.12028820618406,446.4010207719051,472.5258483886719,212087,0.0,0.0
2021-07-08 00:00:00+01:00,450.138783322018,473.7251025444607,450.138783322018,463.531005859375,217270,0.0,0.0
2021-07-09 00:00:00+01:00,466.729211329305,486.11795619247306,456.3352478407916,458.9337463378906,258879,0.0,0.0
2021-07-12 00:00:00+01:00,463.3311380603642,463.3311380603642,425.15328021570406,446.5408630371094,492576,0.0,0.0
2021-07-13 00:00:00+01:00,468.7280386361007,468.7280386361007,436.3468326853102,446.3410339355469,749557,0.0,0.0
2021-07-14 00:00:00+01:00,431.54957368673956,442.7430906618906,419.6484899944956,441.1440124511719,1090462,0.0,0.0
2021-07-15 00:00:00+01:00,434.9476684499532,450.9983538761735,434.9476684499532,444.7419738769531,626548,0.0,0.0
2021-07-16 00:00:00+01:00,464.33058372313155,464.33058372313155,442.4033043286598,449.7390441894531,631234,0.0,0.0
2021-07-19 00:00:00+01:00,421.95523625575436,450.3387648862007,419.1668452545935,429.7507019042969,388663,0.0,0.0
2021-07-20 00:00:00+01:00,435.5472522737683,435.5472522737683,418.7570073760642,424.15386962890625,464184,0.0,0.0
2021-07-21 00:00:00+01:00,423.953986551591,435.7471306395918,423.953986551591,430.7500305175781,539774,0.0,0.0
2021-07-22 00:00:00+01:00,448.13999634142965,452.13767700549215,434.3480102503672,445.74139404296875,1019969,0.0,0.0
2021-07-23 00:00:00+01:00,449.73910475716286,464.13075000941507,449.33934276402243,456.73504638671875,704753,0.0,0.0
2021-07-26 00:00:00+01:00,476.72340653862324,476.72340653862324,454.1365052860831,460.1330261230469,1555604,0.0,0.0
2021-07-27 00:00:00+01:00,465.13017017435175,465.13017017435175,452.5374691430113,457.7344665527344,4786093,0.0,0.0
2021-07-28 00:00:00+01:00,455.1359434005605,474.32482303663664,455.1359434005605,470.5270080566406,257509,0.0,0.0
2021-07-29 00:00:00+01:00,466.1295302819594,491.91458725824725,466.1295302819594,489.7158508300781,2247672,0.0,0.0
2021-07-30 00:00:00+01:00,465.92968179592333,487.3172667070017,465.92968179592333,482.1202697753906,669940,0.0,0.0
2021-08-02 00:00:00+01:00,485.71818838189967,489.11621076031514,475.9238832029583,482.1202697753906,207211,0.0,0.0
2021-08-03 00:00:00+01:00,478.1225830986934,490.1156246337771,478.1225830986934,480.3213195800781,168417,0.0,0.0
2021-08-04 00:00:00+01:00,484.51885333270315,487.1173516983248,468.52813169796207,477.7228088378906,183627,0.0,0.0
2021-08-05 00:00:00+01:00,474.92448703963726,496.11217679231913,459.933184172223,485.3184509277344,461054,0.0,0.0
2021-08-06 00:00:00+01:00,471.7262824453788,488.31666203813734,468.22730563457327,480.92095947265625,310654,0.0,0.0
2021-08-09 00:00:00+01:00,470.1272399937734,484.7187805175781,467.1289794957265,484.7187805175781,191501,0.0,0.0
2021-08-10 00:00:00+01:00,472.5258303494177,485.71818840734795,452.33756180607867,483.11968994140625,266469,0.0,0.0
2021-08-11 00:00:00+01:00,483.1196405561641,490.9151351571215,475.72393837054733,478.7221984863281,418740,0.0,0.0
2021-08-12 00:00:00+01:00,471.7262945338714,501.2091879422384,467.12895590242096,483.5194396972656,604527,0.0,0.0
2021-08-13 00:00:00+01:00,491.1150324959327,495.3126091283288,476.52349289269995,483.7193298339844,163346,0.0,0.0
2021-08-16 00:00:00+01:00,475.5241269876533,485.59531086497077,466.529345035807,479.9216003417969,167807,0.0,0.0
2021-08-17 00:00:00+01:00,470.92675857338975,482.71990343457196,470.92675857338975,480.92095947265625,147285,0.0,0.0
2021-08-18 00:00:00+01:00,483.51947608654575,499.7100953767045,465.92970512919277,493.3138122558594,1868114,0.0,0.0
2021-08-19 00:00:00+01:00,485.71817041513873,497.11155349773986,474.92444549475476,489.7158508300781,198126,0.0,0.0
2021-08-20 00:00:00+01:00,480.3212900577015,493.7135128487649,480.3212900577015,490.31549072265625,157355,0.0,0.0
2021-08-23 00:00:00+01:00,480.3213557191658,497.3114991721958,480.3213557191658,493.1139221191406,153346,0.0,0.0
2021-08-24 00:00:00+01:00,489.51592591644294,507.60043285349843,489.3160602073397,504.7071228027344,173302,0.0,0.0
2021-08-25 00:00:00+01:00,508.7048340442134,511.7030943627451,504.2074435664158,509.7042541503906,170699,0.0,0.0
2021-08-26 00:00:00+01:00,512.7025603508048,524.4957064591154,504.70719878587994,515.2011108398438,3404729,0.0,0.0
2021-08-27 00:00:00+01:00,516.7002410741244,528.1935733223883,516.2005309763738,517.199951171875,613485,0.0,0.0
2021-08-31 00:00:00+01:00,529.692625053198,529.692625053198,512.2027742259697,513.701904296875,245406,0.0,0.0
2021-09-01 00:00:00+01:00,510.20399475097656,524.1958770751953,510.20399475097656,517.6996459960938,1347268,0.0,0.0
2021-09-02 00:00:00+01:00,512.7025749860492,529.692718796503,512.7025749860492,524.6956176757812,177573,0.0,0.0
2021-09-03 00:00:00+01:00,508.7048499711325,534.1900634765625,506.60505508636345,534.1900634765625,289939,0.0,0.0
2021-09-06 00:00:00+01:00,544.6839607252418,559.1755523408675,528.1935288867712,558.6758422851562,221920,0.0,0.0
2021-09-07 00:00:00+01:00,579.1640517058196,579.1640517058196,538.6875304045501,539.6869506835938,208519,0.0,0.0
2021-09-08 00:00:00+01:00,533.6903233426494,548.3318519316358,533.1906133020665,539.1871337890625,182632,0.0,0.0
2021-09-09 00:00:00+01:00,535.1894086131733,543.6844785911602,530.1923086261222,542.68505859375,253454,0.0,0.0
2021-09-10 00:00:00+01:00,567.6706069793562,567.6706069793562,542.1853948702478,549.1813354492188,245880,0.0,0.0
2021-09-13 00:00:00+01:00,547.6822509765625,554.6781921386719,525.6950073242188,525.6950073242188,189751,0.0,0.0
2021-09-14 00:00:00+01:00,549.6811720817793,549.6811720817793,518.6991423826245,519.1988525390625,265412,0.0,0.0
2021-09-15 00:00:00+01:00,545.6834268061197,545.6834268061197,510.70371995957356,515.2011108398438,225224,0.0,0.0
2021-09-16 00:00:00+01:00,503.7077489533493,522.197021484375,503.7077489533493,522.197021484375,302519,0.0,0.0
2021-09-17 00:00:00+01:00,527.6938028556534,539.1871337890625,520.6978622874914,539.1871337890625,697592,0.0,0.0
2021-09-20 00:00:00+01:00,552.6793995245125,552.6793995245125,524.1959223338279,530.1924438476562,134522,0.0,0.0
2021-09-21 00:00:00+01:00,534.6897888183594,536.1889190673828,521.1976165771484,525.6950073242188,329741,0.0,0.0
2021-09-22 00:00:00+01:00,497.9111971612663,525.1953586856067,497.9111971612663,521.6973876953125,797852,0.0,0.0
2021-09-23 00:00:00+01:00,528.6932678222656,542.6851501464844,521.6973266601562,533.6903686523438,243883,0.0,0.0
2021-09-24 00:00:00+01:00,529.6926267219312,538.1876971504905,519.1987161925344,527.6937866210938,137863,0.0,0.0
2021-09-27 00:00:00+01:00,533.1905644587698,540.6862143808706,516.2004246353414,518.698974609375,106955,0.0,0.0
2021-09-28 00:00:00+01:00,514.2016284520462,514.7013384894145,499.71003736836366,501.20916748046875,905213,0.0,0.0
2021-09-29 00:00:00+01:00,484.9186477171476,515.7007747874541,484.9186477171476,509.7042541503906,165755,0.0,0.0
2021-09-30 00:00:00+01:00,484.91867675073445,519.1987762451172,484.91867675073445,506.7060241699219,308658,0.0,0.0
2021-10-01 00:00:00+01:00,500.7094427417861,512.2027732638031,498.110944523789,505.70654296875,151447,0.0,0.0
2021-10-04 00:00:00+01:00,505.7065290396302,513.7018891825493,492.3143069002165,494.1132507324219,405954,0.0,0.0
2021-10-05 00:00:00+01:00,497.31145039887843,505.7065731817615,488.92230559269825,500.70947265625,540493,0.0,0.0
2021-10-06 00:00:00+01:00,502.7083435058594,505.20689392089844,495.71240234375,499.7100830078125,677232,0.0,0.0
2021-10-07 00:00:00+01:00,514.2016598537963,514.2016598537963,495.51249111493973,504.20745849609375,610168,0.0,0.0
2021-10-08 00:00:00+01:00,507.2057342529297,515.2010955810547,499.31032104138285,499.7100830078125,580577,0.0,0.0
2021-10-11 00:00:00+01:00,499.7100830078125,499.7100830078125,482.52004395239055,484.7187805175781,464094,0.0,0.0
2021-10-12 00:00:00+01:00,482.1202819859609,487.117382816039,479.5217834543437,484.7187805175781,135770,0.0,0.0
2021-10-13 00:00:00+01:00,488.516558955044,501.70891718455096,481.7205141094692,496.9117126464844,196007,0.0,0.0
2021-10-14 00:00:00+01:00,500.2096600158632,518.6989281682977,500.2096600158632,516.2003784179688,402391,0.0,0.0
2021-10-15 00:00:00+01:00,519.1987147959628,527.6937852016715,503.707704056141,515.7007446289062,330227,0.0,0.0
2021-10-18 00:00:00+01:00,509.70419504820956,523.696074912278,509.70419504820956,520.6978149414062,565811,0.0,0.0
2021-10-19 00:00:00+01:00,517.1999359130859,526.6944274902344,517.1999359130859,523.6961669921875,174015,0.0,0.0
2021-10-20 00:00:00+01:00,523.1964569091797,523.1964569091797,507.2057342529297,508.7048645019531,131328,0.0,0.0
2021-10-21 00:00:00+01:00,514.701338582964,514.701338582964,502.2085876464844,502.2085876464844,156675,0.0,0.0
2021-10-22 00:00:00+01:00,499.51015698425545,513.7019346952438,499.51015698425545,511.7030944824219,155950,0.0,0.0
2021-10-25 00:00:00+01:00,514.201650275629,514.201650275629,498.7106384597452,499.5101623535156,162791,0.0,0.0
2021-10-26 00:00:00+01:00,502.20860281390344,503.7077329715569,493.1138737574963,500.70947265625,260391,0.0,0.0
2021-10-27 00:00:00+01:00,523.6962061627565,523.6962061627565,487.71707749508624,489.5160217285156,220638,0.0,0.0
2021-10-28 00:00:00+01:00,493.71353340510854,536.6885980537313,487.3172508131967,526.6943969726562,432197,0.0,0.0
2021-10-29 00:00:00+01:00,534.1900787353516,535.689208984375,516.7002258300781,533.6903686523438,409727,0.0,0.0
2021-11-01 00:00:00+00:00,536.1888595303623,557.6763907137785,519.2986362002383,549.6810302734375,412897,0.0,0.0
2021-11-02 00:00:00+00:00,551.1801302532175,561.6740402580385,533.3604545650993,552.6792602539062,252918,0.0,0.0
2021-11-03 00:00:00+00:00,539.6868301556859,553.6787109375,539.6868301556859,553.6787109375,1108651,0.0,0.0
2021-11-04 00:00:00+00:00,559.6752031797286,571.1685332450265,546.6827431059133,570.6688232421875,402630,0.0,0.0
2021-11-05 00:00:00+00:00,569.6694792214488,581.1628108197763,553.1790469281963,564.1726684570312,532241,0.0,0.0
2021-11-08 00:00:00+00:00,568.6699961738827,568.6699961738827,546.6827555485305,554.1784057617188,304593,0.0,0.0
2021-11-09 00:00:00+00:00,556.1772771799787,565.6717679853871,554.6781470528089,563.1732177734375,441394,0.0,0.0
2021-11-10 00:00:00+00:00,558.1761009658593,562.6734912153604,543.6845101619112,551.6798706054688,550631,0.0,0.0
2021-11-11 00:00:00+00:00,550.1807413918631,565.1720422472272,549.6810313633509,559.6752319335938,538468,0.0,0.0
2021-11-12 00:00:00+00:00,552.6793670516457,559.6753084067299,547.1225932153126,553.1790771484375,494281,0.0,0.0
2021-11-15 00:00:00+00:00,556.6769422142906,565.1720122480815,548.6815821824875,564.6723022460938,489924,0.0,0.0
2021-11-16 00:00:00+00:00,569.1697845458984,572.6677551269531,563.6729736328125,567.670654296875,417716,0.0,0.0
2021-11-17 00:00:00+00:00,553.1791066155429,571.1686710583248,553.1791066155429,566.1715698242188,497385,0.0,0.0
2021-11-18 00:00:00+00:00,556.6966458834135,578.1849365234375,556.6966458834135,578.1849365234375,208072,2.0,0.0
2021-11-19 00:00:00+00:00,570.1892934945914,588.1794903094952,570.1892934945914,571.6884765625,267184,0.0,0.0
2021-11-22 00:00:00+00:00,579.6840759440395,579.6840759440395,559.6949698770036,561.1941528320312,1251059,0.0,0.0
2021-11-23 00:00:00+00:00,556.696631421911,560.6944528324813,542.2045288085938,542.2045288085938,364618,0.0,0.0
2021-11-24 00:00:00+00:00,552.6988243689904,553.1985520582933,535.9709401852809,545.70263671875,251327,0.0,0.0
2021-11-25 00:00:00+00:00,541.7048384435645,553.1985757906143,536.7075613361516,547.2018432617188,261652,0.0,0.0
2021-11-26 00:00:00+00:00,532.2100075584495,553.198571236811,531.710279851822,541.704833984375,181989,0.0,0.0
2021-11-29 00:00:00+00:00,549.2008047858588,560.6945431935701,540.7054329192896,555.697265625,245461,0.0,0.0
2021-11-30 00:00:00+00:00,547.2018105151741,560.6944578977401,547.2018105151741,554.197998046875,1383603,0.0,0.0
2021-12-01 00:00:00+00:00,557.6961526309742,561.6939745136335,548.2013256596584,560.6945190429688,269606,0.0,0.0
2021-12-02 00:00:00+00:00,552.1990872125556,556.1969086584384,541.7048059171134,547.7015380859375,328496,0.0,0.0
2021-12-03 00:00:00+00:00,537.2073547928421,551.6994601779514,537.2073547928421,539.7059936523438,163058,0.0,0.0
2021-12-06 00:00:00+00:00,546.7020827244669,548.2012657666729,540.2056228749074,547.7015380859375,134200,0.0,0.0
2021-12-07 00:00:00+00:00,559.1952706245754,574.6868286132812,545.2028956670347,574.6868286132812,225545,0.0,0.0
2021-12-08 00:00:00+00:00,556.6967012787538,578.6847217960476,556.6967012787538,566.1915283203125,358465,0.0,0.0
2021-12-09 00:00:00+00:00,565.1920027492357,575.6862839673913,563.6928197180707,574.6868286132812,271977,0.0,0.0
2021-12-10 00:00:00+00:00,577.6852231419568,577.6852231419568,564.6923028982795,568.6901245117188,237663,0.0,0.0
2021-12-13 00:00:00+00:00,566.6912184164557,571.0288817439438,562.6933967697788,567.690673828125,178101,0.0,0.0
2021-12-14 00:00:00+00:00,569.6895418038818,570.1892694721307,549.700435073921,557.1963500976562,628113,0.0,0.0
2021-12-15 00:00:00+00:00,549.7004675051896,558.6955660643654,546.2023736210657,556.6966552734375,1029241,0.0,0.0
2021-12-16 00:00:00+00:00,564.6922607421875,572.6879033721654,560.1947117628249,564.6922607421875,552791,0.0,0.0
2021-12-17 00:00:00+00:00,564.6922607421875,565.1919884065611,551.1996138040998,564.6922607421875,579422,0.0,0.0
2021-12-20 00:00:00+00:00,537.2073364257812,552.1991690702216,536.7076086709666,537.2073364257812,231515,0.0,0.0
2021-12-21 00:00:00+00:00,543.7036789249539,545.2028618631662,534.4687217858724,542.7042236328125,718713,0.0,0.0
2021-12-22 00:00:00+00:00,524.7141317652362,552.1991577148438,524.7141317652362,552.1991577148438,282993,0.0,0.0
2021-12-23 00:00:00+00:00,554.6977677853276,561.6939558474849,550.6999460355235,558.1958618164062,179150,0.0,0.0
2021-12-24 00:00:00+00:00,557.1963270399306,564.1925141059028,556.1968717447917,562.193603515625,79925,0.0,0.0
2021-12-29 00:00:00+00:00,567.6906967163086,588.1795334815979,567.6906967163086,575.6863403320312,611723,0.0,0.0
2021-12-30 00:00:00+00:00,548.2012840992248,586.6803168026345,548.2012840992248,576.18603515625,405262,0.0,0.0
2021-12-31 00:00:00+00:00,570.6889503243736,573.2075970863456,564.6922187973224,567.1908569335938,41518,0.0,0.0
2022-01-04 00:00:00+00:00,569.6896037649601,575.1866087135694,554.198044364334,563.69287109375,434758,0.0,0.0
2022-01-05 00:00:00+00:00,562.6933399847699,569.1897995050203,553.1985145320962,553.6982421875,259775,0.0,0.0
2022-01-06 00:00:00+00:00,545.7025509518761,546.202278562638,531.710177850546,537.7069091796875,252698,0.0,0.0
2022-01-07 00:00:00+00:00,539.7058948527673,539.7058948527673,523.2148813989327,528.212158203125,180041,0.0,0.0
2022-01-10 00:00:00+00:00,527.2127217767782,529.2116325702447,510.2219800323133,517.7178955078125,391141,0.0,0.0
2022-01-11 00:00:00+00:00,521.7158019843299,528.21226312015,518.7174353062591,519.2171630859375,248010,0.0,0.0
2022-01-12 00:00:00+00:00,519.2170225943171,523.7145713944603,519.2170225943171,523.21484375,308626,0.0,0.0
2022-01-13 00:00:00+00:00,544.703205873045,544.703205873045,516.2187262998674,521.2160034179688,575485,0.0,0.0
2022-01-14 00:00:00+00:00,519.2170406586943,521.7156789679276,507.72330443622076,512.7205810546875,1528496,0.0,0.0
2022-01-17 00:00:00+00:00,514.7195365756165,515.2192642810298,504.22525476193897,509.7222595214844,277290,0.0,0.0
2022-01-18 00:00:00+00:00,504.72499570903994,507.223634301659,494.53053805077064,497.9287109375,312231,0.0,0.0
2022-01-19 00:00:00+00:00,495.1302370138774,507.22365438108653,494.7304609234243,502.7261047363281,815707,0.0,0.0
2022-01-20 00:00:00+00:00,503.22582768637034,507.72337728833395,479.53872091564466,503.7255554199219,445059,0.0,0.0
2022-01-21 00:00:00+00:00,499.5278143126075,500.2274453176313,487.1345730163186,489.13348388671875,273015,0.0,0.0
2022-01-24 00:00:00+00:00,485.3355705211226,485.3355705211226,454.7522277832031,454.7522277832031,707691,0.0,0.0
2022-01-25 00:00:00+00:00,460.34911828773414,474.74126853904244,451.55389332791134,454.3523864746094,595202,0.0,0.0
2022-01-26 00:00:00+00:00,459.549570406202,465.1045573031715,448.5555612529344,456.15142822265625,506955,0.0,0.0
2022-01-27 00:00:00+00:00,450.7543627330502,461.148692270162,448.55554876323794,454.95208740234375,477231,0.0,0.0
2022-01-28 00:00:00+00:00,457.35082580097503,457.35082580097503,443.9711221109168,446.756591796875,3277773,0.0,0.0
2022-01-31 00:00:00+00:00,459.749524271201,462.7478907338392,448.9554172060876,460.9488830566406,2497055,0.0,0.0
2022-02-01 00:00:00+00:00,458.1503745862713,473.14220641501686,456.02152958643586,465.3464660644531,3113397,0.0,0.0
2022-02-02 00:00:00+00:00,444.75764133891124,489.20043393779645,444.75764133891124,487.7342224121094,909559,0.0,0.0
2022-02-03 00:00:00+00:00,484.7358650131256,490.5326940850643,462.5479431152344,462.5479431152344,709564,0.0,0.0
2022-02-04 00:00:00+00:00,468.5447050519725,468.5447050519725,453.15309714686094,455.1520080566406,218404,0.0,0.0
2022-02-07 00:00:00+00:00,459.7494514912696,462.5479142130079,454.352398813085,456.95098876953125,143086,0.0,0.0
2022-02-08 00:00:00+00:00,453.3529710150239,456.15143390670755,445.95700722903877,452.353515625,283731,0.0,0.0
2022-02-09 00:00:00+00:00,454.7522397507856,467.1454815031424,454.7522397507856,457.350830078125,212997,0.0,0.0
2022-02-10 00:00:00+00:00,455.5517635715763,459.7494884929826,445.7571127562397,451.75384521484375,313398,0.0,0.0
2022-02-11 00:00:00+00:00,445.7570838879041,450.0187690433925,444.9575318122546,447.55609130859375,172283,0.0,0.0
2022-02-14 00:00:00+00:00,433.76363197816625,440.55991631569003,425.9678922674209,435.7625427246094,1201082,0.0,0.0
2022-02-15 00:00:00+00:00,433.76366342397836,455.55177993936115,431.1650731650253,454.7522277832031,528550,0.0,0.0
2022-02-16 00:00:00+00:00,450.95425600133353,460.7489060111668,450.95425600133353,459.74945068359375,517250,0.0,0.0
2022-02-17 00:00:00+00:00,481.7374798421033,481.7374798421033,462.34805210632624,465.1465148925781,702961,0.0,0.0
2022-02-18 00:00:00+00:00,443.5582621765283,469.3442279284861,443.5582621765283,459.74945068359375,764104,0.0,0.0
2022-02-21 00:00:00+00:00,480.93794672474615,480.93794672474615,457.1508900998159,462.5479431152344,222965,0.0,0.0
2022-02-22 00:00:00+00:00,449.7549258407093,467.3453468182264,449.7549258407093,463.94720458984375,201915,0.0,0.0
2022-02-23 00:00:00+00:00,449.754931382842,477.33990660784804,449.754931382842,460.1492614746094,742140,0.0,0.0
2022-02-24 00:00:00+00:00,446.55667168032596,453.7527629405598,431.9646468763967,445.1574401855469,602395,0.0,0.0
2022-02-25 00:00:00+00:00,426.56755919059714,459.5495879063946,426.56755919059714,456.3513488769531,422494,0.0,0.0
2022-02-28 00:00:00+00:00,434.3633242757098,463.1476276838283,434.3633242757098,460.1492614746094,457980,0.0,0.0
2022-03-01 00:00:00+00:00,460.14928533108986,460.94886799557764,450.9543134466793,455.1520080566406,454151,0.0,0.0
2022-03-02 00:00:00+00:00,449.75495731191717,480.1383972167969,449.75495731191717,480.1383972167969,830686,0.0,0.0
2022-03-03 00:00:00+00:00,477.739693007235,484.3361049104556,465.54632462549523,468.3448181152344,369631,0.0,0.0
2022-03-04 00:00:00+00:00,464.74674854803527,464.74674854803527,435.7625427246094,435.7625427246094,594749,0.0,0.0
2022-03-07 00:00:00+00:00,435.7625171378338,435.7625171378338,393.98529719059803,417.5724182128906,1356211,0.0,0.0
2022-03-08 00:00:00+00:00,417.17267810876984,433.1639645183132,414.1743119069805,426.7674560546875,540523,0.0,0.0
2022-03-09 00:00:00+00:00,449.754944545999,449.754944545999,429.76583589951014,436.76202392578125,457461,0.0,0.0
2022-03-10 00:00:00+00:00,453.15307578511806,453.15307578511806,414.7739942267392,418.3720397949219,334597,0.0,0.0
2022-03-11 00:00:00+00:00,419.77130710639466,432.9641318158372,416.77294062706324,426.1678161621094,378836,0.0,0.0
2022-03-14 00:00:00+00:00,407.7778394051099,434.56323430290433,407.7778394051099,430.36553955078125,185476,0.0,0.0
2022-03-15 00:00:00+00:00,447.7560673544459,447.7560673544459,417.3726260270151,422.3699035644531,301466,0.0,0.0
2022-03-16 00:00:00+00:00,432.3643746758497,474.341497838535,428.3665534222606,467.7450866699219,1823503,0.0,0.0
2022-03-17 00:00:00+00:00,457.7505759177457,483.3366404098464,457.7505759177457,480.53814697265625,430538,0.0,0.0
2022-03-18 00:00:00+00:00,466.7456518732002,488.9335730063132,466.7456518732002,485.535400390625,911435,0.0,0.0
2022-03-21 00:00:00+00:00,462.7478783009281,486.9347126500864,462.7478783009281,480.1383972167969,230241,0.0,0.0
2022-03-22 00:00:00+00:00,478.73915041123405,486.7347938419019,476.1405601960752,485.93524169921875,235124,0.0,0.0
2022-03-23 00:00:00+00:00,483.73644366419035,488.9336242675781,479.33884573107156,488.9336242675781,663109,0.0,0.0
2022-03-24 00:00:00+00:00,469.74400524249296,487.534297921507,469.74400524249296,485.73529052734375,276599,0.0,0.0
2022-03-25 00:00:00+00:00,486.5348698853303,494.93031953161835,482.53704833984375,482.53704833984375,305981,0.0,0.0
2022-03-28 00:00:00+01:00,482.5370267338945,490.7325727355635,481.53757139227423,481.9373779296875,156003,0.0,0.0
2022-03-29 00:00:00+01:00,485.5354010934646,499.12800007302263,482.1372589738143,497.12908935546875,196444,0.0,0.0
2022-03-30 00:00:00+01:00,496.72931845308557,498.52832591712024,487.3344440835406,494.73040771484375,348230,0.0,0.0
2022-03-31 00:00:00+01:00,494.7304068009203,499.72768363729324,492.3317200196528,497.52886962890625,548807,0.0,0.0
2022-04-01 00:00:00+01:00,495.13018376230065,500.2274122450087,492.53159370239484,494.73040771484375,194950,0.0,0.0
2022-04-04 00:00:00+01:00,494.330661500025,507.7233581542969,490.3928046679641,507.7233581542969,1521478,0.0,0.0
2022-04-05 00:00:00+01:00,508.72279010009765,511.72115625,497.9286841608323,499.7276916503906,271742,0.0,0.0
2022-04-06 00:00:00+01:00,502.22631914579495,503.2257745072791,489.13344781016093,492.931396484375,982440,0.0,0.0
2022-04-07 00:00:00+01:00,494.5305068152966,509.7222406992655,491.3322679193267,500.7271423339844,262964,0.0,0.0
2022-04-08 00:00:00+01:00,500.2274169921875,503.72551081730774,491.3322702227877,493.73095703125,1099085,0.0,0.0
2022-04-11 00:00:00+01:00,491.13240680561734,495.9298113128436,486.9347121753745,491.7320861816406,532951,0.0,0.0
2022-04-12 00:00:00+01:00,491.73208736111917,491.73208736111917,483.9363469569977,488.9336242675781,449057,0.0,0.0
2022-04-13 00:00:00+01:00,486.5348768746613,489.3333702972784,475.54086746663853,487.5343322753906,414973,0.0,0.0
2022-04-14 00:00:00+01:00,475.34101703592444,499.3279477812095,475.34101703592444,495.5299987792969,380070,0.0,0.0
2022-04-19 00:00:00+01:00,493.9308714547657,499.1280212402344,486.13510102512515,499.1280212402344,304445,0.0,0.0
2022-04-20 00:00:00+01:00,495.33013559644854,509.72228822254,492.9314485755934,503.7255554199219,845802,0.0,0.0
2022-04-21 00:00:00+01:00,494.73040259459543,503.2257731441996,487.7342150831567,497.12908935546875,300353,0.0,0.0
2022-04-22 00:00:00+01:00,484.73587509029164,497.32901938870543,482.33718820034585,483.7364196777344,1170705,0.0,0.0
2022-04-25 00:00:00+01:00,478.73911456541947,479.73856991941824,462.9477321726214,476.7402038574219,313489,0.0,0.0
2022-04-26 00:00:00+01:00,454.9520781108736,473.34205007033313,454.55227157837714,456.95098876953125,447219,0.0,0.0
2022-04-27 00:00:00+01:00,440.3600482226237,456.9510136946545,440.3600482226237,447.7560119628906,400940,0.0,0.0
2022-04-28 00:00:00+01:00,449.3551406017671,460.5490224489188,449.3551406017671,452.95318603515625,527033,0.0,0.0
2022-04-29 00:00:00+01:00,459.9494025653731,460.54905142453396,444.95757106716616,446.95648193359375,165914,0.0,0.0
2022-05-03 00:00:00+01:00,446.9564512334747,446.9564512334747,433.9635314941406,433.9635314941406,708081,0.0,0.0
2022-05-04 00:00:00+01:00,437.5615635574983,437.5615635574983,410.57626765648683,410.97607421875,510860,0.0,0.0
2022-05-05 00:00:00+01:00,414.7739672919574,426.9673346753807,405.9787724750648,407.1781005859375,1304513,0.0,0.0
2022-05-06 00:00:00+01:00,392.78596011933803,407.1781113364964,386.5893246295406,400.98150634765625,2157093,0.0,0.0
2022-05-09 00:00:00+01:00,420.77070200831673,420.77070200831673,395.5844150083863,398.7826843261719,723353,0.0,0.0
2022-05-10 00:00:00+01:00,398.78269835381167,415.77343988768337,398.78269835381167,408.7772521972656,467848,0.0,0.0
2022-05-11 00:00:00+01:00,410.17645574327645,422.36982280352794,407.7777690841491,414.7739562988281,478796,0.0,0.0
2022-05-12 00:00:00+01:00,409.7767435546624,420.17107436414955,399.38241274517526,416.5730285644531,573674,0.0,0.0
2022-05-13 00:00:00+01:00,421.97007941825876,436.3622309872699,418.7718099580527,435.1628723144531,302785,0.0,0.0
2022-05-16 00:00:00+01:00,452.75329334367035,452.75329334367035,431.56482679696086,435.1628723144531,721025,0.0,0.0
2022-05-17 00:00:00+01:00,452.5534069900916,452.5534069900916,433.5637537996785,438.1612548828125,595580,0.0,0.0
2022-05-18 00:00:00+01:00,445.55724662826015,452.7533383790399,425.96794336406396,426.1678161621094,379440,0.0,0.0
2022-05-19 00:00:00+01:00,406.37858555299437,424.7685594378777,406.37858555299437,423.76910400390625,341541,0.0,0.0
2022-05-20 00:00:00+01:00,414.7739963501092,434.76310460794576,414.7739963501092,424.3687744140625,457715,0.0,0.0
2022-05-23 00:00:00+01:00,444.357903519617,444.5577763109975,428.1667128707519,439.3606262207031,305132,0.0,0.0
2022-05-24 00:00:00+01:00,446.7565614902479,464.34698253949625,433.7636413574219,433.7636413574219,513075,0.0,0.0
2022-05-25 00:00:00+01:00,447.9559186608749,447.9559186608749,427.1672282175553,437.96136474609375,365034,0.0,0.0
2022-05-26 00:00:00+01:00,454.7522167497381,454.7522167497381,435.9624670272754,449.35516357421875,495669,0.0,0.0
2022-05-27 00:00:00+01:00,452.7533501066783,459.5496354354887,447.55616920749725,457.9505310058594,348389,0.0,0.0
2022-05-30 00:00:00+01:00,478.3393589218113,478.3393589218113,460.1492585029711,468.544677734375,537697,0.0,0.0
2022-05-31 00:00:00+01:00,463.3475200916114,469.7440284209822,446.8764844551437,466.34588623046875,498826,0.0,0.0
2022-06-01 00:00:00+01:00,465.1465367499912,466.34589542957565,452.7532958984375,452.7532958984375,584846,0.0,0.0
2022-06-06 00:00:00+01:00,456.9509891579365,470.56356587481304,446.5566293233165,455.5517272949219,125122,0.0,0.0
2022-06-07 00:00:00+01:00,439.7604123974928,455.5517968241094,439.7604123974928,446.15692138671875,249898,0.0,0.0
2022-06-08 00:00:00+01:00,439.7603458658806,445.75707785496076,435.362748507413,438.3611145019531,250750,0.0,0.0
2022-06-09 00:00:00+01:00,417.1726743027741,439.7603722503711,417.1726743027741,437.96136474609375,357389,0.0,0.0
2022-06-10 00:00:00+01:00,425.16830195475393,432.7641687536232,418.17211446912955,419.17156982421875,174898,0.0,0.0
2022-06-13 00:00:00+01:00,399.78217590338556,409.9766335893057,398.1160914935538,406.5784606933594,397376,0.0,0.0
2022-06-14 00:00:00+01:00,410.57625872931817,413.5746248753481,399.7821528039934,411.5757141113281,522491,0.0,0.0
2022-06-15 00:00:00+01:00,417.57247694493714,423.16943359375,412.77510296078896,423.16943359375,328652,0.0,0.0
2022-06-16 00:00:00+01:00,439.5604489745865,439.5604489745865,412.17537859411806,417.37255859375,883606,0.0,0.0
2022-06-17 00:00:00+01:00,436.5621148605306,436.5621148605306,417.77236518191876,428.9662780761719,1041113,0.0,0.0
2022-06-20 00:00:00+01:00,431.7647197662033,445.557191669463,424.16885285531015,426.96734619140625,274170,0.0,0.0
2022-06-21 00:00:00+01:00,446.75656727554804,446.75656727554804,417.3725843871466,418.3720397949219,155974,0.0,0.0
2022-06-22 00:00:00+01:00,411.17593711313384,428.76635789624834,408.5773470256923,427.36712646484375,260624,0.0,0.0
2022-06-23 00:00:00+01:00,447.55608136984665,447.55608136984665,415.57351103878966,420.77069091796875,453573,0.0,0.0
2022-06-24 00:00:00+01:00,443.5583208512147,443.5583208512147,423.96901824024025,439.3606262207031,326941,0.0,0.0
2022-06-27 00:00:00+01:00,452.5533851774408,462.3480662304507,436.1623229980469,436.1623229980469,187768,0.0,0.0
2022-06-28 00:00:00+01:00,436.1622979190782,441.3194910584308,431.9646038528302,432.3643798828125,121148,0.0,0.0
2022-06-29 00:00:00+01:00,455.5518081124646,455.5518081124646,421.5703208578861,422.3699035644531,149453,0.0,0.0
2022-06-30 00:00:00+01:00,420.37099450285604,422.1700022243087,409.17708056659444,418.17218017578125,668264,0.0,0.0
2022-07-01 00:00:00+01:00,398.38292856901234,420.9706267108381,398.38292856901234,415.17376708984375,160043,0.0,0.0
2022-07-04 00:00:00+01:00,398.9826243018608,437.76148321755244,398.9826243018608,405.1792297363281,208178,0.0,0.0
2022-07-05 00:00:00+01:00,407.77778456947425,409.37691923660475,397.7832310261048,406.17864990234375,319485,0.0,0.0
2022-07-06 00:00:00+01:00,409.57681096404514,426.7674560546875,386.5893367503266,426.7674560546875,219161,0.0,0.0
2022-07-07 00:00:00+01:00,431.56486783669027,431.56486783669027,424.3688066183531,430.36553955078125,149545,0.0,0.0
2022-07-08 00:00:00+01:00,450.754380698516,450.754380698516,423.7690851799795,427.76690673828125,258924,0.0,0.0
2022-07-11 00:00:00+01:00,429.76582481747585,429.76582481747585,415.37367306331487,419.7712707519531,73313,0.0,0.0
2022-07-12 00:00:00+01:00,423.36934895352266,423.36934895352266,412.37533863391303,415.5735778808594,88001,0.0,0.0
2022-07-13 00:00:00+01:00,435.7625610481739,435.7625610481739,405.5789953072976,409.97662353515625,426298,0.0,0.0
2022-07-14 00:00:00+01:00,408.177575625269,415.3736666415761,403.7799780046182,413.374755859375,1669517,0.0,0.0
2022-07-15 00:00:00+01:00,404.77941881112565,420.57080122115224,402.92142252173926,419.17156982421875,424967,0.0,0.0
2022-07-18 00:00:00+01:00,419.57132884196324,419.77123210525275,412.77504490349855,417.5724182128906,213343,0.0,0.0
2022-07-19 00:00:00+01:00,402.9803983717007,421.7701462408143,401.5811365189522,420.77069091796875,381378,0.0,0.0
2022-07-20 00:00:00+01:00,424.1688594259091,424.1688594259091,416.77289567479727,420.3709411621094,494510,0.0,0.0
2022-07-21 00:00:00+01:00,433.5637296759022,445.9570007324219,417.5724436684781,445.9570007324219,355333,0.0,0.0
2022-07-22 00:00:00+01:00,463.5474300468704,463.5474300468704,437.36171530113756,439.3606262207031,341461,0.0,0.0
2022-07-25 00:00:00+01:00,427.9668154422826,446.15688546259173,427.9668154422826,436.9619140625,270932,0.0,0.0
2022-07-26 00:00:00+01:00,424.9684485339972,440.27209083933985,422.36985839225474,426.7674560546875,237390,0.0,0.0
2022-07-27 00:00:00+01:00,405.97879800109695,433.76364607954133,405.97879800109695,432.7641906738281,174991,0.0,0.0
2022-07-28 00:00:00+01:00,453.19700159599677,453.19700159599677,420.122826652566,440.0029296875,230132,4.2,0.0
2022-07-29 00:00:00+01:00,416.6133923466619,454.59638028532,416.6133923466619,450.9980163574219,263188,0.0,0.0
2022-08-01 00:00:00+01:00,472.38840151537687,472.38840151537687,446.20012024935426,447.5994873046875,296202,0.0,0.0
2022-08-02 00:00:00+01:00,469.7895972529445,469.7895972529445,433.0060835419401,438.00384521484375,853593,0.0,0.0
2022-08-03 00:00:00+01:00,416.21359983800033,448.5990904529147,416.21359983800033,445.6004333496094,188580,0.0,0.0
2022-08-04 00:00:00+01:00,429.80746937849227,453.7967234833383,429.80746937849227,447.5994873046875,133566,0.0,0.0
2022-08-05 00:00:00+01:00,430.80701487656074,448.2791989903183,430.80701487656074,442.201904296875,301208,0.0,0.0
2022-08-08 00:00:00+01:00,415.214030091433,446.79988969167226,415.214030091433,441.4023132324219,129298,0.0,0.0
2022-08-09 00:00:00+01:00,429.6076048062972,441.002526449752,420.21181844576415,420.61163330078125,145126,0.0,0.0
2022-08-10 00:00:00+01:00,406.0181762970617,440.40277099609375,406.0181762970617,440.40277099609375,257200,0.0,0.0
2022-08-11 00:00:00+01:00,449.19877701246,449.19877701246,437.91983279060327,447.5994873046875,132573,0.0,0.0
2022-08-12 00:00:00+01:00,448.7989890646701,451.3978311823088,440.8025705512684,450.9980163574219,391758,0.0,0.0
2022-08-15 00:00:00+01:00,452.9971155513671,475.0372316129587,449.3987211627215,457.59503173828125,121398,0.0,0.0
2022-08-16 00:00:00+01:00,477.1862729438893,477.1862729438893,445.4005212710934,450.5981750488281,102270,0.0,0.0
2022-08-17 00:00:00+01:00,453.1970311062291,455.65592135544824,440.40277317932265,443.2015075683594,105330,0.0,0.0
2022-08-18 00:00:00+01:00,463.1925255985691,463.1925255985691,435.51492021748106,448.9989013671875,149772,0.0,0.0
2022-08-19 00:00:00+01:00,468.5901421769534,468.5901421769534,444.80080780384304,448.19927978515625,122164,0.0,0.0
2022-08-22 00:00:00+01:00,473.38798739363335,473.38798739363335,435.40499902976444,438.4036560058594,505343,0.0,0.0
2022-08-23 00:00:00+01:00,438.20373204312705,441.80212650458105,418.8124230891843,423.4103698730469,330110,0.0,0.0
2022-08-24 00:00:00+01:00,406.61785288662134,422.61068927160414,403.0194891031319,422.4107971191406,301404,0.0,0.0
2022-08-25 00:00:00+01:00,441.0025120950526,441.0025120950526,421.8110946397348,431.0069885253906,139709,0.0,0.0
2022-08-26 00:00:00+01:00,435.005193492542,435.005193492542,424.809747354468,425.40948486328125,274606,0.0,0.0
2022-08-30 00:00:00+01:00,428.80794133565513,434.2055177132229,406.01816085085096,414.814208984375,726832,0.0,0.0
2022-08-31 00:00:00+01:00,415.8137716389388,418.0127989789806,410.51615646145166,416.8133239746094,501277,0.0,0.0
2022-09-01 00:00:00+01:00,417.81288992090344,417.81288992090344,399.8209472927305,400.4206848144531,191091,0.0,0.0
2022-09-02 00:00:00+01:00,393.0239959695463,411.01593825800927,393.0239959695463,410.2162780761719,199694,0.0,0.0
2022-09-05 00:00:00+01:00,401.4202254412055,418.61250736957084,401.4202254412055,407.617431640625,287456,0.0,0.0
2022-09-06 00:00:00+01:00,421.01144892345866,429.6075744628906,410.41618824230494,429.6075744628906,331125,0.0,0.0
2022-09-07 00:00:00+01:00,427.80839898141977,438.20373715495134,427.80839898141977,435.00518798828125,153251,0.0,0.0
2022-09-08 00:00:00+01:00,432.4063281638823,441.00248398667793,432.4063281638823,439.8030090332031,293453,0.0,0.0
2022-09-09 00:00:00+01:00,460.1938990464533,460.1938990464533,429.2077759805012,431.0069885253906,662614,0.0,0.0
2022-09-12 00:00:00+01:00,435.80480184876296,440.00293370116583,429.4076732435092,439.60308837890625,1113924,0.0,0.0
2022-09-13 00:00:00+01:00,460.5937138884563,460.5937138884563,429.2077759805012,431.0069885253906,716213,0.0,0.0
2022-09-14 00:00:00+01:00,420.4116830731529,435.4049668453487,418.8123933700026,426.40899658203125,738495,0.0,0.0
2022-09-15 00:00:00+01:00,421.4112353246327,442.8016474055159,421.4112353246327,426.40899658203125,299582,0.0,0.0
2022-09-16 00:00:00+01:00,422.61074423485064,427.4086140766881,416.8133524928721,423.0105895996094,658358,0.0,0.0
2022-09-20 00:00:00+01:00,423.810247651152,427.0088277595214,410.616142834029,426.20916748046875,337345,0.0,0.0
2022-09-21 00:00:00+01:00,439.00341978014643,439.4931906876393,419.81200178279437,429.8075256347656,1133269,0.0,0.0
2022-09-22 00:00:00+01:00,427.20867283809577,431.48675572149176,419.01236178317237,421.81109619140625,403070,0.0,0.0
2022-09-23 00:00:00+01:00,422.6106848199186,425.2095268058857,411.8155325753348,419.81195068359375,1879161,0.0,0.0
2022-09-26 00:00:00+01:00,419.6120348242005,427.0087460972482,414.41438127201394,425.20953369140625,778115,0.0,0.0
2022-09-27 00:00:00+01:00,426.0092094168556,431.4067858241966,417.4130533957263,417.6129455566406,1010705,0.0,0.0
2022-09-28 00:00:00+01:00,413.0150327994484,413.6147397911817,399.0213002525695,411.2158203125,575582,0.0,0.0
2022-09-29 00:00:00+01:00,410.61608844492656,414.81422046809803,399.42112055633027,404.6187744140625,647178,0.0,0.0
2022-09-30 00:00:00+01:00,394.82317469184005,421.4112730630106,394.82317469184005,419.612060546875,368708,0.0,0.0
2022-10-03 00:00:00+01:00,400.2207764570896,418.8124572721002,400.2207764570896,417.0132751464844,1553739,0.0,0.0
2022-10-04 00:00:00+01:00,405.41839456136256,433.00604248046875,405.41839456136256,433.00604248046875,900163,0.0,0.0
2022-10-05 00:00:00+01:00,444.80078041006664,444.80078041006664,429.60757301247105,435.8048095703125,1302834,0.0,0.0
2022-10-06 00:00:00+01:00,436.4045998372369,442.601806640625,429.0079179085894,442.601806640625,706088,0.0,0.0
2022-10-07 00:00:00+01:00,437.8039136555565,441.2023854233325,404.8186872842475,408.6169738769531,753143,0.0,0.0
2022-10-10 00:00:00+01:00,416.41353331649736,425.0096900031071,399.02132776688876,402.4197998046875,455525,0.0,0.0
2022-10-11 00:00:00+01:00,402.8196004735361,405.218520033141,394.8231816055751,403.81915283203125,378970,0.0,0.0
2022-10-12 00:00:00+01:00,384.22793008696055,408.0172951147752,384.22793008696055,399.8209533691406,1165421,0.0,0.0
2022-10-13 00:00:00+01:00,399.8209060868307,413.6147151452606,396.82224929117945,410.6160583496094,838590,0.0,0.0
2022-10-14 00:00:00+01:00,414.6143081761799,426.60893653812053,400.4206829169006,403.6192321777344,318916,0.0,0.0
2022-10-17 00:00:00+01:00,415.8137612951807,418.41260340405876,396.4224525663329,414.814208984375,412642,0.0,0.0
2022-10-18 00:00:00+01:00,420.4117022503994,423.8101739596703,413.21491350989544,418.41259765625,223220,0.0,0.0
2022-10-19 00:00:00+01:00,411.8155737599607,419.012362978692,402.2198649696248,403.6192321777344,302365,0.0,0.0
2022-10-20 00:00:00+01:00,403.41927958735295,411.21577465336776,398.2215958740679,406.6178283691406,532079,0.0,0.0
2022-10-21 00:00:00+01:00,404.81867570853984,416.613380478235,403.4193086093427,412.8150939941406,513233,0.0,0.0
2022-10-24 00:00:00+01:00,404.4188690946486,432.8061484833014,404.4188690946486,415.0141296386719,300374,0.0,0.0
2022-10-25 00:00:00+01:00,419.61208903541166,438.0038777614633,405.2185404486954,437.803955078125,1710084,0.0,0.0
2022-10-26 00:00:00+01:00,432.6062400386587,434.7253166202418,360.0387646436396,377.43096923828125,4705028,0.0,0.0
2022-10-27 00:00:00+01:00,377.43097105863137,390.82496636260214,365.6362351013486,374.2323913574219,1940516,0.0,0.0
2022-10-28 00:00:00+01:00,375.6317892691576,385.62731352330144,367.0356628137293,368.235107421875,656030,0.0,0.0
2022-10-31 00:00:00+00:00,380.4296292036087,380.4296292036087,355.4408205394715,359.0392150878906,360694,0.0,0.0
2022-11-01 00:00:00+00:00,367.2355227653056,379.62996565183715,363.63712824885016,371.43365478515625,983681,0.0,0.0
2022-11-02 00:00:00+00:00,386.2270426237465,386.2270426237465,370.2342041672442,381.0293884277344,1043543,0.0,0.0
2022-11-03 00:00:00+00:00,376.631282619103,382.02888927284926,373.1928203746946,377.0311279296875,1255488,0.0,0.0
2022-11-04 00:00:00+00:00,382.2288247812662,384.22792954529365,366.8357241990384,378.8303527832031,343590,0.0,0.0
2022-11-07 00:00:00+00:00,374.2324196871019,393.82365320626866,372.32327090575865,389.4256286621094,758474,0.0,0.0
2022-11-08 00:00:00+00:00,391.4247072377948,396.4224689989926,388.42605018107616,395.0231018066406,429572,0.0,0.0
2022-11-09 00:00:00+00:00,396.62233693502674,400.82046875951033,390.02531621643124,397.4219970703125,1396545,0.0,0.0
2022-11-10 00:00:00+00:00,397.2221134872232,420.61163330078125,388.0961952904451,420.61163330078125,535086,0.0,0.0
2022-11-11 00:00:00+00:00,410.01634096519916,440.3827123868635,410.01634096519916,433.00604248046875,438382,0.0,0.0
2022-11-14 00:00:00+00:00,432.60621485192553,435.804794351484,415.81374873903064,428.20819091796875,649553,0.0,0.0
2022-11-15 00:00:00+00:00,430.40723232022845,438.8034656533592,424.4099184388613,426.808837890625,689503,0.0,0.0
2022-11-16 00:00:00+00:00,428.4081392406043,431.8066110975331,412.41530179254755,416.6134033203125,548112,0.0,0.0
2022-11-17 00:00:00+00:00,416.2375306696512,416.2375306696512,404.6420504413769,410.63970947265625,340213,2.4,0.0
2022-11-18 00:00:00+00:00,405.4417505614302,417.63697210619233,405.0419127331163,413.4386291503906,366405,0.0,0.0
2022-11-21 00:00:00+00:00,411.8392887153088,421.2356159003971,406.84123909497737,420.0361022949219,711024,0.0,0.0
2022-11-22 00:00:00+00:00,423.4347263816195,427.63306932745695,418.2367431088636,423.8345642089844,240623,0.0,0.0
2022-11-23 00:00:00+00:00,400.44374189816716,426.23366575072396,400.44374189816716,421.83538818359375,189300,0.0,0.0
2022-11-24 00:00:00+00:00,423.4347458201252,424.2344215115655,417.8369244630268,419.0364685058594,1312794,0.0,0.0
2022-11-25 00:00:00+00:00,408.44059103792307,421.23558492275885,408.44059103792307,418.23675537109375,336986,0.0,0.0
2022-11-28 00:00:00+00:00,411.23948878348017,417.8369199362394,407.241049358253,413.23870849609375,469567,0.0,0.0
2022-11-29 00:00:00+00:00,415.83770973190025,415.83770973190025,407.6408965204928,409.0403747558594,339306,0.0,0.0
2022-11-30 00:00:00+00:00,411.83926079839864,415.4378623822374,409.84004108578506,413.23870849609375,628532,0.0,0.0
2022-12-01 00:00:00+00:00,410.23987164542086,430.03216475238554,409.8400338111297,426.4335632324219,233723,0.0,0.0
2022-12-02 00:00:00+00:00,427.8330216813324,435.8299005912639,426.833411817591,429.4324035644531,611815,0.0,0.0
2022-12-05 00:00:00+00:00,425.8337830030299,431.0317662654291,419.43628626092607,420.2359619140625,116337,0.0,0.0
2022-12-06 00:00:00+00:00,430.63189894245346,430.63189894245346,407.6408730456833,409.84002685546875,328397,0.0,0.0
2022-12-07 00:00:00+00:00,402.44294535370983,410.8396622772192,398.64440949153874,400.4437255859375,506079,0.0,0.0
2022-12-08 00:00:00+00:00,401.24341139459284,403.24263121270803,397.24497175836234,399.8439636230469,129100,0.0,0.0
2022-12-09 00:00:00+00:00,402.2430140548276,402.4429482353055,394.4460691069564,397.2449645996094,1975447,0.0,0.0
2022-12-12 00:00:00+00:00,394.24612150916045,402.04309669735136,385.84940481129263,397.44488525390625,640512,0.0,0.0
2022-12-13 00:00:00+00:00,389.84786116915467,404.8420096756606,381.0513062476071,399.4441223144531,1120425,0.0,0.0
2022-12-14 00:00:00+00:00,396.04543755520695,401.4433246820025,391.4472261117618,397.44488525390625,571691,0.0,0.0
2022-12-15 00:00:00+00:00,399.24420079589987,400.84358278845997,391.4472555274713,392.0470275878906,475621,0.0,0.0
2022-12-16 00:00:00+00:00,408.64050876705204,408.64050876705204,378.4523085448356,382.8505859375,750516,0.0,0.0
2022-12-19 00:00:00+00:00,371.0551808634538,390.4476054520475,367.60450137557774,378.6521911621094,376117,0.0,0.0
2022-12-20 00:00:00+00:00,377.85250339809744,391.04736492537836,376.0532179651364,384.25,664482,0.0,0.0
2022-12-21 00:00:00+00:00,375.0536352237343,391.44723098174705,374.2889190308745,387.44879150390625,222064,0.0,0.0
2022-12-22 00:00:00+00:00,386.4492287766641,390.86748785547684,382.65069250593564,384.0501708984375,730350,0.0,0.0
2022-12-23 00:00:00+00:00,382.4507620785799,388.4484216077609,382.2508278920043,386.249267578125,114778,0.0,0.0
2022-12-28 00:00:00+00:00,394.845891730137,394.845891730137,384.2500211927002,388.4483947753906,216137,0.0,0.0
2022-12-29 00:00:00+00:00,404.44214238467697,404.44214238467697,383.25040183537175,390.8474426269531,907841,0.0,0.0
2022-12-30 00:00:00+00:00,386.8489990234375,393.64633357403585,382.8505597570454,386.8489990234375,51374,0.0,0.0
2023-01-03 00:00:00+00:00,370.6553200514815,392.8466709161915,370.6553200514815,383.0505065917969,286145,0.0,0.0
2023-01-04 00:00:00+00:00,382.6506483006872,387.6486976802974,376.75396282107357,382.45074462890625,281534,0.0,0.0
2023-01-05 00:00:00+00:00,383.85020220102206,387.0489660882999,380.05169677734375,380.05169677734375,304735,0.0,0.0
2023-01-06 00:00:00+00:00,384.84981978911753,387.4488116862307,375.2535584412931,386.249267578125,302179,0.0,0.0
2023-01-09 00:00:00+00:00,394.8458907942748,401.24338773385784,385.78543174972094,400.64361572265625,313953,0.0,0.0
2023-01-10 00:00:00+00:00,396.8451370745311,401.2434146084793,391.4472496235186,398.44451904296875,485889,0.0,0.0
2023-01-11 00:00:00+00:00,399.44411914615876,404.2422344279139,390.4476301136132,400.84356689453125,595502,0.0,0.0
2023-01-12 00:00:00+00:00,392.2469201491729,408.6405164703243,392.04701647181736,408.44061279296875,208754,0.0,0.0
2023-01-13 00:00:00+00:00,407.8408341431493,414.6381691765994,407.8408341431493,409.4402160644531,221363,0.0,0.0
2023-01-16 00:00:00+00:00,411.4394352330042,414.23833071190427,402.0431084044994,405.84161376953125,176550,0.0,0.0
2023-01-17 00:00:00+00:00,405.84165086165984,408.8404807941352,401.0435351719696,403.0427551269531,244180,0.0,0.0
2023-01-18 00:00:00+00:00,404.4421399199699,410.83963667706746,402.84275810427783,409.84002685546875,522703,0.0,0.0
2023-01-19 00:00:00+00:00,409.8400357690188,411.8392554556969,403.8423767089844,403.8423767089844,1153901,0.0,0.0
2023-01-20 00:00:00+00:00,399.8439469684138,406.24144401877396,399.8439469684138,401.4433288574219,173836,0.0,0.0
2023-01-23 00:00:00+00:00,377.2527487750308,406.44136840280026,377.2527487750308,403.8423767089844,160645,0.0,0.0
2023-01-24 00:00:00+00:00,403.84239148513535,418.83653968384084,403.84239148513535,410.83966064453125,271653,0.0,0.0
2023-01-25 00:00:00+00:00,407.2410885019997,413.83852028889976,401.6432666674883,403.6424865722656,816488,0.0,0.0
2023-01-26 00:00:00+00:00,399.8439570020262,405.8416163570566,396.4452894686436,400.84356689453125,5915392,0.0,0.0
2023-01-27 00:00:00+00:00,395.2457240647578,400.04386959323966,391.6471225448142,394.84588623046875,1393445,0.0,0.0
2023-01-30 00:00:00+00:00,379.45190981864096,394.845895596457,379.05207197486754,390.64752197265625,613696,0.0,0.0
2023-01-31 00:00:00+00:00,385.0497135558293,390.24766629873665,383.45033174813835,386.8489990234375,955511,0.0,0.0
2023-02-01 00:00:00+00:00,386.2492546492725,394.84590578781257,385.4495789410853,390.04779052734375,720497,0.0,0.0
2023-02-02 00:00:00+00:00,372.25468750238156,428.03293325765327,372.25468750238156,419.83612060546875,1363747,0.0,0.0
2023-02-03 00:00:00+00:00,419.836132196767,427.03333523669437,411.03957781967466,426.4335632324219,465434,0.0,0.0
2023-02-06 00:00:00+00:00,416.4375,424.6342830647442,412.34208277083485,416.4375,330310,0.0,0.0
2023-02-07 00:00:00+00:00,399.8439809554587,418.6366358580953,398.76441562937583,403.6424865722656,1639733,0.0,0.0
2023-02-08 00:00:00+00:00,402.64286678178803,414.4382822351723,402.64286678178803,406.04156494140625,336456,0.0,0.0
2023-02-09 00:00:00+00:00,404.4421403248279,413.03879090031637,402.24298651284096,411.6393127441406,1848889,0.0,0.0
2023-02-10 00:00:00+00:00,411.6393312017131,412.03919955321925,399.8439469684138,401.4433288574219,353832,0.0,0.0
2023-02-13 00:00:00+00:00,399.044282140164,408.640512724112,399.044282140164,406.241455078125,196468,0.0,0.0
2023-02-14 00:00:00+00:00,402.84277657067685,411.2394933558791,400.44371899000083,401.4433288574219,374949,0.0,0.0
2023-02-15 00:00:00+00:00,399.84395474298407,408.44060587109277,399.84395474298407,407.6408996582031,355162,0.0,0.0
2023-02-16 00:00:00+00:00,408.24067228816926,414.0384279438207,407.4409965797836,411.239501953125,257748,0.0,0.0
2023-02-17 00:00:00+00:00,410.8396771485861,410.8396771485861,402.6428636017462,407.4410095214844,333521,0.0,0.0
2023-02-20 00:00:00+00:00,409.2402552710364,412.8388567335282,403.60247173452495,411.6393127441406,146410,0.0,0.0
2023-02-21 00:00:00+00:00,410.2398914651671,411.83927338527354,405.4417762105204,407.6408996582031,225085,0.0,0.0
2023-02-22 00:00:00+00:00,407.84080863220197,407.84080863220197,398.04464454869685,401.2433776855469,134616,0.0,0.0
2023-02-23 00:00:00+00:00,404.64208222536325,405.8416263281099,395.8455271574668,398.44451904296875,321628,0.0,0.0
2023-02-24 00:00:00+00:00,415.4378834883753,415.4378834883753,394.24614125576545,394.4460754394531,160872,0.0,0.0
2023-02-27 00:00:00+00:00,379.4519275794062,400.2438014855352,379.4519275794062,399.8439636230469,134081,0.0,0.0
2023-02-28 00:00:00+00:00,396.84513047219076,401.24340793296454,393.04662505281186,399.4441223144531,456348,0.0,0.0
2023-03-01 00:00:00+00:00,398.4445195309174,403.64247280261316,398.4445195309174,402.0431213378906,354815,0.0,0.0
2023-03-02 00:00:00+00:00,400.6436248129263,403.84238860813093,394.2461277281894,394.6459655761719,253742,0.0,0.0
2023-03-03 00:00:00+00:00,395.8454804017218,400.6435952346261,393.84626080373323,400.0438537597656,470087,0.0,0.0
2023-03-06 00:00:00+00:00,402.4429485368195,402.4429485368195,394.446069402479,399.0442810058594,164751,0.0,0.0
2023-03-07 00:00:00+00:00,392.44686588234276,399.6440390981046,392.44686588234276,395.6455993652344,216743,0.0,0.0
2023-03-08 00:00:00+00:00,394.8459266534973,395.84553659439223,389.8478769490227,392.4468688964844,823181,0.0,0.0
2023-03-09 00:00:00+00:00,387.84866989472704,392.0470439876102,381.25123796548576,385.0497741699219,371910,0.0,0.0
2023-03-10 00:00:00+00:00,377.85251550088384,383.6502403089464,375.853295842149,378.6521911621094,419722,0.0,0.0
2023-03-13 00:00:00+00:00,372.2546726471986,378.8521032374275,360.45928955078125,360.45928955078125,451325,0.0,0.0
2023-03-14 00:00:00+00:00,361.8587796556715,372.05481272116674,357.46050224717914,370.65533447265625,1329033,0.0,0.0
2023-03-15 00:00:00+00:00,370.855309234442,370.855309234442,357.0607034651888,368.2563171386719,675119,0.0,0.0
2023-03-16 00:00:00+00:00,371.6549377441406,372.2547097677276,364.65766864886126,371.6549377441406,318187,0.0,0.0
2023-03-17 00:00:00+00:00,374.8537079105532,374.8537079105532,365.2574468869085,368.8560485839844,879395,0.0,0.0
2023-03-20 00:00:00+00:00,367.8564453125,374.653780469266,359.2597940219971,367.8564453125,386151,0.0,0.0
2023-03-21 00:00:00+00:00,369.855639507783,378.45229020288195,353.2621101206239,375.4534606933594,1026634,0.0,0.0
2023-03-22 00:00:00+00:00,393.2465297242609,396.8451314760601,381.2512108887125,383.6502685546875,4580861,0.0,0.0
2023-03-23 00:00:00+00:00,379.45191500114015,386.3092241072425,378.8521429744524,382.45074462890625,554667,0.0,0.0
2023-03-24 00:00:00+00:00,394.44604349489373,394.44604349489373,368.6560916771501,373.2543029785156,992970,0.0,0.0
2023-03-27 00:00:00+01:00,391.6471427548933,391.6471427548933,372.45465116759385,374.2539367675781,823856,0.0,0.0
2023-03-28 00:00:00+01:00,375.65339312228286,375.65339312228286,358.6600246004165,362.8583984375,2364368,0.0,0.0
2023-03-29 00:00:00+01:00,364.85758313544636,375.8532911203502,362.1586244277926,372.8544616699219,8231056,0.0,0.0
2023-03-30 00:00:00+01:00,390.647545131723,390.647545131723,370.65534670111947,386.249267578125,2687273,0.0,0.0
2023-03-31 00:00:00+01:00,377.6526032147181,391.84707581646114,377.6526032147181,388.24847412109375,1248618,0.0,0.0
2023-04-03 00:00:00+01:00,386.44920884705795,403.04273994969907,385.64950259177346,388.8482666015625,1179124,0.0,0.0
2023-04-04 00:00:00+01:00,394.6459655761719,400.0438832937888,389.9757911790303,394.6459655761719,2310283,0.0,0.0
2023-04-05 00:00:00+01:00,401.4433541604362,401.4433541604362,383.8502132837941,386.64910888671875,1459280,0.0,0.0
2023-04-06 00:00:00+01:00,382.8505999460572,388.24848742118536,381.850990024527,386.249267578125,364239,0.0,0.0
2023-04-11 00:00:00+01:00,387.84865604518126,392.64677154656323,381.25122435152525,383.45037841796875,341244,0.0,0.0
2023-04-12 00:00:00+01:00,383.4503724685727,393.8463095640525,382.85060041378705,389.8478698730469,1909483,0.0,0.0
2023-04-13 00:00:00+01:00,389.04818179645525,397.2449645996094,386.4491899786072,397.2449645996094,331403,0.0,0.0
2023-04-14 00:00:00+01:00,397.8447004479555,402.04307381072965,397.0450248101272,401.8431396484375,268478,0.0,0.0
2023-04-17 00:00:00+01:00,403.4425564368055,409.64011943191804,402.0431086963396,407.6408996582031,1008876,0.0,0.0
2023-04-18 00:00:00+01:00,411.83928090459966,415.23794848083304,405.2418494297505,412.0392150878906,482519,0.0,0.0
2023-04-19 00:00:00+01:00,405.0419554497005,410.4398429653873,405.0419554497005,409.64013671875,368834,0.0,0.0
2023-04-20 00:00:00+01:00,410.8396638059666,410.8396638059666,405.84161436793784,409.4402160644531,421622,0.0,0.0
2023-04-21 00:00:00+01:00,407.8408247917791,413.6385498046875,405.8416050624076,413.6385498046875,232455,0.0,0.0
2023-04-24 00:00:00+01:00,414.43823813595696,414.83807596346224,409.64009268888066,409.84002685546875,364625,0.0,0.0
2023-04-25 00:00:00+01:00,410.83967072544016,412.43905267368115,408.64051673339964,410.2398986816406,848264,0.0,0.0
2023-04-26 00:00:00+01:00,409.24030930632426,412.63897705078125,407.0411857096402,412.63897705078125,610864,0.0,0.0
2023-04-27 00:00:00+01:00,419.8361644106048,419.8361644106048,411.43944722352745,417.8369445800781,426815,0.0,0.0
2023-04-28 00:00:00+01:00,410.8396413516572,420.63580551251823,410.8396413516572,415.63775634765625,545658,0.0,0.0
2023-05-02 00:00:00+01:00,419.8361466924384,419.8361466924384,411.0395920116277,414.0384216308594,253767,0.0,0.0
2023-05-03 00:00:00+01:00,394.64596334319276,421.03568824013223,394.64596334319276,419.0364685058594,509763,0.0,0.0
2023-05-04 00:00:00+01:00,416.8373385605654,423.03493229539015,405.2418573340048,421.83538818359375,1860729,0.0,0.0
2023-05-05 00:00:00+01:00,426.43357087713673,432.8310678574989,418.63659569315973,430.83184814453125,316468,0.0,0.0
2023-05-09 00:00:00+01:00,430.831840420968,431.43161242524053,421.4355140396032,426.4335632324219,2145012,0.0,0.0
2023-05-10 00:00:00+01:00,424.03455313025063,428.4328308105469,421.8353990372651,428.4328308105469,209754,0.0,0.0
2023-05-11 00:00:00+01:00,427.2332556032543,439.4285083127613,421.8353683651195,424.8341979980469,511186,0.0,0.0
2023-05-12 00:00:00+01:00,427.03335128812483,427.03335128812483,420.6358236763081,421.235595703125,390982,0.0,0.0
2023-05-15 00:00:00+01:00,431.8314806349734,431.8314806349734,420.23599959086255,422.8349914550781,268937,0.0,0.0
2023-05-16 00:00:00+01:00,426.8334352958291,429.2324929996357,417.8369460272987,428.6327209472656,640215,0.0,0.0
2023-05-17 00:00:00+01:00,427.8330112864463,428.83262112590063,419.43629473616437,428.23284912109375,2547603,0.0,0.0
2023-05-18 00:00:00+01:00,429.8322532367855,443.2270196783786,427.2332614184052,439.62841796875,1917006,0.0,0.0
2023-05-19 00:00:00+01:00,443.0270830237716,446.82558812547825,436.82948995712303,444.6264343261719,449286,0.0,0.0
2023-05-22 00:00:00+01:00,444.8263559352301,455.6221294500419,442.8271363579931,448.4249572753906,669526,0.0,0.0
2023-05-23 00:00:00+01:00,451.8236520724826,455.2223194603891,443.8267732747396,449.8244323730469,1824877,0.0,0.0
2023-05-24 00:00:00+01:00,449.22470031151556,463.41917364208894,440.02830717968124,443.8268127441406,809327,0.0,0.0
2023-05-25 00:00:00+01:00,447.8252202400049,459.4207007937823,445.42616266128215,454.22271728515625,415473,0.0,0.0
2023-05-26 00:00:00+01:00,456.8217137984899,462.4195352109407,450.8240545363653,461.81976318359375,280581,0.0,0.0
2023-05-30 00:00:00+01:00,463.619047620159,496.20633563205496,458.22116039865205,493.4074401855469,1689965,0.0,0.0
2023-05-31 00:00:00+01:00,489.6089527611566,518.0278569830983,475.6144131337822,509.80108642578125,2733351,0.0,0.0
2023-06-01 00:00:00+01:00,508.8014852558954,517.2981701766716,501.3044103257987,515.2989501953125,1159608,0.0,0.0
2023-06-02 00:00:00+01:00,503.8033823223622,525.7947998046875,503.8033823223622,525.7947998046875,1018423,0.0,0.0
2023-06-05 00:00:00+01:00,524.7952270507812,529.7932768322173,519.7971772693453,524.7952270507812,1394137,0.0,0.0
2023-06-06 00:00:00+01:00,526.794381114924,537.1233573115875,521.2965270425672,534.791259765625,1484808,0.0,0.0
2023-06-07 00:00:00+01:00,536.7905021816243,547.7862107924211,530.2930380025172,538.2899169921875,579966,0.0,0.0
2023-06-08 00:00:00+01:00,535.2911166010092,542.7881910632083,518.2977478200248,529.29345703125,1282842,0.0,0.0
2023-06-09 00:00:00+01:00,526.7943916730183,529.2934163014481,507.82080953044135,512.300048828125,1418304,0.0,0.0
2023-06-12 00:00:00+01:00,512.799876368323,521.2955842981505,511.42541276207265,515.7987060546875,965257,0.0,0.0
2023-06-13 00:00:00+01:00,517.7979311735734,535.2911045240319,513.7994915506114,528.7936401367188,660914,0.0,0.0
2023-06-14 00:00:00+01:00,525.794844464558,533.7917242282774,519.7971846417684,532.7921142578125,1106779,0.0,0.0
2023-06-15 00:00:00+01:00,532.792042397553,536.7904817401238,523.7955538767688,529.793212890625,886568,0.0,0.0
2023-06-16 00:00:00+01:00,529.7931838101628,544.7873305217711,529.2933789197758,541.2886962890625,1122734,0.0,0.0
2023-06-19 00:00:00+01:00,514.7990547773734,547.2863737681785,514.7990547773734,526.7943725585938,2231950,0.0,0.0
2023-06-20 00:00:00+01:00,524.7952005137568,531.7924698539402,520.2969559379246,528.7936401367188,618863,0.0,0.0
2023-06-21 00:00:00+01:00,522.7960071382068,532.2923017229352,519.2973722912017,524.7952270507812,359663,0.0,0.0
2023-06-22 00:00:00+01:00,514.7991436696881,521.2966085897909,499.80499385406614,517.7979736328125,2498176,0.0,0.0
2023-06-23 00:00:00+01:00,516.2984948778198,523.2957639274708,508.80142089605096,511.3004455566406,1003763,0.0,0.0
2023-06-26 00:00:00+01:00,511.3004521623064,514.2992817937569,504.80298796083036,510.30084228515625,574272,0.0,0.0
2023-06-27 00:00:00+01:00,512.7998561614841,512.7998561614841,504.80297731296184,507.302001953125,324975,0.0,0.0
2023-06-28 00:00:00+01:00,506.80226376802307,519.7971936082288,503.8833891814179,517.7979736328125,424118,0.0,0.0
2023-06-29 00:00:00+01:00,517.797936470752,523.2957910085689,512.3000819329352,518.7975463867188,510805,0.0,0.0
2023-06-30 00:00:00+01:00,522.7959451829088,531.7924337233412,512.7998468046504,527.294189453125,819199,0.0,0.0
2023-07-03 00:00:00+01:00,525.2949368836449,527.7939613217213,510.80059514280225,518.2976684570312,1012328,0.0,0.0
2023-07-04 00:00:00+01:00,519.7972141877385,526.7944843787274,504.338248776471,523.795654296875,769982,0.0,0.0
2023-07-05 00:00:00+01:00,513.7995540240339,528.2938994196535,513.7995540240339,523.795654296875,315726,0.0,0.0
2023-07-06 00:00:00+01:00,522.2961703751438,529.793244591055,515.7987060546875,515.7987060546875,746285,0.0,0.0
2023-07-07 00:00:00+01:00,510.30078830372867,526.294544646255,508.80137364661687,523.2957153320312,342063,0.0,0.0
2023-07-10 00:00:00+01:00,523.2957316001566,523.2957316001566,510.30080416786996,513.7994384765625,1307088,0.0,0.0
2023-07-11 00:00:00+01:00,499.80495287024456,515.7987113620924,499.80495287024456,505.8026123046875,730902,0.0,0.0
2023-07-12 00:00:00+01:00,495.00680651343197,512.3000445970744,495.00680651343197,508.3016052246094,746875,0.0,0.0
2023-07-13 00:00:00+01:00,509.80109524657496,516.2985601859921,505.30285028851694,515.2989501953125,1007867,0.0,0.0
2023-07-14 00:00:00+01:00,515.7987166388186,521.7963761346189,511.8002769749518,518.7975463867188,578708,0.0,0.0
2023-07-17 00:00:00+01:00,518.797510473279,521.7963400135869,515.798680932971,517.298095703125,452689,0.0,0.0
2023-07-18 00:00:00+01:00,512.3000554208764,521.2965441989992,510.30083569240475,511.3004455566406,416407,0.0,0.0
2023-07-19 00:00:00+01:00,515.79873046875,542.2883939521257,507.162085920503,537.2903442382812,1771540,0.0,0.0
2023-07-20 00:00:00+01:00,528.3439234277154,529.8434804478508,513.8482055664062,513.8482055664062,400460,5.1,0.0
2023-07-21 00:00:00+01:00,516.3474771897463,516.3474771897463,507.3501348960237,512.8485107421875,2686468,0.0,0.0
2023-07-24 00:00:00+01:00,514.8479457955514,528.3439599086387,511.84883154819863,513.348388671875,2994210,0.0,0.0
2023-07-25 00:00:00+01:00,510.3492800690407,519.8464752906976,510.3492800690407,515.84765625,218062,0.0,0.0
2023-07-26 00:00:00+01:00,509.3495689339783,513.8482402984589,507.3501594386535,510.3492736816406,378359,0.0,0.0
2023-07-27 00:00:00+01:00,511.8488824101069,521.8459308946793,506.85035816782073,514.34814453125,241526,0.0,0.0
2023-07-28 00:00:00+01:00,517.847014373483,517.847014373483,506.8642665343811,514.847900390625,1193244,0.0,0.0
2023-07-31 00:00:00+01:00,512.8485419694767,517.8470657703488,509.9693873788035,515.84765625,209443,0.0,0.0
2023-08-01 00:00:00+01:00,512.848530569655,515.5977185990246,509.3495639868212,510.84912109375,482725,0.0,0.0
2023-08-02 00:00:00+01:00,507.3501736184825,509.8494355574898,502.8515021282693,505.8506164550781,814527,0.0,0.0
2023-08-03 00:00:00+01:00,504.3510592916737,510.8491403330927,500.8520925770635,505.8506164550781,1667074,0.0,0.0
2023-08-04 00:00:00+01:00,507.84998545750125,507.84998545750125,499.8523478912414,506.85028076171875,316447,0.0,0.0
2023-08-07 00:00:00+01:00,501.3519309526793,512.3486831769654,501.3519309526793,510.3492736816406,230562,0.0,0.0
2023-08-08 00:00:00+01:00,505.85061285251527,513.8452611606805,505.85061285251527,512.3486938476562,590926,0.0,0.0
2023-08-09 00:00:00+01:00,514.8480023913503,521.8459364044367,511.34903538480717,516.847412109375,247485,0.0,0.0
2023-08-10 00:00:00+01:00,516.8473156325483,527.3442146927838,515.3477586239433,517.34716796875,477289,0.0,0.0
2023-08-11 00:00:00+01:00,523.8453304020671,523.8453304020671,511.34902003942244,515.3478393554688,384203,0.0,0.0
2023-08-14 00:00:00+01:00,514.8479161073254,518.8467348732077,512.3486543786491,516.3474731445312,197048,0.0,0.0
2023-08-15 00:00:00+01:00,516.3474845810392,516.3474845810392,502.8514709472656,502.8514709472656,253427,0.0,0.0
2023-08-16 00:00:00+01:00,502.35164973682276,507.35017361480107,496.45339766252204,496.6533203125,670344,0.0,0.0
2023-08-17 00:00:00+01:00,496.6533169597919,497.6530217286389,487.8559271973651,490.85504150390625,203457,0.0,0.0
2023-08-18 00:00:00+01:00,490.85505975087483,490.85505975087483,473.7081148639302,479.8583068847656,629566,0.0,0.0
2023-08-21 00:00:00+01:00,473.66011114652616,479.6583398086193,465.86242608923254,472.06060791015625,497927,0.0,0.0
2023-08-22 00:00:00+01:00,473.86005234145057,479.85828085210187,468.0617769845815,473.2602233886719,627362,0.0,0.0
2023-08-23 00:00:00+01:00,467.86181366485187,481.65772673615777,467.66186051541433,480.4580993652344,719786,0.0,0.0
2023-08-24 00:00:00+01:00,486.656268509348,490.8550407353589,473.66010653468476,478.65863037109375,1032929,0.0,0.0
2023-08-25 00:00:00+01:00,484.85680208084347,484.85680208084347,475.85945936181747,479.6583251953125,210689,0.0,0.0
2023-08-29 00:00:00+01:00,482.85740858673495,491.85475160387904,479.8582942476869,487.256103515625,271586,0.0,0.0
2023-08-30 00:00:00+01:00,482.65745081131917,488.85563258950094,480.36613528839376,484.6568603515625,484107,0.0,0.0
2023-08-31 00:00:00+01:00,484.65685439319697,489.65537818235356,482.05764642968995,485.2566833496094,1073814,0.0,0.0
2023-09-01 00:00:00+01:00,474.0599815490892,485.85648482073395,471.86061900285273,481.857666015625,503409,0.0,0.0
2023-09-04 00:00:00+01:00,481.05791445802976,484.8567801194567,461.2637430676008,481.857666015625,258075,0.0,0.0
2023-09-05 00:00:00+01:00,471.8606256393398,484.8567869387284,471.8606256393398,484.2569580078125,213425,0.0,0.0
2023-09-06 00:00:00+01:00,473.0603055520672,486.0564674572496,473.0603055520672,485.0567626953125,706188,0.0,0.0
2023-09-07 00:00:00+01:00,485.0567423892188,486.8561986819471,474.6597888934695,477.8588562011719,244811,0.0,0.0
2023-09-08 00:00:00+01:00,481.05792401689877,488.65565549072346,475.65949411587906,487.05615234375,227291,0.0,0.0
2023-09-11 00:00:00+01:00,484.8568161692091,495.07578325320986,469.26141556803213,487.4560546875,1218110,0.0,0.0
2023-09-12 00:00:00+01:00,491.8547401220058,494.0541027893932,474.85975926413164,482.257568359375,194419,0.0,0.0
2023-09-13 00:00:00+01:00,484.856804834905,484.856804834905,475.85946206477274,482.45751953125,152591,0.0,0.0
2023-09-14 00:00:00+01:00,472.46044878907236,487.85589511517395,472.46044878907236,484.8567810058594,623051,0.0,0.0
2023-09-15 00:00:00+01:00,486.65625595757575,491.4548570219045,484.6568464745807,486.05645751953125,494893,0.0,0.0
2023-09-18 00:00:00+01:00,481.857687365371,486.65625794068626,481.457811568856,485.85650634765625,444314,0.0,0.0
2023-09-19 00:00:00+01:00,485.85651140752464,490.455159386758,470.8609400677862,473.060302734375,1225394,0.0,0.0
2023-09-20 00:00:00+01:00,483.0573298211578,511.34896101297494,481.4577961776639,502.8514709472656,580375,0.0,0.0
2023-09-21 00:00:00+01:00,500.3522428957797,502.85150484830604,489.25551372484887,490.2552185058594,462164,0.0,0.0
2023-09-22 00:00:00+01:00,489.85530910080183,497.2531178712231,489.85530910080183,493.6541748046875,1063953,0.0,0.0
2023-09-25 00:00:00+01:00,488.45574580135735,498.45279327781344,488.45574580135735,498.05291748046875,271115,0.0,0.0
2023-09-26 00:00:00+01:00,505.85060723996634,515.3478024351831,496.8532644234452,509.84942626953125,598738,0.0,0.0
2023-09-27 00:00:00+01:00,507.35017833595356,522.8456025018792,494.45399271247754,499.2525634765625,554617,0.0,0.0
2023-09-28 00:00:00+01:00,489.8553268308562,498.8526695685658,486.85621258495297,491.854736328125,992225,0.0,0.0
2023-09-29 00:00:00+01:00,491.85472996164253,505.3507438935169,491.85472996164253,498.6527099609375,350498,0.0,0.0
2023-10-02 00:00:00+01:00,497.8529459350125,502.35161713322043,486.6562409716016,490.6550598144531,496416,0.0,0.0
2023-10-03 00:00:00+01:00,481.4578306818528,489.05559315152556,477.85888735321106,480.8580017089844,404781,0.0,0.0
2023-10-04 00:00:00+01:00,457.06504496090537,495.0538272110894,457.06504496090537,486.45635986328125,740172,0.0,0.0
2023-10-05 00:00:00+01:00,482.8574112794999,487.6559820453096,471.2608296687961,480.8580017089844,374488,0.0,0.0
2023-10-06 00:00:00+01:00,476.05937921996,491.25487199976675,473.1202450299497,489.2554626464844,365600,0.0,0.0
2023-10-09 00:00:00+01:00,482.8574213027954,491.2549355715649,474.859782854716,479.8583068847656,295370,0.0,0.0
2023-10-10 00:00:00+01:00,482.8573943167022,498.8526703189118,482.8573943167022,494.8538513183594,432639,0.0,0.0
2023-10-11 00:00:00+01:00,476.2593361477148,496.653306918143,476.2593361477148,491.854736328125,409061,0.0,0.0
2023-10-12 00:00:00+01:00,495.85355753337075,508.84971932355995,483.8571004962731,500.8520812988281,601427,0.0,0.0
2023-10-13 00:00:00+01:00,502.3516338656408,502.3516338656408,480.4581060735085,482.8573913574219,396591,0.0,0.0
2023-10-16 00:00:00+01:00,489.8553367350592,496.4533943111635,480.8579938154357,490.85504150390625,476339,0.0,0.0
2023-10-17 00:00:00+01:00,490.05529776063827,502.35165441146137,487.8559350304341,499.2525634765625,691958,0.0,0.0
2023-10-18 00:00:00+01:00,496.0534916644935,498.25282373181284,485.65653822419574,490.45513916015625,358317,0.0,0.0
2023-10-19 00:00:00+01:00,486.8562303358664,500.35224493449925,484.057069141059,490.0552978515625,393229,0.0,0.0
2023-10-20 00:00:00+01:00,490.45516493015987,490.45516493015987,474.4598886536512,478.65863037109375,288346,0.0,0.0
2023-10-23 00:00:00+01:00,460.8638905683728,479.08650561084033,460.8638905683728,473.2602233886719,201127,0.0,0.0
2023-10-24 00:00:00+01:00,467.66184901123216,476.2593155799101,452.46635579336476,453.8659362792969,236657,0.0,0.0
2023-10-25 00:00:00+01:00,464.86267848011335,497.2531041692726,455.68539679475526,482.65740966796875,655531,0.0,0.0
2023-10-26 00:00:00+01:00,469.86122312495803,480.4580993652344,469.86122312495803,480.4580993652344,973266,0.0,0.0
2023-10-27 00:00:00+01:00,469.86122197230355,488.85561179671583,469.86122197230355,483.6571350097656,275714,0.0,0.0
2023-10-30 00:00:00+00:00,482.45752754730466,496.2534411539667,481.43582610065187,490.85504150390625,289808,0.0,0.0
2023-10-31 00:00:00+00:00,491.8547343476511,504.85089602756875,488.6556669614751,492.0546875,438427,0.0,0.0
2023-11-01 00:00:00+00:00,499.8523568064271,503.8511756608785,488.6556518105364,502.8514709472656,236255,0.0,0.0
2023-11-02 00:00:00+00:00,500.8520975084616,516.847374075598,500.8520975084616,505.35076904296875,760160,0.0,0.0
2023-11-03 00:00:00+00:00,495.85352910811145,515.3477706758699,491.65475718239855,506.85028076171875,335895,0.0,0.0
2023-11-06 00:00:00+00:00,506.35043158135807,509.3495456874668,500.3522033691406,500.3522033691406,513146,0.0,0.0
2023-11-07 00:00:00+00:00,480.2581288915826,506.4303904582122,480.2581288915826,503.8511657714844,200244,0.0,0.0
2023-11-08 00:00:00+00:00,482.65746297158006,507.8500360167853,482.65746297158006,504.8509216308594,866597,0.0,0.0
2023-11-09 00:00:00+00:00,506.85029232501984,516.3474871516228,501.8517687320709,511.84881591796875,298941,0.0,0.0
2023-11-10 00:00:00+00:00,506.85029232501984,513.8482253551483,505.85058760643005,511.84881591796875,311825,0.0,0.0
2023-11-13 00:00:00+00:00,514.8479062877416,519.8464296497584,507.3501212447162,517.34716796875,465575,0.0,0.0
2023-11-14 00:00:00+00:00,519.846460143132,536.3415882053661,516.3474935844763,535.8417358398438,397878,0.0,0.0
2023-11-15 00:00:00+00:00,519.8464807581018,547.8382143373842,519.8464807581018,539.840576171875,857426,0.0,0.0
2023-11-16 00:00:00+00:00,555.3637467356734,558.3630108944619,531.8695108251634,535.36865234375,364620,2.7,0.0
2023-11-17 00:00:00+00:00,537.8680503838222,545.3662109375,536.8682956433319,545.3662109375,460341,0.0,0.0
2023-11-20 00:00:00+00:00,539.3676824945578,550.864862010197,525.8709934979377,545.3662109375,491271,0.0,0.0
2023-11-21 00:00:00+00:00,541.8670637358349,562.8619130687731,540.367431640625,540.367431640625,474533,0.0,0.0
2023-11-22 00:00:00+00:00,523.3716066467117,547.865597788726,523.3716066467117,545.3662109375,246952,0.0,0.0
2023-11-23 00:00:00+00:00,541.8670732119479,553.3642528096183,540.3674410905126,548.8653564453125,734767,0.0,0.0
2023-11-24 00:00:00+00:00,564.3615498468348,564.3615498468348,538.8678040167298,544.366455078125,225854,0.0,0.0
2023-11-27 00:00:00+00:00,540.8673211907865,554.76790297307,540.8673211907865,551.36474609375,860610,0.0,0.0
2023-11-28 00:00:00+00:00,553.3642511237158,557.863147474315,536.868297838185,547.36572265625,220853,0.0,0.0
2023-11-29 00:00:00+00:00,538.8678186341426,558.8629139452426,538.8678186341426,557.8631591796875,675070,0.0,0.0
2023-11-30 00:00:00+00:00,561.862157162303,561.862157162303,536.3684115971096,539.36767578125,686909,0.0,0.0
2023-12-01 00:00:00+00:00,528.3703803491636,547.865597788726,528.3703803491636,545.3662109375,801494,0.0,0.0
2023-12-04 00:00:00+00:00,559.8626381702728,559.8626381702728,529.3701194842133,531.36962890625,334862,0.0,0.0
2023-12-05 00:00:00+00:00,513.8739225718897,536.868280974912,513.8739225718897,532.369384765625,803126,0.0,0.0
2023-12-06 00:00:00+00:00,536.8682883975679,544.8663262135465,533.3691468530772,538.8677978515625,527280,0.0,0.0
2023-12-07 00:00:00+00:00,538.8678111441556,552.8643776673803,534.3689147616903,550.8648681640625,468321,0.0,0.0
2023-12-08 00:00:00+00:00,563.36181640625,569.8602224517524,544.9903460699791,563.36181640625,552967,0.0,0.0
2023-12-11 00:00:00+00:00,564.3615870364494,578.358154296875,559.8626904170268,578.358154296875,695541,0.0,0.0
2023-12-12 00:00:00+00:00,594.3542360073502,597.8533778509595,575.858771976844,582.8570556640625,582892,0.0,0.0
2023-12-13 00:00:00+00:00,574.8590171643841,588.3557071325914,554.3640435089583,582.8570556640625,705804,0.0,0.0
2023-12-14 00:00:00+00:00,594.8540487634131,597.3534355229232,575.3588320392339,580.8574829101562,1298408,0.0,0.0
2023-12-15 00:00:00+00:00,599.8528959787436,599.8528959787436,566.4310994468843,590.8551025390625,1111345,0.0,0.0
2023-12-18 00:00:00+00:00,594.854055211164,594.854055211164,579.3578571342345,586.3561401367188,1147111,0.0,0.0
2023-12-19 00:00:00+00:00,586.356148055349,605.351487890049,575.3588460457856,593.3544311523438,499848,0.0,0.0
2023-12-20 00:00:00+00:00,599.8528464688019,603.3519880732032,589.3554216555979,601.8523559570312,1222476,0.0,0.0
2023-12-21 00:00:00+00:00,594.8540754925623,622.8472084569181,594.8540754925623,604.3517456054688,251417,0.0,0.0
2023-12-22 00:00:00+00:00,602.352236661044,609.3505199085582,598.509185261347,604.8516235351562,721801,0.0,0.0
2023-12-27 00:00:00+00:00,609.3505276449365,619.3480752683154,609.3505276449365,611.8499145507812,212946,0.0,0.0
2023-12-28 00:00:00+00:00,614.349299246366,617.348563522589,604.8516290383261,609.8504028320312,275573,0.0,0.0
2023-12-29 00:00:00+00:00,614.349301456626,637.8435383715661,608.3507728825987,611.8499145507812,64264,0.0,0.0
2024-01-02 00:00:00+00:00,599.8528345902895,641.3426556494512,585.3563910876909,591.3549194335938,282644,0.0,0.0
2024-01-03 00:00:00+00:00,590.8550914991117,593.3544785189896,574.8590145718938,580.357666015625,406319,0.0,0.0
2024-01-04 00:00:00+00:00,599.852827611283,599.852827611283,573.8592050814608,585.3563842773438,214740,0.0,0.0
2024-01-05 00:00:00+00:00,584.356671722842,584.356671722842,567.8607177734375,567.8607177734375,290223,0.0,0.0
2024-01-08 00:00:00+00:00,567.8606817730403,592.3546724481098,567.8606817730403,589.8552856445312,336175,0.0,0.0
2024-01-09 00:00:00+00:00,587.8558233251191,591.8548425314125,573.8592561030924,576.8585205078125,249419,0.0,0.0
2024-01-10 00:00:00+00:00,576.8584617917813,582.8569899906561,574.3590750422502,578.8579711914062,455046,0.0,0.0
2024-01-11 00:00:00+00:00,580.8574735365197,582.3571055680253,569.8601719721449,572.8594360351562,637459,0.0,0.0
2024-01-12 00:00:00+00:00,579.8577384302172,590.8550403659626,575.3588421837758,589.8552856445312,232714,0.0,0.0
2024-01-15 00:00:00+00:00,586.3562058192219,609.850444245056,585.8563284059063,590.8551025390625,378781,0.0,0.0
2024-01-16 00:00:00+00:00,579.8577611145919,612.849668212491,579.8577611145919,610.8501586914062,647656,0.0,0.0
2024-01-17 00:00:00+00:00,609.8504093715123,615.8489379882812,595.8538425990514,615.8489379882812,3201765,0.0,0.0
2024-01-18 00:00:00+00:00,615.8489560192041,636.8438067925862,613.349569022373,632.8447875976562,1586691,0.0,0.0
2024-01-19 00:00:00+00:00,637.3436738896007,639.3431834547446,618.3483330207341,623.3471069335938,1197580,0.0,0.0
2024-01-22 00:00:00+00:00,627.3461383008582,643.3422151340275,620.8477320873832,634.8442993164062,317058,0.0,0.0
2024-01-23 00:00:00+00:00,615.3490770691836,638.8433147801923,614.849199671077,631.3451538085938,601469,0.0,0.0
2024-01-24 00:00:00+00:00,629.8454618793231,636.8437447890933,625.8464430737401,632.3448486328125,611150,0.0,0.0
2024-01-25 00:00:00+00:00,636.3438850685402,648.3409418176722,629.8454793294271,647.841064453125,891906,0.0,0.0
2024-01-26 00:00:00+00:00,641.8425460188356,659.8381314212329,638.8432817851027,656.8388671875,1107446,0.0,0.0
2024-01-29 00:00:00+00:00,658.3384925385225,659.3382472728255,646.841313094038,650.84033203125,2634480,0.0,0.0
2024-01-30 00:00:00+00:00,652.3399708369006,664.836905144121,648.3409518585902,656.8388671875,1052787,0.0,0.0
2024-01-31 00:00:00+00:00,652.8398476547625,662.8373950920483,647.8410739361196,656.3389892578125,580977,0.0,0.0
2024-02-01 00:00:00+00:00,638.3434174653468,642.3424365254272,611.8499161923136,613.3495483398438,1443979,0.0,0.0
2024-02-02 00:00:00+00:00,642.8422561435807,642.8422561435807,617.3485119263781,618.3482666015625,384846,0.0,0.0
2024-02-05 00:00:00+00:00,611.8498600392206,623.8469161184211,611.8498600392206,617.3485107421875,1050613,0.0,0.0
2024-02-06 00:00:00+00:00,622.8471789695528,634.3443580356039,618.348282813272,632.3448486328125,529274,0.0,0.0
2024-02-07 00:00:00+00:00,618.8482178121593,637.8435589081706,618.8482178121593,630.3453979492188,329423,0.0,0.0
2024-02-08 00:00:00+00:00,634.8442524206685,653.3397148927667,613.3495257639056,647.3411865234375,479857,0.0,0.0
2024-02-09 00:00:00+00:00,649.8405744777612,658.8383670474533,644.3419234629494,648.3409423828125,515866,0.0,0.0
2024-02-12 00:00:00+00:00,649.3406988055889,654.3394724684495,623.8469531249999,649.840576171875,246995,0.0,0.0
2024-02-13 00:00:00+00:00,649.8405676222034,649.8405676222034,630.3453505935372,642.3424072265625,305702,0.0,0.0
2024-02-14 00:00:00+00:00,626.8461937350954,644.3419008967608,622.8471749552862,628.845703125,366813,0.0,0.0
2024-02-15 00:00:00+00:00,626.3463750471149,635.34416814436,616.8487045555784,626.8462524414062,699605,0.0,0.0
2024-02-16 00:00:00+00:00,647.8410447206815,647.8410447206815,619.8479131586766,630.84521484375,403960,0.0,0.0
2024-02-19 00:00:00+00:00,626.8461813406301,628.8456906909989,618.3482666015625,618.3482666015625,237778,0.0,0.0
2024-02-20 00:00:00+00:00,614.8491670603764,619.3480634047206,601.3524780273438,601.3524780273438,408685,0.0,0.0
2024-02-21 00:00:00+00:00,608.8506261729661,614.8491545096456,476.4831069789244,536.8682861328125,2852093,0.0,0.0
2024-02-22 00:00:00+00:00,536.8682956433319,558.86289993412,532.8692766813704,545.3662109375,2991423,0.0,0.0
2024-02-23 00:00:00+00:00,551.3647243159478,561.8621488042841,532.369384765625,532.369384765625,1395415,0.0,0.0
2024-02-26 00:00:00+00:00,542.3669399653904,546.3659588775776,531.3696379568755,539.36767578125,1363910,0.0,0.0
2024-02-27 00:00:00+00:00,549.3652224850345,549.3652224850345,529.8700053085865,538.8677978515625,932913,0.0,0.0
2024-02-28 00:00:00+00:00,547.3657220983418,547.3657220983418,533.8690330603005,546.8658447265625,430234,0.0,0.0
2024-02-29 00:00:00+00:00,554.863894338565,562.861932455157,544.3664693105382,557.36328125,814052,0.0,0.0
2024-03-01 00:00:00+00:00,563.3618191021492,569.3603477882413,553.8641486825034,565.8612060546875,613149,0.0,0.0
2024-03-04 00:00:00+00:00,590.3552054192822,590.3552054192822,561.8621938114082,572.359619140625,224727,0.0,0.0
2024-03-05 00:00:00+00:00,559.3627962239583,574.3591178385417,550.8648806423612,562.362060546875,502418,0.0,0.0
2024-03-06 00:00:00+00:00,542.8668542523002,574.3591303277099,542.8668542523002,573.8592529296875,305411,0.0,0.0
2024-03-07 00:00:00+00:00,574.858955258659,582.3571155446415,572.3595684966648,581.3573608398438,350056,0.0,0.0
2024-03-08 00:00:00+00:00,566.8609159272293,582.8569911562163,561.8621424181708,579.8577270507812,392985,0.0,0.0
2024-03-11 00:00:00+00:00,572.8594389516928,576.3585803763541,565.8611561023703,575.3588256835938,180351,0.0,0.0
2024-03-12 00:00:00+00:00,575.8587059364187,580.8574794254502,569.3603004006778,577.8582153320312,314612,0.0,0.0
2024-03-13 00:00:00+00:00,584.3566766597298,584.3566766597298,556.8634198451147,572.359619140625,302012,0.0,0.0
2024-03-14 00:00:00+00:00,580.8574723463793,580.8574723463793,567.3607840904823,571.8596801757812,287526,0.0,0.0
2024-03-15 00:00:00+00:00,559.862678433642,574.3591227859416,559.862678433642,566.8609619140625,490027,0.0,0.0
2024-03-18 00:00:00+00:00,539.8675356738561,539.8675356738561,484.4771348124634,524.371337890625,1914237,0.0,0.0
2024-03-19 00:00:00+00:00,530.8697589179397,541.3671835293114,521.8719663939069,537.8680419921875,1000614,0.0,0.0
2024-03-20 00:00:00+00:00,537.8680442527489,548.2234749351801,531.8695158781828,539.8675537109375,721773,0.0,0.0
2024-03-21 00:00:00+00:00,529.8700407011548,548.8653817828944,510.8746996194153,515.3735961914062,1723273,0.0,0.0
2024-03-22 00:00:00+00:00,524.8712039688259,524.8712039688259,512.3742705409967,514.8736572265625,284287,0.0,0.0
2024-03-25 00:00:00+00:00,518.3728584207834,524.3713871585359,512.3743296830309,513.3740844726562,419936,0.0,0.0
2024-03-26 00:00:00+00:00,508.8751926495762,519.872495437681,508.8751926495762,517.8729858398438,493820,0.0,0.0
2024-03-27 00:00:00+00:00,513.8739580939798,516.3733450496898,507.37555200913374,509.87493896484375,707832,0.0,0.0
2024-03-28 00:00:00+00:00,509.8749095819701,519.8724568286754,508.37527749496434,510.8746643066406,705599,0.0,0.0
2024-04-02 00:00:00+01:00,531.8695257491452,531.8695257491452,498.47772327969494,499.47747802734375,549277,0.0,0.0
2024-04-03 00:00:00+01:00,484.4811427050687,501.87686870559463,484.4811427050687,492.07928466796875,1178301,0.0,0.0
2024-04-04 00:00:00+01:00,484.48115450081343,497.67789880075014,484.48115450081343,491.87933349609375,1048995,0.0,0.0
2024-04-05 00:00:00+01:00,491.0795362751999,504.8761393646929,481.2819216012748,486.88055419921875,1148835,0.0,0.0
2024-04-08 00:00:00+01:00,487.6803419977108,499.6773986816406,486.8805504228193,499.6773986816406,3181100,0.0,0.0
2024-04-09 00:00:00+01:00,486.6805977315451,497.477967285145,486.6805977315451,492.87908935546875,2430351,0.0,0.0
2024-04-10 00:00:00+01:00,497.8778555448143,500.8771197348433,489.08002612476645,497.07806396484375,6959689,0.0,0.0
2024-04-11 00:00:00+01:00,496.8781267951517,509.87493896484375,494.2787582591943,509.87493896484375,2202716,0.0,0.0
2024-04-12 00:00:00+01:00,507.87539701681686,513.3740479687706,491.27946258708346,492.07928466796875,565837,0.0,0.0
2024-04-15 00:00:00+01:00,490.47966331275404,502.37673817446927,484.48113509574546,490.6795959472656,677010,0.0,0.0
2024-04-16 00:00:00+01:00,478.88250457105954,490.2797021268909,477.8827498642306,487.08050537109375,634823,0.0,0.0
2024-04-17 00:00:00+01:00,482.88152501573126,488.98003484983246,474.6045640689169,477.88275146484375,467222,0.0,0.0
2024-04-18 00:00:00+01:00,474.88348733431127,482.88152501573126,468.2851001451213,477.88275146484375,448165,0.0,0.0
2024-04-19 00:00:00+01:00,473.88374990167483,480.4821373314384,473.0839583084099,477.0829772949219,436059,0.0,0.0
2024-04-22 00:00:00+01:00,488.48016993482446,490.27971625493586,483.28143310546875,483.28143310546875,504697,0.0,0.0
2024-04-23 00:00:00+01:00,481.88179780931193,493.2789960538204,481.88179780931193,491.67938232421875,609097,0.0,0.0
2024-04-24 00:00:00+01:00,478.48260992022875,492.27921270301016,478.48260992022875,488.08026123046875,336876,0.0,0.0
2024-04-25 00:00:00+01:00,486.88058150110163,488.0802994501115,470.88450490147613,483.8813171386719,320513,0.0,0.0
2024-04-26 00:00:00+01:00,482.28170213635605,496.87812809799414,482.28170213635605,494.0788269042969,411355,0.0,0.0
2024-04-29 00:00:00+01:00,501.8768975772686,501.8768975772686,490.07980342391244,495.67840576171875,404503,0.0,0.0
2024-04-30 00:00:00+01:00,495.6783726122368,499.4774588132133,488.08026123046875,488.08026123046875,363137,0.0,0.0
2024-05-01 00:00:00+01:00,468.2851341971622,491.2794942033133,483.6813517514357,487.4804382324219,186081,0.0,0.0
2024-05-02 00:00:00+01:00,490.87958852484206,493.0790612069951,486.8805694737232,489.67987060546875,380566,0.0,0.0
2024-05-03 00:00:00+01:00,483.88127924783487,493.87882633973226,483.4813834661774,488.08026123046875,471584,0.0,0.0
2024-05-07 00:00:00+01:00,479.48237570185614,498.07781982421875,479.48237570185614,498.07781982421875,303934,0.0,0.0
2024-05-08 00:00:00+01:00,499.8773891154706,505.87591778485626,496.67816162109375,496.67816162109375,367992,0.0,0.0
2024-05-09 00:00:00+01:00,504.37624658666533,504.8761239370981,492.6791043825016,500.3772277832031,1491034,0.0,0.0
2024-05-10 00:00:00+01:00,501.87686842069854,509.3750288054699,492.5741580924144,507.8753967285156,311952,0.0,0.0
2024-05-13 00:00:00+01:00,483.0815194072708,510.37481255639574,483.0815194072708,506.37579345703125,432206,0.0,0.0
2024-05-14 00:00:00+01:00,506.875683051739,519.6765596064232,506.875683051739,517.8729858398438,396361,0.0,0.0
2024-05-15 00:00:00+01:00,515.3735518545475,531.8695045327241,515.3735518545475,529.8699951171875,335451,0.0,0.0
2024-05-16 00:00:00+01:00,508.3752677931903,536.8682769025431,508.3752677931903,528.8702392578125,452717,0.0,0.0
2024-05-17 00:00:00+01:00,534.3689523324075,535.3687071543577,524.371404112905,529.3701782226562,315623,0.0,0.0
2024-05-20 00:00:00+01:00,503.87638504155126,542.3669422322253,503.87638504155126,541.3671875,430772,0.0,0.0
2024-05-21 00:00:00+01:00,537.8680574721185,551.8646240234375,537.8680574721185,551.8646240234375,454328,0.0,0.0
2024-05-22 00:00:00+01:00,543.8665461753732,569.3602905273438,543.8665461753732,569.3602905273438,864195,0.0,0.0
2024-05-23 00:00:00+01:00,571.8596995536661,591.8547939436545,563.8616617976709,588.8555297851562,844357,0.0,0.0
2024-05-24 00:00:00+01:00,561.8621677502978,603.3519897460938,561.8621677502978,603.3519897460938,577097,0.0,0.0
2024-05-28 00:00:00+01:00,609.8503711356625,609.8503711356625,581.8572393458288,582.3571166992188,508573,0.0,0.0
2024-05-29 00:00:00+01:00,587.3559496712828,588.355704479234,579.8577886116494,580.357666015625,247868,0.0,0.0
2024-05-30 00:00:00+01:00,581.8572885908792,583.8567981736658,568.3605989070702,571.35986328125,652815,0.0,0.0
2024-05-31 00:00:00+01:00,587.8558027221352,587.8558027221352,554.8638954265052,558.363037109375,1189005,0.0,0.0
2024-06-03 00:00:00+01:00,574.85899467061,574.85899467061,556.3635313638164,561.8621826171875,603339,0.0,0.0
2024-06-04 00:00:00+01:00,558.3630376553067,566.8609531791565,557.779196492248,558.8629150390625,282404,0.0,0.0
2024-06-05 00:00:00+01:00,554.3640103517396,563.8616805020399,543.866585448776,551.36474609375,413976,0.0,0.0
2024-06-06 00:00:00+01:00,578.8580000443892,584.8565285422585,549.8651123046875,549.8651123046875,436380,0.0,0.0
2024-06-07 00:00:00+01:00,547.8656545134877,550.8649190454959,540.3674931834673,540.8673706054688,347650,0.0,0.0
2024-06-10 00:00:00+01:00,538.8677984172266,543.3666946934372,537.8680436891798,539.36767578125,594334,0.0,0.0
2024-06-11 00:00:00+01:00,544.8663273564091,549.8651010018808,538.8677989818432,539.8675537109375,417505,0.0,0.0
2024-06-12 00:00:00+01:00,546.8658452839612,548.8653547731165,538.3679299550514,547.36572265625,1729575,0.0,0.0
2024-06-13 00:00:00+01:00,549.8650922461854,549.8650922461854,532.369384765625,532.369384765625,298921,0.0,0.0
2024-06-14 00:00:00+01:00,555.8636810043379,555.8636810043379,518.8727525921787,529.3701782226562,401486,0.0,0.0
2024-06-17 00:00:00+01:00,528.8702549943168,542.8668212890625,528.8702549943168,542.8668212890625,1483647,0.0,0.0
2024-06-18 00:00:00+01:00,544.3664655444425,553.8641357421875,541.3672012714703,553.8641357421875,848253,0.0,0.0
2024-06-19 00:00:00+01:00,549.3652484809028,562.362060546875,549.3652484809028,562.362060546875,422251,0.0,0.0
2024-06-20 00:00:00+01:00,555.3637174399665,573.8591787768512,555.3637174399665,562.8618774414062,429256,0.0,0.0
2024-06-21 00:00:00+01:00,570.8599842807703,576.858513012267,558.3630494234854,569.8602294921875,3907594,0.0,0.0
2024-06-24 00:00:00+01:00,564.8614436441329,582.8570294593443,549.365244747701,558.8629150390625,638764,0.0,0.0
2024-06-25 00:00:00+01:00,547.8656077406447,566.8609481550102,542.3669565680652,554.364013671875,532132,0.0,0.0
2024-06-26 00:00:00+01:00,543.3667036779395,556.8633927297375,541.8670715610731,547.36572265625,473969,0.0,0.0
2024-06-27 00:00:00+01:00,548.3654840291892,556.3635220824865,542.3669554892164,553.3642578125,254711,0.0,0.0
2024-06-28 00:00:00+01:00,574.8589862242167,574.8589862242167,548.8653624992955,554.364013671875,405326,0.0,0.0
2024-07-01 00:00:00+01:00,555.8636351419151,558.8628993603068,544.3664556380805,544.8663330078125,248617,0.0,0.0
2024-07-02 00:00:00+01:00,544.8663324473428,550.8648608779557,536.368417170641,544.366455078125,186270,0.0,0.0
2024-07-03 00:00:00+01:00,534.8687899785832,548.8653564453125,534.8687899785832,548.8653564453125,238285,0.0,0.0
2024-07-04 00:00:00+01:00,554.8638275284574,558.3629687831412,548.3654223411871,552.3644409179688,159536,0.0,0.0
2024-07-05 00:00:00+01:00,528.8702657468496,558.3630310389707,528.8702657468496,552.8643798828125,299182,0.0,0.0
2024-07-08 00:00:00+01:00,553.8641170058139,556.363503815407,537.3681640625,537.3681640625,1563885,0.0,0.0
2024-07-09 00:00:00+01:00,535.3686471712791,545.8660716256179,529.370118911657,530.8697509765625,432247,0.0,0.0
2024-07-10 00:00:00+01:00,527.8705402403388,532.3694368901143,523.8715209960938,523.8715209960938,560725,0.0,0.0
2024-07-11 00:00:00+01:00,549.8651085830317,549.8651085830317,486.48066398656994,491.87933349609375,2118801,0.0,0.0
2024-07-12 00:00:00+01:00,499.6773975436496,517.3730683161822,493.4789365771249,498.6776428222656,1129655,0.0,0.0
2024-07-15 00:00:00+01:00,489.87983052703623,497.2780096207319,489.87983052703623,492.27923583984375,964249,0.0,0.0
2024-07-16 00:00:00+01:00,489.8798380936727,509.8749335260675,489.8798380936727,504.87615966796875,1517670,0.0,0.0
2024-07-17 00:00:00+01:00,509.87490321400435,509.87490321400435,494.2787236019104,494.6786193847656,411931,0.0,0.0
2024-07-18 00:00:00+01:00,484.9663278215627,499.7652880932328,476.966883238939,482.1665344238281,1197505,8.7,0.0
2024-07-19 00:00:00+01:00,481.36656924061003,494.36566662213914,464.7757412776489,486.9661865234375,740070,0.0,0.0
2024-07-22 00:00:00+01:00,491.9658396883158,491.9658396883158,485.1663240288886,491.3658752441406,598927,0.0,0.0
2024-07-24 00:00:00+01:00,497.9654175458089,497.9654175458089,491.3658697643992,492.16583251953125,738361,0.0,0.0
2024-07-25 00:00:00+01:00,492.16584015210776,492.16584015210776,480.5666394042115,482.1665344238281,348764,0.0,0.0
2024-07-26 00:00:00+01:00,483.9664059899689,492.76578298360255,480.1666819507771,489.7659912109375,250739,0.0,0.0
2024-07-29 00:00:00+01:00,505.4648904482301,505.4648904482301,484.96631427772815,486.3662109375,209529,0.0,0.0
2024-07-30 00:00:00+01:00,482.5664989176117,501.4651805770445,482.5664989176117,497.9654235839844,1770887,0.0,0.0
2024-07-31 00:00:00+01:00,505.96486057071235,507.9647216796875,497.36545169902746,507.9647216796875,432194,0.0,0.0
2024-08-01 00:00:00+01:00,528.4633026740812,528.4633026740812,492.7657693601119,493.9656982421875,707600,0.0,0.0
2024-08-02 00:00:00+01:00,492.9657780286747,493.3657441592774,479.36671597996417,481.3665771484375,994930,0.0,0.0
2024-08-05 00:00:00+01:00,480.9666068129201,480.9666068129201,452.9685506990703,459.76806640625,952213,0.0,0.0
2024-08-06 00:00:00+01:00,448.36885457353566,480.56663063740746,440.7693762555858,476.7668762207031,1235284,0.0,0.0
2024-08-07 00:00:00+01:00,479.9666805602841,496.9655004967941,474.5670615070728,483.5664367675781,310612,0.0,0.0
2024-08-08 00:00:00+01:00,478.76675344379163,481.16661126793883,461.1679995031111,465.56768798828125,806039,0.0,0.0
2024-08-09 00:00:00+01:00,454.36843981797875,470.9672931972364,454.36843981797875,467.5675354003906,290055,0.0,0.0
2024-08-12 00:00:00+01:00,489.76596667259196,489.76596667259196,464.36773703962626,466.5675964355469,492499,0.0,0.0
2024-08-13 00:00:00+01:00,449.9687602068603,490.5659477863934,449.9687602068603,479.56671142578125,721443,0.0,0.0
2024-08-14 00:00:00+01:00,479.5667140484618,500.465257144824,473.6871173337973,476.9668884277344,280017,0.0,0.0
2024-08-15 00:00:00+01:00,500.46523467897634,500.46523467897634,479.84667185099914,484.56634521484375,213008,0.0,0.0
2024-08-16 00:00:00+01:00,463.16785857877625,486.5662281344034,463.16785857877625,476.9668884277344,322059,0.0,0.0
2024-08-19 00:00:00+01:00,471.5672453178013,488.3660660607425,459.9680450355522,482.7664489746094,475540,0.0,0.0
2024-08-20 00:00:00+01:00,489.96598919581766,489.96598919581766,478.96675270366666,483.1664733886719,485385,0.0,0.0
2024-08-21 00:00:00+01:00,481.76652956820845,485.5662839894445,478.96673621821043,483.3664245605469,928472,0.0,0.0
2024-08-22 00:00:00+01:00,484.9663189744967,485.3662850932395,475.1670117457316,476.7668762207031,657526,0.0,0.0
2024-08-23 00:00:00+01:00,479.96667449711606,479.96667449711606,470.1673670989837,475.5669860839844,1180298,0.0,0.0
2024-08-27 00:00:00+01:00,495.3655961669317,495.3655961669317,467.76750644928063,473.76708984375,457372,0.0,0.0
2024-08-28 00:00:00+01:00,474.9670297711182,478.56678599458075,471.16730573913316,472.167236328125,262618,0.0,0.0
2024-08-29 00:00:00+01:00,473.9670915204551,482.56650054986744,469.3674047823545,482.1665344238281,390604,0.0,0.0
2024-08-30 00:00:00+01:00,459.96807116038315,484.76633757328074,459.96807116038315,476.5669250488281,339899,0.0,0.0
2024-09-02 00:00:00+01:00,490.9658990583313,490.9658990583313,465.9676353588236,472.76715087890625,232014,0.0,0.0
2024-09-03 00:00:00+01:00,467.96748963154664,475.9669338987526,459.9680453643407,460.3680114746094,383346,0.0,0.0
2024-09-04 00:00:00+01:00,455.76833363490204,470.96729023947194,451.968609741489,465.76763916015625,432894,0.0,0.0
2024-09-05 00:00:00+01:00,464.16778505354023,467.12555699045737,455.3683776855469,455.3683776855469,146415,0.0,0.0
2024-09-06 00:00:00+01:00,469.96735562288734,469.96735562288734,449.16881251639825,452.9685363769531,291859,0.0,0.0
2024-09-09 00:00:00+01:00,454.9684006171362,460.9679839219776,451.76861064837067,456.96826171875,468455,0.0,0.0
2024-09-10 00:00:00+01:00,449.968764124701,462.5678956232846,449.968764124701,454.5684509277344,1467857,0.0,0.0
2024-09-11 00:00:00+01:00,456.96825204913534,456.96825204913534,442.1692924165282,444.9690856933594,321876,0.0,0.0
2024-09-12 00:00:00+01:00,445.96901965394204,455.7683267136973,445.96901965394204,451.1686706542969,754807,0.0,0.0
2024-09-13 00:00:00+01:00,451.9686035574511,458.7681190154064,449.3867821737851,457.7681884765625,1033352,0.0,0.0
2024-09-16 00:00:00+01:00,459.9680590666934,461.16798794870317,433.769866104972,458.3681640625,395327,0.0,0.0
2024-09-17 00:00:00+01:00,457.76818759146937,475.7669372558594,457.56821979336223,475.7669372558594,3054189,0.0,0.0
2024-09-18 00:00:00+01:00,490.96590210467764,490.96590210467764,466.96756880424533,474.5670471191406,1210087,0.0,0.0
2024-09-19 00:00:00+01:00,489.9659706630315,516.4641303009302,479.48571099391165,511.4644775390625,1250195,0.0,0.0
2024-09-20 00:00:00+01:00,504.96491132888644,524.4635564198038,504.96491132888644,512.96435546875,1224264,0.0,0.0
2024-09-23 00:00:00+01:00,525.4635297856275,529.9632174812228,510.9645360998205,517.9640502929688,431228,0.0,0.0
2024-09-24 00:00:00+01:00,515.9641575559357,522.9636713212294,506.4648174458942,506.96478271484375,983105,0.0,0.0
2024-09-25 00:00:00+01:00,499.96525874147176,512.96435546875,499.96525874147176,512.96435546875,321703,0.0,0.0
2024-09-26 00:00:00+01:00,509.9645785627694,530.9631200330011,509.9645785627694,521.9637451171875,529794,0.0,0.0
2024-09-27 00:00:00+01:00,534.4628683079227,534.4628683079227,516.9640840321722,520.9638061523438,662013,0.0,0.0
2024-09-30 00:00:00+01:00,545.4621151822284,545.4621151822284,511.96444174757283,514.9642333984375,533151,0.0,0.0
2024-10-01 00:00:00+01:00,526.9634011008523,526.9634011008523,507.46475532956833,511.4644775390625,245621,0.0,0.0
2024-10-02 00:00:00+01:00,507.964724779129,515.9641692638397,505.96486365795135,511.9644470214844,638272,0.0,0.0
2024-10-03 00:00:00+01:00,508.46466814007675,516.4641122799403,506.9647723638523,512.96435546875,315160,0.0,0.0
2024-10-04 00:00:00+01:00,536.9627210562784,536.9627210562784,507.4647689684567,509.4646301269531,493885,0.0,0.0
2024-10-07 00:00:00+01:00,508.96464801656793,513.9643007475754,502.4650994662581,507.4647521972656,1064012,0.0,0.0
2024-10-08 00:00:00+01:00,500.4652602110069,506.46484375,500.4652602110069,506.46484375,671300,0.0,0.0
2024-10-09 00:00:00+01:00,499.96529491609084,514.4642884686574,499.96529491609084,506.46484375,487780,0.0,0.0
2024-10-10 00:00:00+01:00,509.4646177670154,521.4637844268863,459.96805529504826,478.96673583984375,1302408,0.0,0.0
2024-10-11 00:00:00+01:00,497.5654652075361,497.5654652075361,472.9671667130267,487.96612548828125,1241273,0.0,0.0
2024-10-14 00:00:00+01:00,495.36560043870844,501.46518304544384,478.56677899551346,493.165771484375,1774756,0.0,0.0
2024-10-15 00:00:00+01:00,484.96632438627654,497.165489494548,453.7754970844587,473.76708984375,3195228,0.0,0.0
2024-10-16 00:00:00+01:00,479.7666636547226,499.96527288547935,482.1665213769397,490.7658996582031,1255227,0.0,0.0
2024-10-17 00:00:00+01:00,466.36759457345477,494.3656495025785,466.36759457345477,484.96630859375,1049626,0.0,0.0
2024-10-18 00:00:00+01:00,478.3667682595727,488.566072059609,474.9670104980469,474.9670104980469,870049,0.0,0.0
2024-10-21 00:00:00+01:00,475.96695784402846,482.96647192997006,453.16855274171684,476.9668884277344,1183278,0.0,0.0
2024-10-22 00:00:00+01:00,484.96631109849807,484.96631109849807,468.5674563726921,482.3664855957031,1310212,0.0,0.0
2024-10-23 00:00:00+01:00,478.5667781062657,487.16618713294156,476.9668830871582,479.9666748046875,615756,0.0,0.0
2024-10-24 00:00:00+01:00,492.76576303420114,502.46510157932886,481.17458811202846,500.4652404785156,773126,0.0,0.0
2024-10-25 00:00:00+01:00,486.96619116881936,499.3653242248514,472.9671630859375,472.9671630859375,601389,0.0,0.0
2024-10-28 00:00:00+00:00,454.5684384875181,478.3667735993049,451.1686806880427,471.96722412109375,298150,0.0,0.0
2024-10-29 00:00:00+00:00,479.9666626076463,479.9666626076463,463.76777553845477,468.3674621582031,246450,0.0,0.0
2024-10-30 00:00:00+00:00,470.5673247093893,474.5670469244875,450.7886995763473,472.3671875,442505,0.0,0.0
2024-10-31 00:00:00+00:00,468.7674439770294,471.18628239870577,446.9689695262294,452.7685546875,1005212,0.0,0.0
2024-11-01 00:00:00+00:00,454.96841185005957,462.5678903269107,453.36851682617623,459.76806640625,831165,0.0,0.0
2024-11-04 00:00:00+00:00,455.1684045695724,460.5680235076983,451.16868231681855,458.3681640625,827445,0.0,0.0
2024-11-05 00:00:00+00:00,456.9682666742146,473.76708790375704,449.56878662109375,449.56878662109375,564656,0.0,0.0
2024-11-06 00:00:00+00:00,454.96839680508845,465.1677005440452,446.3689880371094,446.3689880371094,781881,0.0,0.0
2024-11-07 00:00:00+00:00,446.20001220703125,457.0,441.5220031738281,457.0,488432,3.1,0.0
2024-11-08 00:00:00+00:00,454.3999938964844,463.79998779296875,449.20001220703125,450.6000061035156,303896,0.0,0.0
2024-11-11 00:00:00+00:00,450.20001220703125,460.531005859375,450.20001220703125,457.79998779296875,275350,0.0,0.0
2024-11-12 00:00:00+00:00,455.0,464.3999938964844,451.3999938964844,460.79998779296875,308703,0.0,0.0
2024-11-13 00:00:00+00:00,470.0,470.0,455.3999938964844,460.20001220703125,491266,0.0,0.0
2024-11-14 00:00:00+00:00,464.6000061035156,468.3999938964844,455.20001220703125,464.20001220703125,520731,0.0,0.0
2024-11-15 00:00:00+00:00,443.20001220703125,465.3999938964844,443.20001220703125,448.6000061035156,501680,0.0,0.0
2024-11-18 00:00:00+00:00,445.3999938964844,452.0,443.20001220703125,447.20001220703125,263923,0.0,0.0
2024-11-19 00:00:00+00:00,445.0,449.3139953613281,440.0,448.20001220703125,703767,0.0,0.0
2024-11-20 00:00:00+00:00,442.3999938964844,453.3999938964844,428.79998779296875,429.0,539971,0.0,0.0
2024-11-21 00:00:00+00:00,440.0,447.6000061035156,431.20001220703125,447.6000061035156,974788,0.0,0.0
2024-11-22 00:00:00+00:00,440.0,456.5799865722656,440.0,454.6000061035156,494853,0.0,0.0
2024-11-25 00:00:00+00:00,450.0,462.6000061035156,450.0,458.0,579608,0.0,0.0
2024-11-26 00:00:00+00:00,450.0,457.20001220703125,449.6000061035156,451.0,746115,0.0,0.0
2024-11-27 00:00:00+00:00,432.79998779296875,461.3999938964844,432.79998779296875,450.0,522195,0.0,0.0
2024-11-28 00:00:00+00:00,450.0,455.0,449.7820129394531,451.6000061035156,191246,0.0,0.0
2024-11-29 00:00:00+00:00,462.79998779296875,462.79998779296875,451.6000061035156,453.6000061035156,219389,0.0,0.0
2024-12-02 00:00:00+00:00,434.0,458.6000061035156,434.0,457.6000061035156,383042,0.0,0.0
2024-12-03 00:00:00+00:00,462.79998779296875,462.79998779296875,453.6000061035156,457.79998779296875,298100,0.0,0.0
2024-12-04 00:00:00+00:00,455.20001220703125,464.79998779296875,453.6000061035156,462.20001220703125,426614,0.0,0.0
2024-12-05 00:00:00+00:00,445.0,464.20001220703125,445.0,462.3999938964844,314202,0.0,0.0
2024-12-06 00:00:00+00:00,474.20001220703125,474.20001220703125,457.20001220703125,462.20001220703125,178735,0.0,0.0
2024-12-09 00:00:00+00:00,473.6000061035156,473.6000061035156,459.79998779296875,460.20001220703125,264193,0.0,0.0
2024-12-10 00:00:00+00:00,463.3999938964844,464.79998779296875,454.6000061035156,454.6000061035156,217735,0.0,0.0
2024-12-11 00:00:00+00:00,474.20001220703125,474.20001220703125,452.20001220703125,455.6000061035156,227214,0.0,0.0
2024-12-12 00:00:00+00:00,454.3999938964844,460.79998779296875,440.0,442.79998779296875,166480,0.0,0.0
2024-12-13 00:00:00+00:00,440.0,446.20001220703125,439.20001220703125,440.6000061035156,221432,0.0,0.0
2024-12-16 00:00:00+00:00,436.79998779296875,453.20001220703125,434.0,439.0,161432,0.0,0.0
2024-12-17 00:00:00+00:00,452.6000061035156,452.6000061035156,433.20001220703125,439.20001220703125,359921,0.0,0.0
2024-12-18 00:00:00+00:00,441.20001220703125,457.79998779296875,434.6000061035156,434.6000061035156,243983,0.0,0.0
2024-12-19 00:00:00+00:00,415.79998779296875,438.79998779296875,415.79998779296875,425.6000061035156,436323,0.0,0.0
2024-12-20 00:00:00+00:00,428.3999938964844,429.20001220703125,418.7619934082031,425.3999938964844,837010,0.0,0.0
2024-12-23 00:00:00+00:00,421.6000061035156,437.0,418.20001220703125,422.79998779296875,308649,0.0,0.0
2024-12-24 00:00:00+00:00,428.20001220703125,433.0,418.3999938964844,422.3999938964844,86439,0.0,0.0
2024-12-27 00:00:00+00:00,418.0,429.6000061035156,418.0,423.0,195200,0.0,0.0
2024-12-30 00:00:00+00:00,418.0,427.0,412.20001220703125,416.0,223454,0.0,0.0
2024-12-31 00:00:00+00:00,410.0,428.20001220703125,410.0,422.6000061035156,37536,0.0,0.0
2025-01-02 00:00:00+00:00,436.6000061035156,436.6000061035156,415.0,422.3999938964844,161113,0.0,0.0
2025-01-03 00:00:00+00:00,415.3999938964844,427.0,410.3999938964844,419.3999938964844,226878,0.0,0.0
2025-01-06 00:00:00+00:00,428.0,441.3999938964844,422.22100830078125,438.0,574558,0.0,0.0
2025-01-07 00:00:00+00:00,433.3999938964844,441.0,429.79998779296875,431.6000061035156,244792,0.0,0.0
2025-01-08 00:00:00+00:00,435.3999938964844,435.3999938964844,416.20001220703125,416.20001220703125,401730,0.0,0.0
2025-01-09 00:00:00+00:00,416.20001220703125,423.6000061035156,409.79998779296875,423.6000061035156,465187,0.0,0.0
2025-01-10 00:00:00+00:00,418.6000061035156,424.3999938964844,414.3999938964844,417.0,319031,0.0,0.0
2025-01-13 00:00:00+00:00,412.3999938964844,421.0,410.79998779296875,414.79998779296875,371686,0.0,0.0
2025-01-14 00:00:00+00:00,411.0,421.3999938964844,405.0,405.0,328245,0.0,0.0
2025-01-15 00:00:00+00:00,413.0,421.79998779296875,410.79998779296875,421.79998779296875,291839,0.0,0.0
2025-01-16 00:00:00+00:00,425.3999938964844,432.79998779296875,415.20001220703125,432.79998779296875,319219,0.0,0.0
2025-01-17 00:00:00+00:00,431.20001220703125,441.3999938964844,429.3999938964844,432.0,552917,0.0,0.0
2025-01-20 00:00:00+00:00,422.0,435.0,421.0,430.0,859594,0.0,0.0
2025-01-21 00:00:00+00:00,425.6000061035156,434.0,425.6000061035156,432.79998779296875,937761,0.0,0.0
2025-01-22 00:00:00+00:00,415.0,437.0,415.0,430.6000061035156,335473,0.0,0.0
2025-01-23 00:00:00+00:00,437.0,437.0,426.6000061035156,430.3999938964844,433652,0.0,0.0
2025-01-24 00:00:00+00:00,441.79998779296875,442.3999938964844,433.6000061035156,439.20001220703125,677537,0.0,0.0
2025-01-27 00:00:00+00:00,441.0,441.0,427.0,440.6000061035156,355550,0.0,0.0
2025-01-28 00:00:00+00:00,435.0,451.0,435.0,451.0,643128,0.0,0.0
2025-01-29 00:00:00+00:00,446.0,454.3999938964844,446.0,451.0,550770,0.0,0.0
2025-01-30 00:00:00+00:00,432.6000061035156,464.79998779296875,432.6000061035156,460.6000061035156,386048,0.0,0.0
2025-01-31 00:00:00+00:00,460.20001220703125,466.20001220703125,458.0,462.20001220703125,275187,0.0,0.0
2025-02-03 00:00:00+00:00,453.6000061035156,458.6000061035156,447.0,457.6000061035156,385647,0.0,0.0
2025-02-04 00:00:00+00:00,437.6000061035156,467.79998779296875,437.6000061035156,462.6000061035156,500718,0.0,0.0
2025-02-05 00:00:00+00:00,459.3999938964844,464.79998779296875,453.0,463.0,529402,0.0,0.0
2025-02-06 00:00:00+00:00,468.0,473.79998779296875,449.6000061035156,471.79998779296875,287503,0.0,0.0
2025-02-07 00:00:00+00:00,459.3999938964844,475.20001220703125,456.3999938964844,460.0,668023,0.0,0.0
2025-02-10 00:00:00+00:00,467.20001220703125,475.3999938964844,458.3999938964844,473.6000061035156,748208,0.0,0.0
2025-02-11 00:00:00+00:00,473.20001220703125,474.79998779296875,457.0,461.6000061035156,522720,0.0,0.0
2025-02-12 00:00:00+00:00,476.3999938964844,476.3999938964844,445.0,446.20001220703125,947855,0.0,0.0
2025-02-13 00:00:00+00:00,458.6000061035156,458.79998779296875,443.79998779296875,448.20001220703125,524104,0.0,0.0
2025-02-14 00:00:00+00:00,444.0,455.0,441.20001220703125,448.0,311531,0.0,0.0
2025-02-17 00:00:00+00:00,447.0,453.20001220703125,444.3999938964844,451.6000061035156,324335,0.0,0.0
2025-02-18 00:00:00+00:00,438.3999938964844,454.3999938964844,438.3999938964844,446.0,1987430,0.0,0.0
2025-02-19 00:00:00+00:00,438.3999938964844,452.79998779296875,438.3999938964844,447.0,1962162,0.0,0.0
2025-02-20 00:00:00+00:00,438.3999938964844,455.79998779296875,438.3999938964844,444.0,223409,0.0,0.0
2025-02-21 00:00:00+00:00,447.0,457.0,442.3999938964844,443.3999938964844,237674,0.0,0.0
2025-02-24 00:00:00+00:00,444.0,453.79998779296875,438.0,440.20001220703125,491136,0.0,0.0
2025-02-25 00:00:00+00:00,439.0,442.79998779296875,434.79998779296875,436.6000061035156,1407195,0.0,0.0
2025-02-26 00:00:00+00:00,434.6000061035156,443.23199462890625,432.0,440.0,330935,0.0,0.0
2025-02-27 00:00:00+00:00,431.79998779296875,438.093994140625,426.0,426.0,1637089,0.0,0.0
2025-02-28 00:00:00+00:00,436.0,436.0,419.3999938964844,419.3999938964844,1026423,0.0,0.0
2025-03-03 00:00:00+00:00,425.79998779296875,427.20001220703125,418.0,421.20001220703125,329287,0.0,0.0
2025-03-04 00:00:00+00:00,430.0,430.0,409.79998779296875,410.3999938964844,624603,0.0,0.0
2025-03-05 00:00:00+00:00,418.6000061035156,421.20001220703125,412.6000061035156,415.3999938964844,270632,0.0,0.0
2025-03-06 00:00:00+00:00,405.6000061035156,423.0,405.6000061035156,419.20001220703125,302953,0.0,0.0
2025-03-07 00:00:00+00:00,415.0,430.0,408.20001220703125,417.6000061035156,368660,0.0,0.0
2025-03-10 00:00:00+00:00,427.6000061035156,427.6000061035156,406.6700134277344,410.6000061035156,253472,0.0,0.0
2025-03-11 00:00:00+00:00,426.0,426.0,408.20001220703125,410.0,1601566,0.0,0.0
2025-03-12 00:00:00+00:00,418.6000061035156,418.6000061035156,408.0,410.0,667573,0.0,0.0
2025-03-13 00:00:00+00:00,408.79998779296875,410.0,403.00299072265625,404.0,737447,0.0,0.0
2025-03-14 00:00:00+00:00,423.3999938964844,423.3999938964844,400.20001220703125,416.6000061035156,265601,0.0,0.0
2025-03-17 00:00:00+00:00,400.0,422.6000061035156,400.0,414.3999938964844,399128,0.0,0.0
2025-03-18 00:00:00+00:00,460.0,503.0,453.79998779296875,488.20001220703125,2696527,0.0,0.0
2025-03-19 00:00:00+00:00,496.0,496.0,480.20001220703125,490.6000061035156,766817,0.0,0.0
2025-03-20 00:00:00+00:00,493.0,493.7929992675781,483.3999938964844,490.0,629580,0.0,0.0
2025-03-21 00:00:00+00:00,498.0,499.3999938964844,483.6000061035156,489.0,1414605,0.0,0.0
2025-03-24 00:00:00+00:00,470.0,494.0,470.0,491.20001220703125,349407,0.0,0.0
2025-03-25 00:00:00+00:00,491.20001220703125,496.0,471.3999938964844,493.3999938964844,2745539,0.0,0.0
2025-03-26 00:00:00+00:00,486.6000061035156,498.79998779296875,472.20001220703125,489.6000061035156,221154,0.0,0.0
2025-03-27 00:00:00+00:00,469.6000061035156,495.6000061035156,469.6000061035156,495.3999938964844,456806,0.0,0.0
2025-03-28 00:00:00+00:00,485.0,505.0,485.0,501.0,1617647,0.0,0.0
2025-03-31 00:00:00+01:00,483.79998779296875,502.5,482.79998779296875,485.0,1324796,0.0,0.0
2025-04-01 00:00:00+01:00,484.20001220703125,497.0,473.79998779296875,485.0,905588,0.0,0.0
2025-04-02 00:00:00+01:00,500.0,500.0,478.6000061035156,490.79998779296875,647513,0.0,0.0
2025-04-03 00:00:00+01:00,474.79998779296875,495.6960144042969,474.6000061035156,485.0,294507,0.0,0.0
2025-04-04 00:00:00+01:00,482.6000061035156,489.0,458.6000061035156,460.3999938964844,1257509,0.0,0.0
2025-04-07 00:00:00+01:00,437.3999938964844,467.3999938964844,426.25799560546875,450.20001220703125,757740,0.0,0.0
2025-04-08 00:00:00+01:00,470.0,472.20001220703125,451.20001220703125,464.0,296527,0.0,0.0
2025-04-09 00:00:00+01:00,443.3999938964844,461.6000061035156,440.0,443.20001220703125,431569,0.0,0.0
2025-04-10 00:00:00+01:00,478.0,479.79998779296875,460.20001220703125,467.3999938964844,369148,0.0,0.0
2025-04-11 00:00:00+01:00,468.79998779296875,477.6000061035156,455.6000061035156,475.3999938964844,543106,0.0,0.0
2025-04-14 00:00:00+01:00,483.0,491.6000061035156,478.20001220703125,488.0,478310,0.0,0.0
2025-04-15 00:00:00+01:00,485.3999938964844,497.79998779296875,464.79998779296875,496.0,293303,0.0,0.0
2025-04-16 00:00:00+01:00,490.0,496.79998779296875,479.6520080566406,493.3999938964844,242805,0.0,0.0
2025-04-17 00:00:00+01:00,490.79998779296875,500.0,488.79998779296875,498.79998779296875,528625,0.0,0.0
2025-04-22 00:00:00+01:00,500.0,501.5,479.7439880371094,487.0,311683,0.0,0.0
2025-04-23 00:00:00+01:00,500.0,500.0,484.20001220703125,487.3999938964844,406231,0.0,0.0
2025-04-24 00:00:00+01:00,488.0,499.20001220703125,478.3999938964844,484.79998779296875,408689,0.0,0.0
2025-04-25 00:00:00+01:00,491.6000061035156,508.0,484.6000061035156,496.6000061035156,357062,0.0,0.0
2025-04-28 00:00:00+01:00,499.6000061035156,506.0,488.6000061035156,496.0,190373,0.0,0.0
2025-04-29 00:00:00+01:00,494.20001220703125,508.0,494.20001220703125,502.5,353600,0.0,0.0
2025-04-30 00:00:00+01:00,510.0,510.0,498.79998779296875,507.0,1814731,0.0,0.0
2025-05-01 00:00:00+01:00,511.0,521.0,496.0,521.0,261561,0.0,0.0
2025-05-02 00:00:00+01:00,537.0,537.0,514.0,525.5,236656,0.0,0.0
2025-05-06 00:00:00+01:00,548.0,548.0,520.0,539.0,789758,0.0,0.0
2025-05-07 00:00:00+01:00,519.0,543.0,519.0,540.5,367125,0.0,0.0
2025-05-08 00:00:00+01:00,560.0,560.0,536.0,539.5,491413,0.0,0.0
2025-05-09 00:00:00+01:00,515.5,553.0,515.5,550.0,707967,0.0,0.0
2025-05-12 00:00:00+01:00,560.0,563.0,533.5,551.0,649890,0.0,0.0
2025-05-13 00:00:00+01:00,531.5,553.0,514.1599731445312,532.0,997488,0.0,0.0
2025-05-14 00:00:00+01:00,536.5,539.0,514.0,521.0,784882,0.0,0.0
2025-05-15 00:00:00+01:00,525.0,536.0,503.0,507.5,632254,0.0,0.0
2025-05-16 00:00:00+01:00,482.20001220703125,517.0,482.20001220703125,506.5,560308,0.0,0.0
2025-05-19 00:00:00+01:00,505.5,508.0,498.20001220703125,505.0,523731,0.0,0.0
2025-05-20 00:00:00+01:00,504.5,524.5,498.0,507.0,295440,0.0,0.0
2025-05-21 00:00:00+01:00,502.5,505.5,497.6000061035156,502.5,670070,0.0,0.0
2025-05-22 00:00:00+01:00,495.0,523.5,493.6000061035156,501.5,557635,0.0,0.0
2025-05-23 00:00:00+01:00,475.6000061035156,510.0,474.0,497.79998779296875,206839,0.0,0.0
2025-05-27 00:00:00+01:00,502.5,508.0159912109375,497.0,497.0,302612,0.0,0.0
2025-05-28 00:00:00+01:00,501.0,526.0,491.0,526.0,1141055,0.0,0.0
2025-05-29 00:00:00+01:00,549.0,549.0,521.5,523.0,2020760,0.0,0.0
2025-05-30 00:00:00+01:00,499.3999938964844,529.8350219726562,499.3999938964844,525.0,956328,0.0,0.0
2025-06-02 00:00:00+01:00,535.5,535.5,513.0,516.5,526433,0.0,0.0
2025-06-03 00:00:00+01:00,521.0,524.5,514.5,524.0,655903,0.0,0.0
2025-06-04 00:00:00+01:00,525.5,531.5,508.0,525.0,239114,0.0,0.0
2025-06-05 00:00:00+01:00,535.0,535.0,520.0,529.0,224449,0.0,0.0
2025-06-06 00:00:00+01:00,509.5,535.0,509.5,533.0,267429,0.0,0.0
2025-06-09 00:00:00+01:00,533.0,535.0,511.5,533.5,340452,0.0,0.0
2025-06-10 00:00:00+01:00,535.0,542.5,531.0,533.0,235628,0.0,0.0
2025-06-11 00:00:00+01:00,510.0,546.0,510.0,535.0,676592,0.0,0.0
2025-06-12 00:00:00+01:00,530.5,538.5,527.8250122070312,532.5,652738,0.0,0.0
2025-06-13 00:00:00+01:00,519.0,527.5,514.0,517.5,208804,0.0,0.0
2025-06-16 00:00:00+01:00,492.3999938964844,522.0,492.3999938964844,518.0,296535,0.0,0.0
2025-06-17 00:00:00+01:00,503.0,517.0,503.0,510.5,405738,0.0,0.0
2025-06-18 00:00:00+01:00,487.79998779296875,511.0,487.79998779296875,508.5,304596,0.0,0.0
2025-06-19 00:00:00+01:00,507.5,511.0,499.4159851074219,506.5,416094,0.0,0.0
2025-06-20 00:00:00+01:00,506.5,517.5,506.5,515.0,2054021,0.0,0.0
2025-06-23 00:00:00+01:00,520.0,520.0,500.5,505.5,862083,0.0,0.0
2025-06-24 00:00:00+01:00,494.6000061035156,511.0,494.6000061035156,500.5,686383,0.0,0.0
2025-06-25 00:00:00+01:00,500.5,509.62200927734375,500.5,504.5,322187,0.0,0.0
2025-06-26 00:00:00+01:00,501.0,507.0,501.0,506.5,227124,0.0,0.0
2025-06-27 00:00:00+01:00,528.0,528.0,502.95001220703125,509.0,378230,0.0,0.0
2025-06-30 00:00:00+01:00,515.0,518.5,506.0,512.5,370560,0.0,0.0
2025-07-01 00:00:00+01:00,513.0,516.0,504.0,508.5,406091,0.0,0.0
2025-07-02 00:00:00+01:00,392.0,408.0,341.6000061035156,341.6000061035156,10065823,0.0,0.0
2025-07-03 00:00:00+01:00,345.3999938964844,358.20001220703125,343.6000061035156,349.79998779296875,2687760,0.0,0.0
2025-07-04 00:00:00+01:00,349.6000061035156,357.6000061035156,343.6000061035156,355.20001220703125,1438256,0.0,0.0
