Date,Open,High,Low,Close,Volume,Dividends,Stock Splits
2020-07-06 00:00:00+01:00,174.27270866878723,176.61180186968926,172.73330975319953,175.07240295410156,23620552,0.0,0.0
2020-07-07 00:00:00+01:00,174.35269235801815,175.25235421454903,172.17354090558513,174.51263427734375,19482141,0.0,0.0
2020-07-08 00:00:00+01:00,172.61335072000998,175.49224412977313,171.9735983237182,172.7932891845703,23084125,0.0,0.0
2020-07-09 00:00:00+01:00,174.67257916908875,176.84973252854658,172.47341587319048,173.4530487060547,33886858,0.0,0.0
2020-07-10 00:00:00+01:00,171.93363149077095,176.1120112602587,170.4342102859096,175.3123321533203,23917444,0.0,0.0
2020-07-13 00:00:00+01:00,178.23119398371153,181.52992350697437,176.6118087978768,178.33114624023438,25498679,0.0,0.0
2020-07-14 00:00:00+01:00,175.25236086340217,179.51071166992188,174.4726477903337,179.51071166992188,32097550,0.0,0.0
2020-07-15 00:00:00+01:00,182.42957403326903,187.72753183659617,181.84979602243166,182.6494903564453,39223709,0.0,0.0
2020-07-16 00:00:00+01:00,183.20926771004545,183.409187475845,179.65064401895242,181.72984313964844,20231292,0.0,0.0
2020-07-17 00:00:00+01:00,181.72984448269818,184.0289599386351,180.77020824570778,183.7490692138672,31507620,0.0,0.0
2020-07-20 00:00:00+01:00,182.9293762073078,183.74906707236113,180.4303410132189,183.2692413330078,21043153,0.0,0.0
2020-07-21 00:00:00+01:00,185.42840959780656,186.36804926210854,181.80981155289064,182.86940002441406,25797353,0.0,0.0
2020-07-22 00:00:00+01:00,182.9493833997388,183.5691392829888,177.37153469178486,178.75100708007812,35329921,0.0,0.0
2020-07-23 00:00:00+01:00,180.11045066007875,184.5287581456681,179.37074603129034,183.48915100097656,29380276,0.0,0.0
2020-07-24 00:00:00+01:00,179.97051697486305,183.76905362912757,177.69339616288812,182.72946166992188,32433522,0.0,0.0
2020-07-27 00:00:00+01:00,182.9493725256025,187.0277997874856,182.9493725256025,184.92860412597656,29477191,0.0,0.0
2020-07-28 00:00:00+01:00,185.0285862204675,187.22773431122957,181.2300493802958,183.02935791015625,23650535,0.0,0.0
2020-07-29 00:00:00+01:00,183.70907636688906,184.788661415183,181.5499062703012,182.08970642089844,25319326,0.0,0.0
2020-07-30 00:00:00+01:00,182.92937884852242,183.42918589455664,174.13277178774013,176.99166870117188,32691494,0.0,0.0
2020-07-31 00:00:00+01:00,177.49147258484567,180.3503694473405,173.9528454732473,174.57260131835938,32286740,0.0,0.0
2020-08-03 00:00:00+01:00,174.57261360118747,181.0301276865194,173.45305064017444,180.85018920898438,28469972,0.0,0.0
2020-08-04 00:00:00+01:00,181.1300642798532,183.26923775410324,179.93053046069525,182.46954345703125,22176477,0.0,0.0
2020-08-05 00:00:00+01:00,183.8290263897173,196.12428283691406,183.8290263897173,196.12428283691406,63836538,0.0,0.0
2020-08-06 00:00:00+01:00,189.04701147493043,191.26615597091333,180.27040100097656,180.27040100097656,51804633,0.0,0.0
2020-08-07 00:00:00+01:00,178.93091892596865,180.62226727840678,173.7129322487894,174.4926300048828,50006393,0.0,0.0
2020-08-10 00:00:00+01:00,175.79212665967944,181.88977843866456,170.71408547796227,171.75369262695312,35888052,0.0,0.0
2020-08-11 00:00:00+01:00,173.81289931220795,178.57105679271257,173.64496488064543,177.8113555908203,37158117,0.0,0.0
2020-08-12 00:00:00+01:00,177.01167576774054,180.630274115033,176.25197450368898,179.39076232910156,33555470,0.0,0.0
2020-08-13 00:00:00+01:00,176.93170552702728,178.0312871992598,174.8325096992748,176.07203674316406,22242458,0.0,0.0
2020-08-14 00:00:00+01:00,173.2531310322098,173.75293810499662,169.05473941847956,170.45420837402344,30132548,0.0,0.0
2020-08-17 00:00:00+01:00,170.87402949271853,174.89248227616693,170.8340363887797,173.93284606933594,26584373,0.0,0.0
2020-08-18 00:00:00+01:00,171.65372601544428,175.8920950816787,170.95399923049754,171.95361328125,24542066,0.0,0.0
2020-08-19 00:00:00+01:00,171.79368184592897,176.05203247070312,171.1339328715144,176.05203247070312,27480634,0.0,0.0
2020-08-20 00:00:00+01:00,172.4334245141968,173.2331188089006,168.45496484549284,168.71485900878906,29913315,0.0,0.0
2020-08-21 00:00:00+01:00,169.41459917560377,170.35423890211726,165.99592066734712,168.27503967285156,38634363,0.0,0.0
2020-08-24 00:00:00+01:00,170.15430440306105,172.35345225720567,166.09286898898094,171.83364868164062,21441198,0.0,0.0
2020-08-25 00:00:00+01:00,172.29349923429155,174.47265080707774,167.97515869140625,167.97515869140625,24524067,0.0,0.0
2020-08-26 00:00:00+01:00,168.37500511525062,170.01437166487486,166.51671367716673,169.53456115722656,20071141,0.0,0.0
2020-08-27 00:00:00+01:00,169.67449831229115,171.47379144211564,167.69525146484375,167.69525146484375,22970768,0.0,0.0
2020-08-28 00:00:00+01:00,169.1347121301026,170.25429035669956,166.5357244764666,169.11471557617188,32922529,0.0,0.0
2020-09-01 00:00:00+01:00,171.93361278941512,175.79212354701448,169.47455556963953,172.77328491210938,44753369,0.0,0.0
2020-09-02 00:00:00+01:00,174.6325822071794,178.21120255626124,173.7729134612782,174.31271362304688,24374150,0.0,0.0
2020-09-03 00:00:00+01:00,175.2123568135055,177.1516105923165,165.85596830291146,166.6756591796875,29961334,0.0,0.0
2020-09-04 00:00:00+01:00,165.63605002123913,172.50240243204138,165.01728561103354,171.37384033203125,29942030,0.0,0.0
2020-09-07 00:00:00+01:00,173.29309952278373,175.97205796676957,172.43343079392696,175.25234985351562,15110610,0.0,0.0
2020-09-08 00:00:00+01:00,176.11199103979857,177.45747981072228,170.95399427950053,174.23272705078125,34164831,0.0,0.0
2020-09-09 00:00:00+01:00,174.27272315508702,176.07203163338556,173.15316021432398,174.9124755859375,44970973,0.0,0.0
2020-09-10 00:00:00+01:00,173.97283499070275,177.03865284353014,172.19352307470453,174.71255493164062,24075859,0.0,0.0
2020-09-11 00:00:00+01:00,174.05279990919138,182.72945811394933,173.6929382278346,181.9297637939453,30086769,0.0,0.0
2020-09-14 00:00:00+01:00,182.38959137802442,184.04893915525346,179.77059212176587,181.5699005126953,24952980,0.0,0.0
2020-09-15 00:00:00+01:00,184.90861217674245,188.26731616702813,182.82941301581315,185.96820068359375,40374211,0.0,0.0
2020-09-16 00:00:00+01:00,185.50838568070222,188.16736283553536,184.34882966917942,185.72830200195312,39225981,0.0,0.0
2020-09-17 00:00:00+01:00,182.42956893508497,185.76827628942004,180.39934688889093,184.92860412597656,19588763,0.0,0.0
2020-09-18 00:00:00+01:00,186.04817826711684,186.9278435884615,180.5303192138672,180.5303192138672,78774702,0.0,0.0
2020-09-21 00:00:00+01:00,177.93132187699146,178.23619687679235,171.93363686990185,173.0731964111328,30056101,0.0,0.0
2020-09-22 00:00:00+01:00,173.89288276682387,177.1516193770733,171.91363578456256,172.03359985351562,27060014,0.0,0.0
2020-09-23 00:00:00+01:00,174.852482606107,176.37190018782334,170.79405212402344,170.79405212402344,22886291,0.0,0.0
2020-09-24 00:00:00+01:00,167.93516965603516,171.7736841589055,166.66565547175173,168.89480590820312,26746347,0.0,0.0
2020-09-25 00:00:00+01:00,169.75447529489253,171.09395454012315,165.51610598210968,167.31541442871094,17432827,0.0,0.0
2020-09-28 00:00:00+01:00,168.9347873592551,170.73409583733036,164.2166074624805,164.51649475097656,54867632,0.0,0.0
2020-09-29 00:00:00+01:00,164.21660439559687,164.79638240842112,161.73756567926972,162.09742736816406,28291354,0.0,0.0
2020-09-30 00:00:00+01:00,161.8575091537329,164.33654778830942,159.95824851286145,160.89788818359375,26091390,0.0,0.0
2020-10-01 00:00:00+01:00,162.79714942629136,164.17662173547885,157.63913712079935,159.31849670410156,30166535,0.0,0.0
2020-10-02 00:00:00+01:00,156.53957365370644,162.2173744019084,152.98093465680589,161.69757080078125,26715396,0.0,0.0
2020-10-05 00:00:00+01:00,164.3165635132812,165.43612637580276,161.5376376560224,163.6568145751953,24271536,0.0,0.0
2020-10-06 00:00:00+01:00,163.75677956827772,167.57529727456196,161.69756183074983,164.79637145996094,64174989,0.0,0.0
2020-10-07 00:00:00+01:00,166.23583063454453,171.29387562387507,165.29619092451375,169.33462524414062,50781723,0.0,0.0
2020-10-08 00:00:00+01:00,169.23466705074833,172.573374422306,167.05550042154155,169.7144775390625,23922484,0.0,0.0
2020-10-09 00:00:00+01:00,171.5537704310213,177.47148419236845,171.45381817074002,172.93324279785156,40799136,0.0,0.0
2020-10-12 00:00:00+01:00,173.77290729899516,175.83210985494716,171.21389770507812,171.21389770507812,17888260,0.0,0.0
2020-10-13 00:00:00+01:00,170.13432257238426,170.69410404701324,166.8355928792906,168.27503967285156,25130518,0.0,0.0
2020-10-14 00:00:00+01:00,169.3546113939721,170.09433128583063,167.39336300469125,168.71485900878906,24688980,0.0,0.0
2020-10-15 00:00:00+01:00,166.8156097158039,166.8156097158039,160.937873792036,162.65721130371094,26747538,0.0,0.0
2020-10-16 00:00:00+01:00,164.63644672285153,165.97592601720314,161.43768450764563,163.49688720703125,59188433,0.0,0.0
2020-10-19 00:00:00+01:00,164.0766657641412,167.0355303556896,163.6368330982312,165.35617065429688,19104651,0.0,0.0
2020-10-20 00:00:00+01:00,164.13663828591788,170.09434525520618,163.02807267493745,168.39500427246094,19996833,0.0,0.0
2020-10-21 00:00:00+01:00,170.07433512230494,171.15392013468548,165.99491649910883,167.09548950195312,25742040,0.0,0.0
2020-10-22 00:00:00+01:00,166.65565509254034,168.03512735796798,163.2769547336349,164.9962921142578,19206319,0.0,0.0
2020-10-23 00:00:00+01:00,164.3365463435489,169.75446800363343,164.01667777394806,167.4153594970703,18940347,0.0,0.0
2020-10-26 00:00:00+00:00,164.29657810900196,169.69149871140272,163.4369093518365,166.1758575439453,14097270,0.0,0.0
2020-10-27 00:00:00+00:00,166.07588772299283,166.07588772299283,159.8382901818787,160.47804260253906,47880667,0.0,0.0
2020-10-28 00:00:00+00:00,158.97862557084585,160.79793062081907,154.24046432530037,156.21969604492188,30605435,0.0,0.0
2020-10-29 00:00:00+00:00,155.02015110546233,157.6191385239782,152.66106130080627,155.4399871826172,36682699,0.0,0.0
2020-10-30 00:00:00+00:00,152.86098281279106,155.83982849121094,150.53387831315632,155.83982849121094,22869291,0.0,0.0
2020-11-02 00:00:00+00:00,155.20007268447023,158.0989625956395,154.14048422666005,156.7794647216797,16684591,0.0,0.0
2020-11-03 00:00:00+00:00,159.45844041203978,162.91709654599646,158.71872051061138,160.65797424316406,21182010,0.0,0.0
2020-11-04 00:00:00+00:00,156.6395210300906,162.2973403021242,153.46075562285134,162.27734375,27429648,0.0,0.0
2020-11-05 00:00:00+00:00,162.77715875672212,165.95593957257958,160.5580142021332,164.07666015625,22347299,0.0,0.0
2020-11-06 00:00:00+00:00,164.87635739759597,170.0143734267406,162.97708139476669,169.9344024658203,44988410,0.0,0.0
2020-11-09 00:00:00+00:00,172.73331680442527,187.16774662107872,172.1335422527309,180.11045837402344,49305529,0.0,0.0
2020-11-10 00:00:00+00:00,180.33036939344663,188.92705636630075,180.11045308114805,187.4476318359375,43653778,0.0,0.0
2020-11-11 00:00:00+00:00,186.40804367483128,189.5068536618322,186.1891340316232,188.32730102539062,35945973,0.0,0.0
2020-11-12 00:00:00+00:00,186.1481427316225,189.58681774645666,185.1885064647079,188.50723266601562,36044976,0.0,0.0
2020-11-13 00:00:00+00:00,186.12815033398655,190.28654882862378,185.28847811475248,189.46685791015625,29740709,0.0,0.0
2020-11-16 00:00:00+00:00,192.16581466247732,198.44338981343026,192.016870091378,195.0047149658203,49638368,0.0,0.0
2020-11-17 00:00:00+00:00,194.92474099056386,196.704052790656,190.58641964664938,192.62562561035156,37981966,0.0,0.0
2020-11-18 00:00:00+00:00,192.46568885644152,194.48491357519583,192.46568885644152,193.78518676757812,24253065,0.0,0.0
2020-11-19 00:00:00+00:00,190.9063010286763,191.48607905063454,188.5872041937443,190.36651611328125,44661168,0.0,0.0
2020-11-20 00:00:00+00:00,190.38651019562474,195.98434006264065,189.5268414504854,194.98472595214844,45826527,0.0,0.0
2020-11-23 00:00:00+00:00,197.0239448404211,201.74711230229312,196.94797014219827,199.60293579101562,41120571,0.0,0.0
2020-11-24 00:00:00+00:00,204.92088217143237,211.6182933186504,202.97163780623532,211.51834106445312,60027476,0.0,0.0
2020-11-25 00:00:00+00:00,212.21808286327325,215.06697398221638,208.41954611844793,214.9170379638672,48784296,0.0,0.0
2020-11-26 00:00:00+00:00,215.61676778980151,216.01662259910447,211.81823099238096,212.1181182861328,25047639,0.0,0.0
2020-11-27 00:00:00+00:00,211.31842600844718,214.81707554668571,209.7690362724056,213.4676055908203,53250454,0.0,0.0
2020-11-30 00:00:00+00:00,212.81783209618663,217.0162234456599,211.76824951171875,211.76824951171875,49759528,0.0,0.0
2020-12-01 00:00:00+00:00,213.3676208302195,220.51487060387447,212.91779754795175,219.8651123046875,30398283,0.0,0.0
2020-12-02 00:00:00+00:00,220.514886961044,258.2003220048769,218.91549822445361,222.7140350341797,32395477,0.0,0.0
2020-12-03 00:00:00+00:00,222.71401603398905,232.46025313716785,221.71440197212456,230.41104125976562,44169237,0.0,0.0
2020-12-04 00:00:00+00:00,233.11000880844952,239.7074680754315,231.4606516181545,237.55828857421875,75211908,0.0,0.0
2020-12-07 00:00:00+00:00,239.90738367883472,241.55674084046643,235.6740173608859,239.20765686035156,29757307,0.0,0.0
2020-12-08 00:00:00+00:00,237.10845318400058,239.25763257564097,235.7589833478963,237.40834045410156,25350839,0.0,0.0
2020-12-09 00:00:00+00:00,241.50676512854417,241.85662090089173,237.60826110839844,237.60826110839844,24852001,0.0,0.0
2020-12-10 00:00:00+00:00,240.5571217862569,241.40679985377608,236.70861673742965,238.95774841308594,28044651,0.0,0.0
2020-12-11 00:00:00+00:00,238.95774033713056,239.707450870345,235.05923641267555,237.15843200683594,29427243,0.0,0.0
2020-12-14 00:00:00+00:00,237.058481643209,239.2076611455732,235.5090919648476,235.85894775390625,58427859,0.0,0.0
2020-12-15 00:00:00+00:00,236.05886058843274,240.30722045898438,235.2091977660627,240.30722045898438,77889793,0.0,0.0
2020-12-16 00:00:00+00:00,241.75666851384233,245.10536649082863,240.50715092849666,242.706298828125,43342213,0.0,0.0
2020-12-17 00:00:00+00:00,244.905457667431,245.80510426790607,239.3575962900988,241.70669555664062,68796526,0.0,0.0
2020-12-18 00:00:00+00:00,243.45600985043347,244.55557617592527,240.30721637752913,241.9565887451172,69774532,0.0,0.0
2020-12-21 00:00:00+00:00,237.80818726660732,244.55558241260326,228.91162791601,235.60903930664062,30196980,0.0,0.0
2020-12-22 00:00:00+00:00,232.91008221316395,235.05924639852006,232.31030765995268,232.56021118164062,17091905,0.0,0.0
2020-12-23 00:00:00+00:00,233.5598197815775,237.20842026424842,232.91007674161287,236.45870971679688,16276592,0.0,0.0
2020-12-24 00:00:00+00:00,236.45872194537637,237.10846501894275,233.67479297450467,234.90931701660156,5302885,0.0,0.0
2020-12-29 00:00:00+00:00,235.808950995608,238.5578896646038,233.01004382585964,235.5090789794922,19808846,0.0,0.0
2020-12-30 00:00:00+00:00,234.85934027784006,237.20843961935725,233.73077810474186,236.5087127685547,11502510,0.0,0.0
2020-12-31 00:00:00+00:00,232.8600962016214,235.25917913831665,230.7609157915259,232.9100799560547,10314658,0.0,0.0
2021-01-04 00:00:00+00:00,237.55828845615255,250.62325226761055,237.45833619633945,245.3052978515625,47774095,0.0,0.0
2021-01-05 00:00:00+00:00,245.30528337205328,254.44976301116654,244.6555403364668,254.00193786621094,36516581,0.0,0.0
2021-01-06 00:00:00+00:00,257.80047444902266,275.462662612148,247.10660458702463,273.84429931640625,61745936,0.0,0.0
2021-01-07 00:00:00+00:00,276.69314982208874,279.39211989097595,270.701475316582,278.4424743652344,33548398,0.0,0.0
2021-01-08 00:00:00+00:00,279.4921318488111,282.19107184117513,273.3944792274047,276.3433532714844,28813831,0.0,0.0
2021-01-11 00:00:00+00:00,272.54478290511145,275.2437532233938,267.74664734572264,270.4455871582031,31248934,0.0,0.0
2021-01-12 00:00:00+00:00,271.89503896125404,277.8927236442229,270.64552131896886,276.2933349609375,29337747,0.0,0.0
2021-01-13 00:00:00+00:00,277.8927159356684,280.59168617045754,276.6931668300286,277.14300537109375,30060208,0.0,0.0
2021-01-14 00:00:00+00:00,277.5428450116071,284.8900146484375,277.1929739801769,284.8900146484375,59482774,0.0,0.0
2021-01-15 00:00:00+00:00,283.3406406943569,286.98922621075127,275.3936960647588,279.7919921875,52232820,0.0,0.0
2021-01-18 00:00:00+00:00,278.89232823266684,279.54207128330324,270.3956085553275,276.7431640625,18051034,0.0,0.0
2021-01-19 00:00:00+00:00,279.7919996980152,283.09074475797206,273.44444362606225,273.6443786621094,24296042,0.0,0.0
2021-01-20 00:00:00+00:00,277.34292737150565,281.791191542356,275.04379677792275,280.1918029785156,24042277,0.0,0.0
2021-01-21 00:00:00+00:00,282.091092217754,282.9907387459843,276.0434090167075,276.3932800292969,19953477,0.0,0.0
2021-01-22 00:00:00+00:00,272.9946264198731,277.6927945517558,267.396781161683,270.69549560546875,26370749,0.0,0.0
2021-01-25 00:00:00+00:00,273.2944754513018,274.74392802761986,251.60285359446257,259.6497497558594,39125404,0.0,0.0
2021-01-26 00:00:00+00:00,256.3510487198939,259.6497630549412,254.15188549266142,254.90159606933594,32495225,0.0,0.0
2021-01-27 00:00:00+00:00,252.60248072476503,252.60248072476503,234.90931415594034,237.70823669433594,74629866,0.0,0.0
2021-01-28 00:00:00+00:00,234.75937327984195,252.82739476302672,229.96122263523304,248.60401916503906,43781112,0.0,0.0
2021-01-29 00:00:00+00:00,242.7062996172905,252.0027135330699,241.9565890636454,246.30490112304688,37390850,0.0,0.0
2021-02-01 00:00:00+00:00,249.9035258611141,257.5005991484523,248.90391175766965,249.80355834960938,28473820,0.0,0.0
2021-02-02 00:00:00+00:00,249.40372807824272,253.00234508554223,243.30607571945782,246.70477294921875,33595612,0.0,0.0
2021-02-03 00:00:00+00:00,249.9035254698582,251.40294662267738,242.03656736899532,248.8539276123047,37828960,0.0,0.0
2021-02-04 00:00:00+00:00,251.1030562441875,252.64146379228222,245.59718623178568,247.3045196533203,36200286,0.0,0.0
2021-02-05 00:00:00+00:00,248.15421869587752,259.4598525633704,246.6967886735994,259.1000061035156,49851437,0.0,0.0
2021-02-08 00:00:00+00:00,262.89849448532993,268.0964997345081,260.0495883488727,264.5478515625,32787154,0.0,0.0
2021-02-09 00:00:00+00:00,264.8977284563446,268.7962172268062,262.54862929151506,263.29833984375,26408784,0.0,0.0
2021-02-10 00:00:00+00:00,268.6962432852032,276.34331513954373,266.2971756766531,270.3955993652344,61842766,0.0,0.0
2021-02-11 00:00:00+00:00,271.994998817707,272.7946778839395,267.3967679223678,269.39599609375,30177758,0.0,0.0
2021-02-12 00:00:00+00:00,267.89657946525665,269.4159819189412,262.99847646425366,268.6962585449219,21920398,0.0,0.0
2021-02-15 00:00:00+00:00,272.54477035513816,282.87080079174626,272.1948993291304,282.1910400390625,32659219,0.0,0.0
2021-02-16 00:00:00+00:00,289.88808314005536,293.78657195008907,219.6152102800067,287.88885498046875,56131231,0.0,0.0
2021-02-17 00:00:00+00:00,287.43903255940364,294.53629902505116,284.93999721979554,288.08880615234375,49768475,0.0,0.0
2021-02-18 00:00:00+00:00,291.6873585583592,297.435139167934,288.1387409930283,288.23870849609375,44597126,0.0,0.0
2021-02-19 00:00:00+00:00,289.63819867487723,302.3882819823736,289.18836010705587,300.0341796875,100512210,0.0,0.0
2021-02-22 00:00:00+00:00,309.88037369429753,309.88037369429753,288.2387343422916,304.4324645996094,51692647,0.0,0.0
2021-02-23 00:00:00+00:00,309.880353595746,310.4301291175476,291.93726930618857,303.4328308105469,101036987,0.0,0.0
2021-02-24 00:00:00+00:00,300.93381759231863,307.1814058209069,297.9849742519061,302.3832702636719,34699330,0.0,0.0
2021-02-25 00:00:00+00:00,308.13103945372535,309.1806220329992,303.73274361296694,304.8822937011719,38985551,0.0,0.0
2021-02-26 00:00:00+00:00,295.98573960114527,302.0333926729717,288.988440936843,290.58782958984375,63064669,0.0,0.0
2021-03-01 00:00:00+00:00,295.7358496678626,299.73430623121163,294.18642944608325,296.23565673828125,42284741,0.0,0.0
2021-03-02 00:00:00+00:00,294.33638870070416,300.7838814463471,291.687386888283,298.0349426269531,33742994,0.0,0.0
2021-03-03 00:00:00+00:00,302.53319380475165,304.8323244815464,295.8357978033597,299.5843505859375,53284663,0.0,0.0
2021-03-04 00:00:00+00:00,292.5370388132982,299.5843360050296,282.7908020529498,286.1894836425781,42557105,0.0,0.0
2021-03-05 00:00:00+00:00,283.0407135949928,292.8369496382655,280.2418064430863,282.8907775878906,38165625,0.0,0.0
2021-03-08 00:00:00+00:00,287.18912733148665,292.0372619628906,282.89079877503497,292.0372619628906,46407508,0.0,0.0
2021-03-09 00:00:00+00:00,284.7400705619131,289.33830133051026,279.39212924971207,284.7900390625,80408478,0.0,0.0
2021-03-10 00:00:00+00:00,283.8404361828574,287.08918201112556,279.6370418048801,283.24066162109375,41215229,0.0,0.0
2021-03-11 00:00:00+00:00,289.6881422296025,291.0876263174886,283.99036039415245,289.13836669921875,48876957,0.0,0.0
2021-03-12 00:00:00+00:00,287.53899765578734,290.88771108385816,285.3398648789096,290.13800048828125,21927249,0.0,0.0
2021-03-15 00:00:00+00:00,291.2375784519569,294.2863892998161,282.29101992205887,284.989990234375,26476593,0.0,0.0
2021-03-16 00:00:00+00:00,285.58975575027586,288.238726969389,282.6728825878651,286.3894348144531,68895478,0.0,0.0
2021-03-17 00:00:00+00:00,286.43939984078366,286.589366356073,280.941522450321,282.1910400390625,40634459,0.0,0.0
2021-03-18 00:00:00+00:00,284.4901634551002,287.649923685219,283.1406783924932,287.3890380859375,39951317,0.0,0.0
2021-03-19 00:00:00+00:00,281.791206805914,285.5397596558662,275.39368270982243,281.89117431640625,70242260,0.0,0.0
2021-03-22 00:00:00+00:00,279.29216407913225,283.49055536075525,276.49325689525045,279.3421630859375,23454126,0.0,0.0
2021-03-23 00:00:00+00:00,277.19296175361995,279.6919968596057,271.1453089994543,271.89501953125,46934106,0.0,0.0
2021-03-24 00:00:00+00:00,269.14607439596534,278.0426330566406,266.896942855052,278.0426330566406,36322078,0.0,0.0
2021-03-25 00:00:00+00:00,274.194124665581,274.84389820971853,263.39830501163664,268.7462463378906,45964670,0.0,0.0
2021-03-26 00:00:00+00:00,273.54440918725123,286.28948974609375,272.9946336007597,286.28948974609375,47465617,0.0,0.0
2021-03-29 00:00:00+01:00,284.24027788660476,286.28947460695036,273.2305205288505,284.59014892578125,30500339,0.0,0.0
2021-03-30 00:00:00+01:00,286.28944619977295,289.6851381624119,283.6404751759415,285.9395751953125,21877372,0.0,0.0
2021-03-31 00:00:00+01:00,286.3394831386358,289.0384230181811,284.14031982421875,284.14031982421875,24873858,0.0,0.0
2021-04-01 00:00:00+01:00,285.78966793178284,289.3312999911746,283.64050369656394,285.5397644042969,23893817,0.0,0.0
2021-04-06 00:00:00+01:00,290.98766951774576,296.28561202551765,290.98766951774576,291.5374450683594,30755851,0.0,0.0
2021-04-07 00:00:00+01:00,292.43707142302696,295.86375733760997,290.28790736594203,292.98687744140625,26117845,0.0,0.0
2021-04-08 00:00:00+01:00,295.4859485821081,296.0357241618049,289.9880707619281,294.1864318847656,52579654,0.0,0.0
2021-04-09 00:00:00+01:00,293.63666240245107,294.5863080661591,285.4898130190842,288.588623046875,34634143,0.0,0.0
2021-04-12 00:00:00+01:00,284.89001996331496,287.95283294456505,283.04072776765594,286.0895690917969,35590269,0.0,0.0
2021-04-13 00:00:00+01:00,287.2890831677039,288.43863326925486,284.74007944227344,286.7892761230469,25397252,0.0,0.0
2021-04-14 00:00:00+01:00,293.5866782401404,302.3832702636719,289.2883192353905,302.3832702636719,36300610,0.0,0.0
2021-04-15 00:00:00+01:00,304.9322694958497,306.7315931822406,246.27492133437488,303.0830078125,51790570,0.0,0.0
2021-04-16 00:00:00+01:00,303.83271303526834,304.9322641230318,299.702288604545,301.8834533691406,70893063,0.0,0.0
2021-04-19 00:00:00+01:00,303.88267427215374,304.63238481723306,301.0867566745947,303.6827392578125,36610175,0.0,0.0
2021-04-20 00:00:00+01:00,302.98305837538413,305.1322227209063,289.28833216396725,290.6378173828125,46859486,0.0,0.0
2021-04-21 00:00:00+01:00,293.1867963163873,295.4359279876014,288.2886934446812,292.7869567871094,28507906,0.0,0.0
2021-04-22 00:00:00+01:00,291.8802278981823,293.4298452002371,289.7307174007544,292.4300842285156,22484277,4.3023,0.0
2021-04-23 00:00:00+01:00,292.18012507313915,297.8787744471984,290.2305791003606,296.1791687011719,38354571,0.0,0.0
2021-04-26 00:00:00+01:00,298.62859376866567,306.4327271291796,296.31213116007467,306.1268005371094,28527877,0.0,0.0
2021-04-27 00:00:00+01:00,308.7261506534804,308.7261506534804,300.57810550136116,302.02777099609375,45249841,0.0,0.0
2021-04-28 00:00:00+01:00,301.927785042588,305.72686417344875,301.37792876400687,302.777587890625,36008890,0.0,0.0
2021-04-29 00:00:00+01:00,304.9270884195964,305.6269332856561,297.97873764329904,299.92828369140625,29023618,0.0,0.0
2021-04-30 00:00:00+01:00,300.17820530699834,301.62787079236017,294.8094942436022,295.1294250488281,48961865,0.0,0.0
2021-05-04 00:00:00+01:00,296.27916946917776,304.13828288534705,295.229402144835,296.12921142578125,36685450,0.0,0.0
2021-05-05 00:00:00+01:00,300.82804910492314,309.8258972167969,300.6281152308281,309.8258972167969,45595937,0.0,0.0
2021-05-06 00:00:00+01:00,309.92587345455286,312.5232441715643,306.3267281768954,312.2253112792969,72386585,0.0,0.0
2021-05-07 00:00:00+01:00,314.92470408113866,323.393687517305,311.1256246169716,322.6728515625,60963157,0.0,0.0
2021-05-10 00:00:00+01:00,329.1213091896671,331.7206631901973,323.2226953154184,331.1708068847656,61544613,0.0,0.0
2021-05-11 00:00:00+01:00,325.9220546232084,329.2712597528345,320.4733454936465,327.82159423828125,65281862,0.0,0.0
2021-05-12 00:00:00+01:00,334.9198947945222,339.3188365643941,329.5211921446666,333.0203552246094,53751709,0.0,0.0
2021-05-13 00:00:00+01:00,327.12179771953345,329.1213196358869,316.9242237420177,324.32244873046875,43810239,0.0,0.0
2021-05-14 00:00:00+01:00,324.32243551474346,329.5212044895324,319.1946639659456,324.52239990234375,31862467,0.0,0.0
2021-05-17 00:00:00+01:00,325.97204437471754,327.4217099511334,318.8737660633925,325.072265625,37361272,0.0,0.0
2021-05-18 00:00:00+01:00,332.97036134852345,334.8199251478396,324.32243551474346,324.52239990234375,38093607,0.0,0.0
2021-05-19 00:00:00+01:00,317.0741808884296,321.9730034676071,308.726170809168,313.7249755859375,42322602,0.0,0.0
2021-05-20 00:00:00+01:00,318.8237485370168,320.4733479387374,308.7761635817607,311.62548828125,42462414,0.0,0.0
2021-05-21 00:00:00+01:00,311.57549490590355,315.8244789562287,308.8761586389256,310.27581787109375,22926196,0.0,0.0
2021-05-24 00:00:00+01:00,310.12584691418004,313.12512964831996,308.2562683812628,311.62548828125,17725314,0.0,0.0
2021-05-25 00:00:00+01:00,314.67474242983104,314.67474242983104,305.22698974609375,305.22698974609375,23002977,0.0,0.0
2021-05-26 00:00:00+01:00,306.1268061613346,307.7764055786427,302.92755901057546,307.4264831542969,25778967,0.0,0.0
2021-05-27 00:00:00+01:00,309.92587477084544,322.8727904532883,307.42647255495154,321.6730651855469,56036132,0.0,0.0
2021-05-28 00:00:00+01:00,324.422427632662,325.92206905469277,319.1237068122663,321.3731689453125,31639494,0.0,0.0
2021-06-01 00:00:00+01:00,328.37148975184203,334.0201329058205,327.76763024464185,330.9208679199219,32732244,0.0,0.0
2021-06-02 00:00:00+01:00,329.92110627071065,334.37005460483766,327.57166198763554,333.4702453613281,32161454,0.0,0.0
2021-06-03 00:00:00+01:00,334.520025577727,335.9696606733493,323.3226905459761,324.9722900390625,39495415,0.0,0.0
2021-06-04 00:00:00+01:00,325.57214710072043,330.67093404519727,324.4324354836442,329.6711730957031,18185730,0.0,0.0
2021-06-07 00:00:00+01:00,328.92134026183834,329.22125633152064,322.6268555631666,323.62261962890625,18353780,0.0,0.0
2021-06-08 00:00:00+01:00,322.42290623491795,325.6721293210063,320.4233843357867,323.672607421875,20136681,0.0,0.0
2021-06-09 00:00:00+01:00,323.5226509499394,324.3224475093562,316.72425815376465,318.5738220214844,29374510,0.0,0.0
2021-06-10 00:00:00+01:00,320.6233438994756,324.17248301285105,317.6740369385765,319.8235168457031,28536984,0.0,0.0
2021-06-11 00:00:00+01:00,322.8728081019794,330.67093123771264,322.6728437096652,329.0213317871094,52027082,0.0,0.0
2021-06-14 00:00:00+01:00,326.8718409442857,330.40999626077945,325.2722173900676,327.5716552734375,54694235,0.0,0.0
2021-06-15 00:00:00+01:00,325.87207694073726,326.9717895204254,317.1241690823373,320.9232482910156,50974476,0.0,0.0
2021-06-16 00:00:00+01:00,317.92396719097934,319.52359073802165,310.6757006433862,316.97418212890625,50083387,0.0,0.0
2021-06-17 00:00:00+01:00,314.2748551793541,314.2748551793541,305.07704239782385,305.5269470214844,44173068,0.0,0.0
2021-06-18 00:00:00+01:00,302.92756056901055,307.2265203465701,294.72950877194097,297.4788513183594,162595219,0.0,0.0
2021-06-21 00:00:00+01:00,292.72998649920663,302.9275601335581,289.5807456889835,301.177978515625,32210400,0.0,0.0
2021-06-22 00:00:00+01:00,304.0772714333854,308.72615351327823,300.8780548616538,307.5264587402344,45356271,0.0,0.0
2021-06-23 00:00:00+01:00,309.4260162299189,314.77474345258963,307.12657823264664,310.02587890625,40960272,0.0,0.0
2021-06-24 00:00:00+01:00,310.57572688083553,315.1246574196531,308.1882972912284,314.07489013671875,37275985,0.0,0.0
2021-06-25 00:00:00+01:00,314.6747596740816,318.1739230064383,313.82495676273834,315.1246643066406,42474134,0.0,0.0
2021-06-28 00:00:00+01:00,313.52503272545266,315.3745965419647,309.42600682379185,309.4759826660156,23563275,0.0,0.0
2021-06-29 00:00:00+01:00,310.92563342212645,315.6744975981879,308.0263329745872,313.625,19493232,0.0,0.0
2021-06-30 00:00:00+01:00,313.4250572334004,314.37484233822084,306.2267662028743,309.37603759765625,27736852,0.0,0.0
2021-07-01 00:00:00+01:00,311.82544050623636,316.37437122685895,308.4372430116466,310.42578125,24745721,0.0,0.0
2021-07-02 00:00:00+01:00,310.4257638472969,317.72400631656666,309.9258833902159,315.07464599609375,23327946,0.0,0.0
2021-07-05 00:00:00+01:00,316.1743942834946,322.1229840243247,314.92469312031875,320.0734558105469,21061632,0.0,0.0
2021-07-06 00:00:00+01:00,322.17294358284244,322.7728062129039,307.52645279276936,309.9258728027344,34948941,0.0,0.0
2021-07-07 00:00:00+01:00,312.0753783172782,320.52337065383864,312.0753783172782,318.0739440917969,54377731,0.0,0.0
2021-07-08 00:00:00+01:00,314.92469553098255,314.92469553098255,302.7275998809077,307.5764465332031,38586174,0.0,0.0
2021-07-09 00:00:00+01:00,309.6259760804341,319.67356134792914,307.97634611716785,319.3236389160156,37912369,0.0,0.0
2021-07-12 00:00:00+01:00,318.8237459017277,318.9237280940956,310.77568283575414,316.97418212890625,36495306,0.0,0.0
2021-07-13 00:00:00+01:00,317.6240556202918,319.6735532965793,312.3253044526,313.67498779296875,23376526,0.0,0.0
2021-07-14 00:00:00+01:00,312.675229519909,321.77306004604594,310.7756898630915,319.1736755371094,31366708,0.0,0.0
2021-07-15 00:00:00+01:00,319.2736658649454,321.92302628354525,314.7247352308559,319.9734802246094,39348449,0.0,0.0
2021-07-16 00:00:00+01:00,320.12345118554833,321.0232298901232,306.37673886201696,308.9261169433594,42595179,0.0,0.0
2021-07-19 00:00:00+01:00,304.52719746910606,304.52719746910606,290.8854395111281,296.12921142578125,56887905,0.0,0.0
2021-07-20 00:00:00+01:00,298.1786972655179,304.27724503838624,295.67929494141464,302.0777587890625,55315987,0.0,0.0
2021-07-21 00:00:00+01:00,303.177490561266,315.3245792995045,301.9777652865071,314.02490234375,31822767,0.0,0.0
2021-07-22 00:00:00+01:00,315.42458632841846,318.0299509704664,311.37556660026536,311.57550048828125,22114648,0.0,0.0
2021-07-23 00:00:00+01:00,315.72447535186797,317.374105220724,313.3250553293695,315.67449951171875,20819312,0.0,0.0
2021-07-26 00:00:00+01:00,316.9242266900254,327.671657090397,315.8244835237447,326.1220397949219,36326961,0.0,0.0
2021-07-27 00:00:00+01:00,324.67236301394087,324.67236301394087,317.77401867782584,323.52264404296875,29004292,0.0,0.0
2021-07-28 00:00:00+01:00,320.923266798575,327.07179057443506,318.77378684575024,326.8718566894531,41113162,0.0,0.0
2021-07-29 00:00:00+01:00,328.92134172108945,333.0203675831959,229.89501983275454,329.3712463378906,42930012,0.0,0.0
2021-07-30 00:00:00+01:00,324.92229123589453,326.6718728040878,318.17390518714905,323.4726257324219,33092283,0.0,0.0
2021-08-02 00:00:00+01:00,325.6221501678509,330.4709663157321,325.6221501678509,326.72186279296875,24220051,0.0,0.0
2021-08-03 00:00:00+01:00,326.42194221222576,331.17080660888143,324.62238475023753,330.0210876464844,29321436,0.0,0.0
2021-08-04 00:00:00+01:00,332.0206012699178,333.8701650385219,325.6721134475486,329.22125244140625,38795248,0.0,0.0
2021-08-05 00:00:00+01:00,333.920155843099,334.0201380397193,319.47359797451645,323.92254638671875,50081251,0.0,0.0
2021-08-06 00:00:00+01:00,322.4728798016412,328.6714098493,320.97323838788014,325.32220458984375,31968210,0.0,0.0
2021-08-09 00:00:00+01:00,323.92255068655413,326.7218691673864,320.12347124681276,325.47216796875,18754188,0.0,0.0
2021-08-10 00:00:00+01:00,325.57213156255347,332.2705418085911,322.92277127489314,330.3710021972656,26824571,0.0,0.0
2021-08-11 00:00:00+01:00,331.02085249077703,341.43935121254015,331.02085249077703,341.2684020996094,69336221,0.0,0.0
2021-08-12 00:00:00+01:00,341.41837035865956,341.8682749980918,337.7392573211865,339.2688903808594,49451183,0.0,0.0
2021-08-13 00:00:00+01:00,339.96868683567754,340.91847190874427,333.2703070134344,336.76947021484375,20778707,0.0,0.0
2021-08-16 00:00:00+01:00,331.97059904064713,332.82040191896624,325.07225484127645,329.6211853027344,45772515,0.0,0.0
2021-08-17 00:00:00+01:00,328.8213475244252,328.8213475244252,323.4226448712883,324.4723815917969,27693194,0.0,0.0
2021-08-18 00:00:00+01:00,324.8723301908524,325.74910418316136,315.17463685280677,318.1739196777344,51817343,0.0,0.0
2021-08-19 00:00:00+01:00,309.9258813403845,310.87566640666927,302.4776503750271,307.0265808105469,83069908,0.0,0.0
2021-08-20 00:00:00+01:00,308.6761980539524,310.7256958288208,304.77213270464495,309.5260009765625,45455606,0.0,0.0
2021-08-23 00:00:00+01:00,315.2246164810646,319.6735649289109,314.2248555274167,317.4241027832031,42960563,0.0,0.0
2021-08-24 00:00:00+01:00,319.97345795828016,327.1217726700858,319.8075125409483,325.62213134765625,46540941,0.0,0.0
2021-08-25 00:00:00+01:00,324.97227639336256,329.52120690724917,322.6728384704974,328.8713684082031,35452433,0.0,0.0
2021-08-26 00:00:00+01:00,325.4221760938383,328.1215427540289,324.6523711771027,325.02227783203125,19974058,0.0,0.0
2021-08-27 00:00:00+01:00,325.17224681972044,333.6202389950146,325.17224681972044,332.4704895019531,23525153,0.0,0.0
2021-08-31 00:00:00+01:00,333.32028177732894,335.5197679866445,325.67211690674793,327.32171630859375,41631195,0.0,0.0
2021-09-01 00:00:00+01:00,327.07177260666367,330.8208759848012,324.77233473885184,329.22125244140625,37340105,0.0,0.0
2021-09-02 00:00:00+01:00,324.12249098992163,330.22100797772845,323.92252660889017,329.0712890625,34710347,0.0,0.0
2021-09-03 00:00:00+01:00,329.8711329391885,335.86969855340413,327.42170644260415,332.9703674316406,43566021,0.0,0.0
2021-09-06 00:00:00+01:00,333.67022263664285,340.31862696315153,332.52050362699276,338.1191711425781,32977220,0.0,0.0
2021-09-07 00:00:00+01:00,338.01916756110387,340.3686117862857,336.3985529398587,337.519287109375,25583695,0.0,0.0
2021-09-08 00:00:00+01:00,337.16937583975846,338.71899308724403,332.42051139131115,334.1201171875,25500071,0.0,0.0
2021-09-09 00:00:00+01:00,330.77091015190405,332.9203900516828,329.2712687552749,332.0705871582031,29208089,0.0,0.0
2021-09-10 00:00:00+01:00,334.919916788737,338.71899617804837,333.6752192930629,335.919677734375,34334708,0.0,0.0
2021-09-13 00:00:00+01:00,336.6694848365164,341.31836694378393,335.96963999874214,339.8187255859375,3171156,0.0,0.0
2021-09-14 00:00:00+01:00,333.4202819337297,338.51507211179,331.0208617190219,335.8197021484375,48105312,0.0,0.0
2021-09-15 00:00:00+01:00,336.16960189173125,342.8180057601732,335.26982318575017,340.318603515625,55889784,0.0,0.0
2021-09-16 00:00:00+01:00,339.9187059373827,341.22839027531893,331.520720480986,332.9203796386719,60133844,0.0,0.0
2021-09-17 00:00:00+01:00,337.91920173032423,339.21887876363536,323.822566206973,327.1217956542969,195131324,0.0,0.0
2021-09-20 00:00:00+01:00,317.9239786547564,319.1736798287138,304.994056515835,314.7247314453125,71415830,0.0,0.0
2021-09-21 00:00:00+01:00,317.67404047648114,322.07298253523186,311.4255345662435,311.9254150390625,58074387,0.0,0.0
2021-09-22 00:00:00+01:00,321.27317287769637,326.4219354356511,318.4898419357274,324.12249755859375,49606461,0.0,0.0
2021-09-23 00:00:00+01:00,329.4711926666154,375.71013433031186,324.1224962553643,329.22125244140625,45876667,0.0,0.0
2021-09-24 00:00:00+01:00,327.9715634881605,331.47072677096173,326.5219284343123,330.4209899902344,22052761,0.0,0.0
2021-09-27 00:00:00+01:00,335.1698359957817,337.41929798233053,330.2710137715759,336.4695129394531,47753308,0.0,0.0
2021-09-28 00:00:00+01:00,336.8694516354299,345.6673354603886,336.36957117923265,344.1676940917969,60469491,0.0,0.0
2021-09-29 00:00:00+01:00,345.71730560076276,351.9658112001857,342.76802926400387,347.7168273925781,52797227,0.0,0.0
2021-09-30 00:00:00+01:00,348.1167782585405,352.81563646143377,345.8673160999464,351.7658996582031,55114227,0.0,0.0
2021-10-01 00:00:00+01:00,347.4169331479712,353.36552305634467,343.81778759459746,350.6161804199219,56817107,0.0,0.0
2021-10-04 00:00:00+01:00,350.96606273244487,360.5637737750823,349.71636156830675,354.9151306152344,45852923,0.0,0.0
2021-10-05 00:00:00+01:00,359.9139264840189,368.9787447141933,356.6647035365937,367.5121154785156,54553177,0.0,0.0
2021-10-06 00:00:00+01:00,364.91273176032536,366.41237312372397,358.1143697836977,360.1138916015625,55267450,0.0,0.0
2021-10-07 00:00:00+01:00,364.5128303225914,368.3619158904981,354.91511957841465,358.3143005371094,62836806,0.0,0.0
2021-10-08 00:00:00+01:00,356.5647407729621,359.16412537459837,353.9983682977972,355.2150573730469,38508482,0.0,0.0
2021-10-11 00:00:00+01:00,357.91441357687967,370.1115091486963,355.7649336756113,366.9122619628906,39504475,0.0,0.0
2021-10-12 00:00:00+01:00,362.46332360736807,371.7111124813336,360.56378388666417,370.91131591796875,50588850,0.0,0.0
2021-10-13 00:00:00+01:00,366.1624450888547,374.8603774903003,366.1624450888547,372.1610107421875,68289194,0.0,0.0
2021-10-14 00:00:00+01:00,377.35975918023115,386.3076008169325,376.6819122674823,384.7079772949219,85651011,0.0,0.0
2021-10-15 00:00:00+01:00,388.9069868260639,392.20618556417776,387.4073454886884,390.45660400390625,67388115,0.0,0.0
2021-10-18 00:00:00+01:00,394.40569893688877,397.4549576624523,391.2564580132136,392.356201171875,70513153,0.0,0.0
2021-10-19 00:00:00+01:00,395.6054231541117,397.7048967569921,376.31001836491185,380.6090087890625,62356746,0.0,0.0
2021-10-20 00:00:00+01:00,377.90962549979145,379.1593266423172,373.5566625748296,377.8596496582031,43715523,0.0,0.0
2021-10-21 00:00:00+01:00,372.91083194787694,374.8103716385844,366.3624099716721,368.4618835449219,49479180,0.0,0.0
2021-10-22 00:00:00+01:00,368.16196312761434,372.66088732061985,364.41285963344313,366.9122619628906,29114615,0.0,0.0
2021-10-25 00:00:00+01:00,371.0612754688462,374.2105164015419,369.461651825328,371.81109619140625,20917396,0.0,0.0
2021-10-26 00:00:00+01:00,372.26098038503557,374.1605200091446,367.8970032724063,369.8115539550781,23990928,0.0,0.0
2021-10-27 00:00:00+01:00,363.1631568345009,365.4625947631323,357.2645734656047,360.013916015625,51483624,0.0,0.0
2021-10-28 00:00:00+01:00,358.0643552887404,361.2636023286773,355.5149772330551,359.3140563964844,34567294,0.0,0.0
2021-10-29 00:00:00+01:00,356.1648406042455,366.9622467258189,350.85611236827225,365.1626892089844,43878062,0.0,0.0
2021-11-01 00:00:00+00:00,366.16245295693153,372.5109411785145,350.85611504343166,365.8125305175781,29419170,0.0,0.0
2021-11-02 00:00:00+00:00,359.16411843094596,360.5637776477574,351.2589957258081,354.1653137207031,39378651,0.0,0.0
2021-11-03 00:00:00+00:00,361.86347870997633,363.2631379017677,355.0151102773075,355.4150085449219,31175740,0.0,0.0
2021-11-04 00:00:00+00:00,358.7142150908088,360.36384505933773,352.315751140782,353.9153747558594,41077086,0.0,0.0
2021-11-05 00:00:00+00:00,353.31549072265625,355.56495271432465,350.71610631911665,353.31549072265625,22721123,0.0,0.0
2021-11-08 00:00:00+00:00,354.7151570425007,361.5135495055946,352.57669140951737,360.36383056640625,35657665,0.0,0.0
2021-11-09 00:00:00+00:00,358.9141597093116,419.9295656394833,354.6152000840367,355.3650207519531,45751463,0.0,0.0
2021-11-10 00:00:00+00:00,354.0653198709314,358.00337345448276,350.51618084758644,355.2650451660156,57999593,0.0,0.0
2021-11-11 00:00:00+00:00,357.8144166620776,370.81130824054566,356.56471554876333,369.9115295410156,48158554,0.0,0.0
2021-11-12 00:00:00+00:00,368.56186293829546,371.0112894355018,364.3128789604805,367.8120422363281,32168685,0.0,0.0
2021-11-15 00:00:00+00:00,364.91274028643124,365.7125368281516,358.26433618874864,362.06341552734375,23666785,0.0,0.0
2021-11-16 00:00:00+00:00,359.56401749658085,365.4126251224857,359.0141611813578,363.6130676269531,42870917,0.0,0.0
2021-11-17 00:00:00+00:00,363.61305644791264,375.41022302322483,363.61305644791264,371.861083984375,47527369,0.0,0.0
2021-11-18 00:00:00+00:00,369.1117512940371,370.3114461160038,365.16268337647557,368.7118225097656,27411697,0.0,0.0
2021-11-19 00:00:00+00:00,375.9101163393313,377.9096382347533,363.91298496679946,369.3616943359375,37835524,0.0,0.0
2021-11-22 00:00:00+00:00,369.9615232028317,375.01033424999594,366.51236627010394,372.41094970703125,36846934,0.0,0.0
2021-11-23 00:00:00+00:00,373.8606054190472,378.90938582286446,368.3619204005096,375.5601806640625,67849801,0.0,0.0
2021-11-24 00:00:00+00:00,376.85988279170147,380.3590459355045,373.26073745601917,375.41021728515625,46901328,0.0,0.0
2021-11-25 00:00:00+00:00,378.109599262366,378.50949753583376,369.5116490865364,372.41094970703125,41372787,0.0,0.0
2021-11-26 00:00:00+00:00,354.91511518305,358.3643024502089,346.8170458894932,351.91583251953125,75098413,0.0,0.0
2021-11-29 00:00:00+00:00,356.26480918271255,363.263135607757,353.06556204143664,357.0646057128906,47287237,0.0,0.0
2021-11-30 00:00:00+00:00,356.7146713484345,363.06315906640623,350.6161543618427,357.0146179199219,59434116,0.0,0.0
2021-12-01 00:00:00+00:00,366.3123973215241,370.9612795271086,363.36312089488894,369.7115783691406,56837117,0.0,0.0
2021-12-02 00:00:00+00:00,365.1626882738409,366.26243142477153,346.3171881978982,354.5652160644531,59398589,0.0,0.0
2021-12-03 00:00:00+00:00,357.16458388600734,359.68497722625216,349.31645466707164,351.81585693359375,39113844,0.0,0.0
2021-12-06 00:00:00+00:00,351.6159387910571,360.56378099939724,351.6159387910571,357.1146240234375,36831886,0.0,0.0
2021-12-07 00:00:00+00:00,362.41332502574755,371.9610293843823,362.41332502574755,368.2619323730469,32414674,0.0,0.0
2021-12-08 00:00:00+00:00,369.0117615015581,372.06102010201994,367.2121735402302,370.2114562988281,22646691,0.0,0.0
2021-12-09 00:00:00+00:00,370.2614636369988,372.1140174527569,363.76301764273086,368.8117980957031,36677147,0.0,0.0
2021-12-10 00:00:00+00:00,367.1622037300129,373.1607693457517,366.3124008323934,367.8120422363281,24377353,0.0,0.0
2021-12-13 00:00:00+00:00,372.91081154889093,373.9105724377619,361.5635193581486,362.76324462890625,31332007,0.0,0.0
2021-12-14 00:00:00+00:00,367.8620470521936,369.4116642923381,363.7130147770849,366.9122619628906,23664278,0.0,0.0
2021-12-15 00:00:00+00:00,362.613290714228,365.5125912228123,355.9148804786355,358.3143005371094,46797552,0.0,0.0
2021-12-16 00:00:00+00:00,367.91203359742025,369.91155551914534,364.3688744059844,367.2121887207031,79197531,0.0,0.0
2021-12-17 00:00:00+00:00,366.6123329956756,370.9612684877595,364.91272726730443,368.2619323730469,51817631,0.0,0.0
2021-12-20 00:00:00+00:00,358.1143725828335,363.16315300829234,354.01534672211505,360.76373291015625,57227692,0.0,0.0
2021-12-21 00:00:00+00:00,367.21217142541406,370.1115024835867,360.7637318377349,367.0122375488281,26103676,0.0,0.0
2021-12-22 00:00:00+00:00,369.46163241990155,373.31071802893246,365.5625709694382,373.2607421875,20921156,0.0,0.0
2021-12-23 00:00:00+00:00,372.3609562540288,376.50995785181726,372.06100968040147,375.91009521484375,21908844,0.0,0.0
2021-12-24 00:00:00+00:00,372.91082763671875,378.709428838217,371.961042547204,372.91082763671875,6722649,0.0,0.0
2021-12-29 00:00:00+00:00,374.91034984632836,382.158616610024,373.26075040906096,380.0591125488281,28200641,0.0,0.0
2021-12-30 00:00:00+00:00,378.7594176497657,382.4585146206897,376.90985390916325,377.5596923828125,15618568,0.0,0.0
2021-12-31 00:00:00+00:00,375.3102562034167,377.7596827459647,373.8386232115473,374.8603820800781,9347720,0.0,0.0
2022-01-04 00:00:00+00:00,380.958883880639,389.8567804189111,380.958883880639,387.55731201171875,47725392,0.0,0.0
2022-01-05 00:00:00+00:00,386.65753070938075,392.9060363769531,385.90771002927204,392.9060363769531,30096268,0.0,0.0
2022-01-06 00:00:00+00:00,385.0079485383691,390.8565562069082,384.5080680626013,388.2571716308594,26621992,0.0,0.0
2022-01-07 00:00:00+00:00,389.90676604067875,397.8548777063902,388.8350313455798,395.2554931640625,29555203,0.0,0.0
2022-01-10 00:00:00+00:00,394.9555423990079,396.7551303755623,386.3076164739362,388.8570251464844,26157870,0.0,0.0
2022-01-11 00:00:00+00:00,392.30618175811674,394.3557099651865,382.75847710681506,387.707275390625,27130291,0.0,0.0
2022-01-12 00:00:00+00:00,390.9065334617163,401.80392177074077,385.8297444025025,401.1540832519531,69436711,0.0,0.0
2022-01-13 00:00:00+00:00,399.9043817635493,408.4523257196319,399.20453689134985,406.0029296875,49342891,0.0,0.0
2022-01-14 00:00:00+00:00,405.5030512767,408.60231635321765,402.9036666799341,403.2035827636719,33557354,0.0,0.0
2022-01-17 00:00:00+00:00,406.7527423038889,411.7015406235006,404.35332216314237,411.20166015625,67810260,0.0,0.0
2022-01-18 00:00:00+00:00,409.9019705742098,421.14928074240464,405.80294476641143,413.7010498046875,68966046,0.0,0.0
2022-01-19 00:00:00+00:00,412.15144833977024,421.0993209747891,411.1017115547826,418.99981689453125,49730636,0.0,0.0
2022-01-20 00:00:00+00:00,420.74937672232136,423.19877259702395,408.80222188089834,412.4013671875,40325834,0.0,0.0
2022-01-21 00:00:00+00:00,402.90366283883964,410.0019716856996,400.9541167822805,409.95196533203125,55795920,0.0,0.0
2022-01-24 00:00:00+00:00,401.054074905784,403.4545017789092,382.9084208550487,388.15716552734375,105647286,0.0,0.0
2022-01-25 00:00:00+00:00,391.256445271608,394.9055665567212,385.4578135830868,388.8570251464844,36841180,0.0,0.0
2022-01-26 00:00:00+00:00,394.55562946836363,405.9029216814658,393.45588638638225,399.00457763671875,41142221,0.0,0.0
2022-01-27 00:00:00+00:00,393.75583665850706,408.15238751979444,389.85677524965774,403.1036071777344,45512395,0.0,0.0
2022-01-28 00:00:00+00:00,401.9038832483213,403.5444821041724,389.7567943716037,393.1559753417969,73034410,0.0,0.0
2022-01-31 00:00:00+00:00,397.4549570137698,398.50170380876983,382.00866850465536,382.908447265625,38764882,0.0,0.0
2022-02-01 00:00:00+00:00,388.9070143486578,397.10506644392535,387.7572953440282,395.80535888671875,48408344,0.0,0.0
2022-02-02 00:00:00+00:00,399.0545707705253,403.51550967266843,396.2052460060941,399.20452880859375,41308282,0.0,0.0
2022-02-03 00:00:00+00:00,400.754171480957,405.0031553972856,399.5544461710573,400.20428466796875,30969842,0.0,0.0
2022-02-04 00:00:00+00:00,404.60326562450956,404.70321731053116,396.35523784907525,402.1538391113281,30885265,0.0,0.0
2022-02-07 00:00:00+00:00,405.0531238393706,411.0516892587179,402.0098453038165,407.7024841308594,34500144,0.0,0.0
2022-02-08 00:00:00+00:00,407.9024605566669,423.24879697623516,407.9024605566669,413.7510681152344,35243167,0.0,0.0
2022-02-09 00:00:00+00:00,415.30069071597734,421.3992385864258,410.87676073564216,419.89959716796875,42856432,0.0,0.0
2022-02-10 00:00:00+00:00,421.94910178225155,428.297589992621,417.40020160954225,420.9493408203125,51240454,0.0,0.0
2022-02-11 00:00:00+00:00,412.90125169189014,420.0995423758613,411.751532758969,417.6501159667969,44750573,0.0,0.0
2022-02-14 00:00:00+00:00,413.3011523874154,423.2987614461835,408.35235420949414,421.99908447265625,42373240,0.0,0.0
2022-02-15 00:00:00+00:00,429.8972015023511,442.2442551359286,423.6486956665611,426.8979187011719,59588917,0.0,0.0
2022-02-16 00:00:00+00:00,429.19734686645376,431.8967135301297,418.74986365320177,425.19830322265625,63239624,0.0,0.0
2022-02-17 00:00:00+00:00,424.8484101292366,426.99788997973707,418.0500176475391,420.59942626953125,43057694,0.0,0.0
2022-02-18 00:00:00+00:00,424.4984933847597,426.8879061218757,418.44992150331876,421.89910888671875,81323650,0.0,0.0
2022-02-21 00:00:00+00:00,425.3483114471298,427.09789312223916,414.3509409178709,417.7501220703125,28923882,0.0,0.0
2022-02-22 00:00:00+00:00,408.90220410346484,425.14831856967834,405.60300536982317,422.09906005859375,66731174,0.0,0.0
2022-02-23 00:00:00+00:00,424.8983889989613,431.29685275477163,423.74867004843225,427.2478332519531,71608572,0.0,0.0
2022-02-24 00:00:00+00:00,410.9517133598535,429.29733231703403,408.90221568096877,422.1490478515625,83846139,0.0,0.0
2022-02-25 00:00:00+00:00,427.89768497950706,442.64415893616064,421.0993227493663,439.0450134277344,64213537,0.0,0.0
2022-02-28 00:00:00+00:00,439.095004622515,446.7431694949595,436.2456799221152,442.0442810058594,69934561,0.0,0.0
2022-03-01 00:00:00+00:00,443.4939446027081,451.44202550997505,434.69603031185534,444.8436279296875,62277824,0.0,0.0
2022-03-02 00:00:00+00:00,451.392047676197,459.1401946739612,449.4925080626724,452.4917907714844,79535993,0.0,0.0
2022-03-03 00:00:00+00:00,468.2880083352878,484.48414742643087,467.48821180423863,476.3860778808594,96454317,0.0,0.0
2022-03-04 00:00:00+00:00,479.8852356200196,482.49362061475705,457.19065081471024,460.53985595703125,76521868,0.0,0.0
2022-03-07 00:00:00+00:00,479.53532094245577,489.88285260463044,464.9888117069822,474.7364807128906,119574059,0.0,0.0
2022-03-08 00:00:00+00:00,478.23563094849106,482.2846503752515,465.4386731669709,476.0861511230469,73554079,0.0,0.0
2022-03-09 00:00:00+00:00,478.7854936666112,479.18539192852955,459.89001857086464,469.98760986328125,96296618,0.0,0.0
2022-03-10 00:00:00+00:00,472.18708242072415,498.6307716369629,485.8838195800781,497.8809509277344,120998796,0.0,0.0
2022-03-11 00:00:00+00:00,506.8787747224918,513.9770526821754,500.38032889271625,511.177734375,82805515,0.0,0.0
2022-03-14 00:00:00+00:00,504.67931768296125,505.37916255530143,478.83552141452196,481.43487548828125,53714471,0.0,0.0
2022-03-15 00:00:00+00:00,472.7869351587313,474.48153724845855,458.24042590937734,460.18994140625,63440273,0.0,0.0
2022-03-16 00:00:00+00:00,475.73623187705545,480.3851139747548,469.73766645801584,473.036865234375,76160947,0.0,0.0
2022-03-17 00:00:00+00:00,477.88572024663034,482.2846621970534,467.43820641787886,474.9864196777344,50056060,0.0,0.0
2022-03-18 00:00:00+00:00,480.28515600629953,484.7341044539227,476.38609438932497,479.13543701171875,130778258,0.0,0.0
2022-03-21 00:00:00+00:00,481.88476027369956,497.840935909178,480.435094745112,497.4310302734375,46135496,0.0,0.0
2022-03-22 00:00:00+00:00,497.8809479043928,507.2786946342666,496.8811869648258,502.0799560546875,83853497,0.0,0.0
2022-03-23 00:00:00+00:00,506.37890082635056,512.7773950574558,501.8799767321382,511.0777893066406,39699745,0.0,0.0
2022-03-24 00:00:00+00:00,496.88119048446885,502.97973836108326,491.7324277112839,500.1803894042969,104216741,0.0,0.0
2022-03-25 00:00:00+00:00,501.38010415540856,508.6783467076955,499.5305403411138,505.8790283203125,82902349,0.0,0.0
2022-03-28 00:00:00+01:00,509.7780855451128,512.5134238478445,497.63099650397817,499.4805603027344,36903167,0.0,0.0
2022-03-29 00:00:00+01:00,501.879997630467,509.07828868505703,468.4879879539228,480.53509521484375,73266696,0.0,0.0
2022-03-30 00:00:00+01:00,491.48249147501286,500.580322265625,485.3839435487597,500.580322265625,90564633,0.0,0.0
2022-03-31 00:00:00+01:00,504.8792672729492,504.97924946753494,495.98140113989825,499.8804626464844,40275122,0.0,0.0
2022-04-01 00:00:00+01:00,498.7807056825685,509.8780577473615,495.48150692478634,507.4786376953125,31292002,0.0,0.0
2022-04-04 00:00:00+01:00,509.47817886659857,511.5776829333441,504.1794276019281,504.8792724609375,34702065,0.0,0.0
2022-04-05 00:00:00+01:00,503.17967965809794,516.6764526367188,493.4320102846496,516.6764526367188,71113054,0.0,0.0
2022-04-06 00:00:00+01:00,508.0785357370158,518.7759902902084,506.6788459747039,518.4760131835938,51754002,0.0,0.0
2022-04-07 00:00:00+01:00,517.3762837452841,519.2758539295796,504.8792720606154,514.5769653320312,37572044,0.0,0.0
2022-04-08 00:00:00+01:00,518.4760019996514,528.1736953764533,515.6337250778452,527.873779296875,44450875,0.0,0.0
2022-04-11 00:00:00+01:00,524.8745108332706,536.271810333877,520.275634765625,520.275634765625,41938190,0.0,0.0
2022-04-12 00:00:00+01:00,519.9756111546635,528.5735913660023,519.8756594745278,524.6744995117188,37967118,0.0,0.0
2022-04-13 00:00:00+01:00,528.7736022521763,535.1760632150782,526.7740803091096,529.9732666015625,26450945,0.0,0.0
2022-04-14 00:00:00+01:00,531.9727932575814,536.9316296877229,525.4743468850428,526.674072265625,55850057,0.0,0.0
2022-04-19 00:00:00+01:00,533.872330765891,540.0708606680347,526.8740043326302,535.471923828125,180862478,0.0,0.0
2022-04-20 00:00:00+01:00,534.2722334291001,534.4721367866861,507.77853985921405,518.7759399414062,47974562,0.0,0.0
2022-04-21 00:00:00+01:00,504.87927702569226,505.27917530147784,488.3332455965871,489.58294677734375,101408721,0.0,0.0
2022-04-22 00:00:00+01:00,481.6348118945751,495.73144663744813,474.8864258431202,476.0861511230469,99759092,0.0,0.0
2022-04-25 00:00:00+01:00,454.891227434158,476.0861715538845,447.18307913414185,449.2425842285156,113108180,0.0,0.0
2022-04-26 00:00:00+01:00,462.3394594872935,468.7889060915428,450.9421603487652,464.6888732910156,72484704,0.0,0.0
2022-04-27 00:00:00+01:00,469.83764642912666,481.48485479397414,466.03853670886053,479.5353088378906,107675622,0.0,0.0
2022-04-28 00:00:00+01:00,488.3332347928532,492.6821703974457,475.7162263224312,483.284423828125,52083055,0.0,0.0
2022-04-29 00:00:00+01:00,496.1813303926221,499.98044017948354,485.4839068978944,497.18109130859375,42932995,0.0,0.0
2022-05-03 00:00:00+01:00,490.28274358285836,491.6324269118205,477.93569025688544,483.3843994140625,44032657,0.0,0.0
2022-05-04 00:00:00+01:00,482.9845194463314,487.13352127302403,473.8866887294272,482.1846923828125,44337984,0.0,0.0
2022-05-05 00:00:00+01:00,498.2308770274541,502.37987888032956,482.08474373863044,483.9842834472656,41108568,0.0,0.0
2022-05-06 00:00:00+01:00,482.6845582500277,489.72788733082643,479.6852755007269,487.4834289550781,46230020,0.0,0.0
2022-05-09 00:00:00+01:00,481.9847571889562,482.2846732680335,455.6310428406167,458.44036865234375,46223108,0.0,0.0
2022-05-10 00:00:00+01:00,467.6381849337095,471.88716897639955,452.34185458413856,455.39111328125,62349660,0.0,0.0
2022-05-11 00:00:00+01:00,466.1885067816675,477.5858057265389,455.3911010036949,475.8861999511719,57654245,0.0,0.0
2022-05-12 00:00:00+01:00,456.9407331089233,459.64308990418584,440.2947192799832,454.8912353515625,63326702,0.0,0.0
2022-05-13 00:00:00+01:00,456.5908333091927,463.0892794164469,449.09262626236085,461.2397155761719,87553698,0.0,0.0
2022-05-16 00:00:00+01:00,459.69005589167233,478.1356569526081,458.29039671462016,476.8859558105469,34594430,0.0,0.0
2022-05-17 00:00:00+01:00,483.98427864996836,499.4805732678007,476.98595204836664,498.1308898925781,37744088,0.0,0.0
2022-05-18 00:00:00+01:00,496.68121240464416,502.99272188125457,492.2322946208194,498.0809020996094,42816851,0.0,0.0
2022-05-19 00:00:00+01:00,493.88189529017467,498.8806998983748,480.8150127218718,497.8309631347656,30607711,0.0,0.0
2022-05-20 00:00:00+01:00,506.87879658824096,514.077087560471,495.6314860130581,497.2311096191406,34090170,0.0,0.0
2022-05-23 00:00:00+01:00,502.1799257303902,516.5765081841215,497.3311094080133,512.8773803710938,55759472,0.0,0.0
2022-05-24 00:00:00+01:00,505.17921243556873,539.8709307449602,502.779792178759,519.27587890625,75707757,0.0,0.0
2022-05-25 00:00:00+01:00,529.873288762511,534.833101233019,516.1765519243484,520.6754760742188,82950737,0.0,0.0
2022-05-26 00:00:00+01:00,515.8766196445972,520.1755792708564,512.577420909122,519.0758666992188,29722694,0.0,0.0
2022-05-27 00:00:00+01:00,526.1741704357584,532.3727004669039,522.6750071463044,526.07421875,28911517,0.0,0.0
2022-05-30 00:00:00+01:00,527.0739903840159,529.6733444721242,521.5753051033075,526.3741455078125,27472567,0.0,0.0
2022-05-31 00:00:00+01:00,526.0742151288906,533.2725060503324,521.9751586914062,521.9751586914062,47861372,0.0,0.0
2022-06-01 00:00:00+01:00,527.2739568728337,528.2737178369304,514.3770160277594,523.5748291015625,24144413,0.0,0.0
2022-06-06 00:00:00+01:00,530.7731029674039,542.570269755565,523.5748120561407,541.3705444335938,34558706,0.0,0.0
2022-06-07 00:00:00+01:00,543.8699195525838,548.1688791390526,535.4719037395031,539.470947265625,54677628,0.0,0.0
2022-06-08 00:00:00+01:00,540.2708496489184,542.8702037485116,527.9137577514985,537.8713989257812,49658550,0.0,0.0
2022-06-09 00:00:00+01:00,531.4728557562545,544.869675864637,529.8532480234027,533.072509765625,42259732,0.0,0.0
2022-06-10 00:00:00+01:00,531.8728150500742,532.9135818000364,504.6793055351304,505.379150390625,56583369,0.0,0.0
2022-06-13 00:00:00+01:00,493.88191288470824,496.4812974756317,474.3205804758193,481.1849365234375,75469956,0.0,0.0
2022-06-14 00:00:00+01:00,487.383456378174,490.33276334396004,477.83575164195554,483.1844482421875,48616465,0.0,0.0
2022-06-15 00:00:00+01:00,483.88428869479867,494.38177842888,479.88524498657716,492.48223876953125,88135259,0.0,0.0
2022-06-16 00:00:00+01:00,489.48295435266255,493.3320400110197,460.43988121258786,463.8890686035156,65496014,0.0,0.0
2022-06-17 00:00:00+01:00,469.5377137326881,482.0347253326759,458.29040329269895,461.0897521972656,79711425,0.0,0.0
2022-06-20 00:00:00+01:00,463.7390970313347,482.584595995344,454.31834597274906,472.636962890625,46629194,0.0,0.0
2022-06-21 00:00:00+01:00,471.18730260126955,484.93102504556464,470.76443009908746,482.484619140625,31406923,0.0,0.0
2022-06-22 00:00:00+01:00,467.08832309914294,470.08760591739014,449.2425842285156,449.2425842285156,49937554,0.0,0.0
2022-06-23 00:00:00+01:00,446.89313037443304,458.93224353912285,439.2949412950932,442.6941223144531,42878461,0.0,0.0
2022-06-24 00:00:00+01:00,444.29374674283156,449.59249792496365,431.5968013650897,446.143310546875,45007901,0.0,0.0
2022-06-27 00:00:00+01:00,450.7422145144332,464.9388011976303,447.9928719988869,452.6417541503906,75956879,0.0,0.0
2022-06-28 00:00:00+01:00,461.1896903527732,470.5474682296791,459.4771177513542,460.13995361328125,46161130,0.0,0.0
2022-06-29 00:00:00+01:00,454.89120889525907,470.9873654659168,452.29182445665845,460.13995361328125,37780343,0.0,0.0
2022-06-30 00:00:00+01:00,449.59249763969996,455.8410033856916,436.6955573717477,444.99359130859375,36186896,0.0,0.0
2022-07-01 00:00:00+01:00,437.64534586003487,445.2435350084334,409.65203989982706,426.2480773925781,71449648,0.0,0.0
2022-07-04 00:00:00+01:00,427.84769512145704,439.8948019245975,424.33953139120354,434.64605712890625,20422150,0.0,0.0
2022-07-05 00:00:00+01:00,436.24567253729793,438.0052309651114,398.8546211747546,399.90435791015625,125916641,0.0,0.0
2022-07-06 00:00:00+01:00,408.6022961845701,415.25070013504626,400.1043284482503,408.35235595703125,77920507,0.0,0.0
2022-07-07 00:00:00+01:00,423.0488318350581,442.94406825917105,416.09849799239976,433.14642333984375,131147334,0.0,0.0
2022-07-08 00:00:00+01:00,431.4468210886929,437.0954948031508,421.0493134235262,431.24688720703125,30523639,0.0,0.0
2022-07-11 00:00:00+01:00,418.39994276701196,431.19687026999065,410.65179567873395,426.0981140136719,50980621,0.0,0.0
2022-07-12 00:00:00+01:00,418.1999931177535,424.798421488814,415.6956175670192,421.9490966796875,27757930,0.0,0.0
2022-07-13 00:00:00+01:00,416.3004473623759,428.44753662437523,412.65132605053907,418.3499755859375,38564241,0.0,0.0
2022-07-14 00:00:00+01:00,414.25093869432885,420.749384602015,397.1550210505135,401.20404052734375,60430555,0.0,0.0
2022-07-15 00:00:00+01:00,396.90509517156187,409.85201161363904,395.3054715574789,406.75274658203125,31389172,0.0,0.0
2022-07-18 00:00:00+01:00,414.9007753413309,424.0985878662634,413.85103859578476,419.6996154785156,57170636,0.0,0.0
2022-07-19 00:00:00+01:00,413.05121932290876,421.9630896569125,412.0014825576492,419.3497314453125,21039024,0.0,0.0
2022-07-20 00:00:00+01:00,422.89886157002684,432.7964883983329,419.399698412828,425.9481201171875,43157777,0.0,0.0
2022-07-21 00:00:00+01:00,424.89838438570035,426.8979061945742,411.80151043552013,419.6996154785156,37190961,0.0,0.0
2022-07-22 00:00:00+01:00,421.44919107172035,428.04761904928483,418.1000164976797,422.09906005859375,24590911,0.0,0.0
2022-07-25 00:00:00+01:00,416.9002927656838,435.2958871118016,414.1009744668133,432.6965026855469,60904076,0.0,0.0
2022-07-26 00:00:00+01:00,437.7453138156456,445.4434543981251,437.0954753361926,438.695068359375,32183919,0.0,0.0
2022-07-27 00:00:00+01:00,441.49442462135164,447.2430498624883,436.59560225704803,446.89312744140625,42255182,0.0,0.0
2022-07-28 00:00:00+01:00,450.442279049645,461.3396976975025,445.9933611754145,449.2425842285156,48368900,0.0,0.0
2022-07-29 00:00:00+01:00,441.64439262884036,463.5381441437668,438.8950500601266,461.7395935058594,41100941,0.0,0.0
2022-08-01 00:00:00+01:00,462.88931221051524,472.710968746947,455.24114717129646,460.5898742675781,28753272,0.0,0.0
2022-08-02 00:00:00+01:00,460.589863135542,463.8890619322405,440.84458517614166,448.29278564453125,24858381,0.0,0.0
2022-08-03 00:00:00+01:00,448.1928215116506,452.491811901197,443.6439213949814,445.943359375,20614903,0.0,0.0
2022-08-04 00:00:00+01:00,447.8928850598151,464.23898194474634,436.9954973066214,459.64007568359375,54684868,0.0,0.0
2022-08-05 00:00:00+01:00,462.03950283623385,473.68671144613484,457.64056089257247,466.6883850097656,38285475,0.0,0.0
2022-08-08 00:00:00+01:00,471.58722680475523,475.6862220697603,463.69308816568633,465.2387390136719,53382291,0.0,0.0
2022-08-09 00:00:00+01:00,463.8890792814231,465.68863678141895,457.08070967503346,464.1889953613281,76364815,0.0,0.0
2022-08-10 00:00:00+01:00,462.63935581059997,470.48748496638547,460.5398518215588,469.837646484375,75359484,0.0,0.0
2022-08-11 00:00:00+01:00,472.48701989534567,479.7852624535921,469.5877193109854,474.4865417480469,52184325,0.0,0.0
2022-08-12 00:00:00+01:00,475.1863488802123,479.2404025628653,467.2882437839388,472.28704833984375,19802942,0.0,0.0
2022-08-15 00:00:00+01:00,470.8873925019132,473.0218918256951,459.69005801325386,464.3889465332031,30429203,0.0,0.0
2022-08-16 00:00:00+01:00,468.5379526782945,485.93378671872847,467.3982410860298,482.7845458984375,31712453,0.0,0.0
2022-08-17 00:00:00+01:00,486.38368429487844,490.3327521063185,481.7348021503342,486.5836486816406,33400441,0.0,0.0
2022-08-18 00:00:00+01:00,485.2339798288258,498.1308898925781,484.1842125324159,498.1308898925781,45615168,0.0,0.0
2022-08-19 00:00:00+01:00,495.83145345071125,498.33085581610396,485.98380202900756,487.0335388183594,34151150,0.0,0.0
2022-08-22 00:00:00+01:00,486.883567444032,492.5822168851694,480.7850197374405,492.08233642578125,26654520,0.0,0.0
2022-08-23 00:00:00+01:00,492.0823397520532,505.8790283203125,491.19354472270334,505.8790283203125,74254311,0.0,0.0
2022-08-24 00:00:00+01:00,504.4793684447272,507.47865121727574,496.13135862574387,497.5810241699219,25027019,0.0,0.0
2022-08-25 00:00:00+01:00,502.77976839419193,508.4784179310323,502.1799057307957,504.8792724609375,26169117,0.0,0.0
2022-08-26 00:00:00+01:00,511.8776057311144,511.8776057311144,498.28085072682507,498.7807312011719,42815143,0.0,0.0
2022-08-30 00:00:00+01:00,492.38226391805205,493.43200070300287,481.8847740274134,483.8343200683594,113995438,0.0,0.0
2022-08-31 00:00:00+01:00,485.7338463960155,489.4839566645679,471.8871516285864,473.18682861328125,75308665,0.0,0.0
2022-09-01 00:00:00+01:00,451.0,452.75,436.6000061035156,442.0,37245010,11.3151,0.0
2022-09-02 00:00:00+01:00,444.0,455.8500061035156,436.6000061035156,453.25,109971311,0.0,0.0
2022-09-05 00:00:00+01:00,459.0,476.95001220703125,455.6000061035156,471.5,50613498,0.0,0.0
2022-09-06 00:00:00+01:00,475.29998779296875,489.5,472.6499938964844,486.8500061035156,49787952,0.0,0.0
2022-09-07 00:00:00+01:00,480.8999938964844,484.5920104980469,467.3999938964844,468.25,55669479,0.0,0.0
2022-09-08 00:00:00+01:00,473.0,477.5,466.5530090332031,471.1499938964844,24582177,0.0,0.0
2022-09-09 00:00:00+01:00,484.75,503.0639953613281,483.20001220703125,488.3999938964844,51497221,0.0,0.0
2022-09-12 00:00:00+01:00,501.70001220703125,507.70001220703125,496.95001220703125,499.3500061035156,43470731,0.0,0.0
2022-09-13 00:00:00+01:00,501.6000061035156,508.0,491.25,497.70001220703125,33602260,0.0,0.0
2022-09-14 00:00:00+01:00,495.0,498.45001220703125,488.25,493.8500061035156,82486448,0.0,0.0
2022-09-15 00:00:00+01:00,495.75,510.0,493.75,502.0,44571033,0.0,0.0
2022-09-16 00:00:00+01:00,490.0,492.70001220703125,480.2640075683594,489.29998779296875,108678278,0.0,0.0
2022-09-20 00:00:00+01:00,497.95001220703125,499.04998779296875,474.1000061035156,480.8999938964844,49565011,0.0,0.0
2022-09-21 00:00:00+01:00,481.95001220703125,493.70001220703125,481.0,486.0,102156077,0.0,0.0
2022-09-22 00:00:00+01:00,484.3999938964844,498.864990234375,481.25,490.0,49541866,0.0,0.0
2022-09-23 00:00:00+01:00,490.3999938964844,491.75,453.3999938964844,461.54998779296875,60265525,0.0,0.0
2022-09-26 00:00:00+01:00,451.0,466.29998779296875,447.95001220703125,456.45001220703125,59164424,0.0,0.0
2022-09-27 00:00:00+01:00,461.5,477.3500061035156,456.95001220703125,471.3999938964844,58080225,0.0,0.0
2022-09-28 00:00:00+01:00,464.3500061035156,484.5429992675781,461.0,480.75,33439969,0.0,0.0
2022-09-29 00:00:00+01:00,476.20001220703125,490.79998779296875,469.3999938964844,486.75,35823845,0.0,0.0
2022-09-30 00:00:00+01:00,488.8999938964844,491.20001220703125,468.5,478.1499938964844,38047896,0.0,0.0
2022-10-03 00:00:00+01:00,472.5,490.75,469.1929931640625,486.54998779296875,65641354,0.0,0.0
2022-10-04 00:00:00+01:00,492.0,501.1000061035156,486.6000061035156,500.79998779296875,74891350,0.0,0.0
2022-10-05 00:00:00+01:00,497.79998779296875,503.6000061035156,491.8999938964844,500.29998779296875,55525153,0.0,0.0
2022-10-06 00:00:00+01:00,505.0,507.0,487.95001220703125,494.1000061035156,42097284,0.0,0.0
2022-10-07 00:00:00+01:00,490.04998779296875,497.0,482.1000061035156,493.8500061035156,38039948,0.0,0.0
2022-10-10 00:00:00+01:00,490.25,498.6000061035156,484.5,493.3999938964844,30537715,0.0,0.0
2022-10-11 00:00:00+01:00,490.0,493.5,474.54998779296875,484.20001220703125,46437972,0.0,0.0
2022-10-12 00:00:00+01:00,481.8500061035156,489.3500061035156,479.45001220703125,486.1000061035156,29126419,0.0,0.0
2022-10-13 00:00:00+01:00,486.0,493.04998779296875,473.25,488.29998779296875,82208069,0.0,0.0
2022-10-14 00:00:00+01:00,499.0,504.2130126953125,480.0769958496094,484.3500061035156,34705403,0.0,0.0
2022-10-17 00:00:00+01:00,482.8999938964844,491.54998779296875,481.95001220703125,487.29998779296875,45458272,0.0,0.0
2022-10-18 00:00:00+01:00,491.54998779296875,498.20001220703125,483.04998779296875,483.04998779296875,27403874,0.0,0.0
2022-10-19 00:00:00+01:00,484.75,490.45001220703125,465.79998779296875,473.0,33987140,0.0,0.0
2022-10-20 00:00:00+01:00,473.0,487.8999938964844,469.04998779296875,484.70001220703125,69690170,0.0,0.0
2022-10-21 00:00:00+01:00,484.20001220703125,502.1000061035156,480.8999938964844,502.1000061035156,41681115,0.0,0.0
2022-10-24 00:00:00+01:00,500.0,501.8999938964844,489.3999938964844,501.8999938964844,37084033,0.0,0.0
2022-10-25 00:00:00+01:00,503.5,506.3999938964844,496.79998779296875,502.70001220703125,42062316,0.0,0.0
2022-10-26 00:00:00+01:00,502.79998779296875,515.9000244140625,500.3999938964844,515.9000244140625,75199385,0.0,0.0
2022-10-27 00:00:00+01:00,513.9000244140625,515.5999755859375,495.95001220703125,501.0,48621715,0.0,0.0
2022-10-28 00:00:00+01:00,487.54998779296875,508.6000061035156,481.75,496.75,85942123,0.0,0.0
2022-10-31 00:00:00+00:00,497.0,508.29998779296875,484.8500061035156,499.5,51802156,0.0,0.0
2022-11-01 00:00:00+00:00,513.4000244140625,528.9000244140625,511.29998779296875,523.7999877929688,40643813,0.0,0.0
2022-11-02 00:00:00+00:00,525.0,533.4000244140625,512.7940063476562,514.0999755859375,30715147,0.0,0.0
2022-11-03 00:00:00+00:00,505.6000061035156,521.3709716796875,503.6000061035156,519.0,24873898,0.0,0.0
2022-11-04 00:00:00+00:00,532.0,548.5,529.0999755859375,532.0,73063287,0.0,0.0
2022-11-07 00:00:00+00:00,528.5999755859375,541.7000122070312,524.0999755859375,532.0,41590956,0.0,0.0
2022-11-08 00:00:00+00:00,525.5,529.2000122070312,517.97998046875,524.7000122070312,96483157,0.0,0.0
2022-11-09 00:00:00+00:00,526.0,530.0,506.8999938964844,510.3999938964844,35886819,0.0,0.0
2022-11-10 00:00:00+00:00,505.20001220703125,519.9000244140625,496.3999938964844,501.20001220703125,40894809,0.0,0.0
2022-11-11 00:00:00+00:00,513.5,516.9000244140625,501.70001220703125,502.0,45387205,0.0,0.0
2022-11-14 00:00:00+00:00,506.6000061035156,515.2230224609375,504.29998779296875,512.0,37230511,0.0,0.0
2022-11-15 00:00:00+00:00,513.2000122070312,523.0999755859375,509.29998779296875,519.5,30884341,0.0,0.0
2022-11-16 00:00:00+00:00,517.7000122070312,524.9000244140625,514.2999877929688,517.2999877929688,37084909,0.0,0.0
2022-11-17 00:00:00+00:00,511.5,517.0,504.3999938964844,511.8999938964844,31189017,0.0,0.0
2022-11-18 00:00:00+00:00,515.7000122070312,517.5999755859375,501.6000061035156,505.79998779296875,31030236,0.0,0.0
2022-11-21 00:00:00+00:00,499.0,504.1000061035156,491.79998779296875,496.8500061035156,38915088,0.0,0.0
2022-11-22 00:00:00+00:00,502.0,517.64599609375,500.1000061035156,514.9000244140625,33052180,0.0,0.0
2022-11-23 00:00:00+00:00,525.0,539.5999755859375,525.0,530.2999877929688,68290710,0.0,0.0
2022-11-24 00:00:00+00:00,532.9000244140625,537.4000244140625,527.4000244140625,536.0,26664749,0.0,0.0
2022-11-25 00:00:00+00:00,536.9000244140625,541.5,531.9000244140625,533.7999877929688,23021124,0.0,0.0
2022-11-28 00:00:00+00:00,524.7999877929688,541.5999755859375,524.7000122070312,538.2999877929688,50558680,0.0,0.0
2022-11-29 00:00:00+00:00,540.5,552.4000244140625,539.0999755859375,550.7999877929688,58564498,0.0,0.0
2022-11-30 00:00:00+00:00,553.0,566.4340209960938,548.9359741210938,563.5,55329276,0.0,0.0
2022-12-01 00:00:00+00:00,563.7000122070312,567.5999755859375,552.7999877929688,556.7000122070312,33145423,0.0,0.0
2022-12-02 00:00:00+00:00,554.2999877929688,559.0,545.5,558.2999877929688,27836595,0.0,0.0
2022-12-05 00:00:00+00:00,562.7999877929688,571.7999877929688,558.2999877929688,561.5999755859375,28961665,0.0,0.0
2022-12-06 00:00:00+00:00,560.0,561.5,535.14697265625,556.0999755859375,47979091,0.0,0.0
2022-12-07 00:00:00+00:00,549.2999877929688,549.2999877929688,537.0,540.2999877929688,43268609,0.0,0.0
2022-12-08 00:00:00+00:00,540.0,557.7000122070312,536.4000244140625,548.5999755859375,34694724,0.0,0.0
2022-12-09 00:00:00+00:00,553.2000122070312,556.0,538.5,542.5,38189010,0.0,0.0
2022-12-12 00:00:00+00:00,537.2000122070312,546.2000122070312,533.947998046875,537.4000244140625,48892652,0.0,0.0
2022-12-13 00:00:00+00:00,537.5999755859375,552.2999877929688,530.5579833984375,545.5,46649722,0.0,0.0
2022-12-14 00:00:00+00:00,543.5999755859375,546.7000122070312,536.7999877929688,541.0,57548859,0.0,0.0
2022-12-15 00:00:00+00:00,538.0,540.7999877929688,531.5999755859375,532.5999755859375,38762341,0.0,0.0
2022-12-16 00:00:00+00:00,530.2000122070312,536.0999755859375,524.2000122070312,531.0999755859375,130160275,0.0,0.0
2022-12-19 00:00:00+00:00,536.0999755859375,541.2999877929688,531.0999755859375,536.7999877929688,22678667,0.0,0.0
2022-12-20 00:00:00+00:00,533.2999877929688,549.2000122070312,529.5999755859375,548.0,67753453,0.0,0.0
2022-12-21 00:00:00+00:00,548.5,560.7999877929688,540.5,560.7999877929688,30191621,0.0,0.0
2022-12-22 00:00:00+00:00,560.2999877929688,566.0,556.4000244140625,557.0,54287446,0.0,0.0
2022-12-23 00:00:00+00:00,556.7000122070312,561.0,554.7999877929688,558.0,41636783,0.0,0.0
2022-12-28 00:00:00+00:00,570.0,571.9000244140625,559.7000122070312,559.7000122070312,28496832,0.0,0.0
2022-12-29 00:00:00+00:00,558.7999877929688,563.5999755859375,554.5999755859375,558.2999877929688,21431481,0.0,0.0
2022-12-30 00:00:00+00:00,556.7000122070312,559.5999755859375,552.4000244140625,552.4000244140625,14029166,0.0,0.0
2023-01-03 00:00:00+00:00,557.9000244140625,568.0,544.4000244140625,544.4000244140625,70642821,0.0,0.0
2023-01-04 00:00:00+00:00,550.0,551.4000244140625,505.6000061035156,506.6000061035156,74095446,0.0,0.0
2023-01-05 00:00:00+00:00,506.6000061035156,522.0,501.7099914550781,514.0,68572564,0.0,0.0
2023-01-06 00:00:00+00:00,520.0,528.9000244140625,517.114013671875,525.9000244140625,43766874,0.0,0.0
2023-01-09 00:00:00+00:00,532.7000122070312,545.7999877929688,531.7000122070312,542.5999755859375,70063580,0.0,0.0
2023-01-10 00:00:00+00:00,538.0,548.3300170898438,533.7999877929688,534.0999755859375,36011969,0.0,0.0
2023-01-11 00:00:00+00:00,542.4000244140625,551.14697265625,534.9000244140625,535.4000244140625,53292226,0.0,0.0
2023-01-12 00:00:00+00:00,536.7000122070312,544.7999877929688,529.9739990234375,543.7000122070312,36822190,0.0,0.0
2023-01-13 00:00:00+00:00,544.2000122070312,559.0999755859375,543.2999877929688,558.4000244140625,45027878,0.0,0.0
2023-01-16 00:00:00+00:00,555.0,563.0,552.5,552.5,30208469,0.0,0.0
2023-01-17 00:00:00+00:00,548.0,554.5,541.97802734375,552.9000244140625,51253560,0.0,0.0
2023-01-18 00:00:00+00:00,552.9000244140625,584.5,552.9000244140625,576.5999755859375,85903572,0.0,0.0
2023-01-19 00:00:00+00:00,563.5,568.7999877929688,553.5,564.0999755859375,37335861,0.0,0.0
2023-01-20 00:00:00+00:00,572.0,575.9000244140625,566.2999877929688,575.9000244140625,40998514,0.0,0.0
2023-01-23 00:00:00+00:00,574.7000122070312,583.2459716796875,573.5999755859375,578.0999755859375,29847644,0.0,0.0
2023-01-24 00:00:00+00:00,579.7999877929688,582.5999755859375,558.7780151367188,565.5999755859375,82080849,0.0,0.0
2023-01-25 00:00:00+00:00,564.0,571.2000122070312,553.5750122070312,558.5,61643431,0.0,0.0
2023-01-26 00:00:00+00:00,563.4000244140625,563.5900268554688,543.7000122070312,549.5,53597657,0.0,0.0
2023-01-27 00:00:00+00:00,549.9000244140625,553.7000122070312,543.4000244140625,548.2000122070312,46033429,0.0,0.0
2023-01-30 00:00:00+00:00,540.5,552.5999755859375,539.2999877929688,549.2000122070312,84787080,0.0,0.0
2023-01-31 00:00:00+00:00,547.2999877929688,547.635986328125,534.9000244140625,541.2000122070312,49617933,0.0,0.0
2023-02-01 00:00:00+00:00,541.7000122070312,548.5,536.7000122070312,542.5,40684622,0.0,0.0
2023-02-02 00:00:00+00:00,540.7999877929688,551.2999877929688,538.7000122070312,545.5999755859375,35615036,0.0,0.0
2023-02-03 00:00:00+00:00,544.0999755859375,560.4000244140625,541.7999877929688,554.5,34505658,0.0,0.0
2023-02-06 00:00:00+00:00,551.2000122070312,553.2000122070312,538.9769897460938,545.9000244140625,59100276,0.0,0.0
2023-02-07 00:00:00+00:00,546.2999877929688,554.0,545.0,550.7999877929688,37888475,0.0,0.0
2023-02-08 00:00:00+00:00,557.4000244140625,562.7999877929688,544.5540161132812,546.9000244140625,57512913,0.0,0.0
2023-02-09 00:00:00+00:00,547.2999877929688,549.7999877929688,524.5999755859375,526.5999755859375,55848717,0.0,0.0
2023-02-10 00:00:00+00:00,515.7000122070312,529.2000122070312,510.6000061035156,512.2999877929688,103138678,0.0,0.0
2023-02-13 00:00:00+00:00,516.7999877929688,519.4000244140625,506.5,515.7999877929688,35676279,0.0,0.0
2023-02-14 00:00:00+00:00,517.7000122070312,519.4000244140625,510.8999938964844,515.9000244140625,31983640,0.0,0.0
2023-02-15 00:00:00+00:00,508.0,519.7999877929688,500.06298828125,507.79998779296875,75826340,0.0,0.0
2023-02-16 00:00:00+00:00,510.0,515.5,501.5,507.3999938964844,60030111,0.0,0.0
2023-02-17 00:00:00+00:00,505.0,515.5,503.20001220703125,509.70001220703125,124182535,0.0,0.0
2023-02-20 00:00:00+00:00,509.0,522.9000244140625,509.0,519.7000122070312,41228511,0.0,0.0
2023-02-21 00:00:00+00:00,517.2000122070312,520.2999877929688,503.0,503.29998779296875,57050675,0.0,0.0
2023-02-22 00:00:00+00:00,500.0,500.0,486.54998779296875,494.1000061035156,48557488,0.0,0.0
2023-02-23 00:00:00+00:00,495.70001220703125,498.6099853515625,489.7149963378906,494.29998779296875,51724685,0.0,0.0
2023-02-24 00:00:00+00:00,497.0,499.0,487.6499938964844,488.3500061035156,52750612,0.0,0.0
2023-02-27 00:00:00+00:00,490.6000061035156,496.3999938964844,488.3699951171875,494.3999938964844,24574225,0.0,0.0
2023-02-28 00:00:00+00:00,494.1499938964844,495.3500061035156,489.54998779296875,495.3500061035156,74272542,0.0,0.0
2023-03-01 00:00:00+00:00,505.20001220703125,516.6160278320312,505.20001220703125,512.9000244140625,50745151,0.0,0.0
2023-03-02 00:00:00+00:00,510.79998779296875,514.7999877929688,505.1000061035156,511.0,36760914,0.0,0.0
2023-03-03 00:00:00+00:00,514.2000122070312,529.2999877929688,513.7999877929688,523.0,34776507,0.0,0.0
2023-03-06 00:00:00+00:00,519.5,520.0,499.95001220703125,502.5,36694350,0.0,0.0
2023-03-07 00:00:00+00:00,502.0,505.1000061035156,478.75,479.5,56885175,0.0,0.0
2023-03-08 00:00:00+00:00,479.3999938964844,489.54998779296875,474.54998779296875,486.8500061035156,46489872,0.0,0.0
2023-03-09 00:00:00+00:00,485.6000061035156,486.45001220703125,471.25,473.3999938964844,48249130,0.0,0.0
2023-03-10 00:00:00+00:00,459.20001220703125,475.3500061035156,455.5,473.0,76305120,0.0,0.0
2023-03-13 00:00:00+00:00,476.1000061035156,478.25,450.8999938964844,458.70001220703125,64728209,0.0,0.0
2023-03-14 00:00:00+00:00,457.04998779296875,461.45001220703125,447.79998779296875,461.45001220703125,35466058,0.0,0.0
2023-03-15 00:00:00+00:00,458.6499938964844,458.6499938964844,410.95001220703125,412.0,130623268,0.0,0.0
2023-03-16 00:00:00+00:00,426.0,428.39801025390625,415.25,423.20001220703125,88278865,0.0,0.0
2023-03-17 00:00:00+00:00,433.1000061035156,444.5,427.6000061035156,432.6499938964844,131491839,0.0,0.0
2023-03-20 00:00:00+00:00,429.6000061035156,453.6000061035156,426.6000061035156,449.3500061035156,76307765,0.0,0.0
2023-03-21 00:00:00+00:00,456.0,458.39801025390625,447.3500061035156,448.54998779296875,36755057,0.0,0.0
2023-03-22 00:00:00+00:00,447.8500061035156,451.8999938964844,443.04998779296875,450.1499938964844,31485224,0.0,0.0
2023-03-23 00:00:00+00:00,454.3999938964844,456.5,445.3500061035156,451.6000061035156,28683080,0.0,0.0
2023-03-24 00:00:00+00:00,450.95001220703125,451.1499938964844,433.4700012207031,442.70001220703125,31987703,0.0,0.0
2023-03-27 00:00:00+01:00,450.0,451.8999938964844,436.04998779296875,449.6000061035156,42826869,0.0,0.0
2023-03-28 00:00:00+01:00,458.0,460.20001220703125,454.20001220703125,458.8999938964844,47806109,0.0,0.0
2023-03-29 00:00:00+01:00,460.1000061035156,465.79998779296875,458.3999938964844,465.54998779296875,20058380,0.0,0.0
2023-03-30 00:00:00+01:00,467.29998779296875,475.8999938964844,464.95001220703125,466.6000061035156,27388217,0.0,0.0
2023-03-31 00:00:00+01:00,469.04998779296875,470.29998779296875,460.20001220703125,464.6000061035156,30035093,0.0,0.0
2023-04-03 00:00:00+01:00,470.8999938964844,471.20001220703125,444.6000061035156,452.5,57519510,0.0,0.0
2023-04-04 00:00:00+01:00,465.3999938964844,467.8500061035156,457.0,460.04998779296875,45943719,0.0,0.0
2023-04-05 00:00:00+01:00,462.1499938964844,463.864990234375,453.3999938964844,456.75,23692108,0.0,0.0
2023-04-06 00:00:00+01:00,458.45001220703125,465.29998779296875,454.45001220703125,457.3500061035156,28679986,0.0,0.0
2023-04-11 00:00:00+01:00,469.5,484.29998779296875,460.8999938964844,472.25,41864005,0.0,0.0
2023-04-12 00:00:00+01:00,471.75,486.5,469.3999938964844,483.6000061035156,40992439,0.0,0.0
2023-04-13 00:00:00+01:00,484.45001220703125,492.20599365234375,479.62701416015625,487.6499938964844,55115749,0.0,0.0
2023-04-14 00:00:00+01:00,491.25,500.20001220703125,490.29998779296875,491.70001220703125,69155138,0.0,0.0
2023-04-17 00:00:00+01:00,494.8999938964844,498.95001220703125,488.25,489.0,25627996,0.0,0.0
2023-04-18 00:00:00+01:00,491.95001220703125,501.79998779296875,490.54998779296875,498.0,23011001,0.0,0.0
2023-04-19 00:00:00+01:00,492.5,497.95001220703125,490.20001220703125,494.3500061035156,26035017,0.0,0.0
2023-04-20 00:00:00+01:00,496.1499938964844,502.6600036621094,493.6499938964844,501.8999938964844,52419556,0.0,0.0
2023-04-21 00:00:00+01:00,498.0,499.0249938964844,489.45001220703125,490.8999938964844,42141303,0.0,0.0
2023-04-24 00:00:00+01:00,484.04998779296875,488.3999938964844,480.4809875488281,486.3500061035156,84529759,0.0,0.0
2023-04-25 00:00:00+01:00,483.3500061035156,483.8500061035156,465.04998779296875,469.0,42979423,0.0,0.0
2023-04-26 00:00:00+01:00,472.75,491.20001220703125,468.70001220703125,481.3999938964844,38459589,0.0,0.0
2023-04-27 00:00:00+01:00,477.3500061035156,484.8500061035156,106.9800033569336,473.20001220703125,24921852,0.0,0.0
2023-04-28 00:00:00+01:00,474.0,476.0220031738281,460.29998779296875,469.0,54958763,0.0,0.0
2023-05-02 00:00:00+01:00,470.95001220703125,473.3999938964844,460.5,460.5,29347315,0.0,0.0
2023-05-03 00:00:00+01:00,463.6499938964844,465.04998779296875,460.45001220703125,462.29998779296875,47231870,0.0,0.0
2023-05-04 00:00:00+01:00,448.0,449.1400146484375,431.25,434.0,31422627,0.0,0.0
2023-05-05 00:00:00+01:00,439.04998779296875,445.6499938964844,436.1499938964844,444.1000061035156,24556666,0.0,0.0
2023-05-09 00:00:00+01:00,450.0,450.1499938964844,442.3999938964844,446.20001220703125,31423778,0.0,0.0
2023-05-10 00:00:00+01:00,448.0,458.25,444.1499938964844,445.1499938964844,31962205,0.0,0.0
2023-05-11 00:00:00+01:00,443.04998779296875,446.54998779296875,426.04998779296875,427.6000061035156,54156489,0.0,0.0
2023-05-12 00:00:00+01:00,427.3500061035156,433.79998779296875,427.3500061035156,432.29998779296875,83230627,0.0,0.0
2023-05-15 00:00:00+01:00,436.04998779296875,441.6000061035156,434.25,437.20001220703125,23222992,0.0,0.0
2023-05-16 00:00:00+01:00,434.5,438.45001220703125,429.79998779296875,432.1000061035156,23097455,0.0,0.0
2023-05-17 00:00:00+01:00,432.20001220703125,438.4100036621094,430.1000061035156,436.3999938964844,49897436,0.0,0.0
2023-05-18 00:00:00+01:00,437.75,440.1499938964844,429.6470031738281,435.29998779296875,23791366,0.0,0.0
2023-05-19 00:00:00+01:00,437.25,444.8999938964844,434.79998779296875,434.8999938964844,25805453,0.0,0.0
2023-05-22 00:00:00+01:00,436.20001220703125,437.75,428.8500061035156,434.6000061035156,21630920,0.0,0.0
2023-05-23 00:00:00+01:00,432.3500061035156,433.9129943847656,425.70001220703125,427.79998779296875,24319380,0.0,0.0
2023-05-24 00:00:00+01:00,421.5,423.5,415.1000061035156,419.20001220703125,45733764,0.0,0.0
2023-05-25 00:00:00+01:00,419.29998779296875,425.29901123046875,415.5,416.3999938964844,34712991,0.0,0.0
2023-05-26 00:00:00+01:00,426.8500061035156,431.3999938964844,420.8500061035156,422.6000061035156,52872599,0.0,0.0
2023-05-30 00:00:00+01:00,423.79998779296875,440.0,416.29998779296875,416.79998779296875,30484673,0.0,0.0
2023-05-31 00:00:00+01:00,415.0,419.8500061035156,411.0,411.45001220703125,106717719,0.0,0.0
2023-06-01 00:00:00+01:00,414.6000061035156,419.25,411.70001220703125,416.8999938964844,28089766,0.0,0.0
2023-06-02 00:00:00+01:00,423.6000061035156,436.70001220703125,421.61700439453125,433.8999938964844,50276032,0.0,0.0
2023-06-05 00:00:00+01:00,435.20001220703125,437.5,426.54998779296875,430.1000061035156,28585922,0.0,0.0
2023-06-06 00:00:00+01:00,431.1000061035156,435.1000061035156,423.8500061035156,431.25,19430618,0.0,0.0
2023-06-07 00:00:00+01:00,429.79998779296875,441.8500061035156,428.8500061035156,437.04998779296875,23062744,0.0,0.0
2023-06-08 00:00:00+01:00,440.1000061035156,441.2879943847656,435.25,436.45001220703125,18688363,0.0,0.0
2023-06-09 00:00:00+01:00,439.45001220703125,440.6499938964844,430.3500061035156,435.0,24448813,0.0,0.0
2023-06-12 00:00:00+01:00,437.04998779296875,440.1499938964844,431.5,436.95001220703125,45842223,0.0,0.0
2023-06-13 00:00:00+01:00,440.6000061035156,460.79998779296875,440.0,460.0,68354053,0.0,0.0
2023-06-14 00:00:00+01:00,460.04998779296875,477.95001220703125,458.1000061035156,470.3500061035156,50539401,0.0,0.0
2023-06-15 00:00:00+01:00,469.8500061035156,475.54998779296875,465.5,475.0,49030464,0.0,0.0
2023-06-16 00:00:00+01:00,479.5,480.6000061035156,467.0,467.0,177797367,0.0,0.0
2023-06-19 00:00:00+01:00,467.0,468.5459899902344,458.3500061035156,459.0,22860404,0.0,0.0
2023-06-20 00:00:00+01:00,455.5,458.45001220703125,446.9599914550781,450.79998779296875,32863036,0.0,0.0
2023-06-21 00:00:00+01:00,449.20001220703125,452.0,445.45001220703125,452.0,22469596,0.0,0.0
2023-06-22 00:00:00+01:00,448.5,451.3999938964844,439.7869873046875,446.0,33172893,0.0,0.0
2023-06-23 00:00:00+01:00,444.20001220703125,445.01300048828125,431.45001220703125,432.6499938964844,24664762,0.0,0.0
2023-06-26 00:00:00+01:00,436.20001220703125,439.29998779296875,430.5,437.3999938964844,34235884,0.0,0.0
2023-06-27 00:00:00+01:00,445.0,449.1000061035156,435.27099609375,440.29998779296875,29266257,0.0,0.0
2023-06-28 00:00:00+01:00,439.6000061035156,440.68798828125,430.79998779296875,434.0,24323529,0.0,0.0
2023-06-29 00:00:00+01:00,432.8999938964844,438.5,432.1000061035156,438.3999938964844,27728288,0.0,0.0
2023-06-30 00:00:00+01:00,441.04998779296875,448.75,439.6199951171875,444.5,23315648,0.0,0.0
2023-07-03 00:00:00+01:00,449.1000061035156,463.45001220703125,449.1000061035156,458.95001220703125,27255542,0.0,0.0
2023-07-04 00:00:00+01:00,457.75,462.8500061035156,455.1000061035156,459.8999938964844,28066922,0.0,0.0
2023-07-05 00:00:00+01:00,458.0,461.0,454.3500061035156,457.95001220703125,26055291,0.0,0.0
2023-07-06 00:00:00+01:00,450.0,452.6499938964844,431.54998779296875,432.75,33482126,0.0,0.0
2023-07-07 00:00:00+01:00,431.79998779296875,441.70001220703125,430.0920104980469,436.3500061035156,24072351,0.0,0.0
2023-07-10 00:00:00+01:00,432.6499938964844,438.25,431.5,433.1000061035156,20125487,0.0,0.0
2023-07-11 00:00:00+01:00,436.1000061035156,438.79998779296875,432.70001220703125,437.04998779296875,48540415,0.0,0.0
2023-07-12 00:00:00+01:00,439.70001220703125,458.3500061035156,439.20001220703125,458.3500061035156,66048528,0.0,0.0
2023-07-13 00:00:00+01:00,461.0,472.29998779296875,456.79998779296875,469.6499938964844,40111746,0.0,0.0
2023-07-14 00:00:00+01:00,466.8500061035156,468.25,463.7900085449219,466.79998779296875,21661974,0.0,0.0
2023-07-17 00:00:00+01:00,460.3500061035156,462.1000061035156,451.8999938964844,453.6499938964844,31061316,0.0,0.0
2023-07-18 00:00:00+01:00,457.1000061035156,457.1000061035156,448.79998779296875,454.0,20024760,0.0,0.0
2023-07-19 00:00:00+01:00,455.04998779296875,455.54998779296875,449.3500061035156,453.45001220703125,20838210,0.0,0.0
2023-07-20 00:00:00+01:00,459.1000061035156,472.5,456.8999938964844,472.5,51791558,0.0,0.0
2023-07-21 00:00:00+01:00,474.29998779296875,474.29998779296875,466.04998779296875,472.54998779296875,20255775,0.0,0.0
2023-07-24 00:00:00+01:00,468.0,481.45001220703125,467.2170104980469,478.6499938964844,50236714,0.0,0.0
2023-07-25 00:00:00+01:00,487.0,491.6499938964844,482.04998779296875,482.04998779296875,47435254,0.0,0.0
2023-07-26 00:00:00+01:00,468.54998779296875,475.25,461.0,469.45001220703125,26462861,0.0,0.0
2023-07-27 00:00:00+01:00,469.45001220703125,475.25,461.54998779296875,469.1499938964844,28703644,0.0,0.0
2023-07-28 00:00:00+01:00,469.04998779296875,470.54998779296875,461.3999938964844,466.5,35814852,0.0,0.0
2023-07-31 00:00:00+01:00,467.1000061035156,475.75,466.8500061035156,473.54998779296875,20044110,0.0,0.0
2023-08-01 00:00:00+01:00,473.8500061035156,474.5010070800781,467.79998779296875,470.95001220703125,14178492,0.0,0.0
2023-08-02 00:00:00+01:00,465.5,467.79998779296875,457.20001220703125,462.0,17279159,0.0,0.0
2023-08-03 00:00:00+01:00,458.70001220703125,462.20001220703125,451.6000061035156,462.20001220703125,37296287,0.0,0.0
2023-08-04 00:00:00+01:00,463.70001220703125,463.70001220703125,457.0,463.20001220703125,26174224,0.0,0.0
2023-08-07 00:00:00+01:00,458.79998779296875,459.95001220703125,452.20001220703125,456.70001220703125,14093569,0.0,0.0
2023-08-08 00:00:00+01:00,438.6000061035156,445.8999938964844,435.3210144042969,444.6000061035156,46701400,0.0,0.0
2023-08-09 00:00:00+01:00,449.8500061035156,460.1000061035156,447.7539978027344,455.1000061035156,54603022,0.0,0.0
2023-08-10 00:00:00+01:00,455.0,463.6499938964844,452.9880065917969,454.8500061035156,29975957,0.0,0.0
2023-08-11 00:00:00+01:00,450.5,451.67498779296875,442.45001220703125,444.70001220703125,24042643,0.0,0.0
2023-08-14 00:00:00+01:00,440.5,443.3999938964844,431.0,433.79998779296875,26501515,0.0,0.0
2023-08-15 00:00:00+01:00,433.45001220703125,433.79998779296875,417.0,419.04998779296875,29179181,0.0,0.0
2023-08-16 00:00:00+01:00,415.1499938964844,423.04998779296875,414.6499938964844,419.5,21595476,0.0,0.0
2023-08-17 00:00:00+01:00,419.5,427.8500061035156,419.5,423.54998779296875,18592369,0.0,0.0
2023-08-18 00:00:00+01:00,421.25,422.20001220703125,413.04998779296875,416.04998779296875,41527415,0.0,0.0
2023-08-21 00:00:00+01:00,416.1000061035156,422.8500061035156,415.6499938964844,420.0,17044958,0.0,0.0
2023-08-22 00:00:00+01:00,423.70001220703125,434.1000061035156,422.2749938964844,429.79998779296875,20492825,0.0,0.0
2023-08-23 00:00:00+01:00,433.5,435.77398681640625,429.79998779296875,433.1499938964844,36566938,0.0,0.0
2023-08-24 00:00:00+01:00,435.5,436.8999938964844,422.6000061035156,428.29998779296875,17152856,0.0,0.0
2023-08-25 00:00:00+01:00,431.04998779296875,433.20001220703125,425.04998779296875,426.1499938964844,17813843,0.0,0.0
2023-08-29 00:00:00+01:00,436.6000061035156,441.1000061035156,432.79998779296875,438.29998779296875,144806978,0.0,0.0
2023-08-30 00:00:00+01:00,442.0,444.95001220703125,435.875,438.6499938964844,25113846,0.0,0.0
2023-08-31 00:00:00+01:00,419.1000061035156,424.3630065917969,414.25,421.45001220703125,59164541,0.0,0.0
2023-09-01 00:00:00+01:00,426.20001220703125,431.3500061035156,423.5,427.1499938964844,32060379,0.0,0.0
2023-09-04 00:00:00+01:00,432.0,439.20001220703125,430.45599365234375,436.0,32228235,0.0,0.0
2023-09-05 00:00:00+01:00,431.0,437.20001220703125,430.04998779296875,432.20001220703125,34837686,0.0,0.0
2023-09-06 00:00:00+01:00,429.3999938964844,431.3999938964844,426.1000061035156,429.45001220703125,16546328,0.0,0.0
2023-09-07 00:00:00+01:00,424.20001220703125,425.8500061035156,420.6499938964844,423.5,18580734,0.0,0.0
2023-09-08 00:00:00+01:00,422.3500061035156,428.54998779296875,422.3500061035156,426.0,21689152,0.0,0.0
2023-09-11 00:00:00+01:00,433.1000061035156,440.54998779296875,432.45001220703125,435.3500061035156,35439674,0.0,0.0
2023-09-12 00:00:00+01:00,434.04998779296875,437.6000061035156,432.8500061035156,434.6499938964844,26106018,0.0,0.0
2023-09-13 00:00:00+01:00,434.0,436.75,429.0,431.8999938964844,21433334,0.0,0.0
2023-09-14 00:00:00+01:00,434.1000061035156,452.29998779296875,433.45001220703125,450.75,67802587,0.0,0.0
2023-09-15 00:00:00+01:00,455.0,459.79998779296875,450.75,456.3999938964844,64254208,0.0,0.0
2023-09-18 00:00:00+01:00,458.6499938964844,461.8500061035156,457.04998779296875,459.6499938964844,18937385,0.0,0.0
2023-09-19 00:00:00+01:00,460.0,467.3219909667969,459.6000061035156,463.6499938964844,36415235,0.0,0.0
2023-09-20 00:00:00+01:00,465.8500061035156,468.95001220703125,457.5069885253906,463.8999938964844,15572310,0.0,0.0
2023-09-21 00:00:00+01:00,454.6499938964844,458.75,449.1499938964844,452.04998779296875,26335230,0.0,0.0
2023-09-22 00:00:00+01:00,452.6499938964844,461.79998779296875,449.635986328125,455.04998779296875,25356746,0.0,0.0
2023-09-25 00:00:00+01:00,449.95001220703125,453.0,444.8940124511719,453.0,19729174,0.0,0.0
2023-09-26 00:00:00+01:00,450.0,458.51300048828125,448.25,451.75,17089191,0.0,0.0
2023-09-27 00:00:00+01:00,451.5,457.4280090332031,450.29998779296875,453.54998779296875,16361961,0.0,0.0
2023-09-28 00:00:00+01:00,453.1499938964844,462.1499938964844,451.70001220703125,461.0,25415052,0.0,0.0
2023-09-29 00:00:00+01:00,463.04998779296875,477.54998779296875,461.0,469.8999938964844,52441662,0.0,0.0
2023-10-02 00:00:00+01:00,472.6499938964844,475.1000061035156,460.3500061035156,463.8999938964844,26564853,0.0,0.0
2023-10-03 00:00:00+01:00,459.8500061035156,465.04998779296875,449.0,453.25,32344117,0.0,0.0
2023-10-04 00:00:00+01:00,447.3500061035156,453.3500061035156,439.489013671875,443.29998779296875,50069987,0.0,0.0
2023-10-05 00:00:00+01:00,440.1000061035156,442.75,438.3739929199219,439.8500061035156,21656884,0.0,0.0
2023-10-06 00:00:00+01:00,442.45001220703125,446.79998779296875,437.6499938964844,445.0,19577714,0.0,0.0
2023-10-09 00:00:00+01:00,446.5,451.0,441.8999938964844,450.75,20626154,0.0,0.0
2023-10-10 00:00:00+01:00,451.8999938964844,468.6499938964844,447.8999938964844,466.25,27874741,0.0,0.0
2023-10-11 00:00:00+01:00,463.8500061035156,467.75,459.6499938964844,461.29998779296875,66606739,0.0,0.0
2023-10-12 00:00:00+01:00,465.0,468.05999755859375,457.8999938964844,462.20001220703125,19885144,0.0,0.0
2023-10-13 00:00:00+01:00,464.70001220703125,468.45001220703125,452.6499938964844,456.29998779296875,33325228,0.0,0.0
2023-10-16 00:00:00+01:00,460.70001220703125,464.8999938964844,452.45001220703125,462.75,51025402,0.0,0.0
2023-10-17 00:00:00+01:00,457.5,466.1000061035156,450.70001220703125,462.8500061035156,55521715,0.0,0.0
2023-10-18 00:00:00+01:00,462.1499938964844,464.75,452.29998779296875,456.29998779296875,30034656,0.0,0.0
2023-10-19 00:00:00+01:00,455.45001220703125,458.20001220703125,447.6000061035156,450.1499938964844,20366158,0.0,0.0
2023-10-20 00:00:00+01:00,446.0,447.1300048828125,433.6499938964844,435.3999938964844,31454692,0.0,0.0
2023-10-23 00:00:00+01:00,432.1000061035156,432.45001220703125,422.8500061035156,428.75,21235583,0.0,0.0
2023-10-24 00:00:00+01:00,430.20001220703125,437.3999938964844,426.1000061035156,434.54998779296875,24046698,0.0,0.0
2023-10-25 00:00:00+01:00,436.45001220703125,440.79998779296875,431.45001220703125,439.79998779296875,22194143,0.0,0.0
2023-10-26 00:00:00+01:00,435.95001220703125,443.0509948730469,432.8999938964844,440.5,21638494,0.0,0.0
2023-10-27 00:00:00+01:00,444.8999938964844,449.6000061035156,437.5,445.25,18320029,0.0,0.0
2023-10-30 00:00:00+00:00,444.54998779296875,453.7799987792969,443.04998779296875,451.0,36050881,0.0,0.0
2023-10-31 00:00:00+00:00,449.8999938964844,454.45001220703125,428.1499938964844,435.1499938964844,42652394,0.0,0.0
2023-11-01 00:00:00+00:00,433.8500061035156,438.1499938964844,427.79998779296875,431.6499938964844,22011640,0.0,0.0
2023-11-02 00:00:00+00:00,436.8999938964844,447.6499938964844,429.75,440.25,29064332,0.0,0.0
2023-11-03 00:00:00+00:00,444.75,447.70001220703125,437.29998779296875,439.6000061035156,15677041,0.0,0.0
2023-11-06 00:00:00+00:00,440.25,445.1099853515625,436.95001220703125,442.0,22199923,0.0,0.0
2023-11-07 00:00:00+00:00,439.8999938964844,445.70001220703125,430.05999755859375,431.6000061035156,24175620,0.0,0.0
2023-11-08 00:00:00+00:00,429.25,431.45001220703125,426.6000061035156,426.6000061035156,18726773,0.0,0.0
2023-11-09 00:00:00+00:00,427.70001220703125,431.79998779296875,423.79998779296875,429.70001220703125,19384886,0.0,0.0
2023-11-10 00:00:00+00:00,423.70001220703125,432.79998779296875,421.1499938964844,427.1000061035156,35323970,0.0,0.0
2023-11-13 00:00:00+00:00,430.3999938964844,432.9779968261719,423.6000061035156,430.45001220703125,13159098,0.0,0.0
2023-11-14 00:00:00+00:00,444.0,455.6000061035156,428.5,450.0,48972952,0.0,0.0
2023-11-15 00:00:00+00:00,456.3999938964844,474.0,447.75,464.70001220703125,47035434,0.0,0.0
2023-11-16 00:00:00+00:00,464.29998779296875,468.0,456.8500061035156,457.6499938964844,35406320,0.0,0.0
2023-11-17 00:00:00+00:00,460.0,471.81500244140625,454.20001220703125,467.6499938964844,28159519,0.0,0.0
2023-11-20 00:00:00+00:00,462.1499938964844,470.3500061035156,457.6000061035156,465.5,24376884,0.0,0.0
2023-11-21 00:00:00+00:00,466.70001220703125,470.25,454.8500061035156,457.0,23533480,0.0,0.0
2023-11-22 00:00:00+00:00,457.0,459.95001220703125,447.20001220703125,448.95001220703125,26506645,0.0,0.0
2023-11-23 00:00:00+00:00,449.45001220703125,452.45001220703125,437.0,449.79998779296875,34006957,0.0,0.0
2023-11-24 00:00:00+00:00,445.70001220703125,452.95001220703125,442.25,448.1499938964844,13132755,0.0,0.0
2023-11-27 00:00:00+00:00,445.25,450.95001220703125,442.70001220703125,445.5,12262549,0.0,0.0
2023-11-28 00:00:00+00:00,443.3999938964844,448.0,440.0,447.04998779296875,20490707,0.0,0.0
2023-11-29 00:00:00+00:00,445.29998779296875,453.75,443.29998779296875,443.95001220703125,13598520,0.0,0.0
2023-11-30 00:00:00+00:00,447.45001220703125,451.45001220703125,441.45001220703125,441.79998779296875,57364064,0.0,0.0
2023-12-01 00:00:00+00:00,445.79998779296875,459.6499938964844,445.29998779296875,457.70001220703125,70112246,0.0,0.0
2023-12-04 00:00:00+00:00,447.6499938964844,460.3999938964844,441.75,443.6499938964844,31318594,0.0,0.0
2023-12-05 00:00:00+00:00,440.54998779296875,444.3999938964844,433.5,438.3999938964844,22461527,0.0,0.0
2023-12-06 00:00:00+00:00,443.5,451.0,435.75,446.5,19833746,0.0,0.0
2023-12-07 00:00:00+00:00,442.8500061035156,456.20001220703125,441.1499938964844,453.54998779296875,33628019,0.0,0.0
2023-12-08 00:00:00+00:00,451.5,462.8500061035156,448.75,457.3999938964844,33454735,0.0,0.0
2023-12-11 00:00:00+00:00,451.0,454.0,438.29998779296875,439.29998779296875,44269138,0.0,0.0
2023-12-12 00:00:00+00:00,441.25,445.75,432.6000061035156,436.29998779296875,27182875,0.0,0.0
2023-12-13 00:00:00+00:00,433.3999938964844,438.95001220703125,431.25,433.6499938964844,26446023,0.0,0.0
2023-12-14 00:00:00+00:00,448.45001220703125,456.7380065917969,431.0,453.75,52778866,0.0,0.0
2023-12-15 00:00:00+00:00,460.3999938964844,472.12799072265625,459.20001220703125,460.8500061035156,69181090,0.0,0.0
2023-12-18 00:00:00+00:00,459.0,464.6029968261719,456.25,462.6499938964844,25064424,0.0,0.0
2023-12-19 00:00:00+00:00,460.1000061035156,468.3999938964844,457.20001220703125,467.79998779296875,35895846,0.0,0.0
2023-12-20 00:00:00+00:00,474.0,478.0,464.95001220703125,469.1499938964844,19622028,0.0,0.0
2023-12-21 00:00:00+00:00,466.70001220703125,470.25,459.6000061035156,470.20001220703125,34690491,0.0,0.0
2023-12-22 00:00:00+00:00,467.29998779296875,473.6239929199219,466.3500061035156,466.3500061035156,12112393,0.0,0.0
2023-12-27 00:00:00+00:00,473.75,478.54998779296875,463.54998779296875,471.75,17585124,0.0,0.0
2023-12-28 00:00:00+00:00,475.0,477.0,469.20001220703125,470.04998779296875,16698371,0.0,0.0
2023-12-29 00:00:00+00:00,471.45001220703125,476.1000061035156,471.04998779296875,472.1000061035156,8801158,0.0,0.0
2024-01-02 00:00:00+00:00,475.0,477.8999938964844,466.1499938964844,468.70001220703125,17342921,0.0,0.0
2024-01-03 00:00:00+00:00,462.6000061035156,465.8999938964844,452.20001220703125,458.5,26163491,0.0,0.0
2024-01-04 00:00:00+00:00,460.0,463.20001220703125,455.25,459.25,29427798,0.0,0.0
2024-01-05 00:00:00+00:00,456.54998779296875,467.8500061035156,455.6000061035156,463.0,14168292,0.0,0.0
2024-01-08 00:00:00+00:00,459.79998779296875,462.04998779296875,452.1000061035156,457.1000061035156,21219277,0.0,0.0
2024-01-09 00:00:00+00:00,456.54998779296875,457.0,448.6000061035156,451.79998779296875,44588532,0.0,0.0
2024-01-10 00:00:00+00:00,447.5,452.9169921875,447.29998779296875,447.95001220703125,22171169,0.0,0.0
2024-01-11 00:00:00+00:00,454.25,455.3999938964844,444.25,445.20001220703125,23302814,0.0,0.0
2024-01-12 00:00:00+00:00,449.54998779296875,451.75,445.04998779296875,448.1499938964844,22414596,0.0,0.0
2024-01-15 00:00:00+00:00,445.3999938964844,448.45001220703125,443.8500061035156,445.0,13918555,0.0,0.0
2024-01-16 00:00:00+00:00,443.3999938964844,445.6000061035156,437.32501220703125,439.1499938964844,50703264,0.0,0.0
2024-01-17 00:00:00+00:00,421.3999938964844,427.6300048828125,414.8999938964844,419.5,34849476,0.0,0.0
2024-01-18 00:00:00+00:00,421.79998779296875,423.6499938964844,414.25,419.8500061035156,25685796,0.0,0.0
2024-01-19 00:00:00+00:00,420.8999938964844,422.20001220703125,411.29998779296875,412.29998779296875,39660834,0.0,0.0
2024-01-22 00:00:00+00:00,412.1499938964844,414.95001220703125,397.45001220703125,397.8999938964844,45647283,0.0,0.0
2024-01-23 00:00:00+00:00,403.20001220703125,408.6499938964844,401.25,405.1499938964844,86857166,0.0,0.0
2024-01-24 00:00:00+00:00,414.1499938964844,419.20001220703125,412.8999938964844,417.1000061035156,37962628,0.0,0.0
2024-01-25 00:00:00+00:00,417.1000061035156,419.25,414.6499938964844,416.1499938964844,25546929,0.0,0.0
2024-01-26 00:00:00+00:00,415.8500061035156,426.6499938964844,415.70001220703125,422.70001220703125,24790458,0.0,0.0
2024-01-29 00:00:00+00:00,420.20001220703125,425.54998779296875,418.8999938964844,424.95001220703125,36148971,0.0,0.0
2024-01-30 00:00:00+00:00,424.3500061035156,427.6000061035156,419.79998779296875,421.04998779296875,23237088,0.0,0.0
2024-01-31 00:00:00+00:00,422.8500061035156,424.79998779296875,416.1000061035156,420.45001220703125,26787780,0.0,0.0
2024-02-01 00:00:00+00:00,414.29998779296875,429.75,414.29998779296875,426.1000061035156,47106298,0.0,0.0
2024-02-02 00:00:00+00:00,426.5,428.0,416.8999938964844,417.6000061035156,38502040,0.0,0.0
2024-02-05 00:00:00+00:00,415.45001220703125,418.04998779296875,406.6499938964844,409.3999938964844,34792983,0.0,0.0
2024-02-06 00:00:00+00:00,413.1000061035156,415.8500061035156,407.77899169921875,410.5,22025123,0.0,0.0
2024-02-07 00:00:00+00:00,410.5,412.54998779296875,400.5,402.3999938964844,32675464,0.0,0.0
2024-02-08 00:00:00+00:00,403.0,404.70001220703125,396.25,396.79998779296875,22432239,0.0,0.0
2024-02-09 00:00:00+00:00,395.04998779296875,395.6499938964844,383.0,385.04998779296875,78351494,0.0,0.0
2024-02-12 00:00:00+00:00,385.95001220703125,396.3999938964844,385.45001220703125,394.25,37551815,0.0,0.0
2024-02-13 00:00:00+00:00,398.3999938964844,399.45001220703125,390.48699951171875,392.70001220703125,30138922,0.0,0.0
2024-02-14 00:00:00+00:00,391.6499938964844,392.6000061035156,385.4700012207031,391.45001220703125,66183260,0.0,0.0
2024-02-15 00:00:00+00:00,389.79998779296875,395.5,386.9490051269531,391.04998779296875,22151485,0.0,0.0
2024-02-16 00:00:00+00:00,396.45001220703125,405.45001220703125,396.45001220703125,399.54998779296875,47195576,0.0,0.0
2024-02-19 00:00:00+00:00,398.5,398.8500061035156,391.8500061035156,395.3999938964844,19213606,0.0,0.0
2024-02-20 00:00:00+00:00,391.20001220703125,393.45001220703125,385.85699462890625,390.3999938964844,39945073,0.0,0.0
2024-02-21 00:00:00+00:00,377.8500061035156,390.95001220703125,365.31298828125,386.04998779296875,78213840,0.0,0.0
2024-02-22 00:00:00+00:00,390.0,393.1499938964844,378.3999938964844,379.8999938964844,51500067,0.0,0.0
2024-02-23 00:00:00+00:00,379.20001220703125,380.79998779296875,371.25,375.79998779296875,61659051,0.0,0.0
2024-02-26 00:00:00+00:00,371.20001220703125,372.70001220703125,366.98199462890625,368.95001220703125,35974253,0.0,0.0
2024-02-27 00:00:00+00:00,371.79998779296875,373.54998779296875,366.79998779296875,372.04998779296875,50218466,0.0,0.0
2024-02-28 00:00:00+00:00,370.70001220703125,373.70001220703125,368.3269958496094,373.45001220703125,34034514,0.0,0.0
2024-02-29 00:00:00+00:00,376.6499938964844,379.95001220703125,372.75,375.1499938964844,36513673,0.0,0.0
2024-03-01 00:00:00+00:00,377.54998779296875,383.0450134277344,376.1510009765625,382.45001220703125,29571049,0.0,0.0
2024-03-04 00:00:00+00:00,381.1499938964844,381.45001220703125,376.8500061035156,380.20001220703125,19757111,0.0,0.0
2024-03-05 00:00:00+00:00,377.0,388.9100036621094,374.24700927734375,385.3500061035156,40961378,0.0,0.0
2024-03-06 00:00:00+00:00,385.29998779296875,392.5,384.25,389.1499938964844,43003141,0.0,0.0
2024-03-07 00:00:00+00:00,390.70001220703125,400.54998779296875,389.75,399.1000061035156,62867102,0.0,0.0
2024-03-08 00:00:00+00:00,399.3500061035156,406.45001220703125,397.114013671875,400.75,42848279,0.0,0.0
2024-03-11 00:00:00+00:00,394.3500061035156,398.5,391.20001220703125,398.3999938964844,21774900,0.0,0.0
2024-03-12 00:00:00+00:00,402.79998779296875,408.8680114746094,399.45001220703125,399.95001220703125,50222798,0.0,0.0
2024-03-13 00:00:00+00:00,405.8500061035156,422.20001220703125,402.79998779296875,419.20001220703125,103279556,0.0,0.0
2024-03-14 00:00:00+00:00,420.0,422.20001220703125,415.8500061035156,417.25,45797211,0.0,0.0
2024-03-15 00:00:00+00:00,423.75,428.0799865722656,419.8999938964844,425.20001220703125,95872842,0.0,0.0
2024-03-18 00:00:00+00:00,424.1499938964844,428.29998779296875,422.6000061035156,422.6000061035156,27246352,0.0,0.0
2024-03-19 00:00:00+00:00,421.25,423.54998779296875,413.3909912109375,418.6000061035156,63550905,0.0,0.0
2024-03-20 00:00:00+00:00,419.3999938964844,420.0740051269531,413.95001220703125,416.20001220703125,30724187,0.0,0.0
2024-03-21 00:00:00+00:00,428.1000061035156,433.0,426.70001220703125,428.0,70078436,0.0,0.0
2024-03-22 00:00:00+00:00,424.20001220703125,434.45001220703125,423.1000061035156,428.8500061035156,34744551,0.0,0.0
2024-03-25 00:00:00+00:00,426.6499938964844,429.71600341796875,423.6000061035156,423.6000061035156,29544306,0.0,0.0
2024-03-26 00:00:00+00:00,419.5,428.04998779296875,418.0,423.95001220703125,18083084,0.0,0.0
2024-03-27 00:00:00+00:00,423.5,428.75,420.25,428.75,18265442,0.0,0.0
2024-03-28 00:00:00+00:00,433.6000061035156,437.20001220703125,431.2300109863281,435.29998779296875,30171017,0.0,0.0
2024-04-02 00:00:00+01:00,442.29998779296875,449.8500061035156,441.1499938964844,448.3999938964844,41349309,0.0,0.0
2024-04-03 00:00:00+01:00,447.29998779296875,458.3500061035156,444.25,458.29998779296875,68835890,0.0,0.0
2024-04-04 00:00:00+01:00,460.20001220703125,466.95001220703125,459.8500061035156,463.54998779296875,29108298,0.0,0.0
2024-04-05 00:00:00+01:00,457.8999938964844,464.20001220703125,455.70001220703125,458.1000061035156,22811254,0.0,0.0
2024-04-08 00:00:00+01:00,458.1499938964844,469.1000061035156,457.95001220703125,466.79998779296875,35053075,0.0,0.0
2024-04-09 00:00:00+01:00,467.0,476.20001220703125,466.1000061035156,473.0,76475216,0.0,0.0
2024-04-10 00:00:00+01:00,476.25,478.29998779296875,462.6499938964844,468.0,73895449,0.0,0.0
2024-04-11 00:00:00+01:00,467.1000061035156,470.1499938964844,459.6000061035156,462.1499938964844,27370826,0.0,0.0
2024-04-12 00:00:00+01:00,467.8999938964844,488.20001220703125,467.8999938964844,485.70001220703125,51549012,0.0,0.0
2024-04-15 00:00:00+01:00,487.1000061035156,489.1579895019531,476.6000061035156,481.6499938964844,30057399,0.0,0.0
2024-04-16 00:00:00+01:00,472.70001220703125,475.29998779296875,463.8999938964844,466.6000061035156,40152207,0.0,0.0
2024-04-17 00:00:00+01:00,464.95001220703125,480.6409912109375,464.8500061035156,472.8500061035156,38033271,0.0,0.0
2024-04-18 00:00:00+01:00,474.1000061035156,475.0580139160156,470.0,475.0,70400214,0.0,0.0
2024-04-19 00:00:00+01:00,473.79998779296875,478.62799072265625,467.8999938964844,474.29998779296875,84938901,0.0,0.0
2024-04-22 00:00:00+01:00,473.95001220703125,482.0,472.4469909667969,474.8999938964844,49296256,0.0,0.0
2024-04-23 00:00:00+01:00,472.8500061035156,472.8680114746094,463.3999938964844,468.5,25885803,0.0,0.0
2024-04-24 00:00:00+01:00,475.0,479.54998779296875,471.8500061035156,474.1000061035156,91615218,0.0,0.0
2024-04-25 00:00:00+01:00,478.0,479.6000061035156,464.75,468.6000061035156,46643686,0.0,0.0
2024-04-26 00:00:00+01:00,474.3500061035156,477.20001220703125,468.8500061035156,469.5,23930228,0.0,0.0
2024-04-29 00:00:00+01:00,474.1000061035156,476.20001220703125,469.3999938964844,473.45001220703125,17953900,0.0,0.0
2024-04-30 00:00:00+01:00,473.45001220703125,473.45001220703125,469.74200439453125,467.70001220703125,36605263,0.0,0.0
2024-05-01 00:00:00+01:00,473.6000061035156,465.70001220703125,465.0,466.5,2058475,0.0,0.0
2024-05-02 00:00:00+01:00,464.3999938964844,469.29998779296875,453.04998779296875,458.70001220703125,46263484,0.0,0.0
2024-05-03 00:00:00+01:00,451.1499938964844,461.5,448.3999938964844,455.0,25914850,0.0,0.0
2024-05-07 00:00:00+01:00,460.0,469.04998779296875,459.3999938964844,467.95001220703125,28078420,0.0,0.0
2024-05-08 00:00:00+01:00,466.5,467.010009765625,457.45001220703125,460.70001220703125,69032654,0.0,0.0
2024-05-09 00:00:00+01:00,462.1000061035156,466.75,457.8999938964844,463.54998779296875,44413332,0.0,0.0
2024-05-10 00:00:00+01:00,468.20001220703125,479.6499938964844,460.75,476.0,36393268,0.0,0.0
2024-05-13 00:00:00+01:00,474.75,478.8999938964844,472.70001220703125,475.3999938964844,33670670,0.0,0.0
2024-05-14 00:00:00+01:00,476.3999938964844,492.5,475.1499938964844,492.5,81765755,0.0,0.0
2024-05-15 00:00:00+01:00,494.54998779296875,498.8999938964844,485.54998779296875,487.8999938964844,25352094,0.0,0.0
2024-05-16 00:00:00+01:00,489.6499938964844,495.0,484.95001220703125,493.0,27703343,0.0,0.0
2024-05-17 00:00:00+01:00,495.0,498.45001220703125,487.54998779296875,497.0,43470926,0.0,0.0
2024-05-20 00:00:00+01:00,500.0,506.7200012207031,498.4020080566406,501.5,25420083,0.0,0.0
2024-05-21 00:00:00+01:00,499.0,504.6000061035156,496.25,499.8999938964844,23073023,0.0,0.0
2024-05-22 00:00:00+01:00,495.54998779296875,502.8999938964844,479.1499938964844,483.0,56767166,0.0,0.0
2024-05-23 00:00:00+01:00,481.0,488.6099853515625,476.6000061035156,483.45001220703125,20298470,0.0,0.0
2024-05-24 00:00:00+01:00,479.6499938964844,486.3999938964844,476.6499938964844,483.95001220703125,10405517,0.0,0.0
2024-05-28 00:00:00+01:00,487.6499938964844,492.1499938964844,481.0,489.0,60968576,0.0,0.0
2024-05-29 00:00:00+01:00,487.6000061035156,491.95001220703125,479.75,483.25,20500012,0.0,0.0
2024-05-30 00:00:00+01:00,473.8999938964844,486.1499938964844,470.8999938964844,481.8999938964844,43793528,0.0,0.0
2024-05-31 00:00:00+01:00,484.1000061035156,485.3999938964844,479.6000061035156,480.75,84060796,0.0,0.0
2024-06-03 00:00:00+01:00,485.3500061035156,486.79998779296875,476.6499938964844,481.5,17135011,0.0,0.0
2024-06-04 00:00:00+01:00,479.95001220703125,479.95001220703125,467.20001220703125,468.3999938964844,33131643,0.0,0.0
2024-06-05 00:00:00+01:00,468.5,471.3500061035156,464.8999938964844,470.04998779296875,26654418,0.0,0.0
2024-06-06 00:00:00+01:00,472.1000061035156,477.8500061035156,467.20001220703125,477.20001220703125,22808747,0.0,0.0
2024-06-07 00:00:00+01:00,475.8500061035156,480.1000061035156,466.25,469.75,26382699,0.0,0.0
2024-06-10 00:00:00+01:00,467.29998779296875,476.20001220703125,466.20001220703125,475.79998779296875,12245909,0.0,0.0
2024-06-11 00:00:00+01:00,474.5,478.8999938964844,458.3999938964844,465.54998779296875,47231218,0.0,0.0
2024-06-12 00:00:00+01:00,467.8999938964844,470.3500061035156,462.75,462.8999938964844,39054281,0.0,0.0
2024-06-13 00:00:00+01:00,460.1000061035156,462.8389892578125,455.54998779296875,460.1499938964844,21127391,0.0,0.0
2024-06-14 00:00:00+01:00,460.75,460.75,450.54998779296875,454.54998779296875,15876698,0.0,0.0
2024-06-17 00:00:00+01:00,451.45001220703125,454.1050109863281,446.1499938964844,448.3500061035156,29378344,0.0,0.0
2024-06-18 00:00:00+01:00,455.8999938964844,459.2569885253906,447.3999938964844,453.45001220703125,25518018,0.0,0.0
2024-06-19 00:00:00+01:00,455.6499938964844,460.29998779296875,452.8500061035156,456.1499938964844,30792941,0.0,0.0
2024-06-20 00:00:00+01:00,456.6000061035156,466.0,453.3999938964844,463.95001220703125,26694426,0.0,0.0
2024-06-21 00:00:00+01:00,462.8999938964844,478.95001220703125,454.70001220703125,454.70001220703125,73950723,0.0,0.0
2024-06-24 00:00:00+01:00,453.70001220703125,466.75,451.25,459.5,45684622,0.0,0.0
2024-06-25 00:00:00+01:00,459.8999938964844,462.5,453.3500061035156,454.5,21870933,0.0,0.0
2024-06-26 00:00:00+01:00,460.0,465.0,453.8999938964844,454.20001220703125,30074222,0.0,0.0
2024-06-27 00:00:00+01:00,450.95001220703125,456.95001220703125,448.1499938964844,452.75,17226331,0.0,0.0
2024-06-28 00:00:00+01:00,454.1499938964844,458.54998779296875,451.1000061035156,451.1000061035156,28317987,0.0,0.0
2024-07-01 00:00:00+01:00,454.6000061035156,465.70001220703125,448.3500061035156,461.70001220703125,30479112,0.0,0.0
2024-07-02 00:00:00+01:00,458.29998779296875,467.29998779296875,456.0,466.25,26294860,0.0,0.0
2024-07-03 00:00:00+01:00,474.45001220703125,480.8500061035156,472.20001220703125,477.0,57688916,0.0,0.0
2024-07-04 00:00:00+01:00,479.1499938964844,483.29998779296875,474.1000061035156,480.79998779296875,17149958,0.0,0.0
2024-07-05 00:00:00+01:00,484.0,489.29998779296875,477.8999938964844,483.04998779296875,38929834,0.0,0.0
2024-07-08 00:00:00+01:00,479.04998779296875,483.20001220703125,476.1499938964844,479.3500061035156,26041110,0.0,0.0
2024-07-09 00:00:00+01:00,481.3999938964844,485.95001220703125,474.25,476.04998779296875,104073814,0.0,0.0
2024-07-10 00:00:00+01:00,475.1499938964844,481.7909851074219,471.6000061035156,479.0,13115139,0.0,0.0
2024-07-11 00:00:00+01:00,480.6000061035156,483.1000061035156,474.70001220703125,478.79998779296875,16335902,0.0,0.0
2024-07-12 00:00:00+01:00,481.1499938964844,481.95001220703125,473.5,478.3500061035156,19191626,0.0,0.0
2024-07-15 00:00:00+01:00,477.70001220703125,481.25,466.1000061035156,471.29998779296875,22878945,0.0,0.0
2024-07-16 00:00:00+01:00,467.6499938964844,474.1499938964844,452.95001220703125,458.54998779296875,20198135,0.0,0.0
2024-07-17 00:00:00+01:00,456.0,462.8999938964844,451.45001220703125,458.5,14050190,0.0,0.0
2024-07-18 00:00:00+01:00,461.5,465.0,447.5,450.8999938964844,29144703,0.0,0.0
2024-07-19 00:00:00+01:00,444.8999938964844,461.29998779296875,440.0,441.95001220703125,31017860,0.0,0.0
2024-07-22 00:00:00+01:00,443.3500061035156,446.322998046875,442.04998779296875,443.3500061035156,17066639,0.0,0.0
2024-07-23 00:00:00+01:00,440.0,440.0,432.1000061035156,433.3999938964844,45562205,0.0,0.0
2024-07-24 00:00:00+01:00,430.6499938964844,439.2879943847656,383.17999267578125,433.3500061035156,12308896,0.0,0.0
2024-07-25 00:00:00+01:00,424.8500061035156,432.70001220703125,422.75,432.29998779296875,16954703,0.0,0.0
2024-07-26 00:00:00+01:00,434.6499938964844,438.4219970703125,432.6000061035156,433.6000061035156,10692393,0.0,0.0
2024-07-29 00:00:00+01:00,435.6499938964844,437.4460144042969,426.45001220703125,427.45001220703125,61414456,0.0,0.0
2024-07-30 00:00:00+01:00,422.45001220703125,426.989990234375,413.8949890136719,416.6000061035156,41022298,0.0,0.0
2024-07-31 00:00:00+01:00,423.75,433.3659973144531,423.75,429.79998779296875,30546353,0.0,0.0
2024-08-01 00:00:00+01:00,433.0,433.8500061035156,415.04998779296875,415.20001220703125,26967591,0.0,0.0
2024-08-02 00:00:00+01:00,411.04998779296875,420.29998779296875,401.3500061035156,405.04998779296875,30324424,0.0,0.0
2024-08-05 00:00:00+01:00,391.0,392.5780029296875,380.3450012207031,391.70001220703125,74864723,0.0,0.0
2024-08-06 00:00:00+01:00,397.70001220703125,398.95001220703125,386.25,393.1499938964844,60315187,0.0,0.0
2024-08-07 00:00:00+01:00,385.0,407.31500244140625,383.17999267578125,404.20001220703125,30225139,0.0,0.0
2024-08-08 00:00:00+01:00,396.70001220703125,404.1199951171875,391.3420104980469,403.20001220703125,15789835,0.0,0.0
2024-08-09 00:00:00+01:00,409.95001220703125,415.1919860839844,405.1000061035156,405.1000061035156,20033036,0.0,0.0
2024-08-12 00:00:00+01:00,406.3500061035156,411.9200134277344,405.1000061035156,410.25,24549119,0.0,0.0
2024-08-13 00:00:00+01:00,410.0,411.6000061035156,403.04998779296875,405.3999938964844,16820808,0.0,0.0
2024-08-14 00:00:00+01:00,405.0,407.3500061035156,401.54998779296875,403.20001220703125,15661377,0.0,0.0
2024-08-15 00:00:00+01:00,405.3999938964844,412.25,403.6730041503906,408.5,158977455,0.0,0.0
2024-08-16 00:00:00+01:00,410.0,412.54998779296875,401.6000061035156,403.8500061035156,37263764,0.0,0.0
2024-08-19 00:00:00+01:00,404.0,417.1400146484375,403.54998779296875,415.20001220703125,25181956,0.0,0.0
2024-08-20 00:00:00+01:00,415.29998779296875,416.5,410.20001220703125,410.20001220703125,25569268,0.0,0.0
2024-08-21 00:00:00+01:00,414.25,419.18499755859375,383.17999267578125,413.29998779296875,39885981,0.0,0.0
2024-08-22 00:00:00+01:00,410.75,413.1000061035156,404.29998779296875,405.29998779296875,75817593,0.0,0.0
2024-08-23 00:00:00+01:00,406.3999938964844,412.1090087890625,406.3999938964844,411.1000061035156,21280539,0.0,0.0
2024-08-27 00:00:00+01:00,414.0,414.5,409.20001220703125,410.5,13424662,0.0,0.0
2024-08-28 00:00:00+01:00,409.25,410.95001220703125,402.1000061035156,404.54998779296875,14583810,0.0,0.0
2024-08-29 00:00:00+01:00,401.0,405.64801025390625,398.3999938964844,400.1000061035156,19777917,0.0,0.0
2024-08-30 00:00:00+01:00,402.0,406.95001220703125,399.9110107421875,400.79998779296875,19268380,0.0,0.0
2024-09-02 00:00:00+01:00,399.70001220703125,401.75,394.29998779296875,399.70001220703125,46852141,0.0,0.0
2024-09-03 00:00:00+01:00,397.0,399.1000061035156,380.6000061035156,384.75,154545673,0.0,0.0
2024-09-04 00:00:00+01:00,380.0,384.3500061035156,377.95001220703125,380.79998779296875,23713083,0.0,0.0
2024-09-05 00:00:00+01:00,378.29998779296875,383.3500061035156,376.3999938964844,379.3500061035156,69959160,0.0,0.0
2024-09-06 00:00:00+01:00,378.0,379.3500061035156,366.1499938964844,367.1000061035156,26630329,0.0,0.0
2024-09-09 00:00:00+01:00,371.20001220703125,373.8500061035156,369.20001220703125,370.04998779296875,14251477,0.0,0.0
2024-09-10 00:00:00+01:00,369.79998779296875,371.95001220703125,362.54998779296875,363.45001220703125,91650698,0.0,0.0
2024-09-11 00:00:00+01:00,370.0,371.8500061035156,360.70001220703125,362.79998779296875,46227641,0.0,0.0
2024-09-12 00:00:00+01:00,371.6000061035156,378.0,369.3500061035156,372.6499938964844,71363633,0.0,0.0
2024-09-13 00:00:00+01:00,374.45001220703125,379.29998779296875,373.75,377.3500061035156,16820710,0.0,0.0
2024-09-16 00:00:00+01:00,375.8999938964844,380.3999938964844,373.0,377.70001220703125,18580565,0.0,0.0
2024-09-17 00:00:00+01:00,380.0,383.29998779296875,378.1499938964844,379.29998779296875,22967074,0.0,0.0
2024-09-18 00:00:00+01:00,378.54998779296875,381.0669860839844,376.20001220703125,379.8500061035156,31150874,0.0,0.0
2024-09-20 00:00:00+01:00,387.0,388.25,378.67999267578125,378.70001220703125,52355925,0.0,0.0
2024-09-23 00:00:00+01:00,378.70001220703125,385.5,376.45001220703125,384.8500061035156,48612136,0.0,0.0
2024-09-24 00:00:00+01:00,403.3999938964844,405.0,398.29998779296875,399.8500061035156,49708561,0.0,0.0
2024-09-25 00:00:00+01:00,400.45001220703125,405.45001220703125,399.8500061035156,403.3500061035156,29275724,0.0,0.0
2024-09-26 00:00:00+01:00,416.0,426.70001220703125,403.3999938964844,423.04998779296875,50931719,0.0,0.0
2024-09-27 00:00:00+01:00,426.6000061035156,428.6000061035156,420.79998779296875,427.04998779296875,38738138,0.0,0.0
2024-09-30 00:00:00+01:00,429.8500061035156,435.7449951171875,426.697998046875,427.70001220703125,43924647,0.0,0.0
2024-10-01 00:00:00+01:00,427.79998779296875,433.29998779296875,423.8500061035156,429.1000061035156,23272043,0.0,0.0
2024-10-02 00:00:00+01:00,434.20001220703125,437.6000061035156,429.1000061035156,433.3999938964844,19980462,0.0,0.0
2024-10-03 00:00:00+01:00,432.29998779296875,433.3999938964844,427.0,429.29998779296875,18182873,0.0,0.0
2024-10-04 00:00:00+01:00,429.45001220703125,436.04998779296875,428.1499938964844,433.1000061035156,20059942,0.0,0.0
2024-10-07 00:00:00+01:00,433.45001220703125,438.79998779296875,432.6000061035156,437.5,20309255,0.0,0.0
2024-10-08 00:00:00+01:00,421.20001220703125,424.4389953613281,415.1000061035156,417.5,96060393,0.0,0.0
2024-10-09 00:00:00+01:00,421.70001220703125,423.1000061035156,414.54998779296875,420.8999938964844,18355123,0.0,0.0
2024-10-10 00:00:00+01:00,422.5,424.0,415.0,422.0,20849212,0.0,0.0
2024-10-11 00:00:00+01:00,421.8500061035156,426.6000061035156,419.70001220703125,424.25,22385459,0.0,0.0
2024-10-14 00:00:00+01:00,424.0,424.25,413.45001220703125,420.54998779296875,44633502,0.0,0.0
2024-10-15 00:00:00+01:00,416.45001220703125,416.70001220703125,403.04998779296875,403.54998779296875,30531180,0.0,0.0
2024-10-16 00:00:00+01:00,405.0,411.04998779296875,404.3999938964844,406.6499938964844,37995073,0.0,0.0
2024-10-17 00:00:00+01:00,401.29998779296875,409.45001220703125,399.0,403.20001220703125,52417710,0.0,0.0
2024-10-18 00:00:00+01:00,409.04998779296875,416.1000061035156,408.70001220703125,408.70001220703125,30404215,0.0,0.0
2024-10-21 00:00:00+01:00,410.79998779296875,416.29998779296875,406.8999938964844,406.8999938964844,15546001,0.0,0.0
2024-10-22 00:00:00+01:00,408.70001220703125,410.25,403.75,407.8999938964844,12369784,0.0,0.0
2024-10-23 00:00:00+01:00,404.29998779296875,407.0,399.8500061035156,400.29998779296875,16809471,0.0,0.0
2024-10-24 00:00:00+01:00,401.8999938964844,407.2879943847656,399.3999938964844,398.1000061035156,9334062,0.0,0.0
2024-10-25 00:00:00+01:00,398.6000061035156,496.1199951171875,397.0,404.20001220703125,16183684,0.0,0.0
2024-10-28 00:00:00+00:00,405.75,409.25,399.1499938964844,405.04998779296875,35134968,0.0,0.0
2024-10-29 00:00:00+00:00,406.1499938964844,414.04998779296875,401.1000061035156,404.6000061035156,28106682,0.0,0.0
2024-10-30 00:00:00+00:00,415.5,416.20001220703125,407.1000061035156,409.6000061035156,34949037,0.0,0.0
2024-10-31 00:00:00+00:00,407.0,409.8999938964844,402.8500061035156,406.29998779296875,19986209,0.0,0.0
2024-11-01 00:00:00+00:00,406.6499938964844,409.3900146484375,405.25,407.6499938964844,15448945,0.0,0.0
2024-11-04 00:00:00+00:00,409.3999938964844,411.95001220703125,406.8999938964844,406.8999938964844,25732443,0.0,0.0
2024-11-05 00:00:00+00:00,406.8999938964844,409.25,405.04998779296875,407.3999938964844,12123619,0.0,0.0
2024-11-06 00:00:00+00:00,406.3500061035156,415.1000061035156,393.75,401.25,34486516,0.0,0.0
2024-11-07 00:00:00+00:00,409.20001220703125,418.79998779296875,405.8999938964844,415.3999938964844,33607577,0.0,0.0
2024-11-08 00:00:00+00:00,413.29998779296875,414.6499938964844,391.8999938964844,394.79998779296875,40931149,0.0,0.0
2024-11-11 00:00:00+00:00,394.29998779296875,396.45001220703125,386.25,388.5,36975397,0.0,0.0
2024-11-12 00:00:00+00:00,383.6000061035156,385.20001220703125,374.9590148925781,376.45001220703125,31451187,0.0,0.0
2024-11-13 00:00:00+00:00,378.70001220703125,381.54998779296875,373.6000061035156,376.5,45397028,0.0,0.0
2024-11-14 00:00:00+00:00,371.79998779296875,376.5849914550781,368.8500061035156,374.70001220703125,22612669,0.0,0.0
2024-11-15 00:00:00+00:00,372.20001220703125,383.79998779296875,372.20001220703125,379.3500061035156,27884003,0.0,0.0
2024-11-18 00:00:00+00:00,382.5,385.25,378.84698486328125,383.45001220703125,94522968,0.0,0.0
2024-11-19 00:00:00+00:00,387.04998779296875,389.0,378.1499938964844,379.45001220703125,30258148,0.0,0.0
2024-11-20 00:00:00+00:00,380.8999938964844,383.6499938964844,379.5,380.70001220703125,33662030,0.0,0.0
2024-11-21 00:00:00+00:00,380.29998779296875,383.20001220703125,378.1000061035156,381.3999938964844,29116318,0.0,0.0
2024-11-22 00:00:00+00:00,383.0,383.625,376.3500061035156,380.79998779296875,15050926,0.0,0.0
2024-11-25 00:00:00+00:00,384.3500061035156,391.5,382.95001220703125,389.79998779296875,31215805,0.0,0.0
2024-11-26 00:00:00+00:00,383.3500061035156,386.74200439453125,378.3500061035156,378.75,39358848,0.0,0.0
2024-11-27 00:00:00+00:00,379.25,383.6499938964844,374.70001220703125,375.8999938964844,36029315,0.0,0.0
2024-11-28 00:00:00+00:00,376.6000061035156,379.2900085449219,373.6820068359375,373.75,17128841,0.0,0.0
2024-11-29 00:00:00+00:00,376.0,379.95001220703125,373.6499938964844,379.95001220703125,22053975,0.0,0.0
2024-12-02 00:00:00+00:00,376.3500061035156,381.54998779296875,374.6000061035156,377.04998779296875,16096208,0.0,0.0
2024-12-03 00:00:00+00:00,383.79998779296875,387.25,381.70001220703125,382.0,55313864,0.0,0.0
2024-12-04 00:00:00+00:00,380.3500061035156,383.6000061035156,377.1499938964844,378.20001220703125,46416979,0.0,0.0
2024-12-05 00:00:00+00:00,375.8999938964844,381.79998779296875,375.8999938964844,377.29998779296875,16486829,0.0,0.0
2024-12-06 00:00:00+00:00,376.29998779296875,381.6499938964844,375.70001220703125,378.0,33944889,0.0,0.0
2024-12-09 00:00:00+00:00,384.0,397.3999938964844,383.6499938964844,394.8500061035156,90617804,0.0,0.0
2024-12-10 00:00:00+00:00,387.0,389.41900634765625,383.20001220703125,385.8999938964844,30989391,0.0,0.0
2024-12-11 00:00:00+00:00,383.0,387.29998779296875,380.20001220703125,383.25,60879895,0.0,0.0
2024-12-12 00:00:00+00:00,389.0,390.75,376.8999938964844,377.8999938964844,22506200,0.0,0.0
2024-12-13 00:00:00+00:00,376.3500061035156,379.1499938964844,370.25,371.04998779296875,30990003,0.0,0.0
2024-12-16 00:00:00+00:00,373.0,374.6000061035156,366.29998779296875,367.75,23559419,0.0,0.0
2024-12-17 00:00:00+00:00,365.0,365.95001220703125,360.3500061035156,362.70001220703125,114447889,0.0,0.0
2024-12-18 00:00:00+00:00,363.0,455.3399963378906,360.25,362.29998779296875,28522617,0.0,0.0
2024-12-19 00:00:00+00:00,355.8500061035156,358.88299560546875,353.70001220703125,354.1000061035156,25353052,0.0,0.0
2024-12-20 00:00:00+00:00,352.04998779296875,355.3500061035156,348.3500061035156,352.8999938964844,50446476,0.0,0.0
2024-12-23 00:00:00+00:00,352.79998779296875,354.25,349.6000061035156,354.1000061035156,35192481,0.0,0.0
2024-12-24 00:00:00+00:00,356.70001220703125,358.79998779296875,354.8999938964844,355.3500061035156,5883053,0.0,0.0
2024-12-27 00:00:00+00:00,353.5,357.29998779296875,352.20001220703125,354.6000061035156,14333641,0.0,0.0
2024-12-30 00:00:00+00:00,353.3500061035156,353.3500061035156,350.2200012207031,352.29998779296875,17058714,0.0,0.0
2024-12-31 00:00:00+00:00,352.25,356.1499938964844,351.6499938964844,353.3999938964844,7131966,0.0,0.0
2025-01-02 00:00:00+00:00,357.0,363.6000061035156,355.54998779296875,362.6499938964844,33657245,0.0,0.0
2025-01-03 00:00:00+00:00,361.1499938964844,363.70001220703125,357.6000061035156,361.6000061035156,56405452,0.0,0.0
2025-01-06 00:00:00+00:00,361.25,372.0,356.95001220703125,366.70001220703125,32723639,0.0,0.0
2025-01-07 00:00:00+00:00,365.3500061035156,371.6000061035156,360.5,361.20001220703125,50609138,0.0,0.0
2025-01-08 00:00:00+00:00,360.70001220703125,363.95001220703125,355.75,363.95001220703125,24486642,0.0,0.0
2025-01-09 00:00:00+00:00,363.75,372.29998779296875,361.29998779296875,365.70001220703125,35559899,0.0,0.0
2025-01-10 00:00:00+00:00,367.1499938964844,369.20001220703125,358.3500061035156,358.70001220703125,48054554,0.0,0.0
2025-01-13 00:00:00+00:00,357.6499938964844,366.3999938964844,357.29998779296875,363.95001220703125,21549194,0.0,0.0
2025-01-14 00:00:00+00:00,368.1000061035156,374.70001220703125,366.3999938964844,367.6000061035156,31383302,0.0,0.0
2025-01-15 00:00:00+00:00,368.25,372.95001220703125,367.8399963378906,368.75,29340355,0.0,0.0
2025-01-16 00:00:00+00:00,372.25,377.75,369.04998779296875,370.04998779296875,30049053,0.0,0.0
2025-01-17 00:00:00+00:00,381.3999938964844,385.1579895019531,376.0,380.1499938964844,74148986,0.0,0.0
2025-01-20 00:00:00+00:00,379.0,391.70001220703125,378.04998779296875,387.20001220703125,32678636,0.0,0.0
2025-01-21 00:00:00+00:00,384.0,386.20001220703125,379.45001220703125,380.6000061035156,21085244,0.0,0.0
2025-01-22 00:00:00+00:00,377.6499938964844,381.3999938964844,374.95001220703125,377.20001220703125,16259679,0.0,0.0
2025-01-23 00:00:00+00:00,373.6000061035156,376.5,370.6000061035156,373.5,57581709,0.0,0.0
2025-01-24 00:00:00+00:00,377.5,385.95001220703125,374.8999938964844,375.3999938964844,27736742,0.0,0.0
2025-01-27 00:00:00+00:00,366.8500061035156,368.5,360.75,361.5,33814613,0.0,0.0
2025-01-28 00:00:00+00:00,362.0,362.8999938964844,354.8999938964844,354.95001220703125,22784767,0.0,0.0
2025-01-29 00:00:00+00:00,353.79998779296875,354.87701416015625,345.5,345.5,47750492,0.0,0.0
2025-01-30 00:00:00+00:00,347.0,356.20001220703125,339.8500061035156,352.95001220703125,36448478,0.0,0.0
2025-01-31 00:00:00+00:00,354.75,357.0690002441406,349.20001220703125,350.5,39381109,0.0,0.0
2025-02-03 00:00:00+00:00,339.25,343.45001220703125,337.75,342.1000061035156,29667810,0.0,0.0
2025-02-04 00:00:00+00:00,349.54998779296875,350.5,342.8500061035156,348.6000061035156,97154024,0.0,0.0
2025-02-05 00:00:00+00:00,348.0,351.45001220703125,345.8500061035156,348.20001220703125,28682823,0.0,0.0
2025-02-06 00:00:00+00:00,352.5,361.4129943847656,352.4859924316406,354.45001220703125,27894199,0.0,0.0
2025-02-07 00:00:00+00:00,354.75,362.29998779296875,353.70001220703125,358.6000061035156,63476572,0.0,0.0
2025-02-10 00:00:00+00:00,357.3500061035156,361.04998779296875,356.8500061035156,359.45001220703125,39317012,0.0,0.0
2025-02-11 00:00:00+00:00,355.3999938964844,356.04998779296875,347.3500061035156,349.6499938964844,32975655,0.0,0.0
2025-02-12 00:00:00+00:00,350.8500061035156,352.3999938964844,340.3500061035156,341.0,53484062,0.0,0.0
2025-02-13 00:00:00+00:00,346.6000061035156,348.25,343.8500061035156,345.45001220703125,55069936,0.0,0.0
2025-02-14 00:00:00+00:00,349.5,362.1000061035156,347.8999938964844,353.20001220703125,59698913,0.0,0.0
2025-02-17 00:00:00+00:00,354.70001220703125,355.6000061035156,349.3999938964844,350.3999938964844,16489116,0.0,0.0
2025-02-18 00:00:00+00:00,355.6000061035156,357.3500061035156,352.5,353.54998779296875,25392127,0.0,0.0
2025-02-19 00:00:00+00:00,342.0,344.8500061035156,325.0,327.79998779296875,119757499,0.0,0.0
2025-02-20 00:00:00+00:00,329.3999938964844,337.3500061035156,324.1000061035156,325.54998779296875,57053585,0.0,0.0
2025-02-21 00:00:00+00:00,324.0,329.25,320.5,323.8500061035156,94752836,0.0,0.0
2025-02-24 00:00:00+00:00,320.5,326.6499938964844,316.3999938964844,317.95001220703125,40908475,0.0,0.0
2025-02-25 00:00:00+00:00,313.0,324.95001220703125,311.29998779296875,315.6000061035156,34691855,0.0,0.0
2025-02-26 00:00:00+00:00,320.0,325.8999938964844,318.95001220703125,321.8999938964844,49697803,0.0,0.0
2025-02-27 00:00:00+00:00,319.25,324.0,316.3500061035156,316.8500061035156,30097459,0.0,0.0
2025-02-28 00:00:00+00:00,311.6000061035156,321.3900146484375,309.1499938964844,319.1499938964844,43879233,0.0,0.0
2025-03-03 00:00:00+00:00,318.29998779296875,328.95001220703125,317.04998779296875,323.45001220703125,63021866,0.0,0.0
2025-03-04 00:00:00+00:00,316.5,318.177001953125,310.54998779296875,312.8500061035156,35182127,0.0,0.0
2025-03-05 00:00:00+00:00,319.1000061035156,327.75,318.8500061035156,320.8999938964844,35486043,0.0,0.0
2025-03-06 00:00:00+00:00,323.6000061035156,333.0,323.6000061035156,327.5,38100047,0.0,0.0
2025-03-07 00:00:00+00:00,325.1499938964844,326.5,315.6000061035156,319.1499938964844,33075409,0.0,0.0
2025-03-10 00:00:00+00:00,319.8999938964844,321.70001220703125,313.6820068359375,315.29998779296875,90913508,0.0,0.0
2025-03-11 00:00:00+00:00,316.04998779296875,320.8999938964844,312.29998779296875,313.6499938964844,46110242,0.0,0.0
2025-03-12 00:00:00+00:00,317.45001220703125,319.3999938964844,309.8500061035156,312.5,29954384,0.0,0.0
2025-03-13 00:00:00+00:00,310.25,316.20001220703125,309.20001220703125,312.54998779296875,31827172,0.0,0.0
2025-03-14 00:00:00+00:00,314.8500061035156,323.3760070800781,314.1499938964844,320.75,31379897,0.0,0.0
2025-03-17 00:00:00+00:00,323.20001220703125,325.85400390625,318.8500061035156,318.8500061035156,30196185,0.0,0.0
2025-03-18 00:00:00+00:00,322.79998779296875,325.20001220703125,318.0,319.1000061035156,32243601,0.0,0.0
2025-03-19 00:00:00+00:00,317.20001220703125,318.54998779296875,313.04998779296875,315.04998779296875,39351234,0.0,0.0
2025-03-20 00:00:00+00:00,315.3999938964844,320.1499938964844,309.79998779296875,310.0,43449177,0.0,0.0
2025-03-21 00:00:00+00:00,307.25,307.8999938964844,298.3500061035156,299.20001220703125,84522472,0.0,0.0
2025-03-24 00:00:00+00:00,306.0,309.79998779296875,302.8999938964844,302.8999938964844,39990295,0.0,0.0
2025-03-25 00:00:00+00:00,303.0,307.70001220703125,302.3500061035156,304.5,51681226,0.0,0.0
2025-03-26 00:00:00+00:00,307.75,309.25,302.95001220703125,304.0,36576784,0.0,0.0
2025-03-27 00:00:00+00:00,301.0,303.1499938964844,296.9679870605469,297.6499938964844,38235758,0.0,0.0
2025-03-28 00:00:00+00:00,295.1000061035156,300.20001220703125,292.54998779296875,292.54998779296875,42681804,0.0,0.0
2025-03-31 00:00:00+01:00,286.8500061035156,288.1499938964844,279.29901123046875,280.29998779296875,52770112,0.0,0.0
2025-04-01 00:00:00+01:00,284.54998779296875,287.29998779296875,282.25,284.1499938964844,36559632,0.0,0.0
2025-04-02 00:00:00+01:00,280.0,285.33599853515625,280.0,282.95001220703125,28221270,0.0,0.0
2025-04-03 00:00:00+01:00,275.0,279.70001220703125,260.79998779296875,260.79998779296875,66089533,0.0,0.0
2025-04-04 00:00:00+01:00,256.0,256.3500061035156,230.5500030517578,236.89999389648438,98272422,0.0,0.0
2025-04-07 00:00:00+01:00,213.25,242.0,205.0,230.0500030517578,111896551,0.0,0.0
2025-04-08 00:00:00+01:00,236.10000610351562,244.9499969482422,232.81900024414062,238.60000610351562,120478163,0.0,0.0
2025-04-09 00:00:00+01:00,228.64999389648438,240.1999969482422,227.25,238.1999969482422,71963022,0.0,0.0
2025-04-10 00:00:00+01:00,270.0,270.54998779296875,245.0,245.0,65915142,0.0,0.0
2025-04-11 00:00:00+01:00,248.6999969482422,256.0199890136719,245.64999389648438,253.64999389648438,52689673,0.0,0.0
2025-04-14 00:00:00+01:00,261.1499938964844,263.8999938964844,259.0,260.04998779296875,41219234,0.0,0.0
2025-04-15 00:00:00+01:00,260.8500061035156,264.1000061035156,255.0,255.9499969482422,88782321,0.0,0.0
2025-04-16 00:00:00+01:00,253.75,258.25,250.5,257.1499938964844,50697681,0.0,0.0
2025-04-17 00:00:00+01:00,257.8999938964844,259.95001220703125,253.60000610351562,255.75,39716709,0.0,0.0
2025-04-22 00:00:00+01:00,257.6000061035156,258.0,253.14999389648438,256.29998779296875,88059669,0.0,0.0
2025-04-23 00:00:00+01:00,262.79998779296875,274.29998779296875,262.6000061035156,266.45001220703125,75968697,0.0,0.0
2025-04-24 00:00:00+01:00,266.25,268.54998779296875,261.8500061035156,267.75,158776358,0.0,0.0
2025-04-25 00:00:00+01:00,268.0,270.55999755859375,265.3999938964844,268.45001220703125,33589103,0.0,0.0
2025-04-28 00:00:00+01:00,268.95001220703125,271.25,265.1499938964844,265.5,46560698,0.0,0.0
2025-04-29 00:00:00+01:00,267.0,271.29400634765625,263.6000061035156,263.8999938964844,33414499,0.0,0.0
2025-04-30 00:00:00+01:00,255.0,259.0799865722656,237.8820037841797,244.39999389648438,114671645,0.0,0.0
2025-05-01 00:00:00+01:00,245.10000610351562,247.26600646972656,241.75,244.5,54288865,0.0,0.0
2025-05-02 00:00:00+01:00,253.9499969482422,253.9499969482422,246.4499969482422,246.89999389648438,45783656,0.0,0.0
2025-05-06 00:00:00+01:00,248.75,250.10000610351562,243.91200256347656,247.75,76257652,0.0,0.0
2025-05-07 00:00:00+01:00,247.0,255.85000610351562,245.7570037841797,252.0,142655379,0.0,0.0
2025-05-08 00:00:00+01:00,250.64999389648438,256.64898681640625,248.6999969482422,252.8000030517578,32014639,0.0,0.0
2025-05-09 00:00:00+01:00,254.35000610351562,258.0,252.3000030517578,252.3000030517578,30075041,0.0,0.0
2025-05-12 00:00:00+01:00,269.29998779296875,273.1400146484375,263.75,267.6499938964844,48906107,0.0,0.0
2025-05-13 00:00:00+01:00,268.8999938964844,272.8900146484375,266.20001220703125,269.75,28968494,0.0,0.0
2025-05-14 00:00:00+01:00,271.04998779296875,275.6669921875,268.79998779296875,273.75,33588813,0.0,0.0
2025-05-15 00:00:00+01:00,271.04998779296875,272.239990234375,266.5,270.6000061035156,67061063,0.0,0.0
2025-05-16 00:00:00+01:00,269.3500061035156,271.29998779296875,266.0,266.0,99276323,0.0,0.0
2025-05-19 00:00:00+01:00,263.95001220703125,266.6499938964844,262.0,263.70001220703125,32951541,0.0,0.0
2025-05-20 00:00:00+01:00,262.70001220703125,271.29998779296875,262.70001220703125,270.95001220703125,32745719,0.0,0.0
2025-05-21 00:00:00+01:00,271.20001220703125,271.3999938964844,265.54998779296875,267.1499938964844,26296063,0.0,0.0
2025-05-22 00:00:00+01:00,264.79998779296875,269.9859924316406,264.6000061035156,266.8999938964844,27044375,0.0,0.0
2025-05-23 00:00:00+01:00,266.3999938964844,271.9639892578125,261.70001220703125,269.1499938964844,31450279,0.0,0.0
2025-05-27 00:00:00+01:00,270.3500061035156,275.20001220703125,270.25,274.3999938964844,27707022,0.0,0.0
2025-05-28 00:00:00+01:00,272.79998779296875,275.8500061035156,271.3999938964844,272.04998779296875,45043796,0.0,0.0
2025-05-29 00:00:00+01:00,275.95001220703125,284.6000061035156,273.84600830078125,277.8999938964844,66993452,0.0,0.0
2025-05-30 00:00:00+01:00,276.29998779296875,286.04998779296875,276.20001220703125,283.3999938964844,105186841,0.0,0.0
2025-06-02 00:00:00+01:00,281.04998779296875,287.6000061035156,280.75,284.79998779296875,26080572,0.0,0.0
2025-06-03 00:00:00+01:00,280.45001220703125,283.54998779296875,276.5,282.70001220703125,29640143,0.0,0.0
2025-06-04 00:00:00+01:00,286.3999938964844,291.25,284.46600341796875,288.5,52814538,0.0,0.0
2025-06-05 00:00:00+01:00,289.6000061035156,295.75,286.20001220703125,292.8500061035156,35090162,0.0,0.0
2025-06-06 00:00:00+01:00,291.0,293.8500061035156,286.6940002441406,288.1000061035156,24188902,0.0,0.0
2025-06-09 00:00:00+01:00,288.0,292.75,287.8999938964844,291.1000061035156,37723026,0.0,0.0
2025-06-10 00:00:00+01:00,291.3500061035156,292.0,288.9460144042969,290.0,26669976,0.0,0.0
2025-06-11 00:00:00+01:00,293.6499938964844,297.61700439453125,289.0,289.0,63479253,0.0,0.0
2025-06-12 00:00:00+01:00,286.6000061035156,288.9939880371094,283.95001220703125,287.6499938964844,32940863,0.0,0.0
2025-06-13 00:00:00+01:00,283.45001220703125,291.70001220703125,282.25,291.70001220703125,36313947,0.0,0.0
2025-06-16 00:00:00+01:00,294.1499938964844,297.75,289.54998779296875,291.6499938964844,27424256,0.0,0.0
2025-06-17 00:00:00+01:00,288.0,291.1000061035156,285.5249938964844,286.54998779296875,37077328,0.0,0.0
2025-06-18 00:00:00+01:00,287.04998779296875,289.30999755859375,284.3999938964844,289.25,28302295,0.0,0.0
2025-06-19 00:00:00+01:00,285.75,287.20001220703125,281.9939880371094,283.6000061035156,17087317,0.0,0.0
2025-06-20 00:00:00+01:00,284.79998779296875,289.3500061035156,283.9729919433594,286.3500061035156,156612093,0.0,0.0
2025-06-23 00:00:00+01:00,285.6499938964844,287.29998779296875,283.75,285.45001220703125,20215476,0.0,0.0
2025-06-24 00:00:00+01:00,291.45001220703125,292.75,275.1000061035156,275.1000061035156,84071718,0.0,0.0
2025-06-25 00:00:00+01:00,276.6000061035156,282.20001220703125,273.29998779296875,273.29998779296875,43431411,0.0,0.0
2025-06-26 00:00:00+01:00,274.6499938964844,290.4159851074219,274.6499938964844,288.20001220703125,54212156,0.0,0.0
2025-06-27 00:00:00+01:00,291.79998779296875,291.95001220703125,281.54998779296875,286.70001220703125,28342738,0.0,0.0
2025-06-30 00:00:00+01:00,287.79998779296875,291.01800537109375,283.20001220703125,283.6000061035156,40570370,0.0,0.0
2025-07-01 00:00:00+01:00,284.79998779296875,291.25,284.3999938964844,291.25,60547992,0.0,0.0
2025-07-02 00:00:00+01:00,294.8999938964844,308.3999938964844,293.54998779296875,306.0,107944026,0.0,0.0
2025-07-03 00:00:00+01:00,308.8500061035156,310.9989929199219,305.6499938964844,306.20001220703125,39368339,0.0,0.0
2025-07-04 00:00:00+01:00,302.54998779296875,304.1310119628906,300.1000061035156,302.8500061035156,18327124,0.0,0.0
