Date,Open,High,Low,Close,Volume,Dividends,Stock Splits
2020-07-06 00:00:00+01:00,152.0,154.0,148.19000244140625,152.0,421304,0.0,0.0
2020-07-07 00:00:00+01:00,158.60000610351562,158.60000610351562,145.60000610351562,148.8000030517578,298737,0.0,0.0
2020-07-08 00:00:00+01:00,149.0,150.9929962158203,145.1999969482422,147.39999389648438,366416,0.0,0.0
2020-07-09 00:00:00+01:00,148.39999389648438,150.39999389648438,145.39999389648438,149.8000030517578,539891,0.0,0.0
2020-07-10 00:00:00+01:00,148.1999969482422,151.60000610351562,148.0,150.0,755549,0.0,0.0
2020-07-13 00:00:00+01:00,152.1999969482422,154.60000610351562,149.39999389648438,150.1999969482422,325208,0.0,0.0
2020-07-14 00:00:00+01:00,149.60000610351562,152.1999969482422,149.39999389648438,150.0,452650,0.0,0.0
2020-07-15 00:00:00+01:00,152.39999389648438,152.39999389648438,146.8000030517578,148.0,414243,0.0,0.0
2020-07-16 00:00:00+01:00,150.0,150.8000030517578,141.60000610351562,149.0,821182,0.0,0.0
2020-07-17 00:00:00+01:00,151.60000610351562,153.0,147.1999969482422,150.0,735287,0.0,0.0
2020-07-20 00:00:00+01:00,149.0,150.39999389648438,145.1999969482422,147.39999389648438,497025,0.0,0.0
2020-07-21 00:00:00+01:00,151.8000030517578,151.8000030517578,145.1999969482422,146.39999389648438,198330,0.0,0.0
2020-07-22 00:00:00+01:00,149.0,149.0,144.1999969482422,144.1999969482422,284070,0.0,0.0
2020-07-23 00:00:00+01:00,141.8000030517578,147.8000030517578,140.0,146.8000030517578,3212669,0.0,0.0
2020-07-24 00:00:00+01:00,144.0,156.1999969482422,144.0,152.0,497770,0.0,0.0
2020-07-27 00:00:00+01:00,150.1999969482422,163.39999389648438,150.1999969482422,160.0,754415,0.0,0.0
2020-07-28 00:00:00+01:00,165.60000610351562,165.60000610351562,158.1999969482422,160.0,604315,0.0,0.0
2020-07-29 00:00:00+01:00,156.8000030517578,165.0,156.8000030517578,160.0,191020,0.0,0.0
2020-07-30 00:00:00+01:00,160.60000610351562,164.60000610351562,157.0,160.0,445583,0.0,0.0
2020-07-31 00:00:00+01:00,155.0,161.1999969482422,155.0,156.0,267622,0.0,0.0
2020-08-03 00:00:00+01:00,157.0,160.0,151.0240020751953,157.8000030517578,737004,0.0,0.0
2020-08-04 00:00:00+01:00,160.0,163.39999389648438,158.0,159.1999969482422,297975,0.0,0.0
2020-08-05 00:00:00+01:00,165.0,165.0,158.8000030517578,162.0,403204,0.0,0.0
2020-08-06 00:00:00+01:00,158.8000030517578,164.16200256347656,158.0,160.1999969482422,189917,0.0,0.0
2020-08-07 00:00:00+01:00,159.60000610351562,168.60000610351562,159.60000610351562,165.0,319751,0.0,0.0
2020-08-10 00:00:00+01:00,164.1999969482422,174.39999389648438,164.1999969482422,170.0,201249,0.0,0.0
2020-08-11 00:00:00+01:00,168.39999389648438,171.60000610351562,166.0,167.0,227017,0.0,0.0
2020-08-12 00:00:00+01:00,169.8000030517578,177.8000030517578,163.46200561523438,177.8000030517578,729798,0.0,0.0
2020-08-13 00:00:00+01:00,179.0,183.1999969482422,160.0,162.1999969482422,708375,0.0,0.0
2020-08-14 00:00:00+01:00,171.8000030517578,171.8000030517578,150.10499572753906,158.0,8476073,0.0,0.0
2020-08-17 00:00:00+01:00,165.60000610351562,165.60000610351562,154.1999969482422,155.1999969482422,383011,0.0,0.0
2020-08-18 00:00:00+01:00,155.1999969482422,158.39999389648438,150.0,156.0,337647,0.0,0.0
2020-08-19 00:00:00+01:00,155.0,159.8000030517578,155.0,157.0,452958,0.0,0.0
2020-08-20 00:00:00+01:00,162.39999389648438,162.39999389648438,153.0,153.0,695463,0.0,0.0
2020-08-21 00:00:00+01:00,151.39999389648438,154.60000610351562,150.0,152.60000610351562,470054,0.0,0.0
2020-08-24 00:00:00+01:00,154.39999389648438,155.0,150.0260009765625,154.60000610351562,219179,0.0,0.0
2020-08-25 00:00:00+01:00,155.0,159.8000030517578,150.0,150.0,1252467,0.0,0.0
2020-08-26 00:00:00+01:00,150.0,156.8000030517578,150.0,153.60000610351562,457619,0.0,0.0
2020-08-27 00:00:00+01:00,156.0,156.1999969482422,150.0,152.0,181250,0.0,0.0
2020-08-28 00:00:00+01:00,156.0,156.0,150.1999969482422,153.0,307315,0.0,0.0
2020-09-01 00:00:00+01:00,160.1999969482422,160.60000610351562,154.1999969482422,159.0,1099605,0.0,0.0
2020-09-02 00:00:00+01:00,160.0,164.0,155.0,159.0,522959,0.0,0.0
2020-09-03 00:00:00+01:00,160.0,165.0,158.1999969482422,158.60000610351562,721700,0.0,0.0
2020-09-04 00:00:00+01:00,166.60000610351562,166.60000610351562,150.39999389648438,150.8000030517578,300617,0.0,0.0
2020-09-07 00:00:00+01:00,152.1999969482422,160.0,150.0,158.0,499693,0.0,0.0
2020-09-08 00:00:00+01:00,156.0,157.0,152.39999389648438,155.60000610351562,2221398,0.0,0.0
2020-09-09 00:00:00+01:00,150.1999969482422,159.60000610351562,150.1999969482422,156.0,537948,0.0,0.0
2020-09-10 00:00:00+01:00,159.0,162.39999389648438,153.8000030517578,160.60000610351562,1040957,0.0,0.0
2020-09-11 00:00:00+01:00,159.0,166.60000610351562,158.39999389648438,162.39999389648438,1287624,0.0,0.0
2020-09-14 00:00:00+01:00,154.39999389648438,164.60000610351562,154.1999969482422,162.8000030517578,1651185,0.0,0.0
2020-09-15 00:00:00+01:00,155.0,170.0,155.0,167.39999389648438,1053094,0.0,0.0
2020-09-16 00:00:00+01:00,162.60000610351562,169.0,161.39999389648438,162.39999389648438,443404,0.0,0.0
2020-09-17 00:00:00+01:00,161.1999969482422,164.1999969482422,157.0,161.1999969482422,210376,0.0,0.0
2020-09-18 00:00:00+01:00,168.8000030517578,170.0,160.1999969482422,167.60000610351562,3312498,0.0,0.0
2020-09-21 00:00:00+01:00,165.0,165.0,159.1999969482422,159.8000030517578,286368,0.0,0.0
2020-09-22 00:00:00+01:00,159.1999969482422,161.1999969482422,154.1999969482422,158.60000610351562,351619,0.0,0.0
2020-09-23 00:00:00+01:00,166.8000030517578,168.1999969482422,156.0,157.1999969482422,314127,0.0,0.0
2020-09-24 00:00:00+01:00,159.0,162.0,155.1999969482422,159.0,740935,0.0,0.0
2020-09-25 00:00:00+01:00,167.1999969482422,167.1999969482422,155.1999969482422,159.0,309142,0.0,0.0
2020-09-28 00:00:00+01:00,161.60000610351562,165.60000610351562,157.60000610351562,159.1999969482422,144496,0.0,0.0
2020-09-29 00:00:00+01:00,158.39999389648438,159.39999389648438,153.0,153.0,280500,0.0,0.0
2020-09-30 00:00:00+01:00,153.0,157.8000030517578,151.39999389648438,156.60000610351562,366792,0.0,0.0
2020-10-01 00:00:00+01:00,159.8000030517578,159.8000030517578,150.60000610351562,152.39999389648438,195237,0.0,0.0
2020-10-02 00:00:00+01:00,152.39999389648438,155.37600708007812,149.07200622558594,151.39999389648438,340480,0.0,0.0
2020-10-05 00:00:00+01:00,155.8000030517578,156.1999969482422,149.60000610351562,149.60000610351562,138275,0.0,0.0
2020-10-06 00:00:00+01:00,157.0,157.0,147.39999389648438,155.8000030517578,436229,0.0,0.0
2020-10-07 00:00:00+01:00,159.0,159.0,148.1999969482422,148.8000030517578,451786,0.0,0.0
2020-10-08 00:00:00+01:00,157.1999969482422,157.1999969482422,147.39999389648438,153.8000030517578,326933,0.0,0.0
2020-10-09 00:00:00+01:00,154.8000030517578,157.8000030517578,151.60000610351562,155.8000030517578,2228422,0.0,0.0
2020-10-12 00:00:00+01:00,151.8000030517578,159.8000030517578,151.8000030517578,158.1999969482422,301532,0.0,0.0
2020-10-13 00:00:00+01:00,151.39999389648438,159.0,151.39999389648438,152.0,251797,0.0,0.0
2020-10-14 00:00:00+01:00,155.0,158.58999633789062,153.0,156.39999389648438,239521,0.0,0.0
2020-10-15 00:00:00+01:00,155.0,158.39999389648438,152.0,155.60000610351562,300611,0.0,0.0
2020-10-16 00:00:00+01:00,159.8000030517578,161.1999969482422,154.0,160.60000610351562,1109104,0.0,0.0
2020-10-19 00:00:00+01:00,159.39999389648438,161.1999969482422,159.0,161.1999969482422,1500720,0.0,0.0
2020-10-20 00:00:00+01:00,162.60000610351562,164.60000610351562,160.1999969482422,160.1999969482422,187414,0.0,0.0
2020-10-21 00:00:00+01:00,162.0,163.0,157.60000610351562,159.0,125073,0.0,0.0
2020-10-22 00:00:00+01:00,160.0,163.8000030517578,158.60000610351562,162.8000030517578,227958,0.0,0.0
2020-10-23 00:00:00+01:00,165.0,167.0,161.1999969482422,165.0,287334,0.0,0.0
2020-10-26 00:00:00+00:00,162.8000030517578,169.1999969482422,158.03700256347656,165.1999969482422,802899,0.0,0.0
2020-10-27 00:00:00+00:00,157.1999969482422,171.1999969482422,157.1999969482422,167.8000030517578,462647,0.0,0.0
2020-10-28 00:00:00+00:00,164.8000030517578,167.60000610351562,159.8000030517578,164.0,449163,0.0,0.0
2020-10-29 00:00:00+00:00,168.8000030517578,171.8000030517578,157.60000610351562,160.1999969482422,1271146,0.0,0.0
2020-10-30 00:00:00+00:00,160.0,164.0,155.60000610351562,161.1999969482422,500150,0.0,0.0
2020-11-02 00:00:00+00:00,169.1999969482422,169.1999969482422,158.8000030517578,164.39999389648438,369402,0.0,0.0
2020-11-03 00:00:00+00:00,168.60000610351562,169.1999969482422,159.1999969482422,168.8000030517578,1136652,0.0,0.0
2020-11-04 00:00:00+00:00,168.0,171.60000610351562,166.1999969482422,170.0,787879,0.0,0.0
2020-11-05 00:00:00+00:00,173.8000030517578,175.0,169.0,169.0,417295,0.0,0.0
2020-11-06 00:00:00+00:00,175.60000610351562,175.60000610351562,167.1999969482422,173.0,1450453,0.0,0.0
2020-11-09 00:00:00+00:00,173.60000610351562,177.1999969482422,166.60000610351562,176.0,514365,0.0,0.0
2020-11-10 00:00:00+00:00,177.60000610351562,177.60000610351562,165.0,167.0,396016,0.0,0.0
2020-11-11 00:00:00+00:00,175.0,176.60000610351562,163.5229949951172,175.0,863725,0.0,0.0
2020-11-12 00:00:00+00:00,178.39999389648438,184.39999389648438,173.60000610351562,180.8000030517578,1761517,0.0,0.0
2020-11-13 00:00:00+00:00,175.1999969482422,185.39999389648438,175.1999969482422,181.60000610351562,471310,0.0,0.0
2020-11-16 00:00:00+00:00,187.0,188.0,176.39999389648438,177.0,563364,0.0,0.0
2020-11-17 00:00:00+00:00,178.0,178.60000610351562,168.1999969482422,176.1999969482422,687681,0.0,0.0
2020-11-18 00:00:00+00:00,177.0,177.0,174.0,177.0,372157,0.0,0.0
2020-11-19 00:00:00+00:00,175.60000610351562,176.39500427246094,173.60000610351562,175.39999389648438,636686,0.0,0.0
2020-11-20 00:00:00+00:00,155.0,160.0,151.39999389648438,156.0,7132275,0.0,0.0
2020-11-23 00:00:00+00:00,162.0,162.0,155.8000030517578,155.8000030517578,1012512,0.0,0.0
2020-11-24 00:00:00+00:00,158.0,158.0,152.39999389648438,155.0,5940960,0.0,0.0
2020-11-25 00:00:00+00:00,157.39999389648438,157.39999389648438,150.1999969482422,150.39999389648438,1044503,0.0,0.0
2020-11-26 00:00:00+00:00,155.0,155.0,146.60000610351562,147.0,768197,0.0,0.0
2020-11-27 00:00:00+00:00,150.0,150.1999969482422,146.0,150.1999969482422,1275437,0.0,0.0
2020-11-30 00:00:00+00:00,153.39999389648438,153.39999389648438,146.60000610351562,146.60000610351562,1012195,0.0,0.0
2020-12-01 00:00:00+00:00,149.60000610351562,149.60000610351562,140.8000030517578,141.1999969482422,1699015,0.0,0.0
2020-12-02 00:00:00+00:00,142.60000610351562,146.39999389648438,140.0,145.39999389648438,1621806,0.0,0.0
2020-12-03 00:00:00+00:00,148.8000030517578,151.8000030517578,144.44200134277344,151.8000030517578,1015597,0.0,0.0
2020-12-04 00:00:00+00:00,152.0,152.0,149.60000610351562,151.39999389648438,5346796,0.0,0.0
2020-12-07 00:00:00+00:00,154.8000030517578,155.39999389648438,144.1999969482422,144.8000030517578,2501045,0.0,0.0
2020-12-08 00:00:00+00:00,145.1999969482422,147.2570037841797,143.0,143.8000030517578,767908,0.0,0.0
2020-12-09 00:00:00+00:00,150.39999389648438,150.8000030517578,141.39999389648438,142.0,690491,0.0,0.0
2020-12-10 00:00:00+00:00,143.8000030517578,146.0,141.60000610351562,142.39999389648438,584759,0.0,0.0
2020-12-11 00:00:00+00:00,142.0,144.78199768066406,137.8000030517578,139.0,2194451,0.0,0.0
2020-12-14 00:00:00+00:00,145.1999969482422,145.1999969482422,136.39999389648438,137.1999969482422,1180983,0.0,0.0
2020-12-15 00:00:00+00:00,141.0,144.1999969482422,137.39999389648438,143.60000610351562,2397757,0.0,0.0
2020-12-16 00:00:00+00:00,143.60000610351562,146.0,140.1999969482422,141.39999389648438,1851768,0.0,0.0
2020-12-17 00:00:00+00:00,145.0,145.0,140.1999969482422,142.8000030517578,3003693,0.0,0.0
2020-12-18 00:00:00+00:00,145.8000030517578,149.0,142.0,149.0,5462809,0.0,0.0
2020-12-21 00:00:00+00:00,147.8000030517578,149.0,141.8000030517578,144.60000610351562,811212,0.0,0.0
2020-12-22 00:00:00+00:00,145.0,145.39999389648438,142.0,144.8000030517578,739481,0.0,0.0
2020-12-23 00:00:00+00:00,144.8000030517578,148.39999389648438,143.39999389648438,147.8000030517578,750871,0.0,0.0
2020-12-24 00:00:00+00:00,149.1999969482422,154.1999969482422,149.0,151.0,286259,0.0,0.0
2020-12-29 00:00:00+00:00,153.0,155.39999389648438,151.0,151.0,2159034,0.0,0.0
2020-12-30 00:00:00+00:00,154.0,154.0,147.1999969482422,150.0,753579,0.0,0.0
2020-12-31 00:00:00+00:00,155.0,155.0,150.8000030517578,153.0,451474,0.0,0.0
2021-01-04 00:00:00+00:00,155.1999969482422,159.1999969482422,154.39999389648438,156.39999389648438,710842,0.0,0.0
2021-01-05 00:00:00+00:00,155.39999389648438,158.60000610351562,152.49000549316406,158.39999389648438,1413311,0.0,0.0
2021-01-06 00:00:00+00:00,159.0,159.0,154.8000030517578,154.8000030517578,1474071,0.0,0.0
2021-01-07 00:00:00+00:00,157.1999969482422,157.1999969482422,150.1999969482422,150.39999389648438,573754,0.0,0.0
2021-01-08 00:00:00+00:00,156.8000030517578,156.8000030517578,150.60000610351562,152.39999389648438,1816702,0.0,0.0
2021-01-11 00:00:00+00:00,154.8000030517578,155.60000610351562,153.0,154.8000030517578,2551986,0.0,0.0
2021-01-12 00:00:00+00:00,155.0,156.8000030517578,153.39999389648438,154.60000610351562,1027634,0.0,0.0
2021-01-13 00:00:00+00:00,154.8000030517578,158.0,152.60000610351562,155.1999969482422,696337,0.0,0.0
2021-01-14 00:00:00+00:00,155.1999969482422,158.0,152.1999969482422,153.1999969482422,753246,0.0,0.0
2021-01-15 00:00:00+00:00,157.0,157.0,147.1999969482422,147.1999969482422,756993,0.0,0.0
2021-01-18 00:00:00+00:00,146.8000030517578,154.07000732421875,144.8000030517578,145.0,545486,0.0,0.0
2021-01-19 00:00:00+00:00,152.0,153.0,144.1999969482422,146.0,588279,0.0,0.0
2021-01-20 00:00:00+00:00,146.0,151.8000030517578,144.8000030517578,150.39999389648438,925184,0.0,0.0
2021-01-21 00:00:00+00:00,151.1999969482422,154.0,150.0,152.1999969482422,1027753,0.0,0.0
2021-01-22 00:00:00+00:00,150.1999969482422,154.0,150.0,153.39999389648438,1420372,0.0,0.0
2021-01-25 00:00:00+00:00,156.0,157.39999389648438,153.39999389648438,156.60000610351562,992953,0.0,0.0
2021-01-26 00:00:00+00:00,155.0,160.8000030517578,154.0,156.8000030517578,764849,0.0,0.0
2021-01-27 00:00:00+00:00,156.39999389648438,159.8000030517578,151.60000610351562,155.39999389648438,411597,0.0,0.0
2021-01-28 00:00:00+00:00,150.0,158.1999969482422,150.0,156.39999389648438,611835,0.0,0.0
2021-01-29 00:00:00+00:00,152.1999969482422,160.0,152.1999969482422,159.60000610351562,726501,0.0,0.0
2021-02-01 00:00:00+00:00,159.60000610351562,163.8000030517578,157.1999969482422,163.8000030517578,1706113,0.0,0.0
2021-02-02 00:00:00+00:00,167.0,171.60000610351562,164.1999969482422,171.60000610351562,1631701,0.0,0.0
2021-02-03 00:00:00+00:00,172.8000030517578,173.8000030517578,169.8000030517578,173.8000030517578,1076908,0.0,0.0
2021-02-04 00:00:00+00:00,175.0,175.0,168.39999389648438,169.39999389648438,1414666,0.0,0.0
2021-02-05 00:00:00+00:00,168.0,172.0,168.0,172.0,931074,0.0,0.0
2021-02-08 00:00:00+00:00,175.0,175.0,169.39999389648438,171.1999969482422,363431,0.0,0.0
2021-02-09 00:00:00+00:00,162.60000610351562,172.8000030517578,162.60000610351562,170.39999389648438,733218,0.0,0.0
2021-02-10 00:00:00+00:00,175.0,175.0,164.8000030517578,169.39999389648438,509484,0.0,0.0
2021-02-11 00:00:00+00:00,169.39999389648438,172.39999389648438,166.0,172.0,331299,0.0,0.0
2021-02-12 00:00:00+00:00,170.0,171.3800048828125,168.60000610351562,170.0,513989,0.0,0.0
2021-02-15 00:00:00+00:00,174.39999389648438,175.0,169.8000030517578,171.0,364795,0.0,0.0
2021-02-16 00:00:00+00:00,172.39999389648438,174.60000610351562,170.0,172.1999969482422,370953,0.0,0.0
2021-02-17 00:00:00+00:00,165.1999969482422,171.60000610351562,165.1999969482422,168.0,403266,0.0,0.0
2021-02-18 00:00:00+00:00,175.0,175.0,169.60000610351562,170.0,313591,0.0,0.0
2021-02-19 00:00:00+00:00,175.0,175.0,167.1999969482422,167.1999969482422,740442,0.0,0.0
2021-02-22 00:00:00+00:00,168.0,168.1999969482422,161.39999389648438,165.0,939671,0.0,0.0
2021-02-23 00:00:00+00:00,168.0,168.0,160.8000030517578,163.39999389648438,697421,0.0,0.0
2021-02-24 00:00:00+00:00,160.39999389648438,167.07899475097656,160.39999389648438,162.0,932918,0.0,0.0
2021-02-25 00:00:00+00:00,163.60000610351562,163.8000030517578,160.8000030517578,163.8000030517578,752070,0.0,0.0
2021-02-26 00:00:00+00:00,160.39999389648438,165.60000610351562,160.39999389648438,161.60000610351562,724208,0.0,0.0
2021-03-01 00:00:00+00:00,163.39999389648438,166.60000610351562,161.39999389648438,162.39999389648438,1061612,0.0,0.0
2021-03-02 00:00:00+00:00,166.1999969482422,167.1999969482422,163.1999969482422,164.0,370202,0.0,0.0
2021-03-03 00:00:00+00:00,165.0,167.0,164.1999969482422,165.60000610351562,647941,0.0,0.0
2021-03-04 00:00:00+00:00,169.39999389648438,169.39999389648438,164.0,165.0,535433,0.0,0.0
2021-03-05 00:00:00+00:00,169.39999389648438,169.39999389648438,161.39999389648438,162.1999969482422,376444,0.0,0.0
2021-03-08 00:00:00+00:00,166.0,166.39999389648438,159.39999389648438,165.0,391230,0.0,0.0
2021-03-09 00:00:00+00:00,169.0,169.0,157.89999389648438,167.60000610351562,285041,0.0,0.0
2021-03-10 00:00:00+00:00,158.8000030517578,171.1999969482422,158.8000030517578,168.0,602724,0.0,0.0
2021-03-11 00:00:00+00:00,157.0,160.11300659179688,148.16799926757812,158.0,9837406,0.0,0.0
2021-03-12 00:00:00+00:00,160.0,162.48800659179688,153.1840057373047,156.8000030517578,1731969,0.0,0.0
2021-03-15 00:00:00+00:00,164.0,164.0,152.0,154.8000030517578,1571287,0.0,0.0
2021-03-16 00:00:00+00:00,155.0,157.8000030517578,152.8000030517578,152.8000030517578,772692,0.0,0.0
2021-03-17 00:00:00+00:00,150.8000030517578,157.1999969482422,150.8000030517578,157.1999969482422,689395,0.0,0.0
2021-03-18 00:00:00+00:00,162.8000030517578,162.8000030517578,150.8000030517578,154.0,969889,0.0,0.0
2021-03-19 00:00:00+00:00,160.0,160.0,152.1999969482422,153.0,3844995,0.0,0.0
2021-03-22 00:00:00+00:00,160.8000030517578,160.8000030517578,155.1999969482422,159.0,1311343,0.0,0.0
2021-03-23 00:00:00+00:00,164.60000610351562,166.39999389648438,158.96400451660156,166.39999389648438,2388502,0.0,0.0
2021-03-24 00:00:00+00:00,163.0,170.0,162.16799926757812,164.39999389648438,5098547,0.0,0.0
2021-03-25 00:00:00+00:00,167.60000610351562,168.97000122070312,160.39999389648438,161.0,444828,0.0,0.0
2021-03-26 00:00:00+00:00,165.8000030517578,165.8000030517578,158.0,159.0,706524,0.0,0.0
2021-03-29 00:00:00+01:00,164.60000610351562,166.39999389648438,159.0,166.39999389648438,410417,0.0,0.0
2021-03-30 00:00:00+01:00,169.1999969482422,170.0,166.1999969482422,169.39999389648438,702105,0.0,0.0
2021-03-31 00:00:00+01:00,172.0,172.0,167.0,169.0,849570,0.0,0.0
2021-04-01 00:00:00+01:00,167.0,171.0,167.0,169.0,997587,0.0,0.0
2021-04-06 00:00:00+01:00,173.1999969482422,173.1999969482422,167.39999389648438,168.0,756964,0.0,0.0
2021-04-07 00:00:00+01:00,172.8000030517578,172.8000030517578,168.1999969482422,169.0,756153,0.0,0.0
2021-04-08 00:00:00+01:00,170.0,172.0,166.60000610351562,170.8000030517578,724079,0.0,0.0
2021-04-09 00:00:00+01:00,171.8000030517578,174.1999969482422,168.8000030517578,174.0,3190079,0.0,0.0
2021-04-12 00:00:00+01:00,172.60000610351562,173.60000610351562,170.0,171.0,547792,0.0,0.0
2021-04-13 00:00:00+01:00,169.60000610351562,171.1999969482422,167.8000030517578,171.1999969482422,437952,0.0,0.0
2021-04-14 00:00:00+01:00,173.0,173.0,153.0,166.60000610351562,570701,0.0,0.0
2021-04-15 00:00:00+01:00,173.39999389648438,174.0,166.0,169.39999389648438,482498,0.0,0.0
2021-04-16 00:00:00+01:00,172.1999969482422,173.19000244140625,170.0,171.8000030517578,618802,0.0,0.0
2021-04-19 00:00:00+01:00,172.8000030517578,173.8000030517578,171.60000610351562,173.1999969482422,668914,0.0,0.0
2021-04-20 00:00:00+01:00,173.39999389648438,175.1999969482422,167.60000610351562,168.0,779538,0.0,0.0
2021-04-21 00:00:00+01:00,167.60000610351562,171.0,164.0,165.0,583433,0.0,0.0
2021-04-22 00:00:00+01:00,172.8000030517578,172.8000030517578,163.60000610351562,171.60000610351562,460320,0.0,0.0
2021-04-23 00:00:00+01:00,173.1999969482422,175.052001953125,171.0,174.39999389648438,2564795,0.0,0.0
2021-04-26 00:00:00+01:00,175.0,176.52999877929688,173.1999969482422,175.0,359456,0.0,0.0
2021-04-27 00:00:00+01:00,175.0,176.8000030517578,174.0,174.0,411179,0.0,0.0
2021-04-28 00:00:00+01:00,170.0,175.8000030517578,170.0,171.0,422984,0.0,0.0
2021-04-29 00:00:00+01:00,171.0,174.8000030517578,169.0,174.60000610351562,990623,0.0,0.0
2021-04-30 00:00:00+01:00,179.39999389648438,179.39999389648438,171.1999969482422,171.1999969482422,1569629,0.0,0.0
2021-05-04 00:00:00+01:00,174.60000610351562,175.60000610351562,168.8000030517578,168.8000030517578,1137944,0.0,0.0
2021-05-05 00:00:00+01:00,166.0,169.8000030517578,166.0,169.8000030517578,464420,0.0,0.0
2021-05-06 00:00:00+01:00,176.0,176.0,168.1999969482422,172.39999389648438,578699,0.0,0.0
2021-05-07 00:00:00+01:00,167.0,174.60000610351562,167.0,172.0,1011923,0.0,0.0
2021-05-10 00:00:00+01:00,168.0,173.60000610351562,168.0,170.0,1562141,0.0,0.0
2021-05-11 00:00:00+01:00,172.8000030517578,172.8000030517578,165.1999969482422,171.0,1112110,0.0,0.0
2021-05-12 00:00:00+01:00,171.60000610351562,171.60000610351562,167.8000030517578,169.60000610351562,1152423,0.0,0.0
2021-05-13 00:00:00+01:00,168.1999969482422,169.60000610351562,166.39999389648438,166.39999389648438,537869,0.0,0.0
2021-05-14 00:00:00+01:00,166.39999389648438,166.8000030517578,163.60000610351562,164.39999389648438,531618,0.0,0.0
2021-05-17 00:00:00+01:00,166.60000610351562,168.0800018310547,156.8000030517578,163.60000610351562,613956,0.0,0.0
2021-05-18 00:00:00+01:00,172.39999389648438,172.39999389648438,162.60000610351562,170.0,794461,0.0,0.0
2021-05-19 00:00:00+01:00,168.39999389648438,171.60000610351562,166.60000610351562,169.39999389648438,542290,0.0,0.0
2021-05-20 00:00:00+01:00,173.8000030517578,173.8000030517578,155.60000610351562,162.0,968861,0.0,0.0
2021-05-21 00:00:00+01:00,157.60000610351562,166.8000030517578,156.39999389648438,163.60000610351562,613450,0.0,0.0
2021-05-24 00:00:00+01:00,171.60000610351562,171.60000610351562,159.39999389648438,159.39999389648438,370399,0.0,0.0
2021-05-25 00:00:00+01:00,168.0,168.0,158.60000610351562,160.0,456284,0.0,0.0
2021-05-26 00:00:00+01:00,168.39999389648438,168.39999389648438,159.60000610351562,162.0,989499,0.0,0.0
2021-05-27 00:00:00+01:00,169.0,169.0,161.60000610351562,165.8000030517578,1095072,0.0,0.0
2021-05-28 00:00:00+01:00,163.39999389648438,168.39999389648438,163.39999389648438,167.0,723290,0.0,0.0
2021-06-01 00:00:00+01:00,170.1999969482422,171.8000030517578,168.39999389648438,171.0,665505,0.0,0.0
2021-06-02 00:00:00+01:00,170.8000030517578,178.60000610351562,170.8000030517578,178.0,1681651,0.0,0.0
2021-06-03 00:00:00+01:00,175.0,180.39999389648438,175.0,175.0,993267,0.0,0.0
2021-06-04 00:00:00+01:00,177.8000030517578,180.0,174.60000610351562,178.1999969482422,694623,0.0,0.0
2021-06-07 00:00:00+01:00,180.0,183.1999969482422,175.8000030517578,179.0,687634,0.0,0.0
2021-06-08 00:00:00+01:00,182.60000610351562,182.60000610351562,173.39999389648438,173.8000030517578,276626,0.0,0.0
2021-06-09 00:00:00+01:00,170.0,175.39999389648438,170.0,175.39999389648438,609577,0.0,0.0
2021-06-10 00:00:00+01:00,176.8000030517578,177.8000030517578,173.0,173.0,438618,0.0,0.0
2021-06-11 00:00:00+01:00,180.0,180.0,172.0,174.0,223000,0.0,0.0
2021-06-14 00:00:00+01:00,173.1999969482422,174.8000030517578,171.1999969482422,173.8000030517578,368233,0.0,0.0
2021-06-15 00:00:00+01:00,177.0,177.0,171.39999389648438,172.1999969482422,644690,0.0,0.0
2021-06-16 00:00:00+01:00,164.0,166.60000610351562,163.0,166.0,4354803,0.0,0.0
2021-06-17 00:00:00+01:00,166.39999389648438,170.0,163.0,170.0,5890532,0.0,0.0
2021-06-18 00:00:00+01:00,173.0,173.0,166.8000030517578,169.8000030517578,1647019,0.0,0.0
2021-06-21 00:00:00+01:00,163.39999389648438,167.69700622558594,162.8000030517578,167.1999969482422,1212210,0.0,0.0
2021-06-22 00:00:00+01:00,166.60000610351562,168.1999969482422,164.0,165.39999389648438,1631269,0.0,0.0
2021-06-23 00:00:00+01:00,167.8000030517578,167.8000030517578,162.39999389648438,162.39999389648438,761016,0.0,0.0
2021-06-24 00:00:00+01:00,162.0,164.39999389648438,159.8000030517578,163.0,1033323,0.0,0.0
2021-06-25 00:00:00+01:00,168.60000610351562,168.60000610351562,161.39999389648438,166.39999389648438,340762,0.0,0.0
2021-06-28 00:00:00+01:00,166.8000030517578,166.8000030517578,164.0,164.39999389648438,307941,0.0,0.0
2021-06-29 00:00:00+01:00,163.0,167.8000030517578,163.0,167.1999969482422,769563,0.0,0.0
2021-06-30 00:00:00+01:00,168.39999389648438,168.39999389648438,162.8000030517578,163.0,896347,0.0,0.0
2021-07-01 00:00:00+01:00,165.60000610351562,167.78700256347656,163.39999389648438,167.60000610351562,1067279,0.0,0.0
2021-07-02 00:00:00+01:00,167.60000610351562,169.39999389648438,166.1999969482422,166.1999969482422,505151,0.0,0.0
2021-07-05 00:00:00+01:00,166.39999389648438,167.8000030517578,163.5050048828125,164.60000610351562,743726,0.0,0.0
2021-07-06 00:00:00+01:00,168.0,168.0,163.947998046875,166.0,1464499,0.0,0.0
2021-07-07 00:00:00+01:00,169.60000610351562,169.60000610351562,164.8000030517578,164.8000030517578,917346,0.0,0.0
2021-07-08 00:00:00+01:00,164.39999389648438,166.0,163.39999389648438,165.0,679207,0.0,0.0
2021-07-09 00:00:00+01:00,163.0,166.39999389648438,162.39999389648438,163.1999969482422,1156670,0.0,0.0
2021-07-12 00:00:00+01:00,167.1999969482422,167.1999969482422,157.39999389648438,159.39999389648438,1482181,0.0,0.0
2021-07-13 00:00:00+01:00,162.8000030517578,162.8000030517578,157.60000610351562,160.1999969482422,1071721,0.0,0.0
2021-07-14 00:00:00+01:00,160.0,164.8000030517578,158.60000610351562,164.8000030517578,3082994,0.0,0.0
2021-07-15 00:00:00+01:00,165.1999969482422,166.8000030517578,162.39999389648438,164.1999969482422,2504100,0.0,0.0
2021-07-16 00:00:00+01:00,160.8000030517578,163.0,159.0,161.0,830632,0.0,0.0
2021-07-19 00:00:00+01:00,161.0,161.0,156.0,156.60000610351562,935363,0.0,0.0
2021-07-20 00:00:00+01:00,155.0,158.0,154.1999969482422,154.1999969482422,1309433,0.0,0.0
2021-07-21 00:00:00+01:00,154.60000610351562,157.39999389648438,154.60000610351562,154.8000030517578,1046120,0.0,0.0
2021-07-22 00:00:00+01:00,155.1999969482422,156.8000030517578,154.39999389648438,156.0,1943896,0.0,0.0
2021-07-23 00:00:00+01:00,160.60000610351562,160.60000610351562,155.1999969482422,159.8000030517578,2069159,0.0,0.0
2021-07-26 00:00:00+01:00,160.39999389648438,163.1999969482422,157.39999389648438,163.1999969482422,1176882,0.0,0.0
2021-07-27 00:00:00+01:00,162.1999969482422,166.0,161.0,164.8000030517578,5292237,0.0,0.0
2021-07-28 00:00:00+01:00,162.1999969482422,166.1999969482422,158.1999969482422,165.8000030517578,4813278,0.0,0.0
2021-07-29 00:00:00+01:00,164.0,166.60000610351562,163.8000030517578,165.0,585157,0.0,0.0
2021-07-30 00:00:00+01:00,168.8000030517578,168.8000030517578,163.60000610351562,163.60000610351562,1133967,0.0,0.0
2021-08-02 00:00:00+01:00,165.8000030517578,166.1999969482422,161.39999389648438,166.0,506619,0.0,0.0
2021-08-03 00:00:00+01:00,166.0,166.1999969482422,163.39999389648438,165.1999969482422,330938,0.0,0.0
2021-08-04 00:00:00+01:00,163.60000610351562,166.1999969482422,162.60000610351562,165.39999389648438,748258,0.0,0.0
2021-08-05 00:00:00+01:00,164.0,166.0,164.0,165.8000030517578,680558,0.0,0.0
2021-08-06 00:00:00+01:00,162.1999969482422,166.39999389648438,162.1999969482422,165.1999969482422,518443,0.0,0.0
2021-08-09 00:00:00+01:00,164.8000030517578,167.0,163.0,166.0,2060249,0.0,0.0
2021-08-10 00:00:00+01:00,166.0,166.1999969482422,165.1999969482422,166.0,1041286,0.0,0.0
2021-08-11 00:00:00+01:00,166.39999389648438,168.1999969482422,165.60000610351562,168.0,848672,0.0,0.0
2021-08-12 00:00:00+01:00,168.0,168.8000030517578,167.0,167.39999389648438,532030,0.0,0.0
2021-08-13 00:00:00+01:00,166.8000030517578,167.8000030517578,165.8000030517578,167.39999389648438,415742,0.0,0.0
2021-08-16 00:00:00+01:00,166.39999389648438,168.1999969482422,165.8000030517578,167.60000610351562,522697,0.0,0.0
2021-08-17 00:00:00+01:00,167.8000030517578,170.39999389648438,166.0,170.39999389648438,646540,0.0,0.0
2021-08-18 00:00:00+01:00,170.39999389648438,171.0,169.39999389648438,170.1999969482422,1168199,0.0,0.0
2021-08-19 00:00:00+01:00,165.60000610351562,166.60000610351562,154.39999389648438,160.39999389648438,2177313,0.0,0.0
2021-08-20 00:00:00+01:00,162.0,164.0,156.0,161.8000030517578,1189752,0.0,0.0
2021-08-23 00:00:00+01:00,162.8000030517578,170.3939971923828,162.39999389648438,166.60000610351562,3396451,0.0,0.0
2021-08-24 00:00:00+01:00,170.0,170.0,165.1999969482422,166.1999969482422,1508298,0.0,0.0
2021-08-25 00:00:00+01:00,166.0,171.60000610351562,166.0,170.1999969482422,1355784,0.0,0.0
2021-08-26 00:00:00+01:00,169.60000610351562,174.60000610351562,168.60000610351562,172.1999969482422,1763741,0.0,0.0
2021-08-27 00:00:00+01:00,164.60000610351562,173.1999969482422,164.60000610351562,172.39999389648438,3714945,0.0,0.0
2021-08-31 00:00:00+01:00,174.0,177.8000030517578,172.8000030517578,175.0,2485232,0.0,0.0
2021-09-01 00:00:00+01:00,175.1999969482422,178.0,174.1999969482422,174.1999969482422,2766599,0.0,0.0
2021-09-02 00:00:00+01:00,174.60000610351562,182.39999389648438,174.0,181.60000610351562,3899469,0.0,0.0
2021-09-03 00:00:00+01:00,184.0,184.0,179.39999389648438,179.8000030517578,1665558,0.0,0.0
2021-09-06 00:00:00+01:00,172.8000030517578,181.39999389648438,172.8000030517578,180.39999389648438,765430,0.0,0.0
2021-09-07 00:00:00+01:00,183.0,183.0,179.0,181.60000610351562,1054890,0.0,0.0
2021-09-08 00:00:00+01:00,175.0,182.0,175.0,180.0,3334515,0.0,0.0
2021-09-09 00:00:00+01:00,180.60000610351562,184.60000610351562,179.1999969482422,184.60000610351562,6929400,0.0,0.0
2021-09-10 00:00:00+01:00,185.0,185.39999389648438,182.8000030517578,185.0,870067,0.0,0.0
2021-09-13 00:00:00+01:00,185.58200073242188,189.8000030517578,185.58200073242188,187.60000610351562,119515,0.0,0.0
2021-09-14 00:00:00+01:00,188.39999389648438,189.1999969482422,183.8000030517578,184.8000030517578,3480363,0.0,0.0
2021-09-15 00:00:00+01:00,183.0,186.0,180.0,184.1999969482422,1630509,0.0,0.0
2021-09-16 00:00:00+01:00,183.1999969482422,186.60000610351562,183.1999969482422,186.0,1745836,0.0,0.0
2021-09-17 00:00:00+01:00,176.8000030517578,188.1999969482422,176.8000030517578,187.0,34721431,0.0,0.0
2021-09-20 00:00:00+01:00,187.0,188.20599365234375,180.0,182.39999389648438,1394866,0.0,0.0
2021-09-21 00:00:00+01:00,184.1999969482422,188.8000030517578,180.0,188.8000030517578,1193427,0.0,0.0
2021-09-22 00:00:00+01:00,188.60000610351562,190.0,185.39999389648438,189.0,1238072,0.0,0.0
2021-09-23 00:00:00+01:00,190.0,190.44000244140625,186.1999969482422,186.1999969482422,816869,0.0,0.0
2021-09-24 00:00:00+01:00,190.0,190.0,182.8000030517578,185.0,844834,0.0,0.0
2021-09-27 00:00:00+01:00,187.0,187.8000030517578,182.1999969482422,182.39999389648438,904325,0.0,0.0
2021-09-28 00:00:00+01:00,182.0,183.0,178.0,181.60000610351562,1008061,0.0,0.0
2021-09-29 00:00:00+01:00,181.0,183.60000610351562,180.60000610351562,181.39999389648438,417921,0.0,0.0
2021-09-30 00:00:00+01:00,182.1999969482422,182.60000610351562,179.0,181.0,1606912,0.0,0.0
2021-10-01 00:00:00+01:00,178.8000030517578,183.8000030517578,178.8000030517578,183.8000030517578,605356,0.0,0.0
2021-10-04 00:00:00+01:00,179.39999389648438,183.39999389648438,176.1999969482422,177.0,1196664,0.0,0.0
2021-10-05 00:00:00+01:00,172.39999389648438,177.0,172.39999389648438,173.8000030517578,1312496,0.0,0.0
2021-10-06 00:00:00+01:00,173.0,174.0,166.60000610351562,169.60000610351562,1346043,0.0,0.0
2021-10-07 00:00:00+01:00,170.0,173.9199981689453,165.0,166.8000030517578,1185070,0.0,0.0
2021-10-08 00:00:00+01:00,170.0,170.0,162.39999389648438,162.39999389648438,960750,0.0,0.0
2021-10-11 00:00:00+01:00,170.0,170.0,158.1999969482422,159.8000030517578,827562,0.0,0.0
2021-10-12 00:00:00+01:00,159.39999389648438,161.0,157.39999389648438,161.0,1395077,0.0,0.0
2021-10-13 00:00:00+01:00,162.1999969482422,163.60000610351562,158.39999389648438,160.0,1340751,0.0,0.0
2021-10-14 00:00:00+01:00,161.8000030517578,165.0,160.0,161.60000610351562,1132308,0.0,0.0
2021-10-15 00:00:00+01:00,166.0,166.0,158.1999969482422,160.0,2075364,0.0,0.0
2021-10-18 00:00:00+01:00,166.8000030517578,166.8000030517578,158.0,158.39999389648438,896695,0.0,0.0
2021-10-19 00:00:00+01:00,158.8000030517578,159.9010009765625,157.8000030517578,159.60000610351562,940635,0.0,0.0
2021-10-20 00:00:00+01:00,160.8000030517578,162.60000610351562,158.8000030517578,161.8000030517578,594704,0.0,0.0
2021-10-21 00:00:00+01:00,165.8000030517578,168.1999969482422,159.8000030517578,165.60000610351562,1242714,0.0,0.0
2021-10-22 00:00:00+01:00,170.0,170.0,164.0,167.39999389648438,793466,0.0,0.0
2021-10-25 00:00:00+01:00,169.0,169.0,164.8000030517578,165.0,741271,0.0,0.0
2021-10-26 00:00:00+01:00,165.39999389648438,167.60000610351562,164.60000610351562,165.39999389648438,1155581,0.0,0.0
2021-10-27 00:00:00+01:00,165.39999389648438,168.0,165.0,166.39999389648438,588727,0.0,0.0
2021-10-28 00:00:00+01:00,174.39999389648438,174.39999389648438,156.60000610351562,156.8000030517578,1454374,0.0,0.0
2021-10-29 00:00:00+01:00,157.0,157.39999389648438,154.0,154.39999389648438,1823551,0.0,0.0
2021-11-01 00:00:00+00:00,152.8000030517578,157.1999969482422,152.8000030517578,155.1999969482422,1341645,0.0,0.0
2021-11-02 00:00:00+00:00,154.8000030517578,155.39999389648438,150.8000030517578,151.0,1263602,0.0,0.0
2021-11-03 00:00:00+00:00,152.60000610351562,152.60000610351562,149.0,149.1999969482422,875611,0.0,0.0
2021-11-04 00:00:00+00:00,149.8000030517578,150.8000030517578,147.8000030517578,148.60000610351562,1285224,0.0,0.0
2021-11-05 00:00:00+00:00,152.0,152.41400146484375,146.60000610351562,149.0,644360,0.0,0.0
2021-11-08 00:00:00+00:00,148.0,151.60000610351562,144.1999969482422,148.60000610351562,1145507,0.0,0.0
2021-11-09 00:00:00+00:00,150.0,150.0,146.0,147.1999969482422,639384,0.0,0.0
2021-11-10 00:00:00+00:00,148.0,152.8000030517578,145.1999969482422,150.0,3021083,0.0,0.0
2021-11-11 00:00:00+00:00,150.0,155.1999969482422,149.98699951171875,151.0,2281673,0.0,0.0
2021-11-12 00:00:00+00:00,156.0,163.0,154.1999969482422,161.0,2888376,0.0,0.0
2021-11-15 00:00:00+00:00,165.0,165.0,158.1999969482422,159.1999969482422,1599038,0.0,0.0
2021-11-16 00:00:00+00:00,159.39999389648438,161.39999389648438,157.8000030517578,157.8000030517578,1183510,0.0,0.0
2021-11-17 00:00:00+00:00,155.0,158.8000030517578,155.0,158.39999389648438,1091615,0.0,0.0
2021-11-18 00:00:00+00:00,157.60000610351562,163.60000610351562,157.39999389648438,158.1999969482422,977946,0.0,0.0
2021-11-19 00:00:00+00:00,158.39999389648438,163.39999389648438,157.60000610351562,159.8000030517578,11405794,0.0,0.0
2021-11-22 00:00:00+00:00,165.0,165.0,161.8000030517578,163.60000610351562,1277412,0.0,0.0
2021-11-23 00:00:00+00:00,162.39999389648438,167.0,161.60000610351562,166.0,2359973,0.0,0.0
2021-11-24 00:00:00+00:00,169.0,169.0,163.1999969482422,166.39999389648438,1573386,0.0,0.0
2021-11-25 00:00:00+00:00,169.0,171.1999969482422,165.8000030517578,170.0,1534286,0.0,0.0
2021-11-26 00:00:00+00:00,165.39999389648438,169.0,162.1999969482422,164.0,2430196,0.0,0.0
2021-11-29 00:00:00+00:00,159.8000030517578,169.0,159.60000610351562,168.0,2942634,0.0,0.0
2021-11-30 00:00:00+00:00,166.39999389648438,166.39999389648438,158.60000610351562,164.1999969482422,25442367,0.0,0.0
2021-12-01 00:00:00+00:00,164.60000610351562,167.0,161.60000610351562,165.39999389648438,2052071,0.0,0.0
2021-12-02 00:00:00+00:00,157.60000610351562,164.60000610351562,157.60000610351562,159.8000030517578,873023,0.0,0.0
2021-12-03 00:00:00+00:00,158.60000610351562,161.1999969482422,156.60000610351562,156.60000610351562,762434,0.0,0.0
2021-12-06 00:00:00+00:00,163.0,163.0,159.39999389648438,161.60000610351562,637495,0.0,0.0
2021-12-07 00:00:00+00:00,168.8000030517578,168.8000030517578,161.60000610351562,168.8000030517578,1266060,0.0,0.0
2021-12-08 00:00:00+00:00,169.0,170.8000030517578,165.60000610351562,165.60000610351562,1740026,0.0,0.0
2021-12-09 00:00:00+00:00,170.0,170.0,161.0,162.1999969482422,714768,0.0,0.0
2021-12-10 00:00:00+00:00,169.1999969482422,169.1999969482422,158.0,158.0,830763,0.0,0.0
2021-12-13 00:00:00+00:00,157.0,158.8000030517578,155.1999969482422,156.1999969482422,526302,0.0,0.0
2021-12-14 00:00:00+00:00,150.1999969482422,159.8000030517578,148.60000610351562,157.39999389648438,1667393,0.0,0.0
2021-12-15 00:00:00+00:00,156.0,159.8000030517578,155.97500610351562,157.0,1148670,0.0,0.0
2021-12-16 00:00:00+00:00,158.8000030517578,161.08700561523438,156.08200073242188,160.39999389648438,3301760,0.0,0.0
2021-12-17 00:00:00+00:00,162.60000610351562,162.60000610351562,158.60000610351562,160.0,2346214,0.0,0.0
2021-12-20 00:00:00+00:00,156.0,159.8000030517578,156.0,158.0,589912,0.0,0.0
2021-12-21 00:00:00+00:00,166.0,166.0,158.1999969482422,160.60000610351562,609654,0.0,0.0
2021-12-22 00:00:00+00:00,159.1999969482422,162.1999969482422,159.1999969482422,162.1999969482422,690933,0.0,0.0
2021-12-23 00:00:00+00:00,157.39999389648438,163.8000030517578,157.39999389648438,161.60000610351562,606625,0.0,0.0
2021-12-24 00:00:00+00:00,168.0,168.0,162.0,166.60000610351562,233090,0.0,0.0
2021-12-29 00:00:00+00:00,166.39999389648438,169.39999389648438,165.1999969482422,167.8000030517578,944732,0.0,0.0
2021-12-30 00:00:00+00:00,159.60000610351562,169.8000030517578,159.60000610351562,169.8000030517578,583342,0.0,0.0
2021-12-31 00:00:00+00:00,166.8000030517578,172.1999969482422,166.55999755859375,172.0,1178028,0.0,0.0
2022-01-04 00:00:00+00:00,173.39999389648438,175.39999389648438,172.39999389648438,175.0,3956311,0.0,0.0
2022-01-05 00:00:00+00:00,170.0,176.8000030517578,169.8000030517578,169.8000030517578,2172181,0.0,0.0
2022-01-06 00:00:00+00:00,165.1999969482422,167.8000030517578,161.0,163.8000030517578,1825341,0.0,0.0
2022-01-07 00:00:00+00:00,171.8000030517578,171.8000030517578,160.8000030517578,162.0,615878,0.0,0.0
2022-01-10 00:00:00+00:00,162.1999969482422,163.1999969482422,157.0,157.39999389648438,897130,0.0,0.0
2022-01-11 00:00:00+00:00,165.1999969482422,165.1999969482422,153.60000610351562,155.0,533990,0.0,0.0
2022-01-12 00:00:00+00:00,156.0,156.1820068359375,152.60000610351562,155.0,730138,0.0,0.0
2022-01-13 00:00:00+00:00,155.0,156.39999389648438,152.8000030517578,152.8000030517578,518874,0.0,0.0
2022-01-14 00:00:00+00:00,153.0,155.0,151.1999969482422,151.8000030517578,546310,0.0,0.0
2022-01-17 00:00:00+00:00,149.1999969482422,155.1999969482422,149.1999969482422,154.0,575431,0.0,0.0
2022-01-18 00:00:00+00:00,149.1999969482422,155.60000610351562,149.1999969482422,154.0,407777,0.0,0.0
2022-01-19 00:00:00+00:00,154.0,156.60000610351562,152.60000610351562,153.1999969482422,872312,0.0,0.0
2022-01-20 00:00:00+00:00,153.8000030517578,156.39999389648438,153.8000030517578,155.0,386742,0.0,0.0
2022-01-21 00:00:00+00:00,154.0,155.8000030517578,152.8000030517578,152.8000030517578,475111,0.0,0.0
2022-01-24 00:00:00+00:00,150.0,152.47999572753906,147.8000030517578,148.8000030517578,748238,0.0,0.0
2022-01-25 00:00:00+00:00,149.8000030517578,150.1999969482422,145.8000030517578,146.8000030517578,724933,0.0,0.0
2022-01-26 00:00:00+00:00,150.60000610351562,151.0,146.8000030517578,149.0,546774,0.0,0.0
2022-01-27 00:00:00+00:00,148.8000030517578,148.8000030517578,145.0,146.60000610351562,1237672,0.0,0.0
2022-01-28 00:00:00+00:00,146.39999389648438,147.8000030517578,145.1999969482422,147.0,1376310,0.0,0.0
2022-01-31 00:00:00+00:00,147.1999969482422,153.60000610351562,147.1999969482422,153.60000610351562,1470071,0.0,0.0
2022-02-01 00:00:00+00:00,154.8000030517578,158.0,152.8000030517578,156.60000610351562,1391533,0.0,0.0
2022-02-02 00:00:00+00:00,149.0,159.39999389648438,149.0,157.8000030517578,578779,0.0,0.0
2022-02-03 00:00:00+00:00,161.8000030517578,161.8000030517578,156.8000030517578,156.8000030517578,529042,0.0,0.0
2022-02-04 00:00:00+00:00,158.0,159.0,151.60000610351562,153.8000030517578,699549,0.0,0.0
2022-02-07 00:00:00+00:00,152.0,156.1999969482422,151.0,154.60000610351562,755782,0.0,0.0
2022-02-08 00:00:00+00:00,151.1999969482422,156.0,150.75,152.8000030517578,1276000,0.0,0.0
2022-02-09 00:00:00+00:00,151.8000030517578,154.39999389648438,151.1999969482422,151.1999969482422,2642125,0.0,0.0
2022-02-10 00:00:00+00:00,157.0,157.0,151.60000610351562,153.8000030517578,896041,0.0,0.0
2022-02-11 00:00:00+00:00,152.60000610351562,154.0,151.60000610351562,152.1999969482422,989076,0.0,0.0
2022-02-14 00:00:00+00:00,148.0,150.39999389648438,147.1999969482422,150.39999389648438,492279,0.0,0.0
2022-02-15 00:00:00+00:00,156.8000030517578,156.8000030517578,150.39999389648438,154.0,1816507,0.0,0.0
2022-02-16 00:00:00+00:00,157.0,157.0,151.60000610351562,151.60000610351562,274411,0.0,0.0
2022-02-17 00:00:00+00:00,151.0,152.60000610351562,149.8000030517578,150.39999389648438,974722,0.0,0.0
2022-02-18 00:00:00+00:00,145.0,150.60000610351562,145.0,149.0,1018044,0.0,0.0
2022-02-21 00:00:00+00:00,148.39999389648438,149.1699981689453,144.39999389648438,146.1999969482422,443718,0.0,0.0
2022-02-22 00:00:00+00:00,144.0,148.8000030517578,142.8000030517578,148.8000030517578,699700,0.0,0.0
2022-02-23 00:00:00+00:00,147.60000610351562,148.60000610351562,146.0,146.0,408013,0.0,0.0
2022-02-24 00:00:00+00:00,141.8000030517578,143.60000610351562,137.8000030517578,140.60000610351562,815179,0.0,0.0
2022-02-25 00:00:00+00:00,140.0,142.39999389648438,138.39999389648438,138.39999389648438,797792,0.0,0.0
2022-02-28 00:00:00+00:00,139.39999389648438,145.60000610351562,137.60000610351562,145.60000610351562,787700,0.0,0.0
2022-03-01 00:00:00+00:00,144.8000030517578,145.8000030517578,137.60000610351562,137.60000610351562,1011091,0.0,0.0
2022-03-02 00:00:00+00:00,142.0,142.0,135.1999969482422,138.39999389648438,1743366,0.0,0.0
2022-03-03 00:00:00+00:00,131.8000030517578,143.1999969482422,131.8000030517578,139.39999389648438,608103,0.0,0.0
2022-03-04 00:00:00+00:00,146.1999969482422,146.1999969482422,134.39999389648438,134.39999389648438,757520,0.0,0.0
2022-03-07 00:00:00+00:00,135.60000610351562,135.60000610351562,126.19999694824219,128.0,1601943,0.0,0.0
2022-03-08 00:00:00+00:00,136.60000610351562,136.60000610351562,125.4000015258789,126.80000305175781,771312,0.0,0.0
2022-03-09 00:00:00+00:00,125.0,139.0,125.0,139.0,962654,0.0,0.0
2022-03-10 00:00:00+00:00,143.8000030517578,143.8000030517578,133.39999389648438,133.39999389648438,752045,0.0,0.0
2022-03-11 00:00:00+00:00,129.0,136.1999969482422,129.0,135.0,581497,0.0,0.0
2022-03-14 00:00:00+00:00,133.60000610351562,137.1999969482422,132.94700622558594,134.39999389648438,589888,0.0,0.0
2022-03-15 00:00:00+00:00,134.60000610351562,134.60000610351562,130.0,130.8000030517578,468037,0.0,0.0
2022-03-16 00:00:00+00:00,132.60000610351562,137.1999969482422,130.1199951171875,135.1999969482422,1859795,0.0,0.0
2022-03-17 00:00:00+00:00,137.39999389648438,138.1999969482422,116.0,120.0,2692550,0.0,0.0
2022-03-18 00:00:00+00:00,115.19999694824219,138.60000610351562,115.13999938964844,138.60000610351562,7944100,0.0,0.0
2022-03-21 00:00:00+00:00,130.39999389648438,136.1999969482422,126.0,126.0,1737910,0.0,0.0
2022-03-22 00:00:00+00:00,120.4000015258789,128.0,119.4000015258789,122.0,1076178,0.0,0.0
2022-03-23 00:00:00+00:00,122.0,122.0,117.19999694824219,118.19999694824219,714426,0.0,0.0
2022-03-24 00:00:00+00:00,122.0,122.0,115.51200103759766,117.4000015258789,610083,0.0,0.0
2022-03-25 00:00:00+00:00,115.0,118.80000305175781,114.0,116.80000305175781,769699,0.0,0.0
2022-03-28 00:00:00+01:00,114.0,117.4000015258789,114.0,117.0,953307,0.0,0.0
2022-03-29 00:00:00+01:00,116.0,121.4000015258789,115.0,121.19999694824219,972413,0.0,0.0
2022-03-30 00:00:00+01:00,118.0,120.19999694824219,116.0,118.4000015258789,580514,0.0,0.0
2022-03-31 00:00:00+01:00,115.4000015258789,119.19999694824219,114.5999984741211,115.4000015258789,769426,0.0,0.0
2022-04-01 00:00:00+01:00,118.0,121.19999694824219,114.4000015258789,119.80000305175781,739185,0.0,0.0
2022-04-04 00:00:00+01:00,119.5999984741211,119.80000305175781,115.80000305175781,118.19999694824219,843038,0.0,0.0
2022-04-05 00:00:00+01:00,119.0999984741211,121.19999694824219,117.30000305175781,117.80000305175781,1140689,0.0,0.0
2022-04-06 00:00:00+01:00,117.0,120.19999694824219,115.4000015258789,116.4000015258789,1703231,0.0,0.0
2022-04-07 00:00:00+01:00,116.5999984741211,120.4000015258789,116.4000015258789,119.0,1059383,0.0,0.0
2022-04-08 00:00:00+01:00,118.19999694824219,119.69999694824219,116.5999984741211,118.9000015258789,742559,0.0,0.0
2022-04-11 00:00:00+01:00,118.30000305175781,121.19999694824219,116.9000015258789,120.0999984741211,790917,0.0,0.0
2022-04-12 00:00:00+01:00,115.0,120.0999984741211,115.0,119.69999694824219,617742,0.0,0.0
2022-04-13 00:00:00+01:00,115.0,120.19999694824219,115.0,118.5999984741211,954337,0.0,0.0
2022-04-14 00:00:00+01:00,115.19999694824219,119.0999984741211,115.19999694824219,118.0,498809,0.0,0.0
2022-04-19 00:00:00+01:00,116.0,117.19999694824219,114.4000015258789,117.0999984741211,554051,0.0,0.0
2022-04-20 00:00:00+01:00,117.0,117.0,115.4000015258789,115.80000305175781,284590,0.0,0.0
2022-04-21 00:00:00+01:00,114.0,116.0,112.6050033569336,113.5,1671131,0.0,0.0
2022-04-22 00:00:00+01:00,112.5,114.69999694824219,110.80000305175781,111.9000015258789,636871,0.0,0.0
2022-04-25 00:00:00+01:00,109.9000015258789,113.19999694824219,108.4000015258789,112.69999694824219,696359,0.0,0.0
2022-04-26 00:00:00+01:00,111.80000305175781,114.80000305175781,111.80000305175781,113.9000015258789,791996,0.0,0.0
2022-04-27 00:00:00+01:00,115.5,115.5,109.9000015258789,110.19999694824219,981214,0.0,0.0
2022-04-28 00:00:00+01:00,110.0,112.0999984741211,108.7030029296875,111.5,487457,0.0,0.0
2022-04-29 00:00:00+01:00,110.4000015258789,114.0999984741211,110.4000015258789,112.0999984741211,874782,0.0,0.0
2022-05-03 00:00:00+01:00,110.80000305175781,113.80000305175781,110.4280014038086,111.19999694824219,1434806,0.0,0.0
2022-05-04 00:00:00+01:00,110.0999984741211,113.30000305175781,109.0,110.0999984741211,1588271,0.0,0.0
2022-05-05 00:00:00+01:00,115.0999984741211,117.0999984741211,111.0999984741211,114.0,1494164,0.0,0.0
2022-05-06 00:00:00+01:00,113.4000015258789,114.77899932861328,108.80000305175781,111.69999694824219,883022,0.0,0.0
2022-05-09 00:00:00+01:00,116.80000305175781,116.80000305175781,109.30000305175781,110.0999984741211,624272,0.0,0.0
2022-05-10 00:00:00+01:00,109.0,112.5,108.0999984741211,110.0,700248,0.0,0.0
2022-05-11 00:00:00+01:00,115.80000305175781,115.80000305175781,107.9000015258789,110.0,2515492,0.0,0.0
2022-05-12 00:00:00+01:00,105.0,113.69999694824219,105.0,112.69999694824219,689035,0.0,0.0
2022-05-13 00:00:00+01:00,113.19999694824219,113.4000015258789,110.0999984741211,111.30000305175781,3182514,0.0,0.0
2022-05-16 00:00:00+01:00,116.4000015258789,116.4000015258789,110.4000015258789,115.0,2190341,0.0,0.0
2022-05-17 00:00:00+01:00,115.5999984741211,117.80000305175781,114.0,117.30000305175781,586886,0.0,0.0
2022-05-18 00:00:00+01:00,115.69999694824219,117.19999694824219,112.9000015258789,116.4000015258789,759062,0.0,0.0
2022-05-19 00:00:00+01:00,113.30000305175781,115.30000305175781,110.30000305175781,110.69999694824219,530476,0.0,0.0
2022-05-20 00:00:00+01:00,113.5999984741211,113.5999984741211,109.5999984741211,110.19999694824219,647383,0.0,0.0
2022-05-23 00:00:00+01:00,110.69999694824219,113.4000015258789,105.27300262451172,110.80000305175781,1027944,0.0,0.0
2022-05-24 00:00:00+01:00,107.9000015258789,114.30000305175781,107.30000305175781,111.69999694824219,561915,0.0,0.0
2022-05-25 00:00:00+01:00,106.4000015258789,112.30000305175781,106.4000015258789,111.30000305175781,1525027,0.0,0.0
2022-05-26 00:00:00+01:00,109.19999694824219,118.0,109.19999694824219,117.0999984741211,300498,0.0,0.0
2022-05-27 00:00:00+01:00,117.9000015258789,118.0,115.0999984741211,117.0,646042,0.0,0.0
2022-05-30 00:00:00+01:00,117.5999984741211,118.0,113.5,113.9000015258789,1295254,0.0,0.0
2022-05-31 00:00:00+01:00,114.0999984741211,115.19999694824219,111.0999984741211,113.80000305175781,1342614,0.0,0.0
2022-06-01 00:00:00+01:00,114.30000305175781,118.0,113.5999984741211,118.0,941074,0.0,0.0
2022-06-06 00:00:00+01:00,117.4000015258789,125.5,116.5,125.4000015258789,2043649,0.0,0.0
2022-06-07 00:00:00+01:00,122.5,125.41999816894531,120.4000015258789,124.9000015258789,502348,0.0,0.0
2022-06-08 00:00:00+01:00,125.0,130.5,124.30000305175781,126.19999694824219,939298,0.0,0.0
2022-06-09 00:00:00+01:00,120.30000305175781,126.5,120.30000305175781,126.5,718998,0.0,0.0
2022-06-10 00:00:00+01:00,126.9000015258789,129.39999389648438,125.5,128.3000030517578,594991,0.0,0.0
2022-06-13 00:00:00+01:00,125.4000015258789,126.4000015258789,120.0,121.9000015258789,631143,0.0,0.0
2022-06-14 00:00:00+01:00,121.0,124.4000015258789,120.0999984741211,122.69999694824219,2060825,0.0,0.0
2022-06-15 00:00:00+01:00,128.6999969482422,128.6999969482422,121.4000015258789,127.5999984741211,1402075,0.0,0.0
2022-06-16 00:00:00+01:00,129.1999969482422,129.1999969482422,121.0999984741211,122.4000015258789,1693188,0.0,0.0
2022-06-17 00:00:00+01:00,127.5999984741211,131.39999389648438,121.0,131.39999389648438,6021129,0.0,0.0
2022-06-20 00:00:00+01:00,132.89999389648438,134.1999969482422,128.60000610351562,133.10000610351562,2813161,0.0,0.0
2022-06-21 00:00:00+01:00,134.5,135.02499389648438,129.10000610351562,130.0,369799,0.0,0.0
2022-06-22 00:00:00+01:00,128.8000030517578,129.5,125.5,127.19999694824219,666745,0.0,0.0
2022-06-23 00:00:00+01:00,128.6999969482422,128.6999969482422,120.80000305175781,125.5,886060,0.0,0.0
2022-06-24 00:00:00+01:00,127.0999984741211,129.8000030517578,124.30000305175781,125.80000305175781,783945,0.0,0.0
2022-06-27 00:00:00+01:00,125.19999694824219,126.54000091552734,121.80000305175781,122.0,1131403,0.0,0.0
2022-06-28 00:00:00+01:00,124.19999694824219,125.5,121.30000305175781,122.5999984741211,485989,0.0,0.0
2022-06-29 00:00:00+01:00,117.0,123.0,117.0,120.5,664374,0.0,0.0
2022-06-30 00:00:00+01:00,120.30000305175781,122.4000015258789,116.5,120.9000015258789,2050601,0.0,0.0
2022-07-01 00:00:00+01:00,115.9000015258789,128.0,115.9000015258789,128.0,1159460,0.0,0.0
2022-07-04 00:00:00+01:00,130.10000610351562,130.10000610351562,124.9000015258789,127.4000015258789,409374,0.0,0.0
2022-07-05 00:00:00+01:00,132.89999389648438,132.89999389648438,124.5,125.0,954037,0.0,0.0
2022-07-06 00:00:00+01:00,126.9000015258789,131.89999389648438,126.0999984741211,130.60000610351562,1042468,0.0,0.0
2022-07-07 00:00:00+01:00,135.0,135.0,126.9000015258789,131.1999969482422,643621,0.0,0.0
2022-07-08 00:00:00+01:00,128.5,131.6999969482422,126.9000015258789,128.0,529662,0.0,0.0
2022-07-11 00:00:00+01:00,123.0999984741211,127.9000015258789,123.0999984741211,125.5,733118,0.0,0.0
2022-07-12 00:00:00+01:00,130.5,131.39999389648438,125.4000015258789,127.69999694824219,931328,0.0,0.0
2022-07-13 00:00:00+01:00,133.6999969482422,133.6999969482422,121.80000305175781,125.5,738858,0.0,0.0
2022-07-14 00:00:00+01:00,130.60000610351562,130.60000610351562,121.5999984741211,124.9000015258789,670914,0.0,0.0
2022-07-15 00:00:00+01:00,129.1999969482422,129.1999969482422,124.4000015258789,125.4000015258789,531134,0.0,0.0
2022-07-18 00:00:00+01:00,126.69999694824219,128.1999969482422,125.9000015258789,127.0,311119,0.0,0.0
2022-07-19 00:00:00+01:00,128.5,130.3000030517578,126.69999694824219,129.1999969482422,808927,0.0,0.0
2022-07-20 00:00:00+01:00,123.5,132.0,123.5,131.5,646066,0.0,0.0
2022-07-21 00:00:00+01:00,131.10000610351562,136.9239959716797,131.10000610351562,132.0,923811,0.0,0.0
2022-07-22 00:00:00+01:00,131.10000610351562,135.6999969482422,129.6999969482422,134.6999969482422,628539,0.0,0.0
2022-07-25 00:00:00+01:00,127.5999984741211,137.3000030517578,127.5999984741211,137.3000030517578,967075,0.0,0.0
2022-07-26 00:00:00+01:00,138.3000030517578,140.5,136.1999969482422,139.39999389648438,781374,0.0,0.0
2022-07-27 00:00:00+01:00,141.39999389648438,142.5,135.39999389648438,135.60000610351562,406385,0.0,0.0
2022-07-28 00:00:00+01:00,142.0,142.0,134.1999969482422,140.6999969482422,1107107,0.0,0.0
2022-07-29 00:00:00+01:00,141.0,146.8000030517578,141.0,144.3000030517578,1898974,0.0,0.0
2022-08-01 00:00:00+01:00,146.8000030517578,146.8000030517578,142.8000030517578,143.5,1051272,0.0,0.0
2022-08-02 00:00:00+01:00,140.5,145.89999389648438,138.1999969482422,139.0,644245,0.0,0.0
2022-08-03 00:00:00+01:00,139.60000610351562,142.5,138.10000610351562,139.89999389648438,403153,0.0,0.0
2022-08-04 00:00:00+01:00,138.3000030517578,139.1999969482422,129.64100646972656,138.89999389648438,261835,0.0,0.0
2022-08-05 00:00:00+01:00,139.10000610351562,141.1999969482422,134.95799255371094,137.89999389648438,314542,0.0,0.0
2022-08-08 00:00:00+01:00,139.39999389648438,141.0,135.3000030517578,136.1999969482422,306685,0.0,0.0
2022-08-09 00:00:00+01:00,138.8000030517578,141.89999389648438,134.8000030517578,135.60000610351562,256316,0.0,0.0
2022-08-10 00:00:00+01:00,135.60000610351562,141.3000030517578,134.6999969482422,139.6999969482422,720855,0.0,0.0
2022-08-11 00:00:00+01:00,139.3000030517578,141.5500030517578,137.39999389648438,140.6999969482422,577325,0.0,0.0
2022-08-12 00:00:00+01:00,141.0,142.0,139.6999969482422,140.39999389648438,212400,0.0,0.0
2022-08-15 00:00:00+01:00,148.1999969482422,148.1999969482422,138.8000030517578,139.60000610351562,171834,0.0,0.0
2022-08-16 00:00:00+01:00,133.0,141.5,133.0,140.6999969482422,235614,0.0,0.0
2022-08-17 00:00:00+01:00,142.5,142.5,134.39999389648438,135.10000610351562,355882,0.0,0.0
2022-08-18 00:00:00+01:00,137.3000030517578,145.6649932861328,136.3000030517578,138.60000610351562,527574,0.0,0.0
2022-08-19 00:00:00+01:00,138.0,142.0,135.89999389648438,137.0,1003829,0.0,0.0
2022-08-22 00:00:00+01:00,139.0,139.96499633789062,132.5,132.5,412845,0.0,0.0
2022-08-23 00:00:00+01:00,128.0,134.10000610351562,128.0,133.1999969482422,1140816,0.0,0.0
2022-08-24 00:00:00+01:00,126.5999984741211,133.60000610351562,126.5999984741211,132.0,371697,0.0,0.0
2022-08-25 00:00:00+01:00,131.1999969482422,132.60000610351562,126.69999694824219,127.80000305175781,453946,0.0,0.0
2022-08-26 00:00:00+01:00,120.69999694824219,127.69999694824219,120.69999694824219,125.0999984741211,440761,0.0,0.0
2022-08-30 00:00:00+01:00,131.0,131.60000610351562,126.80000305175781,127.0,507178,0.0,0.0
2022-08-31 00:00:00+01:00,122.80000305175781,128.10000610351562,121.9000015258789,124.19999694824219,660305,0.0,0.0
2022-09-01 00:00:00+01:00,121.80000305175781,123.5,115.5,116.5,453922,0.0,0.0
2022-09-02 00:00:00+01:00,116.5,120.5,113.9000015258789,116.19999694824219,419122,0.0,0.0
2022-09-05 00:00:00+01:00,116.0,116.0,110.0,114.30000305175781,587278,0.0,0.0
2022-09-06 00:00:00+01:00,114.5999984741211,117.0999984741211,113.4000015258789,113.4000015258789,640814,0.0,0.0
2022-09-07 00:00:00+01:00,112.0,113.9000015258789,111.5999984741211,112.9000015258789,427860,0.0,0.0
2022-09-08 00:00:00+01:00,116.0,116.0,111.19999694824219,113.80000305175781,582519,0.0,0.0
2022-09-09 00:00:00+01:00,111.69999694824219,118.5999984741211,111.69999694824219,118.30000305175781,706964,0.0,0.0
2022-09-12 00:00:00+01:00,120.5999984741211,123.0,118.0999984741211,122.30000305175781,583610,0.0,0.0
2022-09-13 00:00:00+01:00,124.30000305175781,125.0,120.9000015258789,121.80000305175781,690198,0.0,0.0
2022-09-14 00:00:00+01:00,121.5999984741211,123.19999694824219,116.66600036621094,122.30000305175781,412755,0.0,0.0
2022-09-15 00:00:00+01:00,123.69999694824219,127.19999694824219,122.30000305175781,124.5999984741211,876398,0.0,0.0
2022-09-16 00:00:00+01:00,125.0,126.69999694824219,122.4000015258789,126.69999694824219,2756253,0.0,0.0
2022-09-20 00:00:00+01:00,126.30000305175781,127.5999984741211,123.69999694824219,126.80000305175781,422253,0.0,0.0
2022-09-21 00:00:00+01:00,126.9000015258789,128.6999969482422,125.69999694824219,128.1999969482422,1474440,0.0,0.0
2022-09-22 00:00:00+01:00,127.69999694824219,127.69999694824219,120.9000015258789,121.19999694824219,200326,0.0,0.0
2022-09-23 00:00:00+01:00,121.80000305175781,121.80000305175781,118.19999694824219,121.0,2206089,0.0,0.0
2022-09-26 00:00:00+01:00,118.80000305175781,121.4000015258789,112.5,112.5,630873,0.0,0.0
2022-09-27 00:00:00+01:00,112.0,114.69999694824219,110.30000305175781,110.30000305175781,650191,0.0,0.0
2022-09-28 00:00:00+01:00,109.19999694824219,110.4000015258789,104.0,110.0,886497,0.0,0.0
2022-09-29 00:00:00+01:00,110.4000015258789,110.4000015258789,105.80000305175781,108.69999694824219,717381,0.0,0.0
2022-09-30 00:00:00+01:00,104.0,112.9000015258789,104.0,112.9000015258789,1797621,0.0,0.0
2022-10-03 00:00:00+01:00,111.9000015258789,113.0,107.9000015258789,112.0,1377653,0.0,0.0
2022-10-04 00:00:00+01:00,116.0,116.19999694824219,112.80000305175781,115.0,1206642,0.0,0.0
2022-10-05 00:00:00+01:00,111.0,115.30000305175781,109.9000015258789,112.0999984741211,1021242,0.0,0.0
2022-10-06 00:00:00+01:00,117.0,117.0,108.80000305175781,111.69999694824219,1575564,0.0,0.0
2022-10-07 00:00:00+01:00,115.80000305175781,115.80000305175781,108.5,108.5999984741211,847568,0.0,0.0
2022-10-10 00:00:00+01:00,103.5,108.5999984741211,103.5,106.30000305175781,1081561,0.0,0.0
2022-10-11 00:00:00+01:00,101.9000015258789,107.19999694824219,101.9000015258789,103.69999694824219,3077011,0.0,0.0
2022-10-12 00:00:00+01:00,101.0,103.9000015258789,96.94999694824219,100.30000305175781,678940,0.0,0.0
2022-10-13 00:00:00+01:00,100.0,105.0,99.0,103.5,5109398,0.0,0.0
2022-10-14 00:00:00+01:00,108.5,108.5,97.5739974975586,106.5,1008168,0.0,0.0
2022-10-17 00:00:00+01:00,110.0,111.5,107.0,111.5,616190,0.0,0.0
2022-10-18 00:00:00+01:00,116.0999984741211,116.0999984741211,107.9000015258789,109.0,738721,0.0,0.0
2022-10-19 00:00:00+01:00,108.19999694824219,110.4000015258789,106.0999984741211,106.5,561340,0.0,0.0
2022-10-20 00:00:00+01:00,105.5999984741211,107.0999984741211,101.5999984741211,105.69999694824219,838656,0.0,0.0
2022-10-21 00:00:00+01:00,108.9000015258789,108.9000015258789,100.5,103.30000305175781,576843,0.0,0.0
2022-10-24 00:00:00+01:00,104.5,105.4000015258789,101.5,102.30000305175781,2514857,0.0,0.0
2022-10-25 00:00:00+01:00,102.9000015258789,109.19999694824219,100.30000305175781,109.19999694824219,1155580,0.0,0.0
2022-10-26 00:00:00+01:00,108.5,113.30000305175781,108.5,111.4000015258789,785035,0.0,0.0
2022-10-27 00:00:00+01:00,115.0,115.0,109.5999984741211,111.5999984741211,612615,0.0,0.0
2022-10-28 00:00:00+01:00,112.0,114.69999694824219,111.0999984741211,114.19999694824219,3143014,0.0,0.0
2022-10-31 00:00:00+00:00,117.4000015258789,125.5,114.5,125.5,5630236,0.0,0.0
2022-11-01 00:00:00+00:00,120.80000305175781,124.5,118.80000305175781,120.0,2391256,0.0,0.0
2022-11-02 00:00:00+00:00,122.0,122.0,116.9000015258789,118.0,667739,0.0,0.0
2022-11-03 00:00:00+00:00,120.30000305175781,120.30000305175781,109.80000305175781,113.4000015258789,697464,0.0,0.0
2022-11-04 00:00:00+00:00,111.5,113.19999694824219,108.69999694824219,110.0999984741211,1892088,0.0,0.0
2022-11-07 00:00:00+00:00,105.19999694824219,113.80000305175781,105.19999694824219,113.80000305175781,1467169,0.0,0.0
2022-11-08 00:00:00+00:00,109.0,119.19999694824219,109.0,116.0,747301,0.0,0.0
2022-11-09 00:00:00+00:00,121.19999694824219,121.19999694824219,114.0,115.5,937691,0.0,0.0
2022-11-10 00:00:00+00:00,119.30000305175781,122.0,115.5,122.0,1749218,0.0,0.0
2022-11-11 00:00:00+00:00,127.5999984741211,127.5999984741211,122.24099731445312,124.80000305175781,705902,0.0,0.0
2022-11-14 00:00:00+00:00,124.30000305175781,126.19999694824219,121.19999694824219,121.9000015258789,11151697,0.0,0.0
2022-11-15 00:00:00+00:00,118.69999694824219,122.0999984741211,118.5999984741211,119.80000305175781,696565,0.0,0.0
2022-11-16 00:00:00+00:00,119.5,119.5,115.30000305175781,118.5,696010,0.0,0.0
2022-11-17 00:00:00+00:00,117.5999984741211,119.0,115.4000015258789,116.9000015258789,878568,0.0,0.0
2022-11-18 00:00:00+00:00,120.0,120.0,115.80000305175781,119.69999694824219,424107,0.0,0.0
2022-11-21 00:00:00+00:00,117.9000015258789,121.69999694824219,116.80000305175781,121.19999694824219,916612,0.0,0.0
2022-11-22 00:00:00+00:00,126.9000015258789,126.9000015258789,119.0,119.5,983055,0.0,0.0
2022-11-23 00:00:00+00:00,121.0,122.0,119.19999694824219,121.19999694824219,789304,0.0,0.0
2022-11-24 00:00:00+00:00,121.0,123.4000015258789,121.0,121.4000015258789,305872,0.0,0.0
2022-11-25 00:00:00+00:00,120.9000015258789,122.9000015258789,120.30000305175781,122.0,781445,0.0,0.0
2022-11-28 00:00:00+00:00,121.9000015258789,122.4000015258789,119.5999984741211,121.0,407770,0.0,0.0
2022-11-29 00:00:00+00:00,121.5,121.5,117.5999984741211,118.5999984741211,425469,0.0,0.0
2022-11-30 00:00:00+00:00,120.5,121.0,113.80000305175781,115.0999984741211,2182365,0.0,0.0
2022-12-01 00:00:00+00:00,117.19999694824219,117.19999694824219,114.5,115.80000305175781,1392988,0.0,0.0
2022-12-02 00:00:00+00:00,118.9000015258789,118.9000015258789,114.69999694824219,118.0999984741211,301861,0.0,0.0
2022-12-05 00:00:00+00:00,119.69999694824219,120.9000015258789,117.69999694824219,118.0999984741211,455833,0.0,0.0
2022-12-06 00:00:00+00:00,116.30000305175781,118.0999984741211,114.19999694824219,115.0999984741211,683448,0.0,0.0
2022-12-07 00:00:00+00:00,115.0999984741211,115.19999694824219,111.69999694824219,111.80000305175781,1968857,0.0,0.0
2022-12-08 00:00:00+00:00,111.0,113.0,110.0,111.80000305175781,531636,0.0,0.0
2022-12-09 00:00:00+00:00,110.69999694824219,112.9000015258789,110.1520004272461,111.80000305175781,421904,0.0,0.0
2022-12-12 00:00:00+00:00,111.5,116.30000305175781,111.5,115.5999984741211,1075539,0.0,0.0
2022-12-13 00:00:00+00:00,120.0,120.0,114.5,116.5,1439065,0.0,0.0
2022-12-14 00:00:00+00:00,116.0,116.0999984741211,108.5,108.5,1123742,0.0,0.0
2022-12-15 00:00:00+00:00,109.0,109.0,100.9000015258789,100.9000015258789,3169166,0.0,0.0
2022-12-16 00:00:00+00:00,105.30000305175781,105.30000305175781,99.25,103.30000305175781,3951903,0.0,0.0
2022-12-19 00:00:00+00:00,103.0,107.80000305175781,101.80000305175781,106.5999984741211,566115,0.0,0.0
2022-12-20 00:00:00+00:00,108.4000015258789,108.45899963378906,102.4000015258789,102.5,712203,0.0,0.0
2022-12-21 00:00:00+00:00,102.30000305175781,105.0,102.0999984741211,103.80000305175781,615540,0.0,0.0
2022-12-22 00:00:00+00:00,105.0,106.5,101.0999984741211,101.0999984741211,702900,0.0,0.0
2022-12-23 00:00:00+00:00,99.69999694824219,101.80000305175781,99.69999694824219,101.5,339419,0.0,0.0
2022-12-28 00:00:00+00:00,106.0,106.0,100.5,100.80000305175781,425124,0.0,0.0
2022-12-29 00:00:00+00:00,103.30000305175781,104.80000305175781,99.25,104.19999694824219,1404889,0.0,0.0
2022-12-30 00:00:00+00:00,102.0,106.19999694824219,101.31600189208984,106.0999984741211,621645,0.0,0.0
2023-01-03 00:00:00+00:00,105.69999694824219,109.19999694824219,105.4000015258789,106.80000305175781,599806,0.0,0.0
2023-01-04 00:00:00+00:00,109.19999694824219,111.19999694824219,106.69999694824219,111.19999694824219,621364,0.0,0.0
2023-01-05 00:00:00+00:00,114.0,114.0,110.5,113.0999984741211,360639,0.0,0.0
2023-01-06 00:00:00+00:00,115.0,115.0,110.5999984741211,114.19999694824219,618378,0.0,0.0
2023-01-09 00:00:00+00:00,117.80000305175781,117.80000305175781,111.30000305175781,113.9000015258789,443923,0.0,0.0
2023-01-10 00:00:00+00:00,113.5999984741211,116.30000305175781,108.69999694824219,115.0,932075,0.0,0.0
2023-01-11 00:00:00+00:00,116.5999984741211,119.0999984741211,115.0999984741211,116.0,536661,0.0,0.0
2023-01-12 00:00:00+00:00,115.0999984741211,121.00399780273438,109.09700012207031,120.0,1169461,0.0,0.0
2023-01-13 00:00:00+00:00,119.9000015258789,121.69999694824219,117.69999694824219,118.5999984741211,852254,0.0,0.0
2023-01-16 00:00:00+00:00,116.4000015258789,120.0,116.19999694824219,119.30000305175781,616254,0.0,0.0
2023-01-17 00:00:00+00:00,120.0999984741211,120.0999984741211,115.5,116.0999984741211,730978,0.0,0.0
2023-01-18 00:00:00+00:00,113.80000305175781,117.30000305175781,113.80000305175781,115.5999984741211,343236,0.0,0.0
2023-01-19 00:00:00+00:00,109.9000015258789,114.4000015258789,109.9000015258789,110.9000015258789,733971,0.0,0.0
2023-01-20 00:00:00+00:00,110.5999984741211,113.5999984741211,109.5,113.5999984741211,574970,0.0,0.0
2023-01-23 00:00:00+00:00,111.9000015258789,115.77999877929688,111.9000015258789,114.9000015258789,518535,0.0,0.0
2023-01-24 00:00:00+00:00,111.0,118.30000305175781,110.5999984741211,117.0999984741211,1846331,0.0,0.0
2023-01-25 00:00:00+00:00,112.19999694824219,120.0,112.19999694824219,119.5,1494651,0.0,0.0
2023-01-26 00:00:00+00:00,120.9000015258789,123.0,118.69999694824219,120.0,1716213,0.0,0.0
2023-01-27 00:00:00+00:00,117.80000305175781,120.0,115.30000305175781,120.0,1506601,0.0,0.0
2023-01-30 00:00:00+00:00,116.5999984741211,119.5999984741211,115.0,115.80000305175781,639131,0.0,0.0
2023-01-31 00:00:00+00:00,115.19999694824219,115.19999694824219,99.80999755859375,107.0,6682204,0.0,0.0
2023-02-01 00:00:00+00:00,101.30000305175781,109.19999694824219,101.30000305175781,108.19999694824219,1393876,0.0,0.0
2023-02-02 00:00:00+00:00,108.9000015258789,111.5,107.75,111.5,1176972,0.0,0.0
2023-02-03 00:00:00+00:00,108.0,112.5999984741211,107.69999694824219,109.9000015258789,492750,0.0,0.0
2023-02-06 00:00:00+00:00,106.0999984741211,111.0,106.0999984741211,109.9000015258789,891711,0.0,0.0
2023-02-07 00:00:00+00:00,111.0,111.0,105.0,105.5,712905,0.0,0.0
2023-02-08 00:00:00+00:00,109.19999694824219,111.0999984741211,106.0,109.9000015258789,1358266,0.0,0.0
2023-02-09 00:00:00+00:00,111.19999694824219,112.69999694824219,107.9000015258789,108.4000015258789,958131,0.0,0.0
2023-02-10 00:00:00+00:00,107.30000305175781,108.80000305175781,104.80000305175781,108.80000305175781,1353263,0.0,0.0
2023-02-13 00:00:00+00:00,109.5,111.36000061035156,107.5999984741211,109.5999984741211,355379,0.0,0.0
2023-02-14 00:00:00+00:00,109.0999984741211,110.0,107.4000015258789,108.5,525529,0.0,0.0
2023-02-15 00:00:00+00:00,109.4000015258789,109.4000015258789,105.9000015258789,107.5999984741211,1046174,0.0,0.0
2023-02-16 00:00:00+00:00,110.0,110.0,106.4000015258789,107.0999984741211,449676,0.0,0.0
2023-02-17 00:00:00+00:00,110.0,110.0,104.38999938964844,107.0,612722,0.0,0.0
2023-02-20 00:00:00+00:00,110.0,110.0,105.5999984741211,106.4000015258789,224265,0.0,0.0
2023-02-21 00:00:00+00:00,108.0,108.0,105.0,106.69999694824219,490887,0.0,0.0
2023-02-22 00:00:00+00:00,105.80000305175781,107.80000305175781,105.0999984741211,106.19999694824219,1546582,0.0,0.0
2023-02-23 00:00:00+00:00,106.69999694824219,108.5,106.69999694824219,107.69999694824219,1253954,0.0,0.0
2023-02-24 00:00:00+00:00,106.69999694824219,109.5999984741211,103.5,103.5,1127571,0.0,0.0
2023-02-27 00:00:00+00:00,105.69999694824219,108.5999984741211,100.30000305175781,102.69999694824219,1316213,0.0,0.0
2023-02-28 00:00:00+00:00,107.5,110.30000305175781,100.9000015258789,110.30000305175781,3822694,0.0,0.0
2023-03-01 00:00:00+00:00,108.4000015258789,129.3000030517578,105.4000015258789,107.0999984741211,2555141,0.0,0.0
2023-03-02 00:00:00+00:00,106.5,108.9000015258789,104.44999694824219,105.0,797343,0.0,0.0
2023-03-03 00:00:00+00:00,103.0,107.4000015258789,103.0,105.69999694824219,436368,0.0,0.0
2023-03-06 00:00:00+00:00,104.30000305175781,108.9000015258789,104.19999694824219,106.69999694824219,798172,0.0,0.0
2023-03-07 00:00:00+00:00,105.9000015258789,107.69999694824219,104.0,104.4000015258789,759040,0.0,0.0
2023-03-08 00:00:00+00:00,103.5999984741211,107.0260009765625,101.19999694824219,106.0,807309,0.0,0.0
2023-03-09 00:00:00+00:00,104.30000305175781,107.69999694824219,104.0,106.0999984741211,694659,0.0,0.0
2023-03-10 00:00:00+00:00,103.4000015258789,105.37799835205078,103.4000015258789,103.80000305175781,622532,0.0,0.0
2023-03-13 00:00:00+00:00,108.69999694824219,108.69999694824219,100.9000015258789,101.80000305175781,533759,0.0,0.0
2023-03-14 00:00:00+00:00,105.19999694824219,105.4000015258789,101.0999984741211,105.0999984741211,613472,0.0,0.0
2023-03-15 00:00:00+00:00,102.5999984741211,106.19999694824219,101.80000305175781,104.5999984741211,1337847,0.0,0.0
2023-03-16 00:00:00+00:00,108.69999694824219,112.4000015258789,106.9000015258789,107.80000305175781,1830723,0.0,0.0
2023-03-17 00:00:00+00:00,109.0,111.7300033569336,102.5,105.5999984741211,2828154,0.0,0.0
2023-03-20 00:00:00+00:00,103.0999984741211,106.30000305175781,102.0999984741211,105.0,633285,0.0,0.0
2023-03-21 00:00:00+00:00,106.0,107.9000015258789,105.5999984741211,107.9000015258789,880005,0.0,0.0
2023-03-22 00:00:00+00:00,107.80000305175781,112.9000015258789,105.0,107.0999984741211,613649,0.0,0.0
2023-03-23 00:00:00+00:00,108.5999984741211,108.5999984741211,106.0,106.5999984741211,330623,0.0,0.0
2023-03-24 00:00:00+00:00,103.4000015258789,106.5,103.4000015258789,105.0,598580,0.0,0.0
2023-03-27 00:00:00+01:00,106.30000305175781,109.40599822998047,102.0,102.19999694824219,455868,0.0,0.0
2023-03-28 00:00:00+01:00,102.0,105.1259994506836,100.69999694824219,102.5999984741211,1057871,0.0,0.0
2023-03-29 00:00:00+01:00,107.5,107.5,103.0,106.0999984741211,574546,0.0,0.0
2023-03-30 00:00:00+01:00,108.0,109.0979995727539,105.30000305175781,107.5999984741211,1391056,0.0,0.0
2023-03-31 00:00:00+01:00,107.0,111.19000244140625,103.0,104.4000015258789,550808,0.0,0.0
2023-04-03 00:00:00+01:00,104.4000015258789,106.0,101.69999694824219,102.5,495235,0.0,0.0
2023-04-04 00:00:00+01:00,104.0999984741211,104.69999694824219,101.9000015258789,104.0999984741211,797843,0.0,0.0
2023-04-05 00:00:00+01:00,101.0,104.0,100.30000305175781,101.0,473913,0.0,0.0
2023-04-06 00:00:00+01:00,100.5,104.4000015258789,100.5,102.9000015258789,490316,0.0,0.0
2023-04-11 00:00:00+01:00,100.0,104.69999694824219,100.0,102.5999984741211,562606,0.0,0.0
2023-04-12 00:00:00+01:00,104.19999694824219,105.0,101.5999984741211,102.4000015258789,476473,0.0,0.0
2023-04-13 00:00:00+01:00,105.0,105.0,102.4000015258789,103.0,500191,0.0,0.0
2023-04-14 00:00:00+01:00,103.0,104.9000015258789,102.69999694824219,103.30000305175781,167734,0.0,0.0
2023-04-17 00:00:00+01:00,104.0,106.5999984741211,101.4000015258789,102.30000305175781,380331,0.0,0.0
2023-04-18 00:00:00+01:00,102.0999984741211,102.69999694824219,99.75,100.0999984741211,725166,0.0,0.0
2023-04-19 00:00:00+01:00,99.5999984741211,100.69999694824219,98.44999694824219,100.69999694824219,924779,0.0,0.0
2023-04-20 00:00:00+01:00,101.5999984741211,102.0,99.3499984741211,100.0,518285,0.0,0.0
2023-04-21 00:00:00+01:00,101.0,102.30000305175781,99.25,100.69999694824219,478258,0.0,0.0
2023-04-24 00:00:00+01:00,99.55000305175781,101.197998046875,98.19999694824219,99.05000305175781,376143,0.0,0.0
2023-04-25 00:00:00+01:00,97.05000305175781,100.0,97.05000305175781,99.0,494890,0.0,0.0
2023-04-26 00:00:00+01:00,100.4000015258789,101.0999984741211,98.0999984741211,98.80000305175781,662595,0.0,0.0
2023-04-27 00:00:00+01:00,96.8499984741211,100.9000015258789,96.69999694824219,100.19999694824219,382381,0.0,0.0
2023-04-28 00:00:00+01:00,100.4000015258789,104.80000305175781,100.4000015258789,104.30000305175781,862096,0.0,0.0
2023-05-02 00:00:00+01:00,104.19999694824219,107.9000015258789,101.33399963378906,101.9000015258789,889787,0.0,0.0
2023-05-03 00:00:00+01:00,98.0,104.0999984741211,98.0,101.69999694824219,511624,0.0,0.0
2023-05-04 00:00:00+01:00,97.05000305175781,102.0,97.05000305175781,99.5,434866,0.0,0.0
2023-05-05 00:00:00+01:00,101.0,102.0,99.9000015258789,101.0999984741211,1176110,0.0,0.0
2023-05-09 00:00:00+01:00,103.0,103.0,97.0999984741211,97.0999984741211,380860,0.0,0.0
2023-05-10 00:00:00+01:00,98.5,98.75,94.25,95.75,1034708,0.0,0.0
2023-05-11 00:00:00+01:00,96.5,99.80000305175781,93.6500015258789,93.8499984741211,566496,0.0,0.0
2023-05-12 00:00:00+01:00,93.69999694824219,94.94999694824219,90.80000305175781,92.0,869333,0.0,0.0
2023-05-15 00:00:00+01:00,90.80000305175781,92.1500015258789,87.44999694824219,92.1500015258789,956099,0.0,0.0
2023-05-16 00:00:00+01:00,92.75,93.44999694824219,90.73500061035156,92.3499984741211,4648721,0.0,0.0
2023-05-17 00:00:00+01:00,89.94999694824219,92.3499984741211,89.5999984741211,91.80000305175781,820395,0.0,0.0
2023-05-18 00:00:00+01:00,92.5,98.73999786376953,91.25,96.0,1702965,0.0,0.0
2023-05-19 00:00:00+01:00,96.0,97.0,94.05000305175781,94.4000015258789,714618,0.0,0.0
2023-05-22 00:00:00+01:00,93.75,95.72100067138672,93.55000305175781,95.0,889597,0.0,0.0
2023-05-23 00:00:00+01:00,96.0,97.3499984741211,94.1500015258789,95.3499984741211,1595439,0.0,0.0
2023-05-24 00:00:00+01:00,98.0,98.0,92.6500015258789,94.5,1070415,0.0,0.0
2023-05-25 00:00:00+01:00,97.5,97.5,93.69999694824219,94.44999694824219,568694,0.0,0.0
2023-05-26 00:00:00+01:00,98.4000015258789,98.4000015258789,89.19999694824219,91.05000305175781,1697874,0.0,0.0
2023-05-30 00:00:00+01:00,95.0,95.0,89.94999694824219,90.0,650711,0.0,0.0
2023-05-31 00:00:00+01:00,94.55000305175781,94.55000305175781,89.5,90.1500015258789,2507409,0.0,0.0
2023-06-01 00:00:00+01:00,90.69999694824219,91.3499984741211,89.75,91.0,1265583,0.0,0.0
2023-06-02 00:00:00+01:00,94.69999694824219,94.69999694824219,89.55000305175781,90.80000305175781,992703,0.0,0.0
2023-06-05 00:00:00+01:00,94.6500015258789,94.6500015258789,89.9000015258789,90.19999694824219,837516,0.0,0.0
2023-06-06 00:00:00+01:00,94.25,94.25,88.25,89.80000305175781,975880,0.0,0.0
2023-06-07 00:00:00+01:00,93.5,93.5,88.0,88.44999694824219,1610047,0.0,0.0
2023-06-08 00:00:00+01:00,92.6500015258789,92.6500015258789,85.80000305175781,87.0999984741211,3385137,0.0,0.0
2023-06-09 00:00:00+01:00,85.5999984741211,87.70800018310547,85.5,87.1500015258789,1201181,0.0,0.0
2023-06-12 00:00:00+01:00,88.0,89.6500015258789,87.0,88.0999984741211,686049,0.0,0.0
2023-06-13 00:00:00+01:00,88.05000305175781,90.5,87.4000015258789,90.5,1136392,0.0,0.0
2023-06-14 00:00:00+01:00,94.1500015258789,95.1500015258789,90.55000305175781,92.75,1236175,0.0,0.0
2023-06-15 00:00:00+01:00,94.9000015258789,94.9000015258789,91.94999694824219,93.0,436102,0.0,0.0
2023-06-16 00:00:00+01:00,93.3499984741211,99.25,92.6500015258789,99.19999694824219,8181884,0.0,0.0
2023-06-19 00:00:00+01:00,98.19999694824219,102.26699829101562,94.30000305175781,95.5,608620,0.0,0.0
2023-06-20 00:00:00+01:00,94.44999694824219,96.4000015258789,93.3499984741211,95.6500015258789,485801,0.0,0.0
2023-06-21 00:00:00+01:00,96.30000305175781,96.30000305175781,92.19999694824219,92.5,777740,0.0,0.0
2023-06-22 00:00:00+01:00,92.5,93.55000305175781,90.5,92.05000305175781,838863,0.0,0.0
2023-06-23 00:00:00+01:00,90.80000305175781,91.3499984741211,88.19999694824219,88.19999694824219,401988,0.0,0.0
2023-06-26 00:00:00+01:00,88.0,88.44999694824219,86.19999694824219,88.44999694824219,720200,0.0,0.0
2023-06-27 00:00:00+01:00,88.5999984741211,91.0,87.5999984741211,91.0,778877,0.0,0.0
2023-06-28 00:00:00+01:00,86.5,94.05000305175781,86.5,92.6500015258789,727271,0.0,0.0
2023-06-29 00:00:00+01:00,92.0,92.0,89.6500015258789,91.5999984741211,449523,0.0,0.0
2023-06-30 00:00:00+01:00,92.0,93.5999984741211,91.14099884033203,93.0999984741211,1400654,0.0,0.0
2023-07-03 00:00:00+01:00,95.5,95.5,88.9000015258789,89.5999984741211,952613,0.0,0.0
2023-07-04 00:00:00+01:00,88.25,95.19999694824219,86.5,90.19999694824219,827167,0.0,0.0
2023-07-05 00:00:00+01:00,87.4000015258789,90.5260009765625,87.0999984741211,88.69999694824219,673180,0.0,0.0
2023-07-06 00:00:00+01:00,86.9000015258789,90.69999694824219,86.44999694824219,86.44999694824219,822307,0.0,0.0
2023-07-07 00:00:00+01:00,87.44999694824219,93.80000305175781,85.0,86.94999694824219,574057,0.0,0.0
2023-07-10 00:00:00+01:00,85.75,88.0999984741211,85.75,87.25,584555,0.0,0.0
2023-07-11 00:00:00+01:00,86.30000305175781,88.44999694824219,86.30000305175781,88.44999694824219,365221,0.0,0.0
2023-07-12 00:00:00+01:00,90.19999694824219,94.4000015258789,87.30000305175781,91.75,563335,0.0,0.0
2023-07-13 00:00:00+01:00,91.55000305175781,91.55000305175781,89.69999694824219,90.69999694824219,437508,0.0,0.0
2023-07-14 00:00:00+01:00,89.3499984741211,90.30000305175781,88.25,89.30000305175781,428253,0.0,0.0
2023-07-17 00:00:00+01:00,87.6500015258789,92.30000305175781,85.46199798583984,85.9000015258789,499837,0.0,0.0
2023-07-18 00:00:00+01:00,89.0,89.0,85.25,87.05000305175781,687960,0.0,0.0
2023-07-19 00:00:00+01:00,87.0999984741211,97.6500015258789,87.0999984741211,96.05000305175781,1772261,0.0,0.0
2023-07-20 00:00:00+01:00,90.94999694824219,98.19999694824219,90.05699920654297,95.5999984741211,1472028,0.0,0.0
2023-07-21 00:00:00+01:00,95.1500015258789,97.00800323486328,94.4000015258789,95.0999984741211,1361801,0.0,0.0
2023-07-24 00:00:00+01:00,95.9000015258789,97.36699676513672,94.3499984741211,95.0,606910,0.0,0.0
2023-07-25 00:00:00+01:00,97.94999694824219,97.94999694824219,92.5,94.69999694824219,358332,0.0,0.0
2023-07-26 00:00:00+01:00,92.6500015258789,98.19999694824219,92.6500015258789,95.0,257330,0.0,0.0
2023-07-27 00:00:00+01:00,93.44999694824219,97.55000305175781,93.44999694824219,95.80000305175781,503937,0.0,0.0
2023-07-28 00:00:00+01:00,93.75,101.0,93.44999694824219,93.44999694824219,863331,0.0,0.0
2023-07-31 00:00:00+01:00,93.5,93.75,90.44999694824219,90.44999694824219,601802,0.0,0.0
2023-08-01 00:00:00+01:00,90.25,93.46700286865234,86.55000305175781,87.0,743908,0.0,0.0
2023-08-02 00:00:00+01:00,87.0,87.44999694824219,83.19999694824219,84.0,1076878,0.0,0.0
2023-08-03 00:00:00+01:00,85.0,92.94999694824219,85.0,89.05000305175781,846173,0.0,0.0
2023-08-04 00:00:00+01:00,85.0,91.5,85.0,87.3499984741211,940270,0.0,0.0
2023-08-07 00:00:00+01:00,90.0,90.0,85.75,86.0,692360,0.0,0.0
2023-08-08 00:00:00+01:00,85.25,86.0,81.69999694824219,83.0999984741211,1263422,0.0,0.0
2023-08-09 00:00:00+01:00,85.0,85.0,80.0,82.1500015258789,732724,0.0,0.0
2023-08-10 00:00:00+01:00,81.8499984741211,87.3499984741211,80.19999694824219,82.0,713944,0.0,0.0
2023-08-11 00:00:00+01:00,82.5,84.84300231933594,79.69999694824219,83.1500015258789,560927,0.0,0.0
2023-08-14 00:00:00+01:00,85.0,87.8499984741211,81.4000015258789,83.1500015258789,389826,0.0,0.0
2023-08-15 00:00:00+01:00,81.5,86.0,81.19999694824219,85.3499984741211,373918,0.0,0.0
2023-08-16 00:00:00+01:00,81.30000305175781,86.05000305175781,81.30000305175781,85.05000305175781,602904,0.0,0.0
2023-08-17 00:00:00+01:00,81.6500015258789,86.0999984741211,81.6500015258789,84.8499984741211,684764,0.0,0.0
2023-08-18 00:00:00+01:00,84.9000015258789,86.51000213623047,83.4000015258789,84.8499984741211,1030015,0.0,0.0
2023-08-21 00:00:00+01:00,82.8499984741211,85.5,82.8499984741211,83.8499984741211,662303,0.0,0.0
2023-08-22 00:00:00+01:00,84.25,86.9000015258789,83.94999694824219,85.69999694824219,542564,0.0,0.0
2023-08-23 00:00:00+01:00,87.44999694824219,89.8499984741211,86.0,87.80000305175781,672526,0.0,0.0
2023-08-24 00:00:00+01:00,89.3499984741211,89.3499984741211,86.0,87.25,628690,0.0,0.0
2023-08-25 00:00:00+01:00,84.55000305175781,87.5,84.55000305175781,86.5999984741211,354455,0.0,0.0
2023-08-29 00:00:00+01:00,88.5999984741211,90.5999984741211,87.0,89.0,522750,0.0,0.0
2023-08-30 00:00:00+01:00,92.3499984741211,92.3499984741211,89.0,90.05000305175781,420081,0.0,0.0
2023-08-31 00:00:00+01:00,90.94999694824219,92.8499984741211,89.0999984741211,91.1500015258789,1093658,0.0,0.0
2023-09-01 00:00:00+01:00,89.6500015258789,92.80000305175781,89.44999694824219,89.44999694824219,180353,0.0,0.0
2023-09-04 00:00:00+01:00,90.0,90.5,87.87100219726562,88.94999694824219,315321,0.0,0.0
2023-09-05 00:00:00+01:00,87.30000305175781,89.5,87.30000305175781,89.0,173881,0.0,0.0
2023-09-06 00:00:00+01:00,89.55000305175781,90.19999694824219,87.30000305175781,87.69999694824219,274164,0.0,0.0
2023-09-07 00:00:00+01:00,91.19999694824219,91.6500015258789,87.4000015258789,87.4000015258789,526847,0.0,0.0
2023-09-08 00:00:00+01:00,87.94999694824219,89.4000015258789,87.4000015258789,88.1500015258789,213462,0.0,0.0
2023-09-11 00:00:00+01:00,88.19999694824219,91.3499984741211,86.19999694824219,89.75,266474,0.0,0.0
2023-09-12 00:00:00+01:00,90.69999694824219,92.5,90.05000305175781,91.1500015258789,957373,0.0,0.0
2023-09-13 00:00:00+01:00,89.25,90.39900207519531,86.55000305175781,87.80000305175781,622346,0.0,0.0
2023-09-14 00:00:00+01:00,90.05000305175781,90.5,87.41300201416016,89.0,1291585,0.0,0.0
2023-09-15 00:00:00+01:00,89.0,90.44999694824219,81.30000305175781,81.30000305175781,9831937,0.0,0.0
2023-09-18 00:00:00+01:00,83.5999984741211,85.4000015258789,80.5,83.1500015258789,4402145,0.0,0.0
2023-09-19 00:00:00+01:00,82.25,83.1500015258789,80.69999694824219,80.69999694824219,1138247,0.0,0.0
2023-09-20 00:00:00+01:00,83.80000305175781,83.80000305175781,80.5,80.80000305175781,737417,0.0,0.0
2023-09-21 00:00:00+01:00,80.5999984741211,80.7699966430664,77.5999984741211,78.75,1832736,0.0,0.0
2023-09-22 00:00:00+01:00,79.44999694824219,81.1500015258789,78.75,80.3499984741211,1922447,0.0,0.0
2023-09-25 00:00:00+01:00,80.3499984741211,80.8499984741211,76.6500015258789,76.6500015258789,790336,0.0,0.0
2023-09-26 00:00:00+01:00,76.25,77.4000015258789,74.6500015258789,77.0,1407790,0.0,0.0
2023-09-27 00:00:00+01:00,76.5,77.0,75.80000305175781,75.80000305175781,2499373,0.0,0.0
2023-09-28 00:00:00+01:00,75.1500015258789,75.15799713134766,72.5999984741211,72.5999984741211,903635,0.0,0.0
2023-09-29 00:00:00+01:00,72.6500015258789,75.19999694824219,71.9000015258789,73.4000015258789,876279,0.0,0.0
2023-10-02 00:00:00+01:00,77.80000305175781,77.80000305175781,73.69999694824219,74.80000305175781,625447,0.0,0.0
2023-10-03 00:00:00+01:00,73.05000305175781,73.68000030517578,72.69999694824219,72.9000015258789,778182,0.0,0.0
2023-10-04 00:00:00+01:00,72.69999694824219,74.61599731445312,71.0,74.0,1217409,0.0,0.0
2023-10-05 00:00:00+01:00,73.1500015258789,77.5999984741211,72.30000305175781,72.30000305175781,1642542,0.0,0.0
2023-10-06 00:00:00+01:00,72.0,73.0999984741211,69.8499984741211,70.4000015258789,1448398,0.0,0.0
2023-10-09 00:00:00+01:00,72.25,72.25,69.0,70.3499984741211,1030436,0.0,0.0
2023-10-10 00:00:00+01:00,71.75,73.94999694824219,70.69999694824219,73.69999694824219,716358,0.0,0.0
2023-10-11 00:00:00+01:00,73.69999694824219,74.80000305175781,71.0,72.4000015258789,1420526,0.0,0.0
2023-10-12 00:00:00+01:00,73.44999694824219,74.94999694824219,69.9000015258789,70.75,1404196,0.0,0.0
2023-10-13 00:00:00+01:00,70.5,71.19999694824219,68.0,68.0,653415,0.0,0.0
2023-10-16 00:00:00+01:00,67.69999694824219,69.30500030517578,67.3010025024414,67.94999694824219,871836,0.0,0.0
2023-10-17 00:00:00+01:00,68.25,69.5999984741211,67.5,68.19999694824219,831273,0.0,0.0
2023-10-18 00:00:00+01:00,71.75,71.75,65.5,66.0999984741211,962517,0.0,0.0
2023-10-19 00:00:00+01:00,66.0999984741211,67.19999694824219,64.69999694824219,65.0,1255706,0.0,0.0
2023-10-20 00:00:00+01:00,65.0,66.0,63.400001525878906,64.4000015258789,3208878,0.0,0.0
2023-10-23 00:00:00+01:00,65.55000305175781,68.09700012207031,60.54999923706055,62.150001525878906,2041435,0.0,0.0
2023-10-24 00:00:00+01:00,63.45000076293945,63.73500061035156,61.29999923706055,61.75,1673426,0.0,0.0
2023-10-25 00:00:00+01:00,62.599998474121094,62.599998474121094,59.099998474121094,61.400001525878906,2062903,0.0,0.0
2023-10-26 00:00:00+01:00,60.20000076293945,61.04999923706055,59.0,59.0,1901625,0.0,0.0
2023-10-27 00:00:00+01:00,58.5,60.70000076293945,57.400001525878906,59.29999923706055,1664718,0.0,0.0
2023-10-30 00:00:00+00:00,60.5,62.25,59.900001525878906,60.04999923706055,656374,0.0,0.0
2023-10-31 00:00:00+00:00,60.0,61.650001525878906,59.5,60.54999923706055,1645956,0.0,0.0
2023-11-01 00:00:00+00:00,60.04999923706055,62.099998474121094,59.75,61.45000076293945,549675,0.0,0.0
2023-11-02 00:00:00+00:00,67.0,70.60700225830078,65.80000305175781,65.80000305175781,5864771,0.0,0.0
2023-11-03 00:00:00+00:00,64.55000305175781,65.0,63.0,64.55000305175781,2058794,0.0,0.0
2023-11-06 00:00:00+00:00,65.0,66.0,63.650001525878906,65.0,3509644,0.0,0.0
2023-11-07 00:00:00+00:00,64.0,67.9000015258789,64.0,66.5,936307,0.0,0.0
2023-11-08 00:00:00+00:00,64.69999694824219,66.69999694824219,64.69999694824219,65.75,1741001,0.0,0.0
2023-11-09 00:00:00+00:00,66.55000305175781,66.80000305175781,64.4000015258789,66.30000305175781,9604018,0.0,0.0
2023-11-10 00:00:00+00:00,69.0999984741211,69.0999984741211,63.25,63.25,893627,0.0,0.0
2023-11-13 00:00:00+00:00,63.849998474121094,64.9000015258789,62.900001525878906,64.19999694824219,1597192,0.0,0.0
2023-11-14 00:00:00+00:00,63.79999923706055,72.05000305175781,63.400001525878906,71.44999694824219,1565155,0.0,0.0
2023-11-15 00:00:00+00:00,71.44999694824219,75.69999694824219,71.25,74.75,1789639,0.0,0.0
2023-11-16 00:00:00+00:00,72.9000015258789,75.94999694824219,71.6500015258789,75.44999694824219,1747933,0.0,0.0
2023-11-17 00:00:00+00:00,78.25,79.25,74.3499984741211,74.8499984741211,1343627,0.0,0.0
2023-11-20 00:00:00+00:00,71.69999694824219,77.55000305175781,71.30000305175781,73.05000305175781,722632,0.0,0.0
2023-11-21 00:00:00+00:00,76.9000015258789,76.9000015258789,71.55000305175781,71.94999694824219,506210,0.0,0.0
2023-11-22 00:00:00+00:00,69.30000305175781,75.6500015258789,69.30000305175781,74.5,1044391,0.0,0.0
2023-11-23 00:00:00+00:00,74.75,79.29499816894531,72.94999694824219,75.4000015258789,549904,0.0,0.0
2023-11-24 00:00:00+00:00,78.75,79.70500183105469,73.9000015258789,75.8499984741211,610392,0.0,0.0
2023-11-27 00:00:00+00:00,75.25,77.5999984741211,75.25,76.5999984741211,514329,0.0,0.0
2023-11-28 00:00:00+00:00,75.0,79.3499984741211,73.80000305175781,76.30000305175781,1484293,0.0,0.0
2023-11-29 00:00:00+00:00,74.55000305175781,79.3499984741211,73.9000015258789,73.9000015258789,5331004,0.0,0.0
2023-11-30 00:00:00+00:00,73.5999984741211,73.75,69.94999694824219,71.44999694824219,1960597,0.0,0.0
2023-12-01 00:00:00+00:00,71.0,73.75,70.30000305175781,73.05000305175781,550402,0.0,0.0
2023-12-04 00:00:00+00:00,75.80000305175781,76.05000305175781,73.75,74.5,989147,0.0,0.0
2023-12-05 00:00:00+00:00,74.0,77.69999694824219,72.94999694824219,77.30000305175781,535227,0.0,0.0
2023-12-06 00:00:00+00:00,77.25,79.94999694824219,76.69999694824219,78.30000305175781,559597,0.0,0.0
2023-12-07 00:00:00+00:00,82.0999984741211,82.0999984741211,76.9000015258789,77.55000305175781,453560,0.0,0.0
2023-12-08 00:00:00+00:00,78.3499984741211,81.95700073242188,75.0,75.80000305175781,1218705,0.0,0.0
2023-12-11 00:00:00+00:00,75.8499984741211,75.9000015258789,71.05000305175781,71.80000305175781,1668588,0.0,0.0
2023-12-12 00:00:00+00:00,70.0,74.6500015258789,67.30000305175781,68.80000305175781,1692787,0.0,0.0
2023-12-13 00:00:00+00:00,71.6500015258789,71.6500015258789,68.05000305175781,68.75,1508582,0.0,0.0
2023-12-14 00:00:00+00:00,71.0,78.30000305175781,70.9000015258789,75.19999694824219,3576021,0.0,0.0
2023-12-15 00:00:00+00:00,78.4000015258789,78.4000015258789,71.1500015258789,72.8499984741211,5384073,0.0,0.0
2023-12-18 00:00:00+00:00,73.0,75.94999694824219,71.80000305175781,74.69999694824219,4134055,0.0,0.0
2023-12-19 00:00:00+00:00,77.75,81.5,74.9000015258789,81.0,1975113,0.0,0.0
2023-12-20 00:00:00+00:00,80.05000305175781,85.8499984741211,79.30000305175781,81.0999984741211,1729242,0.0,0.0
2023-12-21 00:00:00+00:00,83.9000015258789,83.9000015258789,79.75,82.8499984741211,1019049,0.0,0.0
2023-12-22 00:00:00+00:00,83.9000015258789,83.9000015258789,79.94999694824219,82.9000015258789,285827,0.0,0.0
2023-12-27 00:00:00+00:00,83.9000015258789,86.5,82.44999694824219,86.5,920697,0.0,0.0
2023-12-28 00:00:00+00:00,88.69999694824219,89.8499984741211,86.44999694824219,87.19999694824219,886075,0.0,0.0
2023-12-29 00:00:00+00:00,89.0,89.0,87.0999984741211,89.0,618249,0.0,0.0
2024-01-02 00:00:00+00:00,89.8499984741211,89.85600280761719,85.4000015258789,86.69999694824219,910773,0.0,0.0
2024-01-03 00:00:00+00:00,86.6500015258789,89.69999694824219,84.80000305175781,88.1500015258789,775956,0.0,0.0
2024-01-04 00:00:00+00:00,86.19999694824219,89.19999694824219,85.5999984741211,85.5999984741211,616747,0.0,0.0
2024-01-05 00:00:00+00:00,89.9000015258789,89.9000015258789,83.94999694824219,86.05000305175781,392221,0.0,0.0
2024-01-08 00:00:00+00:00,89.0,89.0,85.0,88.5,568191,0.0,0.0
2024-01-09 00:00:00+00:00,88.9000015258789,89.9000015258789,86.30000305175781,88.30000305175781,1061413,0.0,0.0
2024-01-10 00:00:00+00:00,88.1500015258789,88.30000305175781,83.5999984741211,88.0,5156709,0.0,0.0
2024-01-11 00:00:00+00:00,89.9000015258789,90.55000305175781,88.19999694824219,89.4000015258789,611230,0.0,0.0
2024-01-12 00:00:00+00:00,91.0,91.8499984741211,88.69999694824219,91.0,1129339,0.0,0.0
2024-01-15 00:00:00+00:00,91.0,93.5,89.94999694824219,91.0,1120700,0.0,0.0
2024-01-16 00:00:00+00:00,94.0,94.0,87.1500015258789,87.30000305175781,1851186,0.0,0.0
2024-01-17 00:00:00+00:00,88.0,88.0,83.1500015258789,83.94999694824219,1269445,0.0,0.0
2024-01-18 00:00:00+00:00,88.1500015258789,88.1500015258789,82.5,84.0999984741211,1020771,0.0,0.0
2024-01-19 00:00:00+00:00,84.19999694824219,84.94999694824219,80.75,82.05000305175781,730910,0.0,0.0
2024-01-22 00:00:00+00:00,84.94999694824219,84.94999694824219,80.8499984741211,81.30000305175781,655131,0.0,0.0
2024-01-23 00:00:00+00:00,85.94999694824219,85.94999694824219,79.0,79.0,1452145,0.0,0.0
2024-01-24 00:00:00+00:00,80.80000305175781,83.05000305175781,78.94999694824219,82.0,2489326,0.0,0.0
2024-01-25 00:00:00+00:00,78.25,82.30000305175781,78.25,82.0999984741211,1721772,0.0,0.0
2024-01-26 00:00:00+00:00,82.5,84.8499984741211,81.55000305175781,84.5,1117060,0.0,0.0
2024-01-29 00:00:00+00:00,85.0,85.0,80.9000015258789,81.5,2472350,0.0,0.0
2024-01-30 00:00:00+00:00,81.6500015258789,83.9000015258789,79.25,79.25,989733,0.0,0.0
2024-01-31 00:00:00+00:00,83.1500015258789,85.3499984741211,78.0,79.0999984741211,1425510,0.0,0.0
2024-02-01 00:00:00+00:00,83.5999984741211,83.5999984741211,75.9000015258789,76.1500015258789,850054,0.0,0.0
2024-02-02 00:00:00+00:00,79.9000015258789,79.9000015258789,73.69999694824219,73.69999694824219,7185501,0.0,0.0
2024-02-05 00:00:00+00:00,73.75,79.05400085449219,72.25,76.94999694824219,2715491,0.0,0.0
2024-02-06 00:00:00+00:00,76.0,80.69999694824219,74.6500015258789,76.80000305175781,1163965,0.0,0.0
2024-02-07 00:00:00+00:00,78.5999984741211,78.5999984741211,75.8499984741211,76.0,783730,0.0,0.0
2024-02-08 00:00:00+00:00,76.3499984741211,78.4000015258789,75.9000015258789,77.05000305175781,737569,0.0,0.0
2024-02-09 00:00:00+00:00,75.5,78.25,74.0,77.75,892915,0.0,0.0
2024-02-12 00:00:00+00:00,78.5,79.80000305175781,77.55000305175781,77.8499984741211,619813,0.0,0.0
2024-02-13 00:00:00+00:00,76.3499984741211,78.1500015258789,74.6500015258789,75.8499984741211,870423,0.0,0.0
2024-02-14 00:00:00+00:00,78.5,78.5,74.9000015258789,75.9000015258789,482778,0.0,0.0
2024-02-15 00:00:00+00:00,75.5,76.75,74.69999694824219,75.19999694824219,379546,0.0,0.0
2024-02-16 00:00:00+00:00,76.94999694824219,77.0999984741211,74.1500015258789,76.69999694824219,548095,0.0,0.0
2024-02-19 00:00:00+00:00,78.4000015258789,78.4000015258789,75.30000305175781,76.94999694824219,349440,0.0,0.0
2024-02-20 00:00:00+00:00,78.44999694824219,78.44999694824219,75.80000305175781,77.80000305175781,482046,0.0,0.0
2024-02-21 00:00:00+00:00,77.0,79.1500015258789,76.1500015258789,76.6500015258789,460792,0.0,0.0
2024-02-22 00:00:00+00:00,77.0,77.8499984741211,75.05000305175781,76.5999984741211,624135,0.0,0.0
2024-02-23 00:00:00+00:00,76.0,78.80000305175781,75.0,76.80000305175781,2345947,0.0,0.0
2024-02-26 00:00:00+00:00,76.6500015258789,77.91300201416016,76.0,76.0,970168,0.0,0.0
2024-02-27 00:00:00+00:00,75.5,78.44999694824219,75.1500015258789,77.6500015258789,1849926,0.0,0.0
2024-02-28 00:00:00+00:00,78.75,78.75,74.4000015258789,75.80000305175781,723742,0.0,0.0
2024-02-29 00:00:00+00:00,75.6500015258789,76.9000015258789,73.6500015258789,75.44999694824219,2602786,0.0,0.0
2024-03-01 00:00:00+00:00,77.30000305175781,78.05000305175781,74.69999694824219,76.69999694824219,730386,0.0,0.0
2024-03-04 00:00:00+00:00,77.9000015258789,77.9000015258789,74.55000305175781,75.0,472755,0.0,0.0
2024-03-05 00:00:00+00:00,74.5999984741211,77.30000305175781,74.05000305175781,76.19999694824219,710388,0.0,0.0
2024-03-06 00:00:00+00:00,77.94999694824219,78.3499984741211,76.55000305175781,76.55000305175781,972210,0.0,0.0
2024-03-07 00:00:00+00:00,76.5,78.9000015258789,76.44999694824219,77.5,346298,0.0,0.0
2024-03-08 00:00:00+00:00,79.55000305175781,79.55000305175781,75.55000305175781,78.8499984741211,455404,0.0,0.0
2024-03-11 00:00:00+00:00,78.25,79.5999984741211,76.25,78.3499984741211,793018,0.0,0.0
2024-03-12 00:00:00+00:00,74.05000305175781,81.1500015258789,74.05000305175781,79.19999694824219,660950,0.0,0.0
2024-03-13 00:00:00+00:00,79.4000015258789,81.6240005493164,77.8499984741211,79.44999694824219,2022740,0.0,0.0
2024-03-14 00:00:00+00:00,82.8499984741211,88.3499984741211,78.5,85.25,1432535,0.0,0.0
2024-03-15 00:00:00+00:00,89.69999694824219,89.69999694824219,79.9000015258789,79.9000015258789,2477144,0.0,0.0
2024-03-18 00:00:00+00:00,81.5,84.69999694824219,80.44999694824219,81.5,713367,0.0,0.0
2024-03-19 00:00:00+00:00,80.5999984741211,83.0,79.0999984741211,83.0,927455,0.0,0.0
2024-03-20 00:00:00+00:00,81.0,85.5999984741211,81.0,83.6500015258789,728521,0.0,0.0
2024-03-21 00:00:00+00:00,87.0,87.5,82.3030014038086,87.1500015258789,619697,0.0,0.0
2024-03-22 00:00:00+00:00,85.0999984741211,88.9000015258789,85.0999984741211,88.0,418398,0.0,0.0
2024-03-25 00:00:00+00:00,85.0,88.94999694824219,85.0,87.8499984741211,579352,0.0,0.0
2024-03-26 00:00:00+00:00,87.6500015258789,90.69999694824219,87.4000015258789,90.5999984741211,772573,0.0,0.0
2024-03-27 00:00:00+00:00,89.75,93.25,89.30000305175781,92.75,626242,0.0,0.0
2024-03-28 00:00:00+00:00,91.0,95.44999694824219,91.0,94.9000015258789,838359,0.0,0.0
2024-04-02 00:00:00+01:00,93.5999984741211,96.69999694824219,90.80000305175781,91.5999984741211,868687,0.0,0.0
2024-04-03 00:00:00+01:00,91.5999984741211,93.19999694824219,90.0,91.9000015258789,689786,0.0,0.0
2024-04-04 00:00:00+01:00,89.0,93.19999694824219,89.0,93.19999694824219,782453,0.0,0.0
2024-04-05 00:00:00+01:00,95.0,95.0,91.5,93.5,950905,0.0,0.0
2024-04-08 00:00:00+01:00,93.0999984741211,94.9000015258789,92.69999694824219,93.5,612731,0.0,0.0
2024-04-09 00:00:00+01:00,92.0,95.80000305175781,92.0,95.0,461292,0.0,0.0
2024-04-10 00:00:00+01:00,94.0,98.0999984741211,93.0,95.4000015258789,1070115,0.0,0.0
2024-04-11 00:00:00+01:00,97.80000305175781,97.80000305175781,94.45999908447266,96.19999694824219,562522,0.0,0.0
2024-04-12 00:00:00+01:00,96.80000305175781,98.9000015258789,94.69999694824219,95.30000305175781,353503,0.0,0.0
2024-04-15 00:00:00+01:00,92.0,95.80000305175781,92.0,93.5,757151,0.0,0.0
2024-04-16 00:00:00+01:00,90.0,92.69999694824219,90.0,92.69999694824219,653629,0.0,0.0
2024-04-17 00:00:00+01:00,93.19999694824219,95.80000305175781,92.4000015258789,93.5999984741211,843283,0.0,0.0
2024-04-18 00:00:00+01:00,94.5,96.5999984741211,94.0,95.80000305175781,410307,0.0,0.0
2024-04-19 00:00:00+01:00,92.80000305175781,97.19999694824219,92.80000305175781,96.5,664571,0.0,0.0
2024-04-22 00:00:00+01:00,93.0,99.19999694824219,93.0,94.80000305175781,450586,0.0,0.0
2024-04-23 00:00:00+01:00,94.19999694824219,96.0,93.5999984741211,94.80000305175781,907008,0.0,0.0
2024-04-24 00:00:00+01:00,97.69999694824219,97.69999694824219,91.5,92.69999694824219,852181,0.0,0.0
2024-04-25 00:00:00+01:00,94.5,94.5,91.5999984741211,92.5999984741211,393117,0.0,0.0
2024-04-26 00:00:00+01:00,91.80000305175781,95.9000015258789,91.80000305175781,94.30000305175781,679123,0.0,0.0
2024-04-29 00:00:00+01:00,94.0,99.5,94.0,99.4000015258789,699971,0.0,0.0
2024-04-30 00:00:00+01:00,99.9000015258789,101.5999984741211,98.5999984741211,98.80000305175781,843435,0.0,0.0
2024-05-01 00:00:00+01:00,95.19999694824219,101.4000015258789,95.5,99.9000015258789,434018,0.0,0.0
2024-05-02 00:00:00+01:00,103.4000015258789,103.4000015258789,100.19999694824219,102.19999694824219,533084,0.0,0.0
2024-05-03 00:00:00+01:00,103.0,106.0,102.0,106.0,684349,0.0,0.0
2024-05-07 00:00:00+01:00,106.5999984741211,107.80000305175781,104.80000305175781,107.80000305175781,1038374,0.0,0.0
2024-05-08 00:00:00+01:00,107.80000305175781,109.19999694824219,106.0,106.5999984741211,421919,0.0,0.0
2024-05-09 00:00:00+01:00,106.5999984741211,110.5999984741211,105.4000015258789,109.0,596631,0.0,0.0
2024-05-10 00:00:00+01:00,110.0,111.0,108.19999694824219,110.0,1267435,0.0,0.0
2024-05-13 00:00:00+01:00,110.0,113.09400177001953,110.0,110.5999984741211,3386448,0.0,0.0
2024-05-14 00:00:00+01:00,112.0,112.20800018310547,109.19999694824219,109.19999694824219,610261,0.0,0.0
2024-05-15 00:00:00+01:00,113.4000015258789,113.4000015258789,109.19999694824219,110.4000015258789,1020979,0.0,0.0
2024-05-16 00:00:00+01:00,113.4000015258789,127.23899841308594,111.85900115966797,123.5999984741211,2038136,0.0,0.0
2024-05-17 00:00:00+01:00,124.5999984741211,130.0,123.4000015258789,124.80000305175781,1095611,0.0,0.0
2024-05-20 00:00:00+01:00,125.5999984741211,130.0,125.5999984741211,126.19999694824219,565947,0.0,0.0
2024-05-21 00:00:00+01:00,127.19999694824219,127.19999694824219,123.19999694824219,123.80000305175781,670036,0.0,0.0
2024-05-22 00:00:00+01:00,123.0,125.80000305175781,120.4000015258789,120.4000015258789,964170,0.0,0.0
2024-05-23 00:00:00+01:00,124.5999984741211,124.5999984741211,116.4000015258789,116.5999984741211,675983,0.0,0.0
2024-05-24 00:00:00+01:00,115.4000015258789,120.0,114.5999984741211,118.0,822456,0.0,0.0
2024-05-28 00:00:00+01:00,117.0,123.5999984741211,117.0,123.5999984741211,1985813,0.0,0.0
2024-05-29 00:00:00+01:00,124.0,124.80000305175781,118.80000305175781,119.5999984741211,950556,0.0,0.0
2024-05-30 00:00:00+01:00,123.0,126.4000015258789,117.80000305175781,124.4000015258789,1505135,0.0,0.0
2024-05-31 00:00:00+01:00,126.5999984741211,128.0,122.0,124.80000305175781,2689485,0.0,0.0
2024-06-03 00:00:00+01:00,125.0,129.39999389648438,124.5999984741211,129.39999389648438,1109730,0.0,0.0
2024-06-04 00:00:00+01:00,128.8000030517578,130.39999389648438,127.80000305175781,128.0,789914,0.0,0.0
2024-06-05 00:00:00+01:00,130.0,130.0,125.5999984741211,127.0,523786,0.0,0.0
2024-06-06 00:00:00+01:00,129.39999389648438,129.39999389648438,125.19999694824219,127.80000305175781,931542,0.0,0.0
2024-06-07 00:00:00+01:00,128.60000610351562,129.1999969482422,125.80000305175781,127.4000015258789,684590,0.0,0.0
2024-06-10 00:00:00+01:00,129.39999389648438,129.39999389648438,123.19999694824219,126.4000015258789,634716,0.0,0.0
2024-06-11 00:00:00+01:00,123.0,128.39999389648438,122.35099792480469,123.4000015258789,634427,0.0,0.0
2024-06-12 00:00:00+01:00,126.4000015258789,126.4000015258789,120.0,124.0,633611,0.0,0.0
2024-06-13 00:00:00+01:00,126.19999694824219,126.80000305175781,122.73200225830078,124.5999984741211,809919,0.0,0.0
2024-06-14 00:00:00+01:00,123.4000015258789,125.19999694824219,122.68000030517578,124.19999694824219,397683,0.0,0.0
2024-06-17 00:00:00+01:00,127.80000305175781,127.80000305175781,119.00900268554688,123.4000015258789,500262,0.0,0.0
2024-06-18 00:00:00+01:00,121.19999694824219,124.4000015258789,121.19999694824219,123.19999694824219,626198,0.0,0.0
2024-06-19 00:00:00+01:00,118.4000015258789,120.80000305175781,111.19999694824219,113.5999984741211,5137034,0.0,0.0
2024-06-20 00:00:00+01:00,113.0,118.0,113.0,116.4000015258789,1814281,0.0,0.0
2024-06-21 00:00:00+01:00,115.5999984741211,118.4000015258789,113.0,117.80000305175781,27441751,0.0,0.0
2024-06-24 00:00:00+01:00,114.0,119.0,114.0,118.80000305175781,5273404,0.0,0.0
2024-06-25 00:00:00+01:00,118.0,122.19999694824219,118.0,122.0,953256,0.0,0.0
2024-06-26 00:00:00+01:00,124.0,124.0,116.5999984741211,117.80000305175781,1631648,0.0,0.0
2024-06-27 00:00:00+01:00,118.0,122.4000015258789,116.5999984741211,119.0,872214,0.0,0.0
2024-06-28 00:00:00+01:00,119.19999694824219,119.4000015258789,114.70800018310547,116.4000015258789,2580923,0.0,0.0
2024-07-01 00:00:00+01:00,120.5999984741211,120.5999984741211,112.5999984741211,118.4000015258789,800775,0.0,0.0
2024-07-02 00:00:00+01:00,118.5999984741211,120.5999984741211,117.80000305175781,120.19999694824219,3990840,0.0,0.0
2024-07-03 00:00:00+01:00,118.19999694824219,122.0,118.19999694824219,121.4000015258789,1155160,0.0,0.0
2024-07-04 00:00:00+01:00,122.0,123.4000015258789,118.5999984741211,122.4000015258789,817604,0.0,0.0
2024-07-05 00:00:00+01:00,124.0,127.4000015258789,123.5999984741211,124.0,1525853,0.0,0.0
2024-07-08 00:00:00+01:00,124.4000015258789,127.19999694824219,122.19999694824219,125.19999694824219,663940,0.0,0.0
2024-07-09 00:00:00+01:00,122.0,125.19999694824219,121.80000305175781,122.0,1085606,0.0,0.0
2024-07-10 00:00:00+01:00,124.0,127.12799835205078,122.322998046875,126.0,964750,0.0,0.0
2024-07-11 00:00:00+01:00,124.0,129.1999969482422,124.0,127.80000305175781,798524,0.0,0.0
2024-07-12 00:00:00+01:00,127.80000305175781,129.39999389648438,127.19999694824219,129.0,677478,0.0,0.0
2024-07-15 00:00:00+01:00,129.60000610351562,129.60000610351562,127.19999694824219,128.8000030517578,769988,0.0,0.0
2024-07-16 00:00:00+01:00,129.60000610351562,129.60000610351562,126.5999984741211,127.5999984741211,3015684,0.0,0.0
2024-07-17 00:00:00+01:00,127.80000305175781,129.60000610351562,126.7300033569336,128.0,581124,0.0,0.0
2024-07-18 00:00:00+01:00,126.0,130.0,126.0,128.60000610351562,785799,0.0,0.0
2024-07-19 00:00:00+01:00,129.39999389648438,129.8000030517578,127.5999984741211,129.39999389648438,506367,0.0,0.0
2024-07-22 00:00:00+01:00,129.60000610351562,133.1999969482422,129.60000610351562,131.0,575936,0.0,0.0
2024-07-23 00:00:00+01:00,134.0,134.0,127.80000305175781,127.80000305175781,1364395,0.0,0.0
2024-07-24 00:00:00+01:00,129.60000610351562,129.60000610351562,125.4000015258789,125.4000015258789,773733,0.0,0.0
2024-07-25 00:00:00+01:00,129.60000610351562,129.60000610351562,121.75,122.4000015258789,764838,0.0,0.0
2024-07-26 00:00:00+01:00,122.4000015258789,126.5999984741211,118.44400024414062,126.4000015258789,900059,0.0,0.0
2024-07-29 00:00:00+01:00,121.4000015258789,128.0,121.4000015258789,125.19999694824219,625422,0.0,0.0
2024-07-30 00:00:00+01:00,127.80000305175781,130.8000030517578,126.4000015258789,126.5999984741211,876327,0.0,0.0
2024-07-31 00:00:00+01:00,128.0,129.1999969482422,126.4000015258789,126.5999984741211,678590,0.0,0.0
2024-08-01 00:00:00+01:00,132.0,132.0,126.4000015258789,127.0,1317794,0.0,0.0
2024-08-02 00:00:00+01:00,120.80000305175781,125.9990005493164,120.80000305175781,121.80000305175781,919022,0.0,0.0
2024-08-05 00:00:00+01:00,128.60000610351562,128.60000610351562,112.4000015258789,117.5999984741211,1134080,0.0,0.0
2024-08-06 00:00:00+01:00,115.19999694824219,119.80000305175781,115.19999694824219,118.5999984741211,1590122,0.0,0.0
2024-08-07 00:00:00+01:00,121.80000305175781,122.19999694824219,117.0,122.19999694824219,1577148,0.0,0.0
2024-08-08 00:00:00+01:00,117.80000305175781,125.0,102.29199981689453,116.80000305175781,1811360,0.0,0.0
2024-08-09 00:00:00+01:00,122.0,122.0,116.4000015258789,119.5999984741211,1152238,0.0,0.0
2024-08-12 00:00:00+01:00,123.5999984741211,123.5999984741211,118.80000305175781,120.0,476893,0.0,0.0
2024-08-13 00:00:00+01:00,120.19999694824219,123.19999694824219,119.0,121.0,511177,0.0,0.0
2024-08-14 00:00:00+01:00,115.0,125.19999694824219,115.0,120.80000305175781,430108,0.0,0.0
2024-08-15 00:00:00+01:00,115.0,123.80000305175781,115.0,123.0,430581,0.0,0.0
2024-08-16 00:00:00+01:00,123.0,124.33599853515625,120.80000305175781,120.80000305175781,921253,0.0,0.0
2024-08-19 00:00:00+01:00,121.0,124.19999694824219,120.19999694824219,122.0,3067580,0.0,0.0
2024-08-20 00:00:00+01:00,122.0,123.19999694824219,120.19999694824219,120.19999694824219,913241,0.0,0.0
2024-08-21 00:00:00+01:00,120.19999694824219,121.19999694824219,119.5999984741211,120.80000305175781,1163087,0.0,0.0
2024-08-22 00:00:00+01:00,120.4000015258789,125.5999984741211,120.4000015258789,123.0,664973,0.0,0.0
2024-08-23 00:00:00+01:00,120.5999984741211,124.0,120.5999984741211,123.0,2203693,0.0,0.0
2024-08-27 00:00:00+01:00,120.5999984741211,123.11000061035156,116.19999694824219,116.19999694824219,1301449,0.0,0.0
2024-08-28 00:00:00+01:00,116.0,118.80000305175781,115.80000305175781,115.80000305175781,828803,0.0,0.0
2024-08-29 00:00:00+01:00,117.0,117.0,110.5999984741211,111.80000305175781,2511772,0.0,0.0
2024-08-30 00:00:00+01:00,112.19999694824219,115.0,112.03399658203125,113.4000015258789,2145720,0.0,0.0
2024-09-02 00:00:00+01:00,112.5999984741211,118.0,111.5999984741211,112.80000305175781,546704,0.0,0.0
2024-09-03 00:00:00+01:00,110.19999694824219,115.5999984741211,109.80000305175781,112.0,858338,0.0,0.0
2024-09-04 00:00:00+01:00,110.19999694824219,113.0,108.80000305175781,113.0,936740,0.0,0.0
2024-09-05 00:00:00+01:00,111.0,112.80000305175781,111.0,112.4000015258789,518756,0.0,0.0
2024-09-06 00:00:00+01:00,117.19999694824219,117.19999694824219,106.5999984741211,109.5999984741211,1012565,0.0,0.0
2024-09-09 00:00:00+01:00,109.4000015258789,111.4000015258789,109.19999694824219,110.4000015258789,429630,0.0,0.0
2024-09-10 00:00:00+01:00,114.0,114.0,110.19999694824219,111.80000305175781,515310,0.0,0.0
2024-09-11 00:00:00+01:00,111.80000305175781,114.80000305175781,110.80000305175781,111.0,576392,0.0,0.0
2024-09-12 00:00:00+01:00,110.80000305175781,114.80000305175781,110.5999984741211,110.5999984741211,460853,0.0,0.0
2024-09-13 00:00:00+01:00,115.0,115.0,110.80000305175781,111.80000305175781,449439,0.0,0.0
2024-09-16 00:00:00+01:00,111.80000305175781,113.4000015258789,111.5999984741211,112.0,612589,0.0,0.0
2024-09-17 00:00:00+01:00,114.0,114.80000305175781,110.5999984741211,111.4000015258789,1439223,0.0,0.0
2024-09-18 00:00:00+01:00,111.80000305175781,114.80000305175781,110.4000015258789,112.0,723187,0.0,0.0
2024-09-19 00:00:00+01:00,112.19999694824219,113.4000015258789,111.19999694824219,111.4000015258789,1129254,0.0,0.0
2024-09-20 00:00:00+01:00,110.5999984741211,112.0,109.4540023803711,112.0,12577880,0.0,0.0
2024-09-23 00:00:00+01:00,112.80000305175781,113.19999694824219,111.19999694824219,111.80000305175781,6262248,0.0,0.0
2024-09-24 00:00:00+01:00,115.0,115.0,111.0999984741211,113.0,1904424,0.0,0.0
2024-09-25 00:00:00+01:00,111.4000015258789,115.5999984741211,111.4000015258789,115.5999984741211,530837,0.0,0.0
2024-09-26 00:00:00+01:00,115.0,120.4000015258789,115.0,116.19999694824219,623478,0.0,0.0
2024-09-27 00:00:00+01:00,116.19999694824219,118.80000305175781,114.5999984741211,115.19999694824219,623077,0.0,0.0
2024-09-30 00:00:00+01:00,115.19999694824219,115.5999984741211,113.4000015258789,114.5999984741211,942474,0.0,0.0
2024-10-01 00:00:00+01:00,113.0,115.4000015258789,112.80000305175781,113.80000305175781,441887,0.0,0.0
2024-10-02 00:00:00+01:00,112.4000015258789,113.80000305175781,109.0,109.0,1230232,0.0,0.0
2024-10-03 00:00:00+01:00,107.19999694824219,111.0,107.19999694824219,110.4000015258789,463744,0.0,0.0
2024-10-04 00:00:00+01:00,110.19999694824219,114.4000015258789,110.19999694824219,111.80000305175781,405297,0.0,0.0
2024-10-07 00:00:00+01:00,113.4000015258789,113.4000015258789,108.6510009765625,110.4000015258789,503676,0.0,0.0
2024-10-08 00:00:00+01:00,110.4000015258789,110.4000015258789,107.80000305175781,109.0,543544,0.0,0.0
2024-10-09 00:00:00+01:00,107.19999694824219,109.5999984741211,107.0,108.0,1995475,0.0,0.0
2024-10-10 00:00:00+01:00,110.0,110.0,106.4000015258789,108.0,886982,0.0,0.0
2024-10-11 00:00:00+01:00,106.19999694824219,108.4000015258789,105.56600189208984,108.19999694824219,1336020,0.0,0.0
2024-10-14 00:00:00+01:00,104.5999984741211,109.0,104.5999984741211,109.0,363524,0.0,0.0
2024-10-15 00:00:00+01:00,110.0,110.0,107.4000015258789,107.80000305175781,693244,0.0,0.0
2024-10-16 00:00:00+01:00,110.0,110.80000305175781,108.19999694824219,110.4000015258789,625974,0.0,0.0
2024-10-17 00:00:00+01:00,115.80000305175781,115.80000305175781,110.0,110.0,935902,0.0,0.0
2024-10-18 00:00:00+01:00,112.0,112.4000015258789,109.80000305175781,112.0,651778,0.0,0.0
2024-10-21 00:00:00+01:00,117.5999984741211,117.5999984741211,109.80000305175781,110.19999694824219,372528,0.0,0.0
2024-10-22 00:00:00+01:00,105.4000015258789,110.0,105.4000015258789,109.80000305175781,581850,0.0,0.0
2024-10-23 00:00:00+01:00,108.0,110.80000305175781,108.0,110.4000015258789,506694,0.0,0.0
2024-10-24 00:00:00+01:00,105.0,112.0,105.0,111.4000015258789,225546,0.0,0.0
2024-10-25 00:00:00+01:00,113.80000305175781,113.80000305175781,109.5999984741211,112.80000305175781,486281,0.0,0.0
2024-10-28 00:00:00+00:00,109.4000015258789,114.0,109.4000015258789,112.4000015258789,633880,0.0,0.0
2024-10-29 00:00:00+00:00,109.4000015258789,114.80000305175781,108.80000305175781,109.4000015258789,973644,0.0,0.0
2024-10-30 00:00:00+00:00,109.19999694824219,111.0,108.0,108.19999694824219,1035847,0.0,0.0
2024-10-31 00:00:00+00:00,107.80000305175781,108.19999694824219,105.19999694824219,106.4000015258789,1419893,0.0,0.0
2024-11-01 00:00:00+00:00,106.0,110.80000305175781,106.0,110.4000015258789,1689473,0.0,0.0
2024-11-04 00:00:00+00:00,112.4000015258789,112.80000305175781,109.0,109.5999984741211,678040,0.0,0.0
2024-11-05 00:00:00+00:00,110.0,112.19999694824219,109.5999984741211,109.80000305175781,886467,0.0,0.0
2024-11-06 00:00:00+00:00,112.0,112.80000305175781,108.10900115966797,108.5999984741211,971479,0.0,0.0
2024-11-07 00:00:00+00:00,107.0,108.80000305175781,102.80000305175781,106.19999694824219,1110473,0.0,0.0
2024-11-08 00:00:00+00:00,106.4000015258789,109.19999694824219,105.19999694824219,109.0,526997,0.0,0.0
2024-11-11 00:00:00+00:00,110.0,114.4000015258789,110.0,112.80000305175781,1520579,0.0,0.0
2024-11-12 00:00:00+00:00,112.4000015258789,112.60800170898438,106.5999984741211,106.5999984741211,748440,0.0,0.0
2024-11-13 00:00:00+00:00,107.0,108.5999984741211,105.19999694824219,105.4000015258789,1133306,0.0,0.0
2024-11-14 00:00:00+00:00,106.5999984741211,107.5999984741211,104.80000305175781,107.5999984741211,516212,0.0,0.0
2024-11-15 00:00:00+00:00,106.19999694824219,112.80000305175781,105.80000305175781,106.19999694824219,517214,0.0,0.0
2024-11-18 00:00:00+00:00,106.19999694824219,106.26300048828125,103.19999694824219,104.4000015258789,635271,0.0,0.0
2024-11-19 00:00:00+00:00,102.80000305175781,105.5999984741211,100.80000305175781,101.4000015258789,485391,0.0,0.0
2024-11-20 00:00:00+00:00,96.19999694824219,100.80000305175781,93.0999984741211,96.4000015258789,4063674,0.0,0.0
2024-11-21 00:00:00+00:00,96.30000305175781,98.5999984741211,93.5,95.0,3111170,0.0,0.0
2024-11-22 00:00:00+00:00,95.0,96.30000305175781,94.0,96.30000305175781,1385848,0.0,0.0
2024-11-25 00:00:00+00:00,99.0,99.2760009765625,94.9000015258789,96.80000305175781,892619,0.0,0.0
2024-11-26 00:00:00+00:00,96.0999984741211,99.0999984741211,95.5999984741211,98.5,994886,0.0,0.0
2024-11-27 00:00:00+00:00,98.5999984741211,100.19999694824219,97.87200164794922,99.80000305175781,533078,0.0,0.0
2024-11-28 00:00:00+00:00,100.19999694824219,102.80000305175781,98.9000015258789,99.19999694824219,3442083,0.0,0.0
2024-11-29 00:00:00+00:00,102.0,102.0,97.19999694824219,98.4000015258789,5305346,0.0,0.0
2024-12-02 00:00:00+00:00,97.69999694824219,98.9000015258789,96.80000305175781,97.30000305175781,573730,0.0,0.0
2024-12-03 00:00:00+00:00,95.5999984741211,98.9000015258789,95.5999984741211,97.0,533143,0.0,0.0
2024-12-04 00:00:00+00:00,96.4000015258789,99.9000015258789,96.0999984741211,96.0999984741211,796080,0.0,0.0
2024-12-05 00:00:00+00:00,95.69999694824219,100.4000015258789,93.0,93.69999694824219,1804354,0.0,0.0
2024-12-06 00:00:00+00:00,93.19999694824219,96.03700256347656,93.19999694824219,95.5,1097118,0.0,0.0
2024-12-09 00:00:00+00:00,95.5,96.0999984741211,94.5999984741211,95.4000015258789,1466594,0.0,0.0
2024-12-10 00:00:00+00:00,98.30000305175781,98.30000305175781,94.69999694824219,95.0999984741211,2999730,0.0,0.0
2024-12-11 00:00:00+00:00,95.0,95.5,92.80000305175781,94.0,927251,0.0,0.0
2024-12-12 00:00:00+00:00,95.69999694824219,96.9000015258789,94.4000015258789,94.5999984741211,828473,0.0,0.0
2024-12-13 00:00:00+00:00,94.30000305175781,96.28600311279297,93.9000015258789,94.69999694824219,964712,0.0,0.0
2024-12-16 00:00:00+00:00,94.5,94.9000015258789,93.30000305175781,94.80000305175781,1057581,0.0,0.0
2024-12-17 00:00:00+00:00,99.0,99.0,94.0,94.0,2110939,0.0,0.0
2024-12-18 00:00:00+00:00,93.80000305175781,95.0999984741211,93.5,93.5999984741211,538852,0.0,0.0
2024-12-19 00:00:00+00:00,95.0,95.0,91.19999694824219,93.0,2246441,0.0,0.0
2024-12-20 00:00:00+00:00,97.0999984741211,97.0999984741211,91.4000015258789,92.0999984741211,4496504,0.0,0.0
2024-12-23 00:00:00+00:00,92.19999694824219,92.19999694824219,90.19999694824219,90.5,912235,0.0,0.0
2024-12-24 00:00:00+00:00,90.9000015258789,91.0999984741211,88.5999984741211,90.80000305175781,169682,0.0,0.0
2024-12-27 00:00:00+00:00,89.4000015258789,91.5,88.5999984741211,91.30000305175781,974669,0.0,0.0
2024-12-30 00:00:00+00:00,91.0,91.80000305175781,90.30000305175781,91.4000015258789,793779,0.0,0.0
2024-12-31 00:00:00+00:00,91.19999694824219,92.0,91.19999694824219,91.5,249018,0.0,0.0
2025-01-02 00:00:00+00:00,91.5999984741211,94.5999984741211,90.80000305175781,93.9000015258789,2217316,0.0,0.0
2025-01-03 00:00:00+00:00,93.9000015258789,95.30000305175781,92.9000015258789,93.0,421350,0.0,0.0
2025-01-06 00:00:00+00:00,92.4000015258789,95.30000305175781,92.0,93.69999694824219,1433747,0.0,0.0
2025-01-07 00:00:00+00:00,90.69999694824219,93.19999694824219,90.69999694824219,91.5999984741211,896697,0.0,0.0
2025-01-08 00:00:00+00:00,91.5999984741211,93.33200073242188,89.19999694824219,90.0,2144654,0.0,0.0
2025-01-09 00:00:00+00:00,88.0999984741211,91.5,87.19999694824219,91.5,2689402,0.0,0.0
2025-01-10 00:00:00+00:00,90.5,91.4000015258789,88.9000015258789,89.5,1348022,0.0,0.0
2025-01-13 00:00:00+00:00,89.30000305175781,90.19999694824219,87.27200317382812,88.80000305175781,860619,0.0,0.0
2025-01-14 00:00:00+00:00,89.19999694824219,90.0,87.6969985961914,89.69999694824219,848448,0.0,0.0
2025-01-15 00:00:00+00:00,91.5,93.76699829101562,90.19999694824219,92.0,1331824,0.0,0.0
2025-01-16 00:00:00+00:00,91.5999984741211,91.9000015258789,89.5999984741211,90.5,786718,0.0,0.0
2025-01-17 00:00:00+00:00,90.5,91.9000015258789,89.69999694824219,90.5999984741211,1174210,0.0,0.0
2025-01-20 00:00:00+00:00,90.69999694824219,92.05999755859375,89.19999694824219,89.4000015258789,671374,0.0,0.0
2025-01-21 00:00:00+00:00,88.30000305175781,90.0999984741211,88.30000305175781,90.0,1553115,0.0,0.0
2025-01-22 00:00:00+00:00,89.9000015258789,91.5,88.80000305175781,90.0,993209,0.0,0.0
2025-01-23 00:00:00+00:00,90.0,91.0,89.19999694824219,90.19999694824219,1058944,0.0,0.0
2025-01-24 00:00:00+00:00,90.30000305175781,91.69999694824219,89.5999984741211,90.19999694824219,845108,0.0,0.0
2025-01-27 00:00:00+00:00,88.0999984741211,92.19999694824219,88.0,91.69999694824219,1528556,0.0,0.0
2025-01-28 00:00:00+00:00,95.0,95.0,90.80000305175781,93.19999694824219,942073,0.0,0.0
2025-01-29 00:00:00+00:00,93.0999984741211,94.0999984741211,91.5999984741211,92.0,691099,0.0,0.0
2025-01-30 00:00:00+00:00,91.5,93.5,91.5,93.0,834765,0.0,0.0
2025-01-31 00:00:00+00:00,93.0,95.0999984741211,92.80000305175781,95.0,17621369,0.0,0.0
2025-02-03 00:00:00+00:00,94.0999984741211,97.9000015258789,91.5999984741211,95.5,3734880,0.0,0.0
2025-02-04 00:00:00+00:00,96.5,98.30000305175781,94.30000305175781,96.4000015258789,1797344,0.0,0.0
2025-02-05 00:00:00+00:00,96.5,98.30000305175781,95.0,95.5,2957469,0.0,0.0
2025-02-06 00:00:00+00:00,95.5,97.4000015258789,94.0999984741211,95.30000305175781,2560698,0.0,0.0
2025-02-07 00:00:00+00:00,96.19999694824219,96.65899658203125,92.677001953125,93.5999984741211,611960,0.0,0.0
2025-02-10 00:00:00+00:00,93.9800033569336,96.5999984741211,93.0,96.4000015258789,867144,0.0,0.0
2025-02-11 00:00:00+00:00,99.9000015258789,99.9000015258789,94.30000305175781,94.4000015258789,924950,0.0,0.0
2025-02-12 00:00:00+00:00,94.69999694824219,97.69999694824219,94.5999984741211,95.19999694824219,4335616,0.0,0.0
2025-02-13 00:00:00+00:00,95.30000305175781,95.80000305175781,94.4000015258789,94.9000015258789,1078156,0.0,0.0
2025-02-14 00:00:00+00:00,99.9000015258789,99.9000015258789,93.80000305175781,93.9000015258789,771037,0.0,0.0
2025-02-17 00:00:00+00:00,95.0,96.0,92.5,92.5,747325,0.0,0.0
2025-02-18 00:00:00+00:00,91.0,94.30000305175781,91.0,91.9000015258789,1237974,0.0,0.0
2025-02-19 00:00:00+00:00,91.5999984741211,92.80000305175781,91.30000305175781,92.4000015258789,1016760,0.0,0.0
2025-02-20 00:00:00+00:00,92.30000305175781,93.30000305175781,91.4000015258789,93.19999694824219,469893,0.0,0.0
2025-02-21 00:00:00+00:00,93.0999984741211,96.0,93.0999984741211,95.5999984741211,433428,0.0,0.0
2025-02-24 00:00:00+00:00,95.0999984741211,99.69999694824219,95.0999984741211,96.69999694824219,790755,0.0,0.0
2025-02-25 00:00:00+00:00,99.9000015258789,99.9000015258789,93.9000015258789,95.19999694824219,939867,0.0,0.0
2025-02-26 00:00:00+00:00,94.0,96.30000305175781,93.4000015258789,94.69999694824219,2143489,0.0,0.0
2025-02-27 00:00:00+00:00,95.69999694824219,98.51799774169922,94.0,98.5,1114943,0.0,0.0
2025-02-28 00:00:00+00:00,97.5,98.5999984741211,97.19999694824219,97.69999694824219,2331815,0.0,0.0
2025-03-03 00:00:00+00:00,98.0,99.80000305175781,97.5,99.0,493689,0.0,0.0
2025-03-04 00:00:00+00:00,98.5999984741211,99.5999984741211,97.0999984741211,97.0999984741211,1314541,0.0,0.0
2025-03-05 00:00:00+00:00,98.0,98.80000305175781,96.0,96.0,1846059,0.0,0.0
2025-03-06 00:00:00+00:00,92.30000305175781,97.69999694824219,92.30000305175781,95.5999984741211,835258,0.0,0.0
2025-03-07 00:00:00+00:00,95.9000015258789,96.9000015258789,94.0999984741211,96.9000015258789,1003066,0.0,0.0
2025-03-10 00:00:00+00:00,93.0,98.23699951171875,93.0,95.30000305175781,1194537,0.0,0.0
2025-03-11 00:00:00+00:00,93.5999984741211,97.4000015258789,93.5,94.4000015258789,3351753,0.0,0.0
2025-03-12 00:00:00+00:00,95.9000015258789,97.5999984741211,93.9000015258789,97.5999984741211,1723141,0.0,0.0
2025-03-13 00:00:00+00:00,101.0,102.0,96.0999984741211,101.4000015258789,9030863,0.0,0.0
2025-03-14 00:00:00+00:00,101.0,102.4000015258789,100.80000305175781,102.19999694824219,1052905,0.0,0.0
2025-03-17 00:00:00+00:00,102.80000305175781,106.4000015258789,101.71499633789062,105.4000015258789,1411065,0.0,0.0
2025-03-18 00:00:00+00:00,105.19999694824219,106.87999725341797,105.19999694824219,106.4000015258789,1412590,0.0,0.0
2025-03-19 00:00:00+00:00,101.5999984741211,106.80000305175781,101.0,105.80000305175781,1400174,0.0,0.0
2025-03-20 00:00:00+00:00,105.0,106.80000305175781,104.0,106.19999694824219,2004949,0.0,0.0
2025-03-21 00:00:00+00:00,107.4000015258789,107.4000015258789,101.5999984741211,103.4000015258789,4778930,0.0,0.0
2025-03-24 00:00:00+00:00,107.4000015258789,107.4000015258789,102.19999694824219,103.5999984741211,4084211,0.0,0.0
2025-03-25 00:00:00+00:00,103.0,105.4000015258789,102.4000015258789,104.4000015258789,11178099,0.0,0.0
2025-03-26 00:00:00+00:00,107.4000015258789,107.4000015258789,104.4000015258789,106.0,1737245,0.0,0.0
2025-03-27 00:00:00+00:00,105.0,107.4000015258789,105.0,107.0,1897744,0.0,0.0
2025-03-28 00:00:00+00:00,107.4000015258789,110.0,107.0,110.0,1289484,0.0,0.0
2025-03-31 00:00:00+01:00,109.19999694824219,109.80000305175781,106.4000015258789,106.5999984741211,4243951,0.0,0.0
2025-04-01 00:00:00+01:00,107.4000015258789,108.19999694824219,106.5999984741211,107.0,2253328,0.0,0.0
2025-04-02 00:00:00+01:00,109.5999984741211,109.5999984741211,105.4000015258789,108.0,1236455,0.0,0.0
2025-04-03 00:00:00+01:00,106.80000305175781,107.80000305175781,106.0,106.0,1177549,0.0,0.0
2025-04-04 00:00:00+01:00,110.19999694824219,110.19999694824219,99.80000305175781,100.80000305175781,6744222,0.0,0.0
2025-04-07 00:00:00+01:00,96.80000305175781,98.0,92.5,94.69999694824219,3733456,0.0,0.0
2025-04-08 00:00:00+01:00,96.5999984741211,97.9000015258789,95.0,97.4000015258789,1921405,0.0,0.0
2025-04-09 00:00:00+01:00,93.0999984741211,97.125,92.69999694824219,94.80000305175781,1915529,0.0,0.0
2025-04-10 00:00:00+01:00,98.4000015258789,100.89800262451172,97.19999694824219,97.19999694824219,1649250,0.0,0.0
2025-04-11 00:00:00+01:00,97.69999694824219,98.80000305175781,94.80000305175781,98.0,1746017,0.0,0.0
2025-04-14 00:00:00+01:00,101.0,103.4000015258789,98.69999694824219,103.4000015258789,1238626,0.0,0.0
2025-04-15 00:00:00+01:00,103.5999984741211,107.80000305175781,102.80000305175781,107.5999984741211,785235,0.0,0.0
2025-04-16 00:00:00+01:00,107.0,109.0,106.4000015258789,106.4000015258789,1075237,0.0,0.0
2025-04-17 00:00:00+01:00,105.5999984741211,106.19999694824219,104.19999694824219,106.0,796963,0.0,0.0
2025-04-22 00:00:00+01:00,105.0,108.0,103.48100280761719,107.5999984741211,2556805,0.0,0.0
2025-04-23 00:00:00+01:00,109.0,109.0,106.4000015258789,106.4000015258789,570543,0.0,0.0
2025-04-24 00:00:00+01:00,106.19999694824219,108.20899963378906,106.19999694824219,107.0,4371413,0.0,0.0
2025-04-25 00:00:00+01:00,107.0,109.45999908447266,106.5999984741211,107.19999694824219,461378,0.0,0.0
2025-04-28 00:00:00+01:00,107.5999984741211,109.08000183105469,106.5999984741211,107.0,1062319,0.0,0.0
2025-04-29 00:00:00+01:00,107.5999984741211,108.4000015258789,106.4000015258789,107.19999694824219,1584668,0.0,0.0
2025-04-30 00:00:00+01:00,109.19999694824219,109.19999694824219,106.5999984741211,107.19999694824219,5802940,0.0,0.0
2025-05-01 00:00:00+01:00,107.5999984741211,110.19999694824219,107.5999984741211,110.0,1874017,0.0,0.0
2025-05-02 00:00:00+01:00,111.0,114.4000015258789,109.19999694824219,111.80000305175781,2427581,0.0,0.0
2025-05-06 00:00:00+01:00,112.19999694824219,114.0,109.19999694824219,111.80000305175781,1062910,0.0,0.0
2025-05-07 00:00:00+01:00,112.0,113.86499786376953,111.20999908447266,112.80000305175781,1369963,0.0,0.0
2025-05-08 00:00:00+01:00,112.80000305175781,116.5999984741211,109.80000305175781,111.5999984741211,2399391,0.0,0.0
2025-05-09 00:00:00+01:00,115.4000015258789,115.4000015258789,110.0,113.0,1521864,0.0,0.0
2025-05-12 00:00:00+01:00,112.80000305175781,115.80000305175781,111.80000305175781,112.0,1253786,0.0,0.0
2025-05-13 00:00:00+01:00,107.0,116.5999984741211,107.0,110.80000305175781,1385432,0.0,0.0
2025-05-14 00:00:00+01:00,111.19999694824219,115.19999694824219,110.5999984741211,115.19999694824219,1107278,0.0,0.0
2025-05-15 00:00:00+01:00,114.80000305175781,116.19999694824219,112.80000305175781,112.80000305175781,1993731,0.0,0.0
2025-05-16 00:00:00+01:00,112.80000305175781,114.4000015258789,111.19999694824219,112.80000305175781,1246882,0.0,0.0
2025-05-19 00:00:00+01:00,111.0,115.0,111.0,112.4000015258789,779255,0.0,0.0
2025-05-20 00:00:00+01:00,111.80000305175781,116.19999694824219,111.0,114.5999984741211,1115479,0.0,0.0
2025-05-21 00:00:00+01:00,112.0,114.80000305175781,112.0,114.80000305175781,7962778,0.0,0.0
2025-05-22 00:00:00+01:00,113.5999984741211,117.19999694824219,113.4000015258789,116.0,1083478,0.0,0.0
2025-05-23 00:00:00+01:00,115.5999984741211,118.4000015258789,115.19999694824219,117.5999984741211,910684,0.0,0.0
2025-05-27 00:00:00+01:00,118.5999984741211,120.1510009765625,118.0,118.19999694824219,946565,0.0,0.0
2025-05-28 00:00:00+01:00,118.0,120.5999984741211,118.0,119.19999694824219,1469862,0.0,0.0
2025-05-29 00:00:00+01:00,118.0,120.5999984741211,118.0,119.80000305175781,854313,0.0,0.0
2025-05-30 00:00:00+01:00,121.0,125.79900360107422,119.80000305175781,119.80000305175781,4636678,0.0,0.0
2025-06-02 00:00:00+01:00,119.80000305175781,122.0,119.80000305175781,121.0,1017289,0.0,0.0
2025-06-03 00:00:00+01:00,121.80000305175781,125.80000305175781,120.5999984741211,123.0,1026913,0.0,0.0
2025-06-04 00:00:00+01:00,122.80000305175781,124.19999694824219,122.0,123.5999984741211,617207,0.0,0.0
2025-06-05 00:00:00+01:00,123.5999984741211,125.19999694824219,123.0,123.5999984741211,509418,0.0,0.0
2025-06-06 00:00:00+01:00,120.0,127.4000015258789,120.0,125.0,485540,0.0,0.0
2025-06-09 00:00:00+01:00,124.0,126.0,124.0,124.5999984741211,854021,0.0,0.0
2025-06-10 00:00:00+01:00,125.0,126.4000015258789,122.80000305175781,122.80000305175781,568342,0.0,0.0
2025-06-11 00:00:00+01:00,123.0,127.80000305175781,120.19999694824219,120.5999984741211,1264344,0.0,0.0
2025-06-12 00:00:00+01:00,119.80000305175781,120.80000305175781,119.0,119.80000305175781,688474,0.0,0.0
2025-06-13 00:00:00+01:00,115.0,119.4000015258789,115.0,118.19999694824219,735452,0.0,0.0
2025-06-16 00:00:00+01:00,118.4000015258789,119.0,117.5999984741211,118.5999984741211,559626,0.0,0.0
2025-06-17 00:00:00+01:00,118.0,119.4000015258789,116.5999984741211,118.80000305175781,3531714,0.0,0.0
2025-06-18 00:00:00+01:00,116.80000305175781,120.0999984741211,116.80000305175781,119.0,1590270,0.0,0.0
2025-06-19 00:00:00+01:00,119.0,120.4000015258789,116.80000305175781,116.80000305175781,4867815,0.0,0.0
2025-06-20 00:00:00+01:00,117.19999694824219,119.0,116.80000305175781,117.80000305175781,3674596,0.0,0.0
2025-06-23 00:00:00+01:00,116.80000305175781,122.4000015258789,114.5999984741211,118.0,774718,0.0,0.0
2025-06-24 00:00:00+01:00,117.80000305175781,120.0,117.80000305175781,119.5999984741211,5757035,0.0,0.0
2025-06-25 00:00:00+01:00,120.0,120.5999984741211,119.5999984741211,120.0,1485592,0.0,0.0
2025-06-26 00:00:00+01:00,117.80000305175781,121.0,117.80000305175781,119.5999984741211,5065853,0.0,0.0
2025-06-27 00:00:00+01:00,122.80000305175781,122.80000305175781,119.4000015258789,121.4000015258789,1674649,0.0,0.0
2025-06-30 00:00:00+01:00,122.19999694824219,122.4000015258789,120.0,121.5999984741211,4831168,0.0,0.0
2025-07-01 00:00:00+01:00,122.5999984741211,122.80000305175781,120.80000305175781,122.5999984741211,6365794,0.0,0.0
2025-07-02 00:00:00+01:00,122.80000305175781,122.80000305175781,117.54900360107422,120.19999694824219,1601133,0.0,0.0
2025-07-03 00:00:00+01:00,119.5999984741211,122.4000015258789,119.5999984741211,121.80000305175781,1137589,0.0,0.0
2025-07-04 00:00:00+01:00,127.19999694824219,127.19999694824219,121.5999984741211,123.0,1038615,0.0,0.0
