Date,Open,High,Low,Close,Volume,Dividends,Stock Splits
2020-07-06 00:00:00-04:00,2.4453680515289307,2.4685837915278093,2.4221528251791344,2.4453680515289307,1586045,0.0,0.0
2020-07-07 00:00:00-04:00,2.4221525754509607,2.4221525754509607,2.352505876284104,2.3602445125579834,1377152,0.0,0.0
2020-07-08 00:00:00-04:00,2.352506302798632,2.406675910455141,2.352506302798632,2.3911986351013184,961222,0.0,0.0
2020-07-09 00:00:00-04:00,2.3834603896125297,2.3834603896125297,2.3138136863708496,2.3138136863708496,1712160,0.0,0.0
2020-07-10 00:00:00-04:00,2.352506284802069,2.4221529960632324,2.352506284802069,2.4221529960632324,1344765,0.0,0.0
2020-07-13 00:00:00-04:00,2.406675910455141,2.429891652269501,2.3834606822899036,2.3911986351013184,2043642,0.0,0.0
2020-07-14 00:00:00-04:00,2.344767430509242,2.3834604438058835,2.3370287936066423,2.367983341217041,1510227,0.0,0.0
2020-07-15 00:00:00-04:00,2.398937254426472,2.4298916336809437,2.3757221976552025,2.4221529960632324,1472179,0.0,0.0
2020-07-16 00:00:00-04:00,2.383460283279419,2.422152609104698,2.367983181732962,2.383460283279419,1319894,0.0,0.0
2020-07-17 00:00:00-04:00,2.383460250163279,2.383460250163279,2.3447672400102246,2.3602445125579834,958995,0.0,0.0
2020-07-20 00:00:00-04:00,2.337028603736345,2.367983148831863,2.337028603736345,2.3602445125579834,762816,0.0,0.0
2020-07-21 00:00:00-04:00,2.3989371782104265,2.4298915564814543,2.3834605883321984,2.4066758155822754,1654438,0.0,0.0
2020-07-22 00:00:00-04:00,2.3989372727782294,2.414414376915678,2.367983578152455,2.3911986351013184,662592,0.0,0.0
2020-07-23 00:00:00-04:00,2.3292902426644226,2.3370287080674244,2.290597915649414,2.290597915649414,359693,0.0,0.0
2020-07-24 00:00:00-04:00,2.2905982026356226,2.3138139441860006,2.2596445083618164,2.2596445083618164,568307,0.0,0.0
2020-07-27 00:00:00-04:00,2.2441674238929927,2.2596447003860827,2.220951680369744,2.2286901473999023,735904,0.0,0.0
2020-07-28 00:00:00-04:00,2.2596445071550235,2.321552580535062,2.2286899568158884,2.2828595638275146,911482,0.0,0.0
2020-07-29 00:00:00-04:00,2.2751209262427308,2.2905982014122985,2.2441672319854558,2.2828595638275146,694886,0.0,0.0
2020-07-30 00:00:00-04:00,2.1513055606138023,2.1667819803940414,2.1203510088895263,2.159044027328491,832323,0.0,0.0
2020-07-31 00:00:00-04:00,2.205474969770637,2.213213607599731,2.1280896187779614,2.1358282566070557,841974,0.0,0.0
2020-08-03 00:00:00-04:00,2.2132134435373065,2.2596444109881206,2.1899975317709877,2.2364284992218018,596982,0.0,0.0
2020-08-04 00:00:00-04:00,2.244167372327846,2.298336982727051,2.236428734259115,2.298336982727051,986928,0.0,0.0
2020-08-05 00:00:00-04:00,2.2751209262427308,2.2983368389970824,2.267382973523435,2.2828595638275146,417507,0.0,0.0
2020-08-06 00:00:00-04:00,2.2673826906567593,2.298336552268766,2.2673826906567593,2.290597915649414,446832,0.0,0.0
2020-08-07 00:00:00-04:00,2.2286899568158884,2.2905982014122985,2.2209514904474763,2.2828595638275146,494253,0.0,0.0
2020-08-10 00:00:00-04:00,2.290597948747631,2.337028741836548,2.290597948747631,2.337028741836548,503254,0.0,0.0
2020-08-11 00:00:00-04:00,2.3989371782104265,2.453106612515164,2.3911985408385776,2.4066758155822754,1022192,0.0,0.0
2020-08-12 00:00:00-04:00,2.4685838872588617,2.47632252463071,2.3834605883321984,2.4066758155822754,431798,0.0,0.0
2020-08-13 00:00:00-04:00,2.3757220723648618,2.3757220723648618,2.337028886316899,2.352506160736084,744720,0.0,0.0
2020-08-14 00:00:00-04:00,2.3292901386788087,2.383460250163279,2.3292901386788087,2.3602445125579834,428922,0.0,0.0
2020-08-17 00:00:00-04:00,2.337028740469017,2.3447673771956614,2.298336584133914,2.3138136863708496,422797,0.0,0.0
2020-08-18 00:00:00-04:00,2.3215527257168618,2.329290678920062,2.2828597065895884,2.298336982727051,488592,0.0,0.0
2020-08-19 00:00:00-04:00,2.3215523230974937,2.36024465064895,2.306075049644205,2.3138136863708496,423632,0.0,0.0
2020-08-20 00:00:00-04:00,2.2905982014122985,2.313813942950278,2.267382973523435,2.2828595638275146,664541,0.0,0.0
2020-08-21 00:00:00-04:00,2.244166883828812,2.2828592096682017,2.244166883828812,2.2673826217651367,394307,0.0,0.0
2020-08-24 00:00:00-04:00,2.25190543243187,2.313813493794357,2.244166796349305,2.306074857711792,693123,0.0,0.0
2020-08-25 00:00:00-04:00,2.3060754495793994,2.329290678920062,2.267383115317657,2.298336982727051,453792,0.0,0.0
2020-08-26 00:00:00-04:00,2.329290467530868,2.34476757104736,2.3138138776634776,2.3215525150299072,418250,0.0,0.0
2020-08-27 00:00:00-04:00,2.3138135061530334,2.337028558443032,2.275120496749878,2.275120496749878,761238,0.0,0.0
2020-08-28 00:00:00-04:00,2.329290274958726,2.337028740469017,2.306075049644205,2.3138136863708496,3227770,0.0,0.0
2020-08-31 00:00:00-04:00,2.2905978460524254,2.306074947604527,2.244166883828812,2.2673826217651367,721613,0.0,0.0
2020-09-01 00:00:00-04:00,2.236428352513754,2.259644262757126,2.1822589225773394,2.1977360248565674,1621958,0.0,0.0
2020-09-02 00:00:00-04:00,2.1667819803940414,2.182259256256179,2.135828284751664,2.159044027328491,1518858,0.0,0.0
2020-09-03 00:00:00-04:00,2.189997252376673,2.220951112583957,2.1203505532612548,2.128089189529419,909626,0.0,0.0
2020-09-04 00:00:00-04:00,2.2209511568946985,2.236428258523471,2.1667815580185144,2.2132132053375244,933475,0.0,0.0
2020-09-08 00:00:00-04:00,2.0893969535827637,2.1126120072978813,2.073919851601201,2.0893969535827637,988877,0.0,0.0
2020-09-09 00:00:00-04:00,2.0893971146953816,2.0893971146953816,2.0661813743247057,2.0739200115203857,1317110,0.0,0.0
2020-09-10 00:00:00-04:00,2.104873403065398,2.104873403065398,2.0197501182556152,2.0197501182556152,1177261,0.0,0.0
2020-09-11 00:00:00-04:00,2.027489281049958,2.042966386031238,1.9965348998710153,2.012012004852295,796317,0.0,0.0
2020-09-14 00:00:00-04:00,2.03522791914879,2.0507043392645357,2.012012004852295,2.012012004852295,987949,0.0,0.0
2020-09-15 00:00:00-04:00,2.0274889192667462,2.035227555984703,1.9810579550407714,1.988796591758728,1735731,0.0,0.0
2020-09-16 00:00:00-04:00,2.0042728044764226,2.081658136456821,1.9965343397649171,2.050703763961792,1070170,0.0,0.0
2020-09-17 00:00:00-04:00,1.9810578845288478,2.012011574217173,1.9810578845288478,2.004272937774658,685792,0.0,0.0
2020-09-18 00:00:00-04:00,1.9501036398829381,1.9501036398829381,1.911411311174576,1.9268885850906372,1235632,0.0,0.0
2020-09-21 00:00:00-04:00,1.8340258635600262,1.8495031365871915,1.81081081010102,1.8185492753982544,1830016,0.0,0.0
2020-09-22 00:00:00-04:00,1.8959342718036185,1.9268888234651134,1.8649805762240204,1.8881956338882446,1910195,0.0,0.0
2020-09-23 00:00:00-04:00,1.9501038766366907,1.9733196191129483,1.872719209825026,1.8804571628570557,2723216,0.0,0.0
2020-09-24 00:00:00-04:00,1.957842084291181,1.981057821665694,1.934626860565692,1.9423648118972778,1827325,0.0,0.0
2020-09-25 00:00:00-04:00,1.934626860565692,1.957842084291181,1.9191497593881304,1.9423648118972778,1175498,0.0,0.0
2020-09-28 00:00:00-04:00,2.0816581952342994,2.1203505198843398,2.0816581952342994,2.1048734188079834,1095411,0.0,0.0
2020-09-29 00:00:00-04:00,2.0739199910067225,2.0893970940286306,2.0197503872545868,2.04296612739563,1631053,0.0,0.0
2020-09-30 00:00:00-04:00,2.1048738298682443,2.1126122963094955,2.073920135319613,2.0816586017608643,1097824,0.0,0.0
2020-10-01 00:00:00-04:00,2.1048735436594432,2.1203506456538306,2.07391985331972,2.112612009048462,1307274,0.0,0.0
2020-10-02 00:00:00-04:00,2.1203506846767812,2.205474661604358,2.1203506846767812,2.1977360248565674,1010963,0.0,0.0
2020-10-05 00:00:00-04:00,2.1822586406506956,2.205474376678467,2.1745200049026616,2.205474376678467,1147936,0.0,0.0
2020-10-06 00:00:00-04:00,2.2751205732839783,2.306074947604527,2.251905520213035,2.2673826217651367,1930518,0.0,0.0
2020-10-07 00:00:00-04:00,2.2673829747343612,2.2905982026356226,2.228689958006149,2.2596445083618164,719200,0.0,0.0
2020-10-08 00:00:00-04:00,2.2519058707729,2.2673829747343612,2.2364285955950662,2.2596445083618164,718179,0.0,0.0
2020-10-09 00:00:00-04:00,2.2905978460524254,2.298336482436649,2.259644156597259,2.2673826217651367,561997,0.0,0.0
2020-10-12 00:00:00-04:00,2.2751209262427308,2.2905982014122985,2.2519058695702396,2.2828595638275146,553552,0.0,0.0
2020-10-13 00:00:00-04:00,2.205474675503306,2.205474675503306,2.143566608428955,2.143566608428955,1141347,0.0,0.0
2020-10-14 00:00:00-04:00,2.213213298352149,2.228689715765963,2.1822589225773394,2.1977360248565674,828054,0.0,0.0
2020-10-15 00:00:00-04:00,2.1590439780980955,2.205474948543894,2.1513055115598583,2.189997673034668,431242,0.0,0.0
2020-10-16 00:00:00-04:00,2.189997485890872,2.251905726555597,2.189997485890872,2.2441670894622803,580464,0.0,0.0
2020-10-19 00:00:00-04:00,2.236428247444588,2.306074947604527,2.236428247444588,2.2673826217651367,660736,0.0,0.0
2020-10-20 00:00:00-04:00,2.275120496749878,2.3215521422769325,2.275120496749878,2.275120496749878,566451,0.0,0.0
2020-10-21 00:00:00-04:00,2.313813687724796,2.3757219254924107,2.313813687724796,2.337028741836548,762538,0.0,0.0
2020-10-22 00:00:00-04:00,2.3525064900843558,2.422153207422968,2.344767851791363,2.398937463760376,952592,0.0,0.0
2020-10-23 00:00:00-04:00,2.468583869325518,2.4763225066411487,2.4298915388291964,2.4608452320098877,727738,0.0,0.0
2020-10-26 00:00:00-04:00,2.453106594694257,2.468583869325518,2.422152901513566,2.4608452320098877,791398,0.0,0.0
2020-10-27 00:00:00-04:00,2.445367998079468,2.445367998079468,2.367983341217041,2.367983341217041,475414,0.0,0.0
2020-10-28 00:00:00-04:00,2.2905982014122985,2.306075305365494,2.267382973523435,2.2828595638275146,452771,0.0,0.0
2020-10-29 00:00:00-04:00,2.3138138307699405,2.3602447979456764,2.2828594531479345,2.352506160736084,1274237,0.0,0.0
2020-10-30 00:00:00-04:00,2.4608449474111365,2.476322220252438,2.398936883344008,2.468583583831787,1803568,0.0,0.0
2020-11-02 00:00:00-05:00,2.3757220723648618,2.3834605383580905,2.337028886316899,2.352506160736084,1023027,0.0,0.0
2020-11-03 00:00:00-05:00,2.5382308452607276,2.5924004560948677,2.530492207129862,2.5691845417022705,1310614,0.0,0.0
2020-11-04 00:00:00-05:00,2.515015060533903,2.5227536985369183,2.476322726600731,2.491799831390381,1080749,0.0,0.0
2020-11-05 00:00:00-05:00,2.4763225555948596,2.530491990576936,2.4763225555948596,2.515014886856079,702403,0.0,0.0
2020-11-06 00:00:00-05:00,2.55370731462061,2.5614457811652867,2.499537706375122,2.499537706375122,440336,0.0,0.0
2020-11-09 00:00:00-05:00,2.8090782466627404,2.855509214236504,2.723954263925684,2.83229398727417,2243626,0.0,0.0
2020-11-10 00:00:00-05:00,2.855509120393962,2.9328944633119196,2.855509120393962,2.870986223220825,1666966,0.0,0.0
2020-11-11 00:00:00-05:00,2.9406328662946257,2.979325021025097,2.9251555934832068,2.932894229888916,1113136,0.0,0.0
2020-11-12 00:00:00-05:00,2.840031846350739,2.9019399152254737,2.8168167913677022,2.870986223220825,594477,0.0,0.0
2020-11-13 00:00:00-05:00,2.987063931610661,3.0180177952093414,2.971586657378597,2.979325294494629,584918,0.0,0.0
2020-11-16 00:00:00-05:00,3.0644483635363375,3.1031415462493896,3.0412331387739022,3.1031415462493896,890880,0.0,0.0
2020-11-17 00:00:00-05:00,3.118617424927378,3.180525482682639,3.1108794741610395,3.1727871894836426,1020058,0.0,0.0
2020-11-18 00:00:00-05:00,3.188264674986376,3.234695812017878,3.157311154353237,3.1650497913360596,941085,0.0,0.0
2020-11-19 00:00:00-05:00,3.1727878676179624,3.211480711613573,3.1573112779120875,3.1960034370422363,548355,0.0,0.0
2020-11-20 00:00:00-05:00,3.172787723640917,3.196003292011698,3.15731113463735,3.1805260181427,594106,0.0,0.0
2020-11-23 00:00:00-05:00,3.2269567074666594,3.273388180203212,3.2037414847473844,3.2501726150512695,1096896,0.0,0.0
2020-11-24 00:00:00-05:00,3.366250013116756,3.4591119289398193,3.366250013116756,3.4591119289398193,1445360,0.0,0.0
2020-11-25 00:00:00-05:00,3.3198196299144813,3.381727695465088,3.2888650834901267,3.381727695465088,863040,0.0,0.0
2020-11-27 00:00:00-05:00,3.2888649056280874,3.327558086566001,3.2811269543058694,3.319819450378418,534250,0.0,0.0
2020-11-30 00:00:00-05:00,3.273388399939688,3.273388399939688,3.1186177269154918,3.126356363296509,812186,0.0,0.0
2020-12-01 00:00:00-05:00,3.288865038500674,3.4126811679081657,3.2733884503656077,3.3894662857055664,1207514,0.0,0.0
2020-12-02 00:00:00-05:00,3.3430348238586243,3.4204201698303227,3.3352968713971003,3.4204201698303223,897098,0.0,0.0
2020-12-03 00:00:00-05:00,3.4900673855727984,3.551975808318384,3.4745904511027934,3.505544662475586,868422,0.0,0.0
2020-12-04 00:00:00-05:00,3.567451257959617,3.5829285313917896,3.521020464961216,3.5519750118255615,1995757,0.0,0.0
2020-12-07 00:00:00-05:00,3.3894657473998513,3.428157896457928,3.3507725710438496,3.4126806259155273,1037597,0.0,0.0
2020-12-08 00:00:00-05:00,3.412681485629405,3.4436360345121964,3.389466601265496,3.428158760070801,570349,0.0,0.0
2020-12-09 00:00:00-05:00,3.4591119289398193,3.4823274935037496,3.428158071143018,3.4591119289398193,1004282,0.0,0.0
2020-12-10 00:00:00-05:00,3.2269568434254734,3.389466148768615,3.2192188921032554,3.319819450378418,1826582,0.0,0.0
2020-12-11 00:00:00-05:00,3.0721875975173827,3.1186183985041995,3.033495092145319,3.0489723682403564,1954275,0.0,0.0
2020-12-14 00:00:00-05:00,3.2888653723066006,3.2888653723066006,3.1960034370422363,3.1960034370422363,1287507,0.0,0.0
2020-12-15 00:00:00-05:00,3.2424346275917517,3.3585121341312583,3.2192194002300396,3.3120813369750977,1319987,0.0,0.0
2020-12-16 00:00:00-05:00,3.3894665671191158,3.397204519396403,3.3275584972753958,3.3430347442626953,952592,0.0,0.0
2020-12-17 00:00:00-05:00,3.443635761015694,3.474589622574647,3.381727695465088,3.381727695465088,839005,0.0,0.0
2020-12-18 00:00:00-05:00,3.296603703259172,3.304342339825736,3.2346956380247542,3.257911205291748,777107,0.0,0.0
2020-12-21 00:00:00-05:00,3.07992527406708,3.203741389577602,3.0721866384354257,3.1727871894836426,1754662,0.0,0.0
2020-12-22 00:00:00-05:00,3.2424345016479488,3.296603934109103,3.2269572274309994,3.242434501647949,1174570,0.0,0.0
2020-12-23 00:00:00-05:00,3.3817279378318212,3.4978054406461614,3.3817279378318212,3.466851234436035,1714666,0.0,0.0
2020-12-24 00:00:00-05:00,3.513282125625842,3.513282125625842,3.4436361014494263,3.451374053955078,547706,0.0,0.0
2020-12-28 00:00:00-05:00,3.551974529628201,3.551974529628201,3.4591119289398193,3.4591119289398193,631690,0.0,0.0
2020-12-29 00:00:00-05:00,3.41268121459134,3.428158487803517,3.3662504222529104,3.381727695465088,579907,0.0,0.0
2020-12-30 00:00:00-05:00,3.490066976944079,3.513282204714579,3.435897541425009,3.443636178970337,726717,0.0,0.0
2020-12-31 00:00:00-05:00,3.490066244221573,3.5287587389594273,3.466850678892326,3.497804880142212,738224,0.0,0.0
2021-01-04 00:00:00-05:00,3.366250184290284,3.373988820349323,3.265649627686161,3.288864850997925,1013747,0.0,0.0
2021-01-05 00:00:00-05:00,3.242434485877869,3.3043425551463983,3.234695848807032,3.2966039180755615,1139677,0.0,0.0
2021-01-06 00:00:00-05:00,3.4126809123131934,3.5364973748800663,3.3894660318492877,3.497804880142212,1497235,0.0,0.0
2021-01-07 00:00:00-05:00,3.459112370552057,3.513281799828402,3.4513737338985635,3.482327938079834,760589,0.0,0.0
2021-01-08 00:00:00-05:00,3.459112691326199,3.459112691326199,3.397204619655435,3.451374053955078,756320,0.0,0.0
2021-01-11 00:00:00-05:00,3.3198199755728237,3.404942932506562,3.3043427007491584,3.397204637527466,905264,0.0,0.0
2021-01-12 00:00:00-05:00,3.420420122850103,3.4358973972914986,3.3817279640447984,3.428158760070801,1048176,0.0,0.0
2021-01-13 00:00:00-05:00,3.3585121160353446,3.3817280281374402,3.3352968887987178,3.36625075340271,887539,0.0,0.0
2021-01-14 00:00:00-05:00,3.366250772745609,3.4126815699183943,3.366250772745609,3.397204637527466,764022,0.0,0.0
2021-01-15 00:00:00-05:00,3.343034764537213,3.3662506761062208,3.2966039686973776,3.3275585174560547,877053,0.0,0.0
2021-01-19 00:00:00-05:00,3.2966034870569634,3.3198193952340804,3.2733882637452,3.288864850997925,663056,0.0,0.0
2021-01-20 00:00:00-05:00,3.2656500546576575,3.2966039180755615,3.242434485877869,3.2966039180755615,1184035,0.0,0.0
2021-01-21 00:00:00-05:00,3.3507734967221965,3.3585121341312583,3.2888654247479123,3.3120813369750977,939414,0.0,0.0
2021-01-22 00:00:00-05:00,3.250173138756424,3.273388707649125,3.2269572274309994,3.242434501647949,956954,0.0,0.0
2021-01-25 00:00:00-05:00,3.1882646550771994,3.2192192028151942,3.165049771571849,3.1805260181427,933939,0.0,0.0
2021-01-26 00:00:00-05:00,3.2269573988362943,3.257911606481655,3.2114808086627256,3.219219446182251,761702,0.0,0.0
2021-01-27 00:00:00-05:00,3.0876642662039155,3.118617785006488,3.0489717684434807,3.064448356628418,1226352,0.0,0.0
2021-01-28 00:00:00-05:00,3.1263566064219455,3.188264674986376,3.1108800173217346,3.1650497913360596,1186819,0.0,0.0
2021-01-29 00:00:00-05:00,3.118617932687951,3.126356569579578,3.056710549718499,3.079925775527954,1231734,0.0,0.0
2021-02-01 00:00:00-05:00,3.180525482682639,3.1882641183142932,3.1418333318223413,3.1727871894836426,743606,0.0,0.0
2021-02-02 00:00:00-05:00,3.2269567074666594,3.2656495443416755,3.2114801206089214,3.2501726150512695,860813,0.0,0.0
2021-02-03 00:00:00-05:00,3.219219275187971,3.26565007054065,3.219219275187971,3.242434501647949,666675,0.0,0.0
2021-02-04 00:00:00-05:00,3.428158760070801,3.482328193317501,3.327558530798098,3.428158760070801,2801725,0.0,0.0
2021-02-05 00:00:00-05:00,3.5364977955566554,3.6061444998290715,3.497805296216217,3.559713363647461,2108138,0.0,0.0
2021-02-08 00:00:00-05:00,3.644837093508949,3.714483806127347,3.6293598179719146,3.652575731277466,2388765,0.0,0.0
2021-02-09 00:00:00-05:00,3.6835290458269205,3.7222218864419694,3.6603138208636725,3.6990063190460205,1837811,0.0,0.0
2021-02-10 00:00:00-05:00,3.7299607267997272,3.7531759530311013,3.6835292470388197,3.722222089767456,959459,0.0,0.0
2021-02-11 00:00:00-05:00,3.652575322482776,3.6835291852269973,3.6216211173058412,3.675790548324585,1263472,0.0,0.0
2021-02-12 00:00:00-05:00,3.629359061638849,3.6680522424180464,3.62162076791569,3.660313606262207,928557,0.0,0.0
2021-02-16 00:00:00-05:00,3.799607130980004,3.9156849860027414,3.799607130980004,3.9079463481903076,1929312,0.0,0.0
2021-02-17 00:00:00-05:00,3.7531754882629067,3.8228221856306064,3.729960264906351,3.807344913482666,1551987,0.0,0.0
2021-02-18 00:00:00-05:00,3.7222219331998825,3.7531757951615177,3.6525752301371455,3.691267728805542,1381421,0.0,0.0
2021-02-19 00:00:00-05:00,3.8305616647016714,3.9621157674490424,3.8228230269246484,3.8769924640655518,1968938,0.0,0.0
2021-02-22 00:00:00-05:00,3.892469483038213,3.9853314180775112,3.8769922085043884,3.931161642074585,1403693,0.0,0.0
2021-02-23 00:00:00-05:00,4.016285323931125,4.0704551051144,3.9389006560252255,4.031762599945068,1928662,0.0,0.0
2021-02-24 00:00:00-05:00,4.031761937130809,4.078192730241212,4.024023300396055,4.062716484069824,1395712,0.0,0.0
2021-02-25 00:00:00-05:00,4.062716979706219,4.09367050312333,3.931161851329701,3.9698543548583984,1897853,0.0,0.0
2021-02-26 00:00:00-05:00,3.962115506276774,3.977592780810599,3.91568470997349,3.931161642074585,1987683,0.0,0.0
2021-03-01 00:00:00-05:00,3.977591708066633,4.008545906353303,3.9621144377069797,3.98533034324646,954355,0.0,0.0
2021-03-02 00:00:00-05:00,3.985331441196703,4.03950087508114,3.9775928038848987,4.0008087158203125,1739722,0.0,0.0
2021-03-03 00:00:00-05:00,4.0472395709501665,4.14010150787173,4.0472395709501665,4.09367036819458,2646099,0.0,0.0
2021-03-04 00:00:00-05:00,4.039499762207335,4.062715667746815,3.923422289105759,3.98533034324646,3327901,0.0,0.0
2021-03-05 00:00:00-05:00,4.109147210946999,4.116885847557017,3.9853310797829065,4.085931301116943,2647027,0.0,0.0
2021-03-08 00:00:00-05:00,4.047239053850726,4.147839615342732,4.031761780980654,4.1014084815979,1958358,0.0,0.0
2021-03-09 00:00:00-05:00,4.070455439925089,4.109148290709819,4.024024292929645,4.054978847503662,2344499,0.0,0.0
2021-03-10 00:00:00-05:00,4.024023392851202,4.062716577413977,4.00080850941168,4.047239303588867,1744269,0.0,0.0
2021-03-11 00:00:00-05:00,4.016284942626953,4.03950085444376,3.9853314208360686,4.016284942626953,737018,0.0,0.0
2021-03-12 00:00:00-05:00,4.054977758557716,4.124623775482178,4.0317618488617315,4.124623775482178,1332515,0.0,0.0
2021-03-15 00:00:00-04:00,4.054977828080555,4.078192710876465,3.9930697617946076,4.078192710876465,1225331,0.0,0.0
2021-03-16 00:00:00-04:00,3.985331630216076,3.993070267894915,3.9466391266873786,3.9698543548583984,1632538,0.0,0.0
2021-03-17 00:00:00-04:00,4.02402296433429,4.054977508688171,3.993069447278443,4.0395002365112305,1235075,0.0,0.0
2021-03-18 00:00:00-04:00,4.070454718667375,4.124624152275066,4.008546990220145,4.016284942626953,2305152,0.0,0.0
2021-03-19 00:00:00-04:00,4.070454798356005,4.13236287044796,4.000808773705753,4.09367036819458,1813869,0.0,0.0
2021-03-22 00:00:00-04:00,4.194270154591422,4.194270154591422,4.140100730099673,4.155577659606934,1716800,0.0,0.0
2021-03-23 00:00:00-04:00,4.109147257668496,4.163316687256437,4.062716464778563,4.078192710876465,2234531,0.0,0.0
2021-03-24 00:00:00-04:00,4.116886280465892,4.171055715134076,4.08593173077081,4.09367036819458,1738794,0.0,0.0
2021-03-25 00:00:00-04:00,4.033907718079358,4.13613148006044,4.002454413450354,4.112541675567627,2530099,0.090517,0.0
2021-03-26 00:00:00-04:00,4.136131655684833,4.175448810077355,4.10467834972029,4.1439948081970215,1735917,0.0,0.0
2021-03-29 00:00:00-04:00,4.136132399596108,4.136132399596108,4.065362622426412,4.096815586090088,2213930,0.0,0.0
2021-03-30 00:00:00-04:00,4.143995629353166,4.254082917959277,4.143995629353166,4.246220111846924,1681722,0.0,0.0
2021-03-31 00:00:00-04:00,4.238356072344171,4.301263036719165,4.222629070281982,4.222629070281982,1589571,0.0,0.0
2021-04-01 00:00:00-04:00,4.2304929105083895,4.269809722900391,4.22262940884681,4.269809722900391,808474,0.0,0.0
2021-04-05 00:00:00-04:00,4.324852770507906,4.340579772303222,4.285536309893358,4.293399810791016,874547,0.0,0.0
2021-04-06 00:00:00-04:00,4.261946380601594,4.3091263484613815,4.222629566739457,4.230493068695068,1275722,0.0,0.0
2021-04-07 00:00:00-04:00,4.238355979972619,4.3012629429766065,4.238355979972619,4.285536289215088,1501968,0.0,0.0
2021-04-08 00:00:00-04:00,4.2855369260724,4.2855369260724,4.246220111846924,4.246220111846924,1064416,0.0,0.0
2021-04-09 00:00:00-04:00,4.230492571313077,4.238356072344171,4.206902416177713,4.222629070281982,648394,0.0,0.0
2021-04-12 00:00:00-04:00,4.277672788355372,4.3012629429766065,4.261945786635941,4.285536289215088,621574,0.0,0.0
2021-04-13 00:00:00-04:00,4.238356372488509,4.277673184512408,4.222629369312593,4.254082679748535,1287600,0.0,0.0
2021-04-14 00:00:00-04:00,4.230492612326509,4.277672923054635,4.230492612326509,4.238356113433838,1378915,0.0,0.0
2021-04-15 00:00:00-04:00,4.2462195733752655,4.2462195733752655,4.191175414115525,4.222629070281982,982195,0.0,0.0
2021-04-16 00:00:00-04:00,4.2776734323379,4.332716902768694,4.2698099302943735,4.316989898681641,951478,0.0,0.0
2021-04-19 00:00:00-04:00,4.348443447056559,4.372032906818925,4.316989442208361,4.32485294342041,755021,0.0,0.0
2021-04-20 00:00:00-04:00,4.261945927010074,4.261945927010074,4.175449154493851,4.19117546081543,1430326,0.0,0.0
2021-04-21 00:00:00-04:00,4.1597221059069875,4.238356072344171,4.136131950771625,4.222629070281982,1377616,0.0,0.0
2021-04-22 00:00:00-04:00,4.143994916175327,4.1675854182002645,4.120405458024102,4.136131763458252,902851,0.0,0.0
2021-04-23 00:00:00-04:00,4.143995629353166,4.269809922015838,4.13613247528285,4.246220111846924,786851,0.0,0.0
2021-04-26 00:00:00-04:00,4.285536677181701,4.324853141165834,4.285536677181701,4.301263332366943,1136800,0.0,0.0
2021-04-27 00:00:00-04:00,4.34844371759562,4.411350687332001,4.3327167141930625,4.395623683929443,1018294,0.0,0.0
2021-04-28 00:00:00-04:00,4.450667013208878,4.482120323117493,4.419213355342324,4.442803859710693,2024618,0.0,0.0
2021-04-29 00:00:00-04:00,4.316989898681641,4.324853400725167,4.2698099302943735,4.316989898681641,1773965,0.0,0.0
2021-04-30 00:00:00-04:00,4.26980968292445,4.285536686100365,4.230492870900551,4.254082679748535,1007808,0.0,0.0
2021-05-03 00:00:00-04:00,4.301263135700117,4.340579945844509,4.2776729800218956,4.32485294342041,487014,0.0,0.0
2021-05-04 00:00:00-04:00,4.261946380601594,4.285536886468429,4.191175906874971,4.230493068695068,1117126,0.0,0.0
2021-05-05 00:00:00-04:00,4.285536541441794,4.3641698148773775,4.26194603747422,4.348443508148193,637258,0.0,0.0
2021-05-06 00:00:00-04:00,4.364170215026872,4.372033369112435,4.2776734323379,4.316989898681641,1691187,0.0,0.0
2021-05-07 00:00:00-04:00,4.340580021285377,4.42707679633163,4.332716519936657,4.41921329498291,1268947,0.0,0.0
2021-05-10 00:00:00-04:00,4.505710420046824,4.56075388138844,4.254082223742256,4.261945724487305,4477136,0.0,0.0
2021-05-11 00:00:00-04:00,4.269809722900391,4.309126187334445,4.22262940884681,4.269809722900391,2422915,0.0,0.0
2021-05-12 00:00:00-04:00,4.238355327122855,4.246218826771327,4.151857874863247,4.159721374511719,1597274,0.0,0.0
2021-05-13 00:00:00-04:00,4.1597221059069875,4.2462195733752655,4.1597221059069875,4.222629070281982,1815261,0.0,0.0
2021-05-14 00:00:00-04:00,4.269809478809846,4.348443447056559,4.261945977597796,4.32485294342041,1183107,0.0,0.0
2021-05-17 00:00:00-04:00,4.301263629291728,4.348443946062348,4.269809968791991,4.332716941833496,1237302,0.0,0.0
2021-05-18 00:00:00-04:00,4.442803799029071,4.474257456466018,4.411350489550058,4.41921329498291,1317203,0.0,0.0
2021-05-19 00:00:00-04:00,4.411350549802078,4.450667013208878,4.3641698890232785,4.442803859710693,1425222,0.0,0.0
2021-05-20 00:00:00-04:00,4.4663943039712075,4.537164081847591,4.434940644077528,4.521438121795654,1513290,0.0,0.0
2021-05-21 00:00:00-04:00,4.513574035764477,4.537163494726785,4.489983532928419,4.529300689697266,1139584,0.0,0.0
2021-05-24 00:00:00-04:00,4.497847744210999,4.5450277134604145,4.474257933565276,4.537164211273193,734419,0.0,0.0
2021-05-25 00:00:00-04:00,4.537163017192115,4.560753517545281,4.482119560241699,4.482119560241699,1011520,0.0,0.0
2021-05-26 00:00:00-04:00,4.434940095595683,4.513574061626009,4.411350288540294,4.489983558654785,858957,0.0,0.0
2021-05-27 00:00:00-04:00,4.592207211486959,4.6708411754581425,4.584344406618286,4.65511417388916,1420768,0.0,0.0
2021-05-28 00:00:00-04:00,4.631525245674684,4.678705215454102,4.623661743399127,4.678705215454102,1669843,0.0,0.0
2021-06-01 00:00:00-04:00,4.670842061136519,4.702295722280773,4.655115056585405,4.678705215454102,1783987,0.0,0.0
2021-06-02 00:00:00-04:00,4.670840697707549,4.710157153734847,4.655113697747182,4.70229434967041,1907504,0.0,0.0
2021-06-03 00:00:00-04:00,4.670840697707549,4.70229434967041,4.655113697747182,4.70229434967041,1489811,0.0,0.0
2021-06-04 00:00:00-04:00,4.67084112989804,4.694431284063501,4.639387822982694,4.686567783355713,1413344,0.0,0.0
2021-06-07 00:00:00-04:00,4.694431605330318,4.725884914398193,4.678704602838451,4.725884914398193,857379,0.0,0.0
2021-06-08 00:00:00-04:00,4.662977674673652,4.686567829069215,4.639387868235996,4.65511417388916,1156566,0.0,0.0
2021-06-09 00:00:00-04:00,4.584344762990837,4.584344762990837,4.545027256011963,4.545027256011963,724397,0.0,0.0
2021-06-10 00:00:00-04:00,4.607934223304354,4.615797724700129,4.537163754616188,4.545027256011963,651827,0.0,0.0
2021-06-11 00:00:00-04:00,4.552890621900394,4.592207431793213,4.552890621900394,4.592207431793213,331296,0.0,0.0
2021-06-14 00:00:00-04:00,4.5922076091093915,4.600070762616815,4.545027296233092,4.560754299163818,823136,0.0,0.0
2021-06-15 00:00:00-04:00,4.568618463654024,4.607934932812859,4.552891458440904,4.600071430206299,1000106,0.0,0.0
2021-06-16 00:00:00-04:00,4.592208275557727,4.631525440632541,4.537164453227782,4.600071430206299,1230992,0.0,0.0
2021-06-17 00:00:00-04:00,4.600070484772989,4.623660987744214,4.458530250608989,4.489983558654785,1309594,0.0,0.0
2021-06-18 00:00:00-04:00,4.419212950867114,4.434939952339922,4.372032642364502,4.372032642364502,1821386,0.0,0.0
2021-06-21 00:00:00-04:00,4.395622968535603,4.458529928033787,4.387759468114121,4.450666427612305,1277392,0.0,0.0
2021-06-22 00:00:00-04:00,4.4585297558042924,4.489983060359421,4.419212603173562,4.482119560241699,905078,0.0,0.0
2021-06-23 00:00:00-04:00,4.513574619832744,4.537164081847591,4.497847615906925,4.521438121795654,619626,0.0,0.0
2021-06-24 00:00:00-04:00,4.560754961047464,4.607934932812859,4.5450279558343425,4.600071430206299,507987,0.0,0.0
2021-06-25 00:00:00-04:00,4.568617780449149,4.568617780449149,4.537163774726633,4.552890777587891,661293,0.0,0.0
2021-06-28 00:00:00-04:00,4.521437781487737,4.521437781487737,4.450666965064066,4.474257469177246,1005488,0.0,0.0
2021-06-29 00:00:00-04:00,4.442803340797032,4.47425699498984,4.42707633972168,4.42707633972168,696371,0.0,0.0
2021-06-30 00:00:00-04:00,4.411350529789293,4.458530494438176,4.395623526948395,4.434940338134766,665098,0.0,0.0
2021-07-01 00:00:00-04:00,4.466393772040963,4.497847080230713,4.450666769988168,4.497847080230713,791027,0.0,0.0
2021-07-02 00:00:00-04:00,4.46639419561238,4.46639419561238,4.403487225309165,4.411350727081299,421034,0.0,0.0
2021-07-06 00:00:00-04:00,4.489983964555039,4.489983964555039,4.379896680526886,4.395623683929443,1050310,0.0,0.0
2021-07-07 00:00:00-04:00,4.379896184705258,4.411350187949655,4.348443225334592,4.387759685516357,675306,0.0,0.0
2021-07-08 00:00:00-04:00,4.254082378490519,4.285536382614897,4.2147659172088074,4.222629070281982,1344394,0.0,0.0
2021-07-09 00:00:00-04:00,4.3563065746720815,4.442803340797032,4.332716073059052,4.42707633972168,983123,0.0,0.0
2021-07-12 00:00:00-04:00,4.427076822822956,4.560754258803513,4.419213321427181,4.545027256011963,1074995,0.0,0.0
2021-07-13 00:00:00-04:00,4.474257657068381,4.474257657068381,4.387760182228164,4.395623683929443,916957,0.0,0.0
2021-07-14 00:00:00-04:00,4.513574280116678,4.545027241727113,4.442803811650941,4.474257469177246,1659542,0.0,0.0
2021-07-15 00:00:00-04:00,4.427076836714317,4.482120302783649,4.403487028368843,4.434940338134766,706858,0.0,0.0
2021-07-16 00:00:00-04:00,4.41921342023523,4.434940423378415,4.285536677181701,4.301263332366943,1206307,0.0,0.0
2021-07-19 00:00:00-04:00,4.167585132647324,4.183312132919706,4.088951175159054,4.112541675567627,1354694,0.0,0.0
2021-07-20 00:00:00-04:00,4.010318188363913,4.151858416850306,3.9945911870139548,4.136131763458252,1408518,0.0,0.0
2021-07-21 00:00:00-04:00,4.246220120079721,4.324853400725167,4.246220120079721,4.316989898681641,1114714,0.0,0.0
2021-07-22 00:00:00-04:00,4.238356119569783,4.238356119569783,4.183312655612564,4.19117546081543,1184499,0.0,0.0
2021-07-23 00:00:00-04:00,4.34058014430902,4.348443645880613,4.293400178753294,4.301263332366943,1265699,0.0,0.0
2021-07-26 00:00:00-04:00,4.301263364268177,4.387760142407502,4.285536708966295,4.379896640777588,963264,0.0,0.0
2021-07-27 00:00:00-04:00,4.3327167141930625,4.403487185630722,4.316989710790506,4.395623683929443,1191552,0.0,0.0
2021-07-28 00:00:00-04:00,4.41921329498291,4.442803799029071,4.372032982806457,4.41921329498291,581114,0.0,0.0
2021-07-29 00:00:00-04:00,4.489983558654785,4.521437562616417,4.466393751599397,4.489983558654785,585939,0.0,0.0
2021-07-30 00:00:00-04:00,4.403487185630722,4.458530653665823,4.379896680526886,4.395623683929443,1253264,0.0,0.0
2021-08-02 00:00:00-04:00,4.489983824573616,4.537163789436539,4.419213355342324,4.442803859710693,1332701,0.0,0.0
2021-08-03 00:00:00-04:00,4.537163814739838,4.5843448237397,4.48212034811382,4.568617820739746,1152390,0.0,0.0
2021-08-04 00:00:00-04:00,4.576481302094543,4.600070762616815,4.560754299163818,4.560754299163818,963914,0.0,0.0
2021-08-05 00:00:00-04:00,4.576481531100613,4.631525000238697,4.568618029241762,4.615797996520996,546128,0.0,0.0
2021-08-06 00:00:00-04:00,4.662977908051801,4.710157871246338,4.647250905695696,4.710157871246338,778499,0.0,0.0
2021-08-09 00:00:00-04:00,4.7101574576741525,4.7494749601121695,4.6944311526147375,4.733747959136963,714931,0.0,0.0
2021-08-10 00:00:00-04:00,4.694431605330318,4.741611916890061,4.686568104084384,4.725884914398193,742307,0.0,0.0
2021-08-11 00:00:00-04:00,4.780927875234264,4.828107833862305,4.780927875234264,4.828107833862305,727181,0.0,0.0
2021-08-12 00:00:00-04:00,4.870356052332516,4.894268762724154,4.838471027572765,4.862384796142578,707693,0.08944,0.0
2021-08-13 00:00:00-04:00,4.870356021648331,4.886297828475654,4.830499740949745,4.8544135093688965,772746,0.0,0.0
2021-08-16 00:00:00-04:00,4.79861646826501,4.82252988741507,4.774702696388844,4.814558982849121,749546,0.0,0.0
2021-08-17 00:00:00-04:00,4.718904532107,4.742817949121502,4.623251216775066,4.663106441497803,799565,0.0,0.0
2021-08-18 00:00:00-04:00,4.631222278606083,4.702962526632815,4.623251022361093,4.639193534851074,772467,0.0,0.0
2021-08-19 00:00:00-04:00,4.639194430546049,4.663107145719696,4.599338141625994,4.623251914978027,1077501,0.0,0.0
2021-08-20 00:00:00-04:00,4.599336749753384,4.64716428198366,4.583395297188025,4.631221771240234,771632,0.0,0.0
2021-08-23 00:00:00-04:00,4.631222092402722,4.663106057922572,4.631222092402722,4.655135154724121,800678,0.0,0.0
2021-08-24 00:00:00-04:00,4.607309203723407,4.687020719999537,4.607309203723407,4.671078205108643,806710,0.0,0.0
2021-08-25 00:00:00-04:00,4.67904897790026,4.7428179726803315,4.663106464660685,4.734847068786621,1004931,0.0,0.0
2021-08-26 00:00:00-04:00,4.774702293707329,4.814558576806268,4.726875812166833,4.734847068786621,581392,0.0,0.0
2021-08-27 00:00:00-04:00,4.750789099504694,4.806587188866606,4.750789099504694,4.7986159324646,402010,0.0,0.0
2021-08-30 00:00:00-04:00,4.790645259656251,4.798616517029312,4.718905001477037,4.726876258850098,434397,0.0,0.0
2021-08-31 00:00:00-04:00,4.702962337545058,4.734846655790955,4.647164604251716,4.655135154724121,1298086,0.0,0.0
2021-09-01 00:00:00-04:00,4.679049462554089,4.702963234890431,4.663106947663195,4.671078205108643,573226,0.0,0.0
2021-09-02 00:00:00-04:00,4.671077343828388,4.718904174230256,4.671077343828388,4.694991111755371,472074,0.0,0.0
2021-09-03 00:00:00-04:00,4.687020234520048,4.7428179726803315,4.687020234520048,4.734847068786621,854502,0.0,0.0
2021-09-07 00:00:00-04:00,4.7109332755268065,4.734847045267385,4.655135537643686,4.663106441497803,658787,0.0,0.0
2021-09-08 00:00:00-04:00,4.623251348240406,4.647165118660989,4.591367026465135,4.599337577819824,859606,0.0,0.0
2021-09-09 00:00:00-04:00,4.58339586425144,4.639193600578728,4.575424607893513,4.591366767883301,717066,0.0,0.0
2021-09-10 00:00:00-04:00,4.599337321258567,4.607308577620772,4.551510841263526,4.559482097625732,620182,0.0,0.0
2021-09-13 00:00:00-04:00,4.631221771240234,4.66310573454902,4.6073080051250965,4.631221771240234,1487491,0.0,0.0
2021-09-14 00:00:00-04:00,4.67107763243473,4.687020145371073,4.5594821582367535,4.575424671173096,827126,0.0,0.0
2021-09-15 00:00:00-04:00,4.623251216775066,4.679048954658188,4.623251216775066,4.663106441497803,831024,0.0,0.0
2021-09-16 00:00:00-04:00,4.687020271728234,4.7109333363252786,4.655135597722041,4.679049015045166,856730,0.0,0.0
2021-09-17 00:00:00-04:00,4.726875399866457,4.734846655790955,4.639193348327219,4.655135154724121,685792,0.0,0.0
2021-09-20 00:00:00-04:00,4.5355694492756555,4.559482515099663,4.471800450717405,4.543540000915527,1812477,0.0,0.0
2021-09-21 00:00:00-04:00,4.543539264708429,4.559481776309339,4.487741532283367,4.503684043884277,1110166,0.0,0.0
2021-09-22 00:00:00-04:00,4.59933775577028,4.69499178297525,4.59933775577028,4.647165298461914,1277021,0.0,0.0
2021-09-23 00:00:00-04:00,4.718904080033817,4.782673068388033,4.7109328242172746,4.766731262207031,1026739,0.0,0.0
2021-09-24 00:00:00-04:00,4.77470181257149,4.806586835837661,4.750788750573946,4.766731262207031,1245376,0.0,0.0
2021-09-27 00:00:00-04:00,4.814558286848478,4.862384765508614,4.806587030708761,4.8544135093688965,1013562,0.0,0.0
2021-09-28 00:00:00-04:00,4.822528994744704,4.846442056742248,4.758760006390489,4.766731262207031,959274,0.0,0.0
2021-09-29 00:00:00-04:00,4.814558412327084,4.838471123191289,4.782673386937217,4.822529315948486,800586,0.0,0.0
2021-09-30 00:00:00-04:00,4.838470997089463,4.878327277788049,4.806587030708761,4.8544135093688965,2197133,0.0,0.0
2021-10-01 00:00:00-04:00,4.814558347414485,4.8942687934580595,4.782673322454509,4.87035608291626,2072410,0.0,0.0
2021-10-04 00:00:00-04:00,4.878327277788049,4.934125012587902,4.838470997089463,4.8544135093688965,900253,0.0,0.0
2021-10-05 00:00:00-04:00,4.918182127352525,5.021806685680504,4.918182127352525,5.013835430145264,1205843,0.0,0.0
2021-10-06 00:00:00-04:00,4.973980300681644,5.013835876453545,4.934125077635803,5.00586462020874,1055414,0.0,0.0
2021-10-07 00:00:00-04:00,4.9102118166249875,4.934125587832123,4.8783278465271,4.8783278465271,1161763,0.0,0.0
2021-10-08 00:00:00-04:00,4.878328097503815,4.934125841679481,4.87035684002467,4.918183326721191,650806,0.0,0.0
2021-10-11 00:00:00-04:00,5.061662579664643,5.101518862651848,4.958038360254366,4.966009616851807,806061,0.0,0.0
2021-10-12 00:00:00-04:00,4.997894196129035,5.005864747123798,4.958038266620595,4.97398042678833,740822,0.0,0.0
2021-10-13 00:00:00-04:00,4.989923506594006,5.005865315846841,4.902240733894536,4.997894763946533,844851,0.0,0.0
2021-10-14 00:00:00-04:00,5.037749736919737,5.045720993309689,5.005864711359928,5.029778480529785,631782,0.0,0.0
2021-10-15 00:00:00-04:00,5.0855764323547525,5.165287941450277,5.0855764323547525,5.1573166847229,1493152,0.0,0.0
2021-10-18 00:00:00-04:00,5.109489917755127,5.125431372143124,5.093547405188942,5.109489917755127,458803,0.0,0.0
2021-10-19 00:00:00-04:00,5.149344982583677,5.165287494659424,5.13340247050793,5.165287494659424,487571,0.0,0.0
2021-10-20 00:00:00-04:00,5.125431657813392,5.17325849272549,5.125431657813392,5.1573166847229,810330,0.0,0.0
2021-10-21 00:00:00-04:00,5.037750179396756,5.077605406668891,5.0297789223066705,5.05369234085083,986371,0.0,0.0
2021-10-22 00:00:00-04:00,5.069633420642941,5.117460250854492,5.053691614207154,5.117460250854492,797802,0.0,0.0
2021-10-25 00:00:00-04:00,5.117460916327459,5.133403077562407,5.085576593857563,5.1015191078186035,483210,0.0,0.0
2021-10-26 00:00:00-04:00,5.141374141268354,5.181229719220519,5.133402884587489,5.149345397949219,469754,0.0,0.0
2021-10-27 00:00:00-04:00,5.141373884709309,5.165287653558586,5.101518661472034,5.109489917755127,559491,0.0,0.0
2021-10-28 00:00:00-04:00,5.109490587433789,5.133403301239014,5.085576815450238,5.133403301239014,537869,0.0,0.0
2021-10-29 00:00:00-04:00,4.854413635886223,4.886297955823959,4.798615899632151,4.822529315948486,1439606,0.0,0.0
2021-11-01 00:00:00-04:00,4.934125841679481,4.958038908664683,4.886298649530729,4.918183326721191,740544,0.0,0.0
2021-11-02 00:00:00-04:00,4.8464423141962785,4.87035608291626,4.838471057956284,4.87035608291626,378624,0.0,0.0
2021-11-03 00:00:00-04:00,4.846442910352082,4.958038747808979,4.846442910352082,4.94209623336792,486829,0.0,0.0
2021-11-04 00:00:00-04:00,4.710933409485447,4.710933409485447,4.5754248655774985,4.599337577819824,1017274,0.0,0.0
2021-11-05 00:00:00-04:00,4.631222473355259,4.68702021123838,4.631222473355259,4.663106441497803,740544,0.0,0.0
2021-11-08 00:00:00-05:00,4.710932949104813,4.758760132545932,4.702962398529053,4.702962398529053,545757,0.0,0.0
2021-11-09 00:00:00-05:00,4.671078011629433,4.679049268744706,4.615280270000825,4.647165298461914,555965,0.0,0.0
2021-11-10 00:00:00-05:00,4.639194430546049,4.663107145719696,4.607309399410005,4.623251914978027,711219,0.0,0.0
2021-11-11 00:00:00-05:00,4.710933208465576,4.734846977865735,4.694991400984278,4.710933208465576,422054,0.0,0.0
2021-11-12 00:00:00-05:00,4.6870198249816895,4.702962336828254,4.671077313135124,4.6870198249816895,343917,0.0,0.0
2021-11-15 00:00:00-05:00,4.726875721399016,4.742817881606385,4.702962657450997,4.710933208465576,387254,0.0,0.0
2021-11-16 00:00:00-05:00,4.758760740340983,4.798616320118596,4.758760740340983,4.774702548980713,860163,0.0,0.0
2021-11-17 00:00:00-05:00,4.846442639434879,4.870356409759683,4.814558670513392,4.83050012588501,589651,0.0,0.0
2021-11-18 00:00:00-05:00,4.806586742401123,4.822528900998263,4.774701719754774,4.806586742401123,518752,0.0,0.0
2021-11-19 00:00:00-05:00,4.710933208465576,4.750789138073105,4.687020144517557,4.710933208465576,525712,0.0,0.0
2021-11-22 00:00:00-05:00,4.774701781510645,4.798615548804706,4.7507887196686625,4.75875997543335,407206,0.0,0.0
2021-11-23 00:00:00-05:00,4.750788750573946,4.7906443242045755,4.734846591666902,4.766731262207031,574803,0.0,0.0
2021-11-24 00:00:00-05:00,4.758759944372326,4.782673006058225,4.74281743294701,4.750788688659668,412867,0.0,0.0
2021-11-26 00:00:00-05:00,4.495713392465062,4.495713392465062,4.416002587374795,4.471800327301025,1092070,0.0,0.0
2021-11-29 00:00:00-05:00,4.535569324099328,4.543539875519222,4.455857813556884,4.471800327301025,778221,0.0,0.0
2021-11-30 00:00:00-05:00,4.519626140372574,4.543539201991773,4.455857153027291,4.487741470336914,1666410,0.0,0.0
2021-12-01 00:00:00-05:00,4.5754248458158,4.583396102588232,4.423973083496094,4.423973083496094,1010685,0.0,0.0
2021-12-02 00:00:00-05:00,4.543539020329461,4.639193026611947,4.543539020329461,4.631221771240234,955840,0.0,0.0
2021-12-03 00:00:00-05:00,4.591366415154364,4.591366415154364,4.5116549158770844,4.527597427368164,830096,0.0,0.0
2021-12-06 00:00:00-05:00,4.567453353987938,4.583395866712351,4.543539584901319,4.559482097625732,763930,0.0,0.0
2021-12-07 00:00:00-05:00,4.631222091696852,4.7189041432227254,4.631222091696852,4.6870198249816895,1950099,0.0,0.0
2021-12-08 00:00:00-05:00,4.671077343828388,4.694991111755371,4.6551351846031155,4.694991111755371,1671421,0.0,0.0
2021-12-09 00:00:00-05:00,4.631222635169628,4.6471651488870425,4.599337607734799,4.607308864593506,743142,0.0,0.0
2021-12-10 00:00:00-05:00,4.599337412810313,4.607308669331191,4.559482188384145,4.583395957946777,680595,0.0,0.0
2021-12-13 00:00:00-05:00,4.543539651119338,4.551510907597718,4.511655330657959,4.511655330657959,705280,0.0,0.0
2021-12-14 00:00:00-05:00,4.551510838819734,4.615279831504949,4.551510838819734,4.591366767883301,920205,0.0,0.0
2021-12-15 00:00:00-05:00,4.655136240661814,4.663107145719696,4.575425426452347,4.623251914978027,1056528,0.0,0.0
2021-12-16 00:00:00-05:00,4.750789138073105,4.782673458487843,4.702962657450997,4.710933208465576,1510506,0.0,0.0
2021-12-17 00:00:00-05:00,4.671077408959524,4.6790486650463325,4.599337162356413,4.615279674530029,707322,0.0,0.0
2021-12-20 00:00:00-05:00,4.591367026465135,4.599337577819824,4.551511095156917,4.599337577819824,1142090,0.0,0.0
2021-12-21 00:00:00-05:00,4.671077631584118,4.7189044649322955,4.671077631584118,4.710933208465576,1160371,0.0,0.0
2021-12-22 00:00:00-05:00,4.742817310002014,4.790644137586102,4.734846407222017,4.782672882080078,540189,0.0,0.0
2021-12-23 00:00:00-05:00,4.8225296342637005,4.85441395630599,4.8225296342637005,4.846442699432373,383821,0.0,0.0
2021-12-27 00:00:00-05:00,4.8464429805624185,4.902240723736156,4.8225299140066085,4.8942694664001465,339741,0.0,0.0
2021-12-28 00:00:00-05:00,4.870355834344998,4.9341248228321515,4.870355834344998,4.902239799499512,393750,0.0,0.0
2021-12-29 00:00:00-05:00,4.886298561790246,4.902240723736156,4.870356752570446,4.8942694664001465,374448,0.0,0.0
2021-12-30 00:00:00-05:00,4.870356052332516,4.886297859260275,4.85441353995264,4.862384796142578,485901,0.0,0.0
2021-12-31 00:00:00-05:00,4.862384826676266,4.886297889944126,4.8464423141962785,4.87035608291626,521814,0.0,0.0
2022-01-03 00:00:00-05:00,4.910211653021047,4.966009745193024,4.902240396217597,4.9341254234313965,827498,0.0,0.0
2022-01-04 00:00:00-05:00,5.05369234085083,5.077605406668891,5.037750179396756,5.05369234085083,909440,0.0,0.0
2022-01-05 00:00:00-05:00,5.125431249031992,5.173258080129637,5.069633514568775,5.0776047706604,829818,0.0,0.0
2022-01-06 00:00:00-05:00,5.181229114477585,5.284854028329613,5.181229114477585,5.276883125305176,1209648,0.0,0.0
2022-01-07 00:00:00-05:00,5.28485434711095,5.348622986057111,5.26891218737441,5.332681179046631,1158979,0.0,0.0
2022-01-10 00:00:00-05:00,5.372536659240723,5.388479172466587,5.324710177741359,5.372536659240723,631226,0.0,0.0
2022-01-11 00:00:00-05:00,5.300796407902562,5.372536659240723,5.292825151289629,5.372536659240723,1068870,0.0,0.0
2022-01-12 00:00:00-05:00,5.308767224609762,5.356593702146032,5.292824712704958,5.348622798919678,1061075,0.0,0.0
2022-01-13 00:00:00-05:00,5.404420852661133,5.452248038483621,5.396450301688511,5.404420852661133,1199718,0.0,0.0
2022-01-14 00:00:00-05:00,5.428334553791811,5.492103546211168,5.428334553791811,5.484132289886475,986278,0.0,0.0
2022-01-18 00:00:00-05:00,5.444277127835364,5.492103963969357,5.420363709768367,5.4681901931762695,898768,0.0,0.0
2022-01-19 00:00:00-05:00,5.484131610974093,5.484131610974093,5.396449565887451,5.396449565887451,1089936,0.0,0.0
2022-01-20 00:00:00-05:00,5.324709959735123,5.348623023142708,5.244998455047607,5.244998455047607,1051146,0.0,0.0
2022-01-21 00:00:00-05:00,5.173258462539654,5.19717223258225,5.125431627906623,5.149345397949219,1075181,0.0,0.0
2022-01-24 00:00:00-05:00,5.013836501957256,5.053692435427465,4.878327950698626,5.045721530914307,2336147,0.0,0.0
2022-01-25 00:00:00-05:00,5.093547125715629,5.237026909130328,5.037749392973685,5.197171688079834,1598294,0.0,0.0
2022-01-26 00:00:00-05:00,5.3007961908754115,5.332681216021693,5.213114135353451,5.244998455047607,1621773,0.0,0.0
2022-01-27 00:00:00-05:00,5.332681216021693,5.380507695562927,5.205142879066881,5.244998455047607,1770067,0.0,0.0
2022-01-28 00:00:00-05:00,5.221085391640021,5.252969711334178,5.181229462933232,5.244998455047607,1109053,0.0,0.0
2022-01-31 00:00:00-05:00,5.22108595477997,5.2689127922058105,5.1971725360670495,5.2689127922058105,585661,0.0,0.0
2022-02-01 00:00:00-05:00,5.292825056023319,5.4123921394348145,5.292825056023319,5.4123921394348145,1233405,0.0,0.0
2022-02-02 00:00:00-05:00,5.476161818900591,5.555873335400799,5.468190561432736,5.539930820465088,1403786,0.0,0.0
2022-02-03 00:00:00-05:00,5.5000748025358615,5.539930025981137,5.468189777237087,5.484132289886475,1438307,0.0,0.0
2022-02-04 00:00:00-05:00,5.324710052043883,5.420363365510652,5.308767539194364,5.404420852661133,1698704,0.0,0.0
2022-02-07 00:00:00-05:00,5.388478310549566,5.412391371111182,5.356593289198022,5.396449565887451,1247696,0.0,0.0
2022-02-08 00:00:00-05:00,5.404420910134955,5.460219352975595,5.396450359077569,5.4522480964660645,1421418,0.0,0.0
2022-02-09 00:00:00-05:00,5.444276870132321,5.492103704002448,5.428334709750971,5.460219383239746,776272,0.0,0.0
2022-02-10 00:00:00-05:00,5.5000748025358615,5.579785602152477,5.476161033561781,5.484132289886475,1661491,0.0,0.0
2022-02-11 00:00:00-05:00,5.444276131155691,5.531958177714669,5.316738159964054,5.324709415435791,2618816,0.0,0.0
2022-02-14 00:00:00-05:00,5.292824578628011,5.300795834378486,5.221085040503924,5.276883125305176,1513661,0.0,0.0
2022-02-15 00:00:00-05:00,5.332681179046631,5.364565145793652,5.30876741035273,5.332681179046631,2658627,0.0,0.0
2022-02-16 00:00:00-05:00,5.284854730585805,5.332681565991854,5.284854730585805,5.308767795562744,849120,0.0,0.0
2022-02-17 00:00:00-05:00,5.244998291407901,5.276883315559395,5.165287494659424,5.165287494659424,2472470,0.0,0.0
2022-02-18 00:00:00-05:00,5.117460407318624,5.141373823155541,5.053691768721587,5.093547344207764,1636714,0.0,0.0
2022-02-22 00:00:00-05:00,5.229056358736689,5.260940676667502,5.149344858457572,5.197171688079834,2387280,0.0,0.0
2022-02-23 00:00:00-05:00,5.244998554355205,5.27688358010519,5.157316497173094,5.173258304595947,1564979,0.0,0.0
2022-02-24 00:00:00-05:00,4.87035684002467,4.9261545842003365,4.790645323411571,4.918183326721191,3431280,0.0,0.0
2022-02-25 00:00:00-05:00,5.021807066494512,5.0935473135738,5.013835810354795,5.085576057434082,1820550,0.0,0.0
2022-02-28 00:00:00-05:00,4.8544135704362725,4.926153818418035,4.83049980171629,4.87035608291626,1879664,0.0,0.0
2022-03-01 00:00:00-05:00,4.790644919375797,4.81455868979638,4.567453608770638,4.599337577819824,2340602,0.0,0.0
2022-03-02 00:00:00-05:00,4.663106118389744,4.726875461160536,4.647164664512174,4.702962398529053,1866672,0.0,0.0
2022-03-03 00:00:00-05:00,4.702962858130757,4.726875923099168,4.567453608770638,4.599337577819824,2196019,0.0,0.0
2022-03-04 00:00:00-05:00,4.408031480389461,4.408031480389461,4.2645509681699325,4.312377452850342,2601370,0.0,0.0
2022-03-07 00:00:00-05:00,4.168897205540144,4.184839718141677,3.9775898761302644,3.9855611324310303,3865584,0.0,0.0
2022-03-08 00:00:00-05:00,4.1928099964647,4.312376716848175,4.097156690703127,4.208752155303955,6068192,0.0,0.0
2022-03-09 00:00:00-05:00,4.408031017253962,4.45585749690942,4.368174735725923,4.41600227355957,3009040,0.0,0.0
2022-03-10 00:00:00-05:00,4.344262511217388,4.376146481830233,4.304406930680653,4.320348739624023,2037238,0.0,0.0
2022-03-11 00:00:00-05:00,4.376145641231918,4.4000594082317726,4.280492336862679,4.288463592529297,1334000,0.0,0.0
2022-03-14 00:00:00-04:00,4.447885958733175,4.559481776309339,4.423972544057851,4.503684043884277,2246410,0.0,0.0
2022-03-15 00:00:00-04:00,4.5435406402950775,4.559483156722689,4.463829821787762,4.519627571105957,1900915,0.0,0.0
2022-03-16 00:00:00-04:00,4.60730832462923,4.671077313847069,4.567453103184882,4.655135154724121,2288262,0.0,0.0
2022-03-17 00:00:00-04:00,4.625401696052979,4.683219089330969,4.56758430277499,4.6666998863220215,3473504,0.219828,0.0
2022-03-18 00:00:00-04:00,4.625401553751783,4.707997566255437,4.600622201760676,4.691478729248047,1340682,0.0,0.0
2022-03-21 00:00:00-04:00,4.699738025665283,4.7245166440990225,4.666699258598126,4.699738025665283,1590685,0.0,0.0
2022-03-22 00:00:00-04:00,4.856671544091611,4.931008504485671,4.856671544091611,4.889709949493408,5725389,0.0,0.0
2022-03-23 00:00:00-04:00,4.831892403605162,4.889710163832752,4.790594577789307,4.790594577789307,1617875,0.0,0.0
2022-03-24 00:00:00-04:00,4.8814506298190405,4.939268758506382,4.856672006156919,4.897970199584961,2307101,0.0,0.0
2022-03-25 00:00:00-04:00,4.881449932538231,4.889709716241339,4.823632543096456,4.873190879821777,2113149,0.0,0.0
2022-03-28 00:00:00-04:00,4.864931025737042,4.864931025737042,4.749296248526397,4.815373420715332,1119261,0.0,0.0
2022-03-29 00:00:00-04:00,4.906229496002197,4.922748698630081,4.864931306685816,4.906229496002197,1080285,0.0,0.0
2022-03-30 00:00:00-04:00,4.873190830299102,4.873190830299102,4.782334306968203,4.798853874206543,1270061,0.0,0.0
2022-03-31 00:00:00-04:00,4.757555904744311,4.765814957754666,4.691478729248047,4.691478729248047,1467725,0.0,0.0
2022-04-01 00:00:00-04:00,4.749296774266728,4.782334815778476,4.716257636274893,4.774075031280518,1684506,0.0,0.0
2022-04-04 00:00:00-04:00,4.699738259222373,4.749296229539278,4.683218692121192,4.716257095336914,1331866,0.0,0.0
2022-04-05 00:00:00-04:00,4.666698951331457,4.67495836843445,4.62540076933666,4.650179386138916,1342538,0.0,0.0
2022-04-06 00:00:00-04:00,4.559324364461462,4.625401539757812,4.518026175587911,4.592362403869629,3004771,0.0,0.0
2022-04-07 00:00:00-04:00,4.650180658896272,4.699739002544769,4.592362895884175,4.6832194328308105,2332157,0.0,0.0
2022-04-08 00:00:00-04:00,4.650180317819723,4.707997711097713,4.633661480304128,4.6666998863220215,1717635,0.0,0.0
2022-04-11 00:00:00-04:00,4.732776662438097,4.790594050812272,4.707997311786324,4.716257095336914,1244077,0.0,0.0
2022-04-12 00:00:00-04:00,4.683218641535226,4.724516827855457,4.617141470324195,4.64192008972168,1277114,0.0,0.0
2022-04-13 00:00:00-04:00,4.666699918589114,4.765815137328109,4.666699918589114,4.74929666519165,1337062,0.0,0.0
2022-04-14 00:00:00-04:00,4.749296676264773,4.774074932767262,4.707997754627184,4.741036891937256,935610,0.0,0.0
2022-04-18 00:00:00-04:00,4.691478086036835,4.790593652945614,4.658439320071715,4.765814304351807,925030,0.0,0.0
2022-04-19 00:00:00-04:00,4.765814719213656,4.815373420715332,4.757555666616687,4.815373420715332,1183200,0.0,0.0
2022-04-20 00:00:00-04:00,4.881450165396286,4.9392682885827925,4.873191112285854,4.889709949493408,1527210,0.0,0.0
2022-04-21 00:00:00-04:00,4.947527116309224,4.9640466837509205,4.856671322846535,4.864931106567383,1232291,0.0,0.0
2022-04-22 00:00:00-04:00,4.798854274561148,4.807114058869408,4.724517312266871,4.74929666519165,1174198,0.0,0.0
2022-04-25 00:00:00-04:00,4.683218702363198,4.716257105651175,4.600621963156613,4.7079973220825195,2136998,0.0,0.0
2022-04-26 00:00:00-04:00,4.674959125367452,4.724517097982561,4.600622166444787,4.608881950378418,2113798,0.0,0.0
2022-04-27 00:00:00-04:00,4.633661770005088,4.666700178088575,4.592362846167294,4.617142200469971,1868528,0.0,0.0
2022-04-28 00:00:00-04:00,4.650180174756209,4.724517134249508,4.600622201760676,4.691478729248047,1910474,0.0,0.0
2022-04-29 00:00:00-04:00,4.509767581257052,4.592363243111611,4.460209599354868,4.476728439331055,1384947,0.0,0.0
2022-05-02 00:00:00-04:00,4.476727951167478,4.4932475203291045,4.402390986420255,4.484987735748291,1593098,0.0,0.0
2022-05-03 00:00:00-04:00,4.608881204144119,4.658439168735187,4.600621421547848,4.650179386138916,1786307,0.0,0.0
2022-05-04 00:00:00-04:00,4.625401313862578,4.732776672788484,4.592362179587958,4.7079973220825195,1684691,0.0,0.0
2022-05-05 00:00:00-04:00,4.427170605726322,4.443689810385487,4.3032756570491175,4.352833271026611,2334848,0.0,0.0
2022-05-06 00:00:00-04:00,4.328054659951162,4.36109270108663,4.2950155223356195,4.344573497772217,2532141,0.0,0.0
2022-05-09 00:00:00-04:00,4.2371976524948485,4.270236786402776,4.195899466096574,4.212419033050537,2344685,0.0,0.0
2022-05-10 00:00:00-04:00,4.278496194023818,4.295015029951139,4.162860687599412,4.220678806304932,2644429,0.0,0.0
2022-05-11 00:00:00-04:00,4.2289378274641924,4.286755214754998,4.129822254180908,4.129822254180908,2919859,0.0,0.0
2022-05-12 00:00:00-04:00,4.179380254513366,4.261976992603182,4.1463418516720925,4.220678806304932,4268707,0.0,0.0
2022-05-13 00:00:00-04:00,4.2454572462254125,4.328053980823702,4.2454572462254125,4.303274631500244,2576499,0.0,0.0
2022-05-16 00:00:00-04:00,4.286755497708857,4.36935224063905,4.2702370263068286,4.3363142013549805,1232477,0.0,0.0
2022-05-17 00:00:00-04:00,4.427170822922276,4.484988224812555,4.418911037440777,4.476728439331055,1761994,0.0,0.0
2022-05-18 00:00:00-04:00,4.427170098622752,4.4354295172595775,4.344573353801073,4.369352340698242,1323142,0.0,0.0
2022-05-19 00:00:00-04:00,4.344573332254337,4.418910292577173,4.344573332254337,4.385871887207031,1923651,0.0,0.0
2022-05-20 00:00:00-04:00,4.435429484325601,4.435429484325601,4.319794700321887,4.394131660461426,1707056,0.0,0.0
2022-05-23 00:00:00-04:00,4.5262851398416,4.592362313842597,4.4932471010811,4.551064491271973,2856106,0.0,0.0
2022-05-24 00:00:00-04:00,4.567584611205713,4.6171422235789805,4.5262856871612165,4.600622653961182,1921424,0.0,0.0
2022-05-25 00:00:00-04:00,4.567584095609433,4.666699674661018,4.567584095609433,4.633661270141602,1246582,0.0,0.0
2022-05-26 00:00:00-04:00,4.66669947020844,4.741036425360355,4.658439686693787,4.732776641845703,1066179,0.0,0.0
2022-05-27 00:00:00-04:00,4.815373188097414,4.848411224355919,4.798853621728205,4.82363224029541,1166960,0.0,0.0
2022-05-31 00:00:00-04:00,4.782334055358997,4.856671007540523,4.774074272174392,4.82363224029541,1322122,0.0,0.0
2022-06-01 00:00:00-04:00,4.823632984639334,4.831892403605162,4.732777183055077,4.790594577789307,1091142,0.0,0.0
2022-06-02 00:00:00-04:00,4.790594069964494,4.8236324733123,4.749296248526397,4.815373420715332,886611,0.0,0.0
2022-06-03 00:00:00-04:00,4.774074087216409,4.790593652945614,4.741036052237869,4.765814304351807,838170,0.0,0.0
2022-06-06 00:00:00-04:00,4.856671007540523,4.897969192476936,4.80711340491281,4.82363224029541,1228765,0.0,0.0
2022-06-07 00:00:00-04:00,4.7823343968631695,4.840151786804199,4.774074613088739,4.840151786804199,891994,0.0,0.0
2022-06-08 00:00:00-04:00,4.798854362248494,4.823632984639334,4.749296751973453,4.790594577789307,1266720,0.0,0.0
2022-06-09 00:00:00-04:00,4.798853813482967,4.823632433040286,4.72451685833105,4.732776641845703,1393763,0.0,0.0
2022-06-10 00:00:00-04:00,4.6254014490830935,4.633661232893218,4.5428047074618485,4.551064491271973,2536595,0.0,0.0
2022-06-13 00:00:00-04:00,4.468467498619714,4.493246848658024,4.410650111676926,4.435429096221924,2385424,0.0,0.0
2022-06-14 00:00:00-04:00,4.476727898290131,4.484987682773383,4.369352527474661,4.418910503387451,2782330,0.0,0.0
2022-06-15 00:00:00-04:00,4.5758443731123,4.641920823785898,4.509767191451953,4.617142200469971,2902134,0.0,0.0
2022-06-16 00:00:00-04:00,4.476727741161198,4.49324730954788,4.402390779901171,4.451949119567871,2762285,0.0,0.0
2022-06-17 00:00:00-04:00,4.468467956967856,4.49324730954788,4.410650564094512,4.451949119567871,2357398,0.0,0.0
2022-06-21 00:00:00-04:00,4.575843842702345,4.584102895525805,4.534544923651724,4.551064491271973,2107859,0.0,0.0
2022-06-22 00:00:00-04:00,4.650179923412148,4.741036445988687,4.6336610872976065,4.716257095336914,4070022,0.0,0.0
2022-06-23 00:00:00-04:00,4.5675840801575,4.584102916867991,4.46020871759264,4.534544944763184,2976096,0.0,0.0
2022-06-24 00:00:00-04:00,4.551065041587914,4.608882438770081,4.542805256779015,4.600622653961182,1853773,0.0,0.0
2022-06-27 00:00:00-04:00,4.559324254008815,4.608881860160507,4.551064470236867,4.567584037780762,2486205,0.0,0.0
2022-06-28 00:00:00-04:00,4.600622087001379,4.6419202749697215,4.559324264526367,4.559324264526367,2171520,0.0,0.0
2022-06-29 00:00:00-04:00,4.559324826396813,4.633661793196779,4.501507429214647,4.600622653961182,8759114,0.0,0.0
2022-06-30 00:00:00-04:00,4.451948834420757,4.526285059932854,4.394131445250614,4.501506805419922,3351658,0.0,0.0
2022-07-01 00:00:00-04:00,4.435429277368108,4.501506815848966,4.385871671747454,4.493247032165527,1511619,0.0,0.0
2022-07-05 00:00:00-04:00,4.319794743170038,4.3693523515946175,4.270237134745459,4.361092567443848,2548474,0.0,0.0
2022-07-06 00:00:00-04:00,4.278496497982136,4.303275119126787,4.228938159212808,4.295015335083008,2846640,0.0,0.0
2022-07-07 00:00:00-04:00,4.3693530230225015,4.418911004555882,4.3693530230225015,4.40239143371582,1616947,0.0,0.0
2022-07-08 00:00:00-04:00,4.435429706860593,4.443689491343846,4.3941318809244185,4.418910503387451,844573,0.0,0.0
2022-07-11 00:00:00-04:00,4.394131693088758,4.410650530362409,4.352832772437899,4.369352340698242,1271638,0.0,0.0
2022-07-12 00:00:00-04:00,4.311534937555464,4.418910303514201,4.311534937555464,4.377612113952637,1361283,0.0,0.0
2022-07-13 00:00:00-04:00,4.336314444355048,4.36109270108663,4.2950155223356195,4.344573497772217,1317389,0.0,0.0
2022-07-14 00:00:00-04:00,4.212419022847955,4.245457425689229,4.17112047105639,4.220678806304932,3055162,0.0,0.0
2022-07-15 00:00:00-04:00,4.278496684514565,4.352832916682744,4.270237265604036,4.344573497772217,2554506,0.0,0.0
2022-07-18 00:00:00-04:00,4.427169322967529,4.48498670526889,4.4189095402845,4.427169322967529,2381712,0.0,0.0
2022-07-19 00:00:00-04:00,4.567583866035909,4.64192008972168,4.567583866035909,4.64192008972168,1328710,0.0,0.0
2022-07-20 00:00:00-04:00,4.567584058892221,4.592362313842597,4.51802608701814,4.551064491271973,1184035,0.0,0.0
2022-07-21 00:00:00-04:00,4.501506973137158,4.592362403869629,4.501506973137158,4.592362403869629,1184592,0.0,0.0
2022-07-22 00:00:00-04:00,4.542804728611762,4.584102916867991,4.5097666896974475,4.534544944763184,1009664,0.0,0.0
2022-07-25 00:00:00-04:00,4.674959182739258,4.707997587892558,4.650180196127612,4.674959182739258,1304954,0.0,0.0
2022-07-26 00:00:00-04:00,4.62540148626508,4.666699674661018,4.617141702388558,4.633661270141602,1468282,0.0,0.0
2022-07-27 00:00:00-04:00,4.7327766915286595,4.823632483677014,4.724516907927298,4.8071136474609375,1270339,0.0,0.0
2022-07-28 00:00:00-04:00,4.707997311786324,4.724516878887505,4.6749589085706,4.716257095336914,1185984,0.0,0.0
2022-07-29 00:00:00-04:00,5.005344617416066,5.162278318649379,4.9970855644978265,5.1374993324279785,4613088,0.0,0.0
2022-08-01 00:00:00-04:00,5.2366148353828414,5.269653237227626,5.187056501629054,5.220095634460449,2719968,0.0,0.0
2022-08-02 00:00:00-04:00,5.220096074997091,5.220096074997091,5.1374993324279785,5.1374993324279785,1742413,0.0,0.0
2022-08-03 00:00:00-04:00,5.1209802513208125,5.15401902458716,5.079682058857906,5.129240036010742,2029165,0.0,0.0
2022-08-04 00:00:00-04:00,5.096201639617968,5.129240047464722,5.07968207020122,5.120980262756348,1272102,0.0,0.0
2022-08-05 00:00:00-04:00,5.0962005412451985,5.178797274046937,5.087940758317036,5.154017925262451,1283424,0.0,0.0
2022-08-08 00:00:00-04:00,5.178797742705275,5.2035763627455305,5.145758973496059,5.162278175354004,1162320,0.0,0.0
2022-08-09 00:00:00-04:00,5.187057018280029,5.211836370371695,5.170538181205602,5.187057018280029,1219949,0.0,0.0
2022-08-10 00:00:00-04:00,5.269653290203032,5.319210893468408,5.261393506912149,5.294432640075684,1546790,0.0,0.0
2022-08-11 00:00:00-04:00,5.3026921807750345,5.310951599333329,5.261393991503538,5.286173343658447,1124365,0.0,0.0
2022-08-12 00:00:00-04:00,5.343990315779283,5.377028718404039,5.319210965570746,5.352250099182129,1519786,0.0,0.0
2022-08-15 00:00:00-04:00,5.294433226862787,5.327471267208033,5.269653874243817,5.319211483001709,866659,0.0,0.0
2022-08-16 00:00:00-04:00,5.277913175198601,5.343990346319043,5.269653391748553,5.327470779418945,1043722,0.0,0.0
2022-08-17 00:00:00-04:00,5.3192109756721395,5.360509161778167,5.302691774328392,5.343990325927734,1297158,0.0,0.0
2022-08-18 00:00:00-04:00,5.302691692379949,5.310951110177523,5.277913073493916,5.294432640075684,1035091,0.0,0.0
2022-08-19 00:00:00-04:00,5.203576586341139,5.22009615440225,5.162278397175046,5.187057018280029,1147843,0.0,0.0
2022-08-22 00:00:00-04:00,5.129239548523066,5.154018534744466,5.096201143890091,5.1374993324279785,1421696,0.0,0.0
2022-08-23 00:00:00-04:00,5.154018391678369,5.2035763627455305,5.145758973496059,5.162278175354004,1102557,0.0,0.0
2022-08-24 00:00:00-04:00,5.063162163927896,5.1127204998101545,5.046643327789345,5.104460716247559,945261,0.0,0.0
2022-08-25 00:00:00-04:00,5.091062959008832,5.124557357373032,5.074315759826733,5.116183757781982,1452970,0.090517,0.0
2022-08-26 00:00:00-04:00,5.141303655362492,5.149677255296212,4.973834991455078,4.973834991455078,1345693,0.0,0.0
2022-08-29 00:00:00-04:00,4.973834208911053,5.007328232846582,4.965460610294769,4.990581035614014,919370,0.0,0.0
2022-08-30 00:00:00-04:00,4.956142902374268,4.956142902374268,4.956142902374268,4.956142902374268,0,0.421,0.928
2022-08-31 00:00:00-04:00,4.956142902374268,4.956142902374268,4.956142902374268,4.956142902374268,0,0.0,0.0
2022-09-01 00:00:00-04:00,5.371927235475573,5.371927235475573,4.64846345025924,4.723304271697998,1133800,0.0,0.0
2022-09-02 00:00:00-04:00,4.881301671054261,4.939511545256366,4.781513655155504,4.806460857391357,1261900,0.0,0.0
2022-09-06 00:00:00-04:00,5.014352776824601,5.0226682465904595,4.922880230266172,4.956142902374268,2885000,0.0,0.0
2022-09-07 00:00:00-04:00,4.848039075668264,5.00603696826488,4.839723605806512,4.989405632019043,2496500,0.0,0.0
2022-09-08 00:00:00-04:00,4.947827604448821,4.997722014864723,4.922880795763244,4.96445894241333,1752600,0.0,0.0
2022-09-09 00:00:00-04:00,5.08919393157228,5.17235061741058,5.080878461249627,5.15571928024292,894300,0.0,0.0
2022-09-12 00:00:00-04:00,5.2721389549217035,5.3386643025574285,5.255507618012773,5.297085762023926,1070800,0.0,0.0
2022-09-13 00:00:00-04:00,5.263823243374536,5.322033122532897,5.222245098137731,5.247191905975342,1193700,0.0,0.0
2022-09-14 00:00:00-04:00,5.222244680798806,5.288770025079169,5.222244680798806,5.280454158782959,870200,0.0,0.0
2022-09-15 00:00:00-04:00,5.305401802062988,5.371927151872045,5.2887704646107245,5.305401802062988,843000,0.0,0.0
2022-09-16 00:00:00-04:00,5.272138689009078,5.29708549485305,5.238876016868897,5.280454158782959,784200,0.0,0.0
2022-09-19 00:00:00-04:00,5.247192014294812,5.330348703007413,5.172350796192284,5.313717365264893,755200,0.0,0.0
2022-09-20 00:00:00-04:00,5.205613476148995,5.222244812638959,5.147403600172954,5.1723504066467285,1210500,0.0,0.0
2022-09-21 00:00:00-04:00,5.08087870468727,5.097510042651779,4.96445894241333,4.96445894241333,1255900,0.0,0.0
2022-09-22 00:00:00-04:00,4.972774875907171,4.981090346739022,4.88961818497676,4.906249523162842,1042800,0.0,0.0
2022-09-23 00:00:00-04:00,4.640147627966279,4.640147627966279,4.423940235633439,4.457202911376953,1950700,0.0,0.0
2022-09-26 00:00:00-04:00,4.274257453546463,4.315835993133733,4.166153964359774,4.199416637420654,2660800,0.0,0.0
2022-09-27 00:00:00-04:00,4.2243637335811295,4.26594227601906,4.1328911781311035,4.1328911781311035,3676500,0.0,0.0
2022-09-28 00:00:00-04:00,4.041418722631572,4.149522211296959,4.016471519695043,4.141206741333008,2827600,0.0,0.0
2022-09-29 00:00:00-04:00,4.049734381615053,4.099628393294552,3.9832090327090546,4.066365718841553,4912700,0.0,0.0
2022-09-30 00:00:00-04:00,4.116260103901856,4.232679871570001,4.107944632795498,4.14952278137207,3040600,0.0,0.0
2022-10-03 00:00:00-04:00,4.199417477500895,4.299205516645817,4.157838929595967,4.28257417678833,2376700,0.0,0.0
2022-10-04 00:00:00-04:00,4.415625143430701,4.465519165802961,4.407309671296544,4.448887825012207,2565700,0.0,0.0
2022-10-05 00:00:00-04:00,4.349098508589537,4.374045710742317,4.282573164878561,4.340782642364502,1225500,0.0,0.0
2022-10-06 00:00:00-04:00,4.282573433681844,4.324151577849768,4.265942096710205,4.265942096710205,1334200,0.0,0.0
2022-10-07 00:00:00-04:00,4.282573471323058,4.29088894162079,4.216048122851784,4.240994930267334,1743600,0.0,0.0
2022-10-10 00:00:00-04:00,4.249311438009223,4.26594277763554,4.166154739877641,4.191101551055908,1486200,0.0,0.0
2022-10-11 00:00:00-04:00,4.141206566896841,4.157837902646534,4.024787216648988,4.041418552398682,2037000,0.0,0.0
2022-10-12 00:00:00-04:00,3.9416302414367186,3.966577443955706,3.9166834354400635,3.9166834354400635,1416000,0.0,0.0
2022-10-13 00:00:00-04:00,4.232679157095328,4.390677046670061,4.216047821167583,4.340782642364502,3929500,0.0,0.0
2022-10-14 00:00:00-04:00,4.357414467717773,4.382361672672627,4.2493109703063965,4.2493109703063965,1857400,0.0,0.0
2022-10-17 00:00:00-04:00,4.440571825012065,4.482149973785191,4.415624618530273,4.415624618530273,2423300,0.0,0.0
2022-10-18 00:00:00-04:00,4.523728410104448,4.54035974851753,4.457203056452122,4.498781204223633,1982600,0.0,0.0
2022-10-19 00:00:00-04:00,4.3158361635421,4.3407829710616,4.257626285126005,4.2992048263549805,2470700,0.0,0.0
2022-10-20 00:00:00-04:00,4.415624618530273,4.507097180266982,4.407309147384606,4.415624618530273,4105500,0.0,0.0
2022-10-21 00:00:00-04:00,4.3158363412058325,4.465518382051645,4.3075204740087685,4.457202911376953,1299500,0.0,0.0
2022-10-24 00:00:00-04:00,4.5237281595782814,4.58193803906157,4.5237281595782814,4.5403594970703125,2020900,0.0,0.0
2022-10-25 00:00:00-04:00,4.573622503642388,4.690041874527015,4.573622503642388,4.648463726043701,1770400,0.0,0.0
2022-10-26 00:00:00-04:00,4.698357105255127,4.756566584545706,4.681725768811771,4.698357105255127,1398900,0.0,0.0
2022-10-27 00:00:00-04:00,4.723303852038763,4.806460929728228,4.723303852038763,4.756566524505615,1337000,0.0,0.0
2022-10-28 00:00:00-04:00,4.382361928855839,4.407309135269052,4.2908893673705855,4.357414722442627,3373400,0.0,0.0
2022-10-31 00:00:00-04:00,4.4239396129344515,4.5486744311541845,4.4239396129344515,4.507096290588379,2883800,0.0,0.0
2022-11-01 00:00:00-04:00,4.573622438773196,4.598569644727263,4.540359761849364,4.556991100311279,1396400,0.0,0.0
2022-11-02 00:00:00-04:00,4.548674950704341,4.606884829971988,4.465518263552247,4.482149600982666,1524300,0.0,0.0
2022-11-03 00:00:00-04:00,4.30752035163964,4.365730230798335,4.2992048812011765,4.332467555999756,2582800,0.0,0.0
2022-11-04 00:00:00-04:00,4.448887202047631,4.556991100311279,4.448887202047631,4.556991100311279,2204800,0.0,0.0
2022-11-07 00:00:00-05:00,4.5736221885686525,4.623516201224899,4.556990851016571,4.598569393157959,1953000,0.0,0.0
2022-11-08 00:00:00-05:00,4.62351625566759,4.665094798298573,4.590253580171752,4.631832122802734,1481100,0.0,0.0
2022-11-09 00:00:00-05:00,4.532043668259642,4.556990872969127,4.507096860072524,4.515412330627441,1199300,0.0,0.0
2022-11-10 00:00:00-05:00,4.631831701016084,4.756566524505615,4.615200364782657,4.756566524505615,1966400,0.0,0.0
2022-11-11 00:00:00-05:00,4.889618119834226,4.989406147621281,4.881302252590784,4.96445894241333,1905200,0.0,0.0
2022-11-14 00:00:00-05:00,4.897933272642578,4.9644586201826195,4.889617802461247,4.914564609527588,1672900,0.0,0.0
2022-11-15 00:00:00-05:00,5.047615758131664,5.055931228406899,4.906249194751479,4.947827339172363,1623700,0.0,0.0
2022-11-16 00:00:00-05:00,4.947827457511372,4.964458794981975,4.9062493120960475,4.92288064956665,1077100,0.0,0.0
2022-11-17 00:00:00-05:00,4.947827930179996,5.080879039177621,4.947827930179996,5.072563171386719,1860200,0.0,0.0
2022-11-18 00:00:00-05:00,5.147404670715332,5.172351482377473,5.122457462530768,5.147404670715332,817000,0.0,0.0
2022-11-21 00:00:00-05:00,5.114141291292532,5.122456761868361,5.04761594059643,5.105825424194336,1897800,0.0,0.0
2022-11-22 00:00:00-05:00,5.072562182170003,5.105824853802147,5.064246712523128,5.097509384155273,1048600,0.0,0.0
2022-11-23 00:00:00-05:00,5.122457462530768,5.155720142428572,5.1141419908175285,5.147404670715332,800900,0.0,0.0
2022-11-25 00:00:00-05:00,5.147403735620895,5.22224495005626,5.147403735620895,5.205613613128662,527800,0.0,0.0
2022-11-28 00:00:00-05:00,5.130772055787419,5.1557188612503655,5.097509384155273,5.097509384155273,947700,0.0,0.0
2022-11-29 00:00:00-05:00,5.205613760738537,5.263823243374536,5.197297893777759,5.247191905975342,1234600,0.0,0.0
2022-11-30 00:00:00-05:00,5.280454388223777,5.338664265259536,5.205613570917628,5.322032928466797,1261200,0.0,0.0
2022-12-01 00:00:00-05:00,5.346979503063322,5.355295369359532,5.255507352938987,5.280454158782959,1021300,0.0,0.0
2022-12-02 00:00:00-05:00,5.3220335101515,5.405190203204007,5.3220335101515,5.388558864593506,1367800,0.0,0.0
2022-12-05 00:00:00-05:00,5.396873511273594,5.405189377569805,5.272138689009078,5.280454158782959,936800,0.0,0.0
2022-12-06 00:00:00-05:00,5.313717272527939,5.3636112848847315,5.263823260171146,5.305401802062988,941500,0.0,0.0
2022-12-07 00:00:00-05:00,5.2970861464559595,5.330348822687836,5.272139337543242,5.28877067565918,785300,0.0,0.0
2022-12-08 00:00:00-05:00,5.322033139515253,5.338664476967517,5.297085935075675,5.305401802062988,818300,0.0,0.0
2022-12-09 00:00:00-05:00,5.38024299702706,5.446768747991455,5.38024299702706,5.388558864593506,794400,0.0,0.0
2022-12-12 00:00:00-05:00,5.346979581781806,5.371926784515381,5.313716909151929,5.371926784515381,999200,0.0,0.0
2022-12-13 00:00:00-05:00,5.521608889917185,5.5299247564541485,5.430136737144629,5.463399410247803,1331600,0.0,0.0
2022-12-14 00:00:00-05:00,5.455083901406432,5.554871927259158,5.446768430846555,5.488346576690674,3495200,0.0,0.0
2022-12-15 00:00:00-05:00,5.380242605168897,5.380242605168897,5.247191905975342,5.247191905975342,1427400,0.0,0.0
2022-12-16 00:00:00-05:00,5.2721388990065945,5.3054015724716805,5.213929022181522,5.26382303237915,1739300,0.0,0.0
2022-12-19 00:00:00-05:00,5.255507735138631,5.2970858800764065,5.24719186823766,5.272139072418213,1136900,0.0,0.0
2022-12-20 00:00:00-05:00,5.313717327012389,5.363611339880772,5.313717327012389,5.338664531707764,935500,0.0,0.0
2022-12-21 00:00:00-05:00,5.371927525983004,5.396874335637561,5.363611658416558,5.388558864593506,946300,0.0,0.0
2022-12-22 00:00:00-05:00,5.338664531707764,5.346980002257978,5.2804546517668,5.338664531707764,1249500,0.0,0.0
2022-12-23 00:00:00-05:00,5.3220335101515,5.388558864593506,5.3220335101515,5.388558864593506,690200,0.0,0.0
2022-12-27 00:00:00-05:00,5.405189780092502,5.480030996242476,5.405189780092502,5.421821117401123,883900,0.0,0.0
2022-12-28 00:00:00-05:00,5.455083774477949,5.463399641366699,5.363611221313477,5.363611221313477,870700,0.0,0.0
2022-12-29 00:00:00-05:00,5.396874335637561,5.4135060707704525,5.38024299702706,5.388558864593506,614700,0.0,0.0
2022-12-30 00:00:00-05:00,5.371926784515381,5.39687359072662,5.346979581781806,5.371926784515381,872700,0.0,0.0
2023-01-03 00:00:00-05:00,5.446768321625234,5.463399658933855,5.405189780092502,5.421821117401123,1389300,0.0,0.0
2023-01-04 00:00:00-05:00,5.4883470644338255,5.563188288735608,5.4883470644338255,5.5465569496154785,1042600,0.0,0.0
2023-01-05 00:00:00-05:00,5.538240542031917,5.621397626050395,5.538240542031917,5.604765892028809,1218500,0.0,0.0
2023-01-06 00:00:00-05:00,5.5631879325351665,5.679607298921957,5.55487206524635,5.671291828155518,587600,0.0,0.0
2023-01-09 00:00:00-05:00,5.654660529058756,5.696238676222165,5.638029190888917,5.6463446617126465,812900,0.0,0.0
2023-01-10 00:00:00-05:00,5.621397285182844,5.6463440916577845,5.588134215679025,5.638028621673584,733800,0.0,0.0
2023-01-11 00:00:00-05:00,5.662976105561586,5.721185988503493,5.662976105561586,5.712870121002197,468100,0.0,0.0
2023-01-12 00:00:00-05:00,5.870868098415797,5.954024791717529,5.820974082434757,5.954024791717529,2212600,0.0,0.0
2023-01-13 00:00:00-05:00,5.978971230853131,6.1120219230651855,5.978971230853131,6.1120219230651855,1962500,0.0,0.0
2023-01-17 00:00:00-05:00,6.178547079287786,6.186862945556641,6.120337601495117,6.186862945556641,1307100,0.0,0.0
2023-01-18 00:00:00-05:00,6.220126309586926,6.228441780258563,6.145285090930336,6.17023229598999,919500,0.0,0.0
2023-01-19 00:00:00-05:00,6.1120219230651855,6.128653259591692,6.053812443483582,6.1120219230651855,767200,0.0,0.0
2023-01-20 00:00:00-05:00,6.120338635974967,6.195179462432861,6.120338635974967,6.195179462432861,824500,0.0,0.0
2023-01-23 00:00:00-05:00,6.16191657406348,6.21181058883667,6.153601103195806,6.21181058883667,1061600,0.0,0.0
2023-01-24 00:00:00-05:00,6.153601050281008,6.211810535421328,6.136969712166291,6.1785478591918945,485400,0.0,0.0
2023-01-25 00:00:00-05:00,6.220126106125294,6.344861334298704,6.220126106125294,6.336545467376709,1558000,0.0,0.0
2023-01-26 00:00:00-05:00,6.3531769138442025,6.40307092666626,6.319914238629496,6.40307092666626,1039700,0.0,0.0
2023-01-27 00:00:00-05:00,6.403070980815038,6.461280861194218,6.403070980815038,6.436333656311035,786400,0.0,0.0
2023-01-30 00:00:00-05:00,6.403070716009875,6.436333390130263,6.394755245740955,6.419702053070068,757000,0.0,0.0
2023-01-31 00:00:00-05:00,6.369808686087493,6.428018569946289,6.3448618762354325,6.428018569946289,938500,0.0,0.0
2023-02-01 00:00:00-05:00,6.403070850798757,6.48622793437259,6.353176838567874,6.452965259552002,1395800,0.0,0.0
2023-02-02 00:00:00-05:00,6.444649856121054,6.444649856121054,6.361493163088486,6.394755840301514,997100,0.0,0.0
2023-02-03 00:00:00-05:00,6.2201262446556465,6.270020257731744,6.186863569271582,6.2284417152404785,1936600,0.0,0.0
2023-02-06 00:00:00-05:00,6.103706890906138,6.1452850369437995,6.078759686065646,6.136969566345215,1767800,0.0,0.0
2023-02-07 00:00:00-05:00,6.136969427489236,6.245073318481445,6.120338090146,6.245073318481445,1226200,0.0,0.0
2023-02-08 00:00:00-05:00,6.261704960770506,6.261704960770506,6.220126417126358,6.236757755279541,992700,0.0,0.0
2023-02-09 00:00:00-05:00,6.328230273920294,6.344861611969764,6.261704921722412,6.261704921722412,995300,0.0,0.0
2023-02-10 00:00:00-05:00,6.2284419270944,6.2284419270944,6.17854791232121,6.21181058883667,807400,0.0,0.0
2023-02-13 00:00:00-05:00,6.203494776862176,6.245073318481445,6.195178909929379,6.245073318481445,682000,0.0,0.0
2023-02-14 00:00:00-05:00,6.236757088978943,6.344860973686606,6.236757088978943,6.311598300933838,1955300,0.0,0.0
2023-02-15 00:00:00-05:00,6.062128439696338,6.170232334763541,6.045497101726182,6.145285129547119,1565100,0.0,0.0
2023-02-16 00:00:00-05:00,6.136969974801432,6.220126668933756,6.128654107127002,6.195179462432861,1306100,0.0,0.0
2023-02-17 00:00:00-05:00,5.820973093324851,5.8459202953374945,5.7461318838092454,5.829288959503174,2310800,0.0,0.0
2023-02-21 00:00:00-05:00,5.687923311543085,5.746132797962605,5.662976105561586,5.712870121002197,1869600,0.0,0.0
2023-02-22 00:00:00-05:00,5.746132546711196,5.7960265599701755,5.737817076095884,5.754448413848877,1380300,0.0,0.0
2023-02-23 00:00:00-05:00,5.854236106939726,5.854236106939726,5.746132219441124,5.796026229858398,2055600,0.0,0.0
2023-02-24 00:00:00-05:00,5.671291617122934,5.704554291995719,5.646344412707164,5.687922954559326,1774000,0.0,0.0
2023-02-27 00:00:00-05:00,5.804342059601303,5.854236069701203,5.796026192990147,5.8209733963012695,1355800,0.0,0.0
2023-02-28 00:00:00-05:00,5.9623400704318,5.978971407449534,5.879183385343129,5.88749885559082,1992500,0.0,0.0
2023-03-01 00:00:00-05:00,5.920761758183601,5.937393095843349,5.879183612295413,5.929077625274658,1380000,0.0,0.0
2023-03-02 00:00:00-05:00,5.870867691108946,5.904130366121953,5.845920883110372,5.895814895629883,1137400,0.0,0.0
2023-03-03 00:00:00-05:00,5.912446224121177,5.9872870445251465,5.904130357119423,5.9872870445251465,592200,0.0,0.0
2023-03-06 00:00:00-05:00,5.845921145854858,5.920761969736658,5.829289807600859,5.91244649887085,1038000,0.0,0.0
2023-03-07 00:00:00-05:00,5.854236656004262,5.854236656004262,5.7295014200010765,5.737817287445068,1533500,0.0,0.0
2023-03-08 00:00:00-05:00,5.7960269710040935,5.8542368555287965,5.7960269710040935,5.812658309936523,634600,0.0,0.0
2023-03-09 00:00:00-05:00,5.879183700251943,5.904130508853603,5.779395276278183,5.787711143493652,1838900,0.0,0.0
2023-03-10 00:00:00-05:00,5.754448248566343,5.78771092311694,5.6213975503639535,5.654660224914551,2218900,0.0,0.0
2023-03-13 00:00:00-04:00,5.513293569857629,5.5964502548773245,5.46339955884581,5.504977703094482,3729100,0.0,0.0
2023-03-14 00:00:00-04:00,5.679607458676442,5.704554664722222,5.563188089015037,5.621397972106934,2188200,0.0,0.0
2023-03-15 00:00:00-04:00,5.305401591674059,5.388558275637751,5.238876244503105,5.322032928466797,3804100,0.0,0.0
2023-03-16 00:00:00-04:00,5.391150520903403,5.607142136233916,5.391150520903403,5.589862823486328,3632100,0.24,0.0
2023-03-17 00:00:00-04:00,5.434348646176493,5.460267819554196,5.365231399797664,5.373870849609375,3504700,0.0,0.0
2023-03-20 00:00:00-04:00,5.442988872528076,5.503466261174653,5.41706969741432,5.442988872528076,6094000,0.0,0.0
2023-03-21 00:00:00-04:00,5.779936002414555,5.857693120159884,5.728098061241447,5.7626566886901855,4323600,0.0,0.0
2023-03-22 00:00:00-04:00,5.823133359588442,5.831773221366313,5.633060932159424,5.633060932159424,2077300,0.0,0.0
2023-03-23 00:00:00-04:00,5.7885747364195295,5.814493909781857,5.6071417587970975,5.633060932159424,2523300,0.0,0.0
2023-03-24 00:00:00-04:00,5.468907489002255,5.555304050445557,5.408430101977595,5.555304050445557,3246000,0.0,0.0
2023-03-27 00:00:00-04:00,5.512105751068231,5.65034024374388,5.50346588929036,5.633060932159424,3187200,0.0,0.0
2023-03-28 00:00:00-04:00,5.546665006676099,5.624422123657776,5.5380251439130985,5.615782260894775,1798000,0.0,0.0
2023-03-29 00:00:00-04:00,5.684898641538514,5.710817813873291,5.667619330639085,5.710817813873291,1575300,0.0,0.0
2023-03-30 00:00:00-04:00,5.771295728212046,5.779935590444083,5.676259715487466,5.702178478240967,1434600,0.0,0.0
2023-03-31 00:00:00-04:00,5.702178478240967,5.728097652965775,5.658980402994696,5.702178478240967,1060100,0.0,0.0
2023-04-03 00:00:00-04:00,5.762655898268354,5.8058539706684416,5.702178102542695,5.7453765869140625,1935100,0.0,0.0
2023-04-04 00:00:00-04:00,5.779935095049679,5.779935095049679,5.702177989511073,5.754015922546387,1418100,0.0,0.0
2023-04-05 00:00:00-04:00,5.719457576903232,5.7453767506590125,5.676259503271986,5.728097438812256,1464700,0.0,0.0
2023-04-06 00:00:00-04:00,5.7453769331274085,5.823133632921656,5.7453769331274085,5.805854320526123,1057200,0.0,0.0
2023-04-10 00:00:00-04:00,5.857692604022912,5.900890678541869,5.831773429734498,5.866332054138184,921100,0.0,0.0
2023-04-11 00:00:00-04:00,5.831773117921266,5.849052429199219,5.814493806643314,5.849052429199219,1162400,0.0,0.0
2023-04-12 00:00:00-04:00,5.918169346041839,5.935448656361342,5.857691965909204,5.883610725402832,1187300,0.0,0.0
2023-04-13 00:00:00-04:00,5.944088935852051,5.95272838563422,5.918169762562976,5.944088935852051,1300300,0.0,0.0
2023-04-14 00:00:00-04:00,6.004566356164144,6.0218456678031425,5.9440889714132945,5.9872870445251465,2557900,0.0,0.0
2023-04-17 00:00:00-04:00,5.857691965909204,5.883610725402832,5.823132933298943,5.883610725402832,1980900,0.0,0.0
2023-04-18 00:00:00-04:00,5.926809787750244,5.9440890997623494,5.8922511637260335,5.926809787750244,1000600,0.0,0.0
2023-04-19 00:00:00-04:00,5.926809935902941,5.970008011027382,5.91817007369527,5.961368560791016,859500,0.0,0.0
2023-04-20 00:00:00-04:00,5.926809498354846,6.065043987701948,5.918169636785015,6.004566192626953,4414300,0.0,0.0
2023-04-21 00:00:00-04:00,5.944088834429409,5.944088834429409,5.883611039101008,5.900890350341797,2287700,0.0,0.0
2023-04-24 00:00:00-04:00,5.926809498354846,6.004566192626953,5.926809498354846,6.004566192626953,1220400,0.0,0.0
2023-04-25 00:00:00-04:00,5.823133166593473,5.840412889576514,5.7367366115346154,5.754015922546387,1537800,0.0,0.0
2023-04-26 00:00:00-04:00,5.900890350341797,5.944088834429409,5.874971589466251,5.900890350341797,1528300,0.0,0.0
2023-04-27 00:00:00-04:00,5.952728097926847,6.0304852020646305,5.92680933786176,6.02184534072876,1561600,0.0,0.0
2023-04-28 00:00:00-04:00,5.702178265056475,5.788574824290259,5.6935388151187425,5.728097438812256,2482200,0.0,0.0
2023-05-01 00:00:00-04:00,5.702178828668122,5.779935945649798,5.598502947340107,5.615782260894775,2543800,0.0,0.0
2023-05-02 00:00:00-04:00,5.702178511517455,5.702178511517455,5.53802483589253,5.5985026359558105,3728700,0.0,0.0
2023-05-03 00:00:00-04:00,5.538024869430624,5.581223357161906,5.486186931335873,5.494826793670654,3011000,0.0,0.0
2023-05-04 00:00:00-04:00,5.555303749777847,5.581222922793674,5.442988431966008,5.486186504364014,3423400,0.0,0.0
2023-05-05 00:00:00-04:00,5.641700879578472,5.7453767506590125,5.633061017669449,5.728097438812256,2036700,0.0,0.0
2023-05-08 00:00:00-04:00,5.7194579383430195,5.762656426675475,5.710818487859319,5.736737251281738,689300,0.0,0.0
2023-05-09 00:00:00-04:00,5.702178314346653,5.736736938338894,5.684899002350532,5.719457626342773,1122200,0.0,0.0
2023-05-10 00:00:00-04:00,5.7194577907337365,5.7194577907337365,5.641701090501926,5.702178478240967,1687300,0.0,0.0
2023-05-11 00:00:00-04:00,5.563943637192807,5.650340194359984,5.555303775490449,5.641700744628906,1409900,0.0,0.0
2023-05-12 00:00:00-04:00,5.676259417106206,5.676259417106206,5.6157816205749675,5.633060932159424,786700,0.0,0.0
2023-05-15 00:00:00-04:00,5.719457611630335,5.771295547485352,5.710818161640145,5.771295547485352,1081600,0.0,0.0
2023-05-16 00:00:00-04:00,5.710818340473005,5.736737103226506,5.684899165748197,5.702178478240967,896000,0.0,0.0
2023-05-17 00:00:00-04:00,5.7367369090878535,5.849052642475599,5.719457597179838,5.82313346862793,1943200,0.0,0.0
2023-05-18 00:00:00-04:00,5.779935409446835,5.797214721398507,5.728097473591817,5.771295547485352,1238200,0.0,0.0
2023-05-19 00:00:00-04:00,5.797214870314008,5.823133632921656,5.779935557918475,5.805854320526123,1078000,0.0,0.0
2023-05-22 00:00:00-04:00,5.849052380116588,5.866331691249541,5.814493757850683,5.857692241668701,1572200,0.0,0.0
2023-05-23 00:00:00-04:00,5.909530175067559,5.93544893578135,5.857692241668701,5.857692241668701,1191800,0.0,0.0
2023-05-24 00:00:00-04:00,5.797215052552913,5.805854503036613,5.7194579383430195,5.736737251281738,869600,0.0,0.0
2023-05-25 00:00:00-04:00,5.736736725251277,5.754016036605568,5.702178102542695,5.7453765869140625,810700,0.0,0.0
2023-05-26 00:00:00-04:00,5.736737512117964,5.7626566886901855,5.719458198393594,5.7626566886901855,874200,0.0,0.0
2023-05-30 00:00:00-04:00,5.762656062505769,5.771295512443502,5.684898953209719,5.728097438812256,1213400,0.0,0.0
2023-05-31 00:00:00-04:00,5.641701173700406,5.641701173700406,5.555304197991151,5.589862823486328,1964800,0.0,0.0
2023-06-01 00:00:00-04:00,5.676259192074434,5.7367365742368,5.667619330639085,5.710817813873291,1228600,0.0,0.0
2023-06-02 00:00:00-04:00,5.719458198393594,5.771296139566703,5.710818747517078,5.7626566886901855,1546300,0.0,0.0
2023-06-05 00:00:00-04:00,5.598502537152858,5.607141987311538,5.529385287998217,5.555304050445557,994700,0.0,0.0
2023-06-06 00:00:00-04:00,5.546664486832956,5.633061046509064,5.538024624879698,5.6244215965271,1132700,0.0,0.0
2023-06-07 00:00:00-04:00,5.598502422638621,5.633061046509064,5.581223110703399,5.6244215965271,1535100,0.0,0.0
2023-06-08 00:00:00-04:00,5.658980091973015,5.693538715059186,5.633060918672744,5.684898853302002,950300,0.0,0.0
2023-06-09 00:00:00-04:00,5.676259829767988,5.719457905883968,5.676259829767988,5.693539142608643,1555300,0.0,0.0
2023-06-12 00:00:00-04:00,5.693539044440858,5.710818356983583,5.6330612445556625,5.650340557098389,1189500,0.0,0.0
2023-06-13 00:00:00-04:00,5.710817641604902,5.7885743323211445,5.710817641604902,5.779934883117676,738600,0.0,0.0
2023-06-14 00:00:00-04:00,5.814493819372421,5.874971614963292,5.788574646413111,5.797214508056641,910900,0.0,0.0
2023-06-15 00:00:00-04:00,5.676259829767988,5.702178593043313,5.650340654521347,5.693539142608643,927100,0.0,0.0
2023-06-16 00:00:00-04:00,5.719457905883968,5.728097768289953,5.693539142608643,5.693539142608643,1775800,0.0,0.0
2023-06-20 00:00:00-04:00,5.51210597317153,5.51210597317153,5.408430099487305,5.408430099487305,1776400,0.0,0.0
2023-06-21 00:00:00-04:00,5.261555853067225,5.261555853067225,5.19243860244751,5.19243860244751,2561200,0.0,0.0
2023-06-22 00:00:00-04:00,5.149240181714842,5.175158945048274,5.1060416935307025,5.131960868835449,2052800,0.0,0.0
2023-06-23 00:00:00-04:00,5.080123183803666,5.088762634688997,5.002366065979004,5.002366065979004,1501400,0.0,0.0
2023-06-26 00:00:00-04:00,5.028284699005795,5.114681258376074,5.028284699005795,5.062843322753906,1495700,0.0,0.0
2023-06-27 00:00:00-04:00,5.088761806488037,5.114680978868333,5.062843046079011,5.088761806488037,1139100,0.0,0.0
2023-06-28 00:00:00-04:00,5.131960441234279,5.157879202408128,5.1060412680891485,5.123320579528809,1951000,0.0,0.0
2023-06-29 00:00:00-04:00,5.114681278698445,5.166519214526582,5.114681278698445,5.15787935256958,819600,0.0,0.0
2023-06-30 00:00:00-04:00,5.313393328136029,5.339312088874758,5.287474155426025,5.287474155426025,2406300,0.0,0.0
2023-07-03 00:00:00-04:00,5.391149948738167,5.417069121094392,5.373870637824439,5.399789810180664,1115100,0.0,0.0
2023-07-05 00:00:00-04:00,5.2874748162553935,5.296114678895631,5.209718112349887,5.218357563018799,1127500,0.0,0.0
2023-07-06 00:00:00-04:00,5.114681129794619,5.131960441234279,5.071482645209829,5.123320579528809,1422700,0.0,0.0
2023-07-07 00:00:00-04:00,5.123321038545222,5.201078152975865,5.123321038545222,5.175158977508545,1591700,0.0,0.0
2023-07-10 00:00:00-04:00,5.123321152460622,5.192438817919846,5.123321152460622,5.166519641876221,1110300,0.0,0.0
2023-07-11 00:00:00-04:00,5.244276670463989,5.278835296630859,5.218357494853177,5.278835296630859,1101100,0.0,0.0
2023-07-12 00:00:00-04:00,5.434348993241122,5.520745556732374,5.4257095428776525,5.494826793670654,2159500,0.0,0.0
2023-07-13 00:00:00-04:00,5.598502685845778,5.641701173700406,5.572583510738739,5.589862823486328,1466500,0.0,0.0
2023-07-14 00:00:00-04:00,5.598502502683834,5.598502502683834,5.512105941772461,5.512105941772461,1157600,0.0,0.0
2023-07-17 00:00:00-04:00,5.572583771022437,5.624422123657776,5.572583771022437,5.615782260894775,921800,0.0,0.0
2023-07-18 00:00:00-04:00,5.624421468886842,5.693538715059186,5.624421468886842,5.684898853302002,961200,0.0,0.0
2023-07-19 00:00:00-04:00,5.814493757850683,5.866331691249541,5.779935135584779,5.857692241668701,2253200,0.0,0.0
2023-07-20 00:00:00-04:00,5.771295233558158,5.7972144060614506,5.7367366115346154,5.754015922546387,840900,0.0,0.0
2023-07-21 00:00:00-04:00,5.667619670379507,5.6762595323327645,5.615781734573842,5.6244215965271,954500,0.0,0.0
2023-07-24 00:00:00-04:00,5.607141709790755,5.658980056062342,5.58986239835732,5.641700744628906,905600,0.0,0.0
2023-07-25 00:00:00-04:00,5.624421810831876,5.633061261143026,5.572583461079746,5.5985026359558105,1239000,0.0,0.0
2023-07-26 00:00:00-04:00,5.4170696805428715,5.503466244034124,5.408430230179402,5.494826793670654,1393000,0.0,0.0
2023-07-27 00:00:00-04:00,5.391150921808077,5.391150921808077,5.313394214647325,5.347952842712402,1702800,0.0,0.0
2023-07-28 00:00:00-04:00,5.538024553742472,5.563943727298014,5.4775471687316895,5.4775471687316895,1444200,0.0,0.0
2023-07-31 00:00:00-04:00,5.494826366026382,5.529384988733299,5.468907193010556,5.486186504364014,1161000,0.0,0.0
2023-08-01 00:00:00-04:00,5.3479525489645985,5.356591999520656,5.252916121020046,5.278835296630859,1442100,0.0,0.0
2023-08-02 00:00:00-04:00,5.175158300203954,5.183798161552748,5.123320368024978,5.149239540100098,1311200,0.0,0.0
2023-08-03 00:00:00-04:00,5.201078085592784,5.278835199016037,5.166519460064963,5.2356367111206055,3163300,0.0,0.0
2023-08-04 00:00:00-04:00,5.244276083537718,5.32203277772518,5.226996772388141,5.287474155426025,1499800,0.0,0.0
2023-08-07 00:00:00-04:00,5.330672890052182,5.365231513977051,5.313393578089748,5.365231513977051,720500,0.0,0.0
2023-08-08 00:00:00-04:00,5.25291553312687,5.287474155426025,5.226996772388141,5.287474155426025,1592000,0.0,0.0
2023-08-09 00:00:00-04:00,5.287474155426025,5.32203277772518,5.25291553312687,5.287474155426025,886700,0.0,0.0
2023-08-10 00:00:00-04:00,5.332576424651165,5.367950030976658,5.2972023966390225,5.306046009063721,1324700,0.141,0.0
2023-08-11 00:00:00-04:00,5.332576505935017,5.359106500240205,5.288359286510828,5.341419696807861,837300,0.0,0.0
2023-08-14 00:00:00-04:00,5.288359205900974,5.323732812226467,5.26182879031353,5.306046009063721,1179000,0.0,0.0
2023-08-15 00:00:00-04:00,5.3148895805748655,5.341419574271435,5.279515552835029,5.28835916519165,3068100,0.0,0.0
2023-08-16 00:00:00-04:00,5.155707753236072,5.173394555650617,5.1026473459924375,5.120334148406982,1837300,0.0,0.0
2023-08-17 00:00:00-04:00,5.164551216118784,5.191081208131019,5.13802080241993,5.146864414215088,1084700,0.0,0.0
2023-08-18 00:00:00-04:00,5.111491040246975,5.1645514483439365,5.102647428054162,5.155707836151123,1145800,0.0,0.0
2023-08-21 00:00:00-04:00,5.111490768584039,5.129177570343018,5.084960355102264,5.129177570343018,1678400,0.0,0.0
2023-08-22 00:00:00-04:00,5.084960568075366,5.09380418016856,5.040743350982666,5.040743350982666,939500,0.0,0.0
2023-08-23 00:00:00-04:00,5.049586897722378,5.111490916513649,5.049586897722378,5.102647304534912,665900,0.0,0.0
2023-08-24 00:00:00-04:00,5.076116848756457,5.1291776768215165,5.067273658536697,5.084960460662842,1142300,0.0,0.0
2023-08-25 00:00:00-04:00,5.129177718784494,5.146864521055338,5.067273699993223,5.102647304534912,999900,0.0,0.0
2023-08-28 00:00:00-04:00,5.138020967732639,5.24414178256919,5.129177777339576,5.217611789703369,1362100,0.0,0.0
2023-08-29 00:00:00-04:00,5.235298513410535,5.297202110290527,5.217611711203876,5.297202110290527,1220300,0.0,0.0
2023-08-30 00:00:00-04:00,5.385636682869725,5.438697090867624,5.332576274871826,5.332576274871826,1159900,0.0,0.0
2023-08-31 00:00:00-04:00,5.279515096927244,5.279515096927244,5.1910810894309085,5.208767890930176,1420500,0.0,0.0
2023-09-01 00:00:00-04:00,5.27951518224449,5.288358793980342,5.22645477688923,5.244141578674316,600200,0.0,0.0
2023-09-05 00:00:00-04:00,5.208768010034715,5.226454811938411,5.13802080241993,5.146864414215088,755700,0.0,0.0
2023-09-06 00:00:00-04:00,5.111490684065403,5.12917748553193,5.0761166594457405,5.093803882598877,1009500,0.0,0.0
2023-09-07 00:00:00-04:00,5.049586398550746,5.076116388491104,4.987682385878933,5.005369186401367,798200,0.0,0.0
2023-09-08 00:00:00-04:00,4.978839955573516,5.014213562011719,4.9699963431206395,5.014213562011719,1101900,0.0,0.0
2023-09-11 00:00:00-04:00,5.067273658536697,5.0938040725692275,5.058430046630312,5.084960460662842,1173000,0.0,0.0
2023-09-12 00:00:00-04:00,5.084960438030441,5.182238060134582,5.084960438030441,5.164551258087158,1224000,0.0,0.0
2023-09-13 00:00:00-04:00,5.191081292211,5.217611706339568,5.146864497578889,5.1822381019592285,765200,0.0,0.0
2023-09-14 00:00:00-04:00,5.244141987150783,5.306046009063721,5.235298796412735,5.306046009063721,1142300,0.0,0.0
2023-09-15 00:00:00-04:00,5.252985000610352,5.288358602902413,5.244141389194035,5.252985000610352,1182800,0.0,0.0
2023-09-18 00:00:00-04:00,5.244141932833923,5.244141932833923,5.164551530269257,5.191081523895264,904200,0.0,0.0
2023-09-19 00:00:00-04:00,5.164551299769059,5.199924904149398,5.1557076878306605,5.1822381019592285,1067800,0.0,0.0
2023-09-20 00:00:00-04:00,5.367950030976658,5.412166828040199,5.2972023966390225,5.306046009063721,928600,0.0,0.0
2023-09-21 00:00:00-04:00,5.288358878295307,5.32373248242946,5.27067207622823,5.279515266418457,983500,0.0,0.0
2023-09-22 00:00:00-04:00,5.297201984029576,5.306045595765428,5.199924785054908,5.244141578674316,1570200,0.0,0.0
2023-09-25 00:00:00-04:00,5.164551139896241,5.226454734802246,5.12917753661092,5.226454734802246,1388500,0.0,0.0
2023-09-26 00:00:00-04:00,5.173394448267558,5.217611664229429,5.155707646220135,5.164551258087158,959500,0.0,0.0
2023-09-27 00:00:00-04:00,5.24414140802419,5.252985019472262,5.1291774110054895,5.173394203186035,1127000,0.0,0.0
2023-09-28 00:00:00-04:00,5.120333799557419,5.191081004395574,5.111490609795951,5.173394203186035,2006800,0.0,0.0
2023-09-29 00:00:00-04:00,5.173394638850111,5.208768244248085,5.138021033452136,5.155707836151123,1390200,0.0,0.0
2023-10-02 00:00:00-04:00,5.067274293763982,5.084961098107323,4.925779859017255,4.943466663360596,1324200,0.0,0.0
2023-10-03 00:00:00-04:00,4.9257792592870535,4.934622449538697,4.881562042968957,4.890405654907227,1160100,0.0,0.0
2023-10-04 00:00:00-04:00,4.8992491175420865,4.92577953314528,4.855031898765649,4.916935920715332,921700,0.0,0.0
2023-10-05 00:00:00-04:00,4.855031241019273,4.925778865814209,4.855031241019273,4.925778865814209,1089000,0.0,0.0
2023-10-06 00:00:00-04:00,4.890405391248635,4.987682587205296,4.8550313670893175,4.97883939743042,1576000,0.0,0.0
2023-10-09 00:00:00-04:00,4.846188196091445,4.90809221150185,4.846188196091445,4.8992486000061035,1070600,0.0,0.0
2023-10-10 00:00:00-04:00,5.04958696307586,5.076116955982172,5.0319001605761065,5.040743350982666,1130100,0.0,0.0
2023-10-11 00:00:00-04:00,5.093803882598877,5.111490684065403,5.0495866680892565,5.093803882598877,1199800,0.0,0.0
2023-10-12 00:00:00-04:00,5.067273765575613,5.084960568075366,5.023056548482913,5.040743350982666,1792100,0.0,0.0
2023-10-13 00:00:00-04:00,4.934622723888578,4.978839942665016,4.890405926798789,4.916935920715332,1136200,0.0,0.0
2023-10-16 00:00:00-04:00,4.996526514422796,5.031900119130949,4.961152909714644,5.023056507110596,1594100,0.0,0.0
2023-10-17 00:00:00-04:00,5.023056255046162,5.138020675421887,5.023056255046162,5.093803882598877,2367600,0.0,0.0
2023-10-18 00:00:00-04:00,5.023055855017054,5.040742655075028,4.934621854727182,4.952308654785156,1234000,0.0,0.0
2023-10-19 00:00:00-04:00,4.872718918267912,4.916935713494212,4.819658089297741,4.8285017013549805,1509500,0.0,0.0
2023-10-20 00:00:00-04:00,4.828501533113003,4.828501533113003,4.748910714117603,4.757754325866699,1405100,0.0,0.0
2023-10-23 00:00:00-04:00,4.713537216186523,4.757754432550259,4.704694025925753,4.713537216186523,1588200,0.0,0.0
2023-10-24 00:00:00-04:00,4.607416258249091,4.633946249884899,4.536669051638118,4.563199043273926,2748400,0.0,0.0
2023-10-25 00:00:00-04:00,4.5189826416174945,4.545512635552492,4.501295838431946,4.527825832366943,2463900,0.0,0.0
2023-10-26 00:00:00-04:00,4.4924516677856445,4.52782526976139,4.448234876159262,4.4924516677856445,2212000,0.0,0.0
2023-10-27 00:00:00-04:00,3.997221021532814,4.006064633319383,3.8911002102137013,3.9087870121002197,3830100,0.0,0.0
2023-10-30 00:00:00-04:00,4.006064793056159,4.006064793056159,3.8645699506354614,3.873413562774658,3264400,0.0,0.0
2023-10-31 00:00:00-04:00,3.8557262797165692,3.891099880492141,3.8557262797165692,3.882256269454956,3222100,0.0,0.0
2023-11-01 00:00:00-04:00,3.864569818651327,3.8911002324762056,3.8026662225376464,3.8291962146759033,1915900,0.0,0.0
2023-11-02 00:00:00-04:00,3.9795339598966226,3.988377571105957,3.944160358432469,3.988377571105957,3129500,0.0,0.0
2023-11-03 00:00:00-04:00,4.103341949141854,4.165245968342358,4.103341949141854,4.14755916595459,2126900,0.0,0.0
2023-11-06 00:00:00-05:00,4.23599341391352,4.23599341391352,4.138715784517388,4.156402587890625,3397000,0.0,0.0
2023-11-07 00:00:00-05:00,4.297897009488827,4.306740199453387,4.253679794606192,4.271366596221924,2997100,0.0,0.0
2023-11-08 00:00:00-05:00,4.262523651123047,4.297897256386587,4.253680038963843,4.262523651123047,3582300,0.0,0.0
2023-11-09 00:00:00-05:00,4.359800207142538,4.404017417997185,4.306739807128906,4.306739807128906,2371200,0.0,0.0
2023-11-10 00:00:00-05:00,4.315584413476396,4.333271217560862,4.271367192421895,4.324427604675293,1621600,0.0,0.0
2023-11-13 00:00:00-05:00,4.280210412170849,4.297897214630784,4.2359931951776915,4.244836807250977,2638500,0.0,0.0
2023-11-14 00:00:00-05:00,4.377487208569241,4.474764823913574,4.377487208569241,4.474764823913574,1930600,0.0,0.0
2023-11-15 00:00:00-05:00,4.527825832366943,4.545512635552492,4.501295838431946,4.527825832366943,2083300,0.0,0.0
2023-11-16 00:00:00-05:00,4.46592217779706,4.4747653684390585,4.4040181565564875,4.412861347198486,1566800,0.0,0.0
2023-11-17 00:00:00-05:00,4.563199022775128,4.642789840698242,4.554355832831789,4.642789840698242,2204700,0.0,0.0
2023-11-20 00:00:00-05:00,4.598572814167581,4.633946418762207,4.58972962386224,4.633946418762207,1573000,0.0,0.0
2023-11-21 00:00:00-05:00,4.633946582380389,4.642790194684616,4.580886173614963,4.5897297859191895,1175100,0.0,0.0
2023-11-22 00:00:00-05:00,4.527825642238233,4.554356056745838,4.510138839795374,4.5366692543029785,937400,0.0,0.0
2023-11-24 00:00:00-05:00,4.580885782454026,4.633946186688636,4.580885782454026,4.625102996826172,873100,0.0,0.0
2023-11-27 00:00:00-05:00,4.598572976536771,4.616259779458581,4.5631993706931535,4.5897297859191895,1324100,0.0,0.0
2023-11-28 00:00:00-05:00,4.572042264808918,4.616259054324428,4.563198653893869,4.598572254180908,1717500,0.0,0.0
2023-11-29 00:00:00-05:00,4.651633821263407,4.7135374208363805,4.651633821263407,4.687007427215576,1340300,0.0,0.0
2023-11-30 00:00:00-05:00,4.722380869719949,4.74006767208387,4.669320462628185,4.731224060058594,3072700,0.0,0.0
2023-12-01 00:00:00-05:00,4.857426315868831,4.966377832206468,4.857426315868831,4.957298755645752,2283800,0.139,0.0
2023-12-04 00:00:00-05:00,4.920981339383154,5.002695189049644,4.911901830338069,4.984536170959473,4590600,0.0,0.0
2023-12-05 00:00:00-05:00,4.9663779832697,4.984536569878306,4.930060810052488,4.939140319824219,1532500,0.0,0.0
2023-12-06 00:00:00-05:00,5.066250450916414,5.102567624311632,4.993616104125977,4.993616104125977,1682100,0.0,0.0
2023-12-07 00:00:00-05:00,5.011773947220058,5.111646375706133,5.002694871685756,5.084408283233643,3167800,0.0,0.0
2023-12-08 00:00:00-05:00,5.066250121656531,5.1388844637264,5.066250121656531,5.0934882164001465,1711200,0.0,0.0
2023-12-11 00:00:00-05:00,5.048091411590576,5.066249996660028,5.0390123355232594,5.048091411590576,1323400,0.0,0.0
2023-12-12 00:00:00-05:00,5.011774637239629,5.029933223743093,4.984536541017006,5.002695560455322,1454600,0.0,0.0
2023-12-13 00:00:00-05:00,4.993616004211047,5.1388846948853075,4.920981658873917,5.120726108551025,2357600,0.0,0.0
2023-12-14 00:00:00-05:00,5.175201393827027,5.284153334794344,5.175201393827027,5.2387566566467285,3488100,0.0,0.0
2023-12-15 00:00:00-05:00,5.166123064836375,5.202440239431,5.120726380125658,5.1479644775390625,2245200,0.0,0.0
2023-12-18 00:00:00-05:00,5.102567292691466,5.120725878208933,5.066250121656531,5.0934882164001465,1886300,0.0,0.0
2023-12-19 00:00:00-05:00,5.129805890241751,5.157043554720284,5.120726380125658,5.1479644775390625,1700200,0.0,0.0
2023-12-20 00:00:00-05:00,5.057171221792325,5.09348839409424,5.01177453994751,5.01177453994751,2391500,0.0,0.0
2023-12-21 00:00:00-05:00,5.057171247594888,5.075329833838493,5.039012661351283,5.066250324249268,2066700,0.0,0.0
2023-12-22 00:00:00-05:00,5.093488392589188,5.175201813776928,5.08440888304897,5.129805564880371,930800,0.0,0.0
2023-12-26 00:00:00-05:00,5.129805643262582,5.193360479275833,5.1025675471605805,5.175201892852783,1266100,0.0,0.0
2023-12-27 00:00:00-05:00,5.129805266345771,5.184281021612271,5.129805266345771,5.1661224365234375,1150000,0.0,0.0
2023-12-28 00:00:00-05:00,5.120726055340153,5.1388846414857445,5.102567469194561,5.129805564880371,2210300,0.0,0.0
2023-12-29 00:00:00-05:00,5.12980571573844,5.175201965970017,5.102567619251609,5.111647129058838,782900,0.0,0.0
2024-01-02 00:00:00-05:00,5.120726205931211,5.147964302418043,5.102567619251609,5.111647129058838,1314800,0.0,0.0
2024-01-03 00:00:00-05:00,5.066250445892405,5.1388847926108125,5.057171369020032,5.111647129058838,1816000,0.0,0.0
2024-01-04 00:00:00-05:00,5.102567522216742,5.166122790854156,5.093488445517026,5.120726108551025,1273900,0.0,0.0
2024-01-05 00:00:00-05:00,5.138884099149525,5.238756528877585,5.138884099149525,5.193359851837158,1979500,0.0,0.0
2024-01-08 00:00:00-05:00,5.193360302520414,5.25691556930542,5.184281226085319,5.25691556930542,1511500,0.0,0.0
2024-01-09 00:00:00-05:00,5.193360729314908,5.193360729314908,5.1479644775390625,5.1479644775390625,1288600,0.0,0.0
2024-01-10 00:00:00-05:00,5.075329656257089,5.075329656257089,5.029932975769043,5.029932975769043,1719500,0.0,0.0
2024-01-11 00:00:00-05:00,5.057170944515697,5.0753295296710474,4.939139924538505,4.984536170959473,2387600,0.0,0.0
2024-01-12 00:00:00-05:00,5.048091685927116,5.075329781478946,4.957298755645752,4.957298755645752,1653800,0.0,0.0
2024-01-16 00:00:00-05:00,4.911902327392629,4.920981837356506,4.802950805435294,4.81203031539917,3562700,0.0,0.0
2024-01-17 00:00:00-05:00,4.784792043616228,4.7938715532483585,4.757553947654684,4.775712966918945,1902600,0.0,0.0
2024-01-18 00:00:00-05:00,4.830188601181716,4.8574262635050784,4.812030015321195,4.848347187042236,2089600,0.0,0.0
2024-01-19 00:00:00-05:00,4.839267756544903,4.893743515014648,4.821109170388321,4.893743515014648,1256300,0.0,0.0
2024-01-22 00:00:00-05:00,4.939140195343681,5.01177453994751,4.939140195343681,5.01177453994751,2844000,0.0,0.0
2024-01-23 00:00:00-05:00,5.011774637239629,5.029933223743093,4.975457464232699,5.002695560455322,1572000,0.0,0.0
2024-01-24 00:00:00-05:00,5.120726029243822,5.129805538737768,5.066250271084667,5.075329780578613,1395100,0.0,0.0
2024-01-25 00:00:00-05:00,5.120726108551025,5.129805618185591,5.057171272848461,5.120726108551025,2031600,0.0,0.0
2024-01-26 00:00:00-05:00,5.22967758077809,5.256915241318813,5.202439487302559,5.2387566566467285,1547300,0.0,0.0
2024-01-29 00:00:00-05:00,5.202439583177046,5.238756753190495,5.175201489199551,5.229677677154541,1071400,0.0,0.0
2024-01-30 00:00:00-05:00,5.247836764801532,5.320471111785383,5.238757254961121,5.284153938293457,1614100,0.0,0.0
2024-01-31 00:00:00-05:00,5.2750736973360075,5.311390865794429,5.184280776189952,5.193359851837158,2269000,0.0,0.0
2024-02-01 00:00:00-05:00,5.229677677154541,5.238756753190495,5.120725734179376,5.229677677154541,2931200,0.0,0.0
2024-02-02 00:00:00-05:00,5.1388846414857445,5.166122737171555,5.102567469194561,5.129805564880371,1682700,0.0,0.0
2024-02-05 00:00:00-05:00,5.057170920592711,5.066249996660028,5.002695165384356,5.048091411590576,1840700,0.0,0.0
2024-02-06 00:00:00-05:00,5.057171422022136,5.120726259599407,5.048091912119748,5.102567672729492,1734500,0.0,0.0
2024-02-07 00:00:00-05:00,5.075329833838493,5.084408910492874,5.011774565518451,5.066250324249268,1886500,0.0,0.0
2024-02-08 00:00:00-05:00,5.020854146958787,5.039012733462252,4.984536541017006,5.002695560455322,894200,0.0,0.0
2024-02-09 00:00:00-05:00,4.93006048340085,4.939139992570998,4.884664236354587,4.920981407165527,1560100,0.0,0.0
2024-02-12 00:00:00-05:00,4.793871429460674,4.875584849365599,4.793871429460674,4.848347187042236,2388800,0.0,0.0
2024-02-13 00:00:00-05:00,4.7757124145653025,4.784791490212509,4.684919060484448,4.721236228942871,2206600,0.0,0.0
2024-02-14 00:00:00-05:00,4.839267677644558,4.875584849365599,4.812030015321195,4.848347187042236,1686000,0.0,0.0
2024-02-15 00:00:00-05:00,4.957298930730758,5.039012787337429,4.957298930730758,4.993616104125977,1478700,0.0,0.0
2024-02-16 00:00:00-05:00,5.265994984574376,5.393105082938152,5.21151879519793,5.384025573730469,5015700,0.0,0.0
2024-02-20 00:00:00-05:00,5.293232470616969,5.35678773415653,5.293232470616969,5.347708225250244,2744400,0.0,0.0
2024-02-21 00:00:00-05:00,5.374946647369855,5.384025723895935,5.329549965934937,5.3658671379089355,2024400,0.0,0.0
2024-02-22 00:00:00-05:00,5.3840251930320076,5.420342361425139,5.347708024638875,5.374946117401123,2445600,0.0,0.0
2024-02-23 00:00:00-05:00,5.420343366735982,5.483898639678955,5.411264289421201,5.483898639678955,1453800,0.0,0.0
2024-02-26 00:00:00-05:00,5.447580635483117,5.465739220284002,5.374946296279578,5.411263465881348,1699200,0.0,0.0
2024-02-27 00:00:00-05:00,5.483898639678955,5.502057227243394,5.4657400521145165,5.483898639678955,1857600,0.0,0.0
2024-02-28 00:00:00-05:00,5.556532684454283,5.565612194204776,5.50205692475589,5.5202155113220215,937000,0.0,0.0
2024-02-29 00:00:00-05:00,5.647325666650399,5.665484253375261,5.5656122428559485,5.629167079925537,1157000,0.0,0.0
2024-03-01 00:00:00-05:00,5.756277314327677,5.792594485849284,5.710880633458249,5.783514976501465,1470400,0.0,0.0
2024-03-04 00:00:00-05:00,5.801673685623248,5.8470703674579445,5.801673685623248,5.828911781311035,1077600,0.0,0.0
2024-03-05 00:00:00-05:00,5.837990558662535,5.928783917677874,5.837990558662535,5.865228652954102,1801900,0.0,0.0
2024-03-06 00:00:00-05:00,5.983259827750194,5.992338904125161,5.910625485011136,5.96510124206543,2345800,0.0,0.0
2024-03-07 00:00:00-05:00,5.9287840706959,5.96510124206543,5.910625485011136,5.96510124206543,1451600,0.0,0.0
2024-03-08 00:00:00-05:00,6.037735486891039,6.064973148509059,5.9378630507770405,5.974180221557617,1523100,0.0,0.0
2024-03-11 00:00:00-04:00,5.937863296705293,5.965101392386258,5.9197047105629315,5.9469428062438965,903100,0.0,0.0
2024-03-12 00:00:00-04:00,6.010497517016291,6.064973274317168,5.992338931249332,6.0195770263671875,1480200,0.0,0.0
2024-03-13 00:00:00-04:00,5.992338931249332,6.046814688550209,5.992338931249332,6.0195770263671875,1536400,0.0,0.0
2024-03-14 00:00:00-04:00,6.010082255066103,6.038566256770776,5.8676631520184355,5.915136337280273,1819700,0.29,0.0
2024-03-15 00:00:00-04:00,5.962609424668517,6.0195769744049175,5.91513624018593,5.9341254234313965,1920900,0.0,0.0
2024-03-18 00:00:00-04:00,5.905641933883645,5.934125937588738,5.8771583829164324,5.924631118774414,1635100,0.0,0.0
2024-03-19 00:00:00-04:00,5.867663346515792,5.924630899075612,5.858168980791421,5.877158164978027,1287100,0.0,0.0
2024-03-20 00:00:00-04:00,6.019576921637043,6.143006385281669,6.010082103728622,6.133512020111084,1869900,0.0,0.0
2024-03-21 00:00:00-04:00,6.199974476245875,6.247447208255858,6.1904796582011725,6.209468841552734,1994700,0.0,0.0
2024-03-22 00:00:00-04:00,6.323403835296631,6.361382201360924,6.294920287117329,6.323403835296631,2626600,0.0,0.0
2024-03-25 00:00:00-04:00,6.294920859971499,6.34239359550309,6.275931675211287,6.304415225982666,1011600,0.0,0.0
2024-03-26 00:00:00-04:00,6.37087688557562,6.389866068209345,6.332898520308168,6.3518877029418945,1396400,0.0,0.0
2024-03-27 00:00:00-04:00,6.351887756930699,6.446833670906335,6.351887756930699,6.4373393058776855,1604000,0.0,0.0
2024-03-28 00:00:00-04:00,6.446834050540368,6.494307236692649,6.446834050540368,6.456328868865967,849700,0.0,0.0
2024-04-01 00:00:00-04:00,6.4658231230944105,6.513296308429072,6.361382387000863,6.380371570587158,814700,0.0,0.0
2024-04-02 00:00:00-04:00,6.437339587763793,6.494307138643738,6.427844769581544,6.47531795501709,1455000,0.0,0.0
2024-04-03 00:00:00-04:00,6.570264082198101,6.646220819121431,6.570264082198101,6.61773681640625,1447300,0.0,0.0
2024-04-04 00:00:00-04:00,6.845607675217059,6.893080863517467,6.760156117371476,6.769650936126709,4392600,0.0,0.0
2024-04-05 00:00:00-04:00,6.750661179114845,6.7981339106532115,6.731671995951929,6.788639545440674,3351700,0.0,0.0
2024-04-08 00:00:00-04:00,6.798134486916652,6.8266184904444716,6.769650936126709,6.769650936126709,1657700,0.0,0.0
2024-04-09 00:00:00-04:00,6.826617911766503,6.855101460141956,6.731671995951929,6.788639545440674,2398800,0.0,0.0
2024-04-10 00:00:00-04:00,6.693693919019529,6.779145020578096,6.6747047350356405,6.731672286987305,2074300,0.0,0.0
2024-04-11 00:00:00-04:00,6.627231121063232,6.636725486073592,6.522790389522298,6.627231121063232,1291500,0.0,0.0
2024-04-12 00:00:00-04:00,6.579758325907764,6.627231511973276,6.522790774271861,6.55127477645874,1803100,0.0,0.0
2024-04-15 00:00:00-04:00,6.693693881917424,6.712683065796058,6.532285592580107,6.55127477645874,1873000,0.0,0.0
2024-04-16 00:00:00-04:00,6.45632890575167,6.4658232713936545,6.408855719328169,6.446834087371826,1827700,0.0,0.0
2024-04-17 00:00:00-04:00,6.551274335797031,6.589252700999742,6.494306787992967,6.541779518127441,1328500,0.0,0.0
2024-04-18 00:00:00-04:00,6.570263801925369,6.617736534108438,6.551274618504573,6.579758167266846,1266200,0.0,0.0
2024-04-19 00:00:00-04:00,6.608242353000995,6.646220720901403,6.598747534656964,6.636725902557373,1670300,0.0,0.0
2024-04-22 00:00:00-04:00,6.636725914330006,6.731672286987305,6.636725914330006,6.731672286987305,1143500,0.0,0.0
2024-04-23 00:00:00-04:00,6.798133866590578,6.893080234527588,6.798133866590578,6.893080234527588,1039600,0.0,0.0
2024-04-24 00:00:00-04:00,6.86459674541496,6.893080748467363,6.817123557906911,6.8835859298706055,1100800,0.0,0.0
2024-04-25 00:00:00-04:00,6.902574496740992,7.0260044110281346,6.902574496740992,7.007015228271484,3016700,0.0,0.0
2024-04-26 00:00:00-04:00,7.396293886321211,7.472250619249423,7.348820701872158,7.443767070770264,2587900,0.0,0.0
2024-04-29 00:00:00-04:00,7.3393265159510515,7.358315699647078,7.291853330342059,7.310842514038086,1304600,0.0,0.0
2024-04-30 00:00:00-04:00,7.329831697734113,7.386799701560045,7.291853330342059,7.310842514038086,1479700,0.0,0.0
2024-05-01 00:00:00-04:00,7.320337539214623,7.453261828844828,7.301348354981736,7.3678107261657715,1359900,0.0,0.0
2024-05-02 00:00:00-04:00,7.348820686340332,7.377304687497131,7.2918531367645745,7.348820686340332,1050600,0.0,0.0
2024-05-03 00:00:00-04:00,7.4247777009896305,7.443766883744578,7.367810152724789,7.386799335479736,1311100,0.0,0.0
2024-05-06 00:00:00-04:00,7.43427209591564,7.529218010072463,7.415282913084275,7.472250461578369,946600,0.0,0.0
2024-05-07 00:00:00-04:00,7.6621429652417,7.709616152873366,7.519724307822444,7.529218673706055,1423600,0.0,0.0
2024-05-08 00:00:00-04:00,7.55770239553144,7.6811323165893555,7.54820757726336,7.6811323165893555,792400,0.0,0.0
2024-05-09 00:00:00-04:00,7.6431538281469615,7.719110562139235,7.6241641919110466,7.70012092590332,947000,0.0,0.0
2024-05-10 00:00:00-04:00,7.690626976727443,7.728605343543167,7.643153791838866,7.709615707397461,1210600,0.0,0.0
2024-05-13 00:00:00-04:00,7.747594319657357,7.785572687676237,7.738099501283707,7.757089138031006,531100,0.0,0.0
2024-05-14 00:00:00-04:00,7.871024058458907,7.909002425591764,7.842540509478189,7.890013694763184,877900,0.0,0.0
2024-05-15 00:00:00-04:00,7.9659706017340035,8.051421250528758,7.937486146660036,8.041927337646484,1211600,0.0,0.0
2024-05-16 00:00:00-04:00,7.975463987859646,8.003948441052296,7.946980440142651,7.956475257873535,723200,0.0,0.0
2024-05-17 00:00:00-04:00,7.890013694763184,7.927992061896039,7.852035327630327,7.890013694763184,1176600,0.0,0.0
2024-05-20 00:00:00-04:00,7.823550648165799,7.861529014206384,7.738099098205566,7.738099098205566,1310900,0.0,0.0
2024-05-21 00:00:00-04:00,7.719110576202594,7.83304567739858,7.719110576202594,7.795067310333252,1862800,0.0,0.0
2024-05-22 00:00:00-04:00,7.823551055695117,7.861529423713998,7.709615951638476,7.757089138031006,2430400,0.0,0.0
2024-05-23 00:00:00-04:00,7.60517558007454,7.61467039834097,7.462756475243068,7.49124002456665,1545700,0.0,0.0
2024-05-24 00:00:00-04:00,7.519723942655486,7.614670313308106,7.519723942655486,7.605175495147705,1353600,0.0,0.0
2024-05-28 00:00:00-04:00,7.671637741285923,7.766584116022306,7.6526490096240884,7.7286057472229,4872200,0.0,0.0
2024-05-29 00:00:00-04:00,7.643153740479773,7.662142471022193,7.586185737901146,7.62416410446167,1587400,0.0,0.0
2024-05-30 00:00:00-04:00,7.766583797954928,7.823550896083177,7.719110612530921,7.785572528839111,1494900,0.0,0.0
2024-05-31 00:00:00-04:00,7.833045922534399,7.8520355593991935,7.747594367594272,7.842540740966797,1285900,0.0,0.0
2024-06-03 00:00:00-04:00,7.890013975418803,7.946981075406615,7.861529519949169,7.927992343902588,708300,0.0,0.0
2024-06-04 00:00:00-04:00,7.757089138031006,7.804562324423536,7.719110770012126,7.757089138031006,1482600,0.0,0.0
2024-06-05 00:00:00-04:00,7.738099501283707,7.766583956404656,7.681132401993245,7.757089138031006,748000,0.0,0.0
2024-06-06 00:00:00-04:00,7.8045621423453335,7.8995076074396255,7.785572506041057,7.890013694763184,834200,0.0,0.0
2024-06-07 00:00:00-04:00,7.757089174955712,7.833045911355036,7.7380995381180195,7.747594356536865,1080900,0.0,0.0
2024-06-10 00:00:00-04:00,7.62416434900296,7.690627171722401,7.5861859812242995,7.671637535095215,865800,0.0,0.0
2024-06-11 00:00:00-04:00,7.481745339906415,7.491239705030012,7.4057886079663025,7.462756156921387,1132200,0.0,0.0
2024-06-12 00:00:00-04:00,7.728605254640794,7.738099167128749,7.61467015550422,7.6336588859558105,1037300,0.0,0.0
2024-06-13 00:00:00-04:00,7.6431538992090395,7.652648717415275,7.557702346304325,7.5956807136535645,1266500,0.0,0.0
2024-06-14 00:00:00-04:00,7.424777879100202,7.55770216157351,7.415283061126046,7.538712978363037,1061400,0.0,0.0
2024-06-17 00:00:00-04:00,7.52921818806036,7.62416410446167,7.500734639508888,7.62416410446167,915700,0.0,0.0
2024-06-18 00:00:00-04:00,7.61467015550422,7.671637252334668,7.586185701613319,7.6336588859558105,1651200,0.0,0.0
2024-06-20 00:00:00-04:00,7.77607725354349,7.890013254053675,7.747593706153768,7.880518436431885,5117700,0.0,0.0
2024-06-21 00:00:00-04:00,7.757089536075714,7.956476204775027,7.671637977279471,7.86152982711792,29049200,0.0,0.0
2024-06-24 00:00:00-04:00,7.823551055695117,7.880519060461297,7.719110770012126,7.757089138031006,5679300,0.0,0.0
2024-06-25 00:00:00-04:00,7.624163995324681,7.700120727358437,7.586185629307803,7.652648448944092,2428700,0.0,0.0
2024-06-26 00:00:00-04:00,7.576691615648562,7.681132353408808,7.567196797334969,7.671637535095215,3197600,0.0,0.0
2024-06-27 00:00:00-04:00,7.662142558907183,7.70012092590332,7.633659010029004,7.70012092590332,3846300,0.0,0.0
2024-06-28 00:00:00-04:00,7.633658922470722,7.662142471022193,7.586185737901146,7.62416410446167,3440300,0.0,0.0
2024-07-01 00:00:00-04:00,7.728605784343149,7.747594516096186,7.690627415361334,7.71911096572876,2786800,0.0,0.0
2024-07-02 00:00:00-04:00,7.766584354936578,7.86152982711792,7.738099898353987,7.86152982711792,2889600,0.0,0.0
2024-07-03 00:00:00-04:00,7.880518962851841,7.975464428985172,7.880518962851841,7.965970516204834,2893300,0.0,0.0
2024-07-05 00:00:00-04:00,8.089401245117188,8.098895158845828,7.994454864024418,8.089401245117188,3646300,0.0,0.0
2024-07-08 00:00:00-04:00,8.222323646064744,8.241313281134023,8.11788336961063,8.174850463867188,4424000,0.0,0.0
2024-07-09 00:00:00-04:00,7.956475294153573,7.984958842000447,7.91849692853252,7.9469804763793945,3518300,0.0,0.0
2024-07-10 00:00:00-04:00,7.956474910718861,8.022936820983887,7.937485276085645,8.022936820983887,2523500,0.0,0.0
2024-07-11 00:00:00-04:00,8.060915873692583,8.098894240729182,8.05142105556451,8.07990550994873,2760100,0.0,0.0
2024-07-12 00:00:00-04:00,8.079906425912752,8.108389978050264,8.06091678750388,8.089401245117188,2138800,0.0,0.0
2024-07-15 00:00:00-04:00,8.032432556152344,8.060916105881317,8.00394900642337,8.032432556152344,1853500,0.0,0.0
2024-07-16 00:00:00-04:00,8.060916117109988,8.21282958984375,8.051421298695196,8.21282958984375,1721000,0.0,0.0
2024-07-17 00:00:00-04:00,8.193840098936466,8.241313281134023,8.165356551808186,8.174850463867188,1729200,0.0,0.0
2024-07-18 00:00:00-04:00,8.317270669672208,8.38373258673106,8.212829479464627,8.241313934326172,2662400,0.0,0.0
2024-07-19 00:00:00-04:00,8.279292862361496,8.355249602848465,8.269798043431683,8.31727123260498,2173600,0.0,0.0
2024-07-22 00:00:00-04:00,8.34575423254876,8.421710968017578,8.317270683116883,8.421710968017578,1488000,0.0,0.0
2024-07-23 00:00:00-04:00,8.35524920875731,8.421711127179663,8.336259571793365,8.393227577209473,1148500,0.0,0.0
2024-07-24 00:00:00-04:00,8.36474369523403,8.374237607863451,8.269797325134277,8.269797325134277,1648300,0.0,0.0
2024-07-25 00:00:00-04:00,8.298281276645886,8.412216383008845,8.279292544989929,8.374238014221191,2357900,0.0,0.0
2024-07-26 00:00:00-04:00,8.848967499371474,9.067343784757286,8.83947358690088,9.048354148864746,4330000,0.0,0.0
2024-07-29 00:00:00-04:00,9.124311336367104,9.19077415982875,9.057849418381178,9.152795791625977,2710300,0.0,0.0
2024-07-30 00:00:00-04:00,9.000881158411792,9.05784916184034,8.991387245736782,9.0103759765625,2545900,0.0,0.0
2024-07-31 00:00:00-04:00,9.010375746294267,9.114816932331566,9.000880928386207,9.057848930358887,2512800,0.0,0.0
2024-08-01 00:00:00-04:00,8.839473957249677,8.839473957249677,8.241313983708656,8.412216186523438,6698700,0.0,0.0
2024-08-02 00:00:00-04:00,8.108389491032609,8.136873041459303,7.984959565215952,7.994454383850098,4421700,0.0,0.0
2024-08-05 00:00:00-04:00,7.7001212275241535,8.003949080870155,7.6716376775302475,7.927992343902588,4985000,0.0,0.0
2024-08-06 00:00:00-04:00,7.852034979260784,8.022937171038407,7.823550526068133,7.956475257873535,3198800,0.0,0.0
2024-08-07 00:00:00-04:00,8.212829416487628,8.24131387113075,8.051421128746075,8.06091594696045,2970600,0.0,0.0
2024-08-08 00:00:00-04:00,8.212829479464627,8.269797483712008,8.155862380692955,8.241313934326172,1894200,0.0,0.0
2024-08-09 00:00:00-04:00,8.303176616278222,8.40950334048043,8.29351029903327,8.361172676086426,1982100,0.154,0.0
2024-08-12 00:00:00-04:00,8.39983727506734,8.448167940910325,8.351507531055134,8.380505561828613,1640100,0.0,0.0
2024-08-13 00:00:00-04:00,8.419169529390699,8.602824945091525,8.409503212293092,8.58349323272705,1720300,0.0,0.0
2024-08-14 00:00:00-04:00,8.554495077775067,8.602824818892651,8.535162443863456,8.573826789855957,1134600,0.0,0.0
2024-08-15 00:00:00-04:00,8.718818884303616,8.776814943079458,8.660821903697041,8.738150596618652,1530200,0.0,0.0
2024-08-16 00:00:00-04:00,8.786481717007664,8.902474762421168,8.786481717007664,8.854144096374512,1919900,0.0,0.0
2024-08-19 00:00:00-04:00,8.912140708778646,8.989469402500003,8.90247439160579,8.979803085327148,1701300,0.0,0.0
2024-08-20 00:00:00-04:00,8.844477653503418,8.902474636303944,8.834812257895639,8.844477653503418,1576900,0.0,0.0
2024-08-21 00:00:00-04:00,8.902474747473322,8.950805413438827,8.834812368220081,8.931472778320312,1701100,0.0,0.0
2024-08-22 00:00:00-04:00,8.844477181553621,8.873476132321857,8.796147440601333,8.80581283569336,2892900,0.0,0.0
2024-08-23 00:00:00-04:00,8.815479164711322,8.970136548364565,8.805812847775314,8.960471153259277,2972600,0.0,0.0
2024-08-26 00:00:00-04:00,8.960471153259277,9.02813352814989,8.86380982756064,8.960471153259277,1501000,0.0,0.0
2024-08-27 00:00:00-04:00,9.008801569797113,9.115129220404668,8.999136173967072,9.095796585083008,1987400,0.0,0.0
2024-08-28 00:00:00-04:00,8.680153397233777,8.786481038694117,8.651155368576736,8.718818664550781,2763200,0.0,0.0
2024-08-29 00:00:00-04:00,8.805813430327856,8.883142127270192,8.747817368536495,8.854144096374512,2555300,0.0,0.0
2024-08-30 00:00:00-04:00,8.892808211608514,8.93147255906561,8.82514583401629,8.912140846252441,2029700,0.0,0.0
2024-09-03 00:00:00-04:00,8.612491146024714,8.641489175095673,8.467500078839198,8.496498107910156,2924800,0.0,0.0
2024-09-04 00:00:00-04:00,8.612491388245568,8.680153765257673,8.573827041119971,8.593159675598145,2704600,0.0,0.0
2024-09-05 00:00:00-04:00,8.776814943079458,8.786481260152343,8.689819933084962,8.738150596618652,1999600,0.0,0.0
2024-09-06 00:00:00-04:00,8.651155999986237,8.68982034829447,8.380505561828613,8.380505561828613,2305300,0.0,0.0
2024-09-09 00:00:00-04:00,8.525495907666404,8.593159202786296,8.506164196082647,8.554494857788086,2284800,0.0,0.0
2024-09-10 00:00:00-04:00,8.486832289218556,8.486832289218556,8.264512516903917,8.380505561828613,2595700,0.0,0.0
2024-09-11 00:00:00-04:00,8.419169881194268,8.55449556072326,8.322508549840592,8.535162925720215,2710100,0.0,0.0
2024-09-12 00:00:00-04:00,8.40950344002888,8.564160830455867,8.390171727140888,8.525496482849121,2599300,0.0,0.0
2024-09-13 00:00:00-04:00,8.593159288573439,8.670487979341848,8.583492971769711,8.641489028930664,2329200,0.0,0.0
2024-09-16 00:00:00-04:00,8.651155711032326,8.747817039489746,8.612491364015506,8.747817039489746,2209100,0.0,0.0
2024-09-17 00:00:00-04:00,8.805813099099602,8.825145733523385,8.709152692472927,8.747817039489746,1878400,0.0,0.0
2024-09-18 00:00:00-04:00,8.709152924550768,8.825145968692159,8.631824228456507,8.689820289611816,2159400,0.0,0.0
2024-09-19 00:00:00-04:00,8.834811901877574,8.912140594608301,8.767148604365138,8.892807960510254,1858800,0.0,0.0
2024-09-20 00:00:00-04:00,8.80581344537394,8.815479762965943,8.757483701075486,8.776815414428711,2114500,0.0,0.0
2024-09-23 00:00:00-04:00,8.786481606465369,8.815479636996228,8.73815094102676,8.767148971557617,1954800,0.0,0.0
2024-09-24 00:00:00-04:00,8.931472903496674,8.96047185658087,8.892808554548537,8.941139221191406,1838400,0.0,0.0
2024-09-25 00:00:00-04:00,8.97013653605715,8.979802852979896,8.776814806755842,8.80581283569336,2030000,0.0,0.0
2024-09-26 00:00:00-04:00,9.028133383690502,9.124793786011752,8.979802721614524,9.105462074279785,2034000,0.0,0.0
2024-09-27 00:00:00-04:00,9.018467075543393,9.076464054456235,8.989469047002325,9.028133392333984,2881600,0.0,0.0
2024-09-30 00:00:00-04:00,8.960471236660236,9.066797958453812,8.9314722855823,9.047465324401855,5276000,0.0,0.0
2024-10-01 00:00:00-04:00,9.008801139056198,9.01846745625485,8.738150710309174,8.825145721435547,3920800,0.0,0.0
2024-10-02 00:00:00-04:00,8.651155251299613,8.689819596261762,8.602824589639251,8.631823539733887,3113800,0.0,0.0
2024-10-03 00:00:00-04:00,8.4964978874444,8.506164204160807,8.409502880658133,8.477166175842285,2132100,0.0,0.0
2024-10-04 00:00:00-04:00,8.74781701573406,8.902474403381348,8.738150698548418,8.902474403381348,3155600,0.0,0.0
2024-10-07 00:00:00-04:00,9.037800054783116,9.105462431243648,8.999135707972705,9.05713176727295,2986100,0.0,0.0
2024-10-08 00:00:00-04:00,8.979802959493457,8.99913559356826,8.873476237574227,8.970136642456055,3112100,0.0,0.0
2024-10-09 00:00:00-04:00,8.863809702849547,8.96047102718819,8.854143386049541,8.950804710388184,2711800,0.0,0.0
2024-10-10 00:00:00-04:00,9.03780031901013,9.05713203206514,8.941138988242765,8.999135971069336,2367800,0.0,0.0
2024-10-11 00:00:00-04:00,8.941138602608278,9.057131641427834,8.9314722855823,9.047465324401855,1787700,0.0,0.0
2024-10-14 00:00:00-04:00,8.960471143462998,9.066797864150677,8.941138509612118,9.037799835205078,1839000,0.0,0.0
2024-10-15 00:00:00-04:00,9.153793362832504,9.163458758444627,8.999135971069336,8.999135971069336,2593300,0.0,0.0
2024-10-16 00:00:00-04:00,9.076464181076117,9.086129576170839,9.018467201354198,9.037799835205078,1846100,0.0,0.0
2024-10-17 00:00:00-04:00,9.192457544063636,9.269786238542828,9.18279122679605,9.221455574035645,1892300,0.0,0.0
2024-10-18 00:00:00-04:00,9.153792978612714,9.221455354211358,9.105462315257656,9.202123641967773,1358000,0.0,0.0
2024-10-21 00:00:00-04:00,9.134460587542712,9.163458617594891,9.028133862797553,9.066798210144043,1682300,0.0,0.0
2024-10-22 00:00:00-04:00,9.057132004487888,9.16345873054363,9.037800291491738,9.153793334960938,1359100,0.0,0.0
2024-10-23 00:00:00-04:00,9.028134001567238,9.04746571462225,8.931472670799874,8.999135971069336,1903600,0.0,0.0
2024-10-24 00:00:00-04:00,9.19245788686781,9.25045394897461,9.115129189504886,9.25045394897461,2721700,0.0,0.0
2024-10-25 00:00:00-04:00,9.492106374644674,9.501772692288982,9.144127235926671,9.173125267028809,3199800,0.0,0.0
2024-10-28 00:00:00-04:00,9.231122113488336,9.443776489339893,9.221455795988089,9.395445823669434,3342000,0.0,0.0
2024-10-29 00:00:00-04:00,9.29878378339385,9.32778181185302,9.211788776185633,9.260119438171387,2992600,0.0,0.0
2024-10-30 00:00:00-04:00,9.327782537408037,9.51143888287334,9.298784506693275,9.318117141723633,2916200,0.0,0.0
2024-10-31 00:00:00-04:00,9.443776518761542,9.453441914461127,9.192457793956802,9.240788459777832,3698700,0.0,0.0
2024-11-01 00:00:00-04:00,9.472774033991643,9.540436409360277,9.424443370800876,9.434109687805176,2412700,0.0,0.0
2024-11-04 00:00:00-05:00,9.840086357211531,9.878750705651564,9.71442699432373,9.71442699432373,4442100,0.0,0.0
2024-11-05 00:00:00-05:00,9.801421979107747,9.8980823889999,9.791755661569299,9.869084358215332,2095600,0.0,0.0
2024-11-06 00:00:00-05:00,9.714426366712775,9.89808177947998,9.675762020770694,9.89808177947998,3302200,0.0,0.0
2024-11-07 00:00:00-05:00,9.78208924733427,9.791755564777166,9.656429886068924,9.704760551452637,3064500,0.0,0.0
2024-11-08 00:00:00-05:00,9.627432088052863,9.666096436927342,9.559769707980225,9.646763801574707,1930900,0.0,0.0
2024-11-11 00:00:00-05:00,9.878750067424301,9.975410471364142,9.878750067424301,9.89808177947998,1173300,0.0,0.0
2024-11-12 00:00:00-05:00,9.73375881699998,9.753091452352614,9.598434056854703,9.646763801574707,1518300,0.0,0.0
2024-11-13 00:00:00-05:00,9.71442688295729,9.72409320041418,9.608099234593059,9.627431869506836,1893300,0.0,0.0
2024-11-14 00:00:00-05:00,9.685428852417395,9.72409320041418,9.608099234593059,9.627431869506836,1756100,0.0,0.0
2024-11-15 00:00:00-05:00,9.695093752604501,9.743424415588379,9.656429406583545,9.743424415588379,1994900,0.0,0.0
2024-11-18 00:00:00-05:00,9.704760194851668,9.830419551499666,9.69509387776396,9.753090858459473,2433600,0.0,0.0
2024-11-19 00:00:00-05:00,9.598433949003631,9.733758707628356,9.579101313868225,9.71442699432373,1922800,0.0,0.0
2024-11-20 00:00:00-05:00,9.782089219681206,9.869084232759809,9.704760524018175,9.859417915344238,2555100,0.0,0.0
2024-11-21 00:00:00-05:00,9.782089344030851,9.907748706538348,9.753091313246284,9.869084358215332,1837100,0.0,0.0
2024-11-22 00:00:00-05:00,9.588767755013468,9.656430135197844,9.540437088382859,9.569435119628906,2176400,0.0,0.0
2024-11-25 00:00:00-05:00,9.675761924465462,9.714426270022708,9.598433233350972,9.656429290771484,2135900,0.0,0.0
2024-11-26 00:00:00-05:00,9.579100860347765,9.627431524067296,9.540436513738287,9.598433494567871,1710600,0.0,0.0
2024-11-27 00:00:00-05:00,9.627431731018174,9.733758456022148,9.627431731018174,9.695094108581543,1420200,0.0,0.0
2024-11-29 00:00:00-05:00,9.878750306534176,10.023741376868731,9.859417672179838,9.994743347167969,1084200,0.0,0.0
2024-12-02 00:00:00-05:00,10.03340733734129,10.081737999678152,9.936746012667564,10.043073654174805,2157900,0.0,0.0
2024-12-03 00:00:00-05:00,10.10107005878053,10.159067039944794,10.014075047949506,10.07207202911377,1585300,0.0,0.0
2024-12-04 00:00:00-05:00,10.072071682844637,10.091403394680956,10.01407470367426,10.043073654174805,1663600,0.0,0.0
2024-12-05 00:00:00-05:00,10.17839851013037,10.265393518890319,10.17839851013037,10.2073974609375,1705000,0.0,0.0
2024-12-06 00:00:00-05:00,10.333055757198444,10.35238839081433,10.226729037803203,10.275059700012207,1858000,0.0,0.0
2024-12-09 00:00:00-05:00,10.391053224751946,10.391053224751946,10.236395835876465,10.236395835876465,1746700,0.0,0.0
2024-12-10 00:00:00-05:00,10.255727179716983,10.255727179716983,10.130067825317383,10.130067825317383,1509800,0.0,0.0
2024-12-11 00:00:00-05:00,10.197731018066406,10.246061680317384,10.110736010380789,10.197731018066406,2318400,0.0,0.0
2024-12-12 00:00:00-05:00,10.19773160865779,10.294392016927027,10.09140396118164,10.09140396118164,1718500,0.0,0.0
2024-12-13 00:00:00-05:00,10.043074357127127,10.062406070316543,9.956079343197809,10.023741722106934,1735000,0.0,0.0
2024-12-16 00:00:00-05:00,10.072072154698503,10.09140386744047,10.023741490097459,10.081738471984863,1610700,0.0,0.0
2024-12-17 00:00:00-05:00,9.956078632518885,9.965744949338985,9.888415336608887,9.888415336608887,1475400,0.0,0.0
2024-12-18 00:00:00-05:00,10.014075108534765,10.05273945560128,9.646763350487502,9.685428619384766,1519100,0.0,0.0
2024-12-19 00:00:00-05:00,9.77242231823811,9.811086663758935,9.724092577710111,9.733757972717285,2185500,0.0,0.0
2024-12-20 00:00:00-05:00,9.627431979875961,9.8014220087715,9.617765662308258,9.71442699432373,2235000,0.0,0.0
2024-12-23 00:00:00-05:00,9.695094468360145,9.801422119140625,9.64676380180818,9.801422119140625,2489400,0.0,0.0
2024-12-24 00:00:00-05:00,9.849751241785448,9.907748222351074,9.830419529484061,9.907748222351074,766900,0.0,0.0
2024-12-26 00:00:00-05:00,9.89808203084481,9.946412694957463,9.869084001109515,9.917414665222168,688900,0.0,0.0
2024-12-27 00:00:00-05:00,9.801421385458937,9.859417443515389,9.772422434599989,9.82075309753418,1546800,0.0,0.0
2024-12-30 00:00:00-05:00,9.791755319105254,9.869084013046736,9.743424654934143,9.840085983276367,1833400,0.0,0.0
2024-12-31 00:00:00-05:00,9.840085857482073,9.936746262757858,9.76275716452915,9.830419540405273,1021200,0.0,0.0
2025-01-02 00:00:00-05:00,9.704760079703918,9.74342442576526,9.61776507060822,9.666095733642578,2257000,0.0,0.0
2025-01-03 00:00:00-05:00,9.811087125134094,9.859417789765596,9.73375843045599,9.849751472473145,3211700,0.0,0.0
2025-01-06 00:00:00-05:00,9.9174149949882,10.052739752806447,9.9174149949882,10.023741722106934,3219100,0.0,0.0
2025-01-07 00:00:00-05:00,9.772422944037082,9.801421896407748,9.59843383896694,9.627431869506836,2947500,0.0,0.0
2025-01-08 00:00:00-05:00,9.405110726481713,9.530770081907654,9.385779014325035,9.511438369750977,2971800,0.0,0.0
2025-01-10 00:00:00-05:00,8.950805413438827,8.989469761845074,8.854144081507815,8.931472778320312,3652300,0.0,0.0
2025-01-13 00:00:00-05:00,8.960471133832934,9.115128517150879,8.960471133832934,9.115128517150879,3968800,0.0,0.0
2025-01-14 00:00:00-05:00,9.153792719267292,9.269785754934679,9.13446008574071,9.260119438171387,3385700,0.0,0.0
2025-01-15 00:00:00-05:00,9.656429531243862,9.81108691732425,9.598433472379085,9.753090858459473,3912500,0.0,0.0
2025-01-16 00:00:00-05:00,9.675762631126345,9.801421993822492,9.675762631126345,9.791755676269531,3693800,0.0,0.0
2025-01-17 00:00:00-05:00,9.869084358215332,9.917415024076796,9.830420009892315,9.869084358215332,3090700,0.0,0.0
2025-01-21 00:00:00-05:00,10.023741011533422,10.139734047939616,9.94641232059596,10.120402336120605,2352500,0.0,0.0
2025-01-22 00:00:00-05:00,10.023741722106934,10.07207238782664,9.99474369140742,10.023741722106934,3511400,0.0,0.0
2025-01-23 00:00:00-05:00,10.178398583079728,10.381386631030868,10.178398583079728,10.371720314025879,3673700,0.0,0.0
2025-01-24 00:00:00-05:00,10.236395584183738,10.294391642670657,10.207397554940277,10.217062950134277,2811300,0.0,0.0
2025-01-27 00:00:00-05:00,10.275060170650226,10.333056230492911,10.226729506227487,10.313724517822266,2791400,0.0,0.0
2025-01-28 00:00:00-05:00,10.255727647792565,10.420051355520249,10.246062252267402,10.40071964263916,2980600,0.0,0.0
2025-01-29 00:00:00-05:00,10.487714641928672,10.594041367217212,10.420051342353457,10.478048324584961,2941100,0.0,0.0
2025-01-30 00:00:00-05:00,10.565042977821351,10.594041007035834,10.449049939132689,10.526378631591797,2832100,0.0,0.0
2025-01-31 00:00:00-05:00,10.48771487579105,10.545710937485032,10.400719861419297,10.420051574707031,2756100,0.0,0.0
2025-02-03 00:00:00-05:00,10.207397451133335,10.35238851770684,10.159066788331927,10.2847261428833,2962300,0.0,0.0
2025-02-04 00:00:00-05:00,10.313724630097356,10.420051355520249,10.294391995385505,10.40071964263916,2340000,0.0,0.0
2025-02-05 00:00:00-05:00,10.555376856953796,10.70036792755127,10.507046192811057,10.70036792755127,2471100,0.0,0.0
2025-02-06 00:00:00-05:00,10.700367903991225,10.903355955479196,10.690702508648554,10.855025291442871,3237400,0.0,0.0
2025-02-07 00:00:00-05:00,10.816360862137506,10.845359813436716,10.710034139532608,10.768031120300293,2336700,0.0,0.0
2025-02-10 00:00:00-05:00,10.710034729746909,10.719701047379342,10.623039714716581,10.661704063415527,1872700,0.0,0.0
2025-02-11 00:00:00-05:00,10.768031575448669,10.91302265075033,10.748698940432034,10.884024620056152,1670900,0.0,0.0
2025-02-12 00:00:00-05:00,10.92268895385046,10.990351332657879,10.884024605698968,10.961353302001953,1974800,0.0,0.0
2025-02-13 00:00:00-05:00,10.70036830356144,10.777697000174848,10.54571091033462,10.72936725616455,4109200,0.0,0.0
2025-02-14 00:00:00-05:00,10.400719629496795,10.545710702329417,10.333056329921579,10.478048324584961,3098000,0.0,0.0
2025-02-18 00:00:00-05:00,10.903356180718665,11.02901554107666,10.874358150430131,11.02901554107666,3619100,0.0,0.0
2025-02-19 00:00:00-05:00,10.806696031533098,10.845360380121575,10.739032730130177,10.816361427307129,3039500,0.0,0.0
2025-02-20 00:00:00-05:00,10.777696504448489,10.893690465864172,10.681036099043066,10.845359802246094,3257000,0.0,0.0
2025-02-21 00:00:00-05:00,11.212671883842486,11.23200359675792,11.019349223703562,11.02901554107666,3585900,0.0,0.0
2025-02-24 00:00:00-05:00,11.03868174533876,11.04834806261281,10.88402435627697,10.942020416259766,2939300,0.0,0.0
2025-02-25 00:00:00-05:00,11.27066778578253,11.483322155843734,11.145008427193217,11.405993461608887,6363000,0.0,0.0
2025-02-26 00:00:00-05:00,11.405993425476641,11.67664385444123,11.396327108270219,11.637979507446289,14829800,0.0,0.0
2025-02-27 00:00:00-05:00,11.570317366597306,11.782970818490403,11.512320384006884,11.734641075134277,15759000,0.0,0.0
2025-02-28 00:00:00-05:00,11.744306550186813,11.889298546728721,11.686310489034666,11.821635246276855,57055500,0.0,0.0
2025-03-03 00:00:00-05:00,11.976293325286012,12.092286367145032,11.811969618861378,11.879631996154785,6167400,0.0,0.0
2025-03-04 00:00:00-05:00,11.647645468639967,11.966626552056196,11.483321768476369,11.686309814453125,6452100,0.0,0.0
2025-03-05 00:00:00-05:00,12.024622552378188,12.227610597384583,11.908629515493208,12.15028190612793,5125600,0.0,0.0
2025-03-06 00:00:00-05:00,11.792636756693865,11.898964401052142,11.657312004718944,11.705641746520996,7658500,0.0,0.0
2025-03-07 00:00:00-05:00,11.599315613185928,11.782971038122493,11.492988885257471,11.753973007202148,8943100,0.0,0.0
2025-03-10 00:00:00-04:00,11.251335867852738,11.299665609494655,10.942020174726228,11.077345848083496,6961000,0.0,0.0
2025-03-11 00:00:00-04:00,10.971019343196755,11.17400739633761,10.884024331589139,11.096677780151367,6929400,0.0,0.0
2025-03-12 00:00:00-04:00,11.386660701607312,11.463989394989682,11.270667661533759,11.396327018737793,4749000,0.0,0.0
2025-03-13 00:00:00-04:00,11.463989055901644,11.51231971829376,11.289999961853027,11.289999961853027,4832400,0.0,0.0
2025-03-14 00:00:00-04:00,11.479999542236328,11.859999656677246,11.449999809265137,11.779999732971191,18224800,0.39,0.0
2025-03-17 00:00:00-04:00,11.75,11.899999618530273,11.75,11.890000343322754,4988800,0.0,0.0
2025-03-18 00:00:00-04:00,12.100000381469727,12.319999694824219,12.069999694824219,12.239999771118164,4857900,0.0,0.0
2025-03-19 00:00:00-04:00,12.260000228881836,12.40999984741211,12.220000267028809,12.3100004196167,6093400,0.0,0.0
2025-03-20 00:00:00-04:00,12.050000190734863,12.140000343322754,12.010000228881836,12.100000381469727,4119700,0.0,0.0
2025-03-21 00:00:00-04:00,11.920000076293945,12.079999923706055,11.899999618530273,12.0,4288300,0.0,0.0
2025-03-24 00:00:00-04:00,12.199999809265137,12.229999542236328,12.079999923706055,12.109999656677246,2934500,0.0,0.0
2025-03-25 00:00:00-04:00,12.199999809265137,12.210000038146973,12.109999656677246,12.170000076293945,2951900,0.0,0.0
2025-03-26 00:00:00-04:00,12.050000190734863,12.140000343322754,11.979999542236328,12.029999732971191,3786600,0.0,0.0
2025-03-27 00:00:00-04:00,12.050000190734863,12.229999542236328,12.020000457763672,12.140000343322754,3984400,0.0,0.0
2025-03-28 00:00:00-04:00,12.039999961853027,12.079999923706055,11.920000076293945,11.960000038146973,4530700,0.0,0.0
2025-03-31 00:00:00-04:00,11.729999542236328,11.970000267028809,11.670000076293945,11.920000076293945,3622900,0.0,0.0
2025-04-01 00:00:00-04:00,11.920000076293945,12.050000190734863,11.789999961853027,11.989999771118164,3168300,0.0,0.0
2025-04-02 00:00:00-04:00,11.989999771118164,12.199999809265137,11.960000038146973,12.170000076293945,2479700,0.0,0.0
2025-04-03 00:00:00-04:00,11.90999984741211,12.050000190734863,11.829999923706055,11.850000381469727,6097800,0.0,0.0
2025-04-04 00:00:00-04:00,10.899999618530273,10.979999542236328,10.609999656677246,10.720000267028809,6592300,0.0,0.0
2025-04-07 00:00:00-04:00,10.520000457763672,11.140000343322754,10.399999618530273,10.739999771118164,6379900,0.0,0.0
2025-04-08 00:00:00-04:00,11.010000228881836,11.069999694824219,10.420000076293945,10.569999694824219,6618300,0.0,0.0
2025-04-09 00:00:00-04:00,10.640000343322754,11.640000343322754,10.489999771118164,11.539999961853027,9780800,0.0,0.0
2025-04-10 00:00:00-04:00,11.359999656677246,11.390000343322754,11.020000457763672,11.270000457763672,7556500,0.0,0.0
2025-04-11 00:00:00-04:00,11.329999923706055,11.680000305175781,11.289999961853027,11.609999656677246,5893500,0.0,0.0
2025-04-14 00:00:00-04:00,11.800000190734863,12.039999961853027,11.760000228881836,11.930000305175781,7203400,0.0,0.0
2025-04-15 00:00:00-04:00,12.180000305175781,12.34000015258789,12.140000343322754,12.279999732971191,6989000,0.0,0.0
2025-04-16 00:00:00-04:00,12.229999542236328,12.3100004196167,12.109999656677246,12.1899995803833,4861100,0.0,0.0
2025-04-17 00:00:00-04:00,12.25,12.40999984741211,12.210000038146973,12.270000457763672,4156100,0.0,0.0
2025-04-21 00:00:00-04:00,12.359999656677246,12.369999885559082,12.050000190734863,12.170000076293945,2768800,0.0,0.0
2025-04-22 00:00:00-04:00,12.34000015258789,12.579999923706055,12.319999694824219,12.569999694824219,6502200,0.0,0.0
2025-04-23 00:00:00-04:00,12.710000038146973,12.819999694824219,12.670000076293945,12.760000228881836,5372400,0.0,0.0
2025-04-24 00:00:00-04:00,12.65999984741211,12.760000228881836,12.59000015258789,12.720000267028809,5092700,0.0,0.0
2025-04-25 00:00:00-04:00,12.729999542236328,12.869999885559082,12.699999809265137,12.859999656677246,3972700,0.0,0.0
2025-04-28 00:00:00-04:00,12.949999809265137,13.020000457763672,12.850000381469727,12.970000267028809,3548500,0.0,0.0
2025-04-29 00:00:00-04:00,13.029999732971191,13.180000305175781,13.0,13.140000343322754,3078800,0.0,0.0
2025-04-30 00:00:00-04:00,12.630000114440918,12.949999809265137,12.609999656677246,12.920000076293945,4643200,0.0,0.0
2025-05-01 00:00:00-04:00,12.779999732971191,12.869999885559082,12.720000267028809,12.770000457763672,4226800,0.0,0.0
2025-05-02 00:00:00-04:00,13.069999694824219,13.09000015258789,12.84000015258789,13.0,4096100,0.0,0.0
2025-05-05 00:00:00-04:00,12.949999809265137,13.210000038146973,12.9399995803833,13.069999694824219,2439300,0.0,0.0
2025-05-06 00:00:00-04:00,12.829999923706055,12.930000305175781,12.819999694824219,12.859999656677246,4494100,0.0,0.0
2025-05-07 00:00:00-04:00,12.8100004196167,12.880000114440918,12.760000228881836,12.789999961853027,5152800,0.0,0.0
2025-05-08 00:00:00-04:00,13.010000228881836,13.079999923706055,12.930000305175781,13.020000457763672,4008100,0.0,0.0
2025-05-09 00:00:00-04:00,13.229999542236328,13.300000190734863,13.149999618530273,13.239999771118164,12155900,0.0,0.0
2025-05-12 00:00:00-04:00,13.0,13.020000457763672,12.859999656677246,12.920000076293945,11332100,0.0,0.0
2025-05-13 00:00:00-04:00,13.069999694824219,13.170000076293945,13.050000190734863,13.119999885559082,5130200,0.0,0.0
2025-05-14 00:00:00-04:00,13.25,13.289999961853027,13.180000305175781,13.270000457763672,6069300,0.0,0.0
2025-05-15 00:00:00-04:00,13.4399995803833,13.4399995803833,13.279999732971191,13.359999656677246,4419700,0.0,0.0
2025-05-16 00:00:00-04:00,13.479999542236328,13.609999656677246,13.460000038146973,13.609999656677246,9288700,0.0,0.0
2025-05-19 00:00:00-04:00,13.630000114440918,13.859999656677246,13.630000114440918,13.859999656677246,5780900,0.0,0.0
2025-05-20 00:00:00-04:00,13.890000343322754,13.949999809265137,13.84000015258789,13.9399995803833,4946900,0.0,0.0
2025-05-21 00:00:00-04:00,14.039999961853027,14.130000114440918,13.9399995803833,13.960000038146973,4693000,0.0,0.0
2025-05-22 00:00:00-04:00,13.979999542236328,14.210000038146973,13.979999542236328,14.140000343322754,4490000,0.0,0.0
2025-05-23 00:00:00-04:00,14.079999923706055,14.350000381469727,14.079999923706055,14.300000190734863,4510600,0.0,0.0
2025-05-27 00:00:00-04:00,14.359999656677246,14.420000076293945,14.229999542236328,14.260000228881836,5903100,0.0,0.0
2025-05-28 00:00:00-04:00,14.229999542236328,14.239999771118164,14.09000015258789,14.170000076293945,3938200,0.0,0.0
2025-05-29 00:00:00-04:00,14.289999961853027,14.289999961853027,14.170000076293945,14.25,5101300,0.0,0.0
2025-05-30 00:00:00-04:00,14.229999542236328,14.329999923706055,14.15999984741211,14.300000190734863,4904600,0.0,0.0
2025-06-02 00:00:00-04:00,14.3100004196167,14.470000267028809,14.210000038146973,14.460000038146973,4625300,0.0,0.0
2025-06-03 00:00:00-04:00,14.350000381469727,14.539999961853027,14.350000381469727,14.489999771118164,4827700,0.0,0.0
2025-06-04 00:00:00-04:00,14.430000305175781,14.550000190734863,14.380000114440918,14.399999618530273,3922400,0.0,0.0
2025-06-05 00:00:00-04:00,14.270000457763672,14.350000381469727,14.229999542236328,14.270000457763672,5502100,0.0,0.0
2025-06-06 00:00:00-04:00,14.390000343322754,14.449999809265137,14.369999885559082,14.430000305175781,3053600,0.0,0.0
2025-06-09 00:00:00-04:00,14.350000381469727,14.390000343322754,14.260000228881836,14.270000457763672,5269400,0.0,0.0
2025-06-10 00:00:00-04:00,14.180000305175781,14.239999771118164,13.949999809265137,13.970000267028809,5524700,0.0,0.0
2025-06-11 00:00:00-04:00,14.020000457763672,14.09000015258789,13.90999984741211,13.979999542236328,3569100,0.0,0.0
2025-06-12 00:00:00-04:00,14.09000015258789,14.180000305175781,14.069999694824219,14.180000305175781,3288400,0.0,0.0
2025-06-13 00:00:00-04:00,13.930000305175781,14.109999656677246,13.90999984741211,14.0,4044300,0.0,0.0
2025-06-16 00:00:00-04:00,14.270000457763672,14.390000343322754,14.229999542236328,14.239999771118164,4242500,0.0,0.0
2025-06-17 00:00:00-04:00,14.170000076293945,14.210000038146973,14.010000228881836,14.029999732971191,4096100,0.0,0.0
2025-06-18 00:00:00-04:00,14.100000381469727,14.220000267028809,14.069999694824219,14.170000076293945,4040000,0.0,0.0
2025-06-20 00:00:00-04:00,13.970000267028809,13.979999542236328,13.670000076293945,13.6899995803833,5554500,0.0,0.0
2025-06-23 00:00:00-04:00,13.4399995803833,13.630000114440918,13.390000343322754,13.619999885559082,5436600,0.0,0.0
2025-06-24 00:00:00-04:00,13.890000343322754,14.039999961853027,13.859999656677246,14.010000228881836,5474600,0.0,0.0
2025-06-25 00:00:00-04:00,13.760000228881836,14.010000228881836,13.729999542236328,13.84000015258789,5356900,0.0,0.0
2025-06-26 00:00:00-04:00,13.930000305175781,13.9399995803833,13.850000381469727,13.880000114440918,3688800,0.0,0.0
2025-06-27 00:00:00-04:00,14.149999618530273,14.149999618530273,14.010000228881836,14.050000190734863,3906500,0.0,0.0
2025-06-30 00:00:00-04:00,14.020000457763672,14.170000076293945,14.020000457763672,14.149999618530273,3453500,0.0,0.0
2025-07-01 00:00:00-04:00,13.850000381469727,13.949999809265137,13.770000457763672,13.890000343322754,5569400,0.0,0.0
2025-07-02 00:00:00-04:00,13.109999656677246,13.149999618530273,12.90999984741211,13.010000228881836,11521800,0.0,0.0
2025-07-03 00:00:00-04:00,13.359999656677246,13.460000038146973,13.3100004196167,13.4399995803833,5279000,0.0,0.0
