Date,Open,High,Low,Close,Volume,Dividends,Stock Splits
2020-07-06 00:00:00+01:00,0.051500000059604645,0.05299999937415123,0.05299999937415123,0.051500000059604645,1000,0.0,0.0
2020-07-07 00:00:00+01:00,0.051500000059604645,0.051500000059604645,0.051500000059604645,0.051500000059604645,0,0.0,0.0
2020-07-08 00:00:00+01:00,0.051500000059604645,0.051500000059604645,0.051500000059604645,0.051500000059604645,0,0.0,0.0
2020-07-09 00:00:00+01:00,0.051500000059604645,0.051500000059604645,0.051500000059604645,0.051500000059604645,0,0.0,0.0
2020-07-10 00:00:00+01:00,0.051500000059604645,0.04500000178813934,0.04349999874830246,0.04749999940395355,105067,0.0,0.0
2020-07-13 00:00:00+01:00,0.04600000008940697,0.04600000008940697,0.04600000008940697,0.04600000008940697,0,0.0,0.0
2020-07-14 00:00:00+01:00,0.04600000008940697,0.04600000008940697,0.04600000008940697,0.04600000008940697,0,0.0,0.0
2020-07-15 00:00:00+01:00,0.04600000008940697,0.04600000008940697,0.04600000008940697,0.04600000008940697,0,0.0,0.0
2020-07-16 00:00:00+01:00,0.04600000008940697,0.04600000008940697,0.04600000008940697,0.04600000008940697,0,0.0,0.0
2020-07-17 00:00:00+01:00,0.04600000008940697,0.04800000041723251,0.04800000041723251,0.04600000008940697,20730,0.0,0.0
2020-07-20 00:00:00+01:00,0.04600000008940697,0.04800000041723251,0.04800000041723251,0.04600000008940697,27530,0.0,0.0
2020-07-21 00:00:00+01:00,0.04600000008940697,0.04600000008940697,0.04600000008940697,0.04600000008940697,0,0.0,0.0
2020-07-22 00:00:00+01:00,0.04600000008940697,0.04600000008940697,0.04600000008940697,0.04600000008940697,0,0.0,0.0
2020-07-23 00:00:00+01:00,0.04600000008940697,0.04600000008940697,0.04600000008940697,0.04600000008940697,0,0.0,0.0
2020-07-24 00:00:00+01:00,0.04600000008940697,0.03999999910593033,0.03999999910593033,0.04500000178813934,15000,0.0,0.0
2020-07-27 00:00:00+01:00,0.04500000178813934,0.04470000043511391,0.04470000043511391,0.04500000178813934,1110,0.0,0.0
2020-07-28 00:00:00+01:00,0.04500000178813934,0.04500000178813934,0.04500000178813934,0.04500000178813934,0,0.0,0.0
2020-07-29 00:00:00+01:00,0.04500000178813934,0.04500000178813934,0.04500000178813934,0.04500000178813934,0,0.0,0.0
2020-07-30 00:00:00+01:00,0.04500000178813934,0.03999999910593033,0.03999999910593033,0.04500000178813934,70,0.0,0.0
2020-07-31 00:00:00+01:00,0.04500000178813934,0.04500000178813934,0.04500000178813934,0.04500000178813934,0,0.0,0.0
2020-08-03 00:00:00+01:00,0.04500000178813934,0.04500000178813934,0.04500000178813934,0.04500000178813934,0,0.0,0.0
2020-08-04 00:00:00+01:00,0.04500000178813934,0.04500000178813934,0.04500000178813934,0.04500000178813934,0,0.0,0.0
2020-08-05 00:00:00+01:00,0.04500000178813934,0.04500000178813934,0.04500000178813934,0.04500000178813934,0,0.0,0.0
2020-08-06 00:00:00+01:00,0.04500000178813934,0.04500000178813934,0.04500000178813934,0.04500000178813934,0,0.0,0.0
2020-08-07 00:00:00+01:00,0.04500000178813934,0.04500000178813934,0.04500000178813934,0.04500000178813934,0,0.0,0.0
2020-08-10 00:00:00+01:00,0.04500000178813934,0.04500000178813934,0.04500000178813934,0.04500000178813934,0,0.0,0.0
2020-08-11 00:00:00+01:00,0.04500000178813934,0.03999999910593033,0.03999999910593033,0.04500000178813934,9263,0.0,0.0
2020-08-12 00:00:00+01:00,0.04500000178813934,0.04500000178813934,0.04500000178813934,0.04500000178813934,0,0.0,0.0
2020-08-13 00:00:00+01:00,0.04500000178813934,0.04500000178813934,0.04500000178813934,0.04500000178813934,0,0.0,0.0
2020-08-14 00:00:00+01:00,0.04500000178813934,0.04500000178813934,0.04500000178813934,0.04500000178813934,0,0.0,0.0
2020-08-17 00:00:00+01:00,0.04500000178813934,0.04500000178813934,0.04500000178813934,0.04500000178813934,0,0.0,0.0
2020-08-18 00:00:00+01:00,0.04500000178813934,0.04500000178813934,0.04500000178813934,0.04500000178813934,0,0.0,0.0
2020-08-19 00:00:00+01:00,0.04500000178813934,0.04500000178813934,0.04500000178813934,0.04500000178813934,0,0.0,0.0
2020-08-20 00:00:00+01:00,0.04500000178813934,0.04470000043511391,0.04470000043511391,0.04500000178813934,40000,0.0,0.0
2020-08-21 00:00:00+01:00,0.04500000178813934,0.04500000178813934,0.04500000178813934,0.04500000178813934,0,0.0,0.0
2020-08-24 00:00:00+01:00,0.04500000178813934,0.04500000178813934,0.04500000178813934,0.04500000178813934,0,0.0,0.0
2020-08-25 00:00:00+01:00,0.04500000178813934,0.04500000178813934,0.04500000178813934,0.04500000178813934,0,0.0,0.0
2020-08-26 00:00:00+01:00,0.04500000178813934,0.04500000178813934,0.04500000178813934,0.04500000178813934,0,0.0,0.0
2020-08-27 00:00:00+01:00,0.04500000178813934,0.05006999894976616,0.045499999076128006,0.05000000074505806,281993,0.0,0.0
2020-08-28 00:00:00+01:00,0.05000000074505806,0.05999999865889549,0.05249999836087227,0.057500001043081284,55000,0.0,0.0
2020-09-01 00:00:00+01:00,0.057500001043081284,0.07925000041723251,0.06499999761581421,0.07000000029802322,56272,0.0,0.0
2020-09-02 00:00:00+01:00,0.07000000029802322,0.07479999959468842,0.06615000218153,0.07000000029802322,13404,0.0,0.0
2020-09-03 00:00:00+01:00,0.07000000029802322,0.07479999959468842,0.06615000218153,0.07000000029802322,35000,0.0,0.0
2020-09-04 00:00:00+01:00,0.07000000029802322,0.07000000029802322,0.07000000029802322,0.07000000029802322,0,0.0,0.0
2020-09-07 00:00:00+01:00,0.07000000029802322,0.07000000029802322,0.07000000029802322,0.07000000029802322,0,0.0,0.0
2020-09-08 00:00:00+01:00,0.07000000029802322,0.07500000298023224,0.07500000298023224,0.07000000029802322,4500,0.0,0.0
2020-09-09 00:00:00+01:00,0.07000000029802322,0.07000000029802322,0.07000000029802322,0.07000000029802322,0,0.0,0.0
2020-09-10 00:00:00+01:00,0.07000000029802322,0.07000000029802322,0.07000000029802322,0.07000000029802322,0,0.0,0.0
2020-09-11 00:00:00+01:00,0.07000000029802322,0.07249999791383743,0.07249999791383743,0.07000000029802322,1276,0.0,0.0
2020-09-14 00:00:00+01:00,0.07000000029802322,0.06499999761581421,0.06499999761581421,0.07000000029802322,495,0.0,0.0
2020-09-15 00:00:00+01:00,0.07000000029802322,0.060100000351667404,0.060100000351667404,0.06750000268220901,6580,0.0,0.0
2020-09-16 00:00:00+01:00,0.06750000268220901,0.06750000268220901,0.060100000351667404,0.06499999761581421,18711,0.0,0.0
2020-09-17 00:00:00+01:00,0.06499999761581421,0.06750000268220901,0.06750000268220901,0.06499999761581421,1481,0.0,0.0
2020-09-18 00:00:00+01:00,0.06499999761581421,0.06750000268220901,0.06499999761581421,0.06499999761581421,80000,0.0,0.0
2020-09-21 00:00:00+01:00,0.06499999761581421,0.05999999865889549,0.05999999865889549,0.06499999761581421,500,0.0,0.0
2020-09-22 00:00:00+01:00,0.06499999761581421,0.06499999761581421,0.06499999761581421,0.06499999761581421,0,0.0,0.0
2020-09-23 00:00:00+01:00,0.057500001043081284,0.057500001043081284,0.057500001043081284,0.057500001043081284,0,0.0,0.0
2020-09-24 00:00:00+01:00,0.057500001043081284,0.057500001043081284,0.057500001043081284,0.057500001043081284,0,0.0,0.0
2020-09-25 00:00:00+01:00,0.057500001043081284,0.057500001043081284,0.057500001043081284,0.057500001043081284,0,0.0,0.0
2020-09-28 00:00:00+01:00,0.057500001043081284,0.057500001043081284,0.057500001043081284,0.057500001043081284,0,0.0,0.0
2020-09-29 00:00:00+01:00,0.057500001043081284,0.054999999701976776,0.054999999701976776,0.054999999701976776,55325,0.0,0.0
2020-09-30 00:00:00+01:00,0.054999999701976776,0.054999999701976776,0.054999999701976776,0.054999999701976776,0,0.0,0.0
2020-10-01 00:00:00+01:00,0.054999999701976776,0.054999999701976776,0.054999999701976776,0.054999999701976776,0,0.0,0.0
2020-10-02 00:00:00+01:00,0.054999999701976776,0.054999999701976776,0.054999999701976776,0.054999999701976776,0,0.0,0.0
2020-10-05 00:00:00+01:00,0.054999999701976776,0.054999999701976776,0.054999999701976776,0.054999999701976776,0,0.0,0.0
2020-10-06 00:00:00+01:00,0.054999999701976776,0.054999999701976776,0.054999999701976776,0.054999999701976776,0,0.0,0.0
2020-10-07 00:00:00+01:00,0.054999999701976776,0.054999999701976776,0.054999999701976776,0.054999999701976776,0,0.0,0.0
2020-10-08 00:00:00+01:00,0.054999999701976776,0.054999999701976776,0.054999999701976776,0.054999999701976776,0,0.0,0.0
2020-10-09 00:00:00+01:00,0.054999999701976776,0.054999999701976776,0.054999999701976776,0.054999999701976776,0,0.0,0.0
2020-10-12 00:00:00+01:00,0.054999999701976776,0.05700000002980232,0.05660000070929527,0.054999999701976776,20000,0.0,0.0
2020-10-13 00:00:00+01:00,0.054999999701976776,0.05700000002980232,0.05700000002980232,0.054999999701976776,20000,0.0,0.0
2020-10-14 00:00:00+01:00,0.054999999701976776,0.054999999701976776,0.054999999701976776,0.054999999701976776,0,0.0,0.0
2020-10-15 00:00:00+01:00,0.054999999701976776,0.05999999865889549,0.05999999865889549,0.054999999701976776,20000,0.0,0.0
2020-10-16 00:00:00+01:00,0.054999999701976776,0.054999999701976776,0.054999999701976776,0.054999999701976776,0,0.0,0.0
2020-10-19 00:00:00+01:00,0.054999999701976776,0.05999999865889549,0.05999999865889549,0.054999999701976776,20000,0.0,0.0
2020-10-20 00:00:00+01:00,0.054999999701976776,0.05999999865889549,0.05050000175833702,0.054999999701976776,21017,0.0,0.0
2020-10-21 00:00:00+01:00,0.054999999701976776,0.054999999701976776,0.054999999701976776,0.054999999701976776,0,0.0,0.0
2020-10-22 00:00:00+01:00,0.054999999701976776,0.054999999701976776,0.054999999701976776,0.054999999701976776,0,0.0,0.0
2020-10-23 00:00:00+01:00,0.054999999701976776,0.057500001043081284,0.057500001043081284,0.054999999701976776,55000,0.0,0.0
2020-10-26 00:00:00+00:00,0.054999999701976776,0.054999999701976776,0.054999999701976776,0.054999999701976776,0,0.0,0.0
2020-10-27 00:00:00+00:00,0.054999999701976776,0.05999999865889549,0.05999999865889549,0.054999999701976776,30000,0.0,0.0
2020-10-28 00:00:00+00:00,0.054999999701976776,0.05979999899864197,0.05979999899864197,0.054999999701976776,10000,0.0,0.0
2020-10-29 00:00:00+00:00,0.054999999701976776,0.054999999701976776,0.054999999701976776,0.054999999701976776,0,0.0,0.0
2020-10-30 00:00:00+00:00,0.054999999701976776,0.05950000137090683,0.057500001043081284,0.054999999701976776,157544,0.0,0.0
2020-11-02 00:00:00+00:00,0.054999999701976776,0.054999999701976776,0.054999999701976776,0.054999999701976776,0,0.0,0.0
2020-11-03 00:00:00+00:00,0.054999999701976776,0.05950000137090683,0.05950000137090683,0.054999999701976776,33500,0.0,0.0
2020-11-04 00:00:00+00:00,0.054999999701976776,0.05950000137090683,0.05950000137090683,0.054999999701976776,30000,0.0,0.0
2020-11-05 00:00:00+00:00,0.054999999701976776,0.05950000137090683,0.05950000137090683,0.054999999701976776,30000,0.0,0.0
2020-11-06 00:00:00+00:00,0.054999999701976776,0.057500001043081284,0.057500001043081284,0.054999999701976776,91000,0.0,0.0
2020-11-09 00:00:00+00:00,0.054999999701976776,0.05299999937415123,0.05299999937415123,0.054999999701976776,15000,0.0,0.0
2020-11-10 00:00:00+00:00,0.054999999701976776,0.05950000137090683,0.05950000137090683,0.054999999701976776,44818,0.0,0.0
2020-11-11 00:00:00+00:00,0.054999999701976776,0.05950000137090683,0.05355000123381615,0.054999999701976776,49700,0.0,0.0
2020-11-12 00:00:00+00:00,0.054999999701976776,0.05950000137090683,0.057500001043081284,0.054999999701976776,120000,0.0,0.0
2020-11-13 00:00:00+00:00,0.054999999701976776,0.05950000137090683,0.05950000137090683,0.054999999701976776,40746,0.0,0.0
2020-11-16 00:00:00+00:00,0.054999999701976776,0.0853400006890297,0.05900000035762787,0.07750000059604645,625657,0.0,0.0
2020-11-17 00:00:00+00:00,0.07750000059604645,0.07400000095367432,0.06499999761581421,0.06949999928474426,59000,0.0,0.0
2020-11-18 00:00:00+00:00,0.07249999791383743,0.06499999761581421,0.05999999865889549,0.06499999761581421,93399,0.0,0.0
2020-11-19 00:00:00+00:00,0.0625,0.06499999761581421,0.061500001698732376,0.061500001698732376,1942,0.0,0.0
2020-11-20 00:00:00+00:00,0.0625,0.05999999865889549,0.057999998331069946,0.05999999865889549,5050,0.0,0.0
2020-11-23 00:00:00+00:00,0.0625,0.05999999865889549,0.05999999865889549,0.0625,20000,0.0,0.0
2020-11-24 00:00:00+00:00,0.0625,0.05999999865889549,0.05999999865889549,0.05999999865889549,25,0.0,0.0
2020-11-25 00:00:00+00:00,0.0625,0.06340000033378601,0.06340000033378601,0.0625,39236,0.0,0.0
2020-11-26 00:00:00+00:00,0.06499999761581421,0.06830000132322311,0.05900000035762787,0.06499999761581421,1487,0.0,0.0
2020-11-27 00:00:00+00:00,0.06499999761581421,0.06499999761581421,0.06499999761581421,0.06499999761581421,0,0.0,0.0
2020-11-30 00:00:00+00:00,0.06499999761581421,0.06300000101327896,0.06300000101327896,0.06499999761581421,525,0.0,0.0
2020-12-01 00:00:00+00:00,0.06499999761581421,0.06599999964237213,0.05999999865889549,0.061500001698732376,51827,0.0,0.0
2020-12-02 00:00:00+00:00,0.06499999761581421,0.06499999761581421,0.05999999865889549,0.06499999761581421,7530,0.0,0.0
2020-12-03 00:00:00+00:00,0.06499999761581421,0.061500001698732376,0.061500001698732376,0.06499999761581421,1,0.0,0.0
2020-12-04 00:00:00+00:00,0.06499999761581421,0.061500001698732376,0.061500001698732376,0.06499999761581421,10,0.0,0.0
2020-12-07 00:00:00+00:00,0.06499999761581421,0.065700002014637,0.06300000101327896,0.06499999761581421,90016,0.0,0.0
2020-12-08 00:00:00+00:00,0.06499999761581421,0.06499999761581421,0.06499999761581421,0.06499999761581421,0,0.0,0.0
2020-12-09 00:00:00+00:00,0.06499999761581421,0.065700002014637,0.05550000071525574,0.06499999761581421,157587,0.0,0.0
2020-12-10 00:00:00+00:00,0.06499999761581421,0.06499999761581421,0.06499999761581421,0.06499999761581421,0,0.0,0.0
2020-12-11 00:00:00+00:00,0.06499999761581421,0.06825000047683716,0.05999999865889549,0.05999999865889549,57729,0.0,0.0
2020-12-14 00:00:00+00:00,0.06499999761581421,0.06543999910354614,0.06019999831914902,0.06499999761581421,68422,0.0,0.0
2020-12-15 00:00:00+00:00,0.06750000268220901,0.08320000022649765,0.06499999761581421,0.07999999821186066,169314,0.0,0.0
2020-12-16 00:00:00+00:00,0.07999999821186066,0.08399999886751175,0.07500000298023224,0.07999999821186066,10100,0.0,0.0
2020-12-17 00:00:00+00:00,0.07999999821186066,0.08500000089406967,0.07500000298023224,0.07999999821186066,36277,0.0,0.0
2020-12-18 00:00:00+00:00,0.07999999821186066,0.07500000298023224,0.06499999761581421,0.07000000029802322,65446,0.0,0.0
2020-12-21 00:00:00+00:00,0.07000000029802322,0.07000000029802322,0.07000000029802322,0.07000000029802322,0,0.0,0.0
2020-12-22 00:00:00+00:00,0.07000000029802322,0.07249999791383743,0.07249999791383743,0.07249999791383743,44569,0.0,0.0
2020-12-23 00:00:00+00:00,0.07249999791383743,0.0729999989271164,0.06509999930858612,0.07249999791383743,13588,0.0,0.0
2020-12-24 00:00:00+00:00,0.07249999791383743,0.07625000178813934,0.07620000094175339,0.07249999791383743,52006,0.0,0.0
2020-12-29 00:00:00+00:00,0.07249999791383743,0.07249999791383743,0.07249999791383743,0.07249999791383743,0,0.0,0.0
2020-12-30 00:00:00+00:00,0.07249999791383743,0.07400000095367432,0.07400000095367432,0.07249999791383743,1662,0.0,0.0
2020-12-31 00:00:00+00:00,0.07249999791383743,0.0764399990439415,0.0764399990439415,0.07249999791383743,618,0.0,0.0
2021-01-04 00:00:00+00:00,0.07500000298023224,0.07010000199079514,0.07010000199079514,0.07500000298023224,2345,0.0,0.0
2021-01-05 00:00:00+00:00,0.07500000298023224,0.07824999839067459,0.07824999839067459,0.07500000298023224,25559,0.0,0.0
2021-01-06 00:00:00+00:00,0.07500000298023224,0.07500000298023224,0.07500000298023224,0.07500000298023224,0,0.0,0.0
2021-01-07 00:00:00+00:00,0.07500000298023224,0.07900000363588333,0.07055000215768814,0.07500000298023224,186,0.0,0.0
2021-01-08 00:00:00+00:00,0.07500000298023224,0.07055000215768814,0.07055000215768814,0.07500000298023224,1213,0.0,0.0
2021-01-11 00:00:00+00:00,0.07500000298023224,0.07500000298023224,0.07500000298023224,0.07500000298023224,0,0.0,0.0
2021-01-12 00:00:00+00:00,0.07500000298023224,0.07055000215768814,0.07055000215768814,0.07500000298023224,39846,0.0,0.0
2021-01-13 00:00:00+00:00,0.07500000298023224,0.07500000298023224,0.07500000298023224,0.07500000298023224,0,0.0,0.0
2021-01-14 00:00:00+00:00,0.07500000298023224,0.07793000340461731,0.07793000340461731,0.07500000298023224,127,0.0,0.0
2021-01-15 00:00:00+00:00,0.07500000298023224,0.07793000340461731,0.07793000340461731,0.07500000298023224,1200,0.0,0.0
2021-01-18 00:00:00+00:00,0.07500000298023224,0.07793000340461731,0.07175999879837036,0.07500000298023224,61345,0.0,0.0
2021-01-19 00:00:00+00:00,0.07500000298023224,0.07249999791383743,0.07000000029802322,0.07500000298023224,10517,0.0,0.0
2021-01-20 00:00:00+00:00,0.07500000298023224,0.07500000298023224,0.07500000298023224,0.07500000298023224,0,0.0,0.0
2021-01-21 00:00:00+00:00,0.07500000298023224,0.07500000298023224,0.07500000298023224,0.07500000298023224,0,0.0,0.0
2021-01-22 00:00:00+00:00,0.07500000298023224,0.0721300020813942,0.0721300020813942,0.07500000298023224,51000,0.0,0.0
2021-01-25 00:00:00+00:00,0.07249999791383743,0.0729999989271164,0.0729999989271164,0.07249999791383743,100,0.0,0.0
2021-01-26 00:00:00+00:00,0.07249999791383743,0.07249999791383743,0.07249999791383743,0.07249999791383743,0,0.0,0.0
2021-01-27 00:00:00+00:00,0.07249999791383743,0.07249999791383743,0.07249999791383743,0.07249999791383743,0,0.0,0.0
2021-01-28 00:00:00+00:00,0.07249999791383743,0.07249999791383743,0.07249999791383743,0.07249999791383743,0,0.0,0.0
2021-01-29 00:00:00+00:00,0.07249999791383743,0.07500000298023224,0.06499999761581421,0.07249999791383743,5151,0.0,0.0
2021-02-01 00:00:00+00:00,0.07249999791383743,0.07249999791383743,0.07249999791383743,0.07249999791383743,0,0.0,0.0
2021-02-02 00:00:00+00:00,0.07249999791383743,0.07199999690055847,0.06499999761581421,0.06750000268220901,10437,0.0,0.0
2021-02-03 00:00:00+00:00,0.06750000268220901,0.06750000268220901,0.06750000268220901,0.06750000268220901,0,0.0,0.0
2021-02-04 00:00:00+00:00,0.06750000268220901,0.0689999982714653,0.0689999982714653,0.06750000268220901,2070,0.0,0.0
2021-02-05 00:00:00+00:00,0.06750000268220901,0.06499999761581421,0.06499999761581421,0.06750000268220901,7784,0.0,0.0
2021-02-08 00:00:00+00:00,0.06750000268220901,0.06883999705314636,0.06883999705314636,0.06750000268220901,80868,0.0,0.0
2021-02-09 00:00:00+00:00,0.06750000268220901,0.06750000268220901,0.06750000268220901,0.06750000268220901,0,0.0,0.0
2021-02-10 00:00:00+00:00,0.07000000029802322,0.06565000116825104,0.06499999761581421,0.07000000029802322,21623,0.0,0.0
2021-02-11 00:00:00+00:00,0.07000000029802322,0.07000000029802322,0.07000000029802322,0.07000000029802322,0,0.0,0.0
2021-02-12 00:00:00+00:00,0.07000000029802322,0.07440000027418137,0.07440000027418137,0.07000000029802322,960,0.0,0.0
2021-02-15 00:00:00+00:00,0.07000000029802322,0.07440000027418137,0.06509999930858612,0.07000000029802322,47307,0.0,0.0
2021-02-16 00:00:00+00:00,0.07000000029802322,0.07500000298023224,0.06509999930858612,0.07000000029802322,86383,0.0,0.0
2021-02-17 00:00:00+00:00,0.07000000029802322,0.06549999862909317,0.06549999862909317,0.07000000029802322,82666,0.0,0.0
2021-02-18 00:00:00+00:00,0.07000000029802322,0.07000000029802322,0.07000000029802322,0.07000000029802322,0,0.0,0.0
2021-02-19 00:00:00+00:00,0.07000000029802322,0.07000000029802322,0.07000000029802322,0.07000000029802322,0,0.0,0.0
2021-02-22 00:00:00+00:00,0.07000000029802322,0.0737999975681305,0.0737999975681305,0.07000000029802322,2961,0.0,0.0
2021-02-23 00:00:00+00:00,0.07000000029802322,0.07000000029802322,0.07000000029802322,0.07000000029802322,419,0.0,0.0
2021-02-24 00:00:00+00:00,0.07000000029802322,0.0737999975681305,0.0737999975681305,0.07000000029802322,19744,0.0,0.0
2021-02-25 00:00:00+00:00,0.07000000029802322,0.07000000029802322,0.07000000029802322,0.07000000029802322,560,0.0,0.0
2021-02-26 00:00:00+00:00,0.07000000029802322,0.07000000029802322,0.07000000029802322,0.07000000029802322,0,0.0,0.0
2021-03-01 00:00:00+00:00,0.07249999791383743,0.0737999975681305,0.07000000029802322,0.07000000029802322,1349,0.0,0.0
2021-03-02 00:00:00+00:00,0.07000000029802322,0.07000000029802322,0.07000000029802322,0.07000000029802322,180,0.0,0.0
2021-03-03 00:00:00+00:00,0.07000000029802322,0.07000000029802322,0.07000000029802322,0.07000000029802322,0,0.0,0.0
2021-03-04 00:00:00+00:00,0.07000000029802322,0.0737999975681305,0.07000000029802322,0.07000000029802322,17905,0.0,0.0
2021-03-05 00:00:00+00:00,0.07000000029802322,0.06949999928474426,0.06949999928474426,0.06750000268220901,6156,0.0,0.0
2021-03-08 00:00:00+00:00,0.06750000268220901,0.06949999928474426,0.06949999928474426,0.07000000029802322,32729,0.0,0.0
2021-03-09 00:00:00+00:00,0.07000000029802322,0.07400000095367432,0.06674999743700027,0.07000000029802322,42196,0.0,0.0
2021-03-10 00:00:00+00:00,0.07000000029802322,0.06674999743700027,0.06674999743700027,0.07000000029802322,3926,0.0,0.0
2021-03-11 00:00:00+00:00,0.07000000029802322,0.06674999743700027,0.06674999743700027,0.07000000029802322,9850,0.0,0.0
2021-03-12 00:00:00+00:00,0.07000000029802322,0.06674999743700027,0.06674999743700027,0.07000000029802322,5750,0.0,0.0
2021-03-15 00:00:00+00:00,0.07000000029802322,0.07000000029802322,0.07000000029802322,0.07000000029802322,0,0.0,0.0
2021-03-16 00:00:00+00:00,0.07000000029802322,0.07500000298023224,0.06674999743700027,0.07000000029802322,5840,0.0,0.0
2021-03-17 00:00:00+00:00,0.07000000029802322,0.07000000029802322,0.07000000029802322,0.07000000029802322,7451,0.0,0.0
2021-03-18 00:00:00+00:00,0.07000000029802322,0.07450000196695328,0.07450000196695328,0.07000000029802322,1522,0.0,0.0
2021-03-19 00:00:00+00:00,0.07000000029802322,0.07000000029802322,0.07000000029802322,0.07000000029802322,0,0.0,0.0
2021-03-22 00:00:00+00:00,0.07000000029802322,0.07450000196695328,0.06674999743700027,0.07000000029802322,1911,0.0,0.0
2021-03-23 00:00:00+00:00,0.07000000029802322,0.07249999791383743,0.07249999791383743,0.07000000029802322,6000,0.0,0.0
2021-03-24 00:00:00+00:00,0.07000000029802322,0.07199999690055847,0.06599999964237213,0.07000000029802322,31282,0.0,0.0
2021-03-25 00:00:00+00:00,0.07000000029802322,0.07143999636173248,0.07143999636173248,0.07000000029802322,28816,0.0,0.0
2021-03-26 00:00:00+00:00,0.07000000029802322,0.07000000029802322,0.07000000029802322,0.07000000029802322,0,0.0,0.0
2021-03-29 00:00:00+01:00,0.07000000029802322,0.07000000029802322,0.07000000029802322,0.07000000029802322,0,0.0,0.0
2021-03-30 00:00:00+01:00,0.07000000029802322,0.07349999994039536,0.07349999994039536,0.07000000029802322,224,0.0,0.0
2021-03-31 00:00:00+01:00,0.06750000268220901,0.06750000268220901,0.06750000268220901,0.06750000268220901,0,0.0,0.0
2021-04-01 00:00:00+01:00,0.06750000268220901,0.0689999982714653,0.0689999982714653,0.06750000268220901,346,0.0,0.0
2021-04-06 00:00:00+01:00,0.06750000268220901,0.06975000351667404,0.0689999982714653,0.06750000268220901,5694,0.0,0.0
2021-04-07 00:00:00+01:00,0.06750000268220901,0.07400000095367432,0.07400000095367432,0.07000000029802322,67500,0.0,0.0
2021-04-08 00:00:00+01:00,0.07000000029802322,0.07479999959468842,0.06750000268220901,0.07000000029802322,39184,0.0,0.0
2021-04-09 00:00:00+01:00,0.07000000029802322,0.0729999989271164,0.0729999989271164,0.07000000029802322,2000,0.0,0.0
2021-04-12 00:00:00+01:00,0.07000000029802322,0.07000000029802322,0.07000000029802322,0.07000000029802322,0,0.0,0.0
2021-04-13 00:00:00+01:00,0.07000000029802322,0.07274000346660614,0.07274000346660614,0.07000000029802322,4282,0.0,0.0
2021-04-14 00:00:00+01:00,0.07000000029802322,0.07000000029802322,0.07000000029802322,0.07000000029802322,0,0.0,0.0
2021-04-15 00:00:00+01:00,0.07000000029802322,0.07000000029802322,0.07000000029802322,0.07000000029802322,0,0.0,0.0
2021-04-16 00:00:00+01:00,0.07000000029802322,0.06599999964237213,0.06599999964237213,0.07000000029802322,27673,0.0,0.0
2021-04-19 00:00:00+01:00,0.07000000029802322,0.07274000346660614,0.07274000346660614,0.07000000029802322,5000,0.0,0.0
2021-04-20 00:00:00+01:00,0.07000000029802322,0.07274000346660614,0.07274000346660614,0.07000000029802322,13378,0.0,0.0
2021-04-21 00:00:00+01:00,0.07000000029802322,0.07000000029802322,0.07000000029802322,0.07000000029802322,0,0.0,0.0
2021-04-22 00:00:00+01:00,0.07000000029802322,0.0729999989271164,0.0729999989271164,0.07000000029802322,15000,0.0,0.0
2021-04-23 00:00:00+01:00,0.07000000029802322,0.07000000029802322,0.07000000029802322,0.07000000029802322,0,0.0,0.0
2021-04-26 00:00:00+01:00,0.07000000029802322,0.07289999723434448,0.07289999723434448,0.07000000029802322,1371,0.0,0.0
2021-04-27 00:00:00+01:00,0.07000000029802322,0.07349999994039536,0.07349999994039536,0.07000000029802322,1120,0.0,0.0
2021-04-28 00:00:00+01:00,0.07000000029802322,0.06650000065565109,0.06624999642372131,0.07000000029802322,60000,0.0,0.0
2021-04-29 00:00:00+01:00,0.07000000029802322,0.06650000065565109,0.06499999761581421,0.07000000029802322,46678,0.0,0.0
2021-04-30 00:00:00+01:00,0.07000000029802322,0.06499999761581421,0.06499999761581421,0.06750000268220901,44437,0.0,0.0
2021-05-04 00:00:00+01:00,0.06750000268220901,0.06750000268220901,0.06750000268220901,0.06750000268220901,0,0.0,0.0
2021-05-05 00:00:00+01:00,0.06750000268220901,0.06750000268220901,0.06750000268220901,0.06750000268220901,0,0.0,0.0
2021-05-06 00:00:00+01:00,0.06750000268220901,0.06750000268220901,0.06750000268220901,0.06750000268220901,0,0.0,0.0
2021-05-07 00:00:00+01:00,0.06750000268220901,0.06723000109195709,0.06499999761581421,0.06750000268220901,15940,0.0,0.0
2021-05-10 00:00:00+01:00,0.06750000268220901,0.06750000268220901,0.06750000268220901,0.06750000268220901,0,0.0,0.0
2021-05-11 00:00:00+01:00,0.06750000268220901,0.05999999865889549,0.05999999865889549,0.06499999761581421,10000,0.0,0.0
2021-05-12 00:00:00+01:00,0.06499999761581421,0.06571999937295914,0.06571999937295914,0.06499999761581421,11900,0.0,0.0
2021-05-13 00:00:00+01:00,0.06499999761581421,0.06499999761581421,0.06499999761581421,0.06499999761581421,0,0.0,0.0
2021-05-14 00:00:00+01:00,0.06499999761581421,0.06499999761581421,0.06499999761581421,0.06499999761581421,0,0.0,0.0
2021-05-17 00:00:00+01:00,0.06499999761581421,0.05660000070929527,0.05660000070929527,0.0625,122389,0.0,0.0
2021-05-18 00:00:00+01:00,0.0625,0.0637499988079071,0.0637499988079071,0.0625,1465,0.0,0.0
2021-05-19 00:00:00+01:00,0.0625,0.0625,0.0625,0.0625,0,0.0,0.0
2021-05-20 00:00:00+01:00,0.0625,0.0625,0.0625,0.0625,0,0.0,0.0
2021-05-21 00:00:00+01:00,0.0625,0.05999999865889549,0.05999999865889549,0.0625,5000,0.0,0.0
2021-05-24 00:00:00+01:00,0.0625,0.06300000101327896,0.06300000101327896,0.0625,2250,0.0,0.0
2021-05-25 00:00:00+01:00,0.0625,0.0625,0.0625,0.0625,0,0.0,0.0
2021-05-26 00:00:00+01:00,0.0625,0.0625,0.0625,0.0625,0,0.0,0.0
2021-05-27 00:00:00+01:00,0.0625,0.05999999865889549,0.054999999701976776,0.05999999865889549,28501,0.0,0.0
2021-05-28 00:00:00+01:00,0.05999999865889549,0.05999999865889549,0.05999999865889549,0.05999999865889549,13230,0.0,0.0
2021-06-01 00:00:00+01:00,0.05999999865889549,0.05550000071525574,0.05550000071525574,0.05999999865889549,10000,0.0,0.0
2021-06-02 00:00:00+01:00,0.05999999865889549,0.06499999761581421,0.06499999761581421,0.05999999865889549,79,0.0,0.0
2021-06-03 00:00:00+01:00,0.05999999865889549,0.06300000101327896,0.06300000101327896,0.05999999865889549,1876,0.0,0.0
2021-06-04 00:00:00+01:00,0.05999999865889549,0.05999999865889549,0.05096999928355217,0.057500001043081284,25773,0.0,0.0
2021-06-07 00:00:00+01:00,0.057500001043081284,0.05999999865889549,0.05999999865889549,0.057500001043081284,3375,0.0,0.0
2021-06-08 00:00:00+01:00,0.057500001043081284,0.057500001043081284,0.057500001043081284,0.057500001043081284,0,0.0,0.0
2021-06-09 00:00:00+01:00,0.057500001043081284,0.057500001043081284,0.057500001043081284,0.057500001043081284,0,0.0,0.0
2021-06-10 00:00:00+01:00,0.057500001043081284,0.054999999701976776,0.054999999701976776,0.057500001043081284,1074,0.0,0.0
2021-06-11 00:00:00+01:00,0.057500001043081284,0.057500001043081284,0.057500001043081284,0.057500001043081284,0,0.0,0.0
2021-06-14 00:00:00+01:00,0.057500001043081284,0.057500001043081284,0.057500001043081284,0.057500001043081284,0,0.0,0.0
2021-06-15 00:00:00+01:00,0.057500001043081284,0.058329999446868896,0.058329999446868896,0.057500001043081284,1750,0.0,0.0
2021-06-16 00:00:00+01:00,0.057500001043081284,0.057500001043081284,0.057500001043081284,0.057500001043081284,0,0.0,0.0
2021-06-17 00:00:00+01:00,0.057500001043081284,0.057500001043081284,0.057500001043081284,0.057500001043081284,0,0.0,0.0
2021-06-18 00:00:00+01:00,0.057500001043081284,0.058329999446868896,0.058329999446868896,0.057500001043081284,1714,0.0,0.0
2021-06-21 00:00:00+01:00,0.057500001043081284,0.057500001043081284,0.057500001043081284,0.057500001043081284,0,0.0,0.0
2021-06-22 00:00:00+01:00,0.057500001043081284,0.057500001043081284,0.057500001043081284,0.057500001043081284,0,0.0,0.0
2021-06-23 00:00:00+01:00,0.057500001043081284,0.057500001043081284,0.057500001043081284,0.057500001043081284,0,0.0,0.0
2021-06-24 00:00:00+01:00,0.057500001043081284,0.05999999865889549,0.05999999865889549,0.057500001043081284,150,0.0,0.0
2021-06-25 00:00:00+01:00,0.057500001043081284,0.05999999865889549,0.05999999865889549,0.057500001043081284,200,0.0,0.0
2021-06-28 00:00:00+01:00,0.057500001043081284,0.06624999642372131,0.05849999934434891,0.0625,211264,0.0,0.0
2021-06-29 00:00:00+01:00,0.0625,0.05668000131845474,0.05226999893784523,0.0625,100418,0.0,0.0
2021-06-30 00:00:00+01:00,0.05624999850988388,0.05624999850988388,0.05624999850988388,0.05624999850988388,0,0.0,0.0
2021-07-01 00:00:00+01:00,0.05624999850988388,0.057500001043081284,0.054999999701976776,0.05624999850988388,259,0.0,0.0
2021-07-02 00:00:00+01:00,0.05624999850988388,0.057500001043081284,0.057500001043081284,0.05624999850988388,555,0.0,0.0
2021-07-05 00:00:00+01:00,0.05624999850988388,0.05624999850988388,0.05624999850988388,0.05624999850988388,0,0.0,0.0
2021-07-06 00:00:00+01:00,0.05624999850988388,0.05624999850988388,0.05624999850988388,0.05624999850988388,0,0.0,0.0
2021-07-07 00:00:00+01:00,0.05624999850988388,0.05641999840736389,0.05641999840736389,0.05624999850988388,520,0.0,0.0
2021-07-08 00:00:00+01:00,0.05624999850988388,0.05641999840736389,0.05641999840736389,0.05624999850988388,7880,0.0,0.0
2021-07-09 00:00:00+01:00,0.05624999850988388,0.054999999701976776,0.054999999701976776,0.05624999850988388,2384,0.0,0.0
2021-07-12 00:00:00+01:00,0.05624999850988388,0.057500001043081284,0.057500001043081284,0.05624999850988388,400,0.0,0.0
2021-07-13 00:00:00+01:00,0.05624999850988388,0.054999999701976776,0.054999999701976776,0.05624999850988388,1750,0.0,0.0
2021-07-14 00:00:00+01:00,0.05624999850988388,0.05624999850988388,0.05624999850988388,0.05624999850988388,0,0.0,0.0
2021-07-15 00:00:00+01:00,0.05624999850988388,0.05624999850988388,0.05624999850988388,0.05624999850988388,0,0.0,0.0
2021-07-16 00:00:00+01:00,0.05624999850988388,0.05624999850988388,0.05624999850988388,0.05624999850988388,0,0.0,0.0
2021-07-19 00:00:00+01:00,0.05624999850988388,0.05624999850988388,0.05624999850988388,0.05624999850988388,0,0.0,0.0
2021-07-20 00:00:00+01:00,0.05624999850988388,0.05624999850988388,0.05624999850988388,0.05624999850988388,0,0.0,0.0
2021-07-21 00:00:00+01:00,0.05624999850988388,0.05624999850988388,0.05624999850988388,0.05624999850988388,0,0.0,0.0
2021-07-22 00:00:00+01:00,0.05624999850988388,0.05624999850988388,0.05624999850988388,0.05624999850988388,0,0.0,0.0
2021-07-23 00:00:00+01:00,0.05624999850988388,0.054999999701976776,0.054999999701976776,0.05624999850988388,40,0.0,0.0
2021-07-26 00:00:00+01:00,0.05624999850988388,0.057500001043081284,0.054999999701976776,0.05624999850988388,5800,0.0,0.0
2021-07-27 00:00:00+01:00,0.05624999850988388,0.05624999850988388,0.05624999850988388,0.05624999850988388,0,0.0,0.0
2021-07-28 00:00:00+01:00,0.05624999850988388,0.055799998342990875,0.054999999701976776,0.05624999850988388,15528,0.0,0.0
2021-07-29 00:00:00+01:00,0.05624999850988388,0.05624999850988388,0.05624999850988388,0.05624999850988388,0,0.0,0.0
2021-07-30 00:00:00+01:00,0.05050000175833702,0.052799999713897705,0.04809999838471413,0.05050000175833702,23618,0.0,0.0
2021-08-02 00:00:00+01:00,0.05050000175833702,0.052799999713897705,0.052799999713897705,0.05050000175833702,18845,0.0,0.0
2021-08-03 00:00:00+01:00,0.05050000175833702,0.05050000175833702,0.05050000175833702,0.05050000175833702,0,0.0,0.0
2021-08-04 00:00:00+01:00,0.05050000175833702,0.05050000175833702,0.05050000175833702,0.05050000175833702,0,0.0,0.0
2021-08-05 00:00:00+01:00,0.05050000175833702,0.05050000175833702,0.05050000175833702,0.05050000175833702,0,0.0,0.0
2021-08-06 00:00:00+01:00,0.05050000175833702,0.050999999046325684,0.050999999046325684,0.05050000175833702,9677,0.0,0.0
2021-08-09 00:00:00+01:00,0.05050000175833702,0.04800000041723251,0.04800000041723251,0.05050000175833702,455,0.0,0.0
2021-08-10 00:00:00+01:00,0.05050000175833702,0.057750001549720764,0.04899999871850014,0.05299999937415123,334841,0.0,0.0
2021-08-11 00:00:00+01:00,0.05299999937415123,0.05550000071525574,0.04969999939203262,0.05299999937415123,22569,0.0,0.0
2021-08-12 00:00:00+01:00,0.05299999937415123,0.04969999939203262,0.04969999939203262,0.05299999937415123,60443,0.0,0.0
2021-08-13 00:00:00+01:00,0.05299999937415123,0.05299999937415123,0.05299999937415123,0.05299999937415123,0,0.0,0.0
2021-08-16 00:00:00+01:00,0.05299999937415123,0.05299999937415123,0.05299999937415123,0.05299999937415123,0,0.0,0.0
2021-08-17 00:00:00+01:00,0.05299999937415123,0.05299999937415123,0.05299999937415123,0.05299999937415123,0,0.0,0.0
2021-08-18 00:00:00+01:00,0.05299999937415123,0.05299999937415123,0.05299999937415123,0.05299999937415123,0,0.0,0.0
2021-08-19 00:00:00+01:00,0.05299999937415123,0.05400000140070915,0.05400000140070915,0.05299999937415123,2000,0.0,0.0
2021-08-20 00:00:00+01:00,0.05299999937415123,0.05299999937415123,0.05299999937415123,0.05299999937415123,0,0.0,0.0
2021-08-23 00:00:00+01:00,0.05299999937415123,0.05299999937415123,0.05299999937415123,0.05299999937415123,0,0.0,0.0
2021-08-24 00:00:00+01:00,0.05299999937415123,0.05299999937415123,0.05299999937415123,0.05299999937415123,0,0.0,0.0
2021-08-25 00:00:00+01:00,0.05299999937415123,0.05889999866485596,0.05889999866485596,0.05299999937415123,75000,0.0,0.0
2021-08-26 00:00:00+01:00,0.05299999937415123,0.05550000071525574,0.04924999922513962,0.05299999937415123,10636,0.0,0.0
2021-08-27 00:00:00+01:00,0.05299999937415123,0.05624999850988388,0.05624999850988388,0.05400000140070915,26323,0.0,0.0
2021-08-31 00:00:00+01:00,0.05400000140070915,0.05130000039935112,0.05130000039935112,0.05400000140070915,7505,0.0,0.0
2021-09-01 00:00:00+01:00,0.05400000140070915,0.05400000140070915,0.05400000140070915,0.05400000140070915,0,0.0,0.0
2021-09-02 00:00:00+01:00,0.05400000140070915,0.05400000140070915,0.05400000140070915,0.05400000140070915,0,0.0,0.0
2021-09-03 00:00:00+01:00,0.05400000140070915,0.05400000140070915,0.05400000140070915,0.05400000140070915,0,0.0,0.0
2021-09-06 00:00:00+01:00,0.05400000140070915,0.05400000140070915,0.05400000140070915,0.05400000140070915,0,0.0,0.0
2021-09-07 00:00:00+01:00,0.05400000140070915,0.05779999867081642,0.05779999867081642,0.05400000140070915,5010,0.0,0.0
2021-09-08 00:00:00+01:00,0.05400000140070915,0.05400000140070915,0.05400000140070915,0.05400000140070915,0,0.0,0.0
2021-09-09 00:00:00+01:00,0.05400000140070915,0.05400000140070915,0.05400000140070915,0.05400000140070915,0,0.0,0.0
2021-09-10 00:00:00+01:00,0.05400000140070915,0.05779999867081642,0.05779999867081642,0.05400000140070915,1200,0.0,0.0
2021-09-13 00:00:00+01:00,0.05400000140070915,0.05400000140070915,0.05400000140070915,0.05400000140070915,0,0.0,0.0
2021-09-14 00:00:00+01:00,0.05400000140070915,0.057999998331069946,0.057999998331069946,0.05400000140070915,2248,0.0,0.0
2021-09-15 00:00:00+01:00,0.05400000140070915,0.05400000140070915,0.05400000140070915,0.05400000140070915,0,0.0,0.0
2021-09-16 00:00:00+01:00,0.05400000140070915,0.057999998331069946,0.057999998331069946,0.05400000140070915,16846,0.0,0.0
2021-09-17 00:00:00+01:00,0.05400000140070915,0.05400000140070915,0.05400000140070915,0.05400000140070915,0,0.0,0.0
2021-09-20 00:00:00+01:00,0.05400000140070915,0.05400000140070915,0.05400000140070915,0.05400000140070915,0,0.0,0.0
2021-09-21 00:00:00+01:00,0.05400000140070915,0.05400000140070915,0.05400000140070915,0.05400000140070915,0,0.0,0.0
2021-09-22 00:00:00+01:00,0.05400000140070915,0.05400000140070915,0.05400000140070915,0.05400000140070915,0,0.0,0.0
2021-09-23 00:00:00+01:00,0.05400000140070915,0.05400000140070915,0.05400000140070915,0.05400000140070915,0,0.0,0.0
2021-09-24 00:00:00+01:00,0.05400000140070915,0.05220000073313713,0.05220000073313713,0.05400000140070915,3262,0.0,0.0
2021-09-27 00:00:00+01:00,0.05400000140070915,0.05400000140070915,0.05400000140070915,0.05400000140070915,0,0.0,0.0
2021-09-28 00:00:00+01:00,0.05400000140070915,0.05270000174641609,0.05270000174641609,0.05400000140070915,3595,0.0,0.0
2021-09-29 00:00:00+01:00,0.05400000140070915,0.0579800009727478,0.0579800009727478,0.05400000140070915,1364,0.0,0.0
2021-09-30 00:00:00+01:00,0.05400000140070915,0.05400000140070915,0.05400000140070915,0.05400000140070915,0,0.0,0.0
2021-10-01 00:00:00+01:00,0.05400000140070915,0.05299999937415123,0.04324999824166298,0.045499999076128006,26022,0.0,0.0
2021-10-04 00:00:00+01:00,0.045499999076128006,0.04324999824166298,0.04324999824166298,0.045499999076128006,4686,0.0,0.0
2021-10-05 00:00:00+01:00,0.045499999076128006,0.045499999076128006,0.045499999076128006,0.045499999076128006,0,0.0,0.0
2021-10-06 00:00:00+01:00,0.045499999076128006,0.045499999076128006,0.045499999076128006,0.045499999076128006,0,0.0,0.0
2021-10-07 00:00:00+01:00,0.045499999076128006,0.04324999824166298,0.03999999910593033,0.03999999910593033,135099,0.0,0.0
2021-10-08 00:00:00+01:00,0.03999999910593033,0.042500000447034836,0.042500000447034836,0.03999999910593033,2295,0.0,0.0
2021-10-11 00:00:00+01:00,0.03999999910593033,0.03669999912381172,0.03525000065565109,0.03750000149011612,91577,0.0,0.0
2021-10-12 00:00:00+01:00,0.03750000149011612,0.03750000149011612,0.03750000149011612,0.03750000149011612,0,0.0,0.0
2021-10-13 00:00:00+01:00,0.03750000149011612,0.03999999910593033,0.03669999912381172,0.03750000149011612,33559,0.0,0.0
2021-10-14 00:00:00+01:00,0.03999999910593033,0.03700000047683716,0.03700000047683716,0.03999999910593033,12500,0.0,0.0
2021-10-15 00:00:00+01:00,0.03999999910593033,0.04100000113248825,0.03500000014901161,0.03999999910593033,23981,0.0,0.0
2021-10-18 00:00:00+01:00,0.03999999910593033,0.040699999779462814,0.04019999876618385,0.03999999910593033,12100,0.0,0.0
2021-10-19 00:00:00+01:00,0.03999999910593033,0.042500000447034836,0.042500000447034836,0.03999999910593033,11426,0.0,0.0
2021-10-20 00:00:00+01:00,0.03999999910593033,0.03999999910593033,0.03999999910593033,0.03999999910593033,0,0.0,0.0
2021-10-21 00:00:00+01:00,0.03999999910593033,0.03999999910593033,0.03999999910593033,0.03999999910593033,0,0.0,0.0
2021-10-22 00:00:00+01:00,0.03999999910593033,0.042249999940395355,0.042249999940395355,0.03999999910593033,1008,0.0,0.0
2021-10-25 00:00:00+01:00,0.03999999910593033,0.03999999910593033,0.03999999910593033,0.03999999910593033,0,0.0,0.0
2021-10-26 00:00:00+01:00,0.03999999910593033,0.03999999910593033,0.03999999910593033,0.03999999910593033,0,0.0,0.0
2021-10-27 00:00:00+01:00,0.03999999910593033,0.03999999910593033,0.03999999910593033,0.03999999910593033,0,0.0,0.0
2021-10-28 00:00:00+01:00,0.03999999910593033,0.03999999910593033,0.03999999910593033,0.03999999910593033,0,0.0,0.0
2021-10-29 00:00:00+01:00,0.03999999910593033,0.03999999910593033,0.03999999910593033,0.03999999910593033,0,0.0,0.0
2021-11-01 00:00:00+00:00,0.03999999910593033,0.03550000116229057,0.03550000116229057,0.03999999910593033,2500,0.0,0.0
2021-11-02 00:00:00+00:00,0.03999999910593033,0.03999999910593033,0.029999999329447746,0.03999999910593033,45161,0.0,0.0
2021-11-03 00:00:00+00:00,0.03500000014901161,0.03999999910593033,0.03162999823689461,0.03500000014901161,1897,0.0,0.0
2021-11-04 00:00:00+00:00,0.03500000014901161,0.03880000114440918,0.03880000114440918,0.03500000014901161,51546,0.0,0.0
2021-11-05 00:00:00+00:00,0.03500000014901161,0.03254999965429306,0.03254999965429306,0.03500000014901161,15000,0.0,0.0
2021-11-08 00:00:00+00:00,0.03500000014901161,0.03500000014901161,0.03500000014901161,0.03500000014901161,0,0.0,0.0
2021-11-09 00:00:00+00:00,0.03500000014901161,0.03500000014901161,0.03500000014901161,0.03500000014901161,0,0.0,0.0
2021-11-10 00:00:00+00:00,0.03500000014901161,0.03500000014901161,0.03500000014901161,0.03500000014901161,0,0.0,0.0
2021-11-11 00:00:00+00:00,0.03500000014901161,0.03500000014901161,0.03500000014901161,0.03500000014901161,0,0.0,0.0
2021-11-12 00:00:00+00:00,0.03500000014901161,0.03500000014901161,0.03500000014901161,0.03500000014901161,0,0.0,0.0
2021-11-15 00:00:00+00:00,0.03500000014901161,0.03500000014901161,0.03500000014901161,0.03500000014901161,0,0.0,0.0
2021-11-16 00:00:00+00:00,0.03500000014901161,0.03500000014901161,0.03500000014901161,0.03500000014901161,0,0.0,0.0
2021-11-17 00:00:00+00:00,0.03500000014901161,0.03500000014901161,0.03500000014901161,0.03500000014901161,0,0.0,0.0
2021-11-18 00:00:00+00:00,0.03500000014901161,0.03500000014901161,0.03500000014901161,0.03500000014901161,0,0.0,0.0
2021-11-19 00:00:00+00:00,0.03500000014901161,0.03500000014901161,0.03500000014901161,0.03500000014901161,0,0.0,0.0
2021-11-22 00:00:00+00:00,0.03500000014901161,0.03500000014901161,0.03500000014901161,0.03500000014901161,0,0.0,0.0
2021-11-23 00:00:00+00:00,0.03500000014901161,0.029999999329447746,0.029999999329447746,0.03500000014901161,15000,0.0,0.0
2021-11-24 00:00:00+00:00,0.03500000014901161,0.03500000014901161,0.03500000014901161,0.03500000014901161,0,0.0,0.0
2021-11-25 00:00:00+00:00,0.03500000014901161,0.03500000014901161,0.03500000014901161,0.03500000014901161,0,0.0,0.0
2021-11-26 00:00:00+00:00,0.03500000014901161,0.03254999965429306,0.03254999965429306,0.03500000014901161,61812,0.0,0.0
2021-11-29 00:00:00+00:00,0.03500000014901161,0.03500000014901161,0.03500000014901161,0.03500000014901161,0,0.0,0.0
2021-11-30 00:00:00+00:00,0.03500000014901161,0.03500000014901161,0.03500000014901161,0.03500000014901161,0,0.0,0.0
2021-12-01 00:00:00+00:00,0.03500000014901161,0.03500000014901161,0.03500000014901161,0.03500000014901161,0,0.0,0.0
2021-12-02 00:00:00+00:00,0.03500000014901161,0.042500000447034836,0.038679998368024826,0.03999999910593033,43078,0.0,0.0
2021-12-03 00:00:00+00:00,0.03999999910593033,0.03999999910593033,0.03999999910593033,0.03999999910593033,0,0.0,0.0
2021-12-06 00:00:00+00:00,0.03999999910593033,0.03655000030994415,0.03655000030994415,0.03999999910593033,17222,0.0,0.0
2021-12-07 00:00:00+00:00,0.03999999910593033,0.03999999910593033,0.03999999910593033,0.03999999910593033,0,0.0,0.0
2021-12-08 00:00:00+00:00,0.03999999910593033,0.03655000030994415,0.03655000030994415,0.03999999910593033,14147,0.0,0.0
2021-12-09 00:00:00+00:00,0.03999999910593033,0.03999999910593033,0.03999999910593033,0.03999999910593033,0,0.0,0.0
2021-12-10 00:00:00+00:00,0.03999999910593033,0.03999999910593033,0.03999999910593033,0.03999999910593033,0,0.0,0.0
2021-12-13 00:00:00+00:00,0.03999999910593033,0.03999999910593033,0.03999999910593033,0.03999999910593033,0,0.0,0.0
2021-12-14 00:00:00+00:00,0.03999999910593033,0.03999999910593033,0.03999999910593033,0.03999999910593033,0,0.0,0.0
2021-12-15 00:00:00+00:00,0.03999999910593033,0.03999999910593033,0.03999999910593033,0.03999999910593033,0,0.0,0.0
2021-12-16 00:00:00+00:00,0.03999999910593033,0.03999999910593033,0.03999999910593033,0.03999999910593033,0,0.0,0.0
2021-12-17 00:00:00+00:00,0.03999999910593033,0.03999999910593033,0.03999999910593033,0.03999999910593033,0,0.0,0.0
2021-12-20 00:00:00+00:00,0.03999999910593033,0.03999999910593033,0.03999999910593033,0.03999999910593033,0,0.0,0.0
2021-12-21 00:00:00+00:00,0.03999999910593033,0.03999999910593033,0.03999999910593033,0.03999999910593033,0,0.0,0.0
2021-12-22 00:00:00+00:00,0.03999999910593033,0.03999999910593033,0.03999999910593033,0.03999999910593033,0,0.0,0.0
2021-12-23 00:00:00+00:00,0.03999999910593033,0.03999999910593033,0.03999999910593033,0.03999999910593033,0,0.0,0.0
2021-12-24 00:00:00+00:00,0.03999999910593033,0.03999999910593033,0.03999999910593033,0.03999999910593033,0,0.0,0.0
2021-12-29 00:00:00+00:00,0.03999999910593033,0.03999999910593033,0.03999999910593033,0.03999999910593033,0,0.0,0.0
2021-12-30 00:00:00+00:00,0.03999999910593033,0.041749998927116394,0.041749998927116394,0.03999999910593033,1860,0.0,0.0
2021-12-31 00:00:00+00:00,0.03999999910593033,0.03999999910593033,0.03999999910593033,0.03999999910593033,0,0.0,0.0
2022-01-04 00:00:00+00:00,0.03999999910593033,0.03999999910593033,0.03999999910593033,0.03999999910593033,0,0.0,0.0
2022-01-05 00:00:00+00:00,0.03999999910593033,0.03999999910593033,0.03999999910593033,0.03999999910593033,0,0.0,0.0
2022-01-06 00:00:00+00:00,0.03999999910593033,0.041749998927116394,0.041749998927116394,0.03999999910593033,4790,0.0,0.0
2022-01-07 00:00:00+00:00,0.03999999910593033,0.041749998927116394,0.041749998927116394,0.03999999910593033,5000,0.0,0.0
2022-01-10 00:00:00+00:00,0.03999999910593033,0.042500000447034836,0.042500000447034836,0.03999999910593033,7177,0.0,0.0
2022-01-11 00:00:00+00:00,0.03999999910593033,0.03999999910593033,0.03999999910593033,0.03999999910593033,0,0.0,0.0
2022-01-12 00:00:00+00:00,0.03999999910593033,0.03674999997019768,0.03674999997019768,0.03999999910593033,5000,0.0,0.0
2022-01-13 00:00:00+00:00,0.03999999910593033,0.03999999910593033,0.03999999910593033,0.03999999910593033,0,0.0,0.0
2022-01-14 00:00:00+00:00,0.03999999910593033,0.04374999925494194,0.04238000139594078,0.042500000447034836,16316,0.0,0.0
2022-01-17 00:00:00+00:00,0.042500000447034836,0.04374999925494194,0.04374999925494194,0.042500000447034836,16372,0.0,0.0
2022-01-18 00:00:00+00:00,0.042500000447034836,0.042500000447034836,0.042500000447034836,0.042500000447034836,0,0.0,0.0
2022-01-19 00:00:00+00:00,0.042500000447034836,0.04050000011920929,0.04050000011920929,0.042500000447034836,2500,0.0,0.0
2022-01-20 00:00:00+00:00,0.042500000447034836,0.042500000447034836,0.042500000447034836,0.042500000447034836,0,0.0,0.0
2022-01-21 00:00:00+00:00,0.042500000447034836,0.042500000447034836,0.042500000447034836,0.042500000447034836,0,0.0,0.0
2022-01-24 00:00:00+00:00,0.042500000447034836,0.042500000447034836,0.042500000447034836,0.042500000447034836,0,0.0,0.0
2022-01-25 00:00:00+00:00,0.042500000447034836,0.042500000447034836,0.042500000447034836,0.042500000447034836,0,0.0,0.0
2022-01-26 00:00:00+00:00,0.042500000447034836,0.042500000447034836,0.042500000447034836,0.042500000447034836,0,0.0,0.0
2022-01-27 00:00:00+00:00,0.042500000447034836,0.042500000447034836,0.042500000447034836,0.042500000447034836,0,0.0,0.0
2022-01-28 00:00:00+00:00,0.042500000447034836,0.042500000447034836,0.042500000447034836,0.042500000447034836,0,0.0,0.0
2022-01-31 00:00:00+00:00,0.042500000447034836,0.042500000447034836,0.042500000447034836,0.042500000447034836,0,0.0,0.0
2022-02-01 00:00:00+00:00,0.042500000447034836,0.042500000447034836,0.042500000447034836,0.042500000447034836,0,0.0,0.0
2022-02-02 00:00:00+00:00,0.042500000447034836,0.03999999910593033,0.03999999910593033,0.042500000447034836,25299,0.0,0.0
2022-02-03 00:00:00+00:00,0.042500000447034836,0.042500000447034836,0.042500000447034836,0.042500000447034836,0,0.0,0.0
2022-02-04 00:00:00+00:00,0.042500000447034836,0.042500000447034836,0.042500000447034836,0.042500000447034836,0,0.0,0.0
2022-02-07 00:00:00+00:00,0.042500000447034836,0.042500000447034836,0.042500000447034836,0.042500000447034836,0,0.0,0.0
2022-02-08 00:00:00+00:00,0.042500000447034836,0.0437299981713295,0.03660000115633011,0.03849999979138374,77400,0.0,0.0
2022-02-09 00:00:00+00:00,0.03849999979138374,0.03849999979138374,0.03849999979138374,0.03849999979138374,0,0.0,0.0
2022-02-10 00:00:00+00:00,0.03849999979138374,0.03849999979138374,0.03849999979138374,0.03849999979138374,0,0.0,0.0
2022-02-11 00:00:00+00:00,0.03750000149011612,0.039000000804662704,0.039000000804662704,0.03750000149011612,20,0.0,0.0
2022-02-14 00:00:00+00:00,0.03750000149011612,0.03750000149011612,0.03750000149011612,0.03750000149011612,0,0.0,0.0
2022-02-15 00:00:00+00:00,0.03750000149011612,0.03750000149011612,0.03750000149011612,0.03750000149011612,0,0.0,0.0
2022-02-16 00:00:00+00:00,0.03750000149011612,0.03880000114440918,0.03880000114440918,0.03750000149011612,10000,0.0,0.0
2022-02-17 00:00:00+00:00,0.03750000149011612,0.03750000149011612,0.03750000149011612,0.03750000149011612,0,0.0,0.0
2022-02-18 00:00:00+00:00,0.03750000149011612,0.03880000114440918,0.03500000014901161,0.03750000149011612,23706,0.0,0.0
2022-02-21 00:00:00+00:00,0.03750000149011612,0.03750000149011612,0.03750000149011612,0.03750000149011612,0,0.0,0.0
2022-02-22 00:00:00+00:00,0.03750000149011612,0.03750000149011612,0.03750000149011612,0.03750000149011612,0,0.0,0.0
2022-02-23 00:00:00+00:00,0.03750000149011612,0.03874000161886215,0.03858000040054321,0.03750000149011612,112000,0.0,0.0
2022-02-24 00:00:00+00:00,0.03750000149011612,0.03750000149011612,0.03750000149011612,0.03750000149011612,0,0.0,0.0
2022-02-25 00:00:00+00:00,0.03750000149011612,0.03550000116229057,0.03550000116229057,0.03750000149011612,42029,0.0,0.0
2022-02-28 00:00:00+00:00,0.03750000149011612,0.03750000149011612,0.03750000149011612,0.03750000149011612,0,0.0,0.0
2022-03-01 00:00:00+00:00,0.03750000149011612,0.03750000149011612,0.03750000149011612,0.03750000149011612,0,0.0,0.0
2022-03-02 00:00:00+00:00,0.03750000149011612,0.04500000178813934,0.03525000065565109,0.04100000113248825,290353,0.0,0.0
2022-03-03 00:00:00+00:00,0.04100000113248825,0.04100000113248825,0.04100000113248825,0.04100000113248825,0,0.0,0.0
2022-03-04 00:00:00+00:00,0.04100000113248825,0.03914999961853027,0.03914999961853027,0.03999999910593033,27002,0.0,0.0
2022-03-07 00:00:00+00:00,0.03999999910593033,0.03999999910593033,0.03999999910593033,0.03999999910593033,0,0.0,0.0
2022-03-08 00:00:00+00:00,0.03999999910593033,0.04280000180006027,0.04280000180006027,0.03999999910593033,10000,0.0,0.0
2022-03-09 00:00:00+00:00,0.03999999910593033,0.03999999910593033,0.03999999910593033,0.03999999910593033,0,0.0,0.0
2022-03-10 00:00:00+00:00,0.03999999910593033,0.03999999910593033,0.03999999910593033,0.03999999910593033,0,0.0,0.0
2022-03-11 00:00:00+00:00,0.03999999910593033,0.03999999910593033,0.03999999910593033,0.03999999910593033,0,0.0,0.0
2022-03-14 00:00:00+00:00,0.03999999910593033,0.03999999910593033,0.03999999910593033,0.03999999910593033,0,0.0,0.0
2022-03-15 00:00:00+00:00,0.03999999910593033,0.03999999910593033,0.03999999910593033,0.03999999910593033,0,0.0,0.0
2022-03-16 00:00:00+00:00,0.03999999910593033,0.03956000134348869,0.03956000134348869,0.039500001817941666,23412,0.0,0.0
2022-03-17 00:00:00+00:00,0.039500001817941666,0.039500001817941666,0.039500001817941666,0.039500001817941666,0,0.0,0.0
2022-03-18 00:00:00+00:00,0.039500001817941666,0.039500001817941666,0.039500001817941666,0.039500001817941666,0,0.0,0.0
2022-03-21 00:00:00+00:00,0.039500001817941666,0.039500001817941666,0.039500001817941666,0.039500001817941666,0,0.0,0.0
2022-03-22 00:00:00+00:00,0.039500001817941666,0.039500001817941666,0.039500001817941666,0.039500001817941666,0,0.0,0.0
2022-03-23 00:00:00+00:00,0.039500001817941666,0.039500001817941666,0.039500001817941666,0.039500001817941666,0,0.0,0.0
2022-03-24 00:00:00+00:00,0.039500001817941666,0.0385500006377697,0.0385500006377697,0.039500001817941666,16781,0.0,0.0
2022-03-25 00:00:00+00:00,0.039500001817941666,0.0385500006377697,0.0377499982714653,0.03849999979138374,7026,0.0,0.0
2022-03-28 00:00:00+01:00,0.03849999979138374,0.03968000039458275,0.03968000039458275,0.03849999979138374,514,0.0,0.0
2022-03-29 00:00:00+01:00,0.03849999979138374,0.03849999979138374,0.03849999979138374,0.03849999979138374,0,0.0,0.0
2022-03-30 00:00:00+01:00,0.03849999979138374,0.03968000039458275,0.03725000098347664,0.03849999979138374,7750,0.0,0.0
2022-03-31 00:00:00+01:00,0.03849999979138374,0.03849999979138374,0.03849999979138374,0.03849999979138374,0,0.0,0.0
2022-04-01 00:00:00+01:00,0.03849999979138374,0.03725000098347664,0.03725000098347664,0.03849999979138374,6000,0.0,0.0
2022-04-04 00:00:00+01:00,0.03849999979138374,0.03968000039458275,0.03968000039458275,0.03849999979138374,400,0.0,0.0
2022-04-05 00:00:00+01:00,0.03849999979138374,0.03849999979138374,0.03849999979138374,0.03849999979138374,0,0.0,0.0
2022-04-06 00:00:00+01:00,0.03849999979138374,0.03849999979138374,0.03849999979138374,0.03849999979138374,0,0.0,0.0
2022-04-07 00:00:00+01:00,0.03849999979138374,0.04275999963283539,0.03968000039458275,0.03999999910593033,17520,0.0,0.0
2022-04-08 00:00:00+01:00,0.03999999910593033,0.03999999910593033,0.03999999910593033,0.03999999910593033,0,0.0,0.0
2022-04-11 00:00:00+01:00,0.03999999910593033,0.03999999910593033,0.03999999910593033,0.03999999910593033,0,0.0,0.0
2022-04-12 00:00:00+01:00,0.03999999910593033,0.03999999910593033,0.03999999910593033,0.03999999910593033,0,0.0,0.0
2022-04-13 00:00:00+01:00,0.03999999910593033,0.03999999910593033,0.03999999910593033,0.03999999910593033,0,0.0,0.0
2022-04-14 00:00:00+01:00,0.03999999910593033,0.03725000098347664,0.03700000047683716,0.039000000804662704,13522,0.0,0.0
2022-04-19 00:00:00+01:00,0.039000000804662704,0.0430000014603138,0.0430000014603138,0.039000000804662704,14764,0.0,0.0
2022-04-20 00:00:00+01:00,0.039000000804662704,0.0430000014603138,0.0430000014603138,0.039000000804662704,22886,0.0,0.0
2022-04-21 00:00:00+01:00,0.039000000804662704,0.039000000804662704,0.039000000804662704,0.039000000804662704,0,0.0,0.0
2022-04-22 00:00:00+01:00,0.039000000804662704,0.039000000804662704,0.039000000804662704,0.039000000804662704,0,0.0,0.0
2022-04-25 00:00:00+01:00,0.039000000804662704,0.0430000014603138,0.0430000014603138,0.039000000804662704,1018,0.0,0.0
2022-04-26 00:00:00+01:00,0.039000000804662704,0.039000000804662704,0.039000000804662704,0.039000000804662704,0,0.0,0.0
2022-04-27 00:00:00+01:00,0.039000000804662704,0.039000000804662704,0.039000000804662704,0.039000000804662704,0,0.0,0.0
2022-04-28 00:00:00+01:00,0.039000000804662704,0.0430000014603138,0.0430000014603138,0.039000000804662704,1109,0.0,0.0
2022-04-29 00:00:00+01:00,0.039000000804662704,0.039000000804662704,0.039000000804662704,0.039000000804662704,0,0.0,0.0
2022-05-03 00:00:00+01:00,0.039000000804662704,0.03725000098347664,0.03725000098347664,0.039000000804662704,50000,0.0,0.0
2022-05-04 00:00:00+01:00,0.039000000804662704,0.039000000804662704,0.039000000804662704,0.039000000804662704,0,0.0,0.0
2022-05-05 00:00:00+01:00,0.039000000804662704,0.039000000804662704,0.039000000804662704,0.039000000804662704,0,0.0,0.0
2022-05-06 00:00:00+01:00,0.039000000804662704,0.039000000804662704,0.039000000804662704,0.039000000804662704,0,0.0,0.0
2022-05-09 00:00:00+01:00,0.039000000804662704,0.039000000804662704,0.039000000804662704,0.039000000804662704,0,0.0,0.0
2022-05-10 00:00:00+01:00,0.039000000804662704,0.039000000804662704,0.039000000804662704,0.039000000804662704,0,0.0,0.0
2022-05-11 00:00:00+01:00,0.039000000804662704,0.039000000804662704,0.039000000804662704,0.039000000804662704,0,0.0,0.0
2022-05-12 00:00:00+01:00,0.039000000804662704,0.039000000804662704,0.039000000804662704,0.039000000804662704,0,0.0,0.0
2022-05-13 00:00:00+01:00,0.039000000804662704,0.039000000804662704,0.039000000804662704,0.039000000804662704,0,0.0,0.0
2022-05-16 00:00:00+01:00,0.039000000804662704,0.039000000804662704,0.039000000804662704,0.039000000804662704,0,0.0,0.0
2022-05-17 00:00:00+01:00,0.039000000804662704,0.039000000804662704,0.039000000804662704,0.039000000804662704,0,0.0,0.0
2022-05-18 00:00:00+01:00,0.039000000804662704,0.039000000804662704,0.039000000804662704,0.039000000804662704,0,0.0,0.0
2022-05-19 00:00:00+01:00,0.039000000804662704,0.039000000804662704,0.039000000804662704,0.039000000804662704,0,0.0,0.0
2022-05-20 00:00:00+01:00,0.039000000804662704,0.0355600006878376,0.03539999946951866,0.039000000804662704,33050,0.0,0.0
2022-05-23 00:00:00+01:00,0.039000000804662704,0.039000000804662704,0.039000000804662704,0.039000000804662704,0,0.0,0.0
2022-05-24 00:00:00+01:00,0.039000000804662704,0.039000000804662704,0.039000000804662704,0.039000000804662704,0,0.0,0.0
2022-05-25 00:00:00+01:00,0.039000000804662704,0.039000000804662704,0.039000000804662704,0.039000000804662704,0,0.0,0.0
2022-05-26 00:00:00+01:00,0.039000000804662704,0.03539999946951866,0.03539999946951866,0.039000000804662704,2270,0.0,0.0
2022-05-27 00:00:00+01:00,0.039000000804662704,0.039000000804662704,0.039000000804662704,0.039000000804662704,0,0.0,0.0
2022-05-30 00:00:00+01:00,0.039000000804662704,0.039000000804662704,0.039000000804662704,0.039000000804662704,0,0.0,0.0
2022-05-31 00:00:00+01:00,0.039000000804662704,0.03539999946951866,0.03539999946951866,0.039000000804662704,185,0.0,0.0
2022-06-01 00:00:00+01:00,0.039000000804662704,0.039000000804662704,0.039000000804662704,0.039000000804662704,0,0.0,0.0
2022-06-06 00:00:00+01:00,0.039000000804662704,0.03539999946951866,0.03539999946951866,0.039000000804662704,14629,0.0,0.0
2022-06-07 00:00:00+01:00,0.039000000804662704,0.039000000804662704,0.039000000804662704,0.039000000804662704,0,0.0,0.0
2022-06-08 00:00:00+01:00,0.039000000804662704,0.039000000804662704,0.039000000804662704,0.039000000804662704,0,0.0,0.0
2022-06-09 00:00:00+01:00,0.039000000804662704,0.03550000116229057,0.03550000116229057,0.039000000804662704,31200,0.0,0.0
2022-06-10 00:00:00+01:00,0.039000000804662704,0.039000000804662704,0.039000000804662704,0.039000000804662704,0,0.0,0.0
2022-06-13 00:00:00+01:00,0.039000000804662704,0.03539999946951866,0.03539999946951866,0.039000000804662704,2398,0.0,0.0
2022-06-14 00:00:00+01:00,0.039000000804662704,0.03999999910593033,0.032999999821186066,0.0364999994635582,63179,0.0,0.0
2022-06-15 00:00:00+01:00,0.0364999994635582,0.0364999994635582,0.0364999994635582,0.0364999994635582,0,0.0,0.0
2022-06-16 00:00:00+01:00,0.0364999994635582,0.0364999994635582,0.0364999994635582,0.0364999994635582,0,0.0,0.0
2022-06-17 00:00:00+01:00,0.0364999994635582,0.0364999994635582,0.0364999994635582,0.0364999994635582,0,0.0,0.0
2022-06-20 00:00:00+01:00,0.0364999994635582,0.0364999994635582,0.0364999994635582,0.0364999994635582,0,0.0,0.0
2022-06-21 00:00:00+01:00,0.0364999994635582,0.03700000047683716,0.032999999821186066,0.03350000083446503,24671,0.0,0.0
2022-06-22 00:00:00+01:00,0.03350000083446503,0.03350000083446503,0.03350000083446503,0.03350000083446503,0,0.0,0.0
2022-06-23 00:00:00+01:00,0.03350000083446503,0.03350000083446503,0.03350000083446503,0.03350000083446503,0,0.0,0.0
2022-06-24 00:00:00+01:00,0.03350000083446503,0.03350000083446503,0.03350000083446503,0.03350000083446503,0,0.0,0.0
2022-06-27 00:00:00+01:00,0.03350000083446503,0.03400000184774399,0.02734999917447567,0.030500000342726707,58246,0.0,0.0
2022-06-28 00:00:00+01:00,0.030500000342726707,0.030500000342726707,0.030500000342726707,0.030500000342726707,0,0.0,0.0
2022-06-29 00:00:00+01:00,0.030500000342726707,0.030500000342726707,0.030500000342726707,0.030500000342726707,0,0.0,0.0
2022-06-30 00:00:00+01:00,0.030500000342726707,0.030500000342726707,0.030500000342726707,0.030500000342726707,0,0.0,0.0
2022-07-01 00:00:00+01:00,0.030500000342726707,0.030500000342726707,0.030500000342726707,0.030500000342726707,0,0.0,0.0
2022-07-04 00:00:00+01:00,0.030500000342726707,0.030500000342726707,0.030500000342726707,0.030500000342726707,0,0.0,0.0
2022-07-05 00:00:00+01:00,0.030500000342726707,0.030500000342726707,0.030500000342726707,0.030500000342726707,0,0.0,0.0
2022-07-06 00:00:00+01:00,0.030500000342726707,0.030500000342726707,0.030500000342726707,0.030500000342726707,0,0.0,0.0
2022-07-07 00:00:00+01:00,0.030500000342726707,0.030500000342726707,0.030500000342726707,0.030500000342726707,0,0.0,0.0
2022-07-08 00:00:00+01:00,0.030500000342726707,0.031199999153614044,0.031199999153614044,0.030500000342726707,100,0.0,0.0
2022-07-11 00:00:00+01:00,0.030500000342726707,0.030500000342726707,0.030500000342726707,0.030500000342726707,0,0.0,0.0
2022-07-12 00:00:00+01:00,0.030500000342726707,0.030500000342726707,0.030500000342726707,0.030500000342726707,0,0.0,0.0
2022-07-13 00:00:00+01:00,0.030500000342726707,0.030500000342726707,0.030500000342726707,0.030500000342726707,0,0.0,0.0
2022-07-14 00:00:00+01:00,0.030500000342726707,0.030500000342726707,0.030500000342726707,0.030500000342726707,0,0.0,0.0
2022-07-15 00:00:00+01:00,0.030500000342726707,0.03400000184774399,0.03400000184774399,0.030500000342726707,147,0.0,0.0
2022-07-18 00:00:00+01:00,0.030500000342726707,0.026000000536441803,0.026000000536441803,0.027499999850988388,10000,0.0,0.0
2022-07-19 00:00:00+01:00,0.027499999850988388,0.024900000542402267,0.019999999552965164,0.027499999850988388,526315,0.0,0.0
2022-07-20 00:00:00+01:00,0.027499999850988388,0.029999999329447746,0.029999999329447746,0.027499999850988388,33,0.0,0.0
2022-07-21 00:00:00+01:00,0.027499999850988388,0.027499999850988388,0.027499999850988388,0.027499999850988388,0,0.0,0.0
2022-07-22 00:00:00+01:00,0.027499999850988388,0.027499999850988388,0.027499999850988388,0.027499999850988388,0,0.0,0.0
2022-07-25 00:00:00+01:00,0.027499999850988388,0.027499999850988388,0.027499999850988388,0.027499999850988388,0,0.0,0.0
2022-07-26 00:00:00+01:00,0.027499999850988388,0.027499999850988388,0.027499999850988388,0.027499999850988388,0,0.0,0.0
2022-07-27 00:00:00+01:00,0.027499999850988388,0.027499999850988388,0.027499999850988388,0.027499999850988388,0,0.0,0.0
2022-07-28 00:00:00+01:00,0.027499999850988388,0.027499999850988388,0.027499999850988388,0.027499999850988388,0,0.0,0.0
2022-07-29 00:00:00+01:00,0.027499999850988388,0.027499999850988388,0.027499999850988388,0.027499999850988388,0,0.0,0.0
2022-08-01 00:00:00+01:00,0.027499999850988388,0.04439999908208847,0.026799999177455902,0.04149999842047691,297104,0.0,0.0
2022-08-02 00:00:00+01:00,0.04149999842047691,0.04104999825358391,0.04104999825358391,0.04149999842047691,5493,0.0,0.0
2022-08-03 00:00:00+01:00,0.04149999842047691,0.03799999877810478,0.03799999877810478,0.04149999842047691,100,0.0,0.0
2022-08-04 00:00:00+01:00,0.04149999842047691,0.04149999842047691,0.04149999842047691,0.04149999842047691,0,0.0,0.0
2022-08-05 00:00:00+01:00,0.04149999842047691,0.04149999842047691,0.04149999842047691,0.04149999842047691,0,0.0,0.0
2022-08-08 00:00:00+01:00,0.04149999842047691,0.03849999979138374,0.03849999979138374,0.04149999842047691,30000,0.0,0.0
2022-08-09 00:00:00+01:00,0.04149999842047691,0.04149999842047691,0.04149999842047691,0.04149999842047691,0,0.0,0.0
2022-08-10 00:00:00+01:00,0.04149999842047691,0.04149999842047691,0.04149999842047691,0.04149999842047691,0,0.0,0.0
2022-08-11 00:00:00+01:00,0.04149999842047691,0.04149999842047691,0.04149999842047691,0.04149999842047691,0,0.0,0.0
2022-08-12 00:00:00+01:00,0.04149999842047691,0.04149999842047691,0.04149999842047691,0.04149999842047691,0,0.0,0.0
2022-08-15 00:00:00+01:00,0.04149999842047691,0.04149999842047691,0.04149999842047691,0.04149999842047691,0,0.0,0.0
2022-08-16 00:00:00+01:00,0.04149999842047691,0.04149999842047691,0.04149999842047691,0.04149999842047691,0,0.0,0.0
2022-08-17 00:00:00+01:00,0.04149999842047691,0.04149999842047691,0.04149999842047691,0.04149999842047691,0,0.0,0.0
2022-08-18 00:00:00+01:00,0.04149999842047691,0.04149999842047691,0.04149999842047691,0.04149999842047691,0,0.0,0.0
2022-08-19 00:00:00+01:00,0.04149999842047691,0.04149999842047691,0.04149999842047691,0.04149999842047691,0,0.0,0.0
2022-08-22 00:00:00+01:00,0.03999999910593033,0.03999999910593033,0.03999999910593033,0.03999999910593033,0,0.0,0.0
2022-08-23 00:00:00+01:00,0.03999999910593033,0.03999999910593033,0.03999999910593033,0.03999999910593033,0,0.0,0.0
2022-08-24 00:00:00+01:00,0.03999999910593033,0.04019999876618385,0.04019999876618385,0.03999999910593033,5200,0.0,0.0
2022-08-25 00:00:00+01:00,0.03999999910593033,0.03999999910593033,0.03999999910593033,0.03999999910593033,0,0.0,0.0
2022-08-26 00:00:00+01:00,0.03999999910593033,0.03999999910593033,0.03999999910593033,0.03999999910593033,0,0.0,0.0
2022-08-30 00:00:00+01:00,0.03999999910593033,0.03999999910593033,0.03999999910593033,0.03999999910593033,0,0.0,0.0
2022-08-31 00:00:00+01:00,0.03999999910593033,0.03999999910593033,0.03999999910593033,0.03999999910593033,0,0.0,0.0
2022-09-01 00:00:00+01:00,0.03999999910593033,0.03999999910593033,0.03999999910593033,0.03999999910593033,0,0.0,0.0
2022-09-02 00:00:00+01:00,0.03999999910593033,0.03999999910593033,0.03999999910593033,0.03999999910593033,0,0.0,0.0
2022-09-05 00:00:00+01:00,0.03999999910593033,0.03999999910593033,0.03999999910593033,0.03999999910593033,0,0.0,0.0
2022-09-06 00:00:00+01:00,0.03999999910593033,0.03999999910593033,0.03999999910593033,0.03999999910593033,0,0.0,0.0
2022-09-07 00:00:00+01:00,0.03999999910593033,0.03999999910593033,0.03999999910593033,0.03999999910593033,0,0.0,0.0
2022-09-08 00:00:00+01:00,0.03999999910593033,0.03999999910593033,0.03999999910593033,0.03999999910593033,0,0.0,0.0
2022-09-09 00:00:00+01:00,0.03999999910593033,0.03999999910593033,0.03999999910593033,0.03999999910593033,0,0.0,0.0
2022-09-12 00:00:00+01:00,0.03999999910593033,0.03999999910593033,0.03999999910593033,0.03999999910593033,0,0.0,0.0
2022-09-13 00:00:00+01:00,0.03999999910593033,0.03500000014901161,0.03500000014901161,0.03999999910593033,870,0.0,0.0
2022-09-14 00:00:00+01:00,0.03999999910593033,0.03500000014901161,0.03500000014901161,0.03999999910593033,730,0.0,0.0
2022-09-15 00:00:00+01:00,0.03999999910593033,0.03500000014901161,0.03500000014901161,0.03750000149011612,70500,0.0,0.0
2022-09-16 00:00:00+01:00,0.03750000149011612,0.03750000149011612,0.03750000149011612,0.03750000149011612,0,0.0,0.0
2022-09-20 00:00:00+01:00,0.03750000149011612,0.03750000149011612,0.03750000149011612,0.03750000149011612,0,0.0,0.0
2022-09-21 00:00:00+01:00,0.03750000149011612,0.035100001841783524,0.035100001841783524,0.03750000149011612,30000,0.0,0.0
2022-09-22 00:00:00+01:00,0.03750000149011612,0.03750000149011612,0.03750000149011612,0.03750000149011612,0,0.0,0.0
2022-09-23 00:00:00+01:00,0.03750000149011612,0.03500000014901161,0.03500000014901161,0.03750000149011612,1500,0.0,0.0
2022-09-26 00:00:00+01:00,0.03750000149011612,0.03500000014901161,0.03500000014901161,0.03500000014901161,20001,0.0,0.0
2022-09-27 00:00:00+01:00,0.032499998807907104,0.03500000014901161,0.029999999329447746,0.032499998807907104,53,0.0,0.0
2022-09-28 00:00:00+01:00,0.032499998807907104,0.029999999329447746,0.029999999329447746,0.032499998807907104,1910,0.0,0.0
2022-09-29 00:00:00+01:00,0.032499998807907104,0.032499998807907104,0.032499998807907104,0.032499998807907104,0,0.0,0.0
2022-09-30 00:00:00+01:00,0.032499998807907104,0.032499998807907104,0.032499998807907104,0.032499998807907104,0,0.0,0.0
2022-10-03 00:00:00+01:00,0.032499998807907104,0.039400000125169754,0.03200000151991844,0.03999999910593033,147496,0.0,0.0
2022-10-04 00:00:00+01:00,0.03999999910593033,0.03999999910593033,0.03999999910593033,0.03999999910593033,0,0.0,0.0
2022-10-05 00:00:00+01:00,0.03999999910593033,0.03999999910593033,0.03999999910593033,0.03999999910593033,0,0.0,0.0
2022-10-06 00:00:00+01:00,0.03999999910593033,0.03999999910593033,0.03999999910593033,0.03999999910593033,0,0.0,0.0
2022-10-07 00:00:00+01:00,0.03999999910593033,0.03550000116229057,0.03550000116229057,0.03999999910593033,1018,0.0,0.0
2022-10-10 00:00:00+01:00,0.03999999910593033,0.03999999910593033,0.03999999910593033,0.03999999910593033,0,0.0,0.0
2022-10-11 00:00:00+01:00,0.03999999910593033,0.03999999910593033,0.03999999910593033,0.03999999910593033,0,0.0,0.0
2022-10-12 00:00:00+01:00,0.03999999910593033,0.03999999910593033,0.03999999910593033,0.03999999910593033,0,0.0,0.0
2022-10-13 00:00:00+01:00,0.03999999910593033,0.03999999910593033,0.03999999910593033,0.03999999910593033,0,0.0,0.0
2022-10-14 00:00:00+01:00,0.03999999910593033,0.03999999910593033,0.03999999910593033,0.03999999910593033,0,0.0,0.0
2022-10-17 00:00:00+01:00,0.03999999910593033,0.03999999910593033,0.03999999910593033,0.03999999910593033,0,0.0,0.0
2022-10-18 00:00:00+01:00,0.03999999910593033,0.03999999910593033,0.03999999910593033,0.03999999910593033,0,0.0,0.0
2022-10-19 00:00:00+01:00,0.03999999910593033,0.03999999910593033,0.03999999910593033,0.03999999910593033,0,0.0,0.0
2022-10-20 00:00:00+01:00,0.03999999910593033,0.03999999910593033,0.03999999910593033,0.03999999910593033,0,0.0,0.0
2022-10-21 00:00:00+01:00,0.03999999910593033,0.03999999910593033,0.03999999910593033,0.03999999910593033,0,0.0,0.0
2022-10-24 00:00:00+01:00,0.03999999910593033,0.03550000116229057,0.03550000116229057,0.03999999910593033,77,0.0,0.0
2022-10-25 00:00:00+01:00,0.03999999910593033,0.03999999910593033,0.03999999910593033,0.03999999910593033,0,0.0,0.0
2022-10-26 00:00:00+01:00,0.03999999910593033,0.03999999910593033,0.03999999910593033,0.03999999910593033,0,0.0,0.0
2022-10-27 00:00:00+01:00,0.03999999910593033,0.03999999910593033,0.03999999910593033,0.03999999910593033,0,0.0,0.0
2022-10-28 00:00:00+01:00,0.03999999910593033,0.03550000116229057,0.03550000116229057,0.03999999910593033,24260,0.0,0.0
2022-10-31 00:00:00+00:00,0.03999999910593033,0.03550000116229057,0.03550000116229057,0.03999999910593033,40,0.0,0.0
2022-11-01 00:00:00+00:00,0.03999999910593033,0.03999999910593033,0.03999999910593033,0.03999999910593033,0,0.0,0.0
2022-11-02 00:00:00+00:00,0.03999999910593033,0.03999999910593033,0.03999999910593033,0.03999999910593033,0,0.0,0.0
2022-11-03 00:00:00+00:00,0.03999999910593033,0.03550000116229057,0.03550000116229057,0.03999999910593033,7352,0.0,0.0
2022-11-04 00:00:00+00:00,0.03999999910593033,0.03550000116229057,0.03550000116229057,0.03999999910593033,7915,0.0,0.0
2022-11-07 00:00:00+00:00,0.03999999910593033,0.03550000116229057,0.03550000116229057,0.03999999910593033,6504,0.0,0.0
2022-11-08 00:00:00+00:00,0.03999999910593033,0.03999999910593033,0.03999999910593033,0.03999999910593033,0,0.0,0.0
2022-11-09 00:00:00+00:00,0.03999999910593033,0.03999999910593033,0.03999999910593033,0.03999999910593033,0,0.0,0.0
2022-11-10 00:00:00+00:00,0.03999999910593033,0.03999999910593033,0.03999999910593033,0.03999999910593033,0,0.0,0.0
2022-11-11 00:00:00+00:00,0.03999999910593033,0.03999999910593033,0.03999999910593033,0.03999999910593033,0,0.0,0.0
2022-11-14 00:00:00+00:00,0.03999999910593033,0.03999999910593033,0.03999999910593033,0.03999999910593033,0,0.0,0.0
2022-11-15 00:00:00+00:00,0.03999999910593033,0.03500000014901161,0.03500000014901161,0.03999999910593033,804,0.0,0.0
2022-11-16 00:00:00+00:00,0.03999999910593033,0.03999999910593033,0.03999999910593033,0.03999999910593033,0,0.0,0.0
2022-11-17 00:00:00+00:00,0.03999999910593033,0.03550000116229057,0.029999999329447746,0.03350000083446503,164059,0.0,0.0
2022-11-18 00:00:00+00:00,0.03350000083446503,0.03200000151991844,0.03200000151991844,0.03350000083446503,3789,0.0,0.0
2022-11-21 00:00:00+00:00,0.03350000083446503,0.03200000151991844,0.03200000151991844,0.03350000083446503,9917,0.0,0.0
2022-11-22 00:00:00+00:00,0.03350000083446503,0.03500000014901161,0.03200000151991844,0.03350000083446503,15915,0.0,0.0
2022-11-23 00:00:00+00:00,0.03350000083446503,0.03350000083446503,0.03350000083446503,0.03350000083446503,0,0.0,0.0
2022-11-24 00:00:00+00:00,0.03350000083446503,0.03350000083446503,0.03350000083446503,0.03350000083446503,0,0.0,0.0
2022-11-25 00:00:00+00:00,0.03350000083446503,0.03350000083446503,0.03350000083446503,0.03350000083446503,0,0.0,0.0
2022-11-28 00:00:00+00:00,0.03350000083446503,0.03200000151991844,0.03200000151991844,0.03350000083446503,216,0.0,0.0
2022-11-29 00:00:00+00:00,0.03350000083446503,0.03350000083446503,0.03350000083446503,0.03350000083446503,0,0.0,0.0
2022-11-30 00:00:00+00:00,0.03350000083446503,0.03099999949336052,0.03099999949336052,0.03200000151991844,25000,0.0,0.0
2022-12-01 00:00:00+00:00,0.03200000151991844,0.03200000151991844,0.03200000151991844,0.03200000151991844,0,0.0,0.0
2022-12-02 00:00:00+00:00,0.03200000151991844,0.03200000151991844,0.03200000151991844,0.03200000151991844,0,0.0,0.0
2022-12-05 00:00:00+00:00,0.03200000151991844,0.03200000151991844,0.03200000151991844,0.03200000151991844,0,0.0,0.0
2022-12-06 00:00:00+00:00,0.03200000151991844,0.03200000151991844,0.03200000151991844,0.03200000151991844,0,0.0,0.0
2022-12-07 00:00:00+00:00,0.03200000151991844,0.03200000151991844,0.03200000151991844,0.03200000151991844,0,0.0,0.0
2022-12-08 00:00:00+00:00,0.03200000151991844,0.03200000151991844,0.03200000151991844,0.03200000151991844,0,0.0,0.0
2022-12-09 00:00:00+00:00,0.03200000151991844,0.03200000151991844,0.03200000151991844,0.03200000151991844,0,0.0,0.0
2022-12-12 00:00:00+00:00,0.03200000151991844,0.03200000151991844,0.03200000151991844,0.03200000151991844,0,0.0,0.0
2022-12-13 00:00:00+00:00,0.03200000151991844,0.03200000151991844,0.03200000151991844,0.03200000151991844,0,0.0,0.0
2022-12-14 00:00:00+00:00,0.03200000151991844,0.03200000151991844,0.03200000151991844,0.03200000151991844,0,0.0,0.0
2022-12-15 00:00:00+00:00,0.03200000151991844,0.03200000151991844,0.03200000151991844,0.03200000151991844,0,0.0,0.0
2022-12-16 00:00:00+00:00,0.03200000151991844,0.029999999329447746,0.029999999329447746,0.03200000151991844,1237,0.0,0.0
2022-12-19 00:00:00+00:00,0.03200000151991844,0.03200000151991844,0.03200000151991844,0.03200000151991844,0,0.0,0.0
2022-12-20 00:00:00+00:00,0.03200000151991844,0.03200000151991844,0.03200000151991844,0.03200000151991844,0,0.0,0.0
2022-12-21 00:00:00+00:00,0.03200000151991844,0.03200000151991844,0.03200000151991844,0.03200000151991844,0,0.0,0.0
2022-12-22 00:00:00+00:00,0.03200000151991844,0.03200000151991844,0.03200000151991844,0.03200000151991844,0,0.0,0.0
2022-12-23 00:00:00+00:00,0.03200000151991844,0.03200000151991844,0.03200000151991844,0.03200000151991844,0,0.0,0.0
2022-12-28 00:00:00+00:00,0.03200000151991844,0.03200000151991844,0.03200000151991844,0.03200000151991844,0,0.0,0.0
2022-12-29 00:00:00+00:00,0.03200000151991844,0.03200000151991844,0.03200000151991844,0.03200000151991844,0,0.0,0.0
2022-12-30 00:00:00+00:00,0.03200000151991844,0.03200000151991844,0.03200000151991844,0.03200000151991844,0,0.0,0.0
2023-01-03 00:00:00+00:00,0.03200000151991844,0.03200000151991844,0.03200000151991844,0.03200000151991844,0,0.0,0.0
2023-01-04 00:00:00+00:00,0.03200000151991844,0.03009999915957451,0.03009999915957451,0.029500000178813934,10000,0.0,0.0
2023-01-05 00:00:00+00:00,0.029500000178813934,0.029500000178813934,0.029500000178813934,0.029500000178813934,0,0.0,0.0
2023-01-06 00:00:00+00:00,0.029500000178813934,0.029500000178813934,0.029500000178813934,0.029500000178813934,0,0.0,0.0
2023-01-09 00:00:00+00:00,0.029500000178813934,0.029500000178813934,0.029500000178813934,0.029500000178813934,0,0.0,0.0
2023-01-10 00:00:00+00:00,0.029500000178813934,0.029500000178813934,0.029500000178813934,0.029500000178813934,0,0.0,0.0
2023-01-11 00:00:00+00:00,0.029500000178813934,0.029500000178813934,0.029500000178813934,0.029500000178813934,0,0.0,0.0
2023-01-12 00:00:00+00:00,0.029500000178813934,0.029500000178813934,0.029500000178813934,0.029500000178813934,0,0.0,0.0
2023-01-13 00:00:00+00:00,0.029500000178813934,0.027000000700354576,0.027000000700354576,0.029500000178813934,264,0.0,0.0
2023-01-16 00:00:00+00:00,0.029500000178813934,0.029500000178813934,0.029500000178813934,0.029500000178813934,0,0.0,0.0
2023-01-17 00:00:00+00:00,0.029500000178813934,0.025100000202655792,0.025100000202655792,0.027499999850988388,100000,0.0,0.0
2023-01-18 00:00:00+00:00,0.027499999850988388,0.027499999850988388,0.027499999850988388,0.027499999850988388,0,0.0,0.0
2023-01-19 00:00:00+00:00,0.027499999850988388,0.027499999850988388,0.027499999850988388,0.027499999850988388,0,0.0,0.0
2023-01-20 00:00:00+00:00,0.027499999850988388,0.027499999850988388,0.027499999850988388,0.027499999850988388,0,0.0,0.0
2023-01-23 00:00:00+00:00,0.027000000700354576,0.027000000700354576,0.027000000700354576,0.027000000700354576,0,0.0,0.0
2023-01-24 00:00:00+00:00,0.03200000151991844,0.03874000161886215,0.02459999918937683,0.03750000149011612,393559,0.0,0.0
2023-01-25 00:00:00+00:00,0.039000000804662704,0.03779999911785126,0.03500000014901161,0.039000000804662704,39687,0.0,0.0
2023-01-26 00:00:00+00:00,0.039000000804662704,0.039000000804662704,0.039000000804662704,0.039000000804662704,0,0.0,0.0
2023-01-27 00:00:00+00:00,0.039000000804662704,0.039000000804662704,0.039000000804662704,0.039000000804662704,0,0.0,0.0
2023-01-30 00:00:00+00:00,0.039000000804662704,0.039000000804662704,0.039000000804662704,0.039000000804662704,0,0.0,0.0
2023-01-31 00:00:00+00:00,0.039000000804662704,0.039000000804662704,0.039000000804662704,0.039000000804662704,0,0.0,0.0
2023-02-01 00:00:00+00:00,0.039000000804662704,0.039000000804662704,0.039000000804662704,0.039000000804662704,0,0.0,0.0
2023-02-02 00:00:00+00:00,0.039000000804662704,0.032999999821186066,0.032999999821186066,0.03750000149011612,24628,0.0,0.0
2023-02-03 00:00:00+00:00,0.03750000149011612,0.03750000149011612,0.03750000149011612,0.03750000149011612,0,0.0,0.0
2023-02-06 00:00:00+00:00,0.03750000149011612,0.03750000149011612,0.03750000149011612,0.03750000149011612,0,0.0,0.0
2023-02-07 00:00:00+00:00,0.03750000149011612,0.03750000149011612,0.03750000149011612,0.03750000149011612,0,0.0,0.0
2023-02-08 00:00:00+00:00,0.03750000149011612,0.03750000149011612,0.03750000149011612,0.03750000149011612,0,0.0,0.0
2023-02-09 00:00:00+00:00,0.03750000149011612,0.03500000014901161,0.03500000014901161,0.03750000149011612,3700,0.0,0.0
2023-02-10 00:00:00+00:00,0.03750000149011612,0.03750000149011612,0.03750000149011612,0.03750000149011612,0,0.0,0.0
2023-02-13 00:00:00+00:00,0.03750000149011612,0.03750000149011612,0.03750000149011612,0.03750000149011612,0,0.0,0.0
2023-02-14 00:00:00+00:00,0.03750000149011612,0.03750000149011612,0.03750000149011612,0.03750000149011612,0,0.0,0.0
2023-02-15 00:00:00+00:00,0.03750000149011612,0.03750000149011612,0.03750000149011612,0.03750000149011612,0,0.0,0.0
2023-02-16 00:00:00+00:00,0.03750000149011612,0.03750000149011612,0.03750000149011612,0.03750000149011612,0,0.0,0.0
2023-02-17 00:00:00+00:00,0.03750000149011612,0.03750000149011612,0.03750000149011612,0.03750000149011612,0,0.0,0.0
2023-02-20 00:00:00+00:00,0.03750000149011612,0.03750000149011612,0.03750000149011612,0.03750000149011612,0,0.0,0.0
2023-02-21 00:00:00+00:00,0.0364999994635582,0.029999999329447746,0.029999999329447746,0.029999999329447746,66040,0.0,0.0
2023-02-22 00:00:00+00:00,0.029999999329447746,0.029999999329447746,0.029999999329447746,0.029999999329447746,0,0.0,0.0
2023-02-23 00:00:00+00:00,0.029999999329447746,0.02500000037252903,0.02500000037252903,0.02500000037252903,10000,0.0,0.0
2023-02-24 00:00:00+00:00,0.02500000037252903,0.02250000089406967,0.019999999552965164,0.019750000908970833,60000,0.0,0.0
2023-02-27 00:00:00+00:00,0.019750000908970833,0.019750000908970833,0.019750000908970833,0.019750000908970833,0,0.0,0.0
2023-02-28 00:00:00+00:00,0.01875000074505806,0.01875000074505806,0.01875000074505806,0.01875000074505806,0,0.0,0.0
2023-03-01 00:00:00+00:00,0.01875000074505806,0.01875000074505806,0.01875000074505806,0.01875000074505806,0,0.0,0.0
2023-03-02 00:00:00+00:00,0.01875000074505806,0.01875000074505806,0.01875000074505806,0.01875000074505806,0,0.0,0.0
2023-03-03 00:00:00+00:00,0.01875000074505806,0.01875000074505806,0.01875000074505806,0.01875000074505806,0,0.0,0.0
2023-03-06 00:00:00+00:00,0.01875000074505806,0.01875000074505806,0.01875000074505806,0.01875000074505806,0,0.0,0.0
2023-03-07 00:00:00+00:00,0.01875000074505806,0.01875000074505806,0.01875000074505806,0.01875000074505806,0,0.0,0.0
2023-03-08 00:00:00+00:00,0.01875000074505806,0.01875000074505806,0.01875000074505806,0.01875000074505806,0,0.0,0.0
2023-03-09 00:00:00+00:00,0.01875000074505806,0.01875000074505806,0.01875000074505806,0.01875000074505806,0,0.0,0.0
2023-03-10 00:00:00+00:00,0.01875000074505806,0.01875000074505806,0.01875000074505806,0.01875000074505806,0,0.0,0.0
2023-03-13 00:00:00+00:00,0.01875000074505806,0.01875000074505806,0.01875000074505806,0.01875000074505806,0,0.0,0.0
2023-03-14 00:00:00+00:00,0.01875000074505806,0.01875000074505806,0.01875000074505806,0.01875000074505806,0,0.0,0.0
2023-03-15 00:00:00+00:00,0.01875000074505806,0.01875000074505806,0.01875000074505806,0.01875000074505806,0,0.0,0.0
2023-03-16 00:00:00+00:00,0.01875000074505806,0.01875000074505806,0.01875000074505806,0.01875000074505806,0,0.0,0.0
2023-03-17 00:00:00+00:00,0.01875000074505806,0.01875000074505806,0.01875000074505806,0.01875000074505806,0,0.0,0.0
2023-03-20 00:00:00+00:00,0.01875000074505806,0.01875000074505806,0.01875000074505806,0.01875000074505806,0,0.0,0.0
2023-03-21 00:00:00+00:00,0.01875000074505806,0.01875000074505806,0.01875000074505806,0.01875000074505806,0,0.0,0.0
2023-03-22 00:00:00+00:00,0.01875000074505806,0.01875000074505806,0.01875000074505806,0.01875000074505806,0,0.0,0.0
2023-03-23 00:00:00+00:00,0.01875000074505806,0.01875000074505806,0.01875000074505806,0.01875000074505806,0,0.0,0.0
2023-03-24 00:00:00+00:00,0.01875000074505806,0.01875000074505806,0.01875000074505806,0.01875000074505806,0,0.0,0.0
2023-03-27 00:00:00+01:00,0.01875000074505806,0.01875000074505806,0.01875000074505806,0.01875000074505806,0,0.0,0.0
2023-03-28 00:00:00+01:00,0.01875000074505806,0.01875000074505806,0.01875000074505806,0.01875000074505806,0,0.0,0.0
2023-03-29 00:00:00+01:00,0.01875000074505806,0.01875000074505806,0.01875000074505806,0.01875000074505806,0,0.0,0.0
2023-03-30 00:00:00+01:00,0.01875000074505806,0.01875000074505806,0.01875000074505806,0.01875000074505806,0,0.0,0.0
2023-03-31 00:00:00+01:00,0.01875000074505806,0.01875000074505806,0.01875000074505806,0.01875000074505806,0,0.0,0.0
2023-04-03 00:00:00+01:00,0.01875000074505806,0.01875000074505806,0.01875000074505806,0.01875000074505806,0,0.0,0.0
2023-04-04 00:00:00+01:00,0.01875000074505806,0.01875000074505806,0.01875000074505806,0.01875000074505806,0,0.0,0.0
2023-04-05 00:00:00+01:00,0.01875000074505806,0.01875000074505806,0.01875000074505806,0.01875000074505806,0,0.0,0.0
2023-04-06 00:00:00+01:00,0.01875000074505806,0.01875000074505806,0.01875000074505806,0.01875000074505806,0,0.0,0.0
2023-04-11 00:00:00+01:00,0.01875000074505806,0.01875000074505806,0.01875000074505806,0.01875000074505806,0,0.0,0.0
2023-04-12 00:00:00+01:00,0.01875000074505806,0.01875000074505806,0.01875000074505806,0.01875000074505806,0,0.0,0.0
2023-04-13 00:00:00+01:00,0.01875000074505806,0.01875000074505806,0.01875000074505806,0.01875000074505806,0,0.0,0.0
2023-04-14 00:00:00+01:00,0.01875000074505806,0.01875000074505806,0.01875000074505806,0.01875000074505806,0,0.0,0.0
2023-04-17 00:00:00+01:00,0.01875000074505806,0.01875000074505806,0.01875000074505806,0.01875000074505806,0,0.0,0.0
2023-04-18 00:00:00+01:00,0.01875000074505806,0.01875000074505806,0.01875000074505806,0.01875000074505806,0,0.0,0.0
2023-04-19 00:00:00+01:00,0.01875000074505806,0.01875000074505806,0.01875000074505806,0.01875000074505806,0,0.0,0.0
2023-04-20 00:00:00+01:00,0.01875000074505806,0.01875000074505806,0.01875000074505806,0.01875000074505806,0,0.0,0.0
2023-04-21 00:00:00+01:00,0.01875000074505806,0.01875000074505806,0.01875000074505806,0.01875000074505806,0,0.0,0.0
2023-04-24 00:00:00+01:00,0.01875000074505806,0.01875000074505806,0.01875000074505806,0.01875000074505806,0,0.0,0.0
2023-04-25 00:00:00+01:00,0.01875000074505806,0.01875000074505806,0.01875000074505806,0.01875000074505806,0,0.0,0.0
2023-04-26 00:00:00+01:00,0.01875000074505806,0.01875000074505806,0.01875000074505806,0.01875000074505806,0,0.0,0.0
2023-04-27 00:00:00+01:00,0.01875000074505806,0.01875000074505806,0.01875000074505806,0.01875000074505806,0,0.0,0.0
2023-04-28 00:00:00+01:00,0.01875000074505806,0.01875000074505806,0.01875000074505806,0.01875000074505806,0,0.0,0.0
2023-05-02 00:00:00+01:00,0.01875000074505806,0.01875000074505806,0.01875000074505806,0.01875000074505806,0,0.0,0.0
2023-05-03 00:00:00+01:00,0.01875000074505806,0.01875000074505806,0.01875000074505806,0.01875000074505806,0,0.0,0.0
2023-05-04 00:00:00+01:00,0.01875000074505806,0.01875000074505806,0.01875000074505806,0.01875000074505806,0,0.0,0.0
2023-05-05 00:00:00+01:00,0.01875000074505806,0.01875000074505806,0.01875000074505806,0.01875000074505806,0,0.0,0.0
2023-05-09 00:00:00+01:00,0.01875000074505806,0.01875000074505806,0.01875000074505806,0.01875000074505806,0,0.0,0.0
2023-05-10 00:00:00+01:00,0.01875000074505806,0.01875000074505806,0.01875000074505806,0.01875000074505806,0,0.0,0.0
2023-05-11 00:00:00+01:00,0.01875000074505806,0.01875000074505806,0.01875000074505806,0.01875000074505806,0,0.0,0.0
2023-05-12 00:00:00+01:00,0.01875000074505806,0.01875000074505806,0.01875000074505806,0.01875000074505806,0,0.0,0.0
2023-05-15 00:00:00+01:00,0.01875000074505806,0.01875000074505806,0.01875000074505806,0.01875000074505806,0,0.0,0.0
2023-05-16 00:00:00+01:00,0.01875000074505806,0.01875000074505806,0.01875000074505806,0.01875000074505806,0,0.0,0.0
2023-05-17 00:00:00+01:00,0.01875000074505806,0.01875000074505806,0.01875000074505806,0.01875000074505806,0,0.0,0.0
2023-05-18 00:00:00+01:00,0.01875000074505806,0.01875000074505806,0.01875000074505806,0.01875000074505806,0,0.0,0.0
2023-05-19 00:00:00+01:00,0.01875000074505806,0.01875000074505806,0.01875000074505806,0.01875000074505806,0,0.0,0.0
2023-05-22 00:00:00+01:00,0.01875000074505806,0.01875000074505806,0.01875000074505806,0.01875000074505806,0,0.0,0.0
2023-05-23 00:00:00+01:00,0.01875000074505806,0.01875000074505806,0.01875000074505806,0.01875000074505806,0,0.0,0.0
2023-05-24 00:00:00+01:00,0.01875000074505806,0.01875000074505806,0.01875000074505806,0.01875000074505806,0,0.0,0.0
2023-05-25 00:00:00+01:00,0.01875000074505806,0.01875000074505806,0.01875000074505806,0.01875000074505806,0,0.0,0.0
2023-05-26 00:00:00+01:00,0.01875000074505806,0.01875000074505806,0.01875000074505806,0.01875000074505806,0,0.0,0.0
2023-05-30 00:00:00+01:00,0.01875000074505806,0.01875000074505806,0.01875000074505806,0.01875000074505806,0,0.0,0.0
2023-05-31 00:00:00+01:00,0.01875000074505806,0.01875000074505806,0.01875000074505806,0.01875000074505806,0,0.0,0.0
2023-06-01 00:00:00+01:00,0.01875000074505806,0.01875000074505806,0.01875000074505806,0.01875000074505806,0,0.0,0.0
2023-06-02 00:00:00+01:00,0.01875000074505806,0.01875000074505806,0.01875000074505806,0.01875000074505806,0,0.0,0.0
2023-06-05 00:00:00+01:00,0.01875000074505806,0.01875000074505806,0.01875000074505806,0.01875000074505806,0,0.0,0.0
2023-06-06 00:00:00+01:00,0.01875000074505806,0.01875000074505806,0.01875000074505806,0.01875000074505806,0,0.0,0.0
2023-06-07 00:00:00+01:00,0.01875000074505806,0.01875000074505806,0.01875000074505806,0.01875000074505806,0,0.0,0.0
2023-06-08 00:00:00+01:00,0.01875000074505806,0.01875000074505806,0.01875000074505806,0.01875000074505806,0,0.0,0.0
2023-06-09 00:00:00+01:00,0.01875000074505806,0.01875000074505806,0.01875000074505806,0.01875000074505806,0,0.0,0.0
2023-06-12 00:00:00+01:00,0.01875000074505806,0.01875000074505806,0.01875000074505806,0.01875000074505806,0,0.0,0.0
2023-06-13 00:00:00+01:00,0.01875000074505806,0.01875000074505806,0.01875000074505806,0.01875000074505806,0,0.0,0.0
2023-06-14 00:00:00+01:00,0.01875000074505806,0.01875000074505806,0.01875000074505806,0.01875000074505806,0,0.0,0.0
2023-06-15 00:00:00+01:00,0.01875000074505806,0.01875000074505806,0.01875000074505806,0.01875000074505806,0,0.0,0.0
2023-06-16 00:00:00+01:00,0.01875000074505806,0.01875000074505806,0.01875000074505806,0.01875000074505806,0,0.0,0.0
2023-06-19 00:00:00+01:00,0.01875000074505806,0.01875000074505806,0.01875000074505806,0.01875000074505806,0,0.0,0.0
2023-06-20 00:00:00+01:00,0.01875000074505806,0.01875000074505806,0.01875000074505806,0.01875000074505806,0,0.0,0.0
2023-06-21 00:00:00+01:00,0.01875000074505806,0.01875000074505806,0.01875000074505806,0.01875000074505806,0,0.0,0.0
2023-06-22 00:00:00+01:00,0.01875000074505806,0.01875000074505806,0.01875000074505806,0.01875000074505806,0,0.0,0.0
2023-06-23 00:00:00+01:00,0.01875000074505806,0.01875000074505806,0.01875000074505806,0.01875000074505806,0,0.0,0.0
2023-06-26 00:00:00+01:00,0.01875000074505806,0.01875000074505806,0.01875000074505806,0.01875000074505806,0,0.0,0.0
2023-06-27 00:00:00+01:00,0.01875000074505806,0.01875000074505806,0.01875000074505806,0.01875000074505806,0,0.0,0.0
2023-06-28 00:00:00+01:00,0.01875000074505806,0.01875000074505806,0.01875000074505806,0.01875000074505806,0,0.0,0.0
2023-06-29 00:00:00+01:00,0.01875000074505806,0.01875000074505806,0.01875000074505806,0.01875000074505806,0,0.0,0.0
2023-06-30 00:00:00+01:00,0.01875000074505806,0.01875000074505806,0.01875000074505806,0.01875000074505806,0,0.0,0.0
2023-07-03 00:00:00+01:00,0.01875000074505806,0.01875000074505806,0.01875000074505806,0.01875000074505806,0,0.0,0.0
2023-07-04 00:00:00+01:00,0.01875000074505806,0.01875000074505806,0.01875000074505806,0.01875000074505806,0,0.0,0.0
2023-07-05 00:00:00+01:00,0.01875000074505806,0.01875000074505806,0.01875000074505806,0.01875000074505806,0,0.0,0.0
2023-07-06 00:00:00+01:00,0.01875000074505806,0.01875000074505806,0.01875000074505806,0.01875000074505806,0,0.0,0.0
2023-07-07 00:00:00+01:00,0.01875000074505806,0.01875000074505806,0.01875000074505806,0.01875000074505806,0,0.0,0.0
2023-07-10 00:00:00+01:00,0.01875000074505806,0.01875000074505806,0.01875000074505806,0.01875000074505806,0,0.0,0.0
2023-07-11 00:00:00+01:00,0.01875000074505806,0.01875000074505806,0.01875000074505806,0.01875000074505806,0,0.0,0.0
2023-07-12 00:00:00+01:00,0.01875000074505806,0.01875000074505806,0.01875000074505806,0.01875000074505806,0,0.0,0.0
2023-07-13 00:00:00+01:00,0.01875000074505806,0.01875000074505806,0.01875000074505806,0.01875000074505806,0,0.0,0.0
2023-07-14 00:00:00+01:00,0.01875000074505806,0.01875000074505806,0.01875000074505806,0.01875000074505806,0,0.0,0.0
2023-07-17 00:00:00+01:00,0.01875000074505806,0.01875000074505806,0.01875000074505806,0.01875000074505806,0,0.0,0.0
2023-07-18 00:00:00+01:00,0.01875000074505806,0.01875000074505806,0.01875000074505806,0.01875000074505806,0,0.0,0.0
2023-07-19 00:00:00+01:00,0.01875000074505806,0.01875000074505806,0.01875000074505806,0.01875000074505806,0,0.0,0.0
2023-07-20 00:00:00+01:00,0.01875000074505806,0.01875000074505806,0.01875000074505806,0.01875000074505806,0,0.0,0.0
2023-07-21 00:00:00+01:00,0.01875000074505806,0.01875000074505806,0.01875000074505806,0.01875000074505806,0,0.0,0.0
2023-07-24 00:00:00+01:00,0.01875000074505806,0.01875000074505806,0.01875000074505806,0.01875000074505806,0,0.0,0.0
2023-07-25 00:00:00+01:00,0.01875000074505806,0.01875000074505806,0.01875000074505806,0.01875000074505806,0,0.0,0.0
2023-07-26 00:00:00+01:00,0.01875000074505806,0.01875000074505806,0.01875000074505806,0.01875000074505806,0,0.0,0.0
2023-07-27 00:00:00+01:00,0.01875000074505806,0.01875000074505806,0.01875000074505806,0.01875000074505806,0,0.0,0.0
2023-07-28 00:00:00+01:00,0.01875000074505806,0.01875000074505806,0.01875000074505806,0.01875000074505806,0,0.0,0.0
2023-07-31 00:00:00+01:00,0.01875000074505806,0.01875000074505806,0.01875000074505806,0.01875000074505806,0,0.0,0.0
2023-08-01 00:00:00+01:00,0.01875000074505806,0.01875000074505806,0.01875000074505806,0.01875000074505806,0,0.0,0.0
2023-08-02 00:00:00+01:00,0.01875000074505806,0.01875000074505806,0.01875000074505806,0.01875000074505806,0,0.0,0.0
2023-08-03 00:00:00+01:00,0.01875000074505806,0.01875000074505806,0.01875000074505806,0.01875000074505806,0,0.0,0.0
2023-08-04 00:00:00+01:00,0.014999999664723873,0.042399998754262924,0.015200000256299973,0.027499999850988388,457859,0.0,0.0
2023-08-07 00:00:00+01:00,0.027499999850988388,0.029999999329447746,0.029999999329447746,0.027499999850988388,15000,0.0,0.0
2023-08-08 00:00:00+01:00,0.027499999850988388,0.02879999950528145,0.02500000037252903,0.027499999850988388,16826,0.0,0.0
2023-08-09 00:00:00+01:00,0.027499999850988388,0.02500000037252903,0.022600000724196434,0.026499999687075615,50180,0.0,0.0
2023-08-10 00:00:00+01:00,0.026499999687075615,0.02500000037252903,0.02500000037252903,0.026000000536441803,40000,0.0,0.0
2023-08-11 00:00:00+01:00,0.026000000536441803,0.02500000037252903,0.019999999552965164,0.023499999195337296,111250,0.0,0.0
2023-08-14 00:00:00+01:00,0.023499999195337296,0.02013999968767166,0.02013999968767166,0.023499999195337296,3259,0.0,0.0
2023-08-15 00:00:00+01:00,0.023499999195337296,0.023499999195337296,0.023499999195337296,0.023499999195337296,0,0.0,0.0
2023-08-16 00:00:00+01:00,0.023499999195337296,0.023499999195337296,0.023499999195337296,0.023499999195337296,0,0.0,0.0
2023-08-17 00:00:00+01:00,0.023499999195337296,0.023499999195337296,0.023499999195337296,0.023499999195337296,0,0.0,0.0
2023-08-18 00:00:00+01:00,0.023499999195337296,0.023499999195337296,0.023499999195337296,0.023499999195337296,0,0.0,0.0
2023-08-21 00:00:00+01:00,0.023499999195337296,0.02500000037252903,0.02500000037252903,0.026000000536441803,95288,0.0,0.0
2023-08-22 00:00:00+01:00,0.026000000536441803,0.026000000536441803,0.026000000536441803,0.026000000536441803,0,0.0,0.0
2023-08-23 00:00:00+01:00,0.026000000536441803,0.026000000536441803,0.026000000536441803,0.026000000536441803,0,0.0,0.0
2023-08-24 00:00:00+01:00,0.026000000536441803,0.021199999377131462,0.021199999377131462,0.026000000536441803,9000,0.0,0.0
2023-08-25 00:00:00+01:00,0.026000000536441803,0.026000000536441803,0.026000000536441803,0.026000000536441803,0,0.0,0.0
2023-08-29 00:00:00+01:00,0.026000000536441803,0.026000000536441803,0.026000000536441803,0.026000000536441803,0,0.0,0.0
2023-08-30 00:00:00+01:00,0.026000000536441803,0.026000000536441803,0.026000000536441803,0.026000000536441803,0,0.0,0.0
2023-08-31 00:00:00+01:00,0.026000000536441803,0.026000000536441803,0.026000000536441803,0.026000000536441803,0,0.0,0.0
2023-09-01 00:00:00+01:00,0.026000000536441803,0.026000000536441803,0.026000000536441803,0.026000000536441803,0,0.0,0.0
2023-09-04 00:00:00+01:00,0.026000000536441803,0.026000000536441803,0.026000000536441803,0.026000000536441803,0,0.0,0.0
2023-09-05 00:00:00+01:00,0.026000000536441803,0.026000000536441803,0.026000000536441803,0.026000000536441803,0,0.0,0.0
2023-09-06 00:00:00+01:00,0.026000000536441803,0.026000000536441803,0.026000000536441803,0.026000000536441803,0,0.0,0.0
2023-09-07 00:00:00+01:00,0.026000000536441803,0.021199999377131462,0.019999999552965164,0.023000000044703484,50165,0.0,0.0
2023-09-08 00:00:00+01:00,0.023000000044703484,0.023000000044703484,0.023000000044703484,0.023000000044703484,0,0.0,0.0
2023-09-11 00:00:00+01:00,0.023000000044703484,0.023000000044703484,0.023000000044703484,0.023000000044703484,0,0.0,0.0
2023-09-12 00:00:00+01:00,0.023000000044703484,0.023000000044703484,0.023000000044703484,0.023000000044703484,0,0.0,0.0
2023-09-13 00:00:00+01:00,0.020500000566244125,0.020500000566244125,0.020500000566244125,0.020500000566244125,0,0.0,0.0
2023-09-14 00:00:00+01:00,0.020500000566244125,0.021199999377131462,0.021199999377131462,0.020500000566244125,2,0.0,0.0
2023-09-15 00:00:00+01:00,0.020500000566244125,0.019999999552965164,0.017999999225139618,0.020500000566244125,20002,0.0,0.0
2023-09-18 00:00:00+01:00,0.020500000566244125,0.020500000566244125,0.020500000566244125,0.020500000566244125,0,0.0,0.0
2023-09-19 00:00:00+01:00,0.020500000566244125,0.020500000566244125,0.020500000566244125,0.020500000566244125,0,0.0,0.0
2023-09-20 00:00:00+01:00,0.020500000566244125,0.020500000566244125,0.020500000566244125,0.020500000566244125,0,0.0,0.0
2023-09-21 00:00:00+01:00,0.020500000566244125,0.020500000566244125,0.020500000566244125,0.020500000566244125,0,0.0,0.0
2023-09-22 00:00:00+01:00,0.020500000566244125,0.020500000566244125,0.020500000566244125,0.020500000566244125,0,0.0,0.0
2023-09-25 00:00:00+01:00,0.020500000566244125,0.020500000566244125,0.020500000566244125,0.020500000566244125,0,0.0,0.0
2023-09-26 00:00:00+01:00,0.020500000566244125,0.016349999234080315,0.01600000075995922,0.01600000075995922,80000,0.0,0.0
2023-09-27 00:00:00+01:00,0.01600000075995922,0.012079999782145023,0.012079999782145023,0.012500000186264515,61000,0.0,0.0
2023-09-28 00:00:00+01:00,0.012500000186264515,0.012500000186264515,0.012500000186264515,0.012500000186264515,0,0.0,0.0
2023-09-29 00:00:00+01:00,0.012500000186264515,0.012500000186264515,0.012500000186264515,0.012500000186264515,0,0.0,0.0
2023-10-02 00:00:00+01:00,0.012500000186264515,0.012500000186264515,0.012500000186264515,0.012500000186264515,0,0.0,0.0
2023-10-03 00:00:00+01:00,0.012500000186264515,0.012500000186264515,0.012500000186264515,0.012500000186264515,0,0.0,0.0
2023-10-04 00:00:00+01:00,0.012500000186264515,0.012500000186264515,0.012500000186264515,0.012500000186264515,0,0.0,0.0
2023-10-05 00:00:00+01:00,0.012500000186264515,0.0215000007301569,0.0215000007301569,0.019500000402331352,239973,0.0,0.0
2023-10-06 00:00:00+01:00,0.019500000402331352,0.01850000023841858,0.017000000923871994,0.019999999552965164,118210,0.0,0.0
2023-10-09 00:00:00+01:00,0.019999999552965164,0.019999999552965164,0.019999999552965164,0.019999999552965164,0,0.0,0.0
2023-10-10 00:00:00+01:00,0.019999999552965164,0.01600000075995922,0.01600000075995922,0.017500000074505806,53494,0.0,0.0
2023-10-11 00:00:00+01:00,0.017500000074505806,0.017999999225139618,0.016699999570846558,0.017500000074505806,26789,0.0,0.0
2023-10-12 00:00:00+01:00,0.017500000074505806,0.017999999225139618,0.015300000086426735,0.017500000074505806,41000,0.0,0.0
2023-10-13 00:00:00+01:00,0.017500000074505806,0.017500000074505806,0.017500000074505806,0.017500000074505806,0,0.0,0.0
2023-10-16 00:00:00+01:00,0.017500000074505806,0.01899999938905239,0.017500000074505806,0.01899999938905239,30500,0.0,0.0
2023-10-17 00:00:00+01:00,0.017500000074505806,0.019999999552965164,0.019999999552965164,0.017500000074505806,26000,0.0,0.0
2023-10-18 00:00:00+01:00,0.017500000074505806,0.019200000911951065,0.014999999664723873,0.01600000075995922,70999,0.0,0.0
2023-10-19 00:00:00+01:00,0.01600000075995922,0.017000000923871994,0.014999999664723873,0.01600000075995922,236000,0.0,0.0
2023-10-20 00:00:00+01:00,0.01600000075995922,0.01759999990463257,0.01759999990463257,0.017500000074505806,9999,0.0,0.0
2023-10-23 00:00:00+01:00,0.017500000074505806,0.019099999219179153,0.019099999219179153,0.017500000074505806,10000,0.0,0.0
2023-10-24 00:00:00+01:00,0.017500000074505806,0.019200000911951065,0.019200000911951065,0.017500000074505806,26862,0.0,0.0
2023-10-25 00:00:00+01:00,0.017500000074505806,0.029999999329447746,0.016100000590085983,0.026000000536441803,643138,0.0,0.0
2023-10-26 00:00:00+01:00,0.02500000037252903,0.028599999845027924,0.028599999845027924,0.02500000037252903,40000,0.0,0.0
2023-10-27 00:00:00+01:00,0.02500000037252903,0.02500000037252903,0.02500000037252903,0.02500000037252903,0,0.0,0.0
2023-10-30 00:00:00+00:00,0.02500000037252903,0.019999999552965164,0.019999999552965164,0.02500000037252903,230,0.0,0.0
2023-10-31 00:00:00+00:00,0.02500000037252903,0.027000000700354576,0.019999999552965164,0.024000000208616257,39934,0.0,0.0
2023-11-01 00:00:00+00:00,0.024000000208616257,0.024000000208616257,0.024000000208616257,0.024000000208616257,0,0.0,0.0
2023-11-02 00:00:00+00:00,0.024000000208616257,0.024000000208616257,0.024000000208616257,0.024000000208616257,0,0.0,0.0
2023-11-03 00:00:00+00:00,0.024000000208616257,0.024000000208616257,0.024000000208616257,0.024000000208616257,0,0.0,0.0
2023-11-06 00:00:00+00:00,0.024000000208616257,0.024000000208616257,0.024000000208616257,0.024000000208616257,0,0.0,0.0
2023-11-07 00:00:00+00:00,0.024000000208616257,0.024000000208616257,0.024000000208616257,0.024000000208616257,0,0.0,0.0
2023-11-08 00:00:00+00:00,0.024000000208616257,0.024000000208616257,0.024000000208616257,0.024000000208616257,0,0.0,0.0
2023-11-09 00:00:00+00:00,0.024000000208616257,0.024000000208616257,0.024000000208616257,0.024000000208616257,0,0.0,0.0
2023-11-10 00:00:00+00:00,0.024000000208616257,0.024000000208616257,0.024000000208616257,0.024000000208616257,0,0.0,0.0
2023-11-13 00:00:00+00:00,0.024000000208616257,0.024000000208616257,0.024000000208616257,0.024000000208616257,0,0.0,0.0
2023-11-14 00:00:00+00:00,0.024000000208616257,0.019999999552965164,0.019999999552965164,0.024000000208616257,4188,0.0,0.0
2023-11-15 00:00:00+00:00,0.024000000208616257,0.024000000208616257,0.024000000208616257,0.024000000208616257,0,0.0,0.0
2023-11-16 00:00:00+00:00,0.024000000208616257,0.024000000208616257,0.024000000208616257,0.024000000208616257,0,0.0,0.0
2023-11-17 00:00:00+00:00,0.024000000208616257,0.019999999552965164,0.019999999552965164,0.024000000208616257,21595,0.0,0.0
2023-11-20 00:00:00+00:00,0.024000000208616257,0.024000000208616257,0.024000000208616257,0.024000000208616257,0,0.0,0.0
2023-11-21 00:00:00+00:00,0.024000000208616257,0.024000000208616257,0.024000000208616257,0.024000000208616257,0,0.0,0.0
2023-11-22 00:00:00+00:00,0.024000000208616257,0.024000000208616257,0.024000000208616257,0.024000000208616257,0,0.0,0.0
2023-11-23 00:00:00+00:00,0.024000000208616257,0.024000000208616257,0.019999999552965164,0.024000000208616257,49465,0.0,0.0
2023-11-24 00:00:00+00:00,0.024000000208616257,0.024000000208616257,0.024000000208616257,0.024000000208616257,0,0.0,0.0
2023-11-27 00:00:00+00:00,0.024000000208616257,0.02500000037252903,0.023000000044703484,0.024000000208616257,93089,0.0,0.0
2023-11-28 00:00:00+00:00,0.024000000208616257,0.024000000208616257,0.024000000208616257,0.024000000208616257,0,0.0,0.0
2023-11-29 00:00:00+00:00,0.024000000208616257,0.020500000566244125,0.019999999552965164,0.024000000208616257,40000,0.0,0.0
2023-11-30 00:00:00+00:00,0.024000000208616257,0.024000000208616257,0.024000000208616257,0.024000000208616257,0,0.0,0.0
2023-12-01 00:00:00+00:00,0.024000000208616257,0.024000000208616257,0.024000000208616257,0.024000000208616257,0,0.0,0.0
2023-12-04 00:00:00+00:00,0.024000000208616257,0.024000000208616257,0.024000000208616257,0.024000000208616257,0,0.0,0.0
2023-12-05 00:00:00+00:00,0.024000000208616257,0.024000000208616257,0.024000000208616257,0.024000000208616257,0,0.0,0.0
2023-12-06 00:00:00+00:00,0.024000000208616257,0.027000000700354576,0.027000000700354576,0.024000000208616257,150000,0.0,0.0
2023-12-07 00:00:00+00:00,0.024000000208616257,0.024000000208616257,0.024000000208616257,0.024000000208616257,0,0.0,0.0
2023-12-08 00:00:00+00:00,0.024000000208616257,0.020800000056624413,0.020800000056624413,0.024000000208616257,4872,0.0,0.0
2023-12-11 00:00:00+00:00,0.024000000208616257,0.024000000208616257,0.024000000208616257,0.024000000208616257,0,0.0,0.0
2023-12-12 00:00:00+00:00,0.024000000208616257,0.024000000208616257,0.024000000208616257,0.024000000208616257,0,0.0,0.0
2023-12-13 00:00:00+00:00,0.024000000208616257,0.029999999329447746,0.02199999988079071,0.03200000151991844,231600,0.0,0.0
2023-12-14 00:00:00+00:00,0.03200000151991844,0.029600000008940697,0.029600000008940697,0.03200000151991844,1000,0.0,0.0
2023-12-15 00:00:00+00:00,0.03200000151991844,0.032600000500679016,0.03060000017285347,0.032499998807907104,118540,0.0,0.0
2023-12-18 00:00:00+00:00,0.032499998807907104,0.03125,0.03125,0.032499998807907104,43400,0.0,0.0
2023-12-19 00:00:00+00:00,0.032499998807907104,0.032499998807907104,0.032499998807907104,0.032499998807907104,0,0.0,0.0
2023-12-20 00:00:00+00:00,0.032499998807907104,0.032499998807907104,0.032499998807907104,0.032499998807907104,0,0.0,0.0
2023-12-21 00:00:00+00:00,0.032499998807907104,0.029400000348687172,0.029400000348687172,0.032499998807907104,1092,0.0,0.0
2023-12-22 00:00:00+00:00,0.032499998807907104,0.03060000017285347,0.03060000017285347,0.032499998807907104,1500,0.0,0.0
2023-12-27 00:00:00+00:00,0.032499998807907104,0.032499998807907104,0.032499998807907104,0.032499998807907104,0,0.0,0.0
2023-12-28 00:00:00+00:00,0.032499998807907104,0.032499998807907104,0.032499998807907104,0.032499998807907104,0,0.0,0.0
2023-12-29 00:00:00+00:00,0.032499998807907104,0.032499998807907104,0.032499998807907104,0.032499998807907104,0,0.0,0.0
2024-01-02 00:00:00+00:00,0.032499998807907104,0.032499998807907104,0.032499998807907104,0.032499998807907104,0,0.0,0.0
2024-01-03 00:00:00+00:00,0.032499998807907104,0.032499998807907104,0.032499998807907104,0.032499998807907104,0,0.0,0.0
2024-01-04 00:00:00+00:00,0.032499998807907104,0.03060000017285347,0.03060000017285347,0.032499998807907104,686,0.0,0.0
2024-01-05 00:00:00+00:00,0.032499998807907104,0.03060000017285347,0.03060000017285347,0.032499998807907104,510,0.0,0.0
2024-01-08 00:00:00+00:00,0.032499998807907104,0.032499998807907104,0.032499998807907104,0.032499998807907104,0,0.0,0.0
2024-01-09 00:00:00+00:00,0.032499998807907104,0.032499998807907104,0.032499998807907104,0.032499998807907104,0,0.0,0.0
2024-01-10 00:00:00+00:00,0.032499998807907104,0.032499998807907104,0.032499998807907104,0.032499998807907104,0,0.0,0.0
2024-01-11 00:00:00+00:00,0.032499998807907104,0.032499998807907104,0.032499998807907104,0.032499998807907104,0,0.0,0.0
2024-01-12 00:00:00+00:00,0.032499998807907104,0.03375000134110451,0.03375000134110451,0.032499998807907104,3267,0.0,0.0
2024-01-15 00:00:00+00:00,0.032499998807907104,0.032499998807907104,0.032499998807907104,0.032499998807907104,0,0.0,0.0
2024-01-16 00:00:00+00:00,0.032499998807907104,0.032499998807907104,0.032499998807907104,0.032499998807907104,0,0.0,0.0
2024-01-17 00:00:00+00:00,0.032499998807907104,0.03125,0.03125,0.032499998807907104,3886,0.0,0.0
2024-01-18 00:00:00+00:00,0.032499998807907104,0.032499998807907104,0.032499998807907104,0.032499998807907104,0,0.0,0.0
2024-01-19 00:00:00+00:00,0.029999999329447746,0.029999999329447746,0.029999999329447746,0.029999999329447746,0,0.0,0.0
2024-01-22 00:00:00+00:00,0.032499998807907104,0.032499998807907104,0.032499998807907104,0.032499998807907104,0,0.0,0.0
2024-01-23 00:00:00+00:00,0.029999999329447746,0.029999999329447746,0.029999999329447746,0.029999999329447746,0,0.0,0.0
2024-01-24 00:00:00+00:00,0.029999999329447746,0.029999999329447746,0.029999999329447746,0.029999999329447746,0,0.0,0.0
2024-01-25 00:00:00+00:00,0.029999999329447746,0.029999999329447746,0.029999999329447746,0.029999999329447746,0,0.0,0.0
2024-01-26 00:00:00+00:00,0.029999999329447746,0.029999999329447746,0.029999999329447746,0.029999999329447746,0,0.0,0.0
2024-01-29 00:00:00+00:00,0.032499998807907104,0.03009999915957451,0.029999999329447746,0.029999999329447746,32902,0.0,0.0
2024-01-30 00:00:00+00:00,0.029999999329447746,0.029999999329447746,0.029999999329447746,0.029999999329447746,0,0.0,0.0
2024-01-31 00:00:00+00:00,0.029999999329447746,0.029999999329447746,0.029999999329447746,0.029999999329447746,0,0.0,0.0
2024-02-01 00:00:00+00:00,0.032499998807907104,0.032499998807907104,0.032499998807907104,0.032499998807907104,0,0.0,0.0
2024-02-02 00:00:00+00:00,0.032499998807907104,0.032499998807907104,0.032499998807907104,0.032499998807907104,0,0.0,0.0
2024-02-05 00:00:00+00:00,3.25,3.25,3.25,3.25,0,0.0,0.0
2024-02-06 00:00:00+00:00,3.25,3.25,3.25,3.25,0,0.0,0.0
2024-02-07 00:00:00+00:00,3.25,3.25,3.25,3.25,0,0.0,0.0
2024-02-08 00:00:00+00:00,3.25,3.25,3.25,3.25,0,0.0,0.0
2024-02-09 00:00:00+00:00,3.25,3.25,3.25,3.25,0,0.0,0.0
2024-02-12 00:00:00+00:00,3.25,3.25,3.25,3.25,0,0.0,0.0
2024-02-13 00:00:00+00:00,3.25,3.0,3.0,3.0,25000,0.0,0.0
2024-02-14 00:00:00+00:00,3.0,3.0,3.0,3.0,0,0.0,0.0
2024-02-15 00:00:00+00:00,0.029999999329447746,0.029999999329447746,0.029999999329447746,0.029999999329447746,0,0.0,0.0
2024-02-16 00:00:00+00:00,0.029999999329447746,0.029999999329447746,0.029999999329447746,0.029999999329447746,0,0.0,0.0
2024-02-19 00:00:00+00:00,3.0,3.0,3.0,3.0,0,0.0,0.0
2024-02-20 00:00:00+00:00,3.0,3.0,3.0,3.0,0,0.0,0.0
2024-02-21 00:00:00+00:00,3.0,3.0,3.0,3.0,0,0.0,0.0
2024-02-22 00:00:00+00:00,3.0,3.0,3.0,3.0,0,0.0,0.0
2024-02-23 00:00:00+00:00,3.0,3.0,3.0,3.0,0,0.0,0.0
2024-02-26 00:00:00+00:00,3.0,3.0,3.0,3.0,0,0.0,0.0
2024-02-27 00:00:00+00:00,3.0,3.0,3.0,3.0,0,0.0,0.0
2024-02-28 00:00:00+00:00,3.0,2.5,2.5,3.0,45047,0.0,0.0
2024-02-29 00:00:00+00:00,3.0,3.0,3.0,3.0,0,0.0,0.0
2024-03-01 00:00:00+00:00,0.029999999329447746,0.029999999329447746,0.029999999329447746,0.029999999329447746,0,0.0,0.0
2024-03-04 00:00:00+00:00,0.029999999329447746,0.029999999329447746,0.029999999329447746,0.029999999329447746,0,0.0,0.0
2024-03-05 00:00:00+00:00,3.0,3.0,3.0,3.0,0,0.0,0.0
2024-03-06 00:00:00+00:00,3.0,3.0,3.0,3.0,0,0.0,0.0
2024-03-07 00:00:00+00:00,3.0,3.0,3.0,3.0,0,0.0,0.0
2024-03-08 00:00:00+00:00,3.0,3.0,3.0,3.0,0,0.0,0.0
2024-03-11 00:00:00+00:00,3.0,3.0,3.0,3.0,0,0.0,0.0
2024-03-12 00:00:00+00:00,3.0,3.0,3.0,3.0,0,0.0,0.0
2024-03-13 00:00:00+00:00,3.0,3.0,3.0,3.0,0,0.0,0.0
2024-03-14 00:00:00+00:00,3.0,2.200000047683716,2.200000047683716,2.75,122434,0.0,0.0
2024-03-15 00:00:00+00:00,2.5,2.5,2.5,2.5,0,0.0,0.0
2024-03-18 00:00:00+00:00,2.5,2.5,2.5,2.5,0,0.0,0.0
2024-03-19 00:00:00+00:00,2.5,2.200000047683716,2.200000047683716,2.200000047683716,100,0.0,0.0
2024-03-20 00:00:00+00:00,2.5,2.5,2.5,2.5,0,0.0,0.0
2024-03-21 00:00:00+00:00,2.5,2.0199999809265137,2.0199999809265137,2.25,12919,0.0,0.0
2024-03-22 00:00:00+00:00,2.25,2.25,2.25,2.25,0,0.0,0.0
2024-03-25 00:00:00+00:00,2.25,2.25,2.25,2.25,0,0.0,0.0
2024-03-26 00:00:00+00:00,2.25,2.0,2.0,2.25,1816,0.0,0.0
2024-03-27 00:00:00+00:00,2.25,2.25,2.25,2.25,0,0.0,0.0
2024-03-28 00:00:00+00:00,0.02250000089406967,0.02250000089406967,0.02250000089406967,0.02250000089406967,0,0.0,0.0
2024-04-02 00:00:00+01:00,2.25,2.25,2.25,2.25,0,0.0,0.0
2024-04-03 00:00:00+01:00,2.25,2.25,2.25,2.25,0,0.0,0.0
2024-04-04 00:00:00+01:00,2.25,2.25,2.25,2.25,0,0.0,0.0
2024-04-05 00:00:00+01:00,2.25,2.25,2.25,2.25,0,0.0,0.0
2024-04-08 00:00:00+01:00,2.25,2.0,2.0,2.0,1361,0.0,0.0
2024-04-09 00:00:00+01:00,2.125,2.125,2.125,2.125,0,0.0,0.0
2024-04-10 00:00:00+01:00,2.125,2.125,2.125,2.125,0,0.0,0.0
2024-04-11 00:00:00+01:00,2.125,2.125,2.125,2.125,0,0.0,0.0
2024-04-12 00:00:00+01:00,2.125,2.125,2.125,2.125,0,0.0,0.0
2024-04-15 00:00:00+01:00,2.125,2.125,2.125,2.125,0,0.0,0.0
2024-04-16 00:00:00+01:00,2.125,1.7999999523162842,1.7999999523162842,2.125,1975,0.0,0.0
2024-04-17 00:00:00+01:00,2.125,2.125,2.125,2.125,0,0.0,0.0
2024-04-18 00:00:00+01:00,2.125,2.125,2.125,2.125,0,0.0,0.0
2024-04-19 00:00:00+01:00,2.125,2.125,2.125,2.125,0,0.0,0.0
2024-04-22 00:00:00+01:00,2.125,2.125,2.125,2.125,0,0.0,0.0
2024-04-23 00:00:00+01:00,2.125,1.7999999523162842,1.7999999523162842,2.125,41127,0.0,0.0
2024-04-24 00:00:00+01:00,2.125,2.125,2.125,2.125,0,0.0,0.0
2024-04-25 00:00:00+01:00,0.021250000223517418,0.021250000223517418,0.021250000223517418,0.021250000223517418,0,0.0,0.0
2024-04-26 00:00:00+01:00,0.021250000223517418,0.021250000223517418,0.021250000223517418,0.021250000223517418,0,0.0,0.0
2024-04-29 00:00:00+01:00,0.021250000223517418,0.021250000223517418,0.021250000223517418,0.021250000223517418,0,0.0,0.0
2024-04-30 00:00:00+01:00,0.021250000223517418,0.021250000223517418,0.021250000223517418,0.021250000223517418,0,0.0,0.0
2024-05-01 00:00:00+01:00,0.021250000223517418,0.021250000223517418,0.021250000223517418,0.021250000223517418,0,0.0,0.0
2024-05-02 00:00:00+01:00,0.021250000223517418,0.021250000223517418,0.021250000223517418,0.021250000223517418,0,0.0,0.0
2024-05-03 00:00:00+01:00,0.021250000223517418,0.021250000223517418,0.021250000223517418,0.021250000223517418,0,0.0,0.0
2024-05-07 00:00:00+01:00,0.021250000223517418,0.021250000223517418,0.021250000223517418,0.021250000223517418,0,0.0,0.0
2024-05-08 00:00:00+01:00,0.021250000223517418,0.021250000223517418,0.021250000223517418,0.021250000223517418,0,0.0,0.0
2024-05-09 00:00:00+01:00,0.021250000223517418,0.021250000223517418,0.021250000223517418,0.021250000223517418,0,0.0,0.0
2024-05-10 00:00:00+01:00,0.021250000223517418,0.021250000223517418,0.021250000223517418,0.021250000223517418,0,0.0,0.0
2024-05-13 00:00:00+01:00,2.125,2.125,2.125,2.125,0,0.0,0.0
2024-05-14 00:00:00+01:00,2.125,2.125,2.125,2.125,0,0.0,0.0
2024-05-15 00:00:00+01:00,2.125,2.125,2.125,2.125,0,0.0,0.0
2024-05-16 00:00:00+01:00,2.125,2.125,2.125,2.125,0,0.0,0.0
2024-05-17 00:00:00+01:00,2.125,2.125,2.125,2.125,0,0.0,0.0
2024-05-20 00:00:00+01:00,2.125,1.7699999809265137,1.7699999809265137,2.125,1125,0.0,0.0
2024-05-21 00:00:00+01:00,2.125,2.125,2.125,2.125,0,0.0,0.0
2024-05-22 00:00:00+01:00,0.021250000223517418,0.021250000223517418,0.021250000223517418,0.021250000223517418,0,0.0,0.0
2024-05-23 00:00:00+01:00,0.021250000223517418,0.021250000223517418,0.021250000223517418,0.021250000223517418,0,0.0,0.0
2024-05-24 00:00:00+01:00,0.021250000223517418,0.021250000223517418,0.021250000223517418,0.021250000223517418,0,0.0,0.0
2024-05-28 00:00:00+01:00,0.021250000223517418,0.021250000223517418,0.021250000223517418,0.021250000223517418,0,0.0,0.0
2024-05-29 00:00:00+01:00,2.125,2.125,2.125,2.125,0,0.0,0.0
2024-05-30 00:00:00+01:00,2.125,2.125,2.125,2.125,0,0.0,0.0
2024-05-31 00:00:00+01:00,2.125,2.125,2.125,2.125,0,0.0,0.0
2024-06-03 00:00:00+01:00,2.125,2.125,2.125,2.125,0,0.0,0.0
2024-06-04 00:00:00+01:00,2.125,2.125,2.125,2.125,0,0.0,0.0
2024-06-05 00:00:00+01:00,2.125,2.125,2.125,2.125,0,0.0,0.0
2024-06-06 00:00:00+01:00,2.125,2.125,2.125,2.125,0,0.0,0.0
2024-06-07 00:00:00+01:00,2.125,2.1500000953674316,2.1500000953674316,2.125,1760,0.0,0.0
2024-06-10 00:00:00+01:00,2.125,2.125,2.125,2.125,0,0.0,0.0
2024-06-11 00:00:00+01:00,2.125,2.125,2.125,2.125,0,0.0,0.0
2024-06-12 00:00:00+01:00,2.125,2.125,2.125,2.125,0,0.0,0.0
2024-06-13 00:00:00+01:00,2.125,1.75,1.75,2.125,11000,0.0,0.0
2024-06-14 00:00:00+01:00,2.125,2.1500000953674316,2.1500000953674316,2.125,3424,0.0,0.0
2024-06-17 00:00:00+01:00,2.125,2.125,2.125,2.125,0,0.0,0.0
2024-06-18 00:00:00+01:00,2.125,1.75,1.75,2.0,150000,0.0,0.0
2024-06-19 00:00:00+01:00,2.0,2.0,2.0,2.0,0,0.0,0.0
2024-06-20 00:00:00+01:00,2.0,1.8200000524520874,1.8200000524520874,2.0,25356,0.0,0.0
2024-06-21 00:00:00+01:00,2.0,2.0,2.0,2.0,0,0.0,0.0
2024-06-24 00:00:00+01:00,2.0,2.0,2.0,2.0,0,0.0,0.0
2024-06-25 00:00:00+01:00,2.0,1.5499999523162842,1.5499999523162842,2.0,20000,0.0,0.0
2024-06-26 00:00:00+01:00,2.0,2.0,2.0,2.0,0,0.0,0.0
2024-06-27 00:00:00+01:00,0.019999999552965164,0.019999999552965164,0.019999999552965164,0.019999999552965164,0,0.0,0.0
2024-06-28 00:00:00+01:00,0.019999999552965164,0.019999999552965164,0.019999999552965164,0.019999999552965164,0,0.0,0.0
2024-07-01 00:00:00+01:00,0.019999999552965164,0.019999999552965164,0.019999999552965164,0.019999999552965164,0,0.0,0.0
2024-07-02 00:00:00+01:00,2.0,2.0,2.0,2.0,0,0.0,0.0
2024-07-03 00:00:00+01:00,2.0,2.0,2.0,2.0,0,0.0,0.0
2024-07-04 00:00:00+01:00,2.0,2.0,2.0,2.0,0,0.0,0.0
2024-07-05 00:00:00+01:00,2.0,2.0,2.0,2.0,0,0.0,0.0
2024-07-08 00:00:00+01:00,2.0,2.0,2.0,2.0,0,0.0,0.0
2024-07-09 00:00:00+01:00,2.0,2.0,2.0,2.0,0,0.0,0.0
2024-07-10 00:00:00+01:00,2.0,2.0,2.0,2.0,0,0.0,0.0
2024-07-11 00:00:00+01:00,2.0,1.899999976158142,1.899999976158142,2.0,1626,0.0,0.0
2024-07-12 00:00:00+01:00,2.0,2.0,2.0,2.0,0,0.0,0.0
2024-07-15 00:00:00+01:00,2.0,2.0,2.0,2.0,0,0.0,0.0
2024-07-16 00:00:00+01:00,2.0,2.0,2.0,2.0,0,0.0,0.0
2024-07-17 00:00:00+01:00,2.0,2.0,2.0,2.0,0,0.0,0.0
2024-07-18 00:00:00+01:00,2.0,2.0,2.0,2.0,0,0.0,0.0
2024-07-19 00:00:00+01:00,1.75,1.75,1.75,1.75,0,0.0,0.0
2024-07-22 00:00:00+01:00,1.75,1.75,1.75,1.75,0,0.0,0.0
2024-07-23 00:00:00+01:00,1.75,1.75,1.75,1.75,0,0.0,0.0
2024-07-24 00:00:00+01:00,1.75,1.75,1.75,1.75,0,0.0,0.0
2024-07-25 00:00:00+01:00,1.75,1.75,1.75,1.75,0,0.0,0.0
2024-07-26 00:00:00+01:00,1.75,1.75,1.75,1.75,0,0.0,0.0
2024-07-29 00:00:00+01:00,1.75,1.5099999904632568,1.5099999904632568,1.75,5000,0.0,0.0
2024-07-30 00:00:00+01:00,1.75,1.75,1.75,1.75,0,0.0,0.0
2024-07-31 00:00:00+01:00,1.75,1.75,1.75,1.75,0,0.0,0.0
2024-08-01 00:00:00+01:00,1.75,1.899999976158142,1.899999976158142,1.75,1,0.0,0.0
2024-08-02 00:00:00+01:00,1.75,1.75,1.75,1.75,0,0.0,0.0
2024-08-05 00:00:00+01:00,1.75,1.75,1.75,1.75,0,0.0,0.0
2024-08-06 00:00:00+01:00,1.75,1.75,1.75,1.75,0,0.0,0.0
2024-08-07 00:00:00+01:00,1.75,1.75,1.75,1.75,0,0.0,0.0
2024-08-08 00:00:00+01:00,1.75,1.75,1.75,1.75,0,0.0,0.0
2024-08-09 00:00:00+01:00,1.75,1.75,1.75,1.75,0,0.0,0.0
2024-08-12 00:00:00+01:00,1.75,1.5099999904632568,1.5099999904632568,1.75,6186,0.0,0.0
2024-08-13 00:00:00+01:00,1.75,1.75,1.75,1.75,0,0.0,0.0
2024-08-14 00:00:00+01:00,1.75,1.75,1.75,1.75,0,0.0,0.0
2024-08-15 00:00:00+01:00,1.75,1.75,1.75,1.75,0,0.0,0.0
2024-08-16 00:00:00+01:00,1.75,1.6100000143051147,1.600000023841858,1.75,23793,0.0,0.0
2024-08-19 00:00:00+01:00,0.017500000074505806,0.017500000074505806,0.017500000074505806,0.017500000074505806,0,0.0,0.0
2024-08-20 00:00:00+01:00,0.017500000074505806,0.017500000074505806,0.017500000074505806,0.017500000074505806,0,0.0,0.0
2024-08-21 00:00:00+01:00,0.017500000074505806,0.017500000074505806,0.017500000074505806,0.017500000074505806,0,0.0,0.0
2024-08-22 00:00:00+01:00,0.017500000074505806,0.017500000074505806,0.017500000074505806,0.017500000074505806,0,0.0,0.0
2024-08-23 00:00:00+01:00,0.019999999552965164,0.019999999552965164,0.019999999552965164,0.019999999552965164,0,0.0,0.0
2024-08-27 00:00:00+01:00,0.019999999552965164,0.019999999552965164,0.019999999552965164,0.019999999552965164,0,0.0,0.0
2024-08-28 00:00:00+01:00,0.019999999552965164,0.019999999552965164,0.019999999552965164,0.019999999552965164,0,0.0,0.0
2024-08-29 00:00:00+01:00,0.019999999552965164,0.019999999552965164,0.019999999552965164,0.019999999552965164,0,0.0,0.0
2024-08-30 00:00:00+01:00,0.019999999552965164,0.019999999552965164,0.019999999552965164,0.019999999552965164,0,0.0,0.0
2024-09-02 00:00:00+01:00,0.019999999552965164,0.019999999552965164,0.019999999552965164,0.019999999552965164,0,0.0,0.0
2024-09-03 00:00:00+01:00,0.019999999552965164,0.019999999552965164,0.019999999552965164,0.019999999552965164,0,0.0,0.0
2024-09-04 00:00:00+01:00,0.019999999552965164,0.019999999552965164,0.019999999552965164,0.019999999552965164,0,0.0,0.0
2024-09-05 00:00:00+01:00,0.019999999552965164,0.019999999552965164,0.019999999552965164,0.019999999552965164,0,0.0,0.0
2024-09-06 00:00:00+01:00,0.019999999552965164,0.019999999552965164,0.019999999552965164,0.019999999552965164,0,0.0,0.0
2024-09-09 00:00:00+01:00,2.0,2.0,2.0,2.0,0,0.0,0.0
2024-09-10 00:00:00+01:00,2.0,2.0,2.0,2.0,0,0.0,0.0
2024-09-11 00:00:00+01:00,2.0,2.0,2.0,2.0,0,0.0,0.0
2024-09-12 00:00:00+01:00,2.0,2.0,2.0,2.0,0,0.0,0.0
2024-09-13 00:00:00+01:00,2.0,2.0,2.0,2.0,0,0.0,0.0
2024-09-16 00:00:00+01:00,2.0,2.0,2.0,2.0,0,0.0,0.0
2024-09-17 00:00:00+01:00,2.0,2.3299999237060547,2.3299999237060547,2.0,34164,0.0,0.0
2024-09-18 00:00:00+01:00,2.0,2.0,2.0,2.0,0,0.0,0.0
2024-09-19 00:00:00+01:00,2.0,1.6699999570846558,1.6699999570846558,2.0,1158,0.0,0.0
2024-09-20 00:00:00+01:00,2.0,2.0,2.0,2.0,0,0.0,0.0
2024-09-23 00:00:00+01:00,2.0,2.0,2.0,2.0,0,0.0,0.0
2024-09-24 00:00:00+01:00,2.0,2.0,2.0,2.0,0,0.0,0.0
2024-09-25 00:00:00+01:00,2.0,2.0,2.0,2.0,0,0.0,0.0
2024-09-26 00:00:00+01:00,2.0,1.6699999570846558,1.6699999570846558,2.0,10323,0.0,0.0
2024-09-27 00:00:00+01:00,2.0,1.600000023841858,1.600000023841858,2.0,12500,0.0,0.0
2024-09-30 00:00:00+01:00,2.0,2.0,2.0,2.0,0,0.0,0.0
2024-10-01 00:00:00+01:00,2.0,2.0,2.0,2.0,0,0.0,0.0
2024-10-02 00:00:00+01:00,2.0,2.0,2.0,2.0,0,0.0,0.0
2024-10-03 00:00:00+01:00,2.0,2.0,2.0,2.0,0,0.0,0.0
2024-10-04 00:00:00+01:00,2.0,2.0,2.0,2.0,0,0.0,0.0
2024-10-07 00:00:00+01:00,2.0,1.600000023841858,1.600000023841858,2.0,43089,0.0,0.0
2024-10-08 00:00:00+01:00,2.0,2.0,2.0,2.0,0,0.0,0.0
2024-10-09 00:00:00+01:00,2.0,2.0,2.0,2.0,0,0.0,0.0
2024-10-10 00:00:00+01:00,2.0,2.0,2.0,2.0,0,0.0,0.0
2024-10-11 00:00:00+01:00,2.0,2.0,2.0,2.0,0,0.0,0.0
2024-10-14 00:00:00+01:00,2.0,1.5499999523162842,1.5499999523162842,2.0,8422,0.0,0.0
2024-10-15 00:00:00+01:00,2.0,1.5499999523162842,1.5499999523162842,2.0,3017,0.0,0.0
2024-10-16 00:00:00+01:00,2.0,2.0,2.0,2.0,0,0.0,0.0
2024-10-17 00:00:00+01:00,2.0,2.0,2.0,2.0,0,0.0,0.0
2024-10-18 00:00:00+01:00,2.0,2.0,2.0,2.0,0,0.0,0.0
2024-10-21 00:00:00+01:00,2.0,2.0,2.0,2.0,0,0.0,0.0
2024-10-22 00:00:00+01:00,2.0,2.0,2.0,2.0,0,0.0,0.0
2024-10-23 00:00:00+01:00,2.0,2.0,2.0,2.0,0,0.0,0.0
2024-10-24 00:00:00+01:00,2.0,1.5499999523162842,1.5499999523162842,2.0,1712,0.0,0.0
2024-10-25 00:00:00+01:00,2.0,2.0,2.0,2.0,0,0.0,0.0
2024-10-28 00:00:00+00:00,0.019999999552965164,0.019999999552965164,0.019999999552965164,0.019999999552965164,0,0.0,0.0
2024-10-29 00:00:00+00:00,0.019999999552965164,0.019999999552965164,0.019999999552965164,0.019999999552965164,0,0.0,0.0
2024-10-30 00:00:00+00:00,0.019999999552965164,0.019999999552965164,0.019999999552965164,0.019999999552965164,0,0.0,0.0
2024-10-31 00:00:00+00:00,0.019999999552965164,0.019999999552965164,0.019999999552965164,0.019999999552965164,0,0.0,0.0
2024-11-01 00:00:00+00:00,0.019999999552965164,0.019999999552965164,0.019999999552965164,0.019999999552965164,0,0.0,0.0
2024-11-04 00:00:00+00:00,0.019999999552965164,0.019999999552965164,0.019999999552965164,0.019999999552965164,0,0.0,0.0
2024-11-05 00:00:00+00:00,0.019999999552965164,0.019999999552965164,0.019999999552965164,0.019999999552965164,0,0.0,0.0
2024-11-06 00:00:00+00:00,0.019999999552965164,0.019999999552965164,0.019999999552965164,0.019999999552965164,0,0.0,0.0
2024-11-07 00:00:00+00:00,0.019999999552965164,0.019999999552965164,0.019999999552965164,0.019999999552965164,0,0.0,0.0
2024-11-08 00:00:00+00:00,0.019999999552965164,0.019999999552965164,0.019999999552965164,0.019999999552965164,0,0.0,0.0
2024-11-11 00:00:00+00:00,0.019999999552965164,0.019999999552965164,0.019999999552965164,0.019999999552965164,0,0.0,0.0
2024-11-12 00:00:00+00:00,0.019999999552965164,0.019999999552965164,0.019999999552965164,0.019999999552965164,0,0.0,0.0
2024-11-13 00:00:00+00:00,0.019999999552965164,0.019999999552965164,0.019999999552965164,0.019999999552965164,0,0.0,0.0
2024-11-14 00:00:00+00:00,0.019999999552965164,0.019999999552965164,0.019999999552965164,0.019999999552965164,0,0.0,0.0
2024-11-15 00:00:00+00:00,0.019999999552965164,0.019999999552965164,0.019999999552965164,0.019999999552965164,0,0.0,0.0
2024-11-18 00:00:00+00:00,0.019999999552965164,0.019999999552965164,0.019999999552965164,0.019999999552965164,0,0.0,0.0
2024-11-19 00:00:00+00:00,0.019999999552965164,0.019999999552965164,0.019999999552965164,0.019999999552965164,0,0.0,0.0
2024-11-20 00:00:00+00:00,0.019999999552965164,0.019999999552965164,0.019999999552965164,0.019999999552965164,0,0.0,0.0
2024-11-21 00:00:00+00:00,0.019999999552965164,0.019999999552965164,0.019999999552965164,0.019999999552965164,0,0.0,0.0
2024-11-22 00:00:00+00:00,0.019999999552965164,0.019999999552965164,0.019999999552965164,0.019999999552965164,0,0.0,0.0
2024-11-25 00:00:00+00:00,0.019999999552965164,0.019999999552965164,0.019999999552965164,0.019999999552965164,0,0.0,0.0
2024-11-26 00:00:00+00:00,2.0,2.0,2.0,2.0,0,0.0,0.0
2024-11-27 00:00:00+00:00,2.0,2.0,2.0,2.0,0,0.0,0.0
2024-11-28 00:00:00+00:00,2.0,2.0,2.0,2.0,0,0.0,0.0
2024-11-29 00:00:00+00:00,2.0,2.0,2.0,2.0,0,0.0,0.0
2024-12-02 00:00:00+00:00,2.0,2.0,2.0,2.0,0,0.0,0.0
2024-12-03 00:00:00+00:00,2.0,2.0,2.0,2.0,0,0.0,0.0
2024-12-04 00:00:00+00:00,2.0,2.0,2.0,2.0,0,0.0,0.0
2024-12-05 00:00:00+00:00,2.0,1.5,1.5,1.399999976158142,175000,0.0,0.0
2024-12-06 00:00:00+00:00,1.399999976158142,1.399999976158142,1.399999976158142,1.399999976158142,0,0.0,0.0
2024-12-09 00:00:00+00:00,0.014000000432133675,0.014000000432133675,0.014000000432133675,0.014000000432133675,0,0.0,0.0
2024-12-10 00:00:00+00:00,0.014000000432133675,0.014000000432133675,0.014000000432133675,0.014000000432133675,0,0.0,0.0
2024-12-11 00:00:00+00:00,0.014000000432133675,0.014000000432133675,0.014000000432133675,0.014000000432133675,0,0.0,0.0
2024-12-12 00:00:00+00:00,0.014000000432133675,0.014000000432133675,0.014000000432133675,0.014000000432133675,0,0.0,0.0
2024-12-13 00:00:00+00:00,0.014000000432133675,0.014000000432133675,0.014000000432133675,0.014000000432133675,0,0.0,0.0
2024-12-16 00:00:00+00:00,0.014000000432133675,0.014000000432133675,0.014000000432133675,0.014000000432133675,0,0.0,0.0
2024-12-17 00:00:00+00:00,0.014000000432133675,0.014000000432133675,0.014000000432133675,0.014000000432133675,0,0.0,0.0
2024-12-18 00:00:00+00:00,0.014000000432133675,0.014000000432133675,0.014000000432133675,0.014000000432133675,0,0.0,0.0
2024-12-19 00:00:00+00:00,0.014000000432133675,0.014000000432133675,0.014000000432133675,0.014000000432133675,0,0.0,0.0
2024-12-20 00:00:00+00:00,0.014000000432133675,0.014000000432133675,0.014000000432133675,0.014000000432133675,0,0.0,0.0
2024-12-23 00:00:00+00:00,1.399999976158142,1.399999976158142,1.399999976158142,1.399999976158142,0,0.0,0.0
2024-12-24 00:00:00+00:00,1.399999976158142,1.399999976158142,1.399999976158142,1.399999976158142,0,0.0,0.0
2024-12-27 00:00:00+00:00,1.399999976158142,1.399999976158142,1.399999976158142,1.399999976158142,0,0.0,0.0
2024-12-30 00:00:00+00:00,1.399999976158142,1.7200000286102295,1.7200000286102295,1.399999976158142,10878,0.0,0.0
2024-12-31 00:00:00+00:00,1.399999976158142,1.399999976158142,1.399999976158142,1.399999976158142,0,0.0,0.0
2025-01-02 00:00:00+00:00,0.014000000432133675,0.014000000432133675,0.014000000432133675,0.014000000432133675,0,0.0,0.0
2025-01-03 00:00:00+00:00,0.014000000432133675,0.014000000432133675,0.014000000432133675,0.014000000432133675,0,0.0,0.0
2025-01-06 00:00:00+00:00,1.399999976158142,1.399999976158142,1.399999976158142,1.399999976158142,0,0.0,0.0
2025-01-07 00:00:00+00:00,1.399999976158142,1.399999976158142,1.399999976158142,1.399999976158142,0,0.0,0.0
2025-01-08 00:00:00+00:00,1.399999976158142,1.399999976158142,1.399999976158142,1.399999976158142,0,0.0,0.0
2025-01-09 00:00:00+00:00,1.399999976158142,1.399999976158142,1.399999976158142,1.399999976158142,0,0.0,0.0
2025-01-10 00:00:00+00:00,1.399999976158142,1.399999976158142,1.399999976158142,1.399999976158142,0,0.0,0.0
2025-01-13 00:00:00+00:00,1.399999976158142,1.399999976158142,1.399999976158142,1.399999976158142,0,0.0,0.0
2025-01-14 00:00:00+00:00,1.399999976158142,1.0399999618530273,1.0399999618530273,1.25,57958,0.0,0.0
2025-01-15 00:00:00+00:00,1.25,1.25,1.25,1.25,0,0.0,0.0
2025-01-16 00:00:00+00:00,1.25,1.25,1.25,1.25,0,0.0,0.0
2025-01-17 00:00:00+00:00,1.25,1.25,1.25,1.25,0,0.0,0.0
2025-01-20 00:00:00+00:00,1.25,1.25,1.25,1.25,0,0.0,0.0
2025-01-21 00:00:00+00:00,1.25,1.25,1.25,1.25,0,0.0,0.0
2025-01-22 00:00:00+00:00,1.25,1.25,1.25,1.25,0,0.0,0.0
2025-01-23 00:00:00+00:00,1.25,1.4500000476837158,1.4500000476837158,1.25,6450,0.0,0.0
2025-01-24 00:00:00+00:00,1.25,1.25,1.25,1.25,0,0.0,0.0
2025-01-27 00:00:00+00:00,1.25,1.25,1.25,1.25,0,0.0,0.0
2025-01-28 00:00:00+00:00,1.25,1.25,1.25,1.25,0,0.0,0.0
2025-01-29 00:00:00+00:00,1.25,1.25,1.25,1.25,0,0.0,0.0
2025-01-30 00:00:00+00:00,1.25,1.5,1.5,1.25,50000,0.0,0.0
2025-01-31 00:00:00+00:00,1.25,1.25,1.25,1.25,0,0.0,0.0
2025-02-03 00:00:00+00:00,0.012500000186264515,0.012500000186264515,0.012500000186264515,0.012500000186264515,0,0.0,0.0
2025-02-04 00:00:00+00:00,0.012500000186264515,0.012500000186264515,0.012500000186264515,0.012500000186264515,0,0.0,0.0
2025-02-05 00:00:00+00:00,0.012500000186264515,0.012500000186264515,0.012500000186264515,0.012500000186264515,0,0.0,0.0
2025-02-06 00:00:00+00:00,0.012500000186264515,0.012500000186264515,0.012500000186264515,0.012500000186264515,0,0.0,0.0
2025-02-07 00:00:00+00:00,0.012500000186264515,0.012500000186264515,0.012500000186264515,0.012500000186264515,0,0.0,0.0
2025-02-10 00:00:00+00:00,0.012500000186264515,0.012500000186264515,0.012500000186264515,0.012500000186264515,0,0.0,0.0
2025-02-11 00:00:00+00:00,1.25,1.25,1.25,1.25,0,0.0,0.0
2025-02-12 00:00:00+00:00,1.25,1.25,1.25,1.25,0,0.0,0.0
2025-02-13 00:00:00+00:00,1.25,1.25,1.25,1.25,0,0.0,0.0
2025-02-14 00:00:00+00:00,1.25,1.25,1.25,1.25,0,0.0,0.0
2025-02-17 00:00:00+00:00,1.25,1.25,1.25,1.25,0,0.0,0.0
2025-02-18 00:00:00+00:00,1.25,1.25,1.25,1.25,0,0.0,0.0
2025-02-19 00:00:00+00:00,1.25,1.25,1.25,1.25,0,0.0,0.0
2025-02-20 00:00:00+00:00,1.25,1.2879999876022339,1.0,1.149999976158142,90537,0.0,0.0
2025-02-21 00:00:00+00:00,1.149999976158142,0.800000011920929,0.800000011920929,1.149999976158142,75000,0.0,0.0
2025-02-24 00:00:00+00:00,1.149999976158142,1.149999976158142,1.149999976158142,1.149999976158142,0,0.0,0.0
2025-02-25 00:00:00+00:00,1.149999976158142,1.149999976158142,1.149999976158142,1.149999976158142,0,0.0,0.0
2025-02-26 00:00:00+00:00,1.149999976158142,1.149999976158142,1.149999976158142,1.149999976158142,0,0.0,0.0
2025-02-27 00:00:00+00:00,1.149999976158142,1.149999976158142,1.149999976158142,1.149999976158142,0,0.0,0.0
2025-02-28 00:00:00+00:00,1.149999976158142,1.2899999618530273,0.800000011920929,1.149999976158142,20710,0.0,0.0
2025-03-03 00:00:00+00:00,1.149999976158142,1.149999976158142,1.149999976158142,1.149999976158142,0,0.0,0.0
2025-03-04 00:00:00+00:00,1.149999976158142,0.800000011920929,0.800000011920929,1.149999976158142,6000,0.0,0.0
2025-03-05 00:00:00+00:00,1.149999976158142,1.149999976158142,1.149999976158142,1.149999976158142,0,0.0,0.0
2025-03-06 00:00:00+00:00,1.149999976158142,1.149999976158142,1.149999976158142,1.149999976158142,0,0.0,0.0
2025-03-07 00:00:00+00:00,1.149999976158142,1.149999976158142,1.149999976158142,1.149999976158142,0,0.0,0.0
2025-03-10 00:00:00+00:00,1.149999976158142,1.149999976158142,1.149999976158142,1.149999976158142,0,0.0,0.0
2025-03-11 00:00:00+00:00,1.149999976158142,1.149999976158142,1.149999976158142,1.149999976158142,0,0.0,0.0
2025-03-12 00:00:00+00:00,1.100000023841858,1.100000023841858,1.100000023841858,1.100000023841858,0,0.0,0.0
2025-03-13 00:00:00+00:00,1.100000023841858,0.699999988079071,0.699999988079071,1.100000023841858,4000,0.0,0.0
2025-03-14 00:00:00+00:00,1.100000023841858,1.100000023841858,1.100000023841858,1.100000023841858,0,0.0,0.0
2025-03-17 00:00:00+00:00,0.010999999940395355,0.010999999940395355,0.010999999940395355,0.010999999940395355,0,0.0,0.0
2025-03-18 00:00:00+00:00,1.100000023841858,1.100000023841858,1.100000023841858,1.100000023841858,0,0.0,0.0
2025-03-19 00:00:00+00:00,1.100000023841858,1.100000023841858,1.100000023841858,1.100000023841858,0,0.0,0.0
2025-03-20 00:00:00+00:00,1.100000023841858,1.100000023841858,1.100000023841858,1.100000023841858,0,0.0,0.0
2025-03-21 00:00:00+00:00,1.100000023841858,1.100000023841858,1.100000023841858,1.100000023841858,0,0.0,0.0
2025-03-24 00:00:00+00:00,1.100000023841858,1.100000023841858,1.100000023841858,1.100000023841858,0,0.0,0.0
2025-03-25 00:00:00+00:00,1.100000023841858,1.100000023841858,1.100000023841858,1.100000023841858,0,0.0,0.0
2025-03-26 00:00:00+00:00,1.100000023841858,1.2599999904632568,1.2599999904632568,1.100000023841858,13000,0.0,0.0
2025-03-27 00:00:00+00:00,1.100000023841858,1.100000023841858,1.100000023841858,1.100000023841858,0,0.0,0.0
2025-03-28 00:00:00+00:00,1.100000023841858,1.100000023841858,1.100000023841858,1.100000023841858,0,0.0,0.0
2025-03-31 00:00:00+01:00,1.100000023841858,0.699999988079071,0.699999988079071,1.100000023841858,2000,0.0,0.0
2025-04-01 00:00:00+01:00,1.100000023841858,0.699999988079071,0.699999988079071,1.100000023841858,4000,0.0,0.0
2025-04-02 00:00:00+01:00,1.100000023841858,1.5,1.5,1.100000023841858,100,0.0,0.0
2025-04-03 00:00:00+01:00,1.100000023841858,0.699999988079071,0.699999988079071,1.100000023841858,70000,0.0,0.0
2025-04-04 00:00:00+01:00,1.100000023841858,1.100000023841858,1.100000023841858,1.100000023841858,0,0.0,0.0
2025-04-07 00:00:00+01:00,1.100000023841858,0.699999988079071,0.699999988079071,1.100000023841858,10000,0.0,0.0
2025-04-08 00:00:00+01:00,1.100000023841858,1.100000023841858,1.100000023841858,1.100000023841858,0,0.0,0.0
2025-04-09 00:00:00+01:00,1.100000023841858,1.5,1.5,1.100000023841858,50000,0.0,0.0
2025-04-10 00:00:00+01:00,1.100000023841858,1.100000023841858,1.100000023841858,1.100000023841858,0,0.0,0.0
2025-04-11 00:00:00+01:00,1.100000023841858,1.4199999570846558,1.4199999570846558,1.100000023841858,561,0.0,0.0
2025-04-14 00:00:00+01:00,0.010999999940395355,0.010999999940395355,0.010999999940395355,0.010999999940395355,0,0.0,0.0
2025-04-15 00:00:00+01:00,0.010999999940395355,0.010999999940395355,0.010999999940395355,0.010999999940395355,0,0.0,0.0
2025-04-16 00:00:00+01:00,0.010999999940395355,0.010999999940395355,0.010999999940395355,0.010999999940395355,0,0.0,0.0
2025-04-17 00:00:00+01:00,0.010999999940395355,0.010999999940395355,0.010999999940395355,0.010999999940395355,0,0.0,0.0
2025-04-22 00:00:00+01:00,0.010999999940395355,0.010999999940395355,0.010999999940395355,0.010999999940395355,0,0.0,0.0
2025-04-23 00:00:00+01:00,0.010999999940395355,0.010999999940395355,0.010999999940395355,0.010999999940395355,0,0.0,0.0
2025-04-24 00:00:00+01:00,0.010999999940395355,0.010999999940395355,0.010999999940395355,0.010999999940395355,0,0.0,0.0
2025-04-25 00:00:00+01:00,0.010999999940395355,0.010999999940395355,0.010999999940395355,0.010999999940395355,0,0.0,0.0
2025-04-28 00:00:00+01:00,0.010999999940395355,0.010999999940395355,0.010999999940395355,0.010999999940395355,0,0.0,0.0
2025-04-29 00:00:00+01:00,0.010999999940395355,0.010999999940395355,0.010999999940395355,0.010999999940395355,0,0.0,0.0
2025-04-30 00:00:00+01:00,0.010999999940395355,0.010999999940395355,0.010999999940395355,0.010999999940395355,0,0.0,0.0
2025-05-01 00:00:00+01:00,0.010999999940395355,0.010999999940395355,0.010999999940395355,0.010999999940395355,0,0.0,0.0
2025-05-02 00:00:00+01:00,0.010999999940395355,0.010999999940395355,0.010999999940395355,0.010999999940395355,0,0.0,0.0
2025-05-06 00:00:00+01:00,0.010999999940395355,0.010999999940395355,0.010999999940395355,0.010999999940395355,0,0.0,0.0
2025-05-07 00:00:00+01:00,0.010999999940395355,0.010999999940395355,0.010999999940395355,0.010999999940395355,0,0.0,0.0
2025-05-08 00:00:00+01:00,0.010999999940395355,0.010999999940395355,0.010999999940395355,0.010999999940395355,0,0.0,0.0
2025-05-09 00:00:00+01:00,0.010999999940395355,0.010999999940395355,0.010999999940395355,0.010999999940395355,0,0.0,0.0
2025-05-12 00:00:00+01:00,0.010999999940395355,0.010999999940395355,0.010999999940395355,0.010999999940395355,0,0.0,0.0
2025-05-13 00:00:00+01:00,0.010999999940395355,0.010999999940395355,0.010999999940395355,0.010999999940395355,0,0.0,0.0
2025-05-14 00:00:00+01:00,0.010999999940395355,0.010999999940395355,0.010999999940395355,0.010999999940395355,0,0.0,0.0
2025-05-15 00:00:00+01:00,0.010999999940395355,0.010999999940395355,0.010999999940395355,0.010999999940395355,0,0.0,0.0
2025-05-16 00:00:00+01:00,0.010999999940395355,0.010999999940395355,0.010999999940395355,0.010999999940395355,0,0.0,0.0
2025-05-19 00:00:00+01:00,0.010999999940395355,0.010999999940395355,0.010999999940395355,0.010999999940395355,0,0.0,0.0
2025-05-20 00:00:00+01:00,0.010999999940395355,0.010999999940395355,0.010999999940395355,0.010999999940395355,0,0.0,0.0
2025-05-21 00:00:00+01:00,0.010999999940395355,0.010999999940395355,0.010999999940395355,0.010999999940395355,0,0.0,0.0
2025-05-22 00:00:00+01:00,0.010999999940395355,0.010999999940395355,0.010999999940395355,0.010999999940395355,0,0.0,0.0
2025-05-23 00:00:00+01:00,0.010999999940395355,0.010999999940395355,0.010999999940395355,0.010999999940395355,0,0.0,0.0
2025-05-27 00:00:00+01:00,0.010999999940395355,0.010999999940395355,0.010999999940395355,0.010999999940395355,0,0.0,0.0
2025-05-28 00:00:00+01:00,0.010999999940395355,0.010999999940395355,0.010999999940395355,0.010999999940395355,0,0.0,0.0
2025-05-29 00:00:00+01:00,0.010999999940395355,0.010999999940395355,0.010999999940395355,0.010999999940395355,0,0.0,0.0
2025-05-30 00:00:00+01:00,0.010999999940395355,0.010999999940395355,0.010999999940395355,0.010999999940395355,0,0.0,0.0
2025-06-02 00:00:00+01:00,1.100000023841858,1.100000023841858,1.100000023841858,1.100000023841858,0,0.0,0.0
2025-06-03 00:00:00+01:00,1.100000023841858,1.100000023841858,1.100000023841858,1.100000023841858,0,0.0,0.0
2025-06-04 00:00:00+01:00,1.100000023841858,1.100000023841858,1.100000023841858,1.100000023841858,0,0.0,0.0
2025-06-05 00:00:00+01:00,1.100000023841858,1.100000023841858,1.100000023841858,1.100000023841858,0,0.0,0.0
2025-06-06 00:00:00+01:00,1.100000023841858,1.1799999475479126,1.1799999475479126,1.100000023841858,14000,0.0,0.0
2025-06-09 00:00:00+01:00,1.100000023841858,1.100000023841858,1.100000023841858,1.100000023841858,0,0.0,0.0
2025-06-10 00:00:00+01:00,0.010999999940395355,0.010999999940395355,0.010999999940395355,0.010999999940395355,0,0.0,0.0
2025-06-11 00:00:00+01:00,0.010999999940395355,0.010999999940395355,0.010999999940395355,0.010999999940395355,0,0.0,0.0
2025-06-12 00:00:00+01:00,0.010999999940395355,0.010999999940395355,0.010999999940395355,0.010999999940395355,0,0.0,0.0
2025-06-13 00:00:00+01:00,0.010999999940395355,0.010999999940395355,0.010999999940395355,0.010999999940395355,0,0.0,0.0
2025-06-16 00:00:00+01:00,0.010999999940395355,0.010999999940395355,0.010999999940395355,0.010999999940395355,0,0.0,0.0
2025-06-17 00:00:00+01:00,0.010999999940395355,0.010999999940395355,0.010999999940395355,0.010999999940395355,0,0.0,0.0
2025-06-18 00:00:00+01:00,1.100000023841858,1.100000023841858,1.100000023841858,1.100000023841858,0,0.0,0.0
2025-06-19 00:00:00+01:00,1.100000023841858,1.100000023841858,1.100000023841858,1.100000023841858,0,0.0,0.0
2025-06-20 00:00:00+01:00,1.100000023841858,1.100000023841858,1.100000023841858,1.100000023841858,0,0.0,0.0
2025-06-23 00:00:00+01:00,1.100000023841858,1.100000023841858,1.100000023841858,1.100000023841858,0,0.0,0.0
2025-06-24 00:00:00+01:00,1.100000023841858,1.100000023841858,1.100000023841858,1.100000023841858,0,0.0,0.0
2025-06-25 00:00:00+01:00,1.0,1.0,1.0,1.0,0,0.0,0.0
2025-06-26 00:00:00+01:00,1.0,0.800000011920929,0.5,0.75,20500,0.0,0.0
2025-06-27 00:00:00+01:00,0.75,0.75,0.75,0.75,0,0.0,0.0
2025-06-30 00:00:00+01:00,0.75,0.75,0.75,0.75,0,0.0,0.0
2025-07-01 00:00:00+01:00,0.75,0.75,0.75,0.75,0,0.0,0.0
2025-07-02 00:00:00+01:00,0.75,0.75,0.75,0.75,0,0.0,0.0
2025-07-03 00:00:00+01:00,0.75,0.75,0.75,0.75,0,0.0,0.0
2025-07-04 00:00:00+01:00,0.75,0.75,0.75,0.75,0,0.0,0.0
