Date,Open,High,Low,Close,Volume,Dividends,Stock Splits
2020-07-06 00:00:00-04:00,18.33857384316666,18.540011670848166,18.160379353280717,18.315330505371094,7313000,0.0,0.0
2020-07-07 00:00:00-04:00,18.160381293549808,18.19911871627669,17.827234138241995,17.83498191833496,6379300,0.0,0.0
2020-07-08 00:00:00-04:00,17.834981151872825,18.106147532521426,17.742009272490662,17.94344711303711,6934100,0.0,0.0
2020-07-09 00:00:00-04:00,17.742008224808306,17.78849342288545,17.06796768060743,17.08346176147461,12854200,0.0,0.0
2020-07-10 00:00:00-04:00,17.09120597664995,17.416605250808175,17.067964121327037,17.40110969543457,12842100,0.0,0.0
2020-07-13 00:00:00-04:00,17.548314516008826,17.726508969592796,17.35462450705125,17.40110969543457,10344500,0.0,0.0
2020-07-14 00:00:00-04:00,17.439853175483055,18.059660776237017,17.370124635680998,18.036418914794922,9389700,0.0,0.0
2020-07-15 00:00:00-04:00,18.354068260586192,18.48577754443016,18.222358976742225,18.447038650512695,10738200,0.0,0.0
2020-07-16 00:00:00-04:00,18.392805356491497,18.594243168141553,18.28433941088673,18.377309799194336,8327200,0.0,0.0
2020-07-17 00:00:00-04:00,18.34632116847769,18.361816726624653,17.982182940712914,18.013174057006836,9034300,0.0,0.0
2020-07-20 00:00:00-04:00,17.997678491907553,18.144883338771297,17.765251030743965,17.772998809814453,7636200,0.0,0.0
2020-07-21 00:00:00-04:00,18.137131988752778,18.966124975486924,18.090646801219897,18.663969039916992,13611500,0.0,0.0
2020-07-22 00:00:00-04:00,18.299832509090955,18.323074364175827,18.01317064856521,18.168123245239258,8184500,0.0,0.0
2020-07-23 00:00:00-04:00,17.904710388715408,18.06740933679307,17.834981845899854,17.989933013916016,9070500,0.0,0.0
2020-07-24 00:00:00-04:00,17.803988577563768,18.02866973902516,17.74975560141454,17.76525115966797,10917900,0.0,0.0
2020-07-27 00:00:00-04:00,17.811732385185397,17.927946090698242,17.687770902273368,17.927946090698242,7307800,0.0,0.0
2020-07-28 00:00:00-04:00,17.78074474041587,17.966686985563914,17.67227732244297,17.680025100708008,10691300,0.0,0.0
2020-07-29 00:00:00-04:00,17.788495165530854,17.997680793977516,17.703272540330246,17.989933013916016,6652500,0.0,0.0
2020-07-30 00:00:00-04:00,17.66453279740736,17.742009116588722,17.22291969913286,17.3856201171875,10342400,0.0,0.0
2020-07-31 00:00:00-04:00,17.19192783621172,17.26165636668941,16.85103296251385,17.075714111328125,11132200,0.0,0.0
2020-08-03 00:00:00-04:00,17.021480490974948,17.184180895940308,16.920762318558495,17.114452362060547,11781300,0.0,0.0
2020-08-04 00:00:00-04:00,18.106144682183754,18.594242908322652,17.958939845392987,18.392805099487305,28004500,0.0,0.0
2020-08-05 00:00:00-04:00,18.98937101271853,19.004866570015626,18.431544249662036,18.555505752563477,15080000,0.0,0.0
2020-08-06 00:00:00-04:00,18.113890182705735,18.3308235390375,17.98218090881459,18.020919799804688,12136100,0.0,0.0
2020-08-07 00:00:00-04:00,17.525071105074726,17.811731465353564,17.455342589820447,17.803983688354492,10627000,0.0,0.0
2020-08-10 00:00:00-04:00,18.075152226040256,18.20686149597168,18.01317148005709,18.20686149597168,12578500,0.0,0.0
2020-08-11 00:00:00-04:00,18.77243797073087,18.857662059611584,18.369562340415474,18.447038650512695,11536400,0.0,0.0
2020-08-12 00:00:00-04:00,18.95837799447683,19.066845406927428,18.741446125050693,18.795679092407227,10272700,0.0,0.0
2020-08-13 00:00:00-04:00,18.84670013803309,18.87024924006362,18.360029176310036,18.407127380371094,10192400,0.315,0.0
2020-08-14 00:00:00-04:00,18.100995527072964,18.24228714868252,17.928306599093144,18.046049118041992,10304000,0.0,0.0
2020-08-17 00:00:00-04:00,18.069597720122157,18.11669442696151,17.692821071052713,17.8576602935791,12287400,0.0,0.0
2020-08-18 00:00:00-04:00,17.692822466854683,17.944006919383803,17.520132032857838,17.551530838012695,12027600,0.0,0.0
2020-08-19 00:00:00-04:00,17.520136369153057,17.72422416163977,17.402393815035516,17.457340240478516,7528600,0.0,0.0
2020-08-20 00:00:00-04:00,17.26894763337631,17.339593448014316,17.151205108038777,17.237548828125,9597300,0.0,0.0
2020-08-21 00:00:00-04:00,17.01776414426274,17.041311752357934,16.766579676730487,16.845073699951172,12047400,0.0,0.0
2020-08-24 00:00:00-04:00,17.20615483282905,17.410242614724176,17.096261987646184,17.198305130004883,13287900,0.0,0.0
2020-08-25 00:00:00-04:00,17.41809134856753,17.441638958552332,16.88432356363996,16.97066879272461,10788200,0.0,0.0
2020-08-26 00:00:00-04:00,16.87647298750847,16.94711880816062,16.735181346204175,16.782278060913086,7356600,0.0,0.0
2020-08-27 00:00:00-04:00,16.89217191460035,16.907871318119312,16.515395213210443,16.593889236450195,10231000,0.0,0.0
2020-08-28 00:00:00-04:00,16.750880750166335,16.852923881565236,16.60173940688096,16.782278060913086,7871900,0.0,0.0
2020-08-31 00:00:00-04:00,16.790125804148786,16.813674907344772,16.41334913607735,16.429048538208008,7775700,0.0,0.0
2020-09-01 00:00:00-04:00,16.413352007263835,16.60174037425432,16.24066304515031,16.30345916748047,11397700,0.0,0.0
2020-09-02 00:00:00-04:00,16.240662135671446,16.327005863304127,16.099370494046518,16.146467208862305,12777000,0.0,0.0
2020-09-03 00:00:00-04:00,16.170016280073657,16.554642694126557,16.091520757431162,16.177865982055664,13144900,0.0,0.0
2020-09-04 00:00:00-04:00,16.46829502823692,16.483994429873647,15.942377050825286,16.12291717529297,11604600,0.0,0.0
2020-09-08 00:00:00-04:00,15.989476246730247,16.067970265424094,15.667644481940231,15.81678581237793,13793400,0.0,0.0
2020-09-09 00:00:00-04:00,16.224965174742916,16.25636249028856,15.91098453339752,15.950231552124023,11437500,0.0,0.0
2020-09-10 00:00:00-04:00,16.138621488341915,16.17002030408373,15.61270330209003,15.628402709960938,13894700,0.0,0.0
2020-09-11 00:00:00-04:00,15.738288872098442,15.887430189037971,15.57344965114736,15.746138572692871,10331700,0.0,0.0
2020-09-14 00:00:00-04:00,15.793239154052324,15.793239154052324,15.542053188744566,15.57345199584961,9731200,0.0,0.0
2020-09-15 00:00:00-04:00,15.65194560146623,15.824634527883411,15.408609367706187,15.432158470153809,12800900,0.0,0.0
2020-09-16 00:00:00-04:00,15.502808095586838,15.895284249905492,15.345817034988292,15.667647361755371,14637100,0.0,0.0
2020-09-17 00:00:00-04:00,15.440013454233503,15.542056605402294,15.251625061721834,15.353668212890625,15839000,0.0,0.0
2020-09-18 00:00:00-04:00,15.094630264110696,15.15742637946409,14.812048493609174,14.819896697998047,19415800,0.0,0.0
2020-09-21 00:00:00-04:00,14.37247466188384,14.450970182952847,14.215485116923366,14.380324363708496,17000200,0.0,0.0
2020-09-22 00:00:00-04:00,14.788498900123798,14.898391724065709,14.396022817842757,14.505915641784668,10344100,0.0,0.0
2020-09-23 00:00:00-04:00,14.647208270012726,14.678607077382033,14.082043211963061,14.1055908203125,12163900,0.0,0.0
2020-09-24 00:00:00-04:00,14.254731645100886,14.254731645100886,13.901502560866799,14.074193000793457,16710500,0.0,0.0
2020-09-25 00:00:00-04:00,14.011397353233416,14.066343768797942,13.846556609362299,14.019247055053711,14525300,0.0,0.0
2020-09-28 00:00:00-04:00,14.309678530462019,14.403873455088162,14.21548510301341,14.270431518554688,14455400,0.0,0.0
2020-09-29 00:00:00-04:00,14.089892903296809,14.097741107955741,13.791610222221019,13.870105743408203,14968900,0.0,0.0
2020-09-30 00:00:00-04:00,13.90935183419054,13.972147947545764,13.618920371364165,13.7052640914917,16196100,0.0,0.0
2020-10-01 00:00:00-04:00,13.375587521877952,13.4619312542875,13.155800345282193,13.210746765136719,18172600,0.0,0.0
2020-10-02 00:00:00-04:00,12.88106673103932,13.281392571512027,12.857517623772344,13.226446151733398,20237100,0.0,0.0
2020-10-05 00:00:00-04:00,13.320635777576591,13.524723490667775,13.234292069975213,13.493326187133789,12696000,0.0,0.0
2020-10-06 00:00:00-04:00,13.666016548852774,13.783759069652453,13.242143174538455,13.289239883422852,16098800,0.0,0.0
2020-10-07 00:00:00-04:00,13.26569408239816,13.414835444362273,13.140101829326616,13.367738723754883,13702200,0.0,0.0
2020-10-08 00:00:00-04:00,13.46978088846403,13.744514483522133,13.46978088846403,13.728815078735352,14478200,0.0,0.0
2020-10-09 00:00:00-04:00,13.877957385733083,13.925054106159687,13.587524365883906,13.6267728805542,11540400,0.0,0.0
2020-10-12 00:00:00-04:00,13.501179249621005,13.563975369504833,13.391284916941114,13.532576560974121,13252600,0.0,0.0
2020-10-13 00:00:00-04:00,13.3206396086,13.344188715906144,13.030208104379177,13.09300422668457,17753600,0.0,0.0
2020-10-14 00:00:00-04:00,12.967411522750092,13.21074630091703,12.959561820592759,13.022357940673828,13017100,0.0,0.0
2020-10-15 00:00:00-04:00,12.543536588884857,12.912465104378741,12.457192110923582,12.90461540222168,18613900,0.0,0.0
2020-10-16 00:00:00-04:00,12.700526722937447,12.896764771197475,12.582784193416927,12.755473136901855,17779500,0.0,0.0
2020-10-19 00:00:00-04:00,12.72407383060244,12.912463667046369,12.567084296469078,12.582783699035645,14844000,0.0,0.0
2020-10-20 00:00:00-04:00,12.653430502753535,12.77117303685396,12.574934980960732,12.67697811126709,14079500,0.0,0.0
2020-10-21 00:00:00-04:00,12.57493402443578,12.606331332458103,12.425792694091797,12.425792694091797,13462000,0.0,0.0
2020-10-22 00:00:00-04:00,12.26095315679059,12.661278206030675,12.237404800620878,12.637730598449707,18373500,0.0,0.0
2020-10-23 00:00:00-04:00,12.771172573066396,12.81826928556073,12.465040947498228,12.598482131958008,15353000,0.0,0.0
2020-10-26 00:00:00-04:00,12.57493522366939,12.590634627766475,12.268803581075352,12.40224552154541,19148600,0.0,0.0
2020-10-27 00:00:00-04:00,12.276652832981519,12.284501786153479,12.049016722041952,12.072565078735352,22195500,0.0,0.0
2020-10-28 00:00:00-04:00,11.774284869054114,12.00977071615297,11.65654231979912,11.695789337158203,27748600,0.0,0.0
2020-10-29 00:00:00-04:00,11.75858444925819,12.009769680511253,11.57019608726,11.978371620178223,28288100,0.0,0.0
2020-10-30 00:00:00-04:00,12.049017919369941,12.166760463125947,11.962672688599287,12.151061058044434,22618400,0.0,0.0
2020-11-02 00:00:00-05:00,12.417943445569911,12.731924023128556,12.182458386695302,12.637730598449707,18342400,0.0,0.0
2020-11-03 00:00:00-05:00,12.99096062584002,13.014509735019868,12.637732971208917,12.700529098510742,21144500,0.0,0.0
2020-11-04 00:00:00-05:00,12.66127872467041,12.841818874192342,12.433643358057402,12.66127872467041,15746600,0.0,0.0
2020-11-05 00:00:00-05:00,12.71331496596318,12.833403410910826,12.625250717133992,12.673285484313965,14209300,0.315,0.0
2020-11-06 00:00:00-05:00,12.673288441431309,12.841412456286943,12.489153851778338,12.521177291870117,17539800,0.0,0.0
2020-11-09 00:00:00-05:00,14.794845741184108,15.011004573522436,14.394552285890176,14.474611282348633,50503300,0.0,0.0
2020-11-10 00:00:00-05:00,15.467335849775909,15.475341900559203,15.155107504217703,15.291207313537598,36959100,0.0,0.0
2020-11-11 00:00:00-05:00,15.707512551641003,15.715517075303614,15.0270135154668,15.115077018737793,23230200,0.0,0.0
2020-11-12 00:00:00-05:00,14.826868129732526,15.139096497878679,14.56267454276313,14.634727478027344,18017600,0.0,0.0
2020-11-13 00:00:00-05:00,14.762819034435982,15.09906550630159,14.73880088394632,15.051029205322266,11526100,0.0,0.0
2020-11-16 00:00:00-05:00,15.987718795612185,16.00373089904252,15.627455630419075,15.819596290588379,18338200,0.0,0.0
2020-11-17 00:00:00-05:00,15.659479936452007,16.10780971706909,15.48335136142283,16.051767349243164,17444900,0.0,0.0
2020-11-18 00:00:00-05:00,16.139829614790827,16.22789465060605,15.651471182721869,15.659477233886719,14930900,0.0,0.0
2020-11-19 00:00:00-05:00,15.419302990206447,15.691502642707357,15.33123794763314,15.635461807250977,14370100,0.0,0.0
2020-11-20 00:00:00-05:00,15.595429465647365,15.691500547169994,15.50736596183283,15.603435516357422,8781700,0.0,0.0
2020-11-23 00:00:00-05:00,16.163848709515907,16.347983316035343,16.075783668572605,16.339977264404297,13965300,0.0,0.0
2020-11-24 00:00:00-05:00,17.356720030557028,17.692966508159994,17.196602078556392,17.500825881958008,23651600,0.0,0.0
2020-11-25 00:00:00-05:00,17.2046108503757,17.292675890606453,16.940417256681634,17.14056396484375,14150600,0.0,0.0
2020-11-27 00:00:00-05:00,16.780296583817325,16.98844931010869,16.748273909694472,16.892379760742188,9843100,0.0,0.0
2020-11-30 00:00:00-05:00,16.492088231053593,16.524110908714867,15.659477233886719,15.659477233886719,19573100,0.0,0.0
2020-12-01 00:00:00-05:00,16.388007233092598,16.50809644528298,16.163843961265776,16.203872680664062,19097500,0.0,0.0
2020-12-02 00:00:00-05:00,16.604168862709326,17.16458019347789,16.548128035032075,16.868362426757812,18098900,0.0,0.0
2020-12-03 00:00:00-05:00,17.03648565632719,17.53284855901364,16.852349553397097,17.10053253173828,20335900,0.0,0.0
2020-12-04 00:00:00-05:00,17.68495947944759,17.96516511644747,17.64493075716098,17.829065322875977,18195700,0.0,0.0
2020-12-07 00:00:00-05:00,17.452787602068028,17.596893437136117,17.252640948250743,17.356718063354492,14184400,0.0,0.0
2020-12-08 00:00:00-05:00,17.364728989714553,17.604904430950608,17.324698731509734,17.444787979125977,15181200,0.0,0.0
2020-12-09 00:00:00-05:00,17.700974284194437,17.901120980209306,17.356721722729166,17.53285026550293,15677500,0.0,0.0
2020-12-10 00:00:00-05:00,17.628916669024946,18.277391364311267,17.596892473209472,17.941144943237305,17912300,0.0,0.0
2020-12-11 00:00:00-05:00,17.71698410439701,17.74900830735386,17.34871493238151,17.636926651000977,13760100,0.0,0.0
2020-12-14 00:00:00-05:00,17.72498918524691,17.877101086972477,17.076514380834887,17.10053253173828,13009800,0.0,0.0
2020-12-15 00:00:00-05:00,17.276661039154206,17.604901466164712,17.220620214103334,17.56487274169922,11890300,0.0,0.0
2020-12-16 00:00:00-05:00,17.516839186063077,17.6529390083793,17.34071063300604,17.476810455322266,12281900,0.0,0.0
2020-12-17 00:00:00-05:00,17.628921351469234,17.65293797771223,17.41276255329363,17.53285026550293,14900600,0.0,0.0
2020-12-18 00:00:00-05:00,17.61290929363966,17.628921395840695,17.308686986810507,17.404756546020508,10984900,0.0,0.0
2020-12-21 00:00:00-05:00,16.259915518133155,16.708245171465716,16.163845968846147,16.556133270263672,19097500,0.0,0.0
2020-12-22 00:00:00-05:00,16.572147145468943,16.620181925256336,16.355988345928484,16.39601707458496,10396200,0.0,0.0
2020-12-23 00:00:00-05:00,16.92440502826557,17.24464098055296,16.892382349235746,16.980445861816406,13739900,0.0,0.0
2020-12-24 00:00:00-05:00,17.044491477653686,17.07651415143006,16.68422685393236,16.860355377197266,5024000,0.0,0.0
2020-12-28 00:00:00-05:00,17.044488637106216,17.212611082159114,16.72425279072371,16.804311752319336,10215000,0.0,0.0
2020-12-29 00:00:00-05:00,17.1245499401384,17.1325559908063,16.804315548412664,16.868362426757812,13062300,0.0,0.0
2020-12-30 00:00:00-05:00,16.96443755248961,17.044496551258472,16.756284766489927,16.83634376525879,11662600,0.0,0.0
2020-12-31 00:00:00-05:00,16.620180176714612,16.756279977625493,16.41202745020398,16.42803955078125,12011100,0.0,0.0
2021-01-04 00:00:00-05:00,16.884376515758234,16.91639919520157,16.452058890786617,16.676223754882812,14485100,0.0,0.0
2021-01-05 00:00:00-05:00,17.1565730744868,18.23736541538455,17.108538300468528,17.917129516601562,25447500,0.0,0.0
2021-01-06 00:00:00-05:00,18.709716590997257,19.102003990143753,18.365463978460973,18.74173927307129,25221400,0.0,0.0
2021-01-07 00:00:00-05:00,18.989915008422354,19.334167516232775,18.8137864930998,19.142026901245117,16470700,0.0,0.0
2021-01-08 00:00:00-05:00,19.35018242471798,19.606369948555677,19.20607656080975,19.534317016601562,20189600,0.0,0.0
2021-01-11 00:00:00-05:00,19.021941881426326,19.61437590932536,18.957895000761514,19.5183048248291,12509400,0.0,0.0
2021-01-12 00:00:00-05:00,19.966631831028614,20.166778497061784,19.79050178764078,20.022672653198242,16990200,0.0,0.0
2021-01-13 00:00:00-05:00,20.102734608172884,20.110740659242023,19.710447267773812,19.83854103088379,14152800,0.0,0.0
2021-01-14 00:00:00-05:00,20.030676666492596,20.454986578063252,19.990646421157244,20.390939712524414,14279000,0.0,0.0
2021-01-15 00:00:00-05:00,19.85455350636521,19.926606445885746,19.326166301213433,19.422237396240234,24063900,0.0,0.0
2021-01-19 00:00:00-05:00,19.710444208207168,19.854548524088628,19.54232021584866,19.734460830688477,15885200,0.0,0.0
2021-01-20 00:00:00-05:00,19.83053187790148,19.93460747152443,19.598361014207242,19.8625545501709,13765900,0.0,0.0
2021-01-21 00:00:00-05:00,19.74246996256232,19.758482064714794,19.04596031590882,19.23009490966797,11675500,0.0,0.0
2021-01-22 00:00:00-05:00,18.773761711196368,19.158043021825144,18.68569667155295,19.110008239746094,15195000,0.0,0.0
2021-01-25 00:00:00-05:00,18.54158492674007,18.597625742585507,18.221350602624934,18.469532012939453,17207700,0.0,0.0
2021-01-26 00:00:00-05:00,18.63765618228185,18.781760484391622,18.41349138955934,18.437509536743164,12207100,0.0,0.0
2021-01-27 00:00:00-05:00,18.229358488688426,18.661674488061607,17.941146804441065,18.19733428955078,14209300,0.0,0.0
2021-01-28 00:00:00-05:00,18.29340462558582,18.55759814987402,18.141292739784184,18.301410675048828,11086800,0.0,0.0
2021-01-29 00:00:00-05:00,18.045224821966098,18.165312520708085,17.652935998012108,17.78903579711914,12194600,0.0,0.0
2021-02-01 00:00:00-05:00,17.845077145418962,17.909124016281478,17.4768064927111,17.781028747558594,19573400,0.0,0.0
2021-02-02 00:00:00-05:00,17.19660294618519,17.212615047592713,16.35598747326476,16.61217498779297,44853000,0.0,0.0
2021-02-03 00:00:00-05:00,16.55613422538035,17.060503205728885,16.548128174644912,17.028480529785156,25418100,0.0,0.0
2021-02-04 00:00:00-05:00,16.940411528932596,17.00445839280956,16.62818325840711,16.804311752319336,26715800,0.0,0.0
2021-02-05 00:00:00-05:00,16.812319639376366,16.940413381135595,16.57214425532727,16.660207748413086,29872200,0.0,0.0
2021-02-08 00:00:00-05:00,16.972439709626798,17.789037034051876,16.948421557409162,17.636926651000977,35302600,0.0,0.0
2021-02-09 00:00:00-05:00,17.34871662169403,17.524845174112894,17.044494298970864,17.396751403808594,19116900,0.0,0.0
2021-02-10 00:00:00-05:00,17.068510078387252,17.372733912991592,16.940416314447987,17.276662826538086,17641200,0.0,0.0
2021-02-11 00:00:00-05:00,17.084521428992606,17.18859703499014,16.980444295997025,17.108539581298828,10939200,0.0,0.0
2021-02-12 00:00:00-05:00,17.004462229107947,17.572879610377,16.9484214014472,17.540855407714844,12072900,0.0,0.0
2021-02-16 00:00:00-05:00,18.485547095926634,18.65366957061123,18.325429144514487,18.557600021362305,18144000,0.0,0.0
2021-02-17 00:00:00-05:00,18.645666855058035,18.88584227846359,18.34144302327969,18.877836227416992,17490100,0.0,0.0
2021-02-18 00:00:00-05:00,18.549207873824514,18.67092152346687,18.208408726222096,18.22463607788086,13338600,0.315,0.0
2021-02-19 00:00:00-05:00,18.30577826234374,18.646577395713013,18.281436462035696,18.557321548461914,12257700,0.0,0.0
2021-02-22 00:00:00-05:00,18.58166274839821,19.40120353187058,18.54920649981182,19.17400360107422,16249700,0.0,0.0
2021-02-23 00:00:00-05:00,19.5391464188498,19.73388855685752,18.930576657198323,19.660860061645508,21295500,0.0,0.0
2021-02-24 00:00:00-05:00,19.993543914984173,20.6426858958684,19.896173623838905,20.529085159301758,21440900,0.0,0.0
2021-02-25 00:00:00-05:00,21.032173048513744,21.20257185529067,20.504746180529285,20.764402389526367,28613600,0.0,0.0
2021-02-26 00:00:00-05:00,20.09091672417598,20.16394521989858,19.62028950044865,19.806917190551758,22962500,0.0,0.0
2021-03-01 00:00:00-05:00,20.139602604828504,20.35868809996717,19.863717510433073,19.944860458374023,12169100,0.0,0.0
2021-03-02 00:00:00-05:00,19.977319698851037,20.3505751195838,19.952976348409422,20.09903335571289,10630400,0.0,0.0
2021-03-03 00:00:00-05:00,20.253201587363122,21.080856861723355,20.253201587363122,20.75628662109375,20420600,0.0,0.0
2021-03-04 00:00:00-05:00,20.934803978820497,21.486574270113536,20.72383444172449,21.12143325805664,21228900,0.0,0.0
2021-03-05 00:00:00-05:00,21.770567009860553,21.989652476694392,21.364853870245057,21.721881866455078,21166300,0.0,0.0
2021-03-08 00:00:00-05:00,21.36485509890111,21.67319642176503,21.06462667734399,21.535255432128906,14731100,0.0,0.0
2021-03-09 00:00:00-05:00,21.356741027950967,21.454112869757957,21.080855948449567,21.186342239379883,12226600,0.0,0.0
2021-03-10 00:00:00-05:00,21.23502931877454,21.63262807596035,21.153886367830424,21.624513626098633,12277400,0.0,0.0
2021-03-11 00:00:00-05:00,21.689427677319316,21.900398730704797,21.502799973518986,21.624513626098633,9835600,0.0,0.0
2021-03-12 00:00:00-05:00,21.705657857017332,21.932857823524145,21.68131450599666,21.876056671142578,8777400,0.0,0.0
2021-03-15 00:00:00-04:00,21.665088405708914,21.778687621694285,21.267488054413636,21.494688034057617,13034900,0.0,0.0
2021-03-16 00:00:00-04:00,21.194460365601078,21.235031070583535,20.845546731128472,21.162002563476562,10586100,0.0,0.0
2021-03-17 00:00:00-04:00,21.056515940584294,21.53525764588923,21.056515940584294,21.478456497192383,9737200,0.0,0.0
2021-03-18 00:00:00-04:00,21.332397431917855,21.4622255116128,20.56154185451541,20.61834144592285,12076800,0.0,0.0
2021-03-19 00:00:00-04:00,20.59400205124072,20.951030112728485,20.3424602920365,20.642688751220703,10844700,0.0,0.0
2021-03-22 00:00:00-04:00,20.658912209864997,20.79685473846347,20.52908412973382,20.569656372070312,11557800,0.0,0.0
2021-03-23 00:00:00-04:00,19.896173705200795,20.13148653282485,19.506689443681253,19.522916793823242,16836400,0.0,0.0
2021-03-24 00:00:00-04:00,19.815031189836603,20.326229100613006,19.815031189836603,20.082801818847656,19087200,0.0,0.0
2021-03-25 00:00:00-04:00,19.644634474551506,19.961091856370334,19.384978246773226,19.936748504638672,13726800,0.0,0.0
2021-03-26 00:00:00-04:00,20.407372178952908,20.480400673500892,20.236973390122895,20.472286224365234,13100100,0.0,0.0
2021-03-29 00:00:00-04:00,20.22886031974637,20.512859868159495,20.139602920843465,20.431716918945312,11019200,0.0,0.0
2021-03-30 00:00:00-04:00,20.155833388726418,20.301890399143343,20.04223417959021,20.188289642333984,7130200,0.0,0.0
2021-03-31 00:00:00-04:00,19.96920315539175,20.02600275279494,19.725774319512848,19.75823211669922,10283200,0.0,0.0
2021-04-01 00:00:00-04:00,19.855603060871676,19.96920380705821,19.555376165465063,19.944860458374023,14540500,0.0,0.0
2021-04-05 00:00:00-04:00,19.944859738142252,20.050344483285212,19.555375459298016,19.685203552246094,19634400,0.0,0.0
2021-04-06 00:00:00-04:00,20.196403764317573,20.71571774265441,20.13148971048461,20.366804122924805,24553400,0.0,0.0
2021-04-07 00:00:00-04:00,20.447945362647346,20.748172256074433,20.40737311510788,20.585887908935547,15516900,0.0,0.0
2021-04-08 00:00:00-04:00,20.236975035750742,20.236975035750742,19.863718083522702,20.058460235595703,19213800,0.0,0.0
2021-04-09 00:00:00-04:00,19.944862840466225,20.09903430520003,19.733891769691862,19.790691375732422,14609800,0.0,0.0
2021-04-12 00:00:00-04:00,20.017890420507822,20.228861481511785,19.863718962913943,19.977319717407227,20539600,0.0,0.0
2021-04-13 00:00:00-04:00,20.04223377097205,20.123375177173244,19.9124056638424,19.977319717407227,15819900,0.0,0.0
2021-04-14 00:00:00-04:00,20.236973160504366,20.910456954392938,20.204515364330025,20.72382926940918,22882400,0.0,0.0
2021-04-15 00:00:00-04:00,20.5696621214946,20.642690630439677,20.3668054961301,20.447948455810547,12977200,0.0,0.0
2021-04-16 00:00:00-04:00,20.59400126970065,20.658915319537392,20.318117718649273,20.431716918945312,10707500,0.0,0.0
2021-04-19 00:00:00-04:00,20.65891457332275,20.796857117702373,20.43983063033286,20.537200927734375,10967200,0.0,0.0
2021-04-20 00:00:00-04:00,20.40737412508239,20.40737412508239,19.7988043109288,20.107147216796875,19407600,0.0,0.0
2021-04-21 00:00:00-04:00,19.936744756356674,20.293772776264028,19.87183071161651,20.25320053100586,14763100,0.0,0.0
2021-04-22 00:00:00-04:00,20.066574049242476,20.10714629693379,19.725774907000446,19.750118255615234,14872800,0.0,0.0
2021-04-23 00:00:00-04:00,19.75823283679794,19.920517185625457,19.660860989363023,19.896175384521484,12323700,0.0,0.0
2021-04-26 00:00:00-04:00,20.017890383543918,20.253203246904476,20.0016614832644,20.220746994018555,14850900,0.0,0.0
2021-04-27 00:00:00-04:00,20.399264834446978,20.537207422449757,20.066580042382654,20.236980438232422,16564200,0.0,0.0
2021-04-28 00:00:00-04:00,20.529090368604045,20.87800402037009,20.520977465344,20.804975509643555,18853100,0.0,0.0
2021-04-29 00:00:00-04:00,20.959146415287464,21.056518276180963,20.529089813490454,20.691375732421875,11644600,0.0,0.0
2021-04-30 00:00:00-04:00,20.650803608300006,20.78874616561633,20.415489196777344,20.415489196777344,8501900,0.0,0.0
2021-05-03 00:00:00-04:00,20.667028124118914,20.877999156213164,20.54531448382263,20.845542907714844,8035900,0.0,0.0
2021-05-04 00:00:00-04:00,21.097083382850567,21.210682567349075,20.82119832249177,21.032169342041016,13943400,0.0,0.0
2021-05-05 00:00:00-04:00,21.28371409377475,21.729999542236328,21.186343792502687,21.729999542236328,19475900,0.0,0.0
2021-05-06 00:00:00-04:00,21.58631058417223,21.78337066097227,21.282508653629915,21.758737564086914,11450100,0.315,0.0
2021-05-07 00:00:00-04:00,21.372826050738635,21.964006214973963,21.290717303071315,21.94758415222168,11713500,0.0,0.0
2021-05-10 00:00:00-04:00,22.161065796369844,22.33349431939764,21.840843410010592,21.85726547241211,11723900,0.0,0.0
2021-05-11 00:00:00-04:00,21.41388049737496,21.717682406057886,21.298929185702907,21.32356071472168,14524700,0.0,0.0
2021-05-12 00:00:00-04:00,21.635575273948522,22.054328525635892,21.43030416426418,21.504201889038086,13957900,0.0,0.0
2021-05-13 00:00:00-04:00,21.25787353515625,21.56988646832178,20.986915759562045,21.25787353515625,13309600,0.0,0.0
2021-05-14 00:00:00-04:00,21.602731942583993,21.947587482234912,21.594520909962025,21.881900787353516,15699600,0.0,0.0
2021-05-17 00:00:00-04:00,21.742311577205395,22.234962463378906,21.742311577205395,22.234962463378906,11436500,0.0,0.0
2021-05-18 00:00:00-04:00,22.45666011267316,22.5551893700638,21.947587062507143,22.05432891845703,17890500,0.0,0.0
2021-05-19 00:00:00-04:00,21.660204778554125,21.750524559516222,21.348193410103267,21.495988845825195,16020700,0.0,0.0
2021-05-20 00:00:00-04:00,21.63557541765914,21.816213431587276,21.49599099950285,21.77515983581543,12517700,0.0,0.0
2021-05-21 00:00:00-04:00,21.87368909210558,22.013273510261868,21.73410467394929,21.77515983581543,9388900,0.0,0.0
2021-05-24 00:00:00-04:00,21.914743574698562,22.23496599685732,21.75873709663142,22.185701370239258,11078400,0.0,0.0
2021-05-25 00:00:00-04:00,22.054327179883614,22.087169741060034,21.545254169848533,21.57809829711914,12534900,0.0,0.0
2021-05-26 00:00:00-04:00,21.610940829169866,21.72589214227369,21.512411579679213,21.60272979736328,9430300,0.0,0.0
2021-05-27 00:00:00-04:00,21.381038231778064,21.586309328936792,21.364616168142764,21.57809829711914,18662900,0.0,0.0
2021-05-28 00:00:00-04:00,21.454935767775858,21.627364314863602,21.405671139791195,21.537044525146484,15650700,0.0,0.0
2021-06-01 00:00:00-04:00,21.980430265554055,22.23496599685732,21.96400820131662,22.185701370239258,19036800,0.0,0.0
2021-06-02 00:00:00-04:00,22.292443317309946,22.75225018757318,22.120016328246617,22.68656349182129,19368500,0.0,0.0
2021-06-03 00:00:00-04:00,22.481285832676782,22.89182795323482,22.423810186373682,22.793298721313477,13473600,0.0,0.0
2021-06-04 00:00:00-04:00,22.67834732369192,22.7686655248526,22.32528085107191,22.53055191040039,13349100,0.0,0.0
2021-06-07 00:00:00-04:00,22.5223473319084,22.620876591598446,22.35812981096586,22.382762908935547,9083900,0.0,0.0
2021-06-08 00:00:00-04:00,22.226753571310073,22.900042501892965,22.120013292646945,22.76866912841797,16476300,0.0,0.0
2021-06-09 00:00:00-04:00,22.809725424434415,22.93288777245013,22.637296884337037,22.653718948364258,11880500,0.0,0.0
2021-06-10 00:00:00-04:00,22.908258048695206,23.047842481286132,22.48129371770009,22.588035583496094,8183700,0.0,0.0
2021-06-11 00:00:00-04:00,22.768670085139522,22.93288759193063,22.56339898469774,22.6126651763916,9107700,0.0,0.0
2021-06-14 00:00:00-04:00,22.891831769528967,23.39269374125845,22.875411272200555,23.02320671081543,12362200,0.0,0.0
2021-06-15 00:00:00-04:00,22.949307041735704,23.376269691788856,22.949307041735704,23.302371978759766,10116200,0.0,0.0
2021-06-16 00:00:00-04:00,23.22848085438477,23.253112386657712,22.809727578706667,22.932889938354492,9203900,0.0,0.0
2021-06-17 00:00:00-04:00,22.834358246750757,22.93288907039647,22.029695857005624,22.317075729370117,13052100,0.0,0.0
2021-06-18 00:00:00-04:00,21.60272670387551,21.87368445031522,21.413877697649585,21.430299758911133,15720200,0.0,0.0
2021-06-21 00:00:00-04:00,21.643785300969522,22.144645720391537,21.643785300969522,22.120014190673828,10679800,0.0,0.0
2021-06-22 00:00:00-04:00,22.259599758415256,22.39918417641628,22.046117615231676,22.292442321777344,6998200,0.0,0.0
2021-06-23 00:00:00-04:00,22.735831107412153,22.85899347387314,22.31707780856923,22.358131408691406,9445500,0.0,0.0
2021-06-24 00:00:00-04:00,22.43202781677246,22.49771451274464,22.29244339206979,22.43202781677246,9270600,0.0,0.0
2021-06-25 00:00:00-04:00,22.563401208716815,22.637298937447312,22.39097421907524,22.43202781677246,7337500,0.0,0.0
2021-06-28 00:00:00-04:00,22.136431344210354,22.152853405604017,21.65199306184908,21.725889205932617,13491100,0.0,0.0
2021-06-29 00:00:00-04:00,21.799791714341502,21.92295563580893,21.569889068603516,21.569889068603516,7186500,0.0,0.0
2021-06-30 00:00:00-04:00,21.59451766660229,21.832632878592918,21.57809716991895,21.69304847717285,6730300,0.0,0.0
2021-07-01 00:00:00-04:00,22.26780658663434,22.358124793398787,22.07074497928974,22.234962463378906,9532900,0.0,0.0
2021-07-02 00:00:00-04:00,22.136430950983016,22.21032865984782,21.931159885490544,22.15285301208496,5748800,0.0,0.0
2021-07-06 00:00:00-04:00,22.087169436186986,22.103591499595613,21.12650065210066,21.32356071472168,17917900,0.0,0.0
2021-07-07 00:00:00-04:00,21.167560064844057,21.446728934520948,20.913022729136344,21.12650489807129,13309100,0.0,0.0
2021-07-08 00:00:00-04:00,20.71595990222254,21.17576831303387,20.691328371493046,21.003339767456055,10075500,0.0,0.0
2021-07-09 00:00:00-04:00,21.21682274355288,21.430304892813492,21.093660386774076,21.356407165527344,7059700,0.0,0.0
2021-07-12 00:00:00-04:00,21.159342286025105,21.47135362355849,21.00333583421142,21.24966049194336,6634400,0.0,0.0
2021-07-13 00:00:00-04:00,21.20861087603795,21.282508600414978,20.97049720445197,21.003339767456055,7422500,0.0,0.0
2021-07-14 00:00:00-04:00,21.23324556574378,21.381041025585194,20.674907857940386,20.715961456298828,11657500,0.0,0.0
2021-07-15 00:00:00-04:00,20.305415613011807,20.527108763520413,20.19867533652291,20.239728927612305,9777300,0.0,0.0
2021-07-16 00:00:00-04:00,20.387523406253553,20.42857699541984,19.525385505009243,19.59928321838379,18520800,0.0,0.0
2021-07-19 00:00:00-04:00,19.131266393282583,19.270850807572383,18.73714624685054,18.958839416503906,27087200,0.0,0.0
2021-07-20 00:00:00-04:00,18.74535559968076,19.073789025617867,18.589349135075345,18.97525978088379,24185500,0.0,0.0
2021-07-21 00:00:00-04:00,19.443276837826556,19.804554375082496,19.4186437445725,19.632125854492188,12075300,0.0,0.0
2021-07-22 00:00:00-04:00,19.63212971164342,19.63212971164342,19.270852103406778,19.402225494384766,8891300,0.0,0.0
2021-07-23 00:00:00-04:00,19.533598275251062,19.59928496342201,19.213374300085285,19.328327178955078,8833300,0.0,0.0
2021-07-26 00:00:00-04:00,19.60749540587109,20.050881747683203,19.582863875388814,19.97698402404785,10081000,0.0,0.0
2021-07-27 00:00:00-04:00,19.84560825359319,20.03445727301065,19.722445917716332,19.91129493713379,8707500,0.0,0.0
2021-07-28 00:00:00-04:00,19.911295819068282,20.13298897312256,19.85382016418624,20.03445816040039,7767200,0.0,0.0
2021-07-29 00:00:00-04:00,20.609217298952736,20.674903983673858,20.215097190625983,20.22330665588379,10361500,0.0,0.0
2021-07-30 00:00:00-04:00,19.99340520972506,20.059091898281313,19.755289984899775,19.85382080078125,11427600,0.0,0.0
2021-08-02 00:00:00-04:00,19.952353194655615,20.313630821692144,19.73887259777821,19.77171516418457,14522700,0.0,0.0
2021-08-03 00:00:00-04:00,20.74059565934082,21.167559995818415,20.38752905671875,21.09366226196289,23114200,0.0,0.0
2021-08-04 00:00:00-04:00,20.839122735786052,20.978707155491588,20.51890030014749,20.57637596130371,12701900,0.0,0.0
2021-08-05 00:00:00-04:00,20.8883850647646,21.044389954432763,20.732378609002414,20.806276321411133,9580700,0.0,0.0
2021-08-06 00:00:00-04:00,21.019761624501662,21.09365934814918,20.830912582333227,20.98691749572754,9165500,0.0,0.0
2021-08-09 00:00:00-04:00,20.830909124956683,20.94586042439874,20.724167290251344,20.75701141357422,9423500,0.0,0.0
2021-08-10 00:00:00-04:00,20.83911835166081,21.266082553417217,20.830908887017863,21.24966049194336,8632100,0.0,0.0
2021-08-11 00:00:00-04:00,21.20860442757836,21.430297533303822,21.07723108331745,21.405664443969727,8525800,0.0,0.0
2021-08-12 00:00:00-04:00,21.354114147669485,21.412322148285323,21.121280559157068,21.34579849243164,8873600,0.328,0.0
2021-08-13 00:00:00-04:00,21.137913337764463,21.237699621500163,20.963287737739282,20.971603393554688,6447700,0.0,0.0
2021-08-16 00:00:00-04:00,20.655614755145294,20.67224606544945,20.406151444779148,20.564144134521484,8491300,0.0,0.0
2021-08-17 00:00:00-04:00,20.539198388353004,20.93834031223112,20.431096459355377,20.5974063873291,7944700,0.0,0.0
2021-08-18 00:00:00-04:00,20.796978061870544,20.86350171812964,20.23984184593218,20.248157501220703,15179400,0.0,0.0
2021-08-19 00:00:00-04:00,19.832385373343445,19.89890903336021,19.44987313871019,19.591236114501953,18868700,0.0,0.0
2021-08-20 00:00:00-04:00,19.533027055230246,19.67439002338675,19.44987208818835,19.657758712768555,14979700,0.0,0.0
2021-08-23 00:00:00-04:00,20.123423267227007,20.381202203966808,20.10679195877957,20.281415939331055,11174300,0.0,0.0
2021-08-24 00:00:00-04:00,20.356258563478676,20.58909216159511,20.331313182785255,20.497621536254883,7890700,0.0,0.0
2021-08-25 00:00:00-04:00,20.41446389892314,20.54751119873311,20.322994871584363,20.480987548828125,6661300,0.0,0.0
2021-08-26 00:00:00-04:00,20.447732313620765,20.539202952939444,20.198268952269018,20.20658302307129,6231100,0.0,0.0
2021-08-27 00:00:00-04:00,20.447727947780983,20.855185530217994,20.431096637628688,20.73876953125,9064400,0.0,0.0
2021-08-30 00:00:00-04:00,20.747084533972902,20.788661221997305,20.456042959655143,20.53919792175293,7539100,0.0,0.0
2021-08-31 00:00:00-04:00,20.47267904900165,20.60572638500082,20.323000399490244,20.339630126953125,8727900,0.0,0.0
2021-09-01 00:00:00-04:00,20.439417044212437,20.522572028255738,20.173322364113403,20.21489906311035,8882800,0.0,0.0
2021-09-02 00:00:00-04:00,20.47267708729678,20.813611051382317,20.439414463459556,20.655616760253906,8054000,0.0,0.0
2021-09-03 00:00:00-04:00,20.605724334716797,20.730456001548962,20.472677011955927,20.605724334716797,6735400,0.0,0.0
2021-09-07 00:00:00-04:00,20.48930771364097,20.75540237183642,20.406154322491844,20.447731018066406,6993200,0.0,0.0
2021-09-08 00:00:00-04:00,20.705511803162718,20.788666787522693,20.289738467412267,20.30636978149414,8838400,0.0,0.0
2021-09-09 00:00:00-04:00,20.173322364113403,20.414470073184628,20.098483037079372,20.21489906311035,9199200,0.0,0.0
2021-09-10 00:00:00-04:00,20.539196570972884,20.597404564798534,20.347939694911474,20.372886657714844,7679100,0.0,0.0
2021-09-13 00:00:00-04:00,20.614039482002866,20.938342124974305,20.614039482002866,20.82192611694336,10036400,0.0,0.0
2021-09-14 00:00:00-04:00,21.121281430376527,21.121281430376527,20.439413533238056,20.497621536254883,9315500,0.0,0.0
2021-09-15 00:00:00-04:00,21.104650843538035,21.503794394872052,21.088021117854723,21.428955078125,15378600,0.0,0.0
2021-09-16 00:00:00-04:00,21.395694742542254,21.412326056053168,20.97992142106549,21.071392059326172,10188100,0.0,0.0
2021-09-17 00:00:00-04:00,21.13791026979003,21.17948695678341,20.75539808804536,20.988231658935547,13286500,0.0,0.0
2021-09-20 00:00:00-04:00,20.73877326381495,20.855189283735502,20.397839274576775,20.647302627563477,12748300,0.0,0.0
2021-09-21 00:00:00-04:00,21.179488493178653,21.22938242444883,20.855185870167787,20.979917526245117,12694800,0.0,0.0
2021-09-22 00:00:00-04:00,21.553684337526995,21.703362954309316,21.329166412353516,21.329166412353516,12788000,0.0,0.0
2021-09-23 00:00:00-04:00,21.437270758433037,21.828097068297225,21.329168818097738,21.753257751464844,10291200,0.0,0.0
2021-09-24 00:00:00-04:00,21.58694675469828,21.886304007448192,21.537054407922994,21.819780349731445,8346600,0.0,0.0
2021-09-27 00:00:00-04:00,22.376915160001246,22.651325428951413,22.36859950505742,22.518278121948242,15171200,0.0,0.0
2021-09-28 00:00:00-04:00,23.1668886269033,23.19183400966311,22.601436688958465,22.651329040527344,19706400,0.0,0.0
2021-09-29 00:00:00-04:00,22.4767006834345,22.684587291947793,22.218920146922777,22.543224334716797,10912500,0.0,0.0
2021-09-30 00:00:00-04:00,22.726163864135742,22.909103507723326,22.48501622422706,22.726163864135742,14574000,0.0,0.0
2021-10-01 00:00:00-04:00,22.792687421287866,23.067097678564505,22.70953246143608,22.950681686401367,10620200,0.0,0.0
2021-10-04 00:00:00-04:00,23.258355724876395,23.64086795098386,23.191832066342375,23.29161834716797,15151700,0.0,0.0
2021-10-05 00:00:00-04:00,23.615917976860825,23.931906504194238,23.432978335701268,23.632549285888672,14724200,0.0,0.0
2021-10-06 00:00:00-04:00,23.266669191933886,23.4080321512779,23.000574582827262,23.374771118164062,20228000,0.0,0.0
2021-10-07 00:00:00-04:00,23.25835748086459,23.557714759893493,23.150257122353732,23.474559783935547,11055400,0.0,0.0
2021-10-08 00:00:00-04:00,23.865387126863787,24.114850462748397,23.840440158855642,24.006750106811523,12630400,0.0,0.0
2021-10-11 00:00:00-04:00,24.447465160599712,24.572196810113436,24.15642358770171,24.198001861572266,11035000,0.0,0.0
2021-10-12 00:00:00-04:00,24.131478209428348,24.355996130182437,23.94022290777071,24.198001861572266,13346800,0.0,0.0
2021-10-13 00:00:00-04:00,23.898645853539733,24.380942752708837,23.765598542461984,24.272842407226562,9066600,0.0,0.0
2021-10-14 00:00:00-04:00,24.613779676939167,24.67198768517064,24.414208683267272,24.48904800415039,9777500,0.0,0.0
2021-10-15 00:00:00-04:00,24.921450354146895,25.037867953498456,24.82998130914473,24.8881893157959,11813100,0.0,0.0
2021-10-18 00:00:00-04:00,24.904816606407305,24.92144632987285,24.61377503409916,24.705244064331055,9172500,0.0,0.0
2021-10-19 00:00:00-04:00,24.87987128866751,24.963026255694256,24.76345528645951,24.829978942871094,6069400,0.0,0.0
2021-10-20 00:00:00-04:00,24.76345862769646,25.187547589309364,24.663672336590775,25.05449867248535,6858900,0.0,0.0
2021-10-21 00:00:00-04:00,24.85492504010948,24.93808000953625,24.34768274009951,24.480730056762695,9281900,0.0,0.0
2021-10-22 00:00:00-04:00,24.480728615632817,24.605460269405715,24.256210687212178,24.538936614990234,8098900,0.0,0.0
2021-10-25 00:00:00-04:00,24.821661644883697,24.896500951650047,24.588828069827382,24.705244064331055,6590800,0.0,0.0
2021-10-26 00:00:00-04:00,24.78008481788971,24.796716128375248,24.472413504152538,24.647037506103516,7329400,0.0,0.0
2021-10-27 00:00:00-04:00,24.331048579988916,24.73019048324142,24.264524929446832,24.32273292541504,10507000,0.0,0.0
2021-10-28 00:00:00-04:00,24.21463523725681,24.33936689741338,24.01506267774737,24.297788619995117,8716700,0.0,0.0
2021-10-29 00:00:00-04:00,24.09821638159654,24.214633966207696,23.80717479914219,23.940223693847656,11075700,0.0,0.0
2021-11-01 00:00:00-04:00,24.272845539833504,24.43083825084791,24.164743594350746,24.347684860229492,10519900,0.0,0.0
2021-11-02 00:00:00-04:00,23.590975133860873,23.632551824848356,23.216778570777166,23.233409881591797,18798700,0.0,0.0
2021-11-03 00:00:00-04:00,22.842585150033962,22.909108816394717,22.634698494400435,22.66796112060547,16392200,0.0,0.0
2021-11-04 00:00:00-04:00,22.99226348077461,23.15025778098476,22.593121488079873,22.709537506103516,12463800,0.0,0.0
2021-11-05 00:00:00-04:00,23.225094902432538,23.241726213731425,22.925737643249146,23.158571243286133,8295300,0.0,0.0
2021-11-08 00:00:00-05:00,23.3331916038555,23.532762550076598,23.15025196633172,23.299930572509766,8086700,0.0,0.0
2021-11-09 00:00:00-05:00,23.39971582914843,23.466239479527893,23.050466268144024,23.449609756469727,7522700,0.0,0.0
2021-11-10 00:00:00-05:00,23.557298957837787,23.633018975722216,22.95154041947601,23.069326400756836,8165000,0.328,0.0
2021-11-11 00:00:00-05:00,23.212355042885992,23.439515117285783,23.035674450114893,23.060914993286133,6749100,0.0,0.0
2021-11-12 00:00:00-05:00,23.002022595105608,23.170289677859675,22.943129597555835,23.035675048828125,6929500,0.0,0.0
2021-11-15 00:00:00-05:00,23.086157849964348,23.26283685572699,22.783277720412443,23.17870330810547,7681100,0.0,0.0
2021-11-16 00:00:00-05:00,23.52364474578969,23.56571231361796,23.24600521697762,23.279659271240234,7109500,0.0,0.0
2021-11-17 00:00:00-05:00,23.195527612925837,23.447928226131463,23.03567405170032,23.077741622924805,5335100,0.0,0.0
2021-11-18 00:00:00-05:00,22.749622177297347,22.993607667108044,22.640248098816144,22.9599552154541,9157300,0.0,0.0
2021-11-19 00:00:00-05:00,22.185931447139048,22.303717444959737,21.95877136158726,22.068143844604492,12258700,0.0,0.0
2021-11-22 00:00:00-05:00,22.084970307317793,22.665489976144304,22.05972976355531,22.429916381835938,10026500,0.0,0.0
2021-11-23 00:00:00-05:00,22.76645088606034,23.14505105126156,22.76645088606034,23.102983474731445,9979100,0.0,0.0
2021-11-24 00:00:00-05:00,22.934715510948365,23.304902120946448,22.926301996549114,23.262834548950195,7204900,0.0,0.0
2021-11-26 00:00:00-05:00,21.68113047968466,21.866222980016488,21.420316350704734,21.84098243713379,16770400,0.0,0.0
2021-11-29 00:00:00-05:00,22.286889803398164,22.45515688541932,22.000836726790492,22.026077270507812,10096600,0.0,0.0
2021-11-30 00:00:00-05:00,21.933529489656586,22.101796566113716,21.630649393919263,21.84098243713379,13760200,0.0,0.0
2021-12-01 00:00:00-05:00,22.396266652424025,22.514052661548483,21.63906629458388,21.655893325805664,9829500,0.0,0.0
2021-12-02 00:00:00-05:00,22.253237421742462,22.867409545091128,22.11021088297638,22.766448974609375,15192600,0.0,0.0
2021-12-03 00:00:00-05:00,23.086159783456097,23.10298521061839,22.51405353737194,22.6402530670166,10792200,0.0,0.0
2021-12-06 00:00:00-05:00,23.262836445955415,23.304904021382136,22.968369836824046,22.993610382080078,10104700,0.0,0.0
2021-12-07 00:00:00-05:00,23.271247044882458,23.481580081517127,23.102979973689237,23.1702880859375,9051800,0.0,0.0
2021-12-08 00:00:00-05:00,23.26283816754929,23.38903769374116,23.102984578525433,23.136638641357422,7878100,0.0,0.0
2021-12-09 00:00:00-05:00,22.84217051499419,22.92630406185203,22.640250965363734,22.850584030151367,9527400,0.0,0.0
2021-12-10 00:00:00-05:00,23.069328507676545,23.094569050847785,22.816929494819306,23.060914993286133,8256600,0.0,0.0
2021-12-13 00:00:00-05:00,22.615010608183034,22.690730640514136,22.33737102454031,22.37102508544922,8849000,0.0,0.0
2021-12-14 00:00:00-05:00,22.286890434672596,22.6486635479656,22.270063405051093,22.337369918823242,8619800,0.0,0.0
2021-12-15 00:00:00-05:00,22.303716070139096,22.463569632123566,21.925115950890024,22.396263122558594,9290800,0.0,0.0
2021-12-16 00:00:00-05:00,22.615009096113944,22.83375566325434,22.46357064629106,22.48880958557129,10366100,0.0,0.0
2021-12-17 00:00:00-05:00,22.49721980103206,22.49721980103206,22.127033233642578,22.127033233642578,11410000,0.0,0.0
2021-12-20 00:00:00-05:00,21.740023238155537,21.756850266560658,21.310943642107418,21.580169677734375,28787900,0.0,0.0
2021-12-21 00:00:00-05:00,21.90829297809052,22.320545595887193,21.899879462864387,22.236412048339844,14712800,0.0,0.0
2021-12-22 00:00:00-05:00,22.3794382052892,22.581357753033423,22.169105142466396,22.522464752197266,10692100,0.0,0.0
2021-12-23 00:00:00-05:00,22.85899622523385,23.09456982188897,22.665490201935267,22.69072914123535,10719400,0.0,0.0
2021-12-27 00:00:00-05:00,22.539290505662635,22.850582522368093,22.278476367141614,22.833755493164062,8460600,0.0,0.0
2021-12-28 00:00:00-05:00,22.850582315447355,22.976781823907157,22.63183575191725,22.77486228942871,8450300,0.0,0.0
2021-12-29 00:00:00-05:00,22.808514424609818,22.943127436246602,22.673901412973034,22.70755386352539,10909100,0.0,0.0
2021-12-30 00:00:00-05:00,22.783277298099122,22.884237874316327,22.446744718564986,22.455158233642578,9713800,0.0,0.0
2021-12-31 00:00:00-05:00,22.337369923591414,22.497223495602093,22.303717469055087,22.40467643737793,6484100,0.0,0.0
2022-01-03 00:00:00-05:00,22.455157473167596,23.119809094648932,22.421503413996962,23.027263641357422,9785600,0.0,0.0
2022-01-04 00:00:00-05:00,23.666677064635394,24.146237827074536,23.64985163809597,24.020036697387695,15444300,0.0,0.0
2022-01-05 00:00:00-05:00,24.339738759062673,24.457524743664322,23.860179702083165,23.868593215942383,13507900,0.0,0.0
2022-01-06 00:00:00-05:00,24.415457734703125,24.49959126498276,24.053684677800227,24.23877716064453,13366900,0.0,0.0
2022-01-07 00:00:00-05:00,24.62579161434901,24.98756468383171,24.465938061730533,24.962324142456055,16171800,0.0,0.0
2022-01-10 00:00:00-05:00,25.122182138397896,25.206314081769698,24.718341428529055,24.869781494140625,10207300,0.0,0.0
2022-01-11 00:00:00-05:00,25.071699101727848,25.736352314858088,24.962326621000937,25.694286346435547,14559100,0.0,0.0
2022-01-12 00:00:00-05:00,26.19066881853752,26.41782888152442,26.12336231150959,26.24114990234375,19244700,0.0,0.0
2022-01-13 00:00:00-05:00,26.417833731291548,26.586100832108578,26.215914173139513,26.266393661499023,14885600,0.0,0.0
2022-01-14 00:00:00-05:00,26.611335902374424,26.981522507486797,26.577683449935357,26.956283569335938,19625900,0.0,0.0
2022-01-18 00:00:00-05:00,27.259163301545506,27.393776318935195,26.83849561631055,27.24233627319336,16067600,0.0,0.0
2022-01-19 00:00:00-05:00,27.351709546205978,27.461083635389777,26.703884944873963,27.006763458251953,14456700,0.0,0.0
2022-01-20 00:00:00-05:00,26.527204699029646,26.897389709616874,26.35893761806177,26.384178161621094,12563100,0.0,0.0
2022-01-21 00:00:00-05:00,25.955100304893975,26.148606337795332,25.702699666370798,25.837312698364258,17472600,0.0,0.0
2022-01-24 00:00:00-05:00,24.735168070968886,25.23155423170069,24.306088426706786,25.223140716552734,20993700,0.0,0.0
2022-01-25 00:00:00-05:00,25.450301525095334,26.48513984660422,25.113768933309597,26.41783332824707,17655000,0.0,0.0
2022-01-26 00:00:00-05:00,26.931040645070933,27.032002813617712,26.283216110699637,26.501962661743164,16620000,0.0,0.0
2022-01-27 00:00:00-05:00,26.93945903084367,27.048833121986352,26.199085752184295,26.527206420898438,14698700,0.0,0.0
2022-01-28 00:00:00-05:00,26.1233669083126,26.375767557616342,25.78683431395494,26.140193939208984,14609200,0.0,0.0
2022-01-31 00:00:00-05:00,26.182259395475143,26.199084820294537,25.870965767965362,26.013992309570312,10179000,0.0,0.0
2022-02-01 00:00:00-05:00,26.24956329993913,26.83008131871376,26.140189223557567,26.7207088470459,15409100,0.0,0.0
2022-02-02 00:00:00-05:00,26.754364023608705,26.947870049580008,26.602925571574985,26.88897705078125,11775200,0.0,0.0
2022-02-03 00:00:00-05:00,26.981523822112123,27.208683904820433,26.6534047724538,27.048831939697266,13173100,0.0,0.0
2022-02-04 00:00:00-05:00,27.528392794557078,27.923816777511142,27.503150644144085,27.663005828857422,16951100,0.0,0.0
2022-02-07 00:00:00-05:00,27.50315104541966,28.2603513802992,27.393780159936572,28.050018310546875,15654900,0.0,0.0
2022-02-08 00:00:00-05:00,28.150974723709247,28.235109869610824,27.158202468064214,27.604110717773438,19711100,0.0,0.0
2022-02-09 00:00:00-05:00,27.999534280669877,28.35289546968126,27.69665417849658,27.755550384521484,17658600,0.0,0.0
2022-02-10 00:00:00-05:00,27.76396250104281,28.285587564543878,27.70506950400693,27.814443588256836,13024300,0.0,0.0
2022-02-11 00:00:00-05:00,28.243524956925633,28.73991114059233,27.890166932668667,27.95747184753418,29645900,0.0,0.0
2022-02-14 00:00:00-05:00,27.873337554893705,27.898576494664862,27.05724426839701,27.301231384277344,20608500,0.0,0.0
2022-02-15 00:00:00-05:00,26.914220603916064,27.175033172630183,26.4683138986124,27.057247161865234,19787000,0.0,0.0
2022-02-16 00:00:00-05:00,27.318057511550116,27.763962549725836,27.27598833408418,27.32646942138672,15300500,0.0,0.0
2022-02-17 00:00:00-05:00,27.60524262333366,27.698733804992113,27.197283756053128,27.44375991821289,12509600,0.328,0.0
2022-02-18 00:00:00-05:00,27.273773083759686,27.33326687570391,26.874313608502575,27.001800537109375,11377300,0.0,0.0
2022-02-22 00:00:00-05:00,27.001803690198134,27.095293250848602,26.185884333885394,26.39836311340332,16344100,0.0,0.0
2022-02-23 00:00:00-05:00,26.52584836487461,26.68733268091116,26.35586632475369,26.457855224609375,11924500,0.0,0.0
2022-02-24 00:00:00-05:00,25.301972072289196,25.505951494956754,24.231078887471252,24.792022705078125,39965300,0.0,0.0
2022-02-25 00:00:00-05:00,25.54844811502625,26.134890003146847,25.454958553937782,26.117891311645508,22371600,0.0,0.0
2022-02-28 00:00:00-05:00,24.2480783809546,24.945008503419114,24.069595367032193,24.826019287109375,37847800,0.0,0.0
2022-03-01 00:00:00-05:00,24.460555038929822,24.92800765493103,23.950605698965795,24.214078903198242,24860000,0.0,0.0
2022-03-02 00:00:00-05:00,25.344468131977177,25.77792502937749,25.216981190644006,25.590944290161133,28593500,0.0,0.0
2022-03-03 00:00:00-05:00,24.800522541074827,25.055496419183584,24.333068269762933,24.426559448242188,18735700,0.0,0.0
2022-03-04 00:00:00-05:00,23.814624987647186,23.959110640704697,23.423663141280247,23.80612564086914,22937200,0.0,0.0
2022-03-07 00:00:00-05:00,24.11209360677726,24.41806195955647,23.772126248668908,24.22258186340332,26330200,0.0,0.0
2022-03-08 00:00:00-05:00,25.02149992869353,25.726929366705985,24.71552998702112,25.28497314453125,33894400,0.0,0.0
2022-03-09 00:00:00-05:00,24.732528462536234,25.106491541211682,24.409559833335152,24.67303466796875,24512200,0.0,0.0
2022-03-10 00:00:00-05:00,24.54554611265635,24.75802487673126,24.265074208920844,24.67303466796875,20436700,0.0,0.0
2022-03-11 00:00:00-05:00,24.120591080252577,24.44355974287107,23.967607716000355,24.027101516723633,19553800,0.0,0.0
2022-03-14 00:00:00-04:00,23.695631713127703,23.87411472286148,23.321670245171497,23.678634643554688,19434700,0.0,0.0
2022-03-15 00:00:00-04:00,23.466158800944637,24.078097151189116,23.211183272529343,23.840120315551758,15614600,0.0,0.0
2022-03-16 00:00:00-04:00,24.12909009731123,24.32457180984594,23.916611314147634,24.316072463989258,17662100,0.0,0.0
2022-03-17 00:00:00-04:00,24.622042203807712,24.843020345342467,24.486055904568563,24.681537628173828,18703900,0.0,0.0
2022-03-18 00:00:00-04:00,24.35856630600756,24.520050626721442,24.11209177331368,24.426559448242188,16269400,0.0,0.0
2022-03-21 00:00:00-04:00,24.996004390217575,25.386966201530917,24.98750504420158,25.327470779418945,13650800,0.0,0.0
2022-03-22 00:00:00-04:00,25.420957478252515,25.420957478252515,24.936506188427547,25.216978073120117,10811700,0.0,0.0
2022-03-23 00:00:00-04:00,25.92241251820926,26.313372715773152,25.828921331363752,26.143390655517578,21290000,0.0,0.0
2022-03-24 00:00:00-04:00,26.347368581723718,26.40686238043797,26.01590220541034,26.12639045715332,10445400,0.0,0.0
2022-03-25 00:00:00-04:00,25.998901909645422,26.55134637643781,25.990402564484388,26.389862060546875,16918100,0.0,0.0
2022-03-28 00:00:00-04:00,25.67593679110285,25.692935483750844,25.335971043565724,25.43796157836914,14869200,0.0,0.0
2022-03-29 00:00:00-04:00,24.860017055342354,25.216981467647056,24.63053958577124,25.165987014770508,15603500,0.0,0.0
2022-03-30 00:00:00-04:00,25.446457555367967,25.786423257890768,25.403960829374903,25.55694580078125,14757400,0.0,0.0
2022-03-31 00:00:00-04:00,25.267976892341185,25.42096187793913,24.97050626713234,24.987504959106445,13423500,0.0,0.0
2022-04-01 00:00:00-04:00,25.114991198034375,25.38696539869183,25.030000982731142,25.361467361450195,10204600,0.0,0.0
2022-04-04 00:00:00-04:00,25.49745494777361,25.531452332491213,25.174487898379,25.318973541259766,13298000,0.0,0.0
2022-04-05 00:00:00-04:00,25.573945697297635,25.760926437232484,25.12349010703281,25.24247932434082,19572600,0.0,0.0
2022-04-06 00:00:00-04:00,25.497453795946058,25.59094497861155,25.021501778992043,25.148988723754883,12974700,0.0,0.0
2022-04-07 00:00:00-04:00,25.403960158955826,25.514450022537584,24.928008187984435,25.378463745117188,14060200,0.0,0.0
2022-04-08 00:00:00-04:00,25.429458980634276,25.981903452382113,25.429458980634276,25.89691162109375,15492700,0.0,0.0
2022-04-11 00:00:00-04:00,25.8884125400737,25.913910576045744,25.40396120419537,25.471954345703125,10320500,0.0,0.0
2022-04-12 00:00:00-04:00,26.06689387961297,26.398360220590824,25.939406950089506,25.956405639648438,10874500,0.0,0.0
2022-04-13 00:00:00-04:00,26.415360143548373,26.55984576937716,26.29637255324855,26.525848388671875,9507300,0.0,0.0
2022-04-14 00:00:00-04:00,26.542849292121748,26.70433362176746,26.41536234601596,26.59384536743164,8472500,0.0,0.0
2022-04-18 00:00:00-04:00,26.6363393667473,26.73832827095175,26.389863209598467,26.559846878051758,7479100,0.0,0.0
2022-04-19 00:00:00-04:00,26.636339408450283,26.98480447034914,26.534348883001744,26.695833206176758,9101400,0.0,0.0
2022-04-20 00:00:00-04:00,26.61933901439926,26.763824637242035,26.46635404655581,26.687332153320312,8730000,0.0,0.0
2022-04-21 00:00:00-04:00,26.882810700703473,26.976301869325155,26.100888836907778,26.185880661010742,9336700,0.0,0.0
2022-04-22 00:00:00-04:00,25.930913342820453,26.160390839387755,25.301976279738845,25.395465850830078,12247200,0.0,0.0
2022-04-25 00:00:00-04:00,24.486055358185382,24.554048506287753,23.738130729059296,24.418062210083008,18157200,0.0,0.0
2022-04-26 00:00:00-04:00,24.044098322686686,24.571044762975273,24.02709963207496,24.0950927734375,13884400,0.0,0.0
2022-04-27 00:00:00-04:00,24.188584096591654,24.452058957066956,23.993104003530224,24.307573318481445,13325300,0.0,0.0
2022-04-28 00:00:00-04:00,24.537048484658854,25.004501119019025,24.17158474964649,24.94500732421875,13893300,0.0,0.0
2022-04-29 00:00:00-04:00,24.902509905905436,25.089492251315917,24.384062836292344,24.40955924987793,15366900,0.0,0.0
2022-05-02 00:00:00-04:00,24.265076244943447,24.537050447490845,23.93360986392105,24.52855110168457,12851400,0.0,0.0
2022-05-03 00:00:00-04:00,25.752428523356034,26.602343677540517,25.701434068008627,26.500354766845703,19291500,0.0,0.0
2022-05-04 00:00:00-04:00,26.814818222615937,27.137786837903274,26.449356125862323,27.069793701171875,15372200,0.0,0.0
2022-05-05 00:00:00-04:00,26.89981320220872,26.976305692634124,26.16888730193236,26.53434944152832,16744900,0.0,0.0
2022-05-06 00:00:00-04:00,26.959307440396447,27.11229242373962,26.644839748932778,27.078296661376953,17155400,0.0,0.0
2022-05-09 00:00:00-04:00,26.22837915160988,26.23687849670152,25.157485986327742,25.225479125976562,18948100,0.0,0.0
2022-05-10 00:00:00-04:00,25.684433092746662,25.87141544754026,24.86001605006149,25.403961181640625,15934800,0.0,0.0
2022-05-11 00:00:00-04:00,26.151887247307947,26.474854262536976,25.64193787808137,25.684432983398438,15016900,0.0,0.0
2022-05-12 00:00:00-04:00,25.47649983635669,25.519462877292515,24.857846796732744,25.44213104248047,17077000,0.328,0.0
2022-05-13 00:00:00-04:00,25.768640705760827,26.309963523113478,25.760048097991636,26.198261260986328,14035100,0.0,0.0
2022-05-16 00:00:00-04:00,26.309963701816255,26.885655315283536,26.292778486161144,26.65365982055664,16776700,0.0,0.0
2022-05-17 00:00:00-04:00,27.117649365231284,27.229351628916643,26.868470291938156,27.04891014099121,10712200,0.0,0.0
2022-05-18 00:00:00-04:00,27.39260772493734,27.547273036327,26.584922206704725,26.730993270874023,11209700,0.0,0.0
2022-05-19 00:00:00-04:00,26.249815444821234,26.971578113551676,26.249815444821234,26.66225242614746,12418400,0.0,0.0
2022-05-20 00:00:00-04:00,26.95439367296296,27.32386596444217,26.421663476878184,26.87706184387207,12702100,0.0,0.0
2022-05-23 00:00:00-04:00,27.495717702428433,27.787859834126532,27.375424461919504,27.590234756469727,12621600,0.0,0.0
2022-05-24 00:00:00-04:00,27.306679839136027,27.650375914749162,27.109053161645335,27.564453125,10519300,0.0,0.0
2022-05-25 00:00:00-04:00,27.616007909141466,27.87377957873486,27.461344251836504,27.81363296508789,9442200,0.0,0.0
2022-05-26 00:00:00-04:00,27.98548261110818,28.286215687657357,27.959706426759595,28.0714054107666,10621700,0.0,0.0
2022-05-27 00:00:00-04:00,27.848004990261664,28.062815273518154,27.701935570964753,27.976892471313477,8402000,0.0,0.0
2022-05-31 00:00:00-04:00,28.38932619566627,28.535395606596172,27.787856781451936,27.81363296508789,13369100,0.0,0.0
2022-06-01 00:00:00-04:00,28.114370084037585,28.2260690680275,27.65037909936584,28.088590621948242,9856100,0.0,0.0
2022-06-02 00:00:00-04:00,27.813633437451177,28.346365278435563,27.73630160748536,28.200292587280273,7617100,0.0,0.0
2022-06-03 00:00:00-04:00,28.165921590263043,28.389326106891442,28.131554438104107,28.337770462036133,8163200,0.0,0.0
2022-06-06 00:00:00-04:00,28.52680781371926,28.672877240910374,28.346367952690834,28.440881729125977,6750800,0.0,0.0
2022-06-07 00:00:00-04:00,28.621324879434663,29.386049005025708,28.5955454151738,29.37745475769043,13863200,0.0,0.0
2022-06-08 00:00:00-04:00,29.145457636532555,29.471970184600124,29.007979186463807,29.317306518554688,9720600,0.0,0.0
2022-06-09 00:00:00-04:00,29.162647104131988,29.23997894842892,28.793173101129465,28.801767349243164,7967700,0.0,0.0
2022-06-10 00:00:00-04:00,27.92534066681286,28.0628191359089,27.633198510265625,27.89097023010254,12174600,0.0,0.0
2022-06-13 00:00:00-04:00,27.023132906352934,27.22935057106164,26.258407222660125,26.82550621032715,16638300,0.0,0.0
2022-06-14 00:00:00-04:00,27.10046228096181,27.40978793057278,26.198258235843383,26.516178131103516,11609600,0.0,0.0
2022-06-15 00:00:00-04:00,26.851284883973314,26.971578115814356,26.02641419899639,26.65365982055664,10857400,0.0,0.0
2022-06-16 00:00:00-04:00,25.571014976424266,25.785825248431653,25.30465069801935,25.416351318359375,15950300,0.0,0.0
2022-06-17 00:00:00-04:00,25.01251116343877,25.184358415354026,23.79238862768877,23.852535247802734,23876100,0.0,0.0
2022-06-21 00:00:00-04:00,25.072658826453797,25.149990666637663,24.76333146571834,25.02110481262207,13941900,0.0,0.0
2022-06-22 00:00:00-04:00,24.101715075493782,24.436820258914864,23.929867818310758,24.136085510253906,12525500,0.0,0.0
2022-06-23 00:00:00-04:00,24.282155369511187,24.282155369511187,23.251065322333908,23.508838653564453,13695400,0.0,0.0
2022-06-24 00:00:00-04:00,24.213416770278368,24.514151511744156,23.955643432362336,24.256378173828125,12357900,0.0,0.0
2022-06-27 00:00:00-04:00,24.61725615598125,24.969544861113697,24.488370324154886,24.660219192504883,10856600,0.0,0.0
2022-06-28 00:00:00-04:00,25.201542772170477,25.37339165709364,24.737553405073818,24.978139877319336,13488600,0.0,0.0
2022-06-29 00:00:00-04:00,25.433539458519434,25.53664748317277,24.668813687790085,24.720369338989258,15388700,0.0,0.0
2022-06-30 00:00:00-04:00,24.471184332542286,24.514147367701767,23.998602417893512,24.35948371887207,12473700,0.0,0.0
2022-07-01 00:00:00-04:00,24.015786022178943,24.34229687314389,23.457278074648002,24.299335479736328,11915100,0.0,0.0
2022-07-05 00:00:00-04:00,23.551798729103613,23.594760129118722,22.795667272280134,23.32839584350586,17328600,0.0,0.0
2022-07-06 00:00:00-04:00,23.08780890764138,23.3541731877905,22.36604625786053,22.958921432495117,13916900,0.0,0.0
2022-07-07 00:00:00-04:00,24.00719891603291,24.136084764656847,23.72364939351125,23.869720458984375,16520500,0.0,0.0
2022-07-08 00:00:00-04:00,24.35948349179176,24.45399889051711,23.74942150919189,23.9212703704834,11372000,0.0,0.0
2022-07-11 00:00:00-04:00,23.586168018937318,23.70646124425682,23.27684070940457,23.594758987426758,10139700,0.0,0.0
2022-07-12 00:00:00-04:00,22.95033015465968,23.216696089114645,22.821444310917965,23.09640121459961,12383500,0.0,0.0
2022-07-13 00:00:00-04:00,22.915962947180866,23.440100605395546,22.881592512405625,23.208105087280273,9221000,0.0,0.0
2022-07-14 00:00:00-04:00,22.039534364932024,22.37463951562861,21.79894790059561,22.357454299926758,14617400,0.0,0.0
2022-07-15 00:00:00-04:00,22.94173813712471,23.019069967610594,22.632410815181164,22.907367706298828,9124600,0.0,0.0
2022-07-18 00:00:00-04:00,23.886901651840443,24.015789126467375,23.388541885082894,23.48305892944336,10364700,0.0,0.0
2022-07-19 00:00:00-04:00,23.646314554863018,24.16185952278719,23.637721947529183,24.11030387878418,10550500,0.0,0.0
2022-07-20 00:00:00-04:00,24.127488811633544,24.256374642391084,23.886900725713154,24.17904281616211,9983600,0.0,0.0
2022-07-21 00:00:00-04:00,23.38854422044203,23.904089253810266,23.28543619709187,23.869720458984375,9413900,0.0,0.0
2022-07-22 00:00:00-04:00,23.723646173946392,23.955640014436323,23.474465480067238,23.672090530395508,10903500,0.0,0.0
2022-07-25 00:00:00-04:00,23.852532203934032,24.1618595123291,23.680683335076264,24.1618595123291,8862500,0.0,0.0
2022-07-26 00:00:00-04:00,24.35948649946277,24.42822572469218,23.972827333252088,24.118898391723633,8057700,0.0,0.0
2022-07-27 00:00:00-04:00,24.359484217542697,24.7976973519069,24.127488739548898,24.711772918701172,9767400,0.0,0.0
2022-07-28 00:00:00-04:00,24.47977638493908,24.557108207601832,24.075933696823068,24.46259117126465,13455800,0.0,0.0
2022-07-29 00:00:00-04:00,24.74614511406134,25.28746797054015,24.74614511406134,25.244504928588867,14193000,0.0,0.0
2022-08-01 00:00:00-04:00,24.917993264334367,25.012510314948603,24.694590369437712,24.960954666137695,13983600,0.0,0.0
2022-08-02 00:00:00-04:00,25.777231558875485,25.871748599030482,25.2187252028743,25.227317810058594,17030700,0.0,0.0
2022-08-03 00:00:00-04:00,25.95767218766353,26.00063522490005,25.433536244356322,25.510868072509766,13523800,0.0,0.0
2022-08-04 00:00:00-04:00,25.725679501958044,25.742863078755107,25.19294928831226,25.218727111816406,14429000,0.0,0.0
2022-08-05 00:00:00-04:00,24.978139757749055,25.725680273052188,24.978139757749055,25.485092163085938,12266100,0.0,0.0
2022-08-08 00:00:00-04:00,26.069376574822837,26.16389362559057,25.81160488583938,25.91471290588379,9676100,0.0,0.0
2022-08-09 00:00:00-04:00,26.378702459275583,26.533364480820563,26.18107576047993,26.267000198364258,9564900,0.0,0.0
2022-08-10 00:00:00-04:00,26.636473275134428,26.645065882533018,26.241223168033066,26.464624404907227,11735500,0.0,0.0
2022-08-11 00:00:00-04:00,27.24708868396109,27.447050965201417,27.09059588707578,27.316640853881836,11116000,0.36,0.0
2022-08-12 00:00:00-04:00,27.221005274537603,27.568766114893716,27.073206710104444,27.53399085998535,7814000,0.0,0.0
2022-08-15 00:00:00-04:00,26.46462545466978,26.95149062750047,26.325521119575296,26.91671371459961,8130900,0.0,0.0
2022-08-16 00:00:00-04:00,26.994960051360092,27.142758614356698,26.821080461999333,26.89063262939453,8540700,0.0,0.0
2022-08-17 00:00:00-04:00,26.97757592962082,27.325336801097823,26.760225177665863,27.20362091064453,9541200,0.0,0.0
2022-08-18 00:00:00-04:00,27.525295911210574,27.777423550278286,27.455743744959904,27.751340866088867,9264800,0.0,0.0
2022-08-19 00:00:00-04:00,27.673094683981788,27.76003530702543,27.360109104326465,27.394886016845703,16594600,0.0,0.0
2022-08-22 00:00:00-04:00,27.412272611961843,27.63831755322631,27.1949218982369,27.568763732910156,10577100,0.0,0.0
2022-08-23 00:00:00-04:00,27.98607905158499,28.438168972016353,27.959998025034192,28.29906463623047,10199500,0.0,0.0
2022-08-24 00:00:00-04:00,27.855672098783465,28.159961813253073,27.742648783476547,28.073022842407227,8896300,0.0,0.0
2022-08-25 00:00:00-04:00,28.386007651271626,28.52511199064639,28.255595882135072,28.403392791748047,6996800,0.0,0.0
2022-08-26 00:00:00-04:00,28.429477699368352,28.594663069243193,28.02955313029719,28.107799530029297,9500300,0.0,0.0
2022-08-29 00:00:00-04:00,27.760032931675322,28.507719904316858,27.742644476903582,28.229511260986328,7155000,0.0,0.0
2022-08-30 00:00:00-04:00,27.533991592165982,27.56876684799909,27.134065371430793,27.316640853881836,11848100,0.0,0.0
2022-08-31 00:00:00-04:00,26.264664540425652,27.10798653438975,26.186419793915515,26.812389373779297,14191900,0.0,0.0
2022-09-01 00:00:00-04:00,26.53417761367608,26.69936297513856,26.25596894357666,26.595035552978516,8779900,0.0,0.0
2022-09-02 00:00:00-04:00,27.499211776154308,27.577458166339813,26.968877158318975,27.064510345458984,12041100,0.0,0.0
2022-09-06 00:00:00-04:00,27.4035785890143,27.473130751595377,26.977571385923405,27.064510345458984,9529400,0.0,0.0
2022-09-07 00:00:00-04:00,26.508098025794613,26.690673523285625,26.255972010908042,26.66459083557129,10867700,0.0,0.0
2022-09-08 00:00:00-04:00,26.46462884011639,26.777612804989726,26.386382434334383,26.690673828125,9721700,0.0,0.0
2022-09-09 00:00:00-04:00,27.34272175398497,27.586153503684372,27.238392676789207,27.55137825012207,8657100,0.0,0.0
2022-09-12 00:00:00-04:00,27.933917999267578,28.186042336812392,27.794812000243482,27.933917999267578,7723000,0.0,0.0
2022-09-13 00:00:00-04:00,27.586154712026165,27.959998239159148,27.49052151685004,27.62093162536621,10144600,0.0,0.0
2022-09-14 00:00:00-04:00,27.803505333577455,28.142571946003805,27.681789453886864,27.89044761657715,7688200,0.0,0.0
2022-09-15 00:00:00-04:00,27.342722838536634,27.533990886352036,27.255782213800728,27.386192321777344,9639400,0.0,0.0
2022-09-16 00:00:00-04:00,27.194921354048102,27.221002377890414,26.690667774626853,26.960182189941406,7943400,0.0,0.0
2022-09-19 00:00:00-04:00,26.3863824455599,26.890636139561416,26.334218727767933,26.864553451538086,5023100,0.0,0.0
2022-09-20 00:00:00-04:00,27.099288964305977,27.11667742061106,26.812386068289925,26.95149040222168,7236500,0.0,0.0
2022-09-21 00:00:00-04:00,27.186231930853182,27.264478332715935,26.5341796875,26.5341796875,7877300,0.0,0.0
2022-09-22 00:00:00-04:00,27.16884357251406,27.30794791894496,26.768918991088867,26.768918991088867,8809700,0.0,0.0
2022-09-23 00:00:00-04:00,25.264850613398426,25.308321758175197,24.299814414918732,24.4128360748291,17738100,0.0,0.0
2022-09-26 00:00:00-04:00,24.18678965366314,24.499775244363327,23.656453326811047,23.69992446899414,17517500,0.0,0.0
2022-09-27 00:00:00-04:00,24.19548073784957,24.386748763835968,23.821637254929268,23.95204734802246,13906800,0.0,0.0
2022-09-28 00:00:00-04:00,24.021601813232458,24.899698956424697,23.93466284833091,24.83014678955078,12249500,0.0,0.0
2022-09-29 00:00:00-04:00,24.656266126450678,25.04749642621293,24.360669015561303,24.995332717895508,10891100,0.0,0.0
2022-09-30 00:00:00-04:00,24.812760524409153,25.273543017999327,24.734514127713748,24.821453094482422,7811100,0.0,0.0
2022-10-03 00:00:00-04:00,25.93429382085831,26.282054721352026,25.864741640759572,26.16903305053711,9804800,0.0,0.0
2022-10-04 00:00:00-04:00,26.516790399402332,27.229700564491765,26.464626685878716,27.19492530822754,11348800,0.0,0.0
2022-10-05 00:00:00-04:00,26.93410331376929,27.38619325113418,26.742835259463163,27.281864166259766,12498200,0.0,0.0
2022-10-06 00:00:00-04:00,26.447234589610606,27.134061974306903,26.42984613474378,27.073204040527344,16464300,0.0,0.0
2022-10-07 00:00:00-04:00,27.17753465630535,27.412273835587595,26.873243311856637,27.021041870117188,11040900,0.0,0.0
2022-10-10 00:00:00-04:00,26.812386478407298,26.960185042752293,26.368990785372304,26.38637924194336,8890700,0.0,0.0
2022-10-11 00:00:00-04:00,26.116860722924844,26.464621508810122,25.856038889820216,25.91689682006836,8816900,0.0,0.0
2022-10-12 00:00:00-04:00,25.87343106884466,26.1516397376084,25.68216302363321,26.038618087768555,9185700,0.0,0.0
2022-10-13 00:00:00-04:00,26.099476946807894,27.221005889578386,26.099476946807894,27.08190155029297,12228600,0.0,0.0
2022-10-14 00:00:00-04:00,27.055820989850204,27.090596246144234,26.3429091658952,26.36899185180664,10543700,0.0,0.0
2022-10-17 00:00:00-04:00,26.542874144761573,26.890635012557617,26.49940299987793,26.49940299987793,8482800,0.0,0.0
2022-10-18 00:00:00-04:00,26.708059520555558,26.777611694114764,26.073395729545947,26.49940299987793,11167600,0.0,0.0
2022-10-19 00:00:00-04:00,26.490709881143832,26.934105628012272,26.455934622034086,26.864553451538086,9749300,0.0,0.0
2022-10-20 00:00:00-04:00,27.073206506144523,27.334028378137535,26.794997835955556,26.91671371459961,8263300,0.0,0.0
2022-10-21 00:00:00-04:00,26.7602268805273,27.316644310297594,26.690674701806014,27.264480590820312,11288800,0.0,0.0
2022-10-24 00:00:00-04:00,27.48182924257293,27.968692797915327,27.386194382342318,27.647014617919922,11514100,0.0,0.0
2022-10-25 00:00:00-04:00,27.84697481682281,27.9686906965134,27.707872138786776,27.89044761657715,7872800,0.0,0.0
2022-10-26 00:00:00-04:00,27.786120986501288,28.24690686327672,27.751345726412694,28.09041404724121,10742900,0.0,0.0
2022-10-27 00:00:00-04:00,29.072830687880444,29.264100379964713,28.820706376916057,28.890256881713867,12764300,0.0,0.0
2022-10-28 00:00:00-04:00,28.74246473222852,28.838096277552832,28.40339477213412,28.820711135864258,11293200,0.0,0.0
2022-10-31 00:00:00-04:00,28.403392840566053,29.02067145682975,28.368619243044385,28.93372917175293,10393700,0.0,0.0
2022-11-01 00:00:00-04:00,29.159774830306603,29.203244313150226,28.75985028173093,28.864177703857422,11157600,0.0,0.0
2022-11-02 00:00:00-04:00,28.907650712862857,29.16847095824847,28.44686816879796,28.48164176940918,11130500,0.0,0.0
2022-11-03 00:00:00-04:00,28.299063976764685,28.8467887371304,28.229513468746998,28.725072860717773,8239500,0.0,0.0
2022-11-04 00:00:00-04:00,29.48145406667827,29.646639434158608,29.20324538644346,29.49014663696289,10965600,0.0,0.0
2022-11-07 00:00:00-05:00,29.898767356098595,30.029179127105003,29.733581987131707,29.84660530090332,8989300,0.0,0.0
2022-11-08 00:00:00-05:00,29.455368644295017,29.56838862367677,29.09021773315263,29.3249568939209,8902800,0.0,0.0
2022-11-09 00:00:00-05:00,28.947084135725017,29.08768915205268,28.36708802433742,28.411029815673828,11371600,0.36,0.0
2022-11-10 00:00:00-05:00,29.21071920188703,29.22829189430875,28.69223761596461,28.95587158203125,10854300,0.0,0.0
2022-11-11 00:00:00-05:00,29.799500088150683,29.904952998718922,29.54465248134716,29.737985610961914,10413400,0.0,0.0
2022-11-14 00:00:00-05:00,29.5095066899226,29.825865453187664,29.465564899871858,29.48314094543457,6713500,0.0,0.0
2022-11-15 00:00:00-05:00,29.878593856008735,30.04556126190983,29.685260705384767,29.799503326416016,10269600,0.0,0.0
2022-11-16 00:00:00-05:00,30.194958425343945,30.27404896135654,29.764353650989072,29.85223388671875,8778600,0.0,0.0
2022-11-17 00:00:00-05:00,29.80829203842539,30.186168670654297,29.62374857216147,30.186168670654297,9614000,0.0,0.0
2022-11-18 00:00:00-05:00,29.66768270123958,29.99283449715011,29.37768634673485,29.91374397277832,6718500,0.0,0.0
2022-11-21 00:00:00-05:00,29.078903540502083,29.157994073704423,28.38466478820243,29.114055633544922,10601600,0.0,0.0
2022-11-22 00:00:00-05:00,30.20374600818004,30.7134413393953,30.054354629761445,30.66071319580078,15271400,0.0,0.0
2022-11-23 00:00:00-05:00,30.65192262458415,30.8013139824186,30.484951869018712,30.73979949951172,9561300,0.0,0.0
2022-11-25 00:00:00-05:00,30.933135398706156,31.19676939922791,30.862831210679985,30.99464988708496,3506800,0.0,0.0
2022-11-28 00:00:00-05:00,30.432226581117234,30.84525190918391,30.256469481884174,30.520103454589844,7479900,0.0,0.0
2022-11-29 00:00:00-05:00,30.93313383752589,31.39888732668424,30.906768092202643,31.029800415039062,8203900,0.0,0.0
2022-11-30 00:00:00-05:00,31.644943937102816,31.73282416400487,31.12646233138829,31.548280715942383,13261300,0.0,0.0
2022-12-01 00:00:00-05:00,31.627370147756864,31.7240333655668,31.31979439269255,31.390098571777344,7051300,0.0,0.0
2022-12-02 00:00:00-05:00,30.871620496062448,31.179192933829157,30.845254749762336,31.073740005493164,7595000,0.0,0.0
2022-12-05 00:00:00-05:00,31.451618331557256,31.59222336103994,30.581622406934912,30.75737953186035,7165100,0.0,0.0
2022-12-06 00:00:00-05:00,30.47616666712536,30.87161932372841,30.089503709717945,30.20374298095703,12890200,0.0,0.0
2022-12-07 00:00:00-05:00,30.03677491519417,30.30919859541085,29.685260705384767,29.799503326416016,10018300,0.0,0.0
2022-12-08 00:00:00-05:00,30.388289300229395,30.45859013122388,29.702836922377386,29.817079544067383,8826900,0.0,0.0
2022-12-09 00:00:00-05:00,29.764349972100025,30.02798394212732,29.588592874652555,29.62374496459961,6311800,0.0,0.0
2022-12-12 00:00:00-05:00,29.711626436292814,30.09828938507301,29.65011195244796,29.96647071838379,5890900,0.0,0.0
2022-12-13 00:00:00-05:00,30.678287896486196,30.89798345671663,30.572834966216288,30.766164779663086,9256400,0.0,0.0
2022-12-14 00:00:00-05:00,30.783740682232445,30.90676965901778,30.44101614624811,30.581621170043945,7252800,0.0,0.0
2022-12-15 00:00:00-05:00,30.34435033467743,30.441016919546744,29.87859681007614,30.12465476989746,7088500,0.0,0.0
2022-12-16 00:00:00-05:00,29.33375141123047,29.650113546462126,29.122842203646655,29.59738540649414,10431900,0.0,0.0
2022-12-19 00:00:00-05:00,30.0719235081965,30.124648286932576,29.70283329560618,29.834651947021484,7513300,0.0,0.0
2022-12-20 00:00:00-05:00,29.887382382130998,30.15101973485662,29.75556705805638,29.94890022277832,5286300,0.0,0.0
2022-12-21 00:00:00-05:00,30.520101320992985,30.897977884626755,30.309195498487572,30.783735275268555,8138400,0.0,0.0
2022-12-22 00:00:00-05:00,30.484953359921025,30.572833591434378,29.8522324544652,30.238895416259766,6249900,0.0,0.0
2022-12-23 00:00:00-05:00,30.432229941760337,30.801316873849125,30.344349706295237,30.766164779663086,5191800,0.0,0.0
2022-12-27 00:00:00-05:00,30.75737796616111,30.89798298848632,30.651925037489242,30.792530059814453,4325800,0.0,0.0
2022-12-28 00:00:00-05:00,31.126464242854407,31.126464242854407,30.309199872348607,30.388290405273438,5232400,0.0,0.0
2022-12-29 00:00:00-05:00,30.35313507738257,30.62555538775451,30.309196642060105,30.49374008178711,4881500,0.0,0.0
2022-12-30 00:00:00-05:00,30.33555748676683,30.722220391101377,30.291619053683654,30.695858001708984,4823000,0.0,0.0
2023-01-03 00:00:00-05:00,30.75737358090926,30.924340973524917,29.957682001897126,30.159801483154297,7967400,0.0,0.0
2023-01-04 00:00:00-05:00,29.70283872694214,29.931323984203512,29.465567122380637,29.68526268005371,7492400,0.0,0.0
2023-01-05 00:00:00-05:00,29.509504262619373,29.869804786298676,29.491928218502377,29.790714263916016,6440200,0.0,0.0
2023-01-06 00:00:00-05:00,30.045559616234446,30.405860153024882,29.89616826423518,30.2828311920166,6855400,0.0,0.0
2023-01-09 00:00:00-05:00,30.880402420512535,30.977068987762358,30.405859282533942,30.555253982543945,7831300,0.0,0.0
2023-01-10 00:00:00-05:00,30.59041011228687,30.695863039450725,30.326772765945062,30.625558853149414,6508600,0.0,0.0
2023-01-11 00:00:00-05:00,30.67828743158517,30.801316407083707,30.458591874684018,30.792530059814453,7073300,0.0,0.0
2023-01-12 00:00:00-05:00,30.871619352251695,31.311010448374823,30.66071015110586,31.029800415039062,8934700,0.0,0.0
2023-01-13 00:00:00-05:00,31.108891441057466,31.258282807016368,30.97707276920943,31.249496459960938,7235200,0.0,0.0
2023-01-17 00:00:00-05:00,31.24949212695656,31.530702125771374,31.214340039032805,31.363731384277344,6708100,0.0,0.0
2023-01-18 00:00:00-05:00,31.794344892077575,31.83828333801552,31.04738125426689,31.056167602539062,8686700,0.0,0.0
2023-01-19 00:00:00-05:00,30.897978293227137,31.390097472726982,30.854039858981427,31.231916427612305,8334000,0.0,0.0
2023-01-20 00:00:00-05:00,31.038588641986944,31.196769714355465,30.941922058618598,31.19676971435547,11760700,0.0,0.0
2023-01-23 00:00:00-05:00,31.19676278245162,31.4603967270571,31.09130987506693,31.267066955566406,6143600,0.0,0.0
2023-01-24 00:00:00-05:00,30.862827584181982,31.047374379921646,30.590407268311466,31.012222290039062,6575900,0.0,0.0
2023-01-25 00:00:00-05:00,30.757371626079582,31.00342952635623,30.546462459922836,30.968280792236328,8041800,0.0,0.0
2023-01-26 00:00:00-05:00,31.38131273147,31.94373282414484,31.267073454843548,31.85585594177246,12180700,0.0,0.0
2023-01-27 00:00:00-05:00,32.00524289808438,32.163423946368795,31.759184979547616,31.91736602783203,8445500,0.0,0.0
2023-01-30 00:00:00-05:00,32.11070483085321,32.15464327373203,31.767980283194742,31.785552978515625,6724300,0.0,0.0
2023-01-31 00:00:00-05:00,31.50434153877794,31.847069423684108,31.31101172813773,31.838279724121094,8023000,0.0,0.0
2023-02-01 00:00:00-05:00,32.08433782180963,32.24251889178472,31.539493776500006,32.022823333740234,10643700,0.0,0.0
2023-02-02 00:00:00-05:00,31.908584823848116,31.93494721871463,30.62556018630305,30.933135986328125,16777900,0.0,0.0
2023-02-03 00:00:00-05:00,31.012225370395385,31.434040434020673,30.731015327978525,30.889196395874023,10281900,0.0,0.0
2023-02-06 00:00:00-05:00,30.713438275467166,30.810104852936284,30.12465246374073,30.616771697998047,14223000,0.0,0.0
2023-02-07 00:00:00-05:00,31.873425631580755,33.332203713112314,31.803121457874408,33.17402267456055,25213500,0.0,0.0
2023-02-08 00:00:00-05:00,33.50796436709495,34.263717553565144,33.39372174878744,33.96493148803711,18957400,0.0,0.0
2023-02-09 00:00:00-05:00,34.58887286650001,35.204021164780215,34.448267828517835,34.75584030151367,20258200,0.0,0.0
2023-02-10 00:00:00-05:00,35.625833263426934,35.89825361579798,35.43250009545658,35.72249984741211,19905000,0.0,0.0
2023-02-13 00:00:00-05:00,35.50279635575108,35.74885425836943,35.33582561987077,35.687339782714844,8658900,0.0,0.0
2023-02-14 00:00:00-05:00,35.62583429310841,36.36401153944439,35.56431980193778,36.04764938354492,8974900,0.0,0.0
2023-02-15 00:00:00-05:00,35.64340772766033,35.93340411444775,35.39734642872981,35.924617767333984,13698900,0.0,0.0
2023-02-16 00:00:00-05:00,35.824341347588614,36.605254389067625,35.79772042764865,36.33903503417969,15847600,0.397,0.0
2023-02-17 00:00:00-05:00,35.74447451741262,35.85983747687899,35.46050675962055,35.51375198364258,15846200,0.0,0.0
2023-02-21 00:00:00-05:00,35.44275318841037,35.6823515838614,35.274148414646554,35.29189682006836,8579500,0.0,0.0
2023-02-22 00:00:00-05:00,35.08779275044421,35.08779275044421,34.368997614998236,34.546478271484375,10401400,0.0,0.0
2023-02-23 00:00:00-05:00,35.238657052480285,35.32739909331079,34.86595063648038,35.2120361328125,9015300,0.0,0.0
2023-02-24 00:00:00-05:00,35.01680081475525,35.238650799722265,34.786078319860884,35.22977828979492,6980900,0.0,0.0
2023-02-27 00:00:00-05:00,35.566995309666794,35.89533237737448,35.38951462422716,35.69123077392578,8712100,0.0,0.0
2023-02-28 00:00:00-05:00,35.92194989829165,35.96631921916498,35.12329196708511,35.14103698730469,8506000,0.0,0.0
2023-03-01 00:00:00-05:00,35.28302390076353,35.54037072334257,35.17653684441315,35.43388366699219,6031100,0.0,0.0
2023-03-02 00:00:00-05:00,35.407261558972756,35.842085665798244,35.327395423104065,35.726722717285156,5961400,0.0,0.0
2023-03-03 00:00:00-05:00,34.85707256790826,35.76222101700413,34.84820005695941,35.69123077392578,6833100,0.0,0.0
2023-03-06 00:00:00-05:00,35.70010476787678,35.984072522311365,35.5847418097744,35.868709564208984,7710000,0.0,0.0
2023-03-07 00:00:00-05:00,35.593610968631445,35.655728691582894,35.123290099095634,35.31851577758789,6987600,0.0,0.0
2023-03-08 00:00:00-05:00,35.26528379871207,35.59362090960874,34.9103223811417,35.19429016113281,6250300,0.0,0.0
2023-03-09 00:00:00-05:00,35.265273971240205,35.54036577729183,34.82157401550582,34.91031265258789,5999900,0.0,0.0
2023-03-10 00:00:00-05:00,35.05229724286656,35.37176175936419,34.52873114864258,34.617469787597656,7628400,0.0,0.0
2023-03-13 00:00:00-04:00,33.26863076962784,34.26251791977575,33.16214032181141,33.73007583618164,13377100,0.0,0.0
2023-03-14 00:00:00-04:00,33.765569705478434,34.51986174512079,33.579216515806316,33.943050384521484,8748900,0.0,0.0
2023-03-15 00:00:00-04:00,32.008518731700555,32.336855794138685,31.050128461967994,31.813289642333984,18693800,0.0,0.0
2023-03-16 00:00:00-04:00,30.526562346546005,31.65355740424405,30.295836443353714,31.609188079833984,16101900,0.0,0.0
2023-03-17 00:00:00-04:00,31.52044806102114,31.671304434491095,30.86377057874135,31.209856033325195,11139300,0.0,0.0
2023-03-20 00:00:00-04:00,31.6979287521149,32.08838352937751,31.52044807693651,31.768918991088867,10671900,0.0,0.0
2023-03-21 00:00:00-04:00,32.922537478409,33.073397233343506,32.469964983929934,32.85154724121094,9470100,0.0,0.0
2023-03-22 00:00:00-04:00,32.71843777487534,33.23313141112239,32.65632004431621,32.674068450927734,8746700,0.0,0.0
2023-03-23 00:00:00-04:00,32.82492850985721,33.064523538362316,32.12388167562572,32.372352600097656,9883700,0.0,0.0
2023-03-24 00:00:00-04:00,31.618054842031174,31.964140211680455,31.2098483739583,31.83990478515625,11142200,0.0,0.0
2023-03-27 00:00:00-04:00,32.40784566604966,32.93141175718725,32.15937477031049,32.72731018066406,9415300,0.0,0.0
2023-03-28 00:00:00-04:00,33.046780639598204,33.47273227398182,32.94916608866729,33.21538543701172,8476900,0.0,0.0
2023-03-29 00:00:00-04:00,33.54371667625785,33.55259257124843,33.30411828894347,33.446102142333984,7810900,0.0,0.0
2023-03-30 00:00:00-04:00,33.880926079168695,33.91642288512072,33.61470680485199,33.70344543457031,6624500,0.0,0.0
2023-03-31 00:00:00-04:00,33.70344648357052,33.8099335195792,33.49047241155315,33.66794967651367,6858100,0.0,0.0
2023-04-03 00:00:00-04:00,35.38064125362822,35.593618768390876,35.07005257081056,35.265281677246094,11855400,0.0,0.0
2023-04-04 00:00:00-04:00,35.42500622953779,35.43388212519224,34.732835315634325,34.90144348144531,8587200,0.0,0.0
2023-04-05 00:00:00-04:00,35.460501821031485,35.531495443173554,34.999053432594685,35.39838409423828,12102200,0.0,0.0
2023-04-06 00:00:00-04:00,35.32739134962766,35.38063317729275,35.007926842989214,35.0611686706543,8896800,0.0,0.0
2023-04-10 00:00:00-04:00,35.03454921977207,35.36288624967786,34.954683089777454,35.22977828979492,4363300,0.0,0.0
2023-04-11 00:00:00-04:00,35.504869278808336,35.59361130182828,35.327392003092534,35.371761322021484,5451300,0.0,0.0
2023-04-12 00:00:00-04:00,35.78884393639846,35.93970031283364,35.61136325782112,35.67348098754883,6818800,0.0,0.0
2023-04-13 00:00:00-04:00,35.82433918211064,35.957450544089795,35.71785212362486,35.904205322265625,4368500,0.0,0.0
2023-04-14 00:00:00-04:00,35.89532965188478,36.046186022698485,35.69122806393327,36.01069259643555,5918600,0.0,0.0
2023-04-17 00:00:00-04:00,36.081680309019426,36.09055281867367,35.74446739440373,35.87757873535156,6162200,0.0,0.0
2023-04-18 00:00:00-04:00,35.806592206801255,36.11718426878618,35.7267260634523,36.07281494140625,5220400,0.0,0.0
2023-04-19 00:00:00-04:00,35.318521829632964,35.55812025285749,35.17653795496242,35.54924774169922,7029200,0.0,0.0
2023-04-20 00:00:00-04:00,34.999051595661804,35.38063383174246,34.99017908594083,35.371761322021484,5517100,0.0,0.0
2023-04-21 00:00:00-04:00,34.94580646295068,35.18540482470788,34.892561254172946,35.17652893066406,7416300,0.0,0.0
2023-04-24 00:00:00-04:00,34.99018704353526,35.70010646333703,34.97243863489486,35.58474349975586,6726300,0.0,0.0
2023-04-25 00:00:00-04:00,35.3540125973294,35.3717610017727,34.732831982462,35.11441421508789,9306800,0.0,0.0
2023-04-26 00:00:00-04:00,35.442756410833155,35.49600163193956,34.84820000837617,34.98130798339844,7172100,0.0,0.0
2023-04-27 00:00:00-04:00,34.6884626747207,35.0345480985676,34.61746905692543,34.91031265258789,5701200,0.0,0.0
2023-04-28 00:00:00-04:00,34.95468701022472,35.904204781566584,34.81270313932768,35.74447250366211,8185200,0.0,0.0
2023-05-01 00:00:00-04:00,35.4782504525165,35.8687052212979,35.35401499813888,35.5048713684082,6697300,0.0,0.0
2023-05-02 00:00:00-04:00,33.15326247090448,33.171010876015416,32.18599639591251,32.63856887817383,21471300,0.0,0.0
2023-05-03 00:00:00-04:00,32.31910219117979,32.70956030713606,32.24811196065441,32.35459899902344,13226900,0.0,0.0
2023-05-04 00:00:00-04:00,32.070634893329796,32.31023329532786,31.68018011886757,32.04401397705078,14519500,0.0,0.0
2023-05-05 00:00:00-04:00,32.895912504641736,33.19762859212953,32.88703999552231,32.94915771484375,9646400,0.0,0.0
2023-05-08 00:00:00-04:00,33.21537771776156,33.2597470346471,32.79829869168139,32.860416412353516,7541200,0.0,0.0
2023-05-09 00:00:00-04:00,32.53208843239284,33.05565464131276,32.46109818270959,32.82493209838867,8576500,0.0,0.0
2023-05-10 00:00:00-04:00,32.949162867679306,32.984656294869566,32.37235151501776,32.6119499206543,7624700,0.0,0.0
2023-05-11 00:00:00-04:00,32.026145189013846,32.2863023662447,31.846726328091528,32.26836013793945,7755700,0.397,0.0
2023-05-12 00:00:00-04:00,32.600289320967214,32.707939290180875,32.017178761975835,32.12483215332031,8230400,0.0,0.0
2023-05-15 00:00:00-04:00,32.46572494506836,32.627201613198224,32.22350994287356,32.46572494506836,8605700,0.0,0.0
2023-05-16 00:00:00-04:00,32.17865430362752,32.35807319414133,31.80187771346614,31.88261604309082,7748500,0.0,0.0
2023-05-17 00:00:00-04:00,32.28631105104271,32.48366877122802,31.990269337568154,32.29528045654297,8234200,0.0,0.0
2023-05-18 00:00:00-04:00,32.49264120511833,32.49264120511833,31.9095306128666,32.259395599365234,10478500,0.0,0.0
2023-05-19 00:00:00-04:00,32.51955045649318,32.65411548240684,32.17865490040781,32.32218933105469,8653800,0.0,0.0
2023-05-22 00:00:00-04:00,32.03512138611544,32.376016951952025,32.00820974901522,32.196598052978516,6357700,0.0,0.0
2023-05-23 00:00:00-04:00,32.46572218139624,32.734852220123344,32.34012998845991,32.45675277709961,7124000,0.0,0.0
2023-05-24 00:00:00-04:00,32.31321926779189,32.49263815797669,32.01717758566735,32.33116149902344,8476200,0.0,0.0
2023-05-25 00:00:00-04:00,31.640405381866426,31.76599759576489,31.389220954069494,31.72114372253418,10845700,0.0,0.0
2023-05-26 00:00:00-04:00,31.792903838726147,31.963353319054274,31.586573319182623,31.891584396362305,6290000,0.0,0.0
2023-05-30 00:00:00-04:00,31.236712016629685,31.452015387665885,31.05729311112135,31.389219284057617,8122100,0.0,0.0
2023-05-31 00:00:00-04:00,30.18711301036707,30.47418185176111,30.160197953771643,30.240936279296875,13729200,0.0,0.0
2023-06-01 00:00:00-04:00,30.644634693760654,31.326422487533748,30.554926944256476,31.14700698852539,8329800,0.0,0.0
2023-06-02 00:00:00-04:00,31.828791183185732,32.12483288291025,31.828791183185732,31.981298446655273,9014000,0.0,0.0
2023-06-05 00:00:00-04:00,32.160714338622306,32.22351044140757,31.595549413554934,31.70319938659668,6971800,0.0,0.0
2023-06-06 00:00:00-04:00,31.12905562395662,31.68525103643763,31.09317116582745,31.667308807373047,6038800,0.0,0.0
2023-06-07 00:00:00-04:00,31.63143024386784,32.062036977402336,31.604518606321026,32.03512191772461,7988900,0.0,0.0
2023-06-08 00:00:00-04:00,32.15174379009102,32.18762825387251,31.622459926771874,32.12483215332031,7189500,0.0,0.0
2023-06-09 00:00:00-04:00,31.819826126098633,32.062041162025736,31.685261076539785,31.819826126098633,5431500,0.0,0.0
2023-06-12 00:00:00-04:00,31.32641415805735,31.550686894316513,31.084202614372185,31.191852569580078,7998300,0.0,0.0
2023-06-13 00:00:00-04:00,31.631428683783753,31.999235874683652,31.425098154462418,31.469955444335938,7196800,0.0,0.0
2023-06-14 00:00:00-04:00,31.84672864398012,32.04408974755975,31.23670652576162,31.443037033081055,9444700,0.0,0.0
2023-06-15 00:00:00-04:00,31.33539067912786,31.936440040558605,31.33539067912786,31.73908233642578,13610500,0.0,0.0
2023-06-16 00:00:00-04:00,31.81084830443765,31.873644405139895,31.622460002330904,31.712167739868164,6858300,0.0,0.0
2023-06-20 00:00:00-04:00,31.64040025500036,31.685254120963158,31.17391252029991,31.460981369018555,5370800,0.0,0.0
2023-06-21 00:00:00-04:00,31.496872360686094,31.96336019210048,31.45201848542403,31.7839412689209,4606800,0.0,0.0
2023-06-22 00:00:00-04:00,31.469954724230067,31.69422747994278,31.389216395288265,31.613489151000977,8551900,0.0,0.0
2023-06-23 00:00:00-04:00,31.272593200243577,31.326416470755884,31.093174313564425,31.227739334106445,5489100,0.0,0.0
2023-06-26 00:00:00-04:00,31.22773973740466,31.685254653321092,31.20082467967028,31.613489151000977,6721700,0.0,0.0
2023-06-27 00:00:00-04:00,31.35333153099998,31.380243166258587,31.012435988491585,31.263620376586914,7850100,0.0,0.0
2023-06-28 00:00:00-04:00,31.039353690361118,31.35333765897876,30.806111487561445,31.299510955810547,6952200,0.0,0.0
2023-06-29 00:00:00-04:00,31.245684649036182,31.45201519133697,31.084207977299744,31.37127685546875,5458600,0.0,0.0
2023-06-30 00:00:00-04:00,31.837759328568957,31.84672873233365,31.577602131697756,31.658340454101562,6768500,0.0,0.0
2023-07-03 00:00:00-04:00,32.331163476901274,32.402928984087076,32.07100624132457,32.23248291015625,4804600,0.0,0.0
2023-07-05 00:00:00-04:00,32.07100040600051,32.12482709319426,31.53274722258408,31.667308807373047,5926700,0.0,0.0
2023-07-06 00:00:00-04:00,31.31744495406335,31.45200996552915,30.859930074914338,31.209794998168945,6807300,0.0,0.0
2023-07-07 00:00:00-04:00,31.00346969107619,31.75702635300922,30.97655463098971,31.622461318969727,7188600,0.0,0.0
2023-07-10 00:00:00-04:00,31.658343479942,31.81084731343054,31.48789399294808,31.58657455444336,4787500,0.0,0.0
2023-07-11 00:00:00-04:00,31.828796697695328,32.22351561025095,31.792912226881683,32.21454620361328,5646200,0.0,0.0
2023-07-12 00:00:00-04:00,33.12059834168147,33.13854057248032,32.465722317111194,32.5733757019043,13552000,0.0,0.0
2023-07-13 00:00:00-04:00,33.01295170129997,33.13854390740037,32.59132121255306,32.77073669433594,10494500,0.0,0.0
2023-07-14 00:00:00-04:00,32.62719961680028,32.62719961680028,31.83776197883728,31.864673614501953,10106400,0.0,0.0
2023-07-17 00:00:00-04:00,32.01717584775047,32.035118078008104,31.667310913052916,31.685253143310547,10187000,0.0,0.0
2023-07-18 00:00:00-04:00,31.828788374497044,32.31321833740879,31.774961682352206,32.10688781738281,8266300,0.0,0.0
2023-07-19 00:00:00-04:00,32.349105568523235,32.734855006595396,32.30424827682995,32.42984390258789,8662500,0.0,0.0
2023-07-20 00:00:00-04:00,32.72587835714078,33.0308894255241,32.57337453401436,32.77970504760742,7044500,0.0,0.0
2023-07-21 00:00:00-04:00,32.88735238946816,32.98603293640613,32.68999129559223,32.92323684692383,5169800,0.0,0.0
2023-07-24 00:00:00-04:00,33.1385403430002,33.52428974717768,33.102659303781586,33.353843688964844,7404900,0.0,0.0
2023-07-25 00:00:00-04:00,33.165454749480844,33.44355076415539,33.048831963448976,33.39869689941406,4626000,0.0,0.0
2023-07-26 00:00:00-04:00,33.0578050186991,33.38973118313251,33.02192397622138,33.28207778930664,4615500,0.0,0.0
2023-07-27 00:00:00-04:00,33.210309110818905,33.35384353341575,32.80661747784948,32.88735580444336,7273300,0.0,0.0
2023-07-28 00:00:00-04:00,32.9052973806067,33.05780120440069,32.62719794517409,32.93220901489258,4743300,0.0,0.0
2023-07-31 00:00:00-04:00,32.97706447247005,33.50634831248755,32.97706447247005,33.46149444580078,8361300,0.0,0.0
2023-08-01 00:00:00-04:00,33.69473935237397,33.86518541121839,32.89632548398336,33.1564826965332,9389800,0.0,0.0
2023-08-02 00:00:00-04:00,32.842503780981346,32.9322115168366,32.205569958869,32.32218933105469,7722400,0.0,0.0
2023-08-03 00:00:00-04:00,32.295278082648984,32.81559253882556,32.097916954839825,32.70793914794922,7857900,0.0,0.0
2023-08-04 00:00:00-04:00,33.00397767853766,33.488407624690026,32.9770626223311,33.01294708251953,6918200,0.0,0.0
2023-08-07 00:00:00-04:00,33.21031017972026,33.264136873225496,33.00397965447954,33.22825241088867,5681100,0.0,0.0
2023-08-08 00:00:00-04:00,32.546459893681124,33.183397094886814,32.304244916681306,33.16545486450195,6322000,0.0,0.0
2023-08-09 00:00:00-04:00,33.6319409022037,33.892094674416775,33.44354920367169,33.56914138793945,7656200,0.0,0.0
2023-08-10 00:00:00-04:00,34.028427556635606,34.16457548995345,33.592744475091806,33.65628433227539,7751000,0.436,0.0
2023-08-11 00:00:00-04:00,33.311366269857885,33.74704584011405,33.311366269857885,33.67443084716797,5934600,0.0,0.0
2023-08-14 00:00:00-04:00,33.20245141520733,33.44751839101243,32.9392272264106,33.293216705322266,8277400,0.0,0.0
2023-08-15 00:00:00-04:00,33.048150790893274,33.120765802904344,32.694161263525174,32.73954391479492,7412100,0.0,0.0
2023-08-16 00:00:00-04:00,32.666925361764775,32.96645356590843,32.53077397467082,32.57615661621094,4891100,0.0,0.0
2023-08-17 00:00:00-04:00,32.930145851396674,33.084450986587896,32.72138293170444,32.7576904296875,5115100,0.0,0.0
2023-08-18 00:00:00-04:00,32.40369996973381,32.966452321022416,32.376467615859205,32.89384078979492,4613000,0.0,0.0
2023-08-21 00:00:00-04:00,33.320443977493504,33.483824261724514,33.084452157200765,33.202449798583984,5647500,0.0,0.0
2023-08-22 00:00:00-04:00,33.26598603683725,33.30229007346294,33.002761862077236,33.011837005615234,5290300,0.0,0.0
2023-08-23 00:00:00-04:00,32.503550863622266,32.757696471430485,32.24940179333983,32.67600631713867,5535000,0.0,0.0
2023-08-24 00:00:00-04:00,32.41277432123968,32.7849174986863,32.4036991784854,32.46723556518555,4432700,0.0,0.0
2023-08-25 00:00:00-04:00,32.84845308045247,32.9301432131328,32.52169601220445,32.81214904785156,5173400,0.0,0.0
2023-08-28 00:00:00-04:00,32.96645912167084,33.36583128199219,32.86661521597195,33.25691223144531,5890000,0.0,0.0
2023-08-29 00:00:00-04:00,33.47474654151313,33.69258459540449,33.18429349467568,33.67443084716797,6164700,0.0,0.0
2023-08-30 00:00:00-04:00,34.00119116110896,34.11918879261362,33.83781089055587,33.84688949584961,5825100,0.0,0.0
2023-08-31 00:00:00-04:00,33.91042770364128,33.91042770364128,33.547359646814094,33.747047424316406,5120400,0.0,0.0
2023-09-01 00:00:00-04:00,34.56395039477862,34.70917693162753,34.33703371454759,34.60933303833008,6244900,0.0,0.0
2023-09-05 00:00:00-04:00,35.081321136080554,35.16301128176187,34.790868054207856,34.85440444946289,6156600,0.0,0.0
2023-09-06 00:00:00-04:00,35.09039623829527,35.380849319822296,34.972398591901836,35.24470138549805,6261800,0.0,0.0
2023-09-07 00:00:00-04:00,35.054082770594945,35.24469538616106,34.88162736481663,34.95423889160156,4917900,0.0,0.0
2023-09-08 00:00:00-04:00,35.09039690176144,35.29915984165153,34.94517035825208,35.09947204589844,4845700,0.0,0.0
2023-09-11 00:00:00-04:00,35.4080780466887,35.589612087402784,35.00870592709679,35.045013427734375,7062800,0.0,0.0
2023-09-12 00:00:00-04:00,35.25377479661295,36.06159760630721,34.445951986918686,34.58209991455078,35223200,0.0,0.0
2023-09-13 00:00:00-04:00,35.14485860172349,35.190241247934445,34.43687616343151,34.72732925415039,17667500,0.0,0.0
2023-09-14 00:00:00-04:00,35.22654825263608,35.58961287967268,35.153933249744405,35.489768981933594,7691800,0.0,0.0
2023-09-15 00:00:00-04:00,35.33546509219919,35.49884537604878,35.16300966479072,35.17208480834961,6986300,0.0,0.0
2023-09-18 00:00:00-04:00,35.19024299006923,35.22655049382502,34.89071127779511,34.9996337890625,7068400,0.0,0.0
2023-09-19 00:00:00-04:00,35.399006527829506,35.55330822762987,35.172089819317776,35.235626220703125,8477100,0.0,0.0
2023-09-20 00:00:00-04:00,35.01778455434393,35.47161792516244,35.00870594794221,35.0540885925293,7432000,0.0,0.0
2023-09-21 00:00:00-04:00,35.226546283940834,35.37177281913403,34.582100287951924,34.59117889404297,6510700,0.0,0.0
2023-09-22 00:00:00-04:00,35.26285215553887,35.362696052892694,34.809018776638894,34.890708923339844,9066600,0.0,0.0
2023-09-25 00:00:00-04:00,34.89070688339228,35.28100384342477,34.66379020720938,35.17208480834961,7964700,0.0,0.0
2023-09-26 00:00:00-04:00,35.09947163137974,35.38084957093845,34.972398840119,35.072242736816406,6931200,0.0,0.0
2023-09-27 00:00:00-04:00,35.3990028450801,35.843761070981124,35.31731270001558,35.83468246459961,11048900,0.0,0.0
2023-09-28 00:00:00-04:00,35.73483776159374,35.99806194112732,35.6349938684966,35.78929901123047,6237900,0.0,0.0
2023-09-29 00:00:00-04:00,35.74391925852224,35.82560940834707,35.117626955707216,35.144859313964844,8012900,0.0,0.0
2023-10-02 00:00:00-04:00,35.135776124603545,35.163008479309504,34.1464193113022,34.32795333862305,8101600,0.0,0.0
2023-10-03 00:00:00-04:00,34.02842875925124,34.21903795011693,33.79243345986844,34.12826919555664,7532200,0.0,0.0
2023-10-04 00:00:00-04:00,33.402133121533176,33.465669512116314,32.703229362645,32.95737838745117,11062800,0.0,0.0
2023-10-05 00:00:00-04:00,32.56707927911961,33.20244660530266,32.53077178334381,33.04814147949219,7834900,0.0,0.0
2023-10-06 00:00:00-04:00,33.565514985716256,34.01027320327162,33.211525517903695,33.828739166259766,10420100,0.0,0.0
2023-10-09 00:00:00-04:00,34.66378761350054,34.88162912982461,34.46410330788302,34.836246490478516,9959100,0.0,0.0
2023-10-10 00:00:00-04:00,34.872554551707125,35.217468883021866,34.77271411860507,35.0540885925293,8930600,0.0,0.0
2023-10-11 00:00:00-04:00,35.2174696530467,35.31731355080566,34.763636272305185,35.081321716308594,7900500,0.0,0.0
2023-10-12 00:00:00-04:00,35.78930042230399,35.84376167408798,35.3263884383248,35.662227630615234,15540100,0.0,0.0
2023-10-13 00:00:00-04:00,36.30667116307083,36.46097285352637,36.0343718218426,36.31574630737305,13412100,0.0,0.0
2023-10-16 00:00:00-04:00,36.46097680119204,36.606206825543545,36.025297115560605,36.50636291503906,8508800,0.0,0.0
2023-10-17 00:00:00-04:00,36.59711955842705,37.050952889719525,36.58804441528956,37.04187774658203,8865100,0.0,0.0
2023-10-18 00:00:00-04:00,36.932953651460814,37.06910502992996,36.71511560087824,36.96018600463867,7136900,0.0,0.0
2023-10-19 00:00:00-04:00,36.460967370390655,36.81496026947397,36.243129315156956,36.606197357177734,7909500,0.0,0.0
2023-10-20 00:00:00-04:00,36.442815664611544,36.64249996371666,35.952674865722656,35.952674865722656,6281000,0.0,0.0
2023-10-23 00:00:00-04:00,35.51700576345896,35.58054216766668,35.00871106732289,35.30824279785156,10895100,0.0,0.0
2023-10-24 00:00:00-04:00,35.689451486407116,35.689451486407116,35.19931067697406,35.20838928222656,8776300,0.0,0.0
2023-10-25 00:00:00-04:00,35.435306944812446,35.58960861375112,35.24469777877991,35.453460693359375,6059100,0.0,0.0
2023-10-26 00:00:00-04:00,35.04501701654708,35.36269902347382,34.84532920506502,35.235626220703125,6167600,0.0,0.0
2023-10-27 00:00:00-04:00,35.52607611273272,35.59869111486678,34.82717229832473,35.072242736816406,9061400,0.0,0.0
2023-10-30 00:00:00-04:00,34.772716954947136,35.07224520363289,34.57302914750722,34.80902099609375,10120600,0.0,0.0
2023-10-31 00:00:00-04:00,33.09352730078084,33.529206904572305,32.666926303043155,33.202449798583984,20235900,0.0,0.0
2023-11-01 00:00:00-04:00,32.93922445712923,33.229677516046564,32.62153904348781,32.7576904296875,13198800,0.0,0.0
2023-11-02 00:00:00-04:00,32.83030411196972,33.52920791275679,32.7667677175776,33.45659637451172,11805300,0.0,0.0
2023-11-03 00:00:00-04:00,32.63969477724658,33.075374392115556,32.45816073876606,32.85753631591797,11278700,0.0,0.0
2023-11-06 00:00:00-05:00,33.27506381548003,33.27506381548003,32.93014947166893,32.94830322265625,8019900,0.0,0.0
2023-11-07 00:00:00-05:00,32.44908422532933,32.503545473316905,32.08601616369283,32.19493865966797,9173900,0.0,0.0
2023-11-08 00:00:00-05:00,32.07694439014393,32.18586343508803,31.614035852275983,31.67757225036621,15163200,0.0,0.0
2023-11-09 00:00:00-05:00,32.03236191737118,32.27134277509514,31.83934134432468,31.876108169555664,8490100,0.436,0.0
2023-11-10 00:00:00-05:00,32.27134014820802,32.32648687528811,31.885295527261597,32.24376678466797,7234000,0.0,0.0
2023-11-13 00:00:00-05:00,32.537900205326636,32.868791146183625,32.49193991611964,32.81364440917969,6733500,0.0,0.0
2023-11-14 00:00:00-05:00,32.86878777974554,33.17210882731205,32.832024460934164,32.95151138305664,7451300,0.0,0.0
2023-11-15 00:00:00-05:00,32.942319426873766,33.15372339886389,32.694148632030426,32.71253204345703,7116100,0.0,0.0
2023-11-16 00:00:00-05:00,32.21619107082826,32.28053125891512,31.89449013039397,32.18861770629883,7896000,0.0,0.0
2023-11-17 00:00:00-05:00,32.48274806343182,32.91474951152709,32.45517469654151,32.730918884277344,7348200,0.0,0.0
2023-11-20 00:00:00-05:00,32.97908401489258,33.199677924508805,32.923933784350034,32.97908401489258,6382200,0.0,0.0
2023-11-21 00:00:00-05:00,32.90554955492384,32.97908319381648,32.74929583169232,32.85040283203125,5190200,0.0,0.0
2023-11-22 00:00:00-05:00,31.848531911273785,32.45517044738009,31.67389126042627,32.41840362548828,10502100,0.0,0.0
2023-11-24 00:00:00-05:00,32.99746475660298,33.19967523968581,32.89635776192321,32.92393112182617,4233100,0.0,0.0
2023-11-27 00:00:00-05:00,33.126146325404626,33.18129304723191,32.914742377087464,33.03422927856445,8413100,0.0,0.0
2023-11-28 00:00:00-05:00,33.07099609730052,33.309976912808146,32.960699147369134,33.03422927856445,6016400,0.0,0.0
2023-11-29 00:00:00-05:00,33.126151305351335,33.300788461186116,32.923937278180375,33.153724670410156,9570700,0.0,0.0
2023-11-30 00:00:00-05:00,33.640875921074695,33.8339000131122,33.135344312822795,33.35594177246094,12310800,0.0,0.0
2023-12-01 00:00:00-05:00,33.162920026119906,33.53057777094658,33.0434295935694,33.07100296020508,10122300,0.0,0.0
2023-12-04 00:00:00-05:00,32.758488818884935,32.98827620230167,32.556274799469506,32.71253204345703,8805600,0.0,0.0
2023-12-05 00:00:00-05:00,32.88716794247279,32.96070158538402,32.41840324088352,32.43678665161133,6153600,0.0,0.0
2023-12-06 00:00:00-05:00,32.56546849329071,32.69414886792819,32.023170124263295,32.0323600769043,8903800,0.0,0.0
2023-12-07 00:00:00-05:00,32.087509886113104,32.1702334838942,31.692275308523083,31.885295867919922,7833000,0.0,0.0
2023-12-08 00:00:00-05:00,32.24376196310883,32.53788948447759,32.18861173799845,32.44597244262695,8230400,0.0,0.0
2023-12-11 00:00:00-05:00,32.308109669979345,32.51951365609711,32.17023582820463,32.28972625732422,6558700,0.0,0.0
2023-12-12 00:00:00-05:00,31.99559865145285,32.032361970467335,31.756617793332765,31.94963836669922,6366400,0.0,0.0
2023-12-13 00:00:00-05:00,31.756615952909726,32.28972436991457,31.480871791755636,32.19780731201172,9787500,0.0,0.0
2023-12-14 00:00:00-05:00,32.80445250877605,33.02504998611522,32.6849655687337,32.90555953979492,9350300,0.0,0.0
2023-12-15 00:00:00-05:00,32.39082857369903,32.45516875551713,31.94963374655076,31.995594024658203,10286500,0.0,0.0
2023-12-18 00:00:00-05:00,32.62981066522913,32.71253426913856,32.22538610515941,32.28053283691406,6903200,0.0,0.0
2023-12-19 00:00:00-05:00,32.40002136876936,32.62061880170169,32.26214753490199,32.53789520263672,7517300,0.0,0.0
2023-12-20 00:00:00-05:00,32.51031864673312,32.64819248193483,32.14266092999068,32.18861770629883,9181800,0.0,0.0
2023-12-21 00:00:00-05:00,32.41840711762342,32.611427693932036,32.35406692552055,32.59304428100586,5446900,0.0,0.0
2023-12-22 00:00:00-05:00,32.81364473786802,32.84121810664619,32.47356033325195,32.47356033325195,4127400,0.0,0.0
2023-12-26 00:00:00-05:00,32.63899655641298,32.98827434125943,32.58384983152149,32.78606033325195,4949600,0.0,0.0
2023-12-27 00:00:00-05:00,32.841217041015625,32.99747430700325,32.76768689123381,32.841217041015625,6352400,0.0,0.0
2023-12-28 00:00:00-05:00,32.64819751264338,32.8228346920348,32.464366872807354,32.47356033325195,5069600,0.0,0.0
2023-12-29 00:00:00-05:00,32.519511791035924,32.638998707025245,32.42759473303193,32.53789520263672,3688000,0.0,0.0
2024-01-02 00:00:00-05:00,32.758490714406875,32.92393792054246,32.5654701426745,32.62981033325195,6915200,0.0,0.0
2024-01-03 00:00:00-05:00,32.69414760407866,33.25482936299118,32.57465718670129,33.08938217163086,8032400,0.0,0.0
2024-01-04 00:00:00-05:00,33.493807823013945,33.530574645953266,32.84121249408841,32.8687858581543,6915000,0.0,0.0
2024-01-05 00:00:00-05:00,33.23644904666674,33.319172650049,32.93313150511677,33.11695861816406,8369000,0.0,0.0
2024-01-08 00:00:00-05:00,32.51032140914764,32.59304501604227,32.17942698156913,32.56547164916992,11581400,0.0,0.0
2024-01-09 00:00:00-05:00,32.62981177765114,32.639001731164406,32.069129943847656,32.069129943847656,9485800,0.0,0.0
2024-01-10 00:00:00-05:00,32.234573631564324,32.262146995365775,31.820955643156623,31.894489288330078,9578500,0.0,0.0
2024-01-11 00:00:00-05:00,32.170233425080056,32.20700024764381,31.729042073146505,31.811765670776367,10093300,0.0,0.0
2024-01-12 00:00:00-05:00,32.27134088211301,32.35406448089157,31.90367966392443,32.04155349731445,9341200,0.0,0.0
2024-01-16 00:00:00-05:00,31.802575243083574,31.81176870273933,31.324620529309836,31.508447647094727,10905700,0.0,0.0
2024-01-17 00:00:00-05:00,31.039683531390104,31.388961373735395,30.809896123108814,31.1591739654541,9598300,0.0,0.0
2024-01-18 00:00:00-05:00,31.21431582209616,31.29703941640273,30.8834214448699,31.278656005859375,11095000,0.0,0.0
2024-01-19 00:00:00-05:00,31.269467923926175,31.269467923926175,31.021297126163596,31.113210678100586,9522800,0.0,0.0
2024-01-22 00:00:00-05:00,31.251085712961906,31.581980122691768,30.9018078908829,31.480873107910156,11724900,0.0,0.0
2024-01-23 00:00:00-05:00,31.333809315394372,31.63712685346182,31.324619362358494,31.480873107910156,8103400,0.0,0.0
2024-01-24 00:00:00-05:00,31.68308641227838,31.82095674232518,31.61874622366775,31.765810012817383,9333900,0.0,0.0
2024-01-25 00:00:00-05:00,32.03236160319687,32.31729923652616,31.839341032043514,32.308109283447266,8407900,0.0,0.0
2024-01-26 00:00:00-05:00,32.56546749203992,32.75848804806158,32.26214647005407,32.749298095703125,8554200,0.0,0.0
2024-01-29 00:00:00-05:00,32.79525487004965,32.81363828104368,32.43678712135882,32.749298095703125,7709000,0.0,0.0
2024-01-30 00:00:00-05:00,32.62980589153378,33.01584698244885,32.42759188794382,32.98827362060547,8170100,0.0,0.0
2024-01-31 00:00:00-05:00,32.73091420386214,32.82282775120488,32.24376609164686,32.26214599609375,9114000,0.0,0.0
2024-02-01 00:00:00-05:00,32.55627697512991,32.79525783336909,32.105895637050416,32.28972625732422,11885600,0.0,0.0
2024-02-02 00:00:00-05:00,32.02316890492787,32.078319137505666,31.67389111115601,31.839338302612305,14649200,0.0,0.0
2024-02-05 00:00:00-05:00,31.297040939327232,31.71065893098685,31.18674397697707,31.471681594848633,14072800,0.0,0.0
2024-02-06 00:00:00-05:00,32.868787863721764,33.57653347024107,32.850407957407825,33.447853088378906,19734900,0.0,0.0
2024-02-07 00:00:00-05:00,33.25483326066578,33.41108701177716,32.997472491175245,33.24563980102539,13891100,0.0,0.0
2024-02-08 00:00:00-05:00,33.2088719029759,33.3743190909184,33.061808125502246,33.28240203857422,8758400,0.0,0.0
2024-02-09 00:00:00-05:00,33.52138747487711,33.7052145922728,33.30079002521376,33.42028045654297,9577400,0.0,0.0
2024-02-12 00:00:00-05:00,33.411081685636894,33.594912280087044,33.291594779579704,33.484615325927734,7292600,0.0,0.0
2024-02-13 00:00:00-05:00,33.659253100995116,33.686829969766016,32.93312767386574,33.12614822387695,8375000,0.0,0.0
2024-02-14 00:00:00-05:00,33.27321389793243,33.3559374964073,32.72172207267422,32.8687858581543,11756200,0.0,0.0
2024-02-15 00:00:00-05:00,32.43703969016064,33.237265549114085,32.418429373725104,33.134910583496094,10280800,0.436,0.0
2024-02-16 00:00:00-05:00,33.24656790152123,33.283788533238024,32.98603057861328,32.98603057861328,7085900,0.0,0.0
2024-02-20 00:00:00-05:00,33.08838007360066,33.11629376799845,32.818535862574606,32.92089080810547,7849200,0.0,0.0
2024-02-21 00:00:00-05:00,32.94881037346033,33.283788964138594,32.8278450935921,33.21865463256836,9099500,0.0,0.0
2024-02-22 00:00:00-05:00,33.051164278311234,33.19073632025223,32.77201664487451,33.023250579833984,5497300,0.0,0.0
2024-02-23 00:00:00-05:00,32.78131523700807,32.99532850968432,32.61382597151289,32.92089080810547,6716100,0.0,0.0
2024-02-26 00:00:00-05:00,32.92089365680399,33.06977262239865,32.772014691209336,32.86506271362305,5200900,0.0,0.0
2024-02-27 00:00:00-05:00,33.079076078376616,33.16282071855699,32.86506278670555,32.95811080932617,10365600,0.0,0.0
2024-02-28 00:00:00-05:00,32.76271013982559,32.92089604888838,32.51147620158808,32.530086517333984,9406600,0.0,0.0
2024-02-29 00:00:00-05:00,32.63244018239461,32.74409852287811,32.446340581885686,32.55800247192383,9328600,0.0,0.0
2024-03-01 00:00:00-05:00,32.967415942119516,33.33030817991141,32.86506099309014,33.162818908691406,7269000,0.0,0.0
2024-03-04 00:00:00-05:00,33.49779588128174,33.52570957532547,33.13490366049652,33.190731048583984,7039700,0.0,0.0
2024-03-05 00:00:00-05:00,33.16282374874225,33.45127832451039,33.10699634989057,33.311702728271484,5517700,0.0,0.0
2024-03-06 00:00:00-05:00,33.90721734056528,34.09331694519854,33.80486593009398,33.888607025146484,12111500,0.0,0.0
2024-03-07 00:00:00-05:00,33.79555612046518,34.10262097440168,33.75833549279631,33.897911071777344,6869000,0.0,0.0
2024-03-08 00:00:00-05:00,34.0560918125952,34.13983644613249,33.72111682800028,33.87929916381836,8779900,0.0,0.0
2024-03-11 00:00:00-04:00,33.64667811826923,33.95374298095703,33.46057852417552,33.95374298095703,7315500,0.0,0.0
2024-03-12 00:00:00-04:00,34.14914699839279,34.186367628256995,33.95374401593764,34.102622985839844,5561400,0.0,0.0
2024-03-13 00:00:00-04:00,34.42829340133007,34.791185655739696,34.42829340133007,34.726051330566406,8308000,0.0,0.0
2024-03-14 00:00:00-04:00,34.837707824084696,34.90284214581305,34.55856022388399,34.88423538208008,6310000,0.0,0.0
2024-03-15 00:00:00-04:00,34.96798001709572,35.172686364147275,34.80049074706443,34.88423538208008,6677900,0.0,0.0
2024-03-18 00:00:00-04:00,35.11685947478199,35.30295551120091,34.8656255661512,35.16338348388672,5722200,0.0,0.0
2024-03-19 00:00:00-04:00,35.14477701664962,35.39601095277596,35.116863318042725,35.20991134643555,6784500,0.0,0.0
2024-03-20 00:00:00-04:00,34.84701909959119,35.37740067095706,34.81910185140289,35.25643539428711,5237900,0.0,0.0
2024-03-21 00:00:00-04:00,35.29365499046472,35.39600994852568,35.04242106146635,35.1075553894043,8087300,0.0,0.0
2024-03-22 00:00:00-04:00,35.23782567616736,35.23782567616736,35.042422683309816,35.172691345214844,3696200,0.0,0.0
2024-03-25 00:00:00-04:00,35.47044698381163,35.80542554943101,35.46114360123535,35.60071563720703,8388700,0.0,0.0
2024-03-26 00:00:00-04:00,35.53558093614691,35.563498182690815,34.94937200204322,34.958675384521484,7600900,0.0,0.0
2024-03-27 00:00:00-04:00,34.64230614109672,34.88423667323161,34.605085513144516,34.856319427490234,5929300,0.0,0.0
2024-03-28 00:00:00-04:00,35.02381071146685,35.181996614554535,34.88423867297676,35.061031341552734,4795500,0.0,0.0
2024-04-01 00:00:00-04:00,35.22852172919344,35.39601102026367,34.70744354035773,35.30295944213867,6296900,0.0,0.0
2024-04-02 00:00:00-04:00,35.712381465547644,36.01944281820667,35.51697491434101,35.96361541748047,7712900,0.0,0.0
2024-04-03 00:00:00-04:00,35.87986799049372,36.23345333291622,35.684461454407426,36.112491607666016,8960600,0.0,0.0
2024-04-04 00:00:00-04:00,35.963611156438844,36.0380488651059,35.64724290810608,35.730987548828125,13924400,0.0,0.0
2024-04-05 00:00:00-04:00,35.796122980012015,36.01943966246148,35.507668419830566,35.97291564941406,13125600,0.0,0.0
2024-04-08 00:00:00-04:00,36.11249167614566,36.466077019238654,35.87056112607708,36.20553970336914,13684900,0.0,0.0
2024-04-09 00:00:00-04:00,36.745223573490115,36.801050962973186,36.42885535138707,36.55912399291992,12545900,0.0,0.0
2024-04-10 00:00:00-04:00,36.41955453112755,36.71731249018049,36.21484460319559,36.680091857910156,13987900,0.0,0.0
2024-04-11 00:00:00-04:00,36.9871520231364,37.21977562076619,36.19623321101689,36.89410400390625,16238800,0.0,0.0
2024-04-12 00:00:00-04:00,37.28491245048017,37.59197732377892,36.61495530841355,36.698699951171875,21704700,0.0,0.0
2024-04-15 00:00:00-04:00,36.78244246530274,36.80105277923367,36.22414724559262,36.35441589355469,18249000,0.0,0.0
2024-04-16 00:00:00-04:00,35.95430689271235,36.08457555471344,35.53558365802684,35.945003509521484,13299800,0.0,0.0
2024-04-17 00:00:00-04:00,35.87986781413524,36.18692914152493,35.47044797820939,35.70307159423828,10024300,0.0,0.0
2024-04-18 00:00:00-04:00,35.62863688529192,35.786819253735295,35.23782733166155,35.28435134887695,10051700,0.0,0.0
2024-04-19 00:00:00-04:00,35.461144960259475,35.87986818333098,35.377400315645176,35.842647552490234,10388400,0.0,0.0
2024-04-22 00:00:00-04:00,35.75890278349796,36.42885993808209,35.47975515227281,36.20553970336914,13435700,0.0,0.0
2024-04-23 00:00:00-04:00,36.20553514479199,36.72661326047767,36.00082525120935,36.55912399291992,13510600,0.0,0.0
2024-04-24 00:00:00-04:00,36.828972085580794,36.828972085580794,36.363724859939126,36.60565185546875,8037800,0.0,0.0
2024-04-25 00:00:00-04:00,36.661481689931655,36.968543003786046,36.38233052335826,36.866188049316406,6369900,0.0,0.0
2024-04-26 00:00:00-04:00,36.75452960251378,36.84757762472365,36.39163734651895,36.72661590576172,6807200,0.0,0.0
2024-04-29 00:00:00-04:00,36.68008834510226,36.80105361361871,36.55912662614033,36.72661590576172,9570400,0.0,0.0
2024-04-30 00:00:00-04:00,36.838276800118514,36.9034111300988,36.038050975155215,36.07527160644531,12085000,0.0,0.0
2024-05-01 00:00:00-04:00,35.758902435685116,35.85195046200356,35.349486150507445,35.563499450683594,11142200,0.0,0.0
2024-05-02 00:00:00-04:00,35.83334072181369,36.14040560279014,35.7682063924347,35.98221969604492,10021200,0.0,0.0
2024-05-03 00:00:00-04:00,35.805421944324955,36.047352461604184,35.461140030793686,36.0101318359375,8070800,0.0,0.0
2024-05-06 00:00:00-04:00,36.2706766183119,36.735923886709266,36.21484566826443,36.326507568359375,9853600,0.0,0.0
2024-05-07 00:00:00-04:00,35.489057867789654,35.619326523274665,34.90284536855246,34.96798324584961,15953100,0.0,0.0
2024-05-08 00:00:00-04:00,34.5585631176971,34.97728632783774,34.465515093023456,34.92145538330078,9648400,0.0,0.0
2024-05-09 00:00:00-04:00,35.21921512721929,35.451838750383374,35.154080796697734,35.39601135253906,7583000,0.0,0.0
2024-05-10 00:00:00-04:00,35.70307228611609,35.76820661590202,35.154080399666995,35.20991134643555,6165200,0.0,0.0
2024-05-13 00:00:00-04:00,35.39600823939004,35.50766657481288,35.24712927564142,35.45183563232422,6142900,0.0,0.0
2024-05-14 00:00:00-04:00,35.48905681593253,35.50766713038661,35.15407825486825,35.32156753540039,5925100,0.0,0.0
2024-05-15 00:00:00-04:00,35.209908786242146,35.293653425528326,34.68883063628874,35.135467529296875,7873600,0.0,0.0
2024-05-16 00:00:00-04:00,35.141118402026144,35.19759794145712,34.83987863064731,34.934017181396484,7899500,0.436,0.0
2024-05-17 00:00:00-04:00,35.10346309171347,35.385871562808795,35.02815225087817,35.2917366027832,6458500,0.0,0.0
2024-05-20 00:00:00-04:00,35.33881022781752,35.39528977724662,35.03757399413178,35.075225830078125,3736900,0.0,0.0
2024-05-21 00:00:00-04:00,35.11287679759467,35.2729105463637,34.858708084386485,34.8869514465332,6526900,0.0,0.0
2024-05-22 00:00:00-04:00,34.63278451186068,34.73633513267273,34.30330493736607,34.4162712097168,9517000,0.0,0.0
2024-05-23 00:00:00-04:00,34.830470110661835,34.971676155626135,34.199757916130814,34.28447723388672,7323700,0.0,0.0
2024-05-24 00:00:00-04:00,34.56688690185547,34.72691705665138,34.49157605887953,34.56688690185547,8183700,0.0,0.0
2024-05-28 00:00:00-04:00,35.131701338942264,35.291735073272314,34.94342783603214,35.20701217651367,8891700,0.0,0.0
2024-05-29 00:00:00-04:00,35.31055939730368,35.319975047564135,34.830465373554134,34.94342803955078,5612100,0.0,0.0
2024-05-30 00:00:00-04:00,34.73633618481835,34.95284949352031,34.6610253343034,34.76457595825195,5245400,0.0,0.0
2024-05-31 00:00:00-04:00,34.95284747534185,35.37646200748138,34.88695228045556,35.36704635620117,4452700,0.0,0.0
2024-06-03 00:00:00-04:00,35.11288107376481,35.12229672596662,34.209172377424686,34.265655517578125,7013500,0.0,0.0
2024-06-04 00:00:00-04:00,33.49373463331496,33.56904189000904,33.22073819688382,33.47490692138672,14236100,0.0,0.0
2024-06-05 00:00:00-04:00,33.569036740906,33.569036740906,33.16424997408569,33.25838851928711,5522100,0.0,0.0
2024-06-06 00:00:00-04:00,33.31487382720475,33.47490758626392,33.20191114441054,33.37135696411133,7633100,0.0,0.0
2024-06-07 00:00:00-04:00,33.27721634332825,33.54080070822878,33.0701187028577,33.1924934387207,9836900,0.0,0.0
2024-06-10 00:00:00-04:00,33.49373664809401,34.020898249720005,33.39018602176916,33.81379699707031,10587100,0.0,0.0
2024-06-11 00:00:00-04:00,33.61610848682719,33.76672658725777,33.42783496353426,33.578453063964844,5439900,0.0,0.0
2024-06-12 00:00:00-04:00,34.16210224718247,34.17151430763715,33.35252858936261,33.47490692138672,8880500,0.0,0.0
2024-06-13 00:00:00-04:00,33.352531142264816,33.39959863017866,32.938332221196184,33.12660217285156,5188000,0.0,0.0
2024-06-14 00:00:00-04:00,33.01363449388018,33.088945335974955,32.67474288649091,32.84418869018555,7014300,0.0,0.0
2024-06-17 00:00:00-04:00,32.97598157163204,33.164255100117046,32.69357307441396,33.051292419433594,5230500,0.0,0.0
2024-06-18 00:00:00-04:00,33.39959564878907,33.55021375128005,33.24897754629809,33.31487274169922,6023200,0.0,0.0
2024-06-20 00:00:00-04:00,33.4654898426903,33.8137935209612,33.399594649261175,33.61610794067383,5149000,0.0,0.0
2024-06-21 00:00:00-04:00,33.61611090868317,33.710249472621186,33.380769885366675,33.42783737182617,6500900,0.0,0.0
2024-06-24 00:00:00-04:00,33.63493337118918,34.209165953009006,33.63493337118918,34.12444305419922,5293000,0.0,0.0
2024-06-25 00:00:00-04:00,34.01148398800323,34.01148398800323,33.804382748753916,33.96441650390625,3785900,0.0,0.0
2024-06-26 00:00:00-04:00,33.747901174331815,33.78555659975879,33.49373603024725,33.625526428222656,6383100,0.0,0.0
2024-06-27 00:00:00-04:00,33.983241289472986,34.03972442610552,33.68200507613727,33.86086654663086,4268500,0.0,0.0
2024-06-28 00:00:00-04:00,34.03030929200011,34.13385631327935,33.76672493587328,33.983238220214844,5322000,0.0,0.0
2024-07-01 00:00:00-04:00,34.12444609402438,34.444510007926326,34.011483415888044,34.29389190673828,5982100,0.0,0.0
2024-07-02 00:00:00-04:00,34.68926086482437,34.75515605545567,34.435095752971385,34.60453796386719,7291000,0.0,0.0
2024-07-03 00:00:00-04:00,34.70809227330106,34.91519351793385,34.670440439656055,34.80223083496094,3536700,0.0,0.0
2024-07-05 00:00:00-04:00,35.1975968394738,35.1975968394738,34.726914873519846,34.877532958984375,4845300,0.0,0.0
2024-07-08 00:00:00-04:00,34.45392020292508,34.661021427478715,34.2750623396406,34.40685272216797,4226300,0.0,0.0
2024-07-09 00:00:00-04:00,32.75946807861328,33.126599481945625,32.61826562634176,32.75946807861328,13463300,0.0,0.0
2024-07-10 00:00:00-04:00,32.95715420802766,33.07953254148924,32.74064090483803,32.853607177734375,7657300,0.0,0.0
2024-07-11 00:00:00-04:00,32.815950325911125,33.03246361968222,32.674744286442746,32.994808197021484,8519100,0.0,0.0
2024-07-12 00:00:00-04:00,33.39959863017866,33.39959863017866,33.06070697156835,33.12660217285156,7897500,0.0,0.0
2024-07-15 00:00:00-04:00,32.95715114092114,33.13601259418543,32.71239808779445,32.97597885131836,8696000,0.0,0.0
2024-07-16 00:00:00-04:00,32.46764525276749,32.84418869018555,32.36409464039648,32.84418869018555,8226700,0.0,0.0
2024-07-17 00:00:00-04:00,32.98539341812253,33.456075389530604,32.98539341812253,33.343109130859375,7683400,0.0,0.0
2024-07-18 00:00:00-04:00,33.6161098072495,33.72907608027377,33.39018444323878,33.50314712524414,5479100,0.0,0.0
2024-07-19 00:00:00-04:00,33.258390588827275,33.52197134975622,33.14542432755613,33.305458068847656,5153400,0.0,0.0
2024-07-22 00:00:00-04:00,33.30545599637866,33.42783071861303,33.145422265045404,33.25838851928711,4811000,0.0,0.0
2024-07-23 00:00:00-04:00,33.004223528401944,33.03246329961449,32.74063916334955,32.900672912597656,5203500,0.0,0.0
2024-07-24 00:00:00-04:00,33.051293677612705,33.21132384875464,32.590023694816,32.61826705932617,7232000,0.0,0.0
2024-07-25 00:00:00-04:00,32.768883807682386,33.248977892173215,32.59943799174001,33.1171875,5355300,0.0,0.0
2024-07-26 00:00:00-04:00,33.145427156928335,33.34311274449995,32.910086145718644,33.183082580566406,7135500,0.0,0.0
2024-07-29 00:00:00-04:00,33.31487056810256,33.343110338283765,32.69357048698605,32.91008377075195,12769000,0.0,0.0
2024-07-30 00:00:00-04:00,33.04187943392189,33.27722046576184,32.55237324779165,32.76888656616211,13968300,0.0,0.0
2024-07-31 00:00:00-04:00,33.36194022541162,33.47490649554397,33.107771504142065,33.31487274169922,9430600,0.0,0.0
2024-08-01 00:00:00-04:00,33.33369739233468,33.38076487172484,32.5147117596866,32.72180938720703,8320400,0.0,0.0
2024-08-02 00:00:00-04:00,32.40174825067818,32.53354223158521,31.902826462953104,32.081687927246094,11411600,0.0,0.0
2024-08-05 00:00:00-04:00,31.065011272377813,31.338007687828018,30.801430507677527,31.055599212646484,10021000,0.0,0.0
2024-08-06 00:00:00-04:00,30.622566789604583,31.253282475530774,30.603739080515318,31.008525848388672,8457700,0.0,0.0
2024-08-07 00:00:00-04:00,31.15914901260136,31.441561103987567,31.083841754978906,31.11208152770996,8244700,0.0,0.0
2024-08-08 00:00:00-04:00,31.300353121401656,31.676900159269604,31.24386998841586,31.535694122314453,5262900,0.0,0.0
2024-08-09 00:00:00-04:00,31.516591181304907,31.879510524100272,31.411535294452055,31.764902114868164,5443000,0.48,0.0
2024-08-12 00:00:00-04:00,32.099175883947574,32.271084879784425,31.97501857734976,32.13737869262695,5847200,0.0,0.0
2024-08-13 00:00:00-04:00,32.09917207840104,32.27108105385707,31.9559133844477,32.19467544555664,5524600,0.0,0.0
2024-08-14 00:00:00-04:00,32.25198416801236,32.261533048777075,32.07052628771928,32.18513107299805,5685300,0.0,0.0
2024-08-15 00:00:00-04:00,32.56714508757664,32.672200981926906,32.433438910483616,32.586246490478516,4664700,0.0,0.0
2024-08-16 00:00:00-04:00,32.43343960002295,32.63399886992641,32.41433819671498,32.576698303222656,5158400,0.0,0.0
2024-08-19 00:00:00-04:00,32.739052851803486,32.987367437064556,32.58624527749665,32.6053466796875,4399700,0.0,0.0
2024-08-20 00:00:00-04:00,32.18513179800382,32.328386872024154,31.860415196382352,31.8795166015625,7044800,0.0,0.0
2024-08-21 00:00:00-04:00,32.213777185085064,32.27108139191067,31.97501512147499,32.01321792602539,4645200,0.0,0.0
2024-08-22 00:00:00-04:00,31.936813527818092,32.10872251159292,31.879512962039886,31.994117736816406,5308200,0.0,0.0
2024-08-23 00:00:00-04:00,32.261530613471365,32.58624718326656,32.1564747168876,32.576698303222656,5224600,0.0,0.0
2024-08-26 00:00:00-04:00,32.85366110420163,33.035118959296916,32.700853530642455,32.84410858154297,3711200,0.0,0.0
2024-08-27 00:00:00-04:00,32.95871404570751,32.96826656856754,32.63399748964645,32.83456039428711,4024700,0.0,0.0
2024-08-28 00:00:00-04:00,32.462093698703264,32.71040465658307,32.39523696516082,32.69130325317383,4091200,0.0,0.0
2024-08-29 00:00:00-04:00,32.76770558432979,32.94916343370993,32.60534549322561,32.92051315307617,4664900,0.0,0.0
2024-08-30 00:00:00-04:00,32.30928369936343,32.47164015137474,32.18512640809483,32.43343734741211,5680300,0.0,0.0
2024-09-03 00:00:00-04:00,31.516596196699123,31.583449291113276,31.23963129514311,31.392438888549805,9499500,0.0,0.0
2024-09-04 00:00:00-04:00,31.23962922651949,31.449741019748178,30.886262373269556,30.953115463256836,7381400,0.0,0.0
2024-09-05 00:00:00-04:00,31.27783185863144,31.287380738624847,30.857611917738847,30.895811080932617,7130100,0.0,0.0
2024-09-06 00:00:00-04:00,30.828957201173004,30.934013094508607,30.34188418314981,30.466039657592773,10259000,0.0,0.0
2024-09-09 00:00:00-04:00,30.456491301436078,30.609298891721572,30.351437221621154,30.37053680419922,8008000,0.0,0.0
2024-09-10 00:00:00-04:00,30.28457854422695,30.294129245134425,29.29132933077841,29.749752044677734,12806600,0.0,0.0
2024-09-11 00:00:00-04:00,30.017169088210213,30.036270491859735,29.577845912321788,29.88346290588379,8232600,0.0,0.0
2024-09-12 00:00:00-04:00,29.912110518371353,30.255928466916753,29.81660533026319,30.160423278808594,8158400,0.0,0.0
2024-09-13 00:00:00-04:00,30.427838585279023,30.58064616335368,30.284579886925265,30.408737182617188,6427300,0.0,0.0
2024-09-16 00:00:00-04:00,30.80985589500703,30.972215997003595,30.60929663067603,30.848058700561523,9370600,0.0,0.0
2024-09-17 00:00:00-04:00,30.790759858203646,31.12502531745758,30.74300452697857,31.086822509765625,6965600,0.0,0.0
2024-09-18 00:00:00-04:00,31.144126550263877,31.335136944454373,30.924465872071888,30.972217559814453,6125700,0.0,0.0
2024-09-19 00:00:00-04:00,31.6216493042405,31.707603795632828,31.23962853289236,31.28738021850586,11509400,0.0,0.0
2024-09-20 00:00:00-04:00,31.12502358321054,31.28738004202465,30.886261513269748,31.172775268554688,8271700,0.0,0.0
2024-09-23 00:00:00-04:00,31.249182610288912,31.60254947326944,31.191878398770342,31.382888793945312,7619300,0.0,0.0
2024-09-24 00:00:00-04:00,31.64075228128723,31.678951445746424,31.26828401446319,31.354238510131836,7696500,0.0,0.0
2024-09-25 00:00:00-04:00,30.934013354577218,30.96266363728414,30.23682854402144,30.255929946899414,8939100,0.0,0.0
2024-09-26 00:00:00-04:00,29.157626316537478,29.606498378103264,29.148075614596486,29.40593910217285,16447800,0.0,0.0
2024-09-27 00:00:00-04:00,29.606495705824923,30.05536772687558,29.51099051664543,30.00761604309082,11500200,0.0,0.0
2024-09-30 00:00:00-04:00,29.9980671625945,30.30368232922869,29.89301126596022,29.978965759277344,7312300,0.0,0.0
2024-10-01 00:00:00-04:00,29.9407654476813,30.81940998232212,29.883463058051067,30.64750099182129,13696100,0.0,0.0
2024-10-02 00:00:00-04:00,31.125024974258928,31.172776661737206,30.704805023941766,30.914913177490234,7982300,0.0,0.0
2024-10-03 00:00:00-04:00,30.599749294728536,31.077273458591765,30.456490588281472,31.00086784362793,10752900,0.0,0.0
2024-10-04 00:00:00-04:00,31.182326418320155,31.564343527469774,31.029518846016327,31.401987075805664,10106100,0.0,0.0
2024-10-07 00:00:00-04:00,31.602547387428668,31.793557769996514,31.52614177711352,31.650299072265625,5836800,0.0,0.0
2024-10-08 00:00:00-04:00,30.99131686713645,31.010418269585404,30.427838246162334,30.590194702148438,9039100,0.0,0.0
2024-10-09 00:00:00-04:00,30.246379765863576,30.6379512451591,30.169975974647148,30.542444229125977,6035200,0.0,0.0
2024-10-10 00:00:00-04:00,30.70480502397104,30.943567104582883,30.51379463083752,30.886262893676758,5886200,0.0,0.0
2024-10-11 00:00:00-04:00,30.628398375049706,30.876712970703288,30.599748092174334,30.666601181030273,7455500,0.0,0.0
2024-10-14 00:00:00-04:00,30.466041734600978,30.66660283358665,30.39918864214247,30.5519962310791,5522700,0.0,0.0
2024-10-15 00:00:00-04:00,29.463238797235906,29.692450158023565,29.319981924444868,29.358182907104492,13178000,0.0,0.0
2024-10-16 00:00:00-04:00,29.673350420557536,29.73065280856661,29.444139046911168,29.539644241333008,6393800,0.0,0.0
2024-10-17 00:00:00-04:00,29.64469893474781,29.94076338599586,29.57784402623761,29.912111282348633,8123200,0.0,0.0
2024-10-18 00:00:00-04:00,29.978963761475878,29.998065163520117,29.692450017252156,29.921661376953125,4465100,0.0,0.0
2024-10-21 00:00:00-04:00,30.303681192439697,30.427838487733595,30.036268842471326,30.055368423461914,6852100,0.0,0.0
2024-10-22 00:00:00-04:00,30.074468791672242,30.246377765944942,30.007615706479516,30.160423278808594,4391300,0.0,0.0
2024-10-23 00:00:00-04:00,29.95986539620109,30.045818065666438,29.673349818746452,29.90256118774414,6288700,0.0,0.0
2024-10-24 00:00:00-04:00,30.141323869996874,30.217727661213708,29.682901122695874,29.89301109313965,5995700,0.0,0.0
2024-10-25 00:00:00-04:00,30.179526501956822,30.255930292732,29.95986583117944,30.10312271118164,4478400,0.0,0.0
2024-10-28 00:00:00-04:00,29.39638942368894,29.730654895210666,29.3390852100479,29.654251098632812,11988800,0.0,0.0
2024-10-29 00:00:00-04:00,28.55594348219204,28.57504488516207,28.040218353271484,28.040218353271484,21578400,0.0,0.0
2024-10-30 00:00:00-04:00,27.925611753088646,28.19302592980092,27.696400382311005,27.71550178527832,21972800,0.0,0.0
2024-10-31 00:00:00-04:00,27.85875866827627,28.164373829356602,27.7059510877361,28.040218353271484,11202800,0.0,0.0
2024-11-01 00:00:00-04:00,28.345833865466197,28.364935268672838,27.87786041656398,27.916061401367188,8962400,0.0,0.0
2024-11-04 00:00:00-05:00,28.33628472126749,28.6036989160277,28.29808191275453,28.393587112426758,8696300,0.0,0.0
2024-11-05 00:00:00-05:00,28.641897113970742,28.76605440793807,28.479538836820385,28.613245010375977,9060500,0.0,0.0
2024-11-06 00:00:00-05:00,28.364935097763798,28.89021093151088,28.250328500824583,28.804256439208984,10517200,0.0,0.0
2024-11-07 00:00:00-05:00,29.109871253478804,29.128972656341503,28.77560398982173,28.92841339111328,7590200,0.0,0.0
2024-11-08 00:00:00-05:00,28.336453686422608,28.365565295942634,27.94828161736733,28.074438095092773,11140900,0.48,0.0
2024-11-11 00:00:00-05:00,28.07443799203394,28.161776522156607,27.89005644500369,28.064733505249023,9526600,0.0,0.0
2024-11-12 00:00:00-05:00,27.67656166530839,27.744491217877098,27.201052946385943,27.327207565307617,14624000,0.0,0.0
2024-11-13 00:00:00-05:00,27.30780062124509,27.82212732323367,26.997264443041278,27.72508430480957,12243600,0.0,0.0
2024-11-14 00:00:00-05:00,28.035617471400382,28.210294515611455,27.909462856659843,28.190885543823242,11091800,0.0,0.0
2024-11-15 00:00:00-05:00,28.239409214520613,28.35585934848546,27.97739363668744,28.122957229614258,8120300,0.0,0.0
2024-11-18 00:00:00-05:00,28.433493844523188,28.62757987216874,28.375268776606134,28.549945831298828,10184800,0.0,0.0
2024-11-19 00:00:00-05:00,28.1229583078684,28.307339853147152,28.03561977857539,28.229705810546875,11686900,0.0,0.0
2024-11-20 00:00:00-05:00,28.181185125015656,28.26852180304785,27.977394607096343,28.220001220703125,11456100,0.0,0.0
2024-11-21 00:00:00-05:00,28.491721735351035,28.666398796002678,28.297635701084413,28.646989822387695,18619700,0.0,0.0
2024-11-22 00:00:00-05:00,28.443197404651645,28.850776568679905,28.384972338630888,28.84107208251953,16067800,0.0,0.0
2024-11-25 00:00:00-05:00,28.73432831174984,28.821666841951153,28.33645360791791,28.452903747558594,10472600,0.0,0.0
2024-11-26 00:00:00-05:00,28.433493178632215,28.433493178632215,27.94827997182319,28.103548049926758,14119900,0.0,0.0
2024-11-27 00:00:00-05:00,28.17147919550529,28.41408579668654,28.122956764704156,28.26852035522461,6882500,0.0,0.0
2024-11-29 00:00:00-05:00,28.38497408810545,28.472312617990337,28.278226584703575,28.443199157714844,4407500,0.0,0.0
2024-12-02 00:00:00-05:00,28.287929899276833,28.336452331058663,27.831830146176717,28.132661819458008,8928800,0.0,0.0
2024-12-03 00:00:00-05:00,28.646989155960643,28.724623197672937,28.414087030823755,28.579059600830078,7863300,0.0,0.0
2024-12-04 00:00:00-05:00,28.811960474548464,28.860481054408123,28.190886316884267,28.26852035522461,8313300,0.0,0.0
2024-12-05 00:00:00-05:00,28.22970626910675,28.326749286668846,28.055029207683294,28.278226852416992,7622200,0.0,0.0
2024-12-06 00:00:00-05:00,28.32674696172308,28.33645144777695,27.783306848355366,27.851238250732422,13492800,0.0,0.0
2024-12-09 00:00:00-05:00,29.03515979752853,29.55918912416608,28.918707807752636,29.200132369995117,19690300,0.0,0.0
2024-12-10 00:00:00-05:00,29.335989670258687,29.413623708333457,29.16131262185508,29.209835052490234,8326900,0.0,0.0
2024-12-11 00:00:00-05:00,29.277764911722794,29.491258055933766,29.044862795054055,29.433032989501953,8735400,0.0,0.0
2024-12-12 00:00:00-05:00,29.355399106222112,29.530076157384983,29.19042654133957,29.25835609436035,7556400,0.0,0.0
2024-12-13 00:00:00-05:00,29.112792761796328,29.190426801790125,28.82166557455497,29.0933837890625,7293200,0.0,0.0
2024-12-16 00:00:00-05:00,28.646990071016837,28.656694557908555,28.084142787888556,28.093847274780273,10024100,0.0,0.0
2024-12-17 00:00:00-05:00,28.09384659604189,28.258819167332163,28.006508067068122,28.220001220703125,10515500,0.0,0.0
2024-12-18 00:00:00-05:00,28.384974350372048,28.501426341608393,27.657154495234302,27.695972442626953,11158700,0.0,0.0
2024-12-19 00:00:00-05:00,27.957984883167807,27.996802828754664,27.56011019561012,27.569814682006836,10605700,0.0,0.0
2024-12-20 00:00:00-05:00,27.375728602031906,27.89005527439554,27.307799048330228,27.754196166992188,12752100,0.0,0.0
2024-12-23 00:00:00-05:00,27.637743717628663,27.97739333137908,27.511589098719845,27.89975929260254,6911200,0.0,0.0
2024-12-24 00:00:00-05:00,27.880350733825125,28.064732272758075,27.647448614040012,27.93857765197754,2777200,0.0,0.0
2024-12-26 00:00:00-05:00,27.957985337473772,28.19088746195492,27.85123968725838,27.996803283691406,3812900,0.0,0.0
2024-12-27 00:00:00-05:00,27.96768894432151,28.34615465333127,27.919168364017203,28.103548049926758,6753100,0.0,0.0
2024-12-30 00:00:00-05:00,28.229705810546875,28.317044339839885,28.055028751960855,28.229705810546875,6098500,0.0,0.0
2024-12-31 00:00:00-05:00,28.452902249108078,28.7828473789497,28.336452115600153,28.68580436706543,8065300,0.0,0.0
2025-01-02 00:00:00-05:00,28.821665117120325,29.141905758379817,28.811960630907432,29.044862747192383,6636200,0.0,0.0
2025-01-03 00:00:00-05:00,29.44273880781703,29.617415865956918,29.394218225418868,29.568893432617188,7074900,0.0,0.0
2025-01-06 00:00:00-05:00,29.90854267889752,30.248192304156138,29.840613124034107,30.102628707885742,12487500,0.0,0.0
2025-01-07 00:00:00-05:00,30.364644462637532,30.995421283987113,30.345235489441162,30.888673782348633,11983300,0.0,0.0
2025-01-08 00:00:00-05:00,30.151148360403607,30.422868422424397,29.96676682364159,30.199670791625977,13191500,0.0,0.0
2025-01-10 00:00:00-05:00,30.90808330687361,31.014828959474627,30.189967944272407,30.36464500427246,11312000,0.0,0.0
2025-01-13 00:00:00-05:00,30.18026273876713,30.61695352742601,30.131740306066224,30.29671287536621,9705500,0.0,0.0
2025-01-14 00:00:00-05:00,29.695048306662848,30.2773045187428,29.665934848229334,30.170557022094727,13758900,0.0,0.0
2025-01-15 00:00:00-05:00,30.29671364341957,30.44227909427098,30.063811513375544,30.374347686767578,10964600,0.0,0.0
2025-01-16 00:00:00-05:00,30.539319213244813,30.91778678116493,30.461685172558397,30.840152740478516,11435600,0.0,0.0
2025-01-17 00:00:00-05:00,30.985715454672732,31.2380246915259,30.6072497484515,30.7528133392334,11806100,0.0,0.0
2025-01-21 00:00:00-05:00,30.578136547676085,30.694586680906625,30.40345949688878,30.587841033935547,7301500,0.0,0.0
2025-01-22 00:00:00-05:00,30.597547452597368,30.626659062272815,30.18026377179428,30.209375381469727,8494100,0.0,0.0
2025-01-23 00:00:00-05:00,30.52961571145346,30.636363214943252,30.33553152894845,30.55872917175293,6586400,0.0,0.0
2025-01-24 00:00:00-05:00,30.568433302051602,30.665476317643257,30.32582668854326,30.519912719726562,5748400,0.0,0.0
2025-01-27 00:00:00-05:00,30.519912719726562,30.59754676201157,30.160854117319918,30.519912719726562,8021600,0.0,0.0
2025-01-28 00:00:00-05:00,30.587841348823396,30.655770902397432,30.044401218348092,30.238487243652344,6388000,0.0,0.0
2025-01-29 00:00:00-05:00,30.03470017059222,30.277306789576194,29.947361639682665,30.209375381469727,8065800,0.0,0.0
2025-01-30 00:00:00-05:00,30.451980946723165,30.694587557312214,30.296712864021497,30.675180435180664,7928600,0.0,0.0
2025-01-31 00:00:00-05:00,30.72370140282758,30.72370140282758,30.015290535235515,30.14144515991211,10680300,0.0,0.0
2025-02-03 00:00:00-05:00,29.811500132776445,30.69458806175825,29.471852353123122,29.95706558227539,26919700,0.0,0.0
2025-02-04 00:00:00-05:00,29.86002232206982,30.733405757213305,29.86002232206982,30.70429229736328,18006700,0.0,0.0
2025-02-05 00:00:00-05:00,30.93719473507345,30.985717168645753,30.64606753740597,30.73340606689453,14842400,0.0,0.0
2025-02-06 00:00:00-05:00,31.2671425952911,31.42241068513353,30.781927500856476,31.014829635620117,13970900,0.0,0.0
2025-02-07 00:00:00-05:00,31.373889304451723,31.52915739035127,31.12157635118798,31.315662384033203,10042200,0.0,0.0
2025-02-10 00:00:00-05:00,33.17887908132203,33.87758731178834,33.14006483664968,33.402076721191406,39130900,0.0,0.0
2025-02-11 00:00:00-05:00,33.23710538446463,33.79995449342659,32.88775127571349,33.52823257446289,17244500,0.0,0.0
2025-02-12 00:00:00-05:00,33.31474066263826,34.05226311051111,33.227402137058824,33.654388427734375,16537100,0.0,0.0
2025-02-13 00:00:00-05:00,33.65438853719481,34.19782866499913,33.431190904850986,33.470008850097656,15284000,0.0,0.0
2025-02-14 00:00:00-05:00,34.25605488444895,34.49866151068709,33.955225037118986,33.964927673339844,13148400,0.0,0.0
2025-02-18 00:00:00-05:00,33.85817748955751,34.3142790954405,33.74172735469402,34.2657585144043,12306900,0.0,0.0
2025-02-19 00:00:00-05:00,33.88728734290401,34.2754593748577,33.508821647784735,33.51852798461914,9948600,0.0,0.0
2025-02-20 00:00:00-05:00,33.547642578842876,33.78054655913223,33.50882463181412,33.62527847290039,10499200,0.0,0.0
2025-02-21 00:00:00-05:00,33.50718827090904,33.57607205962962,33.16276932730619,33.34973907470703,12503400,0.48,0.0
2025-02-24 00:00:00-05:00,33.389102929568715,33.389102929568715,33.09388615046722,33.20213317871094,8702300,0.0,0.0
2025-02-25 00:00:00-05:00,33.35958124198693,33.4087834111811,32.54281096860126,32.700260162353516,14681400,0.0,0.0
2025-02-26 00:00:00-05:00,32.05078388260976,32.267277946003524,31.765406027024365,32.15903091430664,14441200,0.0,0.0
2025-02-27 00:00:00-05:00,32.21807481028,32.99547812089705,32.16886888542707,32.59201431274414,10341500,0.0,0.0
2025-02-28 00:00:00-05:00,32.28695860041208,32.7297818930083,32.12950940098375,32.59201431274414,8717700,0.0,0.0
2025-03-03 00:00:00-05:00,32.80850849377149,32.88723121684093,31.02736324541182,31.302898406982422,13055900,0.0,0.0
2025-03-04 00:00:00-05:00,30.692782394084258,31.352101605164584,30.495969960918426,30.938796997070312,14142000,0.0,0.0
2025-03-05 00:00:00-05:00,30.988000111125565,31.519390693757362,30.781348739252792,31.371782302856445,9902300,0.0,0.0
2025-03-06 00:00:00-05:00,31.056884176761724,31.48987042058873,30.9289574040328,31.204492568969727,8605600,0.0,0.0
2025-03-07 00:00:00-05:00,31.420986385884206,31.74572372006001,31.371782337567776,31.558753967285156,8862000,0.0,0.0
2025-03-10 00:00:00-04:00,32.011420162578,32.13934881210716,31.332421183787982,31.696521759033203,12735000,0.0,0.0
2025-03-11 00:00:00-04:00,31.824449776290013,31.883494633488493,31.155289743580585,31.47018814086914,9321600,0.0,0.0
2025-03-12 00:00:00-04:00,31.283217947013338,31.981898521473134,31.214332281258486,31.686681747436523,8475100,0.0,0.0
2025-03-13 00:00:00-04:00,31.785087689040026,32.060626612058044,31.657159037420413,31.853971481323242,6948600,0.0,0.0
2025-03-14 00:00:00-04:00,32.227914970293575,32.9364382716471,32.149188490638664,32.85771179199219,12619400,0.0,0.0
2025-03-17 00:00:00-04:00,32.87739045441201,33.271015309507604,32.82818828599626,33.22180938720703,10810800,0.0,0.0
2025-03-18 00:00:00-04:00,33.56623341107463,33.6843193707536,33.3005371863832,33.67448043823242,10244200,0.0,0.0
2025-03-19 00:00:00-04:00,33.69416131392624,34.1074640406284,33.45798564589293,34.05826187133789,14017900,0.0,0.0
2025-03-20 00:00:00-04:00,33.92049451020928,34.392842095377084,33.84176803573885,34.19602966308594,21305600,0.0,0.0
2025-03-21 00:00:00-04:00,34.07794446328213,34.33379800323229,33.831929855917174,33.99921798706055,40923500,0.0,0.0
2025-03-24 00:00:00-04:00,33.8712903079859,34.10746598951418,33.41862431843224,33.56623458862305,10093100,0.0,0.0
2025-03-25 00:00:00-04:00,34.19603224214527,34.38300200228639,33.694164068142705,33.74336624145508,10230900,0.0,0.0
2025-03-26 00:00:00-04:00,34.08778234863385,34.284594779256416,33.75320234274096,33.87128829956055,10731500,0.0,0.0
2025-03-27 00:00:00-04:00,33.93033398463212,34.23539344725114,33.8024053385164,33.8614501953125,7555700,0.0,0.0
2025-03-28 00:00:00-04:00,33.694164223153386,33.694164223153386,33.19229229295674,33.320220947265625,7085600,0.0,0.0
2025-03-31 00:00:00-04:00,33.123406497465254,33.477668131751244,33.0446837753378,33.25133514404297,6051500,0.0,0.0
2025-04-01 00:00:00-04:00,33.00532273849947,33.28085791514883,32.83803084275863,33.271018981933594,5682700,0.0,0.0
2025-04-02 00:00:00-04:00,33.31037846867976,33.34974170931116,33.06436384556134,33.271018981933594,6099500,0.0,0.0
2025-04-03 00:00:00-04:00,31.676839317923758,32.04094363760971,30.77150736968676,30.840391159057617,19511400,0.0,0.0
2025-04-04 00:00:00-04:00,29.305261303338003,29.403665646739107,27.80949200955377,27.92757797241211,23086500,0.0,0.0
2025-04-07 00:00:00-04:00,26.37276545580703,27.878375545538933,26.008664883893495,26.736867904663086,20036700,0.0,0.0
2025-04-08 00:00:00-04:00,27.455229215031956,27.46507002434764,25.339504012664033,25.69376564025879,13558200,0.0,0.0
2025-04-09 00:00:00-04:00,25.29030322277609,27.74060856778725,24.817953734565908,27.455230712890625,18532400,0.0,0.0
2025-04-10 00:00:00-04:00,26.864793694046398,26.874634503325215,25.496953112312504,25.811851501464844,15252600,0.0,0.0
2025-04-11 00:00:00-04:00,25.72328774587282,26.313723201900075,25.378868783720947,26.166114807128906,17252000,0.0,0.0
2025-04-14 00:00:00-04:00,26.973041562021365,26.973041562021365,26.12675070702282,26.48101234436035,13782600,0.0,0.0
2025-04-15 00:00:00-04:00,26.83527471753541,27.327303948688126,26.746709305772512,26.776229858398438,10145100,0.0,0.0
2025-04-16 00:00:00-04:00,27.41586952756769,27.740608747030265,27.02224463869208,27.219057083129883,10609000,0.0,0.0
2025-04-17 00:00:00-04:00,27.750448129102022,28.281838698634328,27.671723530766034,27.868534088134766,8919000,0.0,0.0
2025-04-21 00:00:00-04:00,27.573317478504563,27.65204207731134,27.209215035934157,27.632360458374023,8373400,0.0,0.0
2025-04-22 00:00:00-04:00,28.134230120104913,28.773867711854134,28.03582390361831,28.409767150878906,17311500,0.0,0.0
2025-04-23 00:00:00-04:00,28.950999194296124,29.108448393531443,27.87837535141645,28.144071578979492,12702100,0.0,0.0
2025-04-24 00:00:00-04:00,28.3605641104579,28.58689710254814,28.252317080787556,28.537694931030273,5672200,0.0,0.0
2025-04-25 00:00:00-04:00,28.390086573300458,28.734507405162766,28.360564144189105,28.724666595458984,5321100,0.0,0.0
2025-04-28 00:00:00-04:00,28.58689620570868,28.941157835739386,28.5573756545011,28.665620803833008,11226900,0.0,0.0
2025-04-29 00:00:00-04:00,27.66188368578898,28.13423129227333,27.4257098825468,27.622520446777344,16423300,0.0,0.0
2025-04-30 00:00:00-04:00,27.691403530309486,27.691403530309486,26.776228893048938,27.02224349975586,13189800,0.0,0.0
2025-05-01 00:00:00-04:00,27.032084967677516,27.583159051522124,26.864794955964427,27.435548782348633,10188700,0.0,0.0
2025-05-02 00:00:00-04:00,27.514273241355927,27.73076730065721,27.071448066948133,27.671724319458008,10605500,0.0,0.0
2025-05-05 00:00:00-04:00,28.458969264926473,28.714824676513672,27.711084648812154,28.714824676513672,28776200,0.0,0.0
2025-05-06 00:00:00-04:00,28.09486829664134,28.360564531443913,27.888216920867716,27.9472599029541,18875400,0.0,0.0
2025-05-07 00:00:00-04:00,27.83901349709568,27.868534048340475,27.543794846050414,27.681562423706055,10024100,0.0,0.0
2025-05-08 00:00:00-04:00,27.701245318733612,28.281839961234738,27.681563699035337,28.134231567382812,11924300,0.0,0.0
2025-05-09 00:00:00-04:00,28.921476441295354,29.34462186334907,28.754186434365806,29.295419692993164,19497600,0.0,0.0
2025-05-12 00:00:00-04:00,29.915376348072165,30.112188787819314,29.55127577456523,29.708724975585938,11716200,0.0,0.0
2025-05-13 00:00:00-04:00,29.580795273246057,30.328679889932257,29.482389056876894,30.072824478149414,10855500,0.0,0.0
2025-05-14 00:00:00-04:00,30.01378228985366,30.062984460863298,29.73824525214914,29.876014709472656,15045900,0.0,0.0
2025-05-15 00:00:00-04:00,29.403666194029327,29.698884860555154,29.177333196885996,29.630001068115234,7271800,0.0,0.0
2025-05-16 00:00:00-04:00,29.760000228881836,29.860000610351562,29.510000228881836,29.760000228881836,6930400,0.48,0.0
2025-05-19 00:00:00-04:00,29.469999313354492,29.469999313354492,29.219999313354492,29.399999618530273,8666300,0.0,0.0
2025-05-20 00:00:00-04:00,29.190000534057617,29.3799991607666,29.049999237060547,29.200000762939453,5504500,0.0,0.0
2025-05-21 00:00:00-04:00,29.309999465942383,29.309999465942383,28.8799991607666,28.8799991607666,7379600,0.0,0.0
2025-05-22 00:00:00-04:00,28.700000762939453,29.06999969482422,28.40999984741211,28.940000534057617,7691200,0.0,0.0
2025-05-23 00:00:00-04:00,28.649999618530273,29.139999389648438,28.639999389648438,29.09000015258789,7951200,0.0,0.0
2025-05-27 00:00:00-04:00,29.139999389648438,29.260000228881836,29.079999923706055,29.149999618530273,6737800,0.0,0.0
2025-05-28 00:00:00-04:00,29.139999389648438,29.299999237060547,28.850000381469727,28.940000534057617,6744000,0.0,0.0
2025-05-29 00:00:00-04:00,29.0,29.18000030517578,28.860000610351562,29.170000076293945,4850700,0.0,0.0
2025-05-30 00:00:00-04:00,29.09000015258789,29.170000076293945,28.93000030517578,29.100000381469727,5415600,0.0,0.0
2025-06-02 00:00:00-04:00,29.6299991607666,29.739999771118164,29.190000534057617,29.579999923706055,8068400,0.0,0.0
2025-06-03 00:00:00-04:00,29.360000610351562,29.670000076293945,29.1299991607666,29.559999465942383,6550900,0.0,0.0
2025-06-04 00:00:00-04:00,29.479999542236328,29.59000015258789,28.829999923706055,28.920000076293945,8007200,0.0,0.0
2025-06-05 00:00:00-04:00,29.260000228881836,29.290000915527344,29.0,29.049999237060547,6117000,0.0,0.0
2025-06-06 00:00:00-04:00,29.09000015258789,29.399999618530273,29.06999969482422,29.290000915527344,6988700,0.0,0.0
2025-06-09 00:00:00-04:00,29.290000915527344,29.649999618530273,29.149999618530273,29.459999084472656,6040900,0.0,0.0
2025-06-10 00:00:00-04:00,29.969999313354492,30.3799991607666,29.899999618530273,30.229999542236328,12844100,0.0,0.0
2025-06-11 00:00:00-04:00,30.440000534057617,30.860000610351562,30.270000457763672,30.809999465942383,8810000,0.0,0.0
2025-06-12 00:00:00-04:00,30.90999984741211,31.09000015258789,30.719999313354492,30.920000076293945,7944600,0.0,0.0
2025-06-13 00:00:00-04:00,31.59000015258789,31.760000228881836,31.219999313354492,31.719999313354492,11179800,0.0,0.0
2025-06-16 00:00:00-04:00,31.3700008392334,31.579999923706055,30.940000534057617,31.15999984741211,11189100,0.0,0.0
2025-06-17 00:00:00-04:00,31.65999984741211,31.809999465942383,31.43000030517578,31.579999923706055,9465900,0.0,0.0
2025-06-18 00:00:00-04:00,31.479999542236328,31.600000381469727,30.969999313354492,31.139999389648438,8627200,0.0,0.0
2025-06-20 00:00:00-04:00,31.299999237060547,31.43000030517578,30.969999313354492,31.25,13800700,0.0,0.0
2025-06-23 00:00:00-04:00,31.309999465942383,31.440000534057617,30.31999969482422,30.31999969482422,14795600,0.0,0.0
2025-06-24 00:00:00-04:00,29.860000610351562,30.219999313354492,29.780000686645508,29.829999923706055,10987900,0.0,0.0
2025-06-25 00:00:00-04:00,29.700000762939453,32.939998626708984,29.579999923706055,30.31999969482422,66997000,0.0,0.0
2025-06-26 00:00:00-04:00,30.299999237060547,30.610000610351562,30.030000686645508,30.290000915527344,14192700,0.0,0.0
2025-06-27 00:00:00-04:00,30.3799991607666,30.559999465942383,30.18000030517578,30.34000015258789,11134700,0.0,0.0
2025-06-30 00:00:00-04:00,30.0,30.149999618530273,29.860000610351562,29.93000030517578,7521200,0.0,0.0
2025-07-01 00:00:00-04:00,30.1299991607666,30.579999923706055,29.959999084472656,30.5,8426500,0.0,0.0
2025-07-02 00:00:00-04:00,31.09000015258789,31.420000076293945,30.639999389648438,31.299999237060547,8124700,0.0,0.0
2025-07-03 00:00:00-04:00,31.139999389648438,31.329999923706055,30.8700008392334,30.93000030517578,3931600,0.0,0.0
