Date,Open,High,Low,Close,Volume,Dividends,Stock Splits
2020-07-06 00:00:00+01:00,1170.286851797338,1193.2728446165854,1168.2880698130557,1180.28076171875,5543072,0.0,0.0
2020-07-07 00:00:00+01:00,1177.2826471102667,1183.7786888812486,1128.3124860674798,1138.306396484375,4546191,0.0,0.0
2020-07-08 00:00:00+01:00,1133.809156467014,1153.2972821180556,1120.317377170139,1124.31494140625,3261833,0.0,0.0
2020-07-09 00:00:00+01:00,1118.3183838112773,1125.3141199030367,1090.8351348793647,1098.33056640625,5058137,0.0,0.0
2020-07-10 00:00:00+01:00,1086.337856905129,1121.3165367502802,1085.3384660524102,1114.32080078125,5711383,0.0,0.0
2020-07-13 00:00:00+01:00,1126.8133912731987,1156.2954267876637,1124.314913687227,1144.302734375,5146086,0.0,0.0
2020-07-14 00:00:00+01:00,1121.8163109431741,1128.8120474033988,1097.3312333323877,1100.8291015625,2886866,0.0,0.0
2020-07-15 00:00:00+01:00,1110.3234451055628,1196.2710745196748,1107.3252719864659,1183.7786865234375,4682489,0.0,0.0
2020-07-16 00:00:00+01:00,1175.283786261408,1190.7743463694453,1149.79931640625,1149.79931640625,2906183,0.0,0.0
2020-07-17 00:00:00+01:00,1149.2995799060434,1153.2971436622383,1126.3135883079226,1134.3087158203125,3402124,0.0,0.0
2020-07-20 00:00:00+01:00,1133.8093579353479,1133.8093579353479,1104.327316455319,1113.821533203125,3431606,0.0,0.0
2020-07-21 00:00:00+01:00,1121.3168471417353,1153.29736328125,1117.8189781889757,1153.29736328125,3841722,0.0,0.0
2020-07-22 00:00:00+01:00,1153.2971293664104,1155.795606683062,1130.8108335165452,1145.302001953125,3287290,0.0,0.0
2020-07-23 00:00:00+01:00,1149.7995413612916,1154.2968016273721,1120.3175018392071,1122.3162841796875,4335928,0.0,0.0
2020-07-24 00:00:00+01:00,1108.324691445487,1123.8152529580252,1097.3313897269113,1119.3179931640625,2511105,0.0,0.0
2020-07-27 00:00:00+01:00,1119.8176805174653,1121.3167671045035,1081.8408203125,1081.8408203125,3431021,0.0,0.0
2020-07-28 00:00:00+01:00,1087.8370478366357,1093.8333935298099,1059.854101268491,1078.842529296875,2602565,0.0,0.0
2020-07-29 00:00:00+01:00,1086.8376608289125,1116.819389403503,1074.844969399076,1075.8443603515625,3252431,0.0,0.0
2020-07-30 00:00:00+01:00,1074.3452830981182,1082.840106266801,1039.3665994623657,1068.8486328125,3787788,0.0,0.0
2020-07-31 00:00:00+01:00,1071.3470110959067,1084.3390923871816,1049.860107421875,1049.860107421875,4386085,0.0,0.0
2020-08-03 00:00:00+01:00,1051.8589159907126,1081.8406428123008,1023.8759709572306,1077.3433837890625,3327140,0.0,0.0
2020-08-04 00:00:00+01:00,1084.8389822615773,1099.8298479768455,1063.8517702602016,1089.8359375,2873333,0.0,0.0
2020-08-05 00:00:00+01:00,1104.3269605315134,1163.2910244874945,1095.832137758194,1156.2952880859375,4661676,0.0,0.0
2020-08-06 00:00:00+01:00,1152.7975848761823,1173.28510155582,1138.8061100705763,1168.787841796875,3466298,0.0,0.0
2020-08-07 00:00:00+01:00,1172.2855789567175,1190.274615973956,1157.2947147756854,1175.783447265625,3930990,0.0,0.0
2020-08-10 00:00:00+01:00,1185.7772324094346,1195.2714453954352,1154.9460493751392,1176.78271484375,3739384,0.0,0.0
2020-08-11 00:00:00+01:00,1188.7756262010143,1240.2442640735258,1180.7804979878088,1239.244873046875,4802595,0.0,0.0
2020-08-12 00:00:00+01:00,1235.7469549330085,1250.737819732034,1216.2588306942753,1230.75,4144600,0.0,0.0
2020-08-13 00:00:00+01:00,1220.7562372547932,1238.3445203717004,1211.2620217378708,1212.7611083984375,2876625,0.0,0.0
2020-08-14 00:00:00+01:00,1194.2723388671875,1197.2705121028373,1164.290606510689,1194.2723388671875,4246924,0.0,0.0
2020-08-17 00:00:00+01:00,1187.7761807509773,1206.7646093872993,1180.2807483945344,1190.274658203125,2258875,0.0,0.0
2020-08-18 00:00:00+01:00,1187.776198226851,1206.26493164477,1170.7865513022768,1177.2825927734375,2247536,0.0,0.0
2020-08-19 00:00:00+01:00,1177.782390207869,1177.782390207869,1133.375486882291,1148.800048828125,3557932,0.0,0.0
2020-08-20 00:00:00+01:00,1136.807076783307,1151.7979393342955,1118.3183463037542,1129.3116455078125,2765614,0.0,0.0
2020-08-21 00:00:00+01:00,1133.8092820544996,1164.2907127311519,1127.8839367037174,1162.7916259765625,3681599,0.0,0.0
2020-08-24 00:00:00+01:00,1173.2851724140828,1189.2754303004756,1127.882780249672,1162.2918701171875,2790408,0.0,0.0
2020-08-25 00:00:00+01:00,1162.2918834454886,1187.2766616794843,1145.3022342463712,1153.29736328125,3232019,0.0,0.0
2020-08-26 00:00:00+01:00,1154.796256766153,1173.784685047033,1144.3026516635614,1160.7926025390625,4667522,0.0,0.0
2020-08-27 00:00:00+01:00,1164.7903352603041,1215.759281719571,1161.7921619391707,1212.7611083984375,3581487,0.0,0.0
2020-08-28 00:00:00+01:00,1214.7596373036474,1237.2459325231719,1201.7675556212555,1219.756591796875,5446162,0.0,0.0
2020-09-01 00:00:00+01:00,1211.761459039182,1213.760240827288,1155.7955689722178,1175.28369140625,4561959,0.0,0.0
2020-09-02 00:00:00+01:00,1192.7732077352186,1230.2503717821987,1179.2814286783057,1226.2528076171875,3742574,0.0,0.0
2020-09-03 00:00:00+01:00,1249.238739973344,1311.9505247200061,1236.1267350384228,1271.225341796875,4144030,0.0,0.0
2020-09-04 00:00:00+01:00,1251.237429296875,1288.7145887207032,1235.247174609375,1249.2386474609375,2878349,0.0,0.0
2020-09-07 00:00:00+01:00,1253.7359373274624,1277.7213199467203,1248.2392871438824,1272.724365234375,1397735,0.0,0.0
2020-09-08 00:00:00+01:00,1278.221099246563,1288.7147048306826,1236.2466769100847,1256.2344970703125,3122618,0.0,0.0
2020-09-09 00:00:00+01:00,1249.7385225642465,1258.7330421188872,1229.7507013317115,1251.7373046875,4899981,0.0,0.0
2020-09-10 00:00:00+01:00,1252.2370039017185,1306.703816920588,1247.2400485788864,1292.212646484375,4417290,0.0,0.0
2020-09-11 00:00:00+01:00,1287.7152293714112,1294.7109659686948,1269.776210752477,1272.724365234375,2741029,0.0,0.0
2020-09-14 00:00:00+01:00,1291.7128623262486,1316.1979417281773,1276.2223018882935,1312.7000732421875,2655697,0.0,0.0
2020-09-15 00:00:00+01:00,1309.2022020723466,1317.6970255209076,1288.214991199431,1314.6988525390625,3978845,0.0,0.0
2020-09-16 00:00:00+01:00,1308.2028191483807,1319.6958156496844,1291.2131721464539,1308.7025146484375,8222189,0.0,0.0
2020-09-17 00:00:00+01:00,1319.1961066277472,1334.6866669707247,1304.7049372746394,1318.6964111328125,4866233,0.0,0.0
2020-09-18 00:00:00+01:00,1309.202338646823,1319.1962496288597,1261.8731428111532,1262.23095703125,13226040,0.0,0.0
2020-09-21 00:00:00+01:00,1239.744551873059,1251.737244031444,1179.7810910811336,1206.7646484375,4386375,0.0,0.0
2020-09-22 00:00:00+01:00,1213.7603951946292,1215.7591772369422,1177.7823184329934,1199.7689208984375,5081851,0.0,0.0
2020-09-23 00:00:00+01:00,1210.7620221143504,1247.23978836047,1196.7705501295375,1212.2611083984375,3399533,0.0,0.0
2020-09-24 00:00:00+01:00,1187.276359826476,1221.2556495858196,1181.7797100124646,1193.272705078125,2929191,0.0,0.0
2020-09-25 00:00:00+01:00,1198.769490989479,1206.264923405003,1160.7926334174904,1183.2789306640625,3616215,0.0,0.0
2020-09-28 00:00:00+01:00,1205.2654719655106,1236.2465910624683,1193.772476171478,1229.2508544921875,3401146,0.0,0.0
2020-09-29 00:00:00+01:00,1226.252710506616,1236.2466201276968,1201.267936453914,1207.2642822265625,3671849,0.0,0.0
2020-09-30 00:00:00+01:00,1149.2995367384651,1188.7754773481774,1130.1911875813996,1168.2879638671875,10203026,0.0,0.0
2020-10-01 00:00:00+01:00,1174.7841288422885,1185.7774299203534,1148.7999626577716,1167.2886962890625,6626330,0.0,0.0
2020-10-02 00:00:00+01:00,1154.2965625925651,1173.2849908949538,1134.808438808535,1159.793212890625,5180302,0.0,0.0
2020-10-05 00:00:00+01:00,1179.2816208780268,1195.7715757462365,1167.2889264284197,1176.283447265625,4631445,0.0,0.0
2020-10-06 00:00:00+01:00,1159.293574000569,1207.7640380859375,1147.3008818557353,1207.7640380859375,4648700,0.0,0.0
2020-10-07 00:00:00+01:00,1200.7681758816066,1217.757821316469,1179.2812713610451,1210.7620849609375,6257732,0.0,0.0
2020-10-08 00:00:00+01:00,1222.7547123870472,1225.2531895271925,1198.2696364136245,1212.2611083984375,2591723,0.0,0.0
2020-10-09 00:00:00+01:00,1217.258310317233,1262.730603518739,1217.258310317233,1253.736083984375,6000468,0.0,0.0
2020-10-12 00:00:00+01:00,1246.7402667009349,1252.7366126730435,1220.9289691128631,1222.7548828125,1754299,0.0,0.0
2020-10-13 00:00:00+01:00,1224.7534916630498,1228.7510550793306,1196.2708523220485,1214.2598876953125,5612327,0.0,0.0
2020-10-14 00:00:00+01:00,1214.7598044819078,1224.75371484375,1183.7786823601973,1186.77685546875,3920559,0.0,0.0
2020-10-15 00:00:00+01:00,1163.2910056260666,1179.2812599989336,1131.8101923294848,1171.2861328125,4934541,0.0,0.0
2020-10-16 00:00:00+01:00,1183.2789993901147,1201.7677337555851,1159.293614267342,1177.7823486328125,4766352,0.0,0.0
2020-10-19 00:00:00+01:00,1185.7773856259107,1203.7664230816767,1178.7816488375572,1200.2685546875,3911647,0.0,0.0
2020-10-20 00:00:00+01:00,1194.7720244498103,1216.7586279946834,1170.7866387644942,1201.26806640625,2796123,0.0,0.0
2020-10-21 00:00:00+01:00,1202.7671098867359,1204.2661964383187,1142.8036478234171,1144.302734375,2644940,0.0,0.0
2020-10-22 00:00:00+01:00,1141.8042567890284,1152.7975581673036,1108.3246571370087,1144.302734375,6064162,0.0,0.0
2020-10-23 00:00:00+01:00,1147.300900560462,1164.290548042629,1138.306381305197,1149.2996826171875,3254603,0.0,0.0
2020-10-26 00:00:00+00:00,1128.8121189065175,1159.803243148082,1092.834043403521,1094.3331298828125,3178484,0.0,0.0
2020-10-27 00:00:00+00:00,1095.3324786340236,1099.829737898488,1066.350141151919,1079.8419189453125,6748592,0.0,0.0
2020-10-28 00:00:00+00:00,1065.8505366709371,1084.3392707810285,1032.3709370661772,1057.355712890625,9184300,0.0,0.0
2020-10-29 00:00:00+00:00,1056.3563678546882,1096.518908757387,1050.3600213957213,1067.849365234375,6654856,0.0,0.0
2020-10-30 00:00:00+00:00,1062.3525492446681,1065.091846576799,1036.8680807538508,1054.357421875,4633599,0.0,0.0
2020-11-02 00:00:00+00:00,1051.858812489904,1073.8454099956311,1028.3731287906044,1063.351806640625,3306095,0.0,0.0
2020-11-03 00:00:00+00:00,1076.3442207945936,1095.332651802112,1071.3472652662995,1088.3369140625,3196829,0.0,0.0
2020-11-04 00:00:00+00:00,1073.3459715576726,1101.8286160543148,1062.8523656904886,1099.829833984375,3941012,0.0,0.0
2020-11-05 00:00:00+00:00,1107.8248584609273,1134.3087184060914,1106.3257720489369,1132.3099365234375,2496195,0.0,0.0
2020-11-06 00:00:00+00:00,1127.8126850551278,1142.8035492782797,1113.8212117801859,1126.3135986328125,2818361,0.0,0.0
2020-11-09 00:00:00+00:00,1140.305214334456,1599.025716858133,1138.3064321883833,1370.1651611328125,11230550,0.0,0.0
2020-11-10 00:00:00+00:00,1378.1600149543526,1462.1088483525873,1364.1685427213135,1443.6201171875,11695749,0.0,0.0
2020-11-11 00:00:00+00:00,1437.1243349360723,1465.606979960883,1380.6587404132015,1432.6270751953125,5586849,0.0,0.0
2020-11-12 00:00:00+00:00,1399.1473388671875,1420.634244428362,1383.6567790440151,1399.1473388671875,8723766,0.0,0.0
2020-11-13 00:00:00+00:00,1394.1504812778714,1401.6459139729136,1355.673926776654,1372.66357421875,3929417,0.0,0.0
2020-11-16 00:00:00+00:00,1383.656758583198,1461.609252024505,1377.6604129338668,1415.1375732421875,5460957,0.0,0.0
2020-11-17 00:00:00+00:00,1404.1443678750618,1409.1413229208804,1373.6629420955676,1389.6531982421875,5243942,0.0,0.0
2020-11-18 00:00:00+00:00,1325.6920528780297,1381.1582488333488,1325.6920528780297,1345.18017578125,5008755,0.0,0.0
2020-11-19 00:00:00+00:00,1341.1826070601853,1358.6719480613426,1333.1874797453704,1349.177734375,4021994,0.0,0.0
2020-11-20 00:00:00+00:00,1365.1681305365323,1366.1675215544947,1334.6867044886815,1336.185791015625,4032140,0.0,0.0
2020-11-23 00:00:00+00:00,1350.177194939611,1376.1613600531784,1339.6835897975932,1342.6817626953125,4315547,0.0,0.0
2020-11-24 00:00:00+00:00,1359.1718508873457,1427.6301389651273,1349.1779402190564,1376.1614990234375,6259760,0.0,0.0
2020-11-25 00:00:00+00:00,1359.171759248929,1416.6367417171741,1359.171759248929,1399.6470947265625,4875709,0.0,0.0
2020-11-26 00:00:00+00:00,1387.1548396824505,1400.1469239157877,1364.1688445003927,1391.652099609375,3476973,0.0,0.0
2020-11-27 00:00:00+00:00,1397.6483496059316,1426.6306893546423,1361.6702726764975,1417.136474609375,9239389,0.0,0.0
2020-11-30 00:00:00+00:00,1407.6422677400249,1416.6367870227089,1323.1937255859375,1323.1937255859375,6313149,0.0,0.0
2020-12-01 00:00:00+00:00,1333.6872874765877,1409.1413078621122,1333.6872874765877,1400.646484375,3630302,0.0,0.0
2020-12-02 00:00:00+00:00,1384.156379205679,1476.1003408568865,1377.160642993087,1427.6298828125,4570976,0.0,0.0
2020-12-03 00:00:00+00:00,1439.1230878308697,1467.6057322775223,1439.1230878308697,1453.6142578125,5251505,0.0,0.0
2020-12-04 00:00:00+00:00,1456.6122982188167,1475.1010306490384,1444.11991144164,1461.6092529296875,3157319,0.0,0.0
2020-12-07 00:00:00+00:00,1478.5989895386606,1497.587418603368,1460.110255975656,1485.5947265625,2718191,0.0,0.0
2020-12-08 00:00:00+00:00,1481.5972109856048,1487.0938616840338,1439.1230919522907,1450.6160888671875,3086390,0.0,0.0
2020-12-09 00:00:00+00:00,1455.6129861835616,1482.0968475868326,1446.618467216413,1448.1175537109375,3661374,0.0,0.0
2020-12-10 00:00:00+00:00,1458.6110852816598,1480.0979906146888,1450.6159577158817,1457.6116943359375,3311618,0.0,0.0
2020-12-11 00:00:00+00:00,1449.6166388570853,1466.1065902815194,1420.938069957988,1449.116943359375,2999297,0.0,0.0
2020-12-14 00:00:00+00:00,1447.1181627145877,1472.3027670242154,1439.6227302419638,1448.1175537109375,2906867,0.0,0.0
2020-12-15 00:00:00+00:00,1448.1175713924313,1461.6093500078887,1410.8432878743556,1435.12548828125,9154317,0.0,0.0
2020-12-16 00:00:00+00:00,1443.1204592777924,1451.6152819258957,1410.1405595851559,1413.638427734375,4158838,0.0,0.0
2020-12-17 00:00:00+00:00,1418.6356387336696,1424.1322896762797,1402.6453814460763,1405.6435546875,3502604,0.0,0.0
2020-12-18 00:00:00+00:00,1409.1412405608219,1424.1321048221073,1401.1461129548031,1405.1436767578125,3901679,0.0,0.0
2020-12-21 00:00:00+00:00,1381.6581399730176,1423.8323938920664,1327.6910227516482,1383.1572265625,3120967,0.0,0.0
2020-12-22 00:00:00+00:00,1390.1530187632225,1392.1518009613005,1366.6673279358065,1387.654541015625,1924772,0.0,0.0
2020-12-23 00:00:00+00:00,1382.1575158075154,1397.148378234929,1375.661475422303,1395.6492919921875,1651082,0.0,0.0
2020-12-24 00:00:00+00:00,1391.6519843574044,1403.6446765026747,1354.1748214034346,1386.655029296875,1040930,0.0,0.0
2020-12-29 00:00:00+00:00,1416.6366609499225,1454.6135167637476,1404.6439696402936,1414.13818359375,2712361,0.0,0.0
2020-12-30 00:00:00+00:00,1405.1436951735923,1418.135777703647,1389.653135233912,1391.1522216796875,1539794,0.0,0.0
2020-12-31 00:00:00+00:00,1368.1663904336997,1384.6563432767648,1360.1712617825167,1362.1700439453125,982775,0.0,0.0
2021-01-04 00:00:00+00:00,1374.1625411380958,1423.1326971495625,1367.666500034534,1370.6646728515625,2922044,0.0,0.0
2021-01-05 00:00:00+00:00,1364.1687826104624,1401.1462514431269,1362.1700005113994,1393.151123046875,2911578,0.0,0.0
2021-01-06 00:00:00+00:00,1409.6411190093982,1432.6271138603136,1376.6612133537371,1405.6435546875,4840926,0.0,0.0
2021-01-07 00:00:00+00:00,1427.630024961587,1427.630024961587,1390.652558441756,1412.63916015625,2932477,0.0,0.0
2021-01-08 00:00:00+00:00,1426.6307926857555,1472.602783203125,1419.135359449228,1472.602783203125,5002280,0.0,0.0
2021-01-11 00:00:00+00:00,1468.1053012279754,1468.1053012279754,1407.1424534574467,1409.1412353515625,2002384,0.0,0.0
2021-01-12 00:00:00+00:00,1414.1381966261677,1437.124188514791,1404.144287109375,1404.144287109375,2807634,0.0,0.0
2021-01-13 00:00:00+00:00,1413.6385077340262,1418.6354625156948,1386.6549519130162,1399.1473388671875,4473967,0.0,0.0
2021-01-14 00:00:00+00:00,1403.644802275158,1431.1280575706844,1379.659415835426,1427.1304931640625,3387943,0.0,0.0
2021-01-15 00:00:00+00:00,1415.1377162239025,1424.6319311279472,1397.1486774583445,1400.1468505859375,1932169,0.0,0.0
2021-01-18 00:00:00+00:00,1405.1437344346268,1418.6355128235796,1396.8987587524891,1407.6422119140625,861362,0.0,0.0
2021-01-19 00:00:00+00:00,1402.1453300096923,1429.1288823334712,1396.1489850488526,1397.6480712890625,1902639,0.0,0.0
2021-01-20 00:00:00+00:00,1402.1456105858824,1421.6337356082806,1380.15900799651,1416.1370849609375,2994030,0.0,0.0
2021-01-21 00:00:00+00:00,1419.135144822141,1424.7326856941936,1398.147934933926,1409.1412353515625,2975482,0.0,0.0
2021-01-22 00:00:00+00:00,1404.1442394017233,1409.1411939903417,1379.2653589533325,1393.650634765625,2787720,0.0,0.0
2021-01-25 00:00:00+00:00,1391.1521264897842,1403.6445126831193,1304.7048140319062,1320.695068359375,4804996,0.0,0.0
2021-01-26 00:00:00+00:00,1332.1881104841996,1386.6549162016706,1319.1960283864541,1379.6591796875,5896495,0.0,0.0
2021-01-27 00:00:00+00:00,1372.6635783605009,1377.6605335056063,1326.995361003833,1369.6654052734375,5137477,0.0,0.0
2021-01-28 00:00:00+00:00,1347.6787201735317,1359.6714117879792,1316.1979046856072,1340.6829833984375,4419234,0.0,0.0
2021-01-29 00:00:00+00:00,1314.1991637927438,1333.1875927753006,1282.7183473216628,1309.701904296875,4231765,0.0,0.0
2021-02-01 00:00:00+00:00,1318.1968673717433,1344.680731651767,1300.2078274834253,1340.1834716796875,3166943,0.0,0.0
2021-02-02 00:00:00+00:00,1353.6752240349265,1380.6587833180147,1336.185880055147,1359.171875,3253770,0.0,0.0
2021-02-03 00:00:00+00:00,1372.6636078683655,1398.1480796562385,1346.6794405552403,1348.67822265625,2983153,0.0,0.0
2021-02-04 00:00:00+00:00,1354.174909913062,1430.628327336198,1342.1822169839427,1408.6417236328125,4448709,0.0,0.0
2021-02-05 00:00:00+00:00,1407.1425267980635,1463.6081182498324,1402.645267301905,1445.119384765625,7695202,0.0,0.0
2021-02-08 00:00:00+00:00,1461.6093186502019,1472.6026195084257,1451.6154087790894,1458.1114501953125,3450676,0.0,0.0
2021-02-09 00:00:00+00:00,1455.113263965708,1483.6459251859505,1451.1157000537144,1468.1053466796875,6460526,0.0,0.0
2021-02-10 00:00:00+00:00,1474.1017921458667,1517.1185496873268,1397.148681640625,1397.148681640625,3607027,0.0,0.0
2021-02-11 00:00:00+00:00,1397.648370200366,1410.6404537274339,1368.6660300245985,1402.1456298828125,3440437,0.0,0.0
2021-02-12 00:00:00+00:00,1392.1517708552733,1408.6417236328125,1370.1651671518878,1408.6417236328125,2293435,0.0,0.0
2021-02-15 00:00:00+00:00,1417.6360682523186,1503.58369029652,1413.138808959308,1495.0888671875,3142332,0.0,0.0
2021-02-16 00:00:00+00:00,1495.0889645447005,1495.0889645447005,1452.1151507242312,1468.6051025390625,2645022,0.0,0.0
2021-02-17 00:00:00+00:00,1468.6050705040357,1469.6044615013163,1428.1297351141661,1447.1181640625,2873394,0.0,0.0
2021-02-18 00:00:00+00:00,1450.1163112386785,1450.1163112386785,1414.138235977071,1420.63427734375,3329242,0.0,0.0
2021-02-19 00:00:00+00:00,1420.6343322154685,1439.6227615591856,1408.6416399983839,1425.131591796875,4073191,0.0,0.0
2021-02-22 00:00:00+00:00,1407.1424756056529,1485.094970703125,1390.6525247196491,1485.094970703125,3969046,0.0,0.0
2021-02-23 00:00:00+00:00,1483.0962790962558,1556.051823822689,1481.0974970489563,1508.0810546875,5125388,0.0,0.0
2021-02-24 00:00:00+00:00,1497.5874090868372,1513.5776650397163,1472.6026341604636,1492.5904541015625,3442691,0.0,0.0
2021-02-25 00:00:00+00:00,1495.588710057074,1512.5783579494698,1477.0999755859375,1477.0999755859375,5192647,0.0,0.0
2021-02-26 00:00:00+00:00,1447.6178501614181,1481.0974483529317,1441.1218087212735,1454.1138916015625,15942617,0.0,0.0
2021-03-01 00:00:00+00:00,1469.1045716751453,1509.5799017110933,1465.6067036473473,1504.083251953125,5729768,0.0,0.0
2021-03-02 00:00:00+00:00,1496.5879164398693,1531.066903496414,1491.0912663294057,1524.0711669921875,5177069,0.0,0.0
2021-03-03 00:00:00+00:00,1549.5557111389435,1580.0371359630246,1539.5618013605563,1560.04931640625,3910799,0.0,0.0
2021-03-04 00:00:00+00:00,1539.0621335195915,1589.0316833091888,1528.568528063776,1584.534423828125,5176052,0.0,0.0
2021-03-05 00:00:00+00:00,1561.548607348625,1591.5303406097187,1543.0598718376173,1545.558349609375,3869608,0.0,0.0
2021-03-08 00:00:00+00:00,1566.0456917384477,1597.5265081326793,1550.5551312904922,1583.5350341796875,4995811,0.0,0.0
2021-03-09 00:00:00+00:00,1582.0359018644708,1596.5270708960784,1567.5447328328632,1572.0419921875,5112651,0.0,0.0
2021-03-10 00:00:00+00:00,1554.0529960107865,1583.035334843142,1541.0609130859375,1541.0609130859375,2939112,0.0,0.0
2021-03-11 00:00:00+00:00,1549.0560540684428,1576.539306640625,1522.5721924988857,1576.539306640625,4182591,0.0,0.0
2021-03-12 00:00:00+00:00,1566.545317184985,1591.0303955078125,1558.5501895693678,1591.0303955078125,2977095,0.0,0.0
2021-03-15 00:00:00+00:00,1596.0273308365258,1625.509363560181,1588.0322033182463,1606.021240234375,6532944,0.0,0.0
2021-03-16 00:00:00+00:00,1606.021316666993,1623.5106589455695,1582.0359329706596,1594.5283203125,4884855,0.0,0.0
2021-03-17 00:00:00+00:00,1587.5325970934582,1589.0316835874087,1538.0627427930956,1539.0621337890625,3985878,0.0,0.0
2021-03-18 00:00:00+00:00,1539.5619378607414,1545.5582842594201,1495.588730937098,1505.5826416015625,6567610,0.0,0.0
2021-03-19 00:00:00+00:00,1473.1025316342864,1720.5817630464178,1451.115926684521,1478.0994873046875,10628009,0.0,0.0
2021-03-22 00:00:00+00:00,1469.604433146685,1479.0986474376703,1437.1242263617362,1468.1053466796875,4013754,0.0,0.0
2021-03-23 00:00:00+00:00,1455.113282592354,1466.1065834910598,1441.6215042166693,1454.1138916015625,5446205,0.0,0.0
2021-03-24 00:00:00+00:00,1438.623191989198,1484.8929652509337,1425.0365020635786,1469.1046142578125,6026650,0.0,0.0
2021-03-25 00:00:00+00:00,1517.5751769937385,1528.5684775844077,1442.1211593032365,1485.094970703125,5570282,0.0,0.0
2021-03-26 00:00:00+00:00,1500.5856596294202,1523.0719582252657,1474.6014923631099,1481.0975341796875,3376739,0.0,0.0
2021-03-29 00:00:00+01:00,1476.100420285542,1523.0717945261788,1451.6153422239333,1462.608642578125,4128039,0.0,0.0
2021-03-30 00:00:00+01:00,1466.1066154585908,1487.5935222291155,1456.8622485922024,1475.600830078125,3049523,0.0,0.0
2021-03-31 00:00:00+01:00,1473.602068697146,1478.099328316771,1455.6130302186457,1460.6099853515625,3251470,0.0,0.0
2021-04-01 00:00:00+01:00,1475.6008654336067,1504.083509974655,1474.6014743970786,1494.089599609375,4647524,0.0,0.0
2021-04-06 00:00:00+01:00,1516.5757704537523,1557.0511040309364,1513.0779021199216,1543.559326171875,6545234,0.0,0.0
2021-04-07 00:00:00+01:00,1554.053029296875,1586.033541796875,1550.0554652343749,1561.5484619140625,4719755,0.0,0.0
2021-04-08 00:00:00+01:00,1563.0475240850403,1582.0359530860735,1538.5624445837082,1579.5374755859375,3194433,0.0,0.0
2021-04-09 00:00:00+01:00,1588.0322049446584,1614.0163694056785,1556.5513903091914,1557.55078125,5662889,0.0,0.0
2021-04-12 00:00:00+01:00,1558.050518639741,1576.539251542137,1546.5575225112245,1572.0419921875,2109795,0.0,0.0
2021-04-13 00:00:00+01:00,1570.0431680101058,1590.5306822966795,1538.562353374639,1557.55078125,2256838,0.0,0.0
2021-04-14 00:00:00+01:00,1562.5478584541802,1605.0219767684127,1559.549685396705,1602.0238037109375,2446499,0.0,0.0
2021-04-15 00:00:00+01:00,1614.0167253783366,1626.0034415094597,1569.0441231232126,1572.5419921875,1874000,0.0,0.0
2021-04-16 00:00:00+01:00,1576.53941307272,1601.0244942900142,1568.208429578381,1587.53271484375,3759903,0.0,0.0
2021-04-19 00:00:00+01:00,1583.0352281517773,1602.5233512256154,1565.545886931666,1574.5404052734375,1765630,0.0,0.0
2021-04-20 00:00:00+01:00,1576.5394052177148,1577.039100750272,1536.5637626131452,1550.0555419921875,2618554,0.0,0.0
2021-04-21 00:00:00+01:00,1560.5488885349562,1576.539142916358,1548.5561977489047,1561.048583984375,2057868,0.0,0.0
2021-04-22 00:00:00+01:00,1565.0463672493077,1583.5351014728788,1558.55032549508,1579.037841796875,2030039,0.0,0.0
2021-04-23 00:00:00+01:00,1579.0376747532894,1583.5349339535362,1554.0529014185854,1566.5452880859375,1581331,0.0,0.0
2021-04-26 00:00:00+01:00,1560.5490831129243,1601.0244195625392,1551.5545639018987,1597.02685546875,2224342,0.0,0.0
2021-04-27 00:00:00+01:00,1594.028718671726,1596.5271962871989,1559.5497275781995,1571.042724609375,2264031,0.0,0.0
2021-04-28 00:00:00+01:00,1572.541754856663,1591.827976224137,1567.5447998046875,1567.5447998046875,3271305,0.0,0.0
2021-04-29 00:00:00+01:00,1573.541148604884,1584.0347542322904,1557.051196904674,1565.5460205078125,1437807,0.0,0.0
2021-04-30 00:00:00+01:00,1563.047413429054,1591.5300549141743,1551.0547222774244,1571.542236328125,3537069,0.0,0.0
2021-05-04 00:00:00+01:00,1590.0311845967572,1606.021441638585,1548.056759861959,1550.0555419921875,2746549,0.0,0.0
2021-05-05 00:00:00+01:00,1559.5495631316169,1571.5422544213186,1547.5668755110005,1557.55078125,2963568,0.0,0.0
2021-05-06 00:00:00+01:00,1562.5480805752502,1575.7399951050234,1556.5517336079004,1572.5419921875,3062146,0.0,0.0
2021-05-07 00:00:00+01:00,1586.5332134540265,1624.0103759765625,1579.5374764498197,1624.0103759765625,2879384,0.0,0.0
2021-05-10 00:00:00+01:00,1625.009862640581,1641.000119591534,1598.0263040358482,1599.525390625,5595341,0.0,0.0
2021-05-11 00:00:00+01:00,1581.5362039702682,1583.035290419529,1515.0767047197007,1527.569091796875,2940593,0.0,0.0
2021-05-12 00:00:00+01:00,1551.55443729628,1567.0449968956952,1500.454597589492,1509.080322265625,5590036,0.0,0.0
2021-05-13 00:00:00+01:00,1515.0767740457663,1528.0688572005122,1448.6172717541808,1521.0731201171875,3103198,0.0,0.0
2021-05-14 00:00:00+01:00,1537.0633517971287,1551.5545212386492,1519.2841469401662,1539.0621337890625,3388431,0.0,0.0
2021-05-17 00:00:00+01:00,1560.049315842415,1561.0487068198925,1508.6555860272456,1514.5770263671875,2930046,0.0,0.0
2021-05-18 00:00:00+01:00,1526.5697597927517,1534.065192328559,1500.5855936686198,1529.0682373046875,2634581,0.0,0.0
2021-05-19 00:00:00+01:00,1514.57731147128,1520.5736584648976,1469.6047090191469,1487.59375,3055062,0.0,0.0
2021-05-20 00:00:00+01:00,1505.082896227968,1541.5606689453125,1488.5929441776616,1541.5606689453125,3462151,0.0,0.0
2021-05-21 00:00:00+01:00,1534.5650576089413,1561.548617723198,1522.0726686671555,1538.5626220703125,3996367,0.0,0.0
2021-05-24 00:00:00+01:00,1548.056656438216,1581.5362548828125,1534.5648779605426,1581.5362548828125,2287347,0.0,0.0
2021-05-25 00:00:00+01:00,1592.0298322029935,1612.0176518163391,1583.5350088673215,1602.5234375,3820157,0.0,0.0
2021-05-26 00:00:00+01:00,1596.5271168340203,1630.50641071343,1595.0280303393404,1629.00732421875,4378813,0.0,0.0
2021-05-27 00:00:00+01:00,1628.0079522463354,1639.0012533357828,1615.015869140625,1615.015869140625,10146510,0.0,0.0
2021-05-28 00:00:00+01:00,1628.0080243870455,1628.0080243870455,1600.6246851516282,1607.5205078125,4029073,0.0,0.0
2021-06-01 00:00:00+01:00,1616.015227973752,1640.5003071854755,1605.0219271031822,1639.001220703125,14571018,0.0,0.0
2021-06-02 00:00:00+01:00,1645.4971639926164,1648.9950322428285,1618.7763882237846,1620.0126953125,2519211,0.0,0.0
2021-06-03 00:00:00+01:00,1617.0147456338304,1618.5138322336147,1581.5363627722725,1591.5302734375,2271705,0.0,0.0
2021-06-04 00:00:00+01:00,1595.5277579985698,1606.0213636728479,1583.035370291096,1605.02197265625,1417795,0.0,0.0
2021-06-07 00:00:00+01:00,1608.020070655037,1629.5069765090352,1598.0261609555027,1615.5155029296875,1952549,0.0,0.0
2021-06-08 00:00:00+01:00,1611.0180472109184,1648.4952040163832,1603.5226158498253,1627.00830078125,3860537,0.0,0.0
2021-06-09 00:00:00+01:00,1626.508825401779,1656.020870419131,1611.9836192676755,1644.99755859375,3364270,0.0,0.0
2021-06-10 00:00:00+01:00,1645.4972620497829,1647.4960440261568,1593.029235169969,1593.5289306640625,2391174,0.0,0.0
2021-06-11 00:00:00+01:00,1603.0232272698838,1626.5089166968428,1600.5247496712711,1622.5113525390625,1233367,0.0,0.0
2021-06-14 00:00:00+01:00,1632.0054007393974,1635.0035735515335,1599.625109969135,1609.0194091796875,2253454,0.0,0.0
2021-06-15 00:00:00+01:00,1615.515432310809,1636.5026417624185,1613.016954995141,1623.0108642578125,1566452,0.0,0.0
2021-06-16 00:00:00+01:00,1626.0092830599199,1636.5028893734595,1619.01354551756,1622.01171875,2020004,0.0,0.0
2021-06-17 00:00:00+01:00,1607.0207370242047,1626.50886163364,1600.5246954877264,1618.0140380859375,1964533,0.0,0.0
2021-06-18 00:00:00+01:00,1618.5139856038488,1621.5121590875237,1559.0502115109628,1572.5419921875,5174995,0.0,0.0
2021-06-21 00:00:00+01:00,1559.0499214504075,1571.0426131538723,1545.5581432840097,1563.0474853515625,1942264,0.0,0.0
2021-06-22 00:00:00+01:00,1569.0438405688021,1577.0389684188344,1545.058457018706,1556.0517578125,1872161,0.0,0.0
2021-06-23 00:00:00+01:00,1558.5502117482674,1562.547775612963,1527.569091796875,1527.569091796875,2776542,0.0,0.0
2021-06-24 00:00:00+01:00,1531.066944452897,1553.0535454828992,1524.0712077615324,1539.561767578125,2831595,0.0,0.0
2021-06-25 00:00:00+01:00,1545.058483831124,1549.0560478255125,1522.0724908633906,1536.06396484375,2813018,0.0,0.0
2021-06-28 00:00:00+01:00,1525.570397601371,1531.5667437432696,1503.084099569251,1508.0810546875,2890945,0.0,0.0
2021-06-29 00:00:00+01:00,1513.5776650397163,1536.0639624734526,1492.5904541015625,1492.5904541015625,2821621,0.0,0.0
2021-06-30 00:00:00+01:00,1491.5910852660331,1528.0688572005122,1471.6032650279622,1521.0731201171875,3973110,0.0,0.0
2021-07-01 00:00:00+01:00,1558.0507489758756,1585.5340046505623,1548.5565333791658,1580.037353515625,3512399,0.0,0.0
2021-07-02 00:00:00+01:00,1584.0346601427464,1597.026742528775,1575.0401415678032,1590.031005859375,2646056,0.0,0.0
2021-07-05 00:00:00+01:00,1586.5332469940186,1601.5241123199462,1577.5387277984619,1599.025634765625,3195227,0.0,0.0
2021-07-06 00:00:00+01:00,1593.5290231486313,1597.526587333388,1568.0445514708074,1571.042724609375,2624877,0.0,0.0
2021-07-07 00:00:00+01:00,1577.0390351549927,1585.0341633433577,1544.0591313779873,1552.553955078125,1855070,0.0,0.0
2021-07-08 00:00:00+01:00,1534.5647401101503,1542.5598673787151,1483.59580377305,1500.58544921875,4016143,0.0,0.0
2021-07-09 00:00:00+01:00,1508.0809121253842,1536.06385814229,1503.0839574795082,1524.0711669921875,2117311,0.0,0.0
2021-07-12 00:00:00+01:00,1522.072436326285,1527.0693911402254,1482.0967978147607,1485.094970703125,2173489,0.0,0.0
2021-07-13 00:00:00+01:00,1487.0939541270784,1487.0939541270784,1461.30961499503,1472.602783203125,3206642,0.0,0.0
2021-07-14 00:00:00+01:00,1464.1077894200394,1477.0998721930498,1446.6184472256018,1463.1083984375,2868511,0.0,0.0
2021-07-15 00:00:00+01:00,1456.6123853486524,1472.102945878947,1442.1212158203125,1442.1212158203125,3688085,0.0,0.0
2021-07-16 00:00:00+01:00,1455.1132866305097,1477.8944482473712,1444.619681198078,1451.11572265625,2053385,0.0,0.0
2021-07-19 00:00:00+01:00,1428.629424105656,1436.6245520474856,1394.6501303528808,1406.642822265625,7156436,0.0,0.0
2021-07-20 00:00:00+01:00,1421.6336803875138,1434.6257632311256,1398.1479921702157,1411.6397705078125,6193897,0.0,0.0
2021-07-21 00:00:00+01:00,1450.1162793361468,1498.5867407750188,1448.117497421142,1491.09130859375,7207066,0.0,0.0
2021-07-22 00:00:00+01:00,1495.0888936526082,1515.5764085723133,1474.101683247057,1475.10107421875,1457572,0.0,0.0
2021-07-23 00:00:00+01:00,1491.0913178003998,1499.586140991622,1480.0980171999947,1484.0955810546875,1602006,0.0,0.0
2021-07-26 00:00:00+01:00,1470.6038574956335,1502.584369517285,1470.104161995295,1488.5928955078125,1481640,0.0,0.0
2021-07-27 00:00:00+01:00,1483.5960089999712,1500.5856567958617,1469.6045343445319,1483.0963134765625,1305060,0.0,0.0
2021-07-28 00:00:00+01:00,1483.5958075181302,1518.074793950852,1483.5958075181302,1497.5872802734375,3367501,0.0,0.0
2021-07-29 00:00:00+01:00,1537.5630897249407,1566.045733895991,1537.5630897249407,1552.553955078125,4796748,0.0,0.0
2021-07-30 00:00:00+01:00,1532.5662412022698,1540.061674400194,1494.0896841195913,1520.0738525390625,3125913,0.0,0.0
2021-08-02 00:00:00+01:00,1535.0644749835417,1547.5568616614678,1512.078483496158,1518.0748291015625,1442111,0.0,0.0
2021-08-03 00:00:00+01:00,1517.5753473399677,1526.569867014686,1493.0902660032345,1496.588134765625,2052938,0.0,0.0
2021-08-04 00:00:00+01:00,1502.0845947265625,1512.078504205781,1491.0912942994219,1502.0845947265625,4556279,0.0,0.0
2021-08-05 00:00:00+01:00,1492.0907150753358,1525.5703125,1491.0913241074354,1525.5703125,3540633,0.0,0.0
2021-08-06 00:00:00+01:00,1550.5550934249072,1559.0499166889172,1516.0761048827485,1520.5733642578125,1954706,0.0,0.0
2021-08-09 00:00:00+01:00,1513.57776161383,1518.5747169179365,1500.0859822927428,1511.5789794921875,1245752,0.0,0.0
2021-08-10 00:00:00+01:00,1510.079849202474,1520.0737595214844,1490.5917240804035,1499.0865478515625,1731319,0.0,0.0
2021-08-11 00:00:00+01:00,1502.0847209472656,1508.0810671386719,1485.5947689208983,1499.0865478515625,1702726,0.0,0.0
2021-08-12 00:00:00+01:00,1496.5880262358849,1501.5849812483586,1469.1047736672795,1486.5941162109375,3302395,0.0,0.0
2021-08-13 00:00:00+01:00,1489.592397240844,1501.0853946029843,1485.5948329409694,1496.588134765625,1488781,0.0,0.0
2021-08-16 00:00:00+01:00,1477.59941335746,1491.0911902126008,1473.4809518516304,1488.093017578125,1865185,0.0,0.0
2021-08-17 00:00:00+01:00,1471.6031927054855,1486.094361665913,1465.4899747922395,1485.094970703125,2373634,0.0,0.0
2021-08-18 00:00:00+01:00,1494.0895311914257,1506.5819185759694,1480.5977528161186,1499.586181640625,2606632,0.0,0.0
2021-08-19 00:00:00+01:00,1479.5982846644727,1482.5964574804088,1460.6098568302107,1465.6068115234375,2372177,0.0,0.0
2021-08-20 00:00:00+01:00,1473.6019890840175,1475.1010755429027,1438.623305043366,1474.1016845703125,2078248,0.0,0.0
2021-08-23 00:00:00+01:00,1491.591214068995,1501.0854295019299,1472.602783203125,1472.602783203125,1490034,0.0,0.0
2021-08-24 00:00:00+01:00,1483.0962954554943,1496.08837890625,1474.6014716607694,1496.08837890625,3064446,0.0,0.0
2021-08-25 00:00:00+01:00,1497.5873889916772,1521.5727725991517,1492.5904340734535,1507.581298828125,3214346,0.0,0.0
2021-08-26 00:00:00+01:00,1503.5836244731315,1508.0808835692626,1495.0888017359953,1498.586669921875,3243981,0.0,0.0
2021-08-27 00:00:00+01:00,1499.0866039137845,1509.080514606543,1490.0920842903017,1502.58447265625,2439706,0.0,0.0
2021-08-31 00:00:00+01:00,1501.0852681267702,1512.0785690251687,1482.0968393022638,1499.586181640625,5389796,0.0,0.0
2021-09-01 00:00:00+01:00,1507.5813984781767,1529.0683060468084,1507.5813984781767,1523.5716552734375,4724454,0.0,0.0
2021-09-02 00:00:00+01:00,1518.075080498679,1522.0726448976222,1507.081778401585,1513.078125,2539815,0.0,0.0
2021-09-03 00:00:00+01:00,1519.0741874269129,1519.0741874269129,1481.5970281976304,1495.5885009765625,2294426,0.0,0.0
2021-09-06 00:00:00+01:00,1502.5842553175721,1504.083341704653,1481.5970458984375,1481.5970458984375,1415773,0.0,0.0
2021-09-07 00:00:00+01:00,1478.5990621646783,1489.8701485842164,1470.1042382184803,1477.0999755859375,4315188,0.0,0.0
2021-09-08 00:00:00+01:00,1469.1047113640057,1496.088267287018,1436.6245051603796,1441.6214599609375,3618518,0.0,0.0
2021-09-09 00:00:00+01:00,1431.627617041491,1438.623354088116,1407.6422328816336,1437.124267578125,3652264,0.0,0.0
2021-09-10 00:00:00+01:00,1444.1199910706578,1451.115728051623,1425.1315621223239,1447.1181640625,2127318,0.0,0.0
2021-09-13 00:00:00+01:00,1451.6154101127133,1457.112060546875,1436.0919108862986,1457.112060546875,59465,0.0,0.0
2021-09-14 00:00:00+01:00,1449.61665790526,1465.107218537822,1435.12548828125,1435.12548828125,3777402,0.0,0.0
2021-09-15 00:00:00+01:00,1454.1139616750627,1460.6100034282501,1435.6252274544518,1447.617919921875,3854903,0.0,0.0
2021-09-16 00:00:00+01:00,1464.1080576083307,1492.0910102452133,1458.1117106147128,1487.59375,4088811,0.0,0.0
2021-09-17 00:00:00+01:00,1499.0864066492761,1513.5775752468858,1465.1071147652258,1466.606201171875,6911422,0.0,0.0
2021-09-20 00:00:00+01:00,1448.6172005613591,1500.0858351449467,1438.623290933478,1485.094970703125,2987973,0.0,0.0
2021-09-21 00:00:00+01:00,1499.0866149776325,1516.0762632807123,1447.6179745300672,1452.115234375,4504210,0.0,0.0
2021-09-22 00:00:00+01:00,1460.6098594053403,1473.1022461604323,1457.1119911139147,1463.6080322265625,2035815,0.0,0.0
2021-09-23 00:00:00+01:00,1476.6003548891965,1487.5936570237354,1454.1140550685489,1467.6058349609375,2305729,0.0,0.0
2021-09-24 00:00:00+01:00,1460.6100163012843,1492.5905298296052,1454.1139744908442,1482.096923828125,1851859,0.0,0.0
2021-09-27 00:00:00+01:00,1504.583089245673,1544.059032138535,1502.5843073270469,1535.564208984375,2973891,0.0,0.0
2021-09-28 00:00:00+01:00,1530.5674692453765,1554.0531600891677,1513.078125,1513.078125,3046450,0.0,0.0
2021-09-29 00:00:00+01:00,1526.5697436697599,1551.5545185252386,1526.07004817265,1541.0609130859375,2364442,0.0,0.0
2021-09-30 00:00:00+01:00,1546.557464199116,1560.0492417543267,1522.0723864137344,1523.07177734375,3923270,0.0,0.0
2021-10-01 00:00:00+01:00,1498.5867157423004,1561.548345013234,1487.093719923003,1557.55078125,3524832,0.0,0.0
2021-10-04 00:00:00+01:00,1547.5569902888074,1551.5545543580067,1501.5850034930147,1515.0767822265625,3762277,0.0,0.0
2021-10-05 00:00:00+01:00,1522.0725002712672,1540.0615383572049,1513.0779812282985,1529.0682373046875,3727655,0.0,0.0
2021-10-06 00:00:00+01:00,1510.079796550024,1510.079796550024,1464.1078106854964,1492.5904541015625,3977018,0.0,0.0
2021-10-07 00:00:00+01:00,1509.580210141181,1521.0732074378534,1489.7023071337665,1502.58447265625,2010108,0.0,0.0
2021-10-08 00:00:00+01:00,1504.583253373019,1513.0780774538364,1496.3082660481994,1503.5838623046875,3584181,0.0,0.0
2021-10-11 00:00:00+01:00,1497.5872113300716,1504.083251953125,1488.0929981117629,1504.083251953125,1484914,0.0,0.0
2021-10-12 00:00:00+01:00,1481.097486139113,1490.5917007938508,1468.6050984355104,1471.603271484375,2075705,0.0,0.0
2021-10-13 00:00:00+01:00,1459.1108056706344,1490.5916209984596,1453.6141553752998,1485.094970703125,1393096,0.0,0.0
2021-10-14 00:00:00+01:00,1504.5832734515866,1504.5832734515866,1479.5984964098798,1489.5924072265625,5206447,0.0,0.0
2021-10-15 00:00:00+01:00,1494.0896065731176,1504.5832125055708,1480.098131996513,1489.0926513671875,2470548,0.0,0.0
2021-10-18 00:00:00+01:00,1480.5977501276836,1484.0956185890045,1445.1193700200004,1456.1126708984375,1807647,0.0,0.0
2021-10-19 00:00:00+01:00,1473.601941630636,1475.101028041247,1447.6727973599916,1463.6080322265625,1272542,0.0,0.0
2021-10-20 00:00:00+01:00,1465.6068852934513,1469.1047537547722,1448.117542986847,1456.1126708984375,1893243,0.0,0.0
2021-10-21 00:00:00+01:00,1442.1211997120652,1460.6099330417069,1434.1260717857335,1454.1138916015625,1896430,0.0,0.0
2021-10-22 00:00:00+01:00,1456.1126912152718,1466.106601244203,1435.1254801545163,1441.121826171875,2144304,0.0,0.0
2021-10-25 00:00:00+01:00,1449.116956922743,1453.6142164442274,1436.124873860677,1439.123046875,2405784,0.0,0.0
2021-10-26 00:00:00+01:00,1440.622003212626,1500.085762623761,1440.622003212626,1493.5897216796875,2643532,0.0,0.0
2021-10-27 00:00:00+01:00,1515.0766499036254,1533.0656866439058,1496.0882222333291,1523.07177734375,2860696,0.0,0.0
2021-10-28 00:00:00+01:00,1513.07814862907,1542.560186531684,1512.0787575137272,1538.5626220703125,1571751,0.0,0.0
2021-10-29 00:00:00+01:00,1528.068699124244,1549.055908203125,1526.0699173072076,1549.055908203125,3050728,0.0,0.0
2021-11-01 00:00:00+00:00,1558.050587916808,1568.0444980381474,1526.070075528522,1565.5460205078125,2247267,0.0,0.0
2021-11-02 00:00:00+00:00,1565.0463195625896,1580.0371846924995,1550.5551499370101,1569.5435791015625,1857393,0.0,0.0
2021-11-03 00:00:00+00:00,1564.5465178356592,1575.0401227141483,1545.0583944898942,1557.55078125,2135648,0.0,0.0
2021-11-04 00:00:00+00:00,1569.0438473101744,1570.5429337884962,1541.0608997148336,1551.0548095703125,3379384,0.0,0.0
2021-11-05 00:00:00+00:00,1551.5547951687588,1618.5140037203253,1528.5687982032957,1601.024658203125,4545925,0.0,0.0
2021-11-08 00:00:00+00:00,1596.5269269517114,1599.5250995844847,1572.541545889526,1588.0321044921875,1861882,0.0,0.0
2021-11-09 00:00:00+00:00,1581.5362575860463,1609.0195100875417,1576.0396070857473,1579.5374755859375,2257412,0.0,0.0
2021-11-10 00:00:00+00:00,1577.0389195996215,1593.0291748046875,1568.044401046772,1593.0291748046875,3585012,0.0,0.0
2021-11-11 00:00:00+00:00,1581.0365675113483,1598.5259100723147,1568.0444844660592,1575.5399169921875,2657793,0.0,0.0
2021-11-12 00:00:00+00:00,1576.539353697208,1585.5338729892999,1541.060972045068,1542.56005859375,3380925,0.0,0.0
2021-11-15 00:00:00+00:00,1534.0652542638015,1560.549116959561,1523.0719527674485,1528.568603515625,3040100,0.0,0.0
2021-11-16 00:00:00+00:00,1527.0693989518506,1553.0535641172617,1515.5764028209958,1525.5703125,4225040,0.0,0.0
2021-11-17 00:00:00+00:00,1521.5726158169416,1555.771742474369,1519.074138615272,1534.564697265625,2688745,0.0,0.0
2021-11-18 00:00:00+00:00,1533.0657600046045,1586.0334818300569,1532.5660645156852,1560.04931640625,2929380,0.0,0.0
2021-11-19 00:00:00+00:00,1566.0455830926305,1568.0443649472477,1478.598876953125,1478.598876953125,6308329,0.0,0.0
2021-11-22 00:00:00+00:00,1489.5923097775626,1495.5886558752918,1458.1114927644844,1471.603271484375,2777324,0.0,0.0
2021-11-23 00:00:00+00:00,1472.102975078351,1569.5435997016634,1434.1261162508035,1554.552734375,3863516,0.0,0.0
2021-11-24 00:00:00+00:00,1557.0511785550693,1569.5435660595226,1518.5746250413529,1534.065185546875,4193073,0.0,0.0
2021-11-25 00:00:00+00:00,1538.0626851862128,1585.5337557166513,1533.5654258728027,1583.0352783203125,3523533,0.0,0.0
2021-11-26 00:00:00+00:00,1449.117121320842,1518.574804032427,1449.117121320842,1452.614990234375,5925847,0.0,0.0
2021-11-29 00:00:00+00:00,1483.096261664853,1529.5679437183676,1483.096261664853,1521.0731201171875,6449182,0.0,0.0
2021-11-30 00:00:00+00:00,1508.0809317407852,1535.5641826505741,1449.7164763186222,1461.6092529296875,8317920,0.0,0.0
2021-12-01 00:00:00+00:00,1490.591846916499,1514.0775381015728,1479.0988491025266,1498.0872802734375,2830127,0.0,0.0
2021-12-02 00:00:00+00:00,1472.6027267451013,1518.0750199700094,1470.1042490953812,1512.578369140625,3767496,0.0,0.0
2021-12-03 00:00:00+00:00,1527.0695423627192,1544.558885943444,1500.085983695315,1510.57958984375,5417814,0.0,0.0
2021-12-06 00:00:00+00:00,1527.5691293417867,1546.0578626704246,1508.0810050224115,1545.0584716796875,3186237,0.0,0.0
2021-12-07 00:00:00+00:00,1568.044386128489,1581.5361638294032,1550.0553491939365,1557.55078125,3283839,0.0,0.0
2021-12-08 00:00:00+00:00,1564.5465718144956,1590.031041684358,1512.5782410994818,1563.0474853515625,4008621,0.0,0.0
2021-12-09 00:00:00+00:00,1570.0431824420689,1574.540441717046,1527.6699577308143,1546.5574951171875,3387878,0.0,0.0
2021-12-10 00:00:00+00:00,1536.0640433947349,1540.561303118402,1513.5777447763996,1523.5716552734375,2615664,0.0,0.0
2021-12-13 00:00:00+00:00,1528.5684456326314,1531.0669229873758,1495.0888490790562,1509.080322265625,2708071,0.0,0.0
2021-12-14 00:00:00+00:00,1519.5741454998288,1531.0671429830566,1511.079321273095,1528.0689697265625,3865165,0.0,0.0
2021-12-15 00:00:00+00:00,1531.5668078876452,1543.5595006737149,1506.58203125,1506.58203125,8848065,0.0,0.0
2021-12-16 00:00:00+00:00,1534.5649427983847,1546.5576352852493,1506.5819936623673,1533.5655517578125,3911949,0.0,0.0
2021-12-17 00:00:00+00:00,1525.5702736790524,1559.5495657230013,1521.5727099091762,1555.552001953125,4964960,0.0,0.0
2021-12-20 00:00:00+00:00,1499.0864492609176,1539.0620879078754,1478.5989344543518,1527.569091796875,3328720,0.0,0.0
2021-12-21 00:00:00+00:00,1545.0585369838434,1588.0323514018933,1536.563713203531,1586.0335693359375,6146978,0.0,0.0
2021-12-22 00:00:00+00:00,1584.5343764002514,1620.512451171875,1573.5410757755888,1620.512451171875,5549154,0.0,0.0
2021-12-23 00:00:00+00:00,1622.5112575255719,1668.9829381384077,1622.5112575255719,1647.9957275390625,2858187,0.0,0.0
2021-12-24 00:00:00+00:00,1643.9982279231037,1658.9890932233145,1636.0030997629915,1645.497314453125,484226,0.0,0.0
2021-12-29 00:00:00+00:00,1668.9828915195612,1680.9755829556298,1635.5032945938694,1636.502685546875,1816490,0.0,0.0
2021-12-30 00:00:00+00:00,1635.0037155778823,1642.4991482593211,1628.5076739206352,1640.5003662109375,1118238,0.0,0.0
2021-12-31 00:00:00+00:00,1632.5051646980642,1649.9945068359375,1630.1656479976039,1649.9945068359375,815573,0.0,0.0
2022-01-04 00:00:00+00:00,1670.9815901477605,1705.460576308106,1660.9876811157762,1701.4630126953125,3640342,0.0,0.0
2022-01-05 00:00:00+00:00,1697.9654526654413,1721.950838694853,1687.4718462775736,1698.96484375,2694638,0.0,0.0
2022-01-06 00:00:00+00:00,1663.9859242985353,1725.9481629210634,1661.4874469347237,1692.96826171875,1968220,0.0,0.0
2022-01-07 00:00:00+00:00,1696.965762427197,1704.4611942400381,1679.4764215305681,1694.46728515625,2281558,0.0,0.0
2022-01-10 00:00:00+00:00,1705.9605827847954,1705.9605827847954,1672.9806769664601,1697.9654541015625,2387431,0.0,0.0
2022-01-11 00:00:00+00:00,1698.964773648092,1726.9477228611192,1684.9732990415782,1705.4608154296875,3973221,0.0,0.0
2022-01-12 00:00:00+00:00,1710.9573463625698,1717.4533876892967,1698.9646546824583,1703.4619140625,2149244,0.0,0.0
2022-01-13 00:00:00+00:00,1698.9646021974381,1710.957293507067,1683.973738060402,1696.9658203125,3202714,0.0,0.0
2022-01-14 00:00:00+00:00,1681.974870421493,1717.4532470703125,1681.974870421493,1717.4532470703125,2483748,0.0,0.0
2022-01-17 00:00:00+00:00,1725.448654675525,1763.9252102532878,1724.948959148541,1735.9422607421875,3435383,0.0,0.0
2022-01-18 00:00:00+00:00,1724.4492215122525,1737.4413048965814,1715.4547022461788,1722.450439453125,3351973,0.0,0.0
2022-01-19 00:00:00+00:00,1715.954417181559,1744.437061846483,1708.458984375,1708.458984375,2996660,0.0,0.0
2022-01-20 00:00:00+00:00,1674.1170325507376,1692.1075439453125,1670.1191411297207,1692.1075439453125,2854017,14.0,0.0
2022-01-21 00:00:00+00:00,1669.1196707464762,1691.6078100230006,1658.6252057507647,1679.6141357421875,4524577,0.0,0.0
2022-01-24 00:00:00+00:00,1672.1182284926897,1683.6121673018145,1614.1487979771032,1617.147216796875,2581271,0.0,0.0
2022-01-25 00:00:00+00:00,1637.1365158123272,1638.6357250758915,1594.1591835901477,1625.642578125,2867262,0.0,0.0
2022-01-26 00:00:00+00:00,1633.1386639877169,1692.607299549081,1633.1386639877169,1670.618896484375,3344566,0.0,0.0
2022-01-27 00:00:00+00:00,1642.1338815743322,1675.1164854038836,1632.1391531411348,1669.619384765625,3774052,0.0,0.0
2022-01-28 00:00:00+00:00,1663.6226840261686,1670.4151225229568,1639.1355973583156,1651.1292724609375,7676790,0.0,0.0
2022-01-31 00:00:00+00:00,1670.1191850208536,1679.6141773952988,1641.6342078975176,1668.1202392578125,3220963,0.0,0.0
2022-02-01 00:00:00+00:00,1676.6157025570596,1692.607268125413,1642.6336257243083,1654.1275634765625,3102390,0.0,0.0
2022-02-02 00:00:00+00:00,1666.12105580374,1673.6171013457486,1639.635028221977,1652.628173828125,5105577,0.0,0.0
2022-02-03 00:00:00+00:00,1721.0924517964208,1796.0529244356378,1699.1040464889172,1719.093505859375,5877698,0.0,0.0
2022-02-04 00:00:00+00:00,1741.5814568014707,1757.5730225454154,1719.0933174740485,1733.0859375,4042892,0.0,0.0
2022-02-07 00:00:00+00:00,1737.5837150981274,1749.5773904396158,1714.2959466743475,1740.0823974609375,3707355,0.0,0.0
2022-02-08 00:00:00+00:00,1749.0774154663086,1761.5708255767822,1742.5808422088621,1759.0721435546875,3582204,0.0,0.0
2022-02-09 00:00:00+00:00,1780.0610650331278,1816.0420859995468,1775.5634374123254,1809.0457763671875,4270402,0.0,0.0
2022-02-10 00:00:00+00:00,1798.5513538170962,1819.540283203125,1792.0547804357063,1819.540283203125,2184222,0.0,0.0
2022-02-11 00:00:00+00:00,1794.0536702586578,1816.5418081866912,1788.056833477849,1805.547607421875,2543515,0.0,0.0
2022-02-14 00:00:00+00:00,1783.0595952541748,1792.554587493477,1746.079099164262,1780.5609130859375,2434522,0.0,0.0
2022-02-15 00:00:00+00:00,1772.5650708431644,1818.5408212005286,1772.5650708431644,1813.54345703125,2656682,0.0,0.0
2022-02-16 00:00:00+00:00,1815.0426278588743,1822.0389375477575,1773.0647697255743,1778.0621337890625,2757730,0.0,0.0
2022-02-17 00:00:00+00:00,1779.0614919264885,1786.357691791264,1738.083109247283,1750.0767822265625,3572027,0.0,0.0
2022-02-18 00:00:00+00:00,1747.0784912109375,1773.0647845584685,1738.0832358214075,1747.0784912109375,2332367,0.0,0.0
2022-02-21 00:00:00+00:00,1752.0759753108614,1766.068595764,1707.0996952829157,1715.59521484375,2197549,0.0,0.0
2022-02-22 00:00:00+00:00,1699.1039038255087,1739.58255565194,1680.6136554603488,1731.0870361328125,2743924,0.0,0.0
2022-02-23 00:00:00+00:00,1735.0849278143276,1761.071222816155,1706.5999506007859,1709.0986328125,1728824,0.0,0.0
2022-02-24 00:00:00+00:00,1657.6258811250311,1678.6148129933613,1628.641165687813,1633.1387939453125,6283982,0.0,0.0
2022-02-25 00:00:00+00:00,1666.6209488182112,1722.5914274591826,1633.138608916916,1713.096435546875,3378488,0.0,0.0
2022-02-28 00:00:00+00:00,1679.614050710919,1719.0932265532763,1671.618268261834,1693.10693359375,4095109,0.0,0.0
2022-03-01 00:00:00+00:00,1689.6088108158142,1701.102748304357,1618.646240234375,1618.646240234375,2780712,0.0,0.0
2022-03-02 00:00:00+00:00,1603.1545547965873,1686.1108066969093,1599.1566631387404,1682.1129150390625,3304220,0.0,0.0
2022-03-03 00:00:00+00:00,1677.6152057487323,1703.1017638342805,1604.6536865234375,1604.6536865234375,3150006,0.0,0.0
2022-03-04 00:00:00+00:00,1588.6621653418313,1603.6542587549345,1525.695373006798,1558.677978515625,4438478,0.0,0.0
2022-03-07 00:00:00+00:00,1524.1960078901955,1589.6614757700693,1493.212351336362,1545.1849365234375,3624111,0.0,0.0
2022-03-08 00:00:00+00:00,1531.1924137143808,1577.1681650400085,1528.1939951496659,1547.6837158203125,3589945,0.0,0.0
2022-03-09 00:00:00+00:00,1590.6609231211655,1632.1390433282209,1573.669885927914,1629.140625,2685246,0.0,0.0
2022-03-10 00:00:00+00:00,1641.634258694119,1652.128724274812,1598.9547400335196,1619.1461181640625,4098453,0.0,0.0
2022-03-11 00:00:00+00:00,1636.6368710057766,1694.1065626594147,1628.1413513700215,1653.128173828125,2701971,0.0,0.0
2022-03-14 00:00:00+00:00,1668.1201637431766,1692.1075118137796,1648.930334089079,1653.6278076171875,2022795,0.0,0.0
2022-03-15 00:00:00+00:00,1637.1364235101744,1678.1148077372302,1627.141695649917,1654.627197265625,2832617,0.0,0.0
2022-03-16 00:00:00+00:00,1691.1081154596022,1698.604162070682,1665.621556981931,1690.108642578125,3642918,0.0,0.0
2022-03-17 00:00:00+00:00,1705.1008278475445,1710.098192524706,1666.1213833656839,1695.6058349609375,2541741,0.0,0.0
2022-03-18 00:00:00+00:00,1692.6071760170905,1705.1005859375,1654.6272098590453,1705.1005859375,4064454,0.0,0.0
2022-03-21 00:00:00+00:00,1698.104448128769,1708.5989135233258,1667.6205248398182,1678.114990234375,2290720,0.0,0.0
2022-03-22 00:00:00+00:00,1681.1132739149944,1704.1011486474824,1676.1159098427145,1696.6051025390625,2247806,0.0,0.0
2022-03-23 00:00:00+00:00,1696.605199511486,1716.5946569431383,1664.122331185051,1677.115478515625,3533357,0.0,0.0
2022-03-24 00:00:00+00:00,1681.6131483753845,1689.1091950991974,1659.6247446521998,1665.62158203125,3481892,0.0,0.0
2022-03-25 00:00:00+00:00,1685.1113065744973,1685.1113065744973,1648.1308093365042,1653.128173828125,6937726,0.0,0.0
2022-03-28 00:00:00+01:00,1661.123898449319,1663.6225806070347,1648.130751229198,1651.62890625,11837882,0.0,0.0
2022-03-29 00:00:00+01:00,1664.1221596603373,1707.5992250929046,1645.1321770576067,1694.6060791015625,9749930,0.0,0.0
2022-03-30 00:00:00+01:00,1699.1039324006276,1710.0981343161611,1663.1229079497907,1672.1181640625,5846142,0.0,0.0
2022-03-31 00:00:00+01:00,1688.1096912730823,1688.1096912730823,1646.6315668279474,1649.1302490234375,2823951,0.0,0.0
2022-04-01 00:00:00+01:00,1629.1406441212896,1644.1327359383567,1583.1648958822839,1595.1585693359375,3181202,0.0,0.0
2022-04-04 00:00:00+01:00,1603.1545021033653,1624.1434326171875,1578.6674165039062,1624.1434326171875,2599357,0.0,0.0
2022-04-05 00:00:00+01:00,1622.144467638504,1645.632080078125,1604.6536924175098,1645.632080078125,5459876,0.0,0.0
2022-04-06 00:00:00+01:00,1637.6362381028455,1660.624113279144,1600.6557432540171,1622.1444091796875,3708707,0.0,0.0
2022-04-07 00:00:00+01:00,1627.6414582108043,1639.6351318359375,1615.647784585671,1639.6351318359375,7189964,0.0,0.0
2022-04-08 00:00:00+01:00,1650.1297024636963,1681.1133613227967,1642.1339195323155,1648.6304931640625,2617001,0.0,0.0
2022-04-11 00:00:00+01:00,1639.6351406187744,1654.127496326773,1617.6467388549138,1646.1317138671875,2263534,0.0,0.0
2022-04-12 00:00:00+01:00,1625.6424058231994,1657.125797021128,1624.6429330867572,1643.1331787109375,2294727,0.0,0.0
2022-04-13 00:00:00+01:00,1626.1423508062596,1640.1349709115377,1618.646304321289,1639.135498046875,1765284,0.0,0.0
2022-04-14 00:00:00+01:00,1638.1359985569936,1676.615703221084,1633.6383707391128,1676.115966796875,4417828,0.0,0.0
2022-04-19 00:00:00+01:00,1674.1170960295233,1677.1155147089792,1656.626320399364,1668.6199951171875,2736265,0.0,0.0
2022-04-20 00:00:00+01:00,1682.1127151938438,1714.5955810546875,1673.1174600323795,1714.5955810546875,3307201,0.0,0.0
2022-04-21 00:00:00+01:00,1715.0953991008255,1767.0679869523656,1715.0953991008255,1748.0780029296875,4714099,0.0,0.0
2022-04-22 00:00:00+01:00,1720.592399913099,1750.1657894211457,1701.6024169921875,1701.6024169921875,4223585,0.0,0.0
2022-04-25 00:00:00+01:00,1670.6188858898643,1723.0912110524234,1669.1196765995053,1698.6041259765625,4604977,0.0,0.0
2022-04-26 00:00:00+01:00,1715.0955294303972,1715.5952658900214,1682.6126595548214,1688.6094970703125,4961871,0.0,0.0
2022-04-27 00:00:00+01:00,1688.1096912730823,1700.1033658114345,1669.6194430264559,1671.11865234375,4653457,0.0,0.0
2022-04-28 00:00:00+01:00,1694.6062732798603,1703.1017927861292,1677.1154978257773,1699.6036376953125,2000384,0.0,0.0
2022-04-29 00:00:00+01:00,1720.092767269435,1721.09224011503,1694.1064732839582,1701.102783203125,4923253,0.0,0.0
2022-05-03 00:00:00+01:00,1681.6132336860107,1736.0845093091236,1679.1145513179779,1727.5889892578125,3099418,0.0,0.0
2022-05-04 00:00:00+01:00,1730.08750685206,1736.084343964199,1695.10595703125,1695.10595703125,2028992,0.0,0.0
2022-05-05 00:00:00+01:00,1727.5889127144665,1738.5831146466962,1681.6131591796875,1681.6131591796875,3205917,0.0,0.0
2022-05-06 00:00:00+01:00,1671.618388782848,1681.1133811257102,1639.1355202414773,1649.1302490234375,3489630,0.0,0.0
2022-05-09 00:00:00+01:00,1644.6325718437797,1658.9790090121733,1575.6689453125,1575.6689453125,4498115,0.0,0.0
2022-05-10 00:00:00+01:00,1597.6573873625694,1602.6547517271692,1567.9240454409278,1576.66845703125,5379322,0.0,0.0
2022-05-11 00:00:00+01:00,1697.1048248182924,1775.0637036968712,1647.630920914579,1693.10693359375,13306222,0.0,0.0
2022-05-12 00:00:00+01:00,1662.6230710758393,1734.5851156309702,1662.6230710758393,1716.5946044921875,5677263,0.0,0.0
2022-05-13 00:00:00+01:00,1738.083367204244,1807.0469970703125,1725.0902195483181,1807.0469970703125,5155009,0.0,0.0
2022-05-16 00:00:00+01:00,1796.55247658885,1841.0090101464334,1795.0532672898885,1815.042724609375,4340424,0.0,0.0
2022-05-17 00:00:00+01:00,1831.0343099876586,1838.53035656239,1764.069627253394,1771.565673828125,4643583,0.0,0.0
2022-05-18 00:00:00+01:00,1773.5643741383274,1778.0620014607407,1724.5902099609375,1724.5902099609375,4644562,0.0,0.0
2022-05-19 00:00:00+01:00,1720.592571131991,1721.0923075743763,1672.617872663019,1687.1102294921875,5067497,0.0,0.0
2022-05-20 00:00:00+01:00,1692.107516786812,1721.0922291239754,1673.6172692613802,1707.099609375,4286976,0.0,0.0
2022-05-23 00:00:00+01:00,1735.0849916931522,1735.0849916931522,1702.1023852842386,1729.587890625,5603737,0.0,0.0
2022-05-24 00:00:00+01:00,1719.5931172424582,1751.0765134604978,1711.5973340759717,1731.5867919921875,7395129,0.0,0.0
2022-05-25 00:00:00+01:00,1750.5766124200384,1762.0705496411806,1725.090055973158,1743.08056640625,2667417,0.0,0.0
2022-05-26 00:00:00+01:00,1743.5804087464237,1778.0622225049515,1740.5819901587256,1774.0643310546875,7268392,0.0,0.0
2022-05-27 00:00:00+01:00,1781.5603531702056,1821.0395307018878,1778.5619346234957,1798.5513916015625,4014281,0.0,0.0
2022-05-30 00:00:00+01:00,1803.0490194216275,1825.0374220975011,1786.0579809902708,1798.5513916015625,3318639,0.0,0.0
2022-05-31 00:00:00+01:00,1781.0604937203323,1798.0515309780458,1765.568665632417,1776.5628662109375,13562645,0.0,0.0
2022-06-01 00:00:00+01:00,1787.5572258241436,1815.5424661501577,1768.0675048828125,1768.0675048828125,3262415,0.0,0.0
2022-06-06 00:00:00+01:00,1787.557160184654,1812.543980986788,1771.065858455246,1804.0484619140625,5352796,0.0,0.0
2022-06-07 00:00:00+01:00,1791.5550871078528,1807.546652738941,1779.0216585025792,1795.552978515625,2063160,0.0,0.0
2022-06-08 00:00:00+01:00,1801.5496501516789,1804.048332052028,1777.0625675282581,1785.058349609375,3255184,0.0,0.0
2022-06-09 00:00:00+01:00,1731.6777430673133,1782.1537754049175,1729.1789295852536,1775.6568603515625,9311240,9.4,0.0
2022-06-10 00:00:00+01:00,1772.1586009734267,1778.1557535993943,1732.177583466976,1743.17236328125,5023274,0.0,0.0
2022-06-13 00:00:00+01:00,1725.181052337876,1729.1791544290413,1651.2161636513158,1661.711181640625,7323671,0.0,0.0
2022-06-14 00:00:00+01:00,1677.7034859480257,1704.690673389549,1633.2246029425523,1669.20751953125,6062870,0.0,0.0
2022-06-15 00:00:00+01:00,1683.7006038605784,1723.6816214648663,1670.7067731391849,1716.1851806640625,12230279,0.0,0.0
2022-06-16 00:00:00+01:00,1699.693033670547,1699.693033670547,1655.7139137167076,1661.2113037109375,6452350,0.0,0.0
2022-06-17 00:00:00+01:00,1671.7063521315551,1711.1876082805516,1661.211334674227,1676.7039794921875,6178275,0.0,0.0
2022-06-20 00:00:00+01:00,1681.7016171128676,1693.6959228515625,1668.7077858959478,1693.6959228515625,4016133,0.0,0.0
2022-06-21 00:00:00+01:00,1697.6940731362151,1711.6874302300669,1680.2023767689006,1690.1976318359375,2737839,0.0,0.0
2022-06-22 00:00:00+01:00,1669.7072738279505,1695.6949356774128,1650.7162901687282,1678.7030029296875,4230538,0.0,0.0
2022-06-23 00:00:00+01:00,1676.2043555223092,1695.1953410648994,1640.221435546875,1640.221435546875,3460301,0.0,0.0
2022-06-24 00:00:00+01:00,1631.725192679752,1715.1855624125294,1629.7261419077095,1696.194580078125,5259446,0.0,0.0
2022-06-27 00:00:00+01:00,1692.196537556407,1716.1851476576203,1686.199385031104,1709.688232421875,3030082,0.0,0.0
2022-06-28 00:00:00+01:00,1721.6825981473785,1736.6754799890102,1712.187106314345,1714.1861572265625,2293538,0.0,0.0
2022-06-29 00:00:00+01:00,1691.6969131979406,1706.689795737361,1668.208063886182,1690.6973876953125,4210975,0.0,0.0
2022-06-30 00:00:00+01:00,1672.7058433532716,1685.1999114990235,1647.7177070617677,1679.2027587890625,3780126,0.0,0.0
2022-07-01 00:00:00+01:00,1670.206982506646,1742.6725757033737,1666.2088808130334,1727.179931640625,4618674,0.0,0.0
2022-07-04 00:00:00+01:00,1743.6722035205376,1751.168644636275,1720.1833546912267,1728.6793212890625,1637316,0.0,0.0
2022-07-05 00:00:00+01:00,1736.1758477088963,1741.6732381305424,1678.7031296644166,1687.1990966796875,4273546,0.0,0.0
2022-07-06 00:00:00+01:00,1709.1885675860278,1737.6750437124615,1702.6916519782446,1729.1790771484375,4864384,0.0,0.0
2022-07-07 00:00:00+01:00,1744.6715557070065,1761.1637245234865,1733.67677649602,1750.1689453125,5476728,0.0,0.0
2022-07-08 00:00:00+01:00,1747.6702522277833,1773.1581512451173,1739.1742858886719,1759.164794921875,2652919,0.0,0.0
2022-07-11 00:00:00+01:00,1740.6736617027013,1803.144005576614,1738.6746106987362,1788.151123046875,2742925,0.0,0.0
2022-07-12 00:00:00+01:00,1786.1519191225764,1826.1329357789295,1782.6535801651455,1817.13720703125,6309084,0.0,0.0
2022-07-13 00:00:00+01:00,1819.6360617897728,1830.6308416193183,1797.646502130682,1814.138671875,8087103,0.0,0.0
2022-07-14 00:00:00+01:00,1815.1381561984324,1823.6341222379074,1798.6459868276868,1817.13720703125,2994839,0.0,0.0
2022-07-15 00:00:00+01:00,1834.6288982112233,1849.6217794278773,1814.6383899223513,1844.1243896484375,4204329,0.0,0.0
2022-07-18 00:00:00+01:00,1856.1188281143068,1860.1169300596257,1818.136859633777,1825.63330078125,3290999,0.0,0.0
2022-07-19 00:00:00+01:00,1812.6394775390625,1861.61622658754,1811.1401893028847,1851.6209716796875,2580514,0.0,0.0
2022-07-20 00:00:00+01:00,1857.1181866373743,1865.6141525073515,1827.632187441571,1837.62744140625,7270894,0.0,0.0
2022-07-21 00:00:00+01:00,1835.128797950017,1856.118833220687,1824.1340175701423,1834.1292724609375,5469351,0.0,0.0
2022-07-22 00:00:00+01:00,1836.6279478597796,1868.1129983945186,1832.6298462045747,1853.1201171875,2280231,0.0,0.0
2022-07-25 00:00:00+01:00,1851.1210675495427,1862.6156098156441,1831.1305592606707,1844.1243896484375,4123174,0.0,0.0
2022-07-26 00:00:00+01:00,1863.1155038068778,1909.5934388535622,1857.6181136400655,1905.5953369140625,4110662,0.0,0.0
2022-07-27 00:00:00+01:00,1928.5843711947998,1949.1745712269499,1915.590540240909,1927.0850830078125,7096458,0.0,0.0
2022-07-28 00:00:00+01:00,1938.0798856126792,1956.5711068008352,1930.5834445904536,1952.0732421875,6963251,0.0,0.0
2022-07-29 00:00:00+01:00,1952.5727977737743,1964.5671021368585,1895.1000893673283,1913.59130859375,5394101,0.0,0.0
2022-08-01 00:00:00+01:00,1913.5914659531952,1956.571060121901,1913.5914659531952,1946.5758056640625,1913622,0.0,0.0
2022-08-02 00:00:00+01:00,1948.0750552711636,1955.0717332531533,1924.0864450471984,1931.5828857421875,2316514,0.0,0.0
2022-08-03 00:00:00+01:00,1929.5839481373403,1942.5777794379285,1919.0889305484038,1941.0784912109375,6690163,0.0,0.0
2022-08-04 00:00:00+01:00,1939.0794856296363,1948.5749779561731,1909.0937203879407,1920.0885009765625,4583922,0.0,0.0
2022-08-05 00:00:00+01:00,1917.0898661482224,1921.587730797684,1903.0965094610092,1906.5948486328125,1312785,0.0,0.0
2022-08-08 00:00:00+01:00,1909.593416455766,1929.0841631822184,1897.5991107779491,1916.09033203125,1610396,0.0,0.0
2022-08-09 00:00:00+01:00,1921.5877892386472,1927.5849422869862,1914.5911106822516,1920.0885009765625,2274933,0.0,0.0
2022-08-10 00:00:00+01:00,1914.5910472263504,1951.5734897987206,1902.0969787897388,1933.58203125,4119213,0.0,0.0
2022-08-11 00:00:00+01:00,1944.576790738697,1957.5706217742163,1929.0841460425006,1935.081298828125,2116145,0.0,0.0
2022-08-12 00:00:00+01:00,1940.078939937621,1948.574906444303,1925.585820602693,1934.081787109375,1641401,0.0,0.0
2022-08-15 00:00:00+01:00,1947.5753586062488,1947.5753586062488,1921.807562967172,1944.5767822265625,1771295,0.0,0.0
2022-08-16 00:00:00+01:00,1944.5768746917827,1956.5711807808607,1939.0794844009552,1955.5716552734375,1276764,0.0,0.0
2022-08-17 00:00:00+01:00,1953.0727970268651,1956.071373480847,1935.0813383029738,1941.0784912109375,1843310,0.0,0.0
2022-08-18 00:00:00+01:00,1941.578241770992,1969.5649551658892,1937.5801398574351,1968.5654296875,1520758,0.0,0.0
2022-08-19 00:00:00+01:00,1926.585256052885,1960.0693577793554,1919.5885780801896,1949.5743408203125,4916114,0.0,0.0
2022-08-22 00:00:00+01:00,1938.5796500311958,1961.5687358526536,1921.587717032727,1943.0775146484375,3114417,0.0,0.0
2022-08-23 00:00:00+01:00,1939.079379333432,1939.079379333432,1898.098835749581,1901.097412109375,2923301,0.0,0.0
2022-08-24 00:00:00+01:00,1900.0977161852802,1925.6955461053444,1886.104361095015,1913.59130859375,1949486,0.0,0.0
2022-08-25 00:00:00+01:00,1923.5867540190188,1931.5829577249954,1908.5938720703125,1908.5938720703125,1721050,0.0,0.0
2022-08-26 00:00:00+01:00,1913.5914709745948,1914.5909964230016,1871.6114021415142,1875.1097412109375,9754626,0.0,0.0
2022-08-30 00:00:00+01:00,1875.1097373028483,1890.6023817208622,1853.6199402068935,1857.6180419921875,3166333,0.0,0.0
2022-08-31 00:00:00+01:00,1851.620882474459,1871.611391327085,1842.1253907694618,1858.1177978515625,6160870,0.0,0.0
2022-09-01 00:00:00+01:00,1848.122677964719,1862.1160351802444,1817.1373869874847,1830.6309814453125,2780700,0.0,0.0
2022-09-02 00:00:00+01:00,1827.6322474860006,1842.6251289255904,1819.1362813368996,1842.1253662109375,2587310,0.0,0.0
2022-09-05 00:00:00+01:00,1825.1335343991427,1852.1207224762386,1808.6413639075843,1843.624755859375,2714346,0.0,0.0
2022-09-06 00:00:00+01:00,1840.126430411115,1868.1131441816262,1833.1297519684872,1842.625244140625,2474005,0.0,0.0
2022-09-07 00:00:00+01:00,1828.6319221874476,1875.6096211996423,1827.63239667655,1866.6138916015625,4303624,0.0,0.0
2022-09-08 00:00:00+01:00,1874.6101237452306,1891.102294921875,1856.118901516872,1891.102294921875,4185141,0.0,0.0
2022-09-09 00:00:00+01:00,1894.6005240671257,1912.0922197522614,1885.6047948576274,1899.098388671875,2675127,0.0,0.0
2022-09-12 00:00:00+01:00,1904.0960246528791,1930.5834496677355,1902.5967364444912,1925.0860595703125,4497525,0.0,0.0
2022-09-13 00:00:00+01:00,1934.5815239427495,1957.0708467475606,1921.0879302598628,1927.0850830078125,2534770,0.0,0.0
2022-09-14 00:00:00+01:00,1922.0873773791868,1924.5861909223215,1893.1721514840056,1906.094970703125,7284558,0.0,0.0
2022-09-15 00:00:00+01:00,1915.5905744284662,1956.571118937502,1913.5915234768058,1924.5863037109375,2939724,0.0,0.0
2022-09-16 00:00:00+01:00,1920.5881631835937,1928.3504690878947,1869.6123649414062,1874.1102294921875,6202768,0.0,0.0
2022-09-20 00:00:00+01:00,1890.602362189146,1894.1007012151372,1848.1225311592552,1850.12158203125,4451098,0.0,0.0
2022-09-21 00:00:00+01:00,1844.6243392566562,1857.118408203125,1829.6314565208936,1857.118408203125,2315454,0.0,0.0
2022-09-22 00:00:00+01:00,1840.626198896455,1840.626198896455,1815.6380615234375,1815.6380615234375,2916519,0.0,0.0
2022-09-23 00:00:00+01:00,1814.638470545283,1820.1358605689675,1776.1567403794922,1802.6441650390625,3057365,0.0,0.0
2022-09-26 00:00:00+01:00,1809.1409433857614,1835.6283660375418,1783.1532834255238,1812.6392822265625,4043563,0.0,0.0
2022-09-27 00:00:00+01:00,1818.636601821599,1871.6114519983205,1799.645617795982,1827.132568359375,4390380,0.0,0.0
2022-09-28 00:00:00+01:00,1807.641685200822,1852.6203281834246,1792.1490415068142,1846.1234130859375,5913592,0.0,0.0
2022-09-29 00:00:00+01:00,1839.6266543260263,1850.9003549756894,1796.6470584901017,1808.1416015625,6199065,0.0,0.0
2022-09-30 00:00:00+01:00,1798.645920957951,1856.7423575600758,1783.6530402608855,1804.143310546875,3664876,0.0,0.0
2022-10-03 00:00:00+01:00,1784.652648277922,1790.2539926701086,1759.1647499127096,1789.1505126953125,2606713,0.0,0.0
2022-10-04 00:00:00+01:00,1805.1429994419643,1847.1230691964286,1794.148219268176,1836.6280517578125,4402869,0.0,0.0
2022-10-05 00:00:00+01:00,1830.63079774146,1835.128662109375,1812.1395775622534,1835.128662109375,5857230,0.0,0.0
2022-10-06 00:00:00+01:00,1838.62700348404,1847.6227322317193,1805.6426647425485,1817.13720703125,6305886,0.0,0.0
2022-10-07 00:00:00+01:00,1803.6436493232447,1812.6393782475502,1782.6536151665318,1805.6427001953125,3536970,0.0,0.0
2022-10-10 00:00:00+01:00,1791.1496444506413,1803.1439501054447,1784.152966152006,1792.149169921875,2254427,0.0,0.0
2022-10-11 00:00:00+01:00,1789.6503869126045,1825.6333044936455,1778.6436493265257,1807.641845703125,4162091,0.0,0.0
2022-10-12 00:00:00+01:00,1811.140051272938,1816.137678345987,1771.1590346885466,1790.6497802734375,3538522,0.0,0.0
2022-10-13 00:00:00+01:00,1792.6488640671712,1816.1377117424308,1764.7990498360127,1797.146728515625,3306009,0.0,0.0
2022-10-14 00:00:00+01:00,1810.1405715350957,1836.627995690634,1797.6465035372,1805.1429443359375,2804563,0.0,0.0
2022-10-17 00:00:00+01:00,1810.1405646574653,1816.637479991686,1795.647445834973,1805.6427001953125,4012432,0.0,0.0
2022-10-18 00:00:00+01:00,1819.1363851201068,1845.6238105078446,1814.638520431623,1825.63330078125,2988647,0.0,0.0
2022-10-19 00:00:00+01:00,1829.6313577614083,1829.6313577614083,1807.6417976025714,1811.14013671875,2020428,0.0,0.0
2022-10-20 00:00:00+01:00,1815.6379960041347,1815.6379960041347,1795.1477240976747,1802.6441650390625,2725910,0.0,0.0
2022-10-21 00:00:00+01:00,1789.1506881776695,1823.134555997804,1781.1544839846968,1820.6357421875,3524226,0.0,0.0
2022-10-24 00:00:00+01:00,1834.1291832697316,1870.1120991267944,1828.6317933471248,1840.6260986328125,1680060,0.0,0.0
2022-10-25 00:00:00+01:00,1847.6228353736753,1847.6228353736753,1813.1392065825519,1818.6365966796875,3676737,0.0,0.0
2022-10-26 00:00:00+01:00,1829.631317377799,1852.1206397711344,1818.1367748212053,1849.621826171875,9538680,0.0,0.0
2022-10-27 00:00:00+01:00,1846.1234761683597,1850.1215779034292,1828.6317810774306,1832.6298828125,1820233,0.0,0.0
2022-10-28 00:00:00+01:00,1824.6337512378961,1845.1240234375,1818.0369075175743,1845.1240234375,1737986,0.0,0.0
2022-10-31 00:00:00+00:00,1848.1226085119665,1857.1183378124574,1834.6290145612302,1835.6285400390625,3410557,0.0,0.0
2022-11-01 00:00:00+00:00,1851.1210185691452,1863.7760202436555,1847.6226797111583,1856.618408203125,2070591,0.0,0.0
2022-11-02 00:00:00+00:00,1856.6185922308734,1861.6162196662192,1844.6242863860443,1852.1207275390625,2897761,0.0,0.0
2022-11-03 00:00:00+00:00,1824.6336205683297,1873.1106025445356,1819.1362308596879,1872.61083984375,2681883,0.0,0.0
2022-11-04 00:00:00+00:00,1872.1111975275978,1894.1007577761868,1862.6157056020709,1881.606689453125,10275915,0.0,0.0
2022-11-07 00:00:00+00:00,1878.1082501533704,1901.0973346416768,1871.111572265625,1871.111572265625,1812164,0.0,0.0
2022-11-08 00:00:00+00:00,1859.6169160942743,1876.10908439073,1847.6226118786703,1861.615966796875,6029645,0.0,0.0
2022-11-09 00:00:00+00:00,1849.1221766318045,1863.6152963945942,1836.1283451203378,1859.117431640625,1716780,0.0,0.0
2022-11-10 00:00:00+00:00,1856.118851244259,1897.0993966944554,1851.1212237503328,1877.10888671875,2735528,0.0,0.0
2022-11-11 00:00:00+00:00,1876.1092463432826,1878.168327310647,1770.6593126782766,1787.6512451171875,4657824,0.0,0.0
2022-11-14 00:00:00+00:00,1795.1477074224108,1876.1092688373415,1784.6526902019568,1821.6351318359375,8840471,0.0,0.0
2022-11-15 00:00:00+00:00,1813.6389507701497,1846.623291015625,1809.1410861912211,1846.623291015625,2673677,0.0,0.0
2022-11-16 00:00:00+00:00,1840.1263276712757,1856.6184973652332,1826.6327342853103,1850.12158203125,3534822,0.0,0.0
2022-11-17 00:00:00+00:00,1856.1187829044738,1856.6185456354658,1836.628036395784,1846.623291015625,2091995,0.0,0.0
2022-11-18 00:00:00+00:00,1853.6199279306902,1867.1135213666914,1844.624198973356,1849.621826171875,4516403,0.0,0.0
2022-11-21 00:00:00+00:00,1775.1571783768502,1831.1306029202644,1768.1605003089235,1823.1343994140625,7310122,0.0,0.0
2022-11-22 00:00:00+00:00,1832.130185325787,1834.628998999172,1775.1572335726119,1810.140625,4200353,0.0,0.0
2022-11-23 00:00:00+00:00,1819.13631821202,1842.6251662768454,1813.1391655146176,1821.6351318359375,9310199,0.0,0.0
2022-11-24 00:00:00+00:00,1821.1354086554895,1833.1297143107397,1806.6422893220622,1827.63232421875,1385269,0.0,0.0
2022-11-25 00:00:00+00:00,1825.1335821861421,1844.4044633116948,1825.1335821861421,1840.12646484375,4326717,0.0,0.0
2022-11-28 00:00:00+00:00,1838.1272098890304,1861.1162940801385,1827.182455568215,1846.1234130859375,2903618,0.0,0.0
2022-11-29 00:00:00+00:00,1855.6188857144457,1866.1139023048047,1829.6312255859375,1829.6312255859375,5957622,0.0,0.0
2022-11-30 00:00:00+00:00,1842.625098008376,1891.1020805163262,1842.625098008376,1871.111572265625,5530624,0.0,0.0
2022-12-01 00:00:00+00:00,1880.6072626571186,1892.1018061174198,1865.6143798828125,1865.6143798828125,2850842,0.0,0.0
2022-12-02 00:00:00+00:00,1860.6166358398436,1884.6052467773436,1852.1206694661457,1874.1102294921875,2820986,0.0,0.0
2022-12-05 00:00:00+00:00,1876.6091201074012,1902.0970202739732,1853.120270934286,1895.100341796875,4428774,0.0,0.0
2022-12-06 00:00:00+00:00,1891.601846537717,1913.0916429448826,1891.601846537717,1897.5989990234375,5681192,0.0,0.0
2022-12-07 00:00:00+00:00,1901.5971832880098,1934.0817606634948,1891.6019287109375,1891.6019287109375,3492470,0.0,0.0
2022-12-08 00:00:00+00:00,1899.0984230895915,1912.592017148386,1896.599609375,1896.599609375,2692911,0.0,0.0
2022-12-09 00:00:00+00:00,1906.5946845581025,1924.0863789118464,1899.0982441207834,1918.5889892578125,2301426,0.0,0.0
2022-12-12 00:00:00+00:00,1910.093256906517,1919.0889865308804,1898.598713497608,1901.5972900390625,3112354,0.0,0.0
2022-12-13 00:00:00+00:00,1901.5972161154925,1906.5948434903034,1883.1059948286927,1898.098876953125,4210449,0.0,0.0
2022-12-14 00:00:00+00:00,1903.5961547534498,1925.0859511972403,1898.5985276734984,1924.08642578125,4981375,0.0,0.0
2022-12-15 00:00:00+00:00,1914.5911217186988,1925.0861396137896,1899.0984762545172,1901.5972900390625,2238707,0.0,0.0
2022-12-16 00:00:00+00:00,1904.5957649628278,1910.5929177257651,1888.6033575949953,1900.097900390625,8254320,0.0,0.0
2022-12-19 00:00:00+00:00,1899.0983406389546,1908.0940696209286,1896.5995270328508,1902.5966796875,1863859,0.0,0.0
2022-12-20 00:00:00+00:00,1887.104183785827,1910.093270770506,1887.104183785827,1900.5977783203125,2267462,0.0,0.0
2022-12-21 00:00:00+00:00,1904.5958624424893,1919.5887451171875,1896.599658349317,1919.5887451171875,2034025,0.0,0.0
2022-12-22 00:00:00+00:00,1916.0902212590688,1947.575271843138,1916.0902212590688,1933.0821533203125,1688715,0.0,0.0
2022-12-23 00:00:00+00:00,1935.0812316009965,1939.6790241744316,1922.5871637316718,1931.0831298828125,914945,0.0,0.0
2022-12-28 00:00:00+00:00,1944.0770088652735,1950.774878716458,1925.5857879583286,1927.5848388671875,3486756,0.0,0.0
2022-12-29 00:00:00+00:00,1915.0907094198624,1934.0816924464684,1908.0940314626916,1932.0826416015625,1176612,0.0,0.0
2022-12-30 00:00:00+00:00,1927.0852280598108,1935.0814323256193,1916.5902099609375,1916.5902099609375,955226,0.0,0.0
2023-01-03 00:00:00+00:00,1923.5866865422176,1957.0707883864184,1921.5876356858473,1949.0745849609375,3943479,0.0,0.0
2023-01-04 00:00:00+00:00,1956.5710824189507,1967.0660997192824,1935.8888850654132,1936.080810546875,2968519,0.0,0.0
2023-01-05 00:00:00+00:00,1926.0855901880332,1944.0770487367536,1920.0884373384595,1933.58203125,9512279,0.0,0.0
2023-01-06 00:00:00+00:00,1940.5786938834653,1948.0751348848178,1889.1031323408445,1908.0941162109375,3465942,0.0,0.0
2023-01-09 00:00:00+00:00,1914.5910334215666,1914.5910334215666,1897.599100470292,1899.098388671875,10302704,0.0,0.0
2023-01-10 00:00:00+00:00,1898.5987503628687,1918.6891891782332,1892.6015971635125,1916.5902099609375,4619551,0.0,0.0
2023-01-11 00:00:00+00:00,1923.5867348078298,1927.0850738942559,1898.098835749581,1901.097412109375,2483401,0.0,0.0
2023-01-12 00:00:00+00:00,1903.0963944513635,1912.5918859152753,1895.1001911133326,1906.094970703125,2336663,0.0,0.0
2023-01-13 00:00:00+00:00,1919.0889135938717,1931.0832193038334,1906.0950824080799,1924.5863037109375,2226868,0.0,0.0
2023-01-16 00:00:00+00:00,1919.088882526178,1925.585798013897,1897.5990851437234,1909.0936279296875,1784334,0.0,0.0
2023-01-17 00:00:00+00:00,1907.0946197391388,1939.0794351645332,1899.5981786238121,1932.58251953125,2000830,0.0,0.0
2023-01-18 00:00:00+00:00,1931.5830235276637,1942.5778039979375,1917.5896665654968,1921.5877685546875,6753838,0.0,0.0
2023-01-19 00:00:00+00:00,1898.317145296344,1908.955286362172,1888.8205613677947,1897.3175048828125,3283340,22.1,0.0
2023-01-20 00:00:00+00:00,1900.8161475604825,1916.1106939033507,1890.8197439445978,1912.31201171875,2402197,0.0,0.0
2023-01-23 00:00:00+00:00,1913.8114144518483,1918.3097959431168,1896.8175288181678,1911.8121337890625,2950859,0.0,0.0
2023-01-24 00:00:00+00:00,1921.3088956081356,1931.8051200638513,1905.3146488184736,1921.8087158203125,5078751,0.0,0.0
2023-01-25 00:00:00+00:00,1924.3077674524466,1928.8061492464913,1892.8190948941337,1910.8126220703125,3238938,0.0,0.0
2023-01-26 00:00:00+00:00,1918.309989669696,1922.3085513990752,1898.8170012389721,1910.3128662109375,13047754,0.0,0.0
2023-01-27 00:00:00+00:00,1912.8118531654395,1925.5872864149112,1899.8165283203125,1899.8165283203125,2508240,0.0,0.0
2023-01-30 00:00:00+00:00,1879.323982100708,1909.3131945810385,1874.325780020653,1905.814453125,8253277,0.0,0.0
2023-01-31 00:00:00+00:00,1957.7957757982426,1965.2930789988995,1925.8072821421058,1930.3056640625,3073297,0.0,0.0
2023-02-01 00:00:00+00:00,1928.8061393602884,1929.3059595570649,1893.8187255859375,1893.8187255859375,7306743,0.0,0.0
2023-02-02 00:00:00+00:00,1894.8184257351538,1895.318245947693,1860.8306512825054,1884.822021484375,4175518,0.0,0.0
2023-02-03 00:00:00+00:00,1886.8212183935498,1925.307373046875,1886.8212183935498,1925.307373046875,2192107,0.0,0.0
2023-02-06 00:00:00+00:00,1923.3081433406292,1934.7539771918348,1914.3113796763537,1926.806884765625,1753527,0.0,0.0
2023-02-07 00:00:00+00:00,1922.308367372129,1930.8053102336282,1882.32275390625,1882.32275390625,4640818,0.0,0.0
2023-02-08 00:00:00+00:00,1888.3206853058377,1897.817268953485,1878.3242814662092,1887.321044921875,9672156,0.0,0.0
2023-02-09 00:00:00+00:00,1926.8068057093128,1937.6428731107314,1855.33251953125,1855.33251953125,6311298,0.0,0.0
2023-02-10 00:00:00+00:00,1861.8301021814664,1882.322728809504,1851.8336989482773,1876.82470703125,5640585,0.0,0.0
2023-02-13 00:00:00+00:00,1879.3238891021197,1900.316336799537,1879.3238891021197,1892.3192138671875,2840281,0.0,0.0
2023-02-14 00:00:00+00:00,1893.3187702881953,1906.8139146381905,1890.8196694826408,1895.81787109375,1752581,0.0,0.0
2023-02-15 00:00:00+00:00,1898.3170859262339,1921.3088147183894,1891.3196032503606,1906.314208984375,1574942,0.0,0.0
2023-02-16 00:00:00+00:00,1907.8136563748199,1917.8100601284211,1899.5666232780989,1908.3134765625,2213055,0.0,0.0
2023-02-17 00:00:00+00:00,1907.3140375340997,1930.3057685945212,1901.8160148892164,1923.80810546875,3257416,0.0,0.0
2023-02-20 00:00:00+00:00,1924.307722568262,1928.3062840697028,1905.8143756240995,1908.3134765625,3246639,0.0,0.0
2023-02-21 00:00:00+00:00,1900.3165541678845,1925.8073864305256,1896.8178124847768,1923.80810546875,9637407,0.0,0.0
2023-02-22 00:00:00+00:00,1923.3081574720784,1952.2977294921875,1916.3106745706725,1952.2977294921875,2379393,0.0,0.0
2023-02-23 00:00:00+00:00,1952.2976667616103,1958.295509055809,1939.8021619820302,1943.3009033203125,2494846,0.0,0.0
2023-02-24 00:00:00+00:00,1949.7987284783362,1959.7951331360052,1932.804840560299,1937.30322265625,6091706,0.0,0.0
2023-02-27 00:00:00+00:00,1944.800382025943,1970.1712600480012,1935.8036185007652,1949.798583984375,1968484,0.0,0.0
2023-02-28 00:00:00+00:00,1940.8018389383951,1944.6754454930624,1915.3110087076823,1919.3095703125,4060957,0.0,0.0
2023-03-01 00:00:00+00:00,1915.3109328035155,1932.8046391313137,1909.3130906339845,1912.31201171875,6118759,0.0,0.0
2023-03-02 00:00:00+00:00,1910.3127217221247,1932.3048095703125,1906.8139804735495,1932.3048095703125,4052093,0.0,0.0
2023-03-03 00:00:00+00:00,1933.8043828339069,1934.8040232489154,1907.8137320436865,1915.31103515625,4581746,0.0,0.0
2023-03-06 00:00:00+00:00,1916.810484384722,1921.8086864300537,1887.820912521798,1907.813720703125,4745160,0.0,0.0
2023-03-07 00:00:00+00:00,1900.8161918383234,1925.3073812677417,1900.8161918383234,1914.8111572265625,1661537,0.0,0.0
2023-03-08 00:00:00+00:00,1909.813014789044,1917.3103179091268,1902.3157116689615,1905.814453125,3814404,0.0,0.0
2023-03-09 00:00:00+00:00,1899.8166087236186,1920.3092372312924,1897.8173278936015,1915.31103515625,3750198,0.0,0.0
2023-03-10 00:00:00+00:00,1920.8090078278788,1926.3070299684218,1890.319975957595,1904.31494140625,4571221,0.0,0.0
2023-03-13 00:00:00+00:00,1903.815189560855,1907.3139310486276,1868.3279544705897,1884.822021484375,4595757,0.0,0.0
2023-03-14 00:00:00+00:00,1888.8205022946916,1906.314208984375,1880.8233792365504,1906.314208984375,2412213,0.0,0.0
2023-03-15 00:00:00+00:00,1903.815081031498,1910.312743424097,1861.3303653875819,1873.3260498046875,5391011,0.0,0.0
2023-03-16 00:00:00+00:00,1874.3257698318478,1935.8036550823324,1874.3257698318478,1925.8072509765625,4099717,0.0,0.0
2023-03-17 00:00:00+00:00,1934.304159597783,1951.7978664675304,1924.307755672213,1940.302001953125,9794328,0.0,0.0
2023-03-20 00:00:00+00:00,1931.8050569340194,1954.296965746964,1924.3077539963713,1949.798583984375,2535165,0.0,0.0
2023-03-21 00:00:00+00:00,1958.2955663249315,1980.7874755859375,1950.2984430321292,1980.7874755859375,3991181,0.0,0.0
2023-03-22 00:00:00+00:00,1979.2880224706641,2008.2775945169517,1974.7446128532097,2007.2779541015625,2784372,0.0,0.0
2023-03-23 00:00:00+00:00,2008.27755833676,2008.27755833676,1986.7852897930863,1994.2825927734375,4182816,0.0,0.0
2023-03-24 00:00:00+00:00,2007.278060974366,2007.278060974366,1983.2866897276606,1991.2838134765625,2151530,0.0,0.0
2023-03-27 00:00:00+01:00,1998.780997387331,2020.2732661764421,1985.7856720729847,2009.2772216796875,2456522,0.0,0.0
2023-03-28 00:00:00+01:00,2006.2782179781063,2016.1046388631096,2000.280375771894,2003.279296875,5652820,0.0,0.0
2023-03-29 00:00:00+01:00,2010.2769286499024,2018.2740521850587,1995.2823220214843,1999.2808837890625,2931111,0.0,0.0
2023-03-30 00:00:00+01:00,1999.280778188554,2016.2746648031566,1994.2825762430825,2015.2750244140625,4090039,0.0,0.0
2023-03-31 00:00:00+01:00,2015.2750342013035,2038.2667632621317,2010.276832231558,2032.2689208984375,4410555,0.0,0.0
2023-04-03 00:00:00+01:00,2036.2674592606968,2038.2667400258028,2010.2768093143156,2017.2742919921875,4499292,0.0,0.0
2023-04-04 00:00:00+01:00,2024.2716982256766,2029.2698999496906,2009.2770930536346,2010.2767333984375,2664502,0.0,0.0
2023-04-05 00:00:00+01:00,2034.268132113233,2064.257342906057,2024.271728515625,2024.271728515625,4332914,0.0,0.0
2023-04-06 00:00:00+01:00,2026.2710947508692,2050.2624643976483,2019.2736119372255,2048.26318359375,2085309,0.0,0.0
2023-04-11 00:00:00+01:00,2045.2641732949335,2050.2623750869543,2034.2681293524874,2043.264892578125,9184494,0.0,0.0
2023-04-12 00:00:00+01:00,2046.2638334192989,2059.259158204082,2034.2681490025761,2040.2659912109375,5577779,0.0,0.0
2023-04-13 00:00:00+01:00,2042.2652587890625,2057.259864213358,2039.2663377042034,2042.2652587890625,1851085,0.0,0.0
2023-04-14 00:00:00+01:00,2045.2642623879026,2052.2617452015465,2036.2674987703606,2048.26318359375,4991091,0.0,0.0
2023-04-17 00:00:00+01:00,2054.260855727598,2080.251504023908,2050.2622944512423,2074.253662109375,1668391,0.0,0.0
2023-04-18 00:00:00+01:00,2071.2548994773892,2077.2527418503932,2036.2674856348656,2050.262451171875,2078868,0.0,0.0
2023-04-19 00:00:00+01:00,2054.2609762654106,2056.0603777559163,2036.2674494660052,2037.26708984375,2107404,0.0,0.0
2023-04-20 00:00:00+01:00,2027.2709236942453,2058.2597790367117,2023.2723617145723,2056.260498046875,4906406,0.0,0.0
2023-04-21 00:00:00+01:00,2053.261571277773,2080.251864571103,2051.2622902930816,2075.253662109375,6051581,0.0,0.0
2023-04-24 00:00:00+01:00,2072.25426598662,2074.25354651338,2061.258223089441,2073.25390625,4978490,0.0,0.0
2023-04-25 00:00:00+01:00,2066.25655048436,2092.2471989181254,2063.257629511233,2091.24755859375,1445387,0.0,0.0
2023-04-26 00:00:00+01:00,2082.2507696952525,2103.2432162452287,2079.2518487595416,2095.24609375,5534094,0.0,0.0
2023-04-27 00:00:00+01:00,2076.253302601721,2103.2435958950505,2071.255100139993,2075.253662109375,2734169,0.0,0.0
2023-04-28 00:00:00+01:00,2080.251846015141,2096.24609375,2078.2525650482835,2096.24609375,3079766,0.0,0.0
2023-05-02 00:00:00+01:00,2099.244707480244,2108.2414705123024,2085.692698625883,2087.2490234375,4765957,0.0,0.0
2023-05-03 00:00:00+01:00,2090.247903256071,2113.239630551571,2086.2493419872885,2112.239990234375,3228580,0.0,0.0
2023-05-04 00:00:00+01:00,2108.2416367885044,2115.2391196986605,2098.245232631138,2099.244873046875,5394848,0.0,0.0
2023-05-05 00:00:00+01:00,2105.2428003885484,2110.241002668673,2061.2586203234505,2068.256103515625,3126925,0.0,0.0
2023-05-09 00:00:00+01:00,2064.257568359375,2074.253973048767,2052.2618827321053,2064.257568359375,4874746,0.0,0.0
2023-05-10 00:00:00+01:00,2127.2347411525584,2143.5238031435674,2080.2516430162004,2090.248046875,3547103,0.0,0.0
2023-05-11 00:00:00+01:00,2099.245023411631,2116.2389116963914,2088.248978050903,2113.239990234375,3434096,0.0,0.0
2023-05-12 00:00:00+01:00,2125.2355125119525,2160.222926875978,2116.238748818346,2156.224365234375,4491901,0.0,0.0
2023-05-15 00:00:00+01:00,2160.2228608459277,2189.2124318614447,2160.2228608459277,2166.220703125,4524801,0.0,0.0
2023-05-16 00:00:00+01:00,2165.2212091619317,2211.2046697443184,2157.224085582386,2199.208984375,4271006,0.0,0.0
2023-05-17 00:00:00+01:00,2195.2100879700206,2224.1996565270015,2192.2111670848153,2213.20361328125,4564747,0.0,0.0
2023-05-18 00:00:00+01:00,2226.199090104985,2234.196213015106,2211.204484648508,2227.19873046875,5024779,0.0,0.0
2023-05-19 00:00:00+01:00,2231.1973678691274,2242.1934122448265,2215.203121504474,2234.1962890625,6223161,0.0,0.0
2023-05-22 00:00:00+01:00,2235.1956982268807,2249.190662348158,2231.197137049373,2232.19677734375,5480213,0.0,0.0
2023-05-23 00:00:00+01:00,2225.1994261536943,2234.196189332213,2212.2041015625,2212.2041015625,7184526,0.0,0.0
2023-05-24 00:00:00+01:00,2199.208819234175,2209.5600757659354,2182.2149329037293,2187.213134765625,9867332,0.0,0.0
2023-05-25 00:00:00+01:00,2193.211331353671,2211.996568456832,2189.212769218113,2207.206298828125,4661711,0.0,0.0
2023-05-26 00:00:00+01:00,2211.204319702589,2218.2018017269643,2196.6504747304352,2215.202880859375,3107347,0.0,0.0
2023-05-30 00:00:00+01:00,2212.2040251993853,2219.2015074300207,2203.2072623314257,2205.20654296875,3907553,0.0,0.0
2023-05-31 00:00:00+01:00,2203.207532835916,2219.201779898246,2197.2096901875425,2201.208251953125,10718553,0.0,0.0
2023-06-01 00:00:00+01:00,2213.20361328125,2221.2007356417967,2202.2075700354985,2213.20361328125,2867584,0.0,0.0
2023-06-02 00:00:00+01:00,2215.203062167252,2215.707763409258,2197.209535488998,2206.206298828125,3766146,0.0,0.0
2023-06-05 00:00:00+01:00,2213.2038211501877,2222.200584650798,2191.2117325931395,2200.20849609375,2884747,0.0,0.0
2023-06-06 00:00:00+01:00,2191.2118252029036,2202.2078699461663,2186.213623046875,2186.213623046875,3904350,0.0,0.0
2023-06-07 00:00:00+01:00,2187.2132634780805,2201.2082295149603,2173.6180559925474,2186.213623046875,6142277,0.0,0.0
2023-06-08 00:00:00+01:00,2168.368736491484,2181.364952984978,2161.3707737642176,2175.36669921875,3527706,15.000001,0.0
2023-06-09 00:00:00+01:00,2175.3665112799263,2185.363600026617,2165.3694225332356,2171.36767578125,3744471,0.0,0.0
2023-06-12 00:00:00+01:00,2183.36435162683,2189.3626053400903,2164.369881534838,2185.36376953125,2543564,0.0,0.0
2023-06-13 00:00:00+01:00,2193.36127102397,2195.360688773308,2165.3694225332356,2171.36767578125,4329506,0.0,0.0
2023-06-14 00:00:00+01:00,2170.3680980997347,2179.365478515625,2164.3698444891415,2179.365478515625,4017549,0.0,0.0
2023-06-15 00:00:00+01:00,2179.3653568349578,2192.361572265625,2176.3662301971117,2192.361572265625,5988077,0.0,0.0
2023-06-16 00:00:00+01:00,2192.3617515563965,2197.3602963615867,2165.36960960837,2175.36669921875,10719275,0.0,0.0
2023-06-19 00:00:00+01:00,2169.36865234375,2186.5135650328225,2165.1699231208745,2169.36865234375,5070486,0.0,0.0
2023-06-20 00:00:00+01:00,2162.3704078151754,2200.359347018586,2162.3704078151754,2189.362548828125,3156253,0.0,0.0
2023-06-21 00:00:00+01:00,2180.3651969962284,2191.3619953304596,2171.3678165409483,2174.366943359375,2996455,0.0,0.0
2023-06-22 00:00:00+01:00,2167.368980783046,2181.364905935704,2156.78905326635,2174.366943359375,7600634,0.0,0.0
2023-06-23 00:00:00+01:00,2178.3656194950877,2186.363290424854,2167.1098641768494,2181.36474609375,2193808,0.0,0.0
2023-06-26 00:00:00+01:00,2185.3637985447376,2186.3635075102197,2170.3681640625,2170.3681640625,1766382,0.0,0.0
2023-06-27 00:00:00+01:00,2172.367847940196,2207.357666015625,2170.3684297644572,2207.357666015625,4091983,0.0,0.0
2023-06-28 00:00:00+01:00,2213.3557696726525,2220.3537328107323,2206.357806534573,2209.35693359375,2733611,0.0,0.0
2023-06-29 00:00:00+01:00,2214.355167609831,2216.354585368395,2191.361863386343,2192.361572265625,1795538,0.0,0.0
2023-06-30 00:00:00+01:00,2192.3617502155357,2205.3579667010813,2178.3658247695635,2201.359130859375,8162827,0.0,0.0
2023-07-03 00:00:00+01:00,2198.3599579067886,2200.3593757857398,2172.367525480424,2174.366943359375,5120136,0.0,0.0
2023-07-04 00:00:00+01:00,2176.366257451281,2181.364801910287,2150.373826264449,2151.37353515625,2799312,0.0,0.0
2023-07-05 00:00:00+01:00,2142.376286829311,2155.3725032216494,2133.37890625,2133.37890625,2893443,0.0,0.0
2023-07-06 00:00:00+01:00,2128.3804396489973,2129.3801486389684,2083.3935351002865,2093.390625,4436363,0.0,0.0
2023-07-07 00:00:00+01:00,2089.3918858035177,2089.3918858035177,2064.399159896777,2069.397705078125,2323055,0.0,0.0
2023-07-10 00:00:00+01:00,2069.397705078125,2077.93111011599,2062.3997418242375,2069.397705078125,1875130,0.0,0.0
2023-07-11 00:00:00+01:00,2075.3956580166646,2076.3953669078096,2048.4035179557545,2073.396240234375,5780313,0.0,0.0
2023-07-12 00:00:00+01:00,2079.3946250600384,2085.3928787861732,2061.3998638816342,2081.39404296875,7346812,0.0,0.0
2023-07-13 00:00:00+01:00,2071.396953425192,2102.3879310102216,2071.396953425192,2081.39404296875,3301088,0.0,0.0
2023-07-14 00:00:00+01:00,2076.395525659378,2095.3899960433587,2072.3966897890664,2092.390869140625,2534008,0.0,0.0
2023-07-17 00:00:00+01:00,2088.3922623743892,2123.382080078125,2081.394298833642,2123.382080078125,3432136,0.0,0.0
2023-07-18 00:00:00+01:00,2118.383254800654,2120.3826726909806,2091.39111328125,2091.39111328125,2142224,0.0,0.0
2023-07-19 00:00:00+01:00,2107.386550859599,2124.3816036891117,2093.390625,2093.390625,4412297,0.0,0.0
2023-07-20 00:00:00+01:00,2096.389751969914,2102.3880059097423,2077.3952811604586,2093.390625,11132329,0.0,0.0
2023-07-21 00:00:00+01:00,2098.3890284563945,2117.3834979850612,2096.389610611272,2116.3837890625,10795133,0.0,0.0
2023-07-24 00:00:00+01:00,2110.3857125598984,2132.3793107012143,2107.386585540628,2125.38134765625,2678840,0.0,0.0
2023-07-25 00:00:00+01:00,2050.403144836426,2081.3941236223495,1996.4188592093333,2015.413330078125,5486520,0.0,0.0
2023-07-26 00:00:00+01:00,2012.4141554973535,2031.4086259168516,2002.4170658028809,2027.4097900390625,3782502,0.0,0.0
2023-07-27 00:00:00+01:00,2024.4107186004235,2047.4040255277368,2020.0479748703185,2036.4072265625,7010753,0.0,0.0
2023-07-28 00:00:00+01:00,2033.4080064360394,2038.4065511912902,2017.4126632192367,2021.4114990234375,13218513,0.0,0.0
2023-07-31 00:00:00+01:00,2021.4116112173162,2038.791562058741,2004.4165581061916,2026.41015625,3148925,0.0,0.0
2023-08-01 00:00:00+01:00,2030.4089540914802,2044.4048799197817,2009.8548787269328,2033.4080810546875,4393853,0.0,0.0
2023-08-02 00:00:00+01:00,2018.4125224198444,2034.407866827332,1998.918196423219,2019.4122314453125,2399999,0.0,0.0
2023-08-03 00:00:00+01:00,2008.4154138068604,2017.1738508310304,1986.9216699557667,2016.4130859375,11077685,0.0,0.0
2023-08-04 00:00:00+01:00,2013.4139516826622,2023.4110418101827,1986.4218083383564,1995.419189453125,1869346,0.0,0.0
2023-08-07 00:00:00+01:00,1996.918588597622,2002.4169877151623,1981.4231001754627,1991.9200439453125,1567508,0.0,0.0
2023-08-08 00:00:00+01:00,1988.4212630631087,2009.706083666909,1988.4212630631087,2001.41748046875,3555967,0.0,0.0
2023-08-09 00:00:00+01:00,2005.4162216830834,2023.410983393101,1996.9186953200194,2012.4141845703125,6719138,0.0,0.0
2023-08-10 00:00:00+01:00,2015.41337692117,2024.0038940715033,2006.4159957742006,2016.4130859375,3406397,0.0,0.0
2023-08-11 00:00:00+01:00,2009.4150673915667,2030.4089561553592,2007.4156494140625,2007.4156494140625,2905123,0.0,0.0
2023-08-14 00:00:00+01:00,2005.4161934902295,2023.4109549472705,1995.9189582767913,2014.41357421875,5838185,0.0,0.0
2023-08-15 00:00:00+01:00,2014.4135471805744,2018.5223363472749,1986.9215508791026,1990.4205322265625,1874515,0.0,0.0
2023-08-16 00:00:00+01:00,1990.4205231774772,1993.9195045090298,1976.424597851267,1982.4228515625,4751565,0.0,0.0
2023-08-17 00:00:00+01:00,1975.9247820519454,1993.9195435378726,1962.4287109375,1962.4287109375,2156446,0.0,0.0
2023-08-18 00:00:00+01:00,1956.9303681401345,1964.9280401427507,1948.4328416373548,1958.429931640625,3463146,0.0,0.0
2023-08-21 00:00:00+01:00,1960.4292792270314,1971.4260778356481,1948.4327716539951,1956.9302978515625,5700395,0.0,0.0
2023-08-22 00:00:00+01:00,1958.4299092406754,1968.9268536240481,1943.434274407286,1944.933837890625,3276008,0.0,0.0
2023-08-23 00:00:00+01:00,1943.4342349199203,1977.9241943359375,1939.9352535298897,1977.9241943359375,17867562,0.0,0.0
2023-08-24 00:00:00+01:00,1988.4212913208007,2011.4145993652344,1985.4221641845704,1999.4180908203125,2448794,0.0,0.0
2023-08-25 00:00:00+01:00,1996.4187567957915,2023.410898224678,1995.4190478539808,2018.412353515625,3568892,0.0,0.0
2023-08-29 00:00:00+01:00,2034.407848231439,2042.4055203620785,2016.4130859375,2016.4130859375,5602316,0.0,0.0
2023-08-30 00:00:00+01:00,2013.4139023166904,2028.4095371403002,2011.4144843402091,2020.411865234375,10376993,0.0,0.0
2023-08-31 00:00:00+01:00,2016.413060028949,2034.4078220916763,1992.4200439453125,1992.4200439453125,4788825,0.0,0.0
2023-09-01 00:00:00+01:00,1999.4178609237767,1999.4178609237767,1983.9223725016175,1991.9200439453125,3108813,0.0,0.0
2023-09-04 00:00:00+01:00,1998.4182403412624,2026.4100916316852,1997.2186383855876,2009.4150390625,5297797,0.0,0.0
2023-09-05 00:00:00+01:00,2006.4159306669733,2025.4104013608808,2004.0166046986799,2012.4141845703125,3172879,0.0,0.0
2023-09-06 00:00:00+01:00,2006.4160322779346,2013.4139955195617,1956.4305805520269,1985.9219970703125,2570063,0.0,0.0
2023-09-07 00:00:00+01:00,1977.4244174299567,2012.4142327029845,1974.925144910455,2000.417724609375,4786207,0.0,0.0
2023-09-08 00:00:00+01:00,2018.4125376040904,2048.40380859375,2010.4148653401812,2048.40380859375,2903072,0.0,0.0
2023-09-11 00:00:00+01:00,2060.4001193442364,2067.398081903872,2023.410888671875,2023.410888671875,4063000,0.0,0.0
2023-09-12 00:00:00+01:00,2028.4095545877822,2042.4054805435383,2023.4110096035836,2036.4072265625,22640477,0.0,0.0
2023-09-13 00:00:00+01:00,2028.4096082082474,2065.398842069117,2024.4107721151804,2058.40087890625,2634810,0.0,0.0
2023-09-14 00:00:00+01:00,2066.3985114820075,2085.392982559975,2057.401130445076,2078.39501953125,4779317,0.0,0.0
2023-09-15 00:00:00+01:00,2092.390860892631,2106.3867863835517,2069.3975547289756,2071.39697265625,10403979,0.0,0.0
2023-09-18 00:00:00+01:00,2072.3968052319847,2081.3941864413855,2048.9346400226073,2058.40087890625,2555401,0.0,0.0
2023-09-19 00:00:00+01:00,2051.402935692716,2055.4017718246705,2035.4075911648974,2048.40380859375,7478529,0.0,0.0
2023-09-20 00:00:00+01:00,2059.400334321251,2071.3968411231226,2045.4044097190679,2063.399169921875,2299941,0.0,0.0
2023-09-21 00:00:00+01:00,2054.401799087301,2073.3962682759425,2039.4061655173205,2045.4044189453125,7885937,0.0,0.0
2023-09-22 00:00:00+01:00,2031.4087211824492,2040.4061023294187,2016.4130859375,2016.4130859375,4516626,0.0,0.0
2023-09-25 00:00:00+01:00,2025.4103924758417,2025.4103924758417,1993.9195596214543,2004.41650390625,9916541,0.0,0.0
2023-09-26 00:00:00+01:00,1999.4178609237767,2018.4123306025526,1989.9206260843887,1991.9200439453125,2779945,0.0,0.0
2023-09-27 00:00:00+01:00,1992.4198984105435,2005.416114506548,1987.421353758234,1991.9200439453125,4407579,0.0,0.0
2023-09-28 00:00:00+01:00,1990.4205035649886,2011.414391347442,1980.9232686157834,2005.4161376953125,6326186,0.0,0.0
2023-09-29 00:00:00+01:00,2010.4148903198243,2019.4122717285156,1999.4180908203125,1999.4180908203125,3458396,0.0,0.0
2023-10-02 00:00:00+01:00,2000.4175886222517,2013.4138048401874,1988.920935814078,1994.919189453125,4746931,0.0,0.0
2023-10-03 00:00:00+01:00,1991.920081786802,2005.416152604429,1984.922119140625,1984.922119140625,1858990,0.0,0.0
2023-10-04 00:00:00+01:00,1989.9206396375114,2033.8958734687528,1983.422531545251,2010.4146728515625,12392407,0.0,0.0
2023-10-05 00:00:00+01:00,2013.4138358065268,2064.398992522581,2008.415291030443,2042.4053955078125,3676026,0.0,0.0
2023-10-06 00:00:00+01:00,2042.4054728916713,2051.40285382952,2000.4176951817103,2015.413330078125,4459050,0.0,0.0
2023-10-09 00:00:00+01:00,2034.4077705637117,2065.398748886795,2032.4083526073837,2043.4051513671875,8516882,0.0,0.0
2023-10-10 00:00:00+01:00,2058.4008222201815,2066.3984941860685,2033.4080973267844,2062.399658203125,3900574,0.0,0.0
2023-10-11 00:00:00+01:00,2066.3984086534133,2081.39404296875,2050.4030653837203,2081.39404296875,2159579,0.0,0.0
2023-10-12 00:00:00+01:00,2087.3921931205036,2099.735522817765,2064.398888311226,2084.39306640625,2442503,0.0,0.0
2023-10-13 00:00:00+01:00,2085.392898147171,2098.389114674454,2068.3978457653384,2071.39697265625,1748547,0.0,0.0
2023-10-16 00:00:00+01:00,2072.396710831156,2073.026410333729,2041.4057325215726,2056.4013671875,3216655,0.0,0.0
2023-10-17 00:00:00+01:00,2051.4028495035964,2075.3958652872643,2041.405759593735,2067.398193359375,3945226,0.0,0.0
2023-10-18 00:00:00+01:00,2065.3986537218675,2067.4481058465885,2051.4027286724454,2054.40185546875,3665356,0.0,0.0
2023-10-19 00:00:00+01:00,2049.403254563974,2049.403254563974,2024.8304536198198,2045.4044189453125,3959266,0.0,0.0
2023-10-20 00:00:00+01:00,2039.4062217839435,2042.4053485806844,2024.4105878002379,2041.4056396484375,3996431,0.0,0.0
2023-10-23 00:00:00+01:00,2036.4071972941795,2058.4007949085494,2018.4124356096947,2051.40283203125,2289465,0.0,0.0
2023-10-24 00:00:00+01:00,2045.404541736158,2050.40308655956,2019.8799900229465,2032.4083251953125,2902038,0.0,0.0
2023-10-25 00:00:00+01:00,2032.4082031846629,2051.4026723733045,2018.4122785193479,2045.4044189453125,6952587,0.0,0.0
2023-10-26 00:00:00+01:00,2048.403564335467,2105.386972420934,2047.4038554216868,2074.39599609375,3386501,0.0,0.0
2023-10-27 00:00:00+01:00,2085.393069961696,2085.393069961696,2051.402962397603,2059.400634765625,1646575,0.0,0.0
2023-10-30 00:00:00+00:00,2064.399159896777,2086.8125583876736,2064.399159896777,2069.397705078125,12625196,0.0,0.0
2023-10-31 00:00:00+00:00,2081.394109391959,2106.386834048443,2057.401093721735,2072.396728515625,2782287,0.0,0.0
2023-11-01 00:00:00+00:00,2078.394840968474,2105.3869817602726,2068.397751786327,2095.389892578125,3581781,0.0,0.0
2023-11-02 00:00:00+00:00,2103.387601465866,2118.3832355067348,2097.3893478495183,2101.38818359375,1925191,0.0,0.0
2023-11-03 00:00:00+00:00,2103.3876991197612,2106.386826067175,2045.4045781364218,2051.40283203125,2990704,0.0,0.0
2023-11-06 00:00:00+00:00,2048.403648643642,2070.397245652017,2033.4080143197502,2055.401611328125,3104177,0.0,0.0
2023-11-07 00:00:00+00:00,2049.403564453125,2060.4003640672636,2045.404728229802,2049.403564453125,6360298,0.0,0.0
2023-11-08 00:00:00+00:00,2044.4047286803464,2078.3948317488707,2041.4056019390061,2074.39599609375,6187941,0.0,0.0
2023-11-09 00:00:00+00:00,2069.3976851243237,2085.3930295504056,2060.400303884653,2079.394775390625,2806637,0.0,0.0
2023-11-10 00:00:00+00:00,2081.39404296875,2087.3922966948844,2074.3960802882593,2081.39404296875,4463557,0.0,0.0
2023-11-13 00:00:00+00:00,2090.3915349469867,2107.386588076637,2070.397354794457,2099.388916015625,5117053,0.0,0.0
2023-11-14 00:00:00+00:00,2101.388271185282,2103.387689140739,2056.4013671875,2056.4013671875,6261649,0.0,0.0
2023-11-15 00:00:00+00:00,2098.3891996133207,2101.388326625631,2072.396765506629,2078.39501953125,4646044,0.0,0.0
2023-11-16 00:00:00+00:00,2078.3949161056826,2088.165997228407,2073.3963713339035,2081.39404296875,2948183,0.0,0.0
2023-11-17 00:00:00+00:00,2089.391695390924,2102.387911678044,2068.397807542498,2091.39111328125,3281565,0.0,0.0
2023-11-20 00:00:00+00:00,1999.4181116615855,2054.402109732279,1960.9293130121,2049.403564453125,6507605,0.0,0.0
2023-11-21 00:00:00+00:00,2040.4059680104256,2060.400147020817,2007.41557264328,2047.4039306640625,3360629,0.0,0.0
2023-11-22 00:00:00+00:00,2052.402539132993,2085.392935524317,2052.402539132993,2077.395263671875,2305938,0.0,0.0
2023-11-23 00:00:00+00:00,2079.3945592718796,2101.388155571871,2073.3963057355186,2090.391357421875,3498479,0.0,0.0
2023-11-24 00:00:00+00:00,2081.3942135133607,2086.3927586947084,2067.3982870055856,2069.397705078125,1234097,0.0,0.0
2023-11-27 00:00:00+00:00,2077.3953874564922,2083.3936417032382,2054.4020795106308,2064.399169921875,1553462,0.0,0.0
2023-11-28 00:00:00+00:00,2058.400709504957,2078.3948883248204,2039.4062396260865,2070.397216796875,3270388,0.0,0.0
2023-11-29 00:00:00+00:00,2070.397372819317,2070.397372819317,2016.4130859375,2016.4130859375,1464659,0.0,0.0
2023-11-30 00:00:00+00:00,2013.4137904471418,2029.4091333702572,1998.9180109230686,2002.4169921875,6308734,0.0,0.0
2023-12-01 00:00:00+00:00,2010.4146444729263,2027.4096961666307,2008.415226626608,2025.4102783203125,1711654,0.0,0.0
2023-12-04 00:00:00+00:00,2022.411281181302,2052.4025507984247,2017.4127362451147,2046.404296875,3853667,0.0,0.0
2023-12-05 00:00:00+00:00,2029.4093833365093,2049.403564453125,2018.4125837223705,2049.403564453125,2637773,0.0,0.0
2023-12-06 00:00:00+00:00,2051.402728970908,2062.399527225625,2036.4070949872023,2041.4056396484375,17330002,0.0,0.0
2023-12-07 00:00:00+00:00,2036.4071589289485,2074.3960995471616,2036.4071589289485,2071.39697265625,3296814,0.0,0.0
2023-12-08 00:00:00+00:00,2075.3958279658705,2075.3958279658705,2052.4025215866727,2061.39990234375,4581233,0.0,0.0
2023-12-11 00:00:00+00:00,2063.3994608807507,2064.399169921875,2044.404989099387,2064.399169921875,2356070,0.0,0.0
2023-12-12 00:00:00+00:00,2065.398615869729,2097.8191076041417,2062.859316177598,2074.39599609375,3067559,0.0,0.0
2023-12-13 00:00:00+00:00,2083.3934597181865,2112.3850193783724,2061.3998627345973,2107.386474609375,3925272,0.0,0.0
2023-12-14 00:00:00+00:00,2137.3775815418144,2155.372341348995,2098.3889352929227,2114.38427734375,5503229,0.0,0.0
2023-12-15 00:00:00+00:00,2117.3835933300734,2121.382429200385,2073.396398756644,2092.390869140625,8847831,0.0,0.0
2023-12-18 00:00:00+00:00,2087.3925313323552,2105.387294533496,2074.3963134648643,2086.392822265625,1699286,0.0,0.0
2023-12-19 00:00:00+00:00,2086.3926816856106,2096.3897716793126,2068.397919696947,2083.3935546875,3158460,0.0,0.0
2023-12-20 00:00:00+00:00,2093.3906692008486,2126.381066566478,2083.393579090052,2120.3828125,2789447,0.0,0.0
2023-12-21 00:00:00+00:00,2114.38427734375,2130.3796193945773,2110.385441831043,2114.38427734375,2069277,0.0,0.0
2023-12-22 00:00:00+00:00,2110.385675739792,2127.3807285524763,2106.3868397838664,2119.383056640625,704151,0.0,0.0
2023-12-27 00:00:00+00:00,2124.381572357106,2144.3757518616435,2106.3868108030224,2134.378662109375,1625228,0.0,0.0
2023-12-28 00:00:00+00:00,2134.37859606387,2148.374521283961,2132.3791781752857,2143.3759765625,1508090,0.0,0.0
2023-12-29 00:00:00+00:00,2147.374906257281,2154.3728691733895,2142.3763613172036,2145.37548828125,900864,0.0,0.0
2024-01-02 00:00:00+00:00,2150.3741000955997,2163.3703173439694,2134.378755789914,2136.378173828125,2046982,0.0,0.0
2024-01-03 00:00:00+00:00,2144.3755915452116,2152.37326274911,2125.8819531644203,2141.37646484375,6126051,0.0,0.0
2024-01-04 00:00:00+00:00,2135.3782771844235,2145.3753664970845,2114.384389627835,2132.379150390625,2182865,0.0,0.0
2024-01-05 00:00:00+00:00,2124.381572357106,2136.378080059829,2113.3847736296107,2134.378662109375,2986969,0.0,0.0
2024-01-08 00:00:00+00:00,2134.3787164383043,2156.372314453125,2132.3792984369566,2156.372314453125,8565029,0.0,0.0
2024-01-09 00:00:00+00:00,2161.370876686177,2173.367384789893,2154.3729136256757,2172.36767578125,3749496,0.0,0.0
2024-01-10 00:00:00+00:00,2177.36624782688,2189.36275607937,2163.370321532309,2183.364501953125,3491015,0.0,0.0
2024-01-11 00:00:00+00:00,2189.36275607937,2201.35926433186,2177.36624782688,2183.364501953125,4316284,0.0,0.0
2024-01-12 00:00:00+00:00,2189.3627189867425,2198.3601000236745,2171.367956912879,2177.3662109375,2140869,0.0,0.0
2024-01-15 00:00:00+00:00,2197.060258747535,2201.3590559449913,2174.366914932042,2189.362548828125,3760646,0.0,0.0
2024-01-16 00:00:00+00:00,2184.3639482377885,2224.3523042696015,2177.3659859322215,2219.353759765625,7556980,0.0,0.0
2024-01-17 00:00:00+00:00,2211.356239931427,2212.3559489006543,2180.3652618853716,2191.362060546875,2046148,0.0,0.0
2024-01-18 00:00:00+00:00,2154.6490094064297,2178.645100462464,2142.6509638784123,2174.645751953125,8442374,28.099998,0.0
2024-01-19 00:00:00+00:00,2180.644937738515,2194.642658567648,2163.6477053031394,2169.646728515625,4717673,0.0,0.0
2024-01-22 00:00:00+00:00,2169.6466467595264,2181.6446927323905,2161.3379413391094,2164.6474609375,3242697,0.0,0.0
2024-01-23 00:00:00+00:00,2118.654865378845,2144.6506305982175,2108.656494140625,2108.656494140625,2970431,0.0,0.0
2024-01-24 00:00:00+00:00,2107.6567392025354,2127.6534824587266,2094.6588560860114,2119.65478515625,4261904,0.0,0.0
2024-01-25 00:00:00+00:00,2122.654298469202,2153.059258740062,2117.655112650857,2143.65087890625,2504283,0.0,0.0
2024-01-26 00:00:00+00:00,2142.6510419699,2166.6471339005006,2136.65201898725,2146.650390625,2578837,0.0,0.0
2024-01-29 00:00:00+00:00,2156.648762490916,2173.6459942768897,2145.650553688227,2149.64990234375,3624231,0.0,0.0
2024-01-30 00:00:00+00:00,2157.6487630208335,2185.644205729167,2148.6502278645835,2180.64501953125,5353348,0.0,0.0
2024-01-31 00:00:00+00:00,2185.644205729167,2199.8918863932295,2177.6455078125,2177.6455078125,3898797,0.0,0.0
2024-02-01 00:00:00+00:00,2178.645262304779,2185.6441227160376,2142.651123046875,2142.651123046875,6017930,0.0,0.0
2024-02-02 00:00:00+00:00,2151.6495752960836,2155.64892394905,2122.654297562075,2131.65283203125,2899685,0.0,0.0
2024-02-05 00:00:00+00:00,2138.6515319143527,2155.6487624157758,2134.652183561077,2151.6494140625,5286832,0.0,0.0
2024-02-06 00:00:00+00:00,2159.6482753401756,2167.64697265625,2134.6523462274417,2167.64697265625,5880882,0.0,0.0
2024-02-07 00:00:00+00:00,2167.6469712936046,2175.6456686046513,2137.65185637718,2149.64990234375,5404230,0.0,0.0
2024-02-08 00:00:00+00:00,2200.641764322917,2233.636393229167,2191.643229166667,2210.64013671875,4692342,0.0,0.0
2024-02-09 00:00:00+00:00,2212.639730329304,2243.634683623569,2208.6403815171407,2226.637451171875,5732247,0.0,0.0
2024-02-12 00:00:00+00:00,2234.6361477938567,2239.6353338068184,2199.641845703125,2199.641845703125,2451243,0.0,0.0
2024-02-13 00:00:00+00:00,2191.6429026029746,2201.6412735090103,2177.645183334525,2184.64404296875,3620585,0.0,0.0
2024-02-14 00:00:00+00:00,2187.643717299005,2200.641600445663,2175.645671317475,2185.64404296875,2518293,0.0,0.0
2024-02-15 00:00:00+00:00,2202.641356863967,2204.641031268746,2185.644124423346,2187.643798828125,2496629,0.0,0.0
2024-02-16 00:00:00+00:00,2192.642984951756,2203.6411941786,2184.20441754737,2190.643310546875,2476066,0.0,0.0
2024-02-19 00:00:00+00:00,2186.6439617371134,2197.6421709639576,2172.680170925199,2190.643310546875,1301601,0.0,0.0
2024-02-20 00:00:00+00:00,2192.6429046782964,2214.6393223266878,2188.6435560149525,2206.640625,2258234,0.0,0.0
2024-02-21 00:00:00+00:00,2205.6407873906746,2207.6404617219446,2186.643881243611,2200.6416015625,1878583,0.0,0.0
2024-02-22 00:00:00+00:00,2203.6411946245175,2208.640380637731,2189.6434737875197,2202.641357421875,2340843,0.0,0.0
2024-02-23 00:00:00+00:00,2186.64404296875,2205.038021326065,2175.6458333333335,2180.64501953125,2340894,0.0,0.0
2024-02-26 00:00:00+00:00,2181.6446931857436,2191.6430648318747,2170.646484375,2170.646484375,4923225,0.0,0.0
2024-02-27 00:00:00+00:00,2165.6474609375,2168.64697265625,2147.650390625,2156.64892578125,4794438,0.0,0.0
2024-02-28 00:00:00+00:00,2161.647949444284,2167.646972430716,2144.6507176493938,2164.6474609375,4710749,0.0,0.0
2024-02-29 00:00:00+00:00,2167.647054111463,2183.644449344758,2161.6480308989776,2169.646728515625,8169428,0.0,0.0
2024-03-01 00:00:00+00:00,2184.644286433397,2190.643309645571,2164.647542392817,2166.647216796875,5844027,0.0,0.0
2024-03-04 00:00:00+00:00,2177.645344074769,2193.642738705254,2163.647623773095,2164.6474609375,2946494,0.0,0.0
2024-03-05 00:00:00+00:00,2161.647871289686,2200.1044973966145,2154.649011391893,2192.642822265625,2368269,0.0,0.0
2024-03-06 00:00:00+00:00,2195.642332979681,2200.6415186194345,2184.6441245722235,2186.643798828125,3687058,0.0,0.0
2024-03-07 00:00:00+00:00,2189.6432234186223,2201.64126847845,2151.6494140625,2151.6494140625,5968039,0.0,0.0
2024-03-08 00:00:00+00:00,2154.6490883904726,2176.6455059981713,2145.650553914596,2152.6494140625,3499693,0.0,0.0
2024-03-11 00:00:00+00:00,2149.6499831137976,2164.647541135522,2133.652587890625,2133.652587890625,3873508,0.0,0.0
2024-03-12 00:00:00+00:00,2149.649904362368,2177.6453449773194,2140.6513698789904,2176.6455078125,4570753,0.0,0.0
2024-03-13 00:00:00+00:00,2187.6437991614985,2198.6420083894586,2149.6499854649096,2196.642333984375,4151441,0.0,0.0
2024-03-14 00:00:00+00:00,2193.6427418441326,2209.640136497508,2181.6446958541005,2206.640625,4667779,0.0,0.0
2024-03-15 00:00:00+00:00,2198.6418460357418,2217.6387514812527,2187.153727190885,2201.641357421875,12869234,0.0,0.0
2024-03-18 00:00:00+00:00,2203.6411108072316,2205.6608014078197,2164.6474613873215,2170.646484375,11908911,0.0,0.0
2024-03-19 00:00:00+00:00,2168.646644563923,2170.646318740561,2135.142093970319,2151.6494140625,4560184,0.0,0.0
2024-03-20 00:00:00+00:00,2143.650717807425,2170.046319304265,2141.6510436303656,2154.64892578125,6257065,0.0,0.0
2024-03-21 00:00:00+00:00,2172.6462427389397,2244.6345213754807,2162.647870706087,2241.635009765625,6386569,0.0,0.0
2024-03-22 00:00:00+00:00,2249.6334658401365,2274.6293932383605,2243.634443264563,2265.630859375,5533693,0.0,0.0
2024-03-25 00:00:00+00:00,2260.631998697917,2274.6297200520835,2241.6350911458335,2258.63232421875,3533640,0.0,0.0
2024-03-26 00:00:00+00:00,2255.6328125,2287.627604166667,2255.6328125,2285.6279296875,2559548,0.0,0.0
2024-03-27 00:00:00+00:00,2287.627361721463,2303.624755859375,2284.627850320604,2303.624755859375,2193444,0.0,0.0
2024-03-28 00:00:00+00:00,2301.625244876305,2325.1214191832523,2291.6268728307955,2322.621826171875,3724880,0.0,0.0
2024-04-02 00:00:00+01:00,2317.6224701699816,2330.620352875853,2252.633056640625,2252.633056640625,4687565,0.0,0.0
2024-04-03 00:00:00+01:00,2248.6337890625,2252.633137731353,2231.6365572198756,2248.6337890625,5579541,0.0,0.0
2024-04-04 00:00:00+01:00,2240.6351717932166,2241.5949764519005,2219.638590531433,2220.638427734375,5962486,0.0,0.0
2024-04-05 00:00:00+01:00,2198.642009269649,2224.6377765461434,2187.643800037286,2220.638427734375,4406528,0.0,0.0
2024-04-08 00:00:00+01:00,2214.6392414261873,2220.6382642020594,2200.6415216158184,2213.639404296875,3128498,0.0,0.0
2024-04-09 00:00:00+01:00,2206.640542731604,2220.638262531442,2189.6433115460864,2198.641845703125,2800123,0.0,0.0
2024-04-10 00:00:00+01:00,2203.641114381478,2221.6381833737046,2194.642579885365,2218.638671875,4325910,0.0,0.0
2024-04-11 00:00:00+01:00,2216.638994405288,2216.638994405288,2167.9870058414745,2176.6455078125,7597669,0.0,0.0
2024-04-12 00:00:00+01:00,2185.643879611595,2194.6604768882426,2173.64583452681,2181.64453125,2785732,0.0,0.0
2024-04-15 00:00:00+01:00,2174.6458332584666,2197.662104318311,2162.647787281868,2173.64599609375,2937449,0.0,0.0
2024-04-16 00:00:00+01:00,2151.6494943029293,2160.6480284333784,2135.6521002932423,2141.651123046875,3074940,0.0,0.0
2024-04-17 00:00:00+01:00,2129.653239312573,2152.6494949483426,2116.6763483679742,2139.651611328125,5653434,0.0,0.0
2024-04-18 00:00:00+01:00,2156.6486829913338,2174.6457512777706,2148.6499859751398,2168.646728515625,8084431,0.0,0.0
2024-04-19 00:00:00+01:00,2166.6472181267377,2202.641357421875,2165.647380924095,2202.641357421875,3976388,0.0,0.0
2024-04-22 00:00:00+01:00,2216.6389984171897,2240.635090416293,2207.6404639175257,2230.63671875,2584291,0.0,0.0
2024-04-23 00:00:00+01:00,2241.6350093277047,2252.6332185616943,2216.6390792504553,2229.636962890625,2021036,0.0,0.0
2024-04-24 00:00:00+01:00,2228.63720703125,2237.6357421875,2217.6389973958335,2237.6357421875,2174721,0.0,0.0
2024-04-25 00:00:00+01:00,2231.63671875,2237.6357421875,2208.6404622395835,2231.63671875,3625006,0.0,0.0
2024-04-26 00:00:00+01:00,2239.6351713212202,2245.634194101545,2204.425818910054,2228.636962890625,2044943,0.0,0.0
2024-04-29 00:00:00+01:00,2224.6376946514692,2238.6354149773665,2211.639811491708,2215.63916015625,2456221,0.0,0.0
2024-04-30 00:00:00+01:00,2222.63818359375,2252.63330078125,2216.689200838407,2231.63671875,2996834,0.0,0.0
2024-05-01 00:00:00+01:00,2235.635819798053,2238.6353311841863,2196.642171778319,2201.641357421875,1408496,0.0,0.0
2024-05-02 00:00:00+01:00,2199.641846472591,2220.638427734375,2185.644125631402,2220.638427734375,5205192,0.0,0.0
2024-05-03 00:00:00+01:00,2220.638267476291,2243.634521484375,2207.6403847760694,2243.634521484375,1831595,0.0,0.0
2024-05-07 00:00:00+01:00,2277.6290686523866,2281.628417324296,2253.6329766209305,2272.6298828125,2531411,0.0,0.0
2024-05-08 00:00:00+01:00,2286.6276854399835,2291.6268714597472,2273.6298017885974,2283.628173828125,3120259,0.0,0.0
2024-05-09 00:00:00+01:00,2281.62841796875,2301.625161333945,2266.6308604448536,2281.62841796875,4681651,0.0,0.0
2024-05-10 00:00:00+01:00,2289.627197900306,2309.6239419867716,2288.6273606959826,2307.624267578125,2251969,0.0,0.0
2024-05-13 00:00:00+01:00,2313.623127514426,2331.620195922058,2293.6263848392796,2306.624267578125,6465740,0.0,0.0
2024-05-14 00:00:00+01:00,2305.624512770627,2320.6220703125,2299.6254897538774,2320.6220703125,2288150,0.0,0.0
2024-05-15 00:00:00+01:00,2292.626624640944,2292.626624640944,2201.6414424157692,2251.63330078125,12264226,0.0,0.0
2024-05-16 00:00:00+01:00,2266.6309401767617,2283.628172635079,2240.6351728875707,2250.633544921875,2852236,0.0,0.0
2024-05-17 00:00:00+01:00,2249.633545571185,2256.63240549074,2227.637128681156,2255.632568359375,2494421,0.0,0.0
2024-05-20 00:00:00+01:00,2260.6319160752623,2263.631427684385,2224.637776765793,2226.637451171875,1556242,0.0,0.0
2024-05-21 00:00:00+01:00,2218.6387536566353,2240.6351721246147,2209.6402188288257,2229.636962890625,3930043,0.0,0.0
2024-05-22 00:00:00+01:00,2224.6375375933353,2259.6318359375,2213.6393295423118,2259.6318359375,4744406,0.0,0.0
2024-05-23 00:00:00+01:00,2258.6321594156207,2264.631182415397,2229.4259784310348,2230.63671875,4360533,0.0,0.0
2024-05-24 00:00:00+01:00,2216.6390789226066,2226.6374509520274,2205.6408696902436,2220.638427734375,1543191,0.0,0.0
2024-05-28 00:00:00+01:00,2226.6371998605296,2238.6352449428496,2173.6458340802833,2178.64501953125,11811350,0.0,0.0
2024-05-29 00:00:00+01:00,2172.64599699009,2190.64306461357,2159.648114817577,2178.64501953125,8327568,0.0,0.0
2024-05-30 00:00:00+01:00,2180.6446941596014,2193.6425763347847,2164.6473007132217,2181.64453125,2644291,0.0,0.0
2024-05-31 00:00:00+01:00,2187.6437177449247,2197.6420893982377,2172.6461602649547,2191.64306640625,8422154,0.0,0.0
2024-06-03 00:00:00+01:00,2209.6401335656424,2216.638993717208,2156.6487638466474,2167.64697265625,8660037,0.0,0.0
2024-06-04 00:00:00+01:00,2170.646485046947,2195.6424141700118,2168.6468107171017,2179.64501953125,4786313,0.0,0.0
2024-06-05 00:00:00+01:00,2210.639972771925,2214.6393214336563,2189.6433922978363,2194.642578125,2771041,0.0,0.0
2024-06-06 00:00:00+01:00,2199.641683164453,2221.638099996097,2180.6447777189414,2201.641357421875,2361976,0.0,0.0
2024-06-07 00:00:00+01:00,2209.640138898577,2243.63460257394,2187.6437212262836,2239.63525390625,2999387,0.0,0.0
2024-06-10 00:00:00+01:00,2215.639159492524,2221.63818248754,2186.6438816832806,2206.640625,3033235,0.0,0.0
2024-06-11 00:00:00+01:00,2214.6393214336563,2218.638670095387,2186.6438808015378,2194.642578125,31034834,0.0,0.0
2024-06-12 00:00:00+01:00,2204.640792703565,2239.6350910004467,2180.6447024428453,2238.63525390625,4609175,0.0,0.0
2024-06-13 00:00:00+01:00,2222.7988007416598,2226.798438709706,2198.8009729333826,2219.799072265625,2220571,16.2,0.0
2024-06-14 00:00:00+01:00,2216.79931640625,2232.79786808081,2210.7998595282897,2216.79931640625,1920182,0.0,0.0
2024-06-17 00:00:00+01:00,2222.7988261238474,2222.7988261238474,2181.8025364832365,2195.80126953125,9497166,0.0,0.0
2024-06-18 00:00:00+01:00,2204.80040265033,2226.7984112028503,2195.8012173333896,2216.79931640625,3445185,0.0,0.0
2024-06-19 00:00:00+01:00,2208.8001222019248,2226.278521022867,2205.8003936520804,2225.798583984375,2517575,0.0,0.0
2024-06-20 00:00:00+01:00,2232.7980595947483,2239.7974265527255,2212.7998682862417,2237.797607421875,3658998,0.0,0.0
2024-06-21 00:00:00+01:00,2241.797192091011,2271.7944783366534,2232.7980062173183,2258.795654296875,7013258,0.0,0.0
2024-06-24 00:00:00+01:00,2258.7955172125667,2275.793978386809,2223.798685383244,2243.796875,3338282,0.0,0.0
2024-06-25 00:00:00+01:00,2245.7966829792836,2261.7952345944523,2217.7992176527387,2224.798583984375,3851106,0.0,0.0
2024-06-26 00:00:00+01:00,2226.798620021533,2235.7978061823746,2190.8018753781676,2194.801513671875,3736180,0.0,0.0
2024-06-27 00:00:00+01:00,2200.80078125,2216.799333044639,2196.8011433013403,2200.80078125,2142215,0.0,0.0
2024-06-28 00:00:00+01:00,2211.799735514323,2222.7987396240233,2153.8049865722655,2159.804443359375,2825299,0.0,0.0
2024-07-01 00:00:00+01:00,2172.803466796875,2177.803014580577,2146.805818321625,2172.803466796875,4968680,0.0,0.0
2024-07-02 00:00:00+01:00,2162.804343219567,2165.804071850939,2114.8086851176067,2142.80615234375,2761546,0.0,0.0
2024-07-03 00:00:00+01:00,2125.80754586552,2138.8063690528443,2113.808632154143,2135.806640625,2002055,0.0,0.0
2024-07-04 00:00:00+01:00,2150.805348295241,2168.8037194106823,2122.8078821156655,2160.804443359375,2144316,0.0,0.0
2024-07-05 00:00:00+01:00,2168.8037728853315,2171.8035014785337,2134.806848829038,2139.806396484375,2107183,0.0,0.0
2024-07-08 00:00:00+01:00,2144.8058368302277,2172.8033022993404,2141.387200997103,2154.804931640625,5002754,0.0,0.0
2024-07-09 00:00:00+01:00,2154.804994801948,2179.0676916584102,2126.8075285121777,2152.80517578125,4079174,0.0,0.0
2024-07-10 00:00:00+01:00,2159.8045338529614,2170.803538423509,2139.8063437246933,2160.804443359375,4884930,0.0,0.0
2024-07-11 00:00:00+01:00,2161.8042815360864,2171.803376270296,2155.804824695561,2170.803466796875,1988909,0.0,0.0
2024-07-12 00:00:00+01:00,2187.802146657887,2196.8013328187285,2156.804949881656,2194.801513671875,2222383,0.0,0.0
2024-07-15 00:00:00+01:00,2187.802110147981,2200.0658934492426,2170.8036476833945,2172.803466796875,1788643,0.0,0.0
2024-07-16 00:00:00+01:00,2165.8040640334452,2195.624364297334,2152.8052400110837,2177.802978515625,2095403,0.0,0.0
2024-07-17 00:00:00+01:00,2180.80269841284,2203.820635465232,2166.803964906293,2185.80224609375,4079955,0.0,0.0
2024-07-18 00:00:00+01:00,2195.801423245302,2217.799433860692,2171.803593483058,2194.801513671875,2650416,0.0,0.0
2024-07-19 00:00:00+01:00,2193.801604098448,2205.80051897957,2171.803593483058,2194.801513671875,1940536,0.0,0.0
2024-07-22 00:00:00+01:00,2203.8005815694887,2208.1871475266953,2183.8023911741216,2190.8017578125,2322315,0.0,0.0
2024-07-23 00:00:00+01:00,2256.7957115473187,2303.7914574235806,2245.7967071933,2289.792724609375,3902396,0.0,0.0
2024-07-24 00:00:00+01:00,2269.7946515536455,2310.790942616949,2262.79528478674,2293.79248046875,2469115,0.0,0.0
2024-07-25 00:00:00+01:00,2292.7924365319072,2320.318997323125,2286.792979654807,2305.791259765625,2733524,0.0,0.0
2024-07-26 00:00:00+01:00,2301.7917152672994,2369.026598108138,2300.7918057472007,2360.786376953125,2203174,0.0,0.0
2024-07-29 00:00:00+01:00,2365.7859879219213,2374.7851738438562,2352.78716381246,2358.78662109375,3755533,0.0,0.0
2024-07-30 00:00:00+01:00,2354.7868213138063,2374.785010879104,2354.7868213138063,2367.78564453125,1973783,0.0,0.0
2024-07-31 00:00:00+01:00,2379.7846508503753,2401.782660227984,2374.7851032645553,2395.783203125,3266261,0.0,0.0
2024-08-01 00:00:00+01:00,2402.7825508549527,2424.1795402324924,2378.784722631682,2384.7841796875,2794913,0.0,0.0
2024-08-02 00:00:00+01:00,2368.785653113915,2390.783662556087,2356.78673887273,2360.786376953125,8654395,0.0,0.0
2024-08-05 00:00:00+01:00,2366.7857769838315,2382.7843289195057,2308.7910262170117,2327.789306640625,6740645,0.0,0.0
2024-08-06 00:00:00+01:00,2341.788031173079,2351.7871260969605,2326.5694379931547,2335.78857421875,7476851,0.0,0.0
2024-08-07 00:00:00+01:00,2339.788330078125,2348.7875159630407,2315.7905010516824,2339.788330078125,2593201,0.0,0.0
2024-08-08 00:00:00+01:00,2339.7882038415905,2349.7872987298024,2325.7894709980937,2343.787841796875,2637343,0.0,0.0
2024-08-09 00:00:00+01:00,2341.788003685236,2353.7869174530515,2332.788818359375,2332.788818359375,2313197,0.0,0.0
2024-08-12 00:00:00+01:00,2336.7886468179163,2362.7862954346324,2336.7886468179163,2353.787109375,2286557,0.0,0.0
2024-08-13 00:00:00+01:00,2354.7868103572996,2362.786086146199,2335.788530358663,2348.787353515625,1128203,0.0,0.0
2024-08-14 00:00:00+01:00,2360.786395582743,2374.785128974593,2356.666651150529,2371.785400390625,3272565,0.0,0.0
2024-08-15 00:00:00+01:00,2379.7847584063943,2391.7836731546618,2373.7853010322606,2380.78466796875,4964694,0.0,0.0
2024-08-16 00:00:00+01:00,2378.7847311351297,2389.7837357767803,2371.7853645449886,2376.784912109375,2285092,0.0,0.0
2024-08-19 00:00:00+01:00,2371.785418934248,2386.784061971353,2362.7862331119845,2382.784423828125,1227254,0.0,0.0
2024-08-20 00:00:00+01:00,2382.7844051985076,2385.7841337824752,2362.7862146387215,2371.785400390625,1781866,0.0,0.0
2024-08-21 00:00:00+01:00,2369.7855813346464,2377.784857558561,2362.7862146387215,2371.785400390625,2928864,0.0,0.0
2024-08-22 00:00:00+01:00,2372.785391469905,2388.783944467595,2370.785572345194,2380.78466796875,4565048,0.0,0.0
2024-08-23 00:00:00+01:00,2383.784278699516,2387.585936620424,2367.785726493479,2376.784912109375,2179926,0.0,0.0
2024-08-27 00:00:00+01:00,2374.7850742162736,2394.783264314937,2362.0911546979582,2365.785888671875,4334546,0.0,0.0
2024-08-28 00:00:00+01:00,2375.785120156972,2385.784215780528,2370.785572345194,2380.78466796875,3869217,0.0,0.0
2024-08-29 00:00:00+01:00,2385.7841892297947,2434.7797572399622,2384.7842796785667,2404.782470703125,2964700,0.0,0.0
2024-08-30 00:00:00+01:00,2405.7823256842044,2410.7818733269396,2396.783139927281,2398.782958984375,3000353,0.0,0.0
2024-09-02 00:00:00+01:00,2402.7826243836516,2407.78217208316,2387.783981285127,2401.78271484375,1419182,0.0,0.0
2024-09-03 00:00:00+01:00,2406.7822898055806,2410.7819280104923,2392.78355608839,2404.782470703125,4306384,0.0,0.0
2024-09-04 00:00:00+01:00,2405.7824078381673,2434.77978515625,2403.7825887127824,2434.77978515625,4168775,0.0,0.0
2024-09-05 00:00:00+01:00,2424.7806352762195,2448.778464243902,2415.781449413339,2428.7802734375,2153154,0.0,0.0
2024-09-06 00:00:00+01:00,2425.7803750463127,2463.776934919256,2418.7810087539283,2445.778564453125,2313415,0.0,0.0
2024-09-09 00:00:00+01:00,2455.7777705294266,2484.775146484375,2448.7784039196113,2484.775146484375,841071,0.0,0.0
2024-09-10 00:00:00+01:00,2467.7765756893195,2481.7753082904746,2461.7771188602533,2472.776123046875,2123071,0.0,0.0
2024-09-11 00:00:00+01:00,2471.7763211007423,2476.8959749944815,2441.7790356504906,2457.777587890625,2686195,0.0,0.0
2024-09-12 00:00:00+01:00,2479.7755419682912,2480.77545146102,2448.7783476936875,2451.778076171875,6466609,0.0,0.0
2024-09-13 00:00:00+01:00,2450.7781835095634,2455.2277319590594,2411.7817130253234,2435.779541015625,2811697,0.0,0.0
2024-09-16 00:00:00+01:00,2433.779697027439,2464.7768911966464,2433.2196891249678,2459.77734375,1635374,0.0,0.0
2024-09-17 00:00:00+01:00,2464.77704520146,2477.7758693749365,2445.7787637171486,2458.777587890625,2753491,0.0,0.0
2024-09-18 00:00:00+01:00,2455.7777947180566,2471.7763471266435,2432.7798756307134,2433.77978515625,6086014,0.0,0.0
2024-09-19 00:00:00+01:00,2437.779468106219,2441.9521863275154,2408.782091332191,2420.781005859375,6080862,0.0,0.0
2024-09-20 00:00:00+01:00,2413.7816478288178,2434.7797483277427,2404.0955123238377,2412.78173828125,4315888,0.0,0.0
2024-09-23 00:00:00+01:00,2412.7815572263194,2427.7801993143403,2403.782371973507,2410.78173828125,1315597,0.0,0.0
2024-09-24 00:00:00+01:00,2402.7826428055714,2418.781195566657,2387.0040408507252,2412.78173828125,2266245,0.0,0.0
2024-09-25 00:00:00+01:00,2409.781904356543,2462.777108062309,2406.7821758448954,2454.77783203125,7121283,0.0,0.0
2024-09-26 00:00:00+01:00,2466.7766799487204,2469.776408379951,2413.7814776636446,2429.780029296875,3712782,0.0,0.0
2024-09-27 00:00:00+01:00,2431.7800204918035,2443.7789350665985,2425.780563204406,2439.779296875,1637171,0.0,0.0
2024-09-30 00:00:00+01:00,2434.7797385512936,2436.779557638399,2391.7836281785194,2393.783447265625,2869307,0.0,0.0
2024-10-01 00:00:00+01:00,2393.783421215881,2428.7802548593877,2386.5770419667433,2417.78125,2255005,0.0,0.0
2024-10-02 00:00:00+01:00,2416.7813218120327,2421.450821175633,2396.7831313129673,2406.7822265625,1921677,0.0,0.0
2024-10-03 00:00:00+01:00,2409.781856205015,2432.1797309970207,2405.7822182694053,2413.781494140625,1778037,0.0,0.0
2024-10-04 00:00:00+01:00,2408.781990861555,2409.2968368430475,2390.7836198214936,2400.78271484375,2600597,0.0,0.0
2024-10-07 00:00:00+01:00,2410.7819642130535,2411.781873779297,2388.0540393018227,2399.782958984375,1513149,0.0,0.0
2024-10-08 00:00:00+01:00,2399.7827422752807,2405.7821991309693,2384.7841001360603,2402.782470703125,3839016,0.0,0.0
2024-10-09 00:00:00+01:00,2412.781729507919,2428.780282210831,2403.782543612531,2420.781005859375,1440274,0.0,0.0
2024-10-10 00:00:00+01:00,2420.7809971149395,2437.779459300381,2413.7816303326986,2428.7802734375,1591526,0.0,0.0
2024-10-11 00:00:00+01:00,2427.7803007539333,2439.7792149256993,2418.541146606415,2430.780029296875,1469513,0.0,0.0
2024-10-14 00:00:00+01:00,2419.781115370196,2458.777587890625,2417.7812962665844,2458.777587890625,1608360,0.0,0.0
2024-10-15 00:00:00+01:00,2471.77634853718,2492.7744485854328,2457.777615171678,2460.77734375,2625086,0.0,0.0
2024-10-16 00:00:00+01:00,2483.775238620248,2511.772705078125,2474.776052973073,2511.772705078125,2037132,0.0,0.0
2024-10-17 00:00:00+01:00,2514.7723265490513,2526.790281479237,2501.773503389951,2526.771240234375,6719882,0.0,0.0
2024-10-18 00:00:00+01:00,2504.7733027716217,2519.771945303188,2481.7753842232196,2516.772216796875,5985697,0.0,0.0
2024-10-21 00:00:00+01:00,2513.772414257812,2523.771508984375,2493.7742248046875,2499.773681640625,1613229,0.0,0.0
2024-10-22 00:00:00+01:00,2490.774603578502,2493.7743321255657,2473.7761418118084,2484.775146484375,2104708,0.0,0.0
2024-10-23 00:00:00+01:00,2475.7759085226708,2507.7730123484885,2475.7729791003235,2505.773193359375,2310333,0.0,0.0
2024-10-24 00:00:00+01:00,2506.7730837651866,2514.7723596607275,2487.2157720862506,2494.774169921875,2152586,0.0,0.0
2024-10-25 00:00:00+01:00,2487.7747870308144,2517.77207144035,2487.7747870308144,2510.772705078125,2461951,0.0,0.0
2024-10-28 00:00:00+00:00,2513.7724903034714,2551.7690514138662,2510.772761794756,2543.769775390625,8736169,0.0,0.0
2024-10-29 00:00:00+00:00,2551.7690047554347,2554.768733209301,2515.7722633090416,2529.77099609375,2607929,0.0,0.0
2024-10-30 00:00:00+00:00,2513.772614630484,2529.7711674682278,2500.773790449817,2512.772705078125,3004653,0.0,0.0
2024-10-31 00:00:00+00:00,2495.7741799204773,2516.7722799919234,2489.7747227572067,2514.7724609375,3296629,0.0,0.0
2024-11-01 00:00:00+00:00,2515.772336327051,2551.269124061396,2499.773784108755,2546.76953125,3801566,0.0,0.0
2024-11-04 00:00:00+00:00,2544.7697223951736,2566.7677317832654,2544.2097144768463,2565.767822265625,2359220,0.0,0.0
2024-11-05 00:00:00+00:00,2569.7674889704113,2599.764774833879,2565.767850855282,2595.76513671875,1948582,0.0,0.0
2024-11-06 00:00:00+00:00,2614.7633477141094,2667.7585513197873,2609.8638888017513,2632.76171875,5314075,0.0,0.0
2024-11-07 00:00:00+00:00,2629.7619690059005,2644.7606114146797,2591.765408236994,2594.76513671875,3086158,0.0,0.0
2024-11-08 00:00:00+00:00,2599.7646675124474,2611.7635813625047,2588.765663149895,2610.763671875,1936546,0.0,0.0
2024-11-11 00:00:00+00:00,2622.7627322335775,2661.7592044246217,2621.7628226902175,2644.7607421875,1724786,0.0,0.0
2024-11-12 00:00:00+00:00,2641.7609575397205,2641.7609575397205,2604.7643052198987,2611.763671875,1796207,0.0,0.0
2024-11-13 00:00:00+00:00,2608.763844609852,2618.762939453125,2601.7644782195616,2618.762939453125,3604254,0.0,0.0
2024-11-14 00:00:00+00:00,2617.763084635417,2633.76163671875,2605.7641705729166,2624.762451171875,1774820,0.0,0.0
2024-11-15 00:00:00+00:00,2618.7629477750384,2637.7612280376293,2608.7638528999905,2610.763671875,2972791,0.0,0.0
2024-11-18 00:00:00+00:00,2605.7641433960243,2625.762333291619,2605.7641433960243,2621.7626953125,2210037,0.0,0.0
2024-11-19 00:00:00+00:00,2626.762387931188,2633.7617547814048,2606.76419693057,2628.76220703125,2502986,0.0,0.0
2024-11-20 00:00:00+00:00,2630.7618257015124,2638.761101492319,2608.7638172767943,2615.76318359375,2718738,0.0,0.0
2024-11-21 00:00:00+00:00,2620.762966621213,2634.7617005138864,2600.764775345965,2623.7626953125,2226146,0.0,0.0
2024-11-22 00:00:00+00:00,2635.7614304631466,2661.7590773493534,2625.762335506913,2648.76025390625,2072355,0.0,0.0
2024-11-25 00:00:00+00:00,2656.7596479258445,2663.6921262262545,2631.7619094244724,2652.760009765625,8884142,0.0,0.0
2024-11-26 00:00:00+00:00,2569.7675189117886,2746.7515075683596,2550.7692376435693,2679.757568359375,4711612,0.0,0.0
2024-11-27 00:00:00+00:00,2675.757841731915,2708.7548554752457,2657.759470599189,2705.755126953125,3598804,0.0,0.0
2024-11-28 00:00:00+00:00,2701.7555968172264,2714.7544209321873,2690.756591796875,2690.756591796875,2897553,0.0,0.0
2024-11-29 00:00:00+00:00,2685.7570440603517,2701.7555968172264,2684.757134513047,2690.756591796875,2143955,0.0,0.0
2024-12-02 00:00:00+00:00,2699.7557416514046,2711.8857477139513,2677.7577319046154,2695.756103515625,1845439,0.0,0.0
2024-12-03 00:00:00+00:00,2691.756457970981,2737.7522964058494,2690.7565484397883,2730.7529296875,3466015,0.0,0.0
2024-12-04 00:00:00+00:00,2749.7511677516577,2770.749267578125,2736.752344049559,2770.749267578125,1942507,0.0,0.0
2024-12-05 00:00:00+00:00,2768.7494672258326,2781.748291015625,2737.7522720347883,2781.748291015625,3510160,0.0,0.0
2024-12-06 00:00:00+00:00,2785.747872273156,2785.747872273156,2738.752125684198,2748.751220703125,3416982,0.0,0.0
2024-12-09 00:00:00+00:00,2756.750456000434,2763.749822410301,2689.7565203631366,2699.755615234375,2348214,0.0,0.0
2024-12-10 00:00:00+00:00,2691.7563285329634,2708.754789745839,2678.7575052525294,2680.75732421875,3146129,0.0,0.0
2024-12-11 00:00:00+00:00,2661.759135491648,2715.7542494347545,2654.7597688693936,2708.7548828125,5739476,0.0,0.0
2024-12-12 00:00:00+00:00,2695.755974823466,2700.7555222545184,2669.7583281819934,2672.758056640625,4649947,0.0,0.0
2024-12-13 00:00:00+00:00,2666.7585805983226,2677.757584867757,2647.760300496572,2661.759033203125,2051065,0.0,0.0
2024-12-16 00:00:00+00:00,2664.7588607874295,2668.7584988524013,2646.4026117238623,2654.759765625,1684265,0.0,0.0
2024-12-17 00:00:00+00:00,2641.7610144700834,2686.7569439368335,2639.761195382672,2671.75830078125,5563078,0.0,0.0
2024-12-18 00:00:00+00:00,2676.757694585467,2683.7570609889403,2665.7586902371518,2672.758056640625,2405364,0.0,0.0
2024-12-19 00:00:00+00:00,2646.76056127422,2661.7592044246217,2632.7618276671787,2644.7607421875,2339575,0.0,0.0
2024-12-20 00:00:00+00:00,2645.7606789395886,2649.760317154161,2622.762759205798,2647.760498046875,4446740,0.0,0.0
2024-12-23 00:00:00+00:00,2629.7621260812994,2667.7586891197366,2622.762759205798,2647.760498046875,1247648,0.0,0.0
2024-12-24 00:00:00+00:00,2653.759928077741,2656.7596567078213,2644.7607421875,2644.7607421875,552952,0.0,0.0
2024-12-27 00:00:00+00:00,2637.7613038488703,2657.759494173729,2632.7617562676555,2654.759765625,1229336,0.0,0.0
2024-12-30 00:00:00+00:00,2644.760733445186,2658.7594670059543,2638.7612762048566,2652.760009765625,1070194,0.0,0.0
2024-12-31 00:00:00+00:00,2632.76165831098,2661.759033203125,2631.76174883194,2661.759033203125,517811,0.0,0.0
2025-01-02 00:00:00+00:00,2668.758617545985,2689.7567183209817,2653.7599741352733,2685.757080078125,6796209,0.0,0.0
2025-01-03 00:00:00+00:00,2674.758038220105,2685.757043237085,2663.759033203125,2663.759033203125,3212910,0.0,0.0
2025-01-06 00:00:00+00:00,2663.758841160613,2668.7583885351637,2627.762100063848,2642.7607421875,3915684,0.0,0.0
2025-01-07 00:00:00+00:00,2632.7618452313736,2633.7617547814048,2581.7664581797976,2628.76220703125,8273360,0.0,0.0
2025-01-08 00:00:00+00:00,2625.762381220956,2671.758218820409,2623.762562194893,2662.759033203125,1643143,0.0,0.0
2025-01-09 00:00:00+00:00,2668.758627136141,2733.7527488161145,2665.7388807224493,2731.7529296875,3963924,0.0,0.0
2025-01-10 00:00:00+00:00,2730.7527815918147,2739.751966884501,2696.755859375,2696.755859375,1832222,0.0,0.0
2025-01-13 00:00:00+00:00,2693.7561834360986,2701.755459407698,2665.7587175355006,2675.7578125,1447647,0.0,0.0
2025-01-14 00:00:00+00:00,2674.7579834351777,2682.7572596473206,2647.7604262191967,2657.759521484375,1978379,0.0,0.0
2025-01-15 00:00:00+00:00,2659.7592333198886,2686.756789447572,2659.7592333198886,2672.758056640625,1631958,0.0,0.0
2025-01-16 00:00:00+00:00,2649.760138457784,2687.7566989337824,2639.761043595679,2672.758056640625,1658367,0.0,0.0
2025-01-17 00:00:00+00:00,2685.7570617333527,2700.755705041618,2671.738310258411,2674.758056640625,2215309,0.0,0.0
2025-01-20 00:00:00+00:00,2670.7583553184536,2706.7550984077325,2670.7583553184536,2676.7578125,1765246,0.0,0.0
2025-01-21 00:00:00+00:00,2686.756881945489,2704.7552533169137,2679.7575153010457,2700.755615234375,3363331,0.0,0.0
2025-01-22 00:00:00+00:00,2708.7549557143593,2747.75142794502,2707.7550461699834,2725.75341796875,6548030,0.0,0.0
2025-01-23 00:00:00+00:00,2728.7531920941205,2748.7513833150374,2724.7535538499374,2739.752197265625,8874438,0.0,0.0
2025-01-24 00:00:00+00:00,2735.75244845659,2742.751815101033,2673.7580581772377,2700.755615234375,2885250,0.0,0.0
2025-01-27 00:00:00+00:00,2683.7571719009266,2711.754638671875,2661.759162295181,2711.754638671875,1911014,0.0,0.0
2025-01-28 00:00:00+00:00,2716.754153738638,2770.749267578125,2714.7543347075457,2770.749267578125,7836181,0.0,0.0
2025-01-29 00:00:00+00:00,2774.7488316887084,2778.7484696442957,2749.746212095736,2753.750732421875,9338922,0.0,0.0
2025-01-30 00:00:00+00:00,2759.75018102824,2774.748823316437,2740.7519007965243,2761.75,1635623,0.0,0.0
2025-01-31 00:00:00+00:00,2765.7498198030503,2797.746925455146,2765.7498198030503,2790.74755859375,9321193,0.0,0.0
2025-02-03 00:00:00+00:00,2772.748990363191,2804.74609375,2772.748990363191,2804.74609375,1975278,0.0,0.0
2025-02-04 00:00:00+00:00,2789.74759329394,2803.238316059415,2757.75048828125,2757.75048828125,3301423,0.0,0.0
2025-02-05 00:00:00+00:00,2746.7514492677533,2789.74755859375,2740.7519921524977,2789.74755859375,2996912,0.0,0.0
2025-02-06 00:00:00+00:00,2775.748886275832,2787.74780076982,2722.753680594053,2733.752685546875,3322365,0.0,0.0
2025-02-07 00:00:00+00:00,2728.752959862184,2777.7485241836375,2723.7534124824438,2758.750244140625,4819639,0.0,0.0
2025-02-10 00:00:00+00:00,2753.7507049993183,2757.7503429150765,2739.7519722941656,2750.7509765625,1951672,0.0,0.0
2025-02-11 00:00:00+00:00,2759.7503269179188,2806.7460752386223,2756.2005992316895,2795.7470703125,2297627,0.0,0.0
2025-02-12 00:00:00+00:00,2799.7466113626324,2829.743896484375,2785.747878305819,2829.743896484375,4917729,0.0,0.0
2025-02-13 00:00:00+00:00,2841.7428739944307,2850.6409946577214,2810.7456786764055,2827.744140625,4378128,0.0,0.0
2025-02-14 00:00:00+00:00,2833.7435891564373,2840.742955819844,2812.745489166217,2835.743408203125,3014348,0.0,0.0
2025-02-17 00:00:00+00:00,2841.7427662927585,2842.74267578125,2801.7263690338477,2842.74267578125,3391994,0.0,0.0
2025-02-18 00:00:00+00:00,2846.742375160331,2852.7418322207322,2800.746537697256,2813.745361328125,1987890,0.0,0.0
2025-02-19 00:00:00+00:00,2808.745731673351,2829.4428326288858,2797.7467273841353,2804.74609375,2193632,0.0,0.0
2025-02-20 00:00:00+00:00,2817.744944515391,2817.744944515391,2794.7470262315537,2807.745849609375,4370346,0.0,0.0
2025-02-21 00:00:00+00:00,2802.7465005054078,2808.745957873596,2780.748490155383,2793.747314453125,4485514,0.0,0.0
2025-02-24 00:00:00+00:00,2785.7479017435453,2814.7452776051973,2769.749349544013,2778.74853515625,5010370,0.0,0.0
2025-02-25 00:00:00+00:00,2765.749648669262,2799.7465713210177,2763.7498296897475,2780.748291015625,1975625,0.0,0.0
2025-02-26 00:00:00+00:00,2797.7468158931947,2808.745820530373,2778.7204615249184,2778.74853515625,1904271,0.0,0.0
2025-02-27 00:00:00+00:00,2763.75,2788.7477387843705,2749.7512662807526,2763.75,3934854,0.0,0.0
2025-02-28 00:00:00+00:00,2753.750743074964,2779.7483898868554,2749.7511051039037,2772.7490234375,3882520,0.0,0.0
2025-03-03 00:00:00+00:00,2777.748564891326,2827.184031518224,2771.7491079477163,2807.745849609375,1605923,0.0,0.0
2025-03-04 00:00:00+00:00,2794.747061863823,2837.743170507882,2790.7474238504224,2802.746337890625,1957934,0.0,0.0
2025-03-05 00:00:00+00:00,2807.745944393382,2816.745130112592,2709.4018156030597,2719.75390625,4609082,0.0,0.0
2025-03-06 00:00:00+00:00,2714.7543809938156,2714.7543809938156,2590.7655989521095,2614.763427734375,4225261,0.0,0.0
2025-03-07 00:00:00+00:00,2599.7646758247697,2614.763318185297,2576.766757538627,2602.764404296875,2984332,0.0,0.0
2025-03-10 00:00:00+00:00,2601.764568113371,2646.7604964627567,2598.7648395567453,2619.762939453125,2368437,0.0,0.0
2025-03-11 00:00:00+00:00,2615.7632027383897,2650.7600345793085,2607.763926889037,2626.76220703125,6249997,0.0,0.0
2025-03-12 00:00:00+00:00,2633.7616914686073,2657.759520092467,2610.7637723707417,2630.761962890625,6091996,0.0,0.0
2025-03-13 00:00:00+00:00,2628.7620095387583,2647.7602895620507,2619.762824264567,2642.7607421875,3258126,0.0,0.0
2025-03-14 00:00:00+00:00,2643.760725299577,2659.7792950632875,2619.7628972333177,2659.75927734375,2163784,0.0,0.0
2025-03-17 00:00:00+00:00,2654.759892161861,2660.7593495452775,2596.7651374555003,2650.76025390625,1938066,0.0,0.0
2025-03-18 00:00:00+00:00,2656.7595553385418,2662.7590123697914,2605.7641705729166,2624.762451171875,3242594,0.0,0.0
2025-03-19 00:00:00+00:00,2569.7673447265624,2581.7662583984375,2464.7768500976563,2499.773681640625,4165966,0.0,0.0
2025-03-20 00:00:00+00:00,2424.7806891254413,2457.7777046887977,2394.7834022496627,2407.7822265625,9151814,0.0,0.0
2025-03-21 00:00:00+00:00,2415.781485277434,2435.779676380724,2391.7836559534862,2423.78076171875,7199176,0.0,0.0
2025-03-24 00:00:00+00:00,2419.7809890220906,2440.7790885136046,2410.7818035257274,2435.779541015625,2173713,0.0,0.0
2025-03-25 00:00:00+00:00,2448.7784836007168,2473.7762223063182,2442.7790263113725,2466.77685546875,5406844,0.0,0.0
2025-03-26 00:00:00+00:00,2467.7767032721104,2495.774169921875,2451.7781509008164,2495.774169921875,5765017,0.0,0.0
2025-03-27 00:00:00+00:00,2496.7739774648207,2564.767822265625,2496.7739774648207,2564.767822265625,5674187,0.0,0.0
2025-03-28 00:00:00+00:00,2565.767948814708,2578.7667731851643,2544.769847908586,2561.768310546875,3030684,0.0,0.0
2025-03-31 00:00:00+01:00,2548.7694048285716,2566.7677764593736,2543.7698571533488,2552.76904296875,2842379,0.0,0.0
2025-04-01 00:00:00+01:00,2568.767632547027,2579.7666375910194,2552.769079755765,2574.76708984375,2272525,0.0,0.0
2025-04-02 00:00:00+01:00,2582.766250011277,2600.2646663392666,2561.768150417689,2597.764892578125,2509997,0.0,0.0
2025-04-03 00:00:00+01:00,2594.76509548817,2634.761474609375,2559.7682637571156,2634.761474609375,4884274,0.0,0.0
2025-04-04 00:00:00+01:00,2629.7620942013195,2652.7600136563124,2509.77294921875,2509.77294921875,5013657,0.0,0.0
2025-04-07 00:00:00+01:00,2456.777671313996,2464.7769474110705,2343.787896442819,2349.787353515625,5509791,0.0,0.0
2025-04-08 00:00:00+01:00,2389.783802343114,2466.776836979273,2368.785701987798,2455.77783203125,6619664,0.0,0.0
2025-04-09 00:00:00+01:00,2427.7802990296123,2458.7774939513247,2382.7843709174485,2403.782470703125,2613066,0.0,0.0
2025-04-10 00:00:00+01:00,2491.774549127394,2544.769754225208,2462.7771727531185,2479.775634765625,2415319,0.0,0.0
2025-04-11 00:00:00+01:00,2499.773871353749,2512.7726954847885,2477.775861285836,2493.7744140625,2166778,0.0,0.0
2025-04-14 00:00:00+01:00,2520.77197265625,2527.771339498215,2501.7736912280593,2520.77197265625,2609093,0.0,0.0
2025-04-15 00:00:00+01:00,2535.770455489832,2563.7679210867227,2530.7709080618156,2556.7685546875,1526141,0.0,0.0
2025-04-16 00:00:00+01:00,2557.7684532989188,2573.767005000554,2501.773522343196,2537.770263671875,2147250,0.0,0.0
2025-04-17 00:00:00+01:00,2522.7716674804688,2554.7687714675376,2453.277957258553,2551.76904296875,1996588,0.0,0.0
2025-04-22 00:00:00+01:00,2568.767568072151,2584.7661204618566,2541.770010914522,2549.769287109375,2980524,0.0,0.0
2025-04-23 00:00:00+01:00,2560.7681790940173,2574.7669118184676,2509.772795597807,2510.772705078125,3057433,0.0,0.0
2025-04-24 00:00:00+01:00,2501.773599672834,2510.772785283168,2475.7759523540913,2492.7744140625,3477071,0.0,0.0
2025-04-25 00:00:00+01:00,2477.7758693749365,2499.7738795146656,2453.7780401315954,2458.777587890625,6140020,0.0,0.0
2025-04-28 00:00:00+01:00,2468.7765821994158,2476.7758582859265,2428.7802017668614,2438.779296875,2918581,0.0,0.0
2025-04-29 00:00:00+01:00,2428.780220424107,2449.7783203125,2403.7824824617346,2449.7783203125,3791494,0.0,0.0
2025-04-30 00:00:00+01:00,2463.7771017424543,2517.772216796875,2443.778910981558,2517.772216796875,5270260,0.0,0.0
2025-05-01 00:00:00+01:00,2521.7718725410296,2527.771329811151,2496.7741339155236,2501.773681640625,1484728,0.0,0.0
2025-05-02 00:00:00+01:00,2529.77103397764,2563.767956963901,2516.772210482893,2551.76904296875,2653719,0.0,0.0
2025-05-06 00:00:00+01:00,2550.769261400485,2601.7646484375,2537.770437253795,2601.7646484375,6726369,0.0,0.0
2025-05-07 00:00:00+01:00,2585.765953500429,2623.7625143020596,2578.766587036971,2621.7626953125,2629938,0.0,0.0
2025-05-08 00:00:00+01:00,2634.761499575115,2670.7582411252874,2610.763671875,2610.763671875,3004224,0.0,0.0
2025-05-09 00:00:00+01:00,2615.763409458973,2620.7629572599267,2591.7655800143953,2604.764404296875,3820027,0.0,0.0
2025-05-12 00:00:00+01:00,2609.763880071403,2624.762523060319,2585.766051289137,2614.763427734375,2105249,0.0,0.0
2025-05-13 00:00:00+01:00,2610.7637076623055,2615.7632551683614,2583.7661511296046,2605.76416015625,2577584,0.0,0.0
2025-05-14 00:00:00+01:00,2517.772253514087,2609.7639323557455,2481.775509619525,2539.770263671875,4582447,0.0,0.0
2025-05-15 00:00:00+01:00,2546.76961540769,2636.761474609375,2546.76961540769,2636.761474609375,4383307,0.0,0.0
2025-05-16 00:00:00+01:00,2654.7596641699774,2662.7589399942185,2631.7617461752848,2634.761474609375,2375990,0.0,0.0
2025-05-19 00:00:00+01:00,2623.762478587743,2626.76220703125,2581.76628037864,2626.76220703125,1714222,0.0,0.0
2025-05-20 00:00:00+01:00,2637.761197550913,2671.758119733146,2618.7629175079,2669.75830078125,1590096,0.0,0.0
2025-05-21 00:00:00+01:00,2666.7586458672545,2694.7561119655984,2661.759098349693,2686.7568359375,1730293,0.0,0.0
2025-05-22 00:00:00+01:00,2673.7580395780087,2706.7550535294204,2669.8824137383676,2689.756591796875,1698835,0.0,0.0
2025-05-23 00:00:00+01:00,2694.756229986094,2710.7547827429685,2661.7592149250395,2690.756591796875,2938559,0.0,0.0
2025-05-27 00:00:00+01:00,2691.7563560247063,2730.752826264292,2683.757080078125,2683.757080078125,3046039,0.0,0.0
2025-05-28 00:00:00+01:00,2688.75678078525,2702.755514489599,2651.2601726486023,2655.759765625,1530384,0.0,0.0
2025-05-29 00:00:00+01:00,2668.758534971993,2675.7579016804243,2643.7607967275944,2649.76025390625,1001111,0.0,0.0
2025-05-30 00:00:00+01:00,2649.760334505458,2654.759882306412,2599.3449725985756,2604.764404296875,6801013,0.0,0.0
2025-06-02 00:00:00+01:00,2589.7657154573526,2616.7632731088383,2576.766891402933,2590.765625,1499023,0.0,0.0
2025-06-03 00:00:00+01:00,2606.764159020712,2613.7635257691377,2571.7673252785853,2579.7666015625,2692749,0.0,0.0
2025-06-04 00:00:00+01:00,2590.765515567444,2598.7647915707394,2565.767778057144,2578.7666015625,3971590,0.0,0.0
2025-06-05 00:00:00+01:00,2583.7661595157333,2597.764892578125,2563.767969426602,2597.764892578125,2487160,0.0,0.0
2025-06-06 00:00:00+01:00,2591.765498603621,2596.765046247532,2577.7667652006694,2595.76513671875,1173343,0.0,0.0
2025-06-09 00:00:00+01:00,2595.765126676489,2598.764855251231,2566.767750453986,2576.766845703125,1145871,0.0,0.0
2025-06-10 00:00:00+01:00,2579.766450659629,2625.7622866016222,2564.7678085046314,2607.763916015625,2013483,0.0,0.0
2025-06-11 00:00:00+01:00,2613.763364646048,2626.762187806109,2593.765175169032,2615.76318359375,4251947,0.0,0.0
2025-06-12 00:00:00+01:00,2604.7643399497338,2628.7821865216706,2579.7666015625,2579.7666015625,6403222,0.0,0.0
2025-06-13 00:00:00+01:00,2548.7692514537553,2565.7677125266127,2525.771333531654,2553.768798828125,4666464,0.0,0.0
2025-06-16 00:00:00+01:00,2554.768862038839,2581.766419485042,2532.7708522678586,2552.76904296875,1622107,0.0,0.0
2025-06-17 00:00:00+01:00,2542.7698028156915,2556.788553228176,2534.770526990868,2545.76953125,1392671,0.0,0.0
2025-06-18 00:00:00+01:00,2537.770461858918,2545.769738334439,2488.7748934463543,2496.774169921875,2708709,0.0,0.0
2025-06-19 00:00:00+01:00,2466.0,2493.0,2464.0,2470.0,1242072,16.559473,0.0
2025-06-20 00:00:00+01:00,2477.0,2500.0,2473.0,2485.0,5121668,0.0,0.0
2025-06-23 00:00:00+01:00,2481.0,2521.0,2480.0,2512.0,2092140,0.0,0.0
2025-06-24 00:00:00+01:00,2531.0,2542.0,2477.0,2477.0,9388542,0.0,0.0
2025-06-25 00:00:00+01:00,2460.0,2489.0,2453.0,2462.0,2276651,0.0,0.0
2025-06-26 00:00:00+01:00,2452.0,2470.68994140625,2439.0,2453.0,3865723,0.0,0.0
2025-06-27 00:00:00+01:00,2468.0,2504.0,2462.0,2500.0,2174145,0.0,0.0
2025-06-30 00:00:00+01:00,2505.0,2520.0,2467.0,2467.0,2120388,0.0,0.0
2025-07-01 00:00:00+01:00,2479.0,2531.0,2479.0,2527.0,3138541,0.0,0.0
2025-07-02 00:00:00+01:00,2533.0,2533.0,2490.0,2514.0,3050427,0.0,0.0
2025-07-03 00:00:00+01:00,2513.0,2529.0,2494.0,2504.0,1965300,0.0,0.0
2025-07-04 00:00:00+01:00,2498.0,2500.361083984375,2473.0,2497.0,1882537,0.0,0.0
