Date,Open,High,Low,Close,Volume,Dividends,Stock Splits,Capital Gains
2020-07-06 00:00:00-04:00,91.4180140877443,92.31305061576107,91.22757537418127,92.09405517578125,200600,0.0,0.0,0.0
2020-07-07 00:00:00-04:00,91.83697599011654,93.06527860136583,91.5989330173433,91.74176025390625,85900,0.0,0.0,0.0
2020-07-08 00:00:00-04:00,91.9226706971496,92.73201531170041,91.26566980011091,92.61775207519531,167700,0.0,0.0,0.0
2020-07-09 00:00:00-04:00,93.07480489099258,93.1509803878349,91.3513760457825,92.71298217773438,89100,0.0,0.0,0.0
2020-07-10 00:00:00-04:00,92.63679813817231,94.36975057680321,92.22736396102077,94.21739959716797,349100,0.0,0.0,0.0
2020-07-13 00:00:00-04:00,95.1029243854765,95.59805782924805,92.15119302197427,92.36067199707031,1250700,0.0,0.0,0.0
2020-07-14 00:00:00-04:00,91.46563370237256,93.27476183080067,90.98954773512807,93.22715759277344,211600,0.0,0.0,0.0
2020-07-15 00:00:00-04:00,93.81748466921961,94.27453032169305,92.92244086806014,93.96031188964844,215600,0.0,0.0,0.0
2020-07-16 00:00:00-04:00,93.25570189370809,94.15073838324709,92.8462677577669,94.10313415527344,135100,0.0,0.0,0.0
2020-07-17 00:00:00-04:00,94.16981605729953,94.16981605729953,92.97007725477201,93.79846954345703,143900,0.0,0.0,0.0
2020-07-20 00:00:00-04:00,93.65562912351507,95.08388698050504,93.12241518154393,94.8934555053711,115000,0.0,0.0,0.0
2020-07-21 00:00:00-04:00,95.55996168445971,95.55996168445971,94.21739596996507,94.5697021484375,118600,0.0,0.0,0.0
2020-07-22 00:00:00-04:00,94.43641345936494,94.59828094595957,93.94128724610621,94.54115295410156,98600,0.0,0.0,0.0
2020-07-23 00:00:00-04:00,94.62683474764762,94.74109798354937,92.4273201241251,92.86531829833984,126100,0.0,0.0,0.0
2020-07-24 00:00:00-04:00,92.303539026535,92.99862039056565,91.96075658842597,92.77962493896484,423100,0.0,0.0,0.0
2020-07-27 00:00:00-04:00,93.08434819448983,93.70326152345588,92.80821740881278,93.52234649658203,102400,0.0,0.0,0.0
2020-07-28 00:00:00-04:00,93.39852816340492,93.81748607909375,92.69392306705994,92.78913879394531,84500,0.0,0.0,0.0
2020-07-29 00:00:00-04:00,93.2081189981534,93.9698595243773,93.09385573987099,93.7413330078125,79600,0.0,0.0,0.0
2020-07-30 00:00:00-04:00,92.93196771650655,94.23644571863116,92.53205729757589,94.13170623779297,100900,0.0,0.0,0.0
2020-07-31 00:00:00-04:00,95.43616662671154,95.43616662671154,93.71273101930255,95.1219482421875,128100,0.0,0.0,0.0
2020-08-03 00:00:00-04:00,95.33147030518873,95.65520532217162,94.7411210063126,95.40763854980469,106600,0.0,0.0,0.0
2020-08-04 00:00:00-04:00,95.39812051546687,96.05511429356201,95.22672925498634,95.87420654296875,115400,0.0,0.0,0.0
2020-08-05 00:00:00-04:00,96.42642789149149,96.53116736294096,95.7218228454172,96.03604125976562,117100,0.0,0.0,0.0
2020-08-06 00:00:00-04:00,95.96939885146499,97.94039423325383,95.74087964814738,97.80709075927734,105200,0.0,0.0,0.0
2020-08-07 00:00:00-04:00,97.67379627685168,99.29248561814596,97.18818656866532,97.89279174804688,125700,0.0,0.0,0.0
2020-08-10 00:00:00-04:00,97.96896857892126,98.70214502776814,96.81684142379999,97.67379760742188,107200,0.0,0.0,0.0
2020-08-11 00:00:00-04:00,97.63570645806792,98.24509588641924,96.25505285907272,96.36931610107422,405300,0.0,0.0,0.0
2020-08-12 00:00:00-04:00,96.92157291941703,98.10226397249008,96.92157291941703,97.36909484863281,170900,0.0,0.0,0.0
2020-08-13 00:00:00-04:00,97.39765658506543,98.35935215974818,97.39765658506543,97.80709075927734,113500,0.0,0.0,0.0
2020-08-14 00:00:00-04:00,97.78804325471242,98.11178545186566,97.55000029911234,97.80709075927734,79000,0.0,0.0,0.0
2020-08-17 00:00:00-04:00,98.14988358885374,98.14988358885374,97.50240639048528,97.82614135742188,211100,0.0,0.0,0.0
2020-08-18 00:00:00-04:00,97.98799899882691,98.92112325256075,97.74995605957935,98.6926040649414,105300,0.0,0.0,0.0
2020-08-19 00:00:00-04:00,98.72119420326143,99.4257994560022,98.1213284526911,98.31175994873047,95500,0.0,0.0,0.0
2020-08-20 00:00:00-04:00,97.98801057555298,99.44483237354427,97.82613583672462,99.349609375,88300,0.0,0.0,0.0
2020-08-21 00:00:00-04:00,99.34961302075655,99.34961302075655,98.69261934655992,98.84496307373047,108600,0.0,0.0,0.0
2020-08-24 00:00:00-04:00,99.50194057360483,100.32080879967626,99.39720110763103,99.9208984375,129600,0.0,0.0,0.0
2020-08-25 00:00:00-04:00,99.99708194230526,100.92068977558726,99.84473822772482,100.77786254882812,103700,0.0,0.0,0.0
2020-08-26 00:00:00-04:00,101.13018387025424,103.95813577811276,101.06353212306041,103.8724365234375,92200,0.0,0.0,0.0
2020-08-27 00:00:00-04:00,103.87241131631336,103.87241131631336,102.51081270613471,102.90119934082031,90300,0.0,0.0,0.0
2020-08-28 00:00:00-04:00,103.31064825900269,103.42491149902344,102.77743433456233,103.42491149902344,78200,0.0,0.0,0.0
2020-08-31 00:00:00-04:00,103.54868269654362,103.54868269654362,102.63459864516862,102.81551361083984,194400,0.0,0.0,0.0
2020-09-01 00:00:00-04:00,103.04404615034937,103.88195482315056,102.84409091926598,103.8343505859375,95200,0.0,0.0,0.0
2020-09-02 00:00:00-04:00,104.32948270711756,106.16717490410933,104.04382820964906,105.86248016357422,104700,0.0,0.0,0.0
2020-09-03 00:00:00-04:00,105.17690623359915,105.17690623359915,101.37774242164744,102.55843353271484,159700,0.0,0.0,0.0
2020-09-04 00:00:00-04:00,102.27278470185685,102.577479411638,98.00705150042604,100.63504791259766,158200,0.0,0.0,0.0
2020-09-08 00:00:00-04:00,98.24509068368275,99.63526069752132,97.88326799991478,98.3212661743164,191800,0.0,0.0,0.0
2020-09-09 00:00:00-04:00,99.52099605837473,100.23512492788358,98.5021724951219,99.36865234375,242700,0.0,0.0,0.0
2020-09-10 00:00:00-04:00,99.93995864485102,100.69217529420195,97.64522821473798,97.94039916992188,414100,0.0,0.0,0.0
2020-09-11 00:00:00-04:00,98.42616924534897,98.62659013141652,96.53648244447622,97.50995635986328,151900,0.239,0.0,0.0
2020-09-14 00:00:00-04:00,98.54069147774656,99.58097228010931,98.02532040157533,98.03486633300781,245600,0.0,0.0,0.0
2020-09-15 00:00:00-04:00,98.94154395030762,100.05817776239502,98.78884543789005,99.68596649169922,102700,0.0,0.0,0.0
2020-09-16 00:00:00-04:00,99.8959390701997,100.50674771787057,98.84611216210375,98.95109558105469,146100,0.0,0.0,0.0
2020-09-17 00:00:00-04:00,97.40499811814055,97.91082343006447,96.11657364256908,97.23320770263672,1327000,0.0,0.0,0.0
2020-09-18 00:00:00-04:00,97.54815382635326,97.72949016866515,94.95221311740431,96.11656951904297,163400,0.0,0.0,0.0
2020-09-21 00:00:00-04:00,94.79951353143558,95.1430943439115,93.7019641183272,94.98084259033203,400800,0.0,0.0,0.0
2020-09-22 00:00:00-04:00,95.7443647852052,96.84191428612465,95.10492549804351,96.73693084716797,246800,0.0,0.0,0.0
2020-09-23 00:00:00-04:00,96.87050899777023,96.95640053530126,93.95961886901621,94.2173080444336,1995500,0.0,0.0,0.0
2020-09-24 00:00:00-04:00,93.58744655914643,95.20036739442818,93.3202186227148,94.25552368164062,81100,0.0,0.0,0.0
2020-09-25 00:00:00-04:00,94.3032088616748,95.88749866965922,93.72103077863598,95.658447265625,135300,0.0,0.0,0.0
2020-09-28 00:00:00-04:00,96.98505106672658,97.14729551320163,96.32652006685214,96.95641326904297,116500,0.0,0.0,0.0
2020-09-29 00:00:00-04:00,97.09959514895715,97.44317598493593,96.52696284946407,97.13777160644531,112600,0.0,0.0,0.0
2020-09-30 00:00:00-04:00,97.20457146202601,98.21622930777558,96.69874617985833,97.22366333007812,112100,0.0,0.0,0.0
2020-10-01 00:00:00-04:00,98.0062565646759,98.92246957799591,98.0062565646759,98.8365707397461,95400,0.0,0.0,0.0
2020-10-02 00:00:00-04:00,96.92780731950914,98.25440830663844,96.82282387896669,97.1664047241211,172300,0.0,0.0,0.0
2020-10-05 00:00:00-04:00,97.67220911779101,98.74112788260592,97.45270363019822,98.69341278076172,123400,0.0,0.0,0.0
2020-10-06 00:00:00-04:00,98.50252668036917,98.92246033610512,96.77508423885861,96.95641326904297,185600,0.0,0.0,0.0
2020-10-07 00:00:00-04:00,97.67221883365555,97.96808453273951,96.88008107524134,97.75811767578125,94800,0.0,0.0,0.0
2020-10-08 00:00:00-04:00,98.30211083106535,98.92246541395185,98.26393438027397,98.8174819946289,479600,0.0,0.0,0.0
2020-10-09 00:00:00-04:00,99.45692599943347,99.5905399429951,99.13243707404487,99.44738006591797,130400,0.0,0.0,0.0
2020-10-12 00:00:00-04:00,100.63082276868043,102.41552632386639,100.26815012899809,101.49931335449219,126000,0.0,0.0,0.0
2020-10-13 00:00:00-04:00,101.93833838979603,102.00514536237608,101.31799105072996,101.68065643310547,137000,0.0,0.0,0.0
2020-10-14 00:00:00-04:00,101.95741927966657,102.22464714121536,100.26814599836965,100.46856689453125,145100,0.0,0.0,0.0
2020-10-15 00:00:00-04:00,99.3519380540788,100.13453709421992,99.12288663002649,100.00092315673828,129700,0.0,0.0,0.0
2020-10-16 00:00:00-04:00,100.58311282440084,100.8026256219568,99.74325265229426,99.84823608398438,119500,0.0,0.0,0.0
2020-10-19 00:00:00-04:00,100.26814914059416,100.54492294341847,97.88217561426049,98.25438690185547,85200,0.0,0.0,0.0
2020-10-20 00:00:00-04:00,98.53116069857937,99.60007945961948,98.0157895431536,98.8270263671875,66700,0.0,0.0,0.0
2020-10-21 00:00:00-04:00,100.02002812362032,101.3275371518657,100.02002812362032,100.49722290039062,65400,0.0,0.0,0.0
2020-10-22 00:00:00-04:00,100.80261730718436,101.43251056395354,100.05818741258265,101.21300506591797,65800,0.0,0.0,0.0
2020-10-23 00:00:00-04:00,101.85245263879641,102.41553897101818,101.14620641962212,102.3487319946289,55500,0.0,0.0,0.0
2020-10-26 00:00:00-04:00,101.51840613444193,101.84289504506492,98.99881862562596,100.00092315673828,88900,0.0,0.0,0.0
2020-10-27 00:00:00-04:00,100.26816070196679,100.67854848707229,99.71462031390581,100.51630401611328,112400,0.0,0.0,0.0
2020-10-28 00:00:00-04:00,98.69342058902932,98.69342058902932,96.64148173063846,96.80372619628906,237300,0.0,0.0,0.0
2020-10-29 00:00:00-04:00,97.73903548357798,100.039110469748,97.54815320829742,99.2374267578125,222300,0.0,0.0,0.0
2020-10-30 00:00:00-04:00,99.85777501722076,100.39223811134823,97.0805052402558,97.95854187011719,95000,0.0,0.0,0.0
2020-11-02 00:00:00-05:00,98.59796401651559,99.638252221762,97.40497729758026,98.18757629394531,103800,0.0,0.0,0.0
2020-11-03 00:00:00-05:00,99.07516391092102,100.39222597794735,98.66477616678307,99.69551849365234,103200,0.0,0.0,0.0
2020-11-04 00:00:00-05:00,102.32961762003909,104.52470854914486,102.11010488642242,103.75165557861328,167600,0.0,0.0,0.0
2020-11-05 00:00:00-05:00,105.3645986714299,106.41442562942851,104.8205969661952,105.86087799072266,207800,0.0,0.0,0.0
2020-11-06 00:00:00-05:00,106.1376415631228,106.5003069044615,105.11644522271422,106.27125549316406,201700,0.0,0.0,0.0
2020-11-09 00:00:00-05:00,108.0464273911423,108.4854456588077,105.60319276016493,105.66045379638672,153600,0.0,0.0,0.0
2020-11-10 00:00:00-05:00,104.61065028870588,105.55549400494229,103.48447020862245,105.39324951171875,1030500,0.0,0.0,0.0
2020-11-11 00:00:00-05:00,105.97541476242114,106.36671068514863,105.69864092370447,106.2140121459961,130400,0.0,0.0,0.0
2020-11-12 00:00:00-05:00,106.00403161795299,106.71027774349338,105.39322297725641,105.76543426513672,67600,0.0,0.0,0.0
2020-11-13 00:00:00-05:00,106.61485262985717,107.47380465594811,106.08039682758466,107.40699768066406,79400,0.0,0.0,0.0
2020-11-16 00:00:00-05:00,107.61694719227616,108.49498366344227,107.57877074378028,108.20866394042969,92400,0.0,0.0,0.0
2020-11-17 00:00:00-05:00,107.92238422350214,108.39957905227806,107.42609752398265,108.06554412841797,199300,0.0,0.0,0.0
2020-11-18 00:00:00-05:00,107.96053577749542,108.38046217858047,107.10158382757261,107.11112976074219,81500,0.0,0.0,0.0
2020-11-19 00:00:00-05:00,106.84389611063736,108.11323582781363,106.7484586218346,107.97962188720703,76300,0.0,0.0,0.0
2020-11-20 00:00:00-05:00,107.98916817516236,108.49499342075046,107.74102487832934,107.84600830078125,81500,0.0,0.0,0.0
2020-11-23 00:00:00-05:00,108.32321219643315,108.81949155069142,107.34019214064598,108.2754898071289,99300,0.0,0.0,0.0
2020-11-24 00:00:00-05:00,108.8004056756507,110.23198996085662,108.61906933613872,110.12700653076172,129500,0.0,0.0,0.0
2020-11-25 00:00:00-05:00,110.35604512085219,110.35604512085219,109.13442783815744,110.06973266601562,80900,0.0,0.0,0.0
2020-11-27 00:00:00-05:00,110.47057791827471,111.03366419401073,110.29878752744763,110.7950668334961,51800,0.0,0.0,0.0
2020-11-30 00:00:00-05:00,110.47057847768099,110.47057847768099,109.0103637889633,110.0029296875,82200,0.0,0.0,0.0
2020-12-01 00:00:00-05:00,110.62329738807561,112.5034387047752,110.62329738807561,111.90217590332031,101200,0.0,0.0,0.0
2020-12-02 00:00:00-05:00,111.76854993089847,113.1524117314673,111.1577412607178,112.98062133789062,117600,0.0,0.0,0.0
2020-12-03 00:00:00-05:00,112.8565727962984,113.39102865454097,112.56071434354483,112.69432830810547,93100,0.0,0.0,0.0
2020-12-04 00:00:00-05:00,112.78975691480277,113.20014471112049,112.55115952813932,113.00926971435547,124800,0.0,0.0,0.0
2020-12-07 00:00:00-05:00,112.9233666245589,113.99228549794466,112.82792912976343,113.7345962524414,127400,0.0,0.0,0.0
2020-12-08 00:00:00-05:00,113.5723491888213,113.9063840536821,112.9042794590997,113.70596313476562,77300,0.0,0.0,0.0
2020-12-09 00:00:00-05:00,114.06864479556053,114.8035288845278,111.9499059440891,112.56071472167969,435700,0.0,0.0,0.0
2020-12-10 00:00:00-05:00,111.8926193200517,113.04742970390917,110.92869119886515,112.88518524169922,90400,0.0,0.0,0.0
2020-12-11 00:00:00-05:00,112.82790712536993,113.98271733442917,112.7992766106564,113.90636444091797,105300,0.0,0.0,0.0
2020-12-14 00:00:00-05:00,114.16406214961292,114.72714839806991,113.28601837158203,113.28601837158203,175100,0.0,0.0,0.0
2020-12-15 00:00:00-05:00,113.89684981420581,114.32632949719219,112.94246022723341,114.29769897460938,233600,0.0,0.0,0.0
2020-12-16 00:00:00-05:00,114.5744660745602,114.5744660745602,113.79186695063281,114.1163558959961,108800,0.0,0.0,0.0
2020-12-17 00:00:00-05:00,114.68238987874848,115.00748235653434,113.91745524461173,114.20430755615234,81800,0.222,0.0,0.0
2020-12-18 00:00:00-05:00,114.48161109938646,114.48161109938646,113.42026762129834,113.88878631591797,119400,0.0,0.0,0.0
2020-12-21 00:00:00-05:00,112.85612264311334,113.39157256098274,111.68960049779098,113.24815368652344,103800,0.0,0.0,0.0
2020-12-22 00:00:00-05:00,113.31508989143805,113.31508989143805,111.88084272433592,112.56928253173828,66900,0.0,0.0,0.0
2020-12-23 00:00:00-05:00,113.02824081079838,113.95572183955682,112.89437832159184,113.33421325683594,70300,0.0,0.0,0.0
2020-12-24 00:00:00-05:00,113.54454513731432,113.61147636686013,112.97084784192768,113.41068267822266,27900,0.0,0.0,0.0
2020-12-28 00:00:00-05:00,114.25211594258077,115.06485446423528,113.68798228112377,114.82581329345703,144200,0.0,0.0,0.0
2020-12-29 00:00:00-05:00,115.217848722985,115.3612748899305,114.53897264739804,114.8162612915039,125900,0.0,0.0,0.0
2020-12-30 00:00:00-05:00,115.06485613565177,115.06485613565177,114.08000766493285,114.13738250732422,74500,0.0,0.0,0.0
2020-12-31 00:00:00-05:00,114.2234474675728,115.06486987522173,113.98440626477904,114.9310073852539,154300,0.0,0.0,0.0
2021-01-04 00:00:00-05:00,115.43778226249154,115.43778226249154,111.80435301799191,113.17166900634766,204700,0.0,0.0,0.0
2021-01-05 00:00:00-05:00,113.0569210338415,114.12782820878834,112.97086970561027,113.76448822021484,103200,0.0,0.0,0.0
2021-01-06 00:00:00-05:00,112.32066006384785,114.6058929420969,112.24416514278715,113.71665954589844,159100,0.0,0.0,0.0
2021-01-07 00:00:00-05:00,114.39554371615004,115.71504837125623,114.36685994244564,115.4377670288086,83300,0.0,0.0,0.0
2021-01-08 00:00:00-05:00,115.75329197684167,115.91584551401205,114.54852975166149,115.86803436279297,126100,0.0,0.0,0.0
2021-01-11 00:00:00-05:00,114.65370818123718,115.19872174706047,114.08000354777481,114.35729217529297,178400,0.0,0.0,0.0
2021-01-12 00:00:00-05:00,114.3668610706835,114.67283348481168,112.41628419500718,113.23858642578125,804900,0.0,0.0,0.0
2021-01-13 00:00:00-05:00,113.15252898656009,113.84096874925326,112.82743648470934,113.09516143798828,165700,0.0,0.0,0.0
2021-01-14 00:00:00-05:00,113.52543601394802,113.86964858844149,112.38759770687602,112.55970764160156,94900,0.0,0.0,0.0
2021-01-15 00:00:00-05:00,112.70313380303243,113.11428490849023,111.72784174126855,112.55970764160156,110600,0.0,0.0,0.0
2021-01-19 00:00:00-05:00,113.43937994628803,114.70151706429625,112.84655520337593,114.43379211425781,153300,0.0,0.0,0.0
2021-01-20 00:00:00-05:00,116.46084527671792,118.22974823778948,116.46084527671792,117.78034973144531,173800,0.0,0.0,0.0
2021-01-21 00:00:00-05:00,118.22018402772532,118.8225650662541,117.91421166443119,118.00982666015625,107000,0.0,0.0,0.0
2021-01-22 00:00:00-05:00,117.77081966030205,118.44013941429898,117.77081966030205,118.12460327148438,97200,0.0,0.0,0.0
2021-01-25 00:00:00-05:00,118.64092198145637,119.41541308184448,116.96763369644938,118.87039947509766,138700,0.0,0.0,0.0
2021-01-26 00:00:00-05:00,118.92777671810111,119.94131637962924,118.92777671810111,119.77876281738281,100500,0.0,0.0,0.0
2021-01-27 00:00:00-05:00,118.6982844170064,118.6982844170064,115.0361718916692,115.77242279052734,164600,0.0,0.0,0.0
2021-01-28 00:00:00-05:00,116.67120814274756,118.40187113108516,116.67120814274756,116.76683044433594,150800,0.0,0.0,0.0
2021-01-29 00:00:00-05:00,116.24096001156626,116.26964378974671,113.82186411889694,114.71109771728516,114200,0.0,0.0,0.0
2021-02-01 00:00:00-05:00,115.8680430700175,117.35010132969275,114.81626331877607,117.0250015258789,99300,0.0,0.0,0.0
2021-02-02 00:00:00-05:00,118.10546005342088,119.53015070299065,117.8951099480417,119.00425720214844,100100,0.0,0.0,0.0
2021-02-03 00:00:00-05:00,121.02178300053401,121.79627418330601,120.0273706957005,120.77317810058594,94300,0.0,0.0,0.0
2021-02-04 00:00:00-05:00,121.136502863776,121.82494258477107,120.47674691532949,121.73888397216797,94200,0.0,0.0,0.0
2021-02-05 00:00:00-05:00,122.4655902590371,123.4599952389784,122.40822270499086,123.36438751220703,132000,0.0,0.0,0.0
2021-02-08 00:00:00-05:00,124.16755889762042,124.16755889762042,123.14445557999865,124.11019134521484,112700,0.0,0.0,0.0
2021-02-09 00:00:00-05:00,123.92849898360484,125.04720985628559,123.92849898360484,124.4161376953125,795200,0.0,0.0,0.0
2021-02-10 00:00:00-05:00,125.60178545529436,125.6113418491548,123.61296128875304,125.2288818359375,107400,0.0,0.0,0.0
2021-02-11 00:00:00-05:00,125.88866247789727,125.88866247789727,124.83687535016414,125.82172393798828,218000,0.0,0.0,0.0
2021-02-12 00:00:00-05:00,125.62094698726438,126.05121826659631,125.42014594228641,125.99385070800781,67400,0.0,0.0,0.0
2021-02-16 00:00:00-05:00,126.3189062251156,127.58103591371273,126.1850437643566,126.50057983398438,172700,0.0,0.0,0.0
2021-02-17 00:00:00-05:00,125.89822528624613,126.82570636705637,125.35321890314613,126.72052764892578,163200,0.0,0.0,0.0
2021-02-18 00:00:00-05:00,125.69744756999442,126.35718911328954,124.96119649192323,125.71656036376953,99700,0.0,0.0,0.0
2021-02-19 00:00:00-05:00,126.27110519462103,126.29023257338035,124.90379670659084,125.0185317993164,137600,0.0,0.0,0.0
2021-02-22 00:00:00-05:00,124.01457974078295,125.69743923622889,124.01457974078295,124.45442199707031,107100,0.0,0.0,0.0
2021-02-23 00:00:00-05:00,123.19226190790826,125.88865348460693,121.11738616771255,125.54443359375,404000,0.0,0.0,0.0
2021-02-24 00:00:00-05:00,124.67432164866807,126.18506371027158,124.15799910124433,125.92689514160156,136600,0.0,0.0,0.0
2021-02-25 00:00:00-05:00,125.65917302432258,126.33805643437691,121.88232507971502,122.1787338256836,124200,0.0,0.0,0.0
2021-02-26 00:00:00-05:00,122.97235259645367,124.77950344201726,121.61460036343016,122.82893371582031,97400,0.0,0.0,0.0
2021-03-01 00:00:00-05:00,124.76994311895398,126.29024156547639,124.1771110545258,126.07032775878906,350000,0.0,0.0,0.0
2021-03-02 00:00:00-05:00,126.29021388809717,126.66311747419743,124.92289101245424,125.00895690917969,112100,0.0,0.0,0.0
2021-03-03 00:00:00-05:00,124.93247562478675,125.29580826760333,122.86715649649572,122.88628387451172,84800,0.0,0.0,0.0
2021-03-04 00:00:00-05:00,122.75242478297163,124.6743105138515,120.57236321152162,122.350830078125,168700,0.0,0.0,0.0
2021-03-05 00:00:00-05:00,123.32612030645075,125.13327102615831,120.92615213485554,124.79862213134766,252500,0.0,0.0,0.0
2021-03-08 00:00:00-05:00,124.96117919766002,125.72611395044804,123.19226849370753,123.29744720458984,308300,0.0,0.0,0.0
2021-03-09 00:00:00-05:00,124.76036249509606,125.87907341213977,124.41614262908914,124.82730102539062,613500,0.0,0.0,0.0
2021-03-10 00:00:00-05:00,126.15634890369627,126.33802249659502,125.0376381678548,125.611328125,185700,0.0,0.0,0.0
2021-03-11 00:00:00-05:00,126.87348079006844,128.41290635153558,126.74917472556739,127.77227783203125,95200,0.0,0.0,0.0
2021-03-12 00:00:00-05:00,126.82565983749936,127.46628830747383,126.27108267172014,127.3897933959961,113300,0.0,0.0,0.0
2021-03-15 00:00:00-04:00,127.51414109913458,128.19302454153888,126.97869113381603,128.04959106445312,115100,0.0,0.0,0.0
2021-03-16 00:00:00-04:00,128.66151619478146,129.96190073497488,128.38423485889328,128.83363342285156,84800,0.0,0.0,0.0
2021-03-17 00:00:00-04:00,127.96353408030673,129.68463359989755,127.16035916780324,129.2926025390625,134200,0.0,0.0,0.0
2021-03-18 00:00:00-04:00,127.97311054535723,128.42250922900368,126.40500064601184,126.57711791992188,115100,0.0,0.0,0.0
2021-03-19 00:00:00-04:00,126.9882268836338,128.00175909462126,126.34759830857409,127.55236053466797,94900,0.0,0.0,0.0
2021-03-22 00:00:00-04:00,127.87746012920593,129.13003343328728,127.37069405335491,128.43203735351562,186800,0.0,0.0,0.0
2021-03-23 00:00:00-04:00,128.3077403893029,128.69977140860007,126.8065548426887,127.07427978515625,168400,0.0,0.0,0.0
2021-03-24 00:00:00-04:00,127.2942211845206,127.40895628876531,123.89027691937251,124.02413940429688,124400,0.0,0.0,0.0
2021-03-25 00:00:00-04:00,123.31657829754566,124.21537556488221,122.36041347525868,123.72772216796875,190200,0.0,0.0,0.0
2021-03-26 00:00:00-04:00,123.96713134070806,124.34061227310758,120.8739423563479,122.96160125732422,162400,0.2,0.0,0.0
2021-03-29 00:00:00-04:00,122.89457331651909,123.96713094201141,122.13803295925167,123.49789428710938,133600,0.0,0.0,0.0
2021-03-30 00:00:00-04:00,123.46913767837086,123.90008953056409,123.04778623872647,123.65109252929688,193000,0.0,0.0,0.0
2021-03-31 00:00:00-04:00,124.17779935584605,125.13544415502355,124.0437296684612,124.5033950805664,80000,0.0,0.0,0.0
2021-04-01 00:00:00-04:00,125.53765979343967,126.9262419024876,125.53765979343967,126.84005737304688,132600,0.0,0.0,0.0
2021-04-05 00:00:00-04:00,127.87431018905251,129.32993439037236,127.61574199909764,129.10968017578125,190400,0.0,0.0,0.0
2021-04-06 00:00:00-04:00,129.03307487217126,130.04817609501697,129.01391788329653,129.79917907714844,108200,0.0,0.0,0.0
2021-04-07 00:00:00-04:00,129.6363976379052,130.63235661064206,129.6363976379052,130.4695587158203,82800,0.0,0.0,0.0
2021-04-08 00:00:00-04:00,131.00579336138873,131.14943421643216,130.23967470532835,130.93875122070312,79900,0.0,0.0,0.0
2021-04-09 00:00:00-04:00,130.47913250977584,131.06329654991606,130.01946699683862,131.01541137695312,92200,0.0,0.0,0.0
2021-04-12 00:00:00-04:00,130.6418912109525,130.67061938361024,129.6650895030935,130.32586669921875,208400,0.0,0.0,0.0
2021-04-13 00:00:00-04:00,130.46951929639,130.76638681563574,130.23010812119202,130.41204833984375,324900,0.0,0.0,0.0
2021-04-14 00:00:00-04:00,130.4120637277477,130.73767406993602,129.26289287370128,129.50230407714844,72900,0.0,0.0,0.0
2021-04-15 00:00:00-04:00,130.3066955546062,131.30263941600424,130.13431194422262,131.0345001220703,230800,0.0,0.0,0.0
2021-04-16 00:00:00-04:00,131.6953241932523,131.6953241932523,130.31631326779927,130.83343505859375,71400,0.0,0.0,0.0
2021-04-19 00:00:00-04:00,130.69935353535266,131.0919913963019,129.37781369514468,130.19180297851562,120600,0.0,0.0,0.0
2021-04-20 00:00:00-04:00,130.12479586788206,130.12479586788206,128.1999202346351,129.07138061523438,207300,0.0,0.0,0.0
2021-04-21 00:00:00-04:00,128.42976437710075,129.40656631416437,127.84560037515612,129.37783813476562,136600,0.0,0.0,0.0
2021-04-22 00:00:00-04:00,129.74171440274378,130.07689593030204,128.190334490903,128.7936553955078,84100,0.0,0.0,0.0
2021-04-23 00:00:00-04:00,129.24375116755812,130.63233323224082,129.14798084068335,130.1726531982422,103200,0.0,0.0,0.0
2021-04-26 00:00:00-04:00,130.63233967294786,130.9579354203749,130.4024996446165,130.67063903808594,130100,0.0,0.0,0.0
2021-04-27 00:00:00-04:00,131.05369723615394,131.05369723615394,130.17265115771755,130.29714965820312,101700,0.0,0.0,0.0
2021-04-28 00:00:00-04:00,131.56124749472178,132.45185014603993,131.1015674690414,131.16860961914062,108500,0.0,0.0,0.0
2021-04-29 00:00:00-04:00,133.67766833516507,134.2618323971616,132.7104521001396,134.16607666015625,184100,0.0,0.0,0.0
2021-04-30 00:00:00-04:00,132.93067415553236,133.17008535878418,132.60507842610997,132.82533264160156,83200,0.0,0.0,0.0
2021-05-03 00:00:00-04:00,133.5340045881432,133.6010321313344,131.92515358903842,132.04965209960938,103700,0.0,0.0,0.0
2021-05-04 00:00:00-04:00,131.3888500261511,131.3888500261511,128.58295806683006,130.41204833984375,122300,0.0,0.0,0.0
2021-05-05 00:00:00-04:00,131.29312841924545,131.29312841924545,129.59809276715828,129.73216247558594,73500,0.0,0.0,0.0
2021-05-06 00:00:00-04:00,129.8087794721328,130.68023990764814,129.04266056852046,130.63235473632812,309400,0.0,0.0,0.0
2021-05-07 00:00:00-04:00,131.5420791034758,132.7104068289197,131.34096728311303,132.06878662109375,97100,0.0,0.0,0.0
2021-05-10 00:00:00-04:00,131.542116923153,131.542116923153,129.49275722107248,129.5980987548828,79800,0.0,0.0,0.0
2021-05-11 00:00:00-04:00,127.53910687467733,129.4160968093708,127.26139635697915,129.20541381835938,752700,0.0,0.0,0.0
2021-05-12 00:00:00-04:00,127.69237695540836,128.26696978314112,126.04522643591059,126.26549530029297,167400,0.0,0.0,0.0
2021-05-13 00:00:00-04:00,127.15607082094627,128.19990010856185,126.05478518538845,127.14649963378906,101100,0.0,0.0,0.0
2021-05-14 00:00:00-04:00,128.05627362903505,129.76088033454033,127.91263274303783,129.52146911621094,97700,0.0,0.0,0.0
2021-05-17 00:00:00-04:00,129.31078022207836,129.49273507777306,127.56787423003011,128.46804809570312,376300,0.0,0.0,0.0
2021-05-18 00:00:00-04:00,128.45848078354928,128.91814622430385,127.23269653320312,127.23269653320312,61900,0.0,0.0,0.0
2021-05-19 00:00:00-04:00,125.48021323052623,127.32847553246219,125.08757530466134,127.30931854248047,105500,0.0,0.0,0.0
2021-05-20 00:00:00-04:00,127.75940727010615,129.8279237231248,127.34761237216667,129.63638305664062,142000,0.0,0.0,0.0
2021-05-21 00:00:00-04:00,130.23970359519674,130.23970359519674,129.16714600629552,129.2820587158203,360900,0.0,0.0,0.0
2021-05-24 00:00:00-04:00,129.99072797048638,131.9730453757401,129.99072797048638,131.63787841796875,60000,0.0,0.0,0.0
2021-05-25 00:00:00-04:00,132.2507973488437,132.41359526627468,131.1782248744381,131.3697509765625,71000,0.0,0.0,0.0
2021-05-26 00:00:00-04:00,131.78150079393976,132.6721034390836,131.7048874568575,132.31777954101562,96900,0.0,0.0,0.0
2021-05-27 00:00:00-04:00,132.51890996076114,133.25628603514392,132.15500021171377,132.86366271972656,92300,0.0,0.0,0.0
2021-05-28 00:00:00-04:00,133.55318151612084,133.62978025906054,132.53806551587715,132.71044921875,55300,0.0,0.0,0.0
2021-06-01 00:00:00-04:00,133.27545231851303,133.51486356747478,132.1550094268725,132.99774169921875,64200,0.0,0.0,0.0
2021-06-02 00:00:00-04:00,133.3807799938153,133.8787594314147,132.67211751002012,133.4286651611328,173500,0.0,0.0,0.0
2021-06-03 00:00:00-04:00,132.4326681932882,132.61462300925675,130.9866300762443,131.90597534179688,73400,0.0,0.0,0.0
2021-06-04 00:00:00-04:00,132.4231369440899,133.62976426980924,132.4231369440899,133.265869140625,68700,0.0,0.0,0.0
2021-06-07 00:00:00-04:00,133.18924372350656,134.47248427920283,133.18924372350656,134.44375610351562,61100,0.0,0.0,0.0
2021-06-08 00:00:00-04:00,134.95131663563572,134.95131663563572,133.3903507832636,134.3001251220703,206600,0.0,0.0,0.0
2021-06-09 00:00:00-04:00,134.71186950832055,134.93212368361742,133.91702270507812,133.91702270507812,378500,0.0,0.0,0.0
2021-06-10 00:00:00-04:00,134.1947393317317,134.72143215940125,133.46692010077606,134.4532928466797,165000,0.0,0.0,0.0
2021-06-11 00:00:00-04:00,134.79808560463306,134.90342712402344,134.20435046579686,134.90342712402344,93300,0.0,0.0,0.0
2021-06-14 00:00:00-04:00,134.98002576922957,135.8323290196756,134.89384124797644,135.8131866455078,163200,0.0,0.0,0.0
2021-06-15 00:00:00-04:00,135.98555596632607,136.03344112684226,134.73104366829858,134.9417266845703,96500,0.0,0.0,0.0
2021-06-16 00:00:00-04:00,135.027906070892,135.027906070892,132.71997877927632,133.92662048339844,90200,0.0,0.0,0.0
2021-06-17 00:00:00-04:00,133.67765696904894,135.44930599680436,133.67765696904894,134.8268280029297,83300,0.0,0.0,0.0
2021-06-18 00:00:00-04:00,134.10858485453636,134.24265455552447,133.361623004388,133.4286651611328,107700,0.0,0.0,0.0
2021-06-21 00:00:00-04:00,133.8554943484237,134.86272298768696,133.2703435874944,134.78598022460938,120200,0.235,0.0,0.0
2021-06-22 00:00:00-04:00,134.7572038617689,136.20569973312587,134.47902415244045,136.0234375,181200,0.0,0.0,0.0
2021-06-23 00:00:00-04:00,136.03307864142937,136.79090458014258,136.03307864142937,136.29208374023438,94000,0.0,0.0,0.0
2021-06-24 00:00:00-04:00,137.0690579166389,137.7021748637541,137.059470558236,137.6158447265625,188100,0.0,0.0,0.0
2021-06-25 00:00:00-04:00,137.7981106845049,138.14344591638428,137.38563466049945,137.98997497558594,313500,0.0,0.0,0.0
2021-06-28 00:00:00-04:00,138.18178697781644,139.0834962063151,137.59663617871755,138.98756408691406,186200,0.0,0.0,0.0
2021-06-29 00:00:00-04:00,139.16983673732653,139.16983673732653,138.0762778254458,138.26812744140625,380300,0.0,0.0,0.0
2021-06-30 00:00:00-04:00,138.12423928182267,138.21056941054735,137.4623456872262,137.96116638183594,182700,0.0,0.0,0.0
2021-07-01 00:00:00-04:00,137.98035422947856,139.04513649665458,137.98035422947856,138.75735473632812,237400,0.0,0.0,0.0
2021-07-02 00:00:00-04:00,139.33293967516184,139.61111948268643,138.78615278277098,139.50559997558594,141600,0.0,0.0,0.0
2021-07-06 00:00:00-04:00,139.78375161434863,140.05234397977333,137.9899351801511,139.150634765625,175000,0.0,0.0,0.0
2021-07-07 00:00:00-04:00,139.63026695024584,139.63026695024584,138.08585352084225,138.13381958007812,169200,0.0,0.0,0.0
2021-07-08 00:00:00-04:00,136.23451721447995,137.56789202141127,135.65895363625773,136.8580322265625,535000,0.0,0.0,0.0
2021-07-09 00:00:00-04:00,137.07863025158022,138.50793690514254,137.04985354233688,138.24893188476562,92000,0.0,0.0,0.0
2021-07-12 00:00:00-04:00,138.58469421176665,139.02594689123913,137.90361120146565,138.94921875,270800,0.0,0.0,0.0
2021-07-13 00:00:00-04:00,138.89166267602945,139.33293003077608,138.03791931847132,138.16262817382812,1593100,0.0,0.0,0.0
2021-07-14 00:00:00-04:00,139.03554477664707,139.03554477664707,137.42397575168795,137.5294952392578,203000,0.0,0.0,0.0
2021-07-15 00:00:00-04:00,137.74054058126066,137.74054058126066,135.8603937086204,136.72372436523438,129000,0.0,0.0,0.0
2021-07-16 00:00:00-04:00,137.13620209818995,137.4047944833439,135.4478903775797,135.63973999023438,167700,0.0,0.0,0.0
2021-07-19 00:00:00-04:00,134.17207658874858,134.22963001198303,132.91544472416996,133.72122192382812,153200,0.0,0.0,0.0
2021-07-20 00:00:00-04:00,134.30640715239133,136.29208858516492,133.55818318452668,135.77407836914062,88200,0.0,0.0,0.0
2021-07-21 00:00:00-04:00,135.96590604975378,137.0114989235269,135.96590604975378,136.9923095703125,95900,0.0,0.0,0.0
2021-07-22 00:00:00-04:00,136.95393013530187,137.19374579341786,136.12896368589534,137.08822631835938,77800,0.0,0.0,0.0
2021-07-23 00:00:00-04:00,138.77653512216435,141.1651045501734,138.53671944358788,140.83895874023438,235400,0.0,0.0,0.0
2021-07-26 00:00:00-04:00,140.78140636424905,141.78863525390625,140.61833344111432,141.78863525390625,88600,0.0,0.0,0.0
2021-07-27 00:00:00-04:00,141.46245481979025,141.64471705319767,138.8244827065859,140.05233764648438,149100,0.0,0.0,0.0
2021-07-28 00:00:00-04:00,141.38573399700516,141.85577800677825,140.59914616524864,141.21307373046875,376200,0.0,0.0,0.0
2021-07-29 00:00:00-04:00,140.72383558637333,141.04998139243062,139.6686553955078,139.6686553955078,81600,0.0,0.0,0.0
2021-07-30 00:00:00-04:00,138.71900728024474,139.7837896749515,138.38325941345275,138.78614807128906,81800,0.0,0.0,0.0
2021-08-02 00:00:00-04:00,139.45764423967492,139.45764423967492,138.11466740550992,138.37367248535156,188600,0.0,0.0,0.0
2021-08-03 00:00:00-04:00,138.54629369828456,138.54629369828456,136.30162267202434,137.78848266601562,97200,0.0,0.0,0.0
2021-08-04 00:00:00-04:00,137.71177448161194,138.1050757689709,137.34724990921197,137.87484741210938,88300,0.0,0.0,0.0
2021-08-05 00:00:00-04:00,138.1625910455312,139.5439315308661,137.96115409644483,139.47677612304688,69800,0.0,0.0,0.0
2021-08-06 00:00:00-04:00,139.43845826579383,139.83175957487342,138.86289466044857,139.06434631347656,125500,0.0,0.0,0.0
2021-08-09 00:00:00-04:00,139.13148043330338,139.17944650431335,138.34489249006123,138.82452392578125,114100,0.0,0.0,0.0
2021-08-10 00:00:00-04:00,139.1410756022062,139.23699310232968,138.38324977412856,138.68063354492188,667200,0.0,0.0,0.0
2021-08-11 00:00:00-04:00,138.96839707110806,138.96839707110806,138.17220719110944,138.81492614746094,301700,0.0,0.0,0.0
2021-08-12 00:00:00-04:00,138.69978634321996,139.19860703147384,138.0378927570572,139.16983032226562,203600,0.0,0.0,0.0
2021-08-13 00:00:00-04:00,139.4576310824911,139.57273793503194,138.88206754540926,138.9396209716797,123900,0.0,0.0,0.0
2021-08-16 00:00:00-04:00,138.50793276428172,138.98756408691406,137.27049039225227,138.98756408691406,83900,0.0,0.0,0.0
2021-08-17 00:00:00-04:00,138.00913332516865,138.56550750149128,136.77169076273955,137.76931762695312,98900,0.0,0.0,0.0
2021-08-18 00:00:00-04:00,137.48156187583487,138.40244603636265,136.6757699388858,136.8580322265625,79200,0.0,0.0,0.0
2021-08-19 00:00:00-04:00,135.8507546778743,137.13617759103994,135.59176433380807,136.48387145996094,102100,0.0,0.0,0.0
2021-08-20 00:00:00-04:00,136.62777719799337,138.1338266392853,136.37837416928195,137.96116638183594,60800,0.0,0.0,0.0
2021-08-23 00:00:00-04:00,138.48877617433527,140.49364670147904,138.48877617433527,139.96604919433594,76700,0.0,0.0,0.0
2021-08-24 00:00:00-04:00,140.47446133021035,141.14594243235288,140.29219903737373,140.7814178466797,197700,0.0,0.0,0.0
2021-08-25 00:00:00-04:00,140.9253343377967,141.376189129953,140.6183631443319,141.15554809570312,78900,0.0,0.0,0.0
2021-08-26 00:00:00-04:00,140.99241586354398,141.30897428477323,139.927633769295,139.9468231201172,124300,0.0,0.0,0.0
2021-08-27 00:00:00-04:00,140.27299980103237,142.4888946006243,140.27299980103237,142.2299041748047,57800,0.0,0.0,0.0
2021-08-30 00:00:00-04:00,142.59441920092314,143.60164813783697,141.94212747778033,143.2659149169922,326800,0.0,0.0,0.0
2021-08-31 00:00:00-04:00,143.25633795086094,144.09090674353493,142.93977939325248,143.783935546875,78100,0.0,0.0,0.0
2021-09-01 00:00:00-04:00,144.0716977548138,145.10770344659784,144.0716977548138,144.52255249023438,117400,0.0,0.0,0.0
2021-09-02 00:00:00-04:00,144.90620769239067,144.90620769239067,143.7359061358611,144.04287719726562,95800,0.0,0.0,0.0
2021-09-03 00:00:00-04:00,143.73592358589596,144.04289468456784,143.35222434974372,143.87982177734375,87800,0.0,0.0,0.0
2021-09-07 00:00:00-04:00,144.10046706335785,144.6472392786646,143.87023870906634,144.37864685058594,89600,0.0,0.0,0.0
2021-09-08 00:00:00-04:00,144.23473631246154,144.42658591990974,143.0068812601688,143.51528930664062,89700,0.0,0.0,0.0
2021-09-09 00:00:00-04:00,143.2754858993119,143.83186005455605,142.8438205863155,143.04525756835938,82300,0.0,0.0,0.0
2021-09-10 00:00:00-04:00,143.59202079181213,143.6207974988084,142.01883071487873,142.047607421875,73700,0.0,0.0,0.0
2021-09-13 00:00:00-04:00,142.97812077151002,142.97812077151002,141.779042292442,142.4984893798828,111100,0.0,0.0,0.0
2021-09-14 00:00:00-04:00,142.90138244140329,142.96852322698342,140.76223046655946,140.9348907470703,101200,0.0,0.0,0.0
2021-09-15 00:00:00-04:00,141.02122342440214,142.07641839269303,139.96604309330044,141.81741333007812,84500,0.0,0.0,0.0
2021-09-16 00:00:00-04:00,141.63514832828153,142.2299012249737,140.84856043382777,141.75985717773438,82800,0.0,0.0,0.0
2021-09-17 00:00:00-04:00,141.59675334459175,141.70227281635724,139.92763114680682,140.61830139160156,78100,0.0,0.0,0.0
2021-09-20 00:00:00-04:00,138.36409297380908,138.6230834311505,135.8700034526023,137.5966796875,168500,0.0,0.0,0.0
2021-09-21 00:00:00-04:00,138.54631503485646,139.09310184035513,137.22254236373283,137.39520263671875,134200,0.0,0.0,0.0
2021-09-22 00:00:00-04:00,137.34724990921197,138.6038965569093,137.34724990921197,137.87484741210938,125700,0.0,0.0,0.0
2021-09-23 00:00:00-04:00,138.6614133657117,139.73578280627342,138.42159771293015,139.09307861328125,90500,0.0,0.0,0.0
2021-09-24 00:00:00-04:00,138.5175328801586,140.30176215018324,138.5175328801586,140.07154846191406,58700,0.0,0.0,0.0
2021-09-27 00:00:00-04:00,139.50556836170168,140.32094751699205,139.01634965083983,139.8892822265625,115000,0.0,0.0,0.0
2021-09-28 00:00:00-04:00,138.4216016698162,138.8053008703606,136.0714111328125,136.0714111328125,95500,0.0,0.0,0.0
2021-09-29 00:00:00-04:00,136.93697754465023,137.49476740387797,135.54251023379717,135.73484802246094,258800,0.36,0.0,0.0
2021-09-30 00:00:00-04:00,135.99448741938076,136.75422668272944,135.2828215886462,135.37899780273438,150200,0.0,0.0,0.0
2021-10-01 00:00:00-04:00,136.0521886992894,138.3506593654793,135.60018690232724,137.74478149414062,126900,0.0,0.0,0.0
2021-10-04 00:00:00-04:00,137.04273700540222,137.04273700540222,134.0133771097915,134.9654541015625,139600,0.0,0.0,0.0
2021-10-05 00:00:00-04:00,135.44630501564254,137.5043497302151,135.35975523043112,136.72537231445312,88300,0.0,0.0,0.0
2021-10-06 00:00:00-04:00,135.38859619214455,137.28315296214382,134.92698269382637,137.1581268310547,152600,0.0,0.0,0.0
2021-10-07 00:00:00-04:00,138.4179668926366,139.3123587084357,138.1006176759395,138.20640563964844,71200,0.0,0.0,0.0
2021-10-08 00:00:00-04:00,138.55265207444558,138.55265207444558,137.033158544592,137.13894653320312,99300,0.0,0.0,0.0
2021-10-11 00:00:00-04:00,136.7734944841051,137.22549637424433,135.21553926456411,135.2732391357422,98300,0.0,0.0,0.0
2021-10-12 00:00:00-04:00,135.53285456893082,135.53285456893082,133.8787382037012,134.36920166015625,475800,0.0,0.0,0.0
2021-10-13 00:00:00-04:00,135.23473104269755,135.59057128886238,134.39805375805346,135.16741943359375,516900,0.0,0.0,0.0
2021-10-14 00:00:00-04:00,136.5426536765899,137.57168342654558,136.40801577863996,137.26393127441406,77200,0.0,0.0,0.0
2021-10-15 00:00:00-04:00,138.0525467838275,138.0525467838275,137.03314337430098,137.04275512695312,106300,0.0,0.0,0.0
2021-10-18 00:00:00-04:00,136.52344692222786,137.79288801943548,136.51382049477382,137.7640380859375,86900,0.0,0.0,0.0
2021-10-19 00:00:00-04:00,138.40834979632837,138.94690134552968,138.08137416637462,138.8603515625,76700,0.0,0.0,0.0
2021-10-20 00:00:00-04:00,139.254638671875,139.60085244162363,138.77378702913677,139.254638671875,268400,0.0,0.0,0.0
2021-10-21 00:00:00-04:00,139.0719360906645,139.52393788481623,138.80266029939497,139.50469970703125,105200,0.0,0.0,0.0
2021-10-22 00:00:00-04:00,137.11007235181629,137.36010997412126,135.43670301181376,136.10028076171875,117500,0.0,0.0,0.0
2021-10-25 00:00:00-04:00,135.68674360522203,136.51380920410156,134.83082807523064,136.51380920410156,129000,0.0,0.0,0.0
2021-10-26 00:00:00-04:00,137.2927975630283,137.2927975630283,135.02317653113548,135.5040283203125,99200,0.0,0.0,0.0
2021-10-27 00:00:00-04:00,135.4463038705496,136.45609537943457,135.0423902018815,135.052001953125,115400,0.0,0.0,0.0
2021-10-28 00:00:00-04:00,135.4270989647393,136.54266391377897,134.77313292964433,135.95602416992188,123500,0.0,0.0,0.0
2021-10-29 00:00:00-04:00,135.60022930156762,136.52347136207425,135.51367948557987,136.35035705566406,67100,0.0,0.0,0.0
2021-11-01 00:00:00-04:00,136.79269859701503,137.6005259411808,136.40800842758168,136.72537231445312,124400,0.0,0.0,0.0
2021-11-02 00:00:00-04:00,137.19663008215227,137.3312679903274,136.11951214231976,136.84078979492188,201600,0.0,0.0,0.0
2021-11-03 00:00:00-04:00,136.51384195167657,137.75444798481362,136.26380426391637,137.70635986328125,97800,0.0,0.0,0.0
2021-11-04 00:00:00-04:00,137.86981913001995,138.37952082874827,137.05236525688812,137.61978149414062,76000,0.0,0.0,0.0
2021-11-05 00:00:00-04:00,138.7353526068751,139.82208234369799,138.7353526068751,139.0334930419922,95800,0.0,0.0,0.0
2021-11-08 00:00:00-05:00,139.80282442138267,139.80282442138267,138.72572126405817,138.908447265625,122800,0.0,0.0,0.0
2021-11-09 00:00:00-05:00,139.01425522722894,139.0527169136244,137.8698256207388,138.4468536376953,86500,0.0,0.0,0.0
2021-11-10 00:00:00-05:00,137.60056745605604,138.11026924420935,136.17725008580345,136.79273986816406,149500,0.0,0.0,0.0
2021-11-11 00:00:00-05:00,136.5330315430773,137.1100594472328,136.28299394430547,136.3118438720703,151600,0.0,0.0,0.0
2021-11-12 00:00:00-05:00,137.02351834710194,138.04292176704308,136.4368785918335,137.9371337890625,63800,0.0,0.0,0.0
2021-11-15 00:00:00-05:00,138.4564895145218,139.16815556950704,138.1775872104401,138.50457763671875,130400,0.0,0.0,0.0
2021-11-16 00:00:00-05:00,138.28333631717172,138.28333631717172,137.60053506709087,137.6678466796875,85900,0.0,0.0,0.0
2021-11-17 00:00:00-05:00,137.61015798617723,137.7928840093014,136.79271877013713,137.0523681640625,89800,0.0,0.0,0.0
2021-11-18 00:00:00-05:00,136.86003176200606,136.86003176200606,135.22513863908304,135.78292846679688,126000,0.0,0.0,0.0
2021-11-19 00:00:00-05:00,136.14838685446028,136.19646029532353,134.65774332688724,134.84046936035156,2838300,0.0,0.0,0.0
2021-11-22 00:00:00-05:00,135.24435509768907,135.26357860027903,133.3305600310665,133.3882598876953,1040700,0.0,0.0,0.0
2021-11-23 00:00:00-05:00,133.28248110061224,133.66717129533467,131.80146420561468,132.8593292236328,209300,0.0,0.0,0.0
2021-11-24 00:00:00-05:00,132.47464728046916,133.17668667445815,131.859157673185,133.01319885253906,107600,0.0,0.0,0.0
2021-11-26 00:00:00-05:00,131.48412564581113,131.5225873354829,130.26275788805776,130.76284790039062,190900,0.0,0.0,0.0
2021-11-29 00:00:00-05:00,132.03227455858854,132.08036267120644,130.5704957211397,131.45526123046875,169000,0.0,0.0,0.0
2021-11-30 00:00:00-05:00,130.97437981990248,130.97437981990248,127.40645398272153,127.63726806640625,778000,0.0,0.0,0.0
2021-12-01 00:00:00-05:00,129.38759282829497,129.8299829305863,124.25209924757101,124.40597534179688,708700,0.0,0.0,0.0
2021-12-02 00:00:00-05:00,124.82910639368349,127.3391528976673,124.71369200509406,126.7717514038086,229500,0.0,0.0,0.0
2021-12-03 00:00:00-05:00,127.54111160561554,127.61804964542004,124.72332743562487,126.29090881347656,609600,0.0,0.0,0.0
2021-12-06 00:00:00-05:00,126.9737140272577,128.6470834276785,126.2909127486666,128.3778076171875,160900,0.0,0.0,0.0
2021-12-07 00:00:00-05:00,129.92613232249548,130.48390736860256,129.39719252936393,129.73377990722656,171000,0.0,0.0,0.0
2021-12-08 00:00:00-05:00,130.28197371350694,131.45525315200894,129.98384797780133,131.10903930664062,165200,0.0,0.0,0.0
2021-12-09 00:00:00-05:00,130.58004585008905,131.25323508575082,129.18557928884158,129.49331665039062,387900,0.0,0.0,0.0
2021-12-10 00:00:00-05:00,130.3300736794775,130.5127997081601,128.52206624758486,129.32028198242188,210500,0.0,0.0,0.0
2021-12-13 00:00:00-05:00,129.14714535011248,129.48374741567255,127.73345482827713,128.195068359375,121600,0.0,0.0,0.0
2021-12-14 00:00:00-05:00,126.79099030300571,127.9931197195795,126.46401462356118,127.65653228759766,190100,0.0,0.0,0.0
2021-12-15 00:00:00-05:00,127.37758980910749,128.87784449918055,125.49265969701503,128.8201446533203,140700,0.0,0.0,0.0
2021-12-16 00:00:00-05:00,129.25832034950406,130.1172110775998,127.86865114327284,128.29327392578125,191900,0.464,0.0,0.0
2021-12-17 00:00:00-05:00,127.472974017657,129.21006046333665,126.75884911391705,128.42837524414062,442700,0.0,0.0,0.0
2021-12-20 00:00:00-05:00,127.01939560289321,127.38611792724839,126.11224967976536,127.27031707763672,290600,0.0,0.0,0.0
2021-12-21 00:00:00-05:00,128.1002750215933,130.1075734665014,127.8397083489406,129.9049072265625,212700,0.0,0.0,0.0
2021-12-22 00:00:00-05:00,129.71190202262304,130.705898727507,129.4030800781647,130.4163818359375,131500,0.0,0.0,0.0
2021-12-23 00:00:00-05:00,130.9085282150864,132.09554579823111,130.47426031352924,131.7095184326172,160900,0.0,0.0,0.0
2021-12-27 00:00:00-05:00,132.02799808103674,132.97373944748574,131.8060415280358,132.66493225097656,94800,0.0,0.0,0.0
2021-12-28 00:00:00-05:00,132.674595988846,133.62999737751485,132.2499731494376,132.43333435058594,119800,0.0,0.0,0.0
2021-12-29 00:00:00-05:00,132.30783914883483,132.72280194423752,131.342792954388,131.7288055419922,97500,0.0,0.0,0.0
2021-12-30 00:00:00-05:00,131.99901138179797,133.16672370393013,131.99901138179797,132.39468383789062,114200,0.0,0.0,0.0
2021-12-31 00:00:00-05:00,132.08586338870631,132.52979110210856,130.773400020284,130.8216552734375,78100,0.0,0.0,0.0
2022-01-03 00:00:00-05:00,131.0629500749798,132.16310238907244,131.00504964667593,131.7384796142578,148900,0.0,0.0,0.0
2022-01-04 00:00:00-05:00,132.4236835494895,132.44298860285227,130.5032356895259,131.12086486816406,116900,0.0,0.0,0.0
2022-01-05 00:00:00-05:00,131.091888463415,131.65161709559243,127.37646896983182,127.50191497802734,199300,0.0,0.0,0.0
2022-01-06 00:00:00-05:00,127.41507239396154,129.354810316917,126.87464877714444,127.91690063476562,224200,0.0,0.0,0.0
2022-01-07 00:00:00-05:00,128.0616599935705,128.98811105770093,127.47298107454098,127.96516418457031,126900,0.0,0.0,0.0
2022-01-10 00:00:00-05:00,127.15452656631638,127.77215576171875,124.83842076491786,127.77215576171875,282400,0.0,0.0,0.0
2022-01-11 00:00:00-05:00,127.68529389093267,129.35482013216065,127.12556518091814,129.30657958984375,111800,0.0,0.0,0.0
2022-01-12 00:00:00-05:00,130.00140636822445,130.3584688222849,128.81438869988844,129.46096801757812,124200,0.0,0.0,0.0
2022-01-13 00:00:00-05:00,129.85664739437686,130.0786039537938,127.69495278000664,127.9072494506836,121300,0.0,0.0,0.0
2022-01-14 00:00:00-05:00,126.80707751646808,128.33185243255028,126.71058172204539,128.3029022216797,254200,0.0,0.0,0.0
2022-01-18 00:00:00-05:00,127.14484880261816,127.31855006673797,125.69727936653523,125.96749114990234,150800,0.0,0.0,0.0
2022-01-19 00:00:00-05:00,126.29560948079687,127.38611655434943,125.41742850497515,125.56217956542969,109500,0.0,0.0,0.0
2022-01-20 00:00:00-05:00,126.33421389829124,127.78178333948198,123.99880363355605,124.1435546875,152500,0.0,0.0,0.0
2022-01-21 00:00:00-05:00,122.33892210378004,122.89865075179156,119.77190265075504,119.78155517578125,455800,0.0,0.0,0.0
2022-01-24 00:00:00-05:00,117.70670701657953,120.7659022447567,114.84051811746154,120.59219360351562,673600,0.0,0.0,0.0
2022-01-25 00:00:00-05:00,118.69105140592912,119.72365073098464,117.07942572936273,118.19888305664062,229100,0.0,0.0,0.0
2022-01-26 00:00:00-05:00,120.0903794918103,120.14827992124414,115.19759441121302,116.33634948730469,302000,0.0,0.0,0.0
2022-01-27 00:00:00-05:00,117.4075466158466,118.8744138799837,116.07577789373725,116.3170394897461,228400,0.0,0.0,0.0
2022-01-28 00:00:00-05:00,116.5583097526832,119.64646282885396,115.98893587787082,119.63681030273438,177200,0.0,0.0,0.0
2022-01-31 00:00:00-05:00,119.81050536856931,122.90830325674047,119.26042924567385,122.85040283203125,475000,0.0,0.0,0.0
2022-02-01 00:00:00-05:00,123.13025285029079,124.39446113661872,122.05905823997556,124.24971008300781,257900,0.0,0.0,0.0
2022-02-02 00:00:00-05:00,127.69493468299815,127.69493468299815,125.02175228377995,126.0543441772461,531600,0.0,0.0,0.0
2022-02-03 00:00:00-05:00,119.61749947452716,120.97821844559643,118.11202943225462,118.3243408203125,457500,0.0,0.0,0.0
2022-02-04 00:00:00-05:00,118.5076994172512,120.4184871427836,117.29173890654536,119.43414306640625,270700,0.0,0.0,0.0
2022-02-07 00:00:00-05:00,119.71402153931827,119.86842515105086,117.31105044775536,117.57161712646484,141300,0.0,0.0,0.0
2022-02-08 00:00:00-05:00,117.17593860833614,118.02518419949483,116.77062086494865,117.71636962890625,206200,0.0,0.0,0.0
2022-02-09 00:00:00-05:00,119.12533139035364,121.04577168765651,118.99987064471931,121.02647399902344,320000,0.0,0.0,0.0
2022-02-10 00:00:00-05:00,119.74295961791522,121.76955559449128,119.00952228905311,119.47274780273438,144100,0.0,0.0,0.0
2022-02-11 00:00:00-05:00,119.50168600165516,120.15791778513695,116.60654707971534,117.10836791992188,144700,0.0,0.0,0.0
2022-02-14 00:00:00-05:00,116.89606178426857,117.97691634739628,116.17227702140111,117.02152252197266,476900,0.0,0.0,0.0
2022-02-15 00:00:00-05:00,118.36293750975602,119.08672227965336,117.98657001842696,118.99021911621094,165200,0.0,0.0,0.0
2022-02-16 00:00:00-05:00,117.67776709721288,118.57526059501234,116.98293247146876,118.2857437133789,535900,0.0,0.0,0.0
2022-02-17 00:00:00-05:00,117.33034025637755,117.43649594684129,114.97562474095582,115.02388000488281,1347300,0.0,0.0,0.0
2022-02-18 00:00:00-05:00,115.14933358629708,115.87311837016068,113.38329694661721,113.72106170654297,193500,0.0,0.0,0.0
2022-02-22 00:00:00-05:00,113.0744912025983,114.42555771019832,111.73307722109602,112.46651458740234,1371400,0.0,0.0,0.0
2022-02-23 00:00:00-05:00,113.2481988898822,113.46051028589555,110.42061251048283,110.49781799316406,298300,0.0,0.0,0.0
2022-02-24 00:00:00-05:00,107.67987035205836,113.90441618249756,107.60266487926279,113.66315460205078,279600,0.0,0.0,0.0
2022-02-25 00:00:00-05:00,114.14566982955395,115.83450077530371,113.27712672776751,115.74765014648438,158200,0.0,0.0,0.0
2022-02-28 00:00:00-05:00,114.55100618968935,116.49075153988528,114.35799985232609,115.67046356201172,226300,0.0,0.0,0.0
2022-03-01 00:00:00-05:00,115.40025790687602,115.84417839669229,113.38330696894364,114.06848907470703,183800,0.0,0.0,0.0
2022-03-02 00:00:00-05:00,114.22287753596777,115.40988032941124,113.60524850986151,114.89840698242188,165900,0.0,0.0,0.0
2022-03-03 00:00:00-05:00,115.776608697388,115.88276438207218,113.02622814584117,113.55699920654297,179200,0.0,0.0,0.0
2022-03-04 00:00:00-05:00,112.81392055557576,113.13238762029651,111.02858626846516,111.60761260986328,181600,0.0,0.0,0.0
2022-03-07 00:00:00-05:00,111.40495959525076,111.40495959525076,107.52546891546183,107.56407165527344,704200,0.0,0.0,0.0
2022-03-08 00:00:00-05:00,107.62195815765155,110.45919658355575,106.78237260422841,107.55440521240234,265100,0.0,0.0,0.0
2022-03-09 00:00:00-05:00,110.34339263456934,111.4918001108137,109.85122431279528,110.96102905273438,209000,0.0,0.0,0.0
2022-03-10 00:00:00-05:00,109.52311195275747,110.34339990582085,108.85723495509029,110.13109588623047,197400,0.0,0.0,0.0
2022-03-11 00:00:00-05:00,110.82592494149866,110.88383273209561,107.7956798372613,107.88253784179688,149200,0.0,0.0,0.0
2022-03-14 00:00:00-04:00,107.92115580862823,108.81864938095755,106.0972184459462,106.37708282470703,302900,0.0,0.0,0.0
2022-03-15 00:00:00-04:00,107.19735966915567,108.82828313616969,106.75343919298665,108.6352767944336,235400,0.0,0.0,0.0
2022-03-16 00:00:00-04:00,109.83191420909823,112.03221853821184,108.95372592740269,111.98397064208984,151500,0.0,0.0,0.0
2022-03-17 00:00:00-04:00,111.52077717660224,113.2868141335548,111.1733598289158,113.2192611694336,160400,0.0,0.0,0.0
2022-03-18 00:00:00-04:00,112.7656757274368,114.8598247479232,112.4279109439261,114.81157684326172,98900,0.0,0.0,0.0
2022-03-21 00:00:00-04:00,114.3869433659898,114.58960221716562,112.65950950571661,113.74036407470703,120900,0.0,0.0,0.0
2022-03-22 00:00:00-04:00,113.93337780629653,116.47145459896431,113.93337780629653,115.87312316894531,88900,0.0,0.0,0.0
2022-03-23 00:00:00-04:00,115.16864358462927,116.03718689064796,114.52206420898438,114.52206420898438,811300,0.0,0.0,0.0
2022-03-24 00:00:00-04:00,115.20621735969492,116.26918214754396,114.55877604203195,116.2112045288086,88400,0.158,0.0,0.0
2022-03-25 00:00:00-04:00,116.39480904045033,116.94561856567337,115.48646101707817,116.50110626220703,71400,0.0,0.0,0.0
2022-03-28 00:00:00-04:00,116.5687423278245,117.14854800193805,115.30284850924971,117.10989379882812,87900,0.0,0.0,0.0
2022-03-29 00:00:00-04:00,118.23083900187909,119.53538705449188,117.92161274220393,119.10054016113281,210100,0.0,0.0,0.0
2022-03-30 00:00:00-04:00,118.81064148635365,119.05222474059391,117.70902243682085,118.08589172363281,419500,0.0,0.0,0.0
2022-03-31 00:00:00-04:00,118.20185830055026,118.20185830055026,115.92131171430144,116.00828552246094,165200,0.0,0.0,0.0
2022-04-01 00:00:00-04:00,116.50110538797361,116.9166288773947,115.89231824546466,116.86831665039062,109500,0.0,0.0,0.0
2022-04-04 00:00:00-04:00,117.30316970054844,119.56439289730721,117.30316970054844,119.49674987792969,375400,0.0,0.0,0.0
2022-04-05 00:00:00-04:00,119.19718399786744,119.82530197466124,117.39980387844462,117.63172912597656,139600,0.0,0.0,0.0
2022-04-06 00:00:00-04:00,116.28851417559767,116.57841703581636,114.66508175048818,115.46713256835938,320700,0.0,0.0,0.0
2022-04-07 00:00:00-04:00,115.32216814047332,115.40914193775065,112.8870124047356,114.43314361572266,117800,0.0,0.0,0.0
2022-04-08 00:00:00-04:00,114.33652900515513,115.01295920784818,113.41851553399508,113.9983139038086,134200,0.0,0.0,0.0
2022-04-11 00:00:00-04:00,113.24457407529292,114.24956134607733,112.52948230004834,112.70342254638672,154900,0.0,0.0,0.0
2022-04-12 00:00:00-04:00,114.0466248805888,114.43315958039514,111.43752855883422,111.87237548828125,97000,0.0,0.0,0.0
2022-04-13 00:00:00-04:00,111.86270353227032,113.86301242913358,111.80471854237345,113.54412078857422,270700,0.0,0.0,0.0
2022-04-14 00:00:00-04:00,113.7180580935106,113.7180580935106,111.60178664372363,111.63077545166016,94100,0.0,0.0,0.0
2022-04-18 00:00:00-04:00,111.56314626761451,111.87237254481634,110.19095512331495,111.01233673095703,230100,0.0,0.0,0.0
2022-04-19 00:00:00-04:00,110.915717952583,113.69876214740233,110.87706374181751,113.40885925292969,154100,0.0,0.0,0.0
2022-04-20 00:00:00-04:00,111.56314980323012,111.56314980323012,108.40324391332328,108.78011322021484,1670500,0.0,0.0,0.0
2022-04-21 00:00:00-04:00,109.45655264478825,109.95905001135473,105.75550228381509,105.99708557128906,379100,0.0,0.0,0.0
2022-04-22 00:00:00-04:00,105.91974633452239,106.03570893288601,102.98209352878959,103.20435333251953,1988100,0.0,0.0,0.0
2022-04-25 00:00:00-04:00,102.79850184462228,104.37362935241285,102.19938010328563,104.32530975341797,469200,0.0,0.0,0.0
2022-04-26 00:00:00-04:00,103.66819401053976,103.66819401053976,100.96246627026133,100.991455078125,336100,0.0,0.0,0.0
2022-04-27 00:00:00-04:00,99.60960401321114,100.7112230058485,98.27605980025558,98.85586547851562,730700,0.0,0.0,0.0
2022-04-28 00:00:00-04:00,101.59057950673018,102.81782647130798,99.31003317451712,102.15105438232422,205600,0.0,0.0,0.0
2022-04-29 00:00:00-04:00,101.50362687967343,102.64390020079408,98.52731924521804,98.66260528564453,224900,0.0,0.0,0.0
2022-05-02 00:00:00-04:00,98.82686945194185,101.08809243211874,98.60461699779015,100.97212982177734,323400,0.0,0.0,0.0
2022-05-03 00:00:00-04:00,100.87551233400696,102.23804555212874,100.27638315424228,101.33935546875,209800,0.0,0.0,0.0
2022-05-04 00:00:00-04:00,100.99146300401891,104.9244379844463,99.95748699803536,104.76982116699219,451300,0.0,0.0,0.0
2022-05-05 00:00:00-04:00,103.41695351875103,103.6295479565121,99.7255617856821,100.76920318603516,262200,0.0,0.0,0.0
2022-05-06 00:00:00-04:00,100.09277985619916,100.21840049954977,97.91853047702095,98.72058868408203,215800,0.0,0.0,0.0
2022-05-09 00:00:00-04:00,97.29040182139578,97.93784312928916,95.40605551557614,95.82157897949219,243500,0.0,0.0,0.0
2022-05-10 00:00:00-04:00,97.40636118682649,97.96682867673486,95.09682610015736,96.09214782714844,2783200,0.0,0.0,0.0
2022-05-11 00:00:00-04:00,95.76359903243154,97.47401257474763,94.25612190838541,94.36241912841797,416900,0.0,0.0,0.0
2022-05-12 00:00:00-04:00,93.50237744597258,96.48834269518106,93.10617740130115,95.51234436035156,1616000,0.0,0.0,0.0
2022-05-13 00:00:00-04:00,96.314412423911,98.59495899039928,96.26610019538418,98.10212707519531,449400,0.0,0.0,0.0
2022-05-16 00:00:00-04:00,97.65761438549846,98.61428940060408,97.30973390228478,97.49333953857422,275100,0.0,0.0,0.0
2022-05-17 00:00:00-04:00,99.06846389091362,99.81254448943073,98.20842804148516,99.72557067871094,185800,0.0,0.0,0.0
2022-05-18 00:00:00-04:00,98.73025131184994,99.02015419161111,96.39172697323633,96.65263366699219,152000,0.0,0.0,0.0
2022-05-19 00:00:00-04:00,96.12114731021877,97.69626748904945,96.12114731021877,96.57532501220703,601300,0.0,0.0,0.0
2022-05-20 00:00:00-04:00,97.64794169587444,98.00548014752968,94.4687055961562,96.59463500976562,192900,0.0,0.0,0.0
2022-05-23 00:00:00-04:00,97.30972334975377,98.01514963436539,95.95686314233728,97.8412094116211,427900,0.0,0.0,0.0
2022-05-24 00:00:00-04:00,94.61366704497732,94.63299046095462,92.13984956534962,94.05319213867188,1429700,0.0,0.0,0.0
2022-05-25 00:00:00-04:00,93.73429915236406,95.918213753626,93.73429915236406,95.5510025024414,204600,0.0,0.0,0.0
2022-05-26 00:00:00-04:00,95.65730733397245,97.92818854545335,95.65730733397245,97.58997344970703,215800,0.0,0.0,0.0
2022-05-27 00:00:00-04:00,98.21809130466843,99.98648256804486,97.99583883022169,99.92850494384766,138500,0.0,0.0,0.0
2022-05-31 00:00:00-04:00,99.84155378017563,100.80788705616361,98.82690089137314,99.8512191772461,184600,0.0,0.0,0.0
2022-06-01 00:00:00-04:00,100.47930677808499,101.03977430488504,98.35336979277126,98.79788208007812,165800,0.0,0.0,0.0
2022-06-02 00:00:00-04:00,98.73989323270514,101.26202262039075,98.48864462147988,101.175048828125,428000,0.0,0.0,0.0
2022-06-03 00:00:00-04:00,100.0444471597384,100.23771816944583,98.71091036916552,98.97181701660156,167100,0.0,0.0,0.0
2022-06-06 00:00:00-04:00,100.13142852591285,100.57594082303666,99.0104787024857,99.64826202392578,110400,0.0,0.0,0.0
2022-06-07 00:00:00-04:00,98.78822742507856,100.3150279865433,98.57563298204863,100.18940734863281,153100,0.0,0.0,0.0
2022-06-08 00:00:00-04:00,99.88984414772862,101.32001284885182,99.87051335924725,100.01546478271484,231300,0.0,0.0,0.0
2022-06-09 00:00:00-04:00,99.48399919780478,99.81255631690458,97.155140038092,97.19379425048828,99100,0.0,0.0,0.0
2022-06-10 00:00:00-04:00,95.65729887369174,95.81191568809298,94.2561190127241,94.41072845458984,924900,0.0,0.0,0.0
2022-06-13 00:00:00-04:00,92.04321941170441,92.51672052337061,89.72401870792596,89.91728973388672,496000,0.0,0.0,0.0
2022-06-14 00:00:00-04:00,90.35214360637757,90.66136989921986,88.9219673941467,89.60807037353516,328000,0.0,0.0,0.0
2022-06-15 00:00:00-04:00,90.68068693705997,93.04820725642439,90.29415962760409,91.88860321044922,304200,0.0,0.0,0.0
2022-06-16 00:00:00-04:00,89.83997928068037,90.15887093686266,87.77202727140502,88.31317138671875,1452100,0.0,0.0,0.0
2022-06-17 00:00:00-04:00,88.51611416299076,90.41012623297516,88.24554206335537,89.73369598388672,296000,0.0,0.0,0.0
2022-06-21 00:00:00-04:00,90.94160309672469,91.87894732629022,90.65170023535158,90.70001983642578,157800,0.0,0.0,0.0
2022-06-22 00:00:00-04:00,90.04291927297133,92.12053692909325,89.95594545955684,90.9126205444336,192200,0.0,0.0,0.0
2022-06-23 00:00:00-04:00,91.35120729574906,92.36783737517197,90.67345883406993,92.13546752929688,158100,0.183,0.0,0.0
2022-06-24 00:00:00-04:00,92.75512276834486,95.3402584683717,92.75512276834486,95.30152893066406,172100,0.0,0.0,0.0
2022-06-27 00:00:00-04:00,95.67913916033322,95.67913916033322,94.20745356243489,94.59473419189453,137700,0.0,0.0,0.0
2022-06-28 00:00:00-04:00,94.90457001714539,95.58232594171005,91.95151437516559,92.06769561767578,334200,0.0,0.0,0.0
2022-06-29 00:00:00-04:00,92.16451985446683,92.47434880152673,91.17693500721637,92.22261047363281,156400,0.0,0.0,0.0
2022-06-30 00:00:00-04:00,91.06076556156002,92.31944259022293,89.83112645933585,91.04139709472656,436400,0.0,0.0,0.0
2022-07-01 00:00:00-04:00,90.77028453900975,92.15483424132097,90.2474468136365,91.99991607666016,336400,0.0,0.0,0.0
2022-07-05 00:00:00-04:00,90.8477377085629,93.98475646972656,89.95698048045168,93.98475646972656,318200,0.0,0.0,0.0
2022-07-06 00:00:00-04:00,93.96539894008336,94.5366430361141,92.88099397782445,93.82984924316406,325400,0.0,0.0,0.0
2022-07-07 00:00:00-04:00,94.00409963836641,95.67911677786574,94.00409963836641,95.3886489868164,422900,0.0,0.0,0.0
2022-07-08 00:00:00-04:00,94.5172801850951,95.75659589760791,94.19776702539606,95.03043365478516,169500,0.0,0.0,0.0
2022-07-11 00:00:00-04:00,94.0815883443272,94.13968635298438,92.21293034661609,92.40657806396484,203300,0.0,0.0,0.0
2022-07-12 00:00:00-04:00,92.60020797088316,93.52969474881435,92.10641558085887,92.41624450683594,168800,0.0,0.0,0.0
2022-07-13 00:00:00-04:00,90.88648189117383,92.46467206397458,90.88648189117383,91.79660034179688,644100,0.0,0.0,0.0
2022-07-14 00:00:00-04:00,90.73154489649608,91.08978757221175,89.76332863587368,90.67345428466797,153100,0.0,0.0,0.0
2022-07-15 00:00:00-04:00,91.79658941054058,92.92940814953252,91.47708363037287,92.86163330078125,151600,0.0,0.0,0.0
2022-07-18 00:00:00-04:00,93.55876027535182,94.38175023221628,92.21293989477218,92.51309204101562,179400,0.0,0.0,0.0
2022-07-19 00:00:00-04:00,93.63619959781568,95.65009132008052,93.60715429006545,95.51454162597656,371100,0.0,0.0,0.0
2022-07-20 00:00:00-04:00,95.81469329826645,97.45098136510889,95.50486434819796,96.96687316894531,326400,0.0,0.0,0.0
2022-07-21 00:00:00-04:00,96.24069608626714,96.87971496582031,94.95296670948852,96.87971496582031,262400,0.0,0.0,0.0
2022-07-22 00:00:00-04:00,94.8852148257282,95.61137718408835,92.6679982051065,93.2973403930664,116900,0.0,0.0,0.0
2022-07-25 00:00:00-04:00,93.43288641323201,93.91699463298968,92.49371528499728,93.05528259277344,129300,0.0,0.0,0.0
2022-07-26 00:00:00-04:00,92.4356220989046,92.47435164183975,91.14789249720472,91.30281066894531,155100,0.0,0.0,0.0
2022-07-27 00:00:00-04:00,92.76479883412465,95.44676204936593,92.70670822150268,94.99169921875,144000,0.0,0.0,0.0
2022-07-28 00:00:00-04:00,93.57810602792158,94.27522293953538,92.53243066050088,94.21712493896484,171300,0.0,0.0,0.0
2022-07-29 00:00:00-04:00,93.56841307621038,94.54631350757968,92.93907106816273,94.42044067382812,230800,0.0,0.0,0.0
2022-08-01 00:00:00-04:00,93.71364250959265,95.17565097167463,93.22953443219228,94.32361602783203,207700,0.0,0.0,0.0
2022-08-02 00:00:00-04:00,93.93634292161906,95.34026099990868,93.87825230696714,94.41077423095703,234400,0.0,0.0,0.0
2022-08-03 00:00:00-04:00,94.91425100981702,96.90877439848069,94.69156537800369,96.65704345703125,124000,0.0,0.0,0.0
2022-08-04 00:00:00-04:00,96.47306339814531,97.32509101094361,96.18259557790088,96.88939666748047,583400,0.0,0.0,0.0
2022-08-05 00:00:00-04:00,95.26282441826282,96.48277932236853,95.26282441826282,96.23104095458984,89900,0.0,0.0,0.0
2022-08-08 00:00:00-04:00,96.74416800947647,98.59346463249477,96.7344911653389,96.84098815917969,139400,0.0,0.0,0.0
2022-08-09 00:00:00-04:00,96.50212453722213,96.50212453722213,95.39835845822878,95.89215087890625,319200,0.0,0.0,0.0
2022-08-10 00:00:00-04:00,97.77048921517158,98.65156224294631,97.44129181854379,98.3514175415039,213100,0.0,0.0,0.0
2022-08-11 00:00:00-04:00,99.54231773565797,100.72354283081381,98.5256950293467,98.67092895507812,950700,0.0,0.0,0.0
2022-08-12 00:00:00-04:00,99.57136090835714,100.3846664428711,99.19375714169485,100.3846664428711,109600,0.0,0.0,0.0
2022-08-15 00:00:00-04:00,99.81342756813396,100.9462463978497,99.81342756813396,100.82037353515625,72600,0.0,0.0,0.0
2022-08-16 00:00:00-04:00,100.31689276599863,101.70144238885939,99.91024368745599,101.06241607666016,235700,0.0,0.0,0.0
2022-08-17 00:00:00-04:00,99.82309736866297,100.06515143957967,98.75806093401033,98.88392639160156,311900,0.0,0.0,0.0
2022-08-18 00:00:00-04:00,98.63218941856329,98.94201831483122,97.8963430198381,98.62250518798828,82500,0.0,0.0,0.0
2022-08-19 00:00:00-04:00,97.69301515145652,97.72206045528264,96.50210598626253,96.9281234741211,179200,0.0,0.0,0.0
2022-08-22 00:00:00-04:00,95.56294759926887,95.68882044818471,94.06221673902292,94.23649597167969,107500,0.0,0.0,0.0
2022-08-23 00:00:00-04:00,94.07190488621642,94.73028491820858,93.40383323540668,93.53938293457031,204500,0.0,0.0,0.0
2022-08-24 00:00:00-04:00,93.31668991808692,94.6431489877378,93.16177914200838,93.99444580078125,115300,0.0,0.0,0.0
2022-08-25 00:00:00-04:00,94.40109235129698,95.82437154095969,94.40109235129698,95.79532623291016,84000,0.0,0.0,0.0
2022-08-26 00:00:00-04:00,95.46612621232151,95.96960282767594,92.64862060546875,92.64862060546875,166400,0.0,0.0,0.0
2022-08-29 00:00:00-04:00,92.06770387182355,92.92942335682517,91.88374775905517,91.9805679321289,133800,0.0,0.0,0.0
2022-08-30 00:00:00-04:00,92.32911395393583,92.6098975886369,90.58632152713777,91.06075286865234,267500,0.0,0.0,0.0
2022-08-31 00:00:00-04:00,92.45498654025265,92.919733685476,91.11885050145656,91.14789581298828,274300,0.0,0.0,0.0
2022-09-01 00:00:00-04:00,90.97360561477568,91.79658801911067,90.18935275012642,91.72881317138672,113300,0.0,0.0,0.0
2022-09-02 00:00:00-04:00,92.3388138380411,92.42594978069877,89.82144493108777,90.15064239501953,113800,0.0,0.0,0.0
2022-09-06 00:00:00-04:00,90.1312703938766,90.1312703938766,88.58212547203821,88.99845886230469,629700,0.0,0.0,0.0
2022-09-07 00:00:00-04:00,88.9597179360664,90.76060098574052,88.9597179360664,90.57664489746094,124000,0.0,0.0,0.0
2022-09-08 00:00:00-04:00,89.80206880438197,91.03170035071064,89.37605123546273,90.54759216308594,108100,0.0,0.0,0.0
2022-09-09 00:00:00-04:00,91.25439653972295,93.23924313274946,91.25439653972295,93.12305450439453,82900,0.0,0.0,0.0
2022-09-12 00:00:00-04:00,93.36510214879468,94.32363425898248,93.13273229506221,93.82984924316406,81800,0.0,0.0,0.0
2022-09-13 00:00:00-04:00,91.23501814831127,91.23501814831127,88.79510912420872,88.97907257080078,250800,0.0,0.0,0.0
2022-09-14 00:00:00-04:00,89.24049944589024,89.3373196037689,87.94309307912616,89.13399505615234,288900,0.0,0.0,0.0
2022-09-15 00:00:00-04:00,88.67892749454381,90.1506204092557,88.31100795931792,88.61115264892578,190300,0.0,0.0,0.0
2022-09-16 00:00:00-04:00,87.73008021775361,87.91404367999681,86.86836829498944,87.6138916015625,283700,0.0,0.0,0.0
2022-09-19 00:00:00-04:00,86.94582041031964,87.96244301969568,86.65535258655298,87.9527587890625,1263500,0.0,0.0,0.0
2022-09-20 00:00:00-04:00,87.12979506903375,87.43962403329704,86.26808303133568,86.49077606201172,198400,0.0,0.0,0.0
2022-09-21 00:00:00-04:00,86.81026957637897,87.26532499344574,84.46718071680242,84.51559448242188,344200,0.0,0.0,0.0
2022-09-22 00:00:00-04:00,84.15736565506319,84.60274430173223,83.65389638962573,83.83785247802734,575600,0.0,0.0,0.0
2022-09-23 00:00:00-04:00,83.02454586273632,83.0632754002961,81.23334722529424,82.19187927246094,1362300,0.0,0.0,0.0
2022-09-26 00:00:00-04:00,81.74649841711611,82.63725559572087,80.72019155424123,80.77828216552734,331600,0.0,0.0,0.0
2022-09-27 00:00:00-04:00,81.70777560203298,82.34680192636267,80.08117187008074,80.49750518798828,625900,0.0,0.0,0.0
2022-09-28 00:00:00-04:00,80.83617449675272,83.41749377146635,80.83617449675272,83.00991821289062,288300,0.189,0.0,0.0
2022-09-29 00:00:00-04:00,82.02008271501614,82.02008271501614,80.21510419861012,80.96232604980469,210400,0.0,0.0,0.0
2022-09-30 00:00:00-04:00,80.82648744632995,82.15596887964576,79.89488277474022,79.93370056152344,177100,0.0,0.0,0.0
2022-10-03 00:00:00-04:00,80.90411359106966,82.670281963324,80.46741909345414,82.24329376220703,343900,0.0,0.0,0.0
2022-10-04 00:00:00-04:00,83.48543302601719,84.87313727336011,83.48543302601719,84.79550170898438,321500,0.0,0.0,0.0
2022-10-05 00:00:00-04:00,83.57277620916845,84.46556300241043,82.3694471535101,84.077392578125,170300,0.0,0.0,0.0
2022-10-06 00:00:00-04:00,83.83478450497422,84.9216601800299,83.44661409218757,83.63099670410156,134100,0.0,0.0,0.0
2022-10-07 00:00:00-04:00,82.54412270407157,82.73821161627086,80.94293174990354,81.32139587402344,270200,0.0,0.0,0.0
2022-10-10 00:00:00-04:00,81.47665401913237,81.7095532940836,80.29273764888397,80.93321990966797,171300,0.0,0.0,0.0
2022-10-11 00:00:00-04:00,80.4383077403979,80.92351891383677,79.04089719169876,79.56492614746094,211300,0.0,0.0,0.0
2022-10-12 00:00:00-04:00,79.46788273066957,79.96280018403905,79.04089454315591,79.37084197998047,242000,0.0,0.0,0.0
2022-10-13 00:00:00-04:00,77.6337892570063,81.54459020623038,77.33296069283064,81.14672088623047,748300,0.0,0.0,0.0
2022-10-14 00:00:00-04:00,81.96188250200484,82.2724174022199,79.59404926053007,79.71050262451172,228900,0.0,0.0,0.0
2022-10-17 00:00:00-04:00,81.18553809796012,82.79643536376399,81.18553809796012,82.32093048095703,185800,0.0,0.0,0.0
2022-10-18 00:00:00-04:00,84.13561498329108,84.42674465047637,82.26269954719433,82.95170593261719,134700,0.0,0.0,0.0
2022-10-19 00:00:00-04:00,82.99052586025728,83.95124943026796,82.34034458630036,82.689697265625,105400,0.0,0.0,0.0
2022-10-20 00:00:00-04:00,82.86436271763642,84.57230810284386,82.68968640092504,83.0002212524414,125000,0.0,0.0,0.0
2022-10-21 00:00:00-04:00,81.7677853435975,83.5145410471791,81.53487866013225,83.47572326660156,155700,0.0,0.0,0.0
2022-10-24 00:00:00-04:00,83.66981184002458,84.2811752233106,82.70909583665096,83.9803466796875,143600,0.0,0.0,0.0
2022-10-25 00:00:00-04:00,84.22296059189654,86.4452287659871,84.22296059189654,86.19291687011719,148500,0.0,0.0,0.0
2022-10-26 00:00:00-04:00,84.23265641626051,85.68828982849728,83.67951601575993,83.69892120361328,158700,0.0,0.0,0.0
2022-10-27 00:00:00-04:00,81.91336220410473,82.79644277984376,80.87500307950823,80.94293975830078,201000,0.0,0.0,0.0
2022-10-28 00:00:00-04:00,81.32139755779701,83.11667746133593,81.30198496430766,83.06815338134766,161200,0.0,0.0,0.0
2022-10-31 00:00:00-04:00,82.51501467482424,82.86436732768277,81.45725782303361,81.9715805053711,740700,0.0,0.0,0.0
2022-11-01 00:00:00-04:00,82.98082440352536,83.45632932313445,81.28258514404297,81.28258514404297,165800,0.0,0.0,0.0
2022-11-02 00:00:00-04:00,81.09818090877855,81.83570383518935,78.80798398234523,78.8468017578125,324700,0.0,0.0,0.0
2022-11-03 00:00:00-04:00,77.85698541502124,78.04136061991706,76.94478607177734,76.94478607177734,2128200,0.0,0.0,0.0
2022-11-04 00:00:00-04:00,78.0413716270698,78.18693647527024,75.93555668814186,77.3038558959961,428400,0.0,0.0,0.0
2022-11-07 00:00:00-05:00,77.87639842353524,78.55569114922454,77.4591164909731,78.44894409179688,277000,0.0,0.0,0.0
2022-11-08 00:00:00-05:00,78.42953415733544,79.67167358274108,77.64349442176297,78.64302825927734,401300,0.0,0.0,0.0
2022-11-09 00:00:00-05:00,77.98313765034308,78.29367249429541,76.89626199464257,76.94478607177734,351700,0.0,0.0,0.0
2022-11-10 00:00:00-05:00,80.12777685263623,81.67075231050605,79.45818303094411,81.46695709228516,398600,0.0,0.0,0.0
2022-11-11 00:00:00-05:00,81.63193298784367,84.15502968634648,81.63193298784367,83.77656555175781,369800,0.0,0.0,0.0
2022-11-14 00:00:00-05:00,83.43691424301281,84.69845881543795,83.18460236703389,83.42720794677734,418300,0.0,0.0,0.0
2022-11-15 00:00:00-05:00,85.15455721447842,85.8435561621816,83.9027115533046,84.81491088867188,243000,0.0,0.0,0.0
2022-11-16 00:00:00-05:00,84.3879341567424,84.42675194263556,83.58248175786439,83.87361145019531,354400,0.0,0.0,0.0
2022-11-17 00:00:00-05:00,82.39857017679032,83.67952745857467,81.97158194828373,83.30105590820312,351100,0.0,0.0,0.0
2022-11-18 00:00:00-05:00,84.01918564869791,84.01918564869791,82.48591625205704,82.9031982421875,176900,0.0,0.0,0.0
2022-11-21 00:00:00-05:00,83.17489370267253,83.44661075965142,82.00068361859407,82.18506622314453,193200,0.0,0.0,0.0
2022-11-22 00:00:00-05:00,82.41796727515687,83.46602514927831,81.8163027762202,83.38838958740234,261800,0.0,0.0,0.0
2022-11-23 00:00:00-05:00,83.36899084581417,84.70817107492867,83.36899084581417,84.52378845214844,169300,0.0,0.0,0.0
2022-11-25 00:00:00-05:00,84.13561213530414,84.4752658701014,84.02886508786526,84.0968017578125,115800,0.0,0.0,0.0
2022-11-28 00:00:00-05:00,83.6212965350328,83.88331472945025,82.56353967151112,82.71880340576172,230900,0.0,0.0,0.0
2022-11-29 00:00:00-05:00,82.69938489102934,83.0293249004872,82.16564969486613,82.70909118652344,132900,0.0,0.0,0.0
2022-11-30 00:00:00-05:00,82.60235860457215,86.2317363625026,82.37915819154763,86.18321228027344,329600,0.0,0.0,0.0
2022-12-01 00:00:00-05:00,86.3190653170101,87.20215321181963,85.92119600231838,86.59078979492188,229500,0.0,0.0,0.0
2022-12-02 00:00:00-05:00,85.55244325014772,86.91102870164777,85.0672320449733,86.68783569335938,182400,0.0,0.0,0.0
2022-12-05 00:00:00-05:00,85.96971456830266,86.67812615904388,84.86343365412006,85.1157455444336,327700,0.0,0.0,0.0
2022-12-06 00:00:00-05:00,84.84402908272754,84.9216646501184,82.45679091347267,82.72850799560547,210800,0.0,0.0,0.0
2022-12-07 00:00:00-05:00,82.43737718505598,82.9225883689674,81.87453783855742,82.10743713378906,219900,0.0,0.0,0.0
2022-12-08 00:00:00-05:00,82.46649857605182,82.87407420600086,81.79690475275318,82.0103988647461,223100,0.0,0.0,0.0
2022-12-09 00:00:00-05:00,81.99098663719812,83.1069738797724,81.90365217484809,82.17536926269531,218200,0.0,0.0,0.0
2022-12-12 00:00:00-05:00,82.25299532373884,82.85465240478516,81.77748307123736,82.85465240478516,356100,0.0,0.0,0.0
2022-12-13 00:00:00-05:00,85.7077125386104,86.53257016009991,83.62130274044095,84.10651397705078,428600,0.0,0.0,0.0
2022-12-14 00:00:00-05:00,83.32046564291906,84.53349361069539,82.45679032216113,83.23312377929688,501400,0.0,0.0,0.0
2022-12-15 00:00:00-05:00,81.69245246137602,81.78971547841525,79.82497581972994,80.07786560058594,416000,0.196,0.0,0.0
2022-12-16 00:00:00-05:00,79.91251933057212,80.52528302881899,79.36783306699333,79.7957992553711,249600,0.0,0.0,0.0
2022-12-19 00:00:00-05:00,79.65962601537223,79.65962601537223,77.89913354071128,78.15202331542969,431400,0.0,0.0,0.0
2022-12-20 00:00:00-05:00,77.79214412252274,78.81341683815326,77.52952583800929,78.66751861572266,383900,0.0,0.0,0.0
2022-12-21 00:00:00-05:00,78.99824026121667,80.14596183491228,78.78425714093032,79.77635192871094,463300,0.0,0.0,0.0
2022-12-22 00:00:00-05:00,78.91069749858436,79.15385878346675,77.66571290729748,79.11495208740234,454800,0.0,0.0,0.0
2022-12-23 00:00:00-05:00,78.84260821810402,79.83471036042519,78.63835364073039,79.75689697265625,262500,0.0,0.0,0.0
2022-12-27 00:00:00-05:00,79.54290649485299,79.64989803794636,78.51190517489039,79.0176773071289,499200,0.0,0.0,0.0
2022-12-28 00:00:00-05:00,78.87178247987875,79.50400323799902,77.85050964355469,77.85050964355469,951900,0.0,0.0,0.0
2022-12-29 00:00:00-05:00,78.47299365698922,80.27238530270084,78.47299365698922,79.93196105957031,328400,0.0,0.0,0.0
2022-12-30 00:00:00-05:00,78.97878069196203,80.05841736767249,78.83288986067143,80.00006103515625,298200,0.0,0.0,0.0
2023-01-03 00:00:00-05:00,81.02133738954983,81.80917752250588,80.19458314257429,80.90461730957031,227000,0.0,0.0,0.0
2023-01-04 00:00:00-05:00,81.84808133432432,82.8207263711655,81.23531021187104,82.4024887084961,365200,0.0,0.0,0.0
2023-01-05 00:00:00-05:00,82.12041433300277,82.86934768767621,81.58545663631307,82.32466888427734,218700,0.0,0.0,0.0
2023-01-06 00:00:00-05:00,83.09307275420822,84.0559893435428,82.11069910691913,83.81282806396484,131800,0.0,0.0,0.0
2023-01-09 00:00:00-05:00,84.28942268827721,85.0383561036165,84.00735473632812,84.00735473632812,289700,0.0,0.0,0.0
2023-01-10 00:00:00-05:00,83.46267348649725,85.2328872680664,83.46267348649725,85.2328872680664,119200,0.0,0.0,0.0
2023-01-11 00:00:00-05:00,85.58302969473347,86.22497894333321,85.23287690835039,86.19580078125,537300,0.0,0.0,0.0
2023-01-12 00:00:00-05:00,86.56540402197217,87.23653143901127,85.4760389628307,86.92528533935547,154600,0.0,0.0,0.0
2023-01-13 00:00:00-05:00,86.52650422440846,87.4505214899891,86.21525809995958,87.26571655273438,616300,0.0,0.0,0.0
2023-01-17 00:00:00-05:00,87.28516175904693,87.36297514138319,86.12771923473856,86.70157623291016,309300,0.0,0.0,0.0
2023-01-18 00:00:00-05:00,87.07116832442505,87.38241439610329,85.49548833310654,85.71919250488281,250700,0.0,0.0,0.0
2023-01-19 00:00:00-05:00,85.16479890576946,86.47787567065323,84.98000139081647,85.93318939208984,289700,0.0,0.0,0.0
2023-01-20 00:00:00-05:00,86.9447465382365,88.84140155079805,86.52650884050583,88.76359558105469,236100,0.0,0.0,0.0
2023-01-23 00:00:00-05:00,88.75386185699726,90.50462593587821,88.59823508523323,90.28091430664062,383200,0.0,0.0,0.0
2023-01-24 00:00:00-05:00,89.6292424353149,91.7301518750304,89.6292424353149,89.89185333251953,774500,0.0,0.0,0.0
2023-01-25 00:00:00-05:00,89.16237764256687,90.32955625564881,88.87058855481648,90.22256469726562,297400,0.0,0.0,0.0
2023-01-26 00:00:00-05:00,90.84505757795348,91.48699951171875,90.17393005659996,91.48699951171875,138100,0.0,0.0,0.0
2023-01-27 00:00:00-05:00,91.30218895076533,92.68334307175535,91.10765549807434,92.13866424560547,307500,0.0,0.0,0.0
2023-01-30 00:00:00-05:00,91.29247063072746,91.85660657557092,90.7088850487864,90.77696990966797,229500,0.0,0.0,0.0
2023-01-31 00:00:00-05:00,90.84505870500188,92.09004331258068,90.84505870500188,92.0122299194336,429300,0.0,0.0,0.0
2023-02-01 00:00:00-05:00,91.68152622377762,93.78243571272918,91.06875508145149,93.35447692871094,462400,0.0,0.0,0.0
2023-02-02 00:00:00-05:00,97.02133782463278,99.05416229331179,96.77817657695199,98.44139862060547,611000,0.0,0.0,0.0
2023-02-03 00:00:00-05:00,96.25296102871415,98.49004779260747,96.14596947092052,96.44749450683594,805100,0.0,0.0,0.0
2023-02-06 00:00:00-05:00,95.47483622068994,95.98060835271806,94.68698872908536,95.35811614990234,221200,0.0,0.0,0.0
2023-02-07 00:00:00-05:00,95.05659371064642,97.08941808313749,94.70644093689901,96.8073501586914,535300,0.0,0.0,0.0
2023-02-08 00:00:00-05:00,95.27058558469345,95.44566200137349,93.54900700458401,93.9866943359375,312600,0.0,0.0,0.0
2023-02-09 00:00:00-05:00,95.16358263475952,95.16358263475952,91.54534949107966,91.87604522705078,220700,0.0,0.0,0.0
2023-02-10 00:00:00-05:00,91.4675435191023,91.88578119715405,90.64079669151903,90.87422943115234,207700,0.0,0.0,0.0
2023-02-13 00:00:00-05:00,91.3119116440864,92.18729364467124,90.91313104535432,91.85659790039062,157400,0.0,0.0,0.0
2023-02-14 00:00:00-05:00,91.52589668956247,92.29428716088752,90.64079356279595,91.90522766113281,203800,0.0,0.0,0.0
2023-02-15 00:00:00-05:00,91.59399356708752,93.51010573279574,91.59399356708752,93.47119903564453,134200,0.0,0.0,0.0
2023-02-16 00:00:00-05:00,92.04140262269726,93.28639457706133,91.83714804333187,92.06085968017578,106300,0.0,0.0,0.0
2023-02-17 00:00:00-05:00,91.61342259998756,91.91494013480322,90.91311710688795,91.77877044677734,71600,0.0,0.0,0.0
2023-02-21 00:00:00-05:00,90.81586993884882,91.14656569008879,89.65841996812341,89.69732666015625,130800,0.0,0.0,0.0
2023-02-22 00:00:00-05:00,89.61951711572402,90.30036570373686,89.43471217582352,89.9307632446289,187100,0.0,0.0,0.0
2023-02-23 00:00:00-05:00,89.90157841097611,89.99884142766435,88.48151758938893,89.45416259765625,617300,0.0,0.0,0.0
2023-02-24 00:00:00-05:00,88.05355715772771,88.3356251190168,87.53805645701395,88.1313705444336,142700,0.0,0.0,0.0
2023-02-27 00:00:00-05:00,88.68576556273841,89.02618980620552,88.13135824603715,88.30643463134766,227100,0.0,0.0,0.0
2023-02-28 00:00:00-05:00,88.38425241822901,89.19154211568592,88.26753234863281,88.26753234863281,293000,0.0,0.0,0.0
2023-03-01 00:00:00-05:00,88.06329307971153,88.5885223530331,87.5477923357182,87.66450500488281,574500,0.0,0.0,0.0
2023-03-02 00:00:00-05:00,87.16845109816857,88.64686829287868,87.03228138631472,88.55933380126953,93500,0.0,0.0,0.0
2023-03-03 00:00:00-05:00,89.24991077095356,90.35872552069615,88.99702098326179,90.2322769165039,204300,0.0,0.0,0.0
2023-03-06 00:00:00-05:00,90.73805649188742,91.42863357843288,90.17392058884147,90.2322769165039,110700,0.0,0.0,0.0
2023-03-07 00:00:00-05:00,90.46573154984286,90.73807101678594,88.94840000149817,89.1040267944336,119900,0.0,0.0,0.0
2023-03-08 00:00:00-05:00,89.104016088247,89.5222537681407,88.5593372198061,88.99702453613281,67800,0.0,0.0,0.0
2023-03-09 00:00:00-05:00,89.03593329855872,89.65842556858217,86.63349871548698,86.83775329589844,152000,0.0,0.0,0.0
2023-03-10 00:00:00-05:00,86.6626619782405,86.96418695330469,85.00916856171318,85.49549102783203,164800,0.0,0.0,0.0
2023-03-13 00:00:00-04:00,84.6103884009723,86.5265002819625,84.04625992783876,85.35932922363281,290300,0.0,0.0,0.0
2023-03-14 00:00:00-04:00,86.86692273722922,87.76176177862274,86.3903287641351,87.3824234008789,96400,0.0,0.0,0.0
2023-03-15 00:00:00-04:00,86.43895942244487,88.33561410764437,86.04017143080739,88.16053771972656,198900,0.0,0.0,0.0
2023-03-16 00:00:00-04:00,87.96602070850925,90.34899811305415,87.75203761016948,90.29064178466797,151500,0.0,0.0,0.0
2023-03-17 00:00:00-04:00,90.04748629686836,90.44626693423574,89.1137478793448,89.50279998779297,91800,0.0,0.0,0.0
2023-03-20 00:00:00-04:00,89.3277073652958,90.38789420435481,89.22072324936642,90.11555480957031,172300,0.0,0.0,0.0
2023-03-21 00:00:00-04:00,90.88396540157541,92.21648451092446,90.79642347911155,92.0122299194336,222300,0.0,0.0,0.0
2023-03-22 00:00:00-04:00,92.01222567872489,92.96542114911117,90.31009674072266,90.31009674072266,109500,0.0,0.0,0.0
2023-03-23 00:00:00-04:00,91.38000102637764,92.74170560357122,90.94231371474429,91.7496109008789,205900,0.0,0.0,0.0
2023-03-24 00:00:00-04:00,91.53786524158295,92.05502714436606,90.9426391982951,92.03551483154297,171600,0.303,0.0,0.0
2023-03-27 00:00:00-04:00,92.11357237218766,92.43558134524342,91.2451293439626,91.64519500732422,148200,0.0,0.0,0.0
2023-03-28 00:00:00-04:00,91.40125252409094,91.40125252409094,90.39620095617887,90.82554626464844,136000,0.0,0.0,0.0
2023-03-29 00:00:00-04:00,91.90866224195254,92.11357501852798,91.2548843990432,92.05502319335938,250800,0.0,0.0,0.0
2023-03-30 00:00:00-04:00,92.37703696016301,92.60146950495403,92.04527552698339,92.41606903076172,242200,0.0,0.0,0.0
2023-03-31 00:00:00-04:00,92.69905561873703,94.3578778467032,92.69905561873703,94.32860565185547,441900,0.0,0.0,0.0
2023-04-03 00:00:00-04:00,93.76264726848653,94.67988236791525,93.60652642186847,94.58230590820312,218600,0.0,0.0,0.0
2023-04-04 00:00:00-04:00,94.78720701686679,95.01163954667142,93.97730835638828,94.64083862304688,178800,0.0,0.0,0.0
2023-04-05 00:00:00-04:00,94.78721186052894,94.78721186052894,93.71385599201032,94.30908203125,256300,0.0,0.0,0.0
2023-04-06 00:00:00-04:00,94.24077198678441,95.91911367019857,93.75288230879684,95.68492126464844,73300,0.0,0.0,0.0
2023-04-10 00:00:00-04:00,94.97261051102709,95.62638092041016,94.61156945402452,95.62638092041016,257800,0.0,0.0,0.0
2023-04-11 00:00:00-04:00,95.82152642896148,96.00692688238891,95.37266883425782,95.50927734375,193800,0.0,0.0,0.0
2023-04-12 00:00:00-04:00,96.16307383115141,96.37773907020043,94.35787577928508,94.41642761230469,128900,0.0,0.0,0.0
2023-04-13 00:00:00-04:00,95.18727541564877,96.3972396850586,95.18727541564877,96.3972396850586,82400,0.0,0.0,0.0
2023-04-14 00:00:00-04:00,95.90934864977183,96.58263875156865,95.35315474447171,96.17280578613281,92200,0.0,0.0,0.0
2023-04-17 00:00:00-04:00,95.07995085698718,95.65565715221409,94.89455038142297,95.56784057617188,123400,0.0,0.0,0.0
2023-04-18 00:00:00-04:00,96.01668814945762,96.11426459413462,94.9335724909502,95.04090881347656,96300,0.0,0.0,0.0
2023-04-19 00:00:00-04:00,94.09441464833027,94.83600913048075,93.89926173205168,94.4359359741211,98700,0.0,0.0,0.0
2023-04-20 00:00:00-04:00,93.55773378698188,94.34812022747774,93.27475684465702,93.50894927978516,143200,0.0,0.0,0.0
2023-04-21 00:00:00-04:00,93.39185233955452,93.87974207538623,93.13814759243219,93.74313354492188,110300,0.0,0.0,0.0
2023-04-24 00:00:00-04:00,93.79191443707985,94.24077204776619,93.0698323530749,93.60651397705078,111900,0.0,0.0,0.0
2023-04-25 00:00:00-04:00,93.20644689418468,93.38208748751505,92.1526107788086,92.1526107788086,200000,0.0,0.0,0.0
2023-04-26 00:00:00-04:00,92.36728014144097,92.84540995551814,91.21586016955706,91.28416442871094,82600,0.0,0.0,0.0
2023-04-27 00:00:00-04:00,94.07487589363971,96.1532829018104,93.82117121809912,95.88006591796875,106100,0.0,0.0,0.0
2023-04-28 00:00:00-04:00,95.40194036404593,96.51433563232422,95.265331855497,96.51433563232422,70700,0.0,0.0,0.0
2023-05-01 00:00:00-04:00,96.36795772469927,96.81681527195522,95.95812479493979,96.44601440429688,103500,0.0,0.0,0.0
2023-05-02 00:00:00-04:00,96.2216138268303,96.2216138268303,94.04562234001071,94.5920639038086,109500,0.0,0.0,0.0
2023-05-03 00:00:00-04:00,94.78720625584292,95.56783272021113,94.1724679402618,94.22125244140625,95300,0.0,0.0,0.0
2023-05-04 00:00:00-04:00,93.7724087516395,93.7724087516395,92.68929290771484,92.68929290771484,70700,0.0,0.0,0.0
2023-05-05 00:00:00-04:00,93.16741725249689,94.07489236174413,92.6600078125921,93.90900421142578,110900,0.0,0.0,0.0
2023-05-08 00:00:00-04:00,93.74311906664899,94.95308334014737,93.74311906664899,94.85550689697266,79600,0.0,0.0,0.0
2023-05-09 00:00:00-04:00,94.60181002412736,94.826242562162,94.00658399347687,94.08464813232422,631500,0.0,0.0,0.0
2023-05-10 00:00:00-04:00,94.98236290748413,95.32389165203591,93.73336647076465,94.97261047363281,74600,0.0,0.0,0.0
2023-05-11 00:00:00-04:00,95.38243366654392,96.27039646897317,95.12872894519188,95.7922592163086,119600,0.0,0.0,0.0
2023-05-12 00:00:00-04:00,95.98741182978472,96.19232458816985,95.21654529418056,95.83128356933594,226100,0.0,0.0,0.0
2023-05-15 00:00:00-04:00,95.70444331022682,96.51434198176626,95.65565136341857,96.2508773803711,130500,0.0,0.0,0.0
2023-05-16 00:00:00-04:00,95.7629877764139,96.55336669209504,95.75322789812233,96.21184539794922,89000,0.0,0.0,0.0
2023-05-17 00:00:00-04:00,96.42651078796852,97.8511476823633,96.17280608374321,97.5193862915039,105700,0.0,0.0,0.0
2023-05-18 00:00:00-04:00,97.54866931630986,99.10015501287015,97.54866931630986,99.08064270019531,135400,0.0,0.0,0.0
2023-05-19 00:00:00-04:00,99.1391892211812,99.57829443420036,98.02680125956942,98.30001831054688,144800,0.0,0.0,0.0
2023-05-22 00:00:00-04:00,98.41710600153854,99.86125527298012,98.41710600153854,99.30506134033203,111800,0.0,0.0,0.0
2023-05-23 00:00:00-04:00,98.84644701058242,99.56852161497969,98.0950927734375,98.0950927734375,79300,0.0,0.0,0.0
2023-05-24 00:00:00-04:00,97.45108786612793,98.06582618604206,97.09004682100682,97.49011993408203,127200,0.0,0.0,0.0
2023-05-25 00:00:00-04:00,98.41710960266785,98.41710960266785,97.1778656117669,97.32423400878906,141400,0.0,0.0,0.0
2023-05-26 00:00:00-04:00,97.46083230136011,99.14893373996047,97.1388307952245,98.99280548095703,168300,0.0,0.0,0.0
2023-05-30 00:00:00-04:00,99.8612519085037,99.90028397460677,98.57322350552451,99.1294174194336,118100,0.0,0.0,0.0
2023-05-31 00:00:00-04:00,98.64153186012479,99.25627762104327,98.40734689837788,99.03184509277344,97000,0.0,0.0,0.0
2023-06-01 00:00:00-04:00,99.33433110673319,100.42719910745478,98.95377779296693,100.20277404785156,163200,0.0,0.0,0.0
2023-06-02 00:00:00-04:00,100.0076296083513,100.88583256593832,99.77344463453012,100.66140747070312,177800,0.0,0.0,0.0
2023-06-05 00:00:00-04:00,100.3491444920408,101.56886867603353,100.3491444920408,100.88582611083984,135000,0.0,0.0,0.0
2023-06-06 00:00:00-04:00,100.87605880514813,102.04699840232564,100.56380973482182,101.50055694580078,139600,0.0,0.0,0.0
2023-06-07 00:00:00-04:00,101.90063397627581,102.75931709184245,100.7101820230231,100.78824615478516,206600,0.0,0.0,0.0
2023-06-08 00:00:00-04:00,100.48575814019469,101.2858968887199,100.20278124265943,101.0126724243164,248400,0.0,0.0,0.0
2023-06-09 00:00:00-04:00,101.12978372011932,101.86161832294417,100.8565666595351,101.09075164794922,189600,0.0,0.0,0.0
2023-06-12 00:00:00-04:00,101.45177819108319,102.29094901094666,101.29564992478046,102.203125,143100,0.0,0.0,0.0
2023-06-13 00:00:00-04:00,102.88617731809003,103.13987458964422,102.41779995322615,102.76908111572266,151500,0.0,0.0,0.0
2023-06-14 00:00:00-04:00,102.73981072263457,103.53994950795426,101.82257573290015,102.79835510253906,151600,0.0,0.0,0.0
2023-06-15 00:00:00-04:00,102.59344008150283,104.59379072329787,102.20312685327386,104.34984588623047,170400,0.0,0.0,0.0
2023-06-16 00:00:00-04:00,104.73039724797694,104.73039724797694,103.45212126368243,103.62776184082031,174200,0.0,0.0,0.0
2023-06-20 00:00:00-04:00,102.9935134721322,103.21793855387483,102.07627849995187,102.8471450805664,60400,0.0,0.0,0.0
2023-06-21 00:00:00-04:00,102.53490327700256,102.53490327700256,101.42251533337293,101.5786361694336,116400,0.0,0.0,0.0
2023-06-22 00:00:00-04:00,101.24686916835601,102.27143303657772,100.97365213683024,102.26168060302734,123400,0.0,0.0,0.0
2023-06-23 00:00:00-04:00,101.33468267677796,102.32022189181498,101.23710623198149,101.96894073486328,67400,0.0,0.0,0.0
2023-06-26 00:00:00-04:00,101.70549160952899,102.51538286534934,101.07123350142868,101.1200180053711,86300,0.0,0.0,0.0
2023-06-27 00:00:00-04:00,101.20782820794787,103.23745089896245,101.15903626605993,102.73004150390625,236000,0.0,0.0,0.0
2023-06-28 00:00:00-04:00,102.59343839989273,103.70582624311852,102.59343839989273,103.58873748779297,100900,0.0,0.0,0.0
2023-06-29 00:00:00-04:00,103.31186363101246,103.54666123453296,102.89118054832757,103.10641479492188,93200,0.277,0.0,0.0
2023-06-30 00:00:00-04:00,103.67384804328641,104.41738248771877,103.67384804328641,104.00647735595703,262900,0.0,0.0,0.0
2023-07-03 00:00:00-04:00,103.83038051977319,104.45651245117188,103.65428044756223,104.45651245117188,67300,0.0,0.0,0.0
2023-07-05 00:00:00-04:00,104.29020268018387,105.41528611295284,104.01627088036153,105.03373718261719,352700,0.0,0.0,0.0
2023-07-06 00:00:00-04:00,104.24128863940064,104.33912035695856,103.38035161109497,104.02605438232422,186900,0.0,0.0,0.0
2023-07-07 00:00:00-04:00,103.91843725378601,105.07286943476547,103.87930307394652,104.02605438232422,127300,0.0,0.0,0.0
2023-07-10 00:00:00-04:00,104.0456115946996,104.50542885055232,103.2825137931062,103.85973358154297,73500,0.0,0.0,0.0
2023-07-11 00:00:00-04:00,103.93799216020055,105.68920737919369,103.84016045059755,105.6109390258789,109900,0.0,0.0,0.0
2023-07-12 00:00:00-04:00,106.47188130064885,107.26432789130763,106.25664705032636,107.01974487304688,246000,0.0,0.0,0.0
2023-07-13 00:00:00-04:00,107.97851425541661,108.7905242083533,107.76328000376542,108.48724365234375,266800,0.0,0.0,0.0
2023-07-14 00:00:00-04:00,108.35028339439073,108.73183232795324,107.27411954423798,107.43064880371094,1125400,0.0,0.0,0.0
2023-07-17 00:00:00-04:00,107.42086763221793,107.49912852756445,106.70668191457935,106.9806137084961,1664300,0.0,0.0,0.0
2023-07-18 00:00:00-04:00,107.16649660876422,108.0078627920989,107.09801366193844,107.9002456665039,112600,0.0,0.0,0.0
2023-07-19 00:00:00-04:00,108.47745973444202,109.1622966776732,108.0274278675606,108.32093048095703,474900,0.0,0.0,0.0
2023-07-20 00:00:00-04:00,107.55784101933578,108.04700710370375,106.00228898972294,106.29579162597656,200800,0.0,0.0,0.0
2023-07-21 00:00:00-04:00,106.6284143438712,106.6284143438712,104.98481610413161,105.29788208007812,203100,0.0,0.0,0.0
2023-07-24 00:00:00-04:00,105.74791243533218,106.19795176686873,105.0728683661904,105.2685317993164,234000,0.0,0.0,0.0
2023-07-25 00:00:00-04:00,105.43485107347772,105.76748788123258,104.97504123912064,105.11200714111328,118300,0.0,0.0,0.0
2023-07-26 00:00:00-04:00,106.79473415473925,107.00996094396024,105.85552878322278,106.75559997558594,88900,0.0,0.0,0.0
2023-07-27 00:00:00-04:00,109.69058392884034,109.92538151333609,106.99038558285702,107.20561981201172,281600,0.0,0.0,0.0
2023-07-28 00:00:00-04:00,108.4774544133832,110.2091063121341,108.40897146882747,109.86669158935547,201800,0.0,0.0,0.0
2023-07-31 00:00:00-04:00,109.91560233594473,110.72761971413212,109.76885103828371,110.17975616455078,415900,0.0,0.0,0.0
2023-08-01 00:00:00-04:00,109.51449737998568,110.08192432381986,109.04489468900125,109.73950958251953,209900,0.0,0.0,0.0
2023-08-02 00:00:00-04:00,108.53615976968004,108.62420607122165,107.31324470994984,107.6458740234375,502700,0.0,0.0,0.0
2023-08-03 00:00:00-04:00,106.9121340426394,108.05678084411448,106.90234863139004,107.28390502929688,153500,0.0,0.0,0.0
2023-08-04 00:00:00-04:00,107.71435823920284,108.64377817401325,106.96104583771599,107.08822631835938,145400,0.0,0.0,0.0
2023-08-07 00:00:00-04:00,107.61653485841497,108.61443035199699,107.36216641335217,108.60465240478516,77600,0.0,0.0,0.0
2023-08-08 00:00:00-04:00,108.02743539525603,108.45790393447882,107.57740349701496,108.3698501586914,70800,0.0,0.0,0.0
2023-08-09 00:00:00-04:00,108.43832787777316,108.43832787777316,106.55993201122944,106.765380859375,191900,0.0,0.0,0.0
2023-08-10 00:00:00-04:00,107.69478882547634,108.36983283287309,106.84363729466028,107.16648864746094,457700,0.0,0.0,0.0
2023-08-11 00:00:00-04:00,106.41318378829041,107.15671830606354,106.26643993827365,106.67733764648438,97500,0.0,0.0,0.0
2023-08-14 00:00:00-04:00,106.3349156057971,107.31324768066406,106.15881553375777,107.31324768066406,65100,0.0,0.0,0.0
2023-08-15 00:00:00-04:00,106.84364901573603,106.95126614514218,106.08055116291546,106.27621459960938,50400,0.0,0.0,0.0
2023-08-16 00:00:00-04:00,105.99249543959152,106.34469559041978,105.02394875685457,105.07286834716797,109800,0.0,0.0,0.0
2023-08-17 00:00:00-04:00,105.2881020622496,105.41528254669832,103.8499526977539,103.8499526977539,137900,0.0,0.0,0.0
2023-08-18 00:00:00-04:00,102.87162331016765,103.62493575397323,102.43136938028917,103.27273559570312,189800,0.0,0.0,0.0
2023-08-21 00:00:00-04:00,103.18469099236646,104.04562058008926,102.83249082827943,103.79125213623047,210700,0.0,0.0,0.0
2023-08-22 00:00:00-04:00,104.16301848125899,104.35868191299656,103.59558407950595,103.65428161621094,156900,0.0,0.0,0.0
2023-08-23 00:00:00-04:00,104.02605033402257,105.74790939546244,104.02605033402257,105.20983123779297,211100,0.0,0.0,0.0
2023-08-24 00:00:00-04:00,105.69899314841336,105.78703944813083,103.14554595947266,103.14554595947266,187500,0.0,0.0,0.0
2023-08-25 00:00:00-04:00,103.32165526605051,103.83038468167315,101.80523750211245,103.22382354736328,193800,0.0,0.0,0.0
2023-08-28 00:00:00-04:00,103.97713349384546,104.59348748852325,103.73255047096228,104.48587036132812,361800,0.0,0.0,0.0
2023-08-29 00:00:00-04:00,104.63261654598142,106.92191757273612,104.63261654598142,106.66754913330078,105400,0.0,0.0,0.0
2023-08-30 00:00:00-04:00,106.84364481289244,107.26432790290968,106.3642641869923,107.1175765991211,246600,0.0,0.0,0.0
2023-08-31 00:00:00-04:00,107.25454105339661,107.89045838522867,107.02952885947653,107.03931427001953,99900,0.0,0.0,0.0
2023-09-01 00:00:00-04:00,107.53826410188347,107.53826410188347,106.13924888130995,106.47188568115234,80700,0.0,0.0,0.0
2023-09-05 00:00:00-04:00,106.14901894335487,106.7849362178593,106.14901894335487,106.22728729248047,144000,0.0,0.0,0.0
2023-09-06 00:00:00-04:00,106.37404439901803,106.48165405485051,105.25873902318006,105.85552215576172,703200,0.0,0.0,0.0
2023-09-07 00:00:00-04:00,105.21961374063511,106.12946283512726,104.8771915558486,105.39571380615234,68200,0.0,0.0,0.0
2023-09-08 00:00:00-04:00,105.46421193769646,106.04142434085277,105.3663727484789,105.54247283935547,71500,0.0,0.0,0.0
2023-09-11 00:00:00-04:00,106.04142184975058,107.07845154717191,106.04142184975058,106.85343933105469,104500,0.0,0.0,0.0
2023-09-12 00:00:00-04:00,106.5012249992584,106.83385430550122,106.04140775256192,106.10010528564453,100200,0.0,0.0,0.0
2023-09-13 00:00:00-04:00,106.18815904934945,106.41317123555348,105.42506126295146,106.10010528564453,68000,0.0,0.0,0.0
2023-09-14 00:00:00-04:00,106.72624247580987,107.6850111934771,106.58927658244046,107.41107940673828,167000,0.0,0.0,0.0
2023-09-15 00:00:00-04:00,107.39151725965718,107.39151725965718,105.84575812904995,106.02185821533203,148500,0.0,0.0,0.0
2023-09-18 00:00:00-04:00,105.87509770514637,106.55014922128608,105.87509770514637,106.13924407958984,75200,0.0,0.0,0.0
2023-09-19 00:00:00-04:00,105.8359530109331,106.52078240558056,105.32722366977791,106.22728729248047,69900,0.0,0.0,0.0
2023-09-20 00:00:00-04:00,106.52078626580719,106.74580591167766,104.71087354515146,104.7989273071289,63600,0.0,0.0,0.0
2023-09-21 00:00:00-04:00,103.98691220784583,104.3195415147862,103.29229736328125,103.29229736328125,182500,0.0,0.0,0.0
2023-09-22 00:00:00-04:00,103.79124888449847,104.39781747344078,103.04772186279297,103.04772186279297,119100,0.0,0.0,0.0
2023-09-25 00:00:00-04:00,102.6074588519882,103.18467862106813,102.27482955027641,103.11619567871094,259600,0.0,0.0,0.0
2023-09-26 00:00:00-04:00,102.26505722765265,102.4313718997928,101.79546198112966,102.01068878173828,130300,0.0,0.0,0.0
2023-09-27 00:00:00-04:00,102.22592172299869,102.92053663654602,101.08127492732558,102.37267303466797,183200,0.0,0.0,0.0
2023-09-28 00:00:00-04:00,102.36089596821519,104.1179548447222,102.33144926738352,103.51918029785156,106900,0.348,0.0,0.0
2023-09-29 00:00:00-04:00,104.29463270040088,104.69709087777045,102.94003216700993,103.25414276123047,202000,0.0,0.0,0.0
2023-10-02 00:00:00-04:00,103.41119080837515,104.2455463438976,103.2050564399981,103.86272430419922,182900,0.0,0.0,0.0
2023-10-03 00:00:00-04:00,103.4013742477799,103.9216266962709,102.13512132207552,102.50812530517578,147800,0.0,0.0,0.0
2023-10-04 00:00:00-04:00,102.33144011120842,103.68604065117746,102.1940171936313,103.42101287841797,85800,0.0,0.0,0.0
2023-10-05 00:00:00-04:00,103.3915739765899,103.60752643163448,102.38053065432469,103.34249114990234,96600,0.0,0.0,0.0
2023-10-06 00:00:00-04:00,102.53757394072406,105.46273493280954,102.53757394072406,105.1878890991211,100500,0.0,0.0,0.0
2023-10-09 00:00:00-04:00,104.76580860986785,106.65047228804953,104.50077333353707,106.38543701171875,151400,0.0,0.0,0.0
2023-10-10 00:00:00-04:00,106.65047017813374,107.66151345979215,106.41488909526858,106.84678649902344,151100,0.0,0.0,0.0
2023-10-11 00:00:00-04:00,107.2001533005218,108.13267447269105,107.08235902400939,107.64187622070312,101600,0.0,0.0,0.0
2023-10-12 00:00:00-04:00,107.73022705227937,107.73022705227937,105.88482813684995,106.38543701171875,146100,0.0,0.0,0.0
2023-10-13 00:00:00-04:00,106.434518674154,106.77807598324671,104.50077219141951,105.00138854980469,218300,0.0,0.0,0.0
2023-10-16 00:00:00-04:00,105.55106949239008,106.9253060777619,105.55106949239008,106.6602783203125,100000,0.0,0.0,0.0
2023-10-17 00:00:00-04:00,106.15966802765156,107.48482186795215,106.15966802765156,107.28850555419922,107600,0.0,0.0,0.0
2023-10-18 00:00:00-04:00,106.72899982889643,107.209980057939,105.11917454194021,105.31549835205078,92700,0.0,0.0,0.0
2023-10-19 00:00:00-04:00,106.76825513884022,107.04310846794144,105.23696689307081,105.29586029052734,112500,0.0,0.0,0.0
2023-10-20 00:00:00-04:00,105.26641665722426,105.65905679267244,104.11795043945312,104.11795043945312,425600,0.0,0.0,0.0
2023-10-23 00:00:00-04:00,104.00015146684817,105.40383483277192,103.4700959202083,104.47132110595703,127900,0.0,0.0,0.0
2023-10-24 00:00:00-04:00,105.70813784289383,106.55231149878617,105.28605101494767,105.95353698730469,327700,0.0,0.0,0.0
2023-10-25 00:00:00-04:00,103.62714199186786,103.62714199186786,101.18296880882158,101.27130889892578,210900,0.0,0.0,0.0
2023-10-26 00:00:00-04:00,99.96579597295346,100.13267308962845,98.47377240888919,99.06272888183594,458000,0.0,0.0,0.0
2023-10-27 00:00:00-04:00,99.52409160405779,99.7694907859376,98.47378340517174,98.85660552978516,2522500,0.0,0.0,0.0
2023-10-30 00:00:00-04:00,99.65167891063025,101.32039754655453,99.65167891063025,100.84922790527344,355700,0.0,0.0,0.0
2023-10-31 00:00:00-04:00,101.36946903476571,101.63450428823903,100.69217253041778,101.6148681640625,116600,0.0,0.0,0.0
2023-11-01 00:00:00-04:00,101.67377105631239,102.85168390461348,101.51671201574571,102.76334381103516,154200,0.0,0.0,0.0
2023-11-02 00:00:00-04:00,104.10812543371843,104.67745321770096,103.90199106137727,104.6087417602539,135300,0.0,0.0,0.0
2023-11-03 00:00:00-04:00,105.46274547690527,106.91550431135785,105.46274547690527,106.5915756225586,143600,0.0,0.0,0.0
2023-11-06 00:00:00-05:00,106.66029377267796,106.66029377267796,105.64924294959506,106.17930603027344,607600,0.0,0.0,0.0
2023-11-07 00:00:00-05:00,106.25781547556747,107.06272426321323,105.86517539864565,106.61119079589844,123200,0.0,0.0,0.0
2023-11-08 00:00:00-05:00,106.61120784987439,106.75844883839667,106.1204095474586,106.6308364868164,241100,0.0,0.0,0.0
2023-11-09 00:00:00-05:00,106.93513570571065,107.40629787857875,106.01243250777799,106.21856689453125,84200,0.0,0.0,0.0
2023-11-10 00:00:00-05:00,105.84556560815146,107.3768539428711,105.4823721617681,107.3768539428711,69800,0.0,0.0,0.0
2023-11-13 00:00:00-05:00,106.79771844655012,107.46520446767812,106.5130545195556,107.00385284423828,217900,0.0,0.0,0.0
2023-11-14 00:00:00-05:00,108.81980877609963,109.90938169234344,108.81980877609963,109.22225952148438,131200,0.0,0.0,0.0
2023-11-15 00:00:00-05:00,109.81122102305477,110.16459641968636,109.3400513312166,109.84066772460938,172300,0.0,0.0,0.0
2023-11-16 00:00:00-05:00,109.79158148552906,110.11551017054374,109.19280694255819,110.04679870605469,115500,0.0,0.0,0.0
2023-11-17 00:00:00-05:00,109.97808317907545,110.16458892822266,109.42839148346812,110.16458892822266,179400,0.0,0.0,0.0
2023-11-20 00:00:00-05:00,109.82102784443029,111.47011047602398,109.63452957796203,111.25415802001953,257600,0.0,0.0,0.0
2023-11-21 00:00:00-05:00,111.10692190920308,111.10692190920308,110.45906455639725,110.82225799560547,100400,0.0,0.0,0.0
2023-11-22 00:00:00-05:00,111.33268154550665,112.14740849869663,111.33268154550665,111.75476837158203,118300,0.0,0.0,0.0
2023-11-24 00:00:00-05:00,111.61735583231508,111.8627549984636,111.1658222652804,111.4603042602539,36800,0.0,0.0,0.0
2023-11-27 00:00:00-05:00,111.06764903474325,111.58789399818963,110.94003669269905,110.97930145263672,243500,0.0,0.0,0.0
2023-11-28 00:00:00-05:00,110.7731693493393,111.25414956270284,110.37071865746009,111.24433898925781,95400,0.0,0.0,0.0
2023-11-29 00:00:00-05:00,111.66642282631257,111.77439904322544,110.25292143326205,110.4885025024414,427900,0.0,0.0,0.0
2023-11-30 00:00:00-05:00,110.69465105079085,110.92042157570148,109.08483314208556,109.83084869384766,214100,0.0,0.0,0.0
2023-12-01 00:00:00-05:00,109.56581651303865,110.49833029872065,109.23206977072896,110.42961883544922,183000,0.0,0.0,0.0
2023-12-04 00:00:00-05:00,109.14371981133395,109.55598855372199,108.73144357995878,109.43819427490234,247100,0.0,0.0,0.0
2023-12-05 00:00:00-05:00,109.05538048130215,109.66397306777014,108.24065350804364,108.80016326904297,169900,0.0,0.0,0.0
2023-12-06 00:00:00-05:00,109.4578329415267,109.50690827543438,108.3780782387227,108.4173355102539,97000,0.0,0.0,0.0
2023-12-07 00:00:00-05:00,109.54618278948196,111.24434826041619,109.54618278948196,110.61612701416016,144400,0.0,0.0,0.0
2023-12-08 00:00:00-05:00,109.94864003135388,111.57808653410868,109.94864003135388,111.33268737792969,223900,0.0,0.0,0.0
2023-12-11 00:00:00-05:00,110.8615273133722,110.8615273133722,110.05661836526168,110.54741668701172,81200,0.0,0.0,0.0
2023-12-12 00:00:00-05:00,110.40017504175883,110.87133723402752,109.80140049363519,110.78299713134766,157300,0.0,0.0,0.0
2023-12-13 00:00:00-05:00,111.08728418170098,112.39280944245068,110.47869908946252,112.1768569946289,147600,0.0,0.0,0.0
2023-12-14 00:00:00-05:00,112.83454372003423,113.65908888652359,111.90202980062459,113.02104949951172,132800,0.0,0.0,0.0
2023-12-15 00:00:00-05:00,112.59894999996229,112.9719540282007,111.99035738537408,112.40263366699219,149500,0.0,0.0,0.0
2023-12-18 00:00:00-05:00,112.88361644345486,114.47380573634624,112.8737983798909,113.96337127685547,151500,0.0,0.0,0.0
2023-12-19 00:00:00-05:00,114.39534705929698,115.49748127781413,114.39534705929698,115.29083251953125,120700,0.289,0.0,0.0
2023-12-20 00:00:00-05:00,115.39908512784407,116.55042479346753,114.30680084228516,114.30680084228516,113800,0.0,0.0,0.0
2023-12-21 00:00:00-05:00,115.31052468981765,115.81239031337549,114.81850162961322,115.7435073852539,81000,0.0,0.0,0.0
2023-12-22 00:00:00-05:00,116.0288816610936,116.58978764941962,115.23179919834269,115.7435073852539,123200,0.0,0.0,0.0
2023-12-26 00:00:00-05:00,115.85175633168552,116.36345702537514,115.76318827435529,116.13712310791016,109200,0.0,0.0,0.0
2023-12-27 00:00:00-05:00,116.13711835449024,116.45201280872072,115.88127177195523,116.20600128173828,110300,0.0,0.0,0.0
2023-12-28 00:00:00-05:00,116.25520788461772,116.96372229144404,116.25520788461772,116.52090454101562,84300,0.0,0.0,0.0
2023-12-29 00:00:00-05:00,116.32409181618284,116.48154280024752,115.40892861741621,115.84191131591797,143900,0.0,0.0,0.0
2024-01-02 00:00:00-05:00,115.07435014121593,115.28099891555685,114.13950186756807,114.82833862304688,165300,0.0,0.0,0.0
2024-01-03 00:00:00-05:00,114.32648309739868,115.1334006477855,114.08047155755298,114.2379150390625,230400,0.0,0.0,0.0
2024-01-04 00:00:00-05:00,114.34615478261368,114.52328338241662,113.90333703694435,113.99189758300781,80500,0.0,0.0,0.0
2024-01-05 00:00:00-05:00,113.89349453744656,115.01530650093426,113.89349453744656,114.43472290039062,145600,0.0,0.0,0.0
2024-01-08 00:00:00-05:00,114.80865228113328,116.36344686133407,114.61184607175308,116.28472137451172,157700,0.0,0.0,0.0
2024-01-09 00:00:00-05:00,115.83205989794162,116.51105407638298,115.49748784389406,115.9698257446289,58300,0.0,0.0,0.0
2024-01-10 00:00:00-05:00,116.12728330558161,117.57383228554926,116.12728330558161,117.09164428710938,89800,0.0,0.0,0.0
2024-01-11 00:00:00-05:00,117.58366869822197,117.70175693530659,115.70414451426718,116.62914276123047,155500,0.0,0.0,0.0
2024-01-12 00:00:00-05:00,117.0326031014095,117.75096005857323,116.934199992837,116.99324035644531,207300,0.0,0.0,0.0
2024-01-16 00:00:00-05:00,116.54057769159478,116.8554721372576,115.9009462373083,116.36344909667969,111400,0.0,0.0,0.0
2024-01-17 00:00:00-05:00,115.46796288444737,115.67461916703726,114.59216247795015,115.4876480102539,129600,0.0,0.0,0.0
2024-01-18 00:00:00-05:00,116.05839892447909,117.13100556506298,115.99935105351994,117.00308227539062,307600,0.0,0.0,0.0
2024-01-19 00:00:00-05:00,117.78048987181182,118.73501586914062,117.33766458550976,118.73501586914062,122300,0.0,0.0,0.0
2024-01-22 00:00:00-05:00,119.4041473893878,120.161867073039,119.13845825195312,119.13845825195312,133100,0.0,0.0,0.0
2024-01-23 00:00:00-05:00,120.12250144834275,120.64404465546055,119.86664737228804,120.39803314208984,87200,0.0,0.0,0.0
2024-01-24 00:00:00-05:00,121.77569384285705,122.30707958963782,121.02781677246094,121.02781677246094,142000,0.0,0.0,0.0
2024-01-25 00:00:00-05:00,121.75602700608731,122.97624206542969,121.43128999191264,122.97624206542969,125700,0.0,0.0,0.0
2024-01-26 00:00:00-05:00,122.84830706754234,123.86188082025201,122.84830706754234,123.36985778808594,135700,0.0,0.0,0.0
2024-01-29 00:00:00-05:00,123.41906314578631,124.72784629334973,123.1336888687305,124.69832611083984,291400,0.0,0.0,0.0
2024-01-30 00:00:00-05:00,124.31454501666927,124.67863726700475,123.64539337158203,123.64539337158203,795700,0.0,0.0,0.0
2024-01-31 00:00:00-05:00,121.28367880915822,122.38581311651586,120.34883804047435,120.35867309570312,1391000,0.0,0.0,0.0
2024-02-01 00:00:00-05:00,121.51985725806237,122.12996857531554,121.09671711222215,121.54937744140625,172200,0.0,0.0,0.0
2024-02-02 00:00:00-05:00,125.18050322018539,127.29620383232806,124.08821145083908,126.62704467773438,381700,0.0,0.0,0.0
2024-02-05 00:00:00-05:00,126.16455146703584,126.18422157710617,124.83608328507928,124.93448638916016,357000,0.0,0.0,0.0
2024-02-06 00:00:00-05:00,125.55443830450412,125.96773586469213,124.69832300235406,124.9640121459961,105700,0.0,0.0,0.0
2024-02-07 00:00:00-05:00,125.05257293300707,125.48554808666177,124.90496452503764,125.18049621582031,189200,0.0,0.0,0.0
2024-02-08 00:00:00-05:00,125.67252414255212,125.78076981210974,125.10177561355297,125.66268157958984,149800,0.0,0.0,0.0
2024-02-09 00:00:00-05:00,125.75125075568167,126.23343123768481,125.38715099957881,125.86933898925781,315900,0.0,0.0,0.0
2024-02-12 00:00:00-05:00,125.71188311384343,127.64061998207059,125.71188311384343,126.38102722167969,226300,0.0,0.0,0.0
2024-02-13 00:00:00-05:00,124.31453992802061,125.20018287904168,123.77331159470896,124.3834228515625,133500,0.0,0.0,0.0
2024-02-14 00:00:00-05:00,125.77092609986292,126.44008523701848,124.92464587705972,126.23342895507812,158300,0.0,0.0,0.0
2024-02-15 00:00:00-05:00,126.0759724015287,127.611081803959,125.95789168298815,127.42412567138672,143100,0.0,0.0,0.0
2024-02-16 00:00:00-05:00,126.9419519674926,126.9419519674926,125.18050847725509,125.44620513916016,96600,0.0,0.0,0.0
2024-02-20 00:00:00-05:00,124.59006953996402,125.32810406886784,124.37357821025749,124.85575866699219,145300,0.0,0.0,0.0
2024-02-21 00:00:00-05:00,124.44245993573709,124.63927364615706,123.78315089809982,124.54086303710938,82600,0.0,0.0,0.0
2024-02-22 00:00:00-05:00,126.154705113791,126.73528870034801,125.31826744294447,126.43023681640625,216500,0.0,0.0,0.0
2024-02-23 00:00:00-05:00,126.36136797941367,126.79435068188813,125.92838527693921,126.1153564453125,109900,0.0,0.0,0.0
2024-02-26 00:00:00-05:00,125.62332381727357,125.770924720361,124.48182678222656,124.48182678222656,109000,0.0,0.0,0.0
2024-02-27 00:00:00-05:00,124.59991217102218,125.7709218523076,124.53102924859364,125.74140167236328,171800,0.0,0.0,0.0
2024-02-28 00:00:00-05:00,125.12146559814009,125.34779200133043,124.50151173793161,124.70816802978516,75100,0.0,0.0,0.0
2024-02-29 00:00:00-05:00,125.50523923315495,126.33184185283619,124.92464813600043,125.86933898925781,140800,0.0,0.0,0.0
2024-03-01 00:00:00-05:00,126.04646389173779,127.06988026501014,125.92838316226488,126.58769226074219,131200,0.0,0.0,0.0
2024-03-04 00:00:00-05:00,126.27279902614548,126.27279902614548,124.79672241210938,124.79672241210938,226400,0.0,0.0,0.0
2024-03-05 00:00:00-05:00,124.15709251717426,124.61959537751262,123.674912038549,123.99964904785156,163200,0.0,0.0,0.0
2024-03-06 00:00:00-05:00,124.91481847005949,125.12146725697667,123.59619274843287,124.01933288574219,99300,0.0,0.0,0.0
2024-03-07 00:00:00-05:00,124.91481762543053,126.08583491771941,124.74752407819203,125.69221496582031,263800,0.0,0.0,0.0
2024-03-08 00:00:00-05:00,125.94805043964894,127.57172790566537,125.33794670033188,125.74140167236328,269100,0.0,0.0,0.0
2024-03-11 00:00:00-04:00,125.40683313612183,126.44008450917288,125.12145887587273,125.80044555664062,192100,0.0,0.0,0.0
2024-03-12 00:00:00-04:00,126.28263720967185,127.1092323260262,125.68236849093437,126.7451400756836,221100,0.0,0.0,0.0
2024-03-13 00:00:00-04:00,126.63688748743306,127.52252291867303,126.63688748743306,126.8435287475586,91300,0.0,0.0,0.0
2024-03-14 00:00:00-04:00,127.35524142344414,127.36507647868297,125.86933725340137,126.55816650390625,151800,0.0,0.0,0.0
2024-03-15 00:00:00-04:00,125.98743078991613,126.3908933260102,125.07226754536346,125.37732696533203,129300,0.0,0.0,0.0
2024-03-18 00:00:00-04:00,127.5028749133125,128.22122444386986,127.3355738437389,127.63079071044922,160700,0.0,0.0,0.0
2024-03-19 00:00:00-04:00,127.14860375881608,127.68981710396532,126.5188148526016,127.61109161376953,152300,0.0,0.0,0.0
2024-03-20 00:00:00-04:00,127.91615081364934,129.54965583691973,127.55204356650778,129.2741241455078,146700,0.0,0.0,0.0
2024-03-21 00:00:00-04:00,130.35658778802417,130.35658778802417,129.14621529192442,129.1757354736328,96100,0.0,0.0,0.0
2024-03-22 00:00:00-04:00,129.52297231327148,129.88795987005494,129.207296008386,129.48350524902344,88700,0.322,0.0,0.0
2024-03-25 00:00:00-04:00,129.22702748084296,129.48350318526857,128.68446824814026,129.2664794921875,245100,0.0,0.0,0.0
2024-03-26 00:00:00-04:00,129.7103918390794,130.11483137229487,128.91134190715994,129.00999450683594,73500,0.0,0.0,0.0
2024-03-27 00:00:00-04:00,129.72026123855343,129.83863232561743,128.62528352638796,129.64134216308594,70000,0.0,0.0,0.0
2024-03-28 00:00:00-04:00,129.62160264290102,129.74984801614536,129.32567493891233,129.4440460205078,49200,0.0,0.0,0.0
2024-04-01 00:00:00-04:00,129.2270344530364,130.54889516237634,128.9409659615995,130.06553649902344,109900,0.0,0.0,0.0
2024-04-02 00:00:00-04:00,129.0692126522217,130.1345977783203,128.7831441245298,130.1345977783203,105200,0.0,0.0,0.0
2024-04-03 00:00:00-04:00,129.81892202389346,131.1013156872697,129.81892202389346,130.9632110595703,118800,0.0,0.0,0.0
2024-04-04 00:00:00-04:00,131.66360145434894,132.5218219483099,129.35527492090407,129.48350524902344,134200,0.0,0.0,0.0
2024-04-05 00:00:00-04:00,129.66107140691366,131.30846754059496,129.4736404904113,130.87442016601562,155800,0.0,0.0,0.0
2024-04-08 00:00:00-04:00,131.03227153881397,131.52550450475744,130.65740966796875,130.65740966796875,58900,0.0,0.0,0.0
2024-04-09 00:00:00-04:00,131.36765247325076,131.772107075168,130.1937557298818,131.1802215576172,87500,0.0,0.0,0.0
2024-04-10 00:00:00-04:00,129.67092835243795,130.35159217305278,129.39471912846003,129.9767303466797,196900,0.0,0.0,0.0
2024-04-11 00:00:00-04:00,130.6870091804759,131.59455607833547,129.90770767710268,131.2295684814453,114900,0.0,0.0,0.0
2024-04-12 00:00:00-04:00,130.46013336650276,130.6278307864851,128.84232966824553,129.0001678466797,107500,0.0,0.0,0.0
2024-04-15 00:00:00-04:00,129.95700454526323,130.07537561964847,126.8200356035975,127.09624481201172,313600,0.0,0.0,0.0
2024-04-16 00:00:00-04:00,126.82993070177147,127.53031307648295,126.356416222002,126.65235900878906,355700,0.0,0.0,0.0
2024-04-17 00:00:00-04:00,127.52044282380236,127.66840667828048,125.87303915795455,126.36627960205078,118700,0.0,0.0,0.0
2024-04-18 00:00:00-04:00,126.83978456449253,128.4181209399806,126.83978456449253,127.32315826416016,132100,0.0,0.0,0.0
2024-04-19 00:00:00-04:00,126.8891117250996,126.8891117250996,124.86685364846906,125.57711029052734,192500,0.0,0.0,0.0
2024-04-22 00:00:00-04:00,126.62275673838434,126.95815151385924,124.92603427715639,125.94209289550781,196700,0.0,0.0,0.0
2024-04-23 00:00:00-04:00,126.78058105536802,128.63512641008543,126.71152122851204,128.1320343017578,103800,0.0,0.0,0.0
2024-04-24 00:00:00-04:00,128.7338015842929,128.90149898314885,126.97789346418344,128.1715087890625,493400,0.0,0.0,0.0
2024-04-25 00:00:00-04:00,121.32542895347268,124.13685503197775,121.06895325938935,123.80146026611328,928800,0.0,0.0,0.0
2024-04-26 00:00:00-04:00,127.35274773852464,127.80651360197061,126.50438650221872,127.49085235595703,205900,0.0,0.0,0.0
2024-04-29 00:00:00-04:00,127.11599143250463,127.28368882257789,125.73493772207324,126.19857788085938,140000,0.0,0.0,0.0
2024-04-30 00:00:00-04:00,125.82372574384661,126.18871330196271,124.2947006225586,124.2947006225586,250500,0.0,0.0,0.0
2024-05-01 00:00:00-04:00,124.6991569612843,127.87557833620389,124.64983065625265,125.95196533203125,195800,0.0,0.0,0.0
2024-05-02 00:00:00-04:00,126.7115354928477,127.5697710183738,125.78426271110284,127.53030395507812,193200,0.0,0.0,0.0
2024-05-03 00:00:00-04:00,128.2504021322276,128.88173958746054,127.76704356554332,128.526611328125,125700,0.0,0.0,0.0
2024-05-06 00:00:00-04:00,129.1974304320138,130.59821009862418,129.118511359663,130.4995574951172,125300,0.0,0.0,0.0
2024-05-07 00:00:00-04:00,130.36145433236143,131.1407707728274,130.24308324865484,130.79550170898438,75800,0.0,0.0,0.0
2024-05-08 00:00:00-04:00,129.38487382565648,130.88429118810913,129.118523812319,130.36146545410156,44200,0.0,0.0,0.0
2024-05-09 00:00:00-04:00,129.96688652610302,130.65740966796875,129.56243188148323,130.65740966796875,98300,0.0,0.0,0.0
2024-05-10 00:00:00-04:00,130.4601141459494,130.55876675600564,129.82877657750421,130.38119506835938,89200,0.0,0.0,0.0
2024-05-13 00:00:00-04:00,129.7301153550393,130.4995574951172,129.42431335735114,130.4995574951172,55000,0.0,0.0,0.0
2024-05-14 00:00:00-04:00,130.65742362295526,131.3282283554676,130.60809731063745,131.04214477539062,73100,0.0,0.0,0.0
2024-05-15 00:00:00-04:00,131.71292917657544,132.137102282023,130.98293900287456,132.1272430419922,88000,0.0,0.0,0.0
2024-05-16 00:00:00-04:00,131.70305674174568,132.32453507477325,131.70305674174568,131.89048767089844,166400,0.0,0.0,0.0
2024-05-17 00:00:00-04:00,132.10751547589248,132.3935990247294,131.76226143192358,132.3245391845703,90300,0.0,0.0,0.0
2024-05-20 00:00:00-04:00,132.28509658759506,132.85723362144753,132.28509658759506,132.80792236328125,94000,0.0,0.0,0.0
2024-05-21 00:00:00-04:00,132.36398522093043,132.5908832121127,131.79184825364646,132.1272430419922,105100,0.0,0.0,0.0
2024-05-22 00:00:00-04:00,131.93981211548285,132.35412598089962,131.56495026246418,132.1272430419922,116900,0.0,0.0,0.0
2024-05-23 00:00:00-04:00,132.3639867217581,132.53169917010743,129.73012458528189,130.30227661132812,116600,0.0,0.0,0.0
2024-05-24 00:00:00-04:00,130.87441529534215,132.1370903095221,130.7856369862842,131.95953369140625,77400,0.0,0.0,0.0
2024-05-28 00:00:00-04:00,131.6833316790435,132.37385476329354,131.5748198334989,132.2258758544922,77400,0.0,0.0,0.0
2024-05-29 00:00:00-04:00,131.18022835800767,132.09764945254324,131.18022835800767,131.52549743652344,115600,0.0,0.0,0.0
2024-05-30 00:00:00-04:00,131.2986130589572,131.39725061439788,130.696868277353,131.00267028808594,359500,0.0,0.0,0.0
2024-05-31 00:00:00-04:00,131.002662116356,132.25547790527344,130.17403445142457,132.25547790527344,254700,0.0,0.0,0.0
2024-06-03 00:00:00-04:00,132.71913227106052,133.24197311197423,131.8115853350821,132.8671112060547,143800,0.0,0.0,0.0
2024-06-04 00:00:00-04:00,132.57113466267214,133.1728793864351,132.2258656211314,133.03477478027344,134300,0.0,0.0,0.0
2024-06-05 00:00:00-04:00,133.97193204303179,134.84002685546875,133.715456326755,134.84002685546875,113200,0.0,0.0,0.0
2024-06-06 00:00:00-04:00,134.57366943732347,135.5996023504949,134.57366943732347,134.80055236816406,323000,0.0,0.0,0.0
2024-06-07 00:00:00-04:00,134.68217919395173,135.2444719447661,133.8239587345762,133.9028778076172,65500,0.0,0.0,0.0
2024-06-10 00:00:00-04:00,133.91275041983792,134.3763906125822,133.22222727711525,134.3665313720703,186400,0.0,0.0,0.0
2024-06-11 00:00:00-04:00,134.10017661893912,134.6821878863713,133.73518905330792,134.4651641845703,45000,0.0,0.0,0.0
2024-06-12 00:00:00-04:00,135.885676232583,136.13229270487443,134.06070831671636,134.6230010986328,78800,0.0,0.0,0.0
2024-06-13 00:00:00-04:00,134.18893462098723,134.25799444850236,133.17287610378463,133.2024688720703,96300,0.0,0.0,0.0
2024-06-14 00:00:00-04:00,132.85720070393498,133.6759690871389,132.7980151669783,133.57733154296875,106400,0.0,0.0,0.0
2024-06-17 00:00:00-04:00,133.29126265497885,134.71177590673574,132.47249418202802,134.1100311279297,116200,0.0,0.0,0.0
2024-06-18 00:00:00-04:00,134.1396070976579,134.30730446716902,133.1531413577528,133.3603057861328,56300,0.0,0.0,0.0
2024-06-20 00:00:00-04:00,133.44909752116064,134.05084228515625,133.31099290576532,134.05084228515625,97800,0.0,0.0,0.0
2024-06-21 00:00:00-04:00,134.415841796684,134.76111089205057,134.06071346086642,134.4454345703125,68700,0.0,0.0,0.0
2024-06-24 00:00:00-04:00,135.06690979880108,135.76730721379457,134.4454314624178,134.84002685546875,589200,0.0,0.0,0.0
2024-06-25 00:00:00-04:00,134.92880754950696,136.72418275187445,134.92880754950696,136.645263671875,114700,0.0,0.0,0.0
2024-06-26 00:00:00-04:00,135.8067642714127,137.00039468285013,135.8067642714127,136.7833709716797,302400,0.0,0.0,0.0
2024-06-27 00:00:00-04:00,137.15821320232683,137.9473889390496,137.1384947218083,137.78955078125,118900,0.0,0.0,0.0
2024-06-28 00:00:00-04:00,137.5967444142182,138.5855108757966,136.55853661208513,136.64752197265625,106000,0.325,0.0,0.0
2024-07-01 00:00:00-04:00,136.78593746266594,136.97380548894859,135.3818910127872,136.16302490234375,270800,0.0,0.0,0.0
2024-07-02 00:00:00-04:00,135.90594400046012,137.37921142578125,135.7576350695862,137.37921142578125,145700,0.0,0.0,0.0
2024-07-03 00:00:00-04:00,137.1320095286088,137.7054958305966,137.1023477446592,137.6066131591797,77900,0.0,0.0,0.0
2024-07-05 00:00:00-04:00,137.5967255354963,140.50370094767078,137.51762241893775,140.46414184570312,111300,0.0,0.0,0.0
2024-07-08 00:00:00-04:00,140.60259398985912,140.60259398985912,139.05023842248693,139.19854736328125,141400,0.0,0.0,0.0
2024-07-09 00:00:00-04:00,139.93023197579294,140.09832046150396,139.43584875168563,139.5940399169922,73200,0.0,0.0,0.0
2024-07-10 00:00:00-04:00,139.74236979869727,140.43450332400602,139.28753057499193,140.06866455078125,260500,0.0,0.0,0.0
2024-07-11 00:00:00-04:00,140.0192130851555,140.3949491520335,137.69560596742826,138.00213623046875,233000,0.0,0.0,0.0
2024-07-12 00:00:00-04:00,137.29022710197614,138.62505275203713,137.29022710197614,137.51763916015625,119000,0.0,0.0,0.0
2024-07-15 00:00:00-04:00,137.53743545704114,139.34686499712996,137.53743545704114,138.0120391845703,434800,0.0,0.0,0.0
2024-07-16 00:00:00-04:00,138.83268944663268,139.4852788709288,137.75493772574748,138.5360565185547,61300,0.0,0.0,0.0
2024-07-17 00:00:00-04:00,136.9639146615908,137.24076802377763,135.43132385045718,135.6290740966797,147500,0.0,0.0,0.0
2024-07-18 00:00:00-04:00,136.99359710432518,136.99359710432518,135.27313801923384,135.74774169921875,263900,0.0,0.0,0.0
2024-07-19 00:00:00-04:00,135.92572929008534,136.53875968007353,135.03584549252966,135.0951690673828,52900,0.0,0.0,0.0
2024-07-22 00:00:00-04:00,136.06417125922866,136.52889276422215,135.38191989711564,136.1333770751953,97600,0.0,0.0,0.0
2024-07-23 00:00:00-04:00,136.21246538529294,136.81561354394358,135.68842035583674,136.0246124267578,99100,0.0,0.0,0.0
2024-07-24 00:00:00-04:00,133.6021038909139,133.63176567431424,131.70367431640625,131.70367431640625,96900,0.0,0.0,0.0
2024-07-25 00:00:00-04:00,132.02010970289925,133.10774382023084,130.37875366210938,130.37875366210938,225900,0.0,0.0,0.0
2024-07-26 00:00:00-04:00,131.98054294763935,132.9792067288527,131.44661569731664,132.2771759033203,130400,0.0,0.0,0.0
2024-07-29 00:00:00-04:00,133.31537671634803,133.96796616716279,132.8308757445532,133.38458251953125,56100,0.0,0.0,0.0
2024-07-30 00:00:00-04:00,133.65155852587134,134.3239275537357,132.72211565382923,133.7207794189453,58300,0.0,0.0,0.0
2024-07-31 00:00:00-04:00,134.96660856139096,135.71806556588132,134.3832400281401,134.84796142578125,75500,0.0,0.0,0.0
2024-08-01 00:00:00-04:00,137.9131397902358,138.84258266430973,134.47223677946263,135.22369384765625,221000,0.0,0.0,0.0
2024-08-02 00:00:00-04:00,133.13739632207887,134.20526589747774,131.6641439690003,132.3562774658203,147200,0.0,0.0,0.0
2024-08-05 00:00:00-04:00,126.01829212500596,130.22054990731706,125.91941698004253,128.36167907714844,192200,0.0,0.0,0.0
2024-08-06 00:00:00-04:00,128.88573773203518,131.99046438230928,128.85607593978585,130.51719665527344,153900,0.0,0.0,0.0
2024-08-07 00:00:00-04:00,132.29696630983383,133.31539464089374,130.01291801226498,130.22055053710938,125700,0.0,0.0,0.0
2024-08-08 00:00:00-04:00,131.03133454484603,132.80121985684823,130.58639265857767,132.7122344970703,82200,0.0,0.0,0.0
2024-08-09 00:00:00-04:00,132.2277186311738,133.92839794563199,132.11895373010807,133.75042724609375,257400,0.0,0.0,0.0
2024-08-12 00:00:00-04:00,133.97784000462443,133.97784000462443,132.39580781463744,132.85064697265625,72900,0.0,0.0,0.0
2024-08-13 00:00:00-04:00,133.6416790907704,135.01606387424638,133.6416790907704,134.8183135986328,61500,0.0,0.0,0.0
2024-08-14 00:00:00-04:00,134.52168511673608,135.0259505994333,133.54280085192215,134.1162872314453,129600,0.0,0.0,0.0
2024-08-15 00:00:00-04:00,135.08526739015622,135.86640133354234,134.94684069083672,135.68841552734375,68000,0.0,0.0,0.0
2024-08-16 00:00:00-04:00,135.4412315887272,136.29157138626053,135.4412315887272,135.9751739501953,51200,0.0,0.0,0.0
2024-08-19 00:00:00-04:00,136.41021817637468,137.73516152163205,136.41021817637468,137.6956024169922,59000,0.0,0.0,0.0
2024-08-20 00:00:00-04:00,137.5868654155567,138.09114603403714,137.42867422704646,137.6363067626953,142900,0.0,0.0,0.0
2024-08-21 00:00:00-04:00,137.47807692235364,138.42729932761804,137.40887111812654,138.24932861328125,47500,0.0,0.0,0.0
2024-08-22 00:00:00-04:00,138.88214407054443,138.9612321107133,136.95403739724824,137.11224365234375,76600,0.0,0.0,0.0
2024-08-23 00:00:00-04:00,138.17022808672112,138.92168515145778,137.5374181671064,138.30865478515625,54900,0.0,0.0,0.0
2024-08-26 00:00:00-04:00,138.5855139236557,138.92169090701483,137.75495369863458,138.20977783203125,110200,0.0,0.0,0.0
2024-08-27 00:00:00-04:00,137.81428944357464,138.62507018606044,137.53743601078625,137.7945098876953,49100,0.0,0.0,0.0
2024-08-28 00:00:00-04:00,137.85381746015477,137.85381746015477,136.2520206296851,136.97381591796875,79100,0.0,0.0,0.0
2024-08-29 00:00:00-04:00,137.5077564379944,138.40752243450757,136.42010731599575,136.58819580078125,98600,0.0,0.0,0.0
2024-08-30 00:00:00-04:00,137.34954911389352,137.7450496529625,136.28167955355312,137.59674072265625,58500,0.0,0.0,0.0
2024-09-03 00:00:00-04:00,136.97382252565356,137.41876443476173,134.48212671231656,134.9369659423828,89500,0.0,0.0,0.0
2024-09-04 00:00:00-04:00,134.42278845059352,136.16302696259334,134.42278845059352,134.71942138671875,175800,0.0,0.0,0.0
2024-09-05 00:00:00-04:00,134.75898007221133,136.14326222901147,134.75898007221133,135.5104522705078,78000,0.0,0.0,0.0
2024-09-06 00:00:00-04:00,135.74773514297294,136.11358897773522,132.2672882080078,132.2672882080078,102100,0.0,0.0,0.0
2024-09-09 00:00:00-04:00,133.21649168858994,133.88886068017703,132.2277252971919,132.64300537109375,64800,0.0,0.0,0.0
2024-09-10 00:00:00-04:00,133.26594938698207,133.26594938698207,131.78279961779558,132.7814483642578,63200,0.0,0.0,0.0
2024-09-11 00:00:00-04:00,133.08796285265598,133.84930211418398,130.90278248042722,133.57244873046875,130300,0.0,0.0,0.0
2024-09-12 00:00:00-04:00,134.6007891121637,136.0542770810565,134.59089179119385,135.9751739501953,116600,0.0,0.0,0.0
2024-09-13 00:00:00-04:00,136.03449103843903,137.72527323189533,136.03449103843903,137.43853759765625,79800,0.0,0.0,0.0
2024-09-16 00:00:00-04:00,137.57696939777748,138.80304528202677,137.21113062288944,138.70416259765625,56200,0.0,0.0,0.0
2024-09-17 00:00:00-04:00,139.44572500670174,140.14775579328477,138.437179048293,139.2281951904297,46900,0.0,0.0,0.0
2024-09-18 00:00:00-04:00,139.43587074372388,140.3949755567538,138.9414874416417,139.1688995361328,106900,0.0,0.0,0.0
2024-09-19 00:00:00-04:00,141.71000879427942,142.243936015994,140.8695513127786,141.4133758544922,247700,0.0,0.0,0.0
2024-09-20 00:00:00-04:00,141.69025130078228,141.88800159563462,140.83001413273504,141.45294189453125,59800,0.0,0.0,0.0
2024-09-23 00:00:00-04:00,142.37250106003873,142.44170687314673,141.393616743435,141.53204345703125,165600,0.0,0.0,0.0
2024-09-24 00:00:00-04:00,142.20439718594525,142.73832442713822,141.18595386846667,142.6790008544922,60300,0.0,0.0,0.0
2024-09-25 00:00:00-04:00,142.59989852149855,143.31181157196718,142.32304512269172,142.3527069091797,100000,0.0,0.0,0.0
2024-09-26 00:00:00-04:00,143.56888696609624,143.77653456113075,142.253825763888,142.8470916748047,68300,0.0,0.0,0.0
2024-09-27 00:00:00-04:00,143.43853436502033,144.3316850509482,143.43853436502033,143.80572509765625,108300,0.526,0.0,0.0
2024-09-30 00:00:00-04:00,143.6767065991073,144.48053159256838,143.2400571847556,144.2820587158203,150300,0.0,0.0,0.0
2024-10-01 00:00:00-04:00,145.05612803133758,145.26453441538192,143.02174677071312,144.3713836669922,107700,0.0,0.0,0.0
2024-10-02 00:00:00-04:00,143.99429237153475,144.3713863392686,143.60726491615551,144.08360290527344,110700,0.0,0.0,0.0
2024-10-03 00:00:00-04:00,143.27977781660204,144.14314326109923,143.1904521403517,144.08360290527344,100700,0.0,0.0,0.0
2024-10-04 00:00:00-04:00,144.81792672075335,145.5820631416443,143.92479126751056,145.43321228027344,74800,0.0,0.0,0.0
2024-10-07 00:00:00-04:00,145.45308420205575,145.45308420205575,142.99197190901705,143.21029663085938,95900,0.0,0.0,0.0
2024-10-08 00:00:00-04:00,143.48815025675728,144.63931412689234,143.27975903867832,144.49046325683594,88500,0.0,0.0,0.0
2024-10-09 00:00:00-04:00,144.4606921230874,144.6194613359229,143.3789869519952,144.58969116210938,72800,0.0,0.0,0.0
2024-10-10 00:00:00-04:00,143.92480705876352,144.510307367741,143.65686033638838,143.6667938232422,60900,0.0,0.0,0.0
2024-10-11 00:00:00-04:00,143.75612479992512,145.1653021651776,143.75612479992512,144.7584228515625,44400,0.0,0.0,0.0
2024-10-14 00:00:00-04:00,145.33399793235182,145.99889048632429,145.2049988736784,145.52255249023438,41600,0.0,0.0,0.0
2024-10-15 00:00:00-04:00,145.7706298828125,146.27673799641556,145.28435845738287,145.7706298828125,150000,0.0,0.0,0.0
2024-10-16 00:00:00-04:00,145.27445813670175,145.77064796777765,145.04621505431018,145.4630126953125,50800,0.0,0.0,0.0
2024-10-17 00:00:00-04:00,146.14774583791052,146.14774583791052,144.79810899554758,145.0164337158203,63700,0.0,0.0,0.0
2024-10-18 00:00:00-04:00,145.84011630123373,146.46530516785535,145.84011630123373,146.068359375,41600,0.0,0.0,0.0
2024-10-21 00:00:00-04:00,145.94928502741692,145.95920337279165,144.51032239494285,145.3737030029297,43200,0.0,0.0,0.0
2024-10-22 00:00:00-04:00,144.19276921795026,145.62179836692428,144.19276921795026,145.31414794921875,47700,0.0,0.0,0.0
2024-10-23 00:00:00-04:00,145.1156706405316,145.74087465986622,143.52787230069015,144.1332244873047,59400,0.0,0.0,0.0
2024-10-24 00:00:00-04:00,144.2919914798568,144.48054603148944,143.51793658342584,144.3713836669922,49600,0.0,0.0,0.0
2024-10-25 00:00:00-04:00,145.25460886627897,146.4057729288879,144.88743323040856,145.1752166748047,132400,0.0,0.0,0.0
2024-10-28 00:00:00-04:00,146.65385830004863,146.65385830004863,145.69124886205344,146.22714233398438,97200,0.0,0.0,0.0
2024-10-29 00:00:00-04:00,146.41568320841887,147.98364483300548,145.8500346962801,147.7355499267578,94700,0.0,0.0,0.0
2024-10-30 00:00:00-04:00,150.21650370658884,150.80201921202934,148.80732641195007,148.9065704345703,271000,0.0,0.0,0.0
2024-10-31 00:00:00-04:00,148.82717868123214,149.55161159244554,147.12028445624108,147.18975830078125,112000,0.0,0.0,0.0
2024-11-01 00:00:00-04:00,147.66609346877837,148.5493107427274,147.43785039146883,147.4973907470703,121100,0.0,0.0,0.0
2024-11-04 00:00:00-05:00,147.40804276916168,147.62636746834357,146.16756840676885,146.57444763183594,74900,0.0,0.0,0.0
2024-11-05 00:00:00-05:00,147.1500599728731,148.47984513005753,147.1500599728731,148.2615203857422,61700,0.0,0.0,0.0
2024-11-06 00:00:00-05:00,150.20657249858627,152.20124998534206,150.06763996432232,152.00277709960938,185300,0.0,0.0,0.0
2024-11-07 00:00:00-05:00,152.67759933150262,154.4539520575622,152.54858514481592,154.1066131591797,84600,0.0,0.0,0.0
2024-11-08 00:00:00-05:00,153.40205768832547,153.40205768832547,152.51884035040203,152.97532653808594,81400,0.0,0.0,0.0
2024-11-11 00:00:00-05:00,153.21347858299885,154.27533197312093,153.14401988839373,154.00738525390625,86300,0.0,0.0,0.0
2024-11-12 00:00:00-05:00,154.13641217328126,154.9898441225518,153.26311324889642,154.28526306152344,105900,0.0,0.0,0.0
2024-11-13 00:00:00-05:00,154.08678192579112,154.2852548136745,153.15394269597752,153.51119995117188,86200,0.0,0.0,0.0
2024-11-14 00:00:00-05:00,153.67990958432614,153.82876047131484,152.33027268642027,152.7470703125,61600,0.0,0.0,0.0
2024-11-15 00:00:00-05:00,151.9630942820986,152.16156717527926,149.29359071266214,149.69053649902344,75300,0.0,0.0,0.0
2024-11-18 00:00:00-05:00,149.9882580944747,151.18904412086388,149.84932555065802,150.85162353515625,73100,0.0,0.0,0.0
2024-11-19 00:00:00-05:00,149.83939869574115,152.1317931097806,149.77984320104926,151.80430603027344,62000,0.0,0.0,0.0
2024-11-20 00:00:00-05:00,152.16156996699596,152.7470703125,150.82185141405222,152.7470703125,70200,0.0,0.0,0.0
2024-11-21 00:00:00-05:00,152.66767002222278,152.66767002222278,149.66076112455596,151.95315551757812,72300,0.0,0.0,0.0
2024-11-22 00:00:00-05:00,151.2882638520382,152.23102142397235,151.2287235000755,151.8638458251953,78200,0.0,0.0,0.0
2024-11-25 00:00:00-05:00,152.59820362842146,153.8585147211543,152.00276985708373,152.8065948486328,87300,0.0,0.0,0.0
2024-11-26 00:00:00-05:00,152.74706441174794,153.89822836836132,152.74706441174794,153.40203857421875,76500,0.0,0.0,0.0
2024-11-27 00:00:00-05:00,153.6699973255977,153.86847023028042,152.98525293330704,153.75930786132812,103800,0.0,0.0,0.0
2024-11-29 00:00:00-05:00,153.4615855902215,154.5730459317585,153.4615855902215,154.3448028564453,57000,0.0,0.0,0.0
2024-12-02 00:00:00-05:00,154.34478694827604,156.35931618093198,154.34478694827604,156.12115478515625,139200,0.0,0.0,0.0
2024-12-03 00:00:00-05:00,156.4585595620259,157.88758850097656,156.2005311942927,157.88758850097656,135500,0.0,0.0,0.0
2024-12-04 00:00:00-05:00,157.81812586637065,158.61203257130003,157.7883556899055,158.32423400878906,91600,0.0,0.0,0.0
2024-12-05 00:00:00-05:00,158.85019758804913,159.12806264321608,157.7883442295462,157.9074249267578,56800,0.0,0.0,0.0
2024-12-06 00:00:00-05:00,157.89751881522227,159.95173671381286,157.89751881522227,159.93190002441406,96300,0.0,0.0,0.0
2024-12-09 00:00:00-05:00,159.77312458087192,159.9815309712913,156.90514798136294,157.27232360839844,125600,0.0,0.0,0.0
2024-12-10 00:00:00-05:00,158.8799701759969,159.7731057036718,158.58225328593528,159.3463897705078,109500,0.0,0.0,0.0
2024-12-11 00:00:00-05:00,159.7532575325084,162.62123385886332,159.7532575325084,162.3235321044922,251000,0.0,0.0,0.0
2024-12-12 00:00:00-05:00,162.30368422082802,162.73040017414525,161.67848023642196,161.876953125,89800,0.0,0.0,0.0
2024-12-13 00:00:00-05:00,161.16242399269183,161.5494513901896,159.86240927654566,160.11050415039062,99300,0.0,0.0,0.0
2024-12-16 00:00:00-05:00,161.3410666856127,162.04564767595497,160.8647287485141,161.0929718017578,119600,0.0,0.0,0.0
2024-12-17 00:00:00-05:00,160.95404895903297,161.82734784836225,160.01129137214937,160.02120971679688,111000,0.0,0.0,0.0
2024-12-18 00:00:00-05:00,160.23020194812636,160.96666921279964,155.2342000949781,155.4232940673828,178900,0.46,0.0,0.0
2024-12-19 00:00:00-05:00,157.38387590690746,157.69239125711277,154.97544860839844,154.97544860839844,164300,0.0,0.0,0.0
2024-12-20 00:00:00-05:00,153.76129186977957,157.50330878107,153.5522892573165,155.5526885986328,197600,0.0,0.0,0.0
2024-12-23 00:00:00-05:00,156.20954192468452,157.0156666837048,154.8560438151464,156.99575805664062,111900,0.0,0.0,0.0
2024-12-24 00:00:00-05:00,157.1649345837648,158.5184326171875,156.6772719560308,158.5184326171875,73900,0.0,0.0,0.0
2024-12-26 00:00:00-05:00,157.70236622115198,158.51843768096415,157.36398031261265,158.31939697265625,73900,0.0,0.0,0.0
2024-12-27 00:00:00-05:00,157.38387526872967,157.5928778650901,155.0749759184118,156.53793334960938,92400,0.0,0.0,0.0
2024-12-30 00:00:00-05:00,154.76646124569885,155.90101000520247,153.76129578224229,155.12474060058594,115000,0.0,0.0,0.0
2024-12-31 00:00:00-05:00,155.18444914846603,155.5924924720208,153.94042573701805,154.21910095214844,155500,0.0,0.0,0.0
2025-01-02 00:00:00-05:00,155.15458478836683,156.60761073029664,154.06980008120033,155.29391479492188,185700,0.0,0.0,0.0
2025-01-03 00:00:00-05:00,156.40857952803978,157.22465099145018,155.6024547850472,156.75689697265625,123100,0.0,0.0,0.0
2025-01-06 00:00:00-05:00,157.92129047832077,159.58331901245865,157.82177772331642,159.46388244628906,144000,0.0,0.0,0.0
2025-01-07 00:00:00-05:00,159.7425512671289,160.20035856005745,156.77680373380653,157.34408569335938,144600,0.0,0.0,0.0
2025-01-08 00:00:00-05:00,156.50808715820312,157.1450265182127,155.51286845907364,156.50808715820312,209200,0.0,0.0,0.0
2025-01-10 00:00:00-05:00,155.7716458957218,156.46829599649652,153.26369034709958,154.3982391357422,252600,0.0,0.0,0.0
2025-01-13 00:00:00-05:00,153.0546694637734,154.13946933323624,152.38787479073855,153.86080932617188,325800,0.0,0.0,0.0
2025-01-14 00:00:00-05:00,154.3285630234412,154.3683650875925,152.20874244388787,152.96510314941406,144200,0.0,0.0,0.0
2025-01-15 00:00:00-05:00,155.87113771135012,157.13506962948514,155.40338373816232,156.4583282470703,150700,0.0,0.0,0.0
2025-01-16 00:00:00-05:00,156.09008364345232,156.53792898220826,155.31381434005382,155.3237762451172,140600,0.0,0.0,0.0
2025-01-17 00:00:00-05:00,157.73222024077634,157.73222024077634,155.8811128160081,156.89622497558594,163400,0.0,0.0,0.0
2025-01-21 00:00:00-05:00,158.16015424213356,159.13546431770652,157.66254489131416,158.2994842529297,170500,0.0,0.0,0.0
2025-01-22 00:00:00-05:00,159.86198102717282,160.43920968242583,159.1155670190437,159.17527770996094,242000,0.0,0.0,0.0
2025-01-23 00:00:00-05:00,159.08571504352787,160.6083984375,158.70752707859836,160.6083984375,191600,0.0,0.0,0.0
2025-01-24 00:00:00-05:00,160.77758108792213,162.27040911067752,160.77758108792213,162.1609344482422,102600,0.0,0.0,0.0
2025-01-27 00:00:00-05:00,158.96627784357963,163.01682521998336,158.96627784357963,162.32017517089844,141500,0.0,0.0,0.0
2025-01-28 00:00:00-05:00,162.44954551756675,164.27079757621024,161.96189806939105,163.52438354492188,163700,0.0,0.0,0.0
2025-01-29 00:00:00-05:00,164.63902483658518,164.88782951549135,163.54429336089754,164.3504180908203,152300,0.0,0.0,0.0
2025-01-30 00:00:00-05:00,165.82333873220077,167.06736213569124,163.92248251290005,165.17645263671875,396600,0.0,0.0,0.0
2025-01-31 00:00:00-05:00,165.9228606296006,167.4156886593637,165.17644661471905,165.44515991210938,189800,0.0,0.0,0.0
2025-02-03 00:00:00-05:00,162.98697557760676,166.59960923922267,162.98697557760676,165.70391845703125,307400,0.0,0.0,0.0
2025-02-04 00:00:00-05:00,166.50008469984746,167.91329337342938,166.15175209483976,167.73414611816406,237800,0.0,0.0,0.0
2025-02-05 00:00:00-05:00,165.35557354130844,165.53472079593553,163.92247143344952,165.19635009765625,445700,0.0,0.0,0.0
2025-02-06 00:00:00-05:00,164.68878806829596,165.9527200834836,164.4897473632334,165.7636260986328,173000,0.0,0.0,0.0
2025-02-07 00:00:00-05:00,166.51002565529905,167.10716290440297,165.02715962354836,165.24609375,380400,0.0,0.0,0.0
2025-02-10 00:00:00-05:00,166.71904386424853,166.8384652509227,165.58449513334656,166.2910919189453,343500,0.0,0.0,0.0
2025-02-11 00:00:00-05:00,165.3257275861315,166.66927892173075,165.0968315343933,166.51004028320312,122900,0.0,0.0,0.0
2025-02-12 00:00:00-05:00,165.16650214199157,166.9280283072801,164.86793349481027,166.6493682861328,226700,0.0,0.0,0.0
2025-02-13 00:00:00-05:00,165.63424317988856,167.60478716619525,165.38543850154167,167.55502319335938,217200,0.0,0.0,0.0
2025-02-14 00:00:00-05:00,167.79387729589155,168.80898942642216,167.57492796911072,168.43081665039062,217200,0.0,0.0,0.0
2025-02-18 00:00:00-05:00,168.47061830163403,168.61989503051174,165.46505361162946,166.7886962890625,211000,0.0,0.0,0.0
2025-02-19 00:00:00-05:00,166.16170655541572,166.47022189617172,165.25605397163915,166.2811279296875,146200,0.0,0.0,0.0
2025-02-20 00:00:00-05:00,165.68400871844312,165.75368131823822,164.09166787347485,165.17645263671875,108700,0.0,0.0,0.0
2025-02-21 00:00:00-05:00,165.39540450270306,165.73377522903291,162.13108825683594,162.13108825683594,389000,0.0,0.0,0.0
2025-02-24 00:00:00-05:00,162.96705186354757,163.16609255384824,161.01641665260593,161.7528839111328,249200,0.0,0.0,0.0
2025-02-25 00:00:00-05:00,161.5339421811573,161.85241944925804,158.0506767869233,159.4041748046875,314300,0.0,0.0,0.0
2025-02-26 00:00:00-05:00,159.5833119389265,161.29508918177615,159.1155579722274,159.50369262695312,170000,0.0,0.0,0.0
2025-02-27 00:00:00-05:00,160.49893237320077,160.94677777439546,157.2445628024088,157.443603515625,212400,0.0,0.0,0.0
2025-02-28 00:00:00-05:00,157.4834190792757,159.6928058996749,156.16972305165118,159.37432861328125,222200,0.0,0.0,0.0
2025-03-03 00:00:00-05:00,160.25011321057158,161.4045553172833,156.5777539179829,157.37393188476562,196000,0.0,0.0,0.0
2025-03-04 00:00:00-05:00,156.2095326477735,158.09049536905934,154.1096205992834,156.12991333007812,785000,0.0,0.0,0.0
2025-03-05 00:00:00-05:00,156.11995792926027,158.80706065948803,155.36359715838717,158.39901733398438,190400,0.0,0.0,0.0
2025-03-06 00:00:00-05:00,156.67726919475024,158.24971652835438,154.72664908985627,155.37353515625,151700,0.0,0.0,0.0
2025-03-07 00:00:00-05:00,154.63708728058066,156.68723538365413,152.56703055136924,155.99058532714844,160400,0.0,0.0,0.0
2025-03-10 00:00:00-04:00,153.43286796248955,153.6916193623217,149.91974710211255,150.85525512695312,424200,0.0,0.0,0.0
2025-03-11 00:00:00-04:00,149.60129180186394,151.4324906819001,147.83975033863177,149.32261657714844,438700,0.0,0.0,0.0
2025-03-12 00:00:00-04:00,151.60165890476455,152.05945098008536,148.6956222666114,150.6562042236328,243500,0.0,0.0,0.0
2025-03-13 00:00:00-04:00,150.38749511584936,150.57658909449782,146.66537179135292,147.02365112304688,183300,0.0,0.0,0.0
2025-03-14 00:00:00-04:00,148.24778172072624,150.08892717301651,147.80988307041616,149.8600311279297,156600,0.0,0.0,0.0
2025-03-17 00:00:00-04:00,149.78041094923984,151.422515692623,149.67093628729216,150.6761016845703,341700,0.0,0.0,0.0
2025-03-18 00:00:00-04:00,150.09890206800338,150.09890206800338,146.7748598374636,148.20797729492188,149200,0.0,0.0,0.0
2025-03-19 00:00:00-04:00,148.62595147883326,151.3230007371661,148.29752749776333,150.0690155029297,114100,0.0,0.0,0.0
2025-03-20 00:00:00-04:00,149.3922720062175,151.79075259486518,148.74538595871135,149.760498046875,123400,0.0,0.0,0.0
2025-03-21 00:00:00-04:00,148.6657679723879,151.2135253068072,148.6657679723879,151.0343780517578,120500,0.0,0.0,0.0
2025-03-24 00:00:00-04:00,153.303481171819,154.0200398474398,152.8655977019015,153.8209991455078,135000,0.0,0.0,0.0
2025-03-25 00:00:00-04:00,154.6620594840517,155.95906079858548,154.33281963488537,155.58990478515625,86500,0.383,0.0,0.0
2025-03-26 00:00:00-04:00,155.26066956077565,155.81937408864943,153.2253866058703,153.55462646484375,108900,0.0,0.0,0.0
2025-03-27 00:00:00-04:00,152.85624546965477,153.98362595251362,152.25762477764238,152.4072723388672,87500,0.0,0.0,0.0
2025-03-28 00:00:00-04:00,151.81863578591157,152.07802996225794,147.3689425055382,147.75804138183594,184700,0.0,0.0,0.0
2025-03-31 00:00:00-04:00,145.98215087771553,148.40653264145897,144.6651914824306,148.04736328125,253800,0.0,0.0,0.0
2025-04-01 00:00:00-04:00,147.48865592874208,150.0028414017607,147.19931702616086,149.0350799560547,246000,0.0,0.0,0.0
2025-04-02 00:00:00-04:00,147.2093068453376,150.362013989401,147.2093068453376,149.1947021484375,141900,0.0,0.0,0.0
2025-04-03 00:00:00-04:00,143.95682887873656,144.8248304079127,141.78186978810845,141.8716583251953,385100,0.0,0.0,0.0
2025-04-04 00:00:00-04:00,137.9706706917935,139.2078129136415,134.1195831298828,134.1195831298828,985500,0.0,0.0,0.0
2025-04-07 00:00:00-04:00,129.37058437217192,140.02593169310444,129.03137310095713,134.72817993164062,1752900,0.0,0.0,0.0
2025-04-08 00:00:00-04:00,139.35747264489905,139.6368401327205,131.23626845135738,132.8126220703125,483200,0.0,0.0,0.0
2025-04-09 00:00:00-04:00,131.89473708580994,145.8624100194506,131.03672228237266,145.4134521484375,974700,0.0,0.0,0.0
2025-04-10 00:00:00-04:00,143.2584441111588,143.38814881004848,136.68366420906253,139.78648376464844,422000,0.0,0.0,0.0
2025-04-11 00:00:00-04:00,139.38741620764014,141.23313542217247,138.42962614996742,141.05355834960938,469900,0.0,0.0,0.0
2025-04-14 00:00:00-04:00,143.10880083438698,143.46797020673907,140.50482669072363,141.5025177001953,318900,0.0,0.0,0.0
2025-04-15 00:00:00-04:00,141.8317601570954,142.67978839653978,140.71433585400848,141.2530975341797,219300,0.0,0.0,0.0
2025-04-16 00:00:00-04:00,139.48717175224508,140.43497512680727,136.58388738271208,137.82102966308594,372900,0.0,0.0,0.0
2025-04-17 00:00:00-04:00,138.38971849988022,139.4372818194971,137.28228093542157,138.4595489501953,395200,0.0,0.0,0.0
2025-04-21 00:00:00-04:00,136.90315056590364,137.3820379494752,134.22933095855518,135.3068389892578,225500,0.0,0.0,0.0
2025-04-22 00:00:00-04:00,136.20476916832524,139.46720752791722,136.20476916832524,138.64910888671875,236500,0.0,0.0,0.0
2025-04-23 00:00:00-04:00,142.25078675264416,143.8770279787137,140.8141092552032,141.54241943359375,182300,0.0,0.0,0.0
2025-04-24 00:00:00-04:00,141.3129458186132,144.6552165969109,141.3129458186132,144.48561096191406,112800,0.0,0.0,0.0
2025-04-25 00:00:00-04:00,146.1417655226394,146.4211177696639,144.64522910348418,145.57308959960938,123400,0.0,0.0,0.0
2025-04-28 00:00:00-04:00,146.18169218923867,146.91997379932718,144.67516900929888,146.09188842773438,135600,0.0,0.0,0.0
2025-04-29 00:00:00-04:00,145.6030189474738,147.26916099877886,145.33363812973116,147.0696258544922,72400,0.0,0.0,0.0
2025-04-30 00:00:00-04:00,144.8347933357139,146.7104571926177,143.06887609221522,146.35128784179688,165300,0.0,0.0,0.0
2025-05-01 00:00:00-04:00,149.3842626794463,149.56385496789574,147.48865595119761,147.90768432617188,146500,0.0,0.0,0.0
2025-05-02 00:00:00-04:00,149.24458619816738,151.62906696997152,148.94527586717004,150.9007568359375,167100,0.0,0.0,0.0
2025-05-05 00:00:00-04:00,149.44412574776206,151.78870564884355,149.40422480677944,151.12025451660156,80900,0.0,0.0,0.0
2025-05-06 00:00:00-04:00,149.6935524244615,151.26990604690323,149.31444019272453,150.56155395507812,144900,0.0,0.0,0.0
2025-05-07 00:00:00-04:00,151.8086610849321,152.44718269441796,148.26685510987758,149.48403930664062,262100,0.0,0.0,0.0
2025-05-08 00:00:00-04:00,151.03047050581773,151.79868162530605,149.79332816851007,150.2123565673828,173800,0.0,0.0,0.0
2025-05-09 00:00:00-04:00,151.19008204521597,151.77873128410832,150.0028425853795,150.2223358154297,165200,0.0,0.0,0.0
2025-05-12 00:00:00-04:00,154.43258449715816,154.85162811743038,153.17549930701153,154.70196533203125,175400,0.0,0.0,0.0
2025-05-13 00:00:00-04:00,155.29059456605012,156.89687764884596,154.90149569374833,156.34815979003906,102900,0.0,0.0,0.0
2025-05-14 00:00:00-04:00,156.4080128402904,158.084126311261,156.2982662280086,157.93447875976562,252800,0.0,0.0,0.0
2025-05-15 00:00:00-04:00,157.68506723875294,158.63287065392353,156.9367989809514,157.73495483398438,360400,0.0,0.0,0.0
2025-05-16 00:00:00-04:00,158.47323229771564,158.83240166101757,157.3458518374382,158.6627960205078,392200,0.0,0.0,0.0
2025-05-19 00:00:00-04:00,156.5975893467777,158.60294281840802,156.5975893467777,158.57301330566406,127000,0.0,0.0,0.0
2025-05-20 00:00:00-04:00,158.20385916054389,158.95212736316688,157.08643495927578,157.91452026367188,70400,0.0,0.0,0.0
2025-05-21 00:00:00-04:00,156.7173038933409,160.02963009257934,156.7173038933409,157.2660369873047,75600,0.0,0.0,0.0
2025-05-22 00:00:00-04:00,157.78481992372625,159.27138494109917,157.3757781982422,157.3757781982422,123600,0.0,0.0,0.0
2025-05-23 00:00:00-04:00,155.62982185713744,157.08644216655023,155.55997618104806,156.3880615234375,232400,0.0,0.0,0.0
2025-05-27 00:00:00-04:00,157.96441425835062,159.52080974712644,157.59527346829785,159.36117553710938,120800,0.0,0.0,0.0
2025-05-28 00:00:00-04:00,159.3911052140101,160.3389238222477,158.8523587840885,158.99203491210938,95800,0.0,0.0,0.0
2025-05-29 00:00:00-04:00,160.16930447901603,160.19924921432113,157.35582380974014,158.3135986328125,83600,0.0,0.0,0.0
2025-05-30 00:00:00-04:00,157.89456874654806,159.33124619108062,156.53770840710692,158.99203491210938,238800,0.0,0.0,0.0
2025-06-02 00:00:00-04:00,157.74491794662094,160.1692996667669,157.40570667462254,159.9597930908203,436000,0.0,0.0,0.0
2025-06-03 00:00:00-04:00,159.49088647691082,160.17929571393663,158.52312497320162,159.29135131835938,190200,0.0,0.0,0.0
2025-06-04 00:00:00-04:00,159.69041760600422,161.22687025755047,159.69041760600422,160.97744750976562,153300,0.0,0.0,0.0
2025-06-05 00:00:00-04:00,161.94520857284166,162.62363113776578,160.50853111352427,160.95748901367188,171500,0.0,0.0,0.0
2025-06-06 00:00:00-04:00,162.6236308527193,163.79092748047952,162.5438137469464,163.5814208984375,127800,0.0,0.0,0.0
2025-06-09 00:00:00-04:00,163.8907050834811,164.6289866815351,163.70114135742188,163.70114135742188,573600,0.0,0.0,0.0
2025-06-10 00:00:00-04:00,164.28977122095702,165.8760962194319,163.9904608833914,165.75637817382812,854000,0.0,0.0,0.0
2025-06-11 00:00:00-04:00,166.35499671092313,166.43481381481854,164.6190089541987,164.8983612060547,311600,0.0,0.0,0.0
2025-06-12 00:00:00-04:00,164.28977456455874,164.4992963721857,163.41180161611283,163.66122436523438,130200,0.0,0.0,0.0
2025-06-13 00:00:00-04:00,161.97513761240444,163.87074439574857,161.88533385379168,162.06492614746094,153400,0.0,0.0,0.0
2025-06-16 00:00:00-04:00,163.56145522149612,165.2974277148922,163.56145522149612,165.08792114257812,292200,0.0,0.0,0.0
2025-06-17 00:00:00-04:00,164.50926780167023,164.93828284640867,163.511576805184,163.66122436523438,140800,0.0,0.0,0.0
2025-06-18 00:00:00-04:00,164.0004406151037,164.8484687749358,163.42177804651243,163.53152465820312,235400,0.0,0.0,0.0
2025-06-20 00:00:00-04:00,164.4394416224012,164.97818807614243,161.17698771649526,161.60598754882812,238500,0.0,0.0,0.0
2025-06-23 00:00:00-04:00,161.43637828466876,163.38187269008327,160.36885683084915,163.31204223632812,184500,0.0,0.0,0.0
2025-06-24 00:00:00-04:00,164.41947389995423,165.93596842771962,164.3196987141391,165.65660095214844,106500,0.0,0.0,0.0
2025-06-25 00:00:00-04:00,165.87609838857543,166.74409990122217,165.22760533499974,165.48699951171875,107500,0.0,0.0,0.0
2025-06-26 00:00:00-04:00,166.3300018310547,167.9199981689453,165.7899932861328,167.7899932861328,103700,0.383,0.0,0.0
2025-06-27 00:00:00-04:00,168.10000610351562,170.08999633789062,167.69000244140625,169.9499969482422,215900,0.0,0.0,0.0
2025-06-30 00:00:00-04:00,171.74000549316406,171.74000549316406,170.0800018310547,171.02999877929688,182300,0.0,0.0,0.0
2025-07-01 00:00:00-04:00,170.52000427246094,171.02999877929688,169.10000610351562,169.6999969482422,189000,0.0,0.0,0.0
2025-07-02 00:00:00-04:00,169.38999938964844,170.1999969482422,169.3000030517578,169.85000610351562,243600,0.0,0.0,0.0
2025-07-03 00:00:00-04:00,171.00999450683594,171.2899932861328,170.35000610351562,170.83999633789062,97600,0.0,0.0,0.0
