Date,Open,High,Low,Close,Volume,Dividends,Stock Splits
2020-07-06 00:00:00+01:00,0.75,0.75,0.75,0.75,0,0.0,0.0
2020-07-07 00:00:00+01:00,0.75,0.75,0.75,0.75,0,0.0,0.0
2020-07-08 00:00:00+01:00,0.75,0.75,0.75,0.75,0,0.0,0.0
2020-07-09 00:00:00+01:00,0.75,0.75,0.75,0.75,0,0.0,0.0
2020-07-10 00:00:00+01:00,0.75,0.75,0.75,0.75,0,0.0,0.0
2020-07-13 00:00:00+01:00,0.75,0.699999988079071,0.699999988079071,0.75,401,0.0,0.0
2020-07-14 00:00:00+01:00,0.75,0.75,0.75,0.75,0,0.0,0.0
2020-07-15 00:00:00+01:00,0.75,0.75,0.75,0.75,0,0.0,0.0
2020-07-16 00:00:00+01:00,0.75,0.75,0.75,0.75,0,0.0,0.0
2020-07-17 00:00:00+01:00,0.75,0.75,0.75,0.75,0,0.0,0.0
2020-07-20 00:00:00+01:00,0.75,0.75,0.75,0.75,0,0.0,0.0
2020-07-21 00:00:00+01:00,0.75,0.75,0.75,0.75,0,0.0,0.0
2020-07-22 00:00:00+01:00,0.75,0.75,0.75,0.75,0,0.0,0.0
2020-07-23 00:00:00+01:00,0.75,0.75,0.75,0.75,0,0.0,0.0
2020-07-24 00:00:00+01:00,0.75,0.75,0.75,0.75,0,0.0,0.0
2020-07-27 00:00:00+01:00,0.75,0.75,0.75,0.75,0,0.0,0.0
2020-07-28 00:00:00+01:00,0.75,0.75,0.75,0.75,0,0.0,0.0
2020-07-29 00:00:00+01:00,0.75,0.75,0.75,0.75,0,0.0,0.0
2020-07-30 00:00:00+01:00,0.75,0.75,0.75,0.75,0,0.0,0.0
2020-07-31 00:00:00+01:00,0.75,0.75,0.75,0.75,0,0.0,0.0
2020-08-03 00:00:00+01:00,0.75,0.75,0.75,0.75,0,0.0,0.0
2020-08-04 00:00:00+01:00,0.75,0.75,0.75,0.75,0,0.0,0.0
2020-08-05 00:00:00+01:00,0.75,0.75,0.75,0.75,0,0.0,0.0
2020-08-06 00:00:00+01:00,0.75,0.800000011920929,0.699999988079071,0.75,199,0.0,0.0
2020-08-07 00:00:00+01:00,0.75,0.75,0.75,0.75,0,0.0,0.0
2020-08-10 00:00:00+01:00,0.75,0.75,0.75,0.75,0,0.0,0.0
2020-08-11 00:00:00+01:00,0.75,0.699999988079071,0.699999988079071,0.75,75,0.0,0.0
2020-08-12 00:00:00+01:00,0.75,0.75,0.75,0.75,0,0.0,0.0
2020-08-13 00:00:00+01:00,0.75,0.699999988079071,0.699999988079071,0.7099999785423279,889,0.0,0.0
2020-08-14 00:00:00+01:00,0.7099999785423279,0.7099999785423279,0.7099999785423279,0.7099999785423279,0,0.0,0.0
2020-08-17 00:00:00+01:00,0.7099999785423279,0.7099999785423279,0.7099999785423279,0.7099999785423279,0,0.0,0.0
2020-08-18 00:00:00+01:00,0.7099999785423279,0.7099999785423279,0.7099999785423279,0.7099999785423279,0,0.0,0.0
2020-08-19 00:00:00+01:00,0.7099999785423279,0.7099999785423279,0.7099999785423279,0.7099999785423279,0,0.0,0.0
2020-08-20 00:00:00+01:00,0.7099999785423279,0.7099999785423279,0.7099999785423279,0.7099999785423279,0,0.0,0.0
2020-08-21 00:00:00+01:00,0.7099999785423279,0.7099999785423279,0.7099999785423279,0.7099999785423279,0,0.0,0.0
2020-08-24 00:00:00+01:00,0.7099999785423279,0.7099999785423279,0.7099999785423279,0.7099999785423279,0,0.0,0.0
2020-08-25 00:00:00+01:00,0.7099999785423279,0.7099999785423279,0.7099999785423279,0.7099999785423279,0,0.0,0.0
2020-08-26 00:00:00+01:00,0.7099999785423279,0.7099999785423279,0.7099999785423279,0.7099999785423279,0,0.0,0.0
2020-08-27 00:00:00+01:00,0.7099999785423279,0.7099999785423279,0.7099999785423279,0.7099999785423279,0,0.0,0.0
2020-08-28 00:00:00+01:00,0.7099999785423279,0.7099999785423279,0.7099999785423279,0.7099999785423279,0,0.0,0.0
2020-09-01 00:00:00+01:00,0.7099999785423279,0.7099999785423279,0.7099999785423279,0.7099999785423279,0,0.0,0.0
2020-09-02 00:00:00+01:00,0.7099999785423279,0.7099999785423279,0.7099999785423279,0.7099999785423279,0,0.0,0.0
2020-09-03 00:00:00+01:00,0.7099999785423279,0.7099999785423279,0.7099999785423279,0.7099999785423279,0,0.0,0.0
2020-09-04 00:00:00+01:00,0.7099999785423279,0.7099999785423279,0.7099999785423279,0.7099999785423279,0,0.0,0.0
2020-09-07 00:00:00+01:00,0.7099999785423279,0.7099999785423279,0.7099999785423279,0.7099999785423279,0,0.0,0.0
2020-09-08 00:00:00+01:00,0.7099999785423279,0.7099999785423279,0.7099999785423279,0.7099999785423279,0,0.0,0.0
2020-09-09 00:00:00+01:00,0.7099999785423279,0.7099999785423279,0.7099999785423279,0.7099999785423279,0,0.0,0.0
2020-09-10 00:00:00+01:00,0.7099999785423279,0.7099999785423279,0.7099999785423279,0.7099999785423279,0,0.0,0.0
2020-09-11 00:00:00+01:00,0.7099999785423279,0.7099999785423279,0.7099999785423279,0.7099999785423279,0,0.0,0.0
2020-09-14 00:00:00+01:00,0.6700000166893005,0.699999988079071,0.699999988079071,0.699999988079071,3000,0.0,0.0
2020-09-15 00:00:00+01:00,0.6700000166893005,0.6000000238418579,0.6000000238418579,0.6499999761581421,34,0.0,0.0
2020-09-16 00:00:00+01:00,0.6499999761581421,0.6499999761581421,0.6499999761581421,0.6499999761581421,0,0.0,0.0
2020-09-17 00:00:00+01:00,0.6499999761581421,0.6499999761581421,0.6499999761581421,0.6499999761581421,0,0.0,0.0
2020-09-18 00:00:00+01:00,0.6499999761581421,0.6000000238418579,0.6000000238418579,0.6000000238418579,16000,0.0,0.0
2020-09-21 00:00:00+01:00,0.6499999761581421,0.6499999761581421,0.6499999761581421,0.6499999761581421,0,0.0,0.0
2020-09-22 00:00:00+01:00,0.6499999761581421,0.6499999761581421,0.6499999761581421,0.6499999761581421,0,0.0,0.0
2020-09-23 00:00:00+01:00,0.6100000143051147,0.6100000143051147,0.6100000143051147,0.6100000143051147,0,0.0,0.0
2020-09-24 00:00:00+01:00,0.6100000143051147,0.6100000143051147,0.6100000143051147,0.6100000143051147,0,0.0,0.0
2020-09-25 00:00:00+01:00,0.6100000143051147,0.6100000143051147,0.6100000143051147,0.6100000143051147,0,0.0,0.0
2020-09-28 00:00:00+01:00,0.6100000143051147,0.6100000143051147,0.6100000143051147,0.6100000143051147,0,0.0,0.0
2020-09-29 00:00:00+01:00,0.6100000143051147,0.6100000143051147,0.6100000143051147,0.6100000143051147,0,0.0,0.0
2020-09-30 00:00:00+01:00,0.6100000143051147,0.6399999856948853,0.6399999856948853,0.6100000143051147,387,0.0,0.0
2020-10-01 00:00:00+01:00,0.6100000143051147,0.6399999856948853,0.6399999856948853,0.6100000143051147,83,0.0,0.0
2020-10-02 00:00:00+01:00,0.6100000143051147,0.6100000143051147,0.6100000143051147,0.6100000143051147,0,0.0,0.0
2020-10-05 00:00:00+01:00,0.6100000143051147,0.6100000143051147,0.6100000143051147,0.6100000143051147,0,0.0,0.0
2020-10-06 00:00:00+01:00,0.6100000143051147,0.5600000023841858,0.5600000023841858,0.6100000143051147,13,0.0,0.0
2020-10-07 00:00:00+01:00,0.6100000143051147,0.6100000143051147,0.6100000143051147,0.6100000143051147,0,0.0,0.0
2020-10-08 00:00:00+01:00,0.6100000143051147,0.6399999856948853,0.6399999856948853,0.6100000143051147,4014,0.0,0.0
2020-10-09 00:00:00+01:00,0.6100000143051147,0.6100000143051147,0.6100000143051147,0.6100000143051147,0,0.0,0.0
2020-10-12 00:00:00+01:00,0.6100000143051147,0.5,0.5,0.5400000214576721,3000,0.0,0.0
2020-10-13 00:00:00+01:00,0.5400000214576721,0.5099999904632568,0.5099999904632568,0.5400000214576721,1021,0.0,0.0
2020-10-14 00:00:00+01:00,0.5400000214576721,0.5400000214576721,0.5400000214576721,0.5400000214576721,45000,0.0,0.0
2020-10-15 00:00:00+01:00,0.5400000214576721,0.5,0.5,0.5400000214576721,272,0.0,0.0
2020-10-16 00:00:00+01:00,0.5400000214576721,0.5400000214576721,0.5400000214576721,0.5400000214576721,0,0.0,0.0
2020-10-19 00:00:00+01:00,0.5400000214576721,0.5400000214576721,0.5400000214576721,0.5400000214576721,0,0.0,0.0
2020-10-20 00:00:00+01:00,0.5400000214576721,0.5400000214576721,0.5400000214576721,0.5400000214576721,0,0.0,0.0
2020-10-21 00:00:00+01:00,0.5400000214576721,0.5400000214576721,0.5400000214576721,0.5400000214576721,0,0.0,0.0
2020-10-22 00:00:00+01:00,0.5400000214576721,0.5400000214576721,0.5400000214576721,0.5400000214576721,0,0.0,0.0
2020-10-23 00:00:00+01:00,0.5400000214576721,0.5400000214576721,0.5400000214576721,0.5400000214576721,0,0.0,0.0
2020-10-26 00:00:00+00:00,0.5400000214576721,0.5400000214576721,0.5400000214576721,0.5400000214576721,0,0.0,0.0
2020-10-27 00:00:00+00:00,0.5400000214576721,0.5400000214576721,0.5400000214576721,0.5400000214576721,0,0.0,0.0
2020-10-28 00:00:00+00:00,0.5400000214576721,0.5,0.5,0.5400000214576721,13,0.0,0.0
2020-10-29 00:00:00+00:00,0.5400000214576721,0.5400000214576721,0.5400000214576721,0.5400000214576721,0,0.0,0.0
2020-10-30 00:00:00+00:00,0.5400000214576721,0.5400000214576721,0.5400000214576721,0.5400000214576721,0,0.0,0.0
2020-11-02 00:00:00+00:00,0.5400000214576721,0.5,0.5,0.5400000214576721,14000,0.0,0.0
2020-11-03 00:00:00+00:00,0.5400000214576721,0.5400000214576721,0.5400000214576721,0.5400000214576721,0,0.0,0.0
2020-11-04 00:00:00+00:00,0.5400000214576721,0.5400000214576721,0.5400000214576721,0.5400000214576721,0,0.0,0.0
2020-11-05 00:00:00+00:00,0.5400000214576721,0.5400000214576721,0.5400000214576721,0.5400000214576721,0,0.0,0.0
2020-11-06 00:00:00+00:00,0.5199999809265137,0.5199999809265137,0.5199999809265137,0.5199999809265137,0,0.0,0.0
2020-11-09 00:00:00+00:00,0.5199999809265137,0.5,0.5,0.49000000953674316,286,0.0,0.0
2020-11-10 00:00:00+00:00,0.49000000953674316,0.49000000953674316,0.49000000953674316,0.49000000953674316,0,0.0,0.0
2020-11-11 00:00:00+00:00,0.49000000953674316,0.49000000953674316,0.49000000953674316,0.49000000953674316,0,0.0,0.0
2020-11-12 00:00:00+00:00,0.49000000953674316,0.49000000953674316,0.49000000953674316,0.49000000953674316,0,0.0,0.0
2020-11-13 00:00:00+00:00,0.49000000953674316,0.49000000953674316,0.49000000953674316,0.49000000953674316,0,0.0,0.0
2020-11-16 00:00:00+00:00,0.49000000953674316,0.49000000953674316,0.49000000953674316,0.49000000953674316,0,0.0,0.0
2020-11-17 00:00:00+00:00,0.49000000953674316,0.49000000953674316,0.49000000953674316,0.49000000953674316,0,0.0,0.0
2020-11-18 00:00:00+00:00,0.49000000953674316,0.49000000953674316,0.49000000953674316,0.49000000953674316,0,0.0,0.0
2020-11-19 00:00:00+00:00,0.49000000953674316,0.49000000953674316,0.49000000953674316,0.49000000953674316,0,0.0,0.0
2020-11-20 00:00:00+00:00,0.49000000953674316,0.49000000953674316,0.49000000953674316,0.49000000953674316,0,0.0,0.0
2020-11-23 00:00:00+00:00,0.49000000953674316,0.49000000953674316,0.49000000953674316,0.49000000953674316,0,0.0,0.0
2020-11-24 00:00:00+00:00,0.49000000953674316,0.49000000953674316,0.49000000953674316,0.49000000953674316,0,0.0,0.0
2020-11-25 00:00:00+00:00,0.49000000953674316,0.49000000953674316,0.49000000953674316,0.49000000953674316,0,0.0,0.0
2020-11-26 00:00:00+00:00,0.49000000953674316,0.49000000953674316,0.49000000953674316,0.49000000953674316,0,0.0,0.0
2020-11-27 00:00:00+00:00,0.49000000953674316,0.49000000953674316,0.49000000953674316,0.49000000953674316,0,0.0,0.0
2020-11-30 00:00:00+00:00,0.49000000953674316,0.49000000953674316,0.49000000953674316,0.49000000953674316,0,0.0,0.0
2020-12-01 00:00:00+00:00,0.49000000953674316,0.49000000953674316,0.49000000953674316,0.49000000953674316,0,0.0,0.0
2020-12-02 00:00:00+00:00,0.49000000953674316,0.49000000953674316,0.49000000953674316,0.49000000953674316,0,0.0,0.0
2020-12-03 00:00:00+00:00,0.49000000953674316,0.49000000953674316,0.49000000953674316,0.49000000953674316,0,0.0,0.0
2020-12-04 00:00:00+00:00,0.49000000953674316,0.4000000059604645,0.4000000059604645,0.4099999964237213,2000,0.0,0.0
2020-12-07 00:00:00+00:00,0.4099999964237213,0.36000001430511475,0.36000001430511475,0.4099999964237213,13,0.0,0.0
2020-12-08 00:00:00+00:00,0.4099999964237213,0.4099999964237213,0.4099999964237213,0.4099999964237213,0,0.0,0.0
2020-12-09 00:00:00+00:00,0.44999998807907104,0.44999998807907104,0.44999998807907104,0.44999998807907104,0,0.0,0.0
2020-12-10 00:00:00+00:00,0.44999998807907104,0.44999998807907104,0.44999998807907104,0.44999998807907104,0,0.0,0.0
2020-12-11 00:00:00+00:00,0.44999998807907104,0.44999998807907104,0.44999998807907104,0.44999998807907104,0,0.0,0.0
2020-12-14 00:00:00+00:00,0.44999998807907104,0.44999998807907104,0.44999998807907104,0.44999998807907104,0,0.0,0.0
2020-12-15 00:00:00+00:00,0.44999998807907104,0.44999998807907104,0.44999998807907104,0.44999998807907104,0,0.0,0.0
2020-12-16 00:00:00+00:00,0.44999998807907104,0.44999998807907104,0.44999998807907104,0.44999998807907104,0,0.0,0.0
2020-12-17 00:00:00+00:00,0.44999998807907104,0.44999998807907104,0.44999998807907104,0.44999998807907104,0,0.0,0.0
2020-12-18 00:00:00+00:00,0.44999998807907104,0.44999998807907104,0.44999998807907104,0.44999998807907104,0,0.0,0.0
2020-12-21 00:00:00+00:00,0.44999998807907104,0.44999998807907104,0.44999998807907104,0.44999998807907104,0,0.0,0.0
2020-12-22 00:00:00+00:00,0.44999998807907104,0.44999998807907104,0.44999998807907104,0.44999998807907104,0,0.0,0.0
2020-12-23 00:00:00+00:00,0.44999998807907104,0.44999998807907104,0.44999998807907104,0.44999998807907104,0,0.0,0.0
2020-12-24 00:00:00+00:00,0.44999998807907104,0.44999998807907104,0.44999998807907104,0.44999998807907104,0,0.0,0.0
2020-12-29 00:00:00+00:00,0.4699999988079071,0.4699999988079071,0.4699999988079071,0.4699999988079071,0,0.0,0.0
2020-12-30 00:00:00+00:00,0.4699999988079071,0.4699999988079071,0.4699999988079071,0.4699999988079071,0,0.0,0.0
2020-12-31 00:00:00+00:00,0.4699999988079071,0.4699999988079071,0.4699999988079071,0.4699999988079071,0,0.0,0.0
2021-01-04 00:00:00+00:00,0.4699999988079071,0.4699999988079071,0.4699999988079071,0.4699999988079071,0,0.0,0.0
2021-01-05 00:00:00+00:00,0.4699999988079071,0.4699999988079071,0.4699999988079071,0.4699999988079071,0,0.0,0.0
2021-01-06 00:00:00+00:00,0.4699999988079071,0.4699999988079071,0.4699999988079071,0.4699999988079071,0,0.0,0.0
2021-01-07 00:00:00+00:00,0.4699999988079071,0.4699999988079071,0.4699999988079071,0.4699999988079071,0,0.0,0.0
2021-01-08 00:00:00+00:00,0.4699999988079071,0.41999998688697815,0.41999998688697815,0.44999998807907104,1893,0.0,0.0
2021-01-11 00:00:00+00:00,0.44999998807907104,0.44999998807907104,0.44999998807907104,0.44999998807907104,0,0.0,0.0
2021-01-12 00:00:00+00:00,0.44999998807907104,0.44999998807907104,0.44999998807907104,0.44999998807907104,0,0.0,0.0
2021-01-13 00:00:00+00:00,0.44999998807907104,0.44999998807907104,0.44999998807907104,0.44999998807907104,0,0.0,0.0
2021-01-14 00:00:00+00:00,0.44999998807907104,0.44999998807907104,0.44999998807907104,0.44999998807907104,0,0.0,0.0
2021-01-15 00:00:00+00:00,0.44999998807907104,0.44999998807907104,0.44999998807907104,0.44999998807907104,0,0.0,0.0
2021-01-18 00:00:00+00:00,0.44999998807907104,0.44999998807907104,0.44999998807907104,0.44999998807907104,0,0.0,0.0
2021-01-19 00:00:00+00:00,0.44999998807907104,0.44999998807907104,0.44999998807907104,0.44999998807907104,0,0.0,0.0
2021-01-20 00:00:00+00:00,0.44999998807907104,0.5,0.5,0.5099999904632568,500,0.0,0.0
2021-01-21 00:00:00+00:00,0.5099999904632568,0.5099999904632568,0.5099999904632568,0.5099999904632568,0,0.0,0.0
2021-01-22 00:00:00+00:00,0.5099999904632568,0.5099999904632568,0.5099999904632568,0.5099999904632568,0,0.0,0.0
2021-01-25 00:00:00+00:00,0.5099999904632568,0.5099999904632568,0.5099999904632568,0.5099999904632568,0,0.0,0.0
2021-01-26 00:00:00+00:00,0.5099999904632568,0.5099999904632568,0.5099999904632568,0.5099999904632568,0,0.0,0.0
2021-01-27 00:00:00+00:00,0.5099999904632568,0.46000000834465027,0.46000000834465027,0.550000011920929,500,0.0,0.0
2021-01-28 00:00:00+00:00,0.550000011920929,0.800000011920929,0.699999988079071,0.75,77529,0.0,0.0
2021-01-29 00:00:00+00:00,0.75,0.6100000143051147,0.5799999833106995,0.7099999785423279,1600,0.0,0.0
2021-02-01 00:00:00+00:00,0.7099999785423279,0.7099999785423279,0.7099999785423279,0.7099999785423279,0,0.0,0.0
2021-02-02 00:00:00+00:00,0.7099999785423279,0.7099999785423279,0.7099999785423279,0.7099999785423279,0,0.0,0.0
2021-02-03 00:00:00+00:00,0.7099999785423279,0.7099999785423279,0.7099999785423279,0.7099999785423279,0,0.0,0.0
2021-02-04 00:00:00+00:00,0.8100000023841858,0.8100000023841858,0.8100000023841858,0.8100000023841858,0,0.0,0.0
2021-02-05 00:00:00+00:00,0.8100000023841858,1.5800000429153442,0.9599999785423279,1.0,15133,0.0,0.0
2021-02-08 00:00:00+00:00,1.0,1.1996999979019165,1.0,1.0,7707,0.0,0.0
2021-02-09 00:00:00+00:00,1.0,0.9599999785423279,0.9599999785423279,1.0499999523162842,5000,0.0,0.0
2021-02-10 00:00:00+00:00,1.0499999523162842,1.1100000143051147,1.0,1.0499999523162842,7800,0.0,0.0
2021-02-11 00:00:00+00:00,1.0499999523162842,1.100000023841858,0.8999999761581421,0.949999988079071,775,0.0,0.0
2021-02-12 00:00:00+00:00,0.949999988079071,0.8500000238418579,0.8500000238418579,0.949999988079071,5000,0.0,0.0
2021-02-15 00:00:00+00:00,0.949999988079071,0.8500000238418579,0.8500000238418579,0.949999988079071,2,0.0,0.0
2021-02-16 00:00:00+00:00,0.949999988079071,0.949999988079071,0.949999988079071,0.949999988079071,0,0.0,0.0
2021-02-17 00:00:00+00:00,0.949999988079071,0.949999988079071,0.949999988079071,0.949999988079071,0,0.0,0.0
2021-02-18 00:00:00+00:00,0.949999988079071,1.1053400039672852,1.0,0.949999988079071,2705,0.0,0.0
2021-02-19 00:00:00+00:00,0.949999988079071,0.8500000238418579,0.8500000238418579,0.949999988079071,27000,0.0,0.0
2021-02-22 00:00:00+00:00,0.949999988079071,0.949999988079071,0.949999988079071,0.949999988079071,0,0.0,0.0
2021-02-23 00:00:00+00:00,0.949999988079071,0.949999988079071,0.949999988079071,0.949999988079071,0,0.0,0.0
2021-02-24 00:00:00+00:00,0.8999999761581421,0.8999999761581421,0.8999999761581421,0.8999999761581421,0,0.0,0.0
2021-02-25 00:00:00+00:00,0.8999999761581421,0.8999999761581421,0.8999999761581421,0.8999999761581421,0,0.0,0.0
2021-02-26 00:00:00+00:00,0.8999999761581421,0.8999999761581421,0.8999999761581421,0.8999999761581421,0,0.0,0.0
2021-03-01 00:00:00+00:00,0.8999999761581421,0.8999999761581421,0.8999999761581421,0.8999999761581421,0,0.0,0.0
2021-03-02 00:00:00+00:00,0.8999999761581421,0.8999999761581421,0.8999999761581421,0.8999999761581421,0,0.0,0.0
2021-03-03 00:00:00+00:00,0.8999999761581421,0.8999999761581421,0.8999999761581421,0.8999999761581421,0,0.0,0.0
2021-03-04 00:00:00+00:00,0.8999999761581421,0.8999999761581421,0.8999999761581421,0.8999999761581421,0,0.0,0.0
2021-03-05 00:00:00+00:00,0.8999999761581421,0.8999999761581421,0.8999999761581421,0.8999999761581421,0,0.0,0.0
2021-03-08 00:00:00+00:00,0.949999988079071,0.949999988079071,0.949999988079071,0.949999988079071,0,0.0,0.0
2021-03-09 00:00:00+00:00,0.949999988079071,0.949999988079071,0.949999988079071,0.949999988079071,0,0.0,0.0
2021-03-10 00:00:00+00:00,0.949999988079071,0.949999988079071,0.949999988079071,0.949999988079071,0,0.0,0.0
2021-03-11 00:00:00+00:00,0.949999988079071,1.0,0.800000011920929,1.0,4698,0.0,0.0
2021-03-12 00:00:00+00:00,0.8999999761581421,0.8999999761581421,0.800000011920929,0.8999999761581421,104305,0.0,0.0
2021-03-15 00:00:00+00:00,0.8999999761581421,0.8999999761581421,0.8999999761581421,0.8999999761581421,0,0.0,0.0
2021-03-16 00:00:00+00:00,0.8500000238418579,0.8500000238418579,0.8500000238418579,0.8500000238418579,0,0.0,0.0
2021-03-17 00:00:00+00:00,0.8500000238418579,0.8500000238418579,0.8500000238418579,0.8500000238418579,0,0.0,0.0
2021-03-18 00:00:00+00:00,0.8500000238418579,0.8500000238418579,0.8500000238418579,0.8500000238418579,0,0.0,0.0
2021-03-19 00:00:00+00:00,0.8500000238418579,0.8500000238418579,0.8500000238418579,0.8500000238418579,0,0.0,0.0
2021-03-22 00:00:00+00:00,0.8500000238418579,0.8500000238418579,0.8500000238418579,0.8500000238418579,0,0.0,0.0
2021-03-23 00:00:00+00:00,0.8500000238418579,0.8500000238418579,0.8500000238418579,0.8500000238418579,0,0.0,0.0
2021-03-24 00:00:00+00:00,0.8500000238418579,0.8500000238418579,0.8500000238418579,0.8500000238418579,0,0.0,0.0
2021-03-25 00:00:00+00:00,0.8500000238418579,0.8500000238418579,0.8500000238418579,0.8500000238418579,0,0.0,0.0
2021-03-26 00:00:00+00:00,0.8500000238418579,0.8500000238418579,0.8500000238418579,0.8500000238418579,0,0.0,0.0
2021-03-29 00:00:00+01:00,0.8500000238418579,0.8500000238418579,0.8500000238418579,0.8500000238418579,0,0.0,0.0
2021-03-30 00:00:00+01:00,0.8500000238418579,0.8500000238418579,0.8500000238418579,0.8500000238418579,0,0.0,0.0
2021-03-31 00:00:00+01:00,0.8500000238418579,0.8500000238418579,0.8500000238418579,0.8500000238418579,0,0.0,0.0
2021-04-01 00:00:00+01:00,0.8500000238418579,0.8500000238418579,0.8500000238418579,0.8500000238418579,0,0.0,0.0
2021-04-06 00:00:00+01:00,0.8500000238418579,0.8500000238418579,0.8500000238418579,0.8500000238418579,0,0.0,0.0
2021-04-07 00:00:00+01:00,0.8500000238418579,0.8500000238418579,0.8500000238418579,0.8500000238418579,0,0.0,0.0
2021-04-08 00:00:00+01:00,0.8500000238418579,0.8500000238418579,0.8500000238418579,0.8500000238418579,0,0.0,0.0
2021-04-09 00:00:00+01:00,0.8500000238418579,0.8199999928474426,0.8199999928474426,0.8500000238418579,500,0.0,0.0
2021-04-12 00:00:00+01:00,0.8500000238418579,0.8500000238418579,0.8500000238418579,0.8500000238418579,0,0.0,0.0
2021-04-13 00:00:00+01:00,0.8500000238418579,0.8500000238418579,0.8500000238418579,0.8500000238418579,0,0.0,0.0
2021-04-14 00:00:00+01:00,0.8500000238418579,0.8500000238418579,0.8500000238418579,0.8500000238418579,0,0.0,0.0
2021-04-15 00:00:00+01:00,0.8500000238418579,0.8500000238418579,0.8500000238418579,0.8500000238418579,0,0.0,0.0
2021-04-16 00:00:00+01:00,0.8500000238418579,0.8500000238418579,0.8500000238418579,0.8500000238418579,0,0.0,0.0
2021-04-19 00:00:00+01:00,0.8500000238418579,0.8500000238418579,0.8500000238418579,0.8500000238418579,0,0.0,0.0
2021-04-20 00:00:00+01:00,0.8500000238418579,0.8050000071525574,0.8050000071525574,0.8500000238418579,4095,0.0,0.0
2021-04-21 00:00:00+01:00,0.8500000238418579,0.8500000238418579,0.8500000238418579,0.8500000238418579,0,0.0,0.0
2021-04-22 00:00:00+01:00,0.8500000238418579,0.8500000238418579,0.8500000238418579,0.8500000238418579,0,0.0,0.0
2021-04-23 00:00:00+01:00,0.8500000238418579,0.8500000238418579,0.8500000238418579,0.8500000238418579,0,0.0,0.0
2021-04-26 00:00:00+01:00,0.8500000238418579,0.8500000238418579,0.8500000238418579,0.8500000238418579,0,0.0,0.0
2021-04-27 00:00:00+01:00,0.8500000238418579,0.8500000238418579,0.8500000238418579,0.8500000238418579,0,0.0,0.0
2021-04-28 00:00:00+01:00,0.8500000238418579,0.8500000238418579,0.8500000238418579,0.8500000238418579,0,0.0,0.0
2021-04-29 00:00:00+01:00,0.8500000238418579,0.8500000238418579,0.8500000238418579,0.8500000238418579,0,0.0,0.0
2021-04-30 00:00:00+01:00,0.8500000238418579,0.8500000238418579,0.8500000238418579,0.8500000238418579,0,0.0,0.0
2021-05-04 00:00:00+01:00,0.8500000238418579,0.800000011920929,0.800000011920929,0.800000011920929,220,0.0,0.0
2021-05-05 00:00:00+01:00,0.800000011920929,0.800000011920929,0.800000011920929,0.800000011920929,0,0.0,0.0
2021-05-06 00:00:00+01:00,0.800000011920929,0.800000011920929,0.800000011920929,0.800000011920929,0,0.0,0.0
2021-05-07 00:00:00+01:00,0.800000011920929,0.800000011920929,0.800000011920929,0.800000011920929,0,0.0,0.0
2021-05-10 00:00:00+01:00,0.800000011920929,0.800000011920929,0.800000011920929,0.800000011920929,0,0.0,0.0
2021-05-11 00:00:00+01:00,0.800000011920929,0.800000011920929,0.800000011920929,0.800000011920929,0,0.0,0.0
2021-05-12 00:00:00+01:00,0.800000011920929,0.800000011920929,0.800000011920929,0.800000011920929,0,0.0,0.0
2021-05-13 00:00:00+01:00,0.800000011920929,0.800000011920929,0.800000011920929,0.800000011920929,0,0.0,0.0
2021-05-14 00:00:00+01:00,0.800000011920929,0.800000011920929,0.800000011920929,0.800000011920929,0,0.0,0.0
2021-05-17 00:00:00+01:00,0.800000011920929,1.090000033378601,0.800000011920929,0.949999988079071,19820,0.0,0.0
2021-05-18 00:00:00+01:00,0.8500000238418579,0.8500000238418579,0.8500000238418579,0.8500000238418579,0,0.0,0.0
2021-05-19 00:00:00+01:00,0.8500000238418579,0.8500000238418579,0.8500000238418579,0.8500000238418579,0,0.0,0.0
2021-05-20 00:00:00+01:00,0.8500000238418579,0.8500000238418579,0.8500000238418579,0.8500000238418579,0,0.0,0.0
2021-05-21 00:00:00+01:00,0.8500000238418579,0.8500000238418579,0.8500000238418579,0.8500000238418579,0,0.0,0.0
2021-05-24 00:00:00+01:00,0.8500000238418579,0.8500000238418579,0.8500000238418579,0.8500000238418579,0,0.0,0.0
2021-05-25 00:00:00+01:00,0.8500000238418579,0.8500000238418579,0.8500000238418579,0.8500000238418579,0,0.0,0.0
2021-05-26 00:00:00+01:00,0.8500000238418579,0.800000011920929,0.800000011920929,0.8500000238418579,750,0.0,0.0
2021-05-27 00:00:00+01:00,0.8500000238418579,0.8500000238418579,0.8500000238418579,0.8500000238418579,0,0.0,0.0
2021-05-28 00:00:00+01:00,0.8500000238418579,0.8500000238418579,0.8500000238418579,0.8500000238418579,0,0.0,0.0
2021-06-01 00:00:00+01:00,0.8500000238418579,0.8500000238418579,0.8500000238418579,0.8500000238418579,0,0.0,0.0
2021-06-02 00:00:00+01:00,0.8500000238418579,0.8500000238418579,0.8500000238418579,0.8500000238418579,0,0.0,0.0
2021-06-03 00:00:00+01:00,0.8500000238418579,0.8500000238418579,0.8500000238418579,0.8500000238418579,0,0.0,0.0
2021-06-04 00:00:00+01:00,0.8500000238418579,0.8500000238418579,0.8500000238418579,0.8500000238418579,0,0.0,0.0
2021-06-07 00:00:00+01:00,0.8500000238418579,0.8500000238418579,0.8500000238418579,0.8500000238418579,0,0.0,0.0
2021-06-08 00:00:00+01:00,0.8500000238418579,0.8500000238418579,0.8500000238418579,0.8500000238418579,0,0.0,0.0
2021-06-09 00:00:00+01:00,0.8500000238418579,0.8500000238418579,0.8500000238418579,0.8500000238418579,0,0.0,0.0
2021-06-10 00:00:00+01:00,0.8500000238418579,0.8500000238418579,0.8500000238418579,0.8500000238418579,0,0.0,0.0
2021-06-11 00:00:00+01:00,0.8500000238418579,0.699999988079071,0.699999988079071,0.8500000238418579,100,0.0,0.0
2021-06-14 00:00:00+01:00,0.8500000238418579,0.8500000238418579,0.8500000238418579,0.8500000238418579,0,0.0,0.0
2021-06-15 00:00:00+01:00,0.8500000238418579,0.8500000238418579,0.8500000238418579,0.8500000238418579,0,0.0,0.0
2021-06-16 00:00:00+01:00,0.8500000238418579,0.8500000238418579,0.8500000238418579,0.8500000238418579,0,0.0,0.0
2021-06-17 00:00:00+01:00,0.8500000238418579,0.8500000238418579,0.8500000238418579,0.8500000238418579,0,0.0,0.0
2021-06-18 00:00:00+01:00,0.8500000238418579,0.8500000238418579,0.8500000238418579,0.8500000238418579,0,0.0,0.0
2021-06-21 00:00:00+01:00,0.8500000238418579,0.8500000238418579,0.8500000238418579,0.8500000238418579,0,0.0,0.0
2021-06-22 00:00:00+01:00,0.8500000238418579,0.8500000238418579,0.8500000238418579,0.8500000238418579,0,0.0,0.0
2021-06-23 00:00:00+01:00,0.8500000238418579,0.8500000238418579,0.8500000238418579,0.8500000238418579,0,0.0,0.0
2021-06-24 00:00:00+01:00,0.8500000238418579,0.8500000238418579,0.8500000238418579,0.8500000238418579,0,0.0,0.0
2021-06-25 00:00:00+01:00,0.8500000238418579,0.8500000238418579,0.8500000238418579,0.8500000238418579,0,0.0,0.0
2021-06-28 00:00:00+01:00,0.8500000238418579,0.8999999761581421,0.800000011920929,0.7099999785423279,39,0.0,0.0
2021-06-29 00:00:00+01:00,0.7099999785423279,0.7099999785423279,0.7099999785423279,0.7099999785423279,0,0.0,0.0
2021-06-30 00:00:00+01:00,0.7099999785423279,0.7099999785423279,0.7099999785423279,0.7099999785423279,0,0.0,0.0
2021-07-01 00:00:00+01:00,0.7099999785423279,0.7099999785423279,0.7099999785423279,0.7099999785423279,0,0.0,0.0
2021-07-02 00:00:00+01:00,0.7099999785423279,0.7099999785423279,0.7099999785423279,0.7099999785423279,0,0.0,0.0
2021-07-05 00:00:00+01:00,0.7099999785423279,0.7099999785423279,0.7099999785423279,0.7099999785423279,0,0.0,0.0
2021-07-06 00:00:00+01:00,0.7099999785423279,0.7099999785423279,0.7099999785423279,0.7099999785423279,0,0.0,0.0
2021-07-07 00:00:00+01:00,0.7099999785423279,0.7099999785423279,0.7099999785423279,0.7099999785423279,0,0.0,0.0
2021-07-08 00:00:00+01:00,0.7099999785423279,0.7099999785423279,0.7099999785423279,0.7099999785423279,0,0.0,0.0
2021-07-09 00:00:00+01:00,0.7099999785423279,0.7099999785423279,0.7099999785423279,0.7099999785423279,0,0.0,0.0
2021-07-12 00:00:00+01:00,0.7099999785423279,0.7099999785423279,0.7099999785423279,0.7099999785423279,0,0.0,0.0
2021-07-13 00:00:00+01:00,0.7099999785423279,0.7099999785423279,0.7099999785423279,0.7099999785423279,0,0.0,0.0
2021-07-14 00:00:00+01:00,0.7099999785423279,0.7099999785423279,0.7099999785423279,0.7099999785423279,0,0.0,0.0
2021-07-15 00:00:00+01:00,0.7099999785423279,0.7099999785423279,0.7099999785423279,0.7099999785423279,0,0.0,0.0
2021-07-16 00:00:00+01:00,0.7099999785423279,0.7099999785423279,0.7099999785423279,0.7099999785423279,0,0.0,0.0
2021-07-19 00:00:00+01:00,0.7099999785423279,0.7099999785423279,0.7099999785423279,0.7099999785423279,0,0.0,0.0
2021-07-20 00:00:00+01:00,0.7099999785423279,0.7099999785423279,0.7099999785423279,0.7099999785423279,0,0.0,0.0
2021-07-21 00:00:00+01:00,0.7099999785423279,0.7099999785423279,0.7099999785423279,0.7099999785423279,0,0.0,0.0
2021-07-22 00:00:00+01:00,0.7099999785423279,0.7099999785423279,0.7099999785423279,0.7099999785423279,0,0.0,0.0
2021-07-23 00:00:00+01:00,0.6700000166893005,0.6700000166893005,0.6700000166893005,0.6700000166893005,0,0.0,0.0
2021-07-26 00:00:00+01:00,0.7300000190734863,0.7300000190734863,0.7300000190734863,0.7300000190734863,0,0.0,0.0
2021-07-27 00:00:00+01:00,0.7300000190734863,0.7300000190734863,0.7300000190734863,0.7300000190734863,0,0.0,0.0
2021-07-28 00:00:00+01:00,0.7300000190734863,0.7300000190734863,0.7300000190734863,0.7300000190734863,0,0.0,0.0
2021-07-29 00:00:00+01:00,0.7300000190734863,0.7300000190734863,0.7300000190734863,0.7300000190734863,0,0.0,0.0
2021-07-30 00:00:00+01:00,0.7300000190734863,0.7300000190734863,0.7300000190734863,0.7300000190734863,0,0.0,0.0
2021-08-02 00:00:00+01:00,0.7300000190734863,0.7300000190734863,0.7300000190734863,0.7300000190734863,0,0.0,0.0
2021-08-03 00:00:00+01:00,0.6700000166893005,0.800000011920929,0.6000000238418579,0.6700000166893005,9563,0.0,0.0
2021-08-04 00:00:00+01:00,0.6700000166893005,0.6700000166893005,0.6700000166893005,0.6700000166893005,0,0.0,0.0
2021-08-05 00:00:00+01:00,0.6700000166893005,0.6700000166893005,0.6700000166893005,0.6700000166893005,0,0.0,0.0
2021-08-06 00:00:00+01:00,0.6700000166893005,0.6600000262260437,0.6600000262260437,0.6700000166893005,3994,0.0,0.0
2021-08-09 00:00:00+01:00,0.6700000166893005,0.6700000166893005,0.6700000166893005,0.6700000166893005,0,0.0,0.0
2021-08-10 00:00:00+01:00,0.6700000166893005,0.6200000047683716,0.6200000047683716,0.6700000166893005,57,0.0,0.0
2021-08-11 00:00:00+01:00,0.6700000166893005,0.6700000166893005,0.6700000166893005,0.6700000166893005,0,0.0,0.0
2021-08-12 00:00:00+01:00,0.6700000166893005,0.6700000166893005,0.6700000166893005,0.6700000166893005,0,0.0,0.0
2021-08-13 00:00:00+01:00,0.6700000166893005,0.6200000047683716,0.6200000047683716,0.6700000166893005,2,0.0,0.0
2021-08-16 00:00:00+01:00,0.6700000166893005,0.6700000166893005,0.6700000166893005,0.6700000166893005,0,0.0,0.0
2021-08-17 00:00:00+01:00,0.6700000166893005,0.6399999856948853,0.6000000238418579,0.6200000047683716,5636,0.0,0.0
2021-08-18 00:00:00+01:00,0.6100000143051147,0.6100000143051147,0.6100000143051147,0.6100000143051147,0,0.0,0.0
2021-08-19 00:00:00+01:00,0.6100000143051147,0.6100000143051147,0.6100000143051147,0.6100000143051147,0,0.0,0.0
2021-08-20 00:00:00+01:00,0.6100000143051147,0.6100000143051147,0.6100000143051147,0.6100000143051147,0,0.0,0.0
2021-08-23 00:00:00+01:00,0.6100000143051147,0.6000000238418579,0.6000000238418579,0.5849999785423279,750,0.0,0.0
2021-08-24 00:00:00+01:00,0.5849999785423279,0.5849999785423279,0.5849999785423279,0.5849999785423279,0,0.0,0.0
2021-08-25 00:00:00+01:00,0.5849999785423279,0.5849999785423279,0.5849999785423279,0.5849999785423279,0,0.0,0.0
2021-08-26 00:00:00+01:00,0.5849999785423279,0.5849999785423279,0.5849999785423279,0.5849999785423279,0,0.0,0.0
2021-08-27 00:00:00+01:00,0.5849999785423279,0.5849999785423279,0.5849999785423279,0.5849999785423279,0,0.0,0.0
2021-08-31 00:00:00+01:00,0.5849999785423279,0.550000011920929,0.550000011920929,0.5849999785423279,773,0.0,0.0
2021-09-01 00:00:00+01:00,0.5849999785423279,0.5849999785423279,0.5849999785423279,0.5849999785423279,0,0.0,0.0
2021-09-02 00:00:00+01:00,0.5849999785423279,0.5849999785423279,0.5849999785423279,0.5849999785423279,0,0.0,0.0
2021-09-03 00:00:00+01:00,0.5849999785423279,0.5849999785423279,0.5849999785423279,0.5849999785423279,0,0.0,0.0
2021-09-06 00:00:00+01:00,0.5849999785423279,0.5849999785423279,0.5849999785423279,0.5849999785423279,0,0.0,0.0
2021-09-07 00:00:00+01:00,0.5849999785423279,0.5849999785423279,0.5849999785423279,0.5849999785423279,0,0.0,0.0
2021-09-08 00:00:00+01:00,0.5849999785423279,0.5849999785423279,0.5849999785423279,0.5849999785423279,0,0.0,0.0
2021-09-09 00:00:00+01:00,0.5849999785423279,0.550000011920929,0.550000011920929,0.5849999785423279,485,0.0,0.0
2021-09-10 00:00:00+01:00,0.5849999785423279,0.550000011920929,0.550000011920929,0.5849999785423279,3,0.0,0.0
2021-09-13 00:00:00+01:00,0.5849999785423279,0.5849999785423279,0.5849999785423279,0.5849999785423279,0,0.0,0.0
2021-09-14 00:00:00+01:00,0.5849999785423279,0.5849999785423279,0.5849999785423279,0.5849999785423279,0,0.0,0.0
2021-09-15 00:00:00+01:00,0.5849999785423279,0.6200000047683716,0.6200000047683716,0.5849999785423279,1097,0.0,0.0
2021-09-16 00:00:00+01:00,0.5849999785423279,0.5849999785423279,0.5849999785423279,0.5849999785423279,0,0.0,0.0
2021-09-17 00:00:00+01:00,0.5849999785423279,0.5849999785423279,0.5849999785423279,0.5849999785423279,0,0.0,0.0
2021-09-20 00:00:00+01:00,0.5849999785423279,0.5849999785423279,0.5849999785423279,0.5849999785423279,0,0.0,0.0
2021-09-21 00:00:00+01:00,0.5849999785423279,0.5849999785423279,0.5849999785423279,0.5849999785423279,0,0.0,0.0
2021-09-22 00:00:00+01:00,0.5849999785423279,0.5849999785423279,0.5849999785423279,0.5849999785423279,0,0.0,0.0
2021-09-23 00:00:00+01:00,0.5849999785423279,0.5849999785423279,0.5849999785423279,0.5849999785423279,0,0.0,0.0
2021-09-24 00:00:00+01:00,0.5849999785423279,0.5849999785423279,0.5849999785423279,0.5849999785423279,0,0.0,0.0
2021-09-27 00:00:00+01:00,0.5849999785423279,0.550000011920929,0.550000011920929,0.5550000071525574,2,0.0,0.0
2021-09-28 00:00:00+01:00,0.5550000071525574,0.5550000071525574,0.5550000071525574,0.5550000071525574,0,0.0,0.0
2021-09-29 00:00:00+01:00,0.5550000071525574,0.5550000071525574,0.5550000071525574,0.5550000071525574,0,0.0,0.0
2021-09-30 00:00:00+01:00,0.5550000071525574,0.5550000071525574,0.5550000071525574,0.5550000071525574,0,0.0,0.0
2021-10-01 00:00:00+01:00,0.5550000071525574,0.5550000071525574,0.5550000071525574,0.5550000071525574,0,0.0,0.0
2021-10-04 00:00:00+01:00,0.5550000071525574,0.550000011920929,0.550000011920929,0.49000000953674316,750,0.0,0.0
2021-10-05 00:00:00+01:00,0.49000000953674316,0.49000000953674316,0.49000000953674316,0.49000000953674316,0,0.0,0.0
2021-10-06 00:00:00+01:00,0.49000000953674316,0.49000000953674316,0.49000000953674316,0.49000000953674316,0,0.0,0.0
2021-10-07 00:00:00+01:00,0.49000000953674316,0.49000000953674316,0.49000000953674316,0.49000000953674316,0,0.0,0.0
2021-10-08 00:00:00+01:00,0.49000000953674316,0.49000000953674316,0.49000000953674316,0.49000000953674316,0,0.0,0.0
2021-10-11 00:00:00+01:00,0.49000000953674316,0.49000000953674316,0.49000000953674316,0.49000000953674316,0,0.0,0.0
2021-10-12 00:00:00+01:00,0.49000000953674316,0.49000000953674316,0.49000000953674316,0.49000000953674316,0,0.0,0.0
2021-10-13 00:00:00+01:00,0.49000000953674316,0.49000000953674316,0.49000000953674316,0.49000000953674316,0,0.0,0.0
2021-10-14 00:00:00+01:00,0.49000000953674316,0.49000000953674316,0.49000000953674316,0.49000000953674316,0,0.0,0.0
2021-10-15 00:00:00+01:00,0.49000000953674316,0.49000000953674316,0.49000000953674316,0.49000000953674316,0,0.0,0.0
2021-10-18 00:00:00+01:00,0.49000000953674316,0.49000000953674316,0.49000000953674316,0.49000000953674316,0,0.0,0.0
2021-10-19 00:00:00+01:00,0.49000000953674316,0.49000000953674316,0.49000000953674316,0.49000000953674316,0,0.0,0.0
2021-10-20 00:00:00+01:00,0.49000000953674316,0.49000000953674316,0.49000000953674316,0.49000000953674316,0,0.0,0.0
2021-10-21 00:00:00+01:00,0.49000000953674316,0.49000000953674316,0.49000000953674316,0.49000000953674316,0,0.0,0.0
2021-10-22 00:00:00+01:00,0.49000000953674316,0.49000000953674316,0.49000000953674316,0.49000000953674316,0,0.0,0.0
2021-10-25 00:00:00+01:00,0.49000000953674316,0.5600000023841858,0.5600000023841858,0.49000000953674316,198,0.0,0.0
2021-10-26 00:00:00+01:00,0.49000000953674316,0.49000000953674316,0.49000000953674316,0.49000000953674316,0,0.0,0.0
2021-10-27 00:00:00+01:00,0.49000000953674316,0.49000000953674316,0.49000000953674316,0.49000000953674316,0,0.0,0.0
2021-10-28 00:00:00+01:00,0.49000000953674316,0.41999998688697815,0.41999998688697815,0.49000000953674316,34,0.0,0.0
2021-10-29 00:00:00+01:00,0.49000000953674316,0.49000000953674316,0.49000000953674316,0.49000000953674316,0,0.0,0.0
2021-11-01 00:00:00+00:00,0.49000000953674316,0.49000000953674316,0.49000000953674316,0.49000000953674316,0,0.0,0.0
2021-11-02 00:00:00+00:00,0.49000000953674316,0.49000000953674316,0.49000000953674316,0.49000000953674316,0,0.0,0.0
2021-11-03 00:00:00+00:00,0.49000000953674316,0.49000000953674316,0.49000000953674316,0.49000000953674316,0,0.0,0.0
2021-11-04 00:00:00+00:00,0.49000000953674316,0.49000000953674316,0.49000000953674316,0.49000000953674316,0,0.0,0.0
2021-11-05 00:00:00+00:00,0.49000000953674316,0.49000000953674316,0.49000000953674316,0.49000000953674316,0,0.0,0.0
2021-11-08 00:00:00+00:00,0.49000000953674316,0.49000000953674316,0.49000000953674316,0.49000000953674316,0,0.0,0.0
2021-11-09 00:00:00+00:00,0.49000000953674316,0.47600001096725464,0.41999998688697815,0.47600001096725464,6731,0.0,0.0
2021-11-10 00:00:00+00:00,0.4300000071525574,0.4300000071525574,0.4300000071525574,0.4300000071525574,0,0.0,0.0
2021-11-11 00:00:00+00:00,0.4300000071525574,0.4300000071525574,0.4300000071525574,0.4300000071525574,0,0.0,0.0
2021-11-12 00:00:00+00:00,0.4300000071525574,0.36000001430511475,0.36000001430511475,0.4300000071525574,463,0.0,0.0
2021-11-15 00:00:00+00:00,0.4300000071525574,0.4300000071525574,0.4300000071525574,0.4300000071525574,0,0.0,0.0
2021-11-16 00:00:00+00:00,0.4300000071525574,0.4300000071525574,0.4300000071525574,0.4300000071525574,0,0.0,0.0
2021-11-17 00:00:00+00:00,0.4300000071525574,0.4300000071525574,0.4300000071525574,0.4300000071525574,0,0.0,0.0
2021-11-18 00:00:00+00:00,0.4300000071525574,0.4300000071525574,0.4300000071525574,0.4300000071525574,0,0.0,0.0
2021-11-19 00:00:00+00:00,0.4300000071525574,0.4300000071525574,0.4300000071525574,0.4300000071525574,0,0.0,0.0
2021-11-22 00:00:00+00:00,0.4300000071525574,0.4300000071525574,0.4300000071525574,0.4300000071525574,0,0.0,0.0
2021-11-23 00:00:00+00:00,0.4300000071525574,0.4300000071525574,0.4300000071525574,0.4300000071525574,0,0.0,0.0
2021-11-24 00:00:00+00:00,0.36000001430511475,0.36000001430511475,0.36000001430511475,0.36000001430511475,0,0.0,0.0
2021-11-25 00:00:00+00:00,0.36000001430511475,0.36000001430511475,0.36000001430511475,0.36000001430511475,0,0.0,0.0
2021-11-26 00:00:00+00:00,0.36000001430511475,0.36000001430511475,0.36000001430511475,0.36000001430511475,0,0.0,0.0
2021-11-29 00:00:00+00:00,0.36000001430511475,0.36000001430511475,0.36000001430511475,0.36000001430511475,0,0.0,0.0
2021-11-30 00:00:00+00:00,0.36000001430511475,0.36000001430511475,0.36000001430511475,0.36000001430511475,0,0.0,0.0
2021-12-01 00:00:00+00:00,0.36000001430511475,0.36000001430511475,0.36000001430511475,0.36000001430511475,0,0.0,0.0
2021-12-02 00:00:00+00:00,0.36000001430511475,0.36000001430511475,0.36000001430511475,0.36000001430511475,0,0.0,0.0
2021-12-03 00:00:00+00:00,0.36000001430511475,0.36000001430511475,0.36000001430511475,0.36000001430511475,0,0.0,0.0
2021-12-06 00:00:00+00:00,0.4000000059604645,0.4000000059604645,0.4000000059604645,0.4000000059604645,0,0.0,0.0
2021-12-07 00:00:00+00:00,0.4000000059604645,0.4000000059604645,0.4000000059604645,0.4000000059604645,0,0.0,0.0
2021-12-08 00:00:00+00:00,0.4000000059604645,0.4000000059604645,0.4000000059604645,0.4000000059604645,0,0.0,0.0
2021-12-09 00:00:00+00:00,0.4000000059604645,0.4000000059604645,0.4000000059604645,0.4000000059604645,0,0.0,0.0
2021-12-10 00:00:00+00:00,0.4000000059604645,0.4000000059604645,0.25,0.4000000059604645,10630,0.0,0.0
2021-12-13 00:00:00+00:00,0.4000000059604645,0.4000000059604645,0.4000000059604645,0.4000000059604645,0,0.0,0.0
2021-12-14 00:00:00+00:00,0.4000000059604645,0.4000000059604645,0.4000000059604645,0.4000000059604645,0,0.0,0.0
2021-12-15 00:00:00+00:00,0.4000000059604645,0.4000000059604645,0.4000000059604645,0.4000000059604645,0,0.0,0.0
2021-12-16 00:00:00+00:00,0.4000000059604645,0.4000000059604645,0.4000000059604645,0.4000000059604645,0,0.0,0.0
2021-12-17 00:00:00+00:00,0.4000000059604645,0.4000000059604645,0.4000000059604645,0.4000000059604645,0,0.0,0.0
2021-12-20 00:00:00+00:00,0.4000000059604645,0.4000000059604645,0.4000000059604645,0.4000000059604645,0,0.0,0.0
2021-12-21 00:00:00+00:00,0.4000000059604645,0.4000000059604645,0.4000000059604645,0.4000000059604645,0,0.0,0.0
2021-12-22 00:00:00+00:00,0.4000000059604645,0.4000000059604645,0.4000000059604645,0.4000000059604645,0,0.0,0.0
2021-12-23 00:00:00+00:00,0.4000000059604645,0.5600000023841858,0.5600000023841858,0.46000000834465027,1397,0.0,0.0
2021-12-24 00:00:00+00:00,0.32499998807907104,0.32499998807907104,0.32499998807907104,0.32499998807907104,0,0.0,0.0
2021-12-29 00:00:00+00:00,0.32499998807907104,0.32499998807907104,0.32499998807907104,0.32499998807907104,0,0.0,0.0
2021-12-30 00:00:00+00:00,0.32499998807907104,0.25,0.25,0.25,1000,0.0,0.0
2021-12-31 00:00:00+00:00,0.25,0.25,0.25,0.25,0,0.0,0.0
2022-01-04 00:00:00+00:00,0.25,0.29089999198913574,0.29089999198913574,0.25,397,0.0,0.0
2022-01-05 00:00:00+00:00,0.25,0.25,0.25,0.25,0,0.0,0.0
2022-01-06 00:00:00+00:00,0.25,0.25,0.25,0.25,0,0.0,0.0
2022-01-07 00:00:00+00:00,0.25,0.17000000178813934,0.17000000178813934,0.25,6237,0.0,0.0
2022-01-10 00:00:00+00:00,0.25,0.25,0.25,0.25,0,0.0,0.0
2022-01-11 00:00:00+00:00,0.25,0.25,0.25,0.25,2172,0.0,0.0
2022-01-12 00:00:00+00:00,0.25,0.25,0.25,0.25,0,0.0,0.0
2022-01-13 00:00:00+00:00,0.25,0.25,0.25,0.25,0,0.0,0.0
2022-01-14 00:00:00+00:00,0.25,0.25,0.25,0.25,0,0.0,0.0
2022-01-17 00:00:00+00:00,0.25,0.2750000059604645,0.2750000059604645,0.25,310,0.0,0.0
2022-01-18 00:00:00+00:00,0.25,0.25,0.25,0.25,0,0.0,0.0
2022-01-19 00:00:00+00:00,0.25,0.25,0.25,0.25,0,0.0,0.0
2022-01-20 00:00:00+00:00,0.25,0.25,0.25,0.25,0,0.0,0.0
2022-01-21 00:00:00+00:00,0.25,0.20000000298023224,0.20000000298023224,0.25,1000,0.0,0.0
2022-01-24 00:00:00+00:00,0.25,0.25,0.25,0.25,0,0.0,0.0
2022-01-25 00:00:00+00:00,0.25,0.24199999868869781,0.24199999868869781,0.25,500,0.0,0.0
2022-01-26 00:00:00+00:00,0.25,0.25,0.25,0.25,0,0.0,0.0
2022-01-27 00:00:00+00:00,0.25,0.25,0.25,0.25,0,0.0,0.0
2022-01-28 00:00:00+00:00,0.25,0.17000000178813934,0.17000000178813934,0.2199999988079071,5000,0.0,0.0
2022-01-31 00:00:00+00:00,0.2199999988079071,0.2199999988079071,0.2199999988079071,0.2199999988079071,93,0.0,0.0
2022-02-01 00:00:00+00:00,0.2199999988079071,0.2199999988079071,0.2199999988079071,0.2199999988079071,0,0.0,0.0
2022-02-02 00:00:00+00:00,0.2199999988079071,0.2199999988079071,0.2199999988079071,0.2199999988079071,0,0.0,0.0
2022-02-03 00:00:00+00:00,0.2199999988079071,0.2199999988079071,0.2199999988079071,0.2199999988079071,0,0.0,0.0
2022-02-04 00:00:00+00:00,0.2199999988079071,0.2199999988079071,0.2199999988079071,0.2199999988079071,0,0.0,0.0
2022-02-07 00:00:00+00:00,0.2199999988079071,0.2199999988079071,0.2199999988079071,0.2199999988079071,0,0.0,0.0
2022-02-08 00:00:00+00:00,0.2199999988079071,0.2199999988079071,0.2199999988079071,0.2199999988079071,0,0.0,0.0
2022-02-09 00:00:00+00:00,0.2199999988079071,0.2199999988079071,0.2199999988079071,0.2199999988079071,0,0.0,0.0
2022-02-10 00:00:00+00:00,0.2199999988079071,0.2199999988079071,0.2199999988079071,0.2199999988079071,0,0.0,0.0
2022-02-11 00:00:00+00:00,0.2199999988079071,0.14000000059604645,0.14000000059604645,0.2199999988079071,1290,0.0,0.0
2022-02-14 00:00:00+00:00,0.2199999988079071,0.2199999988079071,0.2199999988079071,0.2199999988079071,0,0.0,0.0
2022-02-15 00:00:00+00:00,0.2199999988079071,0.2199999988079071,0.2199999988079071,0.2199999988079071,0,0.0,0.0
2022-02-16 00:00:00+00:00,0.2199999988079071,0.2199999988079071,0.2199999988079071,0.2199999988079071,0,0.0,0.0
2022-02-17 00:00:00+00:00,0.2199999988079071,0.2199999988079071,0.2199999988079071,0.2199999988079071,0,0.0,0.0
2022-02-18 00:00:00+00:00,0.2199999988079071,0.2199999988079071,0.2199999988079071,0.2199999988079071,0,0.0,0.0
2022-02-21 00:00:00+00:00,0.2199999988079071,0.2199999988079071,0.2199999988079071,0.2199999988079071,0,0.0,0.0
2022-02-22 00:00:00+00:00,0.2199999988079071,0.2199999988079071,0.2199999988079071,0.2199999988079071,0,0.0,0.0
2022-02-23 00:00:00+00:00,0.23999999463558197,0.23999999463558197,0.23999999463558197,0.23999999463558197,0,0.0,0.0
2022-02-24 00:00:00+00:00,0.23999999463558197,0.23999999463558197,0.23999999463558197,0.23999999463558197,0,0.0,0.0
2022-02-25 00:00:00+00:00,0.23999999463558197,0.23999999463558197,0.23999999463558197,0.23999999463558197,0,0.0,0.0
2022-02-28 00:00:00+00:00,0.23999999463558197,0.23999999463558197,0.23999999463558197,0.23999999463558197,0,0.0,0.0
2022-03-01 00:00:00+00:00,0.23999999463558197,0.23999999463558197,0.23999999463558197,0.23999999463558197,0,0.0,0.0
2022-03-02 00:00:00+00:00,0.23999999463558197,0.23999999463558197,0.23999999463558197,0.23999999463558197,0,0.0,0.0
2022-03-03 00:00:00+00:00,0.23999999463558197,0.27000001072883606,0.25,0.23999999463558197,2000,0.0,0.0
2022-03-04 00:00:00+00:00,0.23999999463558197,0.23999999463558197,0.23999999463558197,0.23999999463558197,0,0.0,0.0
2022-03-07 00:00:00+00:00,0.23999999463558197,0.23999999463558197,0.23999999463558197,0.23999999463558197,0,0.0,0.0
2022-03-08 00:00:00+00:00,0.23999999463558197,0.23999999463558197,0.23999999463558197,0.23999999463558197,0,0.0,0.0
2022-03-09 00:00:00+00:00,0.23999999463558197,0.23999999463558197,0.23999999463558197,0.23999999463558197,0,0.0,0.0
2022-03-10 00:00:00+00:00,0.23999999463558197,0.23999999463558197,0.23999999463558197,0.23999999463558197,0,0.0,0.0
2022-03-11 00:00:00+00:00,0.23999999463558197,0.23999999463558197,0.23999999463558197,0.23999999463558197,0,0.0,0.0
2022-03-14 00:00:00+00:00,0.23999999463558197,0.23999999463558197,0.23999999463558197,0.23999999463558197,0,0.0,0.0
2022-03-15 00:00:00+00:00,0.23999999463558197,0.23999999463558197,0.23999999463558197,0.23999999463558197,0,0.0,0.0
2022-03-16 00:00:00+00:00,0.23999999463558197,0.23999999463558197,0.23999999463558197,0.23999999463558197,0,0.0,0.0
2022-03-17 00:00:00+00:00,0.23999999463558197,0.23999999463558197,0.23999999463558197,0.23999999463558197,0,0.0,0.0
2022-03-18 00:00:00+00:00,0.23999999463558197,0.23999999463558197,0.23999999463558197,0.23999999463558197,0,0.0,0.0
2022-03-21 00:00:00+00:00,0.23999999463558197,0.23999999463558197,0.23999999463558197,0.23999999463558197,0,0.0,0.0
2022-03-22 00:00:00+00:00,0.23999999463558197,0.23999999463558197,0.23999999463558197,0.23999999463558197,0,0.0,0.0
2022-03-23 00:00:00+00:00,0.23999999463558197,0.23999999463558197,0.23999999463558197,0.23999999463558197,0,0.0,0.0
2022-03-24 00:00:00+00:00,0.23999999463558197,0.23999999463558197,0.23999999463558197,0.23999999463558197,0,0.0,0.0
2022-03-25 00:00:00+00:00,0.23999999463558197,0.23999999463558197,0.23999999463558197,0.23999999463558197,0,0.0,0.0
2022-03-28 00:00:00+01:00,0.23999999463558197,0.23999999463558197,0.23999999463558197,0.23999999463558197,0,0.0,0.0
2022-03-29 00:00:00+01:00,0.23999999463558197,0.23999999463558197,0.23999999463558197,0.23999999463558197,0,0.0,0.0
2022-03-30 00:00:00+01:00,0.23999999463558197,0.23999999463558197,0.23999999463558197,0.23999999463558197,0,0.0,0.0
2022-03-31 00:00:00+01:00,0.23999999463558197,0.23999999463558197,0.23999999463558197,0.23999999463558197,0,0.0,0.0
2022-04-01 00:00:00+01:00,0.23999999463558197,0.19200000166893005,0.18000000715255737,0.23999999463558197,6000,0.0,0.0
2022-04-04 00:00:00+01:00,0.23999999463558197,0.23999999463558197,0.23999999463558197,0.23999999463558197,0,0.0,0.0
2022-04-05 00:00:00+01:00,0.23999999463558197,0.18000000715255737,0.18000000715255737,0.23999999463558197,493,0.0,0.0
2022-04-06 00:00:00+01:00,0.23999999463558197,0.23999999463558197,0.23999999463558197,0.23999999463558197,0,0.0,0.0
2022-04-07 00:00:00+01:00,0.23999999463558197,0.23999999463558197,0.23999999463558197,0.23999999463558197,0,0.0,0.0
2022-04-08 00:00:00+01:00,0.23999999463558197,0.23999999463558197,0.23999999463558197,0.23999999463558197,0,0.0,0.0
2022-04-11 00:00:00+01:00,0.23999999463558197,0.23999999463558197,0.23999999463558197,0.23999999463558197,0,0.0,0.0
2022-04-12 00:00:00+01:00,0.23999999463558197,0.23999999463558197,0.23999999463558197,0.23999999463558197,0,0.0,0.0
2022-04-13 00:00:00+01:00,0.23999999463558197,0.23999999463558197,0.23999999463558197,0.23999999463558197,0,0.0,0.0
2022-04-14 00:00:00+01:00,0.23999999463558197,0.23999999463558197,0.23999999463558197,0.23999999463558197,0,0.0,0.0
2022-04-19 00:00:00+01:00,0.23999999463558197,0.23999999463558197,0.23999999463558197,0.23999999463558197,0,0.0,0.0
2022-04-20 00:00:00+01:00,0.23999999463558197,0.23999999463558197,0.23999999463558197,0.23999999463558197,0,0.0,0.0
2022-04-21 00:00:00+01:00,0.23999999463558197,0.23999999463558197,0.23999999463558197,0.23999999463558197,0,0.0,0.0
2022-04-22 00:00:00+01:00,0.23999999463558197,0.23999999463558197,0.23999999463558197,0.23999999463558197,0,0.0,0.0
2022-04-25 00:00:00+01:00,0.23999999463558197,0.23999999463558197,0.23999999463558197,0.23999999463558197,0,0.0,0.0
2022-04-26 00:00:00+01:00,0.23999999463558197,0.23999999463558197,0.23999999463558197,0.23999999463558197,0,0.0,0.0
2022-04-27 00:00:00+01:00,0.23999999463558197,0.23999999463558197,0.23999999463558197,0.23999999463558197,0,0.0,0.0
2022-04-28 00:00:00+01:00,0.23999999463558197,0.23999999463558197,0.23999999463558197,0.23999999463558197,0,0.0,0.0
2022-04-29 00:00:00+01:00,0.23999999463558197,0.23999999463558197,0.23999999463558197,0.23999999463558197,0,0.0,0.0
2022-05-03 00:00:00+01:00,0.23999999463558197,0.23999999463558197,0.23999999463558197,0.23999999463558197,0,0.0,0.0
2022-05-04 00:00:00+01:00,0.23999999463558197,0.23999999463558197,0.23999999463558197,0.23999999463558197,0,0.0,0.0
2022-05-05 00:00:00+01:00,0.23999999463558197,0.23999999463558197,0.23999999463558197,0.23999999463558197,0,0.0,0.0
2022-05-06 00:00:00+01:00,0.23999999463558197,0.23999999463558197,0.23999999463558197,0.23999999463558197,0,0.0,0.0
2022-05-09 00:00:00+01:00,0.23999999463558197,0.23999999463558197,0.23999999463558197,0.23999999463558197,0,0.0,0.0
2022-05-10 00:00:00+01:00,0.23999999463558197,0.23999999463558197,0.23999999463558197,0.23999999463558197,0,0.0,0.0
2022-05-11 00:00:00+01:00,0.23999999463558197,0.18000000715255737,0.18000000715255737,0.23999999463558197,2,0.0,0.0
2022-05-12 00:00:00+01:00,0.23999999463558197,0.23999999463558197,0.23999999463558197,0.23999999463558197,0,0.0,0.0
2022-05-13 00:00:00+01:00,0.23999999463558197,0.23999999463558197,0.23999999463558197,0.23999999463558197,0,0.0,0.0
2022-05-16 00:00:00+01:00,0.23999999463558197,0.23999999463558197,0.23999999463558197,0.23999999463558197,0,0.0,0.0
2022-05-17 00:00:00+01:00,0.23999999463558197,0.23999999463558197,0.23999999463558197,0.23999999463558197,0,0.0,0.0
2022-05-18 00:00:00+01:00,0.23999999463558197,0.18000000715255737,0.18000000715255737,0.23999999463558197,5001,0.0,0.0
2022-05-19 00:00:00+01:00,0.23999999463558197,0.23999999463558197,0.23999999463558197,0.23999999463558197,0,0.0,0.0
2022-05-20 00:00:00+01:00,0.23999999463558197,0.23999999463558197,0.23999999463558197,0.23999999463558197,0,0.0,0.0
2022-05-23 00:00:00+01:00,0.23999999463558197,0.23999999463558197,0.23999999463558197,0.23999999463558197,0,0.0,0.0
2022-05-24 00:00:00+01:00,0.23999999463558197,0.23999999463558197,0.23999999463558197,0.23999999463558197,0,0.0,0.0
2022-05-25 00:00:00+01:00,0.23999999463558197,0.23999999463558197,0.23999999463558197,0.23999999463558197,0,0.0,0.0
2022-05-26 00:00:00+01:00,0.23999999463558197,0.23999999463558197,0.23999999463558197,0.23999999463558197,0,0.0,0.0
2022-05-27 00:00:00+01:00,0.23999999463558197,0.23999999463558197,0.23999999463558197,0.23999999463558197,0,0.0,0.0
2022-05-30 00:00:00+01:00,0.23999999463558197,0.18000000715255737,0.18000000715255737,0.23999999463558197,2500,0.0,0.0
2022-05-31 00:00:00+01:00,0.23999999463558197,0.23999999463558197,0.23999999463558197,0.23999999463558197,0,0.0,0.0
2022-06-01 00:00:00+01:00,0.23999999463558197,0.23999999463558197,0.23999999463558197,0.23999999463558197,0,0.0,0.0
2022-06-06 00:00:00+01:00,0.23999999463558197,0.18000000715255737,0.18000000715255737,0.22499999403953552,7500,0.0,0.0
2022-06-07 00:00:00+01:00,0.22499999403953552,0.22499999403953552,0.22499999403953552,0.22499999403953552,0,0.0,0.0
2022-06-08 00:00:00+01:00,0.22499999403953552,0.22499999403953552,0.22499999403953552,0.22499999403953552,0,0.0,0.0
2022-06-09 00:00:00+01:00,0.22499999403953552,0.22499999403953552,0.22499999403953552,0.22499999403953552,0,0.0,0.0
2022-06-10 00:00:00+01:00,0.22499999403953552,0.22499999403953552,0.22499999403953552,0.22499999403953552,0,0.0,0.0
2022-06-13 00:00:00+01:00,0.22499999403953552,0.22499999403953552,0.22499999403953552,0.22499999403953552,0,0.0,0.0
2022-06-14 00:00:00+01:00,0.22499999403953552,0.22499999403953552,0.22499999403953552,0.22499999403953552,0,0.0,0.0
2022-06-15 00:00:00+01:00,0.22499999403953552,0.22499999403953552,0.22499999403953552,0.22499999403953552,0,0.0,0.0
2022-06-16 00:00:00+01:00,0.22499999403953552,0.22499999403953552,0.22499999403953552,0.22499999403953552,0,0.0,0.0
2022-06-17 00:00:00+01:00,0.22499999403953552,0.22499999403953552,0.22499999403953552,0.22499999403953552,0,0.0,0.0
2022-06-20 00:00:00+01:00,0.22499999403953552,0.15000000596046448,0.15000000596046448,0.22499999403953552,2500,0.0,0.0
2022-06-21 00:00:00+01:00,0.22499999403953552,0.22499999403953552,0.22499999403953552,0.22499999403953552,0,0.0,0.0
2022-06-22 00:00:00+01:00,0.22499999403953552,0.22499999403953552,0.22499999403953552,0.22499999403953552,0,0.0,0.0
2022-06-23 00:00:00+01:00,0.22499999403953552,0.22499999403953552,0.22499999403953552,0.22499999403953552,0,0.0,0.0
2022-06-24 00:00:00+01:00,0.22499999403953552,0.22499999403953552,0.22499999403953552,0.22499999403953552,0,0.0,0.0
2022-06-27 00:00:00+01:00,0.22499999403953552,0.15000000596046448,0.15000000596046448,0.22499999403953552,1,0.0,0.0
2022-06-28 00:00:00+01:00,0.22499999403953552,0.22499999403953552,0.22499999403953552,0.22499999403953552,0,0.0,0.0
2022-06-29 00:00:00+01:00,0.22499999403953552,0.22499999403953552,0.22499999403953552,0.22499999403953552,0,0.0,0.0
2022-06-30 00:00:00+01:00,0.22499999403953552,0.22499999403953552,0.22499999403953552,0.22499999403953552,0,0.0,0.0
2022-07-01 00:00:00+01:00,0.22499999403953552,0.22499999403953552,0.22499999403953552,0.22499999403953552,0,0.0,0.0
2022-07-04 00:00:00+01:00,0.22499999403953552,0.22499999403953552,0.22499999403953552,0.22499999403953552,0,0.0,0.0
2022-07-05 00:00:00+01:00,0.22499999403953552,0.22499999403953552,0.22499999403953552,0.22499999403953552,0,0.0,0.0
2022-07-06 00:00:00+01:00,0.22499999403953552,0.22499999403953552,0.22499999403953552,0.22499999403953552,0,0.0,0.0
2022-07-07 00:00:00+01:00,0.22499999403953552,0.22499999403953552,0.22499999403953552,0.22499999403953552,0,0.0,0.0
2022-07-08 00:00:00+01:00,0.22499999403953552,0.22499999403953552,0.22499999403953552,0.22499999403953552,0,0.0,0.0
2022-07-11 00:00:00+01:00,0.22499999403953552,0.22499999403953552,0.22499999403953552,0.22499999403953552,0,0.0,0.0
2022-07-12 00:00:00+01:00,0.22499999403953552,0.22499999403953552,0.22499999403953552,0.22499999403953552,0,0.0,0.0
2022-07-13 00:00:00+01:00,0.22499999403953552,0.22499999403953552,0.22499999403953552,0.22499999403953552,0,0.0,0.0
2022-07-14 00:00:00+01:00,0.22499999403953552,0.22499999403953552,0.22499999403953552,0.22499999403953552,0,0.0,0.0
2022-07-15 00:00:00+01:00,0.22499999403953552,0.22499999403953552,0.22499999403953552,0.22499999403953552,0,0.0,0.0
2022-07-18 00:00:00+01:00,0.22499999403953552,0.15000000596046448,0.15000000596046448,0.22499999403953552,2500,0.0,0.0
2022-07-19 00:00:00+01:00,0.22499999403953552,0.22499999403953552,0.22499999403953552,0.22499999403953552,0,0.0,0.0
2022-07-20 00:00:00+01:00,0.22499999403953552,0.22499999403953552,0.22499999403953552,0.22499999403953552,0,0.0,0.0
2022-07-21 00:00:00+01:00,0.22499999403953552,0.2734299898147583,0.2734299898147583,0.22499999403953552,1724,0.0,0.0
2022-07-22 00:00:00+01:00,0.22499999403953552,0.22499999403953552,0.22499999403953552,0.22499999403953552,0,0.0,0.0
2022-07-25 00:00:00+01:00,0.22499999403953552,0.22499999403953552,0.22499999403953552,0.22499999403953552,0,0.0,0.0
2022-07-26 00:00:00+01:00,0.22499999403953552,0.22499999403953552,0.22499999403953552,0.22499999403953552,0,0.0,0.0
2022-07-27 00:00:00+01:00,0.22499999403953552,0.22499999403953552,0.22499999403953552,0.22499999403953552,0,0.0,0.0
2022-07-28 00:00:00+01:00,0.22499999403953552,0.22499999403953552,0.22499999403953552,0.22499999403953552,0,0.0,0.0
2022-07-29 00:00:00+01:00,0.22499999403953552,0.22499999403953552,0.22499999403953552,0.22499999403953552,0,0.0,0.0
2022-08-01 00:00:00+01:00,0.22499999403953552,0.22499999403953552,0.22499999403953552,0.22499999403953552,0,0.0,0.0
2022-08-02 00:00:00+01:00,0.22499999403953552,0.22499999403953552,0.22499999403953552,0.22499999403953552,0,0.0,0.0
2022-08-03 00:00:00+01:00,0.22499999403953552,0.22499999403953552,0.22499999403953552,0.22499999403953552,0,0.0,0.0
2022-08-04 00:00:00+01:00,0.22499999403953552,0.22499999403953552,0.22499999403953552,0.22499999403953552,0,0.0,0.0
2022-08-05 00:00:00+01:00,0.22499999403953552,0.15000000596046448,0.15000000596046448,0.22499999403953552,3070,0.0,0.0
2022-08-08 00:00:00+01:00,0.22499999403953552,0.22499999403953552,0.22499999403953552,0.22499999403953552,0,0.0,0.0
2022-08-09 00:00:00+01:00,0.22499999403953552,0.22499999403953552,0.22499999403953552,0.22499999403953552,0,0.0,0.0
2022-08-10 00:00:00+01:00,0.22499999403953552,0.22499999403953552,0.22499999403953552,0.22499999403953552,0,0.0,0.0
2022-08-11 00:00:00+01:00,0.22499999403953552,0.22499999403953552,0.22499999403953552,0.22499999403953552,0,0.0,0.0
2022-08-12 00:00:00+01:00,0.22499999403953552,0.22499999403953552,0.22499999403953552,0.22499999403953552,0,0.0,0.0
2022-08-15 00:00:00+01:00,0.22499999403953552,0.22499999403953552,0.22499999403953552,0.22499999403953552,0,0.0,0.0
2022-08-16 00:00:00+01:00,0.22499999403953552,0.22499999403953552,0.22499999403953552,0.22499999403953552,0,0.0,0.0
2022-08-17 00:00:00+01:00,0.22499999403953552,0.22499999403953552,0.22499999403953552,0.22499999403953552,0,0.0,0.0
2022-08-18 00:00:00+01:00,0.22499999403953552,0.22499999403953552,0.22499999403953552,0.22499999403953552,0,0.0,0.0
2022-08-19 00:00:00+01:00,0.22499999403953552,0.22499999403953552,0.22499999403953552,0.22499999403953552,0,0.0,0.0
2022-08-22 00:00:00+01:00,0.22499999403953552,0.22499999403953552,0.22499999403953552,0.22499999403953552,0,0.0,0.0
2022-08-23 00:00:00+01:00,0.22499999403953552,0.22499999403953552,0.22499999403953552,0.22499999403953552,0,0.0,0.0
2022-08-24 00:00:00+01:00,0.22499999403953552,0.22499999403953552,0.22499999403953552,0.22499999403953552,0,0.0,0.0
2022-08-25 00:00:00+01:00,0.22499999403953552,0.22499999403953552,0.22499999403953552,0.22499999403953552,0,0.0,0.0
2022-08-26 00:00:00+01:00,0.22499999403953552,0.22499999403953552,0.22499999403953552,0.22499999403953552,0,0.0,0.0
2022-08-30 00:00:00+01:00,0.22499999403953552,0.23000000417232513,0.23000000417232513,0.22499999403953552,826,0.0,0.0
2022-08-31 00:00:00+01:00,0.22499999403953552,0.22499999403953552,0.22499999403953552,0.22499999403953552,0,0.0,0.0
2022-09-01 00:00:00+01:00,0.22499999403953552,0.22499999403953552,0.22499999403953552,0.22499999403953552,0,0.0,0.0
2022-09-02 00:00:00+01:00,0.22499999403953552,0.22499999403953552,0.22499999403953552,0.22499999403953552,0,0.0,0.0
2022-09-05 00:00:00+01:00,0.22499999403953552,0.22499999403953552,0.22499999403953552,0.22499999403953552,0,0.0,0.0
2022-09-06 00:00:00+01:00,0.22499999403953552,0.22499999403953552,0.22499999403953552,0.22499999403953552,0,0.0,0.0
2022-09-07 00:00:00+01:00,0.22499999403953552,0.22499999403953552,0.22499999403953552,0.22499999403953552,0,0.0,0.0
2022-09-08 00:00:00+01:00,0.22499999403953552,0.22499999403953552,0.22499999403953552,0.22499999403953552,0,0.0,0.0
2022-09-09 00:00:00+01:00,0.22499999403953552,0.22499999403953552,0.22499999403953552,0.22499999403953552,0,0.0,0.0
2022-09-12 00:00:00+01:00,0.22499999403953552,0.22499999403953552,0.22499999403953552,0.22499999403953552,0,0.0,0.0
2022-09-13 00:00:00+01:00,0.22499999403953552,0.22499999403953552,0.22499999403953552,0.22499999403953552,0,0.0,0.0
2022-09-14 00:00:00+01:00,0.22499999403953552,0.22499999403953552,0.22499999403953552,0.22499999403953552,0,0.0,0.0
2022-09-15 00:00:00+01:00,0.22499999403953552,0.22499999403953552,0.22499999403953552,0.22499999403953552,0,0.0,0.0
2022-09-16 00:00:00+01:00,0.22499999403953552,0.22499999403953552,0.22499999403953552,0.22499999403953552,0,0.0,0.0
2022-09-20 00:00:00+01:00,0.22499999403953552,0.22499999403953552,0.22499999403953552,0.22499999403953552,0,0.0,0.0
2022-09-21 00:00:00+01:00,0.22499999403953552,0.22499999403953552,0.22499999403953552,0.22499999403953552,0,0.0,0.0
2022-09-22 00:00:00+01:00,0.22499999403953552,0.22499999403953552,0.22499999403953552,0.22499999403953552,0,0.0,0.0
2022-09-23 00:00:00+01:00,0.22499999403953552,0.22499999403953552,0.22499999403953552,0.22499999403953552,0,0.0,0.0
2022-09-26 00:00:00+01:00,0.22499999403953552,0.22499999403953552,0.22499999403953552,0.22499999403953552,0,0.0,0.0
2022-09-27 00:00:00+01:00,0.22499999403953552,0.22499999403953552,0.22499999403953552,0.22499999403953552,0,0.0,0.0
2022-09-28 00:00:00+01:00,0.22499999403953552,0.22499999403953552,0.22499999403953552,0.22499999403953552,0,0.0,0.0
2022-09-29 00:00:00+01:00,0.22499999403953552,0.22499999403953552,0.22499999403953552,0.22499999403953552,0,0.0,0.0
2022-09-30 00:00:00+01:00,0.22499999403953552,0.22499999403953552,0.22499999403953552,0.22499999403953552,0,0.0,0.0
2022-10-03 00:00:00+01:00,0.22499999403953552,0.22499999403953552,0.22499999403953552,0.22499999403953552,0,0.0,0.0
2022-10-04 00:00:00+01:00,0.22499999403953552,0.18000000715255737,0.15000000596046448,0.1599999964237213,10750,0.0,0.0
2022-10-05 00:00:00+01:00,0.1599999964237213,0.1599999964237213,0.1599999964237213,0.1599999964237213,0,0.0,0.0
2022-10-06 00:00:00+01:00,0.1599999964237213,0.1599999964237213,0.1599999964237213,0.1599999964237213,0,0.0,0.0
2022-10-07 00:00:00+01:00,0.1599999964237213,0.1599999964237213,0.1599999964237213,0.1599999964237213,0,0.0,0.0
2022-10-10 00:00:00+01:00,0.1599999964237213,0.11999999731779099,0.11999999731779099,0.1599999964237213,2500,0.0,0.0
2022-10-11 00:00:00+01:00,0.1599999964237213,0.1599999964237213,0.1599999964237213,0.1599999964237213,0,0.0,0.0
2022-10-12 00:00:00+01:00,0.1599999964237213,0.1599999964237213,0.1599999964237213,0.1599999964237213,0,0.0,0.0
2022-10-13 00:00:00+01:00,0.1599999964237213,0.1599999964237213,0.1599999964237213,0.1599999964237213,0,0.0,0.0
2022-10-14 00:00:00+01:00,0.1599999964237213,0.1599999964237213,0.1599999964237213,0.1599999964237213,0,0.0,0.0
2022-10-17 00:00:00+01:00,0.1599999964237213,0.1599999964237213,0.1599999964237213,0.1599999964237213,0,0.0,0.0
2022-10-18 00:00:00+01:00,0.1599999964237213,0.11999999731779099,0.11999999731779099,0.10999999940395355,8953,0.0,0.0
2022-10-19 00:00:00+01:00,0.10999999940395355,0.10999999940395355,0.10999999940395355,0.10999999940395355,0,0.0,0.0
2022-10-20 00:00:00+01:00,0.10999999940395355,0.10999999940395355,0.10999999940395355,0.10999999940395355,0,0.0,0.0
2022-10-21 00:00:00+01:00,0.10999999940395355,0.10999999940395355,0.10999999940395355,0.10999999940395355,0,0.0,0.0
2022-10-24 00:00:00+01:00,0.10999999940395355,0.10999999940395355,0.10999999940395355,0.10999999940395355,0,0.0,0.0
2022-10-25 00:00:00+01:00,0.10999999940395355,0.10999999940395355,0.10999999940395355,0.10999999940395355,0,0.0,0.0
2022-10-26 00:00:00+01:00,0.10999999940395355,0.11999999731779099,0.11999999731779099,0.10999999940395355,4757,0.0,0.0
2022-10-27 00:00:00+01:00,0.10999999940395355,0.11999999731779099,0.11999999731779099,0.10999999940395355,4750,0.0,0.0
2022-10-28 00:00:00+01:00,0.10999999940395355,0.10999999940395355,0.10999999940395355,0.10999999940395355,0,0.0,0.0
2022-10-31 00:00:00+00:00,0.10999999940395355,0.10000000149011612,0.0666700005531311,0.07500000298023224,81088,0.0,0.0
2022-11-01 00:00:00+00:00,0.07500000298023224,0.09000000357627869,0.09000000357627869,0.07500000298023224,6260,0.0,0.0
2022-11-02 00:00:00+00:00,0.07500000298023224,0.07500000298023224,0.07500000298023224,0.07500000298023224,0,0.0,0.0
2022-11-03 00:00:00+00:00,0.07500000298023224,0.07500000298023224,0.07500000298023224,0.07500000298023224,0,0.0,0.0
2022-11-04 00:00:00+00:00,0.07500000298023224,0.07500000298023224,0.07500000298023224,0.07500000298023224,0,0.0,0.0
2022-11-07 00:00:00+00:00,0.07500000298023224,0.07500000298023224,0.07500000298023224,0.07500000298023224,0,0.0,0.0
2022-11-08 00:00:00+00:00,0.07500000298023224,0.07500000298023224,0.07500000298023224,0.07500000298023224,0,0.0,0.0
2022-11-09 00:00:00+00:00,0.07500000298023224,0.05999999865889549,0.05999999865889549,0.07500000298023224,500,0.0,0.0
2022-11-10 00:00:00+00:00,0.07500000298023224,0.07500000298023224,0.07500000298023224,0.07500000298023224,0,0.0,0.0
2022-11-11 00:00:00+00:00,0.07500000298023224,0.07500000298023224,0.07500000298023224,0.07500000298023224,0,0.0,0.0
2022-11-14 00:00:00+00:00,0.07500000298023224,0.07500000298023224,0.07500000298023224,0.07500000298023224,0,0.0,0.0
2022-11-15 00:00:00+00:00,0.07500000298023224,0.10400000214576721,0.10400000214576721,0.09000000357627869,3000,0.0,0.0
2022-11-16 00:00:00+00:00,0.09000000357627869,0.09000000357627869,0.09000000357627869,0.09000000357627869,0,0.0,0.0
2022-11-17 00:00:00+00:00,0.09000000357627869,0.09000000357627869,0.09000000357627869,0.09000000357627869,0,0.0,0.0
2022-11-18 00:00:00+00:00,0.09000000357627869,0.09000000357627869,0.09000000357627869,0.09000000357627869,0,0.0,0.0
2022-11-21 00:00:00+00:00,0.09000000357627869,0.09000000357627869,0.09000000357627869,0.09000000357627869,0,0.0,0.0
2022-11-22 00:00:00+00:00,0.09000000357627869,0.09000000357627869,0.09000000357627869,0.09000000357627869,0,0.0,0.0
2022-11-23 00:00:00+00:00,0.09000000357627869,0.09000000357627869,0.09000000357627869,0.09000000357627869,0,0.0,0.0
2022-11-24 00:00:00+00:00,0.09000000357627869,0.09000000357627869,0.09000000357627869,0.09000000357627869,0,0.0,0.0
2022-11-25 00:00:00+00:00,0.09000000357627869,0.09000000357627869,0.09000000357627869,0.09000000357627869,0,0.0,0.0
2022-11-28 00:00:00+00:00,0.09000000357627869,0.09000000357627869,0.09000000357627869,0.09000000357627869,0,0.0,0.0
2022-11-29 00:00:00+00:00,0.09000000357627869,0.10400000214576721,0.07000000029802322,0.09000000357627869,35002,0.0,0.0
2022-11-30 00:00:00+00:00,0.09000000357627869,0.09000000357627869,0.09000000357627869,0.09000000357627869,0,0.0,0.0
2022-12-01 00:00:00+00:00,0.09000000357627869,0.09000000357627869,0.09000000357627869,0.09000000357627869,0,0.0,0.0
2022-12-02 00:00:00+00:00,0.09000000357627869,0.07000000029802322,0.07000000029802322,0.09000000357627869,25000,0.0,0.0
2022-12-05 00:00:00+00:00,0.09000000357627869,0.09000000357627869,0.09000000357627869,0.09000000357627869,0,0.0,0.0
2022-12-06 00:00:00+00:00,0.09000000357627869,0.07000000029802322,0.07000000029802322,0.09000000357627869,4,0.0,0.0
2022-12-07 00:00:00+00:00,0.09000000357627869,0.09000000357627869,0.09000000357627869,0.09000000357627869,0,0.0,0.0
2022-12-08 00:00:00+00:00,0.09000000357627869,0.09000000357627869,0.09000000357627869,0.09000000357627869,0,0.0,0.0
2022-12-09 00:00:00+00:00,0.09000000357627869,0.09000000357627869,0.09000000357627869,0.09000000357627869,0,0.0,0.0
2022-12-12 00:00:00+00:00,0.09000000357627869,0.09000000357627869,0.09000000357627869,0.09000000357627869,0,0.0,0.0
2022-12-13 00:00:00+00:00,0.08500000089406967,0.08500000089406967,0.08500000089406967,0.08500000089406967,0,0.0,0.0
2022-12-14 00:00:00+00:00,0.08500000089406967,0.08500000089406967,0.08500000089406967,0.08500000089406967,0,0.0,0.0
2022-12-15 00:00:00+00:00,0.08500000089406967,0.07000000029802322,0.07000000029802322,0.08500000089406967,11,0.0,0.0
2022-12-16 00:00:00+00:00,0.08500000089406967,0.08500000089406967,0.08500000089406967,0.08500000089406967,0,0.0,0.0
2022-12-19 00:00:00+00:00,0.08500000089406967,0.08500000089406967,0.08500000089406967,0.08500000089406967,0,0.0,0.0
2022-12-20 00:00:00+00:00,0.08500000089406967,0.08500000089406967,0.08500000089406967,0.08500000089406967,0,0.0,0.0
2022-12-21 00:00:00+00:00,0.08500000089406967,0.07000000029802322,0.07000000029802322,0.08500000089406967,135,0.0,0.0
2022-12-22 00:00:00+00:00,0.08500000089406967,0.08500000089406967,0.08500000089406967,0.08500000089406967,0,0.0,0.0
2022-12-23 00:00:00+00:00,0.08500000089406967,0.08500000089406967,0.08500000089406967,0.08500000089406967,0,0.0,0.0
2022-12-28 00:00:00+00:00,0.08500000089406967,0.08500000089406967,0.08500000089406967,0.08500000089406967,0,0.0,0.0
2022-12-29 00:00:00+00:00,0.08500000089406967,0.08500000089406967,0.08500000089406967,0.08500000089406967,0,0.0,0.0
2022-12-30 00:00:00+00:00,0.08500000089406967,0.08500000089406967,0.08500000089406967,0.08500000089406967,0,0.0,0.0
2023-01-03 00:00:00+00:00,0.08500000089406967,0.08500000089406967,0.08500000089406967,0.08500000089406967,0,0.0,0.0
2023-01-04 00:00:00+00:00,0.08500000089406967,0.08500000089406967,0.08500000089406967,0.08500000089406967,0,0.0,0.0
2023-01-05 00:00:00+00:00,0.08500000089406967,0.08500000089406967,0.08500000089406967,0.08500000089406967,0,0.0,0.0
2023-01-06 00:00:00+00:00,0.08500000089406967,0.08500000089406967,0.08500000089406967,0.08500000089406967,0,0.0,0.0
2023-01-09 00:00:00+00:00,0.08500000089406967,0.08500000089406967,0.08500000089406967,0.08500000089406967,0,0.0,0.0
2023-01-10 00:00:00+00:00,0.08500000089406967,0.08500000089406967,0.08500000089406967,0.08500000089406967,0,0.0,0.0
2023-01-11 00:00:00+00:00,0.08500000089406967,0.08500000089406967,0.08500000089406967,0.08500000089406967,0,0.0,0.0
2023-01-12 00:00:00+00:00,0.08500000089406967,0.08500000089406967,0.08500000089406967,0.08500000089406967,0,0.0,0.0
2023-01-13 00:00:00+00:00,0.08500000089406967,0.08500000089406967,0.08500000089406967,0.08500000089406967,0,0.0,0.0
2023-01-16 00:00:00+00:00,0.08500000089406967,0.08500000089406967,0.08500000089406967,0.08500000089406967,0,0.0,0.0
2023-01-17 00:00:00+00:00,0.08500000089406967,0.08500000089406967,0.08500000089406967,0.08500000089406967,0,0.0,0.0
2023-01-18 00:00:00+00:00,0.08500000089406967,0.08500000089406967,0.08500000089406967,0.08500000089406967,0,0.0,0.0
2023-01-19 00:00:00+00:00,0.08500000089406967,0.07000000029802322,0.07000000029802322,0.08500000089406967,9,0.0,0.0
2023-01-20 00:00:00+00:00,0.0949999988079071,0.0949999988079071,0.0949999988079071,0.0949999988079071,0,0.0,0.0
2023-01-23 00:00:00+00:00,0.0949999988079071,0.0949999988079071,0.0949999988079071,0.0949999988079071,0,0.0,0.0
2023-01-24 00:00:00+00:00,0.0949999988079071,0.0949999988079071,0.0949999988079071,0.0949999988079071,0,0.0,0.0
2023-01-25 00:00:00+00:00,0.0949999988079071,0.11999999731779099,0.11999999731779099,0.15000000596046448,15285,0.0,0.0
2023-01-26 00:00:00+00:00,0.15000000596046448,0.1899999976158142,0.1899999976158142,0.15000000596046448,13555,0.0,0.0
2023-01-27 00:00:00+00:00,0.15000000596046448,0.28999999165534973,0.20999999344348907,0.3499999940395355,10387,0.0,0.0
2023-01-30 00:00:00+00:00,0.3499999940395355,0.44999998807907104,0.18000000715255737,0.3100000023841858,15433,0.0,0.0
2023-01-31 00:00:00+00:00,0.20499999821186066,0.20499999821186066,0.20499999821186066,0.20499999821186066,0,0.0,0.0
2023-02-01 00:00:00+00:00,0.20499999821186066,0.20499999821186066,0.20499999821186066,0.20499999821186066,0,0.0,0.0
2023-02-02 00:00:00+00:00,0.20499999821186066,0.20499999821186066,0.20499999821186066,0.20499999821186066,0,0.0,0.0
2023-02-03 00:00:00+00:00,0.20499999821186066,0.20499999821186066,0.20499999821186066,0.20499999821186066,0,0.0,0.0
2023-02-06 00:00:00+00:00,0.20499999821186066,0.20499999821186066,0.20499999821186066,0.20499999821186066,0,0.0,0.0
2023-02-07 00:00:00+00:00,0.20499999821186066,0.20499999821186066,0.20499999821186066,0.20499999821186066,0,0.0,0.0
2023-02-08 00:00:00+00:00,0.20499999821186066,0.20499999821186066,0.20499999821186066,0.20499999821186066,0,0.0,0.0
2023-02-09 00:00:00+00:00,0.20499999821186066,0.20499999821186066,0.20499999821186066,0.20499999821186066,0,0.0,0.0
2023-02-10 00:00:00+00:00,0.20499999821186066,0.20499999821186066,0.20499999821186066,0.20499999821186066,0,0.0,0.0
2023-02-13 00:00:00+00:00,0.20499999821186066,0.20499999821186066,0.20499999821186066,0.20499999821186066,0,0.0,0.0
2023-02-14 00:00:00+00:00,0.20499999821186066,0.20499999821186066,0.20499999821186066,0.20499999821186066,0,0.0,0.0
2023-02-15 00:00:00+00:00,0.20499999821186066,0.20499999821186066,0.20499999821186066,0.20499999821186066,0,0.0,0.0
2023-02-16 00:00:00+00:00,0.20499999821186066,0.20499999821186066,0.20499999821186066,0.20499999821186066,0,0.0,0.0
2023-02-17 00:00:00+00:00,0.20499999821186066,0.20499999821186066,0.20499999821186066,0.20499999821186066,0,0.0,0.0
2023-02-20 00:00:00+00:00,0.20499999821186066,0.20499999821186066,0.20499999821186066,0.20499999821186066,0,0.0,0.0
2023-02-21 00:00:00+00:00,0.20499999821186066,0.20499999821186066,0.20499999821186066,0.20499999821186066,0,0.0,0.0
2023-02-22 00:00:00+00:00,0.20499999821186066,0.20499999821186066,0.20499999821186066,0.20499999821186066,0,0.0,0.0
2023-02-23 00:00:00+00:00,0.20499999821186066,0.20499999821186066,0.20499999821186066,0.20499999821186066,0,0.0,0.0
2023-02-24 00:00:00+00:00,0.20499999821186066,0.20499999821186066,0.20499999821186066,0.20499999821186066,0,0.0,0.0
2023-02-27 00:00:00+00:00,0.20499999821186066,0.20499999821186066,0.20499999821186066,0.20499999821186066,0,0.0,0.0
2023-02-28 00:00:00+00:00,0.20499999821186066,0.20499999821186066,0.20499999821186066,0.20499999821186066,0,0.0,0.0
2023-03-01 00:00:00+00:00,0.20499999821186066,0.20499999821186066,0.20499999821186066,0.20499999821186066,0,0.0,0.0
2023-03-02 00:00:00+00:00,0.20499999821186066,0.20499999821186066,0.20499999821186066,0.20499999821186066,0,0.0,0.0
2023-03-03 00:00:00+00:00,0.20499999821186066,0.20499999821186066,0.20499999821186066,0.20499999821186066,0,0.0,0.0
2023-03-06 00:00:00+00:00,0.20499999821186066,0.20499999821186066,0.20499999821186066,0.20499999821186066,0,0.0,0.0
2023-03-07 00:00:00+00:00,0.20499999821186066,0.20499999821186066,0.20499999821186066,0.20499999821186066,0,0.0,0.0
2023-03-08 00:00:00+00:00,0.20499999821186066,0.20499999821186066,0.20499999821186066,0.20499999821186066,0,0.0,0.0
2023-03-09 00:00:00+00:00,0.20499999821186066,0.20499999821186066,0.20499999821186066,0.20499999821186066,0,0.0,0.0
2023-03-10 00:00:00+00:00,0.20499999821186066,0.20499999821186066,0.20499999821186066,0.20499999821186066,0,0.0,0.0
2023-03-13 00:00:00+00:00,0.20499999821186066,0.1599999964237213,0.1599999964237213,0.20499999821186066,5,0.0,0.0
2023-03-14 00:00:00+00:00,0.20499999821186066,0.20499999821186066,0.20499999821186066,0.20499999821186066,0,0.0,0.0
2023-03-15 00:00:00+00:00,0.20499999821186066,0.20499999821186066,0.20499999821186066,0.20499999821186066,0,0.0,0.0
2023-03-16 00:00:00+00:00,0.20499999821186066,0.20499999821186066,0.20499999821186066,0.20499999821186066,0,0.0,0.0
2023-03-17 00:00:00+00:00,0.20499999821186066,0.20499999821186066,0.20499999821186066,0.20499999821186066,0,0.0,0.0
2023-03-20 00:00:00+00:00,0.20499999821186066,0.20499999821186066,0.20499999821186066,0.20499999821186066,0,0.0,0.0
2023-03-21 00:00:00+00:00,0.20499999821186066,0.20499999821186066,0.20499999821186066,0.20499999821186066,0,0.0,0.0
2023-03-22 00:00:00+00:00,0.20499999821186066,0.20499999821186066,0.20499999821186066,0.20499999821186066,0,0.0,0.0
2023-03-23 00:00:00+00:00,0.20499999821186066,0.20499999821186066,0.20499999821186066,0.20499999821186066,0,0.0,0.0
2023-03-24 00:00:00+00:00,0.20499999821186066,0.20499999821186066,0.20499999821186066,0.20499999821186066,0,0.0,0.0
2023-03-27 00:00:00+01:00,0.20499999821186066,0.20499999821186066,0.20499999821186066,0.20499999821186066,0,0.0,0.0
2023-03-28 00:00:00+01:00,0.20499999821186066,0.20499999821186066,0.20499999821186066,0.20499999821186066,0,0.0,0.0
2023-03-29 00:00:00+01:00,0.20499999821186066,0.20499999821186066,0.20499999821186066,0.20499999821186066,0,0.0,0.0
2023-03-30 00:00:00+01:00,0.20499999821186066,0.20499999821186066,0.20499999821186066,0.20499999821186066,0,0.0,0.0
2023-03-31 00:00:00+01:00,0.20499999821186066,0.20499999821186066,0.20499999821186066,0.20499999821186066,0,0.0,0.0
2023-04-03 00:00:00+01:00,0.20499999821186066,0.20499999821186066,0.20499999821186066,0.20499999821186066,0,0.0,0.0
2023-04-04 00:00:00+01:00,0.20499999821186066,0.20499999821186066,0.20499999821186066,0.20499999821186066,0,0.0,0.0
2023-04-05 00:00:00+01:00,0.20499999821186066,0.20499999821186066,0.20499999821186066,0.20499999821186066,0,0.0,0.0
2023-04-06 00:00:00+01:00,0.20499999821186066,0.20499999821186066,0.20499999821186066,0.20499999821186066,0,0.0,0.0
2023-04-11 00:00:00+01:00,0.20499999821186066,0.1599999964237213,0.1599999964237213,0.20499999821186066,500,0.0,0.0
2023-04-12 00:00:00+01:00,0.20499999821186066,0.1599999964237213,0.1599999964237213,0.17000000178813934,18000,0.0,0.0
2023-04-13 00:00:00+01:00,0.17000000178813934,0.17000000178813934,0.17000000178813934,0.17000000178813934,0,0.0,0.0
2023-04-14 00:00:00+01:00,0.17000000178813934,0.17000000178813934,0.17000000178813934,0.17000000178813934,0,0.0,0.0
2023-04-17 00:00:00+01:00,0.17000000178813934,0.17000000178813934,0.17000000178813934,0.17000000178813934,0,0.0,0.0
2023-04-18 00:00:00+01:00,0.17000000178813934,0.17000000178813934,0.17000000178813934,0.17000000178813934,0,0.0,0.0
2023-04-19 00:00:00+01:00,0.17000000178813934,0.11999999731779099,0.11999999731779099,0.17000000178813934,1000,0.0,0.0
2023-04-20 00:00:00+01:00,0.17000000178813934,0.17000000178813934,0.17000000178813934,0.17000000178813934,0,0.0,0.0
2023-04-21 00:00:00+01:00,0.17000000178813934,0.17000000178813934,0.17000000178813934,0.17000000178813934,0,0.0,0.0
2023-04-24 00:00:00+01:00,0.17000000178813934,0.17000000178813934,0.17000000178813934,0.17000000178813934,0,0.0,0.0
2023-04-25 00:00:00+01:00,0.17000000178813934,0.17000000178813934,0.17000000178813934,0.17000000178813934,0,0.0,0.0
2023-04-26 00:00:00+01:00,0.17000000178813934,0.17000000178813934,0.17000000178813934,0.17000000178813934,0,0.0,0.0
2023-04-27 00:00:00+01:00,0.17000000178813934,0.17000000178813934,0.17000000178813934,0.17000000178813934,0,0.0,0.0
2023-04-28 00:00:00+01:00,0.17000000178813934,0.17000000178813934,0.17000000178813934,0.17000000178813934,0,0.0,0.0
2023-05-02 00:00:00+01:00,0.17000000178813934,0.17000000178813934,0.17000000178813934,0.17000000178813934,0,0.0,0.0
2023-05-03 00:00:00+01:00,0.17000000178813934,0.17000000178813934,0.17000000178813934,0.17000000178813934,0,0.0,0.0
2023-05-04 00:00:00+01:00,0.17000000178813934,0.17000000178813934,0.17000000178813934,0.17000000178813934,0,0.0,0.0
2023-05-05 00:00:00+01:00,0.17000000178813934,0.17000000178813934,0.17000000178813934,0.17000000178813934,0,0.0,0.0
2023-05-09 00:00:00+01:00,0.17000000178813934,0.17000000178813934,0.17000000178813934,0.17000000178813934,0,0.0,0.0
2023-05-10 00:00:00+01:00,0.17000000178813934,0.17000000178813934,0.17000000178813934,0.17000000178813934,0,0.0,0.0
2023-05-11 00:00:00+01:00,0.17000000178813934,0.17000000178813934,0.17000000178813934,0.17000000178813934,0,0.0,0.0
2023-05-12 00:00:00+01:00,0.17000000178813934,0.17000000178813934,0.17000000178813934,0.17000000178813934,0,0.0,0.0
2023-05-15 00:00:00+01:00,0.17000000178813934,0.17000000178813934,0.17000000178813934,0.17000000178813934,0,0.0,0.0
2023-05-16 00:00:00+01:00,0.17000000178813934,0.17000000178813934,0.17000000178813934,0.17000000178813934,0,0.0,0.0
2023-05-17 00:00:00+01:00,0.17000000178813934,0.17000000178813934,0.17000000178813934,0.17000000178813934,0,0.0,0.0
2023-05-18 00:00:00+01:00,0.17000000178813934,0.17000000178813934,0.17000000178813934,0.17000000178813934,0,0.0,0.0
2023-05-19 00:00:00+01:00,0.17000000178813934,0.17000000178813934,0.17000000178813934,0.17000000178813934,0,0.0,0.0
2023-05-22 00:00:00+01:00,0.17000000178813934,0.17000000178813934,0.17000000178813934,0.17000000178813934,0,0.0,0.0
2023-05-23 00:00:00+01:00,0.17000000178813934,0.17000000178813934,0.17000000178813934,0.17000000178813934,272,0.0,0.0
2023-05-24 00:00:00+01:00,0.17000000178813934,0.17000000178813934,0.17000000178813934,0.17000000178813934,0,0.0,0.0
2023-05-25 00:00:00+01:00,0.17000000178813934,0.17000000178813934,0.17000000178813934,0.17000000178813934,0,0.0,0.0
2023-05-26 00:00:00+01:00,0.17000000178813934,0.17000000178813934,0.17000000178813934,0.17000000178813934,0,0.0,0.0
2023-05-30 00:00:00+01:00,0.17000000178813934,0.17000000178813934,0.17000000178813934,0.17000000178813934,0,0.0,0.0
2023-05-31 00:00:00+01:00,0.17000000178813934,0.17000000178813934,0.17000000178813934,0.17000000178813934,0,0.0,0.0
2023-06-01 00:00:00+01:00,0.17000000178813934,0.17000000178813934,0.17000000178813934,0.17000000178813934,0,0.0,0.0
2023-06-02 00:00:00+01:00,0.17000000178813934,0.17000000178813934,0.17000000178813934,0.17000000178813934,0,0.0,0.0
2023-06-05 00:00:00+01:00,0.17000000178813934,0.17000000178813934,0.17000000178813934,0.17000000178813934,0,0.0,0.0
2023-06-06 00:00:00+01:00,0.17000000178813934,0.17000000178813934,0.17000000178813934,0.17000000178813934,0,0.0,0.0
2023-06-07 00:00:00+01:00,0.17000000178813934,0.17000000178813934,0.17000000178813934,0.17000000178813934,0,0.0,0.0
2023-06-08 00:00:00+01:00,0.17000000178813934,0.17000000178813934,0.17000000178813934,0.17000000178813934,0,0.0,0.0
2023-06-09 00:00:00+01:00,0.17000000178813934,0.17000000178813934,0.17000000178813934,0.17000000178813934,0,0.0,0.0
2023-06-12 00:00:00+01:00,0.17000000178813934,0.17000000178813934,0.17000000178813934,0.17000000178813934,0,0.0,0.0
2023-06-13 00:00:00+01:00,0.17000000178813934,0.17000000178813934,0.17000000178813934,0.17000000178813934,0,0.0,0.0
2023-06-14 00:00:00+01:00,0.17000000178813934,0.17000000178813934,0.17000000178813934,0.17000000178813934,0,0.0,0.0
2023-06-15 00:00:00+01:00,0.17000000178813934,0.17000000178813934,0.17000000178813934,0.17000000178813934,0,0.0,0.0
2023-06-16 00:00:00+01:00,0.17000000178813934,0.17000000178813934,0.17000000178813934,0.17000000178813934,0,0.0,0.0
2023-06-19 00:00:00+01:00,0.17000000178813934,0.17000000178813934,0.17000000178813934,0.17000000178813934,0,0.0,0.0
2023-06-20 00:00:00+01:00,0.17000000178813934,0.11999999731779099,0.11999999731779099,0.17000000178813934,3000,0.0,0.0
2023-06-21 00:00:00+01:00,0.17000000178813934,0.17000000178813934,0.17000000178813934,0.17000000178813934,0,0.0,0.0
2023-06-22 00:00:00+01:00,0.17000000178813934,0.17000000178813934,0.17000000178813934,0.17000000178813934,0,0.0,0.0
2023-06-23 00:00:00+01:00,0.17000000178813934,0.17000000178813934,0.17000000178813934,0.17000000178813934,0,0.0,0.0
2023-06-26 00:00:00+01:00,0.17000000178813934,0.17000000178813934,0.17000000178813934,0.17000000178813934,0,0.0,0.0
2023-06-27 00:00:00+01:00,0.17000000178813934,0.17000000178813934,0.17000000178813934,0.17000000178813934,0,0.0,0.0
2023-06-28 00:00:00+01:00,0.17000000178813934,0.17000000178813934,0.17000000178813934,0.17000000178813934,0,0.0,0.0
2023-06-29 00:00:00+01:00,0.17000000178813934,0.17000000178813934,0.17000000178813934,0.17000000178813934,0,0.0,0.0
2023-06-30 00:00:00+01:00,0.17000000178813934,0.17000000178813934,0.17000000178813934,0.17000000178813934,0,0.0,0.0
2023-07-03 00:00:00+01:00,0.17000000178813934,0.17000000178813934,0.17000000178813934,0.17000000178813934,0,0.0,0.0
2023-07-04 00:00:00+01:00,0.17000000178813934,0.17000000178813934,0.17000000178813934,0.17000000178813934,0,0.0,0.0
2023-07-05 00:00:00+01:00,0.17000000178813934,0.17000000178813934,0.17000000178813934,0.17000000178813934,0,0.0,0.0
2023-07-06 00:00:00+01:00,0.17000000178813934,0.17000000178813934,0.17000000178813934,0.17000000178813934,0,0.0,0.0
2023-07-07 00:00:00+01:00,0.17000000178813934,0.17000000178813934,0.17000000178813934,0.17000000178813934,0,0.0,0.0
2023-07-10 00:00:00+01:00,0.17000000178813934,0.17000000178813934,0.17000000178813934,0.17000000178813934,0,0.0,0.0
2023-07-11 00:00:00+01:00,0.17000000178813934,0.17000000178813934,0.17000000178813934,0.17000000178813934,0,0.0,0.0
2023-07-12 00:00:00+01:00,0.17000000178813934,0.17000000178813934,0.17000000178813934,0.17000000178813934,0,0.0,0.0
2023-07-13 00:00:00+01:00,0.17000000178813934,0.17000000178813934,0.17000000178813934,0.17000000178813934,0,0.0,0.0
2023-07-14 00:00:00+01:00,0.17000000178813934,0.17000000178813934,0.17000000178813934,0.17000000178813934,0,0.0,0.0
2023-07-17 00:00:00+01:00,0.17000000178813934,0.17000000178813934,0.17000000178813934,0.17000000178813934,0,0.0,0.0
2023-07-18 00:00:00+01:00,0.17000000178813934,0.17000000178813934,0.17000000178813934,0.17000000178813934,0,0.0,0.0
2023-07-19 00:00:00+01:00,0.17000000178813934,0.17000000178813934,0.17000000178813934,0.17000000178813934,0,0.0,0.0
2023-07-20 00:00:00+01:00,0.17000000178813934,0.17000000178813934,0.17000000178813934,0.17000000178813934,0,0.0,0.0
2023-07-21 00:00:00+01:00,0.17000000178813934,0.17000000178813934,0.17000000178813934,0.17000000178813934,0,0.0,0.0
2023-07-24 00:00:00+01:00,0.17000000178813934,0.17000000178813934,0.17000000178813934,0.17000000178813934,0,0.0,0.0
2023-07-25 00:00:00+01:00,0.17000000178813934,0.17000000178813934,0.17000000178813934,0.17000000178813934,0,0.0,0.0
2023-07-26 00:00:00+01:00,0.17000000178813934,0.17000000178813934,0.17000000178813934,0.17000000178813934,0,0.0,0.0
2023-07-27 00:00:00+01:00,0.17000000178813934,0.17000000178813934,0.17000000178813934,0.17000000178813934,0,0.0,0.0
2023-07-28 00:00:00+01:00,0.17000000178813934,0.17000000178813934,0.17000000178813934,0.17000000178813934,0,0.0,0.0
2023-07-31 00:00:00+01:00,0.17000000178813934,0.17000000178813934,0.17000000178813934,0.17000000178813934,0,0.0,0.0
2023-08-01 00:00:00+01:00,0.17000000178813934,0.17000000178813934,0.17000000178813934,0.17000000178813934,0,0.0,0.0
2023-08-02 00:00:00+01:00,0.17000000178813934,0.17000000178813934,0.17000000178813934,0.17000000178813934,0,0.0,0.0
2023-08-03 00:00:00+01:00,0.17000000178813934,0.17000000178813934,0.17000000178813934,0.17000000178813934,0,0.0,0.0
2023-08-04 00:00:00+01:00,0.17000000178813934,0.17000000178813934,0.17000000178813934,0.17000000178813934,0,0.0,0.0
2023-08-07 00:00:00+01:00,0.17000000178813934,0.17000000178813934,0.17000000178813934,0.17000000178813934,0,0.0,0.0
2023-08-08 00:00:00+01:00,0.17000000178813934,0.17000000178813934,0.17000000178813934,0.17000000178813934,0,0.0,0.0
2023-08-09 00:00:00+01:00,0.17000000178813934,0.17000000178813934,0.17000000178813934,0.17000000178813934,0,0.0,0.0
2023-08-10 00:00:00+01:00,0.17000000178813934,0.17000000178813934,0.17000000178813934,0.17000000178813934,0,0.0,0.0
2023-08-11 00:00:00+01:00,0.17000000178813934,0.17000000178813934,0.17000000178813934,0.17000000178813934,0,0.0,0.0
2023-08-14 00:00:00+01:00,0.17000000178813934,0.17000000178813934,0.17000000178813934,0.17000000178813934,0,0.0,0.0
2023-08-15 00:00:00+01:00,0.17000000178813934,0.17000000178813934,0.17000000178813934,0.17000000178813934,0,0.0,0.0
2023-08-16 00:00:00+01:00,0.17000000178813934,0.17000000178813934,0.17000000178813934,0.17000000178813934,0,0.0,0.0
2023-08-17 00:00:00+01:00,0.17000000178813934,0.17000000178813934,0.17000000178813934,0.17000000178813934,0,0.0,0.0
2023-08-18 00:00:00+01:00,0.17000000178813934,0.17000000178813934,0.17000000178813934,0.17000000178813934,0,0.0,0.0
2023-08-21 00:00:00+01:00,0.17000000178813934,0.17000000178813934,0.17000000178813934,0.17000000178813934,0,0.0,0.0
2023-08-22 00:00:00+01:00,0.17000000178813934,0.17000000178813934,0.17000000178813934,0.17000000178813934,0,0.0,0.0
2023-08-23 00:00:00+01:00,0.17000000178813934,0.17000000178813934,0.17000000178813934,0.17000000178813934,0,0.0,0.0
2023-08-24 00:00:00+01:00,0.17000000178813934,0.17000000178813934,0.17000000178813934,0.17000000178813934,0,0.0,0.0
2023-08-25 00:00:00+01:00,0.17000000178813934,0.17000000178813934,0.17000000178813934,0.17000000178813934,0,0.0,0.0
2023-08-29 00:00:00+01:00,0.17000000178813934,0.17000000178813934,0.17000000178813934,0.17000000178813934,0,0.0,0.0
2023-08-30 00:00:00+01:00,0.17000000178813934,0.17000000178813934,0.17000000178813934,0.17000000178813934,0,0.0,0.0
2023-08-31 00:00:00+01:00,0.17000000178813934,0.17000000178813934,0.17000000178813934,0.17000000178813934,0,0.0,0.0
2023-09-01 00:00:00+01:00,0.17000000178813934,0.17000000178813934,0.17000000178813934,0.17000000178813934,0,0.0,0.0
2023-09-04 00:00:00+01:00,0.17000000178813934,0.17000000178813934,0.17000000178813934,0.17000000178813934,0,0.0,0.0
2023-09-05 00:00:00+01:00,0.17000000178813934,0.17000000178813934,0.17000000178813934,0.17000000178813934,0,0.0,0.0
2023-09-06 00:00:00+01:00,0.17000000178813934,0.17000000178813934,0.17000000178813934,0.17000000178813934,0,0.0,0.0
2023-09-07 00:00:00+01:00,0.17000000178813934,0.16500000655651093,0.11999999731779099,0.16500000655651093,2020,0.0,0.0
2023-09-08 00:00:00+01:00,0.16500000655651093,0.16500000655651093,0.16500000655651093,0.16500000655651093,0,0.0,0.0
2023-09-11 00:00:00+01:00,0.16500000655651093,0.16500000655651093,0.16500000655651093,0.16500000655651093,0,0.0,0.0
2023-09-12 00:00:00+01:00,0.16500000655651093,0.14000000059604645,0.14000000059604645,0.16500000655651093,103,0.0,0.0
2023-09-13 00:00:00+01:00,0.16500000655651093,0.16500000655651093,0.16500000655651093,0.16500000655651093,0,0.0,0.0
2023-09-14 00:00:00+01:00,0.16500000655651093,0.16500000655651093,0.16500000655651093,0.16500000655651093,0,0.0,0.0
2023-09-15 00:00:00+01:00,0.16500000655651093,0.16500000655651093,0.16500000655651093,0.16500000655651093,0,0.0,0.0
2023-09-18 00:00:00+01:00,0.16500000655651093,0.14000000059604645,0.14000000059604645,0.14499999582767487,2500,0.0,0.0
2023-09-19 00:00:00+01:00,0.14499999582767487,0.14499999582767487,0.14499999582767487,0.14499999582767487,0,0.0,0.0
2023-09-20 00:00:00+01:00,0.14499999582767487,0.14499999582767487,0.14499999582767487,0.14499999582767487,0,0.0,0.0
2023-09-21 00:00:00+01:00,0.14499999582767487,0.14499999582767487,0.14499999582767487,0.14499999582767487,0,0.0,0.0
2023-09-22 00:00:00+01:00,0.14499999582767487,0.14499999582767487,0.14499999582767487,0.14499999582767487,0,0.0,0.0
2023-09-25 00:00:00+01:00,0.14499999582767487,0.14499999582767487,0.14499999582767487,0.14499999582767487,0,0.0,0.0
2023-09-26 00:00:00+01:00,0.14499999582767487,0.14499999582767487,0.14499999582767487,0.14499999582767487,0,0.0,0.0
2023-09-27 00:00:00+01:00,0.14499999582767487,0.14499999582767487,0.14499999582767487,0.14499999582767487,0,0.0,0.0
2023-09-28 00:00:00+01:00,0.14499999582767487,0.14499999582767487,0.14499999582767487,0.14499999582767487,0,0.0,0.0
2023-09-29 00:00:00+01:00,0.14499999582767487,0.14499999582767487,0.14499999582767487,0.14499999582767487,0,0.0,0.0
2023-10-02 00:00:00+01:00,0.14499999582767487,0.14499999582767487,0.14499999582767487,0.14499999582767487,0,0.0,0.0
2023-10-03 00:00:00+01:00,0.14499999582767487,0.14499999582767487,0.14499999582767487,0.14499999582767487,0,0.0,0.0
2023-10-04 00:00:00+01:00,0.14499999582767487,0.14499999582767487,0.14499999582767487,0.14499999582767487,0,0.0,0.0
2023-10-05 00:00:00+01:00,0.14499999582767487,0.14499999582767487,0.14499999582767487,0.14499999582767487,0,0.0,0.0
2023-10-06 00:00:00+01:00,0.14499999582767487,0.14499999582767487,0.14499999582767487,0.14499999582767487,0,0.0,0.0
2023-10-09 00:00:00+01:00,0.14499999582767487,0.14499999582767487,0.14499999582767487,0.14499999582767487,0,0.0,0.0
2023-10-10 00:00:00+01:00,0.14499999582767487,0.14499999582767487,0.14499999582767487,0.14499999582767487,0,0.0,0.0
2023-10-11 00:00:00+01:00,0.14499999582767487,0.14499999582767487,0.14499999582767487,0.14499999582767487,0,0.0,0.0
2023-10-12 00:00:00+01:00,0.14499999582767487,0.14499999582767487,0.14499999582767487,0.14499999582767487,0,0.0,0.0
2023-10-13 00:00:00+01:00,0.14499999582767487,0.14499999582767487,0.14499999582767487,0.14499999582767487,0,0.0,0.0
2023-10-16 00:00:00+01:00,0.14499999582767487,0.14499999582767487,0.14499999582767487,0.14499999582767487,0,0.0,0.0
2023-10-17 00:00:00+01:00,0.1850000023841858,0.28999999165534973,0.23999999463558197,0.20000000298023224,15088,0.0,0.0
2023-10-18 00:00:00+01:00,0.20000000298023224,0.27000001072883606,0.2199999988079071,0.20999999344348907,68099,0.0,0.0
2023-10-19 00:00:00+01:00,0.20999999344348907,0.20999999344348907,0.20999999344348907,0.20999999344348907,0,0.0,0.0
2023-10-20 00:00:00+01:00,0.20999999344348907,0.20999999344348907,0.20999999344348907,0.20999999344348907,0,0.0,0.0
2023-10-23 00:00:00+01:00,0.22499999403953552,0.28999999165534973,0.28999999165534973,0.22499999403953552,2250,0.0,0.0
2023-10-24 00:00:00+01:00,0.22499999403953552,0.22499999403953552,0.22499999403953552,0.22499999403953552,0,0.0,0.0
2023-10-25 00:00:00+01:00,0.22499999403953552,0.1599999964237213,0.1599999964237213,0.22499999403953552,10193,0.0,0.0
2023-10-26 00:00:00+01:00,0.2199999988079071,0.2199999988079071,0.2199999988079071,0.2199999988079071,0,0.0,0.0
2023-10-27 00:00:00+01:00,0.2199999988079071,0.2199999988079071,0.2199999988079071,0.2199999988079071,0,0.0,0.0
2023-10-30 00:00:00+00:00,0.2199999988079071,0.2199999988079071,0.2199999988079071,0.2199999988079071,0,0.0,0.0
2023-10-31 00:00:00+00:00,0.2199999988079071,0.2199999988079071,0.2199999988079071,0.2199999988079071,0,0.0,0.0
2023-11-01 00:00:00+00:00,0.2199999988079071,0.2199999988079071,0.2199999988079071,0.2199999988079071,0,0.0,0.0
2023-11-02 00:00:00+00:00,0.2199999988079071,0.2199999988079071,0.2199999988079071,0.2199999988079071,0,0.0,0.0
2023-11-03 00:00:00+00:00,0.2199999988079071,0.1599999964237213,0.1599999964237213,0.2199999988079071,315,0.0,0.0
2023-11-06 00:00:00+00:00,0.2199999988079071,0.2199999988079071,0.2199999988079071,0.2199999988079071,0,0.0,0.0
2023-11-07 00:00:00+00:00,0.2199999988079071,0.2199999988079071,0.2199999988079071,0.2199999988079071,0,0.0,0.0
2023-11-08 00:00:00+00:00,0.2199999988079071,0.2199999988079071,0.2199999988079071,0.2199999988079071,0,0.0,0.0
2023-11-09 00:00:00+00:00,0.2199999988079071,0.2199999988079071,0.2199999988079071,0.2199999988079071,0,0.0,0.0
2023-11-10 00:00:00+00:00,0.2199999988079071,0.2199999988079071,0.2199999988079071,0.2199999988079071,0,0.0,0.0
2023-11-13 00:00:00+00:00,0.2199999988079071,0.2199999988079071,0.2199999988079071,0.2199999988079071,0,0.0,0.0
2023-11-14 00:00:00+00:00,0.2199999988079071,0.2199999988079071,0.2199999988079071,0.2199999988079071,0,0.0,0.0
2023-11-15 00:00:00+00:00,0.2199999988079071,0.2199999988079071,0.2199999988079071,0.2199999988079071,0,0.0,0.0
2023-11-16 00:00:00+00:00,0.1599999964237213,0.1599999964237213,0.10999999940395355,0.18000000715255737,5324,0.0,0.0
2023-11-17 00:00:00+00:00,0.18000000715255737,0.18000000715255737,0.18000000715255737,0.18000000715255737,0,0.0,0.0
2023-11-20 00:00:00+00:00,0.18000000715255737,0.10999999940395355,0.10999999940395355,0.15000000596046448,2250,0.0,0.0
2023-11-21 00:00:00+00:00,0.15000000596046448,0.15000000596046448,0.15000000596046448,0.15000000596046448,0,0.0,0.0
2023-11-22 00:00:00+00:00,0.15000000596046448,0.15000000596046448,0.15000000596046448,0.15000000596046448,0,0.0,0.0
2023-11-23 00:00:00+00:00,0.15000000596046448,0.15000000596046448,0.15000000596046448,0.15000000596046448,0,0.0,0.0
2023-11-24 00:00:00+00:00,0.15000000596046448,0.15000000596046448,0.15000000596046448,0.15000000596046448,0,0.0,0.0
2023-11-27 00:00:00+00:00,0.15000000596046448,0.15000000596046448,0.15000000596046448,0.15000000596046448,0,0.0,0.0
2023-11-28 00:00:00+00:00,0.15000000596046448,0.15000000596046448,0.15000000596046448,0.15000000596046448,0,0.0,0.0
2023-11-29 00:00:00+00:00,0.15000000596046448,0.15000000596046448,0.15000000596046448,0.15000000596046448,0,0.0,0.0
2023-11-30 00:00:00+00:00,0.15000000596046448,0.15000000596046448,0.15000000596046448,0.15000000596046448,0,0.0,0.0
2023-12-01 00:00:00+00:00,0.15000000596046448,0.15000000596046448,0.15000000596046448,0.15000000596046448,0,0.0,0.0
2023-12-04 00:00:00+00:00,0.15000000596046448,0.15000000596046448,0.15000000596046448,0.15000000596046448,0,0.0,0.0
2023-12-05 00:00:00+00:00,0.15000000596046448,0.15000000596046448,0.15000000596046448,0.15000000596046448,0,0.0,0.0
2023-12-06 00:00:00+00:00,0.15000000596046448,0.15000000596046448,0.15000000596046448,0.15000000596046448,0,0.0,0.0
2023-12-07 00:00:00+00:00,0.15000000596046448,0.15000000596046448,0.15000000596046448,0.15000000596046448,0,0.0,0.0
2023-12-08 00:00:00+00:00,0.15000000596046448,0.15000000596046448,0.15000000596046448,0.15000000596046448,0,0.0,0.0
2023-12-11 00:00:00+00:00,0.15000000596046448,0.15000000596046448,0.15000000596046448,0.15000000596046448,0,0.0,0.0
2023-12-12 00:00:00+00:00,0.15000000596046448,0.15000000596046448,0.15000000596046448,0.15000000596046448,0,0.0,0.0
2023-12-13 00:00:00+00:00,0.15000000596046448,0.15000000596046448,0.15000000596046448,0.15000000596046448,0,0.0,0.0
2023-12-14 00:00:00+00:00,0.15000000596046448,0.15000000596046448,0.15000000596046448,0.15000000596046448,0,0.0,0.0
2023-12-15 00:00:00+00:00,0.15000000596046448,0.10000000149011612,0.10000000149011612,0.15000000596046448,27,0.0,0.0
2023-12-18 00:00:00+00:00,0.15000000596046448,0.15000000596046448,0.15000000596046448,0.15000000596046448,0,0.0,0.0
2023-12-19 00:00:00+00:00,0.15000000596046448,0.15000000596046448,0.15000000596046448,0.15000000596046448,0,0.0,0.0
2023-12-20 00:00:00+00:00,0.15000000596046448,0.15000000596046448,0.15000000596046448,0.15000000596046448,0,0.0,0.0
2023-12-21 00:00:00+00:00,0.15000000596046448,0.15000000596046448,0.15000000596046448,0.15000000596046448,0,0.0,0.0
2023-12-22 00:00:00+00:00,0.15000000596046448,0.15000000596046448,0.15000000596046448,0.15000000596046448,0,0.0,0.0
2023-12-27 00:00:00+00:00,0.15000000596046448,0.15000000596046448,0.15000000596046448,0.15000000596046448,0,0.0,0.0
2023-12-28 00:00:00+00:00,0.15000000596046448,0.10000000149011612,0.10000000149011612,0.15000000596046448,1000,0.0,0.0
2023-12-29 00:00:00+00:00,0.15000000596046448,0.15000000596046448,0.15000000596046448,0.15000000596046448,0,0.0,0.0
2024-01-02 00:00:00+00:00,0.15000000596046448,0.15000000596046448,0.15000000596046448,0.15000000596046448,0,0.0,0.0
2024-01-03 00:00:00+00:00,0.15000000596046448,0.15000000596046448,0.15000000596046448,0.15000000596046448,0,0.0,0.0
2024-01-04 00:00:00+00:00,0.15000000596046448,0.15000000596046448,0.15000000596046448,0.15000000596046448,0,0.0,0.0
2024-01-05 00:00:00+00:00,0.15000000596046448,0.15000000596046448,0.15000000596046448,0.15000000596046448,0,0.0,0.0
2024-01-08 00:00:00+00:00,0.15000000596046448,0.15000000596046448,0.15000000596046448,0.15000000596046448,0,0.0,0.0
2024-01-09 00:00:00+00:00,0.15000000596046448,0.15000000596046448,0.15000000596046448,0.15000000596046448,0,0.0,0.0
2024-01-10 00:00:00+00:00,0.15000000596046448,0.15000000596046448,0.15000000596046448,0.15000000596046448,0,0.0,0.0
2024-01-11 00:00:00+00:00,0.15000000596046448,0.15000000596046448,0.15000000596046448,0.15000000596046448,0,0.0,0.0
2024-01-12 00:00:00+00:00,0.15000000596046448,0.15000000596046448,0.15000000596046448,0.15000000596046448,0,0.0,0.0
2024-01-15 00:00:00+00:00,0.15000000596046448,0.15000000596046448,0.15000000596046448,0.15000000596046448,0,0.0,0.0
2024-01-16 00:00:00+00:00,0.15000000596046448,0.15000000596046448,0.15000000596046448,0.15000000596046448,0,0.0,0.0
2024-01-17 00:00:00+00:00,0.15000000596046448,0.15000000596046448,0.15000000596046448,0.15000000596046448,0,0.0,0.0
2024-01-18 00:00:00+00:00,0.15000000596046448,0.15000000596046448,0.15000000596046448,0.15000000596046448,0,0.0,0.0
2024-01-19 00:00:00+00:00,0.15000000596046448,0.15000000596046448,0.15000000596046448,0.15000000596046448,0,0.0,0.0
2024-01-22 00:00:00+00:00,0.15000000596046448,0.15000000596046448,0.15000000596046448,0.15000000596046448,1001,0.0,0.0
2024-01-23 00:00:00+00:00,0.15000000596046448,0.15000000596046448,0.15000000596046448,0.15000000596046448,0,0.0,0.0
2024-01-24 00:00:00+00:00,0.15000000596046448,0.15000000596046448,0.15000000596046448,0.15000000596046448,0,0.0,0.0
2024-01-25 00:00:00+00:00,0.15000000596046448,0.15000000596046448,0.15000000596046448,0.15000000596046448,0,0.0,0.0
2024-01-26 00:00:00+00:00,0.15000000596046448,0.15000000596046448,0.15000000596046448,0.15000000596046448,0,0.0,0.0
2024-01-29 00:00:00+00:00,0.15000000596046448,0.15000000596046448,0.15000000596046448,0.15000000596046448,0,0.0,0.0
2024-01-30 00:00:00+00:00,0.15000000596046448,0.15000000596046448,0.15000000596046448,0.15000000596046448,0,0.0,0.0
2024-01-31 00:00:00+00:00,0.15000000596046448,0.15000000596046448,0.15000000596046448,0.15000000596046448,0,0.0,0.0
2024-02-01 00:00:00+00:00,0.15000000596046448,0.15000000596046448,0.15000000596046448,0.15000000596046448,0,0.0,0.0
2024-02-02 00:00:00+00:00,0.15000000596046448,0.15000000596046448,0.15000000596046448,0.15000000596046448,0,0.0,0.0
2024-02-05 00:00:00+00:00,0.15000000596046448,0.15000000596046448,0.15000000596046448,0.15000000596046448,0,0.0,0.0
2024-02-06 00:00:00+00:00,0.15000000596046448,0.15000000596046448,0.15000000596046448,0.15000000596046448,0,0.0,0.0
2024-02-07 00:00:00+00:00,0.15000000596046448,0.15000000596046448,0.15000000596046448,0.15000000596046448,0,0.0,0.0
2024-02-08 00:00:00+00:00,0.15000000596046448,0.15000000596046448,0.15000000596046448,0.15000000596046448,0,0.0,0.0
2024-02-09 00:00:00+00:00,0.15000000596046448,0.15000000596046448,0.15000000596046448,0.15000000596046448,0,0.0,0.0
2024-02-12 00:00:00+00:00,0.15000000596046448,0.15000000596046448,0.15000000596046448,0.15000000596046448,0,0.0,0.0
2024-02-13 00:00:00+00:00,0.15000000596046448,0.15000000596046448,0.15000000596046448,0.15000000596046448,0,0.0,0.0
2024-02-14 00:00:00+00:00,0.15000000596046448,0.15000000596046448,0.15000000596046448,0.15000000596046448,0,0.0,0.0
2024-02-15 00:00:00+00:00,0.15000000596046448,0.15000000596046448,0.15000000596046448,0.15000000596046448,0,0.0,0.0
2024-02-16 00:00:00+00:00,0.15000000596046448,0.15000000596046448,0.15000000596046448,0.15000000596046448,0,0.0,0.0
2024-02-19 00:00:00+00:00,0.15000000596046448,0.15000000596046448,0.15000000596046448,0.15000000596046448,0,0.0,0.0
2024-02-20 00:00:00+00:00,0.15000000596046448,0.15000000596046448,0.15000000596046448,0.15000000596046448,0,0.0,0.0
2024-02-21 00:00:00+00:00,0.15000000596046448,0.15000000596046448,0.15000000596046448,0.15000000596046448,0,0.0,0.0
2024-02-22 00:00:00+00:00,0.15000000596046448,0.15000000596046448,0.15000000596046448,0.15000000596046448,0,0.0,0.0
2024-02-23 00:00:00+00:00,0.15000000596046448,0.15000000596046448,0.15000000596046448,0.15000000596046448,0,0.0,0.0
2024-02-26 00:00:00+00:00,0.15000000596046448,0.15000000596046448,0.15000000596046448,0.15000000596046448,0,0.0,0.0
2024-02-27 00:00:00+00:00,0.15000000596046448,0.15000000596046448,0.15000000596046448,0.15000000596046448,0,0.0,0.0
2024-02-28 00:00:00+00:00,0.20000000298023224,0.20000000298023224,0.20000000298023224,0.20000000298023224,0,0.0,0.0
2024-02-29 00:00:00+00:00,0.20000000298023224,0.20000000298023224,0.20000000298023224,0.20000000298023224,0,0.0,0.0
2024-03-01 00:00:00+00:00,0.20000000298023224,0.20000000298023224,0.20000000298023224,0.20000000298023224,0,0.0,0.0
2024-03-04 00:00:00+00:00,0.20000000298023224,0.15299999713897705,0.15299999713897705,0.20000000298023224,1097,0.0,0.0
2024-03-05 00:00:00+00:00,0.20000000298023224,0.20000000298023224,0.20000000298023224,0.20000000298023224,0,0.0,0.0
2024-03-06 00:00:00+00:00,0.20000000298023224,0.15299999713897705,0.15299999713897705,0.20000000298023224,14,0.0,0.0
2024-03-07 00:00:00+00:00,0.20000000298023224,0.20000000298023224,0.20000000298023224,0.20000000298023224,0,0.0,0.0
2024-03-08 00:00:00+00:00,0.20000000298023224,0.20000000298023224,0.20000000298023224,0.20000000298023224,0,0.0,0.0
2024-03-11 00:00:00+00:00,0.20000000298023224,0.20000000298023224,0.20000000298023224,0.20000000298023224,0,0.0,0.0
2024-03-12 00:00:00+00:00,0.20000000298023224,0.20000000298023224,0.20000000298023224,0.20000000298023224,0,0.0,0.0
2024-03-13 00:00:00+00:00,0.20000000298023224,0.20000000298023224,0.20000000298023224,0.20000000298023224,0,0.0,0.0
2024-03-14 00:00:00+00:00,0.20000000298023224,0.20000000298023224,0.20000000298023224,0.20000000298023224,0,0.0,0.0
2024-03-15 00:00:00+00:00,0.20000000298023224,0.20000000298023224,0.20000000298023224,0.20000000298023224,0,0.0,0.0
2024-03-18 00:00:00+00:00,0.20000000298023224,0.20000000298023224,0.20000000298023224,0.20000000298023224,0,0.0,0.0
2024-03-19 00:00:00+00:00,0.20000000298023224,0.20000000298023224,0.20000000298023224,0.20000000298023224,0,0.0,0.0
2024-03-20 00:00:00+00:00,0.20000000298023224,0.20000000298023224,0.20000000298023224,0.20000000298023224,0,0.0,0.0
2024-03-21 00:00:00+00:00,0.20000000298023224,0.20000000298023224,0.20000000298023224,0.20000000298023224,0,0.0,0.0
2024-03-22 00:00:00+00:00,0.20000000298023224,0.20000000298023224,0.20000000298023224,0.20000000298023224,0,0.0,0.0
2024-03-25 00:00:00+00:00,0.20000000298023224,0.20000000298023224,0.20000000298023224,0.20000000298023224,0,0.0,0.0
2024-03-26 00:00:00+00:00,0.20000000298023224,0.20000000298023224,0.20000000298023224,0.20000000298023224,0,0.0,0.0
2024-03-27 00:00:00+00:00,0.20000000298023224,0.20000000298023224,0.20000000298023224,0.20000000298023224,0,0.0,0.0
2024-03-28 00:00:00+00:00,0.20000000298023224,0.20000000298023224,0.20000000298023224,0.20000000298023224,0,0.0,0.0
2024-04-02 00:00:00+01:00,0.20000000298023224,0.20000000298023224,0.20000000298023224,0.20000000298023224,0,0.0,0.0
2024-04-03 00:00:00+01:00,0.20000000298023224,0.20000000298023224,0.20000000298023224,0.20000000298023224,0,0.0,0.0
2024-04-04 00:00:00+01:00,0.20000000298023224,0.20000000298023224,0.20000000298023224,0.20000000298023224,0,0.0,0.0
2024-04-05 00:00:00+01:00,0.20000000298023224,0.20000000298023224,0.20000000298023224,0.20000000298023224,0,0.0,0.0
2024-04-08 00:00:00+01:00,0.20000000298023224,0.20000000298023224,0.20000000298023224,0.20000000298023224,0,0.0,0.0
2024-04-09 00:00:00+01:00,0.20000000298023224,0.20000000298023224,0.20000000298023224,0.20000000298023224,0,0.0,0.0
2024-04-10 00:00:00+01:00,0.20000000298023224,0.20000000298023224,0.20000000298023224,0.20000000298023224,0,0.0,0.0
2024-04-11 00:00:00+01:00,0.20000000298023224,0.20000000298023224,0.20000000298023224,0.20000000298023224,0,0.0,0.0
2024-04-12 00:00:00+01:00,0.20000000298023224,0.20000000298023224,0.20000000298023224,0.20000000298023224,0,0.0,0.0
2024-04-15 00:00:00+01:00,0.20000000298023224,0.20000000298023224,0.20000000298023224,0.20000000298023224,0,0.0,0.0
2024-04-16 00:00:00+01:00,0.20000000298023224,0.20000000298023224,0.20000000298023224,0.20000000298023224,0,0.0,0.0
2024-04-17 00:00:00+01:00,0.20000000298023224,0.20000000298023224,0.20000000298023224,0.20000000298023224,0,0.0,0.0
2024-04-18 00:00:00+01:00,0.20000000298023224,0.20000000298023224,0.20000000298023224,0.20000000298023224,0,0.0,0.0
2024-04-19 00:00:00+01:00,0.20000000298023224,0.20000000298023224,0.20000000298023224,0.20000000298023224,0,0.0,0.0
2024-04-22 00:00:00+01:00,0.20000000298023224,0.15000000596046448,0.15000000596046448,0.20000000298023224,10000,0.0,0.0
2024-04-23 00:00:00+01:00,0.20000000298023224,0.20000000298023224,0.20000000298023224,0.20000000298023224,0,0.0,0.0
2024-04-24 00:00:00+01:00,0.20000000298023224,0.20000000298023224,0.20000000298023224,0.20000000298023224,0,0.0,0.0
2024-04-25 00:00:00+01:00,0.20000000298023224,0.20000000298023224,0.20000000298023224,0.20000000298023224,0,0.0,0.0
2024-04-26 00:00:00+01:00,0.20000000298023224,0.20000000298023224,0.20000000298023224,0.20000000298023224,0,0.0,0.0
2024-04-29 00:00:00+01:00,0.20000000298023224,0.20000000298023224,0.20000000298023224,0.20000000298023224,0,0.0,0.0
2024-04-30 00:00:00+01:00,0.20000000298023224,0.20000000298023224,0.20000000298023224,0.20000000298023224,0,0.0,0.0
2024-05-01 00:00:00+01:00,0.20000000298023224,0.20000000298023224,0.20000000298023224,0.20000000298023224,0,0.0,0.0
2024-05-02 00:00:00+01:00,0.20000000298023224,0.20000000298023224,0.20000000298023224,0.20000000298023224,0,0.0,0.0
2024-05-03 00:00:00+01:00,0.20000000298023224,0.20000000298023224,0.20000000298023224,0.20000000298023224,0,0.0,0.0
2024-05-07 00:00:00+01:00,0.20000000298023224,0.20000000298023224,0.20000000298023224,0.20000000298023224,0,0.0,0.0
2024-05-08 00:00:00+01:00,0.20000000298023224,0.20000000298023224,0.20000000298023224,0.20000000298023224,0,0.0,0.0
2024-05-09 00:00:00+01:00,0.20000000298023224,0.20000000298023224,0.20000000298023224,0.20000000298023224,0,0.0,0.0
2024-05-10 00:00:00+01:00,0.20000000298023224,0.20000000298023224,0.20000000298023224,0.20000000298023224,0,0.0,0.0
2024-05-13 00:00:00+01:00,0.20000000298023224,0.15299999713897705,0.15299999713897705,0.20000000298023224,305,0.0,0.0
2024-05-14 00:00:00+01:00,0.20000000298023224,0.20000000298023224,0.20000000298023224,0.20000000298023224,0,0.0,0.0
2024-05-15 00:00:00+01:00,0.20000000298023224,0.20000000298023224,0.20000000298023224,0.20000000298023224,0,0.0,0.0
2024-05-16 00:00:00+01:00,0.20000000298023224,0.20000000298023224,0.20000000298023224,0.20000000298023224,0,0.0,0.0
2024-05-17 00:00:00+01:00,0.20000000298023224,0.20000000298023224,0.20000000298023224,0.20000000298023224,0,0.0,0.0
2024-05-20 00:00:00+01:00,0.20000000298023224,0.20000000298023224,0.20000000298023224,0.20000000298023224,0,0.0,0.0
2024-05-21 00:00:00+01:00,0.20000000298023224,0.20000000298023224,0.20000000298023224,0.20000000298023224,0,0.0,0.0
2024-05-22 00:00:00+01:00,0.20000000298023224,0.18000000715255737,0.18000000715255737,0.18000000715255737,500,0.0,0.0
2024-05-23 00:00:00+01:00,0.20000000298023224,0.20000000298023224,0.20000000298023224,0.20000000298023224,0,0.0,0.0
2024-05-24 00:00:00+01:00,0.20000000298023224,0.19599999487400055,0.19599999487400055,0.20000000298023224,500,0.0,0.0
2024-05-28 00:00:00+01:00,0.20000000298023224,0.20000000298023224,0.20000000298023224,0.20000000298023224,0,0.0,0.0
2024-05-29 00:00:00+01:00,0.20000000298023224,0.20000000298023224,0.20000000298023224,0.20000000298023224,0,0.0,0.0
2024-05-30 00:00:00+01:00,0.20000000298023224,0.20000000298023224,0.20000000298023224,0.20000000298023224,0,0.0,0.0
2024-05-31 00:00:00+01:00,0.20000000298023224,0.20000000298023224,0.20000000298023224,0.20000000298023224,0,0.0,0.0
2024-06-03 00:00:00+01:00,0.20000000298023224,0.20000000298023224,0.20000000298023224,0.20000000298023224,0,0.0,0.0
2024-06-04 00:00:00+01:00,0.20000000298023224,0.20000000298023224,0.20000000298023224,0.20000000298023224,0,0.0,0.0
2024-06-05 00:00:00+01:00,0.20000000298023224,0.20000000298023224,0.20000000298023224,0.20000000298023224,0,0.0,0.0
2024-06-06 00:00:00+01:00,0.20000000298023224,0.20000000298023224,0.20000000298023224,0.20000000298023224,0,0.0,0.0
2024-06-07 00:00:00+01:00,0.20000000298023224,0.20000000298023224,0.20000000298023224,0.20000000298023224,0,0.0,0.0
2024-06-10 00:00:00+01:00,0.20000000298023224,0.18000000715255737,0.18000000715255737,0.18000000715255737,100,0.0,0.0
2024-06-11 00:00:00+01:00,0.20000000298023224,0.20000000298023224,0.20000000298023224,0.20000000298023224,0,0.0,0.0
2024-06-12 00:00:00+01:00,0.20000000298023224,0.20000000298023224,0.20000000298023224,0.20000000298023224,0,0.0,0.0
2024-06-13 00:00:00+01:00,0.20000000298023224,0.20000000298023224,0.20000000298023224,0.20000000298023224,0,0.0,0.0
2024-06-14 00:00:00+01:00,0.20000000298023224,0.18000000715255737,0.18000000715255737,0.18000000715255737,4545,0.0,0.0
2024-06-17 00:00:00+01:00,0.20000000298023224,0.20000000298023224,0.20000000298023224,0.20000000298023224,0,0.0,0.0
2024-06-18 00:00:00+01:00,0.20000000298023224,0.19499999284744263,0.18000000715255737,0.20000000298023224,771,0.0,0.0
2024-06-19 00:00:00+01:00,0.20000000298023224,0.20000000298023224,0.20000000298023224,0.20000000298023224,0,0.0,0.0
2024-06-20 00:00:00+01:00,0.20000000298023224,0.20000000298023224,0.20000000298023224,0.20000000298023224,0,0.0,0.0
2024-06-21 00:00:00+01:00,0.20000000298023224,0.18000000715255737,0.18000000715255737,0.18000000715255737,500,0.0,0.0
2024-06-24 00:00:00+01:00,0.20000000298023224,0.1979999989271164,0.1979999989271164,0.20000000298023224,3084,0.0,0.0
2024-06-25 00:00:00+01:00,0.20000000298023224,0.20399999618530273,0.20399999618530273,0.20000000298023224,201,0.0,0.0
2024-06-26 00:00:00+01:00,0.20000000298023224,0.20399999618530273,0.20399999618530273,0.20000000298023224,7378,0.0,0.0
2024-06-27 00:00:00+01:00,0.20000000298023224,0.20000000298023224,0.20000000298023224,0.20000000298023224,0,0.0,0.0
2024-06-28 00:00:00+01:00,0.20000000298023224,0.20000000298023224,0.20000000298023224,0.20000000298023224,0,0.0,0.0
2024-07-01 00:00:00+01:00,0.20000000298023224,0.20399999618530273,0.20399999618530273,0.20000000298023224,1500,0.0,0.0
2024-07-02 00:00:00+01:00,0.20000000298023224,0.2199999988079071,0.20399999618530273,0.2199999988079071,3000,0.0,0.0
2024-07-03 00:00:00+01:00,0.20000000298023224,0.2240000069141388,0.2240000069141388,0.20000000298023224,1500,0.0,0.0
2024-07-04 00:00:00+01:00,0.20000000298023224,0.2199999988079071,0.2199999988079071,0.2199999988079071,2031,0.0,0.0
2024-07-05 00:00:00+01:00,0.20000000298023224,0.2199999988079071,0.2199999988079071,0.20000000298023224,3500,0.0,0.0
2024-07-08 00:00:00+01:00,0.20000000298023224,0.2199999988079071,0.20399999618530273,0.20000000298023224,4554,0.0,0.0
2024-07-09 00:00:00+01:00,0.20000000298023224,0.20000000298023224,0.20000000298023224,0.20000000298023224,500,0.0,0.0
2024-07-10 00:00:00+01:00,0.20000000298023224,0.2199999988079071,0.20399999618530273,0.20000000298023224,10000,0.0,0.0
2024-07-11 00:00:00+01:00,0.20000000298023224,0.2199999988079071,0.20399999618530273,0.2199999988079071,3000,0.0,0.0
2024-07-12 00:00:00+01:00,0.20000000298023224,0.24199999868869781,0.2240000069141388,0.24199999868869781,11544,0.0,0.0
2024-07-15 00:00:00+01:00,0.20000000298023224,0.25,0.24799999594688416,0.25,14500,0.0,0.0
2024-07-16 00:00:00+01:00,0.20000000298023224,0.25,0.20000000298023224,0.20000000298023224,8613,0.0,0.0
2024-07-17 00:00:00+01:00,0.20000000298023224,0.2199999988079071,0.20399999618530273,0.2199999988079071,6000,0.0,0.0
2024-07-18 00:00:00+01:00,0.20000000298023224,0.2199999988079071,0.20000000298023224,0.20000000298023224,1700,0.0,0.0
2024-07-19 00:00:00+01:00,0.17000000178813934,0.2199999988079071,0.20399999618530273,0.2199999988079071,3000,0.0,0.0
2024-07-22 00:00:00+01:00,0.20000000298023224,0.20000000298023224,0.20000000298023224,0.20000000298023224,0,0.0,0.0
2024-07-23 00:00:00+01:00,0.20000000298023224,0.20000000298023224,0.20000000298023224,0.20000000298023224,0,0.0,0.0
2024-07-24 00:00:00+01:00,0.20000000298023224,0.20000000298023224,0.20000000298023224,0.20000000298023224,0,0.0,0.0
2024-07-25 00:00:00+01:00,0.20000000298023224,0.25,0.25,0.25,15000,0.0,0.0
2024-07-26 00:00:00+01:00,0.25,0.25,0.25,0.25,0,0.0,0.0
2024-07-29 00:00:00+01:00,0.25,0.30000001192092896,0.25,0.2750000059604645,7526,0.0,0.0
2024-07-30 00:00:00+01:00,0.2750000059604645,0.2750000059604645,0.2750000059604645,0.2750000059604645,0,0.0,0.0
2024-07-31 00:00:00+01:00,0.2750000059604645,0.28200000524520874,0.25,0.2750000059604645,356,0.0,0.0
2024-08-01 00:00:00+01:00,0.2750000059604645,0.30000001192092896,0.29750001430511475,0.32499998807907104,15001,0.0,0.0
2024-08-02 00:00:00+01:00,0.32499998807907104,0.4000000059604645,0.25450000166893005,0.3499999940395355,21200,0.0,0.0
2024-08-05 00:00:00+01:00,0.3499999940395355,0.4000000059604645,0.25,0.32499998807907104,45000,0.0,0.0
2024-08-06 00:00:00+01:00,0.32499998807907104,0.32499998807907104,0.32499998807907104,0.32499998807907104,0,0.0,0.0
2024-08-07 00:00:00+01:00,0.32499998807907104,0.38999998569488525,0.23000000417232513,0.25,11308,0.0,0.0
2024-08-08 00:00:00+01:00,0.25,0.25,0.25,0.25,0,0.0,0.0
2024-08-09 00:00:00+01:00,0.25,0.25,0.25,0.25,0,0.0,0.0
2024-08-12 00:00:00+01:00,0.25,0.25,0.25,0.25,0,0.0,0.0
2024-08-13 00:00:00+01:00,0.25,0.25,0.25,0.25,0,0.0,0.0
2024-08-14 00:00:00+01:00,0.25,0.25,0.25,0.25,0,0.0,0.0
2024-08-15 00:00:00+01:00,0.25,0.25,0.25,0.25,0,0.0,0.0
2024-08-16 00:00:00+01:00,0.25,0.23000000417232513,0.23000000417232513,0.25,136,0.0,0.0
2024-08-19 00:00:00+01:00,0.25,0.25600001215934753,0.20000000298023224,0.22499999403953552,34500,0.0,0.0
2024-08-20 00:00:00+01:00,0.22499999403953552,0.24199999868869781,0.20000000298023224,0.24199999868869781,48500,0.0,0.0
2024-08-21 00:00:00+01:00,0.22499999403953552,0.25,0.20000000298023224,0.25,100100,0.0,0.0
2024-08-22 00:00:00+01:00,0.22499999403953552,0.25600001215934753,0.20000000298023224,0.25600001215934753,88500,0.0,0.0
2024-08-23 00:00:00+01:00,0.22499999403953552,0.25600001215934753,0.25600001215934753,0.22499999403953552,2000,0.0,0.0
2024-08-27 00:00:00+01:00,0.22499999403953552,0.23000000417232513,0.20999999344348907,0.22499999403953552,6250,0.0,0.0
2024-08-28 00:00:00+01:00,0.22499999403953552,0.22499999403953552,0.22499999403953552,0.22499999403953552,0,0.0,0.0
2024-08-29 00:00:00+01:00,0.22499999403953552,0.23000000417232513,0.23000000417232513,0.22499999403953552,1500,0.0,0.0
2024-08-30 00:00:00+01:00,0.22499999403953552,0.23000000417232513,0.23000000417232513,0.22499999403953552,1500,0.0,0.0
2024-09-02 00:00:00+01:00,0.22499999403953552,0.23000000417232513,0.23000000417232513,0.23000000417232513,1500,0.0,0.0
2024-09-03 00:00:00+01:00,0.22499999403953552,0.23600000143051147,0.23600000143051147,0.22499999403953552,1500,0.0,0.0
2024-09-04 00:00:00+01:00,0.22499999403953552,0.2199999988079071,0.20000000298023224,0.20000000298023224,39586,0.0,0.0
2024-09-05 00:00:00+01:00,0.20000000298023224,0.17000000178813934,0.17000000178813934,0.20000000298023224,6,0.0,0.0
2024-09-06 00:00:00+01:00,0.20000000298023224,0.20000000298023224,0.20000000298023224,0.20000000298023224,0,0.0,0.0
2024-09-09 00:00:00+01:00,0.20000000298023224,0.17499999701976776,0.17499999701976776,0.20000000298023224,6,0.0,0.0
2024-09-10 00:00:00+01:00,0.20000000298023224,0.20000000298023224,0.20000000298023224,0.20000000298023224,0,0.0,0.0
2024-09-11 00:00:00+01:00,0.20000000298023224,0.20000000298023224,0.20000000298023224,0.20000000298023224,1200,0.0,0.0
2024-09-12 00:00:00+01:00,0.20000000298023224,0.20000000298023224,0.20000000298023224,0.20000000298023224,0,0.0,0.0
2024-09-13 00:00:00+01:00,0.20000000298023224,0.20399999618530273,0.20399999618530273,0.20399999618530273,300,0.0,0.0
2024-09-16 00:00:00+01:00,0.20000000298023224,0.20399999618530273,0.18000000715255737,0.20399999618530273,10649,0.0,0.0
2024-09-17 00:00:00+01:00,0.20000000298023224,0.20800000429153442,0.18000000715255737,0.20000000298023224,1504,0.0,0.0
2024-09-18 00:00:00+01:00,0.20000000298023224,0.20399999618530273,0.20000000298023224,0.20000000298023224,4999,0.0,0.0
2024-09-19 00:00:00+01:00,0.20000000298023224,0.20399999618530273,0.20399999618530273,0.20000000298023224,1500,0.0,0.0
2024-09-20 00:00:00+01:00,0.20000000298023224,0.20399999618530273,0.20399999618530273,0.20000000298023224,1500,0.0,0.0
2024-09-23 00:00:00+01:00,0.20000000298023224,0.20399999618530273,0.20399999618530273,0.20000000298023224,3000,0.0,0.0
2024-09-24 00:00:00+01:00,0.20000000298023224,0.20399999618530273,0.20399999618530273,0.20000000298023224,3000,0.0,0.0
2024-09-25 00:00:00+01:00,0.20000000298023224,0.20399999618530273,0.20000000298023224,0.20000000298023224,3000,0.0,0.0
2024-09-26 00:00:00+01:00,0.20000000298023224,0.20399999618530273,0.20399999618530273,0.20000000298023224,1500,0.0,0.0
2024-09-27 00:00:00+01:00,0.20000000298023224,0.2199999988079071,0.2199999988079071,0.2199999988079071,1500,0.0,0.0
2024-09-30 00:00:00+01:00,0.20000000298023224,0.20000000298023224,0.20000000298023224,0.20000000298023224,0,0.0,0.0
2024-10-01 00:00:00+01:00,0.20000000298023224,0.22499999403953552,0.1899999976158142,0.20000000298023224,27510,0.0,0.0
2024-10-02 00:00:00+01:00,0.20000000298023224,0.20399999618530273,0.20399999618530273,0.20000000298023224,8000,0.0,0.0
2024-10-03 00:00:00+01:00,0.20000000298023224,0.20399999618530273,0.20399999618530273,0.20000000298023224,1500,0.0,0.0
2024-10-04 00:00:00+01:00,0.20000000298023224,0.20399999618530273,0.20399999618530273,0.20000000298023224,3500,0.0,0.0
2024-10-07 00:00:00+01:00,0.20000000298023224,0.20000000298023224,0.20000000298023224,0.20000000298023224,1500,0.0,0.0
2024-10-08 00:00:00+01:00,0.20000000298023224,0.20399999618530273,0.20399999618530273,0.20000000298023224,1500,0.0,0.0
2024-10-09 00:00:00+01:00,0.20000000298023224,0.20399999618530273,0.20399999618530273,0.20000000298023224,3000,0.0,0.0
2024-10-10 00:00:00+01:00,0.20000000298023224,0.20399999618530273,0.20399999618530273,0.20399999618530273,6000,0.0,0.0
2024-10-11 00:00:00+01:00,0.20000000298023224,0.20800000429153442,0.20800000429153442,0.20000000298023224,3000,0.0,0.0
2024-10-14 00:00:00+01:00,0.20000000298023224,0.20399999618530273,0.20399999618530273,0.20000000298023224,505,0.0,0.0
2024-10-15 00:00:00+01:00,0.20000000298023224,0.20000000298023224,0.20000000298023224,0.20000000298023224,0,0.0,0.0
2024-10-16 00:00:00+01:00,0.20000000298023224,0.20000000298023224,0.20000000298023224,0.20000000298023224,0,0.0,0.0
2024-10-17 00:00:00+01:00,0.20000000298023224,0.20000000298023224,0.20000000298023224,0.20000000298023224,0,0.0,0.0
2024-10-18 00:00:00+01:00,0.20000000298023224,0.20000000298023224,0.20000000298023224,0.20000000298023224,0,0.0,0.0
2024-10-21 00:00:00+01:00,0.20000000298023224,0.1599999964237213,0.1599999964237213,0.20000000298023224,10000,0.0,0.0
2024-10-22 00:00:00+01:00,0.20000000298023224,0.20000000298023224,0.20000000298023224,0.20000000298023224,0,0.0,0.0
2024-10-23 00:00:00+01:00,0.20000000298023224,0.20000000298023224,0.20000000298023224,0.20000000298023224,0,0.0,0.0
2024-10-24 00:00:00+01:00,0.20000000298023224,0.20000000298023224,0.20000000298023224,0.20000000298023224,0,0.0,0.0
2024-10-25 00:00:00+01:00,0.20000000298023224,0.20000000298023224,0.20000000298023224,0.20000000298023224,0,0.0,0.0
2024-10-28 00:00:00+00:00,0.20000000298023224,0.20000000298023224,0.20000000298023224,0.20000000298023224,0,0.0,0.0
2024-10-29 00:00:00+00:00,0.20000000298023224,0.20000000298023224,0.20000000298023224,0.20000000298023224,0,0.0,0.0
2024-10-30 00:00:00+00:00,0.20000000298023224,0.23999999463558197,0.23999999463558197,0.20000000298023224,9995,0.0,0.0
2024-10-31 00:00:00+00:00,0.20000000298023224,0.25,0.25,0.22499999403953552,11000,0.0,0.0
2024-11-01 00:00:00+00:00,0.22499999403953552,0.22499999403953552,0.22499999403953552,0.22499999403953552,0,0.0,0.0
2024-11-04 00:00:00+00:00,0.22499999403953552,0.22499999403953552,0.22499999403953552,0.22499999403953552,0,0.0,0.0
2024-11-05 00:00:00+00:00,0.22499999403953552,0.22499999403953552,0.22499999403953552,0.22499999403953552,0,0.0,0.0
2024-11-06 00:00:00+00:00,0.22499999403953552,0.20600000023841858,0.20600000023841858,0.22499999403953552,1,0.0,0.0
2024-11-07 00:00:00+00:00,0.22499999403953552,0.22499999403953552,0.22499999403953552,0.22499999403953552,0,0.0,0.0
2024-11-08 00:00:00+00:00,0.22499999403953552,0.22499999403953552,0.22499999403953552,0.22499999403953552,0,0.0,0.0
2024-11-11 00:00:00+00:00,0.22499999403953552,0.22499999403953552,0.22499999403953552,0.22499999403953552,0,0.0,0.0
2024-11-12 00:00:00+00:00,0.22499999403953552,0.22499999403953552,0.22499999403953552,0.22499999403953552,0,0.0,0.0
2024-11-13 00:00:00+00:00,0.22499999403953552,0.22499999403953552,0.22499999403953552,0.22499999403953552,0,0.0,0.0
2024-11-14 00:00:00+00:00,0.22499999403953552,0.23000000417232513,0.23000000417232513,0.22499999403953552,19161,0.0,0.0
2024-11-15 00:00:00+00:00,0.22499999403953552,0.25,0.20100000500679016,0.25,5034,0.0,0.0
2024-11-18 00:00:00+00:00,0.25,0.25,0.25,0.25,0,0.0,0.0
2024-11-19 00:00:00+00:00,0.25,0.25,0.25,0.25,0,0.0,0.0
2024-11-20 00:00:00+00:00,0.25,0.2540000081062317,0.2540000081062317,0.25,6000,0.0,0.0
2024-11-21 00:00:00+00:00,0.25,0.25,0.25,0.25,0,0.0,0.0
2024-11-22 00:00:00+00:00,0.25,0.25,0.25,0.25,0,0.0,0.0
2024-11-25 00:00:00+00:00,0.25,0.25600001215934753,0.25600001215934753,0.25,5000,0.0,0.0
2024-11-26 00:00:00+00:00,0.25,0.25,0.25,0.25,0,0.0,0.0
2024-11-27 00:00:00+00:00,0.25,0.25600001215934753,0.25600001215934753,0.25,5000,0.0,0.0
2024-11-28 00:00:00+00:00,0.25,0.25,0.25,0.25,0,0.0,0.0
2024-11-29 00:00:00+00:00,0.25,0.25,0.25,0.25,2968,0.0,0.0
2024-12-02 00:00:00+00:00,0.25,0.25,0.25,0.25,0,0.0,0.0
2024-12-03 00:00:00+00:00,0.25,0.25,0.25,0.25,0,0.0,0.0
2024-12-04 00:00:00+00:00,0.25,0.2540000081062317,0.2540000081062317,0.25,2032,0.0,0.0
2024-12-05 00:00:00+00:00,0.25,0.25,0.25,0.25,0,0.0,0.0
2024-12-06 00:00:00+00:00,0.25,0.25,0.25,0.25,0,0.0,0.0
2024-12-09 00:00:00+00:00,0.25,0.25,0.25,0.25,0,0.0,0.0
2024-12-10 00:00:00+00:00,0.25,0.25,0.25,0.25,0,0.0,0.0
2024-12-11 00:00:00+00:00,0.25,0.25,0.25,0.25,0,0.0,0.0
2024-12-12 00:00:00+00:00,0.25,0.25,0.25,0.25,0,0.0,0.0
2024-12-13 00:00:00+00:00,0.25,0.25,0.25,0.25,0,0.0,0.0
2024-12-16 00:00:00+00:00,0.25,0.25,0.25,0.25,0,0.0,0.0
2024-12-17 00:00:00+00:00,0.25,0.25,0.25,0.25,0,0.0,0.0
2024-12-18 00:00:00+00:00,0.25,0.25,0.25,0.25,0,0.0,0.0
2024-12-19 00:00:00+00:00,0.25,0.25,0.25,0.25,0,0.0,0.0
2024-12-20 00:00:00+00:00,0.25,0.25,0.25,0.25,0,0.0,0.0
2024-12-23 00:00:00+00:00,0.25,0.25,0.25,0.25,0,0.0,0.0
2024-12-24 00:00:00+00:00,0.25,0.25,0.25,0.25,0,0.0,0.0
2024-12-27 00:00:00+00:00,0.25,0.25,0.25,0.25,0,0.0,0.0
2024-12-30 00:00:00+00:00,0.25,0.25,0.25,0.25,0,0.0,0.0
2024-12-31 00:00:00+00:00,0.25,0.25,0.25,0.25,0,0.0,0.0
2025-01-02 00:00:00+00:00,0.25,0.25600001215934753,0.25600001215934753,0.25,1500,0.0,0.0
2025-01-03 00:00:00+00:00,0.25,0.25,0.25,0.25,0,0.0,0.0
2025-01-06 00:00:00+00:00,0.25,0.25600001215934753,0.25600001215934753,0.25,215,0.0,0.0
2025-01-07 00:00:00+00:00,0.25,0.25,0.25,0.25,0,0.0,0.0
2025-01-08 00:00:00+00:00,0.25,0.25,0.25,0.25,0,0.0,0.0
2025-01-09 00:00:00+00:00,0.25,0.25,0.25,0.25,0,0.0,0.0
2025-01-10 00:00:00+00:00,0.25,0.25,0.25,0.25,0,0.0,0.0
2025-01-13 00:00:00+00:00,0.25,0.25,0.25,0.25,0,0.0,0.0
2025-01-14 00:00:00+00:00,0.25,0.25,0.25,0.25,0,0.0,0.0
2025-01-15 00:00:00+00:00,0.25,0.25,0.25,0.25,0,0.0,0.0
2025-01-16 00:00:00+00:00,0.25,0.25,0.25,0.25,0,0.0,0.0
2025-01-17 00:00:00+00:00,0.25,0.25,0.25,0.25,0,0.0,0.0
2025-01-20 00:00:00+00:00,0.25,0.25,0.25,0.25,0,0.0,0.0
2025-01-21 00:00:00+00:00,0.25,0.25,0.25,0.25,0,0.0,0.0
2025-01-22 00:00:00+00:00,0.25,0.25,0.25,0.25,0,0.0,0.0
2025-01-23 00:00:00+00:00,0.25,0.25,0.25,0.25,0,0.0,0.0
2025-01-24 00:00:00+00:00,0.25,0.25,0.25,0.25,0,0.0,0.0
2025-01-27 00:00:00+00:00,0.25,0.25,0.25,0.25,0,0.0,0.0
2025-01-28 00:00:00+00:00,0.25,0.25,0.25,0.25,0,0.0,0.0
2025-01-29 00:00:00+00:00,0.25,0.25,0.25,0.25,0,0.0,0.0
2025-01-30 00:00:00+00:00,0.25,0.25,0.25,0.25,0,0.0,0.0
2025-01-31 00:00:00+00:00,0.25,0.25,0.25,0.25,0,0.0,0.0
2025-02-03 00:00:00+00:00,0.25,0.4000000059604645,0.25,0.42500001192092896,55912,0.0,0.0
2025-02-04 00:00:00+00:00,0.42500001192092896,0.4970000088214874,0.4000000059604645,0.375,22249,0.0,0.0
2025-02-05 00:00:00+00:00,0.375,0.3499999940395355,0.25,0.2750000059604645,49988,0.0,0.0
2025-02-06 00:00:00+00:00,0.2750000059604645,0.2750000059604645,0.2750000059604645,0.2750000059604645,0,0.0,0.0
2025-02-07 00:00:00+00:00,0.2750000059604645,0.2750000059604645,0.2750000059604645,0.2750000059604645,0,0.0,0.0
2025-02-10 00:00:00+00:00,0.2750000059604645,0.2750000059604645,0.2750000059604645,0.2750000059604645,0,0.0,0.0
2025-02-11 00:00:00+00:00,0.2750000059604645,0.2750000059604645,0.2750000059604645,0.2750000059604645,0,0.0,0.0
2025-02-12 00:00:00+00:00,0.2750000059604645,0.2750000059604645,0.2750000059604645,0.2750000059604645,0,0.0,0.0
2025-02-13 00:00:00+00:00,0.2750000059604645,0.2750000059604645,0.2750000059604645,0.2750000059604645,0,0.0,0.0
2025-02-14 00:00:00+00:00,0.2750000059604645,0.2750000059604645,0.2750000059604645,0.2750000059604645,0,0.0,0.0
2025-02-17 00:00:00+00:00,0.2750000059604645,0.2750000059604645,0.2750000059604645,0.2750000059604645,0,0.0,0.0
2025-02-18 00:00:00+00:00,0.2750000059604645,0.2750000059604645,0.2750000059604645,0.2750000059604645,0,0.0,0.0
2025-02-19 00:00:00+00:00,0.2750000059604645,0.2750000059604645,0.2750000059604645,0.2750000059604645,0,0.0,0.0
2025-02-20 00:00:00+00:00,0.2750000059604645,0.2750000059604645,0.2750000059604645,0.2750000059604645,0,0.0,0.0
2025-02-21 00:00:00+00:00,0.2750000059604645,0.2750000059604645,0.2750000059604645,0.2750000059604645,0,0.0,0.0
2025-02-24 00:00:00+00:00,0.2750000059604645,0.2750000059604645,0.2750000059604645,0.2750000059604645,0,0.0,0.0
2025-02-25 00:00:00+00:00,0.2750000059604645,0.2750000059604645,0.2750000059604645,0.2750000059604645,0,0.0,0.0
2025-02-26 00:00:00+00:00,0.2750000059604645,0.2750000059604645,0.2750000059604645,0.2750000059604645,0,0.0,0.0
2025-02-27 00:00:00+00:00,0.2750000059604645,0.25,0.25,0.22499999403953552,19000,0.0,0.0
2025-02-28 00:00:00+00:00,0.22499999403953552,0.22499999403953552,0.22499999403953552,0.22499999403953552,0,0.0,0.0
2025-03-03 00:00:00+00:00,0.22499999403953552,0.22499999403953552,0.22499999403953552,0.22499999403953552,0,0.0,0.0
2025-03-04 00:00:00+00:00,0.22499999403953552,0.22499999403953552,0.22499999403953552,0.22499999403953552,0,0.0,0.0
2025-03-05 00:00:00+00:00,0.22499999403953552,0.20000000298023224,0.20000000298023224,0.22499999403953552,1,0.0,0.0
2025-03-06 00:00:00+00:00,0.22499999403953552,0.22499999403953552,0.22499999403953552,0.22499999403953552,0,0.0,0.0
2025-03-07 00:00:00+00:00,0.22499999403953552,0.2199999988079071,0.20000000298023224,0.22499999403953552,5773,0.0,0.0
2025-03-10 00:00:00+00:00,0.20000000298023224,0.20000000298023224,0.20000000298023224,0.20000000298023224,0,0.0,0.0
2025-03-11 00:00:00+00:00,0.17499999701976776,0.17499999701976776,0.17499999701976776,0.17499999701976776,0,0.0,0.0
2025-03-12 00:00:00+00:00,0.17499999701976776,0.17499999701976776,0.17499999701976776,0.17499999701976776,0,0.0,0.0
2025-03-13 00:00:00+00:00,0.17499999701976776,0.17499999701976776,0.17499999701976776,0.17499999701976776,0,0.0,0.0
2025-03-14 00:00:00+00:00,0.17499999701976776,0.17499999701976776,0.17499999701976776,0.17499999701976776,0,0.0,0.0
2025-03-17 00:00:00+00:00,0.17499999701976776,0.17499999701976776,0.17499999701976776,0.17499999701976776,0,0.0,0.0
2025-03-18 00:00:00+00:00,0.17499999701976776,0.17499999701976776,0.17499999701976776,0.17499999701976776,0,0.0,0.0
2025-03-19 00:00:00+00:00,0.17499999701976776,0.17499999701976776,0.17499999701976776,0.17499999701976776,0,0.0,0.0
2025-03-20 00:00:00+00:00,0.17499999701976776,0.17499999701976776,0.17499999701976776,0.17499999701976776,0,0.0,0.0
2025-03-21 00:00:00+00:00,0.17499999701976776,0.17499999701976776,0.17499999701976776,0.17499999701976776,0,0.0,0.0
2025-03-24 00:00:00+00:00,0.17499999701976776,0.17499999701976776,0.17499999701976776,0.17499999701976776,0,0.0,0.0
2025-03-25 00:00:00+00:00,0.17499999701976776,0.17499999701976776,0.17499999701976776,0.17499999701976776,0,0.0,0.0
2025-03-26 00:00:00+00:00,0.17499999701976776,0.1899999976158142,0.15000000596046448,0.17499999701976776,145,0.0,0.0
2025-03-27 00:00:00+00:00,0.17499999701976776,0.1899999976158142,0.1899999976158142,0.17499999701976776,776,0.0,0.0
2025-03-28 00:00:00+00:00,0.17499999701976776,0.1899999976158142,0.1899999976158142,0.17499999701976776,768,0.0,0.0
2025-03-31 00:00:00+01:00,0.17499999701976776,0.17499999701976776,0.17499999701976776,0.17499999701976776,0,0.0,0.0
2025-04-01 00:00:00+01:00,0.17499999701976776,0.1899999976158142,0.1899999976158142,0.17499999701976776,1331,0.0,0.0
2025-04-02 00:00:00+01:00,0.17499999701976776,0.1899999976158142,0.1899999976158142,0.17499999701976776,10,0.0,0.0
2025-04-03 00:00:00+01:00,0.17499999701976776,0.17499999701976776,0.17499999701976776,0.17499999701976776,0,0.0,0.0
2025-04-04 00:00:00+01:00,0.15000000596046448,0.1899999976158142,0.1899999976158142,0.17499999701976776,597,0.0,0.0
2025-04-07 00:00:00+01:00,0.17499999701976776,0.17499999701976776,0.17499999701976776,0.17499999701976776,0,0.0,0.0
2025-04-08 00:00:00+01:00,0.17499999701976776,0.17499999701976776,0.17499999701976776,0.17499999701976776,0,0.0,0.0
2025-04-09 00:00:00+01:00,0.17499999701976776,0.17499999701976776,0.17499999701976776,0.17499999701976776,0,0.0,0.0
2025-04-10 00:00:00+01:00,0.17499999701976776,0.19200000166893005,0.1899999976158142,0.17499999701976776,1768,0.0,0.0
2025-04-11 00:00:00+01:00,0.17499999701976776,0.1899999976158142,0.1899999976158142,0.17499999701976776,2206,0.0,0.0
2025-04-14 00:00:00+01:00,0.17499999701976776,0.17499999701976776,0.17499999701976776,0.17499999701976776,0,0.0,0.0
2025-04-15 00:00:00+01:00,0.17499999701976776,0.1899999976158142,0.1899999976158142,0.17499999701976776,5772,0.0,0.0
2025-04-16 00:00:00+01:00,0.17499999701976776,0.17499999701976776,0.17499999701976776,0.17499999701976776,0,0.0,0.0
2025-04-17 00:00:00+01:00,0.17499999701976776,0.19200000166893005,0.19200000166893005,0.17499999701976776,679,0.0,0.0
2025-04-22 00:00:00+01:00,0.17499999701976776,0.15000000596046448,0.15000000596046448,0.17499999701976776,799,0.0,0.0
2025-04-23 00:00:00+01:00,0.17499999701976776,0.17499999701976776,0.17499999701976776,0.17499999701976776,0,0.0,0.0
2025-04-24 00:00:00+01:00,0.17499999701976776,0.17499999701976776,0.17499999701976776,0.17499999701976776,0,0.0,0.0
2025-04-25 00:00:00+01:00,0.17499999701976776,0.17499999701976776,0.17499999701976776,0.17499999701976776,0,0.0,0.0
2025-04-28 00:00:00+01:00,0.17499999701976776,0.1899999976158142,0.15299999713897705,0.18000000715255737,3032,0.0,0.0
2025-04-29 00:00:00+01:00,0.17499999701976776,0.18400000035762787,0.15299999713897705,0.17499999701976776,12034,0.0,0.0
2025-04-30 00:00:00+01:00,0.17499999701976776,0.17499999701976776,0.17499999701976776,0.17499999701976776,0,0.0,0.0
2025-05-01 00:00:00+01:00,0.17499999701976776,0.17900000512599945,0.15000000596046448,0.17499999701976776,10693,0.0,0.0
2025-05-02 00:00:00+01:00,0.17499999701976776,0.18299999833106995,0.15000000596046448,0.17499999701976776,35500,0.0,0.0
2025-05-06 00:00:00+01:00,0.17499999701976776,0.18000000715255737,0.17900000512599945,0.17499999701976776,5201,0.0,0.0
2025-05-07 00:00:00+01:00,0.17499999701976776,0.18000000715255737,0.15000000596046448,0.17499999701976776,22974,0.0,0.0
2025-05-08 00:00:00+01:00,0.17499999701976776,0.1899999976158142,0.1899999976158142,0.17499999701976776,730,0.0,0.0
2025-05-09 00:00:00+01:00,0.17499999701976776,0.18000000715255737,0.15000000596046448,0.17499999701976776,60698,0.0,0.0
2025-05-12 00:00:00+01:00,0.17499999701976776,0.18000000715255737,0.15000000596046448,0.17499999701976776,10001,0.0,0.0
2025-05-13 00:00:00+01:00,0.17499999701976776,0.17499999701976776,0.17499999701976776,0.17499999701976776,0,0.0,0.0
2025-05-14 00:00:00+01:00,0.17499999701976776,0.17499999701976776,0.17499999701976776,0.17499999701976776,0,0.0,0.0
2025-05-15 00:00:00+01:00,0.17499999701976776,0.15000000596046448,0.15000000596046448,0.17499999701976776,669,0.0,0.0
2025-05-16 00:00:00+01:00,0.17499999701976776,0.1899999976158142,0.1899999976158142,0.17499999701976776,661,0.0,0.0
2025-05-19 00:00:00+01:00,0.17499999701976776,0.15000000596046448,0.15000000596046448,0.17499999701976776,5000,0.0,0.0
2025-05-20 00:00:00+01:00,0.17499999701976776,0.17499999701976776,0.17499999701976776,0.17499999701976776,0,0.0,0.0
2025-05-21 00:00:00+01:00,0.17499999701976776,0.18000000715255737,0.15000000596046448,0.18000000715255737,18960,0.0,0.0
2025-05-22 00:00:00+01:00,0.17499999701976776,0.18400000035762787,0.15000000596046448,0.18400000035762787,14680,0.0,0.0
2025-05-23 00:00:00+01:00,0.17499999701976776,0.20000000298023224,0.18000000715255737,0.17499999701976776,559,0.0,0.0
2025-05-27 00:00:00+01:00,0.17499999701976776,0.20000000298023224,0.1899999976158142,0.17499999701976776,2941,0.0,0.0
2025-05-28 00:00:00+01:00,0.17499999701976776,0.17900000512599945,0.15000000596046448,0.17900000512599945,15250,0.0,0.0
2025-05-29 00:00:00+01:00,0.17499999701976776,0.18000000715255737,0.18000000715255737,0.17499999701976776,110,0.0,0.0
2025-05-30 00:00:00+01:00,0.17499999701976776,0.17499999701976776,0.17499999701976776,0.17499999701976776,0,0.0,0.0
2025-06-02 00:00:00+01:00,0.17499999701976776,0.15000000596046448,0.15000000596046448,0.17499999701976776,74,0.0,0.0
2025-06-03 00:00:00+01:00,0.17499999701976776,0.15000000596046448,0.15000000596046448,0.1599999964237213,5000,0.0,0.0
2025-06-04 00:00:00+01:00,0.1599999964237213,0.15000000596046448,0.10000000149011612,0.125,40478,0.0,0.0
2025-06-05 00:00:00+01:00,0.125,0.15000000596046448,0.10000000149011612,0.125,2638,0.0,0.0
2025-06-06 00:00:00+01:00,0.125,0.125,0.125,0.125,0,0.0,0.0
2025-06-09 00:00:00+01:00,0.125,0.125,0.125,0.125,0,0.0,0.0
2025-06-10 00:00:00+01:00,0.125,0.125,0.125,0.125,0,0.0,0.0
2025-06-11 00:00:00+01:00,0.125,0.125,0.125,0.125,0,0.0,0.0
2025-06-12 00:00:00+01:00,0.125,0.1420000046491623,0.1420000046491623,0.125,1106,0.0,0.0
2025-06-13 00:00:00+01:00,0.125,0.125,0.125,0.125,0,0.0,0.0
2025-06-16 00:00:00+01:00,0.125,0.125,0.125,0.125,0,0.0,0.0
2025-06-17 00:00:00+01:00,0.125,0.125,0.125,0.125,0,0.0,0.0
2025-06-18 00:00:00+01:00,0.125,0.125,0.125,0.125,0,0.0,0.0
2025-06-19 00:00:00+01:00,0.125,0.125,0.125,0.125,0,0.0,0.0
2025-06-20 00:00:00+01:00,0.125,0.125,0.125,0.125,0,0.0,0.0
2025-06-23 00:00:00+01:00,0.125,0.125,0.125,0.125,0,0.0,0.0
2025-06-24 00:00:00+01:00,0.125,0.125,0.125,0.125,0,0.0,0.0
2025-06-25 00:00:00+01:00,0.125,0.125,0.125,0.125,0,0.0,0.0
2025-06-26 00:00:00+01:00,0.125,0.125,0.125,0.125,0,0.0,0.0
2025-06-27 00:00:00+01:00,0.125,0.125,0.125,0.125,0,0.0,0.0
2025-06-30 00:00:00+01:00,0.125,0.125,0.125,0.125,0,0.0,0.0
2025-07-01 00:00:00+01:00,0.125,0.125,0.125,0.125,0,0.0,0.0
2025-07-02 00:00:00+01:00,0.125,0.125,0.125,0.125,0,0.0,0.0
2025-07-03 00:00:00+01:00,0.125,0.125,0.125,0.125,0,0.0,0.0
2025-07-04 00:00:00+01:00,0.125,0.125,0.125,0.125,0,0.0,0.0
