Date,Open,High,Low,Close,Volume,Dividends,Stock Splits
2020-07-06 00:00:00-04:00,2.2383826976920282,2.2808835933035327,2.1675477027893066,2.1675477027893066,222476,0.0,0.0
2020-07-07 00:00:00-04:00,2.1675478827362205,2.2383828835195687,2.1675478827362205,2.23129940032959,144746,0.0,0.0
2020-07-08 00:00:00-04:00,2.1604644893016522,2.2166366839042255,2.110880104911843,2.139214038848877,280715,0.0,0.0
2020-07-09 00:00:00-04:00,2.1037964327998746,2.1462973298947685,1.9904605383299387,2.0258779525756836,177386,0.0,0.0
2020-07-10 00:00:00-04:00,1.9975441664013527,2.1675479360238232,1.9975441664013527,2.1179635524749756,124059,0.0,0.0
2020-07-13 00:00:00-04:00,2.0825461006094357,2.231299417636333,1.9692101998071423,1.976293683052063,255077,0.0,0.0
2020-07-14 00:00:00-04:00,1.9408761262893677,1.962126574485393,1.8771247817012915,1.9408761262893677,194931,0.0,0.0
2020-07-15 00:00:00-04:00,1.9337925772958895,2.018794367167402,1.9337925772958895,1.947959542274475,127660,0.0,0.0
2020-07-16 00:00:00-04:00,1.96921039030947,2.0967132699362927,1.9600018443118778,2.075462818145752,163200,0.0,0.0
2020-07-17 00:00:00-04:00,2.082545975780536,2.190427437711399,2.082545975780536,2.160464286804199,129486,0.0,0.0
2020-07-20 00:00:00-04:00,2.0967131693094183,2.210048906753017,2.0967131693094183,2.110880136489868,144739,0.0,0.0
2020-07-21 00:00:00-04:00,2.117963655446754,2.210048943657357,2.1108801717382457,2.1321306228637695,120424,0.0,0.0
2020-07-22 00:00:00-04:00,2.139214208801748,2.1675481449898113,2.0896298204726373,2.0967133045196533,145395,0.0,0.0
2020-07-23 00:00:00-04:00,2.054211988216991,2.103796366600787,2.004627440949647,2.0400450229644775,154254,0.0,0.0
2020-07-24 00:00:00-04:00,2.0117112282565386,2.1108801689271584,2.004627744557464,2.0825462341308594,127270,0.0,0.0
2020-07-27 00:00:00-04:00,2.061295509338379,2.110879888648174,2.03296140942066,2.061295509338379,121978,0.0,0.0
2020-07-28 00:00:00-04:00,2.0258778471479313,2.096712840836683,1.997543917225848,2.0117108821868896,158797,0.0,0.0
2020-07-29 00:00:00-04:00,2.0471284634730376,2.0896293583561625,1.9904604347453272,2.0117108821868896,140683,0.0,0.0
2020-07-30 00:00:00-04:00,2.0046275631479276,2.047128630379799,1.9479596986835093,1.969210147857666,157227,0.0,0.0
2020-07-31 00:00:00-04:00,1.9479596986835093,2.08254604567006,1.9479596986835093,1.969210147857666,150112,0.0,0.0
2020-08-03 00:00:00-04:00,1.947959801094188,2.0319699179570483,1.8629579999287356,1.98337721824646,349187,0.0,0.0
2020-08-04 00:00:00-04:00,2.0117108990331967,2.0542119631557743,1.9337925910949707,1.9337925910949707,109663,0.0,0.0
2020-08-05 00:00:00-04:00,1.9337928342332793,1.9975441851073688,1.9337928342332793,1.98337721824646,77928,0.0,0.0
2020-08-06 00:00:00-04:00,1.9833770612727728,1.9904605441426073,1.9550431297934343,1.962126612663269,50187,0.0,0.0
2020-08-07 00:00:00-04:00,1.9479598809531904,1.9550433646740408,1.8771250437446854,1.912542462348938,93628,0.0,0.0
2020-08-10 00:00:00-04:00,1.9550429852855977,1.9762934323243657,1.89844588871909,1.9267090559005737,96289,0.0,0.0
2020-08-11 00:00:00-04:00,1.9479595422744749,1.969209989742353,1.9194839190238222,1.947959542274475,78197,0.0,0.0
2020-08-12 00:00:00-04:00,1.97629353994941,1.97629353994941,1.9196256780933423,1.9408761262893677,67793,0.0,0.0
2020-08-13 00:00:00-04:00,1.9125424623489378,1.9621268483948913,1.9054589786280873,1.912542462348938,69801,0.0,0.0
2020-08-14 00:00:00-04:00,1.9337925910949707,1.947959556174648,1.8771247307762609,1.9337925910949707,70208,0.0,0.0
2020-08-17 00:00:00-04:00,1.8983752060927763,1.94087610195189,1.8558741413501147,1.905458688735962,229021,0.0,0.0
2020-08-18 00:00:00-04:00,1.8487907124634066,1.873866373478565,1.8275402639159597,1.8417072296142578,159657,0.0,0.0
2020-08-19 00:00:00-04:00,1.8062900074206416,1.8204569746252293,1.7000377533862336,1.7212882041931152,390033,0.0,0.0
2020-08-20 00:00:00-04:00,1.692954264256759,1.7361634634246104,1.6504531938981832,1.6646201610565186,360700,0.0,0.0
2020-08-21 00:00:00-04:00,1.6433697156843121,1.7212882041931152,1.6433697156843121,1.7212882041931152,231177,0.0,0.0
2020-08-24 00:00:00-04:00,1.6787870028772336,1.7637889683645995,1.6787870028772336,1.73545503616333,150667,0.0,0.0
2020-08-25 00:00:00-04:00,1.7142045383295763,1.7142045383295763,1.636286058105385,1.657536506652832,186204,0.0,0.0
2020-08-26 00:00:00-04:00,1.636286377906799,1.6575368306075073,1.636286377906799,1.6362863779067993,99801,0.0,0.0
2020-08-27 00:00:00-04:00,1.636286117465407,1.664620049889881,1.5654512864042218,1.6008687019348145,167174,0.0,0.0
2020-08-28 00:00:00-04:00,1.6433696697807438,1.6504531531851776,1.5725348357364055,1.593785285949707,86663,0.0,0.0
2020-08-31 00:00:00-04:00,1.5654514478837187,1.5844351440342692,1.4946164406321998,1.5016999244689941,239072,0.0,0.0
2020-09-01 00:00:00-04:00,1.4875327709746324,1.4875327709746324,1.3600299933980384,1.3954474925994873,319016,0.0,0.0
2020-09-02 00:00:00-04:00,1.3529464818849823,1.3954474631411564,1.2962786194657847,1.3316960334777832,306280,0.0,0.0
2020-09-03 00:00:00-04:00,1.3246126327962682,1.3246126327962682,1.2608611991805514,1.3104456663131714,264040,0.0,0.0
2020-09-04 00:00:00-04:00,1.2891952991485596,1.296278782843734,1.260861279926075,1.2891952991485596,164681,0.0,0.0
2020-09-08 00:00:00-04:00,1.2679446318810155,1.317529097037167,1.2396107000442305,1.3033621311187744,104491,0.0,0.0
2020-09-09 00:00:00-04:00,1.2891951507784587,1.3316960480581888,1.253777651936907,1.3175290822982788,95941,0.0,0.0
2020-09-10 00:00:00-04:00,1.2821115680611714,1.3246125492723275,1.1191913793367705,1.1475253105163574,338782,0.0,0.0
2020-09-11 00:00:00-04:00,1.1333584172869695,1.1985265307141637,1.1333584172869695,1.1900262832641602,86435,0.0,0.0
2020-09-14 00:00:00-04:00,1.2041933608661122,1.2041933608661122,1.1050952709823412,1.1121079921722412,152293,0.0,0.0
2020-09-15 00:00:00-04:00,1.1333583449265638,1.154608793311254,1.1191913793367705,1.1475253105163574,142957,0.0,0.0
2020-09-16 00:00:00-04:00,1.1475253987270295,1.1758593320846558,1.1475253987270295,1.1758593320846558,98350,0.0,0.0
2020-09-17 00:00:00-04:00,1.1616923542210251,1.2183603048324585,1.1404419044074057,1.2183603048324585,117859,0.0,0.0
2020-09-18 00:00:00-04:00,1.2254438561767351,1.2608612745001957,1.1971099215179668,1.211276888847351,84890,0.0,0.0
2020-09-21 00:00:00-04:00,1.2183602676231782,1.23238554042813,1.182942767907031,1.1971098184585571,86793,0.0,0.0
2020-09-22 00:00:00-04:00,1.1687758487452493,1.1971098665446576,1.1616923654058426,1.1758593320846558,63451,0.0,0.0
2020-09-23 00:00:00-04:00,1.1404419621761608,1.168775896696234,1.1121080276560875,1.1333584785461426,74518,0.0,0.0
2020-09-24 00:00:00-04:00,1.0979409217834473,1.1198997537298012,1.0837739552223882,1.0979409217834473,100675,0.0,0.0
2020-09-25 00:00:00-04:00,1.097940874783655,1.1191914081573486,1.0972325771509912,1.1191914081573486,50871,0.0,0.0
2020-09-28 00:00:00-04:00,1.0766903687927358,1.1333583140498489,1.0766903687927358,1.0837738513946533,79909,0.0,0.0
2020-09-29 00:00:00-04:00,1.0696069446094068,1.0837739105869972,1.0200225636878406,1.0271060466766357,141495,0.0,0.0
2020-09-30 00:00:00-04:00,1.0625236203538582,1.076619741785569,1.0271062001187792,1.0483566522598267,64799,0.0,0.0
2020-10-01 00:00:00-04:00,1.0554400844635792,1.0730071003935846,1.0200226659682055,1.0412731170654297,56578,0.0,0.0
2020-10-02 00:00:00-04:00,1.0129389306303718,1.0412729451916094,1.0129389306303718,1.0341894626617432,63375,0.0,0.0
2020-10-05 00:00:00-04:00,1.0625234616206116,1.0625234616206116,1.0271060466766357,1.0271060466766357,63847,0.0,0.0
2020-10-06 00:00:00-04:00,1.0129390822617994,1.062523551835159,1.0129390822617994,1.055440068244934,74818,0.0,0.0
2020-10-07 00:00:00-04:00,1.0554399209869834,1.0837738513946533,1.0412729557831486,1.0837738513946533,58887,0.0,0.0
2020-10-08 00:00:00-04:00,1.0837738443648564,1.1616922369223117,1.069606879252914,1.126274824142456,146612,0.0,0.0
2020-10-09 00:00:00-04:00,1.1333583741119593,1.1635340656380178,1.08993655421882,1.1191914081573486,138132,0.0,0.0
2020-10-12 00:00:00-04:00,1.0696069638812533,1.1120371003685585,1.0696069638812533,1.0844823122024536,60228,0.0,0.0
2020-10-13 00:00:00-04:00,1.069607104400874,1.0979410405889372,1.034189684165795,1.0483566522598267,94438,0.0,0.0
2020-10-14 00:00:00-04:00,1.0341894626617432,1.0624525461340613,1.0341894626617432,1.0341894626617432,77824,0.0,0.0
2020-10-15 00:00:00-04:00,1.034189633366355,1.0483566007645044,1.0200226659682055,1.0412731170654297,26923,0.0,0.0
2020-10-16 00:00:00-04:00,1.062523568162654,1.0837740192598784,1.0271061496672802,1.0412731170654297,93457,0.0,0.0
2020-10-19 00:00:00-04:00,1.0271060466766357,1.0554399786318165,1.0200225636878406,1.0271060466766357,54840,0.0,0.0
2020-10-20 00:00:00-04:00,1.0766904063719587,1.0766904063719587,0.9846050448912459,1.0129389762878418,176647,0.0,0.0
2020-10-21 00:00:00-04:00,0.9916884965354386,1.0200225114822388,0.9846050139091819,1.0200225114822388,69382,0.0,0.0
2020-10-22 00:00:00-04:00,1.012939069518941,1.0341896044640675,1.005855586017827,1.0228559970855713,44160,0.0,0.0
2020-10-23 00:00:00-04:00,1.0483564419872653,1.0483564419872653,1.0129389444142085,1.0200225114822388,30084,0.0,0.0
2020-10-26 00:00:00-04:00,1.0271061292048058,1.0412730963207146,0.9916886269732491,1.0023138523101807,56820,0.0,0.0
2020-10-27 00:00:00-04:00,0.9775214926427989,0.9987719396815669,0.956271045604031,0.9633545279502869,147165,0.0,0.0
2020-10-28 00:00:00-04:00,0.9562711342035675,0.9610878621132467,0.9137701517465,0.9350206851959229,155309,0.0,0.0
2020-10-29 00:00:00-04:00,0.9350207495340915,0.9350207495340915,0.8925197641525591,0.8996032476425171,99085,0.0,0.0
2020-10-30 00:00:00-04:00,0.9066865971693597,0.9421040938279924,0.9066865971693597,0.9137700796127319,62715,0.0,0.0
2020-11-02 00:00:00-05:00,0.9279370317772367,0.9704380102965429,0.9208535494309807,0.9633545279502869,119081,0.0,0.0
2020-11-03 00:00:00-05:00,0.9562712311744689,0.9775216823370204,0.9491877474536184,0.956271231174469,42005,0.0,0.0
2020-11-04 00:00:00-05:00,0.9491876775923689,0.969588136228294,0.9350207111933722,0.9385624527931213,32334,0.0,0.0
2020-11-05 00:00:00-05:00,0.9491875836796884,0.9633545486770048,0.9350206186823721,0.9421041011810303,63387,0.0,0.0
2020-11-06 00:00:00-05:00,0.9421041009493323,0.9562710659431645,0.8996031215260637,0.9066866040229797,118948,0.0,0.0
2020-11-09 00:00:00-05:00,0.9916886166558112,1.105024436845731,0.9562711992345188,1.0696070194244385,414662,0.0,0.0
2020-11-10 00:00:00-05:00,1.0837739184497315,1.105024367570288,1.0483565032488038,1.076690435409546,135246,0.0,0.0
2020-11-11 00:00:00-05:00,1.1050243989829243,1.3741970999288882,1.0908574324998275,1.3104456663131714,1174546,0.0,0.0
2020-11-12 00:00:00-05:00,1.3458629720923596,1.3458629720923596,1.0625234123531955,1.2041932344436646,437892,0.0,0.0
2020-11-13 00:00:00-05:00,1.1616923060211806,1.1971098053494849,1.0625234598971285,1.1191914081573486,238920,0.0,0.0
2020-11-16 00:00:00-05:00,1.1475253456960546,1.16877579473222,1.1191914136478338,1.1632506847381592,132301,0.0,0.0
2020-11-17 00:00:00-05:00,1.2041934397491556,1.2396108590892767,1.1475254843631735,1.2325273752212524,133371,0.0,0.0
2020-11-18 00:00:00-05:00,1.2608612745001957,1.3387796792535946,1.211276888847351,1.211276888847351,297307,0.0,0.0
2020-11-19 00:00:00-05:00,1.2537777169302808,1.2537777169302808,1.1687758335227136,1.1900262832641602,95407,0.0,0.0
2020-11-20 00:00:00-05:00,1.1900262873058511,1.2325272713748716,1.1900262873058511,1.2183603048324585,97942,0.0,0.0
2020-11-23 00:00:00-05:00,1.2112769030270196,1.275028256755546,1.1687759160995483,1.1687759160995483,253087,0.0,0.0
2020-11-24 00:00:00-05:00,1.2183604217231643,1.7708726765365332,1.2041934538215584,1.7000378370285034,1893261,0.0,0.0
2020-11-25 00:00:00-05:00,1.629202587458856,1.6362860703610598,1.4237814144113923,1.530033826828003,567782,0.0,0.0
2020-11-27 00:00:00-05:00,1.586702022390141,1.6150359599336739,1.5300341473030754,1.6079524755477905,171921,0.0,0.0
2020-11-30 00:00:00-05:00,1.622119033939075,1.622119033939075,1.4379483176159387,1.5371172428131104,331208,0.0,0.0
2020-12-01 00:00:00-05:00,1.5512842639155975,1.6150356095579381,1.45990728449651,1.4733657836914062,178396,0.0,0.0
2020-12-02 00:00:00-05:00,1.4875328033533595,1.6575365667837627,1.4875328033533595,1.6008687019348145,379437,0.0,0.0
2020-12-03 00:00:00-05:00,1.5937853536700124,1.7000377781347757,1.5725349025537743,1.5867018699645996,274141,0.0,0.0
2020-12-04 00:00:00-05:00,1.6292025588217693,1.763788900481522,1.607952110488685,1.7425384521484375,390772,0.0,0.0
2020-12-07 00:00:00-05:00,1.7567053107068897,1.9337925382468297,1.7170377757911481,1.9267090559005737,644076,0.0,0.0
2020-12-08 00:00:00-05:00,1.9550432993745885,2.2242160095435466,1.94795981589033,2.139214038848877,840935,0.0,0.0
2020-12-09 00:00:00-05:00,2.1958818435668945,2.408386679749905,2.132130494042129,2.1958818435668945,964614,0.0,0.0
2020-12-10 00:00:00-05:00,2.210048799397813,3.0104832506292216,2.1817148664132606,2.904230833053589,2261922,0.0,0.0
2020-12-11 00:00:00-05:00,2.960898523489083,2.989232454793889,2.3800524250898993,2.7129764556884766,1166134,0.0,0.0
2020-12-14 00:00:00-05:00,2.7625613665993876,2.7625613665993876,2.3800527371769755,2.387136220932007,794495,0.0,0.0
2020-12-15 00:00:00-05:00,2.408386841080675,2.4622921136132407,2.240153806352427,2.387136220932007,495844,0.0,0.0
2020-12-16 00:00:00-05:00,2.3163014136877984,2.3729692844694816,2.238383091362984,2.309217929840088,269757,0.0,0.0
2020-12-17 00:00:00-05:00,2.273800646122684,2.309218067472155,2.1250473075713177,2.188798666000366,543258,0.0,0.0
2020-12-18 00:00:00-05:00,2.188798323516057,2.273800290337999,2.146297424546866,2.174631357192993,287832,0.0,0.0
2020-12-21 00:00:00-05:00,2.174631496305784,2.245395570236248,1.9692103025968544,1.990460753440857,801675,0.0,0.0
2020-12-22 00:00:00-05:00,1.9762936309157184,2.0754625626120076,1.9612057427598084,1.969210147857666,239448,0.0,0.0
2020-12-23 00:00:00-05:00,1.9692100897824918,2.1392138470456197,1.9692100897824918,2.0258779525756836,402697,0.0,0.0
2020-12-24 00:00:00-05:00,2.0187943646674107,2.040044980992517,1.9833769522648066,2.0117108821868896,124670,0.0,0.0
2020-12-28 00:00:00-05:00,2.0117110304428096,2.1037964783594925,1.8487907525006446,1.8700413703918457,509606,0.0,0.0
2020-12-29 00:00:00-05:00,1.8700412227692402,1.890087361554339,1.7779557821218583,1.8275401592254639,434094,0.0,0.0
2020-12-30 00:00:00-05:00,1.841707445919624,1.85941623956414,1.7425386743843372,1.756705641746521,426570,0.0,0.0
2020-12-31 00:00:00-05:00,1.7354552739964457,1.7496222420385734,1.6364989532459455,1.685870885848999,418904,0.0,0.0
2021-01-04 00:00:00-05:00,1.7000375828938328,2.0258779648052267,1.7000375828938328,1.8983752727508545,653379,0.0,0.0
2021-01-05 00:00:00-05:00,1.9833769930708771,2.0612954708432474,1.9225297709146978,2.0400450229644775,282435,0.0,0.0
2021-01-06 00:00:00-05:00,2.025877888828417,2.061012084250804,1.8706078753521107,2.0400450229644775,534428,0.0,0.0
2021-01-07 00:00:00-05:00,2.0400451700994884,2.4296370804093943,1.990460619255938,2.358802080154419,790601,0.0,0.0
2021-01-08 00:00:00-05:00,2.436720563546536,2.4438040466836775,2.287967248783003,2.358802080154419,332182,0.0,0.0
2021-01-11 00:00:00-05:00,2.3375514541188727,2.3375514541188727,2.135672115522451,2.1675477027893066,563984,0.0,0.0
2021-01-12 00:00:00-05:00,2.217132462292046,2.309217744938929,2.1427558034047047,2.1958818435668945,373951,0.0,0.0
2021-01-13 00:00:00-05:00,2.217132593296853,2.2596334954913018,2.0285700309234946,2.0825462341308594,468616,0.0,0.0
2021-01-14 00:00:00-05:00,2.1179635883961017,2.1604644893016522,2.068379204006292,2.139214038848877,254960,0.0,0.0
2021-01-15 00:00:00-05:00,2.117963342342741,2.1462972729880945,2.040115795274707,2.0896294116973877,202920,0.0,0.0
2021-01-19 00:00:00-05:00,2.054212082717182,2.0896294974777776,1.9196257377433654,1.9975440502166748,390453,0.0,0.0
2021-01-20 00:00:00-05:00,2.0329617456810922,2.0825463020759325,1.9196260027982084,2.075462818145752,192721,0.0,0.0
2021-01-21 00:00:00-05:00,2.0754624078533523,2.1073379947959783,1.9833769660815461,2.0683789253234863,151539,0.0,0.0
2021-01-22 00:00:00-05:00,1.9904605128694066,2.0825459576140055,1.9833770301108644,2.061295509338379,137861,0.0,0.0
2021-01-25 00:00:00-05:00,2.061295583995606,2.1037964820861816,1.9762936189308975,2.1037964820861816,186478,0.0,0.0
2021-01-26 00:00:00-05:00,2.1037963379728177,2.2171322273342224,2.054211960263754,2.0683789253234863,398468,0.0,0.0
2021-01-27 00:00:00-05:00,2.0471284985567095,2.2596331454977805,2.0471284985567095,2.1675477027893066,376727,0.0,0.0
2021-01-28 00:00:00-05:00,2.1675480822766766,2.27380050879132,2.0967132438559655,2.2596335411071777,527466,0.0,0.0
2021-01-29 00:00:00-05:00,2.2242159718203562,2.2242159718203562,2.061295685562007,2.1179635524749756,413161,0.0,0.0
2021-02-01 00:00:00-05:00,2.110879888648174,2.1392138196823427,2.0542827887874955,2.061295509338379,194185,0.0,0.0
2021-02-02 00:00:00-05:00,2.0967130359019848,2.188798316715804,2.08962955276246,2.125046968460083,196784,0.0,0.0
2021-02-03 00:00:00-05:00,2.174631455000329,2.5075555163332086,2.170310568920675,2.4792215824127197,1105787,0.0,0.0
2021-02-04 00:00:00-05:00,2.479221687510804,2.578390629320009,2.3517188105799907,2.542973041534424,518607,0.0,0.0
2021-02-05 00:00:00-05:00,2.5429728335611963,2.6208203865611077,2.4863049679524756,2.514638900756836,267614,0.0,0.0
2021-02-08 00:00:00-05:00,2.542972796639371,2.78381155974678,2.542972796639371,2.7271435260772705,436297,0.0,0.0
2021-02-09 00:00:00-05:00,2.783811214813054,2.895801097430163,2.7483938037103,2.8546462059020996,481359,0.0,0.0
2021-02-10 00:00:00-05:00,2.882980432457675,2.9325646442376594,2.7129765038441427,2.7908949851989746,362936,0.0,0.0
2021-02-11 00:00:00-05:00,2.7554776730772748,2.8900638541771864,2.7554776730772748,2.8050620555877686,276350,0.0,0.0
2021-02-12 00:00:00-05:00,2.8050621279445487,2.9325648291176165,2.8050621279445487,2.8475630283355713,197942,0.0,0.0
2021-02-16 00:00:00-05:00,2.953815326271922,3.6738520679872826,2.9042307756455337,3.201737403869629,1173982,0.0,0.0
2021-02-17 00:00:00-05:00,3.343407080894658,3.456743148864848,3.024650170814962,3.0671510696411133,408780,0.0,0.0
2021-02-18 00:00:00-05:00,3.1309024286691853,3.15215270812567,2.8695216945381294,2.9750654697418213,238842,0.0,0.0
2021-02-19 00:00:00-05:00,2.93256467834194,3.0459007446580406,2.727143501463345,2.9963161945343018,371436,0.0,0.0
2021-02-22 00:00:00-05:00,2.9963161945343018,3.2402006015362663,2.9963161945343018,2.9963161945343018,269230,0.0,0.0
2021-02-23 00:00:00-05:00,3.003399817997996,3.095485275811265,2.835238051929377,3.0388174057006836,310928,0.0,0.0
2021-02-24 00:00:00-05:00,3.1025689028750723,3.272572511804977,3.0183459894491342,3.173403739929199,324345,0.0,0.0
2021-02-25 00:00:00-05:00,3.215904383702023,3.4921603948942175,3.194654103177226,3.300906181335449,400191,0.0,0.0
2021-02-26 00:00:00-05:00,3.322156632613058,3.3646575292931296,2.9750654697418213,2.9750654697418213,325299,0.0,0.0
2021-03-01 00:00:00-05:00,3.102568873686783,3.1398988983277087,2.691726315987245,2.762561321258545,814441,0.0,0.0
2021-03-02 00:00:00-05:00,2.8900636647105675,2.8900636647105675,2.6988094615390477,2.7413103580474854,212593,0.0,0.0
2021-03-03 00:00:00-05:00,2.812145143695257,2.9325643414446203,2.7625607681514017,2.8546462059020996,211846,0.0,0.0
2021-03-04 00:00:00-05:00,2.918397724823982,3.0033995216012745,2.769644580463719,2.861729860305786,281912,0.0,0.0
2021-03-05 00:00:00-05:00,2.9113148601093317,3.010483638326455,2.6917265134328194,2.9892330169677734,345750,0.0,0.0
2021-03-08 00:00:00-05:00,3.017566888832008,3.1521529010039164,2.9807327085686652,3.045900821685791,287464,0.0,0.0
2021-03-09 00:00:00-05:00,3.09548503529635,3.272572284516056,3.045900821685791,3.045900821685791,237785,0.0,0.0
2021-03-10 00:00:00-05:00,3.095485248511983,3.251322227708894,3.074234966291497,3.1663200855255127,217584,0.0,0.0
2021-03-11 00:00:00-05:00,3.1804868840239466,3.4638265547980556,3.1804868840239466,3.4567432403564453,318487,0.0,0.0
2021-03-12 00:00:00-05:00,3.4496596723604003,3.456743324742064,3.194654266428955,3.265489101409912,351042,0.0,0.0
2021-03-15 00:00:00-04:00,3.2725722763283405,3.5275780091415077,3.2725722763283405,3.5063273906707764,306967,0.0,0.0
2021-03-16 00:00:00-04:00,3.5275778994199283,3.5275778994199283,3.2584052085876465,3.2584052085876465,272475,0.0,0.0
2021-03-17 00:00:00-04:00,3.28673961854709,3.28673961854709,3.0813184134983445,3.152153253555298,412195,0.0,0.0
2021-03-18 00:00:00-04:00,3.1167356062718605,3.2159043697471996,2.9587737472499414,2.967982292175293,188645,0.0,0.0
2021-03-19 00:00:00-04:00,2.946731921899998,3.1663200855255127,2.8829807374713945,3.1663200855255127,487071,0.0,0.0
2021-03-22 00:00:00-04:00,3.088401612458027,3.1591655110104893,2.9750655472577408,3.0246500968933105,120634,0.0,0.0
2021-03-23 00:00:00-04:00,2.9750656971965648,3.0600678348225365,2.8475629974082985,2.87589693069458,315946,0.0,0.0
2021-03-24 00:00:00-04:00,2.9254815878461873,2.9750658039935582,2.844729571091087,2.890064001083374,181761,0.0,0.0
2021-03-25 00:00:00-04:00,2.8900638973377206,2.9325647972671427,2.7838116475141654,2.87589693069458,229699,0.0,0.0
2021-03-26 00:00:00-04:00,2.9042308955236016,2.911314547805671,2.7696447109520297,2.8475630283355713,309939,0.0,0.0
2021-03-29 00:00:00-04:00,2.833396088435364,2.8546467077161686,2.755477770312161,2.7696447372436523,233729,0.0,0.0
2021-03-30 00:00:00-04:00,2.748394038703036,2.7908949356602455,2.6775590415574686,2.7129764556884766,373243,0.0,0.0
2021-03-31 00:00:00-04:00,2.727143795173057,2.73422727897025,2.6279750220123503,2.6492254734039307,273581,0.0,0.0
2021-04-01 00:00:00-04:00,2.627974661774058,2.7760195035067357,2.627974661774058,2.7129764556884766,208543,0.0,0.0
2021-04-05 00:00:00-04:00,2.698809821115086,2.7179352102037,2.578390598297119,2.578390598297119,215700,0.0,0.0
2021-04-06 00:00:00-04:00,2.486304759979248,2.6208910984257074,2.415469933893505,2.486304759979248,414923,0.0,0.0
2021-04-07 00:00:00-04:00,2.4792216501011297,2.542973003162787,2.443804231733542,2.4721381664276123,167572,0.0,0.0
2021-04-08 00:00:00-04:00,2.457971131972353,2.5004720328530863,2.394219780651253,2.4792215824127197,172890,0.0,0.0
2021-04-09 00:00:00-04:00,2.4579711598034164,2.500472061165378,2.3800526717562507,2.401303291320801,91726,0.0,0.0
2021-04-12 00:00:00-04:00,2.394219522873671,2.528593239000257,2.394219522873671,2.5075552463531494,179754,0.0,0.0
2021-04-13 00:00:00-04:00,2.46505442612831,2.50337613129946,2.3588020132034386,2.3658854961395264,142480,0.0,0.0
2021-04-14 00:00:00-04:00,2.3588022899781222,2.4721381991375724,2.3588022899781222,2.4438042640686035,139210,0.0,0.0
2021-04-15 00:00:00-04:00,2.4154700860817355,2.450887501356104,2.3517185697043144,2.3942196369171143,108668,0.0,0.0
2021-04-16 00:00:00-04:00,2.365885630848125,2.394219733089315,2.316301247472279,2.3517186641693115,155281,0.0,0.0
2021-04-19 00:00:00-04:00,2.323384797555523,2.3588022152699915,2.2738004127552673,2.344635248184204,155557,0.0,0.0
2021-04-20 00:00:00-04:00,2.3517185219619745,2.3517185219619745,2.2454662782959005,2.316301107406616,169209,0.0,0.0
2021-04-21 00:00:00-04:00,2.2950509621446673,2.4154703564393207,2.2667170267538257,2.309217929840088,102009,0.0,0.0
2021-04-22 00:00:00-04:00,2.2667167560423933,2.3517185520632493,2.2454663070371796,2.2879672050476074,137048,0.0,0.0
2021-04-23 00:00:00-04:00,2.287967478296957,2.34463534907864,2.280175696729548,2.309217929840088,54751,0.0,0.0
2021-04-26 00:00:00-04:00,2.330468348451483,2.351718799694325,2.2667169947229566,2.3375518321990967,170702,0.0,0.0
2021-04-27 00:00:00-04:00,2.3092178972086406,2.372969250937167,2.2738004784705703,2.3375518321990967,71325,0.0,0.0
2021-04-28 00:00:00-04:00,2.3729690188689356,2.44380401830123,2.3446350866494408,2.3942196369171143,147985,0.0,0.0
2021-04-29 00:00:00-04:00,2.443804259855831,2.472067432658343,2.3517188021568503,2.387136220932007,84765,0.0,0.0
2021-04-30 00:00:00-04:00,2.3588021836473514,2.422553703562296,2.343572770231905,2.372969150543213,87793,0.0,0.0
2021-05-03 00:00:00-04:00,2.372969091340496,2.4579001283821937,2.372969091340496,2.436720609664917,119328,0.0,0.0
2021-05-04 00:00:00-04:00,2.387135852022743,2.4299910656688524,2.351718438721013,2.408386468887329,115040,0.0,0.0
2021-05-05 00:00:00-04:00,2.4013031341267683,2.5217223467694474,2.4349496366148626,2.4933884143829346,149751,0.0,0.0
2021-05-06 00:00:00-04:00,2.5217224464279258,2.5217224464279258,2.4225536791559814,2.4579710960388184,77496,0.0,0.0
2021-05-07 00:00:00-04:00,2.4579708673308778,2.535889177223019,2.408386488308606,2.5075552463531494,170043,0.0,0.0
2021-05-10 00:00:00-04:00,2.5146389952883177,2.535889445690445,2.415470226745058,2.4296371936798096,96794,0.0,0.0
2021-05-11 00:00:00-04:00,2.3729692896470236,2.4933179219857244,2.365885805783858,2.4154703617095947,95497,0.0,0.0
2021-05-12 00:00:00-04:00,2.387136391245008,2.514639276815986,2.387136391245008,2.45088791847229,113038,0.0,0.0
2021-05-13 00:00:00-04:00,2.4650546433637435,2.493388577605051,2.3729691881959236,2.401303291320801,68582,0.0,0.0
2021-05-14 00:00:00-04:00,2.4154703289996347,2.4848884023651783,2.4154703289996347,2.4438042640686035,64220,0.0,0.0
2021-05-17 00:00:00-04:00,2.4296370013029347,2.507555313274553,2.4154700354899132,2.500471830368042,70606,0.0,0.0
2021-05-18 00:00:00-04:00,2.4792214847513856,2.5288058671590163,2.4792214847513856,2.514638900756836,66561,0.0,0.0
2021-05-19 00:00:00-04:00,2.443803864327802,2.500471725196397,2.3375514563156403,2.486304759979248,171756,0.0,0.0
2021-05-20 00:00:00-04:00,2.422553714571742,2.5075555163332086,2.422553714571742,2.4792215824127197,40884,0.0,0.0
2021-05-21 00:00:00-04:00,2.457970789109408,2.6988093627224994,2.415469894157135,2.5996406078338623,374448,0.0,0.0
2021-05-24 00:00:00-04:00,2.5713066508518523,2.6626836247043077,2.5713066508518523,2.627974510192871,50447,0.0,0.0
2021-05-25 00:00:00-04:00,2.6704753764008085,2.6775588587433754,2.5217220783233643,2.5217220783233643,132167,0.0,0.0
2021-05-26 00:00:00-04:00,2.4933884948313265,2.5996409135925083,2.4933884948313265,2.592557430267334,69491,0.0,0.0
2021-05-27 00:00:00-04:00,2.5713070472628914,2.6238664847716113,2.571236116164161,2.5854740142822266,33104,0.0,0.0
2021-05-28 00:00:00-04:00,2.606724062939989,2.642141475028126,2.5634439397697295,2.627974510192871,91137,0.0,0.0
2021-06-01 00:00:00-04:00,2.6988097910872058,2.7413106927853734,2.6067245040745095,2.656308889389038,299770,0.0,0.0
2021-06-02 00:00:00-04:00,2.6917262502368824,2.7696447372436523,2.6421418659766625,2.7696447372436523,183709,0.0,0.0
2021-06-03 00:00:00-04:00,2.7696446829831474,2.8829805850982666,2.7271436141377503,2.8829805850982666,274956,0.0,0.0
2021-06-04 00:00:00-04:00,2.89006423875065,2.9892330169677734,2.854646986842404,2.9892330169677734,233417,0.0,0.0
2021-06-07 00:00:00-04:00,2.9821493318040133,3.031662952549542,2.911314499006307,3.0104832649230957,112069,0.0,0.0
2021-06-08 00:00:00-04:00,3.0104836069966265,3.052984511504519,2.930936062148827,3.0317342281341553,155134,0.0,0.0
2021-06-09 00:00:00-04:00,3.074234846598357,3.2867393493652344,3.0671511942892282,3.2867393493652344,307155,0.0,0.0
2021-06-10 00:00:00-04:00,3.293823003768921,3.3646578380695913,3.2761142107519703,3.293823003768921,173747,0.0,0.0
2021-06-11 00:00:00-04:00,3.2584052263629784,3.3929915725133184,3.2584052263629784,3.3646576404571533,146150,0.0,0.0
2021-06-14 00:00:00-04:00,3.400075414097283,3.541745082281698,3.3788247949860546,3.527578115463257,266768,0.0,0.0
2021-06-15 00:00:00-04:00,3.541745012620373,4.073006764513429,3.527578046080577,4.058839797973633,599582,0.0,0.0
2021-06-16 00:00:00-04:00,4.065923365342484,4.073007017936691,3.6409140049373017,3.7259161472320557,638438,0.0,0.0
2021-06-17 00:00:00-04:00,3.697581859201432,3.71883247912828,3.3363240225821715,3.513411283493042,505030,0.0,0.0
2021-06-18 00:00:00-04:00,3.435492762723061,3.619663674515596,3.4000755135248255,3.541745185852051,201185,0.0,0.0
2021-06-21 00:00:00-04:00,3.6409139556105306,3.995088474111049,3.6125800211518606,3.980921506881714,423340,0.0,0.0
2021-06-22 00:00:00-04:00,3.945504226102703,4.016268130583033,3.895919672313452,4.009255409240723,299584,0.0,0.0
2021-06-23 00:00:00-04:00,4.016339039074568,4.597185025324428,3.9667544855644254,4.490932941436768,695201,0.0,0.0
2021-06-24 00:00:00-04:00,4.597185039671473,4.597185039671473,4.037589333345886,4.257177829742432,428727,0.0,0.0
2021-06-25 00:00:00-04:00,4.250094207340636,4.4341941873540875,4.221760272979736,4.221760272979736,201620,0.0,0.0
2021-06-28 00:00:00-04:00,4.115507926136319,4.172175795903123,3.8109179572561747,3.825084924697876,402271,0.0,0.0
2021-06-29 00:00:00-04:00,3.8888357893363796,3.8888357893363796,3.7188321940235216,3.7755000591278076,174655,0.0,0.0
2021-06-30 00:00:00-04:00,3.7613333873895636,3.8817527790493833,3.5984130935734213,3.6125800609588623,259632,0.0,0.0
2021-07-01 00:00:00-04:00,3.718831936252577,3.8250134137516913,3.6338301444880496,3.6692473888397217,234684,0.0,0.0
2021-07-02 00:00:00-04:00,3.6834146571279276,3.7188322421601114,3.5417449925334394,3.6196634769439697,206011,0.0,0.0
2021-07-06 00:00:00-04:00,3.5842461140781317,3.6132883464550907,3.38590857135207,3.4142425060272217,214259,0.0,0.0
2021-07-07 00:00:00-04:00,3.39299208786158,3.477993896940666,3.3363242151421892,3.435492992401123,166470,0.0,0.0
2021-07-08 00:00:00-04:00,3.4354927368587376,3.4354927368587376,3.1167358076386917,3.230071544647217,329185,0.0,0.0
2021-07-09 00:00:00-04:00,3.2867391584191434,3.4142421904389986,3.2371549462044116,3.3646576404571533,142897,0.0,0.0
2021-07-12 00:00:00-04:00,3.272572588562058,3.387679243695695,3.272572588562058,3.322157144546509,93928,0.0,0.0
2021-07-13 00:00:00-04:00,3.2725723096891635,3.4213256271993187,3.2371550622330614,3.2442383766174316,144805,0.0,0.0
2021-07-14 00:00:00-04:00,3.2615919993114657,3.347048478171205,3.0194649696350098,3.0194649696350098,276510,0.024368,0.0
2021-07-15 00:00:00-04:00,3.0123434821283888,3.0550717175291098,2.9266734193881483,2.9909791946411133,182838,0.0,0.0
2021-07-16 00:00:00-04:00,2.9909792234250316,3.044959577761804,2.8449909995075147,2.855673313140869,211899,0.0,0.0
2021-07-19 00:00:00-04:00,2.8485518349149785,2.877037326098221,2.6705173452327924,2.720366954803467,364054,0.0,0.0
2021-07-20 00:00:00-04:00,2.7274883726385646,2.78445952573274,2.7061242538983445,2.748852491378784,119452,0.0,0.0
2021-07-21 00:00:00-04:00,2.8200659513786164,2.941129441850868,2.8200659513786164,2.869915723800659,84933,0.0,0.0
2021-07-22 00:00:00-04:00,2.8912800370554717,2.926887070394912,2.7630953282663926,2.805823564529419,77201,0.0,0.0
2021-07-23 00:00:00-04:00,2.79158081910841,2.827187682660932,2.7203669222164484,2.805823564529419,73523,0.0,0.0
2021-07-26 00:00:00-04:00,2.7915807713029483,2.8912799875426733,2.7915807713029483,2.8129448890686035,58187,0.0,0.0
2021-07-27 00:00:00-04:00,2.8271877195440633,2.8271877195440633,2.670588488801805,2.684760093688965,79161,0.0,0.0
2021-07-28 00:00:00-04:00,2.7061240673065186,2.784459333739565,2.6918813224617666,2.7061240673065186,57517,0.0,0.0
2021-07-29 00:00:00-04:00,2.777338076131689,2.8057522564930646,2.7132455518938245,2.770216703414917,65291,0.0,0.0
2021-07-30 00:00:00-04:00,2.713245536255327,2.761314929156665,2.649153182173794,2.6918814182281494,123563,0.0,0.0
2021-08-02 00:00:00-04:00,2.7061241153160505,2.8002687520950187,2.6776386251211837,2.699002742767334,59613,0.0,0.0
2021-08-03 00:00:00-04:00,2.677638715245473,2.7788335872620733,2.656274596880247,2.7559738159179688,68292,0.0,0.0
2021-08-04 00:00:00-04:00,2.6705170627802777,2.724995567395548,2.6135460864394404,2.6562743186950684,123022,0.0,0.0
2021-08-05 00:00:00-04:00,2.6918815150133226,2.777338159981499,2.656345791075408,2.6776387691497803,66511,0.0,0.0
2021-08-06 00:00:00-04:00,2.6562746053856743,2.7196548743415323,2.6387559909169718,2.649153232574463,54700,0.0,0.0
2021-08-09 00:00:00-04:00,2.606425138975867,2.6562747513944553,2.4212692659198933,2.4782402515411377,176206,0.0,0.0
2021-08-10 00:00:00-04:00,2.492482940951022,2.606425079374933,2.492482940951022,2.556575298309326,115891,0.0,0.0
2021-08-11 00:00:00-04:00,2.5565750123913795,2.563696384634763,2.478239917714161,2.4924826622009277,72733,0.0,0.0
2021-08-12 00:00:00-04:00,2.4924829534184165,2.5209684457201473,2.442633341890388,2.4497547149658203,78075,0.0,0.0
2021-08-13 00:00:00-04:00,2.4497546213394776,2.4853614853557944,2.4212691301264244,2.4283905029296875,65154,0.0,0.0
2021-08-16 00:00:00-04:00,2.357176836052846,2.3642982095538208,2.2859631010430976,2.314448595046997,71082,0.0,0.0
2021-08-17 00:00:00-04:00,2.2788415404243043,2.3144484050054657,2.2503560487593757,2.3073270320892334,63687,0.0,0.0
2021-08-18 00:00:00-04:00,2.278841733932495,2.30590288539731,2.236113492806827,2.278841733932495,78277,0.0,0.0
2021-08-19 00:00:00-04:00,2.2076275384771407,2.2160308022708364,2.0872762908717846,2.136413812637329,156632,0.0,0.0
2021-08-20 00:00:00-04:00,2.0794429656230955,2.2586880422359723,2.0794429656230955,2.1862635612487793,75827,0.0,0.0
2021-08-23 00:00:00-04:00,2.1862636197855747,2.2930130775474167,2.1862636197855747,2.2574775218963623,60707,0.0,0.0
2021-08-24 00:00:00-04:00,2.250356143710601,2.3321807100855194,2.221870481056829,2.2930843830108643,86267,0.0,0.0
2021-08-25 00:00:00-04:00,2.2717202238786998,2.307327089343412,2.228991985321045,2.228991985321045,67122,0.0,0.0
2021-08-26 00:00:00-04:00,2.214748911061122,2.239958702442209,2.136413812637329,2.136413812637329,68158,0.0,0.0
2021-08-27 00:00:00-04:00,2.1364139189369267,2.264598801613481,2.1295061379485554,2.2361133098602295,115133,0.0,0.0
2021-08-30 00:00:00-04:00,2.2361131186988907,2.271719980346487,2.1933847149348655,2.2645986080169678,55199,0.0,0.0
2021-08-31 00:00:00-04:00,2.2218702966356276,2.31444831055557,2.200577489263574,2.2859628200531006,40311,0.0,0.0
2021-09-01 00:00:00-04:00,2.2859630528322548,2.3642270189657677,2.2859630528322548,2.3215699195861816,77496,0.0,0.0
2021-09-02 00:00:00-04:00,2.357176789148546,2.5387720644903347,2.357176789148546,2.435512065887451,103471,0.0,0.0
2021-09-03 00:00:00-04:00,2.456876221691171,2.499604462468111,2.385662317276001,2.385662317276001,49643,0.0,0.0
2021-09-07 00:00:00-04:00,2.3999048052554284,2.5850608348846436,2.3571765690888022,2.5850608348846436,166314,0.0,0.0
2021-09-08 00:00:00-04:00,2.627789152326676,2.627789152326676,2.4996042700752246,2.528089761734009,99051,0.0,0.0
2021-09-09 00:00:00-04:00,2.4711187397492678,2.577939331798218,2.414147757323161,2.4283905029296875,107895,0.0,0.0
2021-09-10 00:00:00-04:00,2.471118821831587,2.556575298309326,2.421269210552906,2.556575298309326,105192,0.0,0.0
2021-09-13 00:00:00-04:00,2.549453939694548,2.841430575552705,2.549453939694548,2.7844595909118652,358922,0.0,0.0
2021-09-14 00:00:00-04:00,2.784459456486894,2.962493774894579,2.784459456486894,2.9553725719451904,164925,0.0,0.0
2021-09-15 00:00:00-04:00,3.0265864792877313,3.161892739110634,2.969401902052842,3.06931471824646,229282,0.0,0.0
2021-09-16 00:00:00-04:00,3.0621933482208537,3.0835572967506057,2.8770373165691914,3.033707857131958,123288,0.0,0.0
2021-09-17 00:00:00-04:00,2.9909791981638523,3.0123434856762903,2.8770372369610633,2.9197654724121094,114675,0.0,0.0
2021-09-20 00:00:00-04:00,2.770216559988272,2.827187538772801,2.734609528461032,2.7915806770324707,178517,0.0,0.0
2021-09-21 00:00:00-04:00,2.79158062934524,2.848551607156561,2.7071209815573116,2.7987020015716553,205725,0.0,0.0
2021-09-22 00:00:00-04:00,2.85567335872025,2.948251034670124,2.8449910449163953,2.8841588497161865,82162,0.0,0.0
2021-09-23 00:00:00-04:00,2.9126442696238497,2.9482509627128066,2.848551746660366,2.9197654724121094,72868,0.0,0.0
2021-09-24 00:00:00-04:00,2.86279482911029,3.0052222973948335,2.86279482911029,2.983858346939087,126172,0.0,0.0
2021-09-27 00:00:00-04:00,3.0194648168653937,3.1903781055113876,3.0052220711093813,3.0621933937072754,272681,0.0,0.0
2021-09-28 00:00:00-04:00,3.0621934183061144,3.169013842547382,3.0280105565580153,3.083557367324829,94739,0.0,0.0
2021-09-29 00:00:00-04:00,3.0978000422950536,3.133407075943093,3.033707857131958,3.033707857131958,104874,0.0,0.0
2021-09-30 00:00:00-04:00,3.0337077731887283,3.0621932634894256,2.8984015244735013,2.9197654724121094,161065,0.0,0.0
2021-10-01 00:00:00-04:00,2.919765518239632,2.955372551461293,2.8628658472494553,2.9482510089874268,162400,0.0,0.0
2021-10-04 00:00:00-04:00,2.983858197215997,3.161892693425253,2.976736654372177,3.0408291816711426,204429,0.0,0.0
2021-10-05 00:00:00-04:00,3.119164266039495,3.1405282141284347,2.893416601009723,2.926887035369873,179381,0.0,0.0
2021-10-06 00:00:00-04:00,2.948251080806707,3.0194648094109575,2.884158894849804,2.912644386291504,131674,0.0,0.0
2021-10-07 00:00:00-04:00,2.91264405180264,2.91264405180264,2.585060598269022,2.6562743186950684,507870,0.0,0.0
2021-10-08 00:00:00-04:00,2.649153197442878,2.827187685149091,2.649153197442878,2.770216703414917,103843,0.0,0.0
2021-10-11 00:00:00-04:00,2.7844593046844044,2.9411296661287687,2.777337932336338,2.7915806770324707,172064,0.0,0.0
2021-10-12 00:00:00-04:00,2.855673343289868,2.855673343289868,2.7844594463979058,2.805823564529419,77356,0.0,0.0
2021-10-13 00:00:00-04:00,2.7773378849100743,2.81600685290417,2.7132453650850237,2.7630951404571533,232138,0.0,0.0
2021-10-14 00:00:00-04:00,2.7916869197104313,2.842444989436462,2.726861906920431,2.7481801509857178,100877,0.069431,0.0
2021-10-15 00:00:00-04:00,2.755431472948947,2.7989382447343276,2.744119726115191,2.784435987472534,69521,0.0,0.0
2021-10-18 00:00:00-04:00,2.762682490046901,2.9367099159238075,2.762682490046901,2.8134405612945557,180441,0.0,0.0
2021-10-19 00:00:00-04:00,2.842445189400252,2.842445189400252,2.7626826015798436,2.784435987472534,127520,0.0,0.0
2021-10-20 00:00:00-04:00,2.827942713611343,2.8351938416819142,2.777184644236813,2.8206915855407715,144354,0.0,0.0
2021-10-21 00:00:00-04:00,2.791687041754196,2.864198499012556,2.7844359133164143,2.8061892986297607,85662,0.0,0.0
2021-10-22 00:00:00-04:00,2.813440724593265,2.8424452396293938,2.74121935767931,2.8351941108703613,99114,0.0,0.0
2021-10-25 00:00:00-04:00,2.8351942260288174,3.009004012458442,2.8351942260288174,2.9802169799804688,221459,0.0,0.0
2021-10-26 00:00:00-04:00,2.965714427921518,3.0744811800636858,2.914956356697053,3.067230224609375,202135,0.0,0.0
2021-10-27 00:00:00-04:00,3.0092212946167636,3.1107370945663195,2.9729654788970947,2.9729654788970947,133708,0.0,0.0
2021-10-28 00:00:00-04:00,2.994718941260906,3.0744089159995043,2.9222076579124363,3.067230224609375,53324,0.0,0.0
2021-10-29 00:00:00-04:00,3.038225914239749,3.1832484906249725,3.0164723549014174,3.16874623298645,155095,0.0,0.0
2021-11-01 00:00:00-04:00,3.1542439145218966,3.2630110175939113,3.1542439145218966,3.2557597160339355,184630,0.0,0.0
2021-11-02 00:00:00-04:00,3.2557596563983653,3.2557596563983653,3.1904996723593912,3.226755142211914,58777,0.0,0.0
2021-11-03 00:00:00-04:00,3.139741886649985,3.219504480834204,3.139741886649985,3.1614954471588135,53444,0.0,0.0
2021-11-04 00:00:00-04:00,3.2412573588817266,3.2470585382555335,3.1034860910948416,3.117988348007202,51132,0.0,0.0
2021-11-05 00:00:00-04:00,3.1614953634775733,3.2340066536525187,3.117988589372606,3.2122530937194824,90415,0.0,0.0
2021-11-08 00:00:00-05:00,3.2630109187155165,3.2630109187155165,3.15424381893945,3.234006404876709,68754,0.0,0.0
2021-11-09 00:00:00-05:00,3.2195043224063093,3.3282714280759267,3.1542439898523194,3.3210201263427734,100609,0.0,0.0
2021-11-10 00:00:00-05:00,3.292015615834082,3.3210201312876877,3.205002069473266,3.2050020694732666,77187,0.0,0.0
2021-11-11 00:00:00-05:00,3.205002379242004,3.299267236457623,3.205002379242004,3.2702627182006836,20277,0.0,0.0
2021-11-12 00:00:00-05:00,3.2920156857924754,3.328271503760501,3.205002137582541,3.2122530937194824,53531,0.0,0.0
2021-11-15 00:00:00-05:00,3.197750763035094,3.2247249692825712,3.0309746265411377,3.0309746265411377,199388,0.0,0.0
2021-11-16 00:00:00-05:00,3.030974401901376,3.1469928007079138,3.030974401901376,3.0889837741851807,63884,0.0,0.0
2021-11-17 00:00:00-05:00,3.081732903595705,3.081732903595705,3.0019703081012907,3.0382261276245117,59320,0.0,0.0
2021-11-18 00:00:00-05:00,3.0019701942605796,3.0382260124089076,2.9294589037250307,2.9802169799804688,187670,0.0,0.0
2021-11-19 00:00:00-05:00,2.9294587979273388,2.9566504876760007,2.8932031539689405,2.90045428276062,189013,0.0,0.0
2021-11-22 00:00:00-05:00,2.8932031151560613,2.951212317591841,2.8932031151560613,2.907705545425415,65283,0.0,0.0
2021-11-23 00:00:00-05:00,2.907705603886665,2.965714634608208,2.907705603886665,2.9367101192474365,43399,0.0,0.0
2021-11-24 00:00:00-05:00,2.9439609349963907,3.001969962955164,2.914956421017004,2.958463191986084,47529,0.0,0.0
2021-11-26 00:00:00-05:00,2.8787007331848145,2.9004541183265995,2.798938148117732,2.8787007331848145,196440,0.0,0.0
2021-11-29 00:00:00-05:00,2.900454141201467,2.907705442519788,2.7921221820702895,2.8061892986297607,69903,0.0,0.0
2021-11-30 00:00:00-05:00,2.784435784251399,2.784435784251399,2.632162094116211,2.632162094116211,238413,0.0,0.0
2021-12-01 00:00:00-05:00,2.6466647149376383,2.7119248768432924,2.472709880594373,2.4871397018432617,103839,0.0,0.0
2021-12-02 00:00:00-05:00,2.4871393664525705,2.6466643580350055,2.4871393664525705,2.6104085445404053,85241,0.0,0.0
2021-12-03 00:00:00-05:00,2.6321623906821676,2.690171422031455,2.6104088310456346,2.6611669063568115,47380,0.0,0.0
2021-12-06 00:00:00-05:00,2.697422372063029,2.8641258891862713,2.661166729874118,2.8061892986297607,68307,0.0,0.0
2021-12-07 00:00:00-05:00,2.8714497675939015,3.030974601010854,2.8714497675939015,2.90045428276062,86069,0.0,0.0
2021-12-08 00:00:00-05:00,2.8641985062711917,2.922207706800998,2.79966341114722,2.893203020095825,65989,0.0,0.0
2021-12-09 00:00:00-05:00,2.8932031245676013,2.9219177187648433,2.8496963522596483,2.8859519958496094,91757,0.0,0.0
2021-12-10 00:00:00-05:00,2.9077056595630166,2.9077056595630166,2.7264270893260005,2.791687250137329,139160,0.0,0.0
2021-12-13 00:00:00-05:00,2.7481803455795046,2.759057124971114,2.6176598572829075,2.6684179306030273,52395,0.0,0.0
2021-12-14 00:00:00-05:00,2.595906300343504,2.6611666266322613,2.5523995314046877,2.5596506595611572,75197,0.0,0.0
2021-12-15 00:00:00-05:00,2.559650743969319,2.748180255135088,2.559650743969319,2.740929126739502,60888,0.0,0.0
2021-12-16 00:00:00-05:00,2.7409291407895404,2.8496962401614065,2.639413342730968,2.690171241760254,132777,0.0,0.0
2021-12-17 00:00:00-05:00,2.617659959964296,2.7320830267063685,2.617659959964296,2.6611669063568115,30643,0.0,0.0
2021-12-20 00:00:00-05:00,2.5741532601818835,2.6711734819936077,2.5741532601818835,2.639413595199585,71199,0.0,0.0
2021-12-21 00:00:00-05:00,2.661166461020242,2.71917548266193,2.653915333315031,2.675668716430664,59476,0.0,0.0
2021-12-22 00:00:00-05:00,2.6466647243259347,2.697422628210382,2.581404389308233,2.639413595199585,57377,0.0,0.0
2021-12-23 00:00:00-05:00,2.6104085445404053,2.6539154861578194,2.5872774752183196,2.6104085445404053,63142,0.0,0.0
2021-12-27 00:00:00-05:00,2.5669017863776236,2.7544887465676076,2.545148401919571,2.6974222660064697,185281,0.0,0.0
2021-12-28 00:00:00-05:00,2.682920259217728,2.782550800419931,2.6382532848974174,2.7626826763153076,120225,0.0,0.0
2021-12-29 00:00:00-05:00,2.7191758585987547,2.818153774102999,2.690171343767922,2.798938274383545,149214,0.0,0.0
2021-12-30 00:00:00-05:00,2.7481801509857178,2.8134404769533194,2.726426766623361,2.7481801509857178,186930,0.0,0.0
2021-12-31 00:00:00-05:00,2.7554315500611195,2.864198655449019,2.7409292923934725,2.849696397781372,156634,0.0,0.0
2022-01-03 00:00:00-05:00,2.827943106320021,3.1542440876887854,2.827943106320021,3.132490873336792,377359,0.0,0.0
2022-01-04 00:00:00-05:00,3.125239164478982,3.212252702080187,3.0454765821306795,3.1397414207458496,317257,0.0,0.0
2022-01-05 00:00:00-05:00,3.183248633086116,3.212253149661211,3.0963076931941855,3.1469931602478027,119675,0.0,0.0
2022-01-06 00:00:00-05:00,3.2122532924561833,3.241257810320622,3.1252397388628665,3.2195045948028564,389201,0.0,0.0
2022-01-07 00:00:00-05:00,3.3717783808834043,3.567559043217996,3.3355225618076547,3.46604323387146,1223670,0.0,0.0
2022-01-10 00:00:00-05:00,3.582060954474931,3.850352883193472,3.5603073959859035,3.792343854904175,1323095,0.0,0.0
2022-01-11 00:00:00-05:00,3.879357166812841,4.49570357440274,3.8576039553775496,4.437694549560547,1565205,0.0,0.0
2022-01-12 00:00:00-05:00,4.495703636202372,4.640726546062457,4.183904950508949,4.466699123382568,1106954,0.0,0.0
2022-01-13 00:00:00-05:00,4.49570409039398,4.647977970962395,4.118645039881976,4.16215181350708,1412091,0.0,0.0
2022-01-14 00:00:00-05:00,4.114690123963538,4.332526648622984,3.9129896239191173,4.243778705596924,1010054,0.581173,0.0
2022-01-18 00:00:00-05:00,4.3083225132904195,4.800471423190427,4.3083225132904195,4.655247211456299,791994,0.0,0.0
2022-01-19 00:00:00-05:00,4.808539425887426,5.220008200921546,4.719791107855309,4.969899654388428,1108551,0.0,0.0
2022-01-20 00:00:00-05:00,4.97796832681911,5.84931441218335,4.881152180603787,5.510457515716553,1115582,0.0,0.0
2022-01-21 00:00:00-05:00,5.44591326859997,5.44591326859997,4.800471542139896,4.953763961791992,776243,0.0,0.0
2022-01-24 00:00:00-05:00,4.824676075567987,5.082852859425506,4.7359277460055305,5.01024055480957,516218,0.0,0.0
2022-01-25 00:00:00-05:00,5.026376531861232,5.566933939488649,4.905356153558901,5.5265936851501465,602494,0.0,0.0
2022-01-26 00:00:00-05:00,5.647613555792002,6.2688510315405965,5.4943211416835,5.808973789215088,984242,0.0,0.0
2022-01-27 00:00:00-05:00,5.962266006526323,6.051014324336264,5.47011711847376,5.704089641571045,452727,0.0,0.0
2022-01-28 00:00:00-05:00,5.9219265856179355,5.95419863365565,5.276484855437334,5.51852560043335,491029,0.0,0.0
2022-01-31 00:00:00-05:00,5.510457717822677,5.687954377107284,5.365233493173328,5.639545917510986,260178,0.0,0.0
2022-02-01 00:00:00-05:00,5.575001566951543,6.131694980141903,5.453981577542774,6.099422931671143,472798,0.0,0.0
2022-02-02 00:00:00-05:00,6.172035006806644,6.494755864395759,6.059082841300057,6.486687660217285,563781,0.0,0.0
2022-02-03 00:00:00-05:00,6.381803304455081,7.382318328034326,6.381803304455081,7.172469615936279,1280897,0.0,0.0
2022-02-04 00:00:00-05:00,7.438714657077593,8.544033304989854,7.414510043085294,8.487557411193848,1555346,0.0,0.0
2022-02-07 00:00:00-05:00,8.172903784653467,8.277788129699518,6.769068586824087,6.817476272583008,2104560,0.0,0.0
2022-02-08 00:00:00-05:00,6.744863813572476,6.849748156115778,5.946130092773026,6.7367963790893555,1777208,0.0,0.0
2022-02-09 00:00:00-05:00,6.6399800770016375,6.920021258677832,6.163967159586848,6.89008903503418,821769,0.0,0.0
2022-02-10 00:00:00-05:00,6.73679725926101,7.5195562540277345,6.696698603751412,7.39030647277832,792465,0.0,0.0
2022-02-11 00:00:00-05:00,7.446782270010698,8.043735559384393,7.430646629723816,7.9550676345825195,571476,0.0,0.0
2022-02-14 00:00:00-05:00,8.068020074545876,8.068020074545876,6.914292957669383,7.72916316986084,904565,0.0,0.0
2022-02-15 00:00:00-05:00,7.358033925103839,7.575870827839378,7.124142172721936,7.228945732116699,370782,0.0,0.0
2022-02-16 00:00:00-05:00,7.4145099600931905,7.890523257978125,7.269286124896643,7.382237911224365,524248,0.0,0.0
2022-02-17 00:00:00-05:00,7.487122413739193,7.737231374597711,7.414510109960064,7.72916316986084,360768,0.0,0.0
2022-02-18 00:00:00-05:00,7.616210340929739,7.777571352222438,7.277354217723518,7.624278545379639,341821,0.0,0.0
2022-02-22 00:00:00-05:00,8.059952031677708,8.47577774050325,7.753367170356634,8.237448692321777,814401,0.0,0.0
2022-02-23 00:00:00-05:00,8.342332871065922,9.18947513185212,8.229380313152312,8.899025917053223,902311,0.0,0.0
2022-02-24 00:00:00-05:00,9.584806901123036,10.173691913016746,9.278222079217734,10.076955795288086,1573129,0.0,0.0
2022-02-25 00:00:00-05:00,9.7623044602175,9.7623044602175,8.834481703081197,9.60901165008545,1074801,0.0,0.0
2022-02-28 00:00:00-05:00,9.955935741544081,10.655432699344214,9.842983196594304,10.173771858215332,801739,0.0,0.0
2022-03-01 00:00:00-05:00,10.7627384320608,11.981009594722998,10.544901530246122,11.738968849182129,1750059,0.0,0.0
2022-03-02 00:00:00-05:00,12.239185838677825,12.586110928939279,10.565071919555063,10.665922164916992,2343916,0.0,0.0
2022-03-03 00:00:00-05:00,10.33513377702132,11.43238420075573,9.568671274942387,11.40011215209961,1083195,0.0,0.0
2022-03-04 00:00:00-05:00,11.585675698737646,11.932600782667457,10.544901216374507,11.04511833190918,881343,0.0,0.0
2022-03-07 00:00:00-05:00,11.50499680791691,11.527667955400117,9.713896136402834,9.794576644897461,1152124,0.0,0.0
2022-03-08 00:00:00-05:00,10.08502515334516,11.004053385842225,9.923745694544449,10.440017700195312,739901,0.0,0.0
2022-03-09 00:00:00-05:00,10.044683920753394,10.133351836134192,8.890957678763806,9.084589958190918,1205155,0.0,0.0
2022-03-10 00:00:00-05:00,9.342766346007249,9.794494978407648,9.036262308127323,9.697759628295898,607800,0.0,0.0
2022-03-11 00:00:00-05:00,9.38310697527375,9.7623041154752,9.20076986601995,9.254018783569336,387803,0.0,0.0
2022-03-14 00:00:00-04:00,8.899025133167124,9.003909477113767,7.680754795320421,8.285856246948242,1161108,0.0,0.0
2022-03-15 00:00:00-04:00,7.414509680242754,8.02767935503354,6.8578166659105335,7.30962610244751,1108205,0.0,0.0
2022-03-16 00:00:00-04:00,7.430645812182001,7.640010550019809,7.180617664888319,7.511326313018799,437688,0.0,0.0
2022-03-17 00:00:00-04:00,7.6162100562853405,8.576304806004233,7.55166596195103,8.511760711669922,659481,0.0,0.0
2022-03-18 00:00:00-04:00,8.27778813327071,9.317594672375789,8.148699945289506,9.076521873474121,837179,0.0,0.0
2022-03-21 00:00:00-04:00,9.778439883014649,10.609445705084038,9.746167834665147,10.56103801727295,968161,0.0,0.0
2022-03-22 00:00:00-04:00,10.71432921322528,10.95612834170618,9.91559550222659,10.93216609954834,604393,0.0,0.0
2022-03-23 00:00:00-04:00,11.077389963008441,12.085892360343934,11.077389963008441,11.819647789001465,1025787,0.0,0.0
2022-03-24 00:00:00-04:00,12.029417229262805,12.352057688610046,11.375988085882788,11.690560340881348,767232,0.0,0.0
2022-03-25 00:00:00-04:00,11.488859857692955,11.948737503384768,10.770806597478593,11.924532890319824,771651,0.0,0.0
2022-03-28 00:00:00-04:00,11.375907453404647,11.65828766557668,10.65785346296336,11.15807056427002,642507,0.0,0.0
2022-03-29 00:00:00-04:00,10.722398114610906,11.271023698589842,10.093173585321017,11.222615242004395,562643,0.0,0.0
2022-03-30 00:00:00-04:00,11.480791347822224,12.319866112180023,11.480791347822224,12.037485122680664,674946,0.0,0.0
2022-03-31 00:00:00-04:00,11.496927920124266,12.52156677776874,11.361949771363143,12.077825546264648,854323,0.0,0.0
2022-04-01 00:00:00-04:00,12.102029609182464,13.513933063587084,12.034419348931834,12.94917106628418,1142009,0.0,0.0
2022-04-04 00:00:00-04:00,13.2638241273747,13.570408182923645,12.553838338394128,13.078258514404297,817467,0.0,0.0
2022-04-05 00:00:00-04:00,13.279958435305707,13.513931723192261,12.158504295187027,12.263388633728027,789910,0.0,0.0
2022-04-06 00:00:00-04:00,12.31179854520556,13.352572311522538,11.859989092509597,12.658722877502441,985995,0.0,0.0
2022-04-07 00:00:00-04:00,13.513932756919798,13.868926048278809,12.75553925716859,13.868926048278809,1161278,0.0,0.0
2022-04-08 00:00:00-04:00,13.998014744932242,14.837088008973708,13.457457353528087,14.264259338378906,901964,0.0,0.0
2022-04-11 00:00:00-04:00,13.90926540608496,13.90926540608496,12.828150672095004,13.263824462890625,1163387,0.0,0.0
2022-04-12 00:00:00-04:00,13.683361429020886,13.907169090840076,13.07825991806849,13.618817329406738,963259,0.0,0.0
2022-04-13 00:00:00-04:00,13.755972420138834,14.159373388927099,12.967565926215007,13.602681159973145,1218846,0.0,0.0
2022-04-14 00:00:00-04:00,13.307327621993563,14.18700876247232,12.772619816448954,13.212459564208984,1068936,1.087535,0.0
2022-04-18 00:00:00-04:00,13.45394186678714,14.212881434880913,13.238333829322471,13.790289878845215,567610,0.0,0.0
2022-04-19 00:00:00-04:00,13.531560868249194,13.945528752309903,13.152091061799696,13.359074592590332,444147,0.0,0.0
2022-04-20 00:00:00-04:00,13.704047691700072,14.186922893524862,13.195212571846069,13.936903953552246,762215,0.0,0.0
2022-04-21 00:00:00-04:00,13.971400694670999,14.057557050955241,12.51397634367287,13.074470520019531,876279,0.0,0.0
2022-04-22 00:00:00-04:00,13.048598962399602,13.065847178284265,11.729077959285764,12.289658546447754,658169,0.0,0.0
2022-04-25 00:00:00-04:00,11.349607662839357,11.892940049568404,10.875269786569925,11.72907829284668,673523,0.0,0.0
2022-04-26 00:00:00-04:00,11.858441750396667,12.562962773639844,11.573839214185496,11.67733097076416,321099,0.0,0.0
2022-04-27 00:00:00-04:00,11.625584339857722,12.324154704349876,11.427225351193135,12.030927658081055,343472,0.0,0.0
2022-04-28 00:00:00-04:00,12.27240991046694,12.27240991046694,11.64283479416518,12.03955364227295,297417,0.0,0.0
2022-04-29 00:00:00-04:00,12.048177399522086,12.647826563265543,11.090877183955394,11.220242500305176,410852,0.0,0.0
2022-05-02 00:00:00-04:00,11.021882609162075,11.513469492273575,10.487174776680972,11.202993392944336,529398,0.0,0.0
2022-05-03 00:00:00-04:00,11.20299358199331,12.065425743609042,11.12537455585119,11.772198677062988,387072,0.0,0.0
2022-05-04 00:00:00-04:00,12.246535535256113,12.824365102380785,11.901563027635115,12.591508865356445,617800,0.0,0.0
2022-05-05 00:00:00-04:00,12.755371965339414,12.92777187726187,12.07405057304532,12.66912841796875,597785,0.0,0.0
2022-05-06 00:00:00-04:00,12.7381227805653,13.721294868923515,12.194790447403431,13.557433128356934,756809,0.0,0.0
2022-05-09 00:00:00-04:00,13.238334706061075,13.272831961440906,11.4358512618862,12.03955364227295,772453,0.0,0.0
2022-05-10 00:00:00-04:00,12.212039055379103,12.617382394280579,12.04826366987085,12.194790840148926,221173,0.0,0.0
2022-05-11 00:00:00-04:00,12.634630386517024,13.410819797680954,12.470768643565172,13.100343704223633,523262,0.0,0.0
2022-05-12 00:00:00-04:00,13.143466368130971,13.143466368130971,12.255161443406063,12.755372047424316,348507,0.0,0.0
2022-05-13 00:00:00-04:00,13.083096510235915,13.755793394421653,12.953732009520001,13.117593765258789,471340,0.0,0.0
2022-05-16 00:00:00-04:00,13.33320167980249,14.221506604508924,13.33320167980249,14.092142105102539,408301,0.0,0.0
2022-05-17 00:00:00-04:00,14.445738175582347,14.652636151505142,13.540184274706684,14.023146629333496,485895,0.0,0.0
2022-05-18 00:00:00-04:00,14.092140942941782,14.109389980095822,13.031349009869745,13.557433128356934,376265,0.0,0.0
2022-05-19 00:00:00-04:00,13.108967673984944,14.074891521280747,13.03997317221234,13.807538032531738,283424,0.0,0.0
2022-05-20 00:00:00-04:00,14.05764435118756,14.799336577444784,13.376323761336419,13.755793571472168,739212,0.0,0.0
2022-05-23 00:00:00-04:00,13.962777225512385,14.533966143696793,13.402195824229771,14.376744270324707,450618,0.0,0.0
2022-05-24 00:00:00-04:00,14.25600372804897,15.480657420763631,14.005897620295721,15.118435859680176,574045,0.0,0.0
2022-05-25 00:00:00-04:00,15.118437351081175,15.782508907777771,14.669972203602736,15.73076343536377,441059,0.0,0.0
2022-05-26 00:00:00-04:00,15.868751836113345,17.14515107199472,15.782508288832961,16.80017852783203,800524,0.0,0.0
2022-05-27 00:00:00-04:00,17.033033158576306,17.033033158576306,16.29134106174015,16.79155158996582,410514,0.0,0.0
2022-05-31 00:00:00-04:00,17.421131338890742,18.11107645044806,16.74843362140318,17.153776168823242,816289,0.0,0.0
2022-06-01 00:00:00-04:00,17.326263630190265,18.28356393176074,17.050285579817245,17.84372329711914,614483,0.0,0.0
2022-06-02 00:00:00-04:00,17.490123320203136,18.361179925650355,17.084779186454814,17.757476806640625,537904,0.0,0.0
2022-06-03 00:00:00-04:00,17.85234618987056,18.671655746629234,17.55049460792419,18.499170303344727,504622,0.0,0.0
2022-06-06 00:00:00-04:00,18.75789907407613,20.75874137878418,18.55091555755034,20.75874137878418,867750,0.0,0.0
2022-06-07 00:00:00-04:00,20.65524962185729,22.388736709466343,19.258108884652685,20.982973098754883,1430634,0.0,0.0
2022-06-08 00:00:00-04:00,21.534930613215845,22.49223084476867,20.371683183075174,21.250328063964844,1156367,0.0,0.0
2022-06-09 00:00:00-04:00,21.267578489627144,21.84540814489103,19.68329058794159,21.172710418701172,668444,0.0,0.0
2022-06-10 00:00:00-04:00,20.81911350056844,22.273864188397898,20.275781919587246,21.41419219970703,681883,0.0,0.0
2022-06-13 00:00:00-04:00,20.48276341695233,20.638001466042635,18.11107502130522,19.421972274780273,1014531,0.0,0.0
2022-06-14 00:00:00-04:00,20.284406097655104,21.560805381446606,19.42205942026039,19.930809020996094,675536,0.0,0.0
2022-06-15 00:00:00-04:00,20.051548426739917,20.784528934749954,18.628535641575954,19.577211380004883,547168,0.0,0.0
2022-06-16 00:00:00-04:00,18.6371594435258,19.411795214912633,17.817848236200213,17.95583724975586,836077,0.0,0.0
2022-06-17 00:00:00-04:00,18.067954801708478,18.412927344195946,16.006740776048037,16.386211395263672,962306,0.0,0.0
2022-06-21 00:00:00-04:00,17.46424963972777,19.637578878572857,17.3866306208434,19.361600875854492,635004,0.0,0.0
2022-06-22 00:00:00-04:00,18.00758229446724,18.93892339865399,17.015785666036273,17.77472686767578,514104,0.0,0.0
2022-06-23 00:00:00-04:00,18.050704655269033,18.783772291153486,15.78250724335354,16.437955856323242,653162,0.0,0.0
2022-06-24 00:00:00-04:00,17.20552077688447,18.525040815936418,16.662187641426534,17.6884822845459,417928,0.0,0.0
2022-06-27 00:00:00-04:00,18.361182018461083,20.11191830221293,18.059330424551124,19.680702209472656,509784,0.0,0.0
2022-06-28 00:00:00-04:00,20.603504017581475,21.5521797336961,20.31890146724297,21.008848190307617,966377,0.0,0.0
2022-06-29 00:00:00-04:00,21.50905793638683,21.552178885211262,18.757898961452074,19.24948501586914,778368,0.0,0.0
2022-06-30 00:00:00-04:00,18.63715977229923,19.020941825830995,17.162399902089074,17.65398597717285,445319,0.0,0.0
2022-07-01 00:00:00-04:00,18.63715807996997,18.645782598306052,17.403879922208144,18.24043846130371,259912,0.0,0.0
2022-07-05 00:00:00-04:00,17.929966097769647,18.443370919411244,16.058488171520548,17.24864387512207,592855,0.0,0.0
2022-07-06 00:00:00-04:00,17.826474184252483,18.456049314690762,15.963620706954137,16.5069522857666,625203,0.0,0.0
2022-07-07 00:00:00-04:00,16.92954212335559,18.1973184173565,16.90367021202251,17.77472686767578,554308,0.0,0.0
2022-07-08 00:00:00-04:00,18.188693733793187,18.964882320969142,17.593615104142835,18.6285343170166,497711,0.0,0.0
2022-07-11 00:00:00-04:00,18.53366564600451,19.145993292858773,18.294082347957843,18.723400115966797,651189,0.0,0.0
2022-07-12 00:00:00-04:00,17.438375560778912,17.98170867663265,16.49832448918565,16.58456802368164,1406530,0.0,0.0
2022-07-13 00:00:00-04:00,16.584569738629597,17.947212460704524,16.584569738629597,17.369382858276367,1077192,0.0,0.0
2022-07-14 00:00:00-04:00,16.502492441122133,16.59520343045058,14.24035331991473,15.009852409362793,1367944,1.404951,0.0
2022-07-15 00:00:00-04:00,15.501217813444233,15.668097242367871,14.833701866064741,15.445591926574707,468428,0.0,0.0
2022-07-18 00:00:00-04:00,15.881331864402556,18.060032259500716,15.822461117238534,16.456138610839844,1091027,0.0,0.0
2022-07-19 00:00:00-04:00,16.641560700733073,17.540853278268024,15.955500403940476,16.242904663085938,737698,0.0,0.0
2022-07-20 00:00:00-04:00,16.30780072592423,16.966045381110618,15.714453231861569,16.103837966918945,615161,0.0,0.0
2022-07-21 00:00:00-04:00,15.427049624608816,15.760808487859613,14.555570014897663,15.668097496032715,679721,0.0,0.0
2022-07-22 00:00:00-04:00,15.454864100180885,15.70796481785919,14.138372912362701,14.314522743225098,568073,0.0,0.0
2022-07-25 00:00:00-04:00,14.388692099313122,15.621743570309912,14.370149546470422,15.38996696472168,518690,0.0,0.0
2022-07-26 00:00:00-04:00,15.732995024617898,16.623018091151955,15.019124438122976,15.436321258544922,621201,0.0,0.0
2022-07-27 00:00:00-04:00,15.575385814551309,16.11310742135971,15.148917746672064,15.890602111816406,362102,0.0,0.0
2022-07-28 00:00:00-04:00,16.122380014927376,16.28925945280558,15.343610483705863,15.899874687194824,198148,0.0,0.0
2022-07-29 00:00:00-04:00,16.26144677389781,16.845523015954175,16.02039890260492,16.446866989135742,504019,0.0,0.0
2022-08-01 00:00:00-04:00,16.08529575455446,16.178006744533846,14.62973816316022,15.33434009552002,725254,0.0,0.0
2022-08-02 00:00:00-04:00,15.250901165714724,15.64955543699305,15.009853286697389,15.27871322631836,233214,0.0,0.0
2022-08-03 00:00:00-04:00,15.380694892026417,15.705182476713931,14.574112452435855,14.778075218200684,398801,0.0,0.0
2022-08-04 00:00:00-04:00,14.444318013945766,14.690001534581379,12.914592768140295,12.970218658447266,823920,0.0,0.0
2022-08-05 00:00:00-04:00,12.655001872224556,14.092016953827184,12.497393715162218,13.65627670288086,665939,0.0,0.0
2022-08-08 00:00:00-04:00,13.739716256017582,14.258896217368822,13.596756822992065,13.999306678771973,411630,0.0,0.0
2022-08-09 00:00:00-04:00,14.32379341302285,14.76880493577054,13.999677172101336,14.59265422821045,432988,0.0,0.0
2022-08-10 00:00:00-04:00,14.666822898746732,14.666822898746732,13.637735117696952,13.684090614318848,718044,0.0,0.0
2022-08-11 00:00:00-04:00,14.045661415121542,14.768805033870223,14.008577194992704,14.64828109741211,411813,0.0,0.0
2022-08-12 00:00:00-04:00,14.546298828939639,14.787346701855867,14.17007918143082,14.64828109741211,235533,0.0,0.0
2022-08-15 00:00:00-04:00,13.572838645288524,14.221812978627376,13.341062034513392,14.027120590209961,402472,0.0,0.0
2022-08-16 00:00:00-04:00,13.990036274141756,14.397962717344202,13.776801333895007,13.9714937210083,468090,0.0,0.0
2022-08-17 00:00:00-04:00,13.906596051998074,14.564841633825619,13.869511831225715,14.333065032958984,300054,0.0,0.0
2022-08-18 00:00:00-04:00,14.63900975429319,15.19527305367806,14.397961882480972,15.186001777648926,555873,0.0,0.0
2022-08-19 00:00:00-04:00,14.917142272730612,14.926413549024927,14.342336404846641,14.388691902160645,294767,0.0,0.0
2022-08-22 00:00:00-04:00,13.962223150887061,14.703907583633116,13.517211607081842,14.611197471618652,343279,0.0,0.0
2022-08-23 00:00:00-04:00,14.787346688875376,15.99258516824099,14.76314906506222,15.695911407470703,628977,0.0,0.0
2022-08-24 00:00:00-04:00,16.03893954130656,16.36342712543324,15.1519774573301,15.770079612731934,591461,0.0,0.0
2022-08-25 00:00:00-04:00,15.853519439697266,16.05748220654989,15.38078692644075,15.853519439697266,236889,0.0,0.0
2022-08-26 00:00:00-04:00,15.918416509106256,16.159464378495514,15.483789420189353,16.066753387451172,243072,0.0,0.0
2022-08-29 00:00:00-04:00,16.215089813836123,17.522309623011733,16.038939112593194,17.234907150268555,797279,0.0,0.0
2022-08-30 00:00:00-04:00,17.049485326600905,17.049485326600905,14.747017129257843,15.250900268554688,817134,0.0,0.0
2022-08-31 00:00:00-04:00,14.870786524489313,15.797892863373235,14.472129631681321,15.593928337097168,349674,0.0,0.0
2022-09-01 00:00:00-04:00,15.093292260108889,15.215670272006514,14.18009192464348,14.370148658752441,629808,0.0,0.0
2022-09-02 00:00:00-04:00,14.926413296684853,15.575386711479343,14.648281201660389,15.53830337524414,339371,0.0,0.0
2022-09-06 00:00:00-04:00,15.844247887934072,15.918416326254572,15.199909248465659,15.33434009552002,178680,0.0,0.0
2022-09-07 00:00:00-04:00,14.963496796249101,14.969245588744288,13.721823929106337,13.795343399047852,527765,0.0,0.0
2022-09-08 00:00:00-04:00,13.952951654680176,14.573648837714495,13.952951654680176,14.416504859924316,264033,0.0,0.0
2022-09-09 00:00:00-04:00,14.750262698085626,15.241629727197106,14.657552588482421,15.08402156829834,229257,0.0,0.0
2022-09-12 00:00:00-04:00,15.39923780139385,15.677369012831193,14.982039215922718,15.056207656860352,301792,0.0,0.0
2022-09-13 00:00:00-04:00,14.889327728069475,15.241629137056613,14.31452188781828,14.370148658752441,353310,0.0,0.0
2022-09-14 00:00:00-04:00,14.824431057890859,15.590684437497915,14.52775729414033,15.056207656860352,472202,0.0,0.0
2022-09-15 00:00:00-04:00,14.805889643672469,14.805889643672469,13.999307171523771,14.175457000732422,545765,0.0,0.0
2022-09-16 00:00:00-04:00,14.370149369393804,14.379420645700907,13.748988003339015,14.14764404296875,384581,0.0,0.0
2022-09-19 00:00:00-04:00,13.674819092407756,14.036390898571522,13.535753489198829,13.999306678771973,642148,0.0,0.0
2022-09-20 00:00:00-04:00,13.90659534589561,13.980763783674453,12.794067895055466,13.239078521728516,679214,0.0,0.0
2022-09-21 00:00:00-04:00,13.647007107095252,13.682886222684523,12.386141777038574,12.386141777038574,437049,0.0,0.0
2022-09-22 00:00:00-04:00,12.858965658273213,13.211266196272728,12.191448802897423,12.423225402832031,424132,0.0,0.0
2022-09-23 00:00:00-04:00,11.931859160747251,11.931859160747251,10.42994691157881,10.7266206741333,718859,0.0,0.0
2022-09-26 00:00:00-04:00,10.522657778140477,10.874957424866105,10.012749091752791,10.077646255493164,589493,0.0,0.0
2022-09-27 00:00:00-04:00,10.290881041338068,10.949126598168268,10.263067213696875,10.717350006103516,402889,0.0,0.0
2022-09-28 00:00:00-04:00,11.014024584643952,11.894775523521,10.875422271250201,11.737167358398438,529351,0.0,0.0
2022-09-29 00:00:00-04:00,11.709353935905767,11.820606597786021,10.680266150395235,11.319969177246094,622678,0.0,0.0
2022-09-30 00:00:00-04:00,11.255071678138092,11.431221499847645,10.86568693103536,11.069649696350098,154968,0.0,0.0
2022-10-03 00:00:00-04:00,11.98748603510123,12.423225406513993,11.626007057343394,12.154364585876465,543437,0.0,0.0
2022-10-04 00:00:00-04:00,13.20199540005261,13.229809229649415,12.358328687083283,12.515936851501465,623312,0.0,0.0
2022-10-05 00:00:00-04:00,12.784797046650924,13.693361766048593,12.44176778941797,13.572837829589844,613696,0.0,0.0
2022-10-06 00:00:00-04:00,13.424500197385985,13.87878300364635,12.580833518007184,12.608647346496582,699061,0.0,0.0
2022-10-07 00:00:00-04:00,12.923862956572737,13.303977327076923,12.098738818159132,12.265617370605469,703334,0.0,0.0
2022-10-10 00:00:00-04:00,12.942405846252262,13.257622175088626,12.14509463178668,12.515936851501465,730477,0.0,0.0
2022-10-11 00:00:00-04:00,12.209991443968134,13.392051758556837,12.182178499338095,12.747713088989258,672960,0.0,0.0
2022-10-12 00:00:00-04:00,12.886778458575952,13.072200443775936,12.219262494823198,12.821881294250488,666844,0.0,0.0
2022-10-13 00:00:00-04:00,12.49739383713162,13.396687291942134,12.330515286498605,12.960947036743164,982717,0.0,0.0
2022-10-14 00:00:00-04:00,13.178775336228087,13.276396266667097,12.290428406965418,13.266633987426758,623029,0.703137,0.0
2022-10-17 00:00:00-04:00,13.618067979382808,13.627830258851212,12.456383721126858,12.534480094909668,527464,0.0,0.0
2022-10-18 00:00:00-04:00,12.280666310838825,12.462435931161195,11.323985274593348,12.143997192382812,783872,0.0,0.0
2022-10-19 00:00:00-04:00,12.427096859476123,12.788293751273743,11.714467217295443,12.475907325744629,592115,0.0,0.0
2022-10-20 00:00:00-04:00,12.671147935561228,13.40330211790518,12.593051563923114,13.032344818115234,363133,0.0,0.0
2022-10-21 00:00:00-04:00,13.22758613554206,13.344730696438326,12.446621465251411,12.65162467956543,302876,0.0,0.0
2022-10-24 00:00:00-04:00,12.69067215028077,12.69067215028077,11.636370230736018,11.802325248718262,516072,0.0,0.0
2022-10-25 00:00:00-04:00,11.724229519276602,12.6516246562316,11.66565677344539,12.59305191040039,234619,0.0,0.0
2022-10-26 00:00:00-04:00,12.817579402134138,13.491160844016614,12.729720750805512,13.403302192687988,374206,0.0,0.0
2022-10-27 00:00:00-04:00,13.47163768830137,13.618068158322664,12.885913946251744,13.334968566894531,371688,0.0,0.0
2022-10-28 00:00:00-04:00,13.188537898907517,13.569257487641005,12.38804867265776,12.475907325744629,369399,0.0,0.0
2022-10-31 00:00:00-04:00,12.202570086270166,12.99319928436009,12.202570086270166,12.710197448730469,300610,0.0,0.0
2022-11-01 00:00:00-04:00,13.081154926852742,13.764499605181205,12.763888286761514,13.510685920715332,433353,0.0,0.0
2022-11-02 00:00:00-04:00,13.588782295463997,14.0280746379632,12.95551794407147,13.569257736206055,275846,0.0,0.0
2022-11-03 00:00:00-04:00,13.198299609432029,14.242741506906198,13.1807273209828,13.959739685058594,416452,0.0,0.0
2022-11-04 00:00:00-04:00,14.633321754049772,14.974896334092417,14.28188807239918,14.594273567199707,619044,0.0,0.0
2022-11-07 00:00:00-05:00,14.8871347698281,14.984755698088692,13.901166932128355,13.92069149017334,332082,0.0,0.0
2022-11-08 00:00:00-05:00,13.920691916280923,14.154981034099253,13.421850242355315,13.715688705444336,226787,0.0,0.0
2022-11-09 00:00:00-05:00,13.305682442047374,13.588782028857649,12.329476841876463,12.397810935974121,264022,0.0,0.0
2022-11-10 00:00:00-05:00,13.159250863561606,13.725450960425105,12.944486304766764,13.657115936279297,330135,0.0,0.0
2022-11-11 00:00:00-05:00,14.018312025451232,14.399032543100361,13.79378518520994,14.164743423461914,195340,0.0,0.0
2022-11-14 00:00:00-05:00,14.213553653775106,14.22331500202819,13.038397180001992,13.286157608032227,409467,0.0,0.0
2022-11-15 00:00:00-05:00,13.520447331342044,14.028073736664789,13.305681848214416,13.803546905517578,534385,0.0,0.0
2022-11-16 00:00:00-05:00,13.666878144700927,13.764499075270239,13.18853763307212,13.344730377197266,263600,0.0,0.0
2022-11-17 00:00:00-05:00,13.276396780725603,13.491161346435547,12.885913974832365,13.491161346435547,245071,0.0,0.0
2022-11-18 00:00:00-05:00,13.129964837496962,13.27639623278174,12.544242049304414,13.169013023376465,386398,0.0,0.0
2022-11-21 00:00:00-05:00,12.934723844868305,12.993296588892322,11.714466878371296,12.895675659179688,447180,0.0,0.0
2022-11-22 00:00:00-05:00,12.934724427865136,13.657116361155454,12.788293957678421,13.354493141174316,222580,0.0,0.0
2022-11-23 00:00:00-05:00,13.256872123341294,13.430637161528667,12.656505895992106,12.983534812927246,229998,0.0,0.0
2022-11-25 00:00:00-05:00,12.97377209397895,13.256871674350895,12.856627536340438,13.169013023376465,57498,0.0,0.0
2022-11-28 00:00:00-05:00,12.69067236783299,12.846865109556862,12.368524605281957,12.544241905212402,401695,0.0,0.0
2022-11-29 00:00:00-05:00,12.62233883353372,13.120202987020948,12.602814274464855,12.905438423156738,276499,0.0,0.0
2022-11-30 00:00:00-05:00,12.93472396693456,13.680251712922745,12.93472396693456,13.38377857208252,347630,0.0,0.0
2022-12-01 00:00:00-05:00,13.66687864835158,14.018312335584161,13.17877583948188,13.39354133605957,497482,0.0,0.0
2022-12-02 00:00:00-05:00,13.295920387084552,13.813309103235174,13.26663447926001,13.315444946289062,252326,0.0,0.0
2022-12-05 00:00:00-05:00,13.67664035197481,13.901167187727484,12.895675704477068,13.090916633605957,290520,0.0,0.0
2022-12-06 00:00:00-05:00,12.837103310572502,13.178775644108951,12.334358020718442,12.534480094909668,343020,0.0,0.0
2022-12-07 00:00:00-05:00,12.583290016109759,12.778530942108144,12.1635213269766,12.290428161621094,144781,0.0,0.0
2022-12-08 00:00:00-05:00,12.5735276764569,12.885815403421057,11.958518064289848,12.05613899230957,174111,0.0,0.0
2022-12-09 00:00:00-05:00,12.124473879540993,12.124473879540993,11.323985568747482,11.372795104980469,344983,0.0,0.0
2022-12-12 00:00:00-05:00,11.519225928466554,11.543630695358152,10.660164913935327,10.95302677154541,529158,0.0,0.0
2022-12-13 00:00:00-05:00,11.646132859630448,11.646132859630448,11.057969035307794,11.34350872039795,231547,0.0,0.0
2022-12-14 00:00:00-05:00,11.470415610635833,11.860897471796516,11.323985145446125,11.577797889709473,253135,0.0,0.0
2022-12-15 00:00:00-05:00,11.421605550216793,11.695821709942132,11.060409583090822,11.197078704833984,133633,0.0,0.0
2022-12-16 00:00:00-05:00,11.031123179594044,11.167791364214619,10.806595413316808,11.109219551086426,146702,0.0,0.0
2022-12-19 00:00:00-05:00,11.060409476340809,11.226364504362131,10.718834893904459,10.767547607421875,161912,0.0,0.0
2022-12-20 00:00:00-05:00,10.738261730343677,11.128743602690559,10.708975822663215,10.92374038696289,183155,0.0,0.0
2022-12-21 00:00:00-05:00,11.158030509719655,11.343509167475316,10.94326501312187,11.216602325439453,223064,0.0,0.0
2022-12-22 00:00:00-05:00,11.27517497911041,11.27517497911041,10.621117146081845,10.806595802307129,173908,0.0,0.0
2022-12-23 00:00:00-05:00,10.826120143250868,11.909708013116758,10.806595584577261,11.812088012695312,419802,0.0,0.0
2022-12-27 00:00:00-05:00,11.958518177419103,12.622338259875848,11.616845857099973,12.524717330932617,461852,0.0,0.0
2022-12-28 00:00:00-05:00,12.544242232154529,12.544242232154529,11.56803663995518,11.929232597351074,427294,0.0,0.0
2022-12-29 00:00:00-05:00,11.919469823316895,12.241617580894474,11.831611174708073,11.88042163848877,347041,0.0,0.0
2022-12-30 00:00:00-05:00,11.88042200105088,11.958518373090447,11.265412373002652,11.402081489562988,394209,0.0,0.0
2023-01-03 00:00:00-05:00,11.51922594782563,11.51922594782563,10.621116746169186,11.031123161315918,394233,0.0,0.0
2023-01-04 00:00:00-05:00,10.93350210054676,10.93350210054676,10.15253746529724,10.543020248413086,563503,0.0,0.0
2023-01-05 00:00:00-05:00,10.386827888538471,10.52349607630703,9.94753462504752,10.142776489257812,300990,0.0,0.0
2023-01-06 00:00:00-05:00,10.250158269352301,10.59183058405691,10.054917345656309,10.093965530395508,320339,0.0,0.0
2023-01-09 00:00:00-05:00,10.386828073949552,11.141824864663016,10.386828073949552,11.021361351013184,564781,0.0,0.0
2023-01-10 00:00:00-05:00,11.079933789236293,11.71446704864502,10.767547368204532,11.71446704864502,379826,0.0,0.0
2023-01-11 00:00:00-05:00,11.938993869165653,12.163521638042424,11.528988379574784,11.636370658874512,391594,0.0,0.0
2023-01-12 00:00:00-05:00,11.851136281808868,12.602814107329468,11.773136730682891,12.202569961547852,711190,0.0,0.0
2023-01-13 00:00:00-05:00,11.979999542236328,12.210000038146973,11.300000190734863,12.180000305175781,478781,0.29743,0.0
2023-01-17 00:00:00-05:00,12.100000381469727,12.100000381469727,11.569999694824219,11.779999732971191,313825,0.0,0.0
2023-01-18 00:00:00-05:00,11.789999961853027,12.470000267028809,11.739999771118164,11.869999885559082,376149,0.0,0.0
2023-01-19 00:00:00-05:00,11.880000114440918,12.659899711608887,11.8149995803833,12.520000457763672,260127,0.0,0.0
2023-01-20 00:00:00-05:00,12.640000343322754,12.850000381469727,12.270000457763672,12.800000190734863,232429,0.0,0.0
2023-01-23 00:00:00-05:00,12.850000381469727,13.3100004196167,12.649999618530273,12.649999618530273,341181,0.0,0.0
2023-01-24 00:00:00-05:00,12.699999809265137,12.991000175476074,12.5,12.800000190734863,185378,0.0,0.0
2023-01-25 00:00:00-05:00,12.710000038146973,12.9399995803833,12.411499977111816,12.859999656677246,144840,0.0,0.0
2023-01-26 00:00:00-05:00,13.0,13.15999984741211,12.545000076293945,12.960000038146973,148965,0.0,0.0
2023-01-27 00:00:00-05:00,12.989999771118164,13.289999961853027,12.770000457763672,13.0,222801,0.0,0.0
2023-01-30 00:00:00-05:00,12.930000305175781,13.130000114440918,12.229999542236328,12.380000114440918,264996,0.0,0.0
2023-01-31 00:00:00-05:00,12.5,12.680000305175781,12.170000076293945,12.25,198858,0.0,0.0
2023-02-01 00:00:00-05:00,12.130000114440918,12.350099563598633,11.779999732971191,12.1899995803833,218832,0.0,0.0
2023-02-02 00:00:00-05:00,12.050000190734863,12.1899995803833,11.300000190734863,11.5600004196167,495584,0.0,0.0
2023-02-03 00:00:00-05:00,11.5600004196167,12.010000228881836,11.25,11.319999694824219,361575,0.0,0.0
2023-02-06 00:00:00-05:00,11.399999618530273,11.399999618530273,11.020099639892578,11.270000457763672,147576,0.0,0.0
2023-02-07 00:00:00-05:00,11.489999771118164,12.010000228881836,11.375300407409668,11.899999618530273,254006,0.0,0.0
2023-02-08 00:00:00-05:00,12.210000038146973,12.210000038146973,11.1899995803833,11.380000114440918,324463,0.0,0.0
2023-02-09 00:00:00-05:00,11.569999694824219,11.569999694824219,11.039999961853027,11.069999694824219,227676,0.0,0.0
2023-02-10 00:00:00-05:00,11.380000114440918,11.6899995803833,11.297200202941895,11.539999961853027,316913,0.0,0.0
2023-02-13 00:00:00-05:00,11.59000015258789,11.59000015258789,11.180000305175781,11.34000015258789,192820,0.0,0.0
2023-02-14 00:00:00-05:00,11.300000190734863,11.920000076293945,11.199999809265137,11.720000267028809,264355,0.0,0.0
2023-02-15 00:00:00-05:00,11.470000267028809,11.470000267028809,11.194999694824219,11.239999771118164,221229,0.0,0.0
2023-02-16 00:00:00-05:00,11.199999809265137,11.329999923706055,10.90999984741211,10.949999809265137,225488,0.0,0.0
2023-02-17 00:00:00-05:00,10.850000381469727,10.853500366210938,10.4399995803833,10.550000190734863,346115,0.0,0.0
2023-02-21 00:00:00-05:00,10.600000381469727,10.774999618530273,10.300100326538086,10.380000114440918,261622,0.0,0.0
2023-02-22 00:00:00-05:00,10.300000190734863,10.425000190734863,10.020000457763672,10.260000228881836,180151,0.0,0.0
2023-02-23 00:00:00-05:00,10.489999771118164,10.838899612426758,10.430000305175781,10.5600004196167,187105,0.0,0.0
2023-02-24 00:00:00-05:00,10.359999656677246,10.600000381469727,10.25,10.5,110583,0.0,0.0
2023-02-27 00:00:00-05:00,10.470000267028809,10.569999694824219,10.270000457763672,10.300000190734863,113027,0.0,0.0
2023-02-28 00:00:00-05:00,10.470000267028809,10.670000076293945,10.300000190734863,10.300000190734863,149029,0.0,0.0
2023-03-01 00:00:00-05:00,10.5,10.640000343322754,10.401000022888184,10.550000190734863,75953,0.0,0.0
2023-03-02 00:00:00-05:00,10.449999809265137,10.729999542236328,10.449999809265137,10.59000015258789,117962,0.0,0.0
2023-03-03 00:00:00-05:00,10.479999542236328,10.800000190734863,10.430000305175781,10.75,208873,0.0,0.0
2023-03-06 00:00:00-05:00,10.649999618530273,10.86989974975586,10.470000267028809,10.829999923706055,158730,0.0,0.0
2023-03-07 00:00:00-05:00,10.890000343322754,10.899999618530273,10.510000228881836,10.510000228881836,125839,0.0,0.0
2023-03-08 00:00:00-05:00,10.5,10.625300407409668,10.170000076293945,10.40999984741211,151130,0.0,0.0
2023-03-09 00:00:00-05:00,10.289999961853027,10.579999923706055,10.149999618530273,10.180000305175781,107289,0.0,0.0
2023-03-10 00:00:00-05:00,10.210000038146973,10.300000190734863,9.729999542236328,9.829999923706055,225076,0.0,0.0
2023-03-13 00:00:00-04:00,9.600000381469727,10.0,9.260000228881836,9.34000015258789,386570,0.0,0.0
2023-03-14 00:00:00-04:00,9.5,9.649900436401367,8.579999923706055,8.770000457763672,414427,0.0,0.0
2023-03-15 00:00:00-04:00,8.279999732971191,8.449999809265137,7.565000057220459,8.079999923706055,691104,0.0,0.0
2023-03-16 00:00:00-04:00,8.100000381469727,8.539999961853027,8.039999961853027,8.460000038146973,236080,0.0,0.0
2023-03-17 00:00:00-04:00,8.5600004196167,8.649900436401367,8.079999923706055,8.100000381469727,231431,0.0,0.0
2023-03-20 00:00:00-04:00,8.15999984741211,8.469900131225586,8.140000343322754,8.170000076293945,213885,0.0,0.0
2023-03-21 00:00:00-04:00,8.350000381469727,8.75,8.350000381469727,8.710000038146973,245715,0.0,0.0
2023-03-22 00:00:00-04:00,8.859999656677246,9.0,8.510000228881836,8.579999923706055,215643,0.0,0.0
2023-03-23 00:00:00-04:00,8.569999694824219,8.902799606323242,8.539999961853027,8.609999656677246,146446,0.0,0.0
2023-03-24 00:00:00-04:00,8.649999618530273,8.890000343322754,8.539999961853027,8.869999885559082,186682,0.0,0.0
2023-03-27 00:00:00-04:00,9.0,9.01990032196045,8.640000343322754,8.84000015258789,190915,0.0,0.0
2023-03-28 00:00:00-04:00,8.949999809265137,9.229900360107422,8.800000190734863,8.8100004196167,242134,0.0,0.0
2023-03-29 00:00:00-04:00,8.850000381469727,9.039999961853027,8.404999732971191,8.59000015258789,311081,0.0,0.0
2023-03-30 00:00:00-04:00,8.609999656677246,8.678500175476074,7.891600131988525,7.900000095367432,624220,0.0,0.0
2023-03-31 00:00:00-04:00,7.965000152587891,8.0,7.420100212097168,7.639999866485596,549900,0.0,0.0
2023-04-03 00:00:00-04:00,8.279999732971191,9.52810001373291,8.149999618530273,8.989999771118164,1119662,0.0,0.0
2023-04-04 00:00:00-04:00,9.470000267028809,9.5,8.729999542236328,8.819999694824219,586353,0.0,0.0
2023-04-05 00:00:00-04:00,8.899999618530273,8.915300369262695,8.479999542236328,8.739999771118164,346894,0.0,0.0
2023-04-06 00:00:00-04:00,8.720000267028809,8.789999961853027,8.289999961853027,8.329999923706055,331195,0.0,0.0
2023-04-10 00:00:00-04:00,7.650000095367432,7.840000152587891,6.019999980926514,6.400000095367432,1708143,0.0,0.0
2023-04-11 00:00:00-04:00,6.510000228881836,7.480000019073486,6.478000164031982,7.400000095367432,707446,0.0,0.0
2023-04-12 00:00:00-04:00,7.349999904632568,8.0,7.28000020980835,7.710000038146973,322881,0.0,0.0
2023-04-13 00:00:00-04:00,7.690000057220459,8.130000114440918,7.570000171661377,7.869999885559082,225916,0.0,0.0
2023-04-14 00:00:00-04:00,7.820000171661377,8.109999656677246,7.75,7.900000095367432,120324,0.0,0.0
2023-04-17 00:00:00-04:00,7.690000057220459,7.96999979019165,7.511000156402588,7.769999980926514,203825,0.0,0.0
2023-04-18 00:00:00-04:00,7.71999979019165,7.71999979019165,7.400000095367432,7.53000020980835,184981,0.0,0.0
2023-04-19 00:00:00-04:00,7.5,7.576000213623047,7.260000228881836,7.309999942779541,160014,0.0,0.0
2023-04-20 00:00:00-04:00,7.25,7.340000152587891,7.159999847412109,7.309999942779541,229735,0.0,0.0
2023-04-21 00:00:00-04:00,7.329999923706055,7.380000114440918,7.150000095367432,7.340000152587891,110409,0.0,0.0
2023-04-24 00:00:00-04:00,7.21999979019165,7.549699783325195,7.21999979019165,7.420000076293945,134181,0.0,0.0
2023-04-25 00:00:00-04:00,7.260000228881836,7.326499938964844,7.0,7.019999980926514,120229,0.0,0.0
2023-04-26 00:00:00-04:00,7.130000114440918,7.190000057220459,6.849999904632568,6.909999847412109,199716,0.0,0.0
2023-04-27 00:00:00-04:00,6.889999866485596,7.090000152587891,6.644999980926514,6.670000076293945,180945,0.0,0.0
2023-04-28 00:00:00-04:00,6.619999885559082,7.0,6.599999904632568,6.949999809265137,193901,0.0,0.0
2023-05-01 00:00:00-04:00,6.940000057220459,7.079999923706055,6.610000133514404,6.739999771118164,175893,0.0,0.0
2023-05-02 00:00:00-04:00,6.789999961853027,6.789999961853027,6.199999809265137,6.269999980926514,238174,0.0,0.0
2023-05-03 00:00:00-04:00,6.230000019073486,6.260000228881836,5.989999771118164,6.0,227932,0.0,0.0
2023-05-04 00:00:00-04:00,5.960000038146973,6.085000038146973,5.619999885559082,5.639999866485596,266980,0.0,0.0
2023-05-05 00:00:00-04:00,5.71999979019165,5.940000057220459,5.710000038146973,5.760000228881836,187312,0.0,0.0
2023-05-08 00:00:00-04:00,5.900000095367432,5.940000057220459,5.760000228881836,5.800000190734863,249606,0.0,0.0
2023-05-09 00:00:00-04:00,5.849999904632568,5.849999904632568,5.5,5.510000228881836,233057,0.0,0.0
2023-05-10 00:00:00-04:00,5.510000228881836,5.670000076293945,5.099999904632568,5.119999885559082,321361,0.0,0.0
2023-05-11 00:00:00-04:00,5.199999809265137,5.199999809265137,4.739999771118164,4.880000114440918,376742,0.0,0.0
2023-05-12 00:00:00-04:00,4.889999866485596,5.070000171661377,4.769999980926514,4.800000190734863,242719,0.0,0.0
2023-05-15 00:00:00-04:00,4.809999942779541,5.019999980926514,4.800000190734863,5.019999980926514,194129,0.0,0.0
2023-05-16 00:00:00-04:00,5.0,5.239999771118164,4.849999904632568,5.119999885559082,547150,0.0,0.0
2023-05-17 00:00:00-04:00,5.119999885559082,5.239999771118164,5.039999961853027,5.239999771118164,426911,0.0,0.0
2023-05-18 00:00:00-04:00,5.320000171661377,5.320000171661377,4.849999904632568,4.989999771118164,356129,0.0,0.0
2023-05-19 00:00:00-04:00,5.130000114440918,5.168399810791016,4.929999828338623,5.010000228881836,129513,0.0,0.0
2023-05-22 00:00:00-04:00,5.03000020980835,5.090000152587891,4.820000171661377,4.869999885559082,235844,0.0,0.0
2023-05-23 00:00:00-04:00,4.949999809265137,5.435200214385986,4.880000114440918,5.380000114440918,251212,0.0,0.0
2023-05-24 00:00:00-04:00,5.480000019073486,5.565000057220459,5.300000190734863,5.349999904632568,171836,0.0,0.0
2023-05-25 00:00:00-04:00,5.269999980926514,5.269999980926514,4.942699909210205,5.050000190734863,229666,0.0,0.0
2023-05-26 00:00:00-04:00,5.170000076293945,5.190000057220459,5.03000020980835,5.130000114440918,83994,0.0,0.0
2023-05-30 00:00:00-04:00,5.119999885559082,5.119999885559082,4.840000152587891,5.039999961853027,183546,0.0,0.0
2023-05-31 00:00:00-04:00,4.960000038146973,4.960000038146973,4.760000228881836,4.820000171661377,240601,0.0,0.0
2023-06-01 00:00:00-04:00,4.829999923706055,5.170000076293945,4.829999923706055,5.119999885559082,163600,0.0,0.0
2023-06-02 00:00:00-04:00,5.21999979019165,5.599999904632568,5.21999979019165,5.539999961853027,290120,0.0,0.0
2023-06-05 00:00:00-04:00,5.739999771118164,5.669899940490723,5.360000133514404,5.360000133514404,148114,0.0,0.0
2023-06-06 00:00:00-04:00,5.380000114440918,5.452700138092041,5.03000020980835,5.300000190734863,182058,0.0,0.0
2023-06-07 00:00:00-04:00,5.289999961853027,5.46999979019165,5.289999961853027,5.329999923706055,120570,0.0,0.0
2023-06-08 00:00:00-04:00,5.449999809265137,5.449999809265137,5.150000095367432,5.340000152587891,150495,0.0,0.0
2023-06-09 00:00:00-04:00,5.349999904632568,5.369999885559082,5.125,5.21999979019165,118236,0.0,0.0
2023-06-12 00:00:00-04:00,5.170000076293945,5.199999809265137,5.010000228881836,5.070000171661377,160029,0.0,0.0
2023-06-13 00:00:00-04:00,5.110000133514404,5.400000095367432,5.110000133514404,5.349999904632568,168983,0.0,0.0
2023-06-14 00:00:00-04:00,5.440000057220459,5.440000057220459,5.199999809265137,5.300000190734863,113320,0.0,0.0
2023-06-15 00:00:00-04:00,5.28000020980835,5.639999866485596,5.28000020980835,5.550000190734863,142621,0.0,0.0
2023-06-16 00:00:00-04:00,5.53000020980835,6.159999847412109,5.449999809265137,5.900000095367432,429608,0.0,0.0
2023-06-20 00:00:00-04:00,5.909999847412109,5.909999847412109,5.409999847412109,5.559999942779541,334993,0.0,0.0
2023-06-21 00:00:00-04:00,5.599999904632568,5.789999961853027,5.460000038146973,5.510000228881836,135383,0.0,0.0
2023-06-22 00:00:00-04:00,5.519999980926514,5.519999980926514,5.289999961853027,5.329999923706055,141247,0.0,0.0
2023-06-23 00:00:00-04:00,5.360000133514404,5.360000133514404,5.135000228881836,5.159999847412109,147913,0.0,0.0
2023-06-26 00:00:00-04:00,5.199999809265137,5.320000171661377,5.119999885559082,5.21999979019165,97253,0.0,0.0
2023-06-27 00:00:00-04:00,5.190000057220459,5.309999942779541,5.070000171661377,5.119999885559082,113518,0.0,0.0
2023-06-28 00:00:00-04:00,5.050000190734863,5.110000133514404,4.920000076293945,4.940000057220459,214292,0.0,0.0
2023-06-29 00:00:00-04:00,4.960000038146973,5.059999942779541,4.760000228881836,4.800000190734863,226703,0.0,0.0
2023-06-30 00:00:00-04:00,4.809999942779541,4.815000057220459,4.520999908447266,4.559999942779541,423582,0.0,0.0
2023-07-03 00:00:00-04:00,4.730000019073486,4.820000171661377,4.559999942779541,4.639999866485596,271106,0.0,0.0
2023-07-05 00:00:00-04:00,4.730000019073486,4.980000019073486,4.699999809265137,4.809999942779541,244694,0.0,0.0
2023-07-06 00:00:00-04:00,4.789999961853027,4.833199977874756,4.519999980926514,4.71999979019165,331291,0.0,0.0
2023-07-07 00:00:00-04:00,4.630000114440918,5.150000095367432,4.630000114440918,5.03000020980835,383427,0.0,0.0
2023-07-10 00:00:00-04:00,5.070000171661377,5.550000190734863,5.039999961853027,5.239999771118164,435966,0.0,0.0
2023-07-11 00:00:00-04:00,5.320000171661377,5.579999923706055,5.293499946594238,5.489999771118164,232716,0.0,0.0
2023-07-12 00:00:00-04:00,5.599999904632568,5.650000095367432,5.25,5.449999809265137,265166,0.0,0.0
2023-07-13 00:00:00-04:00,5.510000228881836,5.75,5.391499996185303,5.670000076293945,215294,0.0,0.0
2023-07-14 00:00:00-04:00,5.650000095367432,5.650000095367432,5.019999980926514,5.090000152587891,515484,0.0,0.0
2023-07-17 00:00:00-04:00,5.099999904632568,5.3165998458862305,4.980000019073486,5.210000038146973,151399,0.0,0.0
2023-07-18 00:00:00-04:00,5.170000076293945,5.440000057220459,5.159999847412109,5.260000228881836,124019,0.0,0.0
2023-07-19 00:00:00-04:00,5.25,5.449999809265137,5.21999979019165,5.260000228881836,102273,0.0,0.0
2023-07-20 00:00:00-04:00,5.389999866485596,5.389999866485596,5.186699867248535,5.239999771118164,99873,0.0,0.0
2023-07-21 00:00:00-04:00,5.300000190734863,5.449999809265137,5.179999828338623,5.420000076293945,187029,0.0,0.0
2023-07-24 00:00:00-04:00,5.5,5.75,5.349999904632568,5.75,295153,0.0,0.0
2023-07-25 00:00:00-04:00,5.75,6.019999980926514,5.360000133514404,5.849999904632568,549746,0.0,0.0
2023-07-26 00:00:00-04:00,5.820000171661377,6.150000095367432,5.739999771118164,5.949999809265137,213320,0.0,0.0
2023-07-27 00:00:00-04:00,6.050000190734863,6.429999828338623,5.903500080108643,6.119999885559082,411669,0.0,0.0
2023-07-28 00:00:00-04:00,6.239999771118164,6.449999809265137,6.050000190734863,6.25,225060,0.0,0.0
2023-07-31 00:00:00-04:00,6.460000038146973,7.199999809265137,6.400000095367432,7.099999904632568,564114,0.0,0.0
2023-08-01 00:00:00-04:00,7.119999885559082,8.170000076293945,7.099999904632568,8.09000015258789,855084,0.0,0.0
2023-08-02 00:00:00-04:00,8.100000381469727,8.100000381469727,6.71999979019165,7.329999923706055,817034,0.0,0.0
2023-08-03 00:00:00-04:00,7.269999980926514,8.129899978637695,7.269999980926514,7.71999979019165,474585,0.0,0.0
2023-08-04 00:00:00-04:00,7.639999866485596,7.769999980926514,7.100100040435791,7.349999904632568,315274,0.0,0.0
2023-08-07 00:00:00-04:00,7.329999923706055,7.345200061798096,6.769999980926514,6.900000095367432,400734,0.0,0.0
2023-08-08 00:00:00-04:00,6.5,6.949999809265137,6.260000228881836,6.829999923706055,442597,0.0,0.0
2023-08-09 00:00:00-04:00,7.489999771118164,7.489999771118164,6.800000190734863,6.920000076293945,471995,0.0,0.0
2023-08-10 00:00:00-04:00,6.940000057220459,7.089300155639648,6.769999980926514,6.809999942779541,125282,0.0,0.0
2023-08-11 00:00:00-04:00,6.730000019073486,7.190000057220459,6.730000019073486,7.099999904632568,210477,0.0,0.0
2023-08-14 00:00:00-04:00,7.0,7.03000020980835,6.610000133514404,6.71999979019165,194347,0.0,0.0
2023-08-15 00:00:00-04:00,6.630000114440918,6.849999904632568,6.388700008392334,6.489999771118164,163154,0.0,0.0
2023-08-16 00:00:00-04:00,6.5,6.6092000007629395,6.340000152587891,6.369999885559082,104534,0.0,0.0
2023-08-17 00:00:00-04:00,6.5,6.829999923706055,6.5,6.679999828338623,109709,0.0,0.0
2023-08-18 00:00:00-04:00,6.679999828338623,7.079999923706055,6.650000095367432,6.699999809265137,160275,0.0,0.0
2023-08-21 00:00:00-04:00,6.699999809265137,6.920000076293945,6.070000171661377,6.170000076293945,252431,0.0,0.0
2023-08-22 00:00:00-04:00,6.099999904632568,6.156599998474121,5.929999828338623,5.949999809265137,114535,0.0,0.0
2023-08-23 00:00:00-04:00,5.909999847412109,5.929999828338623,5.720600128173828,5.869999885559082,200109,0.0,0.0
2023-08-24 00:00:00-04:00,5.789999961853027,6.489999771118164,5.690000057220459,5.849999904632568,229589,0.0,0.0
2023-08-25 00:00:00-04:00,5.900000095367432,6.110000133514404,5.849999904632568,5.889999866485596,106962,0.0,0.0
2023-08-28 00:00:00-04:00,6.059999942779541,6.059999942779541,5.769999980926514,5.800000190734863,137302,0.0,0.0
2023-08-29 00:00:00-04:00,5.800000190734863,6.010000228881836,5.78000020980835,5.900000095367432,190885,0.0,0.0
2023-08-30 00:00:00-04:00,5.929999828338623,6.150000095367432,5.914999961853027,6.050000190734863,140827,0.0,0.0
2023-08-31 00:00:00-04:00,6.099999904632568,6.219900131225586,5.929999828338623,6.170000076293945,206194,0.0,0.0
2023-09-01 00:00:00-04:00,6.21999979019165,6.668000221252441,6.179999828338623,6.650000095367432,238918,0.0,0.0
2023-09-05 00:00:00-04:00,6.900000095367432,6.949900150299072,6.389999866485596,6.650000095367432,391707,0.0,0.0
2023-09-06 00:00:00-04:00,6.599999904632568,6.9496002197265625,6.429999828338623,6.630000114440918,444151,0.0,0.0
2023-09-07 00:00:00-04:00,6.550000190734863,6.71999979019165,6.269999980926514,6.309999942779541,162793,0.0,0.0
2023-09-08 00:00:00-04:00,6.25,6.689300060272217,6.25,6.53000020980835,142007,0.0,0.0
2023-09-11 00:00:00-04:00,6.599999904632568,6.599999904632568,6.289999961853027,6.340000152587891,101143,0.0,0.0
2023-09-12 00:00:00-04:00,6.400000095367432,6.96999979019165,6.400000095367432,6.71999979019165,389931,0.0,0.0
2023-09-13 00:00:00-04:00,6.71999979019165,6.937699794769287,6.71999979019165,6.849999904632568,124851,0.0,0.0
2023-09-14 00:00:00-04:00,6.989999771118164,7.25,6.949999809265137,7.179999828338623,485201,0.0,0.0
2023-09-15 00:00:00-04:00,7.110000133514404,7.199900150299072,6.800000190734863,7.070000171661377,456575,0.0,0.0
2023-09-18 00:00:00-04:00,7.099999904632568,7.590000152587891,7.070000171661377,7.380000114440918,375889,0.0,0.0
2023-09-19 00:00:00-04:00,7.5,7.670000076293945,7.130000114440918,7.159999847412109,410062,0.0,0.0
2023-09-20 00:00:00-04:00,7.099999904632568,7.539999961853027,6.945000171661377,7.429999828338623,292686,0.0,0.0
2023-09-21 00:00:00-04:00,7.409999847412109,7.5,7.050000190734863,7.050000190734863,155239,0.0,0.0
2023-09-22 00:00:00-04:00,7.429999828338623,7.429999828338623,7.060200214385986,7.150000095367432,149232,0.0,0.0
2023-09-25 00:00:00-04:00,7.0,7.150000095367432,6.820000171661377,7.070000171661377,224307,0.0,0.0
2023-09-26 00:00:00-04:00,7.0,7.177999973297119,6.670000076293945,6.760000228881836,288522,0.0,0.0
2023-09-27 00:00:00-04:00,6.920000076293945,7.4394001960754395,6.920000076293945,7.230000019073486,388107,0.0,0.0
2023-09-28 00:00:00-04:00,7.340000152587891,7.5493998527526855,7.160099983215332,7.300000190734863,170689,0.0,0.0
2023-09-29 00:00:00-04:00,7.300000190734863,7.438000202178955,7.070000171661377,7.150000095367432,149461,0.0,0.0
2023-10-02 00:00:00-04:00,7.179999828338623,7.253300189971924,6.770500183105469,6.849999904632568,198792,0.0,0.0
2023-10-03 00:00:00-04:00,6.78000020980835,6.789999961853027,6.170000076293945,6.230000019073486,384059,0.0,0.0
2023-10-04 00:00:00-04:00,6.110000133514404,6.170000076293945,5.291399955749512,5.420000076293945,516813,0.0,0.0
2023-10-05 00:00:00-04:00,5.300000190734863,5.439899921417236,5.199999809265137,5.300000190734863,193868,0.0,0.0
2023-10-06 00:00:00-04:00,5.190000057220459,5.190000057220459,4.670000076293945,4.869999885559082,429116,0.0,0.0
2023-10-09 00:00:00-04:00,5.099999904632568,5.539999961853027,5.079999923706055,5.429999828338623,432699,0.0,0.0
2023-10-10 00:00:00-04:00,5.420000076293945,5.550000190734863,5.0233001708984375,5.050000190734863,227757,0.0,0.0
2023-10-11 00:00:00-04:00,5.039999961853027,5.159999847412109,4.900000095367432,4.920000076293945,373142,0.0,0.0
2023-10-12 00:00:00-04:00,5.0,5.070000171661377,4.929999828338623,5.019999980926514,103145,0.0,0.0
2023-10-13 00:00:00-04:00,5.159999847412109,5.45989990234375,5.099999904632568,5.420000076293945,291559,0.0,0.0
2023-10-16 00:00:00-04:00,5.429999828338623,5.550000190734863,5.309999942779541,5.5,124776,0.0,0.0
2023-10-17 00:00:00-04:00,5.519999980926514,5.610000133514404,5.371099948883057,5.53000020980835,126703,0.0,0.0
2023-10-18 00:00:00-04:00,5.579999923706055,5.859899997711182,5.540599822998047,5.739999771118164,202050,0.0,0.0
2023-10-19 00:00:00-04:00,5.630000114440918,5.690000057220459,5.039999961853027,5.570000171661377,376933,0.0,0.0
2023-10-20 00:00:00-04:00,5.590000152587891,5.689700126647949,5.460000038146973,5.630000114440918,187212,0.0,0.0
2023-10-23 00:00:00-04:00,5.599999904632568,5.639999866485596,5.371399879455566,5.409999847412109,123268,0.0,0.0
2023-10-24 00:00:00-04:00,5.380000114440918,5.420000076293945,5.199999809265137,5.21999979019165,152042,0.0,0.0
2023-10-25 00:00:00-04:00,5.210000038146973,5.369999885559082,5.170000076293945,5.309999942779541,107134,0.0,0.0
2023-10-26 00:00:00-04:00,5.170000076293945,5.309999942779541,5.159999847412109,5.300000190734863,66616,0.0,0.0
2023-10-27 00:00:00-04:00,5.269999980926514,5.400000095367432,5.139999866485596,5.199999809265137,148730,0.0,0.0
2023-10-30 00:00:00-04:00,5.179999828338623,5.199999809265137,4.900000095367432,4.920000076293945,104145,0.0,0.0
2023-10-31 00:00:00-04:00,4.900000095367432,4.912899971008301,4.599999904632568,4.829999923706055,198273,0.0,0.0
2023-11-01 00:00:00-04:00,4.900000095367432,4.900000095367432,4.679999828338623,4.690000057220459,70715,0.0,0.0
2023-11-02 00:00:00-04:00,4.590000152587891,4.690000057220459,4.380000114440918,4.400000095367432,431654,0.0,0.0
2023-11-03 00:00:00-04:00,4.449999809265137,4.539999961853027,4.309999942779541,4.349999904632568,210134,0.0,0.0
2023-11-06 00:00:00-05:00,4.409999847412109,4.5,4.119999885559082,4.170000076293945,213818,0.0,0.0
2023-11-07 00:00:00-05:00,4.099999904632568,4.110000133514404,3.7100000381469727,3.9600000381469727,428477,0.0,0.0
2023-11-08 00:00:00-05:00,4.03000020980835,4.03000020980835,3.8399999141693115,3.859999895095825,98655,0.0,0.0
2023-11-09 00:00:00-05:00,3.9000000953674316,3.9700000286102295,3.5999999046325684,3.6500000953674316,192994,0.0,0.0
2023-11-10 00:00:00-05:00,3.75,3.75,3.4200000762939453,3.5299999713897705,202117,0.0,0.0
2023-11-13 00:00:00-05:00,3.2699999809265137,3.4000000953674316,3.180000066757202,3.200000047683716,327067,0.0,0.0
2023-11-14 00:00:00-05:00,3.2200000286102295,3.700000047683716,3.2200000286102295,3.640000104904175,275563,0.0,0.0
2023-11-15 00:00:00-05:00,3.690000057220459,3.690000057220459,3.359999895095825,3.380000114440918,147895,0.0,0.0
2023-11-16 00:00:00-05:00,3.490000009536743,3.490000009536743,3.2000999450683594,3.359999895095825,186354,0.0,0.0
2023-11-17 00:00:00-05:00,3.380000114440918,3.4200000762939453,3.049999952316284,3.3299999237060547,410049,0.0,0.0
2023-11-20 00:00:00-05:00,3.3499999046325684,3.740000009536743,3.3499999046325684,3.630000114440918,245517,0.0,0.0
2023-11-21 00:00:00-05:00,3.5199999809265137,3.639400005340576,3.4000000953674316,3.4000000953674316,120012,0.0,0.0
2023-11-22 00:00:00-05:00,3.309999942779541,3.680000066757202,3.25,3.549999952316284,192550,0.0,0.0
2023-11-24 00:00:00-05:00,3.4800000190734863,3.6356000900268555,3.4800000190734863,3.5799999237060547,26043,0.0,0.0
2023-11-27 00:00:00-05:00,3.5899999141693115,3.5899999141693115,3.309999942779541,3.3499999046325684,155677,0.0,0.0
2023-11-28 00:00:00-05:00,3.3499999046325684,3.5,3.3499999046325684,3.440000057220459,60498,0.0,0.0
2023-11-29 00:00:00-05:00,3.4200000762939453,3.5,3.378000020980835,3.440000057220459,57636,0.0,0.0
2023-11-30 00:00:00-05:00,3.5199999809265137,3.740000009536743,3.4895999431610107,3.5299999713897705,169110,0.0,0.0
2023-12-01 00:00:00-05:00,3.5999999046325684,3.6728999614715576,3.4800000190734863,3.5399999618530273,140375,0.0,0.0
2023-12-04 00:00:00-05:00,3.490000009536743,3.6600000858306885,3.490000009536743,3.509999990463257,148810,0.0,0.0
2023-12-05 00:00:00-05:00,3.5,3.509999990463257,3.2699999809265137,3.2699999809265137,142530,0.0,0.0
2023-12-06 00:00:00-05:00,3.299999952316284,3.349900007247925,3.0999999046325684,3.2200000286102295,279438,0.0,0.0
2023-12-07 00:00:00-05:00,3.2300000190734863,3.240000009536743,3.059999942779541,3.069999933242798,206061,0.0,0.0
2023-12-08 00:00:00-05:00,3.069999933242798,3.1105000972747803,2.9149999618530273,2.9700000286102295,351138,0.0,0.0
2023-12-11 00:00:00-05:00,2.9600000381469727,2.9800000190734863,2.8499999046325684,2.8499999046325684,231170,0.0,0.0
2023-12-12 00:00:00-05:00,2.859999895095825,2.880000114440918,2.609999895095825,2.700000047683716,388634,0.0,0.0
2023-12-13 00:00:00-05:00,2.759999990463257,3.0399999618530273,2.7200000286102295,3.0199999809265137,208291,0.0,0.0
2023-12-14 00:00:00-05:00,3.049999952316284,3.203399896621704,3.0,3.130000114440918,165798,0.0,0.0
2023-12-15 00:00:00-05:00,3.1600000858306885,3.259999990463257,3.069999933242798,3.140000104904175,167715,0.0,0.0
2023-12-18 00:00:00-05:00,3.1600000858306885,3.2699999809265137,3.0,3.0799999237060547,187455,0.0,0.0
2023-12-19 00:00:00-05:00,3.109999895095825,3.2200000286102295,3.0541000366210938,3.119999885559082,188103,0.0,0.0
2023-12-20 00:00:00-05:00,3.0999999046325684,3.25,2.9700000286102295,2.990000009536743,198876,0.0,0.0
2023-12-21 00:00:00-05:00,3.0199999809265137,3.079900026321411,2.909899950027466,2.9200000762939453,135809,0.0,0.0
2023-12-22 00:00:00-05:00,2.9200000762939453,3.0499000549316406,2.759999990463257,2.819999933242798,303891,0.0,0.0
2023-12-26 00:00:00-05:00,2.940000057220459,2.940000057220459,2.700000047683716,2.799999952316284,323493,0.0,0.0
2023-12-27 00:00:00-05:00,2.799999952316284,2.819999933242798,2.630000114440918,2.6500000953674316,327008,0.0,0.0
2023-12-28 00:00:00-05:00,2.640000104904175,2.6600000858306885,2.562000036239624,2.630000114440918,401365,0.0,0.0
2023-12-29 00:00:00-05:00,2.6500000953674316,2.6600000858306885,2.390000104904175,2.4700000286102295,649448,0.0,0.0
2024-01-02 00:00:00-05:00,2.4200000762939453,2.6700000762939453,2.4200000762939453,2.640000104904175,307887,0.0,0.0
2024-01-03 00:00:00-05:00,2.6700000762939453,3.0,2.6700000762939453,2.9200000762939453,576315,0.0,0.0
2024-01-04 00:00:00-05:00,2.9700000286102295,3.039900064468384,2.75,2.7799999713897705,341987,0.0,0.0
2024-01-05 00:00:00-05:00,2.809999942779541,2.930000066757202,2.799999952316284,2.8499999046325684,240174,0.0,0.0
2024-01-08 00:00:00-05:00,2.7799999713897705,2.9100000858306885,2.6700000762939453,2.809999942779541,351744,0.0,0.0
2024-01-09 00:00:00-05:00,2.869999885559082,2.869999885559082,2.7149999141693115,2.759999990463257,102101,0.0,0.0
2024-01-10 00:00:00-05:00,2.75,2.8399999141693115,2.723299980163574,2.7699999809265137,107673,0.0,0.0
2024-01-11 00:00:00-05:00,2.7799999713897705,2.803499937057495,2.690000057220459,2.700000047683716,132677,0.0,0.0
2024-01-12 00:00:00-05:00,2.799999952316284,3.0999999046325684,2.799999952316284,2.950000047683716,479293,0.0,0.0
2024-01-16 00:00:00-05:00,2.940000057220459,3.009999990463257,2.809999942779541,2.8299999237060547,178218,0.0,0.0
2024-01-17 00:00:00-05:00,2.890000104904175,2.9000000953674316,2.7799999713897705,2.809999942779541,103657,0.0,0.0
2024-01-18 00:00:00-05:00,2.8399999141693115,2.859999895095825,2.7200000286102295,2.7300000190734863,115170,0.0,0.0
2024-01-19 00:00:00-05:00,2.75,2.8299999237060547,2.700000047683716,2.809999942779541,159223,0.0,0.0
2024-01-22 00:00:00-05:00,2.799999952316284,2.8499999046325684,2.7300000190734863,2.7300000190734863,195001,0.0,0.0
2024-01-23 00:00:00-05:00,2.7200000286102295,2.890000104904175,2.7200000286102295,2.869999885559082,164712,0.0,0.0
2024-01-24 00:00:00-05:00,2.8299999237060547,2.950000047683716,2.75,2.7899999618530273,172155,0.0,0.0
2024-01-25 00:00:00-05:00,2.75,2.799999952316284,2.7100000381469727,2.759999990463257,128885,0.0,0.0
2024-01-26 00:00:00-05:00,2.740000009536743,2.819999933242798,2.740000009536743,2.7899999618530273,74331,0.0,0.0
2024-01-29 00:00:00-05:00,2.8499999046325684,2.8499999046325684,2.700000047683716,2.75,139735,0.0,0.0
2024-01-30 00:00:00-05:00,2.7200000286102295,2.7699999809265137,2.7100000381469727,2.759999990463257,56140,0.0,0.0
2024-01-31 00:00:00-05:00,2.75,2.759999990463257,2.700000047683716,2.7300000190734863,85985,0.0,0.0
2024-02-01 00:00:00-05:00,2.7100000381469727,2.7799999713897705,2.6700000762939453,2.690000057220459,140096,0.0,0.0
2024-02-02 00:00:00-05:00,2.700000047683716,2.7279999256134033,2.640000104904175,2.6500000953674316,107058,0.0,0.0
2024-02-05 00:00:00-05:00,2.5999999046325684,2.609999895095825,2.509999990463257,2.569999933242798,163224,0.0,0.0
2024-02-06 00:00:00-05:00,2.569999933242798,2.6194000244140625,2.4702999591827393,2.5,206154,0.0,0.0
2024-02-07 00:00:00-05:00,2.490000009536743,2.529900074005127,2.4749999046325684,2.490000009536743,68947,0.0,0.0
2024-02-08 00:00:00-05:00,2.4600000381469727,2.5299999713897705,2.4600000381469727,2.5,87519,0.0,0.0
2024-02-09 00:00:00-05:00,2.490000009536743,2.5399999618530273,2.4200000762939453,2.450000047683716,131779,0.0,0.0
2024-02-12 00:00:00-05:00,2.430000066757202,2.5390000343322754,2.4200000762939453,2.5199999809265137,66926,0.0,0.0
2024-02-13 00:00:00-05:00,2.5199999809265137,2.539900064468384,2.440000057220459,2.450000047683716,62331,0.0,0.0
2024-02-14 00:00:00-05:00,2.5,2.505000114440918,2.450000047683716,2.4800000190734863,72323,0.0,0.0
2024-02-15 00:00:00-05:00,2.4600000381469727,2.5350000858306885,2.4000000953674316,2.509999990463257,82511,0.0,0.0
2024-02-16 00:00:00-05:00,2.4800000190734863,2.509999990463257,2.41129994392395,2.4800000190734863,124916,0.0,0.0
2024-02-20 00:00:00-05:00,2.4600000381469727,2.4800000190734863,2.4000000953674316,2.4100000858306885,81555,0.0,0.0
2024-02-21 00:00:00-05:00,2.4200000762939453,2.4800000190734863,2.4200000762939453,2.4700000286102295,45851,0.0,0.0
2024-02-22 00:00:00-05:00,2.450000047683716,2.490000009536743,2.430000066757202,2.4800000190734863,101405,0.0,0.0
2024-02-23 00:00:00-05:00,2.4200000762939453,2.4700000286102295,2.359999895095825,2.4100000858306885,88518,0.0,0.0
2024-02-26 00:00:00-05:00,2.4000000953674316,2.450000047683716,2.369999885559082,2.4000000953674316,112792,0.0,0.0
2024-02-27 00:00:00-05:00,2.4100000858306885,2.4100000858306885,2.359999895095825,2.4000000953674316,60650,0.0,0.0
2024-02-28 00:00:00-05:00,2.4000000953674316,2.400099992752075,2.299999952316284,2.309999942779541,158567,0.0,0.0
2024-02-29 00:00:00-05:00,2.309999942779541,2.319999933242798,2.1500000953674316,2.180000066757202,185329,0.0,0.0
2024-03-01 00:00:00-05:00,2.2100000381469727,2.319999933242798,2.190000057220459,2.2899999618530273,293337,0.0,0.0
2024-03-04 00:00:00-05:00,2.2699999809265137,2.2799999713897705,2.109999895095825,2.130000114440918,238566,0.0,0.0
2024-03-05 00:00:00-05:00,2.140000104904175,2.190000057220459,2.130000114440918,2.1600000858306885,70743,0.0,0.0
2024-03-06 00:00:00-05:00,2.180000066757202,2.180000066757202,2.0799999237060547,2.0999999046325684,119217,0.0,0.0
2024-03-07 00:00:00-05:00,2.0899999141693115,2.139899969100952,2.0,2.0399999618530273,194679,0.0,0.0
2024-03-08 00:00:00-05:00,2.049999952316284,2.119999885559082,2.0299999713897705,2.119999885559082,100333,0.0,0.0
2024-03-11 00:00:00-04:00,2.119999885559082,2.197999954223633,2.119999885559082,2.180000066757202,79802,0.0,0.0
2024-03-12 00:00:00-04:00,2.140000104904175,2.1747000217437744,2.119999885559082,2.130000114440918,33571,0.0,0.0
2024-03-13 00:00:00-04:00,2.119999885559082,2.309999942779541,2.119999885559082,2.259999990463257,133524,0.0,0.0
2024-03-14 00:00:00-04:00,2.2799999713897705,2.3294999599456787,2.2300000190734863,2.2899999618530273,93795,0.0,0.0
2024-03-15 00:00:00-04:00,2.2899999618530273,2.4100000858306885,2.2894999980926514,2.4000000953674316,201310,0.0,0.0
2024-03-18 00:00:00-04:00,2.4000000953674316,2.4000000953674316,2.200000047683716,2.240000009536743,179430,0.0,0.0
2024-03-19 00:00:00-04:00,2.2300000190734863,2.390000104904175,2.2200000286102295,2.390000104904175,102516,0.0,0.0
2024-03-20 00:00:00-04:00,2.369999885559082,2.4700000286102295,2.3301000595092773,2.440000057220459,74356,0.0,0.0
2024-03-21 00:00:00-04:00,2.440000057220459,2.447200059890747,2.3499999046325684,2.390000104904175,37501,0.0,0.0
2024-03-22 00:00:00-04:00,2.390000104904175,2.390000104904175,2.299999952316284,2.309999942779541,32300,0.0,0.0
2024-03-25 00:00:00-04:00,2.299999952316284,2.440000057220459,2.299999952316284,2.3399999141693115,92880,0.0,0.0
2024-03-26 00:00:00-04:00,2.309999942779541,2.349900007247925,2.2200000286102295,2.25,113829,0.0,0.0
2024-03-27 00:00:00-04:00,2.25,2.319999933242798,2.240000009536743,2.299999952316284,43775,0.0,0.0
2024-03-28 00:00:00-04:00,2.3499999046325684,2.437999963760376,2.3350000381469727,2.430000066757202,86373,0.0,0.0
2024-04-01 00:00:00-04:00,2.430000066757202,2.569999933242798,2.309999942779541,2.5,197318,0.0,0.0
2024-04-02 00:00:00-04:00,2.5999999046325684,2.9000000953674316,2.5494000911712646,2.700000047683716,545726,0.0,0.0
2024-04-03 00:00:00-04:00,2.8399999141693115,3.200000047683716,2.740000009536743,3.180000066757202,620783,0.0,0.0
2024-04-04 00:00:00-04:00,3.1700000762939453,3.1700000762939453,2.759999990463257,3.119999885559082,589490,0.0,0.0
2024-04-05 00:00:00-04:00,3.119999885559082,3.1500000953674316,2.7699999809265137,3.059999942779541,280900,0.0,0.0
2024-04-08 00:00:00-04:00,3.049999952316284,3.049999952316284,2.799999952316284,2.8399999141693115,265408,0.0,0.0
2024-04-09 00:00:00-04:00,2.799999952316284,2.8499999046325684,2.5999999046325684,2.6700000762939453,189194,0.0,0.0
2024-04-10 00:00:00-04:00,2.640000104904175,2.740000009536743,2.5899999141693115,2.680000066757202,155912,0.0,0.0
2024-04-11 00:00:00-04:00,2.690000057220459,2.7200000286102295,2.5999999046325684,2.630000114440918,81080,0.0,0.0
2024-04-12 00:00:00-04:00,2.7100000381469727,2.9900999069213867,2.7100000381469727,2.869999885559082,466604,0.0,0.0
2024-04-15 00:00:00-04:00,2.869999885559082,2.869999885559082,2.559999942779541,2.5799999237060547,385278,0.0,0.0
2024-04-16 00:00:00-04:00,2.5799999237060547,2.5999999046325684,2.4600000381469727,2.490000009536743,173167,0.0,0.0
2024-04-17 00:00:00-04:00,2.5,2.5399999618530273,2.301100015640259,2.3499999046325684,279800,0.0,0.0
2024-04-18 00:00:00-04:00,2.3499999046325684,2.3798999786376953,2.25,2.3499999046325684,143568,0.0,0.0
2024-04-19 00:00:00-04:00,2.2899999618530273,2.380000114440918,2.150099992752075,2.240000009536743,255442,0.0,0.0
2024-04-22 00:00:00-04:00,2.25,2.3499999046325684,2.200000047683716,2.2699999809265137,117256,0.0,0.0
2024-04-23 00:00:00-04:00,2.319999933242798,2.3299999237060547,2.2300000190734863,2.25,139866,0.0,0.0
2024-04-24 00:00:00-04:00,2.240000009536743,2.2699999809265137,2.180000066757202,2.190000057220459,614927,0.0,0.0
2024-04-25 00:00:00-04:00,2.2200000286102295,2.2599000930786133,2.1700000762939453,2.25,170508,0.0,0.0
2024-04-26 00:00:00-04:00,2.2300000190734863,2.3399999141693115,2.2100000381469727,2.299999952316284,153494,0.0,0.0
2024-04-29 00:00:00-04:00,2.259999990463257,2.3192999362945557,2.240000009536743,2.2899999618530273,90248,0.0,0.0
2024-04-30 00:00:00-04:00,2.2899999618530273,2.309999942779541,2.2200000286102295,2.2699999809265137,176251,0.0,0.0
2024-05-01 00:00:00-04:00,2.2300000190734863,2.299999952316284,2.2100000381469727,2.2300000190734863,120813,0.0,0.0
2024-05-02 00:00:00-04:00,2.2300000190734863,2.2899999618530273,2.2300000190734863,2.259999990463257,93742,0.0,0.0
2024-05-03 00:00:00-04:00,2.2100000381469727,2.2699999809265137,2.200000047683716,2.2300000190734863,148968,0.0,0.0
2024-05-06 00:00:00-04:00,2.259999990463257,2.3399999141693115,2.240000009536743,2.319999933242798,92241,0.0,0.0
2024-05-07 00:00:00-04:00,2.319999933242798,2.3299999237060547,2.25,2.25,62486,0.0,0.0
2024-05-08 00:00:00-04:00,2.25,2.2780001163482666,2.2100000381469727,2.25,97154,0.0,0.0
2024-05-09 00:00:00-04:00,2.2100000381469727,2.25,2.190000057220459,2.200000047683716,174301,0.0,0.0
2024-05-10 00:00:00-04:00,2.200000047683716,2.2200000286102295,2.1600000858306885,2.2100000381469727,182464,0.0,0.0
2024-05-13 00:00:00-04:00,2.190000057220459,2.240000009536743,2.1770999431610107,2.2200000286102295,111354,0.0,0.0
2024-05-14 00:00:00-04:00,2.180000066757202,2.299999952316284,2.180000066757202,2.2799999713897705,174672,0.0,0.0
2024-05-15 00:00:00-04:00,2.2699999809265137,2.3499999046325684,2.219899892807007,2.3399999141693115,199604,0.0,0.0
2024-05-16 00:00:00-04:00,2.3499999046325684,2.4600000381469727,2.3399999141693115,2.430000066757202,194706,0.0,0.0
2024-05-17 00:00:00-04:00,2.4700000286102295,2.5199999809265137,2.4328999519348145,2.450000047683716,83087,0.0,0.0
2024-05-20 00:00:00-04:00,2.450000047683716,2.4500999450683594,2.3399999141693115,2.359999895095825,111658,0.0,0.0
2024-05-21 00:00:00-04:00,2.309999942779541,2.4200000762939453,2.309999942779541,2.359999895095825,59667,0.0,0.0
2024-05-22 00:00:00-04:00,2.359999895095825,2.369999885559082,2.2899999618530273,2.3499999046325684,92773,0.0,0.0
2024-05-23 00:00:00-04:00,2.309999942779541,2.369999885559082,2.309999942779541,2.369999885559082,126446,0.0,0.0
2024-05-24 00:00:00-04:00,2.3499999046325684,2.4700000286102295,2.3299999237060547,2.3499999046325684,94674,0.0,0.0
2024-05-28 00:00:00-04:00,2.3399999141693115,2.5,2.3340001106262207,2.450000047683716,109749,0.0,0.0
2024-05-29 00:00:00-04:00,2.380000114440918,2.4398999214172363,2.3499999046325684,2.359999895095825,93092,0.0,0.0
2024-05-30 00:00:00-04:00,2.319999933242798,2.3499999046325684,2.299999952316284,2.3499999046325684,49493,0.0,0.0
2024-05-31 00:00:00-04:00,2.3299999237060547,2.3499999046325684,2.2850000858306885,2.3499999046325684,39247,0.0,0.0
2024-06-03 00:00:00-04:00,2.3299999237060547,2.3499999046325684,2.259200096130371,2.3299999237060547,118440,0.0,0.0
2024-06-04 00:00:00-04:00,2.259999990463257,2.2899999618530273,2.2200000286102295,2.240000009536743,103106,0.0,0.0
2024-06-05 00:00:00-04:00,2.25,2.25,2.1600000858306885,2.190000057220459,167499,0.0,0.0
2024-06-06 00:00:00-04:00,2.2200000286102295,2.2899999618530273,2.200000047683716,2.240000009536743,96091,0.0,0.0
2024-06-07 00:00:00-04:00,2.2100000381469727,2.2699999809265137,2.2054998874664307,2.25,60998,0.0,0.0
2024-06-10 00:00:00-04:00,2.2200000286102295,2.2699999809265137,2.2200000286102295,2.240000009536743,54561,0.0,0.0
2024-06-11 00:00:00-04:00,2.200000047683716,2.2799999713897705,2.200000047683716,2.25,81032,0.0,0.0
2024-06-12 00:00:00-04:00,2.25,2.450000047683716,2.25,2.299999952316284,119873,0.0,0.0
2024-06-13 00:00:00-04:00,2.319999933242798,2.609999895095825,2.259999990463257,2.490000009536743,312907,0.0,0.0
2024-06-14 00:00:00-04:00,2.5299999713897705,2.5299999713897705,2.4000000953674316,2.440000057220459,118926,0.0,0.0
2024-06-17 00:00:00-04:00,2.4200000762939453,2.5399999618530273,2.4200000762939453,2.5199999809265137,82747,0.0,0.0
2024-06-18 00:00:00-04:00,2.5199999809265137,2.5799999237060547,2.430000066757202,2.430000066757202,122248,0.0,0.0
2024-06-20 00:00:00-04:00,2.380000114440918,2.509999990463257,2.380000114440918,2.4100000858306885,93285,0.0,0.0
2024-06-21 00:00:00-04:00,2.4200000762939453,2.4800000190734863,2.4140000343322754,2.4700000286102295,142048,0.0,0.0
2024-06-24 00:00:00-04:00,2.4700000286102295,2.533099889755249,2.4100000858306885,2.430000066757202,83840,0.0,0.0
2024-06-25 00:00:00-04:00,2.4000000953674316,2.5,2.359999895095825,2.4200000762939453,142275,0.0,0.0
2024-06-26 00:00:00-04:00,2.4000000953674316,2.450000047683716,2.359999895095825,2.4000000953674316,49585,0.0,0.0
2024-06-27 00:00:00-04:00,2.4000000953674316,2.4800000190734863,2.4000000953674316,2.4700000286102295,54853,0.0,0.0
2024-06-28 00:00:00-04:00,2.4100000858306885,2.569999933242798,2.4100000858306885,2.4700000286102295,164139,0.0,0.0
2024-07-01 00:00:00-04:00,2.5199999809265137,2.5199999809265137,2.3499999046325684,2.369999885559082,112246,0.0,0.0
2024-07-02 00:00:00-04:00,2.369999885559082,2.4000000953674316,2.3299999237060547,2.359999895095825,100382,0.0,0.0
2024-07-03 00:00:00-04:00,2.3399999141693115,2.4200000762939453,2.3399999141693115,2.390000104904175,63675,0.0,0.0
2024-07-05 00:00:00-04:00,2.3399999141693115,2.390000104904175,2.299999952316284,2.309999942779541,82890,0.0,0.0
2024-07-08 00:00:00-04:00,2.2699999809265137,2.369999885559082,2.2699999809265137,2.299999952316284,63007,0.0,0.0
2024-07-09 00:00:00-04:00,2.259999990463257,2.3299999237060547,2.25,2.309999942779541,78183,0.0,0.0
2024-07-10 00:00:00-04:00,2.2699999809265137,2.390000104904175,2.2699999809265137,2.3299999237060547,69995,0.0,0.0
2024-07-11 00:00:00-04:00,2.299999952316284,2.390000104904175,2.299999952316284,2.359999895095825,73037,0.0,0.0
2024-07-12 00:00:00-04:00,2.3299999237060547,2.380000114440918,2.3262999057769775,2.3299999237060547,93444,0.0,0.0
2024-07-15 00:00:00-04:00,2.299999952316284,2.4200000762939453,2.299999952316284,2.380000114440918,91705,0.0,0.0
2024-07-16 00:00:00-04:00,2.380000114440918,2.4800000190734863,2.359999895095825,2.4000000953674316,84378,0.0,0.0
2024-07-17 00:00:00-04:00,2.369999885559082,2.4000000953674316,2.2799999713897705,2.299999952316284,94022,0.0,0.0
2024-07-18 00:00:00-04:00,2.299999952316284,2.299999952316284,2.190000057220459,2.2100000381469727,115510,0.0,0.0
2024-07-19 00:00:00-04:00,2.2200000286102295,2.2392001152038574,2.1500000953674316,2.1600000858306885,121417,0.0,0.0
2024-07-22 00:00:00-04:00,2.1600000858306885,2.180000066757202,1.690000057220459,1.7400000095367432,530257,0.0,0.0
2024-07-23 00:00:00-04:00,1.75,1.8200000524520874,1.6699999570846558,1.6799999475479126,224559,0.0,0.0
2024-07-24 00:00:00-04:00,1.7000000476837158,1.7000000476837158,1.5499999523162842,1.5800000429153442,253151,0.0,0.0
2024-07-25 00:00:00-04:00,1.5399999618530273,1.75,1.5399999618530273,1.7200000286102295,217700,0.0,0.0
2024-07-26 00:00:00-04:00,1.7200000286102295,1.7200000286102295,1.600000023841858,1.6299999952316284,212176,0.0,0.0
2024-07-29 00:00:00-04:00,1.6299999952316284,1.649999976158142,1.5299999713897705,1.600000023841858,221031,0.0,0.0
2024-07-30 00:00:00-04:00,1.6399999856948853,1.7050000429153442,1.600000023841858,1.6699999570846558,109346,0.0,0.0
2024-07-31 00:00:00-04:00,1.6799999475479126,1.7100000381469727,1.6200000047683716,1.659999966621399,151802,0.0,0.0
2024-08-01 00:00:00-04:00,1.6200000047683716,1.6993999481201172,1.5700000524520874,1.5800000429153442,221234,0.0,0.0
2024-08-02 00:00:00-04:00,1.5700000524520874,1.600000023841858,1.5099999904632568,1.5399999618530273,180551,0.0,0.0
2024-08-05 00:00:00-04:00,1.5299999713897705,1.5850000381469727,1.4900000095367432,1.5099999904632568,260423,0.0,0.0
2024-08-06 00:00:00-04:00,1.5499999523162842,1.559999942779541,1.4900000095367432,1.5399999618530273,136895,0.0,0.0
2024-08-07 00:00:00-04:00,1.5499999523162842,1.5800000429153442,1.4622999429702759,1.4800000190734863,152573,0.0,0.0
2024-08-08 00:00:00-04:00,1.5,1.5399999618530273,1.4850000143051147,1.5199999809265137,72272,0.0,0.0
2024-08-09 00:00:00-04:00,1.5,1.559999942779541,1.5,1.5199999809265137,63036,0.0,0.0
2024-08-12 00:00:00-04:00,1.5399999618530273,1.5499999523162842,1.5099999904632568,1.5399999618530273,57579,0.0,0.0
2024-08-13 00:00:00-04:00,1.5299999713897705,1.7050000429153442,1.5299999713897705,1.690000057220459,150791,0.0,0.0
2024-08-14 00:00:00-04:00,1.690000057220459,1.7400000095367432,1.6699999570846558,1.7100000381469727,74185,0.0,0.0
2024-08-15 00:00:00-04:00,1.7200000286102295,1.8700000047683716,1.7200000286102295,1.850000023841858,80091,0.0,0.0
2024-08-16 00:00:00-04:00,1.809999942779541,1.8108999729156494,1.690000057220459,1.7100000381469727,136190,0.0,0.0
2024-08-19 00:00:00-04:00,1.690000057220459,1.7999000549316406,1.6800999641418457,1.7100000381469727,70162,0.0,0.0
2024-08-20 00:00:00-04:00,1.7100000381469727,1.7400000095367432,1.6299999952316284,1.6799999475479126,85838,0.0,0.0
2024-08-21 00:00:00-04:00,1.6799999475479126,1.7300000190734863,1.6799999475479126,1.7300000190734863,58072,0.0,0.0
2024-08-22 00:00:00-04:00,1.690000057220459,1.7300000190734863,1.6799999475479126,1.690000057220459,62249,0.0,0.0
2024-08-23 00:00:00-04:00,1.6799999475479126,1.7699999809265137,1.6799999475479126,1.7200000286102295,74012,0.0,0.0
2024-08-26 00:00:00-04:00,1.7000000476837158,1.899999976158142,1.7000000476837158,1.7100000381469727,127105,0.0,0.0
2024-08-27 00:00:00-04:00,1.7300000190734863,1.7899999618530273,1.600000023841858,1.6200000047683716,84831,0.0,0.0
2024-08-28 00:00:00-04:00,1.600000023841858,1.659999966621399,1.559999942779541,1.5700000524520874,59710,0.0,0.0
2024-08-29 00:00:00-04:00,1.5499999523162842,1.6200000047683716,1.5399999618530273,1.590000033378601,46259,0.0,0.0
2024-08-30 00:00:00-04:00,1.5700000524520874,1.6349999904632568,1.559999942779541,1.5800000429153442,63089,0.0,0.0
2024-09-03 00:00:00-04:00,1.5700000524520874,1.5793999433517456,1.5,1.5299999713897705,71469,0.0,0.0
2024-09-04 00:00:00-04:00,1.559999942779541,1.600000023841858,1.5,1.5399999618530273,113949,0.0,0.0
2024-09-05 00:00:00-04:00,1.5199999809265137,1.590000033378601,1.5199999809265137,1.5299999713897705,69295,0.0,0.0
2024-09-06 00:00:00-04:00,1.5099999904632568,1.559999942779541,1.5099999904632568,1.5499999523162842,87086,0.0,0.0
2024-09-09 00:00:00-04:00,1.5199999809265137,1.590000033378601,1.5199999809265137,1.5399999618530273,42255,0.0,0.0
2024-09-10 00:00:00-04:00,1.5399999618530273,1.590000033378601,1.4800000190734863,1.5199999809265137,130690,0.0,0.0
2024-09-11 00:00:00-04:00,1.5499999523162842,1.5499999523162842,1.4500000476837158,1.4900000095367432,96866,0.0,0.0
2024-09-12 00:00:00-04:00,1.4900000095367432,1.5499999523162842,1.4900000095367432,1.5299999713897705,54929,0.0,0.0
2024-09-13 00:00:00-04:00,1.5099999904632568,1.5700000524520874,1.4900000095367432,1.5,62512,0.0,0.0
2024-09-16 00:00:00-04:00,1.4900000095367432,1.5099999904632568,1.465000033378601,1.4800000190734863,68670,0.0,0.0
2024-09-17 00:00:00-04:00,1.4900000095367432,1.5,1.399999976158142,1.4900000095367432,256602,0.0,0.0
2024-09-18 00:00:00-04:00,1.4800000190734863,1.5099999904632568,1.4600000381469727,1.4700000286102295,67941,0.0,0.0
2024-09-19 00:00:00-04:00,1.4500000476837158,1.4700000286102295,1.3300000429153442,1.3700000047683716,262392,0.0,0.0
2024-09-20 00:00:00-04:00,1.3700000047683716,1.3700000047683716,1.25,1.2599999904632568,247629,0.0,0.0
2024-09-23 00:00:00-04:00,1.2799999713897705,1.2899999618530273,1.100000023841858,1.1100000143051147,440268,0.0,0.0
2024-09-24 00:00:00-04:00,1.1200000047683716,1.2300000190734863,1.1200000047683716,1.2300000190734863,289434,0.0,0.0
2024-09-25 00:00:00-04:00,1.2400000095367432,1.2400000095367432,1.100000023841858,1.149999976158142,228482,0.0,0.0
2024-09-26 00:00:00-04:00,1.159999966621399,1.2000000476837158,1.149999976158142,1.2000000476837158,137480,0.0,0.0
2024-09-27 00:00:00-04:00,1.190000057220459,1.2232999801635742,1.1399999856948853,1.149999976158142,156751,0.0,0.0
2024-09-30 00:00:00-04:00,1.149999976158142,1.1799999475479126,1.0399999618530273,1.0800000429153442,396736,0.0,0.0
2024-10-01 00:00:00-04:00,1.0800000429153442,1.2000000476837158,1.0800000429153442,1.1799999475479126,418843,0.0,0.0
2024-10-02 00:00:00-04:00,1.159999966621399,1.2100000381469727,1.1100000143051147,1.149999976158142,237962,0.0,0.0
2024-10-03 00:00:00-04:00,1.149999976158142,1.25,1.1399999856948853,1.2000000476837158,259626,0.0,0.0
2024-10-04 00:00:00-04:00,1.2100000381469727,1.2200000286102295,1.1100000143051147,1.159999966621399,297808,0.0,0.0
2024-10-07 00:00:00-04:00,1.2100000381469727,1.2100000381469727,1.1200000047683716,1.2100000381469727,320773,0.0,0.0
2024-10-08 00:00:00-04:00,1.2100000381469727,1.2200000286102295,1.1399999856948853,1.2200000286102295,212222,0.0,0.0
2024-10-09 00:00:00-04:00,1.2000000476837158,1.23989999294281,1.1699999570846558,1.2300000190734863,147697,0.0,0.0
2024-10-10 00:00:00-04:00,1.2300000190734863,1.2400000095367432,1.2100000381469727,1.2400000095367432,85787,0.0,0.0
2024-10-11 00:00:00-04:00,1.2100000381469727,1.340000033378601,1.2100000381469727,1.3200000524520874,201494,0.0,0.0
2024-10-14 00:00:00-04:00,1.340000033378601,1.399999976158142,1.2799999713897705,1.3700000047683716,199597,0.0,0.0
2024-10-15 00:00:00-04:00,1.350000023841858,1.350000023841858,1.2300000190734863,1.25,108145,0.0,0.0
2024-10-16 00:00:00-04:00,1.2699999809265137,1.2699999809265137,1.2259999513626099,1.2300000190734863,57387,0.0,0.0
2024-10-17 00:00:00-04:00,1.25,1.2699999809265137,1.159999966621399,1.2000000476837158,139421,0.0,0.0
2024-10-18 00:00:00-04:00,1.1799999475479126,1.25,1.1100000143051147,1.1799999475479126,252172,0.0,0.0
2024-10-21 00:00:00-04:00,1.190000057220459,1.2400000095367432,1.1299999952316284,1.159999966621399,207793,0.0,0.0
2024-10-22 00:00:00-04:00,1.1399999856948853,1.149999976158142,1.100000023841858,1.1100000143051147,131934,0.0,0.0
2024-10-23 00:00:00-04:00,1.100000023841858,1.1200000047683716,1.0800000429153442,1.100000023841858,134193,0.0,0.0
2024-10-24 00:00:00-04:00,1.1299999952316284,1.1399999856948853,1.100000023841858,1.1399999856948853,113773,0.0,0.0
2024-10-25 00:00:00-04:00,1.149999976158142,1.2400000095367432,1.1299999952316284,1.1699999570846558,243181,0.0,0.0
2024-10-28 00:00:00-04:00,1.1699999570846558,1.1699999570846558,1.0,1.090000033378601,447690,0.0,0.0
2024-10-29 00:00:00-04:00,1.0800000429153442,1.0950000286102295,1.0499999523162842,1.0499999523162842,77270,0.0,0.0
2024-10-30 00:00:00-04:00,1.059999942779541,1.069100022315979,1.0399999618530273,1.0499999523162842,86981,0.0,0.0
2024-10-31 00:00:00-04:00,1.0399999618530273,1.054900050163269,1.0199999809265137,1.0399999618530273,104562,0.0,0.0
2024-11-01 00:00:00-04:00,1.059999942779541,1.090000033378601,1.0499999523162842,1.059999942779541,121208,0.0,0.0
2024-11-04 00:00:00-05:00,1.0499999523162842,1.0700000524520874,1.0399999618530273,1.0499999523162842,113491,0.0,0.0
2024-11-05 00:00:00-05:00,1.059999942779541,1.059999942779541,1.0399999618530273,1.0499999523162842,57156,0.0,0.0
2024-11-06 00:00:00-05:00,1.100000023841858,1.1491999626159668,1.0700000524520874,1.1200000047683716,270631,0.0,0.0
2024-11-07 00:00:00-05:00,1.1399999856948853,1.3700000047683716,1.1399999856948853,1.309999942779541,494615,0.0,0.0
2024-11-08 00:00:00-05:00,1.3799999952316284,1.4520000219345093,1.2300000190734863,1.2899999618530273,410514,0.0,0.0
2024-11-11 00:00:00-05:00,1.3200000524520874,1.3899999856948853,1.2799999713897705,1.340000033378601,256855,0.0,0.0
2024-11-12 00:00:00-05:00,1.3700000047683716,1.3828999996185303,1.25,1.2599999904632568,136668,0.0,0.0
2024-11-13 00:00:00-05:00,1.25,1.274999976158142,1.100000023841858,1.1100000143051147,389596,0.0,0.0
2024-11-14 00:00:00-05:00,1.1299999952316284,1.2200000286102295,1.125,1.1699999570846558,261965,0.0,0.0
2024-11-15 00:00:00-05:00,1.149999976158142,1.159999966621399,1.0800000429153442,1.149999976158142,421224,0.0,0.0
2024-11-18 00:00:00-05:00,1.1200000047683716,1.149999976158142,1.100100040435791,1.1399999856948853,591838,0.0,0.0
2024-11-19 00:00:00-05:00,1.1399999856948853,1.1694999933242798,1.1299999952316284,1.149999976158142,167157,0.0,0.0
2024-11-20 00:00:00-05:00,1.1200000047683716,1.1401000022888184,1.059999942779541,1.090000033378601,241388,0.0,0.0
2024-11-21 00:00:00-05:00,1.1200000047683716,1.1399999856948853,1.0800000429153442,1.1399999856948853,135413,0.0,0.0
2024-11-22 00:00:00-05:00,1.1100000143051147,1.1299999952316284,1.0800000429153442,1.090000033378601,91650,0.0,0.0
2024-11-25 00:00:00-05:00,1.0800000429153442,1.100000023841858,1.059999942779541,1.0700000524520874,92661,0.0,0.0
2024-11-26 00:00:00-05:00,1.059999942779541,1.0800000429153442,1.0549999475479126,1.0700000524520874,143074,0.0,0.0
2024-11-27 00:00:00-05:00,1.059999942779541,1.0700000524520874,1.0499999523162842,1.0499999523162842,85541,0.0,0.0
2024-11-29 00:00:00-05:00,1.0499999523162842,1.059999942779541,1.0399999618530273,1.0399999618530273,82081,0.0,0.0
2024-12-02 00:00:00-05:00,1.0499999523162842,1.059999942779541,1.0449999570846558,1.0499999523162842,96269,0.0,0.0
2024-12-03 00:00:00-05:00,1.0800000429153442,1.0800000429153442,1.0,1.0199999809265137,251422,0.0,0.0
2024-12-04 00:00:00-05:00,1.0199999809265137,1.0391000509262085,0.75,0.7820000052452087,806358,0.0,0.0
2024-12-05 00:00:00-05:00,0.800000011920929,0.8481000065803528,0.6183000206947327,0.6800000071525574,839260,0.0,0.0
2024-12-06 00:00:00-05:00,0.6800000071525574,0.7199900150299072,0.6100000143051147,0.6700000166893005,670564,0.0,0.0
2024-12-09 00:00:00-05:00,0.7200000286102295,0.7811400294303894,0.6909999847412109,0.75,309891,0.0,0.0
2024-12-10 00:00:00-05:00,0.7699999809265137,0.8399999737739563,0.7699999809265137,0.8090000152587891,235932,0.0,0.0
2024-12-11 00:00:00-05:00,0.7900000214576721,0.805400013923645,0.6899999976158142,0.710099995136261,318073,0.0,0.0
2024-12-12 00:00:00-05:00,0.6899999976158142,0.6909999847412109,0.6499999761581421,0.6800000071525574,157911,0.0,0.0
2024-12-13 00:00:00-05:00,0.6700000166893005,0.6880000233650208,0.6134999990463257,0.6851000189781189,687167,0.0,0.0
2024-12-16 00:00:00-05:00,0.6700000166893005,0.6855000257492065,0.6240000128746033,0.6399999856948853,350078,0.0,0.0
2024-12-17 00:00:00-05:00,0.7099999785423279,0.7099999785423279,0.6200000047683716,0.6489999890327454,293972,0.0,0.0
2024-12-18 00:00:00-05:00,0.6499999761581421,0.6699000000953674,0.6299999952316284,0.6449999809265137,311803,0.0,0.0
2024-12-19 00:00:00-05:00,0.6299999952316284,0.6474999785423279,0.6176000237464905,0.6420000195503235,183716,0.0,0.0
2024-12-20 00:00:00-05:00,0.6299999952316284,0.6680999994277954,0.6299999952316284,0.6499999761581421,171865,0.0,0.0
2024-12-23 00:00:00-05:00,0.6700000166893005,0.6800000071525574,0.6399999856948853,0.6800000071525574,173384,0.0,0.0
2024-12-24 00:00:00-05:00,0.6499999761581421,0.6769999861717224,0.6499999761581421,0.6610999703407288,60050,0.0,0.0
2024-12-26 00:00:00-05:00,0.6500999927520752,0.6639900207519531,0.6309999823570251,0.6389999985694885,257930,0.0,0.0
2024-12-27 00:00:00-05:00,0.6330000162124634,0.6523000001907349,0.5799999833106995,0.597000002861023,497103,0.0,0.0
2024-12-30 00:00:00-05:00,0.5619999766349792,0.585099995136261,0.5157999992370605,0.5630000233650208,592459,0.0,0.0
2024-12-31 00:00:00-05:00,0.5415999889373779,0.5799999833106995,0.5299999713897705,0.5440000295639038,400656,0.0,0.0
2025-01-02 00:00:00-05:00,0.5662000179290771,0.574999988079071,0.5299999713897705,0.5559999942779541,207514,0.0,0.0
2025-01-03 00:00:00-05:00,0.5600000023841858,0.7315999865531921,0.5600000023841858,0.7059999704360962,566403,0.0,0.0
2025-01-06 00:00:00-05:00,0.75,0.8500000238418579,0.75,0.7720000147819519,783734,0.0,0.0
2025-01-07 00:00:00-05:00,0.6100000143051147,0.6100000143051147,0.5210999846458435,0.5503000020980835,1587067,0.0,0.0
2025-01-08 00:00:00-05:00,0.5626000165939331,0.5979999899864197,0.550000011920929,0.5526999831199646,481829,0.0,0.0
2025-01-10 00:00:00-05:00,0.550000011920929,0.5519999861717224,0.5099999904632568,0.5425999760627747,442539,0.0,0.0
2025-01-13 00:00:00-05:00,0.5600000023841858,0.5698999762535095,0.5320000052452087,0.5400000214576721,358815,0.0,0.0
2025-01-14 00:00:00-05:00,0.5299999713897705,0.550000011920929,0.5299999713897705,0.5418999791145325,146328,0.0,0.0
2025-01-15 00:00:00-05:00,0.5400000214576721,0.550000011920929,0.4950000047683716,0.5139999985694885,506557,0.0,0.0
2025-01-16 00:00:00-05:00,0.5,0.5174000263214111,0.4004000127315521,0.45899999141693115,709673,0.0,0.0
2025-01-17 00:00:00-05:00,0.44999998807907104,0.4767000079154968,0.4490000009536743,0.4611000120639801,381587,0.0,0.0
2025-01-21 00:00:00-05:00,0.4699999988079071,0.6800000071525574,0.46000000834465027,0.5,2380030,0.0,0.0
2025-01-22 00:00:00-05:00,0.5,0.5199999809265137,0.460999995470047,0.5045999884605408,686860,0.0,0.0
2025-01-23 00:00:00-05:00,0.5199999809265137,0.6797999739646912,0.5045999884605408,0.5950000286102295,1172241,0.0,0.0
2025-01-24 00:00:00-05:00,0.6000000238418579,0.6000000238418579,0.550000011920929,0.5751000046730042,293032,0.0,0.0
2025-01-27 00:00:00-05:00,0.5799999833106995,0.5992900133132935,0.521399974822998,0.5400000214576721,240269,0.0,0.0
2025-01-28 00:00:00-05:00,0.5099999904632568,0.5680000185966492,0.5099999904632568,0.5509999990463257,230577,0.0,0.0
2025-01-29 00:00:00-05:00,0.5699999928474426,0.5699999928474426,0.520799994468689,0.5375000238418579,112755,0.0,0.0
2025-01-30 00:00:00-05:00,0.5109999775886536,0.5299999713897705,0.5099999904632568,0.5099999904632568,95877,0.0,0.0
2025-01-31 00:00:00-05:00,0.5099999904632568,0.550000011920929,0.49000000953674316,0.5235000252723694,152757,0.0,0.0
2025-02-03 00:00:00-05:00,0.5299999713897705,0.5365999937057495,0.5040000081062317,0.5216000080108643,129649,0.0,0.0
2025-02-04 00:00:00-05:00,0.5,0.536300003528595,0.5,0.5266000032424927,104220,0.0,0.0
2025-02-05 00:00:00-05:00,0.5299999713897705,0.5662000179290771,0.5224999785423279,0.5450999736785889,330112,0.0,0.0
2025-02-06 00:00:00-05:00,0.5360000133514404,0.5501000285148621,0.5117999911308289,0.5339000225067139,260607,0.0,0.0
2025-02-07 00:00:00-05:00,0.511900007724762,0.5697000026702881,0.511900007724762,0.5600000023841858,124615,0.0,0.0
2025-02-10 00:00:00-05:00,0.5795999765396118,0.630299985408783,0.5698000192642212,0.5932000279426575,452451,0.0,0.0
2025-02-11 00:00:00-05:00,0.6010000109672546,0.7099999785423279,0.5932000279426575,0.6758000254631042,767540,0.0,0.0
2025-02-12 00:00:00-05:00,0.6879000067710876,0.6879000067710876,0.6054999828338623,0.6100999712944031,156082,0.0,0.0
2025-02-13 00:00:00-05:00,0.6139000058174133,0.6399999856948853,0.6000000238418579,0.613099992275238,123467,0.0,0.0
2025-02-14 00:00:00-05:00,0.6100000143051147,0.6700000166893005,0.6051999926567078,0.637499988079071,129897,0.0,0.0
2025-02-18 00:00:00-05:00,0.6399999856948853,0.6833999752998352,0.6305999755859375,0.6331999897956848,136657,0.0,0.0
2025-02-19 00:00:00-05:00,0.6388000249862671,0.6722999811172485,0.6100999712944031,0.6338000297546387,190671,0.0,0.0
2025-02-20 00:00:00-05:00,0.6298999786376953,0.6499000191688538,0.6244999766349792,0.633400022983551,40785,0.0,0.0
2025-02-21 00:00:00-05:00,0.6200000047683716,0.6391000151634216,0.6011000275611877,0.6097999811172485,61008,0.0,0.0
2025-02-24 00:00:00-05:00,0.6000000238418579,0.6121000051498413,0.5687999725341797,0.5709999799728394,263923,0.0,0.0
2025-02-25 00:00:00-05:00,0.5600000023841858,0.5699999928474426,0.5101000070571899,0.5299999713897705,174869,0.0,0.0
2025-02-26 00:00:00-05:00,0.5099999904632568,0.5666999816894531,0.5099999904632568,0.5465999841690063,66379,0.0,0.0
2025-02-27 00:00:00-05:00,0.6151999831199646,0.6151999831199646,0.5501999855041504,0.5501999855041504,48621,0.0,0.0
2025-02-28 00:00:00-05:00,0.5699999928474426,0.5795000195503235,0.5400000214576721,0.5683000087738037,156584,0.0,0.0
2025-03-03 00:00:00-05:00,0.5669999718666077,0.574999988079071,0.531000018119812,0.531000018119812,153952,0.0,0.0
2025-03-04 00:00:00-05:00,0.5795000195503235,0.5799999833106995,0.5310999751091003,0.5483999848365784,83491,0.0,0.0
2025-03-05 00:00:00-05:00,0.5299999713897705,0.567300021648407,0.5299999713897705,0.5406000018119812,352584,0.0,0.0
2025-03-06 00:00:00-05:00,0.5350000262260437,0.5688999891281128,0.5350000262260437,0.5446000099182129,113577,0.0,0.0
2025-03-07 00:00:00-05:00,0.5799999833106995,0.5809999704360962,0.5569000244140625,0.574999988079071,237874,0.0,0.0
2025-03-10 00:00:00-04:00,0.5515000224113464,0.5888000130653381,0.550000011920929,0.5554900169372559,55039,0.0,0.0
2025-03-11 00:00:00-04:00,0.5899999737739563,0.5899999737739563,0.5501999855041504,0.5784000158309937,106232,0.0,0.0
2025-03-12 00:00:00-04:00,0.550000011920929,0.5887899994850159,0.550000011920929,0.5600000023841858,52514,0.0,0.0
2025-03-13 00:00:00-04:00,0.5799999833106995,0.5888000130653381,0.5651000142097473,0.5651000142097473,77633,0.0,0.0
2025-03-14 00:00:00-04:00,0.5630000233650208,0.5993000268936157,0.5630000233650208,0.5809999704360962,73866,0.0,0.0
2025-03-17 00:00:00-04:00,0.5699999928474426,0.6399000287055969,0.5699999928474426,0.6100000143051147,196335,0.0,0.0
2025-03-18 00:00:00-04:00,0.5709999799728394,0.6053500175476074,0.5709999799728394,0.5952000021934509,98042,0.0,0.0
2025-03-19 00:00:00-04:00,0.6399999856948853,0.6399999856948853,0.5799999833106995,0.5860000252723694,121238,0.0,0.0
2025-03-20 00:00:00-04:00,0.5799999833106995,0.6000000238418579,0.5720000267028809,0.5799999833106995,101032,0.0,0.0
2025-03-21 00:00:00-04:00,0.5789999961853027,0.5950000286102295,0.5490000247955322,0.5490000247955322,238469,0.0,0.0
2025-03-24 00:00:00-04:00,0.5342000126838684,0.5799999833106995,0.5342000126838684,0.5525000095367432,146706,0.0,0.0
2025-03-25 00:00:00-04:00,0.5699999928474426,0.5795000195503235,0.5525000095367432,0.5609999895095825,98306,0.0,0.0
2025-03-26 00:00:00-04:00,0.550000011920929,0.583899974822998,0.550000011920929,0.5619000196456909,200993,0.0,0.0
2025-03-27 00:00:00-04:00,0.5619000196456909,0.5972999930381775,0.5600000023841858,0.574999988079071,175427,0.0,0.0
2025-03-28 00:00:00-04:00,0.566100001335144,0.5799999833106995,0.5554999709129333,0.5572999715805054,170310,0.0,0.0
2025-03-31 00:00:00-04:00,0.5509999990463257,0.579200029373169,0.5509999990463257,0.5529999732971191,49788,0.0,0.0
2025-04-01 00:00:00-04:00,0.5530999898910522,0.5699999928474426,0.5529999732971191,0.5626000165939331,87665,0.0,0.0
2025-04-02 00:00:00-04:00,0.5899999737739563,0.5899999737739563,0.5626000165939331,0.5760999917984009,68631,0.0,0.0
2025-04-03 00:00:00-04:00,0.5509999990463257,0.589900016784668,0.5509999990463257,0.5539000034332275,77650,0.0,0.0
2025-04-04 00:00:00-04:00,0.550000011920929,0.589900016784668,0.5350000262260437,0.5600000023841858,181233,0.0,0.0
2025-04-07 00:00:00-04:00,0.5982999801635742,0.5982999801635742,0.5389999747276306,0.5587000250816345,136029,0.0,0.0
2025-04-08 00:00:00-04:00,0.5299999713897705,0.5720999836921692,0.5299999713897705,0.539900004863739,170249,0.0,0.0
2025-04-09 00:00:00-04:00,0.5299999713897705,0.5573999881744385,0.5200999975204468,0.5569999814033508,324056,0.0,0.0
2025-04-10 00:00:00-04:00,0.5699999928474426,0.5699999928474426,0.5299999713897705,0.550000011920929,104855,0.0,0.0
2025-04-11 00:00:00-04:00,0.5099999904632568,0.5389000177383423,0.5099999904632568,0.5198000073432922,163480,0.0,0.0
2025-04-14 00:00:00-04:00,0.5199000239372253,0.5401999950408936,0.5199000239372253,0.5210000276565552,35202,0.0,0.0
2025-04-15 00:00:00-04:00,0.5249999761581421,0.5425000190734863,0.5249999761581421,0.5400999784469604,81232,0.0,0.0
2025-04-16 00:00:00-04:00,0.5699999928474426,0.5699999928474426,0.5200999975204468,0.5306000113487244,39681,0.0,0.0
2025-04-17 00:00:00-04:00,0.5099999904632568,0.550000011920929,0.5099999904632568,0.5285000205039978,173415,0.0,0.0
2025-04-21 00:00:00-04:00,0.5400000214576721,0.5498800277709961,0.5249999761581421,0.5260000228881836,81012,0.0,0.0
2025-04-22 00:00:00-04:00,0.5260000228881836,0.5521000027656555,0.5099999904632568,0.5300999879837036,281946,0.0,0.0
2025-04-23 00:00:00-04:00,0.5199999809265137,0.5576000213623047,0.5199999809265137,0.5266000032424927,85799,0.0,0.0
2025-04-24 00:00:00-04:00,0.5199999809265137,0.550000011920929,0.5199999809265137,0.5282999873161316,87612,0.0,0.0
2025-04-25 00:00:00-04:00,0.5400000214576721,0.5400000214576721,0.5246599912643433,0.5353800058364868,63462,0.0,0.0
2025-04-28 00:00:00-04:00,0.5400000214576721,0.5400000214576721,0.5,0.5257999897003174,207562,0.0,0.0
2025-04-29 00:00:00-04:00,0.5099999904632568,0.550000011920929,0.5099999904632568,0.5407000184059143,107252,0.0,0.0
2025-04-30 00:00:00-04:00,0.5400000214576721,0.558899998664856,0.5299999713897705,0.550000011920929,86328,0.0,0.0
2025-05-01 00:00:00-04:00,0.5299999713897705,0.564300000667572,0.5299999713897705,0.5600000023841858,74266,0.0,0.0
2025-05-02 00:00:00-04:00,0.5365999937057495,0.5713000297546387,0.5303000211715698,0.5509999990463257,95339,0.0,0.0
2025-05-05 00:00:00-04:00,0.5299999713897705,0.5699999928474426,0.5299999713897705,0.5450999736785889,87915,0.0,0.0
2025-05-06 00:00:00-04:00,0.5813999772071838,0.5813999772071838,0.5450999736785889,0.5598999857902527,76355,0.0,0.0
2025-05-07 00:00:00-04:00,0.571399986743927,0.5900999903678894,0.550000011920929,0.5863000154495239,197542,0.0,0.0
2025-05-08 00:00:00-04:00,0.5982999801635742,0.6000000238418579,0.5609999895095825,0.5889999866485596,66101,0.0,0.0
2025-05-09 00:00:00-04:00,0.5889999866485596,0.6000999808311462,0.5848000049591064,0.5976999998092651,112336,0.0,0.0
2025-05-12 00:00:00-04:00,0.6010000109672546,0.6439999938011169,0.6001999974250793,0.6133999824523926,117749,0.0,0.0
2025-05-13 00:00:00-04:00,0.6675000190734863,0.6887999773025513,0.6201000213623047,0.682699978351593,140428,0.0,0.0
2025-05-14 00:00:00-04:00,0.6183000206947327,0.6699000000953674,0.6183000206947327,0.6470999717712402,59318,0.0,0.0
2025-05-15 00:00:00-04:00,0.6470999717712402,0.6499999761581421,0.6001999974250793,0.6399999856948853,81786,0.0,0.0
2025-05-16 00:00:00-04:00,0.6499999761581421,0.6499999761581421,0.6200000047683716,0.6230000257492065,43990,0.0,0.0
2025-05-19 00:00:00-04:00,0.6499999761581421,0.6499999761581421,0.6151000261306763,0.6299999952316284,35797,0.0,0.0
2025-05-20 00:00:00-04:00,0.6100000143051147,0.6478000283241272,0.6100000143051147,0.6399999856948853,68332,0.0,0.0
2025-05-21 00:00:00-04:00,0.6200000047683716,0.6434999704360962,0.6100999712944031,0.6209999918937683,28666,0.0,0.0
2025-05-22 00:00:00-04:00,0.619700014591217,0.6420000195503235,0.619700014591217,0.640500009059906,28354,0.0,0.0
2025-05-23 00:00:00-04:00,0.6100000143051147,0.6489999890327454,0.6100000143051147,0.6467999815940857,104868,0.0,0.0
2025-05-27 00:00:00-04:00,0.6467999815940857,0.6699000000953674,0.6200100183486938,0.6499999761581421,38598,0.0,0.0
2025-05-28 00:00:00-04:00,0.6050000190734863,0.6549999713897705,0.6050000190734863,0.6499999761581421,55815,0.0,0.0
2025-05-29 00:00:00-04:00,0.6104999780654907,0.6571999788284302,0.6104999780654907,0.6310999989509583,49879,0.0,0.0
2025-05-30 00:00:00-04:00,0.6310999989509583,0.6600000262260437,0.6299999952316284,0.6312999725341797,48357,0.0,0.0
2025-06-02 00:00:00-04:00,0.6499999761581421,0.6600000262260437,0.6299999952316284,0.6499999761581421,55799,0.0,0.0
2025-06-03 00:00:00-04:00,0.6700000166893005,0.6705999970436096,0.6399999856948853,0.6499999761581421,219660,0.0,0.0
2025-06-04 00:00:00-04:00,0.6600000262260437,0.6800000071525574,0.6600000262260437,0.6600000262260437,88419,0.0,0.0
2025-06-05 00:00:00-04:00,0.6499999761581421,0.6800000071525574,0.6499999761581421,0.6500999927520752,77469,0.0,0.0
2025-06-06 00:00:00-04:00,0.6499999761581421,0.6575999855995178,0.6299999952316284,0.6299999952316284,66350,0.0,0.0
2025-06-09 00:00:00-04:00,0.6299999952316284,0.6661999821662903,0.5910000205039978,0.6629999876022339,197931,0.0,0.0
2025-06-10 00:00:00-04:00,0.6700000166893005,0.675000011920929,0.6301000118255615,0.6499999761581421,88930,0.0,0.0
2025-06-11 00:00:00-04:00,0.6589999794960022,0.6589999794960022,0.6324999928474426,0.640999972820282,61183,0.0,0.0
2025-06-12 00:00:00-04:00,0.652999997138977,0.652999997138977,0.625,0.6337000131607056,74992,0.0,0.0
2025-06-13 00:00:00-04:00,0.7200000286102295,0.7599999904632568,0.6585999727249146,0.7050999999046326,569946,0.0,0.0
2025-06-16 00:00:00-04:00,0.7099999785423279,0.7900000214576721,0.6800000071525574,0.7900000214576721,859098,0.0,0.0
2025-06-17 00:00:00-04:00,0.6460999846458435,0.7900000214576721,0.6399999856948853,0.7049999833106995,3091467,0.0,0.0
2025-06-18 00:00:00-04:00,0.6193000078201294,0.647599995136261,0.49399998784065247,0.5069000124931335,1410950,0.0,0.0
2025-06-20 00:00:00-04:00,0.550000011920929,0.550000011920929,0.5099999904632568,0.5260000228881836,485371,0.0,0.0
2025-06-23 00:00:00-04:00,0.5199999809265137,0.6000000238418579,0.5199999809265137,0.5486999750137329,488496,0.0,0.0
2025-06-24 00:00:00-04:00,0.5360999703407288,0.5360999703407288,0.5051000118255615,0.5199999809265137,257760,0.0,0.0
2025-06-25 00:00:00-04:00,0.5199999809265137,0.5498999953269958,0.5099999904632568,0.5325999855995178,168261,0.0,0.0
2025-06-26 00:00:00-04:00,0.49000000953674316,0.5299999713897705,0.49000000953674316,0.5009999871253967,247582,0.0,0.0
2025-06-27 00:00:00-04:00,0.5009999871253967,0.517799973487854,0.49000000953674316,0.5139999985694885,229474,0.0,0.0
2025-06-30 00:00:00-04:00,0.5,0.5295000076293945,0.4900999963283539,0.5019999742507935,98442,0.0,0.0
2025-07-01 00:00:00-04:00,0.07999999821186066,0.75,0.07999999821186066,0.550000011920929,168171,0.0,0.0
2025-07-02 00:00:00-04:00,0.41999998688697815,0.44999998807907104,0.25,0.27000001072883606,511477,0.0,0.0
2025-07-03 00:00:00-04:00,0.25999999046325684,0.2700999975204468,0.12999999523162842,0.2199999988079071,507476,0.0,0.0
