Date,Open,High,Low,Close,Volume,Dividends,Stock Splits
2020-07-06 00:00:00+01:00,1109.0995820811097,1141.0736240870515,1090.1149946400817,1135.0784912109375,640387,0.0,0.0
2020-07-07 00:00:00+01:00,1105.1028535995015,1142.0728405644034,1104.1036647626122,1140.074462890625,248011,0.0,0.0
2020-07-08 00:00:00+01:00,1112.0970416414084,1151.0284442936038,1112.0970416414084,1146.0694580078125,532611,0.0,0.0
2020-07-09 00:00:00+01:00,1168.0520274110697,1173.0479727806637,1139.0755442674247,1145.0706787109375,206737,0.0,0.0
2020-07-10 00:00:00+01:00,1173.0476902778903,1180.5566089965905,1145.1452933198584,1157.0606689453125,226574,0.0,0.0
2020-07-13 00:00:00+01:00,1194.0307510014266,1194.0307510014266,1129.0834716582528,1138.076171875,483043,0.0,0.0
2020-07-14 00:00:00+01:00,1110.0988097654508,1138.4257892027406,1110.0988097654508,1120.0906982421875,155556,0.0,0.0
2020-07-15 00:00:00+01:00,1135.0786835252193,1150.0665182548657,1123.0884157415023,1139.075439453125,170847,0.0,0.0
2020-07-16 00:00:00+01:00,1122.089216747571,1139.7648111347924,1096.1103034479836,1128.0843505859375,210494,0.0,0.0
2020-07-17 00:00:00+01:00,1126.0859155273438,1149.0672607421875,1123.0883487601902,1149.0672607421875,198385,0.0,0.0
2020-07-20 00:00:00+01:00,1152.0648165522396,1185.0380506773251,1142.0729274234257,1183.0396728515625,177843,0.0,0.0
2020-07-21 00:00:00+01:00,1189.0347235217066,1206.020933857731,1166.053380125909,1168.0517578125,337687,0.0,0.0
2020-07-22 00:00:00+01:00,1154.0631943780022,1194.0307508932578,1143.072116336307,1183.0396728515625,246588,0.0,0.0
2020-07-23 00:00:00+01:00,1160.0581431939972,1193.0313720703125,1160.0581431939972,1193.0313720703125,106122,0.0,0.0
2020-07-24 00:00:00+01:00,1193.031338721742,1206.020792158411,1164.0548656707115,1174.0467529296875,98558,0.0,0.0
2020-07-27 00:00:00+01:00,1169.0510442503846,1200.0259009783863,1169.0510442503846,1177.0445556640625,76217,0.0,0.0
2020-07-28 00:00:00+01:00,1199.026583747385,1199.725967132721,1169.0509191537003,1194.0306396484375,143762,0.0,0.0
2020-07-29 00:00:00+01:00,1211.0168258312137,1211.0168258312137,1190.8332608558758,1203.0233154296875,173602,0.0,0.0
2020-07-30 00:00:00+01:00,1207.0202146844413,1225.005615234375,1194.0307587317113,1225.005615234375,230930,0.0,0.0
2020-07-31 00:00:00+01:00,1228.0032477866648,1266.9716177327023,1226.144770933488,1259.977294921875,315866,0.0,0.0
2020-08-03 00:00:00+01:00,1288.9537539724577,1303.9415883209745,1251.9837625794491,1296.947265625,259802,0.0,0.0
2020-08-04 00:00:00+01:00,1333.9172760523843,1333.9172760523843,1283.9578275110966,1304.9407958984375,283914,0.0,0.0
2020-08-05 00:00:00+01:00,1340.9114636777051,1347.9057857684236,1317.930119665345,1338.9130859375,248545,0.0,0.0
2020-08-06 00:00:00+01:00,1305.93994247861,1376.8823571044563,1305.93994247861,1364.89208984375,355890,0.0,0.0
2020-08-07 00:00:00+01:00,1338.9129501265206,1394.867521176584,1338.9129501265206,1375.8829345703125,263502,0.0,0.0
2020-08-10 00:00:00+01:00,1387.8734105113635,1405.7889215224873,1364.9120686347267,1373.884765625,210158,0.0,0.0
2020-08-11 00:00:00+01:00,1393.8683962959774,1394.8675851105265,1368.8886759322504,1382.8773193359375,668321,0.0,0.0
2020-08-12 00:00:00+01:00,1385.8748783601188,1417.8489202545122,1372.8854238405215,1416.8497314453125,222756,0.0,0.0
2020-08-13 00:00:00+01:00,1381.878288525063,1416.194427241015,1323.3587739441618,1339.912353515625,534237,0.0,0.0
2020-08-14 00:00:00+01:00,1318.9294164389257,1341.9107623314223,1306.9391490167538,1313.9334716796875,397317,0.0,0.0
2020-08-17 00:00:00+01:00,1284.9571122628033,1329.9206193015484,1284.9571122628033,1327.9222412109375,177626,0.0,0.0
2020-08-18 00:00:00+01:00,1338.9133207092975,1338.9133207092975,1316.9311617125777,1327.9222412109375,151624,0.0,0.0
2020-08-19 00:00:00+01:00,1360.8953461518158,1384.8758808857685,1327.922110892631,1330.919677734375,825990,0.0,0.0
2020-08-20 00:00:00+01:00,1334.9165024288484,1338.9132584241443,1292.9505644782407,1320.9278564453125,543015,0.0,0.0
2020-08-21 00:00:00+01:00,1317.93017578125,1330.9196316456596,1298.0963002594697,1317.93017578125,124093,0.0,0.0
2020-08-24 00:00:00+01:00,1294.9487301007912,1351.9024936931871,1294.9487301007912,1325.923583984375,170138,0.0,0.0
2020-08-25 00:00:00+01:00,1327.9221794370803,1349.9043374112082,1310.9359664570727,1320.9278564453125,226406,0.0,0.0
2020-08-26 00:00:00+01:00,1285.9559364177458,1347.9056396484375,1285.9559364177458,1347.9056396484375,188750,0.0,0.0
2020-08-27 00:00:00+01:00,1362.8937889037093,1370.8873008620888,1348.9051429765452,1351.9027099609375,195860,0.0,0.0
2020-08-28 00:00:00+01:00,1354.9000749898319,1395.8668176702029,1339.1728523136564,1381.878173828125,317713,0.0,0.0
2020-09-01 00:00:00+01:00,1396.8660058179366,1421.116338610312,1384.8757396735766,1412.85302734375,352463,0.0,0.0
2020-09-02 00:00:00+01:00,1409.855714004249,1462.8127323190788,1409.855714004249,1423.8443603515625,327512,0.0,0.0
2020-09-03 00:00:00+01:00,1399.8634421857485,1457.816389827985,1334.9161732763453,1336.91455078125,300116,0.0,0.0
2020-09-04 00:00:00+01:00,1320.9276681323863,1349.904144967363,1297.9463244356805,1299.9447021484375,386310,0.0,0.0
2020-09-07 00:00:00+01:00,1273.9659093754553,1301.3437109594324,1225.0056508974965,1285.9561767578125,341925,0.0,0.0
2020-09-08 00:00:00+01:00,1267.9705732813422,1280.9600275387554,1232.9989656652294,1270.9681396484375,240412,0.0,0.0
2020-09-09 00:00:00+01:00,1242.9909305497595,1279.9609180339564,1240.992552847911,1271.9674072265625,324166,0.0,0.0
2020-09-10 00:00:00+01:00,1301.9433574171762,1301.9433574171762,1233.9985006985517,1245.98876953125,245071,0.0,0.0
2020-09-11 00:00:00+01:00,1272.966616796875,1272.966616796875,1228.0031177734375,1248.986083984375,223615,0.0,0.0
2020-09-14 00:00:00+01:00,1264.9730852700927,1272.9665960774867,1240.4810052355115,1271.9674072265625,172228,0.0,0.0
2020-09-15 00:00:00+01:00,1271.9673284374694,1295.9478593742324,1258.977874180056,1270.9681396484375,170639,0.0,0.0
2020-09-16 00:00:00+01:00,1303.9414430181664,1303.9414430181664,1243.9901123046875,1243.9901123046875,380387,0.0,0.0
2020-09-17 00:00:00+01:00,1238.9941485196039,1251.9836033024708,1223.0071272483833,1235.99658203125,285091,0.0,0.0
2020-09-18 00:00:00+01:00,1223.0070690878717,1243.990033508497,1209.6579215977808,1242.9908447265625,586335,0.0,0.0
2020-09-21 00:00:00+01:00,1229.0022279117522,1240.9924935499157,1166.0533333113942,1186.037109375,455497,0.0,0.0
2020-09-22 00:00:00+01:00,1170.050278312113,1195.0300024434562,1157.0608217638146,1190.0340576171875,242919,0.0,0.0
2020-09-23 00:00:00+01:00,1179.0429303821597,1216.012920572109,1179.0429303821597,1208.0194091796875,309349,0.0,0.0
2020-09-24 00:00:00+01:00,1218.0114377521486,1218.0114377521486,1176.1503934749442,1188.0357666015625,252124,0.0,0.0
2020-09-25 00:00:00+01:00,1175.0460520724373,1194.0306396484375,1168.0517303339109,1194.0306396484375,202669,0.0,0.0
2020-09-28 00:00:00+01:00,1199.0268818075726,1219.010663171032,1179.043100444113,1204.0228271484375,141268,0.0,0.0
2020-09-29 00:00:00+01:00,1214.014586391828,1227.0040428717405,1194.0308071919626,1207.020263671875,121482,0.0,0.0
2020-09-30 00:00:00+01:00,1218.0112628320476,1218.0112628320476,1190.03397377602,1206.02099609375,205708,0.0,0.0
2020-10-01 00:00:00+01:00,1206.0209818418862,1217.012059555441,1169.088926243071,1181.041259765625,247797,0.0,0.0
2020-10-02 00:00:00+01:00,1171.0493358547405,1181.0412243859244,1159.05906961732,1179.0428466796875,201407,0.0,0.0
2020-10-05 00:00:00+01:00,1207.020074241786,1207.020074241786,1171.0492773272958,1186.037109375,188839,0.0,0.0
2020-10-06 00:00:00+01:00,1207.0200817839332,1208.0192705933569,1143.071997980811,1152.064697265625,1004530,0.0,0.0
2020-10-07 00:00:00+01:00,1134.0793023982517,1155.062267464651,1131.0817359601947,1135.0784912109375,322466,0.0,0.0
2020-10-08 00:00:00+01:00,1119.0912501345822,1164.0547378632039,1119.0912501345822,1160.0579833984375,349885,0.0,0.0
2020-10-09 00:00:00+01:00,1162.056574621866,1206.02088183026,1157.0606306209122,1203.0233154296875,280738,0.0,0.0
2020-10-12 00:00:00+01:00,1208.0194991262335,1238.9943580781883,1203.0235541339828,1233.9984130859375,491126,0.0,0.0
2020-10-13 00:00:00+01:00,1229.0023354923023,1257.9788133209827,1217.9083139179093,1223.0072021484375,281089,0.0,0.0
2020-10-14 00:00:00+01:00,1222.0079971933753,1249.1269737359107,1222.0079971933753,1229.0023193359375,265176,0.0,0.0
2020-10-15 00:00:00+01:00,1219.01025390625,1228.652449571158,1199.026479252049,1219.01025390625,337853,0.0,0.0
2020-10-16 00:00:00+01:00,1246.9878345498782,1261.9756690997567,1221.0089213300892,1232.0,351412,0.0,0.0
2020-10-19 00:00:00+01:00,1231.99989711076,1252.9828637282183,1230.0015193376687,1239.993408203125,352426,0.0,0.0
2020-10-20 00:00:00+01:00,1174.046947731789,1189.0347811070885,1075.1272474548127,1147.06884765625,1952578,0.0,0.0
2020-10-21 00:00:00+01:00,1144.0713633210758,1194.0308115010355,1133.0802847214848,1176.04541015625,1214839,0.0,0.0
2020-10-22 00:00:00+01:00,1190.0340659401634,1228.0032468853576,1162.0567747173889,1187.0364990234375,811411,0.0,0.0
2020-10-23 00:00:00+01:00,1187.036428503088,1207.0202067607158,1178.0437282871555,1183.0396728515625,686910,0.0,0.0
2020-10-26 00:00:00+00:00,1156.0615668379312,1205.0218233418714,1150.0664333884692,1155.0623779296875,592841,0.0,0.0
2020-10-27 00:00:00+00:00,1164.0549629787104,1165.0541517881343,1144.0711867902346,1152.064697265625,489928,0.0,0.0
2020-10-28 00:00:00+00:00,1131.0816473890693,1161.0573094223485,1122.1139528917026,1154.06298828125,543581,0.0,0.0
2020-10-29 00:00:00+00:00,1142.0728565098432,1174.0468997367154,1131.0817791506058,1134.079345703125,628817,0.0,0.0
2020-10-30 00:00:00+00:00,1129.0833463541667,1141.0736119791668,1106.10200390625,1124.08740234375,929555,0.0,0.0
2020-11-02 00:00:00+00:00,1109.0995538884943,1131.0817072088068,1094.5913131816822,1099.107666015625,363625,0.0,0.0
2020-11-03 00:00:00+00:00,1114.0955608884144,1137.076904296875,1099.1077282307228,1137.076904296875,285259,0.0,0.0
2020-11-04 00:00:00+00:00,1130.0826712168819,1164.055094577955,1129.3582836424139,1149.0672607421875,372621,0.0,0.0
2020-11-05 00:00:00+00:00,1133.2438584252518,1142.2378573016429,1104.2631953791035,1128.2471923828125,632828,16.599998,0.0
2020-11-06 00:00:00+00:00,1153.2304254873247,1153.2304254873247,1090.2724386539612,1122.2510986328125,919168,0.0,0.0
2020-11-09 00:00:00+00:00,1147.2344844723088,1160.2258157424656,1111.2584901857206,1123.25048828125,615855,0.0,0.0
2020-11-10 00:00:00+00:00,1131.2450851330655,1149.233081186418,1111.2584228515625,1111.2584228515625,411825,0.0,0.0
2020-11-11 00:00:00+00:00,1137.241189936156,1137.241189936156,1081.278530325941,1115.255859375,465921,0.0,0.0
2020-11-12 00:00:00+00:00,1137.2410472324916,1143.22704263412,1110.2590540204728,1119.2530517578125,293858,0.0,0.0
2020-11-13 00:00:00+00:00,1099.2663432149452,1127.2476683149619,1099.2663432149452,1116.2550048828125,250375,0.0,0.0
2020-11-16 00:00:00+00:00,1169.2199432830048,1217.1879409561539,1154.1300350794454,1201.1986083984375,1037745,0.0,0.0
2020-11-17 00:00:00+00:00,1226.181760695885,1226.181760695885,1158.3870347504087,1159.2264404296875,1236873,0.0,0.0
2020-11-18 00:00:00+00:00,1137.240868309508,1184.2345234913394,1137.240868309508,1174.2161865234375,714504,0.0,0.0
2020-11-19 00:00:00+00:00,1147.2342740473366,1186.2082607092234,1147.2342740473366,1184.2095947265625,280542,0.0,0.0
2020-11-20 00:00:00+00:00,1184.209684305523,1207.1943448447864,1170.2190213685803,1205.1956787109375,247834,0.0,0.0
2020-11-23 00:00:00+00:00,1209.1930996243607,1224.0811139994569,1172.2177734375,1172.2177734375,304149,0.0,0.0
2020-11-24 00:00:00+00:00,1186.2083157068778,1186.2083157068778,1144.236328125,1144.236328125,566871,0.0,0.0
2020-11-25 00:00:00+00:00,1161.225035061605,1161.225035061605,1126.2483773790266,1134.2430419921875,237851,0.0,0.0
2020-11-26 00:00:00+00:00,1160.2258940197173,1160.2258940197173,1122.2512308218281,1133.243896484375,200687,0.0,0.0
2020-11-27 00:00:00+00:00,1120.2527488189219,1153.6305089977557,1114.2567483792131,1145.236083984375,577234,0.0,0.0
2020-11-30 00:00:00+00:00,1130.2458967582259,1164.722893608941,1130.2458967582259,1133.243896484375,424109,0.0,0.0
2020-12-01 00:00:00+00:00,1141.2383915557996,1148.2337232028142,1128.2470613542012,1130.2457275390625,250771,0.0,0.0
2020-12-02 00:00:00+00:00,1124.249660297629,1140.2389887996396,1096.2683354191101,1118.253662109375,321661,0.0,0.0
2020-12-03 00:00:00+00:00,1118.253766135456,1131.2450967518644,1109.2597680164042,1122.2510986328125,278857,0.0,0.0
2020-12-04 00:00:00+00:00,1152.230904531353,1155.2289034156497,1117.2542508812253,1136.2415771484375,545401,0.0,0.0
2020-12-07 00:00:00+00:00,1141.238373528703,1141.238373528703,1102.2643835395443,1134.2430419921875,320990,0.0,0.0
2020-12-08 00:00:00+00:00,1129.2463413081666,1155.9086006346988,1127.2476752173557,1142.2376708984375,166196,0.0,0.0
2020-12-09 00:00:00+00:00,1139.2397776636585,1170.5488409706359,1139.2397776636585,1159.2264404296875,416012,0.0,0.0
2020-12-10 00:00:00+00:00,1155.2289965759226,1201.1983165088745,1142.2376670296535,1198.2003173828125,1067030,0.0,0.0
2020-12-11 00:00:00+00:00,1193.203841863894,1223.183837890625,1181.2118434532017,1223.183837890625,537493,0.0,0.0
2020-12-14 00:00:00+00:00,1241.1716056448515,1241.1716056448515,1215.2489657692245,1219.186279296875,717035,0.0,0.0
2020-12-15 00:00:00+00:00,1217.1878204842733,1230.179151901593,1210.1924881826394,1227.18115234375,348404,0.0,0.0
2020-12-16 00:00:00+00:00,1234.1764143258688,1263.157075067124,1229.1797486808248,1256.1617431640625,495913,0.0,0.0
2020-12-17 00:00:00+00:00,1276.1486440220697,1299.5979661157392,1257.1613110256567,1284.143310546875,463235,0.0,0.0
2020-12-18 00:00:00+00:00,1297.1344286922294,1311.1250927921456,1282.15736226677,1304.1297607421875,1514336,0.0,0.0
2020-12-21 00:00:00+00:00,1296.1353103340832,1310.0460740032595,1261.1586442880593,1284.143310546875,418043,0.0,0.0
2020-12-22 00:00:00+00:00,1271.1518218199656,1309.1264831636438,1270.152488626711,1305.129150390625,149419,0.0,0.0
2020-12-23 00:00:00+00:00,1299.133254647345,1341.1052521051822,1299.133254647345,1322.117919921875,217637,0.0,0.0
2020-12-24 00:00:00+00:00,1340.1058349609375,1346.1018342225077,1316.121837914657,1340.1058349609375,66881,0.0,0.0
2020-12-29 00:00:00+00:00,1353.0970971803258,1399.2163468623562,1331.111767684043,1382.0777587890625,300059,0.0,0.0
2020-12-30 00:00:00+00:00,1409.0597913707386,1409.0597913707386,1372.0844635120739,1374.0831298828125,160205,0.0,0.0
2020-12-31 00:00:00+00:00,1386.0751943352268,1386.0751943352268,1357.094530574793,1373.0838623046875,67502,0.0,0.0
2021-01-04 00:00:00+00:00,1414.0564034598215,1414.0564034598215,1384.6859876213755,1399.06640625,478457,0.0,0.0
2021-01-05 00:00:00+00:00,1419.0528133901296,1541.9707683527959,1419.0528133901296,1512.9901123046875,1656224,0.0,0.0
2021-01-06 00:00:00+00:00,1538.9731155465183,1538.9731155465183,1497.0011214861588,1531.977783203125,293447,0.0,0.0
2021-01-07 00:00:00+00:00,1548.9663676078746,1553.9630333098355,1498.005378993132,1508.9930419921875,456976,0.0,0.0
2021-01-08 00:00:00+00:00,1512.9903268795103,1532.976989057575,1498.0003302459615,1505.9949951171875,235789,0.0,0.0
2021-01-11 00:00:00+00:00,1499.9990415401114,1513.9897054851892,1496.001708984375,1496.001708984375,804268,0.0,0.0
2021-01-12 00:00:00+00:00,1474.0164157926356,1499.999078037116,1474.0164157926356,1488.007080078125,284787,0.0,0.0
2021-01-13 00:00:00+00:00,1498.9997357190016,1504.5909754558947,1477.0144062617894,1490.0057373046875,232658,0.0,0.0
2021-01-14 00:00:00+00:00,1525.9814408779773,1525.9814408779773,1479.0127914206985,1512.9901123046875,173858,0.0,0.0
2021-01-15 00:00:00+00:00,1501.9979248046875,1512.9905909210224,1483.010592421927,1501.9979248046875,479132,0.0,0.0
2021-01-18 00:00:00+00:00,1501.997694334019,1545.9683520523802,1491.5426350196321,1525.981689453125,172039,0.0,0.0
2021-01-19 00:00:00+00:00,1548.966739669194,1573.9500741799875,1520.9854050171054,1560.958740234375,320509,0.0,0.0
2021-01-20 00:00:00+00:00,1568.9532570258586,1604.929255276133,1554.9625910396408,1592.937255859375,952979,0.0,0.0
2021-01-21 00:00:00+00:00,1609.9256087443673,1625.9149381918594,1593.936279296875,1593.936279296875,1289533,0.0,0.0
2021-01-22 00:00:00+00:00,1576.947672209387,1597.9336678471545,1540.9716796875,1540.9716796875,516205,0.0,0.0
2021-01-25 00:00:00+00:00,1555.9616440160203,1561.957642644213,1516.9876529327673,1520.9849853515625,2371033,0.0,0.0
2021-01-26 00:00:00+00:00,1490.0057501160272,1520.9850782539193,1490.0057501160272,1513.98974609375,735174,0.0,0.0
2021-01-27 00:00:00+00:00,1547.967255836634,1547.967255836634,1489.006592121746,1501.9979248046875,344302,0.0,0.0
2021-01-28 00:00:00+00:00,1479.012825650523,1524.9821432045255,1477.014159669914,1504.9954833984375,274092,0.0,0.0
2021-01-29 00:00:00+00:00,1471.0183826572847,1521.9843728172857,1460.0257181129707,1508.9930419921875,489281,0.0,0.0
2021-02-01 00:00:00+00:00,1495.0023712858606,1538.9730292648565,1495.0023712858606,1523.9830322265625,190406,0.0,0.0
2021-02-02 00:00:00+00:00,1515.9882783266332,1553.9629352655998,1515.9882783266332,1543.9696044921875,360948,0.0,0.0
2021-02-03 00:00:00+00:00,1523.9830254889155,1556.9610188273641,1523.9830254889155,1538.9730224609375,601209,0.0,0.0
2021-02-04 00:00:00+00:00,1539.972375858669,1561.9577050402982,1533.9763769909518,1547.967041015625,715447,0.0,0.0
2021-02-05 00:00:00+00:00,1538.973075394082,1590.9384000177781,1534.9757427307204,1580.945068359375,378523,0.0,0.0
2021-02-08 00:00:00+00:00,1545.9682942033194,1598.9329481094449,1545.9682942033194,1565.9549560546875,295428,0.0,0.0
2021-02-09 00:00:00+00:00,1565.9548516349766,1573.9495158424304,1542.9701920385476,1561.95751953125,360969,0.0,0.0
2021-02-10 00:00:00+00:00,1592.9371486641683,1594.9358150991295,1547.9671538775387,1549.9658203125,227528,0.0,0.0
2021-02-11 00:00:00+00:00,1547.9668484331319,1571.9508409201526,1537.9735182302065,1563.9561767578125,429488,0.0,0.0
2021-02-12 00:00:00+00:00,1575.948380377354,1575.948380377354,1546.9677189753606,1558.959716796875,1237341,0.0,0.0
2021-02-15 00:00:00+00:00,1568.953219186231,1587.9405511381663,1564.9558861437183,1574.94921875,123539,0.0,0.0
2021-02-16 00:00:00+00:00,1608.9261626709763,1608.9261626709763,1563.9561767578125,1563.9561767578125,227455,0.0,0.0
2021-02-17 00:00:00+00:00,1590.9383266626862,1590.9383266626862,1541.9710037942996,1542.9703369140625,404081,0.0,0.0
2021-02-18 00:00:00+00:00,1548.9664870950194,1565.9551517921905,1532.9771556153287,1549.9658203125,175752,0.0,0.0
2021-02-19 00:00:00+00:00,1580.945004711819,1580.945004711819,1534.9756809338521,1540.9716796875,428351,0.0,0.0
2021-02-22 00:00:00+00:00,1552.9636172948708,1567.9536136008057,1505.994962202941,1526.98095703125,1009059,0.0,0.0
2021-02-23 00:00:00+00:00,1553.963078368648,1553.963078368648,1478.013757496611,1486.0084228515625,525951,0.0,0.0
2021-02-24 00:00:00+00:00,1498.9996399542297,1511.9909701671663,1475.0156457149621,1484.0096435546875,314427,0.0,0.0
2021-02-25 00:00:00+00:00,1479.0131572089726,1499.4195853616095,1479.0131572089726,1498.00048828125,141552,0.0,0.0
2021-02-26 00:00:00+00:00,1536.974332215356,1536.974332215356,1460.0256822930007,1463.023681640625,308249,0.0,0.0
2021-03-01 00:00:00+00:00,1501.997636380403,1501.997636380403,1454.0296479930048,1471.018310546875,266602,0.0,0.0
2021-03-02 00:00:00+00:00,1429.0463843951818,1481.0117074640975,1429.0463843951818,1470.01904296875,355461,0.0,0.0
2021-03-03 00:00:00+00:00,1499.999089029948,1520.575324855149,1457.0277626953125,1498.999755859375,325841,0.0,0.0
2021-03-04 00:00:00+00:00,1498.9996830513637,1510.9916805157748,1452.0310263157544,1461.0250244140625,333462,0.0,0.0
2021-03-05 00:00:00+00:00,1440.0392123870317,1464.023210372659,1434.043212890625,1434.043212890625,406878,0.0,0.0
2021-03-08 00:00:00+00:00,1436.0417938125493,1446.035125711036,1418.053796395273,1426.0484619140625,136430,0.0,0.0
2021-03-09 00:00:00+00:00,1457.0277644205944,1521.9844205847498,1425.049102924395,1511.9910888671875,490260,0.0,0.0
2021-03-10 00:00:00+00:00,1551.9643181267368,1551.9643181267368,1497.870412062248,1505.9949951171875,331576,0.0,0.0
2021-03-11 00:00:00+00:00,1511.990972349131,1550.9649630441845,1511.990972349131,1537.9736328125,160966,0.0,0.0
2021-03-12 00:00:00+00:00,1545.9684541924055,1547.9171051290145,1495.0024611970514,1503.9964599609375,170918,0.0,0.0
2021-03-15 00:00:00+00:00,1536.974321493188,1536.974321493188,1496.761166950034,1505.9949951171875,136764,0.0,0.0
2021-03-16 00:00:00+00:00,1503.9965299043479,1574.9491901191045,1503.9965299043479,1567.953857421875,297818,0.0,0.0
2021-03-17 00:00:00+00:00,1535.9751936631114,1575.948523361566,1535.9751936631114,1567.953857421875,270234,0.0,0.0
2021-03-18 00:00:00+00:00,1567.9535088389825,1588.9395022651258,1548.2266847775195,1563.9561767578125,504609,0.0,0.0
2021-03-19 00:00:00+00:00,1525.9818343098957,1576.9478287760417,1525.9818343098957,1573.9498291015625,396790,0.0,0.0
2021-03-22 00:00:00+00:00,1598.9330127955818,1613.9230097905404,1579.9456832686344,1605.9283447265625,387418,0.0,0.0
2021-03-23 00:00:00+00:00,1641.9044375025055,1641.9044375025055,1557.96044921875,1557.96044921875,312646,0.0,0.0
2021-03-24 00:00:00+00:00,1678.8797104779412,1847.7670146867342,1673.8830446729473,1783.8096923828125,1375066,0.0,0.0
2021-03-25 00:00:00+00:00,1821.7842923836947,1821.7842923836947,1739.8389758859093,1769.8189697265625,818063,0.0,0.0
2021-03-26 00:00:00+00:00,1748.8329562334948,1790.8049471830986,1748.8329562334948,1773.8162841796875,410460,0.0,0.0
2021-03-29 00:00:00+01:00,1740.8383289808637,1794.6164074162418,1740.8383289808637,1778.81298828125,280548,0.0,0.0
2021-03-30 00:00:00+01:00,1736.8410444705682,1800.7983671668378,1736.8410444705682,1794.8023681640625,468260,0.0,0.0
2021-03-31 00:00:00+01:00,1792.803685621208,1821.6844382879158,1790.8050193050192,1811.791015625,388864,0.0,0.0
2021-04-01 00:00:00+01:00,1857.825771513838,1857.825771513838,1809.8560904849708,1821.8485107421875,616782,6.4,0.0
2021-04-06 00:00:00+01:00,1839.8371759753172,1892.8036997812335,1834.8403341068345,1880.811279296875,393957,0.0,0.0
2021-04-07 00:00:00+01:00,1880.8115350508167,1895.8020626946861,1850.8304797630778,1869.8184814453125,950461,0.0,0.0
2021-04-08 00:00:00+01:00,1863.8219650002272,1900.7985937964784,1850.1185901320166,1889.8055419921875,193267,0.0,0.0
2021-04-09 00:00:00+01:00,1884.808987136488,1947.769202507431,1875.8146706549246,1943.771728515625,409661,0.0,0.0
2021-04-12 00:00:00+01:00,1932.7784167167467,1950.767047275641,1926.7822065304488,1948.768310546875,262095,0.0,0.0
2021-04-13 00:00:00+01:00,1944.7709954737888,1967.7564697265625,1929.7804687871976,1967.7564697265625,501124,0.0,0.0
2021-04-14 00:00:00+01:00,1972.7533138877466,1986.4366832517478,1882.8101536800987,1898.800048828125,288423,0.0,0.0
2021-04-15 00:00:00+01:00,1880.811395774709,1916.2789717942337,1880.811395774709,1897.8006591796875,215096,0.0,0.0
2021-04-16 00:00:00+01:00,1906.7950278011467,1935.776713234183,1888.8063954634001,1911.7918701171875,1107650,0.0,0.0
2021-04-19 00:00:00+01:00,1903.7968325351828,1922.7848324397332,1886.8075694626905,1901.798095703125,228316,0.0,0.0
2021-04-20 00:00:00+01:00,1905.795638981542,1907.5075698280268,1879.8120592156688,1887.8070068359375,168765,0.0,0.0
2021-04-21 00:00:00+01:00,1874.8151589649676,1904.5444176168069,1866.49741754369,1890.8050537109375,230412,0.0,0.0
2021-04-22 00:00:00+01:00,1898.8001073858395,1898.8001073858395,1869.8184215362662,1895.802001953125,361033,0.0,0.0
2021-04-23 00:00:00+01:00,1896.8011333905276,1924.783447265625,1877.8131346895686,1924.783447265625,407484,0.0,0.0
2021-04-26 00:00:00+01:00,1923.7842916756854,1933.7779763077667,1902.797553948314,1911.7918701171875,209657,0.0,0.0
2021-04-27 00:00:00+01:00,1916.7886756647224,1916.7886756647224,1888.806359231661,1892.8038330078125,250058,0.0,0.0
2021-04-28 00:00:00+01:00,1908.793674550158,1908.793674550158,1869.8183063263589,1878.8126220703125,278615,0.0,0.0
2021-04-29 00:00:00+01:00,1864.8214381737046,1905.795542656621,1864.8214381737046,1894.802490234375,238354,0.0,0.0
2021-04-30 00:00:00+01:00,1874.8152004474764,1925.7829910779783,1874.8152004474764,1915.789306640625,387756,0.0,0.0
2021-05-04 00:00:00+01:00,1893.8031429262273,1915.7892480156083,1860.8239852921558,1872.81640625,388258,0.0,0.0
2021-05-05 00:00:00+01:00,1862.8228114425756,1896.8013391191034,1862.8228114425756,1882.8101806640625,144754,0.0,0.0
2021-05-06 00:00:00+01:00,1897.800616445186,1897.800616445186,1836.8391432471046,1849.8309326171875,292817,0.0,0.0
2021-05-07 00:00:00+01:00,1848.8316010663852,1881.8107593556776,1840.5119076588733,1868.8189697265625,443253,0.0,0.0
2021-05-10 00:00:00+01:00,1878.8125069639673,1878.8125069639673,1808.8567221302026,1821.8485107421875,233895,0.0,0.0
2021-05-11 00:00:00+01:00,1858.8253584372378,1858.8253584372378,1755.890405792595,1785.8714599609375,483217,0.0,0.0
2021-05-12 00:00:00+01:00,1793.8664421333826,1810.8557064878491,1747.8954915271788,1752.892333984375,332355,0.0,0.0
2021-05-13 00:00:00+01:00,1753.891522011841,1769.8814162296128,1724.9098387421298,1755.8902587890625,362909,0.0,0.0
2021-05-14 00:00:00+01:00,1748.8946800687872,1773.8788897840557,1741.8991013485122,1755.8902587890625,395886,0.0,0.0
2021-05-17 00:00:00+01:00,1797.863631895395,1797.863631895395,1736.902163554306,1739.9002685546875,251632,0.0,0.0
2021-05-18 00:00:00+01:00,1730.9061275819088,1762.8859174679487,1730.9061275819088,1753.8916015625,171763,0.0,0.0
2021-05-19 00:00:00+01:00,1736.902348929589,1754.519267517159,1722.9111907679005,1742.8985595703125,217876,0.0,0.0
2021-05-20 00:00:00+01:00,1751.8928224718247,1777.8764011279957,1749.8940856521194,1774.8782958984375,222605,0.0,0.0
2021-05-21 00:00:00+01:00,1759.8878858663268,1804.8594672768804,1759.8878858663268,1768.8822021484375,183487,0.0,0.0
2021-05-24 00:00:00+01:00,1756.8895283548568,1784.8718416619874,1756.8895283548568,1779.875,102624,0.0,0.0
2021-05-25 00:00:00+01:00,1791.867543290301,1824.8467005287728,1776.8770172728139,1802.860595703125,177303,0.0,0.0
2021-05-26 00:00:00+01:00,1837.838694238737,1927.7818603515625,1821.1972322175932,1927.7818603515625,514345,0.0,0.0
2021-05-27 00:00:00+01:00,1940.7735534601554,1945.4036841500667,1836.8392333984375,1836.8392333984375,618466,0.0,0.0
2021-05-28 00:00:00+01:00,1828.844217057434,1847.1625963631893,1805.8587432911384,1827.8448486328125,252193,0.0,0.0
2021-06-01 00:00:00+01:00,1822.847974600771,1844.8340795575784,1785.8713435370491,1814.85302734375,403928,0.0,0.0
2021-06-02 00:00:00+01:00,1816.8515411360158,1826.8452239805483,1798.862912015857,1815.8521728515625,161763,0.0,0.0
2021-06-03 00:00:00+01:00,1807.8576448828774,1823.8475411339143,1795.8652226945997,1806.8582763671875,123951,0.0,0.0
2021-06-04 00:00:00+01:00,1829.8434947193684,1842.8352835950384,1790.8681280923583,1817.85107421875,108336,0.0,0.0
2021-06-07 00:00:00+01:00,1822.847969517185,1842.8353376039963,1814.8530222824604,1831.84228515625,108972,0.0,0.0
2021-06-08 00:00:00+01:00,1831.8424234536337,1851.829793049418,1823.8474756153198,1826.8455810546875,116686,0.0,0.0
2021-06-09 00:00:00+01:00,1864.821693850354,1864.821693850354,1785.8715792661214,1808.8570556640625,257574,0.0,0.0
2021-06-10 00:00:00+01:00,1815.852337468647,1823.8472844690593,1786.9705670310154,1817.85107421875,128834,0.0,0.0
2021-06-11 00:00:00+01:00,1860.8239472901457,1860.8239472901457,1815.8523696166458,1830.8428955078125,164951,0.0,0.0
2021-06-14 00:00:00+01:00,1868.8188994436553,1868.8188994436553,1811.8549009044636,1813.8536376953125,279780,0.0,0.0
2021-06-15 00:00:00+01:00,1791.8675214788886,1827.8447834829267,1774.8782588658707,1778.875732421875,204179,0.0,0.0
2021-06-16 00:00:00+01:00,1782.873147653183,1782.873147653183,1736.9022032630223,1781.873779296875,438354,0.0,0.0
2021-06-17 00:00:00+01:00,1755.890254041119,1773.8788849874709,1726.4539021517423,1772.8795166015625,464889,0.0,0.0
2021-06-18 00:00:00+01:00,1797.8636758949863,1797.8636758949863,1741.8990478515625,1741.8990478515625,522697,0.0,0.0
2021-06-21 00:00:00+01:00,1730.905957427766,1737.9015357776473,1696.927434014057,1722.9110107421875,292458,0.0,0.0
2021-06-22 00:00:00+01:00,1737.9016908125445,1762.8859014337713,1721.9117960149592,1758.888427734375,319988,0.0,0.0
2021-06-23 00:00:00+01:00,1720.9123095620969,1782.873147653183,1720.9123095620969,1781.873779296875,394562,0.0,0.0
2021-06-24 00:00:00+01:00,1735.9029434867527,1814.8530485733695,1735.9029434867527,1792.866943359375,203397,0.0,0.0
2021-06-25 00:00:00+01:00,1761.8867207935878,1801.861462048122,1761.8817190712018,1790.868408203125,127304,0.0,0.0
2021-06-28 00:00:00+01:00,1797.8639176243037,1844.8342367617922,1783.8727587322855,1804.8594970703125,241706,0.0,0.0
2021-06-29 00:00:00+01:00,1805.8587703086812,1817.8511915835588,1785.5815456319121,1788.8695068359375,151465,0.0,0.0
2021-06-30 00:00:00+01:00,1829.8435584403373,1829.8435584403373,1763.8852433900574,1774.8782958984375,286701,0.0,0.0
2021-07-01 00:00:00+01:00,1782.873147653183,1801.8611464230319,1767.8826223085653,1781.873779296875,284464,0.0,0.0
2021-07-02 00:00:00+01:00,1826.8454587103677,1826.8454587103677,1764.88461711297,1780.87451171875,163369,0.0,0.0
2021-07-05 00:00:00+01:00,1793.8663804683167,1810.8556442387687,1777.8564782668932,1801.861328125,139224,0.0,0.0
2021-07-06 00:00:00+01:00,1849.8309594969087,1849.8309594969087,1791.867590695817,1810.8555908203125,127721,0.0,0.0
2021-07-07 00:00:00+01:00,1838.837842649768,1839.8372110425123,1802.8605805109682,1830.8428955078125,143007,0.0,0.0
2021-07-08 00:00:00+01:00,1823.8471499317973,1834.8402012464546,1785.8711544811626,1805.8585205078125,149323,0.0,0.0
2021-07-09 00:00:00+01:00,1845.8334103091731,1845.8334103091731,1796.8643593589027,1818.8504638671875,188251,0.0,0.0
2021-07-12 00:00:00+01:00,1848.8316661749109,1848.8316661749109,1803.8600851057915,1825.84619140625,232294,0.0,0.0
2021-07-13 00:00:00+01:00,1848.831627772721,1852.8291015625,1816.8518374544901,1852.8291015625,227581,0.0,0.0
2021-07-14 00:00:00+01:00,1873.81573146327,1873.81573146327,1828.8441539081514,1847.8321533203125,160683,0.0,0.0
2021-07-15 00:00:00+01:00,1821.8485308048264,1855.8270552411204,1798.8630583920392,1799.8624267578125,177613,0.0,0.0
2021-07-16 00:00:00+01:00,1805.8586170658984,1829.843457580332,1793.8661968086815,1821.8485107421875,242586,0.0,0.0
2021-07-19 00:00:00+01:00,1801.8612483888364,1809.8561956917263,1766.8833539386926,1780.87451171875,179795,0.0,0.0
2021-07-20 00:00:00+01:00,1821.848687702714,1821.848687702714,1752.8922645258149,1766.8834228515625,210819,0.0,0.0
2021-07-21 00:00:00+01:00,1724.9096880998807,1819.8496767264674,1724.9096880998807,1805.8585205078125,178411,0.0,0.0
2021-07-22 00:00:00+01:00,1829.8434548820787,1873.815662427033,1802.8605093431295,1861.8232421875,236958,0.0,0.0
2021-07-23 00:00:00+01:00,1827.8448328545753,1902.7974640541888,1827.8448328545753,1878.8126220703125,220734,0.0,0.0
2021-07-26 00:00:00+01:00,1928.7811515666444,1928.7811515666444,1878.8127279509283,1883.8095703125,308675,0.0,0.0
2021-07-27 00:00:00+01:00,1842.8354899741673,1899.699581281451,1842.8354899741673,1867.8197021484375,320300,0.0,0.0
2021-07-28 00:00:00+01:00,1858.8253985499837,1920.7862451683163,1845.2690234877364,1908.7938232421875,257608,0.0,0.0
2021-07-29 00:00:00+01:00,1872.81649509824,1928.781128889863,1872.81649509824,1905.795654296875,222128,0.0,0.0
2021-07-30 00:00:00+01:00,1888.8062129684267,1935.7765262009748,1885.8081078684768,1931.779052734375,170664,0.0,0.0
2021-08-02 00:00:00+01:00,1944.7709377204656,1955.7639902975084,1913.790516821527,1947.76904296875,151139,0.0,0.0
2021-08-03 00:00:00+01:00,1900.7988258690805,1966.757144747818,1900.7988258690805,1946.769775390625,169008,0.0,0.0
2021-08-04 00:00:00+01:00,1994.7395219111504,1994.7395219111504,1942.7723600176737,1943.771728515625,144506,0.0,0.0
2021-08-05 00:00:00+01:00,1994.7391977657674,1995.7385661013213,1937.7752026391897,1974.7518310546875,223942,0.0,0.0
2021-08-06 00:00:00+01:00,1924.7834085996988,1978.7492985604379,1924.7834085996988,1968.755615234375,220797,0.0,0.0
2021-08-09 00:00:00+01:00,1994.7394119677588,2006.731833282194,1963.7589902388004,1984.7457275390625,159444,0.0,0.0
2021-08-10 00:00:00+01:00,1998.736832315163,2030.7166216322055,1966.7570429981201,1993.739990234375,281665,0.0,0.0
2021-08-11 00:00:00+01:00,2042.708999633789,2042.708999633789,1986.5045308514632,2014.7266845703125,206224,0.0,0.0
2021-08-12 00:00:00+01:00,2018.7242274327234,2028.7179117269447,1983.7463324029486,2000.735595703125,193111,0.0,0.0
2021-08-13 00:00:00+01:00,1951.7663986765592,2024.7202886424523,1951.7663986765592,2016.725341796875,73512,0.0,0.0
2021-08-16 00:00:00+01:00,2004.7330481487772,2032.7153638756795,1981.7475745159647,2022.7216796875,93346,0.0,0.0
2021-08-17 00:00:00+01:00,2014.726638571081,2060.6975836972065,1993.7399027526321,2052.70263671875,148158,0.0,0.0
2021-08-18 00:00:00+01:00,2076.68760642635,2094.6762382433253,2054.7015008722697,2058.698974609375,193489,0.0,0.0
2021-08-19 00:00:00+01:00,2040.7101657534604,2090.6785831323405,2024.7202721922188,2084.682373046875,132570,0.0,0.0
2021-08-20 00:00:00+01:00,2062.696678008596,2112.665105285936,2062.696678008596,2092.677734375,188138,0.0,0.0
2021-08-23 00:00:00+01:00,2154.6380936350015,2154.6380936350015,2094.67599455425,2104.669677734375,121391,0.0,0.0
2021-08-24 00:00:00+01:00,2066.6938691294217,2128.6547104669576,2066.6938691294217,2090.6787109375,121391,0.0,0.0
2021-08-25 00:00:00+01:00,2128.654580340289,2128.654580340289,2074.688689571099,2084.682373046875,151229,0.0,0.0
2021-08-26 00:00:00+01:00,2046.7063870352717,2096.6748046875,2046.7063870352717,2096.6748046875,186863,0.0,0.0
2021-08-27 00:00:00+01:00,2128.65478515625,2128.65478515625,2092.677521181778,2128.65478515625,202548,0.0,0.0
2021-08-31 00:00:00+01:00,2138.6486204322377,2154.6385166597684,2102.6713539202933,2112.6650390625,147445,0.0,0.0
2021-09-01 00:00:00+01:00,2124.657353671362,2148.6421967984143,2114.66366903509,2130.653564453125,396148,0.0,0.0
2021-09-02 00:00:00+01:00,2174.625967536969,2174.625967536969,2118.661328666532,2162.633544921875,144176,0.0,0.0
2021-09-03 00:00:00+01:00,2164.631931937801,2192.614246847431,2130.6534066903932,2180.621826171875,184221,0.0,0.0
2021-09-06 00:00:00+01:00,2208.6045343492174,2232.5893799711093,2188.6171629976407,2210.603271484375,303761,0.0,0.0
2021-09-07 00:00:00+01:00,2244.5815903021366,2244.5815903021366,2148.642216896524,2154.638427734375,115367,0.0,0.0
2021-09-08 00:00:00+01:00,2146.643121061228,2186.6178532970052,2140.6469112258615,2160.63427734375,336171,0.0,0.0
2021-09-09 00:00:00+01:00,2156.6376677626863,2186.6187289456707,2130.6540814040995,2178.623779296875,92723,0.0,0.0
2021-09-10 00:00:00+01:00,2162.6331749447027,2224.594014522601,2162.6331749447027,2202.60791015625,154611,0.0,0.0
2021-09-13 00:00:00+01:00,2231.6615787540713,2231.6615787540713,2166.6306577620967,2168.62939453125,6729,0.0,0.0
2021-09-14 00:00:00+01:00,2222.595694295321,2222.595694295321,2161.7542530146256,2210.603271484375,172823,0.0,0.0
2021-09-15 00:00:00+01:00,2228.59140181108,2228.59140181108,2188.616668146307,2198.6103515625,271441,0.0,0.0
2021-09-16 00:00:00+01:00,2194.612995692662,2240.5839418683736,2190.6155221121653,2238.585205078125,358454,0.0,0.0
2021-09-17 00:00:00+01:00,2246.580118888952,2249.6382446893763,2192.6142263533634,2202.60791015625,279898,0.0,0.0
2021-09-20 00:00:00+01:00,2190.6152167315945,2212.601318359375,2166.6303785921973,2212.601318359375,742404,0.0,0.0
2021-09-21 00:00:00+01:00,2186.6180160716312,2208.604120437982,2148.642017620661,2202.60791015625,237170,0.0,0.0
2021-09-22 00:00:00+01:00,2204.606592911672,2220.5964866045947,2162.633121967751,2188.61669921875,197065,0.0,0.0
2021-09-23 00:00:00+01:00,2180.621837076971,2212.601625705048,2180.621837076971,2192.6142578125,212517,0.0,0.0
2021-09-24 00:00:00+01:00,2178.623281105858,2194.613176747002,2142.6460159132844,2166.630859375,242543,0.0,0.0
2021-09-27 00:00:00+01:00,2178.623466313609,2200.6095746892506,2114.6638783117414,2140.6474609375,635890,0.0,0.0
2021-09-28 00:00:00+01:00,2178.623321030978,2178.623321030978,2050.704153557599,2064.6953125,1102809,0.0,0.0
2021-09-29 00:00:00+01:00,2086.681258491848,2092.6774690047555,2022.7216796875,2022.7216796875,569310,0.0,0.0
2021-09-30 00:00:00+01:00,2044.707704504527,2062.696335335945,2024.7203369140625,2024.7203369140625,422245,0.0,0.0
2021-10-01 00:00:00+01:00,2000.7352358145542,2038.7112293015439,1993.7396580669508,2006.7314453125,338147,0.0,0.0
2021-10-04 00:00:00+01:00,1971.7538370105256,2016.7254146412774,1955.7639427418137,1962.759521484375,358348,0.0,0.0
2021-10-05 00:00:00+01:00,2008.73046875,2016.7254158893033,1954.7645755597014,2008.73046875,236649,0.0,0.0
2021-10-06 00:00:00+01:00,1984.7456425456057,2006.7317473472187,1961.7601693439194,1980.7481689453125,245058,0.0,0.0
2021-10-07 00:00:00+01:00,1980.7480410680114,1998.7366711079833,1941.7726759814057,1974.7518310546875,348901,0.0,0.0
2021-10-08 00:00:00+01:00,1978.7492808357615,1992.7404373669233,1945.7701261551654,1950.7669677734375,152064,0.0,0.0
2021-10-11 00:00:00+01:00,1953.7653987866706,1963.7590836909503,1888.8064469088529,1925.7830810546875,230686,0.0,0.0
2021-10-12 00:00:00+01:00,1874.8153923380928,1959.76171875,1874.8153923380928,1959.76171875,323703,0.0,0.0
2021-10-13 00:00:00+01:00,1900.7987783380145,2009.6819952760802,1900.7987783380145,1984.7457275390625,248414,0.0,0.0
2021-10-14 00:00:00+01:00,1998.7370142031555,2048.7054395582345,1992.740803160546,2042.709228515625,256825,0.0,0.0
2021-10-15 00:00:00+01:00,2086.6813012789576,2086.6813012789576,2038.7116161920849,2070.69140625,254746,0.0,0.0
2021-10-18 00:00:00+01:00,2074.689100555158,2092.677734375,2044.7080441887538,2092.677734375,132541,0.0,0.0
2021-10-19 00:00:00+01:00,2078.6861204414586,2097.634104886119,2046.7063339731285,2082.68359375,533084,0.0,0.0
2021-10-20 00:00:00+01:00,2098.6738214296647,2098.6738214296647,2036.7129752731696,2040.71044921875,269399,0.0,0.0
2021-10-21 00:00:00+01:00,2000.7355797077048,2056.70021130792,2000.7355797077048,2028.7178955078125,285401,0.0,0.0
2021-10-22 00:00:00+01:00,1991.7411329044457,2034.7139721994238,1991.7411329044457,2016.725341796875,249196,0.0,0.0
2021-10-25 00:00:00+01:00,1998.736711394326,2020.7228152196635,1991.7411329044457,2016.725341796875,366190,0.0,0.0
2021-10-26 00:00:00+01:00,1957.7627010844362,2018.7241736552126,1854.8277555960765,1986.744384765625,918050,0.0,0.0
2021-10-27 00:00:00+01:00,1998.7368588442807,2068.6926489038306,1980.748227114682,2000.735595703125,525290,0.0,0.0
2021-10-28 00:00:00+01:00,1971.7540331932557,2012.7281413336123,1967.756559228343,1977.750244140625,634534,0.0,0.0
2021-10-29 00:00:00+01:00,1965.7577926470824,1984.7457936945125,1905.7956840762513,1941.77294921875,394939,0.0,0.0
2021-11-01 00:00:00+00:00,1939.7741750003008,1984.74575556445,1908.643823166696,1945.7703857421875,202617,0.0,0.0
2021-11-02 00:00:00+00:00,1928.78117850788,1972.7533919039145,1928.78117850788,1965.7578125,173905,0.0,0.0
2021-11-03 00:00:00+00:00,1938.774653587283,1966.7569681751406,1938.774653587283,1955.763916015625,234510,0.0,0.0
2021-11-04 00:00:00+00:00,1959.7614849449876,1998.7368535899925,1947.7690638234478,1994.7393798828125,468181,0.0,0.0
2021-11-05 00:00:00+00:00,1994.7394281317042,2024.720481660738,1969.7552168575096,1979.7489013671875,219581,0.0,0.0
2021-11-08 00:00:00+00:00,1987.7437477458257,1996.7380633464854,1967.6464638595369,1980.7481689453125,129071,0.0,0.0
2021-11-09 00:00:00+00:00,1987.7439904278874,1987.7439904278874,1938.774932845702,1951.7667236328125,318849,0.0,0.0
2021-11-10 00:00:00+00:00,1978.7495828374292,1978.7495828374292,1920.7862112189591,1941.77294921875,341955,0.0,0.0
2021-11-11 00:00:00+00:00,1896.94172968852,1937.918869265564,1889.83363462243,1913.9322509765625,404205,14.4,0.0
2021-11-12 00:00:00+00:00,1932.921613209103,1932.921613209103,1892.9439169689974,1893.943359375,199505,0.0,0.0
2021-11-15 00:00:00+00:00,1899.9400900699886,1899.9400900699886,1870.7023724467354,1880.95068359375,192183,0.0,0.0
2021-11-16 00:00:00+00:00,1927.9243843090703,1928.9238267063276,1867.9578404736405,1891.9444580078125,200696,0.0,0.0
2021-11-17 00:00:00+00:00,1866.9586592784638,1924.9263264295082,1866.9586592784638,1916.9307861328125,222520,0.0,0.0
2021-11-18 00:00:00+00:00,1913.9323907273208,1956.908418299788,1905.9368507138386,1945.91455078125,358615,0.0,0.0
2021-11-19 00:00:00+00:00,1976.8973101338092,1986.8917353619884,1943.9157068808186,1965.9034423828125,492914,0.0,0.0
2021-11-22 00:00:00+00:00,1928.9240067211076,1977.896688757032,1904.5075729964892,1920.928466796875,318768,0.0,0.0
2021-11-23 00:00:00+00:00,1951.9112121614105,1952.9106546663575,1893.054028404813,1901.9390869140625,302539,0.0,0.0
2021-11-24 00:00:00+00:00,1888.9461831146816,1907.9355891883213,1826.9807527691207,1853.9656982421875,321846,0.0,0.0
2021-11-25 00:00:00+00:00,1892.9439696608272,1892.9439696608272,1840.9729631020293,1855.964599609375,129636,0.0,0.0
2021-11-26 00:00:00+00:00,1824.9819464992763,1859.9624328779591,1820.984176627427,1833.9769287109375,417308,0.0,0.0
2021-11-29 00:00:00+00:00,1858.9628544560185,1878.0321714293073,1833.9767945842977,1861.961181640625,271514,0.0,0.0
2021-11-30 00:00:00+00:00,1842.9720783976766,1867.9581423672764,1836.9754230449726,1846.9698486328125,408399,0.0,0.0
2021-12-01 00:00:00+00:00,1838.9740815033783,1862.9606999577702,1816.9863479201858,1848.968505859375,293484,0.0,0.0
2021-12-02 00:00:00+00:00,1830.978608401119,1845.9702454786388,1797.9970068305747,1819.9847412109375,194207,0.0,0.0
2021-12-03 00:00:00+00:00,1773.0109716959455,1839.9736183158036,1773.0109716959455,1800.995361328125,222061,0.0,0.0
2021-12-06 00:00:00+00:00,1849.967961979714,1849.967961979714,1783.0053182991946,1784.0047607421875,153985,0.0,0.0
2021-12-07 00:00:00+00:00,1787.003074852196,1848.968505859375,1787.003074852196,1848.968505859375,568830,0.0,0.0
2021-12-08 00:00:00+00:00,1826.980862290112,1847.9691544717818,1805.9925701084424,1807.991455078125,692850,0.0,0.0
2021-12-09 00:00:00+00:00,1819.984731810509,1823.9825016771986,1787.0031304103186,1803.99365234375,171453,0.0,0.0
2021-12-10 00:00:00+00:00,1792.9998438054865,1795.998171303489,1758.019356328791,1759.018798828125,228737,0.0,0.0
2021-12-13 00:00:00+00:00,1725.0376664419023,1777.0086737738716,1725.0376664419023,1763.0164794921875,199437,0.0,0.0
2021-12-14 00:00:00+00:00,1769.0133306715222,1772.0116583506267,1725.0378580446595,1727.0367431640625,639648,0.0,0.0
2021-12-15 00:00:00+00:00,1749.0242988832536,1754.0215111657772,1721.0399101011214,1735.0321044921875,464661,0.0,0.0
2021-12-16 00:00:00+00:00,1769.013114382984,1769.9326453462984,1731.0343017578125,1731.0343017578125,214760,0.0,0.0
2021-12-17 00:00:00+00:00,1771.0120664399246,1771.0120664399246,1712.0449603902882,1739.0299072265625,223972,0.0,0.0
2021-12-20 00:00:00+00:00,1699.0521599264705,1741.0287427011247,1699.0521599264705,1733.033203125,296743,0.0,0.0
2021-12-21 00:00:00+00:00,1759.0187033314187,1765.3672124954696,1733.0331997594774,1740.029296875,164065,0.0,0.0
2021-12-22 00:00:00+00:00,1722.0393292766325,1785.0042031851804,1722.0393292766325,1784.0047607421875,158806,0.0,0.0
2021-12-23 00:00:00+00:00,1737.0309306236454,1794.9985911392791,1737.0309306236454,1787.0030517578125,83517,0.0,0.0
2021-12-24 00:00:00+00:00,1796.9976519054717,1845.9703354112382,1782.006014097584,1786.0037841796875,19004,0.0,0.0
2021-12-29 00:00:00+00:00,1816.986351241305,1816.986351241305,1788.0025205559377,1804.9930419921875,190881,0.0,0.0
2021-12-30 00:00:00+00:00,1836.97524663706,1836.97524663706,1795.9981056620222,1817.98583984375,91356,0.0,0.0
2021-12-31 00:00:00+00:00,1817.9857770492654,1820.7342437270474,1800.9952557684312,1802.994140625,43314,0.0,0.0
2022-01-04 00:00:00+00:00,1822.9831305707303,1825.9814580881164,1738.030517578125,1738.030517578125,374449,0.0,0.0
2022-01-05 00:00:00+00:00,1721.0398114905834,1753.0219682662505,1713.0442722966666,1723.0386962890625,230734,0.0,0.0
2022-01-06 00:00:00+00:00,1702.050655110677,1705.048982747396,1637.4846170286337,1649.0802001953125,640829,0.0,0.0
2022-01-07 00:00:00+00:00,1646.081774365771,1661.0734116550766,1631.0901370764652,1637.0867919921875,273704,0.0,0.0
2022-01-10 00:00:00+00:00,1643.0834319667567,1643.0834319667567,1580.7561397113564,1598.1085205078125,258785,0.0,0.0
2022-01-11 00:00:00+00:00,1614.0995107511194,1659.074419719417,1594.110662320765,1639.0855712890625,645090,0.0,0.0
2022-01-12 00:00:00+00:00,1653.0778663444746,1699.0522205475254,1647.0812114484245,1681.062255859375,644370,0.0,0.0
2022-01-13 00:00:00+00:00,1676.0650071865728,1696.053856407641,1668.0694674981455,1684.060546875,495059,0.0,0.0
2022-01-14 00:00:00+00:00,1676.064852594833,1691.0564881278815,1666.0704289061339,1680.0626220703125,450142,0.0,0.0
2022-01-17 00:00:00+00:00,1669.0688770724953,1717.0421142578125,1669.0688770724953,1717.0421142578125,245330,0.0,0.0
2022-01-18 00:00:00+00:00,1717.0421552401258,1718.0415977053412,1642.991423114626,1670.068359375,795152,0.0,0.0
2022-01-19 00:00:00+00:00,1639.085521820335,1722.0392403027058,1639.085521820335,1714.043701171875,391694,0.0,0.0
2022-01-20 00:00:00+00:00,1746.0259915973877,1746.0259915973877,1704.0494079413545,1730.034912109375,336468,0.0,0.0
2022-01-21 00:00:00+00:00,1697.0534872741157,1721.0401090023718,1691.0568318420517,1692.0562744140625,296980,0.0,0.0
2022-01-24 00:00:00+00:00,1723.038904724121,1723.038904724121,1599.1080322265625,1599.1080322265625,415397,0.0,0.0
2022-01-25 00:00:00+00:00,1616.0983340066116,1620.735761305997,1573.0223916812195,1580.118408203125,302290,0.0,0.0
2022-01-26 00:00:00+00:00,1614.0994975582944,1650.0794244388508,1609.1022854915504,1630.090576171875,190748,0.0,0.0
2022-01-27 00:00:00+00:00,1615.0991577224117,1617.0980428186028,1583.116996183354,1612.100830078125,242068,0.0,0.0
2022-01-28 00:00:00+00:00,1622.095099601485,1622.095099601485,1577.1201892613328,1608.1029052734375,480994,0.0,0.0
2022-01-31 00:00:00+00:00,1604.1052220073889,1641.0845947265625,1604.1052220073889,1641.0845947265625,723365,0.0,0.0
2022-02-01 00:00:00+00:00,1659.0745121290704,1697.0533262621454,1649.0800873572084,1665.0711669921875,380932,0.0,0.0
2022-02-02 00:00:00+00:00,1705.048828856398,1705.048828856398,1666.070573097078,1668.0694580078125,233989,0.0,0.0
2022-02-03 00:00:00+00:00,1649.0801582336426,1662.0729109954832,1599.1080322265625,1599.1080322265625,249192,0.0,0.0
2022-02-04 00:00:00+00:00,1641.084472344846,1641.084472344846,1565.126847559092,1567.125732421875,467248,0.0,0.0
2022-02-07 00:00:00+00:00,1610.1019163667486,1611.1013588970818,1578.9692571464177,1601.10693359375,199423,0.0,0.0
2022-02-08 00:00:00+00:00,1572.1230718875215,1598.8810955170638,1572.1230718875215,1590.113037109375,249772,0.0,0.0
2022-02-09 00:00:00+00:00,1586.1152198626162,1639.0856714396286,1586.1152198626162,1614.099609375,133649,0.0,0.0
2022-02-10 00:00:00+00:00,1582.1173527480212,1624.093934438114,1568.1251588513237,1602.106201171875,196251,0.0,0.0
2022-02-11 00:00:00+00:00,1585.115620120276,1592.1117168042872,1569.1245419853929,1580.118408203125,179768,0.0,0.0
2022-02-14 00:00:00+00:00,1603.1056871999072,1603.1056871999072,1519.1525215360716,1548.1363525390625,244130,0.0,0.0
2022-02-15 00:00:00+00:00,1531.145856495792,1591.112404400327,1531.145856495792,1566.1263427734375,229067,0.0,0.0
2022-02-16 00:00:00+00:00,1577.120176699706,1577.120176699706,1548.6960921522066,1562.1285400390625,189396,0.0,0.0
2022-02-17 00:00:00+00:00,1602.106379307054,1602.106379307054,1534.144287109375,1534.144287109375,291501,0.0,0.0
2022-02-18 00:00:00+00:00,1530.1463590505375,1546.1374379171662,1524.1497044755517,1537.1424560546875,223607,0.0,0.0
2022-02-21 00:00:00+00:00,1564.1272943670099,1564.1272943670099,1515.154618696733,1539.1412353515625,126054,0.0,0.0
2022-02-22 00:00:00+00:00,1520.1520032380756,1557.131374782986,1504.1609236510874,1538.1419677734375,396480,0.0,0.0
2022-02-23 00:00:00+00:00,1538.14217245618,1575.1215489219883,1518.1533203125,1518.1533203125,149866,0.0,0.0
2022-02-24 00:00:00+00:00,1462.1844723100683,1493.1671918190307,1439.1972933195477,1480.1744384765625,602756,0.0,0.0
2022-02-25 00:00:00+00:00,1484.1719814099763,1526.1485627023796,1484.1719814099763,1519.1524658203125,934500,0.0,0.0
2022-02-28 00:00:00+00:00,1472.1787388303314,1568.1252146807806,1472.1787388303314,1557.13134765625,892067,0.0,0.0
2022-03-01 00:00:00+00:00,1552.134008597329,1561.1289899736175,1515.211615764541,1527.14794921875,262543,0.0,0.0
2022-03-02 00:00:00+00:00,1554.1331623629235,1592.111979192371,1533.1448688519129,1582.1175537109375,500415,0.0,0.0
2022-03-03 00:00:00+00:00,1570.1242349360311,1595.1102985091698,1536.1431884765625,1536.1431884765625,751288,0.0,0.0
2022-03-04 00:00:00+00:00,1579.119066284602,1579.119066284602,1444.1943359375,1444.1943359375,1203536,0.0,0.0
2022-03-07 00:00:00+00:00,1415.2105337289663,1491.168161245493,1394.3721826857386,1455.188232421875,726371,0.0,0.0
2022-03-08 00:00:00+00:00,1424.2056554141002,1489.1694221522873,1424.2056554141002,1450.191162109375,867987,0.0,0.0
2022-03-09 00:00:00+00:00,1470.1799179885495,1529.1470255081447,1465.1827054868888,1528.1475830078125,598323,0.0,0.0
2022-03-10 00:00:00+00:00,1552.1340888956813,1552.1340888956813,1498.1641978458638,1507.1591796875,124758,0.0,0.0
2022-03-11 00:00:00+00:00,1501.1626068235857,1542.139748554456,1491.106204865125,1517.1536865234375,268980,0.0,0.0
2022-03-14 00:00:00+00:00,1548.1363525390625,1562.1285468163685,1509.1580970522818,1548.1363525390625,164110,0.0,0.0
2022-03-15 00:00:00+00:00,1515.1548628735527,1552.1342361758755,1515.1548628735527,1532.1453857421875,191396,0.0,0.0
2022-03-16 00:00:00+00:00,1562.128722461302,1615.9987008864923,1556.0831441882146,1607.1036376953125,476965,0.0,0.0
2022-03-17 00:00:00+00:00,1588.1140977497698,1635.0878942219153,1588.1140977497698,1628.091796875,459354,0.0,0.0
2022-03-18 00:00:00+00:00,1676.065038227952,1740.6410762306264,1656.3760701814538,1725.0377197265625,1018211,0.0,0.0
2022-03-21 00:00:00+00:00,1766.014865096327,1766.014865096327,1709.0466436416068,1718.0416259765625,501799,0.0,0.0
2022-03-22 00:00:00+00:00,1783.0053874973753,1920.928449983159,1759.0187679346304,1785.0042724609375,1038730,0.0,0.0
2022-03-23 00:00:00+00:00,1779.0075752716236,1799.9958668899967,1751.832793399202,1765.015380859375,443328,0.0,0.0
2022-03-24 00:00:00+00:00,1760.0182973442347,1776.0093778425355,1680.0628948527306,1691.0567626953125,601673,0.0,0.0
2022-03-25 00:00:00+00:00,1693.055716986073,1717.6000110772027,1673.0668655458596,1692.0562744140625,283297,0.0,0.0
2022-03-28 00:00:00+01:00,1699.0522787604534,1722.0394566495654,1687.0589685574384,1703.050048828125,598550,0.0,0.0
2022-03-29 00:00:00+01:00,1725.03765357906,1777.0086605235042,1716.042671607906,1754.021484375,220393,0.0,0.0
2022-03-30 00:00:00+01:00,1735.0319989975906,1760.018058890989,1727.036459831703,1737.0308837890625,242602,0.0,0.0
2022-03-31 00:00:00+01:00,1747.0255195725133,1756.0205022247744,1701.051163794289,1703.050048828125,146725,0.0,0.0
2022-04-01 00:00:00+01:00,1669.0688381274024,1710.0459772670572,1669.0688381274024,1690.05712890625,343116,0.0,0.0
2022-04-04 00:00:00+01:00,1712.0451335873502,1724.0384445056502,1686.979157688919,1708.04736328125,136467,0.0,0.0
2022-04-05 00:00:00+01:00,1696.0538765316917,1712.044956098284,1656.0761776152112,1679.0633544921875,211674,0.0,0.0
2022-04-06 00:00:00+01:00,1683.0610372884826,1690.2469697357785,1591.1123345387555,1602.106201171875,313140,0.0,0.0
2022-04-07 00:00:00+01:00,1605.1778242323135,1633.1634899100873,1570.1957421350962,1583.1890869140625,218247,7.2999997,0.0
2022-04-08 00:00:00+01:00,1592.1842524112421,1601.1796436678028,1543.209344458856,1553.2042236328125,246828,0.0,0.0
2022-04-11 00:00:00+01:00,1555.2032457853618,1558.2017096268503,1515.2237278988487,1519.2216796875,452397,0.0,0.0
2022-04-12 00:00:00+01:00,1520.2213409162307,1523.2198050994975,1495.234139389008,1516.223388671875,153717,0.0,0.0
2022-04-13 00:00:00+01:00,1524.2191842180455,1524.2191842180455,1477.24324870444,1496.2335205078125,204591,0.0,0.0
2022-04-14 00:00:00+01:00,1495.2341035156248,1508.2274479980467,1486.2387111816406,1499.2320556640625,170045,0.0,0.0
2022-04-19 00:00:00+01:00,1469.2473447872308,1496.2335205078125,1467.2483688079283,1496.2335205078125,276748,0.0,0.0
2022-04-20 00:00:00+01:00,1494.2343929944286,1506.2282476539156,1475.2441231169073,1505.228759765625,208031,0.0,0.0
2022-04-21 00:00:00+01:00,1465.2491977772813,1532.2148841695582,1465.2491977772813,1503.229736328125,189083,0.0,0.0
2022-04-22 00:00:00+01:00,1484.2398130566341,1517.2229200134482,1481.2413487878327,1492.2357177734375,204264,0.0,0.0
2022-04-25 00:00:00+01:00,1478.2426519948833,1494.234458913016,1445.2595502262348,1477.2431640625,477045,0.0,0.0
2022-04-26 00:00:00+01:00,1511.2258697660097,1511.2258697660097,1420.2724609375,1420.2724609375,223961,0.0,0.0
2022-04-27 00:00:00+01:00,1399.2831318226556,1428.2682824104106,1395.7949286332366,1396.28466796875,151349,0.0,0.0
2022-04-28 00:00:00+01:00,1390.2877445167521,1439.2626542804624,1390.2877445167521,1427.268798828125,210246,0.0,0.0
2022-04-29 00:00:00+01:00,1410.2775843561033,1446.25915277341,1410.2775843561033,1415.2750244140625,168790,0.0,0.0
2022-05-03 00:00:00+01:00,1384.2908190099472,1430.2672649842848,1384.2908190099472,1386.289794921875,303311,0.0,0.0
2022-05-04 00:00:00+01:00,1391.2874162323158,1407.619017401473,1342.3125,1342.3125,259229,0.0,0.0
2022-05-05 00:00:00+01:00,1366.299959508384,1380.2927901105184,1306.330685499238,1311.328125,1116710,0.0,0.0
2022-05-06 00:00:00+01:00,1329.318989445613,1329.318989445613,1262.3532959923377,1299.3343505859375,851256,0.0,0.0
2022-05-09 00:00:00+01:00,1318.3247977643969,1318.3247977643969,1251.3590953760613,1265.3519287109375,735294,0.0,0.0
2022-05-10 00:00:00+01:00,1249.3598722738907,1292.3378518801126,1249.3598722738907,1275.3465576171875,584071,0.0,0.0
2022-05-11 00:00:00+01:00,1303.3324842475233,1303.3324842475233,1259.3550077851835,1286.3411865234375,783321,0.0,0.0
2022-05-12 00:00:00+01:00,1258.355492766932,1305.3314325286842,1253.3580523667458,1290.339111328125,350624,0.0,0.0
2022-05-13 00:00:00+01:00,1312.3277717400888,1328.319580078125,1298.3349394443073,1328.319580078125,336196,0.0,0.0
2022-05-16 00:00:00+01:00,1324.3215636279447,1326.3205395730433,1299.3343643142098,1315.326171875,209411,0.0,0.0
2022-05-17 00:00:00+01:00,1344.3114761727477,1361.302773641102,1317.3252978406554,1342.3125,187043,0.0,0.0
2022-05-18 00:00:00+01:00,1311.328125,1356.30508050686,1309.3291491996952,1311.328125,121629,0.0,0.0
2022-05-19 00:00:00+01:00,1299.3342701981708,1315.32607660061,1278.3450242949696,1311.328125,191995,0.0,0.0
2022-05-20 00:00:00+01:00,1283.3425732679445,1349.3087803050819,1283.3425732679445,1326.320556640625,126658,0.0,0.0
2022-05-23 00:00:00+01:00,1325.3209930642677,1373.29641362768,1324.3215051358634,1369.2984619140625,234034,0.0,0.0
2022-05-24 00:00:00+01:00,1361.3027696920785,1372.2971386102965,1343.31198418954,1347.3099365234375,287356,0.0,0.0
2022-05-25 00:00:00+01:00,1441.2616609408033,1449.2575647463002,1388.7885422172303,1418.2734375,385969,0.0,0.0
2022-05-26 00:00:00+01:00,1399.2831826376748,1436.2642381788132,1399.2831826376748,1429.267822265625,253405,0.0,0.0
2022-05-27 00:00:00+01:00,1464.2498983456283,1464.2498983456283,1408.278571173372,1434.2652587890625,105293,0.0,0.0
2022-05-30 00:00:00+01:00,1470.2468470110816,1471.2463350104094,1436.2642550339392,1440.26220703125,125378,0.0,0.0
2022-05-31 00:00:00+01:00,1404.2805524797982,1438.2631423618716,1403.28106454209,1426.269287109375,548252,0.0,0.0
2022-06-01 00:00:00+01:00,1431.266895648918,1440.262288149505,1384.2909570347426,1397.2843017578125,271858,0.0,0.0
2022-06-06 00:00:00+01:00,1409.2780692946744,1433.2657811124561,1405.280117325044,1419.27294921875,197489,0.0,0.0
2022-06-07 00:00:00+01:00,1407.2791106630823,1408.2785986678148,1375.2954945116487,1394.2857666015625,502190,0.0,0.0
2022-06-08 00:00:00+01:00,1399.2831589588568,1403.660921150769,1381.2923754865287,1392.2867431640625,82286,0.0,0.0
2022-06-09 00:00:00+01:00,1387.2894401800345,1389.2884163186225,1362.3022384476853,1372.297119140625,149987,0.0,0.0
2022-06-10 00:00:00+01:00,1335.3159039121686,1360.3031027129202,1314.326656919537,1319.3240966796875,238118,0.0,0.0
2022-06-13 00:00:00+01:00,1302.332709461122,1304.3316852239172,1261.3537063238189,1269.349609375,161582,0.0,0.0
2022-06-14 00:00:00+01:00,1299.334331978252,1299.334331978252,1252.3583984375,1252.3583984375,346092,0.0,0.0
2022-06-15 00:00:00+01:00,1270.3492329124344,1288.340016698763,1258.355377054882,1285.341552734375,275347,0.0,0.0
2022-06-16 00:00:00+01:00,1251.3589342229864,1279.3445972886761,1245.3620064231957,1253.35791015625,401310,0.0,0.0
2022-06-17 00:00:00+01:00,1281.3434732696155,1303.3322068202642,1253.357812386972,1295.3363037109375,277759,0.0,0.0
2022-06-20 00:00:00+01:00,1332.317567078333,1332.317567078333,1297.3354854221127,1314.3267822265625,225069,0.0,0.0
2022-06-21 00:00:00+01:00,1287.3404272687694,1322.322504096725,1282.3429877219185,1291.33837890625,92732,0.0,0.0
2022-06-22 00:00:00+01:00,1279.3447619506555,1307.330428618326,1258.3555119499024,1296.3360595703125,418401,0.0,0.0
2022-06-23 00:00:00+01:00,1259.3549614694796,1300.3339721204704,1253.3580330815296,1284.3421630859375,257693,0.0,0.0
2022-06-24 00:00:00+01:00,1315.3262218251946,1348.309326171875,1286.341069520536,1348.309326171875,177937,0.0,0.0
2022-06-27 00:00:00+01:00,1347.3097636733207,1380.2928661964806,1342.3123238970843,1350.3082275390625,184237,0.0,0.0
2022-06-28 00:00:00+01:00,1322.3225880459215,1382.2918664153513,1322.3225880459215,1351.3077392578125,176120,0.0,0.0
2022-06-29 00:00:00+01:00,1344.3111171492612,1349.3085562464703,1324.3213607604246,1327.31982421875,185698,0.0,0.0
2022-06-30 00:00:00+01:00,1296.336043998701,1323.3222222469392,1289.3396274158245,1316.3258056640625,139517,0.0,0.0
2022-07-01 00:00:00+01:00,1288.3400805607678,1314.3267695402712,1267.3508317696305,1298.3349609375,228920,0.0,0.0
2022-07-04 00:00:00+01:00,1300.3339001064926,1313.5011053618957,1279.3046333482039,1281.3436279296875,101815,0.0,0.0
2022-07-05 00:00:00+01:00,1279.3448055773763,1297.335591905808,1247.361185437942,1272.348388671875,96690,0.0,0.0
2022-07-06 00:00:00+01:00,1303.3322690734399,1316.325612246718,1289.3394379637557,1313.3271484375,177295,0.0,0.0
2022-07-07 00:00:00+01:00,1340.313484082985,1342.312460196457,1314.3267946078488,1330.318603515625,186227,0.0,0.0
2022-07-08 00:00:00+01:00,1329.3191705935847,1330.2187342835211,1297.3355514514835,1322.32275390625,257056,0.0,0.0
2022-07-11 00:00:00+01:00,1312.327681015477,1320.3235846317175,1290.7187563728992,1319.3240966796875,464346,0.0,0.0
2022-07-12 00:00:00+01:00,1307.3301583749276,1309.3291341522593,1268.3501307169597,1295.3363037109375,257643,0.0,0.0
2022-07-13 00:00:00+01:00,1269.3497753217991,1301.33339170786,1246.3615510443176,1276.34619140625,274699,0.0,0.0
2022-07-14 00:00:00+01:00,1259.3549689797794,1287.6155185780922,1259.3549689797794,1274.3472900390625,281453,0.0,0.0
2022-07-15 00:00:00+01:00,1272.3482578095386,1323.3221471640447,1272.3482578095386,1318.32470703125,217397,0.0,0.0
2022-07-18 00:00:00+01:00,1344.3111171492612,1344.3111171492612,1318.3244338437735,1327.31982421875,273268,0.0,0.0
2022-07-19 00:00:00+01:00,1314.3267477823433,1328.319580078125,1302.3328915288164,1328.319580078125,111115,0.0,0.0
2022-07-20 00:00:00+01:00,1292.3380009787422,1352.8010473902937,1292.3380009787422,1343.3118896484375,130221,0.0,0.0
2022-07-21 00:00:00+01:00,1354.3061803310316,1389.2882587897666,1350.148276272036,1386.289794921875,155923,0.0,0.0
2022-07-22 00:00:00+01:00,1401.28227315015,1401.28227315015,1372.297119140625,1372.297119140625,85414,0.0,0.0
2022-07-25 00:00:00+01:00,1367.2997101814517,1399.2833291330646,1361.3027816280241,1363.3017578125,83298,0.0,0.0
2022-07-26 00:00:00+01:00,1367.2996780691133,1370.298142275405,1336.3155479374302,1341.31298828125,122101,0.0,0.0
2022-07-27 00:00:00+01:00,1339.3138835839266,1359.3036430404031,1329.3190038556884,1351.3077392578125,132312,0.0,0.0
2022-07-28 00:00:00+01:00,1362.3021608214449,1379.29345703125,1352.30728069803,1379.29345703125,150404,0.0,0.0
2022-07-29 00:00:00+01:00,1359.303686435932,1399.283206625224,1359.303686435932,1394.2857666015625,297984,0.0,0.0
2022-08-01 00:00:00+01:00,1395.2852676791726,1414.2755399470125,1392.286803636882,1410.277587890625,66435,0.0,0.0
2022-08-02 00:00:00+01:00,1377.2944748848897,1397.2842350428707,1346.3103466400191,1353.3067626953125,151742,0.0,0.0
2022-08-03 00:00:00+01:00,1359.303606229486,1374.2959254158404,1332.0975736278544,1370.2979736328125,294227,0.0,0.0
2022-08-04 00:00:00+01:00,1385.2903704204932,1450.2570905340083,1383.2913944170002,1435.2647705078125,518438,0.0,0.0
2022-08-05 00:00:00+01:00,1460.2519498811735,1460.2519498811735,1419.2729423896415,1429.267822265625,270687,0.0,0.0
2022-08-08 00:00:00+01:00,1465.2493933319627,1465.2493933319627,1416.2744818222313,1424.2703857421875,126423,0.0,0.0
2022-08-09 00:00:00+01:00,1416.2744717068142,1426.2693515353733,1354.3062167697483,1367.299560546875,161396,0.0,0.0
2022-08-10 00:00:00+01:00,1336.3154458489216,1420.2724372111577,1326.320565924846,1419.27294921875,132191,0.0,0.0
2022-08-11 00:00:00+01:00,1426.2693312896345,1435.264723007649,1417.27393957162,1433.2657470703125,101194,0.0,0.0
2022-08-12 00:00:00+01:00,1437.2636989449857,1437.2636989449857,1418.2734275402884,1433.2657470703125,63132,0.0,0.0
2022-08-15 00:00:00+01:00,1458.253053902407,1479.2423027933942,1412.2766039507203,1422.271484375,88303,0.0,0.0
2022-08-16 00:00:00+01:00,1449.2576216264204,1449.2576216264204,1352.3072841796875,1374.2960205078125,148619,0.0,0.0
2022-08-17 00:00:00+01:00,1377.2945214843749,1383.2914497346699,1314.3267748562794,1324.3216552734375,226985,0.0,0.0
2022-08-18 00:00:00+01:00,1320.3236220023841,1337.3149176678198,1310.3287421991865,1336.3154296875,398349,0.0,0.0
2022-08-19 00:00:00+01:00,1321.3230725837475,1337.3148798162285,1312.327681015477,1319.3240966796875,201955,0.0,0.0
2022-08-22 00:00:00+01:00,1293.3375190229447,1314.326767786068,1267.350830078125,1267.350830078125,155065,0.0,0.0
2022-08-23 00:00:00+01:00,1265.3518101255825,1299.359413784272,1241.864818148628,1260.3543701171875,1321855,0.0,0.0
2022-08-24 00:00:00+01:00,1251.359068745196,1302.760719945484,1251.359068745196,1300.333984375,298458,0.0,0.0
2022-08-25 00:00:00+01:00,1300.3337786707784,1323.322000737979,1297.3353149228826,1317.3250732421875,144377,0.0,0.0
2022-08-26 00:00:00+01:00,1343.3116508152175,1345.3106264860735,1287.34033203125,1287.34033203125,265268,0.0,0.0
2022-08-30 00:00:00+01:00,1281.3436007818575,1313.3272164019975,1270.3492329124344,1285.341552734375,319959,0.0,0.0
2022-08-31 00:00:00+01:00,1316.3255493729202,1316.3255493729202,1287.3404006016108,1295.3363037109375,389743,0.0,0.0
2022-09-01 00:00:00+01:00,1297.3353547321153,1297.3353547321153,1209.3804154282432,1216.3768310546875,182504,0.0,0.0
2022-09-02 00:00:00+01:00,1216.3767516609253,1277.3455124261811,1216.3767516609253,1269.349609375,360067,0.0,0.0
2022-09-05 00:00:00+01:00,1246.3615415536674,1270.3492536605543,1239.365125522492,1255.35693359375,184937,0.0,0.0
2022-09-06 00:00:00+01:00,1227.3712660617814,1284.3420821574828,1227.3712660617814,1260.3543701171875,375282,0.0,0.0
2022-09-07 00:00:00+01:00,1252.358482600758,1276.3461949570374,1251.358994585913,1271.3487548828125,135345,0.0,0.0
2022-09-08 00:00:00+01:00,1302.332721484375,1302.332721484375,1233.36805703125,1249.35986328125,249995,0.0,0.0
2022-09-09 00:00:00+01:00,1279.3446554424431,1285.3415835148296,1254.357455140833,1276.34619140625,346343,0.0,0.0
2022-09-12 00:00:00+01:00,1269.3498496859681,1287.3406349571078,1265.3518974034928,1274.3472900390625,612372,0.0,0.0
2022-09-13 00:00:00+01:00,1274.3472164624357,1294.33697672067,1236.3666719717905,1240.3646240234375,466445,0.0,0.0
2022-09-14 00:00:00+01:00,1219.3753458994029,1244.3625456104562,1194.3881461883495,1213.37841796875,326479,0.0,0.0
2022-09-15 00:00:00+01:00,1189.390598214052,1222.3736988367946,1189.390598214052,1193.3885498046875,420589,0.0,0.0
2022-09-16 00:00:00+01:00,1193.388531746949,1194.388019629484,1169.200973792718,1182.3941650390625,1116382,0.0,0.0
2022-09-20 00:00:00+01:00,1171.3998248979537,1192.3890709072175,1165.4028974667356,1178.396240234375,327578,0.0,0.0
2022-09-21 00:00:00+01:00,1171.3998454806172,1191.3896039359176,1166.402405866792,1184.3931884765625,519093,0.0,0.0
2022-09-22 00:00:00+01:00,1189.390741197514,1190.390229215327,1162.404564716562,1163.404052734375,479017,0.0,0.0
2022-09-23 00:00:00+01:00,1139.4163671033136,1166.4025442189184,1127.4225106074894,1159.4061279296875,515807,0.0,0.0
2022-09-26 00:00:00+01:00,1169.400966747387,1197.386630908863,1160.4055746954841,1183.393798828125,250617,0.0,0.0
2022-09-27 00:00:00+01:00,1188.3911316075955,1201.3844745099493,1156.4075183094935,1158.406494140625,231904,0.0,0.0
2022-09-28 00:00:00+01:00,1152.4097509807286,1175.3979767158169,1141.415382150904,1171.4000244140625,549355,0.0,0.0
2022-09-29 00:00:00+01:00,1160.4055342338454,1165.402974088427,1125.803265561035,1135.4183349609375,297800,0.0,0.0
2022-09-30 00:00:00+01:00,1110.4313072396926,1194.3883097672663,1110.4313072396926,1189.390869140625,555463,0.0,0.0
2022-10-03 00:00:00+01:00,1178.396134406054,1202.3838419766605,1172.3992075134022,1194.387939453125,399591,0.0,0.0
2022-10-04 00:00:00+01:00,1179.3958918045469,1233.3682461752635,1179.3958918045469,1221.3743896484375,203527,0.0,0.0
2022-10-05 00:00:00+01:00,1205.3824937833067,1227.3712291591214,1193.5485903614183,1207.3814697265625,535538,0.0,0.0
2022-10-06 00:00:00+01:00,1214.3778488047258,1229.3701679257717,1187.3916743868429,1226.3717041015625,379844,0.0,0.0
2022-10-07 00:00:00+01:00,1217.3761697972075,1224.372584566157,1165.4028029421543,1174.398193359375,218629,0.0,0.0
2022-10-10 00:00:00+01:00,1151.4100787316652,1176.3972766208074,1151.4100787316652,1158.406494140625,171477,0.0,0.0
2022-10-11 00:00:00+01:00,1135.4182635287953,1158.406485413621,1122.4249207243283,1132.4197998046875,224790,0.0,0.0
2022-10-12 00:00:00+01:00,1124.4239841464616,1141.415279906897,1100.4362724846703,1110.43115234375,367474,0.0,0.0
2022-10-13 00:00:00+01:00,1099.4369207643995,1124.4241235090449,1058.457908263181,1121.4256591796875,391792,0.0,0.0
2022-10-14 00:00:00+01:00,1149.4111515059242,1149.4111515059242,1076.4485305842438,1083.4449462890625,536750,0.0,0.0
2022-10-17 00:00:00+01:00,1068.4525794337503,1131.4203179784895,1068.4525794337503,1122.4249267578125,346862,0.0,0.0
2022-10-18 00:00:00+01:00,1132.4198743852232,1148.4116819670094,1126.4229465420535,1130.4208984375,359774,0.0,0.0
2022-10-19 00:00:00+01:00,1138.4167122016981,1138.4167122016981,1104.434123777767,1116.427978515625,729555,0.0,0.0
2022-10-20 00:00:00+01:00,1102.4352351693744,1145.4132180454244,1102.4352351693744,1130.4208984375,491665,0.0,0.0
2022-10-21 00:00:00+01:00,1137.4172858671236,1141.41523766279,1098.437255859375,1098.437255859375,1616054,0.0,0.0
2022-10-24 00:00:00+01:00,1103.4347063337054,1153.4091042654854,1092.4403387887137,1119.426513671875,565790,0.0,0.0
2022-10-25 00:00:00+01:00,1140.4158602066425,1192.389238585911,1090.4414579188842,1185.392822265625,889710,0.0,0.0
2022-10-26 00:00:00+01:00,1148.4114374178591,1193.3883866639894,1148.4114374178591,1176.3970947265625,608024,0.0,0.0
2022-10-27 00:00:00+01:00,1180.39537679738,1193.3887213345233,1155.4081757644128,1159.4061279296875,977752,0.0,0.0
2022-10-28 00:00:00+01:00,1169.4009434002423,1169.4009434002423,1125.4234720245067,1146.4127197265625,259606,0.0,0.0
2022-10-31 00:00:00+00:00,1122.4249775477817,1155.4080801827567,1115.4285618373326,1119.426513671875,408638,0.0,0.0
2022-11-01 00:00:00+00:00,1130.4208588042818,1173.3988401734985,1130.4208588042818,1154.4085693359375,348727,0.0,0.0
2022-11-02 00:00:00+00:00,1126.4228978866186,1180.39524614383,1126.4228978866186,1169.40087890625,432889,0.0,0.0
2022-11-03 00:00:00+00:00,1178.396270282452,1178.396270282452,1148.4116323617789,1169.40087890625,560375,0.0,0.0
2022-11-04 00:00:00+00:00,1192.3891298925619,1205.3824733029587,1169.4009069357062,1201.384521484375,367406,0.0,0.0
2022-11-07 00:00:00+00:00,1207.3815171423037,1216.3769092402183,1185.4428041066267,1209.3804931640625,597983,0.0,0.0
2022-11-08 00:00:00+00:00,1187.3917399418017,1234.36767578125,1187.3917399418017,1234.36767578125,184958,0.0,0.0
2022-11-09 00:00:00+00:00,1259.3549071867353,1259.3549071867353,1214.3779462157804,1225.372314453125,240423,0.0,0.0
2022-11-10 00:00:00+00:00,1194.5108190076105,1275.4776611328125,1171.520234206627,1275.4776611328125,881132,12.6,0.0
2022-11-11 00:00:00+00:00,1289.4720171482866,1315.4613756334459,1272.8087960691296,1294.469970703125,389337,0.0,0.0
2022-11-14 00:00:00+00:00,1269.4803360771161,1309.4639687094661,1269.4803360771161,1300.4676513671875,252396,0.0,0.0
2022-11-15 00:00:00+00:00,1274.4782274218146,1311.4630857862123,1274.4782274218146,1290.4716796875,437596,0.0,0.0
2022-11-16 00:00:00+00:00,1309.4639674280775,1309.4639674280775,1237.4934287602746,1246.48974609375,574207,0.0,0.0
2022-11-17 00:00:00+00:00,1243.490787682541,1256.4854663319566,1234.494471694484,1253.4866943359375,335384,0.0,0.0
2022-11-18 00:00:00+00:00,1259.4842529296875,1260.4838436066157,1221.499807206411,1259.4842529296875,274195,0.0,0.0
2022-11-21 00:00:00+00:00,1270.4797079152074,1279.4760237068965,1245.489941827182,1275.4776611328125,364765,0.0,0.0
2022-11-22 00:00:00+00:00,1249.4883533517047,1283.4744365628712,1249.4883533517047,1262.4830322265625,368080,0.0,0.0
2022-11-23 00:00:00+00:00,1296.4690582985102,1298.4682395757632,1261.4833859465843,1289.471923828125,295276,0.0,0.0
2022-11-24 00:00:00+00:00,1295.4694614527416,1312.4625022279704,1288.4723270158827,1303.4661865234375,134940,0.0,0.0
2022-11-25 00:00:00+00:00,1269.4800758952326,1298.4682036125255,1269.4800758952326,1291.4710693359375,169464,0.0,0.0
2022-11-28 00:00:00+00:00,1294.4700427539215,1299.4679965869482,1270.4798643553931,1290.4716796875,298847,0.0,0.0
2022-11-29 00:00:00+00:00,1282.4750253815196,1312.4627500591855,1278.476662091164,1286.473388671875,445420,0.0,0.0
2022-11-30 00:00:00+00:00,1294.4701103083996,1301.4672460397962,1263.4827949264995,1266.4815673828125,590885,0.0,0.0
2022-12-01 00:00:00+00:00,1281.4752773033715,1311.4629983011102,1273.9084293938956,1305.4654541015625,264012,0.0,0.0
2022-12-02 00:00:00+00:00,1322.4584085663405,1325.4571804678515,1289.4719176497197,1303.4661865234375,206472,0.0,0.0
2022-12-05 00:00:00+00:00,1315.46150849556,1315.46150849556,1279.4762392661983,1280.475830078125,139512,0.0,0.0
2022-12-06 00:00:00+00:00,1281.47536601405,1282.4749567831716,1238.492962941816,1239.4925537109375,183905,0.0,0.0
2022-12-07 00:00:00+00:00,1245.4898351639533,1245.4898351639533,1214.5025278685418,1216.501708984375,268959,0.0,0.0
2022-12-08 00:00:00+00:00,1198.5091836951685,1223.4989498272614,1191.5120491781827,1193.51123046875,149085,0.0,0.0
2022-12-09 00:00:00+00:00,1205.506426172834,1221.4998779296875,1190.5125651507838,1221.4998779296875,301839,0.0,0.0
2022-12-12 00:00:00+00:00,1184.5149997618141,1241.491670636433,1184.5149997618141,1229.49658203125,482134,0.0,0.0
2022-12-13 00:00:00+00:00,1242.4913101918314,1288.4724849857366,1213.5031782565434,1267.4810791015625,453684,0.0,0.0
2022-12-14 00:00:00+00:00,1240.4921842447918,1276.4774530867035,1221.9997544232538,1274.478271484375,564865,0.0,0.0
2022-12-15 00:00:00+00:00,1239.4924177845223,1271.4793188886392,1239.4924177845223,1250.4879150390625,1183529,0.0,0.0
2022-12-16 00:00:00+00:00,1254.4864175015223,1254.4864175015223,1204.5068789556449,1205.5064697265625,1414709,0.0,0.0
2022-12-19 00:00:00+00:00,1191.5119704497909,1204.506647979864,1176.7680094060538,1194.5107421875,460845,0.0,0.0
2022-12-20 00:00:00+00:00,1209.504818725586,1214.5027725219727,1176.5183236694336,1199.5089111328125,474647,0.0,0.0
2022-12-21 00:00:00+00:00,1181.5162697403985,1224.498672108281,1181.5162697403985,1213.503173828125,609988,0.0,0.0
2022-12-22 00:00:00+00:00,1205.5062957377374,1229.7463684339564,1180.516530071532,1184.514892578125,174421,0.0,0.0
2022-12-23 00:00:00+00:00,1209.504812466896,1209.504812466896,1173.5195453191207,1179.51708984375,70659,0.0,0.0
2022-12-28 00:00:00+00:00,1150.5287967905138,1187.5136495109734,1150.5287967905138,1178.517333984375,142038,0.0,0.0
2022-12-29 00:00:00+00:00,1150.5288602349335,1189.51289633325,1150.5288602349335,1188.5133056640625,98144,0.0,0.0
2022-12-30 00:00:00+00:00,1207.5055574984162,1207.5055574984162,1182.5157901660816,1183.515380859375,139030,0.0,0.0
2023-01-03 00:00:00+00:00,1179.5168983529352,1222.4992938013895,1179.5168983529352,1200.50830078125,392663,0.0,0.0
2023-01-04 00:00:00+00:00,1214.5027427860641,1229.4966038081143,1204.9066961360227,1221.4998779296875,493547,0.0,0.0
2023-01-05 00:00:00+00:00,1204.5068070863258,1234.4945284245746,1204.5068070863258,1226.497802734375,738749,0.0,0.0
2023-01-06 00:00:00+00:00,1249.4884180002775,1249.4884180002775,1219.5006959682707,1238.492919921875,236664,0.0,0.0
2023-01-09 00:00:00+00:00,1263.482615144811,1263.482615144811,1235.4940762017297,1242.4912109375,372222,0.0,0.0
2023-01-10 00:00:00+00:00,1200.5083788938675,1205.5063321781884,1172.5198405016708,1182.5157470703125,986682,0.0,0.0
2023-01-11 00:00:00+00:00,1185.5145414114195,1208.505126953125,1163.5235465454405,1208.505126953125,1173939,0.0,0.0
2023-01-12 00:00:00+00:00,1217.501335238233,1225.498059936021,1194.5107517320923,1214.5025634765625,944760,0.0,0.0
2023-01-13 00:00:00+00:00,1218.5010699103861,1232.4953397863053,1206.5059814453125,1223.4990234375,310976,0.0,0.0
2023-01-16 00:00:00+00:00,1223.4988428897905,1229.6063265562204,1202.507441173544,1216.501708984375,285517,0.0,0.0
2023-01-17 00:00:00+00:00,1216.5018675096328,1253.4867229721276,1211.503914068755,1248.48876953125,419345,0.0,0.0
2023-01-18 00:00:00+00:00,1262.4830462621774,1265.4818183435602,1234.4945068359375,1234.4945068359375,560675,0.0,0.0
2023-01-19 00:00:00+00:00,1249.488374323544,1249.488374323544,1203.5072021484375,1203.5072021484375,1605780,0.0,0.0
2023-01-20 00:00:00+00:00,1213.5031234878006,1226.497802734375,1206.5059885088758,1226.497802734375,535164,0.0,0.0
2023-01-23 00:00:00+00:00,1248.4887470735066,1248.4887470735066,1214.502664286878,1222.4993896484375,523262,0.0,0.0
2023-01-24 00:00:00+00:00,1246.4895441967913,1246.4895441967913,1216.5018246090576,1230.49609375,228584,0.0,0.0
2023-01-25 00:00:00+00:00,1235.494178466797,1237.4933599853516,1191.2022533534466,1199.5089111328125,1430484,0.0,0.0
2023-01-26 00:00:00+00:00,1189.512789291318,1218.5009160891736,1189.512789291318,1194.5107421875,408599,0.0,0.0
2023-01-27 00:00:00+00:00,1199.5087743404522,1199.5087743404522,1172.519826917792,1193.51123046875,366308,0.0,0.0
2023-01-30 00:00:00+00:00,1204.5067642502197,1215.5022616832093,1179.5169973570617,1208.505126953125,260023,0.0,0.0
2023-01-31 00:00:00+00:00,1201.5081066428922,1212.5066556319298,1188.513426620964,1205.5064697265625,191332,0.0,0.0
2023-02-01 00:00:00+00:00,1180.516498087665,1234.4943904642391,1180.516498087665,1220.5001220703125,276197,0.0,0.0
2023-02-02 00:00:00+00:00,1210.5043985304333,1289.4720677987275,1210.5043985304333,1281.475341796875,445389,0.0,0.0
2023-02-03 00:00:00+00:00,1278.4764206775128,1303.4661865234375,1239.49238595787,1303.4661865234375,372868,0.0,0.0
2023-02-06 00:00:00+00:00,1294.4701152525859,1301.477256680563,1278.476662091164,1286.473388671875,231728,0.0,0.0
2023-02-07 00:00:00+00:00,1309.4637798027866,1309.4637798027866,1266.4813809237637,1273.478515625,320552,0.0,0.0
2023-02-08 00:00:00+00:00,1273.4786087763878,1291.4712421813917,1267.4810643080532,1278.4765625,199301,0.0,0.0
2023-02-09 00:00:00+00:00,1290.471701856154,1309.4639267479174,1274.4782493157213,1282.4749755859375,124801,0.0,0.0
2023-02-10 00:00:00+00:00,1275.477725281503,1279.5261163995092,1234.4945068359375,1234.4945068359375,532049,0.0,0.0
2023-02-13 00:00:00+00:00,1234.4944644870043,1257.485049655588,1231.4956925084932,1250.4879150390625,167416,0.0,0.0
2023-02-14 00:00:00+00:00,1279.4761029411766,1280.4756936465992,1238.492884018842,1240.4920654296875,205536,0.0,0.0
2023-02-15 00:00:00+00:00,1241.4917969135383,1276.477475570522,1241.4917969135383,1266.4815673828125,143267,0.0,0.0
2023-02-16 00:00:00+00:00,1301.4671648187968,1301.4671648187968,1254.4863992685023,1267.4810791015625,155520,0.0,0.0
2023-02-17 00:00:00+00:00,1253.48664375,1260.4837781249998,1237.49319375,1249.48828125,183704,0.0,0.0
2023-02-20 00:00:00+00:00,1228.4971114267994,1256.485654242056,1228.4971114267994,1246.48974609375,91021,0.0,0.0
2023-02-21 00:00:00+00:00,1276.4773084962521,1276.4773084962521,1223.499002035562,1231.4957275390625,354277,0.0,0.0
2023-02-22 00:00:00+00:00,1228.496954865368,1228.496954865368,1190.5125087425984,1197.5096435546875,199769,0.0,0.0
2023-02-23 00:00:00+00:00,1196.5101388549804,1218.501135559082,1190.5125942993163,1199.5089111328125,343330,0.0,0.0
2023-02-24 00:00:00+00:00,1220.500325246364,1220.500325246364,1178.5175130757273,1185.5146484375,340238,0.0,0.0
2023-02-27 00:00:00+00:00,1210.504150390625,1212.5033314812783,1182.5156151214776,1210.504150390625,125266,0.0,0.0
2023-02-28 00:00:00+00:00,1182.5157693842407,1211.503898980304,1182.5157693842407,1208.505126953125,474025,0.0,0.0
2023-03-01 00:00:00+00:00,1207.5055721507354,1229.4965676700367,1182.5158045151654,1223.4990234375,690545,0.0,0.0
2023-03-02 00:00:00+00:00,1224.4984494473072,1226.497630589262,1174.5189208984375,1174.5189208984375,696323,0.0,0.0
2023-03-03 00:00:00+00:00,1180.5165875326068,1192.5116756362402,1170.3807234425947,1191.5120849609375,210933,0.0,0.0
2023-03-06 00:00:00+00:00,1194.5109000718298,1209.5047607421875,1181.5162208241866,1209.5047607421875,162680,0.0,0.0
2023-03-07 00:00:00+00:00,1198.509328395078,1212.5035991186235,1185.5146484375,1185.5146484375,385936,0.0,0.0
2023-03-08 00:00:00+00:00,1161.5244282761664,1178.1176099903269,1157.5260653561108,1167.52197265625,176609,0.0,0.0
2023-03-09 00:00:00+00:00,1139.5332561167636,1166.4621676520785,1139.5332561167636,1160.524658203125,127181,0.0,0.0
2023-03-10 00:00:00+00:00,1138.5337182901326,1144.5312620212483,1112.5443621219645,1116.542724609375,261566,0.0,0.0
2023-03-13 00:00:00+00:00,1104.5477368800555,1130.5370953948805,1073.5604248046875,1073.5604248046875,446894,0.0,0.0
2023-03-14 00:00:00+00:00,1076.5592108894286,1102.548569740984,1070.171811513854,1096.551025390625,233403,0.0,0.0
2023-03-15 00:00:00+00:00,1075.5597216751285,1097.5507197019433,1060.5658593841183,1070.561767578125,593305,0.0,0.0
2023-03-16 00:00:00+00:00,1082.556677312799,1102.5484903749004,1061.5652735975923,1097.550537109375,317839,0.0,0.0
2023-03-17 00:00:00+00:00,1090.5535513663076,1121.5408658414274,1090.5535513663076,1109.5457763671875,983541,0.0,0.0
2023-03-20 00:00:00+00:00,1095.5514273106999,1116.5428323960325,1092.0528597964776,1110.5452880859375,304830,0.0,0.0
2023-03-21 00:00:00+00:00,1114.5437578551484,1126.5318924650921,1097.5507140134107,1121.5408935546875,359425,0.0,0.0
2023-03-22 00:00:00+00:00,1123.5399672055075,1130.537102232588,1115.5432414602726,1127.538330078125,520560,0.0,0.0
2023-03-23 00:00:00+00:00,1132.53624796514,1147.8000172734157,1119.541569038797,1146.530517578125,263320,0.0,0.0
2023-03-24 00:00:00+00:00,1135.5349989853896,1160.524765688413,1135.5349989853896,1154.5272216796875,910492,0.0,0.0
2023-03-27 00:00:00+01:00,1154.5271785213795,1170.5206286134505,1153.527587890625,1153.527587890625,1037659,0.0,0.0
2023-03-28 00:00:00+01:00,1203.5071951329023,1247.4891856527092,1197.5096509711104,1217.50146484375,724329,0.0,0.0
2023-03-29 00:00:00+01:00,1245.4900118276892,1259.484281623506,1207.5055652390438,1254.486328125,675685,0.0,0.0
2023-03-30 00:00:00+01:00,1258.4848021992516,1305.4655692392555,1254.4864390469108,1302.466796875,487561,0.0,0.0
2023-03-31 00:00:00+01:00,1299.4678450219426,1309.4637515221114,1285.4735759217062,1295.469482421875,380099,0.0,0.0
2023-04-03 00:00:00+01:00,1273.4784383389972,1307.4645191109955,1273.4784383389972,1291.4710693359375,585862,0.0,0.0
2023-04-04 00:00:00+01:00,1267.480952207803,1319.4596663361988,1267.480952207803,1315.4613037109375,468249,0.0,0.0
2023-04-05 00:00:00+01:00,1319.4598907027066,1319.4598907027066,1294.9499041188192,1306.4652099609375,588834,0.0,0.0
2023-04-06 00:00:00+01:00,1295.469497047811,1307.6844656440428,1292.470725063904,1301.467041015625,323297,0.0,0.0
2023-04-11 00:00:00+01:00,1307.4645711603914,1323.4580215721392,1294.4698927008462,1312.4625244140625,403071,0.0,0.0
2023-04-12 00:00:00+01:00,1307.464778398289,1330.455367009268,1290.4717346423479,1314.4619140625,297728,0.0,0.0
2023-04-13 00:00:00+01:00,1284.5521350023223,1324.5381936794374,1284.5521350023223,1311.542724609375,655099,8.0,0.0
2023-04-14 00:00:00+01:00,1309.543506007227,1329.5365366332915,1309.543506007227,1320.5396728515625,171661,0.0,0.0
2023-04-17 00:00:00+01:00,1329.5364636487072,1335.5343725072728,1312.542388549438,1331.5357666015625,259588,0.0,0.0
2023-04-18 00:00:00+01:00,1339.533012121938,1344.5312696298558,1330.3382195628171,1336.5340576171875,188240,0.0,0.0
2023-04-19 00:00:00+01:00,1326.5375092194245,1339.642925432058,1320.539600360859,1331.5357666015625,380675,0.0,0.0
2023-04-20 00:00:00+01:00,1321.5392518372864,1333.5350695544178,1321.5392518372864,1331.5357666015625,262798,0.0,0.0
2023-04-21 00:00:00+01:00,1304.545055009635,1345.53076171875,1304.545055009635,1345.53076171875,293061,0.0,0.0
2023-04-24 00:00:00+01:00,1310.5431359570896,1349.5295450359047,1310.5431359570896,1335.534423828125,1024335,0.0,0.0
2023-04-25 00:00:00+01:00,1329.536376953125,1344.5311481217693,1327.537074130639,1329.536376953125,197923,0.0,0.0
2023-04-26 00:00:00+01:00,1317.5408494054693,1340.5328369140625,1310.5432879898106,1340.5328369140625,232220,0.0,0.0
2023-04-27 00:00:00+01:00,1336.534128679875,1349.529598891422,1317.940634167371,1332.5355224609375,683526,0.0,0.0
2023-04-28 00:00:00+01:00,1304.5452095665144,1336.5340576171875,1304.5452095665144,1336.5340576171875,551414,0.0,0.0
2023-05-02 00:00:00+01:00,1359.525881082838,1366.523440764882,1338.533202036706,1345.53076171875,182383,0.0,0.0
2023-05-03 00:00:00+01:00,1349.5295629608497,1357.526775185803,1321.5393201735135,1334.5347900390625,536976,0.0,0.0
2023-05-04 00:00:00+01:00,1359.5261457365243,1359.5261457365243,1324.5383405153636,1344.5313720703125,364303,0.0,0.0
2023-05-05 00:00:00+01:00,1327.537441578079,1364.5245540316853,1312.5426662590496,1363.52490234375,305605,0.0,0.0
2023-05-09 00:00:00+01:00,1368.5228712293836,1380.5186889465149,1331.5357666015625,1331.5357666015625,203819,0.0,0.0
2023-05-10 00:00:00+01:00,1313.5422428822358,1346.530746698913,1313.5422428822358,1340.5328369140625,269900,0.0,0.0
2023-05-11 00:00:00+01:00,1346.5305548013594,1350.5291607547413,1324.5382220577587,1337.53369140625,230711,0.0,0.0
2023-05-12 00:00:00+01:00,1309.5436093882965,1340.532809305119,1309.5436093882965,1321.5394287109375,208001,0.0,0.0
2023-05-15 00:00:00+01:00,1299.5468864067211,1332.53538429243,1299.5468864067211,1326.5374755859375,153526,0.0,0.0
2023-05-16 00:00:00+01:00,1320.539708389849,1326.5376177390838,1310.5431928077912,1318.5404052734375,165593,0.0,0.0
2023-05-17 00:00:00+01:00,1290.5502314230334,1324.738267751089,1290.5502314230334,1314.5418701171875,205152,0.0,0.0
2023-05-18 00:00:00+01:00,1322.5388170744243,1331.5356797756108,1306.544394494537,1329.536376953125,293051,0.0,0.0
2023-05-19 00:00:00+01:00,1351.5288731510225,1369.5226007521458,1331.6958208962285,1368.52294921875,205315,0.0,0.0
2023-05-22 00:00:00+01:00,1381.5184235182196,1381.5184235182196,1354.52783203125,1354.52783203125,187731,0.0,0.0
2023-05-23 00:00:00+01:00,1352.528413314072,1363.524579275975,1317.5406125261986,1326.5374755859375,236832,0.0,0.0
2023-05-24 00:00:00+01:00,1292.5494010679183,1326.5375523721018,1292.5494010679183,1301.5462646484375,227633,0.0,0.0
2023-05-25 00:00:00+01:00,1290.550082359785,1302.5459003213011,1280.5535673918548,1295.54833984375,176508,0.0,0.0
2023-05-26 00:00:00+01:00,1290.5501767025353,1326.5376332178655,1290.5501767025353,1324.538330078125,266762,0.0,0.0
2023-05-30 00:00:00+01:00,1288.5507818824888,1355.5274322984133,1288.5507818824888,1350.5291748046875,218609,0.0,0.0
2023-05-31 00:00:00+01:00,1353.5282466231683,1374.5209299164376,1343.5317307692308,1364.5244140625,325128,0.0,0.0
2023-06-01 00:00:00+01:00,1393.5141797086378,1393.5141797086378,1368.522892411137,1385.5169677734375,133191,0.0,0.0
2023-06-02 00:00:00+01:00,1355.5275573730469,1398.5125757853189,1355.5275573730469,1391.5150146484375,190087,0.0,0.0
2023-06-05 00:00:00+01:00,1369.5226317121876,1401.5114815040051,1358.5264645962504,1380.518798828125,211613,0.0,0.0
2023-06-06 00:00:00+01:00,1380.5187279656477,1399.512106554603,1370.5222129188292,1384.517333984375,195278,0.0,0.0
2023-06-07 00:00:00+01:00,1377.5199331239212,1381.5185396061386,1369.5227201594862,1375.5206298828125,198301,0.0,0.0
2023-06-08 00:00:00+01:00,1376.5202407836914,1393.5143178304036,1363.5247701009114,1391.5150146484375,348128,0.0,0.0
2023-06-09 00:00:00+01:00,1370.5221899882563,1407.509295042644,1370.5221899882563,1406.5096435546875,369845,0.0,0.0
2023-06-12 00:00:00+01:00,1369.522536735049,1418.5054595817771,1369.522536735049,1413.5072021484375,175516,0.0,0.0
2023-06-13 00:00:00+01:00,1418.5055398005284,1445.4961314669233,1412.837471620586,1436.499267578125,812987,0.0,0.0
2023-06-14 00:00:00+01:00,1430.5013913645328,1441.49755859375,1417.6658994211155,1441.49755859375,633935,0.0,0.0
2023-06-15 00:00:00+01:00,1449.4945597302608,1458.4914225147936,1431.5008341611956,1446.49560546875,578151,0.0,0.0
2023-06-16 00:00:00+01:00,1477.4849183293065,1483.482827334703,1437.4988582933306,1467.4884033203125,613535,0.0,0.0
2023-06-19 00:00:00+01:00,1459.491193224354,1467.4884052420218,1437.498860175768,1460.4908447265625,858871,0.0,0.0
2023-06-20 00:00:00+01:00,1470.4873400870597,1473.4862945535865,1456.1123467963962,1468.488037109375,145012,0.0,0.0
2023-06-21 00:00:00+01:00,1445.4960839430826,1462.4901596187622,1408.5089780607216,1418.5054931640625,246765,0.0,0.0
2023-06-22 00:00:00+01:00,1401.5115101841518,1412.5076775251116,1379.5191755022322,1399.51220703125,149192,0.0,0.0
2023-06-23 00:00:00+01:00,1397.5128595525568,1401.5114657315341,1374.5208740234375,1374.5208740234375,610650,0.0,0.0
2023-06-26 00:00:00+01:00,1374.5210709110384,1386.6368444877023,1336.5343067694969,1363.52490234375,350675,0.0,0.0
2023-06-27 00:00:00+01:00,1367.5232799669252,1374.5208406100307,1356.527113242045,1369.5225830078125,195489,0.0,0.0
2023-06-28 00:00:00+01:00,1378.5194561029214,1401.5114412300911,1370.5222438847754,1396.51318359375,112285,0.0,0.0
2023-06-29 00:00:00+01:00,1406.5097525773124,1406.5097525773124,1372.5215993522743,1393.5142822265625,222206,0.0,0.0
2023-06-30 00:00:00+01:00,1427.5025334762315,1427.5025334762315,1391.5150746490997,1415.5067138671875,157421,0.0,0.0
2023-07-03 00:00:00+01:00,1412.5074653163924,1427.5022367104093,1393.1642346236629,1404.51025390625,154418,0.0,0.0
2023-07-04 00:00:00+01:00,1439.4981408018034,1439.4981408018034,1401.8612379232025,1413.5072021484375,389041,0.0,0.0
2023-07-05 00:00:00+01:00,1410.5082731061034,1410.5082731061034,1375.5204704422383,1384.517333984375,269233,0.0,0.0
2023-07-06 00:00:00+01:00,1348.529973516401,1380.5388364448452,1348.529973516401,1358.5264892578125,698976,0.0,0.0
2023-07-07 00:00:00+01:00,1349.5296203213197,1385.5170768632215,1340.5327561858442,1372.5216064453125,111761,0.0,0.0
2023-07-10 00:00:00+01:00,1407.5094163907283,1408.5090679648697,1355.5275345353891,1358.5264892578125,178447,0.0,0.0
2023-07-11 00:00:00+01:00,1376.5201658354474,1376.5201658354474,1347.530271275369,1354.52783203125,195049,0.0,0.0
2023-07-12 00:00:00+01:00,1359.526011625811,1388.5159045207731,1350.3591636321316,1386.5166015625,304004,0.0,0.0
2023-07-13 00:00:00+01:00,1439.4981631801847,1486.4817837839826,1436.4992086735595,1460.4908447265625,509346,0.0,0.0
2023-07-14 00:00:00+01:00,1430.5012996603086,1470.4873597486471,1430.5012996603086,1460.4908447265625,288568,0.0,0.0
2023-07-17 00:00:00+01:00,1447.495485855092,1471.487123742193,1419.5052416534743,1440.4979248046875,235601,0.0,0.0
2023-07-18 00:00:00+01:00,1434.499925060758,1460.8907494813677,1425.9029464311052,1452.49365234375,159830,0.0,0.0
2023-07-19 00:00:00+01:00,1462.4903339438724,1518.4708251953125,1453.4934692784623,1518.4708251953125,398321,0.0,0.0
2023-07-20 00:00:00+01:00,1480.4838634092494,1525.4681806634128,1480.4838634092494,1502.4761962890625,226632,0.0,0.0
2023-07-21 00:00:00+01:00,1479.484422812919,1498.4778039165985,1479.484422812919,1490.4805908203125,194244,0.0,0.0
2023-07-24 00:00:00+01:00,1493.479336586793,1519.47027550999,1481.4835186222404,1488.4810791015625,200737,0.0,0.0
2023-07-25 00:00:00+01:00,1489.480918594167,1518.4708156674762,1471.4871893762509,1498.477783203125,388545,0.0,0.0
2023-07-26 00:00:00+01:00,1480.4839486866695,1518.4707076671511,1479.4842971345515,1504.4755859375,491846,0.0,0.0
2023-07-27 00:00:00+01:00,1499.4773019246047,1548.4602271208087,1494.4790442515227,1533.4654541015625,160439,0.0,0.0
2023-07-28 00:00:00+01:00,1543.462017133225,1543.462017133225,1494.4790904236859,1496.4783935546875,112157,0.0,0.0
2023-07-31 00:00:00+01:00,1504.4756750488282,1512.4728879394531,1476.4854299316405,1499.4774169921875,122919,0.0,0.0
2023-08-01 00:00:00+01:00,1491.4800513482865,1508.474127000378,1479.4842332409276,1487.4814453125,511170,0.0,0.0
2023-08-02 00:00:00+01:00,1485.4821124196944,1486.7917144434073,1461.4904766874788,1468.488037109375,175467,0.0,0.0
2023-08-03 00:00:00+01:00,1474.4859816350333,1474.4859816350333,1460.4908604534126,1466.48876953125,91380,0.0,0.0
2023-08-04 00:00:00+01:00,1466.4888359798156,1477.4850031207684,1451.1542152437553,1476.4853515625,180448,0.0,0.0
2023-08-07 00:00:00+01:00,1508.474112900556,1511.4730673993645,1462.4901439188295,1474.4859619140625,254971,0.0,0.0
2023-08-08 00:00:00+01:00,1449.494817028307,1473.4864553791203,1448.4951654303563,1459.4913330078125,147717,0.0,0.0
2023-08-09 00:00:00+01:00,1467.4884014168433,1483.4828254104873,1461.4904924192267,1474.4859619140625,116656,0.0,0.0
2023-08-10 00:00:00+01:00,1442.4972113078072,1497.4780474976405,1442.4972113078072,1489.4808349609375,176247,0.0,0.0
2023-08-11 00:00:00+01:00,1528.4671531707725,1528.4671531707725,1494.4790019557258,1501.4765625,364664,0.0,0.0
2023-08-14 00:00:00+01:00,1499.4773482511898,1512.592771909449,1473.4864075481692,1496.4783935546875,463002,0.0,0.0
2023-08-15 00:00:00+01:00,1484.4826454934223,1499.4774196903256,1468.4882196833923,1492.4798583984375,200355,0.0,0.0
2023-08-16 00:00:00+01:00,1482.4831579531676,1496.47827879696,1468.488037109375,1468.488037109375,1246298,0.0,0.0
2023-08-17 00:00:00+01:00,1454.4930133447674,1463.489877344838,1435.4996337890625,1435.4996337890625,67806,0.0,0.0
2023-08-18 00:00:00+01:00,1472.4866726783014,1472.4866726783014,1403.510718560988,1425.5030517578125,383364,0.0,0.0
2023-08-21 00:00:00+01:00,1394.5137956163037,1421.5043852088775,1381.5183265532128,1387.5162353515625,158516,0.0,0.0
2023-08-22 00:00:00+01:00,1430.5012755961086,1430.5012755961086,1385.5169587534638,1420.5047607421875,732708,0.0,0.0
2023-08-23 00:00:00+01:00,1419.5051603618422,1424.50341796875,1405.5100390625,1424.50341796875,427111,0.0,0.0
2023-08-24 00:00:00+01:00,1445.4961563811287,1451.494065743706,1412.5076548869533,1414.5069580078125,145321,0.0,0.0
2023-08-25 00:00:00+01:00,1412.507586082048,1423.5037527111367,1400.5117679412238,1411.5079345703125,233607,0.0,0.0
2023-08-29 00:00:00+01:00,1444.496337890625,1446.495640780439,1416.506097433229,1444.496337890625,346583,0.0,0.0
2023-08-30 00:00:00+01:00,1476.4852630162206,1481.4835205078125,1439.4251849715083,1481.4835205078125,465791,0.0,0.0
2023-08-31 00:00:00+01:00,1481.4834974573014,1514.4719963885368,1479.4841944917719,1503.475830078125,241121,0.0,0.0
2023-09-01 00:00:00+01:00,1498.4776079810254,1503.47586551265,1484.4824868924768,1501.4765625,119545,0.0,0.0
2023-09-04 00:00:00+01:00,1527.4674297601262,1527.4674297601262,1497.2279731172964,1505.47509765625,123047,0.0,0.0
2023-09-05 00:00:00+01:00,1497.478050944542,1534.4751652898467,1497.478050944542,1530.466552734375,341875,0.0,0.0
2023-09-06 00:00:00+01:00,1527.4675470438358,1546.3609854802341,1510.473470931437,1526.4678955078125,189788,0.0,0.0
2023-09-07 00:00:00+01:00,1511.4731670371993,1532.465849912716,1492.4797872926843,1496.4783935546875,169070,0.0,0.0
2023-09-08 00:00:00+01:00,1508.474344393102,1522.4694675352514,1490.8804997056723,1516.4715576171875,100504,0.0,0.0
2023-09-11 00:00:00+01:00,1482.4832716376764,1523.4489732674542,1482.4832716376764,1496.4783935546875,100980,0.0,0.0
2023-09-12 00:00:00+01:00,1499.4773193689741,1503.475925553958,1477.4849853515625,1477.4849853515625,126764,0.0,0.0
2023-09-13 00:00:00+01:00,1478.4846014074376,1481.313571285406,1460.4908740069416,1479.4842529296875,322868,0.0,0.0
2023-09-14 00:00:00+01:00,1504.4755409859322,1504.4755409859322,1465.4891316181904,1479.4842529296875,407729,0.0,0.0
2023-09-15 00:00:00+01:00,1456.49228965577,1499.4773057540528,1454.4929865814313,1464.489501953125,473777,0.0,0.0
2023-09-18 00:00:00+01:00,1436.4992653801833,1463.4898570052806,1436.4992653801833,1443.496826171875,190468,0.0,0.0
2023-09-19 00:00:00+01:00,1409.5086933444138,1450.4944071225136,1409.5086933444138,1435.4996337890625,68193,0.0,0.0
2023-09-20 00:00:00+01:00,1426.5027283007678,1460.4908802014168,1426.5027283007678,1458.4915771484375,253132,0.0,0.0
2023-09-21 00:00:00+01:00,1447.4955037434895,1460.4909744262695,1437.4989878336587,1439.498291015625,148382,0.0,0.0
2023-09-22 00:00:00+01:00,1442.4970844813754,1466.4887199821053,1439.4981300437844,1455.4925537109375,223212,0.0,0.0
2023-09-25 00:00:00+01:00,1450.4943316222223,1464.4894526716441,1438.4985135798606,1453.4932861328125,111836,0.0,0.0
2023-09-26 00:00:00+01:00,1413.5073087865655,1450.494416583668,1405.5100962898948,1407.5093994140625,264267,0.0,0.0
2023-09-27 00:00:00+01:00,1379.5191755022322,1411.5080259486608,1379.5191755022322,1399.51220703125,231459,0.0,0.0
2023-09-28 00:00:00+01:00,1408.5090417888503,1440.4978915668796,1395.513571566526,1435.4996337890625,151529,0.0,0.0
2023-09-29 00:00:00+01:00,1463.489834780886,1482.4832137841897,1443.4968042510923,1458.4915771484375,197535,0.0,0.0
2023-10-02 00:00:00+01:00,1463.4897184551887,1476.4851872666077,1424.5033120209316,1430.501220703125,281030,0.0,0.0
2023-10-03 00:00:00+01:00,1453.4933921595982,1453.4933921595982,1398.5125554547992,1399.51220703125,143969,0.0,0.0
2023-10-04 00:00:00+01:00,1370.5220975104742,1447.4952568892536,1369.474489179783,1446.49560546875,363833,0.0,0.0
2023-10-05 00:00:00+01:00,1408.5089780607216,1461.490508108428,1408.5089780607216,1418.5054931640625,401349,0.0,0.0
2023-10-06 00:00:00+01:00,1414.5069379380657,1483.4828946290384,1414.5069379380657,1477.4849853515625,170417,0.0,0.0
2023-10-09 00:00:00+01:00,1460.4908565980938,1477.4849322737732,1418.5054931640625,1418.5054931640625,280701,0.0,0.0
2023-10-10 00:00:00+01:00,1437.4988796079233,1452.49365234375,1428.5020159664273,1452.49365234375,315700,0.0,0.0
2023-10-11 00:00:00+01:00,1407.50933413627,1463.4898190166896,1407.50933413627,1452.49365234375,237450,0.0,0.0
2023-10-12 00:00:00+01:00,1452.4936679894995,1489.4807744696175,1451.4940164630098,1458.4915771484375,173204,0.0,0.0
2023-10-13 00:00:00+01:00,1462.4903406692765,1467.988424656755,1414.5070622331007,1415.5067138671875,363368,0.0,0.0
2023-10-16 00:00:00+01:00,1418.505627765336,1433.5004018431935,1396.5132924511447,1431.5010986328125,210243,0.0,0.0
2023-10-17 00:00:00+01:00,1397.5128531373837,1461.4905517073355,1397.5128531373837,1450.494384765625,199593,0.0,0.0
2023-10-18 00:00:00+01:00,1427.502461693992,1453.4934028732944,1404.5104752661478,1419.5052490234375,330568,0.0,0.0
2023-10-19 00:00:00+01:00,1384.5173226926572,1457.491881939274,1384.5173226926572,1426.502685546875,236703,0.0,0.0
2023-10-20 00:00:00+01:00,1422.5041211772168,1425.5030757545405,1402.5110906617253,1403.5107421875,524077,0.0,0.0
2023-10-23 00:00:00+01:00,1442.4970081044262,1442.4970081044262,1386.5165282334297,1404.51025390625,346997,0.0,0.0
2023-10-24 00:00:00+01:00,1342.5318825372008,1392.5144544857192,1149.5991548159202,1237.5684814453125,1066741,0.0,0.0
2023-10-25 00:00:00+01:00,1241.5672582988266,1273.556108754191,1240.5676067220966,1248.5648193359375,621166,0.0,0.0
2023-10-26 00:00:00+01:00,1238.5681028460513,1263.559388214212,1211.5775146484375,1211.5775146484375,479292,0.0,0.0
2023-10-27 00:00:00+01:00,1199.581946125908,1238.568359375,1196.5829912605932,1238.568359375,251808,0.0,0.0
2023-10-30 00:00:00+00:00,1241.5670842667357,1267.5580216185353,1241.5670842667357,1251.5635986328125,546871,0.0,0.0
2023-10-31 00:00:00+00:00,1223.573608880929,1280.5537524317565,1223.573608880929,1264.559326171875,289827,0.0,0.0
2023-11-01 00:00:00+00:00,1269.5575255871563,1286.5516027013152,1245.565887308344,1281.5533447265625,192233,0.0,0.0
2023-11-02 00:00:00+00:00,1296.5480227222502,1313.5420985790568,1287.5511590333524,1307.544189453125,616749,0.0,0.0
2023-11-03 00:00:00+00:00,1333.535183376736,1333.535183376736,1303.5456365241857,1304.5452880859375,129469,0.0,0.0
2023-11-06 00:00:00+00:00,1325.5379965017294,1325.5379965017294,1282.552978515625,1282.552978515625,188662,0.0,0.0
2023-11-07 00:00:00+00:00,1260.5606537684969,1303.5456720968436,1260.5606537684969,1302.5460205078125,144993,0.0,0.0
2023-11-08 00:00:00+00:00,1270.557162374168,1328.5369542055619,1270.557162374168,1323.5386962890625,301395,0.0,0.0
2023-11-09 00:00:00+00:00,1314.7104950417802,1314.7104950417802,1272.719741587974,1307.7120361328125,178521,17.0,0.0
2023-11-10 00:00:00+00:00,1295.7146693638392,1309.7115870884486,1267.7208339146205,1287.7164306640625,191398,0.0,0.0
2023-11-13 00:00:00+00:00,1285.7168709891182,1298.7140088762555,1267.7208339146205,1287.7164306640625,253221,0.0,0.0
2023-11-14 00:00:00+00:00,1290.715740553777,1336.7056120219984,1282.0576131878154,1329.7071533203125,180922,0.0,0.0
2023-11-15 00:00:00+00:00,1301.7135025643172,1332.706681196801,1297.7143827407708,1306.71240234375,485525,0.0,0.0
2023-11-16 00:00:00+00:00,1306.7123731714944,1316.71017250716,1290.7158942344295,1292.7154541015625,510283,0.0,0.0
2023-11-17 00:00:00+00:00,1322.7087823888244,1322.7087823888244,1288.7162664393006,1305.7125244140625,195631,0.0,0.0
2023-11-20 00:00:00+00:00,1333.706334455405,1333.706334455405,1296.7144796016944,1301.71337890625,119552,0.0,0.0
2023-11-21 00:00:00+00:00,1259.722648374496,1276.718906328755,1237.7274910219255,1239.72705078125,586093,0.0,0.0
2023-11-22 00:00:00+00:00,1234.7281513829384,1268.7206672914567,1219.731453188004,1239.72705078125,709964,0.0,0.0
2023-11-23 00:00:00+00:00,1266.7211796153676,1266.7211796153676,1220.731302533831,1231.7288818359375,388275,0.0,0.0
2023-11-24 00:00:00+00:00,1227.7295737638053,1245.7256098613204,1219.731335498243,1244.725830078125,287550,0.0,0.0
2023-11-27 00:00:00+00:00,1253.723993407612,1267.7209119942997,1234.7281753256784,1238.727294921875,179708,0.0,0.0
2023-11-28 00:00:00+00:00,1262.7219304187756,1278.7184077637482,1239.7269942353776,1277.7186279296875,380570,0.0,0.0
2023-11-29 00:00:00+00:00,1246.7255289713542,1289.716064453125,1246.7255289713542,1289.716064453125,284312,0.0,0.0
2023-11-30 00:00:00+00:00,1288.7163502151982,1298.714149673811,1254.7238320559145,1266.72119140625,421102,0.0,0.0
2023-12-01 00:00:00+00:00,1234.7280950650736,1284.717086768113,1234.7280950650736,1277.7186279296875,293483,0.0,0.0
2023-12-04 00:00:00+00:00,1284.7171150924812,1315.1464499413457,1266.7210776826255,1286.7166748046875,612918,0.0,0.0
2023-12-05 00:00:00+00:00,1322.708749624399,1325.7080891927083,1274.7193165314502,1286.7166748046875,192981,0.0,0.0
2023-12-06 00:00:00+00:00,1288.7162644945595,1311.7112017198308,1284.6171913978735,1300.713623046875,183960,0.0,0.0
2023-12-07 00:00:00+00:00,1293.7152357292468,1303.709007644185,1277.7187567712347,1297.71435546875,189823,0.0,0.0
2023-12-08 00:00:00+00:00,1268.7206137520925,1302.7531584735427,1266.7210540771484,1287.7164306640625,234824,0.0,0.0
2023-12-11 00:00:00+00:00,1287.7165322483643,1298.714111328125,1265.7213740888424,1298.714111328125,219028,0.0,0.0
2023-12-12 00:00:00+00:00,1266.7211128397191,1319.709446683843,1266.7211128397191,1315.7103271484375,545614,0.0,0.0
2023-12-13 00:00:00+00:00,1329.7073330931285,1336.705792740987,1276.718995759342,1281.7178955078125,339011,0.0,0.0
2023-12-14 00:00:00+00:00,1295.7147751145912,1326.7079526057582,1295.7147751145912,1308.7119140625,637785,0.0,0.0
2023-12-15 00:00:00+00:00,1279.7181581439393,1323.7084698301373,1279.7181581439393,1319.7093505859375,700061,0.0,0.0
2023-12-18 00:00:00+00:00,1329.7072253482363,1329.7072253482363,1301.7133890251155,1326.7078857421875,149809,0.0,0.0
2023-12-19 00:00:00+00:00,1291.7156424906716,1366.6991356693097,1266.721144764459,1339.705078125,233487,0.0,0.0
2023-12-20 00:00:00+00:00,1361.7001913397974,1366.6990907206336,1329.686243830436,1351.702392578125,189504,0.0,0.0
2023-12-21 00:00:00+00:00,1357.7010477295823,1367.6988463137473,1339.745040526323,1352.7021484375,133518,0.0,0.0
2023-12-22 00:00:00+00:00,1325.7080474853515,1359.7005615234375,1321.7089281867532,1359.7005615234375,331884,0.0,0.0
2023-12-27 00:00:00+00:00,1320.709245405295,1376.696919699539,1320.709245405295,1365.6993408203125,197620,0.0,0.0
2023-12-28 00:00:00+00:00,1374.6974554321919,1374.6974554321919,1352.702296145277,1356.701416015625,88844,0.0,0.0
2023-12-29 00:00:00+00:00,1353.70188257554,1364.6994606466853,1325.7080474853515,1359.7005615234375,69849,0.0,0.0
2024-01-02 00:00:00+00:00,1329.7072826244214,1362.700019712095,1329.7072826244214,1349.702880859375,381563,0.0,0.0
2024-01-03 00:00:00+00:00,1323.7085739409852,1352.7021907418075,1323.7085739409852,1335.7059326171875,459186,0.0,0.0
2024-01-04 00:00:00+00:00,1354.7018238018977,1354.7018238018977,1318.709745826349,1332.7066650390625,165553,0.0,0.0
2024-01-05 00:00:00+00:00,1339.7050423698513,1357.7010802524312,1304.7127464870566,1310.71142578125,277443,0.0,0.0
2024-01-08 00:00:00+00:00,1307.7121210354478,1342.7044178521455,1301.2735970020294,1339.705078125,144487,0.0,0.0
2024-01-09 00:00:00+00:00,1369.6984347226892,1369.6984347226892,1283.7173650977613,1300.713623046875,199891,0.0,0.0
2024-01-10 00:00:00+00:00,1300.713693570095,1303.7130333707946,1282.717654765897,1292.7154541015625,323867,0.0,0.0
2024-01-11 00:00:00+00:00,1299.7138653022441,1311.7112240588804,1288.7162864419945,1294.7149658203125,388398,0.0,0.0
2024-01-12 00:00:00+00:00,1299.7137543649385,1321.7089102080374,1296.7144149317885,1319.7093505859375,163617,0.0,0.0
2024-01-15 00:00:00+00:00,1322.7088848279116,1332.706684410889,1303.7130656202544,1316.710205078125,152572,0.0,0.0
2024-01-16 00:00:00+00:00,1308.7118718073918,1330.7070293167599,1308.7118718073918,1325.7081298828125,108164,0.0,0.0
2024-01-17 00:00:00+00:00,1326.7079058708027,1332.7065851739112,1292.7153898198553,1315.7103271484375,246397,0.0,0.0
2024-01-18 00:00:00+00:00,1315.7102470595019,1354.70166015625,1315.6102934858895,1354.70166015625,178480,0.0,0.0
2024-01-19 00:00:00+00:00,1349.7029083454056,1365.699387259129,1341.704668888544,1358.700927734375,193486,0.0,0.0
2024-01-22 00:00:00+00:00,1364.699505602239,1408.6898193359375,1361.7001660294868,1408.6898193359375,278420,0.0,0.0
2024-01-23 00:00:00+00:00,1393.6932582234613,1419.6875370712446,1371.6980991984137,1382.6956787109375,721171,0.0,0.0
2024-01-24 00:00:00+00:00,1391.6936602804772,1414.6885986328125,1379.696301140128,1414.6885986328125,780067,0.0,0.0
2024-01-25 00:00:00+00:00,1417.687842209798,1418.6876220703125,1380.6959873707551,1418.6876220703125,188423,0.0,0.0
2024-01-26 00:00:00+00:00,1429.6853251939408,1429.6853251939408,1404.0409451270518,1423.6866455078125,338459,0.0,0.0
2024-01-29 00:00:00+00:00,1415.6883802816901,1422.6868397887324,1399.6919014084506,1419.6875,502007,0.0,0.0
2024-01-30 00:00:00+00:00,1422.68675565654,1464.6775102156228,1406.6902777292705,1453.679931640625,383427,0.0,0.0
2024-01-31 00:00:00+00:00,1458.678901640706,1459.6786815595824,1445.6817626953125,1445.6817626953125,300426,0.0,0.0
2024-02-01 00:00:00+00:00,1435.683992401541,1468.6767303884847,1429.6853127675513,1459.6787109375,320387,0.0,0.0
2024-02-02 00:00:00+00:00,1460.6783769762194,1501.669351278769,1459.6785971151817,1479.6741943359375,1046871,0.0,0.0
2024-02-05 00:00:00+00:00,1479.6741441689235,1488.672162613194,1451.6803090089709,1476.6748046875,526277,0.0,0.0
2024-02-06 00:00:00+00:00,1474.6753090836426,1521.6649630002062,1450.6805921900784,1514.66650390625,198799,0.0,0.0
2024-02-07 00:00:00+00:00,1493.671142578125,1518.665639609218,1485.672903528175,1493.671142578125,214074,0.0,0.0
2024-02-08 00:00:00+00:00,1457.6789879718178,1503.6688600203115,1457.6789879718178,1476.6748046875,430604,0.0,0.0
2024-02-09 00:00:00+00:00,1471.6759574915825,1488.6722151528304,1463.6777185921717,1484.673095703125,271605,0.0,0.0
2024-02-12 00:00:00+00:00,1494.670874447746,1505.6684527881644,1480.6739565599412,1495.670654296875,421557,0.0,0.0
2024-02-13 00:00:00+00:00,1494.6709427219425,1496.670502511537,1459.6786464040374,1482.673583984375,306387,0.0,0.0
2024-02-14 00:00:00+00:00,1497.6702973033282,1552.6581920641313,1496.6705173985863,1522.664794921875,277787,0.0,0.0
2024-02-15 00:00:00+00:00,1533.662341828042,1542.6603607827044,1503.6689453125,1503.6689453125,189990,0.0,0.0
2024-02-16 00:00:00+00:00,1505.6685328713647,1528.6634706243804,1491.6716142390944,1512.6669921875,143960,0.0,0.0
2024-02-19 00:00:00+00:00,1513.666695846821,1532.6625130338023,1491.6715391040007,1505.66845703125,411993,0.0,0.0
2024-02-20 00:00:00+00:00,1494.6708636669623,1500.6695427184684,1460.6783490417604,1470.6761474609375,102818,0.0,0.0
2024-02-21 00:00:00+00:00,1463.6778030237767,1471.6660348218857,1439.6830849414198,1450.6806640625,145829,0.0,0.0
2024-02-22 00:00:00+00:00,1484.6731678580466,1507.6681058114034,1452.6802107055498,1481.673828125,350701,0.0,0.0
2024-02-23 00:00:00+00:00,1481.6736911918351,1504.6686270200485,1478.6743517359812,1502.6690673828125,646558,0.0,0.0
2024-02-26 00:00:00+00:00,1509.6676005113163,1518.2257747612919,1492.6713427572154,1504.668701171875,134322,0.0,0.0
2024-02-27 00:00:00+00:00,1496.6704477738363,1506.6682463561597,1469.6763916015625,1469.6763916015625,279720,0.0,0.0
2024-02-28 00:00:00+00:00,1469.676482544366,1469.676482544366,1439.6830849414198,1450.6806640625,813698,0.0,0.0
2024-02-29 00:00:00+00:00,1469.6764396646693,1477.674678792096,1433.9042858768264,1467.6768798828125,1036815,0.0,0.0
2024-03-01 00:00:00+00:00,1494.6709483901711,1497.6702880859375,1457.6790921423876,1497.6702880859375,340634,0.0,0.0
2024-03-04 00:00:00+00:00,1491.6717093273692,1519.6655483764082,1482.673689633035,1508.66796875,224569,0.0,0.0
2024-03-05 00:00:00+00:00,1519.6654458548899,1522.0549344577303,1487.67248910005,1497.6702880859375,511188,0.0,0.0
2024-03-06 00:00:00+00:00,1531.6627310308752,1531.6627310308752,1473.675499699419,1500.6695556640625,202934,0.0,0.0
2024-03-07 00:00:00+00:00,1501.6695401365275,1532.6627197265625,1479.6743804274706,1532.6627197265625,156100,0.0,0.0
2024-03-08 00:00:00+00:00,1539.6611280097336,1539.6611280097336,1516.666189084913,1524.6644287109375,109385,0.0,0.0
2024-03-11 00:00:00+00:00,1524.6642435551921,1547.6591796875,1500.669527591045,1547.6591796875,272335,0.0,0.0
2024-03-12 00:00:00+00:00,1505.668598745061,1574.6534150222253,1505.668598745061,1565.6553955078125,285158,0.0,0.0
2024-03-13 00:00:00+00:00,1569.6544616266904,1577.6527009216034,1552.658203125,1552.658203125,525590,0.0,0.0
2024-03-14 00:00:00+00:00,1531.6627870970135,1580.6520015668266,1531.6627870970135,1579.6522216796875,321881,0.0,0.0
2024-03-15 00:00:00+00:00,1589.6500671735935,1593.649186839439,1568.6546889279045,1572.65380859375,1683499,0.0,0.0
2024-03-18 00:00:00+00:00,1556.6572328523825,1581.6517292051826,1540.6607551865907,1571.6539306640625,365429,0.0,0.0
2024-03-19 00:00:00+00:00,1574.6533144437349,1578.652433972481,1556.657276564378,1559.6566162109375,308242,0.0,0.0
2024-03-20 00:00:00+00:00,1561.6562340672895,1561.6562340672895,1516.6661376953125,1516.6661376953125,421001,0.0,0.0
2024-03-21 00:00:00+00:00,1548.659070564039,1548.659070564039,1504.6687548088305,1517.6658935546875,280401,0.0,0.0
2024-03-22 00:00:00+00:00,1499.6697736933907,1521.6649303742272,1481.67373640907,1495.670654296875,216244,0.0,0.0
2024-03-25 00:00:00+00:00,1485.6729736328125,1515.6663714854265,1475.675174348608,1485.6729736328125,427824,0.0,0.0
2024-03-26 00:00:00+00:00,1414.6886191746253,1639.639106322534,1414.6886191746253,1550.65869140625,1176688,0.0,0.0
2024-03-27 00:00:00+00:00,1548.6591159818138,1601.6474524227667,1544.659996250421,1576.6529541015625,636239,0.0,0.0
2024-03-28 00:00:00+00:00,1581.651711567223,1601.6473084264799,1554.657655807226,1587.650390625,1166129,0.0,0.0
2024-04-02 00:00:00+01:00,1599.6477951059455,1614.6444931850638,1580.6519775390625,1580.6519775390625,539454,0.0,0.0
2024-04-03 00:00:00+01:00,1629.6412446470363,1629.6412446470363,1560.6564312233274,1588.6502685546875,311386,0.0,0.0
2024-04-04 00:00:00+01:00,1552.6582487975659,1616.6441650390625,1552.6582487975659,1616.6441650390625,473359,0.0,0.0
2024-04-05 00:00:00+01:00,1607.6461199046807,1624.6423786350163,1573.6536024440097,1612.64501953125,270637,0.0,0.0
2024-04-08 00:00:00+01:00,1647.637269724151,1647.637269724151,1593.6491553035783,1619.6434326171875,675438,0.0,0.0
2024-04-09 00:00:00+01:00,1584.6511343846748,1633.640349264706,1584.6511343846748,1614.64453125,307432,0.0,0.0
2024-04-10 00:00:00+01:00,1614.6446831281796,1646.6376427938771,1614.6446831281796,1633.6405029296875,307319,0.0,0.0
2024-04-11 00:00:00+01:00,1590.732642202524,1632.725584359976,1590.732642202524,1624.7269287109375,221862,8.5,0.0
2024-04-12 00:00:00+01:00,1655.7216668701171,1655.7216668701171,1599.7310791015625,1599.7310791015625,360014,0.0,0.0
2024-04-15 00:00:00+01:00,1575.7350496152787,1621.7273162918668,1575.7350496152787,1587.7330322265625,187150,0.0,0.0
2024-04-16 00:00:00+01:00,1570.7359778126738,1581.7341291531825,1551.7391709517947,1573.7354736328125,156232,0.0,0.0
2024-04-17 00:00:00+01:00,1530.742771665638,1588.7330268952965,1530.742771665638,1556.7384033203125,225942,0.0,0.0
2024-04-18 00:00:00+01:00,1600.7309016301083,1600.7309016301083,1545.740146108774,1559.73779296875,362244,0.0,0.0
2024-04-19 00:00:00+01:00,1520.7443757875506,1553.938747267531,1520.7443757875506,1549.739501953125,592853,0.0,0.0
2024-04-22 00:00:00+01:00,1580.7343098593399,1590.7326293397912,1556.738343106257,1560.7376708984375,147895,0.0,0.0
2024-04-23 00:00:00+01:00,1601.7307429504394,1610.7292302703859,1566.7366255950928,1599.7310791015625,436577,0.0,0.0
2024-04-24 00:00:00+01:00,1569.7360287072524,1616.7281263819282,1569.7360287072524,1589.732666015625,239021,0.0,0.0
2024-04-25 00:00:00+01:00,1569.7361902408563,1589.732829606982,1557.738206621181,1566.7366943359375,397604,0.0,0.0
2024-04-26 00:00:00+01:00,1530.7426709789916,1584.7335947104516,1530.7426709789916,1575.735107421875,395588,0.0,0.0
2024-04-29 00:00:00+01:00,1611.729027920082,1611.729027920082,1538.7412989882173,1585.7333984375,118201,0.0,0.0
2024-04-30 00:00:00+01:00,1590.7326310050191,1619.7277575286807,1568.736328125,1568.736328125,159565,0.0,0.0
2024-05-01 00:00:00+01:00,1537.7414907602163,1571.7357759915865,1537.7414907602163,1559.73779296875,75917,0.0,0.0
2024-05-02 00:00:00+01:00,1564.736896756329,1571.9046368466147,1571.3987404654297,1579.734375,106178,0.0,0.0
2024-05-03 00:00:00+01:00,1597.7313872343263,1614.728529651713,1573.2355055151518,1609.7293701171875,197392,0.0,0.0
2024-05-07 00:00:00+01:00,1637.724607128307,1637.724607128307,1604.730155336345,1629.7259521484375,207069,0.0,0.0
2024-05-08 00:00:00+01:00,1590.7324799182368,1642.723736332912,1590.7324799182368,1631.7255859375,166185,0.0,0.0
2024-05-09 00:00:00+01:00,1620.7274584930533,1637.7246002539305,1605.72998046875,1605.72998046875,90051,0.0,0.0
2024-05-10 00:00:00+01:00,1591.7324097059968,1616.7282075971086,1573.7354352243963,1604.730224609375,175794,0.0,0.0
2024-05-13 00:00:00+01:00,1599.7310612020137,1609.7293803345265,1585.7334144164963,1588.73291015625,189008,0.0,0.0
2024-05-14 00:00:00+01:00,1589.7326457206839,1623.7269287109375,1576.7348316361752,1623.7269287109375,160248,0.0,0.0
2024-05-15 00:00:00+01:00,1625.7267496843674,1700.7141458875208,1600.330993760273,1645.723388671875,307743,0.0,0.0
2024-05-16 00:00:00+01:00,1639.7242407705269,1661.720541561351,1623.726931104473,1631.7255859375,732860,0.0,0.0
2024-05-17 00:00:00+01:00,1621.727483990972,1674.7185793371627,1621.727483990972,1657.721435546875,161894,0.0,0.0
2024-05-20 00:00:00+01:00,1669.719335448067,1700.7141255072827,1655.7216883245503,1695.7149658203125,126659,0.0,0.0
2024-05-21 00:00:00+01:00,1721.7106588924632,1721.7106588924632,1654.7219166475184,1699.71435546875,107286,0.0,0.0
2024-05-22 00:00:00+01:00,1687.7162980224182,1733.7085668073892,1659.7210039793922,1708.7127685546875,135047,0.0,0.0
2024-05-23 00:00:00+01:00,1706.7130149018312,1730.910972363973,1702.7136873918093,1714.711669921875,169427,0.0,0.0
2024-05-24 00:00:00+01:00,1742.706962492028,1744.706626247039,1671.7188991891398,1714.711669921875,159967,0.0,0.0
2024-05-28 00:00:00+01:00,1747.7062887277445,1754.7051125384392,1680.7175465396674,1691.7156982421875,259194,0.0,0.0
2024-05-29 00:00:00+01:00,1671.719024256175,1702.7138147776711,1661.720704733112,1669.7193603515625,115874,0.0,0.0
2024-05-30 00:00:00+01:00,1710.7124982561384,1710.7124982561384,1639.7244284863045,1651.722412109375,168572,0.0,0.0
2024-05-31 00:00:00+01:00,1653.7220775190606,1676.7182128170887,1639.7244299463478,1659.7210693359375,335065,0.0,0.0
2024-06-03 00:00:00+01:00,1673.7186739155784,1693.7153127915112,1658.7211947586286,1674.718505859375,177572,0.0,0.0
2024-06-04 00:00:00+01:00,1633.7253063359235,1677.7179094441124,1633.7253063359235,1672.71875,154047,0.0,0.0
2024-06-05 00:00:00+01:00,1677.718019170976,1700.7141541178964,1638.7245729566328,1685.7166748046875,390756,0.0,0.0
2024-06-06 00:00:00+01:00,1647.7230928308825,1709.7126752068016,1647.7230928308825,1699.71435546875,120460,0.0,0.0
2024-06-07 00:00:00+01:00,1705.713317082155,1709.7126449064979,1667.7197027508996,1701.7139892578125,89458,0.0,0.0
2024-06-10 00:00:00+01:00,1667.719628218126,1730.7090386364366,1667.719628218126,1702.7137451171875,89596,0.0,0.0
2024-06-11 00:00:00+01:00,1703.7135490778242,1722.7103550827999,1689.715902547842,1712.7120361328125,214911,0.0,0.0
2024-06-12 00:00:00+01:00,1731.7088248457885,1764.7032770512799,1712.7120190305056,1762.70361328125,651815,0.0,0.0
2024-06-13 00:00:00+01:00,1793.6983995225694,1793.6983995225694,1749.7057966357283,1754.7049560546875,195330,0.0,0.0
2024-06-14 00:00:00+01:00,1796.6978861786083,1796.6978861786083,1713.7118402393628,1722.7103271484375,467848,0.0,0.0
2024-06-17 00:00:00+01:00,1765.7031922271285,1765.7031922271285,1700.7141166355298,1724.7100830078125,78273,0.0,0.0
2024-06-18 00:00:00+01:00,1727.7095130237826,1774.701612046999,1713.9117840651343,1765.703125,343768,0.0,0.0
2024-06-19 00:00:00+01:00,1739.7075373781945,1780.3307130898852,1739.7075373781945,1750.7056884765625,432087,0.0,0.0
2024-06-20 00:00:00+01:00,1749.7058520072817,1796.6979520326202,1744.706692430118,1795.6981201171875,272379,0.0,0.0
2024-06-21 00:00:00+01:00,1790.6989957601718,1835.691432839573,1752.705382226455,1817.6944580078125,1636252,0.0,0.0
2024-06-24 00:00:00+01:00,1785.6998291673685,1854.688232421875,1785.6998291673685,1854.688232421875,963195,0.0,0.0
2024-06-25 00:00:00+01:00,1832.6919209630037,1852.6885594896048,1802.6969631731017,1814.6949462890625,1298553,0.0,0.0
2024-06-26 00:00:00+01:00,1783.700154780022,1823.6934317930272,1783.700154780022,1806.6962890625,603394,0.0,0.0
2024-06-27 00:00:00+01:00,1789.6992373743262,1815.1050020631767,1488.3608398238323,1808.696044921875,502048,0.0,0.0
2024-06-28 00:00:00+01:00,1812.6952524389876,1824.6932353563996,1794.6982780628698,1816.694580078125,480045,0.0,0.0
2024-07-01 00:00:00+01:00,1814.6950295094111,1825.6931812034077,1768.7027587890625,1768.7027587890625,646056,0.0,0.0
2024-07-02 00:00:00+01:00,1762.703691144178,1777.7011700818766,1742.70705256058,1769.7025146484375,279133,0.0,0.0
2024-07-03 00:00:00+01:00,1789.6990966796875,1789.6990966796875,1763.7034673424405,1789.6990966796875,831308,0.0,0.0
2024-07-04 00:00:00+01:00,1785.6997711215588,1808.695904792217,1746.706327071312,1797.69775390625,93139,0.0,0.0
2024-07-05 00:00:00+01:00,1719.7108816631924,1750.7056708094476,1678.7177734375,1678.7177734375,667737,0.0,0.0
2024-07-08 00:00:00+01:00,1681.7172899286995,1693.715272972186,1636.724853515625,1636.724853515625,476396,0.0,0.0
2024-07-09 00:00:00+01:00,1634.7250790901371,1643.7235657640279,1609.1294080721389,1623.7269287109375,275023,0.0,0.0
2024-07-10 00:00:00+01:00,1627.7262815710615,1638.7244321222174,1598.7311573907416,1605.72998046875,365550,0.0,0.0
2024-07-11 00:00:00+01:00,1607.7297241286244,1631.7256901603948,1582.7339261788634,1620.7275390625,441688,0.0,0.0
2024-07-12 00:00:00+01:00,1619.7276334236005,1642.7237664907257,1616.7281378061493,1629.7259521484375,202969,0.0,0.0
2024-07-15 00:00:00+01:00,1600.7308829550418,1633.7253358829096,1597.7313872343263,1609.7293701171875,226357,0.0,0.0
2024-07-16 00:00:00+01:00,1642.7238066886327,1642.7238066886327,1597.7313713258886,1606.7298583984375,177408,0.0,0.0
2024-07-17 00:00:00+01:00,1641.7240455559581,1641.7240455559581,1573.7354736328125,1573.7354736328125,143999,0.0,0.0
2024-07-18 00:00:00+01:00,1565.7367286392405,1603.7303401898732,1554.7385779272151,1579.734375,626692,0.0,0.0
2024-07-19 00:00:00+01:00,1550.7392798594196,1585.733396426202,1550.7392798594196,1577.7347412109375,528054,0.0,0.0
2024-07-22 00:00:00+01:00,1579.7344285807696,1612.7288818359375,1576.7349328302998,1612.7288818359375,264802,0.0,0.0
2024-07-23 00:00:00+01:00,1641.7240362613556,1641.7240362613556,1602.7305908203125,1602.7305908203125,305513,0.0,0.0
2024-07-24 00:00:00+01:00,1580.734209036647,1617.7279887547722,1573.7353858467313,1587.7330322265625,282470,0.0,0.0
2024-07-25 00:00:00+01:00,1597.731393473359,1612.7288721354994,1543.7404702896536,1572.735595703125,185791,0.0,0.0
2024-07-26 00:00:00+01:00,1550.7392232642985,1603.730312131486,1550.7392232642985,1589.732666015625,112401,0.0,0.0
2024-07-29 00:00:00+01:00,1560.73767733529,1625.7267542262534,1560.73767733529,1592.7322998046875,178023,0.0,0.0
2024-07-30 00:00:00+01:00,1618.7278875094742,1625.7267109885145,1591.7324255188898,1607.729736328125,435854,0.0,0.0
2024-07-31 00:00:00+01:00,1609.729374021035,1631.7256760262915,1585.733408197119,1625.7266845703125,272580,0.0,0.0
2024-08-01 00:00:00+01:00,1584.7335606714273,1655.7216255343114,1584.7335606714273,1622.7271728515625,414739,0.0,0.0
2024-08-02 00:00:00+01:00,1570.7359887176533,1620.0327565657922,1536.741702520072,1552.739013671875,245509,0.0,0.0
2024-08-05 00:00:00+01:00,1515.7451450707588,1533.7421190887492,1482.7506927044426,1505.746826171875,497844,0.0,0.0
2024-08-06 00:00:00+01:00,1511.7458534440445,1539.7411470263417,1486.7500556027078,1527.7431640625,400117,0.0,0.0
2024-08-07 00:00:00+01:00,1558.7379591637052,1562.7372868331438,1525.7435058908366,1551.7391357421875,272094,0.0,0.0
2024-08-08 00:00:00+01:00,1552.739013671875,1587.7331318164438,1526.743383050195,1552.739013671875,99756,0.0,0.0
2024-08-09 00:00:00+01:00,1594.7319571319717,1627.7264114174607,1555.7385111582118,1560.7376708984375,176414,0.0,0.0
2024-08-12 00:00:00+01:00,1561.7375330114455,1574.7353485870851,1529.7429100560255,1558.738037109375,93664,0.0,0.0
2024-08-13 00:00:00+01:00,1539.7411269655654,1569.736083984375,1527.7431441580413,1569.736083984375,146732,0.0,0.0
2024-08-14 00:00:00+01:00,1583.7338057034754,1602.7306127163326,1557.738175054302,1560.7376708984375,124503,0.0,0.0
2024-08-15 00:00:00+01:00,1561.7374250193498,1614.728515625,1535.7417956656345,1614.728515625,203715,0.0,0.0
2024-08-16 00:00:00+01:00,1605.730063986618,1636.724853515625,1578.5025854785592,1636.724853515625,200641,0.0,0.0
2024-08-19 00:00:00+01:00,1633.7254052793703,1649.9826825401979,1612.9738882880924,1645.723388671875,135729,0.0,0.0
2024-08-20 00:00:00+01:00,1607.7297823036436,1662.7205397829348,1607.7297823036436,1608.7296142578125,189978,0.0,0.0
2024-08-21 00:00:00+01:00,1653.721988475954,1653.721988475954,1590.7325777903525,1604.730224609375,276956,0.0,0.0
2024-08-22 00:00:00+01:00,1597.7313186124663,1617.7279558917212,1581.7340087890625,1581.7340087890625,304450,0.0,0.0
2024-08-23 00:00:00+01:00,1558.7379527587123,1598.7312292887625,1532.7423230141794,1588.73291015625,533365,0.0,0.0
2024-08-27 00:00:00+01:00,1588.7329976386757,1598.7313173217385,1560.7377025260998,1566.7366943359375,209344,0.0,0.0
2024-08-28 00:00:00+01:00,1568.736294447724,1572.7356221582345,1554.7386474609375,1554.7386474609375,146550,0.0,0.0
2024-08-29 00:00:00+01:00,1554.7386527952324,1578.734619140625,1554.7386527952324,1578.734619140625,147616,0.0,0.0
2024-08-30 00:00:00+01:00,1573.735486223024,1576.7349820671595,1539.7411999894898,1560.7376708984375,245358,0.0,0.0
2024-09-02 00:00:00+01:00,1566.7366500524886,1594.731944373784,1539.7411876712397,1573.7354736328125,374259,0.0,0.0
2024-09-03 00:00:00+01:00,1579.7343967926302,1579.7343967926302,1545.7401123046875,1545.7401123046875,251843,0.0,0.0
2024-09-04 00:00:00+01:00,1516.7449832292943,1579.734392552594,1514.745319441253,1529.7427978515625,135556,0.0,0.0
2024-09-05 00:00:00+01:00,1529.742793658923,1532.742289332764,1506.7466601594751,1513.7454833984375,253279,0.0,0.0
2024-09-06 00:00:00+01:00,1494.7486572265625,1522.7379693636826,1485.7501703268708,1494.7486572265625,243493,0.0,0.0
2024-09-09 00:00:00+01:00,1493.7488977331593,1524.7436874451591,1467.753267652127,1477.7515869140625,172181,0.0,0.0
2024-09-10 00:00:00+01:00,1455.7552118359113,1492.7489912575656,1455.7552118359113,1486.75,197278,0.0,0.0
2024-09-11 00:00:00+01:00,1498.748055511267,1499.7478874362243,1461.7542742878402,1469.7529296875,190690,0.0,0.0
2024-09-12 00:00:00+01:00,1430.7594592186713,1503.7471884450606,1430.7594592186713,1487.7498779296875,483714,0.0,0.0
2024-09-13 00:00:00+01:00,1498.748044991957,1499.7478769098968,1457.1550616156146,1490.7493896484375,349325,0.0,0.0
2024-09-16 00:00:00+01:00,1482.7507767509314,1508.7464073615345,1471.7526253387534,1475.751953125,278036,0.0,0.0
2024-09-17 00:00:00+01:00,1499.747818815494,1517.74479264128,1476.5966823604292,1502.747314453125,571104,0.0,0.0
2024-09-18 00:00:00+01:00,1539.7411391314338,1539.7411391314338,1486.7500479795078,1495.74853515625,189497,0.0,0.0
2024-09-19 00:00:00+01:00,1513.7455129653727,1579.7344190787906,1508.7463534113258,1572.735595703125,193725,0.0,0.0
2024-09-20 00:00:00+01:00,1552.739008642163,1572.7356475171425,1526.7433781046896,1528.7430419921875,758124,0.0,0.0
2024-09-23 00:00:00+01:00,1502.7474694349455,1541.7409167456328,1502.7474694349455,1516.7451171875,144726,0.0,0.0
2024-09-24 00:00:00+01:00,1521.7442293445376,1534.742044706876,1500.7477583746063,1507.74658203125,88161,0.0,0.0
2024-09-25 00:00:00+01:00,1495.7485114159,1524.743636302973,1495.7485114159,1521.744140625,204124,0.0,0.0
2024-09-26 00:00:00+01:00,1481.7509150144433,1554.7386456460588,1481.7509150144433,1546.739990234375,298959,0.0,0.0
2024-09-27 00:00:00+01:00,1544.7403613467973,1568.736328125,1539.7412016013384,1568.736328125,185846,0.0,0.0
2024-09-30 00:00:00+01:00,1566.7366145025824,1591.732412436574,1528.7430016429155,1551.7391357421875,329490,0.0,0.0
2024-10-01 00:00:00+01:00,1546.7399742640362,1577.734763664285,1542.6436170128998,1543.740478515625,494628,0.0,0.0
2024-10-02 00:00:00+01:00,1504.747109428519,1559.7378675803918,1504.747109428519,1550.7393798828125,180200,0.0,0.0
2024-10-03 00:00:00+01:00,1543.7405261489857,1555.738509512838,1539.741198361035,1552.739013671875,134685,0.0,0.0
2024-10-04 00:00:00+01:00,1549.7395508747309,1585.7335017337568,1540.7410631599744,1566.7366943359375,206165,0.0,0.0
2024-10-07 00:00:00+01:00,1549.739549403163,1573.7355166197283,1549.739549403163,1558.738037109375,163445,0.0,0.0
2024-10-08 00:00:00+01:00,1525.7435762396653,1567.7365187049772,1510.7460967877682,1526.743408203125,312090,0.0,0.0
2024-10-09 00:00:00+01:00,1502.7473387401963,1539.7411188688639,1502.7473387401963,1537.741455078125,144676,0.0,0.0
2024-10-10 00:00:00+01:00,1528.742994047466,1537.7414812589946,1500.7477005004882,1519.7445068359375,116720,0.0,0.0
2024-10-11 00:00:00+01:00,1548.7396629444067,1548.7396629444067,1479.7512596240942,1517.744873046875,258726,0.0,0.0
2024-10-14 00:00:00+01:00,1548.739666517275,1548.739666517275,1513.7455488102999,1533.7421875,198317,0.0,0.0
2024-10-15 00:00:00+01:00,1558.7379019514447,1558.7379019514447,1509.746139799026,1510.7459716796875,294465,0.0,0.0
2024-10-16 00:00:00+01:00,1530.742704192092,1525.7435444788584,1514.7453931097448,1520.744384765625,207549,0.0,0.0
2024-10-17 00:00:00+01:00,1555.738567275155,1555.738567275155,1491.749320292115,1532.742431640625,392081,0.0,0.0
2024-10-18 00:00:00+01:00,1503.7473067301485,1548.73974609375,1494.7488188574282,1548.73974609375,308371,0.0,0.0
2024-10-21 00:00:00+01:00,1560.7376191616058,1561.7374510765076,1524.7436702251434,1535.7418212890625,236613,0.0,0.0
2024-10-22 00:00:00+01:00,1568.7362438345763,1568.7362438345763,1514.7453214846291,1537.741455078125,138007,0.0,0.0
2024-10-23 00:00:00+01:00,1534.7420495732958,1539.741209343893,1518.7447383073852,1531.7425537109375,253823,0.0,0.0
2024-10-24 00:00:00+01:00,1584.733521729234,1735.7081348403474,1584.733521729234,1698.71435546875,1440214,0.0,0.0
2024-10-25 00:00:00+01:00,1682.7170950082632,1715.7115478515625,1660.7207931127305,1715.7115478515625,500729,0.0,0.0
2024-10-28 00:00:00+00:00,1709.7125389297848,1772.7019482587768,1702.713715671008,1765.703125,437668,0.0,0.0
2024-10-29 00:00:00+00:00,1779.7008848907556,1799.6975240468316,1754.7050859456608,1794.6983642578125,336098,0.0,0.0
2024-10-30 00:00:00+00:00,1789.6992316645856,1798.6977194215585,1749.7059527447066,1776.701416015625,371736,0.0,0.0
2024-10-31 00:00:00+00:00,1760.703993967782,1767.2029013844717,1694.715087890625,1694.715087890625,479012,0.0,0.0
2024-11-01 00:00:00+00:00,1686.7164245747083,1723.710205078125,1684.7167607637127,1723.710205078125,179352,0.0,0.0
2024-11-04 00:00:00+00:00,1712.7120039525896,1723.7101545909309,1698.71435768561,1706.7130126953125,267517,0.0,0.0
2024-11-05 00:00:00+00:00,1670.7190965428663,1717.7111956078063,1670.7190965428663,1712.7120361328125,297013,0.0,0.0
2024-11-06 00:00:00+00:00,1718.7111130984708,1734.7084242151525,1672.7188436380115,1682.7171630859375,218609,0.0,0.0
2024-11-07 00:00:00+00:00,1699.8971079982452,1709.896502751176,1651.9000131841772,1673.898681640625,236943,18.099998,0.0
2024-11-08 00:00:00+00:00,1649.9000736065766,1701.5569791796581,1649.9000736065766,1674.8985595703125,150377,0.0,0.0
2024-11-11 00:00:00+00:00,1715.8960688594952,1716.8960082935625,1664.8991577220627,1690.8975830078125,106907,0.0,0.0
2024-11-12 00:00:00+00:00,1682.8981348703815,1700.8970454037544,1674.8986190777712,1677.8984375,1009792,0.0,0.0
2024-11-13 00:00:00+00:00,1634.9009341638066,1662.8992376234926,1615.9020853875911,1647.900146484375,293228,0.0,0.0
2024-11-14 00:00:00+00:00,1612.9022636966429,1658.8994764245076,1607.9025666610055,1655.899658203125,147307,0.0,0.0
2024-11-15 00:00:00+00:00,1611.902340133102,1679.898220486111,1596.9032488787616,1619.90185546875,141603,0.0,0.0
2024-11-18 00:00:00+00:00,1619.9018545656404,1630.9011881460244,1606.9026421524593,1621.9017333984375,105210,0.0,0.0
2024-11-19 00:00:00+00:00,1626.9014844107935,1636.90087890625,1603.9028770712432,1636.90087890625,130267,0.0,0.0
2024-11-20 00:00:00+00:00,1620.901808713517,1650.8999914781102,1589.9036865234375,1589.9036865234375,177033,0.0,0.0
2024-11-21 00:00:00+00:00,1572.9047732320366,1627.901443624765,1558.905620768433,1596.9033203125,239588,0.0,0.0
2024-11-22 00:00:00+00:00,1619.9018646240233,1624.9015617370605,1598.9031367492676,1599.903076171875,270368,0.0,0.0
2024-11-25 00:00:00+00:00,1604.9027597626293,1629.9012451171875,1598.9031232775353,1629.9012451171875,584589,0.0,0.0
2024-11-26 00:00:00+00:00,1646.9002234219913,1646.9002234219913,1605.9027072348015,1611.90234375,191084,0.0,0.0
2024-11-27 00:00:00+00:00,1651.899931862012,1651.899931862012,1576.9044749070176,1587.90380859375,290072,0.0,0.0
2024-11-28 00:00:00+00:00,1590.9036277973034,1609.9024769036196,1581.6041423043077,1585.9039306640625,77641,0.0,0.0
2024-11-29 00:00:00+00:00,1563.9052669394605,1590.903631522175,1563.9052669394605,1577.9044189453125,126397,0.0,0.0
2024-12-02 00:00:00+00:00,1545.9064234724442,1588.8537749630193,1545.9064234724442,1564.9052734375,160500,0.0,0.0
2024-12-03 00:00:00+00:00,1589.903756133781,1589.903756133781,1557.4557691812515,1572.90478515625,144649,0.0,0.0
2024-12-04 00:00:00+00:00,1595.9033909073794,1595.9033909073794,1560.9055095278318,1576.904541015625,538760,0.0,0.0
2024-12-05 00:00:00+00:00,1595.9033909073794,1595.9033909073794,1557.9056911238704,1576.904541015625,426923,0.0,0.0
2024-12-06 00:00:00+00:00,1568.904966863967,1579.9043006023378,1549.6541798151177,1571.90478515625,92250,0.0,0.0
2024-12-09 00:00:00+00:00,1591.9035728289787,1591.9035728289787,1557.9056322032343,1573.9046630859375,152757,0.0,0.0
2024-12-10 00:00:00+00:00,1558.9056437410593,1572.9047964109598,1539.9067936890515,1550.9061279296875,135658,0.0,0.0
2024-12-11 00:00:00+00:00,1539.9067392336842,1549.9061336442926,1531.9072237051976,1537.9068603515625,241639,0.0,0.0
2024-12-12 00:00:00+00:00,1572.904747670091,1572.904747670091,1511.9084414985236,1523.90771484375,367158,0.0,0.0
2024-12-13 00:00:00+00:00,1549.9061394487733,1549.9061394487733,1517.9080772149923,1525.9075927734375,204412,0.0,0.0
2024-12-16 00:00:00+00:00,1505.9088057769895,1531.0992969028682,1505.9088057769895,1521.9078369140625,205181,0.0,0.0
2024-12-17 00:00:00+00:00,1526.9075429388818,1531.9072401980136,1500.184185501406,1503.908935546875,156976,0.0,0.0
2024-12-18 00:00:00+00:00,1512.9083857467026,1523.907719681411,1498.309294209583,1513.9083251953125,332895,0.0,0.0
2024-12-19 00:00:00+00:00,1490.9096608405566,1506.90869140625,1479.9103273266423,1506.90869140625,330417,0.0,0.0
2024-12-20 00:00:00+00:00,1506.908744271346,1536.9069276344119,1464.9112875630535,1523.90771484375,726305,0.0,0.0
2024-12-23 00:00:00+00:00,1491.9096479154784,1546.9063172421213,1491.9096479154784,1533.9071044921875,146126,0.0,0.0
2024-12-24 00:00:00+00:00,1567.9050426136364,1567.9050426136364,1530.9072833172686,1539.90673828125,63911,0.0,0.0
2024-12-27 00:00:00+00:00,1505.9088001077148,1550.9060750113317,1505.9088001077148,1533.9071044921875,147444,0.0,0.0
2024-12-30 00:00:00+00:00,1533.9070518770627,1538.906748917079,1504.908809044967,1514.908203125,70426,0.0,0.0
2024-12-31 00:00:00+00:00,1552.9059587613804,1552.9059587613804,1517.8551028636027,1523.90771484375,38175,0.0,0.0
2025-01-02 00:00:00+00:00,1525.907532178535,1531.9071686091188,1511.4084108046234,1524.9075927734375,92705,0.0,0.0
2025-01-03 00:00:00+00:00,1556.905718512284,1556.905718512284,1496.9093517102692,1519.907958984375,83393,0.0,0.0
2025-01-06 00:00:00+00:00,1494.909519227613,1560.9055247587316,1488.9098823611475,1546.9063720703125,142307,0.0,0.0
2025-01-07 00:00:00+00:00,1565.9051656723022,1565.9051656723022,1521.9078302383423,1535.906982421875,120494,0.0,0.0
2025-01-08 00:00:00+00:00,1541.9065875812585,1587.903800959169,1465.9111915655803,1470.910888671875,179853,0.0,0.0
2025-01-09 00:00:00+00:00,1464.9113075163682,1481.9102783203125,1449.780265611585,1481.9102783203125,235640,0.0,0.0
2025-01-10 00:00:00+00:00,1486.9099085166702,1502.9089391395798,1463.9113019962374,1494.909423828125,189255,0.0,0.0
2025-01-13 00:00:00+00:00,1469.9110127406102,1501.4591516691576,1465.9112548828125,1465.9112548828125,422895,0.0,0.0
2025-01-14 00:00:00+00:00,1450.912165895227,1487.909926155822,1450.912165895227,1459.91162109375,278326,0.0,0.0
2025-01-15 00:00:00+00:00,1469.91094203146,1497.9092456892022,1469.91094203146,1486.909912109375,236216,0.0,0.0
2025-01-16 00:00:00+00:00,1512.9083945534446,1514.9082734623057,1482.9102109205278,1495.909423828125,212449,0.0,0.0
2025-01-17 00:00:00+00:00,1499.9091227049798,1514.9082139320296,1478.9103949871103,1490.90966796875,465005,0.0,0.0
2025-01-20 00:00:00+00:00,1478.9104629144438,1510.9085256685087,1466.8911710623804,1475.91064453125,137135,0.0,0.0
2025-01-21 00:00:00+00:00,1479.910332619147,1500.909060311716,1455.9117866847826,1494.909423828125,594128,0.0,0.0
2025-01-22 00:00:00+00:00,1498.9091770108753,1536.9068746268947,1498.9091770108753,1504.9088134765625,219249,0.0,0.0
2025-01-23 00:00:00+00:00,1535.9069930647292,1535.9069930647292,1475.9106261481381,1513.9083251953125,159910,0.0,0.0
2025-01-24 00:00:00+00:00,1503.9088635341727,1534.906985056486,1503.9088635341727,1528.9073486328125,206236,0.0,0.0
2025-01-27 00:00:00+00:00,1511.908442453392,1537.9068680511355,1475.910622394978,1521.9078369140625,194563,0.0,0.0
2025-01-28 00:00:00+00:00,1478.9103923178388,1522.9077265044411,1466.9111193578563,1496.9093017578125,311579,0.0,0.0
2025-01-29 00:00:00+00:00,1524.9076514150581,1537.9068641812194,1499.9091653262867,1529.9073486328125,254814,0.0,0.0
2025-01-30 00:00:00+00:00,1529.9073345477764,1559.905517578125,1525.7076377486953,1559.905517578125,125216,0.0,0.0
2025-01-31 00:00:00+00:00,1554.9058003794225,1615.9021050888405,1552.9059215364907,1603.90283203125,416601,0.0,0.0
2025-02-03 00:00:00+00:00,1570.9048338163182,1609.9024713203514,1560.9054395845149,1597.9031982421875,328564,0.0,0.0
2025-02-04 00:00:00+00:00,1591.9036200434732,1610.902469780173,1579.9043465255577,1602.9029541015625,172579,0.0,0.0
2025-02-05 00:00:00+00:00,1562.9053275104711,1600.9030258120692,1554.9058120785558,1577.9044189453125,260351,0.0,0.0
2025-02-06 00:00:00+00:00,1599.9031347352025,1606.902710949669,1551.9060406931465,1604.90283203125,225157,0.0,0.0
2025-02-07 00:00:00+00:00,1614.9022276194783,1614.9022276194783,1592.9035595032994,1602.9029541015625,279927,0.0,0.0
2025-02-10 00:00:00+00:00,1607.902641592537,1626.9014912133443,1589.9037314254563,1622.9017333984375,139147,0.0,0.0
2025-02-11 00:00:00+00:00,1616.9020354172278,1629.9012478231796,1612.7522624288983,1623.901611328125,521813,0.0,0.0
2025-02-12 00:00:00+00:00,1592.9034903228796,1638.9817532541279,1592.9034903228796,1621.9017333984375,331435,0.0,0.0
2025-02-13 00:00:00+00:00,1625.9014830054307,1642.7005139428304,1614.9021494795636,1639.900634765625,425760,0.0,0.0
2025-02-14 00:00:00+00:00,1675.8985115268722,1675.8985115268722,1600.9030530754908,1648.900146484375,185071,0.0,0.0
2025-02-17 00:00:00+00:00,1610.9024419353927,1660.8994140625,1610.9024419353927,1660.8994140625,106133,0.0,0.0
2025-02-18 00:00:00+00:00,1640.9005741770675,1665.8990594631287,1639.900634765625,1639.900634765625,141990,0.0,0.0
2025-02-19 00:00:00+00:00,1613.9022871641355,1649.9001076956777,1601.9030136536214,1604.90283203125,393335,0.0,0.0
2025-02-20 00:00:00+00:00,1597.9032000801346,1605.9027154747785,1579.9042904421856,1593.9034423828125,294877,0.0,0.0
2025-02-21 00:00:00+00:00,1609.902538354846,1610.9024778196626,1579.9043544103458,1586.9039306640625,323244,0.0,0.0
2025-02-24 00:00:00+00:00,1619.9019422950525,1619.9019422950525,1552.905997768035,1568.905029296875,222751,0.0,0.0
2025-02-25 00:00:00+00:00,1563.9053299328511,1573.9047246255166,1552.9059957709194,1572.90478515625,221581,0.0,0.0
2025-02-26 00:00:00+00:00,1574.904596970932,1591.9035672239518,1564.90520270445,1585.9039306640625,170936,0.0,0.0
2025-02-27 00:00:00+00:00,1550.9060702150966,1585.9039505874555,1537.9068575053634,1543.906494140625,280382,0.0,0.0
2025-02-28 00:00:00+00:00,1544.906451076032,1545.9063905265666,1506.9087519557154,1507.90869140625,538999,0.0,0.0
2025-03-03 00:00:00+00:00,1544.9063764441673,1544.9063764441673,1502.9089215505394,1534.906982421875,188737,0.0,0.0
2025-03-04 00:00:00+00:00,1566.9051271494848,1566.9051271494848,1487.9099101457775,1491.90966796875,298125,0.0,0.0
2025-03-05 00:00:00+00:00,1523.90771484375,1529.9073515163632,1497.9092892624262,1523.90771484375,314213,0.0,0.0
2025-03-06 00:00:00+00:00,1539.9068008651188,1547.9063167137688,1518.9080717624126,1536.906982421875,346782,0.0,0.0
2025-03-07 00:00:00+00:00,1501.9090945771466,1572.9047974499676,1501.9090945771466,1548.90625,842265,0.0,0.0
2025-03-10 00:00:00+00:00,1554.9058366728016,1561.9054127864413,1523.907713883826,1525.9075927734375,182081,0.0,0.0
2025-03-11 00:00:00+00:00,1565.9051166172446,1565.9051166172446,1506.90869140625,1506.90869140625,159609,0.0,0.0
2025-03-12 00:00:00+00:00,1545.906331163339,1545.906331163339,1490.9096634958205,1500.9090576171875,207995,0.0,0.0
2025-03-13 00:00:00+00:00,1498.9092018973984,1507.908656745348,1450.912109375,1450.912109375,421376,0.0,0.0
2025-03-14 00:00:00+00:00,1426.9135445392299,1492.9095458984375,1426.9135445392299,1492.9095458984375,567844,0.0,0.0
2025-03-17 00:00:00+00:00,1488.9097846715472,1515.908148799238,1483.9100876108637,1500.9090576171875,178039,0.0,0.0
2025-03-18 00:00:00+00:00,1528.9074247481276,1628.9013701207978,1499.9091805900532,1622.9017333984375,667853,0.0,0.0
2025-03-19 00:00:00+00:00,1741.894476180686,1835.8887820136279,1728.895263671875,1728.895263671875,915282,0.0,0.0
2025-03-20 00:00:00+00:00,1738.8946846222636,1776.8923833086615,1656.8996506147732,1672.898681640625,516143,0.0,0.0
2025-03-21 00:00:00+00:00,1669.89887582655,1682.8980886323855,1632.9011163022492,1646.9002685546875,483661,0.0,0.0
2025-03-24 00:00:00+00:00,1624.9015969452182,1670.8988113818214,1624.9015969452182,1654.8997802734375,155970,0.0,0.0
2025-03-25 00:00:00+00:00,1653.8997758718638,1684.8978974268987,1645.9002606318547,1663.899169921875,477255,0.0,0.0
2025-03-26 00:00:00+00:00,1659.899415831635,1680.8981433813124,1646.9002035389776,1655.899658203125,589853,0.0,0.0
2025-03-27 00:00:00+00:00,1654.8997268397293,1654.8997268397293,1624.9015444800966,1637.9007568359375,226323,0.0,0.0
2025-03-28 00:00:00+00:00,1632.9011328851518,1644.900406366243,1599.9031308121512,1612.90234375,174746,0.0,0.0
2025-03-31 00:00:00+01:00,1603.9029046094245,1608.902601942995,1579.904357408286,1580.904296875,377357,0.0,0.0
2025-04-01 00:00:00+01:00,1594.9033718297978,1626.9014332082013,1580.9042199767462,1615.902099609375,355334,0.0,0.0
2025-04-02 00:00:00+01:00,1581.9041620669157,1623.9016176970108,1581.9041620669157,1609.9024658203125,164294,0.0,0.0
2025-04-03 00:00:00+01:00,1590.9036835423842,1602.9029570826158,1579.9043494638383,1596.9033203125,308765,0.0,0.0
2025-04-04 00:00:00+01:00,1635.900982347674,1635.900982347674,1509.9086084015817,1552.906005859375,470240,0.0,0.0
2025-04-07 00:00:00+01:00,1491.9096100983795,1553.9058539496527,1457.911669921875,1484.9100341796875,469952,0.0,0.0
2025-04-08 00:00:00+01:00,1516.9081264963459,1553.9058856791835,1484.910064500378,1549.9061279296875,306174,0.0,0.0
2025-04-09 00:00:00+01:00,1487.909921077806,1524.9076812121332,1466.9111923529176,1469.9110107421875,249498,0.0,0.0
2025-04-10 00:00:00+01:00,1554.0,1585.0,1508.0,1521.0,270455,8.900001,0.0
2025-04-11 00:00:00+01:00,1537.0,1546.748046875,1488.0,1527.0,176018,0.0,0.0
2025-04-14 00:00:00+01:00,1554.0,1568.0,1524.0,1562.0,205751,0.0,0.0
2025-04-15 00:00:00+01:00,1564.0,1588.0,1529.0,1584.0,156181,0.0,0.0
2025-04-16 00:00:00+01:00,1584.0,1598.0,1565.0,1598.0,231997,0.0,0.0
2025-04-17 00:00:00+01:00,1587.0,1597.0,1577.0,1584.0,267360,0.0,0.0
2025-04-22 00:00:00+01:00,1584.0,1607.0,1566.0,1607.0,387732,0.0,0.0
2025-04-23 00:00:00+01:00,1623.0,1649.0,1599.0,1599.0,366888,0.0,0.0
2025-04-24 00:00:00+01:00,1590.0,1607.0,1573.0,1582.0,236201,0.0,0.0
2025-04-25 00:00:00+01:00,1587.0,1603.0,1575.0,1595.0,160859,0.0,0.0
2025-04-28 00:00:00+01:00,1608.0,1641.0,1589.0,1630.0,318456,0.0,0.0
2025-04-29 00:00:00+01:00,1637.0,1647.0,1625.0,1647.0,124692,0.0,0.0
2025-04-30 00:00:00+01:00,1686.0,1686.0,1640.0,1671.0,356517,0.0,0.0
2025-05-01 00:00:00+01:00,1687.0,1717.0,1675.0,1703.0,111252,0.0,0.0
2025-05-02 00:00:00+01:00,1694.0,1726.0,1693.0,1715.0,254973,0.0,0.0
2025-05-06 00:00:00+01:00,1728.0,1751.0,1717.0,1741.0,255440,0.0,0.0
2025-05-07 00:00:00+01:00,1730.0,1769.0,1730.0,1764.0,284307,0.0,0.0
2025-05-08 00:00:00+01:00,1765.0,1808.0,1760.0,1805.0,451902,0.0,0.0
2025-05-09 00:00:00+01:00,1828.0,1830.0,1799.0,1800.0,560343,0.0,0.0
2025-05-12 00:00:00+01:00,1805.0,1831.0,1775.4599609375,1791.0,242084,0.0,0.0
2025-05-13 00:00:00+01:00,1798.0,1808.0,1766.0,1779.0,228027,0.0,0.0
2025-05-14 00:00:00+01:00,1815.0,1815.0,1783.0,1808.0,202447,0.0,0.0
2025-05-15 00:00:00+01:00,1830.0,1836.998046875,1767.0,1830.0,233343,0.0,0.0
2025-05-16 00:00:00+01:00,1841.0,1852.0,1825.0,1831.0,345841,0.0,0.0
2025-05-19 00:00:00+01:00,1806.0,1835.0,1792.0,1824.0,799994,0.0,0.0
2025-05-20 00:00:00+01:00,1810.0,1831.0,1799.0,1811.0,318535,0.0,0.0
2025-05-21 00:00:00+01:00,1799.0,1810.0,1754.0,1774.0,228617,0.0,0.0
2025-05-22 00:00:00+01:00,1745.0,1776.0,1740.0,1764.0,176426,0.0,0.0
2025-05-23 00:00:00+01:00,1790.0,1790.0,1720.0,1747.0,224608,0.0,0.0
2025-05-27 00:00:00+01:00,1768.0,1794.0,1751.0,1780.0,573584,0.0,0.0
2025-05-28 00:00:00+01:00,1766.0,1858.7469482421875,1757.0,1793.0,440244,0.0,0.0
2025-05-29 00:00:00+01:00,1821.0,1821.0,1789.97900390625,1799.0,146902,0.0,0.0
2025-05-30 00:00:00+01:00,1796.0,1817.0,1786.0,1791.0,375988,0.0,0.0
2025-06-02 00:00:00+01:00,1781.0,1800.0,1764.0,1796.0,180281,0.0,0.0
2025-06-03 00:00:00+01:00,1795.0,1806.0,1774.0,1787.0,172882,0.0,0.0
2025-06-04 00:00:00+01:00,1800.0,1823.0,1785.0,1809.0,172821,0.0,0.0
2025-06-05 00:00:00+01:00,1808.0,1829.0,1800.0,1816.0,185003,0.0,0.0
2025-06-06 00:00:00+01:00,1840.0,1840.0,1794.0,1820.0,104712,0.0,0.0
2025-06-09 00:00:00+01:00,1816.0,1829.0,1786.7340087890625,1820.0,119895,0.0,0.0
2025-06-10 00:00:00+01:00,1822.0,1869.0,1808.0,1859.0,393624,0.0,0.0
2025-06-11 00:00:00+01:00,1859.0,1865.0,1831.0,1856.0,190171,0.0,0.0
2025-06-12 00:00:00+01:00,1870.0,1870.0,1847.0,1860.0,102052,0.0,0.0
2025-06-13 00:00:00+01:00,1845.0,1846.0,1817.0,1832.0,148288,0.0,0.0
2025-06-16 00:00:00+01:00,1845.0,1847.092041015625,1818.0,1847.0,364908,0.0,0.0
2025-06-17 00:00:00+01:00,1844.0,1857.0,1813.968017578125,1836.0,562207,0.0,0.0
2025-06-18 00:00:00+01:00,1822.0,1866.0,1812.0,1866.0,427746,0.0,0.0
2025-06-19 00:00:00+01:00,1849.0,1861.0,1821.0,1832.0,329315,0.0,0.0
2025-06-20 00:00:00+01:00,1839.0,1960.0,1825.0,1888.0,1284106,0.0,0.0
2025-06-23 00:00:00+01:00,1840.0,1840.0,1775.0,1775.0,542207,0.0,0.0
2025-06-24 00:00:00+01:00,1811.0,1811.0,1753.0,1753.0,422405,0.0,0.0
2025-06-25 00:00:00+01:00,1763.0,1763.0,1741.0,1749.0,291144,0.0,0.0
2025-06-26 00:00:00+01:00,1759.0,1781.240966796875,1751.0,1765.0,549411,0.0,0.0
2025-06-27 00:00:00+01:00,1773.0,1774.0,1706.0,1725.0,296959,0.0,0.0
2025-06-30 00:00:00+01:00,1727.0,1733.0,1709.0,1717.0,256377,0.0,0.0
2025-07-01 00:00:00+01:00,1731.0,1735.0,1706.0,1727.0,205945,0.0,0.0
2025-07-02 00:00:00+01:00,1645.0,1658.0,1586.0,1623.0,797052,0.0,0.0
2025-07-03 00:00:00+01:00,1620.0,1640.0,1594.0,1636.0,455688,0.0,0.0
2025-07-04 00:00:00+01:00,1670.0,1680.8470458984375,1630.0,1657.0,358304,0.0,0.0
