Date,Open,High,Low,Close,Volume,Dividends,Stock Splits
2020-07-06 00:00:00+01:00,1654.292148214123,1676.262825703233,1612.3481275530949,1626.3294677734375,1902151,0.0,0.0
2020-07-07 00:00:00+01:00,1626.329468417908,1634.3188056898414,1592.8741185916876,1607.8541259765625,2716163,0.0,0.0
2020-07-08 00:00:00+01:00,1577.394666905,1600.3640099495171,1562.9139941160652,1588.3800048828125,1140854,0.0,0.0
2020-07-09 00:00:00+01:00,1601.8622182468473,1606.8555543386392,1561.915529512512,1573.8995361328125,1244587,0.0,0.0
2020-07-10 00:00:00+01:00,1541.4427455582156,1574.5295683648894,1537.9474105342742,1547.93408203125,1478778,0.0,0.0
2020-07-13 00:00:00+01:00,1578.393299651924,1595.8699733272854,1554.9246235735816,1560.9166259765625,1136002,0.0,0.0
2020-07-14 00:00:00+01:00,1542.4413994313052,1562.9140758238864,1520.9700558976224,1555.424072265625,1757808,0.0,0.0
2020-07-15 00:00:00+01:00,1463.0471922167305,1493.50653649155,1429.0925133529975,1468.04052734375,3556995,0.0,0.0
2020-07-16 00:00:00+01:00,1446.5692194796156,1466.0432269216956,1406.1232040229886,1433.5865478515625,2473857,0.0,0.0
2020-07-17 00:00:00+01:00,1438.0805840951812,1475.530599305993,1432.2953369537609,1461.0499267578125,1711246,0.0,0.0
2020-07-20 00:00:00+01:00,1453.5601137416147,1465.5441201757608,1422.1020968519817,1423.60009765625,2032345,0.0,0.0
2020-07-21 00:00:00+01:00,1432.0886162960492,1469.0392988643573,1411.1166072707933,1426.595947265625,5241880,0.0,0.0
2020-07-22 00:00:00+01:00,1422.1018476277372,1427.973039366903,1367.1751610971717,1368.173828125,1315685,0.0,0.0
2020-07-23 00:00:00+01:00,1375.1644982320227,1383.15383445995,1341.2098192633307,1343.2071533203125,1903574,0.0,0.0
2020-07-24 00:00:00+01:00,1328.2272013517386,1341.7092067789931,1295.2711880851166,1306.755859375,1516588,0.0,0.0
2020-07-27 00:00:00+01:00,1314.2462343505476,1314.2462343505476,1262.3155320813771,1276.296875,2020204,0.0,0.0
2020-07-28 00:00:00+01:00,1252.8278875441779,1270.8038954961867,1229.8585440499442,1258.320556640625,2314355,0.0,0.0
2020-07-29 00:00:00+01:00,1261.3166447846406,1324.6800778921518,1259.818644018863,1304.7586669921875,2731103,0.0,0.0
2020-07-30 00:00:00+01:00,1310.7505836767634,1313.2472514551955,1259.7366390852724,1288.7799072265625,2768332,0.0,0.0
2020-07-31 00:00:00+01:00,1295.7707132122475,1295.7707132122475,1250.8306884765625,1250.8306884765625,3197013,0.0,0.0
2020-08-03 00:00:00+01:00,1255.8239345550537,1278.2939453125,1238.8465930938721,1278.2939453125,1254228,0.0,0.0
2020-08-04 00:00:00+01:00,1278.293757321359,1293.2737622899685,1253.8264158726297,1278.7930908203125,3865422,0.0,0.0
2020-08-05 00:00:00+01:00,1295.7705515605085,1322.2352294921875,1280.7905451840866,1322.2352294921875,4853018,0.0,0.0
2020-08-06 00:00:00+01:00,1320.7373745148736,1326.2300441253326,1301.7626976787433,1313.7467041015625,2471809,0.0,0.0
2020-08-07 00:00:00+01:00,1311.2499307343453,1323.7332697550455,1283.786584888805,1318.2406005859375,4105847,0.0,0.0
2020-08-10 00:00:00+01:00,1337.7146128061654,1353.693286792652,1324.2326066300675,1348.699951171875,1349707,0.0,0.0
2020-08-11 00:00:00+01:00,1365.1778850223411,1422.1019080261988,1354.1925472496669,1405.6239013671875,1075715,0.0,0.0
2020-08-12 00:00:00+01:00,1406.6227318671956,1436.5627546064775,1397.4229736625837,1432.0887451171875,1212518,0.0,0.0
2020-08-13 00:00:00+01:00,1424.0993488323843,1447.5680267409123,1414.6120109544688,1419.6053466796875,1050755,0.0,0.0
2020-08-14 00:00:00+01:00,1418.6066532114567,1422.1019881542516,1379.6586352774568,1397.6346435546875,1227191,0.0,0.0
2020-08-17 00:00:00+01:00,1417.608094439177,1426.0967656633638,1383.1540759410075,1423.60009765625,856557,0.0,0.0
2020-08-18 00:00:00+01:00,1404.1260319010416,1437.082048297012,1398.134028919956,1423.1007080078125,1238516,0.0,0.0
2020-08-19 00:00:00+01:00,1421.6026809697748,1435.5840210003873,1409.61867522925,1419.6053466796875,757330,0.0,0.0
2020-08-20 00:00:00+01:00,1403.1273094383446,1425.5973197318413,1390.1446368243244,1404.1259765625,1008251,0.0,0.0
2020-08-21 00:00:00+01:00,1404.6252638700382,1417.607936056537,1384.152588499021,1402.6279296875,754590,0.0,0.0
2020-08-24 00:00:00+01:00,1413.613400754531,1424.099406199902,1386.5395479906824,1401.62939453125,1162663,0.0,0.0
2020-08-25 00:00:00+01:00,1408.6198898261512,1447.0685716824482,1408.6198898261512,1413.1138916015625,788775,0.0,0.0
2020-08-26 00:00:00+01:00,1410.1180210442153,1449.0660400390625,1400.131349507075,1449.0660400390625,916213,0.0,0.0
2020-08-27 00:00:00+01:00,1452.5612823739236,1469.5386229035603,1429.591939304415,1446.0699462890625,1153578,0.0,0.0
2020-08-28 00:00:00+01:00,1455.5573800609532,1463.0473837319357,1436.582704094464,1442.57470703125,1201240,0.0,0.0
2020-09-01 00:00:00+01:00,1443.0739398817236,1448.566608857052,1377.6612457209949,1397.13525390625,3628906,0.0,0.0
2020-09-02 00:00:00+01:00,1418.1073098654274,1457.5546610905574,1414.1126413869333,1454.059326171875,1287981,0.0,0.0
2020-09-03 00:00:00+01:00,1458.054007833802,1512.9806999097327,1452.561338626209,1465.044677734375,969982,0.0,0.0
2020-09-04 00:00:00+01:00,1451.562681315215,1492.0087002992304,1444.0726777996567,1464.0460205078125,761447,0.0,0.0
2020-09-07 00:00:00+01:00,1470.0377860841963,1502.4944627470609,1469.0391191099545,1494.505126953125,1448418,0.0,0.0
2020-09-08 00:00:00+01:00,1503.4934017740886,1507.9874039713543,1480.5240572102864,1498.000732421875,1182823,0.0,0.0
2020-09-09 00:00:00+01:00,1501.995525544212,1508.986196208314,1478.5268454575837,1479.5255126953125,850624,0.0,0.0
2020-09-10 00:00:00+01:00,1477.5280493809332,1501.9953945717632,1450.064702738165,1492.508056640625,930092,0.0,0.0
2020-09-11 00:00:00+01:00,1495.504056672127,1559.4187542527723,1495.504056672127,1547.93408203125,1117120,0.0,0.0
2020-09-14 00:00:00+01:00,1556.4227195903634,1573.9992366684442,1548.9327161274648,1557.42138671875,1127160,0.0,0.0
2020-09-15 00:00:00+01:00,1558.919273480053,1584.884616920464,1557.4212728969524,1581.3892822265625,856719,0.0,0.0
2020-09-16 00:00:00+01:00,1580.8900803727406,1605.35742526796,1559.9180704625528,1598.8660888671875,1181374,0.0,0.0
2020-09-17 00:00:00+01:00,1583.3867546530332,1621.3361060732886,1573.4000832266502,1604.3587646484375,1376177,0.0,0.0
2020-09-18 00:00:00+01:00,1597.8673115079366,1603.359980391245,1570.90330062624,1572.900634765625,2478976,0.0,0.0
2020-09-21 00:00:00+01:00,1591.3759116834103,1591.3759116834103,1483.2871508840342,1498.4998779296875,1312447,0.0,0.0
2020-09-22 00:00:00+01:00,1508.9860797723134,1549.4320997794468,1498.5000745852788,1533.9527587890625,1047600,0.0,0.0
2020-09-23 00:00:00+01:00,1569.9045494067104,1598.8658928754091,1522.967199647095,1525.4638671875,1358780,0.0,0.0
2020-09-24 00:00:00+01:00,1503.9926533260457,1565.910013555936,1500.4973184743583,1530.9566650390625,659154,0.0,0.0
2020-09-25 00:00:00+01:00,1541.4426171132066,1561.0943661916792,1504.4919356534147,1542.4412841796875,784494,0.0,0.0
2020-09-28 00:00:00+01:00,1566.9087864268909,1590.8767984563653,1539.445439309785,1581.8887939453125,1075919,0.0,0.0
2020-09-29 00:00:00+01:00,1579.391869979125,1601.3625441109875,1569.4051999191875,1589.3785400390625,1113148,0.0,0.0
2020-09-30 00:00:00+01:00,1577.3948466768595,1588.8795195079986,1537.4481585685503,1551.9288330078125,1309534,0.0,0.0
2020-10-01 00:00:00+01:00,1564.412095424107,1597.867445054945,1548.4334209735575,1590.37744140625,863443,0.0,0.0
2020-10-02 00:00:00+01:00,1584.3853690234375,1587.3813703515625,1534.951347109375,1560.4173583984375,793194,0.0,0.0
2020-10-05 00:00:00+01:00,1576.8953333605539,1594.8713409606107,1564.9113282938492,1588.3800048828125,1249702,0.0,0.0
2020-10-06 00:00:00+01:00,1587.8806124053103,1598.86594997541,1563.9126031614567,1594.3719482421875,811988,0.0,0.0
2020-10-07 00:00:00+01:00,1592.37477625613,2054.1634906282343,1569.5552561801717,1571.902099609375,1352448,0.0,0.0
2020-10-08 00:00:00+01:00,1583.886098475898,1594.8714371160208,1568.9060912393668,1584.884765625,1162895,0.0,0.0
2020-10-09 00:00:00+01:00,1591.8752219737225,1602.8605591391624,1582.387885330843,1600.3638916015625,1146807,0.0,0.0
2020-10-12 00:00:00+01:00,1598.3667621372329,1599.8647628515132,1570.903415708758,1585.8834228515625,813062,0.0,0.0
2020-10-13 00:00:00+01:00,1589.3788679337001,1590.3775351457227,1547.7824036495438,1574.898193359375,1048435,0.0,0.0
2020-10-14 00:00:00+01:00,1581.888781812882,1585.8834504538236,1544.4387633040542,1552.4281005859375,600443,0.0,0.0
2020-10-15 00:00:00+01:00,1533.95256302521,1537.4478976414784,1464.5452042164522,1485.5172119140625,1702105,0.0,0.0
2020-10-16 00:00:00+01:00,1514.977916450289,1564.9112690030342,1507.4879135673773,1532.45458984375,1819362,0.0,0.0
2020-10-19 00:00:00+01:00,1552.4279877007202,1560.9166579454652,1518.47330672174,1532.9539794921875,574044,0.0,0.0
2020-10-20 00:00:00+01:00,1531.9552661459184,1552.9272743526094,1525.4639302724186,1531.4559326171875,1072428,0.0,0.0
2020-10-21 00:00:00+01:00,1544.4386191269623,1544.4386191269623,1495.0045993100953,1498.999267578125,772063,0.0,0.0
2020-10-22 00:00:00+01:00,1487.514651606554,1496.003321991687,1462.0486404511546,1481.0233154296875,1400697,0.0,0.0
2020-10-23 00:00:00+01:00,1476.0301733529695,1500.9968542283582,1471.5361707953996,1486.016845703125,2147270,0.0,0.0
2020-10-26 00:00:00+00:00,1457.055425958556,1508.4867860934878,1411.446251637594,1413.6134033203125,1346998,0.0,0.0
2020-10-27 00:00:00+00:00,1417.1085062026978,1419.6051737611945,1383.6531609188426,1406.1231689453125,956763,0.0,0.0
2020-10-28 00:00:00+00:00,1382.1554170390998,1398.633425985014,1334.2193910146223,1361.6827392578125,1160195,0.0,0.0
2020-10-29 00:00:00+00:00,1360.683900821283,1382.6545766510578,1346.7025616568808,1366.6759033203125,1160050,0.0,0.0
2020-10-30 00:00:00+00:00,1343.2071674538222,1360.6838406363067,1342.9434813203559,1354.1925048828125,879042,0.0,0.0
2020-11-02 00:00:00+00:00,1347.7012324459265,1384.1525810819223,1323.015186600692,1378.659912109375,1253322,0.0,0.0
2020-11-03 00:00:00+00:00,1382.6544458992669,1411.116455078125,1382.6544458992669,1411.116455078125,1398012,0.0,0.0
2020-11-04 00:00:00+00:00,1391.6425988901985,1431.5892827478287,1376.1632588953667,1426.595947265625,799982,0.0,0.0
2020-11-05 00:00:00+00:00,1434.0861018384262,1463.0474506917092,1424.5987634209714,1442.075439453125,1657871,0.0,0.0
2020-11-06 00:00:00+00:00,1455.5573268513103,1485.0180068802047,1447.567989894322,1454.059326171875,2872461,0.0,0.0
2020-11-09 00:00:00+00:00,1468.0407315767727,1621.3361413026466,1460.9123058239045,1557.9207763671875,5115923,0.0,0.0
2020-11-10 00:00:00+00:00,1555.923223334124,1612.8472437000066,1552.4278887502542,1611.3492431640625,3230196,0.0,0.0
2020-11-11 00:00:00+00:00,1602.860864452885,1633.8195478161492,1584.3855211554528,1624.83154296875,2916074,0.0,0.0
2020-11-12 00:00:00+00:00,1624.8314211287588,1719.205464949698,1572.900730348983,1587.8807373046875,2978394,0.0,0.0
2020-11-13 00:00:00+00:00,1603.8594375496762,1626.8287819230527,1587.3814296296453,1609.8514404296875,1211476,0.0,0.0
2020-11-16 00:00:00+00:00,1625.3309026330353,1652.2949176075927,1589.878216277599,1628.326904296875,2885780,0.0,0.0
2020-11-17 00:00:00+00:00,1633.3200084148039,1641.8086785899955,1608.8526649686635,1620.836669921875,2170904,0.0,0.0
2020-11-18 00:00:00+00:00,1612.8475327224662,1640.3108808028796,1602.6711724403258,1631.3228759765625,1938893,0.0,0.0
2020-11-19 00:00:00+00:00,1609.352196610725,1630.8235414615663,1599.365524587078,1600.863525390625,1755887,0.0,0.0
2020-11-20 00:00:00+00:00,1621.336043356393,1643.8060531965648,1609.8513716603054,1635.3173828125,1148298,0.0,0.0
2020-11-23 00:00:00+00:00,1637.814213679387,1664.7782281728892,1636.3162128741924,1661.7822265625,1135519,0.0,0.0
2020-11-24 00:00:00+00:00,1671.2695437142884,1682.7542164078732,1651.296199899358,1682.2548828125,1477419,0.0,0.0
2020-11-25 00:00:00+00:00,1695.2374301496463,1723.6994429680644,1673.766087146278,1707.221435546875,1803372,0.0,0.0
2020-11-26 00:00:00+00:00,1718.206797012724,1720.7034648375027,1693.7394523298924,1717.2081298828125,875078,0.0,0.0
2020-11-27 00:00:00+00:00,1713.2135632703585,1732.6875734620064,1690.7435515107647,1719.20556640625,3665096,0.0,0.0
2020-11-30 00:00:00+00:00,1704.2255450591247,1763.1469087617254,1703.7262114684247,1726.695556640625,3920954,0.0,0.0
2020-12-01 00:00:00+00:00,1737.680815245816,1791.1095069789487,1733.5413204651995,1790.11083984375,1136825,0.0,0.0
2020-12-02 00:00:00+00:00,1789.6114832037756,1800.0974879881728,1767.141472951496,1798.5994873046875,1495597,0.0,0.0
2020-12-03 00:00:00+00:00,1791.109591871393,1807.0882667919072,1777.627584907209,1806.089599609375,2367337,0.0,0.0
2020-12-04 00:00:00+00:00,1787.1148153979668,1813.5794941395404,1779.1254784193784,1798.5994873046875,2216959,0.0,0.0
2020-12-07 00:00:00+00:00,1800.5967091878254,1817.074715677897,1789.6113715277777,1797.6007080078125,785582,0.0,0.0
2020-12-08 00:00:00+00:00,1819.072095869902,1819.072095869902,1773.1334099462042,1780.6234130859375,1069482,0.0,0.0
2020-12-09 00:00:00+00:00,1793.6060653558297,1798.100067189962,1773.234207920392,1782.6207275390625,2090730,0.0,0.0
2020-12-10 00:00:00+00:00,1791.1094938155609,1803.5928329138017,1767.1414827469391,1779.12548828125,1080457,0.0,0.0
2020-12-11 00:00:00+00:00,1782.620797149406,1823.0668152359892,1772.6341260169163,1812.580810546875,1109821,0.0,0.0
2020-12-14 00:00:00+00:00,1808.0868773378152,1841.0428933290596,1799.0819278186048,1824.0655517578125,676652,0.0,0.0
2020-12-15 00:00:00+00:00,1827.5608178378109,1874.997505732508,1807.5874755663592,1868.0068359375,1199297,0.0,0.0
2020-12-16 00:00:00+00:00,1873.9988386189355,1912.4475224914795,1865.5101681535687,1868.0068359375,2595973,0.0,0.0
2020-12-17 00:00:00+00:00,1879.9909020044247,1891.9749077542535,1825.064208984375,1825.064208984375,1492491,0.0,0.0
2020-12-18 00:00:00+00:00,1825.0642786861547,1854.025627020983,1813.541692802283,1818.0736083984375,1385818,0.0,0.0
2020-12-21 00:00:00+00:00,1756.156108168234,1853.0268175752958,1722.7007600740424,1758.1534423828125,3184996,0.0,0.0
2020-12-22 00:00:00+00:00,1758.1535671045817,1776.1295763109904,1738.1802235419054,1770.1375732421875,2367290,0.0,0.0
2020-12-23 00:00:00+00:00,1761.6487408009812,1776.6287471003093,1743.6727332417875,1755.65673828125,1613227,0.0,0.0
2020-12-24 00:00:00+00:00,1762.1480545737527,1770.6367247147994,1727.1947069341486,1757.654052734375,304455,0.0,0.0
2020-12-29 00:00:00+00:00,1779.624750407103,1838.5461085855648,1779.624750407103,1811.082763671875,884504,0.0,0.0
2020-12-30 00:00:00+00:00,1813.5795735362615,1825.0642459457697,1805.0909026248858,1809.0855712890625,339932,0.0,0.0
2020-12-31 00:00:00+00:00,1787.6142017399675,1807.5875447761682,1772.134860886912,1787.1148681640625,239771,0.0,0.0
2021-01-04 00:00:00+00:00,1819.571496907418,1849.0321770165115,1799.0988208994036,1817.0748291015625,1133328,0.0,0.0
2021-01-05 00:00:00+00:00,1786.6155410129047,1817.074889252644,1774.1322015703886,1792.6075439453125,986992,0.0,0.0
2021-01-06 00:00:00+00:00,1808.5861325330259,1833.552810232267,1763.8538432349362,1832.0548095703125,1072079,0.0,0.0
2021-01-07 00:00:00+00:00,1837.0481422467396,1864.5114876730977,1808.0867961607623,1857.021484375,1118459,0.0,0.0
2021-01-08 00:00:00+00:00,1873.4994945510527,1877.9934965369162,1828.5594746924187,1832.0548095703125,1239336,0.0,0.0
2021-01-11 00:00:00+00:00,1844.0388481252055,1860.0175221409127,1799.098827456029,1804.0921630859375,734007,0.0,0.0
2021-01-12 00:00:00+00:00,1801.5954514307764,1807.5874540408565,1752.1614298976149,1759.152099609375,925997,0.0,0.0
2021-01-13 00:00:00+00:00,1762.6472786269899,1777.1279503210926,1712.2145944509768,1725.197265625,2264620,0.0,0.0
2021-01-14 00:00:00+00:00,1728.1935275740768,1742.6742014543565,1716.7088551862687,1729.6915283203125,703630,0.0,0.0
2021-01-15 00:00:00+00:00,1724.1988960746285,1733.1869007457387,1678.260205533399,1713.712890625,1170253,0.0,0.0
2021-01-18 00:00:00+00:00,1706.722180045882,1736.182861328125,1702.2281778163872,1736.182861328125,617102,0.0,0.0
2021-01-19 00:00:00+00:00,1750.164145062516,1769.13882052967,1723.6994661214849,1735.6834716796875,1706790,0.0,0.0
2021-01-20 00:00:00+00:00,1769.1387683477428,1842.5408002266925,1747.6674256892745,1802.5941162109375,3603164,0.0,0.0
2021-01-21 00:00:00+00:00,1798.5995374033052,1843.040225584564,1747.6675127461322,1775.130859375,1171863,0.0,0.0
2021-01-22 00:00:00+00:00,1770.6369141873802,1770.6369141873802,1729.6915597137859,1757.1549072265625,1309768,0.0,0.0
2021-01-25 00:00:00+00:00,1748.1667015559588,1761.6487069664158,1671.2693373629802,1684.7513427734375,907377,0.0,0.0
2021-01-26 00:00:00+00:00,1684.751448160689,1727.898817621776,1679.3666671798148,1717.2081298828125,848067,0.0,0.0
2021-01-27 00:00:00+00:00,1717.7073913327683,1747.6674039722932,1684.2520438852987,1730.6900634765625,2024286,0.0,0.0
2021-01-28 00:00:00+00:00,1708.7194365013509,1766.142795705809,1690.2440948442645,1744.172119140625,1251659,0.0,0.0
2021-01-29 00:00:00+00:00,1716.708806224087,1740.1774839124328,1701.728799188973,1716.20947265625,1006195,0.0,0.0
2021-02-01 00:00:00+00:00,1727.1948077657948,1734.684811268682,1707.2214650914289,1722.7008056640625,1238979,0.0,0.0
2021-02-02 00:00:00+00:00,1738.6795098529599,1761.6488543254573,1719.704833984375,1719.704833984375,1284840,0.0,0.0
2021-02-03 00:00:00+00:00,1739.6782117030696,1747.667549070248,1691.2428539145512,1691.7421875,937649,0.0,0.0
2021-02-04 00:00:00+00:00,1692.2414614000672,1723.6994761738072,1681.2561229076503,1716.20947265625,724571,0.0,0.0
2021-02-05 00:00:00+00:00,1727.1948429668682,1779.6248685556284,1725.6968422357609,1762.148193359375,1175810,0.0,0.0
2021-02-08 00:00:00+00:00,1765.643389337713,1790.110732685436,1756.6553856589578,1757.654052734375,591048,0.0,0.0
2021-02-09 00:00:00+00:00,1753.1601298432372,1761.6488003665454,1744.1721257597344,1749.664794921875,3038825,0.0,0.0
2021-02-10 00:00:00+00:00,1766.1428090688344,1771.6354782516892,1715.2107857369087,1718.206787109375,675546,0.0,0.0
2021-02-11 00:00:00+00:00,1722.7008822808314,1779.1255778453917,1720.7035479245637,1770.1375732421875,985606,0.0,0.0
2021-02-12 00:00:00+00:00,1764.6446910064494,1794.6047027383074,1755.6566874868918,1785.61669921875,779830,0.0,0.0
2021-02-15 00:00:00+00:00,1797.6008650304427,1861.0162288801278,1791.6267825657878,1855.5235595703125,733491,0.0,0.0
2021-02-16 00:00:00+00:00,1863.0134375877308,1867.0081059074043,1837.048093509853,1862.0147705078125,1026559,0.0,0.0
2021-02-17 00:00:00+00:00,1857.520751953125,1880.9894281202749,1831.0560745731477,1857.520751953125,1719748,0.0,0.0
2021-02-18 00:00:00+00:00,1853.526229677597,1865.5102354729263,1794.6048678505615,1812.08154296875,1323804,0.0,0.0
2021-02-19 00:00:00+00:00,1818.0736627809442,1839.0456742714136,1811.082992284121,1837.04833984375,946512,0.0,0.0
2021-02-22 00:00:00+00:00,1819.5715750048605,1846.0362548828125,1796.1028966225256,1846.0362548828125,724648,0.0,0.0
2021-02-23 00:00:00+00:00,1841.042930822403,1875.4969482421875,1831.0562591065234,1875.4969482421875,757907,0.0,0.0
2021-02-24 00:00:00+00:00,1864.0121107397613,1889.4781213606366,1840.0441007436432,1849.0321044921875,1020968,0.0,0.0
2021-02-25 00:00:00+00:00,1855.0242221728956,1901.4622444237916,1851.5288871647635,1880.490234375,725643,0.0,0.0
2021-02-26 00:00:00+00:00,1856.5222209656215,1871.0028945557244,1810.0841987628773,1813.0802001953125,1482572,0.0,0.0
2021-03-01 00:00:00+00:00,1833.5528926647062,1857.0215707570921,1814.0788831837904,1836.049560546875,859815,0.0,0.0
2021-03-02 00:00:00+00:00,1831.0562340637732,1880.9895919602493,1812.5808916420772,1853.5262451171875,2205073,0.0,0.0
2021-03-03 00:00:00+00:00,1874.4982253511212,1893.9722346182214,1845.237229330332,1856.522216796875,625958,0.0,0.0
2021-03-04 00:00:00+00:00,1872.500857791385,1902.4608715160473,1836.0495077597127,1847.5341796875,1056742,0.0,0.0
2021-03-05 00:00:00+00:00,1830.057479081141,1905.4568458863941,1830.057479081141,1862.51416015625,1252443,0.0,0.0
2021-03-08 00:00:00+00:00,1876.9947791099548,1918.9387965202332,1848.033433755239,1917.4407958984375,1489298,0.0,0.0
2021-03-09 00:00:00+00:00,1917.4409520348836,1994.3383235487827,1911.748597971575,1975.3636474609375,3499342,0.0,0.0
2021-03-10 00:00:00+00:00,1973.8655410113984,1986.848213428878,1960.3835350394006,1961.3822021484375,1935661,0.0,0.0
2021-03-11 00:00:00+00:00,1970.3704096277804,1989.3450866591681,1959.3850702938191,1983.8524169921875,807458,0.0,0.0
2021-03-12 00:00:00+00:00,2137.147998207872,2182.0880262075702,2080.223962741588,2120.170654296875,2724446,0.0,0.0
2021-03-15 00:00:00+00:00,2138.146406462698,2169.105088667436,2093.8125085606043,2109.18505859375,1029506,0.0,0.0
2021-03-16 00:00:00+00:00,2120.170485465051,2126.1624887211933,2065.2437889504126,2088.213134765625,826226,0.0,0.0
2021-03-17 00:00:00+00:00,2081.2224245786097,2099.198434003953,2067.1730594647242,2092.207763671875,579966,0.0,0.0
2021-03-18 00:00:00+00:00,2107.187217055567,2128.159222533371,2078.225876157647,2111.181884765625,866193,0.0,0.0
2021-03-19 00:00:00+00:00,2076.228951119088,2096.202293602196,2023.2995935388512,2032.28759765625,2206050,0.0,0.0
2021-03-22 00:00:00+00:00,2038.2798110370957,2049.265150538031,2000.3304563975025,2011.3157958984375,829763,0.0,0.0
2021-03-23 00:00:00+00:00,1987.84687126838,2021.3022192651097,1932.4208469752903,1999.33154296875,1150401,0.0,0.0
2021-03-24 00:00:00+00:00,1980.8562243490073,1993.3395632975137,1969.8708860743216,1990.8428955078125,764651,0.0,0.0
2021-03-25 00:00:00+00:00,1977.360878351735,1986.3488823442428,1847.53415401551,1899.46484375,2215580,0.0,0.0
2021-03-26 00:00:00+00:00,1885.9828016457354,1924.9308182007705,1862.4322030937776,1896.9681396484375,1731393,0.0,0.0
2021-03-29 00:00:00+01:00,1895.470221194963,1930.9229044681038,1862.4343562739418,1919.438232421875,1179499,0.0,0.0
2021-03-30 00:00:00+01:00,1931.4222214123436,1948.3995625519556,1892.9735370667513,1933.4195556640625,691107,0.0,0.0
2021-03-31 00:00:00+01:00,1927.4274959569234,1937.9135004686061,1890.476813391946,1895.969482421875,648194,0.0,0.0
2021-04-01 00:00:00+01:00,1897.467321254864,1927.9266650960603,1891.8368971119596,1924.9306640625,752733,0.0,0.0
2021-04-06 00:00:00+01:00,1950.3968381260065,1984.850852931612,1928.9254955659917,1976.3621826171875,937035,0.0,0.0
2021-04-07 00:00:00+01:00,1981.355663178733,1998.3330050507282,1964.8776548912083,1986.3489990234375,757213,0.0,0.0
2021-04-08 00:00:00+01:00,1993.3394716451749,2008.3194776946125,1976.8614649907934,2006.3221435546875,592115,0.0,0.0
2021-04-09 00:00:00+01:00,2017.3075027615123,2060.2501872262374,2009.3181661169122,2041.2755126953125,3290513,0.0,0.0
2021-04-12 00:00:00+01:00,2035.283310680129,2061.248652229532,2022.3006399054275,2049.2646484375,602658,0.0,0.0
2021-04-13 00:00:00+01:00,2028.2929161549307,2089.211610337821,2028.2929161549307,2058.2529296875,730473,0.0,0.0
2021-04-14 00:00:00+01:00,2082.2208153641463,2113.1794941537332,2069.2381436136748,2083.219482421875,1089671,0.0,0.0
2021-04-15 00:00:00+01:00,2088.212877009465,2099.19821495643,2056.2555302546575,2077.2275390625,753273,0.0,0.0
2021-04-16 00:00:00+01:00,2080.223599734624,2093.206272224566,2068.2395943592924,2071.235595703125,985439,0.0,0.0
2021-04-19 00:00:00+01:00,2044.2717730444183,2089.1818080923094,2044.2717730444183,2064.2451171875,1170737,0.0,0.0
2021-04-20 00:00:00+01:00,2070.2370029516055,2071.7179366117703,1997.3343009663342,2002.32763671875,938973,0.0,0.0
2021-04-21 00:00:00+01:00,2013.31285753408,2058.252876675466,1996.8348505155718,2051.26220703125,962206,0.0,0.0
2021-04-22 00:00:00+01:00,2067.240986630349,2088.212996639643,2049.264978050955,2065.24365234375,674518,0.0,0.0
2021-04-23 00:00:00+01:00,2062.247552366872,2080.223560087261,2047.267545933214,2075.230224609375,685623,0.0,0.0
2021-04-26 00:00:00+01:00,2074.231649799338,2092.2076583195053,2059.2516426991983,2078.226318359375,553971,0.0,0.0
2021-04-27 00:00:00+01:00,2078.2263780120484,2089.21171686747,2049.265030120482,2072.234375,1003922,0.0,0.0
2021-04-28 00:00:00+01:00,2075.23027741869,2097.2009540804856,2063.2462719668015,2082.220947265625,687981,0.0,0.0
2021-04-29 00:00:00+01:00,2090.210691353386,2103.19336645496,2064.245341150239,2066.24267578125,547092,0.0,0.0
2021-04-30 00:00:00+01:00,2064.2449323940136,2088.212943220069,2047.2675913922246,2058.2529296875,4199470,0.0,0.0
2021-05-04 00:00:00+01:00,2065.243534029447,2090.2102111816407,2051.661564132571,2077.2275390625,720417,0.0,0.0
2021-05-05 00:00:00+01:00,2081.2224926517897,2145.5365642844154,2079.225158205867,2134.15185546875,917151,0.0,0.0
2021-05-06 00:00:00+01:00,2137.1476456925675,2180.09033203125,2134.1516443201012,2180.09033203125,1129479,0.0,0.0
2021-05-07 00:00:00+01:00,2185.0838323860394,2208.0531779732787,2172.101158793252,2188.079833984375,1020831,0.0,0.0
2021-05-10 00:00:00+01:00,2183.0858987050515,2208.052571837543,2149.5305924889158,2187.08056640625,1067914,0.0,0.0
2021-05-11 00:00:00+01:00,2152.1277205909837,2166.109060771157,2067.2410123542163,2087.21435546875,898983,0.0,0.0
2021-05-12 00:00:00+01:00,2089.211551564728,2126.162233882077,2089.211551564728,2101.195556640625,3094433,0.0,0.0
2021-05-13 00:00:00+01:00,1904.9576017591687,2035.703149825364,1884.4849250430152,2013.31298828125,3290110,0.0,0.0
2021-05-14 00:00:00+01:00,2039.2783059308194,2104.1916702234266,2028.2929673582246,2102.1943359375,1133615,0.0,0.0
2021-05-17 00:00:00+01:00,2111.1821401311063,2123.558687178568,2067.240790005388,2085.216796875,1071515,0.0,0.0
2021-05-18 00:00:00+01:00,2110.183981408053,2132.1546617634613,2100.1973085192312,2120.170654296875,762226,0.0,0.0
2021-05-19 00:00:00+01:00,2106.18887840887,2116.175549240586,2064.2448609156636,2090.210205078125,971705,0.0,0.0
2021-05-20 00:00:00+01:00,2104.1915974934896,2118.1729370117187,2086.2155895414808,2097.200927734375,1196957,0.0,0.0
2021-05-21 00:00:00+01:00,2102.1943359375,2122.1676787967635,2087.0075734861107,2102.1943359375,768119,0.0,0.0
2021-05-24 00:00:00+01:00,2100.197014561673,2114.178354649102,2096.2023459652646,2113.1796875,295557,0.0,0.0
2021-05-25 00:00:00+01:00,2122.1675517396156,2122.1675517396156,2087.21420382861,2090.210205078125,1375341,0.0,0.0
2021-05-26 00:00:00+01:00,2091.2091211491056,2119.1718028072596,2086.215785138721,2114.178466796875,911689,0.0,0.0
2021-05-27 00:00:00+01:00,2111.1820411645763,2142.1407182109824,2093.2060351376313,2095.203369140625,2263931,0.0,0.0
2021-05-28 00:00:00+01:00,2108.185914343216,2152.127259786656,2107.18724740132,2133.152587890625,1108022,0.0,0.0
2021-06-01 00:00:00+01:00,2149.1312874318073,2174.097961309965,2104.1912744511237,2105.18994140625,824731,0.0,0.0
2021-06-02 00:00:00+01:00,2162.114454736194,2204.0584764908913,2151.129115705202,2179.091796875,1456503,0.0,0.0
2021-06-03 00:00:00+01:00,2175.0971923828124,2200.0638727361506,2164.5112223869023,2197.06787109375,840889,0.0,0.0
2021-06-04 00:00:00+01:00,2200.0642287219725,2212.0482372306715,2167.1082053230507,2174.098876953125,555982,0.0,0.0
2021-06-07 00:00:00+01:00,2177.094467591937,2209.0518175749376,2170.1037972831555,2203.059814453125,447851,0.0,0.0
2021-06-08 00:00:00+01:00,2201.0623220036846,2236.167567915443,2190.076983735971,2219.038330078125,2392160,0.0,0.0
2021-06-09 00:00:00+01:00,2217.0407275019556,2241.60291297067,2204.0580565751425,2234.01806640625,563394,0.0,0.0
2021-06-10 00:00:00+01:00,2240.0104267236484,2251.994432573262,2194.0717376334624,2198.06640625,473099,0.0,0.0
2021-06-11 00:00:00+01:00,2198.066083860592,2219.0380910214603,2185.083412761006,2206.055419921875,330041,0.0,0.0
2021-06-14 00:00:00+01:00,2222.034483570513,2231.0224882231582,2191.0758008780704,2216.04248046875,1314560,0.0,0.0
2021-06-15 00:00:00+01:00,2230.023655467186,2257.9863345326053,2216.0423159344764,2245.003662109375,646179,0.0,0.0
2021-06-16 00:00:00+01:00,2252.9930846952298,2263.9784233174137,2239.0117446306317,2260.982421875,529035,0.0,0.0
2021-06-17 00:00:00+01:00,2240.0105980865847,2246.0026014697855,2215.043917323248,2230.02392578125,714118,0.0,0.0
2021-06-18 00:00:00+01:00,2232.0209277791714,2249.9969352512185,2172.100902872348,2177.09423828125,1194713,0.0,0.0
2021-06-21 00:00:00+01:00,2162.1146711257597,2226.0293773391772,2149.1319964261593,2218.0400390625,634348,0.0,0.0
2021-06-22 00:00:00+01:00,2225.0302418377382,2257.986255294042,2222.0342406144377,2252.992919921875,534324,0.0,0.0
2021-06-23 00:00:00+01:00,2213.0460546875,2260.9820703125,2202.0607177734373,2247.000732421875,793192,0.0,0.0
2021-06-24 00:00:00+01:00,2256.987574384048,2260.982242657294,2235.0168988811943,2242.007568359375,828067,0.0,0.0
2021-06-25 00:00:00+01:00,2254.990068359375,2263.9780712890624,2242.0073974609377,2247.000732421875,459615,0.0,0.0
2021-06-28 00:00:00+01:00,2097.201257413321,2150.1306224813716,2021.3025452402676,2052.26123046875,2571424,0.0,0.0
2021-06-29 00:00:00+01:00,2066.242391833808,2089.211736933942,2058.2530544076744,2070.237060546875,1502233,0.0,0.0
2021-06-30 00:00:00+01:00,2065.243427819458,2083.219434444579,2050.263422298524,2063.24609375,1616172,0.0,0.0
2021-07-01 00:00:00+01:00,2034.7034564947814,2067.666251813548,2021.7181128843583,2054.680908203125,1196922,42.5,0.0
2021-07-02 00:00:00+01:00,2062.6717798578384,2077.6548678471204,2030.7078588140366,2046.6898193359375,694575,0.0,0.0
2021-07-05 00:00:00+01:00,2044.692138671875,2057.677482004916,2035.7022855951545,2044.692138671875,388587,0.0,0.0
2021-07-06 00:00:00+01:00,2045.6911478599222,2053.68212890625,2019.7204594593568,2053.68212890625,663536,0.0,0.0
2021-07-07 00:00:00+01:00,2061.6733247617035,2084.6473976636025,2058.676706557108,2069.664306640625,747224,0.0,0.0
2021-07-08 00:00:00+01:00,2050.6853542164695,2056.850514628627,1963.7834419822598,1984.759765625,1651334,0.0,0.0
2021-07-09 00:00:00+01:00,2029.7090231913476,2062.6718173671916,2025.713532988215,2060.674072265625,1282416,0.0,0.0
2021-07-12 00:00:00+01:00,2071.661734086427,2089.6414405539076,2027.7113404992508,2041.695556640625,2168223,0.0,0.0
2021-07-13 00:00:00+01:00,2042.6945870772975,2059.675422275495,2028.7103698552523,2055.679931640625,934095,0.0,0.0
2021-07-14 00:00:00+01:00,2052.683127394,2059.6752353705247,2010.7304795348527,2057.677490234375,887258,0.0,0.0
2021-07-15 00:00:00+01:00,2057.677290911836,2088.642337522645,2052.6829285552535,2067.666015625,1402508,0.0,0.0
2021-07-16 00:00:00+01:00,2083.6481541180538,2083.6481541180538,1946.3031775163124,1963.783447265625,1833808,0.0,0.0
2021-07-19 00:00:00+01:00,1928.8230770335479,1942.8072940602024,1917.3360416187961,1935.815185546875,1083696,0.0,0.0
2021-07-20 00:00:00+01:00,1956.7913378680773,1975.2704801603488,1937.8127592976366,1946.8026123046875,1314722,0.0,0.0
2021-07-21 00:00:00+01:00,1962.2851641284253,2029.7090626159124,1947.4249837239347,2019.7203369140625,1278836,0.0,0.0
2021-07-22 00:00:00+01:00,2030.708093909827,2059.6754007093277,2025.7137306685338,2050.685546875,1397573,0.0,0.0
2021-07-23 00:00:00+01:00,2059.6754286668647,2110.6179344195366,2058.6765560050476,2102.626953125,705869,0.0,0.0
2021-07-26 00:00:00+01:00,2086.6449905359264,2112.615679743171,2085.646117874109,2102.626953125,858757,0.0,0.0
2021-07-27 00:00:00+01:00,2102.6266199930683,2109.6187275179855,2066.6672098649206,2082.649169921875,905365,0.0,0.0
2021-07-28 00:00:00+01:00,2103.625514914773,2126.599582741477,2079.6525745738636,2087.6435546875,780972,0.0,0.0
2021-07-29 00:00:00+01:00,2093.63671875,2103.6254435531964,2079.0530829911922,2093.63671875,644497,0.0,0.0
2021-07-30 00:00:00+01:00,2064.669469079306,2093.636771741764,2061.6728515625,2061.6728515625,1113878,0.0,0.0
2021-08-02 00:00:00+01:00,2086.644594898897,2130.5949836856616,2077.654742647059,2122.60400390625,1002204,0.0,0.0
2021-08-03 00:00:00+01:00,2125.600550651103,2153.5689789491435,2103.2856525675,2128.59716796875,503321,0.0,0.0
2021-08-04 00:00:00+01:00,2142.582093980577,2175.544895426432,2141.5832212094906,2157.565185546875,885568,0.0,0.0
2021-08-05 00:00:00+01:00,2149.5741014908913,2191.5267558880187,2142.5819924247035,2179.540283203125,986422,0.0,0.0
2021-08-06 00:00:00+01:00,2179.5402193232294,2196.521055129139,2164.55712890625,2164.55712890625,852296,0.0,0.0
2021-08-09 00:00:00+01:00,2163.557803564724,2176.5431458760545,2151.5713337388806,2161.56005859375,476780,0.0,0.0
2021-08-10 00:00:00+01:00,2154.56841022815,2164.5571372111267,2133.192632030741,2143.580810546875,1405771,0.0,0.0
2021-08-11 00:00:00+01:00,2137.5871135013203,2157.564563160211,2120.6062812912633,2127.598388671875,752065,0.0,0.0
2021-08-12 00:00:00+01:00,2134.590762793655,2143.580616263539,2121.6054188927105,2132.593017578125,425677,0.0,0.0
2021-08-13 00:00:00+01:00,2135.5893685354313,2146.576965847821,2115.6119188765406,2127.598388671875,357667,0.0,0.0
2021-08-16 00:00:00+01:00,2106.6224372352176,2106.6224372352176,2037.7002237837098,2055.679931640625,798784,0.0,0.0
2021-08-17 00:00:00+01:00,2037.699951171875,2079.6525972254135,2032.958354994757,2037.699951171875,936009,0.0,0.0
2021-08-18 00:00:00+01:00,2036.701284951982,2045.6911385883566,1938.811767578125,1938.811767578125,919575,0.0,0.0
2021-08-19 00:00:00+01:00,1897.8578933189656,1900.218266282246,1802.8061203612951,1810.45654296875,2755199,0.0,0.0
2021-08-20 00:00:00+01:00,1820.9446377354452,1849.412505083476,1801.9660595034245,1822.9423828125,2297101,0.0,0.0
2021-08-23 00:00:00+01:00,1847.9143503440082,1900.8545992998095,1845.4171687894893,1874.8839111328125,1250863,0.0,0.0
2021-08-24 00:00:00+01:00,1889.367464750017,1894.361827596303,1829.9345468792128,1852.4091796875,1229484,0.0,0.0
2021-08-25 00:00:00+01:00,1851.9096056603055,1864.3955118473357,1842.919753205644,1843.419189453125,826744,0.0,0.0
2021-08-26 00:00:00+01:00,1834.4294900000743,1847.4148335176355,1805.4621852301304,1833.9300537109375,746425,0.0,0.0
2021-08-27 00:00:00+01:00,1833.430682495051,1862.8974245999839,1825.939137892102,1848.9132080078125,650408,0.0,0.0
2021-08-31 00:00:00+01:00,1859.4014318168213,1859.4014318168213,1826.938070799337,1857.4036865234375,1271438,0.0,0.0
2021-09-01 00:00:00+01:00,1880.3776359709202,1908.346068272214,1872.886091604502,1891.365234375,850532,0.0,0.0
2021-09-02 00:00:00+01:00,1894.361892524807,1916.337089801657,1880.3776760759024,1911.8421630859375,2049478,0.0,0.0
2021-09-03 00:00:00+01:00,1917.8353759249471,1929.821847024478,1875.78786344423,1889.866943359375,1041217,0.0,0.0
2021-09-06 00:00:00+01:00,1895.3606392320735,1937.8127220607234,1891.0325167249339,1932.818359375,917583,0.0,0.0
2021-09-07 00:00:00+01:00,1925.8264983179888,1974.7712589080206,1923.2294537752614,1939.311279296875,1527349,0.0,0.0
2021-09-08 00:00:00+01:00,1932.3190948694364,1943.3066937547112,1904.85009765625,1904.85009765625,2652509,0.0,0.0
2021-09-09 00:00:00+01:00,1887.869174545818,1924.8274599734345,1879.19500506262,1912.341552734375,619497,0.0,0.0
2021-09-10 00:00:00+01:00,1930.3212273294364,1952.266428267107,1910.3437760763504,1921.830810546875,531999,0.0,0.0
2021-09-13 00:00:00+01:00,1931.819639109502,1931.819639109502,1871.3878458488377,1873.251708984375,39779,0.0,0.0
2021-09-14 00:00:00+01:00,1870.38895431999,1875.383317348882,1814.12640617838,1839.92333984375,1611719,0.0,0.0
2021-09-15 00:00:00+01:00,1836.9266453432233,1839.9232630354636,1777.9931640625,1777.9931640625,1576507,0.0,0.0
2021-09-16 00:00:00+01:00,1785.4846547116883,1794.4745075186283,1722.0562487960563,1782.488037109375,1922820,0.0,0.0
2021-09-17 00:00:00+01:00,1789.9795897079277,1821.9435109527121,1783.9863544745306,1795.473388671875,2000971,0.0,0.0
2021-09-20 00:00:00+01:00,1744.0315358231708,1781.4892578125,1733.5433736661587,1781.4892578125,912260,0.0,0.0
2021-09-21 00:00:00+01:00,1796.4722612107746,1811.954785563717,1781.9886093967316,1795.473388671875,898958,0.0,0.0
2021-09-22 00:00:00+01:00,1831.9322356592465,1831.9322356592465,1811.9547848886984,1822.9423828125,634437,0.0,0.0
2021-09-23 00:00:00+01:00,1847.4147728837,1856.4046257931095,1828.4361945193905,1842.42041015625,611742,0.0,0.0
2021-09-24 00:00:00+01:00,1833.9300745913856,1839.923310129266,1812.454313913981,1821.943603515625,800608,0.0,0.0
2021-09-27 00:00:00+01:00,1844.9176770616377,1852.9086577960682,1816.4498081952293,1828.436279296875,703235,0.0,0.0
2021-09-28 00:00:00+01:00,1814.4520168352487,1823.4418699326984,1772.998805330342,1784.48583984375,936932,0.0,0.0
2021-09-29 00:00:00+01:00,1792.9761234107611,1830.4338418664177,1792.9761234107611,1809.45751953125,916293,0.0,0.0
2021-09-30 00:00:00+01:00,1827.4373877827456,1839.4238587602767,1811.455426479371,1812.9537353515625,1025776,0.0,0.0
2021-10-01 00:00:00+01:00,1788.4813114617461,1863.3967531593898,1778.9920221800446,1857.9029541015625,1264064,0.0,0.0
2021-10-04 00:00:00+01:00,1854.906504906708,1871.887339900469,1825.9391981526453,1857.4036865234375,1627622,0.0,0.0
2021-10-05 00:00:00+01:00,1861.3992196170777,1892.8637087063926,1857.9031652738206,1884.373291015625,1014528,0.0,0.0
2021-10-06 00:00:00+01:00,1859.4011940983098,1869.3899192882016,1839.4237437185268,1853.407958984375,898005,0.0,0.0
2021-10-07 00:00:00+01:00,1878.3799248286216,1897.3585042339625,1836.427275616815,1854.406982421875,717878,0.0,0.0
2021-10-08 00:00:00+01:00,1853.9073998364677,1872.8859777442763,1832.431640625,1832.431640625,786826,0.0,0.0
2021-10-11 00:00:00+01:00,1822.942465175615,1831.432882136707,1803.9638860861155,1819.4464111328125,857540,0.0,0.0
2021-10-12 00:00:00+01:00,1792.4767820570203,1823.4418309529622,1787.9818556043836,1797.9705810546875,734023,0.0,0.0
2021-10-13 00:00:00+01:00,1792.9764008118152,1860.400304463513,1787.982037578356,1857.4036865234375,1224656,0.0,0.0
2021-10-14 00:00:00+01:00,1875.383337559049,1913.3404969876742,1856.904194153008,1906.348388671875,1191458,0.0,0.0
2021-10-15 00:00:00+01:00,1912.341564599153,1919.8331089890687,1859.401317577082,1870.388916015625,745046,0.0,0.0
2021-10-18 00:00:00+01:00,1862.3978748399427,1865.8939287750136,1820.7668860412703,1834.429443359375,929268,0.0,0.0
2021-10-19 00:00:00+01:00,1847.914218589908,1857.4035078205047,1827.4373313028304,1827.936767578125,780169,0.0,0.0
2021-10-20 00:00:00+01:00,1897.8579121119826,1905.8488927945593,1822.9424682128254,1870.388916015625,1284697,0.0,0.0
2021-10-21 00:00:00+01:00,1860.4001724096602,1888.368604531792,1845.916520060699,1871.88720703125,882625,0.0,0.0
2021-10-22 00:00:00+01:00,1887.8693129141118,1906.8478933084866,1874.3845321075826,1893.862548828125,1436087,0.0,0.0
2021-10-25 00:00:00+01:00,1894.8612953704892,1899.356222006845,1865.3945540877114,1887.3697509765625,692962,0.0,0.0
2021-10-26 00:00:00+01:00,1888.3686206054688,1915.3381803813734,1882.8748213918586,1897.85791015625,796076,0.0,0.0
2021-10-27 00:00:00+01:00,1891.3653277096062,1899.3563087614555,1874.3844929744262,1890.366455078125,778281,0.0,0.0
2021-10-28 00:00:00+01:00,1887.8691366995024,1925.8262939453125,1882.375337624451,1925.8262939453125,1050202,0.0,0.0
2021-10-29 00:00:00+01:00,1916.3369118792828,1928.822818263693,1901.853260473367,1926.8250732421875,1121643,0.0,0.0
2021-11-01 00:00:00+00:00,1940.809297320035,1944.8047873814246,1901.8532692214856,1939.8104248046875,553747,0.0,0.0
2021-11-02 00:00:00+00:00,1945.3043213532087,1945.3043213532087,1897.8578744909353,1900.8544921875,838848,0.0,0.0
2021-11-03 00:00:00+00:00,1897.85793661484,1926.3258056640625,1893.5757824672776,1926.3258056640625,1069258,0.0,0.0
2021-11-04 00:00:00+00:00,1940.310080497433,1962.2852783203125,1919.3337553028662,1962.2852783203125,1148005,0.0,0.0
2021-11-05 00:00:00+00:00,1960.7868191540479,2007.5849492801167,1954.7935838433375,2005.736083984375,995145,0.0,0.0
2021-11-08 00:00:00+00:00,2001.740650136807,2017.7226114153445,1986.258125148224,1990.7530517578125,1242106,0.0,0.0
2021-11-09 00:00:00+00:00,1981.7631479617514,2004.7372167133242,1969.2772410315488,1984.759765625,978680,0.0,0.0
2021-11-10 00:00:00+00:00,1975.7699469220656,1985.7586726395684,1934.4296448625735,1964.7823486328125,1638167,0.0,0.0
2021-11-11 00:00:00+00:00,1854.906440433622,1872.886147449134,1765.50734166205,1859.4013671875,3771312,0.0,0.0
2021-11-12 00:00:00+00:00,1877.8803525609992,1949.7991745739737,1863.7743264206338,1934.316650390625,3075112,0.0,0.0
2021-11-15 00:00:00+00:00,1932.3188677196013,1977.2681306027143,1931.9842844477066,1947.8013916015625,1995712,0.0,0.0
2021-11-16 00:00:00+00:00,1951.7970693185432,1971.7745214098281,1946.802706295722,1962.78466796875,1016638,0.0,0.0
2021-11-17 00:00:00+00:00,1978.267110336843,1978.267110336843,1916.3370114522763,1921.830810546875,994072,0.0,0.0
2021-11-18 00:00:00+00:00,1922.829745445046,1952.2964869986195,1917.8353824698643,1947.3021240234375,1067179,0.0,0.0
2021-11-19 00:00:00+00:00,1962.7844768747173,1994.7483971088093,1909.844233987002,1930.820556640625,2051415,0.0,0.0
2021-11-22 00:00:00+00:00,1950.7981581710314,1950.7981581710314,1904.1318357331745,1914.8387451171875,937759,0.0,0.0
2021-11-23 00:00:00+00:00,1899.85576673666,1926.325891772686,1874.3845143435028,1895.36083984375,913930,0.0,0.0
2021-11-24 00:00:00+00:00,1899.85546875,1906.309243386476,1871.8870391364353,1899.85546875,836072,0.0,0.0
2021-11-25 00:00:00+00:00,1910.8434128748725,1915.8377762122348,1884.8727235205877,1894.8614501953125,503206,0.0,0.0
2021-11-26 00:00:00+00:00,1805.9616069863255,1836.9266566636352,1778.992047589959,1780.4903564453125,2804774,0.0,0.0
2021-11-29 00:00:00+00:00,1811.9547744113422,1827.4372986689916,1786.982961092553,1792.9761962890625,1446378,0.0,0.0
2021-11-30 00:00:00+00:00,1763.5095353062766,1783.4869868532182,1746.0492621634796,1755.5185546875,1900970,0.0,0.0
2021-12-01 00:00:00+00:00,1757.516287329889,1782.719895623384,1739.5365810656447,1780.4903564453125,1371644,0.0,0.0
2021-12-02 00:00:00+00:00,1763.0098989181843,1775.7455228338822,1753.021174278421,1765.507080078125,805663,0.0,0.0
2021-12-03 00:00:00+00:00,1776.4948648881116,1783.9864091594982,1742.0337612397338,1763.509521484375,1370579,0.0,0.0
2021-12-06 00:00:00+00:00,1767.0057155159361,1840.9222915182988,1767.0057155159361,1829.9346923828125,1201357,0.0,0.0
2021-12-07 00:00:00+00:00,1818.4477343065985,1875.3834777042784,1817.948297961005,1853.90771484375,1110431,0.0,0.0
2021-12-08 00:00:00+00:00,1851.4103748102011,1869.3900817142119,1824.9402507570744,1839.92333984375,1276198,0.0,0.0
2021-12-09 00:00:00+00:00,1852.908712263828,1863.396874786076,1822.9425336288334,1823.94140625,841041,0.0,0.0
2021-12-10 00:00:00+00:00,1805.961770260989,1839.4240043891655,1805.961770260989,1817.9482421875,595794,0.0,0.0
2021-12-13 00:00:00+00:00,1819.4464743595054,1834.4295636350435,1765.5073529675683,1766.5062255859375,1397786,0.0,0.0
2021-12-14 00:00:00+00:00,1773.9975874803515,1782.0884304691483,1737.2411029934287,1747.5274658203125,1588220,0.0,0.0
2021-12-15 00:00:00+00:00,1746.5285393885865,1765.0076803543793,1724.5533447265625,1724.5533447265625,1519208,0.0,0.0
2021-12-16 00:00:00+00:00,1748.144449419129,1748.144449419129,1713.1815604307462,1713.6810302734375,1666178,11.599999,0.0
2021-12-17 00:00:00+00:00,1704.1912512311962,1756.6355892673264,1704.1912512311962,1743.14990234375,1687563,0.0,0.0
2021-12-20 00:00:00+00:00,1700.6948221443984,1744.6481685023152,1687.7086061750138,1734.1593017578125,1986542,0.0,0.0
2021-12-21 00:00:00+00:00,1756.13604560047,1769.6217319574703,1739.6535400530254,1746.6461181640625,1040000,0.0,0.0
2021-12-22 00:00:00+00:00,1751.6407687755113,1778.1126708984375,1741.651371747992,1778.1126708984375,3354078,0.0,0.0
2021-12-23 00:00:00+00:00,1784.605771864943,1785.60471156372,1764.1275080400164,1775.1158447265625,756489,0.0,0.0
2021-12-24 00:00:00+00:00,1775.1157335511025,1788.6014186399825,1773.5684258064844,1779.6109619140625,65725,0.0,0.0
2021-12-29 00:00:00+00:00,1801.5877650321256,1818.070270229259,1785.1052598349922,1800.08935546875,770191,0.0,0.0
2021-12-30 00:00:00+00:00,1809.5791853448275,1819.5685818965517,1794.095620689655,1810.578125,421134,0.0,0.0
2021-12-31 00:00:00+00:00,1799.5898410298637,1821.06704423949,1795.594082293189,1815.5728759765625,299288,0.0,0.0
2022-01-04 00:00:00+00:00,1870.514560303064,1881.0034269963521,1841.5453094358868,1850.5357666015625,1225079,0.0,0.0
2022-01-05 00:00:00+00:00,1844.5421081247796,1866.019311116755,1842.544228776689,1859.0267333984375,1139418,0.0,0.0
2022-01-06 00:00:00+00:00,1825.062890625,1837.0501674107143,1806.582505580357,1818.0703125,1217848,0.0,0.0
2022-01-07 00:00:00+00:00,1815.5729667178864,1817.071376319029,1782.6079554927474,1784.6058349609375,1033253,0.0,0.0
2022-01-10 00:00:00+00:00,1786.6037824308291,1786.6037824308291,1743.14990234375,1743.14990234375,1022186,0.0,0.0
2022-01-11 00:00:00+00:00,1755.6364879630003,1770.121113325995,1740.1529229197988,1744.148681640625,1021328,0.0,0.0
2022-01-12 00:00:00+00:00,1758.1337913023222,1759.6322007835458,1735.158179256894,1742.1507568359375,943378,0.0,0.0
2022-01-13 00:00:00+00:00,1734.159257466814,1760.6311585744586,1730.8627077978133,1749.642822265625,1244100,0.0,0.0
2022-01-14 00:00:00+00:00,1733.659750201107,1743.6491466298082,1717.17724609375,1717.17724609375,2665627,0.0,0.0
2022-01-17 00:00:00+00:00,1723.1710448104589,1757.6344657066682,1716.677936525666,1751.141357421875,943496,0.0,0.0
2022-01-18 00:00:00+00:00,1743.1498048543863,1760.131780030618,1716.4281674447273,1753.638671875,1682948,0.0,0.0
2022-01-19 00:00:00+00:00,1803.086084978465,1873.0118611272142,1802.09714447106,1864.5208740234375,2528536,0.0,0.0
2022-01-20 00:00:00+00:00,1897.9853766091173,1937.9429634850987,1870.51453563188,1908.4742431640625,1563760,0.0,0.0
2022-01-21 00:00:00+00:00,1902.9801103685527,1926.954662940125,1893.490183308972,1923.4583740234375,1962201,0.0,0.0
2022-01-24 00:00:00+00:00,1921.4604822929439,1942.4382156582424,1868.0172091956356,1884.000244140625,2045220,0.0,0.0
2022-01-25 00:00:00+00:00,1905.9768588253557,1905.9768588253557,1837.5494925624957,1860.025634765625,1381931,0.0,0.0
2022-01-26 00:00:00+00:00,1868.0172047873007,1895.987515875025,1863.0225063787786,1865.0203857421875,1005721,0.0,0.0
2022-01-27 00:00:00+00:00,1828.5590627656418,1880.5039255156082,1828.5590627656418,1854.531494140625,1130999,0.0,0.0
2022-01-28 00:00:00+00:00,1851.0352470960806,1893.4901839560825,1805.0840213181962,1855.031005859375,2336760,0.0,0.0
2022-01-31 00:00:00+00:00,1879.5049303333124,1881.5028096108392,1845.344170044927,1865.519775390625,1260318,0.0,0.0
2022-02-01 00:00:00+00:00,1877.5070562981941,1892.4911509214837,1859.5261427502464,1884.4996337890625,1044768,0.0,0.0
2022-02-02 00:00:00+00:00,1892.9907056753405,1931.9493534438566,1874.0108516342684,1902.9801025390625,836503,0.0,0.0
2022-02-03 00:00:00+00:00,1906.4763926286912,1910.9716212201658,1838.0490240695792,1852.0341796875,1110481,0.0,0.0
2022-02-04 00:00:00+00:00,1857.5283868458782,1892.9907464764394,1844.5421706431373,1868.5167236328125,1024053,0.0,0.0
2022-02-07 00:00:00+00:00,1881.0033975752958,1908.4742384851845,1874.0108198891423,1889.494384765625,1025138,0.0,0.0
2022-02-08 00:00:00+00:00,1888.9949574956222,1908.4742814888345,1882.5018494978847,1907.475341796875,1101207,0.0,0.0
2022-02-09 00:00:00+00:00,1912.9695870535713,1950.929296875,1910.2654259817941,1940.4404296875,888829,0.0,0.0
2022-02-10 00:00:00+00:00,1950.4298649080306,1976.901768324196,1940.4404673924964,1974.4044189453125,925517,0.0,0.0
2022-02-11 00:00:00+00:00,1956.4234619449508,1982.3958949347739,1948.9314139671171,1973.9049072265625,1143628,0.0,0.0
2022-02-14 00:00:00+00:00,1958.9206997545411,1970.4085059999145,1919.4625826508673,1960.9185791015625,988113,0.0,0.0
2022-02-15 00:00:00+00:00,1963.416046990717,1993.8837088748264,1957.9218784542384,1976.9017333984375,793386,0.0,0.0
2022-02-16 00:00:00+00:00,1979.8983629428276,1990.3872291440887,1940.9397170524287,1965.9132080078125,985575,0.0,0.0
2022-02-17 00:00:00+00:00,1979.3988747553697,2003.8728956645327,1968.9100086514427,1991.8856201171875,818934,0.0,0.0
2022-02-18 00:00:00+00:00,2003.873109561378,2039.834940042041,1991.586102037464,2030.844482421875,1165956,0.0,0.0
2022-02-21 00:00:00+00:00,2043.830554464589,2059.813589103608,1997.8793298774087,2021.8538818359375,763605,0.0,0.0
2022-02-22 00:00:00+00:00,1980.897397391593,2061.811511959782,1974.4042894324173,2039.8348388671875,1499717,0.0,0.0
2022-02-23 00:00:00+00:00,2040.8334652063515,2071.800590718538,2020.854674553328,2060.812255859375,1745503,0.0,0.0
2022-02-24 00:00:00+00:00,1978.4000887189593,1993.8836541696755,1901.981201171875,1901.981201171875,1937715,0.0,0.0
2022-02-25 00:00:00+00:00,1930.4510220259665,1953.9261056055836,1901.9812398123881,1953.4266357421875,1687617,0.0,0.0
2022-02-28 00:00:00+00:00,1914.9673803585092,1944.4361011308492,1902.4806342685345,1937.9429931640625,1708596,0.0,0.0
2022-03-01 00:00:00+00:00,1938.9418255378112,1958.4211483600611,1877.007568359375,1877.007568359375,2074942,0.0,0.0
2022-03-02 00:00:00+00:00,1880.0043854817184,1901.4815875475297,1834.5526322726757,1859.526123046875,2022233,0.0,0.0
2022-03-03 00:00:00+00:00,1853.0330911420167,1863.5219576956506,1789.1009521484375,1789.1009521484375,1511704,0.0,0.0
2022-03-04 00:00:00+00:00,1760.131710668514,1768.123228083581,1636.2631907349748,1639.260009765625,2285905,0.0,0.0
2022-03-07 00:00:00+00:00,1567.3364120333754,1625.774385330987,1534.3714014552356,1578.82421875,2279013,0.0,0.0
2022-03-08 00:00:00+00:00,1545.8590998205493,1584.8177459549604,1532.8728844424122,1549.8548583984375,1857825,0.0,0.0
2022-03-09 00:00:00+00:00,1596.3056278442418,1663.234587209426,1564.8390275456852,1649.7489013671875,2303878,0.0,0.0
2022-03-10 00:00:00+00:00,1663.2345211585439,1668.7286892464551,1556.847448183538,1571.83154296875,1443062,0.0,0.0
2022-03-11 00:00:00+00:00,1574.8283546833961,1620.2801086561803,1557.3469108477098,1568.834716796875,1350100,0.0,0.0
2022-03-14 00:00:00+00:00,1571.8316719696543,1618.2823696160406,1545.859238877051,1592.3099365234375,1265056,0.0,0.0
2022-03-15 00:00:00+00:00,1574.8284048067862,1599.3024269557022,1544.3607445805844,1589.8125,1708016,0.0,0.0
2022-03-16 00:00:00+00:00,1635.7637167893652,1703.19214480969,1558.3458920252883,1688.70751953125,2138885,0.0,0.0
2022-03-17 00:00:00+00:00,1705.6894313485475,1705.6894313485475,1675.2217723991298,1696.698974609375,3657585,0.0,0.0
2022-03-18 00:00:00+00:00,1719.674798300517,1719.674798300517,1671.2262198993699,1699.196533203125,2215722,0.0,0.0
2022-03-21 00:00:00+00:00,1702.193359375,1740.1530704408744,1695.7002509032056,1702.193359375,1149941,0.0,0.0
2022-03-22 00:00:00+00:00,1686.2101120174632,1723.1708786908318,1686.2101120174632,1698.1973876953125,845380,0.0,0.0
2022-03-23 00:00:00+00:00,1712.1826284327651,1727.66619362571,1644.754199366714,1648.25048828125,1719616,0.0,0.0
2022-03-24 00:00:00+00:00,1651.7466694928596,1685.2111469213512,1627.272648686948,1654.2440185546875,2238916,0.0,0.0
2022-03-25 00:00:00+00:00,1658.2399275891787,1683.213420474558,1634.2653744192146,1666.2314453125,1315096,0.0,0.0
2022-03-28 00:00:00+01:00,1677.2197548602899,1721.672571472132,1669.727707116721,1689.20703125,984496,0.0,0.0
2022-03-29 00:00:00+01:00,1730.163588814862,1786.1042129335872,1712.68214377776,1771.1201171875,1056311,0.0,0.0
2022-03-30 00:00:00+01:00,1763.1283721612153,1769.621479480789,1711.1835136046243,1711.6829833984375,1097298,0.0,0.0
2022-03-31 00:00:00+01:00,1720.1742043990814,1731.662011222885,1672.22509765625,1672.22509765625,907035,0.0,0.0
2022-04-01 00:00:00+01:00,1664.7331296056286,1681.715105725218,1644.7543341708176,1671.7257080078125,1290397,0.0,0.0
2022-04-04 00:00:00+01:00,1672.7244468190563,1689.7064208984375,1647.2514856999844,1689.7064208984375,753674,0.0,0.0
2022-04-05 00:00:00+01:00,1704.1910054221082,1709.6851733762826,1659.238722160681,1673.223876953125,1554328,0.0,0.0
2022-04-06 00:00:00+01:00,1675.7214187551317,1677.219828369518,1590.3120707351236,1615.7850341796875,1196326,0.0,0.0
2022-04-07 00:00:00+01:00,1613.2875824693685,1633.2663760603205,1589.8125,1589.8125,873895,0.0,0.0
2022-04-08 00:00:00+01:00,1613.7869929850362,1618.9814303513806,1582.3203942360244,1599.3023681640625,814270,0.0,0.0
2022-04-11 00:00:00+01:00,1588.31413184245,1597.8040590452822,1557.8464708228307,1572.83056640625,1631860,0.0,0.0
2022-04-12 00:00:00+01:00,1550.8538594429826,1611.289710326268,1550.8538594429826,1592.809326171875,1001033,0.0,0.0
2022-04-13 00:00:00+01:00,1598.3033756265663,1601.3001944558662,1543.8611668942865,1594.3076171875,1764584,0.0,0.0
2022-04-14 00:00:00+01:00,1606.2950615134632,1621.7786270939723,1586.815737073468,1613.787109375,1735222,0.0,0.0
2022-04-19 00:00:00+01:00,1614.28656865883,1629.7701341379216,1568.3353420757196,1609.2918701171875,1197385,0.0,0.0
2022-04-20 00:00:00+01:00,1614.2866452601445,1641.2580186648622,1601.799898313516,1624.7755126953125,5847491,0.0,0.0
2022-04-21 00:00:00+01:00,1626.2737854168224,1678.2186483416842,1622.2780267302946,1669.7276611328125,964028,0.0,0.0
2022-04-22 00:00:00+01:00,1635.2643170664528,1647.2515936729267,1607.294004984681,1632.7669677734375,1796998,0.0,0.0
2022-04-25 00:00:00+01:00,1588.3139676643734,1607.793289909314,1549.8547929756448,1556.347900390625,1680803,0.0,0.0
2022-04-26 00:00:00+01:00,1584.3184224306578,1584.3184224306578,1523.8675696304178,1523.882568359375,2230570,0.0,0.0
2022-04-27 00:00:00+01:00,1535.3703052579324,1551.35334031592,1512.3946923620754,1528.877197265625,1445807,0.0,0.0
2022-04-28 00:00:00+01:00,1558.8454070288287,1581.8210202051587,1552.352298957257,1571.3321533203125,1006258,0.0,0.0
2022-04-29 00:00:00+01:00,1587.3151089747996,1619.7806477046179,1582.3204107086738,1589.31298828125,1639125,0.0,0.0
2022-05-03 00:00:00+01:00,1593.3088272991738,1618.2823198900699,1573.8295030782747,1588.8135986328125,1299678,0.0,0.0
2022-05-04 00:00:00+01:00,1583.3192682326824,1595.8060132502903,1549.8547915854933,1572.3309326171875,851854,0.0,0.0
2022-05-05 00:00:00+01:00,1593.3088367035555,1611.7892213298976,1540.864501953125,1540.864501953125,899259,0.0,0.0
2022-05-06 00:00:00+01:00,1515.3913341131736,1538.2061043183107,1498.209622212693,1522.3839111328125,1341482,0.0,0.0
2022-05-09 00:00:00+01:00,1510.8962669513417,1530.3755907236068,1487.4211844565605,1487.920654296875,640999,0.0,0.0
2022-05-10 00:00:00+01:00,1513.8930677653325,1513.8930677653325,1471.937601684076,1480.4285888671875,920792,0.0,0.0
2022-05-11 00:00:00+01:00,1498.9089666264892,1568.8366941975853,1496.4116174651656,1545.859130859375,1730409,0.0,0.0
2022-05-12 00:00:00+01:00,1503.9037327004407,1545.859200500785,1479.9291796716725,1540.864501953125,1345571,0.0,0.0
2022-05-13 00:00:00+01:00,1549.3555245535715,1581.8210658482142,1543.3618861607142,1573.330078125,1213483,0.0,0.0
2022-05-16 00:00:00+01:00,1570.832690514889,1578.324738323386,1550.3544265049968,1574.3289794921875,944785,0.0,0.0
2022-05-17 00:00:00+01:00,1597.8040804247169,1597.8040804247169,1560.9531795605712,1581.821044921875,1489880,0.0,0.0
2022-05-18 00:00:00+01:00,1619.7806721311626,1627.7721894774775,1543.3617875070283,1582.3204345703125,1512186,0.0,0.0
2022-05-19 00:00:00+01:00,1583.8188690156837,1595.306675381928,1556.3480277050996,1592.809326171875,1965864,0.0,0.0
2022-05-20 00:00:00+01:00,1628.2717060411412,1630.2695854350566,1569.3342639206335,1584.318359375,1848445,0.0,0.0
2022-05-23 00:00:00+01:00,1602.7987484877576,1635.7637585844207,1593.8082911886677,1620.7796630859375,2303259,0.0,0.0
2022-05-24 00:00:00+01:00,1602.2992523135304,1612.7881189901464,1575.327880859375,1575.327880859375,1358857,0.0,0.0
2022-05-25 00:00:00+01:00,1587.3150966199362,1592.8092646699106,1527.8781877156653,1567.3363037109375,1001644,0.0,0.0
2022-05-26 00:00:00+01:00,1570.3331720606718,1639.7594796040667,1569.3342323837885,1639.260009765625,1718861,0.0,0.0
2022-05-27 00:00:00+01:00,1649.2495563670354,1682.7140385828416,1636.2633393877675,1668.7288818359375,1265267,0.0,0.0
2022-05-30 00:00:00+01:00,1680.2165262440433,1710.6841862026897,1663.4013669616666,1703.192138671875,1549030,0.0,0.0
2022-05-31 00:00:00+01:00,1709.6851842983801,1728.1655675350264,1687.2090425240806,1711.18359375,2715463,0.0,0.0
2022-06-01 00:00:00+01:00,1712.1825463056493,1743.14967520616,1699.69580078125,1699.69580078125,1429182,0.0,0.0
2022-06-06 00:00:00+01:00,1734.6587475740014,1741.15185546875,1713.181544537525,1741.15185546875,1856387,0.0,0.0
2022-06-07 00:00:00+01:00,1727.6662667410715,1736.1572544642856,1706.1890625,1713.181640625,1160847,0.0,0.0
2022-06-08 00:00:00+01:00,1717.6768694196428,1727.6662667410715,1696.6991350446428,1713.181640625,947852,0.0,0.0
2022-06-09 00:00:00+01:00,1698.197555202304,1700.6949045481897,1676.2208809585095,1682.7139892578125,1091414,0.0,0.0
2022-06-10 00:00:00+01:00,1670.2272535231439,1684.7118798246304,1627.7723143636142,1634.764892578125,1212378,0.0,0.0
2022-06-13 00:00:00+01:00,1611.2897040329785,1625.2748595546534,1581.8209834694492,1607.2939453125,1953914,0.0,0.0
2022-06-14 00:00:00+01:00,1608.7922341058782,1614.2864019342435,1586.3160929898384,1591.310791015625,1512457,0.0,0.0
2022-06-15 00:00:00+01:00,1609.2918982071253,1650.7478968263654,1602.7987899896539,1638.7606201171875,826279,0.0,0.0
2022-06-16 00:00:00+01:00,1619.7807048672241,1626.2738128423318,1590.3119840571205,1595.80615234375,1450464,0.0,0.0
2022-06-17 00:00:00+01:00,1604.297064333546,1625.7742666269278,1580.3225129362825,1615.285400390625,1630622,0.0,0.0
2022-06-20 00:00:00+01:00,1619.2812954647734,1641.2579694315996,1606.2950790298307,1638.7606201171875,1526283,0.0,0.0
2022-06-21 00:00:00+01:00,1651.7468294892058,1677.2197923872855,1627.772276173366,1635.7637939453125,851272,0.0,0.0
2022-06-22 00:00:00+01:00,1608.792305669841,1615.7848832169934,1573.3299481092824,1603.797607421875,871018,0.0,0.0
2022-06-23 00:00:00+01:00,1595.8061948029892,1631.2685546875,1592.3099058002908,1631.2685546875,743114,0.0,0.0
2022-06-24 00:00:00+01:00,1644.7543095565095,1697.6981166664366,1641.2580204077408,1696.19970703125,1125899,0.0,0.0
2022-06-27 00:00:00+01:00,1721.1730356950027,1730.1634926429163,1662.235595703125,1662.235595703125,866945,0.0,0.0
2022-06-28 00:00:00+01:00,1690.2060232699396,1704.6906493558818,1666.2314697483803,1676.7203369140625,895193,0.0,0.0
2022-06-29 00:00:00+01:00,1659.2389292669156,1704.690688015648,1658.7394593905558,1693.202880859375,766940,0.0,0.0
2022-06-30 00:00:00+01:00,1633.6076486088896,1644.098706902708,1597.638305887226,1639.6025390625,1241463,35.4,0.0
2022-07-01 00:00:00+01:00,1625.1147914961273,1666.0798738517012,1621.6177722706514,1630.610107421875,965839,0.0,0.0
2022-07-04 00:00:00+01:00,1653.5904391640602,1660.0849031245232,1637.1044921875,1637.1044921875,791542,0.0,0.0
2022-07-05 00:00:00+01:00,1624.115669617472,1642.1003402130514,1554.6748581512065,1578.6544189453125,1955359,0.0,0.0
2022-07-06 00:00:00+01:00,1605.6314658685562,1641.1012337828897,1605.6314658685562,1628.1123046875,1212930,0.0,0.0
2022-07-07 00:00:00+01:00,1645.5972178759496,1669.0772024661649,1626.6134005476902,1627.612548828125,919755,0.0,0.0
2022-07-08 00:00:00+01:00,1638.6033339528055,1656.0884305041313,1624.1156825245644,1638.103759765625,1062535,0.0,0.0
2022-07-11 00:00:00+01:00,1605.6313461035688,1649.5938720703125,1592.642417977031,1649.5938720703125,1678902,0.0,0.0
2022-07-12 00:00:00+01:00,1638.6032219875708,1682.066173302485,1637.6040736814807,1678.069580078125,917506,0.0,0.0
2022-07-13 00:00:00+01:00,1672.5743294349438,1684.0645354017909,1624.6152088776694,1655.0892333984375,2743518,0.0,0.0
2022-07-14 00:00:00+01:00,1643.5990500804473,1680.0679651734176,1641.6007533630243,1647.0960693359375,4251373,0.0,0.0
2022-07-15 00:00:00+01:00,1631.6092004159855,1643.5989802108365,1527.697775527276,1585.1488037109375,2302582,0.0,0.0
2022-07-18 00:00:00+01:00,1600.635684550407,1654.0901222054922,1599.1369619993297,1642.100341796875,2339865,0.0,0.0
2022-07-19 00:00:00+01:00,1631.1096867203435,1718.5351676318473,1622.1173515408746,1714.53857421875,1100040,0.0,0.0
2022-07-20 00:00:00+01:00,1728.5268277189616,1732.9679889376982,1681.5668503185043,1696.5540771484375,896344,0.0,0.0
2022-07-21 00:00:00+01:00,1693.5563888172662,1730.0253022047766,1689.55979556932,1718.0355224609375,1026981,0.0,0.0
2022-07-22 00:00:00+01:00,1716.5369047807699,1735.0211496809122,1711.0415887293764,1724.030517578125,558921,0.0,0.0
2022-07-25 00:00:00+01:00,1721.5325422905971,1756.5027332251132,1719.5342456657677,1739.5172119140625,614621,0.0,0.0
2022-07-26 00:00:00+01:00,1745.012631612607,1752.0066702162649,1680.5675616217607,1682.0662841796875,1043573,0.0,0.0
2022-07-27 00:00:00+01:00,1688.5606445028698,1743.0142274173115,1676.570864778589,1719.03466796875,998787,0.0,0.0
2022-07-28 00:00:00+01:00,1736.0203252450153,1759.9998865721407,1711.0416155292596,1757.00244140625,670645,0.0,0.0
2022-07-29 00:00:00+01:00,1775.4866400975693,1797.9674782529971,1758.5011179356904,1794.470458984375,977570,0.0,0.0
2022-08-01 00:00:00+01:00,1793.9708564226016,1797.9674498092295,1778.9836312227471,1782.980224609375,555274,0.0,0.0
2022-08-02 00:00:00+01:00,1769.9912961028342,1771.4900186228197,1739.5172715297965,1740.016845703125,1011679,0.0,0.0
2022-08-03 00:00:00+01:00,1742.514870195698,1770.9906005859375,1734.0221085003636,1770.9906005859375,873445,0.0,0.0
2022-08-04 00:00:00+01:00,1778.9836452554027,1826.94276627324,1776.9853485463261,1799.4661865234375,1450811,0.0,0.0
2022-08-05 00:00:00+01:00,1795.9691157641712,1810.4567664893898,1765.495091824918,1774.4874267578125,563408,0.0,0.0
2022-08-08 00:00:00+01:00,1778.4841585917875,1803.9624428862205,1777.984584389936,1789.974365234375,1793944,0.0,0.0
2022-08-09 00:00:00+01:00,1790.4737971299944,1800.4652803729073,1764.9955148605666,1775.486572265625,1607984,0.0,0.0
2022-08-10 00:00:00+01:00,1762.9973356178582,1804.9615680326783,1762.9973356178582,1797.967529296875,1158827,0.0,0.0
2022-08-11 00:00:00+01:00,1803.4628512365264,1805.4611480246,1782.9803091587708,1795.96923828125,711435,0.0,0.0
2022-08-12 00:00:00+01:00,1791.9725880782164,1802.4636458840828,1779.4832335474232,1794.470458984375,691698,0.0,0.0
2022-08-15 00:00:00+01:00,1794.4704334206197,1809.457658644066,1794.4704334206197,1803.4627685546875,1636035,0.0,0.0
2022-08-16 00:00:00+01:00,1807.9589929905353,1814.953031648139,1791.473044726184,1804.9615478515625,1294111,0.0,0.0
2022-08-17 00:00:00+01:00,1810.456948326721,1828.4416199988407,1803.4629093431188,1817.9505615234375,1329850,0.0,0.0
2022-08-18 00:00:00+01:00,1821.4474017958435,1837.9333492065025,1806.959751041022,1816.45166015625,1587022,0.0,0.0
2022-08-19 00:00:00+01:00,1811.4559269676524,1824.9444294574832,1805.461036972172,1813.4542236328125,884992,0.0,0.0
2022-08-22 00:00:00+01:00,1808.4586107028852,1822.2448340324493,1779.4833069954907,1789.974365234375,1069787,0.0,0.0
2022-08-23 00:00:00+01:00,1774.4874778290953,1799.9657608722496,1769.9913102332446,1777.9844970703125,4838716,0.0,0.0
2022-08-24 00:00:00+01:00,1765.4951682081332,1777.984522821943,1727.5275301821518,1768.9921875,1354237,0.0,0.0
2022-08-25 00:00:00+01:00,1760.499409334981,1783.9793957818436,1759.50026097554,1774.987060546875,1141629,0.0,0.0
2022-08-26 00:00:00+01:00,1786.976774100268,1794.4703865161205,1733.5223388671875,1733.5223388671875,912846,0.0,0.0
2022-08-30 00:00:00+01:00,1729.5258387524623,1775.986238233681,1729.5258387524623,1743.513916015625,1181402,0.0,0.0
2022-08-31 00:00:00+01:00,1759.0007071767845,1788.4755841218089,1736.519868828885,1746.5113525390625,5179440,0.0,0.0
2022-09-01 00:00:00+01:00,1722.0322073567709,1782.6525340406895,1670.076492368345,1686.0628662109375,4062007,0.0,0.0
2022-09-02 00:00:00+01:00,1704.0476407331905,1729.5259255990343,1696.5540275373542,1713.53955078125,1309462,0.0,0.0
2022-09-05 00:00:00+01:00,1695.5547301368276,1704.5470651817488,1655.588796603844,1702.0491943359375,1234685,0.0,0.0
2022-09-06 00:00:00+01:00,1693.0568902495304,1733.5223986916114,1691.8379585264097,1712.540283203125,1085562,0.0,0.0
2022-09-07 00:00:00+01:00,1694.5557567958674,1715.038299846761,1687.062143484565,1704.5472412109375,1161097,0.0,0.0
2022-09-08 00:00:00+01:00,1714.5387404238315,1731.0246898509838,1669.0774859428966,1699.551513671875,1530498,0.0,0.0
2022-09-09 00:00:00+01:00,1711.0416288651675,1720.033964432926,1702.5488674956177,1710.04248046875,878561,0.0,0.0
2022-09-12 00:00:00+01:00,1741.5155403150118,1776.9853060529251,1722.1570414087562,1771.489990234375,1078595,0.0,0.0
2022-09-13 00:00:00+01:00,1789.9742343513158,1813.9537942868064,1769.9912677384068,1771.489990234375,981083,0.0,0.0
2022-09-14 00:00:00+01:00,1760.499482785606,1788.4756380171593,1748.5097019720831,1770.490966796875,867667,0.0,0.0
2022-09-15 00:00:00+01:00,1772.4892019121314,1780.482388842964,1714.538596663595,1728.027099609375,946463,0.0,0.0
2022-09-16 00:00:00+01:00,1712.0406807105114,1727.0279058115664,1701.0500489697379,1722.53173828125,1833033,0.0,0.0
2022-09-20 00:00:00+01:00,1728.0271824428012,1767.9950704744883,1711.5412336077009,1720.5335693359375,955155,0.0,0.0
2022-09-21 00:00:00+01:00,1757.5018730513546,1757.5018730513546,1703.0482902876827,1742.5146484375,910611,0.0,0.0
2022-09-22 00:00:00+01:00,1718.5352841467186,1746.5114399351535,1711.5412451996099,1716.5369873046875,1014820,0.0,0.0
2022-09-23 00:00:00+01:00,1719.034715523292,1719.5342896922905,1632.6083842865792,1637.6041259765625,3477671,0.0,0.0
2022-09-26 00:00:00+01:00,1639.1029329901025,1674.0731266229302,1627.612726510745,1634.6956787109375,1463764,0.0,0.0
2022-09-27 00:00:00+01:00,1663.582036467609,1731.5241256446645,1658.586294616355,1683.0654296875,1738232,0.0,0.0
2022-09-28 00:00:00+01:00,1712.0407139020942,1775.4866347265954,1698.552211049641,1774.987060546875,4946926,0.0,0.0
2022-09-29 00:00:00+01:00,1774.9869971181831,1785.8637121101494,1698.05257619046,1732.523193359375,2436049,0.0,0.0
2022-09-30 00:00:00+01:00,1738.518117718992,1806.460205078125,1727.1178009688888,1806.460205078125,2889293,0.0,0.0
2022-10-03 00:00:00+01:00,1790.9733617509228,1843.92822265625,1771.4899695310382,1843.92822265625,1764957,0.0,0.0
2022-10-04 00:00:00+01:00,1870.905284677037,1911.3707928369408,1847.9248726356102,1909.8720703125,1572066,0.0,0.0
2022-10-05 00:00:00+01:00,1900.3801072581766,1919.363925364331,1884.393734116152,1907.3741455078125,1081434,0.0,0.0
2022-10-06 00:00:00+01:00,1918.3648284313726,1938.84736956827,1896.383564772263,1910.8712158203125,1160524,0.0,0.0
2022-10-07 00:00:00+01:00,1912.3699126233553,1920.862673468339,1888.3903525904605,1898.3818359375,864053,0.0,0.0
2022-10-10 00:00:00+01:00,1874.9019438340565,1884.8934276807606,1836.434731024245,1865.4100341796875,1275311,0.0,0.0
2022-10-11 00:00:00+01:00,1852.9207443364085,1887.39136481611,1833.9369243620804,1863.911376953125,2014157,0.0,0.0
2022-10-12 00:00:00+01:00,1864.9104485075975,1900.8797901343178,1852.4210937760975,1869.4066162109375,1447802,0.0,0.0
2022-10-13 00:00:00+01:00,1858.915481871736,1876.4005777775437,1805.9606199855752,1853.420166015625,964185,0.0,0.0
2022-10-14 00:00:00+01:00,1878.3989757627953,1880.417275027966,1797.9675302580586,1839.9317626953125,1685179,0.0,0.0
2022-10-17 00:00:00+01:00,1841.430425105328,1901.8789008073747,1827.4423480833666,1882.3955078125,1519613,0.0,0.0
2022-10-18 00:00:00+01:00,1894.884833684496,1910.8712071824932,1870.4056992656874,1870.9052734375,6396838,0.0,0.0
2022-10-19 00:00:00+01:00,1872.4040931619625,1882.3955771169356,1855.9181446362568,1858.416015625,1016253,0.0,0.0
2022-10-20 00:00:00+01:00,1858.415955660636,1903.377632007264,1853.919788025973,1879.3980712890625,1828733,0.0,0.0
2022-10-21 00:00:00+01:00,1861.4133956909182,1869.406582575259,1827.94192561274,1838.4329833984375,1104776,0.0,0.0
2022-10-24 00:00:00+01:00,1826.9426893906207,1866.409047734033,1803.9622782033173,1826.443115234375,2190058,0.0,0.0
2022-10-25 00:00:00+01:00,1839.4322064070823,1882.3955876539615,1831.9385933989056,1875.901123046875,1281992,0.0,0.0
2022-10-26 00:00:00+01:00,1874.9019036543996,1883.394664742096,1848.424472028052,1879.3980712890625,672658,0.0,0.0
2022-10-27 00:00:00+01:00,1869.9062529041053,1886.8917759067072,1857.416897755133,1868.9071044921875,743463,0.0,0.0
2022-10-28 00:00:00+01:00,1848.4244095209738,1867.9078019456545,1809.4576246716128,1815.4525146484375,1428947,0.0,0.0
2022-10-31 00:00:00+00:00,1820.9478361271629,1826.4431519563532,1800.4652953092716,1813.4542236328125,1658270,0.0,0.0
2022-11-01 00:00:00+00:00,1836.4348358805362,1864.9105664695433,1832.438242113658,1849.92333984375,1071104,0.0,0.0
2022-11-02 00:00:00+00:00,1854.919020735348,1875.4015631135192,1828.4415879050293,1828.941162109375,1214669,0.0,0.0
2022-11-03 00:00:00+00:00,1818.4499405225547,1843.92822265625,1789.47463927247,1843.92822265625,1733410,0.0,0.0
2022-11-04 00:00:00+00:00,1874.4022432400764,1954.0343153417218,1858.915444322048,1931.853271484375,2532196,0.0,0.0
2022-11-07 00:00:00+00:00,1918.8644808773631,1964.3257325721925,1902.3785324605567,1947.3402099609375,1915151,0.0,0.0
2022-11-08 00:00:00+00:00,1921.861911133554,1994.7997429571824,1917.3657434183988,1973.817626953125,2297640,0.0,0.0
2022-11-09 00:00:00+00:00,1963.326518153564,1983.3094852594527,1960.8286472653278,1970.320556640625,1107284,0.0,0.0
2022-11-10 00:00:00+00:00,1953.3350851396401,1995.798891338328,1932.5527500252697,1973.817626953125,1483076,0.0,0.0
2022-11-11 00:00:00+00:00,2028.2711666162133,2070.2353976496524,1991.802251551439,2011.28564453125,1517031,0.0,0.0
2022-11-14 00:00:00+00:00,2008.2883932179418,2033.2671045763739,1994.9138056684158,2028.2713623046875,1227379,0.0,0.0
2022-11-15 00:00:00+00:00,2037.2636895280605,2054.2492131778777,2022.2764627782217,2031.268798828125,2773332,0.0,0.0
2022-11-16 00:00:00+00:00,2033.2670613830232,2049.253436312816,1991.302827192317,2001.2943115234375,4145877,0.0,0.0
2022-11-17 00:00:00+00:00,1978.3137841581774,2057.246505849337,1971.319745527315,2041.2601318359375,3396086,0.0,0.0
2022-11-18 00:00:00+00:00,2049.2531646350317,2113.1986558766907,2046.255719733079,2096.213134765625,2782962,0.0,0.0
2022-11-21 00:00:00+00:00,2073.232892910372,2114.197976577517,2065.2397058533684,2079.227783203125,1362540,0.0,0.0
2022-11-22 00:00:00+00:00,2078.228606229077,2094.2149801231467,2053.249897019593,2089.21923828125,1101160,0.0,0.0
2022-11-23 00:00:00+00:00,2099.210693359375,2102.2081384236676,2077.229429554565,2099.210693359375,1098489,0.0,0.0
2022-11-24 00:00:00+00:00,2096.2133905653054,2103.2074295233406,2082.225312649236,2092.216796875,1291026,0.0,0.0
2022-11-25 00:00:00+00:00,2070.235596974089,2113.198980502026,2070.235596974089,2111.20068359375,1692944,0.0,0.0
2022-11-28 00:00:00+00:00,2082.2251432229987,2121.191928532834,2075.231104834054,2109.2021484375,887624,0.0,0.0
2022-11-29 00:00:00+00:00,2124.189655738902,2151.166664537091,2124.189655738902,2138.177734375,1677871,0.0,0.0
2022-11-30 00:00:00+00:00,2157.1613254783674,2180.141737931356,2148.1689901706764,2175.14599609375,2551037,0.0,0.0
2022-12-01 00:00:00+00:00,2191.132445778308,2191.132445778308,2142.1741740760112,2149.168212890625,1621608,0.0,0.0
2022-12-02 00:00:00+00:00,2138.1774225428894,2172.148465704786,2136.1791258863072,2162.156982421875,927943,0.0,0.0
2022-12-05 00:00:00+00:00,2133.181794304857,2159.15965222145,2113.198826676708,2122.191162109375,2227056,0.0,0.0
2022-12-06 00:00:00+00:00,2112.199773646273,2135.180187456048,2112.199773646273,2131.18359375,1659435,0.0,0.0
2022-12-07 00:00:00+00:00,2124.1894935839105,2142.1741647431345,2110.201416015625,2110.201416015625,1715980,0.0,0.0
2022-12-08 00:00:00+00:00,2115.1972774103024,2126.187910405821,2102.2083475065074,2111.20068359375,1455818,0.0,0.0
2022-12-09 00:00:00+00:00,2120.1927070385614,2152.1654528562967,2118.1944104249533,2135.179931640625,888440,0.0,0.0
2022-12-12 00:00:00+00:00,2125.1886303618635,2151.166488560927,2114.197998046875,2114.197998046875,1831642,0.0,0.0
2022-12-13 00:00:00+00:00,2127.18701171875,2138.1776444707025,2108.2031915108328,2127.18701171875,1985924,0.0,0.0
2022-12-14 00:00:00+00:00,2123.190276185225,2134.180908203125,2108.2030507062705,2134.180908203125,1102795,0.0,0.0
2022-12-15 00:00:00+00:00,2094.3767954778878,2099.8676570837715,2046.4139681005317,2067.397705078125,2209910,16.5,0.0
2022-12-16 00:00:00+00:00,2069.3961587344897,2077.3899633071,2025.4302335851332,2038.420166015625,4122637,0.0,0.0
2022-12-19 00:00:00+00:00,2039.4193414856047,2055.406950238064,2031.425537109375,2031.425537109375,1344416,0.0,0.0
2022-12-20 00:00:00+00:00,1999.4502373846856,2031.4254535747455,1995.9529481138977,2000.449462890625,2056689,0.0,0.0
2022-12-21 00:00:00+00:00,2011.4409387351493,2036.4215763250045,2010.9463269899009,2026.4293212890625,2614319,0.0,0.0
2022-12-22 00:00:00+00:00,2030.4262913079162,2039.419321141465,2009.4425550296355,2016.4371337890625,1963434,0.0,0.0
2022-12-23 00:00:00+00:00,2017.4363812657887,2026.829125811463,2002.447998046875,2002.447998046875,689463,0.0,0.0
2022-12-28 00:00:00+00:00,2007.4440864581734,2051.4100097056394,2005.4456354014703,2033.4239501953125,933507,0.0,0.0
2022-12-29 00:00:00+00:00,2027.4287418564295,2051.41015625,2015.4380346596445,2051.41015625,1479713,0.0,0.0
2022-12-30 00:00:00+00:00,2043.4162396210168,2046.4139162561576,2025.4301798101715,2028.4278564453125,400926,0.0,0.0
2023-01-03 00:00:00+00:00,2042.4169827384192,2085.3836805161845,2042.4169827384192,2065.399169921875,2455070,0.0,0.0
2023-01-04 00:00:00+00:00,2073.392929230995,2189.303088166318,2073.392929230995,2180.31005859375,1596915,0.0,0.0
2023-01-05 00:00:00+00:00,2173.315454736128,2207.2891216147614,2161.324748778963,2191.301513671875,1314550,0.0,0.0
2023-01-06 00:00:00+00:00,2205.290476296165,2214.283504971591,2177.3121648615056,2198.2958984375,1851129,0.0,0.0
2023-01-09 00:00:00+00:00,2203.2922865469245,2219.279894975383,2185.306227064909,2210.286865234375,1621477,0.0,0.0
2023-01-10 00:00:00+00:00,2199.2952591774183,2236.2666015625,2199.2952591774183,2236.2666015625,2024472,0.0,0.0
2023-01-11 00:00:00+00:00,2228.2728062594,2256.25111952185,2215.282875101834,2242.261962890625,2681020,0.0,0.0
2023-01-12 00:00:00+00:00,2243.261280771259,2263.245791067662,2240.2636042267986,2250.255859375,2070733,0.0,0.0
2023-01-13 00:00:00+00:00,2223.276910500007,2284.229670742928,2213.2846547224785,2265.244384765625,2864975,0.0,0.0
2023-01-16 00:00:00+00:00,2268.2420693501153,2280.2327763246535,2250.2560088883083,2271.23974609375,1478018,0.0,0.0
2023-01-17 00:00:00+00:00,2259.248999600319,2282.231187566178,2231.270683815795,2241.262939453125,3829941,0.0,0.0
2023-01-18 00:00:00+00:00,2220.2793746375296,2340.834874855479,2217.2816977140765,2315.205810546875,2504629,0.0,0.0
2023-01-19 00:00:00+00:00,2309.2103575202523,2315.425511467084,2266.2436567961627,2301.216552734375,1862934,0.0,0.0
2023-01-20 00:00:00+00:00,2318.2032575275657,2369.1637601714906,2308.211002107188,2356.173828125,1654332,0.0,0.0
2023-01-23 00:00:00+00:00,2360.170738362217,2380.155249271296,2336.1893252713226,2362.169189453125,1211683,0.0,0.0
2023-01-24 00:00:00+00:00,2369.163750479873,2394.144388928628,2349.1792397208696,2379.156005859375,2902064,0.0,0.0
2023-01-25 00:00:00+00:00,2378.1568984407854,2396.6376927798287,2349.1793564009604,2376.158447265625,1889294,0.0,0.0
2023-01-26 00:00:00+00:00,2394.144447218306,2405.135928403365,2365.1669059122414,2392.14599609375,1353811,0.0,0.0
2023-01-27 00:00:00+00:00,2398.14152088471,2446.1043513024047,2358.1724955366317,2431.115966796875,1319971,0.0,0.0
2023-01-30 00:00:00+00:00,2416.1274955935596,2471.084903475133,2409.7354767667084,2458.094970703125,2899954,0.0,0.0
2023-01-31 00:00:00+00:00,2450.100964499314,2471.084700329039,2441.54851134271,2459.093994140625,2129805,0.0,0.0
2023-02-01 00:00:00+00:00,2458.0950436125313,2463.3380507379957,2416.127567258171,2419.125244140625,1088411,0.0,0.0
2023-02-02 00:00:00+00:00,2434.113488818952,2478.079413904352,2426.1196842579707,2468.087158203125,1149704,0.0,0.0
2023-02-03 00:00:00+00:00,2468.087090276903,2478.079345703125,2433.1141962851248,2478.079345703125,1815088,0.0,0.0
2023-02-06 00:00:00+00:00,2463.091187075338,2470.0857665112517,2420.1244848261535,2431.115966796875,1508063,0.0,0.0
2023-02-07 00:00:00+00:00,2422.122567033179,2445.1047531065137,2421.12334155173,2428.117919921875,1477609,0.0,0.0
2023-02-08 00:00:00+00:00,2444.1057841955103,2468.0871982677477,2391.1468281193197,2405.135986328125,1086995,0.0,0.0
2023-02-09 00:00:00+00:00,2415.128163822362,2454.097960425205,2411.880680772125,2438.1103515625,1092976,0.0,0.0
2023-02-10 00:00:00+00:00,2426.1197345912856,2431.115862545551,2361.1700711858352,2382.15380859375,1440042,0.0,0.0
2023-02-13 00:00:00+00:00,2388.149166793161,2417.126708984375,2384.152264421959,2417.126708984375,1831622,0.0,0.0
2023-02-14 00:00:00+00:00,2418.126080106549,2428.118336635915,2390.1477618243243,2403.1376953125,1680115,0.0,0.0
2023-02-15 00:00:00+00:00,2401.1387748579546,2488.0713896780303,2392.1457457386364,2473.0830078125,2306702,0.0,0.0
2023-02-16 00:00:00+00:00,2490.070082335052,2531.038330078125,2489.510457476043,2531.038330078125,1950820,0.0,0.0
2023-02-17 00:00:00+00:00,2516.049737851975,2563.013335023954,2494.0667774736016,2555.01953125,1472355,0.0,0.0
2023-02-20 00:00:00+00:00,2559.0164583959827,2560.0156838775897,2521.0458900949097,2544.028076171875,1316443,0.0,0.0
2023-02-21 00:00:00+00:00,2551.022878576208,2603.9818337522906,2545.027525160048,2589.99267578125,5018648,0.0,0.0
2023-02-22 00:00:00+00:00,2580.9995765932144,2592.990283104681,2466.0886391916583,2478.079345703125,3184337,0.0,0.0
2023-02-23 00:00:00+00:00,2481.0769720204776,2503.059933512403,2467.087814707434,2471.084716796875,2063859,0.0,0.0
2023-02-24 00:00:00+00:00,2468.087017137307,2471.08469367634,2395.1435546875,2395.1435546875,1547688,0.0,0.0
2023-02-27 00:00:00+00:00,2415.1280966996173,2455.097117745536,2414.1288711734696,2448.1025390625,1225212,0.0,0.0
2023-02-28 00:00:00+00:00,2445.1050456125176,2470.0856856371656,2431.115887198715,2464.09033203125,2648692,0.0,0.0
2023-03-01 00:00:00+00:00,2504.059318359375,2527.0415068359375,2487.0724833984373,2498.06396484375,2428563,0.0,0.0
2023-03-02 00:00:00+00:00,2461.092492472814,2529.0398288464035,2461.092492472814,2524.043701171875,1201634,0.0,0.0
2023-03-03 00:00:00+00:00,2524.043745152372,2532.037549570907,2493.0677530305493,2496.0654296875,1912724,0.0,0.0
2023-03-06 00:00:00+00:00,2506.0576832706765,2529.039870956173,2495.0662022037,2525.04296875,1047651,0.0,0.0
2023-03-07 00:00:00+00:00,2486.073213601414,2527.0414618962927,2480.0778601924076,2526.042236328125,1092530,0.0,0.0
2023-03-08 00:00:00+00:00,2508.0561682196667,2524.043777260111,2502.0608148295005,2520.046875,962130,0.0,0.0
2023-03-09 00:00:00+00:00,2512.052963213645,2517.049090825446,2470.610962899311,2471.084716796875,2023428,0.0,0.0
2023-03-10 00:00:00+00:00,2437.1111600840604,2448.1026413308523,2406.135167479466,2433.1142578125,1307558,0.0,0.0
2023-03-13 00:00:00+00:00,2437.111136642157,2448.102617783224,2271.2396939678647,2293.22265625,1944845,0.0,0.0
2023-03-14 00:00:00+00:00,2295.221237241481,2346.1817435973,2273.2382737154417,2331.193359375,1023804,0.0,0.0
2023-03-15 00:00:00+00:00,2325.1978950279986,2328.1955717297965,2237.823718362196,2247.25830078125,1293183,0.0,0.0
2023-03-16 00:00:00+00:00,2281.232017573851,2301.216529335339,2233.26918934628,2283.23046875,1552527,0.0,0.0
2023-03-17 00:00:00+00:00,2295.221152098209,2320.8133780956005,2232.269940699782,2265.244384765625,3436998,0.0,0.0
2023-03-20 00:00:00+00:00,2250.255833384462,2302.215559554974,2216.282166272974,2290.224853515625,891557,0.0,0.0
2023-03-21 00:00:00+00:00,2304.2140497800683,2381.1544148421085,2303.214824259782,2378.15673828125,1215938,0.0,0.0
2023-03-22 00:00:00+00:00,2367.1650811947848,2377.1573356531844,2339.186768711267,2368.164306640625,1995359,0.0,0.0
2023-03-23 00:00:00+00:00,2368.1646612184322,2377.15769157749,2332.192539782203,2359.171630859375,1064997,0.0,0.0
2023-03-24 00:00:00+00:00,2353.1762539012484,2353.1762539012484,2314.206456065941,2341.185546875,964860,0.0,0.0
2023-03-27 00:00:00+01:00,2371.1622852832893,2405.135954773231,2340.186292513048,2381.154541015625,1081622,0.0,0.0
2023-03-28 00:00:00+01:00,2405.1357842632306,2431.115647325484,2374.1597936890057,2406.135009765625,1003487,0.0,0.0
2023-03-29 00:00:00+01:00,2428.1182366582866,2480.0779684715503,2423.1221085993193,2453.098876953125,1409007,0.0,0.0
2023-03-30 00:00:00+01:00,2463.0910816515398,2539.0322265625,2463.0910816515398,2539.0322265625,1329559,0.0,0.0
2023-03-31 00:00:00+01:00,2551.022870765208,2589.9926678509282,2550.437387034954,2583.997314453125,1101970,0.0,0.0
2023-04-03 00:00:00+01:00,2574.0049517146235,2574.0049517146235,2530.0390286263305,2535.03515625,923608,0.0,0.0
2023-04-04 00:00:00+01:00,2554.0204163203407,2565.011896985256,2499.0630129957635,2517.049072265625,1980398,0.0,0.0
2023-04-05 00:00:00+01:00,2521.0457616794515,2527.041114263707,2483.0751953125,2483.0751953125,1034240,0.0,0.0
2023-04-06 00:00:00+01:00,2480.077586016414,2484.0744878472224,2448.1023713699497,2473.0830078125,540513,0.0,0.0
2023-04-11 00:00:00+01:00,2498.0637461078745,2518.0482560767377,2474.082334145239,2487.072265625,673500,0.0,0.0
2023-04-12 00:00:00+01:00,2489.070850821282,2519.0476173907878,2488.0716252689654,2496.0654296875,1006518,0.0,0.0
2023-04-13 00:00:00+01:00,2521.046031137129,2565.011954787559,2518.0483545245997,2559.0166015625,804826,0.0,0.0
2023-04-14 00:00:00+01:00,2574.005150106014,2598.985790149745,2568.0097964955185,2591.9912109375,1423473,0.0,0.0
2023-04-17 00:00:00+01:00,2598.9857322932307,2602.982634611252,2568.009739328567,2579.001220703125,570301,0.0,0.0
2023-04-18 00:00:00+01:00,2583.997179173362,2632.5186528748304,2583.997179173362,2603.981689453125,587215,0.0,0.0
2023-04-19 00:00:00+01:00,2596.9871282536997,2606.9793834605243,2570.0080391952733,2586.994873046875,664410,0.0,0.0
2023-04-20 00:00:00+01:00,2580.0004098574927,2615.972530211819,2564.012800811126,2612.974853515625,753146,0.0,0.0
2023-04-21 00:00:00+01:00,2596.9872365639376,2611.7119083701537,2561.0151163191117,2606.9794921875,1785743,0.0,0.0
2023-04-24 00:00:00+01:00,2597.9862940157554,2650.9452453937693,2597.140026132085,2631.9599609375,1108778,0.0,0.0
2023-04-25 00:00:00+01:00,2621.9677560583114,2653.942972595608,2614.973177440778,2638.95458984375,775285,0.0,0.0
2023-04-26 00:00:00+01:00,2624.9657407504933,2624.9657407504933,2565.7616219307497,2593.98974609375,1192047,0.0,0.0
2023-04-27 00:00:00+01:00,2591.991302326035,2629.961876531274,2589.9928510520754,2599.985107421875,1892178,0.0,0.0
2023-04-28 00:00:00+01:00,2588.993408203125,2607.9786937129124,2559.476246330923,2588.993408203125,913455,0.0,0.0
2023-05-02 00:00:00+01:00,2589.9925684476993,2606.979402422858,2532.03748782657,2541.030517578125,2912397,0.0,0.0
2023-05-03 00:00:00+01:00,2560.015808175705,2620.9685655132216,2554.0204549949653,2604.98095703125,1228781,0.0,0.0
2023-05-04 00:00:00+01:00,2587.9942616454505,2599.984968649213,2548.025238299575,2556.01904296875,1162517,0.0,0.0
2023-05-05 00:00:00+01:00,2576.0034110563925,2580.999538696145,2527.041360186818,2541.030517578125,820852,0.0,0.0
2023-05-09 00:00:00+01:00,2535.035089154959,2540.031216646396,2501.562986574635,2516.0498046875,1516071,0.0,0.0
2023-05-10 00:00:00+01:00,2533.0368682544704,2533.0368682544704,2472.8706071509996,2504.059326171875,595945,0.0,0.0
2023-05-11 00:00:00+01:00,2510.0544599965333,2547.0258035553998,2496.06530297426,2522.045166015625,536748,0.0,0.0
2023-05-12 00:00:00+01:00,2542.0298294043123,2567.0104684511316,2487.0724235013104,2514.051513671875,1088461,0.0,0.0
2023-05-15 00:00:00+01:00,2527.04133566677,2551.0227481048887,2514.051403929456,2523.04443359375,1191303,0.0,0.0
2023-05-16 00:00:00+01:00,2518.048322329523,2553.021215695211,2508.0560670821837,2535.03515625,1159339,0.0,0.0
2023-05-17 00:00:00+01:00,2528.0408402700273,2536.034645298549,2483.0756869845923,2518.048583984375,1010881,0.0,0.0
2023-05-18 00:00:00+01:00,2407.1344138744635,2443.1065346297482,2319.2025631393235,2387.14990234375,1939859,0.0,0.0
2023-05-19 00:00:00+01:00,2323.1994575600434,2364.167706058952,2288.2265625,2288.2265625,2107534,0.0,0.0
2023-05-22 00:00:00+01:00,2318.2033428517802,2378.1568775807054,2307.2118614848105,2329.19482421875,1818108,0.0,0.0
2023-05-23 00:00:00+01:00,2310.209398700454,2319.2024283666756,2247.508973222691,2256.251220703125,1753320,0.0,0.0
2023-05-24 00:00:00+01:00,2223.276729223215,2225.5488938404887,2167.3201014315296,2220.279052734375,2258816,0.0,0.0
2023-05-25 00:00:00+01:00,2221.278235887959,2221.278235887959,2168.319285594634,2190.30224609375,1355764,0.0,0.0
2023-05-26 00:00:00+01:00,2208.288540050085,2216.2823447199494,2175.3140957868936,2213.28466796875,1663289,0.0,0.0
2023-05-30 00:00:00+01:00,2217.281520235366,2225.2753247247224,2198.296234573143,2206.2900390625,1374663,0.0,0.0
2023-05-31 00:00:00+01:00,2180.310101890741,2193.300033753518,2132.347276551256,2152.331787109375,2671581,0.0,0.0
2023-06-01 00:00:00+01:00,2160.325771187061,2171.3172529091044,2120.3567467432667,2133.3466796875,1240667,0.0,0.0
2023-06-02 00:00:00+01:00,2149.3339931980145,2198.2960413926694,2143.3386403578525,2184.306884765625,1244072,0.0,0.0
2023-06-05 00:00:00+01:00,2191.3015649515273,2199.690082706487,2168.319377995811,2169.318603515625,758727,0.0,0.0
2023-06-06 00:00:00+01:00,2187.304753400277,2213.2846179906874,2184.3070767167683,2206.2900390625,1043805,0.0,0.0
2023-06-07 00:00:00+01:00,2198.296224541966,2232.269893466705,2187.304743419256,2229.272216796875,701658,0.0,0.0
2023-06-08 00:00:00+01:00,2211.2861070152667,2229.272166629489,2208.288430412896,2222.277587890625,589717,0.0,0.0
2023-06-09 00:00:00+01:00,2223.27685546875,2235.2675621049857,2198.2962166432585,2223.27685546875,886406,0.0,0.0
2023-06-12 00:00:00+01:00,2242.2621052249337,2262.2466159666888,2228.272947705705,2257.25048828125,612829,0.0,0.0
2023-06-13 00:00:00+01:00,2265.2444189798507,2276.2359005011467,2237.2661023801875,2260.248291015625,618100,0.0,0.0
2023-06-14 00:00:00+01:00,2254.2528955661214,2265.2443768831545,2229.272256209227,2259.2490234375,1008046,0.0,0.0
2023-06-15 00:00:00+01:00,2258.2497899632763,2261.2474666756166,2212.2854137073864,2253.253662109375,590557,0.0,0.0
2023-06-16 00:00:00+01:00,2249.256963927343,2287.2275390625,2230.271676359764,2287.2275390625,2130479,0.0,0.0
2023-06-19 00:00:00+01:00,2252.2545204416124,2268.2421301696804,2246.2591667935867,2255.252197265625,724114,0.0,0.0
2023-06-20 00:00:00+01:00,2243.2613404193803,2247.258242584938,2219.279927426033,2234.268310546875,944535,0.0,0.0
2023-06-21 00:00:00+01:00,2185.3063067768894,2200.2946902252907,2126.3519985465114,2148.3349609375,1931150,0.0,0.0
2023-06-22 00:00:00+01:00,2123.3541802425702,2162.323974609375,2116.1378498191148,2162.323974609375,994335,0.0,0.0
2023-06-23 00:00:00+01:00,2143.339146123868,2150.588411546979,2107.3670205945164,2138.343017578125,1023343,0.0,0.0
2023-06-26 00:00:00+01:00,2140.341293463908,2146.8901733374933,2113.3622015294895,2128.3505859375,1356246,0.0,0.0
2023-06-27 00:00:00+01:00,2116.359900788888,2163.3235057639013,2116.359900788888,2146.336669921875,840233,0.0,0.0
2023-06-28 00:00:00+01:00,2143.338817171787,2154.330298285489,2127.3512082791303,2136.34423828125,1116292,0.0,0.0
2023-06-29 00:00:00+01:00,2087.816738243816,2114.8014447697055,2061.8314652929594,2085.81787109375,1213982,44.5,0.0
2023-06-30 00:00:00+01:00,2102.8081358711675,2125.7951069382,2090.814933575324,2118.799072265625,2533122,0.0,0.0
2023-07-03 00:00:00+01:00,2117.7996868505047,2121.7974210399348,2072.825177219418,2103.8076171875,3455696,0.0,0.0
2023-07-04 00:00:00+01:00,2118.7990416320104,2118.7990416320104,2083.818868774878,2102.80810546875,3829988,0.0,0.0
2023-07-05 00:00:00+01:00,2096.811649835706,2102.808251312834,2057.833740234375,2057.833740234375,1416284,0.0,0.0
2023-07-06 00:00:00+01:00,2037.8450038243852,2040.8433044675796,1999.866529010591,2014.8580322265625,1069177,0.0,0.0
2023-07-07 00:00:00+01:00,2011.8598387230809,2031.8485107421875,2002.8649363144827,2031.8485107421875,2187313,0.0,0.0
2023-07-10 00:00:00+01:00,2020.8546974384678,2043.8416697634357,2002.8648930102322,2032.847900390625,1467296,0.0,0.0
2023-07-11 00:00:00+01:00,2044.8411425733543,2050.8377441644784,2019.8553026103368,2045.840576171875,2235653,0.0,0.0
2023-07-12 00:00:00+01:00,2044.8410850123355,2093.8133299613114,2023.852980034203,2088.816162109375,1224902,0.0,0.0
2023-07-13 00:00:00+01:00,2101.808750092785,2131.7917565135094,2091.8144146192103,2103.8076171875,2799038,0.0,0.0
2023-07-14 00:00:00+01:00,2082.8194466390814,2140.786590547463,2063.8302098415083,2124.795654296875,2240277,0.0,0.0
2023-07-17 00:00:00+01:00,2089.8154391584726,2105.8063750869924,2077.822237212082,2086.817138671875,2092555,0.0,0.0
2023-07-18 00:00:00+01:00,2085.8178524201044,2118.7991601009207,2078.821817457507,2116.80029296875,992140,0.0,0.0
2023-07-19 00:00:00+01:00,2138.7879096755355,2201.752226642619,2138.7879096755355,2192.75732421875,1196550,0.0,0.0
2023-07-20 00:00:00+01:00,2210.747147983691,2262.717695766309,2200.9526497934203,2236.732421875,2384766,0.0,0.0
2023-07-21 00:00:00+01:00,2235.7329686890735,2248.7256055209723,2219.7420310498132,2242.72900390625,897874,0.0,0.0
2023-07-24 00:00:00+01:00,2222.7401233816454,2241.729360047226,2172.7684479459067,2180.763916015625,1217698,0.0,0.0
2023-07-25 00:00:00+01:00,2193.7568071425753,2212.7460460198918,2177.765869140625,2177.765869140625,1086721,0.0,0.0
2023-07-26 00:00:00+01:00,2144.784309701893,2197.754285663776,2135.7894081234604,2180.763916015625,1153359,0.0,0.0
2023-07-27 00:00:00+01:00,2199.7531868605424,2257.7203312666816,2192.757152190836,2246.7265625,1358214,0.0,0.0
2023-07-28 00:00:00+01:00,2234.733329745604,2246.7265318730397,2191.7576887889577,2230.735595703125,951455,0.0,0.0
2023-07-31 00:00:00+01:00,2214.7449313638663,2242.7290730959007,2200.7528604978493,2221.740966796875,1277696,0.0,0.0
2023-08-01 00:00:00+01:00,2217.7430859110827,2221.7408201804133,2185.7612117564386,2216.74365234375,1123610,0.0,0.0
2023-08-02 00:00:00+01:00,2183.762304463518,2215.7441780300314,2166.7719341313073,2178.76513671875,1203347,0.0,0.0
2023-08-03 00:00:00+01:00,2161.7746676974825,2173.767869737413,2141.785997630932,2158.7763671875,2511414,0.0,0.0
2023-08-04 00:00:00+01:00,2163.7737113005014,2213.7453905453167,2160.7754105458125,2204.75048828125,818720,0.0,0.0
2023-08-07 00:00:00+01:00,2187.759943262161,2213.7452144018666,2187.759943262161,2208.748046875,720866,0.0,0.0
2023-08-08 00:00:00+01:00,2200.7525861899203,2213.745221803212,2175.766748472051,2180.763916015625,3496993,0.0,0.0
2023-08-09 00:00:00+01:00,2201.752138453972,2219.741942581149,2192.7572363903832,2194.756103515625,3223793,0.0,0.0
2023-08-10 00:00:00+01:00,2215.744334899064,2273.711484842296,2206.749432321666,2255.7216796875,1294512,0.0,0.0
2023-08-11 00:00:00+01:00,2250.724365234375,2265.715868555208,2239.730596132431,2250.724365234375,4393336,0.0,0.0
2023-08-14 00:00:00+01:00,2240.7300975599505,2256.1212771679457,2223.739726615027,2229.736328125,1788213,0.0,0.0
2023-08-15 00:00:00+01:00,2227.737539646579,2247.72621205256,2188.7596284549163,2205.75,850624,0.0,0.0
2023-08-16 00:00:00+01:00,2198.753886771872,2220.741425639591,2191.757851677598,2204.75048828125,2258483,0.0,0.0
2023-08-17 00:00:00+01:00,2183.762451171875,2218.742627735269,2169.7703805465176,2183.762451171875,766394,0.0,0.0
2023-08-18 00:00:00+01:00,2170.7696866638553,2170.7696866638553,2123.7963094662487,2147.78271484375,1173735,0.0,0.0
2023-08-21 00:00:00+01:00,2140.786748096769,2180.7640916653363,2139.787314507555,2151.780517578125,1056041,0.0,0.0
2023-08-22 00:00:00+01:00,2162.774178151334,2173.7679470790904,2133.790605523613,2134.7900390625,1045159,0.0,0.0
2023-08-23 00:00:00+01:00,2139.7872176431088,2184.7617271218287,2120.797980307649,2156.777587890625,1586315,0.0,0.0
2023-08-24 00:00:00+01:00,2174.7673032407406,2189.758805790654,2151.7803326642074,2158.7763671875,1796783,0.0,0.0
2023-08-25 00:00:00+01:00,2150.7812004282996,2188.759678874524,2139.7874303517606,2165.772705078125,828694,0.0,0.0
2023-08-29 00:00:00+01:00,2190.758535022779,2206.749473234624,2181.763632278616,2193.7568359375,1487226,0.0,0.0
2023-08-30 00:00:00+01:00,2195.7556923314146,2221.740966796875,2183.762488731971,2221.740966796875,624293,0.0,0.0
2023-08-31 00:00:00+01:00,2223.739716246888,2225.7385834075594,2182.762939453125,2182.762939453125,2224230,0.0,0.0
2023-09-01 00:00:00+01:00,2181.76334952434,2212.7457882944977,2162.774112858759,2180.763916015625,729169,0.0,0.0
2023-09-04 00:00:00+01:00,2190.7584375,2226.738046875,2186.760703125,2198.75390625,548234,0.0,0.0
2023-09-05 00:00:00+01:00,2178.765030046704,2202.751434047218,2161.7746605463394,2186.760498046875,826794,0.0,0.0
2023-09-06 00:00:00+01:00,2166.7720820218824,2166.7720820218824,2083.325475046989,2083.819091796875,1889235,0.0,0.0
2023-09-07 00:00:00+01:00,2063.830467351581,2124.7959194137825,2063.830467351581,2093.8134765625,1837804,0.0,0.0
2023-09-08 00:00:00+01:00,2109.804151561949,2126.7945213281987,2075.8234120294496,2124.795654296875,2456248,0.0,0.0
2023-09-11 00:00:00+01:00,2144.7844035117682,2156.7776061409118,2121.661522506911,2125.795166015625,1064559,0.0,0.0
2023-09-12 00:00:00+01:00,2126.7944524623,2136.3891115029055,2106.8057827963007,2120.7978515625,1086479,0.0,0.0
2023-09-13 00:00:00+01:00,2116.800155509479,2140.786559537915,2105.8063869964453,2108.8046875,2118307,0.0,0.0
2023-09-14 00:00:00+01:00,2106.805976636482,2117.7997459642816,2069.8269343520656,2110.8037109375,1749773,0.0,0.0
2023-09-15 00:00:00+01:00,2158.7764549785684,2184.7617271218287,2148.782119538853,2156.777587890625,1920063,0.0,0.0
2023-09-18 00:00:00+01:00,2119.798565719207,2150.781005859375,2118.7991321662985,2150.781005859375,1094242,0.0,0.0
2023-09-19 00:00:00+01:00,2139.7872735935607,2142.785574303874,2050.8376858542674,2063.830322265625,2120674,0.0,0.0
2023-09-20 00:00:00+01:00,2055.8348088430344,2066.82857787428,2030.8489701356566,2039.8438720703125,2550935,0.0,0.0
2023-09-21 00:00:00+01:00,2020.8546377938467,2045.8404765400614,1996.8682325974805,2000.865966796875,1779712,0.0,0.0
2023-09-22 00:00:00+01:00,1991.3713384994544,2015.8574603530237,1977.8789856413653,2003.8642578125,1967259,0.0,0.0
2023-09-25 00:00:00+01:00,1988.8728870900939,1994.3697719539107,1905.9198973270397,1913.4156494140625,2547895,0.0,0.0
2023-09-26 00:00:00+01:00,1868.9407339005818,1907.918642254658,1867.9413003530412,1900.922607421875,2152809,0.0,0.0
2023-09-27 00:00:00+01:00,1900.9226214097728,1925.4087435046936,1883.9322509765625,1883.9322509765625,1254646,0.0,0.0
2023-09-28 00:00:00+01:00,1877.9356890401114,1917.913032074494,1875.4371051004625,1909.4178466796875,2204859,0.0,0.0
2023-09-29 00:00:00+01:00,1940.4002527242435,1952.393455419423,1907.4189453125,1907.4189453125,1925144,0.0,0.0
2023-10-02 00:00:00+01:00,1943.3986029895655,1945.8971869481531,1876.4365528994133,1892.427490234375,1352546,0.0,0.0
2023-10-03 00:00:00+01:00,1806.4761772030415,1848.952103914593,1803.4778764939908,1824.9656982421875,1902838,0.0,0.0
2023-10-04 00:00:00+01:00,1813.971918989665,1850.4512440822948,1805.976450476212,1815.4710693359375,2253580,0.0,0.0
2023-10-05 00:00:00+01:00,1819.9685790616702,1846.4535693665216,1805.4767919137328,1834.9600830078125,1563210,0.0,0.0
2023-10-06 00:00:00+01:00,1837.9583103418156,1855.4483975799785,1797.481251304924,1832.46142578125,1334437,0.0,0.0
2023-10-09 00:00:00+01:00,1809.4744919591915,1828.9634467193152,1795.482421875,1795.482421875,1279569,0.0,0.0
2023-10-10 00:00:00+01:00,1816.970239583688,1841.4563621743373,1791.9844002054745,1834.4603271484375,1242575,0.0,0.0
2023-10-11 00:00:00+01:00,1777.9923974994065,1847.9527504083208,1753.5062739812865,1775.9935302734375,1583260,0.0,0.0
2023-10-12 00:00:00+01:00,1795.982128410952,1801.4790130555043,1763.495535281602,1773.494873046875,2251567,0.0,0.0
2023-10-13 00:00:00+01:00,1768.997441250534,1795.4824311901607,1746.0104688501033,1755.00537109375,1794170,0.0,0.0
2023-10-16 00:00:00+01:00,1766.4987931391813,1771.4959608708339,1742.512388027249,1749.5084228515625,1154358,0.0,0.0
2023-10-17 00:00:00+01:00,1752.5068357301325,1766.9986230800537,1736.5158979647022,1764.999755859375,1099673,0.0,0.0
2023-10-18 00:00:00+01:00,1768.997307533594,1778.4919258508646,1745.010903363647,1745.5106201171875,893771,0.0,0.0
2023-10-19 00:00:00+01:00,1738.0150293932836,1759.502851780837,1721.024658203125,1721.024658203125,1995811,0.0,0.0
2023-10-20 00:00:00+01:00,1716.5271875593396,1737.015576115361,1704.5339845021565,1727.021240234375,4609849,0.0,0.0
2023-10-23 00:00:00+01:00,1734.017270461229,1740.0138719729102,1699.0370949764201,1728.5203857421875,1277390,0.0,0.0
2023-10-24 00:00:00+01:00,1733.0177729843388,1742.5123916944606,1722.523720725783,1723.0234375,1649017,0.0,0.0
2023-10-25 00:00:00+01:00,1717.0269286896523,1737.5153175360656,1692.041088633051,1719.5255126953125,1800074,0.0,0.0
2023-10-26 00:00:00+01:00,1707.0325486295314,1735.016688770999,1694.0399121352787,1695.5390625,2490449,0.0,0.0
2023-10-27 00:00:00+01:00,1699.5367232393628,1709.0313418049457,1682.5463531746352,1693.0404052734375,1391304,0.0,0.0
2023-10-30 00:00:00+00:00,1706.5328760802377,1715.527778501744,1694.5396728515625,1694.5396728515625,1653777,0.0,0.0
2023-10-31 00:00:00+00:00,1698.5373778647565,1709.031430508228,1686.544174843646,1691.0416259765625,1581254,0.0,0.0
2023-11-01 00:00:00+00:00,1701.0358679279004,1709.5310529322408,1668.0135690495858,1682.046630859375,1255205,0.0,0.0
2023-11-02 00:00:00+00:00,1698.5373588646144,1750.0081879211177,1677.549253812448,1722.0240478515625,1482696,0.0,0.0
2023-11-03 00:00:00+00:00,1739.0144679394616,1749.0088039621023,1708.5317430704079,1719.5255126953125,933197,0.0,0.0
2023-11-06 00:00:00+00:00,1728.0206537356323,1737.5152727122015,1693.0404785587975,1695.5390625,1083973,0.0,0.0
2023-11-07 00:00:00+00:00,1695.0393603169325,1711.030297678413,1685.0450244660074,1691.0416259765625,1508353,0.0,0.0
2023-11-08 00:00:00+00:00,1697.0382616214658,1709.531181686406,1681.0473239383425,1705.533447265625,1167941,0.0,0.0
2023-11-09 00:00:00+00:00,1691.541415095572,1749.0088486955692,1689.0428310260068,1718.526123046875,1042560,0.0,0.0
2023-11-10 00:00:00+00:00,1706.0330948444487,1732.5180843074702,1649.5650984421573,1676.5498046875,1538513,0.0,0.0
2023-11-13 00:00:00+00:00,1687.0438766639245,1696.0387788499288,1663.5571876226911,1670.55322265625,775848,0.0,0.0
2023-11-14 00:00:00+00:00,1671.5526328288333,1709.5311081935542,1658.5599965198498,1703.0347900390625,1181240,0.0,0.0
2023-11-15 00:00:00+00:00,1724.5226032304095,1743.5118408203125,1703.034781747098,1743.5118408203125,2032085,0.0,0.0
2023-11-16 00:00:00+00:00,1627.077890625,1649.0654296875,1549.1220703125,1549.1220703125,5476258,0.0,0.0
2023-11-17 00:00:00+00:00,1527.1344454098755,1586.8105828979214,1511.6432255775107,1563.61376953125,1801082,0.0,0.0
2023-11-20 00:00:00+00:00,1560.1158639642256,1602.591792355308,1553.619545504413,1579.1051025390625,1278330,0.0,0.0
2023-11-21 00:00:00+00:00,1580.1044018294037,1594.0964711688166,1544.124794956628,1544.62451171875,1117095,0.0,0.0
2023-11-22 00:00:00+00:00,1547.123114749107,1563.1140513356609,1537.1287793825106,1538.6279296875,1324411,0.0,0.0
2023-11-23 00:00:00+00:00,1542.6256734722026,1546.1236908723663,1509.144649784921,1535.629638671875,3557956,0.0,0.0
2023-11-24 00:00:00+00:00,1528.133955071734,1538.6280077390022,1506.6461329435178,1527.134521484375,750506,0.0,0.0
2023-11-27 00:00:00+00:00,1525.1356095658973,1534.1305115882387,1499.1503370569108,1503.1480712890625,1365058,0.0,0.0
2023-11-28 00:00:00+00:00,1489.155999646718,1491.6545835387428,1447.1897943563647,1453.1763916015625,2387243,0.0,0.0
2023-11-29 00:00:00+00:00,1449.678427734375,1461.671630859375,1445.1809765624998,1449.1787109375,1632605,0.0,0.0
2023-11-30 00:00:00+00:00,1446.6800834882533,1468.6676218901473,1434.6868807235837,1462.6710205078125,4832344,0.0,0.0
2023-12-01 00:00:00+00:00,1459.1729326983234,1497.651123046875,1455.6749153939095,1497.651123046875,1570090,0.0,0.0
2023-12-04 00:00:00+00:00,1490.6550612587648,1515.141181943203,1458.6731893443964,1467.6680908203125,2473745,0.0,0.0
2023-12-05 00:00:00+00:00,1461.1717789609033,1481.1604489877282,1451.1774439474907,1478.661865234375,1461024,0.0,0.0
2023-12-06 00:00:00+00:00,1475.1639796147415,1515.1413232357372,1464.6699269142302,1513.1424560546875,2732300,0.0,0.0
2023-12-07 00:00:00+00:00,1498.150937262618,1522.63705998639,1471.665947377722,1480.1611328125,2550795,0.0,0.0
2023-12-08 00:00:00+00:00,1489.6557523132665,1527.1345115965592,1471.1662310668423,1517.639892578125,1735334,0.0,0.0
2023-12-11 00:00:00+00:00,1510.6438030262025,1518.6392713849255,1489.1559818121348,1496.6517333984375,1355152,0.0,0.0
2023-12-12 00:00:00+00:00,1501.649013400787,1520.6382521725773,1499.1504293518672,1512.14306640625,3826694,0.0,0.0
2023-12-13 00:00:00+00:00,1506.64612286379,1524.1362105255587,1484.1588672986586,1492.654052734375,1195328,0.0,0.0
2023-12-14 00:00:00+00:00,1516.8263294227265,1568.303466796875,1483.8409792606508,1568.303466796875,2185185,18.3,0.0
2023-12-15 00:00:00+00:00,1574.3007438316633,1578.2989679429818,1521.824052370608,1522.8236083984375,6287297,0.0,0.0
2023-12-18 00:00:00+00:00,1529.3207554834516,1534.3185357301295,1512.3283026447466,1513.82763671875,2310026,0.0,0.0
2023-12-19 00:00:00+00:00,1512.828112780626,1518.8254492039387,1453.8543046180512,1482.8414306640625,6574114,0.0,0.0
2023-12-20 00:00:00+00:00,1475.8445494521036,1502.3327855242205,1465.3492106310762,1490.837890625,4208827,0.0,0.0
2023-12-21 00:00:00+00:00,1477.8436252388444,1484.340739587206,1413.8720378088235,1428.3656005859375,1650361,0.0,0.0
2023-12-22 00:00:00+00:00,1423.3678309794086,1442.859174170489,1419.869384765625,1419.869384765625,1766618,0.0,0.0
2023-12-27 00:00:00+00:00,1424.8671985270898,1435.3625374148726,1410.8734133433793,1421.8685302734375,986835,0.0,0.0
2023-12-28 00:00:00+00:00,1420.868973929621,1434.862759110778,1404.8760765797272,1410.8734130859375,598648,0.0,0.0
2023-12-29 00:00:00+00:00,1416.8706719350007,1428.3655662752142,1414.3717818610412,1415.371337890625,486618,0.0,0.0
2024-01-02 00:00:00+00:00,1419.3696620396204,1420.529181280168,1396.3798717389786,1399.3785400390625,1063294,0.0,0.0
2024-01-03 00:00:00+00:00,1387.383877840909,1397.8792169744318,1351.8996360085227,1357.89697265625,1313822,0.0,0.0
2024-01-04 00:00:00+00:00,1352.8991479231795,1361.8951526009103,1347.4015895090106,1358.896484375,1383815,0.0,0.0
2024-01-05 00:00:00+00:00,1358.8965178158876,1384.8849764133226,1349.9005129167754,1377.3883056640625,3097145,0.0,0.0
2024-01-08 00:00:00+00:00,1373.8898703835227,1390.88232421875,1363.8943093039773,1390.88232421875,1137493,0.0,0.0
2024-01-09 00:00:00+00:00,1399.3785286364048,1402.8769749579958,1380.386962890625,1380.386962890625,3871253,0.0,0.0
2024-01-10 00:00:00+00:00,1384.3851876071922,1402.377197265625,1383.385631515057,1402.377197265625,2249232,0.0,0.0
2024-01-11 00:00:00+00:00,1400.3780158231118,1419.4196072429997,1358.8964400510497,1359.89599609375,1455070,0.0,0.0
2024-01-12 00:00:00+00:00,1167.9812617084942,1300.503458997796,1161.9839253197472,1284.9293212890625,7047209,0.0,0.0
2024-01-15 00:00:00+00:00,1221.9572524269029,1294.8698136913697,1211.4139617283156,1211.4619140625,4673974,0.0,0.0
2024-01-16 00:00:00+00:00,1207.9635346031034,1238.4499953440175,1203.4655321987061,1226.455322265625,2653895,0.0,0.0
2024-01-17 00:00:00+00:00,1212.9613260987317,1237.9502285729536,1195.4690943667763,1234.4517822265625,3098552,0.0,0.0
2024-01-18 00:00:00+00:00,1265.937776444598,1276.4331152939214,1222.457086925972,1229.4539794921875,2813155,0.0,0.0
2024-01-19 00:00:00+00:00,1236.950661309109,1250.44466852339,1216.9595395101737,1231.952880859375,2676890,0.0,0.0
2024-01-22 00:00:00+00:00,1244.447287792851,1253.4432922829199,1226.4552788127135,1243.947509765625,2859598,0.0,0.0
2024-01-23 00:00:00+00:00,1243.447731738399,1254.942626364598,1226.4552788127135,1243.947509765625,3613015,0.0,0.0
2024-01-24 00:00:00+00:00,1262.9391098052022,1289.9271240234375,1251.6521303345187,1289.9271240234375,3092715,0.0,0.0
2024-01-25 00:00:00+00:00,1289.4272672901593,1295.9243814276679,1268.3166490040069,1277.932373046875,1354677,0.0,0.0
2024-01-26 00:00:00+00:00,1307.919069839688,1350.4002012635983,1295.9243974376427,1340.9044189453125,4013541,0.0,0.0
2024-01-29 00:00:00+00:00,1336.4064721443365,1343.9031427061034,1319.9137969084488,1342.40380859375,1677121,0.0,0.0
2024-01-30 00:00:00+00:00,1347.901355063447,1348.4011330964702,1319.4140071811273,1323.4122314453125,1917707,0.0,0.0
2024-01-31 00:00:00+00:00,1325.4113203976133,1325.4113203976133,1302.421531280611,1307.4193115234375,1417762,0.0,0.0
2024-02-01 00:00:00+00:00,1294.924825888185,1305.4201641142183,1279.9314855652806,1283.429931640625,871972,0.0,0.0
2024-02-02 00:00:00+00:00,1289.9271126492447,1305.4202317860625,1278.9319958424708,1281.9306640625,1213344,0.0,0.0
2024-02-05 00:00:00+00:00,1297.423794639614,1319.4140284470652,1289.9271240234375,1289.9271240234375,1199675,0.0,0.0
2024-02-06 00:00:00+00:00,1295.9243950032987,1316.9150716674478,1289.9270588135419,1307.9190673828125,1474398,0.0,0.0
2024-02-07 00:00:00+00:00,1307.4193892045455,1320.9133966619318,1284.2496249350634,1291.92626953125,1411888,0.0,0.0
2024-02-08 00:00:00+00:00,1289.4273461235894,1309.4184677689163,1269.4362244782624,1295.4246826171875,2238737,0.0,0.0
2024-02-09 00:00:00+00:00,1301.422029820884,1303.9209200471146,1256.9417837939798,1270.435791015625,3046524,0.0,0.0
2024-02-12 00:00:00+00:00,1272.9346294053169,1335.4068825170816,1272.0149939137088,1334.9071044921875,2718235,0.0,0.0
2024-02-13 00:00:00+00:00,1334.407404119318,1336.4065163352273,1287.4282670454545,1297.423828125,1482150,0.0,0.0
2024-02-14 00:00:00+00:00,1289.9271020856181,1311.9173355190808,1289.9271020856181,1295.9244384765625,4832078,0.0,0.0
2024-02-15 00:00:00+00:00,1309.41840184878,1330.9088565356112,1306.1548367625435,1313.4166259765625,973907,0.0,0.0
2024-02-16 00:00:00+00:00,1320.9133090110781,1350.4002122390968,1317.9146408861948,1337.90576171875,1777805,0.0,0.0
2024-02-19 00:00:00+00:00,1323.9119647316247,1328.4099668768058,1303.4210660702445,1318.9141845703125,1505106,0.0,0.0
2024-02-20 00:00:00+00:00,1310.4180018933737,1316.4113117544762,1298.398315802302,1306.9195556640625,654519,0.0,0.0
2024-02-21 00:00:00+00:00,1311.91733599165,1329.4095671382051,1306.9195556640625,1306.9195556640625,1262099,0.0,0.0
2024-02-22 00:00:00+00:00,1305.4202327349715,1315.415793475668,1300.922230401658,1309.41845703125,1424761,0.0,0.0
2024-02-23 00:00:00+00:00,1309.918257169197,1322.912486351341,1299.9226962598555,1303.421142578125,2335609,0.0,0.0
2024-02-26 00:00:00+00:00,1298.9231622869318,1304.4207208806818,1267.4371448863635,1286.4287109375,1452770,0.0,0.0
2024-02-27 00:00:00+00:00,1286.4286020375644,1336.4064032045248,1279.43170987419,1310.917724609375,2203616,0.0,0.0
2024-02-28 00:00:00+00:00,1313.4167258522727,1315.915616122159,1266.4356365203857,1275.43359375,1501162,0.0,0.0
2024-02-29 00:00:00+00:00,1281.430897183548,1294.425126250152,1271.9351144041068,1284.4295654296875,2989810,0.0,0.0
2024-03-01 00:00:00+00:00,1287.4282670454545,1299.9227183948863,1277.2577348405664,1286.4287109375,1153748,0.0,0.0
2024-03-04 00:00:00+00:00,1279.931505725642,1282.2234564829785,1251.9439366820511,1255.4423828125,1418264,0.0,0.0
2024-03-05 00:00:00+00:00,1243.9474891475927,1266.4375,1236.9505968823994,1266.4375,1005239,0.0,0.0
2024-03-06 00:00:00+00:00,1259.9404189618579,1290.9266569529864,1255.9421947049382,1268.4366455078125,1578326,0.0,0.0
2024-03-07 00:00:00+00:00,1249.445024544245,1269.9359229467707,1221.9572340042716,1255.942138671875,3267311,0.0,0.0
2024-03-08 00:00:00+00:00,1255.4424161926172,1263.938642735322,1240.9238399620062,1257.4415283203125,1092423,0.0,0.0
2024-03-11 00:00:00+00:00,1239.449496649549,1255.442393380511,1234.1498485430686,1246.9461669921875,1213086,0.0,0.0
2024-03-12 00:00:00+00:00,1258.4411065831573,1265.448004475621,1244.947099483179,1256.9417724609375,2093872,0.0,0.0
2024-03-13 00:00:00+00:00,1256.4420276988635,1267.4371448863635,1242.4382368651302,1258.94091796875,1095197,0.0,0.0
2024-03-14 00:00:00+00:00,1266.4375664605036,1299.9026848424994,1256.4420055571056,1259.440673828125,1311879,0.0,0.0
2024-03-15 00:00:00+00:00,1259.4406189229273,1276.9328497413014,1246.9461683383745,1268.9364013671875,2813882,0.0,0.0
2024-03-18 00:00:00+00:00,1272.9346134647442,1284.9292859119976,1248.9452685702379,1255.4423828125,1642320,0.0,0.0
2024-03-19 00:00:00+00:00,1249.9448791503905,1253.4433254334986,1217.959084561976,1229.4539794921875,2083144,0.0,0.0
2024-03-20 00:00:00+00:00,1171.4796929185056,1200.4668184258749,1155.4867960868537,1188.971923828125,3504818,0.0,0.0
2024-03-21 00:00:00+00:00,1210.4623563878677,1227.4548089548318,1185.4734555540965,1189.4716796875,1907729,0.0,0.0
2024-03-22 00:00:00+00:00,1183.9741654454479,1205.464620960076,1175.4779388466413,1182.974609375,1368917,0.0,0.0
2024-03-25 00:00:00+00:00,1177.976851418397,1210.4624243255653,1171.4797368369634,1198.967529296875,1525935,0.0,0.0
2024-03-26 00:00:00+00:00,1183.9741775224795,1221.9573085869406,1182.9746214418358,1218.4588623046875,2170176,0.0,0.0
2024-03-27 00:00:00+00:00,1218.9585747480683,1236.4508052180076,1206.963902425824,1230.9532470703125,2789445,0.0,0.0
2024-03-28 00:00:00+00:00,1227.4548893336512,1243.4477869145455,1212.4615478515625,1212.4615478515625,1728566,0.0,0.0
2024-04-02 00:00:00+01:00,1199.4673295454545,1220.4580078125,1170.97998046875,1170.97998046875,2447998,0.0,0.0
2024-04-03 00:00:00+01:00,1200.4668744110147,1200.4668744110147,1166.9817451081262,1184.9737548828125,3441722,0.0,0.0
2024-04-04 00:00:00+01:00,1186.472999843849,1191.9705579728643,1176.9772176210045,1181.4752197265625,1569268,0.0,0.0
2024-04-05 00:00:00+01:00,1163.9830096969836,1167.9812338608203,1150.988781164514,1158.9852294921875,3681938,0.0,0.0
2024-04-08 00:00:00+01:00,1159.9847767036501,1189.4716796875,1157.9856646369485,1189.4716796875,1244139,0.0,0.0
2024-04-09 00:00:00+01:00,1183.9741877522547,1208.4633119396167,1171.9795146808938,1187.972412109375,2684068,0.0,0.0
2024-04-10 00:00:00+01:00,1200.9666637073863,1240.9489080255682,1192.97021484375,1198.4677734375,2604327,0.0,0.0
2024-04-11 00:00:00+01:00,1195.9687939042803,1202.9656861377364,1179.4761193539916,1189.4716796875,1268432,0.0,0.0
2024-04-12 00:00:00+01:00,1189.4717345904367,1201.9661855840336,1162.483720444267,1168.9808349609375,1298593,0.0,0.0
2024-04-15 00:00:00+01:00,1165.482321956443,1191.2258921904224,1159.4849858228765,1164.9825439453125,928993,0.0,0.0
2024-04-16 00:00:00+01:00,1146.990544121696,1160.4845505231278,1133.4965377202643,1134.49609375,2712671,0.0,0.0
2024-04-17 00:00:00+01:00,1139.4938747545812,1166.481887577716,1138.994096739338,1145.4912109375,2248964,0.0,0.0
2024-04-18 00:00:00+01:00,1151.9884144176135,1152.9879705255682,1117.013955961574,1121.501953125,1128408,0.0,0.0
2024-04-19 00:00:00+01:00,1117.0038739531285,1131.4974365234375,1103.0100894024852,1131.4974365234375,1945618,0.0,0.0
2024-04-22 00:00:00+01:00,1145.990967851478,1167.9812001172718,1140.9931877910703,1156.986083984375,2293265,0.0,0.0
2024-04-23 00:00:00+01:00,1164.9825882868686,1168.9808125280933,1153.9874716235006,1163.9830322265625,1171938,0.0,0.0
2024-04-24 00:00:00+01:00,1150.48901270349,1154.4872369005482,1122.8493112801928,1133.996337890625,2377997,0.0,0.0
2024-04-25 00:00:00+01:00,1135.9954946508778,1150.9888359793101,1131.9972702966293,1143.991943359375,1599130,0.0,0.0
2024-04-26 00:00:00+01:00,1155.9865274429321,1174.196456433015,1142.0527752086314,1151.488525390625,1240086,0.0,0.0
2024-04-29 00:00:00+01:00,1159.4850629462353,1166.981733611836,1143.9919435706606,1154.987060546875,632214,0.0,0.0
2024-04-30 00:00:00+01:00,1160.484596540906,1168.481045095882,1144.491699430954,1149.9892578125,873375,0.0,0.0
2024-05-01 00:00:00+01:00,1147.490378465001,1168.9808341592498,1141.4930419921875,1141.4930419921875,416052,0.0,0.0
2024-05-02 00:00:00+01:00,1142.4926093325407,1154.4872823963995,1137.9946069335938,1149.489501953125,1493707,0.0,0.0
2024-05-03 00:00:00+01:00,1157.4859621209614,1188.472201176013,1142.4926206427106,1179.4761962890625,1029392,0.0,0.0
2024-05-07 00:00:00+01:00,1192.4703677763223,1201.9661502523281,1150.489013671875,1150.489013671875,1362844,0.0,0.0
2024-05-08 00:00:00+01:00,1152.987926020616,1156.9861502981041,1137.9945849800358,1149.9892578125,1817045,0.0,0.0
2024-05-09 00:00:00+01:00,1149.4895021634097,1165.4823995848137,1140.9932754082888,1160.484619140625,1505927,0.0,0.0
2024-05-10 00:00:00+01:00,1179.975951992603,1189.4717347490027,1153.4877158826464,1174.4783935546875,1708347,0.0,0.0
2024-05-13 00:00:00+01:00,1174.4783484986924,1182.9745748495338,1156.9861177763714,1164.4827880859375,2321509,0.0,0.0
2024-05-14 00:00:00+01:00,1165.4824001005732,1213.960870430657,1157.4859513863325,1187.972412109375,1474333,0.0,0.0
2024-05-15 00:00:00+01:00,1154.487211639349,1199.9670108857474,1101.5107421875,1101.5107421875,4030120,0.0,0.0
2024-05-16 00:00:00+01:00,1084.5183137592517,1139.493896484375,1080.020311536287,1139.493896484375,4281410,0.0,0.0
2024-05-17 00:00:00+01:00,1141.4930752840908,1161.4841974431818,1093.0146040482955,1099.51171875,3898413,0.0,0.0
2024-05-20 00:00:00+01:00,1098.5121626420455,1101.510830965909,1066.2065629200501,1066.5263671875,1533135,0.0,0.0
2024-05-21 00:00:00+01:00,1056.5307286832199,1073.0234032558528,1038.0389420411768,1060.0291748046875,5296598,0.0,0.0
2024-05-22 00:00:00+01:00,1050.0336358404022,1066.5263107488902,1033.5409609319142,1048.5343017578125,1599742,0.0,0.0
2024-05-23 00:00:00+01:00,1048.0345570485326,1055.0314496563913,1039.0385522670001,1050.533447265625,1221625,0.0,0.0
2024-05-24 00:00:00+01:00,1039.0385073777388,1057.0305161635004,1030.5422810066846,1035.040283203125,2111119,0.0,0.0
2024-05-28 00:00:00+01:00,1039.5383522727273,1060.0292524857955,1028.5432350852273,1033.541015625,1280094,0.0,0.0
2024-05-29 00:00:00+01:00,1030.0425581011857,1034.745425612417,1020.5467751783702,1025.5445556640625,1584612,0.0,0.0
2024-05-30 00:00:00+01:00,1024.0452002393226,1053.5321044921875,1015.5489735901922,1053.5321044921875,1360355,0.0,0.0
2024-05-31 00:00:00+01:00,1050.5334243848129,1060.0292070029438,1033.0411932461504,1034.54052734375,4975383,0.0,0.0
2024-06-03 00:00:00+01:00,1047.5347788886895,1059.539457251557,1036.0398838913422,1045.035888671875,1360045,0.0,0.0
2024-06-04 00:00:00+01:00,1040.5378972405751,1050.939283845366,1034.0407826084295,1036.5396728515625,1261023,0.0,0.0
2024-06-05 00:00:00+01:00,1040.5378521377875,1044.0362983265313,1025.0447333019222,1026.5440673828125,1270034,0.0,0.0
2024-06-06 00:00:00+01:00,1032.0416704722159,1049.533902175135,1020.0469973045001,1042.0372314453125,852294,0.0,0.0
2024-06-07 00:00:00+01:00,1042.0372089119844,1050.5334355553914,1019.0474191710006,1031.5418701171875,3403569,0.0,0.0
2024-06-10 00:00:00+01:00,1022.046092558632,1038.0389898505032,1013.8547231559845,1019.0474243164062,1097363,0.0,0.0
2024-06-11 00:00:00+01:00,1015.5489330849122,1025.544493449921,1003.0544826286509,1009.0518188476562,1375370,0.0,0.0
2024-06-12 00:00:00+01:00,1007.5525676679194,1065.5268225535735,1002.0550090149695,1030.5423583984375,2661604,0.0,0.0
2024-06-13 00:00:00+01:00,1027.543656685088,1045.035888194805,1020.0469860380664,1023.045654296875,2303726,0.0,0.0
2024-06-14 00:00:00+01:00,1024.0452152068324,1031.0421078436775,972.9679233610879,979.764892578125,2535999,0.0,0.0
2024-06-17 00:00:00+01:00,990.7599929264397,994.1584469738068,969.1695451193671,985.3623657226562,1673167,0.0,0.0
2024-06-18 00:00:00+01:00,992.5591420891354,994.9581009747495,977.3658781657161,979.364990234375,1248466,0.0,0.0
2024-06-19 00:00:00+01:00,981.5640584592971,984.1628798320344,963.77197265625,963.77197265625,951306,0.0,0.0
2024-06-20 00:00:00+01:00,962.1726576498845,981.96391682892,957.9745709227548,971.7684326171875,6158532,0.0,0.0
2024-06-21 00:00:00+01:00,971.9683618675331,989.6684478291551,965.7711019363046,984.562744140625,4762845,0.0,0.0
2024-06-24 00:00:00+01:00,992.7591169681583,1019.5472078754298,965.771102642044,1017.548095703125,2296539,0.0,0.0
2024-06-25 00:00:00+01:00,1019.5471951878742,1029.5427559250102,969.769314918549,972.168212890625,4964920,0.0,0.0
2024-06-26 00:00:00+01:00,972.767949084482,990.7599577814524,961.3729858398438,961.3729858398438,4934532,0.0,0.0
2024-06-27 00:00:00+01:00,924.7999877929688,937.7999877929688,898.2000122070312,899.7999877929688,4740176,42.699997,0.0
2024-06-28 00:00:00+01:00,899.2000122070312,903.4660034179688,877.7999877929688,877.7999877929688,1878848,0.0,0.0
2024-07-01 00:00:00+01:00,899.0,901.4000244140625,852.0,862.5999755859375,2516115,0.0,0.0
2024-07-02 00:00:00+01:00,853.0,867.7999877929688,844.5999755859375,847.5999755859375,1715429,0.0,0.0
2024-07-03 00:00:00+01:00,858.0,878.0,851.2000122070312,877.2000122070312,3563243,0.0,0.0
2024-07-04 00:00:00+01:00,881.2000122070312,892.0,871.7999877929688,878.4000244140625,1185613,0.0,0.0
2024-07-05 00:00:00+01:00,882.0,899.2000122070312,873.0,888.7999877929688,1524450,0.0,0.0
2024-07-08 00:00:00+01:00,884.0,908.7999877929688,873.0,898.2000122070312,2704948,0.0,0.0
2024-07-09 00:00:00+01:00,896.7999877929688,902.0,848.4000244140625,857.4000244140625,3067176,0.0,0.0
2024-07-10 00:00:00+01:00,860.0,873.7999877929688,852.2000122070312,860.7999877929688,1560406,0.0,0.0
2024-07-11 00:00:00+01:00,868.5999755859375,875.5999755859375,853.4000244140625,875.5999755859375,1171379,0.0,0.0
2024-07-12 00:00:00+01:00,880.7999877929688,892.4000244140625,870.2000122070312,886.5999755859375,1213674,0.0,0.0
2024-07-15 00:00:00+01:00,792.0,824.0,721.5999755859375,744.0,6814213,0.0,0.0
2024-07-16 00:00:00+01:00,730.2000122070312,748.5999755859375,703.4000244140625,704.5999755859375,4226109,0.0,0.0
2024-07-17 00:00:00+01:00,706.0,747.4000244140625,690.0,735.5999755859375,3551686,0.0,0.0
2024-07-18 00:00:00+01:00,745.0,756.7999877929688,731.0,752.0,3310177,0.0,0.0
2024-07-19 00:00:00+01:00,737.2000122070312,744.0,697.5999755859375,697.5999755859375,2496626,0.0,0.0
2024-07-22 00:00:00+01:00,701.7999877929688,732.7999877929688,701.7999877929688,719.7999877929688,4052954,0.0,0.0
2024-07-23 00:00:00+01:00,721.2000122070312,723.7999877929688,709.5999755859375,719.4000244140625,2082286,0.0,0.0
2024-07-24 00:00:00+01:00,702.7999877929688,716.0,699.2000122070312,704.5999755859375,2470561,0.0,0.0
2024-07-25 00:00:00+01:00,696.0,734.2000122070312,680.0,717.2000122070312,2655310,0.0,0.0
2024-07-26 00:00:00+01:00,721.7999877929688,747.2000122070312,720.5999755859375,747.2000122070312,3828963,0.0,0.0
2024-07-29 00:00:00+01:00,749.7999877929688,753.2000122070312,734.7999877929688,735.5999755859375,927423,0.0,0.0
2024-07-30 00:00:00+01:00,743.0,769.0,735.0,762.7999877929688,1684368,0.0,0.0
2024-07-31 00:00:00+01:00,771.5999755859375,783.5999755859375,764.0,775.0,1907307,0.0,0.0
2024-08-01 00:00:00+01:00,772.7999877929688,780.0,762.4000244140625,767.4000244140625,1429854,0.0,0.0
2024-08-02 00:00:00+01:00,758.2000122070312,764.0189819335938,729.4000244140625,730.2000122070312,2498749,0.0,0.0
2024-08-05 00:00:00+01:00,713.5999755859375,719.7999877929688,700.0,713.7999877929688,1887561,0.0,0.0
2024-08-06 00:00:00+01:00,718.7999877929688,725.5999755859375,676.2000122070312,696.0,2738236,0.0,0.0
2024-08-07 00:00:00+01:00,705.0,714.2000122070312,692.0,692.0,2302061,0.0,0.0
2024-08-08 00:00:00+01:00,680.0,703.4000244140625,676.5999755859375,700.5999755859375,902780,0.0,0.0
2024-08-09 00:00:00+01:00,701.4000244140625,708.0,682.0789794921875,684.7999877929688,1004971,0.0,0.0
2024-08-12 00:00:00+01:00,691.2000122070312,697.0,667.7999877929688,671.0,1032776,0.0,0.0
2024-08-13 00:00:00+01:00,673.2000122070312,673.5999755859375,658.0,666.4000244140625,2393586,0.0,0.0
2024-08-14 00:00:00+01:00,676.0,679.343994140625,663.0,666.4000244140625,1298884,0.0,0.0
2024-08-15 00:00:00+01:00,668.5999755859375,690.7999877929688,658.4000244140625,671.4000244140625,1996150,0.0,0.0
2024-08-16 00:00:00+01:00,671.0,686.5999755859375,666.4000244140625,686.5999755859375,2197236,0.0,0.0
2024-08-19 00:00:00+01:00,691.7999877929688,710.6489868164062,685.7999877929688,702.5999755859375,3362973,0.0,0.0
2024-08-20 00:00:00+01:00,699.0,703.4000244140625,677.7999877929688,689.4000244140625,2007184,0.0,0.0
2024-08-21 00:00:00+01:00,687.5999755859375,695.4000244140625,684.4000244140625,695.4000244140625,3849737,0.0,0.0
2024-08-22 00:00:00+01:00,693.4000244140625,708.4000244140625,680.0,703.4000244140625,2855333,0.0,0.0
2024-08-23 00:00:00+01:00,706.2000122070312,715.7999877929688,701.7999877929688,715.0,2163042,0.0,0.0
2024-08-27 00:00:00+01:00,714.5999755859375,721.614013671875,692.7999877929688,692.7999877929688,1624847,0.0,0.0
2024-08-28 00:00:00+01:00,693.0,695.6510009765625,666.5999755859375,677.7999877929688,2265032,0.0,0.0
2024-08-29 00:00:00+01:00,676.7999877929688,699.3709716796875,674.0,675.7999877929688,1652363,0.0,0.0
2024-08-30 00:00:00+01:00,676.5999755859375,685.3989868164062,660.5999755859375,667.7999877929688,45307227,0.0,0.0
2024-09-02 00:00:00+01:00,660.4000244140625,668.9630126953125,646.0,663.0,3509228,0.0,0.0
2024-09-03 00:00:00+01:00,664.2000122070312,669.5999755859375,647.7999877929688,652.7999877929688,3330351,0.0,0.0
2024-09-04 00:00:00+01:00,638.5999755859375,647.219970703125,621.2000122070312,623.2000122070312,3366754,0.0,0.0
2024-09-05 00:00:00+01:00,620.2000122070312,649.0,617.5999755859375,637.4000244140625,2468185,0.0,0.0
2024-09-06 00:00:00+01:00,634.5999755859375,634.5999755859375,604.4000244140625,604.4000244140625,4454830,0.0,0.0
2024-09-09 00:00:00+01:00,597.5999755859375,600.7999877929688,555.6099853515625,575.0,5023561,0.0,0.0
2024-09-10 00:00:00+01:00,574.4000244140625,579.02099609375,563.7999877929688,571.0,4457775,0.0,0.0
2024-09-11 00:00:00+01:00,574.5999755859375,587.197021484375,570.2000122070312,580.0,2054691,0.0,0.0
2024-09-12 00:00:00+01:00,589.2000122070312,598.7999877929688,583.7999877929688,584.4000244140625,2228466,0.0,0.0
2024-09-13 00:00:00+01:00,586.2000122070312,600.5999755859375,585.7999877929688,592.4000244140625,2007550,0.0,0.0
2024-09-16 00:00:00+01:00,593.0,594.5999755859375,583.0,586.7999877929688,1179258,0.0,0.0
2024-09-17 00:00:00+01:00,591.7999877929688,606.4000244140625,587.5999755859375,605.2000122070312,3374270,0.0,0.0
2024-09-18 00:00:00+01:00,603.2000122070312,609.5999755859375,589.4000244140625,608.2000122070312,1376653,0.0,0.0
2024-09-19 00:00:00+01:00,629.0,642.5999755859375,618.0,626.4000244140625,2473963,0.0,0.0
2024-09-20 00:00:00+01:00,600.0,608.4000244140625,594.2000122070312,604.4000244140625,12890624,0.0,0.0
2024-09-23 00:00:00+01:00,599.4000244140625,601.6079711914062,578.0,599.0,1830582,0.0,0.0
2024-09-24 00:00:00+01:00,627.2000122070312,634.5999755859375,605.2000122070312,611.7999877929688,3278368,0.0,0.0
2024-09-25 00:00:00+01:00,606.2000122070312,622.0,603.9990234375,610.5999755859375,1447976,0.0,0.0
2024-09-26 00:00:00+01:00,630.5999755859375,670.4000244140625,615.0,663.7999877929688,3045918,0.0,0.0
2024-09-27 00:00:00+01:00,675.4000244140625,714.0,670.0,710.0,5219168,0.0,0.0
2024-09-30 00:00:00+01:00,711.5999755859375,723.4849853515625,698.7999877929688,701.0,2337161,0.0,0.0
2024-10-01 00:00:00+01:00,700.0,700.0,662.7999877929688,672.0,4083105,0.0,0.0
2024-10-02 00:00:00+01:00,674.4000244140625,687.5499877929688,661.5999755859375,661.5999755859375,2028725,0.0,0.0
2024-10-03 00:00:00+01:00,655.5999755859375,656.9619750976562,631.0,635.5999755859375,1534216,0.0,0.0
2024-10-04 00:00:00+01:00,635.4000244140625,659.2000122070312,632.0,650.0,1612370,0.0,0.0
2024-10-07 00:00:00+01:00,663.0,682.5999755859375,643.2000122070312,673.5999755859375,1713132,0.0,0.0
2024-10-08 00:00:00+01:00,638.0,651.5999755859375,621.2000122070312,643.7999877929688,8412423,0.0,0.0
2024-10-09 00:00:00+01:00,646.2000122070312,672.0,641.2000122070312,666.2000122070312,1988604,0.0,0.0
2024-10-10 00:00:00+01:00,670.0,677.0,658.7999877929688,661.0,2018241,0.0,0.0
2024-10-11 00:00:00+01:00,658.5999755859375,667.7999877929688,654.0,663.0,2649100,0.0,0.0
2024-10-14 00:00:00+01:00,659.5999755859375,662.4000244140625,643.4000244140625,655.2000122070312,2004909,0.0,0.0
2024-10-15 00:00:00+01:00,657.4000244140625,659.4000244140625,633.7999877929688,646.0,2000590,0.0,0.0
2024-10-16 00:00:00+01:00,618.2000122070312,663.7999877929688,624.2000122070312,654.5999755859375,3411882,0.0,0.0
2024-10-17 00:00:00+01:00,655.4000244140625,694.4000244140625,643.7999877929688,687.5999755859375,3309911,0.0,0.0
2024-10-18 00:00:00+01:00,699.2000122070312,721.0,691.0,691.0,2097940,0.0,0.0
2024-10-21 00:00:00+01:00,690.0,716.4000244140625,684.2000122070312,684.2000122070312,1035077,0.0,0.0
2024-10-22 00:00:00+01:00,683.0,716.4000244140625,680.5999755859375,703.2000122070312,1473912,0.0,0.0
2024-10-23 00:00:00+01:00,700.5999755859375,720.7999877929688,699.4400024414062,712.0,1579366,0.0,0.0
2024-10-24 00:00:00+01:00,713.4000244140625,744.7999877929688,711.0,741.4000244140625,3899006,0.0,0.0
2024-10-25 00:00:00+01:00,753.0,788.5999755859375,739.7999877929688,785.4000244140625,3094895,0.0,0.0
2024-10-28 00:00:00+00:00,788.7999877929688,804.7999877929688,780.2000122070312,786.7999877929688,2559906,0.0,0.0
2024-10-29 00:00:00+00:00,784.4000244140625,784.4000244140625,748.4000244140625,748.4000244140625,3610167,0.0,0.0
2024-10-30 00:00:00+00:00,745.0,764.2000122070312,734.5999755859375,760.2000122070312,5705496,0.0,0.0
2024-10-31 00:00:00+00:00,775.2000122070312,783.4000244140625,758.0,783.4000244140625,2956082,0.0,0.0
2024-11-01 00:00:00+00:00,782.2000122070312,819.364013671875,777.5999755859375,812.0,2231463,0.0,0.0
2024-11-04 00:00:00+00:00,872.0,877.7999877929688,832.7999877929688,851.0,5474104,0.0,0.0
2024-11-05 00:00:00+00:00,840.2000122070312,856.7999877929688,795.0,817.2000122070312,2894189,0.0,0.0
2024-11-06 00:00:00+00:00,829.7999877929688,847.5999755859375,804.0,813.5999755859375,3884078,0.0,0.0
2024-11-07 00:00:00+00:00,822.0,873.9140014648438,808.2000122070312,870.5999755859375,2723809,0.0,0.0
2024-11-08 00:00:00+00:00,863.0,867.5999755859375,802.5999755859375,804.7999877929688,9747810,0.0,0.0
2024-11-11 00:00:00+00:00,815.0,846.4000244140625,758.4000244140625,778.0,5134623,0.0,0.0
2024-11-12 00:00:00+00:00,747.0,756.2000122070312,700.5999755859375,731.4000244140625,4469198,0.0,0.0
2024-11-13 00:00:00+00:00,741.5999755859375,752.0,709.0,731.4000244140625,3085847,0.0,0.0
2024-11-14 00:00:00+00:00,798.0,899.4000244140625,768.7999877929688,868.0,5995485,0.0,0.0
2024-11-15 00:00:00+00:00,864.0,906.2000122070312,849.7999877929688,906.2000122070312,3732749,0.0,0.0
2024-11-18 00:00:00+00:00,911.0,941.7999877929688,905.2000122070312,905.2000122070312,3439386,0.0,0.0
2024-11-19 00:00:00+00:00,904.2000122070312,907.7999877929688,847.7999877929688,859.4000244140625,1736889,0.0,0.0
2024-11-20 00:00:00+00:00,866.2000122070312,875.5999755859375,852.0,852.5999755859375,1201157,0.0,0.0
2024-11-21 00:00:00+00:00,848.7999877929688,877.2000122070312,831.0,877.2000122070312,2463896,0.0,0.0
2024-11-22 00:00:00+00:00,885.2000122070312,907.4000244140625,877.2000122070312,887.4000244140625,1620240,0.0,0.0
2024-11-25 00:00:00+00:00,900.0,916.7999877929688,878.2000122070312,900.7999877929688,3105425,0.0,0.0
2024-11-26 00:00:00+00:00,888.7999877929688,959.4000244140625,880.2000122070312,925.7999877929688,1822508,0.0,0.0
2024-11-27 00:00:00+00:00,927.0,927.5999755859375,897.530029296875,904.2000122070312,1142145,0.0,0.0
2024-11-28 00:00:00+00:00,905.5999755859375,912.7999877929688,890.0,892.2000122070312,955716,0.0,0.0
2024-11-29 00:00:00+00:00,889.0,908.5999755859375,881.5999755859375,898.2000122070312,946388,0.0,0.0
2024-12-02 00:00:00+00:00,907.7999877929688,937.0289916992188,899.5999755859375,912.7999877929688,941174,0.0,0.0
2024-12-03 00:00:00+00:00,917.5999755859375,929.4000244140625,900.0,912.5999755859375,1379722,0.0,0.0
2024-12-04 00:00:00+00:00,920.0,923.4000244140625,900.2000122070312,901.2000122070312,1274565,0.0,0.0
2024-12-05 00:00:00+00:00,900.0,904.5999755859375,882.0,896.2000122070312,2529971,0.0,0.0
2024-12-06 00:00:00+00:00,892.5999755859375,937.0,891.5999755859375,929.7999877929688,1103084,0.0,0.0
2024-12-09 00:00:00+00:00,943.5999755859375,986.5999755859375,940.18798828125,970.0,3816924,0.0,0.0
2024-12-10 00:00:00+00:00,953.5999755859375,970.0,950.0,964.0,2162693,0.0,0.0
2024-12-11 00:00:00+00:00,949.7999877929688,998.4000244140625,946.5999755859375,986.0,3267160,0.0,0.0
2024-12-12 00:00:00+00:00,1000.0,1012.5,973.2000122070312,975.7999877929688,1409365,0.0,0.0
2024-12-13 00:00:00+00:00,968.2000122070312,983.0,957.7999877929688,965.5999755859375,867790,0.0,0.0
2024-12-16 00:00:00+00:00,959.7999877929688,973.4000244140625,952.7999877929688,952.7999877929688,879475,0.0,0.0
2024-12-17 00:00:00+00:00,941.2000122070312,1002.0,941.2000122070312,957.5999755859375,1398315,0.0,0.0
2024-12-18 00:00:00+00:00,956.2000122070312,958.0,937.0,956.2000122070312,1053719,0.0,0.0
2024-12-19 00:00:00+00:00,935.7999877929688,961.4000244140625,919.4000244140625,951.0,1753828,0.0,0.0
2024-12-20 00:00:00+00:00,943.4000244140625,966.2000122070312,931.0,957.4000244140625,2461419,0.0,0.0
2024-12-23 00:00:00+00:00,948.0,974.0,944.4000244140625,970.2000122070312,691295,0.0,0.0
2024-12-24 00:00:00+00:00,971.7999877929688,979.7109985351562,968.5999755859375,968.7999877929688,235909,0.0,0.0
2024-12-27 00:00:00+00:00,969.7999877929688,973.7999877929688,958.7999877929688,968.0,514239,0.0,0.0
2024-12-30 00:00:00+00:00,967.4000244140625,979.4000244140625,956.0,962.4000244140625,735499,0.0,0.0
2024-12-31 00:00:00+00:00,955.0,986.2000122070312,950.2000122070312,980.0,543051,0.0,0.0
2025-01-02 00:00:00+00:00,975.2000122070312,1002.0,955.0,978.0,697310,0.0,0.0
2025-01-03 00:00:00+00:00,975.2000122070312,995.2000122070312,958.7999877929688,962.0,1154970,0.0,0.0
2025-01-06 00:00:00+00:00,966.2000122070312,999.4000244140625,948.8480224609375,953.5999755859375,1122805,0.0,0.0
2025-01-07 00:00:00+00:00,947.2000122070312,1002.0,944.2000122070312,971.4000244140625,1154376,0.0,0.0
2025-01-08 00:00:00+00:00,960.7999877929688,981.5440063476562,945.2000122070312,951.5999755859375,968236,0.0,0.0
2025-01-09 00:00:00+00:00,942.5999755859375,958.4000244140625,930.7999877929688,956.7999877929688,3804108,0.0,0.0
2025-01-10 00:00:00+00:00,960.4000244140625,979.0,947.2000122070312,963.7999877929688,1354131,0.0,0.0
2025-01-13 00:00:00+00:00,959.7999877929688,971.7999877929688,950.7999877929688,968.0,1077395,0.0,0.0
2025-01-14 00:00:00+00:00,972.4000244140625,983.7999877929688,939.2000122070312,955.5999755859375,1163389,0.0,0.0
2025-01-15 00:00:00+00:00,960.7999877929688,976.0,942.0,962.0,1278795,0.0,0.0
2025-01-16 00:00:00+00:00,1030.5,1061.0,1001.0,1001.0,2264416,0.0,0.0
2025-01-17 00:00:00+00:00,1002.0,1011.0,992.7999877929688,993.4000244140625,1500380,0.0,0.0
2025-01-20 00:00:00+00:00,995.4000244140625,1010.5,971.4000244140625,972.7999877929688,2278198,0.0,0.0
2025-01-21 00:00:00+00:00,968.5999755859375,1016.6099853515625,966.2000122070312,1016.0,2316643,0.0,0.0
2025-01-22 00:00:00+00:00,1032.5,1050.1700439453125,1018.0250244140625,1035.0,2527422,0.0,0.0
2025-01-23 00:00:00+00:00,1037.5,1075.5,1020.5,1070.5,3712277,0.0,0.0
2025-01-24 00:00:00+00:00,1231.0,1251.0,1168.02099609375,1176.0,4979586,0.0,0.0
2025-01-27 00:00:00+00:00,1140.5,1152.595947265625,1120.5,1133.0,2022050,0.0,0.0
2025-01-28 00:00:00+00:00,1127.0,1132.5,1093.5,1113.5,2478956,0.0,0.0
2025-01-29 00:00:00+00:00,1104.5,1124.0,1090.5,1112.0,1068587,0.0,0.0
2025-01-30 00:00:00+00:00,1109.0,1177.5,1100.0,1177.0,1599011,0.0,0.0
2025-01-31 00:00:00+00:00,1179.5,1208.0,1168.0,1192.0,1888726,0.0,0.0
2025-02-03 00:00:00+00:00,1144.0,1193.0,1136.0,1191.0,1114233,0.0,0.0
2025-02-04 00:00:00+00:00,1188.5,1214.5,1181.0,1211.0,855597,0.0,0.0
2025-02-05 00:00:00+00:00,1202.0,1237.0,1196.0050048828125,1210.5,970820,0.0,0.0
2025-02-06 00:00:00+00:00,1207.5,1254.5,1198.5,1235.0,1246956,0.0,0.0
2025-02-07 00:00:00+00:00,1223.0,1238.5,1204.5,1206.0,1205514,0.0,0.0
2025-02-10 00:00:00+00:00,1199.5,1216.5,1170.0,1184.5,1098662,0.0,0.0
2025-02-11 00:00:00+00:00,1175.0,1198.1739501953125,1164.0,1164.0,826291,0.0,0.0
2025-02-12 00:00:00+00:00,1165.5,1174.5,1124.0,1156.0,1433825,0.0,0.0
2025-02-13 00:00:00+00:00,1167.5,1195.5,1161.5,1191.0,1582780,0.0,0.0
2025-02-14 00:00:00+00:00,1210.5,1218.5,1184.5,1189.5,1147175,0.0,0.0
2025-02-17 00:00:00+00:00,1180.5,1186.0,1148.301025390625,1155.0,676057,0.0,0.0
2025-02-18 00:00:00+00:00,1160.0,1166.5,1131.5,1146.0,994797,0.0,0.0
2025-02-19 00:00:00+00:00,1145.5,1146.0,1098.0,1111.0,1388331,0.0,0.0
2025-02-20 00:00:00+00:00,1110.0,1137.5,1097.0,1105.0,976167,0.0,0.0
2025-02-21 00:00:00+00:00,1106.5,1108.5,1062.3909912109375,1063.0,2080306,0.0,0.0
2025-02-24 00:00:00+00:00,1058.0,1062.0,1006.5,1022.0,1510055,0.0,0.0
2025-02-25 00:00:00+00:00,1019.0,1040.5,1011.0,1027.5,2152000,0.0,0.0
2025-02-26 00:00:00+00:00,1050.5,1108.0,1041.5,1108.0,2419170,0.0,0.0
2025-02-27 00:00:00+00:00,1092.0,1115.5,1084.5,1095.5,995448,0.0,0.0
2025-02-28 00:00:00+00:00,1082.0,1098.0,1064.5,1086.0,1800734,0.0,0.0
2025-03-03 00:00:00+00:00,1081.5,1128.5,1070.0,1108.0,4394143,0.0,0.0
2025-03-04 00:00:00+00:00,1090.0,1092.0,1059.0,1079.5,2877215,0.0,0.0
2025-03-05 00:00:00+00:00,1093.5,1118.5,1065.0,1079.0,1411748,0.0,0.0
2025-03-06 00:00:00+00:00,1090.0,1096.5,1053.0,1070.0,1658708,0.0,0.0
2025-03-07 00:00:00+00:00,1056.5,1058.5,984.2000122070312,997.5999755859375,1880322,0.0,0.0
2025-03-10 00:00:00+00:00,996.2000122070312,1011.0,992.7999877929688,1004.5,1612754,0.0,0.0
2025-03-11 00:00:00+00:00,1019.5,1043.5,1010.5,1036.5,1510900,0.0,0.0
2025-03-12 00:00:00+00:00,1037.0,1057.5,1007.0,1024.0,1534445,0.0,0.0
2025-03-13 00:00:00+00:00,1013.5,1042.0,998.2000122070312,1000.0,1283304,0.0,0.0
2025-03-14 00:00:00+00:00,997.7999877929688,1003.5,935.7999877929688,948.2000122070312,1917221,0.0,0.0
2025-03-17 00:00:00+00:00,957.0,962.5999755859375,907.7999877929688,907.7999877929688,2322405,0.0,0.0
2025-03-18 00:00:00+00:00,907.2000122070312,926.0280151367188,892.5999755859375,908.2000122070312,2236429,0.0,0.0
2025-03-19 00:00:00+00:00,902.0,906.4019775390625,874.4000244140625,882.7999877929688,1314099,0.0,0.0
2025-03-20 00:00:00+00:00,880.7999877929688,893.0,870.0,885.5999755859375,1148746,0.0,0.0
2025-03-21 00:00:00+00:00,875.0,898.7999877929688,850.2000122070312,853.0,4094378,0.0,0.0
2025-03-24 00:00:00+00:00,859.5999755859375,866.0,833.4000244140625,836.0,1117813,0.0,0.0
2025-03-25 00:00:00+00:00,833.5999755859375,852.4000244140625,813.0,813.0,3918819,0.0,0.0
2025-03-26 00:00:00+00:00,804.0,812.7999877929688,782.5999755859375,797.0,1356447,0.0,0.0
2025-03-27 00:00:00+00:00,787.4000244140625,834.7999877929688,785.0,825.5999755859375,2704923,0.0,0.0
2025-03-28 00:00:00+00:00,818.0,828.5999755859375,805.4000244140625,805.4000244140625,2493621,0.0,0.0
2025-03-31 00:00:00+01:00,795.5999755859375,799.2000122070312,762.4000244140625,771.7999877929688,1391557,0.0,0.0
2025-04-01 00:00:00+01:00,781.7999877929688,789.5999755859375,750.4000244140625,757.0,2963861,0.0,0.0
2025-04-02 00:00:00+01:00,752.4000244140625,771.2000122070312,751.2000122070312,771.2000122070312,1086247,0.0,0.0
2025-04-03 00:00:00+01:00,741.7999877929688,751.7999877929688,694.0,694.0,2717137,0.0,0.0
2025-04-04 00:00:00+01:00,689.2000122070312,706.0,639.7999877929688,660.7999877929688,3040842,0.0,0.0
2025-04-07 00:00:00+01:00,620.4000244140625,781.2000122070312,597.0,639.0,3384021,0.0,0.0
2025-04-08 00:00:00+01:00,658.7999877929688,685.2000122070312,631.2059936523438,665.2000122070312,3924911,0.0,0.0
2025-04-09 00:00:00+01:00,638.0,658.0,624.0,627.7999877929688,1492049,0.0,0.0
2025-04-10 00:00:00+01:00,715.0,741.8079833984375,657.5999755859375,661.0,4008526,0.0,0.0
2025-04-11 00:00:00+01:00,664.4000244140625,682.1300048828125,653.5999755859375,676.0,1341459,0.0,0.0
2025-04-14 00:00:00+01:00,696.2000122070312,705.4000244140625,678.7999877929688,686.4000244140625,1182270,0.0,0.0
2025-04-15 00:00:00+01:00,671.7999877929688,685.7999877929688,650.0,655.2000122070312,2015937,0.0,0.0
2025-04-16 00:00:00+01:00,650.5999755859375,670.4000244140625,647.4000244140625,662.4000244140625,837371,0.0,0.0
2025-04-17 00:00:00+01:00,658.4000244140625,665.0,651.5999755859375,654.2000122070312,948915,0.0,0.0
2025-04-22 00:00:00+01:00,664.7999877929688,679.5999755859375,641.0,679.5999755859375,1153069,0.0,0.0
2025-04-23 00:00:00+01:00,693.0,722.7999877929688,678.0,702.0,4170409,0.0,0.0
2025-04-24 00:00:00+01:00,695.0,701.2000122070312,675.0,701.2000122070312,2688875,0.0,0.0
2025-04-25 00:00:00+01:00,705.4000244140625,714.4000244140625,699.5999755859375,707.0,1458105,0.0,0.0
2025-04-28 00:00:00+01:00,708.0,727.7999877929688,706.7999877929688,727.7999877929688,1860919,0.0,0.0
2025-04-29 00:00:00+01:00,726.7999877929688,742.2000122070312,723.2000122070312,738.7999877929688,1274430,0.0,0.0
2025-04-30 00:00:00+01:00,744.0,753.0,722.0,723.5999755859375,2468610,0.0,0.0
2025-05-01 00:00:00+01:00,750.4000244140625,752.7999877929688,735.4000244140625,735.4000244140625,555492,0.0,0.0
2025-05-02 00:00:00+01:00,744.4000244140625,747.4000244140625,723.7999877929688,726.7999877929688,1478974,0.0,0.0
2025-05-06 00:00:00+01:00,729.0,742.7999877929688,715.7999877929688,726.2000122070312,1915441,0.0,0.0
2025-05-07 00:00:00+01:00,721.5999755859375,739.4000244140625,716.0,734.5999755859375,1595785,0.0,0.0
2025-05-08 00:00:00+01:00,735.2000122070312,777.0,724.5999755859375,758.2000122070312,2397171,0.0,0.0
2025-05-09 00:00:00+01:00,766.5999755859375,781.3469848632812,761.7999877929688,768.7999877929688,851222,0.0,0.0
2025-05-12 00:00:00+01:00,774.0,833.2000122070312,770.5999755859375,797.0,3944023,0.0,0.0
2025-05-13 00:00:00+01:00,797.7999877929688,833.0,797.7999877929688,826.7999877929688,1663246,0.0,0.0
2025-05-14 00:00:00+01:00,901.0,992.0,873.2000122070312,967.5999755859375,6199434,0.0,0.0
2025-05-15 00:00:00+01:00,961.4000244140625,986.4000244140625,944.4000244140625,965.7999877929688,2922133,0.0,0.0
2025-05-16 00:00:00+01:00,973.7999877929688,1004.5,953.0,1004.5,1961951,0.0,0.0
2025-05-19 00:00:00+01:00,991.2000122070312,1021.0,974.2000122070312,1011.0,2297320,0.0,0.0
2025-05-20 00:00:00+01:00,1009.5,1053.5,987.5999755859375,1048.0,1829071,0.0,0.0
2025-05-21 00:00:00+01:00,1027.0,1033.5,999.7999877929688,1005.0,1393480,0.0,0.0
2025-05-22 00:00:00+01:00,989.2000122070312,1005.0,965.5999755859375,976.7999877929688,1370158,0.0,0.0
2025-05-23 00:00:00+01:00,969.0,981.7999877929688,939.2000122070312,961.7999877929688,1148485,0.0,0.0
2025-05-27 00:00:00+01:00,982.7999877929688,1013.0,970.7999877929688,1013.0,2665373,0.0,0.0
2025-05-28 00:00:00+01:00,1014.0,1019.0,999.2000122070312,1003.5,945337,0.0,0.0
2025-05-29 00:00:00+01:00,1017.5,1047.5,1007.0,1012.0,1020548,0.0,0.0
2025-05-30 00:00:00+01:00,1016.5,1039.6729736328125,1012.1810302734375,1035.0,1791231,0.0,0.0
2025-06-02 00:00:00+01:00,1027.0,1052.5,1013.5,1045.0,989849,0.0,0.0
2025-06-03 00:00:00+01:00,1044.0,1055.5,1033.5,1054.0,707508,0.0,0.0
2025-06-04 00:00:00+01:00,1060.0,1099.0,1048.0,1092.5,2218562,0.0,0.0
2025-06-05 00:00:00+01:00,1099.5,1129.0,1087.0,1109.0,1228746,0.0,0.0
2025-06-06 00:00:00+01:00,1100.0,1114.0,1075.0,1077.5,622775,0.0,0.0
2025-06-09 00:00:00+01:00,1073.0,1098.0,1067.75,1076.0,796444,0.0,0.0
2025-06-10 00:00:00+01:00,1081.0,1100.0,1074.5,1085.5,1337250,0.0,0.0
2025-06-11 00:00:00+01:00,1092.0,1117.5,1087.5,1104.5,1308499,0.0,0.0
2025-06-12 00:00:00+01:00,1104.0,1135.5,1087.5,1123.5,838271,0.0,0.0
2025-06-13 00:00:00+01:00,1093.0,1104.0,1075.0,1099.5,766062,0.0,0.0
2025-06-16 00:00:00+01:00,1107.5,1129.0,1095.5,1111.0,1232360,0.0,0.0
2025-06-17 00:00:00+01:00,1102.5,1126.0,1063.5,1075.0,1433325,0.0,0.0
2025-06-18 00:00:00+01:00,1076.5,1079.0,1045.0,1056.0,2430477,0.0,0.0
2025-06-19 00:00:00+01:00,1032.0,1050.0,1000.0,1006.5,1806918,0.0,0.0
2025-06-20 00:00:00+01:00,1012.5,1036.5,996.4000244140625,1005.0,2758616,0.0,0.0
2025-06-23 00:00:00+01:00,998.4000244140625,1011.5,985.0,1000.0,908531,0.0,0.0
2025-06-24 00:00:00+01:00,1019.5,1037.5,1008.5,1014.0,1294521,0.0,0.0
2025-06-25 00:00:00+01:00,1030.0,1101.0,1028.0,1062.5,1567533,0.0,0.0
2025-06-26 00:00:00+01:00,1066.0,1086.0,1051.5,1074.0,1669666,0.0,0.0
2025-06-27 00:00:00+01:00,1087.0,1150.0,1078.5,1150.0,2033660,0.0,0.0
2025-06-30 00:00:00+01:00,1156.0,1199.5,1143.0,1182.0,1576470,0.0,0.0
2025-07-01 00:00:00+01:00,1177.5,1210.0,1167.0,1210.0,5919643,0.0,0.0
2025-07-02 00:00:00+01:00,1220.0,1258.0,1200.0,1258.0,1826598,0.0,0.0
2025-07-03 00:00:00+01:00,1258.0,1265.5,1240.0,1255.0,1318977,0.0,0.0
2025-07-04 00:00:00+01:00,1252.5,1264.0,1229.5,1263.0,3098394,0.0,0.0
