Date,Open,High,Low,Close,Volume,Dividends,Stock Splits
2020-07-06 00:00:00-04:00,37.55272959726007,37.83148670506014,37.3270679963417,37.798301696777344,2120000,0.0,0.0
2020-07-07 00:00:00-04:00,37.43325271874752,38.1898818694107,37.41333969298837,37.77174377441406,2802100,0.0,0.0
2020-07-08 00:00:00-04:00,38.14342725245789,38.72085443643554,38.10360372768739,38.694305419921875,1983400,0.0,0.0
2020-07-09 00:00:00-04:00,39.019520009092716,39.192083532675106,38.362445851916306,38.4686393737793,2337300,0.0,0.0
2020-07-10 00:00:00-04:00,38.707583744428824,39.125721934256596,38.415552129547265,39.09253692626953,1501900,0.0,0.0
2020-07-13 00:00:00-04:00,39.98190652770412,40.26066361709147,38.93324311862903,38.992977142333984,3181500,0.0,0.0
2020-07-14 00:00:00-04:00,39.4111144331075,40.41995429335915,39.39120140441226,40.380130767822266,3333900,0.0,0.0
2020-07-15 00:00:00-04:00,40.85800519493314,40.891190202112966,40.134560898256495,40.40004348754883,2249400,0.0,0.0
2020-07-16 00:00:00-04:00,40.40004570717971,40.70535437282789,40.24739264028256,40.605796813964844,2440000,0.0,0.0
2020-07-17 00:00:00-04:00,40.931008688805775,41.29605134096699,40.824815153228045,41.24959182739258,1995200,0.0,0.0
2020-07-20 00:00:00-04:00,41.11020665647193,41.67436181511814,41.09693214936637,41.42878723144531,1782800,0.0,0.0
2020-07-21 00:00:00-04:00,40.76507599670748,41.08365909516752,40.685431488019105,40.69207000732422,2048100,0.0,0.0
2020-07-22 00:00:00-04:00,40.605791103116744,40.84472718530066,40.51287207823489,40.77835464477539,1193900,0.0,0.0
2020-07-23 00:00:00-04:00,40.6190668510471,40.745170884113925,40.06818614121355,40.2739372253418,1267700,0.0,0.0
2020-07-24 00:00:00-04:00,40.021726946976436,40.49296060951194,39.942082427132576,40.33367156982422,1302100,0.0,0.0
2020-07-27 00:00:00-04:00,40.8779150780915,41.581448866250284,40.7717215376009,41.528350830078125,2036300,0.0,0.0
2020-07-28 00:00:00-04:00,40.718616795670236,41.063746378390334,40.63233629888018,40.672157287597656,1927500,0.0,0.0
2020-07-29 00:00:00-04:00,41.46861395688888,41.77392004834658,41.10357384476742,41.601356506347656,1626400,0.0,0.0
2020-07-30 00:00:00-04:00,40.280570701910946,40.6456133335456,39.908894614215235,40.51287078857422,1733600,0.0,0.0
2020-07-31 00:00:00-04:00,40.29384520959343,40.532781284171215,39.981903140542165,40.51287078857422,3109800,0.0,0.0
2020-08-03 00:00:00-04:00,41.415512960704646,41.6743595052829,41.04383437790961,41.090293884277344,2189000,0.0,0.0
2020-08-04 00:00:00-04:00,41.05047512757927,41.32923472997874,40.90446060427812,41.05711364746094,3299200,0.0,0.0
2020-08-05 00:00:00-04:00,42.51727867400901,43.27390798379862,42.41772365168888,42.87568283081055,3357200,0.0,0.0
2020-08-06 00:00:00-04:00,42.331659440972786,42.678471894990636,42.08005030397568,42.474464416503906,2424900,1.55,0.0
2020-08-07 00:00:00-04:00,41.753640556074025,41.77404052703095,41.1008129503966,41.447628021240234,2051800,0.0,0.0
2020-08-10 00:00:00-04:00,41.80123529114792,42.24325101791287,41.692431140580105,41.89643859863281,1609000,0.0,0.0
2020-08-11 00:00:00-04:00,42.44725945516901,42.50846195340624,41.64483044753008,41.71963119506836,2063700,0.0,0.0
2020-08-12 00:00:00-04:00,42.494866897356786,43.05928767320599,42.26365773043045,42.3792610168457,3013900,0.0,0.0
2020-08-13 00:00:00-04:00,42.168447355153525,42.48126155547465,41.84883662448633,42.02564239501953,1566700,0.0,0.0
2020-08-14 00:00:00-04:00,41.96444549223237,42.04605056098252,41.66523468910287,41.882843017578125,853500,0.0,0.0
2020-08-17 00:00:00-04:00,42.80767862017237,43.004886973484396,42.331659440972786,42.474464416503906,1750900,0.0,0.0
2020-08-18 00:00:00-04:00,43.22929370930834,43.32449702476043,42.85527957256261,43.2360954284668,1816600,0.0,0.0
2020-08-19 00:00:00-04:00,43.28370110520937,43.35850186422735,42.25006019528929,42.31806182861328,1283100,0.0,0.0
2020-08-20 00:00:00-04:00,41.56322985338587,42.2976599111519,41.53603075776543,42.27045822143555,1892600,0.0,0.0
2020-08-21 00:00:00-04:00,41.522430238289,41.92364608541354,41.454426013465216,41.842041015625,1639500,0.0,0.0
2020-08-24 00:00:00-04:00,42.32485429530264,42.3316534195102,41.85563430802191,42.039241790771484,1079400,0.0,0.0
2020-08-25 00:00:00-04:00,41.61763519406686,41.71283851846468,41.114414286983504,41.50883102416992,1194700,0.0,0.0
2020-08-26 00:00:00-04:00,41.53602788084561,42.08684779192265,41.393220316774034,41.998443603515625,1265000,0.0,0.0
2020-08-27 00:00:00-04:00,42.50846575723332,42.50846575723332,41.35922162537924,41.62443161010742,1214000,0.0,0.0
2020-08-28 00:00:00-04:00,41.86243847374549,42.34525673766853,41.7672325706054,42.148048400878906,2143900,0.0,0.0
2020-08-31 00:00:00-04:00,42.14805098769611,42.1820518009994,41.610829317578435,41.638031005859375,1233300,0.0,0.0
2020-09-01 00:00:00-04:00,42.01204694184486,42.51526782023713,41.67203360604075,42.30445861816406,2378100,0.0,0.0
2020-09-02 00:00:00-04:00,42.6716726866083,42.692072656188444,42.06644937750297,42.3792610168457,1403600,0.0,0.0
2020-09-03 00:00:00-04:00,41.60402835055962,41.651630005895846,40.44798259076052,40.97160339355469,2695100,0.0,0.0
2020-09-04 00:00:00-04:00,41.45442499193681,42.06645002978953,40.8696016433433,41.82164001464844,2044000,0.0,0.0
2020-09-08 00:00:00-04:00,41.1348145411611,41.910044532383246,40.903605368858365,41.39322280883789,1321700,0.0,0.0
2020-09-09 00:00:00-04:00,42.18885516749326,42.52206678261076,42.114051818847656,42.114051818847656,1808200,0.0,0.0
2020-09-10 00:00:00-04:00,42.36565967503688,42.49486639844972,41.27761807527279,41.406822204589844,2100300,0.0,0.0
2020-09-11 00:00:00-04:00,42.65127660773119,43.746120039399585,42.50166989957395,43.48090744018555,3796500,0.0,0.0
2020-09-14 00:00:00-04:00,44.04532764967786,44.052129369460175,43.42650604248047,43.42650604248047,1788000,0.0,0.0
2020-09-15 00:00:00-04:00,45.235371006572436,45.255776164393076,44.35814118337629,44.494144439697266,3486600,0.0,0.0
2020-09-16 00:00:00-04:00,44.745752311665356,44.86815730707371,43.95011724741549,44.09292221069336,3231000,0.0,0.0
2020-09-17 00:00:00-04:00,43.44689870294333,44.18132867009135,43.40609876749883,44.011322021484375,2169700,0.0,0.0
2020-09-18 00:00:00-04:00,44.55534022869978,44.60294188282972,43.800515481265315,43.80731201171875,1627300,0.0,0.0
2020-09-21 00:00:00-04:00,42.34526001477309,42.45406417554366,41.35922084861093,41.88964080810547,2611000,0.0,0.0
2020-09-22 00:00:00-04:00,41.706032418218534,41.88283819194763,41.175609908840066,41.760433197021484,1883500,0.0,0.0
2020-09-23 00:00:00-04:00,41.67202994919034,41.774034978618666,40.998805056069486,41.0736083984375,1979100,0.0,0.0
2020-09-24 00:00:00-04:00,41.38642619764518,42.0936546022508,41.11441447461347,41.597232818603516,1869900,0.0,0.0
2020-09-25 00:00:00-04:00,40.7335979659602,41.08720954630657,40.37998379151799,41.046409606933594,2219800,0.0,0.0
2020-09-28 00:00:00-04:00,41.35921883712562,41.549625460689825,40.9444021837073,41.13481140136719,3094400,0.0,0.0
2020-09-29 00:00:00-04:00,41.14841208136133,41.31841874646942,40.84240215944343,40.94440460205078,2619900,0.0,0.0
2020-09-30 00:00:00-04:00,41.15521480226472,41.31841975204678,40.849202278803475,41.066810607910156,2283300,0.0,0.0
2020-10-01 00:00:00-04:00,41.182412421992815,41.29121657579337,40.48878496872841,40.67919158935547,1692100,0.0,0.0
2020-10-02 00:00:00-04:00,40.33917890672477,41.488422961101946,40.284778126033146,41.13481140136719,2398600,0.0,0.0
2020-10-05 00:00:00-04:00,41.23681518305065,41.71963347660644,41.21641521388783,41.638031005859375,1289100,0.0,0.0
2020-10-06 00:00:00-04:00,41.474821983100476,41.53602447866218,40.461581244155724,40.53638458251953,2844200,0.0,0.0
2020-10-07 00:00:00-04:00,41.3252221362464,42.05285048479412,41.311621291196474,41.61763381958008,1983400,0.0,0.0
2020-10-08 00:00:00-04:00,41.81484325404755,41.889644012596605,41.44082649082222,41.835243225097656,1387100,0.0,0.0
2020-10-09 00:00:00-04:00,42.814480938925094,42.936885953966616,42.19565673803562,42.22285842895508,4041200,0.0,0.0
2020-10-12 00:00:00-04:00,42.05285267186398,42.12085430655431,41.828442608012985,41.95084762573242,2086500,0.0,0.0
2020-10-13 00:00:00-04:00,41.51562736586216,41.66523406222394,41.18241575281475,41.52922821044922,1681500,0.0,0.0
2020-10-14 00:00:00-04:00,41.712833762201086,41.794436231795146,41.39322041465541,41.481624603271484,1365100,0.0,0.0
2020-10-15 00:00:00-04:00,40.46158593505035,41.29801840863468,40.4411859655299,41.17561340332031,1441400,0.0,0.0
2020-10-16 00:00:00-04:00,41.06001185725882,41.23001852805591,40.8016009913004,40.835601806640625,1206700,0.0,0.0
2020-10-19 00:00:00-04:00,40.733600038693915,41.073613385948136,40.18277748226753,40.27798080444336,1867500,0.0,0.0
2020-10-20 00:00:00-04:00,40.277976522010476,40.76079480119425,40.23717399080362,40.515987396240234,1367000,0.0,0.0
2020-10-21 00:00:00-04:00,40.59758825178677,41.48842143126723,40.583987408591454,40.951202392578125,1978200,0.0,0.0
2020-10-22 00:00:00-04:00,40.65199173715253,40.876401773673415,40.16917344500221,40.73359680175781,1113100,0.0,0.0
2020-10-23 00:00:00-04:00,40.5907854730276,40.82199461311822,40.40717798582956,40.52958297729492,1312100,0.0,0.0
2020-10-26 00:00:00-04:00,40.12157423421979,40.135175079150024,39.38714417256295,39.631954193115234,1816700,0.0,0.0
2020-10-27 00:00:00-04:00,39.17633402760649,39.64555146194346,39.033529059864236,39.40754318237305,2190300,0.0,0.0
2020-10-28 00:00:00-04:00,37.81627946753457,38.06788858203329,37.66667278611045,37.68707275390625,3917700,0.0,0.0
2020-10-29 00:00:00-04:00,37.93869417062048,38.61191922110916,37.666682424625364,38.52351760864258,2861400,0.0,0.0
2020-10-30 00:00:00-04:00,38.37390102203976,38.64591269809382,38.11549018919796,38.60511016845703,2324000,0.0,0.0
2020-11-02 00:00:00-05:00,39.29193810788854,39.373543171770386,38.79551897603812,39.04032897949219,2180100,0.0,0.0
2020-11-03 00:00:00-05:00,40.4003880867583,40.4003880867583,39.931170575060435,39.99917221069336,2032100,0.0,0.0
2020-11-04 00:00:00-05:00,39.09473202576156,39.37354283976755,38.741117867542485,39.169532775878906,2445500,0.0,0.0
2020-11-05 00:00:00-05:00,40.06036998093569,40.54318828145805,39.931165850880575,39.97196578979492,1827200,0.0,0.0
2020-11-06 00:00:00-05:00,41.17561478374155,41.61763316153952,40.86960226019649,41.366024017333984,2086100,0.0,0.0
2020-11-09 00:00:00-05:00,42.916482818091474,42.98448444627953,40.96480703522085,41.86244201660156,3005600,0.0,0.0
2020-11-10 00:00:00-05:00,42.84167473181236,43.31089214023877,42.5900656224326,42.644466400146484,3277900,0.0,0.0
2020-11-11 00:00:00-05:00,42.828076743289756,43.03888593195812,42.58326674202217,42.8212776184082,1846900,0.0,0.0
2020-11-12 00:00:00-05:00,42.263652293547025,42.84167383945706,42.039242280650704,42.202449798583984,1301400,0.0,0.0
2020-11-13 00:00:00-05:00,42.182048546634014,42.72607189389815,42.182048546634014,42.508460998535156,1090800,0.0,0.0
2020-11-16 00:00:00-05:00,42.896086919996165,43.10689354384566,42.67167685630288,42.9572868347168,1452200,0.0,0.0
2020-11-17 00:00:00-05:00,42.732879855952035,43.20889908620556,42.426867308353614,43.018489837646484,1864600,0.0,0.0
2020-11-18 00:00:00-05:00,43.249694073786934,43.48090323946719,42.86207908927824,42.90288162231445,1489100,0.0,0.0
2020-11-19 00:00:00-05:00,42.726081987394664,42.91648864746094,42.30446353425338,42.91648864746094,1051400,0.0,0.0
2020-11-20 00:00:00-05:00,43.24969287388138,43.44010209533858,43.00488546474339,43.202091217041016,1251200,0.0,0.0
2020-11-23 00:00:00-05:00,43.7121194566695,44.53495121658491,43.6781212314652,44.460147857666016,1760000,0.0,0.0
2020-11-24 00:00:00-05:00,45.10617203578448,46.180615461700995,45.07216862567382,46.003807067871094,2075500,0.0,0.0
2020-11-25 00:00:00-05:00,44.45334111440023,45.39857768194926,44.44653939564478,45.07216262817383,2918600,0.0,0.0
2020-11-27 00:00:00-05:00,44.2969370918319,44.956563795164584,44.27653712173984,44.91576385498047,1541500,0.0,0.0
2020-11-30 00:00:00-05:00,44.786554929115624,44.98376327731472,44.01812669360177,44.181331634521484,2372500,0.0,0.0
2020-12-01 00:00:00-05:00,45.05857029879504,46.00380699053233,45.05857029879504,45.90860366821289,3138400,0.0,0.0
2020-12-02 00:00:00-05:00,47.39105815252167,48.118686449037085,46.656628136919714,47.73107147216797,4145700,0.0,0.0
2020-12-03 00:00:00-05:00,49.0503196990892,49.737148058513824,48.621904783431695,49.34953308105469,2748000,0.0,0.0
2020-12-04 00:00:00-05:00,49.71675054990118,50.36277381490765,49.71675054990118,50.26757049560547,2017700,0.0,0.0
2020-12-07 00:00:00-05:00,49.78475264957715,50.02956266957687,49.274732639276365,49.62154769897461,1504300,0.0,0.0
2020-12-08 00:00:00-05:00,49.20672918939712,49.866355875106336,49.1319258422636,49.567142486572266,1675100,0.0,0.0
2020-12-09 00:00:00-05:00,49.335933825762595,49.44473538813845,48.6763071679749,49.22712707519531,2028300,0.0,0.0
2020-12-10 00:00:00-05:00,49.40393583220308,50.45117746763712,49.34273073748859,50.308372497558594,1999100,0.0,0.0
2020-12-11 00:00:00-05:00,49.94795411015804,50.464775803844574,49.87995248450779,50.4035758972168,2875000,0.0,0.0
2020-12-14 00:00:00-05:00,51.002001600747285,51.20601168242703,50.43757820453296,50.58718490600586,2650500,0.0,0.0
2020-12-15 00:00:00-05:00,51.15840100822755,51.994830781722314,50.954390962492205,51.81122589111328,3011700,0.0,0.0
2020-12-16 00:00:00-05:00,51.58681961398901,51.82482789245444,51.063196213173704,51.61402130126953,1264100,0.0,0.0
2020-12-17 00:00:00-05:00,52.341657684140806,52.79727434325168,51.98804088289643,52.09004592895508,1638200,0.0,0.0
2020-12-18 00:00:00-05:00,52.18524914020008,52.4436626147387,51.899639162418374,52.09684753417969,1308400,0.0,0.0
2020-12-21 00:00:00-05:00,50.457972302439735,51.892828862198286,50.457972302439735,51.87242889404297,2955500,0.0,0.0
2020-12-22 00:00:00-05:00,51.38281604771553,51.41001773843406,50.845594329456596,51.19921112060547,1375600,0.0,0.0
2020-12-23 00:00:00-05:00,51.67522438661242,52.001639465875066,51.29441111763239,51.77042770385742,1210700,0.0,0.0
2020-12-24 00:00:00-05:00,52.36885606199719,52.396057751771124,51.36241429312904,51.64122772216797,378200,0.0,0.0
2020-12-28 00:00:00-05:00,52.09004189045054,52.21244689859252,51.19920861286777,51.40321350097656,762700,0.0,0.0
2020-12-29 00:00:00-05:00,52.45725608243212,52.53205943000915,51.60722275832194,51.77042770385742,1524000,0.0,0.0
2020-12-30 00:00:00-05:00,51.92683603548356,51.947236005119,51.42361776110655,51.67522430419922,1198200,0.0,0.0
2020-12-31 00:00:00-05:00,51.172007483642744,51.294412493124646,50.87279408531103,51.151607513427734,1006400,0.0,0.0
2021-01-04 00:00:00-05:00,53.70850718862629,53.96011372909977,52.627262115478516,52.627262115478516,2593800,0.0,0.0
2021-01-05 00:00:00-05:00,52.91286882575657,54.08251542422448,52.647658863102954,53.89891052246094,2265400,0.0,0.0
2021-01-06 00:00:00-05:00,55.94579486634518,56.78222999822533,55.62618667234067,56.30621337890625,2771800,0.0,0.0
2021-01-07 00:00:00-05:00,57.754662732392184,58.597894313147656,57.41464941245303,58.468692779541016,2888300,0.0,0.0
2021-01-08 00:00:00-05:00,58.1422817794328,59.09432017954142,57.768265026042734,58.951515197753906,2835900,0.0,0.0
2021-01-11 00:00:00-05:00,56.41501170210392,57.34665010414442,56.38781001282627,56.972633361816406,3097600,0.0,0.0
2021-01-12 00:00:00-05:00,56.25859646283417,57.19022947778007,56.20419309589394,57.135826110839844,1685600,0.0,0.0
2021-01-13 00:00:00-05:00,56.272197154056755,56.40820038912254,55.483363863740784,55.59897232055664,2024300,0.0,0.0
2021-01-14 00:00:00-05:00,56.74143290016547,57.82267292746872,56.6734260755465,57.69346618652344,1599000,0.0,0.0
2021-01-15 00:00:00-05:00,55.53776668670799,55.70097679301043,54.347720232921056,54.721736907958984,2044900,0.0,0.0
2021-01-19 00:00:00-05:00,55.27256882013858,55.76218886959205,54.85095559059182,55.490177154541016,1557300,0.0,0.0
2021-01-20 00:00:00-05:00,56.272203401982814,56.49661343412948,55.81658680691518,56.22460174560547,1420600,0.0,0.0
2021-01-21 00:00:00-05:00,56.57142056926702,56.62581876006413,55.36777045304886,56.02739715576172,1410300,0.0,0.0
2021-01-22 00:00:00-05:00,54.5585417973968,55.442573351924985,54.41573163166263,55.35417175292969,1287700,0.0,0.0
2021-01-25 00:00:00-05:00,54.97334586469587,55.197755879742466,54.48373108849109,55.14335250854492,1213500,0.0,0.0
2021-01-26 00:00:00-05:00,55.5717811836621,55.70778444454187,55.1365645230166,55.170562744140625,1435000,0.0,0.0
2021-01-27 00:00:00-05:00,53.341300074734725,54.368136734518146,52.674871575124584,53.51130676269531,2437100,0.0,0.0
2021-01-28 00:00:00-05:00,53.490901983387005,53.858111830773915,53.00807846735771,53.38889694213867,1764000,0.0,0.0
2021-01-29 00:00:00-05:00,52.68846402830825,53.144080611865725,51.80442735998636,51.96763229370117,1993800,0.0,0.0
2021-02-01 00:00:00-05:00,53.4704920842521,53.579298835455425,52.85167054840543,53.361690521240234,1745800,0.0,0.0
2021-02-02 00:00:00-05:00,52.53205575571432,52.640862503922065,52.00163582867985,52.3620491027832,1755000,0.0,0.0
2021-02-03 00:00:00-05:00,52.600060510212636,52.919673866858396,52.36205221958014,52.72246551513672,1813600,0.0,0.0
2021-02-04 00:00:00-05:00,52.74965968355665,52.92646804061624,52.260039733662936,52.71565628051758,1174900,0.0,0.0
2021-02-05 00:00:00-05:00,53.04207706174219,53.36849212646484,52.423250339023305,53.368492126464844,1501700,0.0,0.0
2021-02-08 00:00:00-05:00,53.79691066234218,54.70814391630748,53.75611072207263,54.599342346191406,2714200,0.0,0.0
2021-02-09 00:00:00-05:00,54.293326624027436,55.64658342738089,54.0621200474897,55.35417175292969,3370400,0.0,0.0
2021-02-10 00:00:00-05:00,56.51701274462018,56.986232772154615,55.292962754613555,56.483009338378906,2941400,0.0,0.0
2021-02-11 00:00:00-05:00,55.76218431386076,56.28580254229641,55.40177102584523,55.95259094238281,1812300,0.0,0.0
2021-02-12 00:00:00-05:00,55.74858817012132,56.98623649046529,55.66018138340208,56.89103317260742,1534600,0.0,0.0
2021-02-16 00:00:00-05:00,59.01270341291429,60.134748262502114,58.815495090049325,59.59072494506836,2509800,0.0,0.0
2021-02-17 00:00:00-05:00,60.8963923036383,60.92358880569144,58.99911721162893,59.529537200927734,2447100,0.0,0.0
2021-02-18 00:00:00-05:00,60.29795440396411,60.38636117804778,59.033104575269704,59.90353775024414,1776000,0.0,0.0
2021-02-19 00:00:00-05:00,60.67878206840982,61.55601190741198,60.61077525083231,61.19559860229492,2002400,0.0,0.0
2021-02-22 00:00:00-05:00,60.70597654687178,62.15443662666479,60.59717498111823,61.454010009765625,2945100,0.0,0.0
2021-02-23 00:00:00-05:00,60.8419850723894,61.651218444338795,59.63833499913765,61.54921340942383,2484100,0.0,0.0
2021-02-24 00:00:00-05:00,61.501614223574016,62.433247449037864,61.032394157020114,62.3652458190918,1741900,0.0,0.0
2021-02-25 00:00:00-05:00,62.67806483573655,63.14048323719952,61.04599958420888,61.290809631347656,2359900,0.0,0.0
2021-02-26 00:00:00-05:00,60.78077984227067,60.94398997305172,59.17591654026472,59.434329986572266,3708100,0.0,0.0
2021-03-01 00:00:00-05:00,59.98515348948207,61.188803631898836,59.97835176991247,61.06639862060547,2275800,0.0,0.0
2021-03-02 00:00:00-05:00,61.59001774293321,62.487652775491746,61.46081101027513,62.1136360168457,2711900,0.0,0.0
2021-03-03 00:00:00-05:00,61.535619677924274,62.154446516017295,60.78078956395203,61.7872314453125,2141400,0.0,0.0
2021-03-04 00:00:00-05:00,60.478045835426606,60.727071997311604,57.73874719796522,58.272377014160156,4303300,4.02,0.0
2021-03-05 00:00:00-05:00,59.76654545136115,60.05114913442133,57.90951306913904,59.51040267944336,3643500,0.0,0.0
2021-03-08 00:00:00-05:00,59.00523644980548,60.16499013359339,58.69217184112192,59.33964538574219,2443700,0.0,0.0
2021-03-09 00:00:00-05:00,58.464482443657744,58.7135086101606,57.11261913188939,58.28660583496094,4546300,0.0,0.0
2021-03-10 00:00:00-05:00,56.91340254881498,57.18377848885259,56.18055173350745,57.0699348449707,2984000,0.0,0.0
2021-03-11 00:00:00-05:00,58.26526800667105,58.69928741455078,57.77432677485472,58.69928741455078,2729600,0.0,0.0
2021-03-12 00:00:00-05:00,57.425681531213556,57.987772244868,57.0770449112781,57.82412338256836,1780100,0.0,0.0
2021-03-15 00:00:00-04:00,56.38688279608962,56.77821349157176,55.54730501807957,56.621681213378906,3898400,0.0,0.0
2021-03-16 00:00:00-04:00,56.322854186593446,56.50073080224838,55.61845888017817,56.06671142578125,2260000,0.0,0.0
2021-03-17 00:00:00-04:00,55.20579027183379,56.15921186576218,54.601010793699025,56.009796142578125,3811000,0.0,0.0
2021-03-18 00:00:00-04:00,55.40500748198074,56.116513909716325,55.170209058020816,55.1844367980957,3130700,0.0,0.0
2021-03-19 00:00:00-04:00,54.72195923328046,54.93540789393657,54.038908319764545,54.465816497802734,2763100,0.0,0.0
2021-03-22 00:00:00-04:00,54.11718315078611,54.302176362429854,53.56220894421871,54.13141632080078,2168800,0.0,0.0
2021-03-23 00:00:00-04:00,53.44124766258099,53.91795566137107,52.67281942585588,52.86492919921875,2734700,0.0,0.0
2021-03-24 00:00:00-04:00,53.12818636488633,53.92507555878941,53.10684203950417,53.18510818481445,2680500,0.0,0.0
2021-03-25 00:00:00-04:00,52.815131507804445,53.62624850848117,52.37399551002638,53.405677795410156,2277800,0.0,0.0
2021-03-26 00:00:00-04:00,54.686382878549054,55.575765887335805,54.48004536910695,55.533077239990234,2468800,0.0,0.0
2021-03-29 00:00:00-04:00,55.03502109964729,55.191553382287154,54.40889739745106,54.75753402709961,2223900,0.0,0.0
2021-03-30 00:00:00-04:00,54.80022860545626,55.41212463378906,54.53697467286079,55.41212463378906,1967000,0.0,0.0
2021-03-31 00:00:00-04:00,55.56153708821344,55.84614075907671,54.9567576803562,55.248477935791016,2234100,0.0,0.0
2021-04-01 00:00:00-04:00,55.077717900456136,55.497504107966,54.44447215436055,55.4832763671875,1835400,0.0,0.0
2021-04-05 00:00:00-04:00,56.514949841353165,57.2406839330033,56.08804711518469,56.8280143737793,2361700,0.0,0.0
2021-04-06 00:00:00-04:00,56.47226274344137,56.87070457499282,55.91728321302821,56.05247116088867,2297800,0.0,0.0
2021-04-07 00:00:00-04:00,56.84936086770185,57.60355589369144,56.828016544832394,56.93473815917969,2070400,0.0,0.0
2021-04-08 00:00:00-04:00,57.02724074113602,57.31895555106014,56.500727509424024,57.06281280517578,1937200,0.0,0.0
2021-04-09 00:00:00-04:00,56.2161271107274,56.493614196777344,55.86037387954916,56.493614196777344,2446600,0.0,0.0
2021-04-12 00:00:00-04:00,56.5149607148436,56.56476595200642,55.86037604688554,56.17343521118164,1782100,0.0,0.0
2021-04-13 00:00:00-04:00,56.47938319720231,56.67149298930168,55.9884474106051,56.56476593017578,2094000,0.0,0.0
2021-04-14 00:00:00-04:00,56.92051425778092,58.514287137057075,56.884936765024506,58.14430618286133,2856400,0.0,0.0
2021-04-15 00:00:00-04:00,59.23290690727035,59.8376862524828,59.033685986810994,59.61000442504883,2214300,0.0,0.0
2021-04-16 00:00:00-04:00,60.37132863931716,60.59189935729592,59.602900275779206,60.32863998413086,2468000,0.0,0.0
2021-04-19 00:00:00-04:00,60.748417461616306,61.77298846501712,60.748417461616306,61.40300750732422,3597000,0.0,0.0
2021-04-20 00:00:00-04:00,60.98322139621342,61.19667551732309,59.88750073602047,60.278831481933594,3168200,0.0,0.0
2021-04-21 00:00:00-04:00,59.716741676116094,61.360319979195104,59.46771548297744,61.18955993652344,3107400,0.0,0.0
2021-04-22 00:00:00-04:00,60.15076014348815,60.27171494564481,59.410792732304884,59.77366256713867,3830100,0.0,0.0
2021-04-23 00:00:00-04:00,60.57765636196434,61.68760464370563,60.52073454537165,61.50261688232422,2001700,0.0,0.0
2021-04-26 00:00:00-04:00,62.13585124761605,62.818896696602046,62.043351947369516,62.790435791015625,2070000,0.0,0.0
2021-04-27 00:00:00-04:00,61.901060917714716,62.42046301274555,61.5879963438132,61.844139099121094,2069200,0.0,0.0
2021-04-28 00:00:00-04:00,61.772987915353994,62.70505959976543,61.63779995684061,62.306617736816406,2202300,0.0,0.0
2021-04-29 00:00:00-04:00,62.612561332383606,62.66236656176349,61.65914539043649,62.27815246582031,2117300,0.0,0.0
2021-04-30 00:00:00-04:00,61.523963391042436,61.75164523713447,60.43535939477855,60.52073669433594,2217600,0.0,0.0
2021-05-03 00:00:00-04:00,61.210901487492634,62.16432299159801,61.10417443002629,61.86548614501953,2051600,0.0,0.0
2021-05-04 00:00:00-04:00,61.723183775702815,62.135858814416736,60.9049502826289,62.0149040222168,3152600,0.0,0.0
2021-05-05 00:00:00-04:00,62.94697941970785,64.71862904244053,62.840252361584845,64.30595397949219,3730100,0.0,0.0
2021-05-06 00:00:00-04:00,64.41979974512913,65.16687831988034,64.04270216525036,65.00323486328125,3387400,0.0,0.0
2021-05-07 00:00:00-04:00,65.51550681714716,66.41911750428888,65.03879885958705,66.29104614257812,3279600,0.0,0.0
2021-05-10 00:00:00-04:00,67.7567574062646,68.28327062656405,66.63257598240212,66.74641418457031,4335700,0.0,0.0
2021-05-11 00:00:00-04:00,65.72897047961416,67.44370380146093,65.07438578286404,67.3440933227539,4078500,0.0,0.0
2021-05-12 00:00:00-04:00,66.54008324499584,67.3156281265611,65.72185514031187,65.99222564697266,3048300,0.0,0.0
2021-05-13 00:00:00-04:00,64.04981231689453,65.09572773349872,63.11062396025553,64.04981231689453,3803400,0.0,0.0
2021-05-14 00:00:00-04:00,62.71216857665868,63.11061039127449,62.07892836627457,62.776206970214844,3252700,0.0,0.0
2021-05-17 00:00:00-04:00,62.96831894456251,64.51228659214743,62.96831894456251,64.48382568359375,2422900,0.0,0.0
2021-05-18 00:00:00-04:00,64.58344168722361,64.6545966788908,63.5659871897293,63.637142181396484,2302900,0.0,0.0
2021-05-19 00:00:00-04:00,62.09316638907735,62.41334755316433,60.883607578162554,61.317626953125,3485800,0.0,0.0
2021-05-20 00:00:00-04:00,61.37455582513923,61.815686406970684,60.79823183490415,61.602237701416016,4059300,0.0,0.0
2021-05-21 00:00:00-04:00,61.673379648696994,61.94375014700108,60.67015294296137,60.940528869628906,2043900,0.0,0.0
2021-05-24 00:00:00-04:00,60.67015728301701,61.18244283507203,60.3072928739479,60.968994140625,1578400,0.0,0.0
2021-05-25 00:00:00-04:00,60.321508089194865,60.527845584166954,59.74518967699323,59.823455810546875,2411200,0.0,0.0
2021-05-26 00:00:00-04:00,59.79501170592814,60.421135521921464,59.38233660003143,60.335758209228516,1854100,0.0,0.0
2021-05-27 00:00:00-04:00,62.14296669585439,62.49871989771761,61.851251893075336,62.42757034301758,2906800,0.0,0.0
2021-05-28 00:00:00-04:00,61.97220993344881,62.342196322700175,61.73741150508121,62.207008361816406,1860400,0.0,0.0
2021-06-01 00:00:00-04:00,64.29883414097823,64.81111417974219,64.01423050053407,64.60478210449219,4021000,0.0,0.0
2021-06-02 00:00:00-04:00,64.03557587805687,64.53362818576322,63.72962790950497,64.19210815429688,2391900,0.0,0.0
2021-06-03 00:00:00-04:00,63.14620484178209,63.17466575452291,62.49162013383521,62.97544479370117,2806400,0.0,0.0
2021-06-04 00:00:00-04:00,63.594444820752706,63.92885372223148,63.096392474952474,63.857704162597656,2470600,0.0,0.0
2021-06-07 00:00:00-04:00,63.59444651685832,63.66560150675333,62.43469292164156,62.69795227050781,2502100,0.0,0.0
2021-06-08 00:00:00-04:00,62.96833037146481,63.34542797859745,62.39201179666694,63.04659652709961,1555300,0.0,0.0
2021-06-09 00:00:00-04:00,62.256817997185195,62.34220073036371,61.566655831992485,61.808570861816406,2249400,0.0,0.0
2021-06-10 00:00:00-04:00,61.780112668260884,62.107405017296095,61.26071051821467,61.829917907714844,2038000,0.0,0.0
2021-06-11 00:00:00-04:00,62.413351900298665,62.7264165016475,62.02913773365161,62.242591857910156,1514600,0.0,0.0
2021-06-14 00:00:00-04:00,62.0433660540908,62.263936765445756,61.7303068781857,61.879722595214844,1519300,0.0,0.0
2021-06-15 00:00:00-04:00,61.40300694956051,61.64491652963089,60.73418916970881,61.48838424682617,2141000,0.0,0.0
2021-06-16 00:00:00-04:00,60.6843921761254,61.25359413917709,60.01557430546657,60.23614501953125,2211200,0.0,0.0
2021-06-17 00:00:00-04:00,59.43925369302981,59.78789035827345,58.63525330181299,59.06926727294922,3493900,0.0,0.0
2021-06-18 00:00:00-04:00,58.84157832493254,59.111954236673654,57.65336391517883,57.66048049926758,4617100,0.0,0.0
2021-06-21 00:00:00-04:00,57.56087326612382,58.69928250787662,57.35453574287433,58.407562255859375,2189100,0.0,0.0
2021-06-22 00:00:00-04:00,58.72063331856634,59.296951873402534,58.329307982310716,59.13330841064453,1347400,0.0,0.0
2021-06-23 00:00:00-04:00,60.04403364858327,60.25748777187639,59.42502103372433,59.567325592041016,1944000,0.0,0.0
2021-06-24 00:00:00-04:00,60.04402380646364,60.5989979220205,59.90172469983577,60.349971771240234,1370900,0.0,0.0
2021-06-25 00:00:00-04:00,60.712849754687134,61.01879776080924,60.492279052734375,60.492279052734375,1075800,0.0,0.0
2021-06-28 00:00:00-04:00,60.72708193733433,60.81958126143452,59.92308150354309,60.093841552734375,1330200,0.0,0.0
2021-06-29 00:00:00-04:00,60.406902874328885,60.62035156709385,59.908845067816394,60.200565338134766,1318700,0.0,0.0
2021-06-30 00:00:00-04:00,59.82346616657588,60.15787508085587,59.27560313685991,59.68827819824219,1242900,0.0,0.0
2021-07-01 00:00:00-04:00,59.7950003322824,59.9017273812122,58.706396375597464,58.855812072753906,1623300,0.0,0.0
2021-07-02 00:00:00-04:00,59.07638544303392,59.624248502909424,58.621021704842406,59.50328826904297,1306700,0.0,0.0
2021-07-06 00:00:00-04:00,59.780765497470995,59.83057072846807,58.279491983598376,58.65658950805664,1681800,0.0,0.0
2021-07-07 00:00:00-04:00,59.837690090231156,60.285942618376765,59.346754341430525,60.001338958740234,2363300,0.0,0.0
2021-07-08 00:00:00-04:00,58.0873865342853,59.01945825297585,57.6249062530031,58.685054779052734,2305100,0.0,0.0
2021-07-09 00:00:00-04:00,59.83057083048181,61.35319952719499,59.610005582599136,61.18243408203125,2000700,0.0,0.0
2021-07-12 00:00:00-04:00,60.549194360386686,61.40300530877084,60.40689524983755,61.21089553833008,1249300,0.0,0.0
2021-07-13 00:00:00-04:00,60.73419244439957,61.09706226243376,60.520738332999805,60.60612106323242,1157000,0.0,0.0
2021-07-14 00:00:00-04:00,61.16109140476221,61.43857847516864,60.591889523984264,60.9974479675293,1846100,0.0,0.0
2021-07-15 00:00:00-04:00,60.833805581797726,61.71607211941644,60.59900713463962,61.367435455322266,1398100,0.0,0.0
2021-07-16 00:00:00-04:00,59.75230726180947,59.901722947907714,58.69215886349469,58.90561294555664,3437700,0.0,0.0
2021-07-19 00:00:00-04:00,57.06993431093484,57.34030482007873,56.443810560534644,57.08416748046875,2593800,0.0,0.0
2021-07-20 00:00:00-04:00,56.322860454205994,57.97355541403873,56.173439303468356,57.952205657958984,2462200,0.0,0.0
2021-07-21 00:00:00-04:00,58.82735117074442,59.33252007881185,58.48582569980534,59.01234436035156,1672100,0.0,0.0
2021-07-22 00:00:00-04:00,58.5356418436028,58.66371324053286,57.738757976806184,58.40045928955078,1446900,0.0,0.0
2021-07-23 00:00:00-04:00,58.834467736586404,58.99100001786962,58.10872814670301,58.89138412475586,1668900,0.0,0.0
2021-07-26 00:00:00-04:00,60.33574141044135,61.30339049288455,60.30728050467976,61.22512435913086,1895800,0.0,0.0
2021-07-27 00:00:00-04:00,59.83769063535581,60.73419027145089,58.10161860964754,58.898502349853516,3697200,0.0,0.0
2021-07-28 00:00:00-04:00,60.46382136802071,61.922406354213464,60.09383496888366,61.63069152832031,2950500,0.0,0.0
2021-07-29 00:00:00-04:00,63.039470125946096,63.68694359840672,62.76198304585251,63.08927536010742,3246800,0.0,0.0
2021-07-30 00:00:00-04:00,61.431454795296645,62.21411611205436,61.111279113613996,61.41011047363281,2340400,0.0,0.0
2021-08-02 00:00:00-04:00,62.6552543746104,63.04658508174298,62.02201408733277,62.1145133972168,2432200,0.0,0.0
2021-08-03 00:00:00-04:00,62.776206527402614,63.601551055908196,62.278148834283456,63.6015510559082,2443300,0.0,0.0
2021-08-04 00:00:00-04:00,63.14619062636701,63.445022000326965,62.85447040771837,62.98965835571289,2124400,0.0,0.0
2021-08-05 00:00:00-04:00,60.414012890621834,60.91206521461874,59.958643786500545,60.293052673339844,3563800,0.0,0.0
2021-08-06 00:00:00-04:00,60.549193248660266,60.833796892896125,60.193440050456196,60.45669937133789,1674700,0.0,0.0
2021-08-09 00:00:00-04:00,60.45669939002971,61.10416738821254,60.30728369814137,60.883602142333984,2071500,0.0,0.0
2021-08-10 00:00:00-04:00,60.64169263191128,61.950861797362556,60.59899855678534,61.858367919921875,2105200,0.0,0.0
2021-08-11 00:00:00-04:00,61.10417936344831,61.630698108561965,60.56343830445753,61.260711669921875,3603000,0.0,0.0
2021-08-12 00:00:00-04:00,60.53005345300904,60.56049803482978,59.96684320610102,60.248451232910156,2954100,5.61,0.0
2021-08-13 00:00:00-04:00,60.149502882742354,60.956263950579256,60.08100693096453,60.46155548095703,2363300,0.0,0.0
2021-08-16 00:00:00-04:00,59.1448578093587,59.6091275273862,58.61969892677113,59.38840866088867,3097300,0.0,0.0
2021-08-17 00:00:00-04:00,58.52075399349022,58.75669223004962,57.68354836716371,58.47509002685547,3291700,0.0,0.0
2021-08-18 00:00:00-04:00,57.021391439739794,57.29538685115333,56.34401550783129,56.42012405395508,3440200,0.0,0.0
2021-08-19 00:00:00-04:00,55.01209921089341,55.40787296725522,54.50977812838525,55.11865234375,5203200,0.0,0.0
2021-08-20 00:00:00-04:00,54.55544058943181,55.31653769262885,54.47171944354333,55.194759368896484,2705300,0.0,0.0
2021-08-23 00:00:00-04:00,55.56008911132813,55.89497369836557,55.43831078632901,55.560089111328125,1976300,0.0,0.0
2021-08-24 00:00:00-04:00,56.823521123982694,57.60745033001293,56.770238744241844,57.150787353515625,2573000,0.0,0.0
2021-08-25 00:00:00-04:00,57.27255683822922,57.66832477571373,56.95289744948673,57.386722564697266,1474400,0.0,0.0
2021-08-26 00:00:00-04:00,56.404908468588374,56.76262504685786,56.18418960525805,56.33640670776367,1853100,0.0,0.0
2021-08-27 00:00:00-04:00,56.755005372816136,57.91948290124267,56.70934140910044,57.7139892578125,1817100,0.0,0.0
2021-08-30 00:00:00-04:00,58.2924224229437,58.33809219619124,57.82054595082829,57.889041900634766,1242500,0.0,0.0
2021-08-31 00:00:00-04:00,57.60744137458975,57.71399450408521,56.78545511273045,57.13555908203125,2223900,0.0,0.0
2021-09-01 00:00:00-04:00,56.38968489495866,57.27256037365393,56.222248400074434,57.013790130615234,2454200,0.0,0.0
2021-09-02 00:00:00-04:00,57.074672218006356,57.94232248266048,56.96811908422148,57.29539108276367,2283200,0.0,0.0
2021-09-03 00:00:00-04:00,58.10214892519962,58.406588921817594,57.56938328615065,57.74443817138672,2050800,0.0,0.0
2021-09-07 00:00:00-04:00,57.39433170387526,57.66071451177916,56.709343193044,56.74739456176758,2155800,0.0,0.0
2021-09-08 00:00:00-04:00,56.62562629969287,56.74739881813553,55.94063773748369,55.978694915771484,2737600,0.0,0.0
2021-09-09 00:00:00-04:00,55.34698479617523,55.598148245288236,54.71527277811901,54.84465789794922,3410100,0.0,0.0
2021-09-10 00:00:00-04:00,56.191804462028294,56.65607419206337,55.6894775514813,55.69709014892578,3189200,0.0,0.0
2021-09-13 00:00:00-04:00,56.298350228157815,56.65606677397559,55.872137734439484,56.15373992919922,8318200,0.0,0.0
2021-09-14 00:00:00-04:00,56.23745624048399,56.26790081695077,55.225195848123235,55.331748962402344,2905500,0.0,0.0
2021-09-15 00:00:00-04:00,55.598149866010786,56.38207901181221,55.544873297074105,55.986305236816406,2383100,0.0,0.0
2021-09-16 00:00:00-04:00,54.60110457651224,54.646774351282836,53.13979953147489,53.38335037231445,3799700,0.0,0.0
2021-09-17 00:00:00-04:00,51.5795461619941,51.8839861530067,50.87172565074149,51.7850456237793,6992100,0.0,0.0
2021-09-20 00:00:00-04:00,48.93093083628557,50.31612725752245,48.89287366048338,50.285682678222656,7914400,0.0,0.0
2021-09-21 00:00:00-04:00,50.56729576442399,50.58251515224876,49.555035176121336,49.75292205810547,7198700,0.0,0.0
2021-09-22 00:00:00-04:00,51.12288757377358,51.43494015221989,50.61295394269807,50.68144989013672,6223300,0.0,0.0
2021-09-23 00:00:00-04:00,51.41972198850558,51.68611063840813,50.98589684196121,51.03156661987305,4049300,0.0,0.0
2021-09-24 00:00:00-04:00,50.78039574483285,51.35883112460809,50.70428720171471,50.81844711303711,3697300,0.0,0.0
2021-09-27 00:00:00-04:00,50.71190166602738,51.40450286865235,50.69668227778431,51.404502868652344,3525700,0.0,0.0
2021-09-28 00:00:00-04:00,50.209576658606196,50.33134917522012,49.669198413953644,50.103023529052734,5241200,0.0,0.0
2021-09-29 00:00:00-04:00,49.76813638538197,50.20196147815493,49.570249523519465,50.03451919555664,4642100,0.0,0.0
2021-09-30 00:00:00-04:00,50.993507878474546,51.48060957874703,50.81084619254994,50.856510162353516,3541700,0.0,0.0
2021-10-01 00:00:00-04:00,50.8108446551631,51.03917030398282,50.103024111072735,50.84889602661133,3100000,0.0,0.0
2021-10-04 00:00:00-04:00,50.970679188118254,51.37405976535026,50.56729861088625,50.658626556396484,3061100,0.0,0.0
2021-10-05 00:00:00-04:00,50.06496462084109,50.77278513224327,49.63113952073716,50.52162170410156,2891000,0.0,0.0
2021-10-06 00:00:00-04:00,50.09541205022645,51.0543960443208,49.867080592252975,51.046783447265625,3208100,0.0,0.0
2021-10-07 00:00:00-04:00,52.30259262766938,52.69075376702727,51.716544620266895,51.85354232788086,4260100,0.0,0.0
2021-10-08 00:00:00-04:00,52.19604491358379,52.37109400958899,51.86116030319395,52.11232376098633,3332300,0.0,0.0
2021-10-11 00:00:00-04:00,53.83240450231165,54.304281023644,53.10935871869549,53.1321907043457,2857700,0.0,0.0
2021-10-12 00:00:00-04:00,52.736419677734375,52.987583118735586,52.431979671070195,52.736419677734375,3395800,0.0,0.0
2021-10-13 00:00:00-04:00,51.89921274786163,52.58419548775162,51.78504702230996,52.55375671386719,3550000,0.0,0.0
2021-10-14 00:00:00-04:00,53.72584334369173,54.29666618826156,53.68017937427342,54.10639190673828,3075300,0.0,0.0
2021-10-15 00:00:00-04:00,53.80956624659366,54.007453131708964,53.36813431216628,53.60407257080078,2912600,0.0,0.0
2021-10-18 00:00:00-04:00,53.27679775897136,53.58885036163763,52.87341721929849,53.413795471191406,2757300,0.0,0.0
2021-10-19 00:00:00-04:00,53.45945975543655,54.21295008045213,53.39857639930927,53.95417404174805,3049800,0.0,0.0
2021-10-20 00:00:00-04:00,51.830710344396856,52.23409087050743,50.98589211522907,51.85354232788086,5703500,0.0,0.0
2021-10-21 00:00:00-04:00,50.33896224863137,50.437902782236165,49.37237147661491,49.88230514526367,4765900,0.0,0.0
2021-10-22 00:00:00-04:00,50.148687731198166,50.55968086427135,49.608309484021405,50.141075134277344,3567600,0.0,0.0
2021-10-25 00:00:00-04:00,50.46835052545901,50.97067743533394,50.43029915170848,50.8641242980957,2457600,0.0,0.0
2021-10-26 00:00:00-04:00,50.80323224395021,50.810844840951745,50.12585627856769,50.25524139404297,3241200,0.0,0.0
2021-10-27 00:00:00-04:00,49.47131370260043,49.74530913533628,49.045101165771484,49.045101165771484,3268900,0.0,0.0
2021-10-28 00:00:00-04:00,48.82438406160971,49.30387318284114,48.78632688085827,49.09076690673828,4594000,0.0,0.0
2021-10-29 00:00:00-04:00,48.42099631648133,48.55038433223036,48.04044776940949,48.15461349487305,2830000,0.0,0.0
2021-11-01 00:00:00-04:00,48.139391846741965,48.45905123693599,48.00239413570022,48.24594497680664,2732400,0.0,0.0
2021-11-02 00:00:00-04:00,46.79986547449698,47.35546605085977,46.6019785877427,47.142356872558594,4003000,0.0,0.0
2021-11-03 00:00:00-04:00,47.347848506143585,47.43918224588166,46.86835943761592,47.2717399597168,4336500,0.0,0.0
2021-11-04 00:00:00-04:00,46.716140558724874,46.81508109077508,46.092041172362705,46.320369720458984,3871900,0.0,0.0
2021-11-05 00:00:00-04:00,46.061602014082496,46.21382203185099,45.795216257148795,46.13771057128906,3121000,0.0,0.0
2021-11-08 00:00:00-05:00,46.41931157238183,47.40873718261719,46.37364470297839,47.40873718261719,4099000,0.0,0.0
2021-11-09 00:00:00-05:00,46.82269604702713,47.10430117375756,46.22142861416998,46.73136520385742,3174900,0.0,0.0
2021-11-10 00:00:00-05:00,46.27470650349487,46.62481049844481,45.90177052293891,45.92460250854492,3227200,0.0,0.0
2021-11-11 00:00:00-05:00,47.355460963398585,48.05566887919965,47.34023867348705,47.94911575317383,5036700,0.0,0.0
2021-11-12 00:00:00-05:00,47.27174442124926,47.72840154961942,47.06624784247613,47.44679641723633,3752400,0.0,0.0
2021-11-15 00:00:00-05:00,46.90641630801465,46.99013745573268,46.62480828326216,46.8988037109375,2964300,0.0,0.0
2021-11-16 00:00:00-05:00,46.53347811793803,46.66286613993362,46.076821000747465,46.08443069458008,3569600,0.0,0.0
2021-11-17 00:00:00-05:00,46.35842676793144,46.609590218211466,46.05398675002022,46.17576217651367,3117900,0.0,0.0
2021-11-18 00:00:00-05:00,45.665826414338774,45.82565610998375,45.34616702304883,45.589717864990234,3617900,0.0,0.0
2021-11-19 00:00:00-05:00,46.1453172034704,46.777026276014126,46.008319495525015,46.20620346069336,3667800,0.0,0.0
2021-11-22 00:00:00-05:00,46.510643483114634,47.484846826071475,46.381255468491005,47.19562911987305,3297300,0.0,0.0
2021-11-23 00:00:00-05:00,48.07089744496324,48.75588316028045,47.99478888882421,48.588443756103516,3926000,0.0,0.0
2021-11-24 00:00:00-05:00,48.93093254746294,49.220147350860536,48.49710743901155,48.51993942260742,2513200,0.0,0.0
2021-11-26 00:00:00-05:00,46.289924067444275,47.553345101220025,46.229037810928126,47.43918228149414,3123600,0.0,0.0
2021-11-29 00:00:00-05:00,48.10895040688415,48.3905584442761,47.41635211288772,47.9034538269043,4519000,0.0,0.0
2021-11-30 00:00:00-05:00,48.25355402343895,48.527546522008194,47.0510192935177,47.713172912597656,4376700,0.0,0.0
2021-12-01 00:00:00-05:00,47.82734549370731,48.58844265121166,47.30979919433594,47.30979919433594,5573100,0.0,0.0
2021-12-02 00:00:00-05:00,47.949120632831715,48.99182582272334,47.84256749596226,48.80915832519531,4234800,0.0,0.0
2021-12-03 00:00:00-05:00,47.39351553740333,47.65228866083254,46.23664762697599,46.67808532714844,4031300,0.0,0.0
2021-12-06 00:00:00-05:00,46.7846437025509,47.46201971545662,46.449759091510565,47.25652313232422,3942100,0.0,0.0
2021-12-07 00:00:00-05:00,48.77110394094334,49.38759073859105,48.656938213713374,48.831993103027344,3521400,0.0,0.0
2021-12-08 00:00:00-05:00,48.51233571391486,48.687387717573415,48.306839126136026,48.61888885498047,2545700,0.0,0.0
2021-12-09 00:00:00-05:00,48.28399515249662,48.74065511832133,48.16983233855654,48.69498825073242,4370100,0.0,0.0
2021-12-10 00:00:00-05:00,49.1516504221865,49.235371564845664,48.47427158765091,48.7939338684082,2708200,0.0,0.0
2021-12-13 00:00:00-05:00,49.25058941863146,49.29625338349358,48.481882675452496,48.87004089355469,2622400,0.0,0.0
2021-12-14 00:00:00-05:00,49.08315506219952,50.034526528474885,49.04510368757487,49.242984771728516,3589700,0.0,0.0
2021-12-15 00:00:00-05:00,48.89287447015965,49.18209507494235,48.29160998748352,49.12881851196289,3192500,0.0,0.0
2021-12-16 00:00:00-05:00,49.973639434192584,50.536849674271075,49.973639434192584,50.08019256591797,3887900,0.0,0.0
2021-12-17 00:00:00-05:00,50.20196526323843,50.2476292322228,49.40281677246094,49.40281677246094,3081100,0.0,0.0
2021-12-20 00:00:00-05:00,49.12881847562857,49.166869845322985,48.322054531549824,48.96137619018555,3027500,0.0,0.0
2021-12-21 00:00:00-05:00,49.95841273703143,50.37701846100828,49.851859608511866,50.240020751953125,2665500,0.0,0.0
2021-12-22 00:00:00-05:00,49.593090096889846,50.20957689314458,49.15165238284345,50.141075134277344,4364100,0.0,0.0
2021-12-23 00:00:00-05:00,50.34657846003861,50.70429505548247,50.18674875272102,50.392242431640625,1562900,0.0,0.0
2021-12-27 00:00:00-05:00,50.25523968749542,50.590124263669104,49.82902717724522,50.54446029663086,1942800,0.0,0.0
2021-12-28 00:00:00-05:00,50.36940710816783,50.68906650162112,50.0725796990026,50.1715202331543,2865700,0.0,0.0
2021-12-29 00:00:00-05:00,50.23240817120582,50.719509846511016,50.2019635906605,50.3237419128418,1953500,0.0,0.0
2021-12-30 00:00:00-05:00,51.1457190744838,51.54149278943356,50.81844711303711,50.81844711303711,2479200,0.0,0.0
2021-12-31 00:00:00-05:00,50.864120498894685,51.10005874134059,50.643401643470106,50.94784164428711,1497200,0.0,0.0
2022-01-03 00:00:00-05:00,51.37405568668835,51.45777683456644,50.552069402090886,50.78801345825195,3628500,0.0,0.0
2022-01-04 00:00:00-05:00,51.1457199562679,52.005763347788545,51.09244339449571,51.3892707824707,2984800,0.0,0.0
2022-01-05 00:00:00-05:00,52.00576050505172,53.010408334061005,51.98292852364164,52.29497528076172,4117900,0.0,0.0
2022-01-06 00:00:00-05:00,53.58884753906552,53.725839437359944,52.865801837822566,53.3072395324707,4994700,0.0,0.0
2022-01-07 00:00:00-05:00,54.18250661727799,55.05015688213306,54.1444494380416,54.98165512084961,5414600,0.0,0.0
2022-01-10 00:00:00-05:00,54.722883920389684,55.40787248761688,54.41844391198757,55.33937072753906,5555500,0.0,0.0
2022-01-11 00:00:00-05:00,55.21759835494775,56.64845884951699,55.01209888087837,56.640846252441406,5652900,0.0,0.0
2022-01-12 00:00:00-05:00,57.89665985107422,58.35331697880806,57.569387844968055,57.89665985107422,5963600,0.0,0.0
2022-01-13 00:00:00-05:00,57.987990523565934,58.36853907761121,57.51610822613416,57.58460998535156,4872000,0.0,0.0
2022-01-14 00:00:00-05:00,57.01378661116436,57.622660807810526,56.8235123359543,57.386722564697266,4967400,0.0,0.0
2022-01-18 00:00:00-05:00,56.86156375213201,57.78249054807494,56.66367687987755,57.63788604736328,6051500,0.0,0.0
2022-01-19 00:00:00-05:00,59.28946048478145,59.94400440269637,59.16768217135096,59.30467987060547,6091600,0.0,0.0
2022-01-20 00:00:00-05:00,59.59390384619865,59.63956781297371,57.94231876507834,57.96515655517578,6027100,0.0,0.0
2022-01-21 00:00:00-05:00,56.83873134987619,57.264943865401456,56.33640447939854,56.59518051147461,6109400,0.0,0.0
2022-01-24 00:00:00-05:00,54.46411139468527,55.773199450573834,53.923733103096026,55.765586853027344,6301800,0.0,0.0
2022-01-25 00:00:00-05:00,55.36220355906509,56.29835558305089,54.806605906437234,56.07763671875,3700900,0.0,0.0
2022-01-26 00:00:00-05:00,57.08228600490969,57.32583685959556,55.834087148805835,56.34402084350586,4045600,0.0,0.0
2022-01-27 00:00:00-05:00,57.49328458588861,58.1326034622473,56.770238744241844,57.150787353515625,4418200,0.0,0.0
2022-01-28 00:00:00-05:00,56.9681149999238,57.013784773064685,54.692436367657145,55.659027099609375,6066500,0.0,0.0
2022-01-31 00:00:00-05:00,54.15205666871216,54.47171603846227,53.46706815731213,54.34233093261719,5225600,0.0,0.0
2022-02-01 00:00:00-05:00,55.13387345728269,56.534289275009655,55.09581628120345,56.4734001159668,4316700,0.0,0.0
2022-02-02 00:00:00-05:00,56.275517828167246,56.64084116101369,55.826467548435964,56.541900634765625,4148200,0.0,0.0
2022-02-03 00:00:00-05:00,56.61801265455319,56.77022975146614,55.90257952430026,55.91780471801758,4727000,0.0,0.0
2022-02-04 00:00:00-05:00,56.29073765182172,56.40490337173984,55.83408057885896,56.23746109008789,4269400,0.0,0.0
2022-02-07 00:00:00-05:00,56.846345429974164,58.59686531206403,56.56473740674854,58.330482482910156,6373200,0.0,0.0
2022-02-08 00:00:00-05:00,58.79474955022228,59.50257006833801,58.09454162880088,59.441680908203125,4612800,0.0,0.0
2022-02-09 00:00:00-05:00,59.40362730527351,59.69284209497825,58.855636498077416,59.61673355102539,5039200,0.0,0.0
2022-02-10 00:00:00-05:00,59.82983911965306,61.22264810439507,59.814613927008985,60.096221923828125,4340000,0.0,0.0
2022-02-11 00:00:00-05:00,59.38079860894437,60.339782668385375,59.04591980293035,59.20574951171875,4193800,0.0,0.0
2022-02-14 00:00:00-05:00,59.654793070034664,59.82984797108199,59.10680799467932,59.647186279296875,3068500,0.0,0.0
2022-02-15 00:00:00-05:00,58.695808127123485,58.96980353685237,57.94231784701413,58.70341491699219,3947100,0.0,0.0
2022-02-16 00:00:00-05:00,58.726251154708855,59.85267153674981,58.680581383154454,59.79178237915039,3078700,0.0,0.0
2022-02-17 00:00:00-05:00,58.80236146286761,59.05351908375992,58.026039196953626,58.360923767089844,4246700,0.0,0.0
2022-02-18 00:00:00-05:00,59.06113713099633,59.31230058177785,58.749090321879294,59.08396911621094,2479100,0.0,0.0
2022-02-22 00:00:00-05:00,59.53301843273211,60.19516921948257,58.863249242093126,59.190521240234375,6540400,0.0,0.0
2022-02-23 00:00:00-05:00,58.749085262688176,59.038300061684794,57.98037558863495,58.985023498535156,5476000,0.0,0.0
2022-02-24 00:00:00-05:00,56.60279847904758,57.50089336962695,56.02436300544292,57.401947021484375,6316300,0.0,0.0
2022-02-25 00:00:00-05:00,56.96050742120456,59.38840916664314,56.89962406283634,59.33513259887695,5227100,0.0,0.0
2022-02-28 00:00:00-05:00,58.726265415092314,60.23323468799954,58.68059563244801,59.80702209472656,4751600,0.0,0.0
2022-03-01 00:00:00-05:00,61.07804486776161,61.991359103847756,60.19516940706274,60.91060256958008,5329000,0.0,0.0
2022-03-02 00:00:00-05:00,62.957958508946476,63.76471964686613,62.65351848116398,63.58205795288086,6540800,0.0,0.0
2022-03-03 00:00:00-05:00,64.25942375612587,64.45731061374924,62.93511652340558,63.932151794433594,6286400,0.0,0.0
2022-03-04 00:00:00-05:00,61.755419974470186,62.40996396350227,61.48903714328509,62.31863021850586,10406600,0.0,0.0
2022-03-07 00:00:00-05:00,61.54231042053205,61.99896750768867,60.09622480561115,60.537662506103516,6169300,0.0,0.0
2022-03-08 00:00:00-05:00,59.578684963050826,60.27889295907692,58.77192382879079,59.00786209106445,7564200,0.0,0.0
2022-03-09 00:00:00-05:00,57.59221448801661,59.35035268643473,57.120338016038055,59.1524658203125,7712700,0.0,0.0
2022-03-10 00:00:00-05:00,59.18491254925446,60.74219529315987,58.54415423327336,60.70975112915039,6792500,4.79,0.0
2022-03-11 00:00:00-05:00,59.29846244291816,60.31231933574867,58.9496954242608,58.982139587402344,4664600,0.0,0.0
2022-03-14 00:00:00-04:00,57.61951059385985,57.83850094063603,55.92433880075428,56.26499938964844,8954200,0.0,0.0
2022-03-15 00:00:00-04:00,55.080816651594546,56.13522403851472,54.74826864215114,56.02978515625,8968000,0.0,0.0
2022-03-16 00:00:00-04:00,57.254523481640675,59.04702791368543,57.254523481640675,58.982139587402344,6816400,0.0,0.0
2022-03-17 00:00:00-04:00,59.468786264799,60.709746040714435,59.322790633038885,60.70163345336914,4771600,0.0,0.0
2022-03-18 00:00:00-04:00,60.66108537028674,61.41539513383895,60.466426582686864,61.180179595947266,4637000,0.0,0.0
2022-03-21 00:00:00-04:00,62.5346933175337,63.094344315142635,62.380591274262414,63.01323699951172,3803000,0.0,0.0
2022-03-22 00:00:00-04:00,63.86486968106015,63.93787059288885,61.893931694962035,62.02370834350586,3668300,0.0,0.0
2022-03-23 00:00:00-04:00,62.413025759695984,63.32144373299847,62.12103448928058,63.167335510253906,3853800,0.0,0.0
2022-03-24 00:00:00-04:00,63.83242101304746,64.00275439926033,63.24844470009624,63.507991790771484,3003800,0.0,0.0
2022-03-25 00:00:00-04:00,64.01087035263357,64.54618978785591,63.84865571728288,64.49752044677734,2889900,0.0,0.0
2022-03-28 00:00:00-04:00,63.69454193115234,63.759430254874374,62.89156903638841,63.694541931152344,2574400,0.0,0.0
2022-03-29 00:00:00-04:00,62.664475504455375,63.59722518677425,62.26703910302628,63.5728874206543,3512000,0.0,0.0
2022-03-30 00:00:00-04:00,64.52186009348573,65.77092643592344,64.44074658535258,65.29238891601562,3057400,0.0,0.0
2022-03-31 00:00:00-04:00,66.20890485869457,66.44412038817053,65.13016588376895,65.21127319335938,2786400,0.0,0.0
2022-04-01 00:00:00-04:00,66.09536070555886,67.22276914153535,66.02236597527302,67.06055450439453,3345700,0.0,0.0
2022-04-04 00:00:00-04:00,66.40357037321768,66.54145341946382,65.62492905618578,66.00613403320312,2800300,0.0,0.0
2022-04-05 00:00:00-04:00,65.70604685121336,65.99803816520502,64.943624399336,65.2842788696289,2861200,0.0,0.0
2022-04-06 00:00:00-04:00,65.36537822814944,65.63303793137652,64.74895769647,65.34915924072266,3680600,0.0,0.0
2022-04-07 00:00:00-04:00,65.35726545493145,65.93313536784022,64.57862418445943,65.57625579833984,2936400,0.0,0.0
2022-04-08 00:00:00-04:00,65.90881154519995,66.08725135093275,64.97606195310941,65.11394500732422,2769500,0.0,0.0
2022-04-11 00:00:00-04:00,65.36538588151868,65.41405522568023,64.45697396506402,64.67596435546875,2655900,0.0,0.0
2022-04-12 00:00:00-04:00,65.59249536111572,66.45224412559556,65.08150746758426,65.2842788696289,3327500,0.0,0.0
2022-04-13 00:00:00-04:00,65.51137526745208,66.50901318803282,65.49515627967867,66.4603500366211,2691200,0.0,0.0
2022-04-14 00:00:00-04:00,66.50901861126759,66.83345408601411,66.20080831370898,66.40357971191406,2644500,0.0,0.0
2022-04-18 00:00:00-04:00,66.87400088188205,67.49042763033195,66.46035170829492,66.83345031738281,2575800,0.0,0.0
2022-04-19 00:00:00-04:00,65.82770224922565,66.18457566185997,65.13827462271638,65.45459747314453,2704800,0.0,0.0
2022-04-20 00:00:00-04:00,63.297112881851966,63.76754395490754,61.65871671378704,63.73509979248047,6459800,0.0,0.0
2022-04-21 00:00:00-04:00,62.1048194087181,62.388698109452726,60.328540099977545,60.67730712890625,4776200,0.0,0.0
2022-04-22 00:00:00-04:00,60.450205161568086,60.725977466878305,58.86047822324201,58.941585540771484,3842600,0.0,0.0
2022-04-25 00:00:00-04:00,57.07608947303174,57.64384685386631,55.729684558350726,57.45729446411133,5313100,0.0,0.0
2022-04-26 00:00:00-04:00,56.52455183257922,57.15719754767708,55.68913473761198,55.7540168762207,4639700,0.0,0.0
2022-04-27 00:00:00-04:00,58.31705093383789,59.01458498575237,57.3924139232706,58.31705093383789,4250000,0.0,0.0
2022-04-28 00:00:00-04:00,57.927723880988495,58.203496163826486,57.20585829404396,58.00072479248047,3416000,0.0,0.0
2022-04-29 00:00:00-04:00,58.81992109486327,59.37145951387044,57.635736939837315,57.68440628051758,2905300,0.0,0.0
2022-05-02 00:00:00-04:00,57.45730032305517,57.95206302884416,56.5975515763821,57.5465202331543,3688200,0.0,0.0
2022-05-03 00:00:00-04:00,58.00883554856399,58.39004674541931,57.36808341250819,57.68440628051758,3262000,0.0,0.0
2022-05-04 00:00:00-04:00,56.75977099463502,58.40627371405598,56.054124319986684,58.24405288696289,3929300,0.0,0.0
2022-05-05 00:00:00-04:00,57.44919043472139,57.7736258891946,55.33225667469591,55.94057083129883,4992300,0.0,0.0
2022-05-06 00:00:00-04:00,55.210594177246094,55.64046853671991,54.35895185852461,55.210594177246094,3785000,0.0,0.0
2022-05-09 00:00:00-04:00,53.32076116449854,53.49920097171178,52.404236740647825,52.69622802734375,4919400,0.0,0.0
2022-05-10 00:00:00-04:00,53.24776961915656,53.39376527122977,51.99058449363215,52.80167007446289,3655300,0.0,0.0
2022-05-11 00:00:00-04:00,53.937192191474246,54.81316612122975,53.028774095273135,53.06121826171875,4113600,0.0,0.0
2022-05-12 00:00:00-04:00,51.67425592853061,52.52589816996795,51.23626902048494,52.250125885009766,4946500,0.0,0.0
2022-05-13 00:00:00-04:00,52.89088669307592,53.70197222344928,52.79355420171817,53.37753677368164,3054200,0.0,0.0
2022-05-16 00:00:00-04:00,54.02640549670738,54.35084093340481,53.40186619814886,53.993961334228516,3174900,0.0,0.0
2022-05-17 00:00:00-04:00,55.94057337336778,56.0946816135662,55.30792761184652,55.93246078491211,3690200,0.0,0.0
2022-05-18 00:00:00-04:00,55.12948695404531,55.2024816847581,53.88852702719363,54.0750732421875,2547200,0.0,0.0
2022-05-19 00:00:00-04:00,54.472505156729234,55.49446843142444,54.44006099415444,55.09703826904297,2962000,0.0,0.0
2022-05-20 00:00:00-04:00,56.53266736738181,56.65433145258125,55.097048488687165,56.402896881103516,3178400,0.0,0.0
2022-05-23 00:00:00-04:00,57.55462633883359,57.773622889170056,56.81654175162305,57.368080139160156,3009600,0.0,0.0
2022-05-24 00:00:00-04:00,56.78410126495711,57.846621358575824,56.66243719445998,57.80606460571289,2566000,0.0,0.0
2022-05-25 00:00:00-04:00,57.83040337344431,58.51982486743151,57.61140680513232,58.30894088745117,2934100,0.0,0.0
2022-05-26 00:00:00-04:00,58.089951880899825,58.57660199474628,57.93584363941321,58.50360107421875,2550500,0.0,0.0
2022-05-27 00:00:00-04:00,59.209253103252735,59.42824350840818,58.917261770983814,59.36336135864258,2165800,0.0,0.0
2022-05-31 00:00:00-04:00,60.085222060238834,60.36098819086631,59.31468703601295,59.56612777709961,4667700,0.0,0.0
2022-06-01 00:00:00-04:00,59.97166772916862,60.1257697762339,58.803702553435194,59.39579772949219,2178400,0.0,0.0
2022-06-02 00:00:00-04:00,60.31231784364855,61.66682913381816,60.28798626891719,61.49650192260742,3136500,0.0,0.0
2022-06-03 00:00:00-04:00,60.871973225487636,61.245071837281934,60.39342953142882,60.717864990234375,1482600,0.0,0.0
2022-06-06 00:00:00-04:00,61.25317474352113,61.8777140490143,60.96118965415173,61.56950378417969,2548600,0.0,0.0
2022-06-07 00:00:00-04:00,61.966932717579645,63.670211010169766,61.966932717579645,63.58910369873047,3553600,0.0,0.0
2022-06-08 00:00:00-04:00,62.080489003885894,62.786135663103266,61.804716697904105,62.03993225097656,2943400,0.0,0.0
2022-06-09 00:00:00-04:00,61.61816615002171,61.63438513718914,60.31231800580391,60.352874755859375,2646400,0.0,0.0
2022-06-10 00:00:00-04:00,58.26837875952519,58.57659520678173,57.384298543763705,58.14672088623047,4055800,0.0,0.0
2022-06-13 00:00:00-04:00,55.8675705714156,56.63810555835847,55.23492483120654,55.810794830322266,3670900,0.0,0.0
2022-06-14 00:00:00-04:00,55.38903056748416,55.78646073720849,54.204846458036194,54.68338394165039,3373800,0.0,0.0
2022-06-15 00:00:00-04:00,55.697247624697795,56.77599297639134,55.03215766878375,56.38666915893555,3158100,0.0,0.0
2022-06-16 00:00:00-04:00,54.76448471122158,55.656683621667135,54.52927538547573,55.18625259399414,3542900,0.0,0.0
2022-06-17 00:00:00-04:00,53.59653027381179,53.774970070406184,51.81214159000458,52.34745788574219,4770900,0.0,0.0
2022-06-21 00:00:00-04:00,52.55834427886973,53.29642888577369,52.46101178855749,53.04499435424805,3038500,0.0,0.0
2022-06-22 00:00:00-04:00,50.7415134615895,51.48771068744356,50.62795888483071,50.86317443847656,4513000,0.0,0.0
2022-06-23 00:00:00-04:00,50.230527979920495,50.31163529669002,48.76246203164388,49.322113037109375,5031400,0.0,0.0
2022-06-24 00:00:00-04:00,49.589767886173284,50.879393978632216,49.24911345505561,50.87128448486328,3210200,0.0,0.0
2022-06-27 00:00:00-04:00,51.2849359776885,51.51203892840858,50.838839569897345,51.11460876464844,2836200,0.0,0.0
2022-06-28 00:00:00-04:00,51.8770294377395,52.38801109078948,51.155163815518584,51.309268951416016,3102500,0.0,0.0
2022-06-29 00:00:00-04:00,51.71481393828965,51.82836851567516,50.67662541170338,51.0416145324707,2951300,0.0,0.0
2022-06-30 00:00:00-04:00,49.36266769385385,49.83309570991398,48.64891153447221,49.476219177246094,3837700,0.0,0.0
2022-07-01 00:00:00-04:00,48.356914269758164,48.84356740229506,47.09162293206231,48.527244567871094,3875500,0.0,0.0
2022-07-05 00:00:00-04:00,46.118326105305684,46.48331523140675,45.437014101265675,46.458980560302734,4964100,0.0,0.0
2022-07-06 00:00:00-04:00,46.39409350062782,46.661750119888346,45.62356161892132,46.44275665283203,3841400,0.0,0.0
2022-07-07 00:00:00-04:00,48.10548445791659,48.66513236627223,47.87026890890861,48.25148010253906,4180700,0.0,0.0
2022-07-08 00:00:00-04:00,48.12981712929614,48.21903703571202,47.19706750009768,47.943267822265625,2986600,0.0,0.0
2022-07-11 00:00:00-04:00,46.799638885744955,47.14029334639341,46.491425497030185,46.888858795166016,4334700,0.0,0.0
2022-07-12 00:00:00-04:00,46.44275753802435,46.98618646901344,46.11832517231142,46.410316467285156,5086600,0.0,0.0
2022-07-13 00:00:00-04:00,46.345427828496256,47.537724577002,45.94799764169156,47.12406921386719,4371800,0.0,0.0
2022-07-14 00:00:00-04:00,44.66648156492355,44.66648156492355,43.97706007618308,44.35015869140625,5172600,0.0,0.0
2022-07-15 00:00:00-04:00,44.00949596120643,45.023352792264916,43.660732057844186,44.94224548339844,6343900,0.0,0.0
2022-07-18 00:00:00-04:00,46.43464685695613,47.018629431976684,45.84255478796951,45.939884185791016,3496400,0.0,0.0
2022-07-19 00:00:00-04:00,46.37787313251643,46.72664017508289,46.06155025531566,46.596866607666016,3103800,0.0,0.0
2022-07-20 00:00:00-04:00,46.43464699503377,46.564420557196925,45.988550568475794,46.47520065307617,2876900,0.0,0.0
2022-07-21 00:00:00-04:00,45.3883467249686,46.669863381638706,45.33157098388026,46.66175079345703,2871200,0.0,0.0
2022-07-22 00:00:00-04:00,47.367395036446396,47.732381040824116,46.41031388682313,46.63741683959961,2913500,0.0,0.0
2022-07-25 00:00:00-04:00,48.381253393654326,48.478582791508,47.78104873645748,48.3974723815918,2922500,0.0,0.0
2022-07-26 00:00:00-04:00,48.40558634274254,48.45425259007279,47.55394712576116,47.943267822265625,2890800,0.0,0.0
2022-07-27 00:00:00-04:00,46.87262750261525,48.37313430282514,46.27242292610408,48.19469451904297,4579800,0.0,0.0
2022-07-28 00:00:00-04:00,48.88412529102427,49.00578626416312,48.032486102869335,48.56780242919922,3441300,0.0,0.0
2022-07-29 00:00:00-04:00,49.06256547804801,49.66276704256098,48.61646595761106,49.50054931640625,3881900,0.0,0.0
2022-08-01 00:00:00-04:00,49.31400109929249,49.338335769880885,48.46236188579891,48.86790466308594,2725400,0.0,0.0
2022-08-02 00:00:00-04:00,48.71379300468473,48.77056873838584,47.70804569018075,48.09736633300781,3022900,0.0,0.0
2022-08-03 00:00:00-04:00,48.36503106934973,48.51102671242166,47.764826415160066,48.00004196166992,2859600,0.0,0.0
2022-08-04 00:00:00-04:00,47.886491093740496,48.421807427156374,47.56205563965084,48.11359405517578,2575800,0.0,0.0
2022-08-05 00:00:00-04:00,47.88649173202203,49.403220847909274,47.71616450867527,49.22478103637695,2625400,0.0,0.0
2022-08-08 00:00:00-04:00,49.80065619856009,50.05209074993243,49.02201168482939,49.314002990722656,2862700,0.0,0.0
2022-08-09 00:00:00-04:00,49.6059918116423,49.82498528009194,49.281556356003016,49.75198745727539,2756700,0.0,0.0
2022-08-10 00:00:00-04:00,50.530630300354225,50.5792965483223,49.881762464342685,50.05208969116211,3605200,0.0,0.0
2022-08-11 00:00:00-04:00,50.83203187684207,51.315258079302076,50.50988323118179,50.8489875793457,4678400,2.67,0.0
2022-08-12 00:00:00-04:00,50.29794050498341,51.12875050243925,50.17077435646721,51.03549575805664,7103900,0.0,0.0
2022-08-15 00:00:00-04:00,49.17041265689337,49.67059457017572,48.84826077190567,49.6027717590332,3890500,0.0,0.0
2022-08-16 00:00:00-04:00,50.933767229676,51.7391420957876,50.90833205836756,51.696754455566406,3509200,0.0,0.0
2022-08-17 00:00:00-04:00,50.44205918586585,50.87441827022669,50.28946110103979,50.577701568603516,2671000,0.0,0.0
2022-08-18 00:00:00-04:00,51.001584945734756,51.340692523066544,50.79811975254178,51.281349182128906,2587400,0.0,0.0
2022-08-19 00:00:00-04:00,50.50140644052088,50.577705488847805,49.79776253614574,49.874061584472656,2933800,0.0,0.0
2022-08-22 00:00:00-04:00,49.891008980395924,50.391190861014685,49.62820368930483,49.958831787109375,2043200,0.0,0.0
2022-08-23 00:00:00-04:00,50.280990306514106,51.92565477937875,50.2640346025914,51.79848861694336,4681000,0.0,0.0
2022-08-24 00:00:00-04:00,49.96730929412635,50.45901495341926,49.83166691121271,50.11990737915039,3780800,0.0,0.0
2022-08-25 00:00:00-04:00,50.37423509739502,51.077882163319515,50.213160782602756,51.01005935668945,2251700,0.0,0.0
2022-08-26 00:00:00-04:00,51.62045429529971,51.89173906762296,50.35728518053889,50.62009048461914,3141600,0.0,0.0
2022-08-29 00:00:00-04:00,50.018180148622505,50.730303520775244,49.924925397011954,50.22164535522461,2345200,0.0,0.0
2022-08-30 00:00:00-04:00,49.57733740480852,49.59429310676751,47.97506076033268,48.12765884399414,4422400,0.0,0.0
2022-08-31 00:00:00-04:00,47.69529465895488,48.051357918194455,47.27989129613961,47.72072982788086,3183600,0.0,0.0
2022-09-01 00:00:00-04:00,45.9912897629012,46.237142594929296,45.44872022599057,46.067588806152344,4279800,0.0,0.0
2022-09-02 00:00:00-04:00,46.788185107943846,47.05099362394619,45.96585462568752,46.19475173950195,3820800,0.0,0.0
2022-09-06 00:00:00-04:00,47.03403727079787,47.16120341025492,46.33886970542967,46.5253791809082,2994800,0.0,0.0
2022-09-07 00:00:00-04:00,45.499580307598684,46.296482078257775,45.10960888968469,46.05910873413086,4132900,0.0,0.0
2022-09-08 00:00:00-04:00,46.27953138413017,46.93231138506921,46.20323233898225,46.91535568237305,2433700,0.0,0.0
2022-09-09 00:00:00-04:00,48.33960204491796,49.24671111227582,48.32264634233553,49.11106872558594,3506400,0.0,0.0
2022-09-12 00:00:00-04:00,49.87405779302754,50.119907388751585,49.44169547405343,49.88253402709961,2563600,0.0,0.0
2022-09-13 00:00:00-04:00,48.79739582023394,49.51799538588177,47.89028676203133,48.051361083984375,3956100,0.0,0.0
2022-09-14 00:00:00-04:00,47.89876496123229,48.093750696006964,47.245984944480725,47.64443588256836,3541500,0.0,0.0
2022-09-15 00:00:00-04:00,47.034038566634564,47.63595141084682,46.74579811203063,46.923828125,3309600,0.0,0.0
2022-09-16 00:00:00-04:00,46.34734975055518,47.11034018210851,46.186275430102604,46.77123260498047,3589700,0.0,0.0
2022-09-19 00:00:00-04:00,46.11845385297452,47.75464185874384,46.0082434100969,47.73768615722656,2456700,0.0,0.0
2022-09-20 00:00:00-04:00,46.44908646362472,46.8390579345287,46.05063552415299,46.72037124633789,3507400,0.0,0.0
2022-09-21 00:00:00-04:00,46.5338626841695,46.57625032595416,45.11809539794922,45.11809539794922,3848000,0.0,0.0
2022-09-22 00:00:00-04:00,47.05947050163895,47.330758488886204,46.525380462730844,46.923828125,3970500,0.0,0.0
2022-09-23 00:00:00-04:00,44.42292472809376,44.60095475196485,43.63450235498516,44.219459533691406,8999700,0.0,0.0
2022-09-26 00:00:00-04:00,43.354738834927296,44.448357400766106,43.168229339800476,43.42256164550781,5248800,0.0,0.0
2022-09-27 00:00:00-04:00,44.32966867100423,44.89767013054725,43.922741528204135,44.405967712402344,5002600,0.0,0.0
2022-09-28 00:00:00-04:00,44.38053553920213,45.77935031462579,44.28728402361427,45.66913986206055,4264600,0.0,0.0
2022-09-29 00:00:00-04:00,46.186276026351585,46.847532252921376,45.584363141449884,46.77971267700195,6329400,0.0,0.0
2022-09-30 00:00:00-04:00,46.02519856778524,47.34771093081234,46.02519856778524,46.677978515625,4688700,0.0,0.0
2022-10-03 00:00:00-04:00,47.593568042178,48.68718662100084,47.44096995052971,48.32264709472656,6471200,0.0,0.0
2022-10-04 00:00:00-04:00,48.899129619254566,50.50988586750648,48.88217391586595,50.23012161254883,5526100,0.0,0.0
2022-10-05 00:00:00-04:00,48.89064771057938,50.145343826961074,48.69566198229604,49.797760009765625,5140300,0.0,0.0
2022-10-06 00:00:00-04:00,48.63631632611122,49.06019916759303,48.25482112198371,48.46676254272461,3367300,0.0,0.0
2022-10-07 00:00:00-04:00,48.280260057529055,48.80587391645399,47.93267622976051,48.57697677612305,4830000,0.0,0.0
2022-10-10 00:00:00-04:00,48.96694886263779,49.399311211154746,48.466766935001736,48.71261978149414,3848900,0.0,0.0
2022-10-11 00:00:00-04:00,47.949630809154506,48.610887043079174,47.37314985456443,47.61052322387695,4460500,0.0,0.0
2022-10-12 00:00:00-04:00,46.98317460105576,47.50879167536524,46.72036929787059,47.008609771728516,3445400,0.0,0.0
2022-10-13 00:00:00-04:00,46.00824647437815,48.1276607956561,45.92346796114526,47.839420318603516,4745000,0.0,0.0
2022-10-14 00:00:00-04:00,47.54269999433773,47.55965246172645,45.491105405581685,45.53349304199219,3766500,0.0,0.0
2022-10-17 00:00:00-04:00,47.0933850878146,47.39010503012457,46.482995968661555,46.77971267700195,4794900,0.0,0.0
2022-10-18 00:00:00-04:00,47.127294627618355,47.339236049179156,45.97433277689249,46.38125991821289,3619700,0.0,0.0
2022-10-19 00:00:00-04:00,45.80477903477817,46.2710527498143,45.346988021604574,45.558929443359375,3485600,0.0,0.0
2022-10-20 00:00:00-04:00,44.82985424889721,46.33040003065347,44.69421185679341,45.21134948730469,6419500,0.0,0.0
2022-10-21 00:00:00-04:00,45.202867253814944,47.17816290409858,44.98244959286697,47.101863861083984,5720800,0.0,0.0
2022-10-24 00:00:00-04:00,45.898035680085364,46.44908469307453,45.643706610232506,45.855648040771484,5003700,0.0,0.0
2022-10-25 00:00:00-04:00,45.6860941520572,46.694937429010494,45.49110842445378,46.66950225830078,3688500,0.0,0.0
2022-10-26 00:00:00-04:00,47.00861581649976,48.61936894956125,47.00861581649976,48.24635314941406,4805300,0.0,0.0
2022-10-27 00:00:00-04:00,46.62711783631207,46.966225441436805,46.22866688538598,46.41517639160156,7214300,0.0,0.0
2022-10-28 00:00:00-04:00,45.3045985099151,45.62675038616337,44.50769990442678,44.7874641418457,5573000,0.0,0.0
2022-10-31 00:00:00-04:00,44.5076986456287,45.669136733346036,44.44835530615208,45.22829818725586,6098100,0.0,0.0
2022-11-01 00:00:00-04:00,47.067947382869384,47.220545452448995,46.3049570349713,46.60167694091797,6204900,0.0,0.0
2022-11-02 00:00:00-04:00,46.43213049036056,46.525385240245065,44.719643288214186,44.74507522583008,5399700,0.0,0.0
2022-11-03 00:00:00-04:00,44.329667372190094,45.16047733531126,44.29575596945796,44.94853591918945,3292900,0.0,0.0
2022-11-04 00:00:00-04:00,48.6108867718439,49.916446763717346,48.41590104328664,49.45865249633789,6579300,0.0,0.0
2022-11-07 00:00:00-05:00,50.39119673294997,50.51836289337128,49.43322373126333,49.560386657714844,4429400,0.0,0.0
2022-11-08 00:00:00-05:00,50.153822514522496,50.95920063784936,49.797762445623945,50.45901870727539,3447000,0.0,0.0
2022-11-09 00:00:00-05:00,50.34033353143155,50.916814527529155,49.297581997482304,49.467132568359375,3903000,0.0,0.0
2022-11-10 00:00:00-05:00,51.05245328293512,51.688277580279,50.569227075671336,51.552635192871094,3364500,0.0,0.0
2022-11-11 00:00:00-05:00,54.630023345034274,55.40996623055125,54.26548383820411,54.858917236328125,6469500,0.0,0.0
2022-11-14 00:00:00-05:00,53.82464723328181,54.99456483777365,53.748348188772134,54.46046829223633,4065400,0.0,0.0
2022-11-15 00:00:00-05:00,55.8931930125457,56.08818196997201,55.172593459163174,55.34214401245117,4085800,0.0,0.0
2022-11-16 00:00:00-05:00,54.95217450893242,55.17259541035327,54.3926524889432,54.689369201660156,2862800,0.0,0.0
2022-11-17 00:00:00-05:00,53.494016388089086,55.06238169848068,53.38380917140271,55.04542922973633,3515800,0.0,0.0
2022-11-18 00:00:00-05:00,55.096289237201375,55.40148539669465,54.799572545454794,55.265846252441406,2786300,0.0,0.0
2022-11-21 00:00:00-05:00,53.83312470594547,54.70632238677792,53.09556941469835,54.494380950927734,3985900,0.0,0.0
2022-11-22 00:00:00-05:00,54.97760580053245,55.46931147179838,54.680889091299285,55.274322509765625,3134100,0.0,0.0
2022-11-23 00:00:00-05:00,55.40996798580729,56.15599949107269,55.35062464411504,56.071224212646484,2248900,0.0,0.0
2022-11-25 00:00:00-05:00,56.07122484242491,56.189911527142485,55.69820585163298,55.7236442565918,1079600,0.0,0.0
2022-11-28 00:00:00-05:00,55.53713428189143,56.12208823211135,55.23193810441184,55.274322509765625,2748700,0.0,0.0
2022-11-29 00:00:00-05:00,56.87660136008014,57.732846583077205,56.80878501535971,57.52938461303711,3820100,0.0,0.0
2022-11-30 00:00:00-05:00,57.9702185938672,58.44497180336309,57.04615704791743,58.19063949584961,4925200,0.0,0.0
2022-12-01 00:00:00-05:00,58.851895650260964,59.385992201692765,58.48735612624371,58.648433685302734,4277300,0.0,0.0
2022-12-02 00:00:00-05:00,57.9532647258166,59.40294332058744,57.9532647258166,59.191001892089844,3632100,0.0,0.0
2022-12-05 00:00:00-05:00,60.42874041267829,60.75089553069572,58.716256477931154,58.885807037353516,3487300,0.0,0.0
2022-12-06 00:00:00-05:00,59.631839752197266,59.93703593964167,59.05536525140159,59.631839752197266,3863100,0.0,0.0
2022-12-07 00:00:00-05:00,58.843421958707395,59.57249453023942,58.843421958707395,59.216434478759766,3027500,0.0,0.0
2022-12-08 00:00:00-05:00,60.45417325756361,61.08152456631285,60.24223182113357,60.86958312988281,3021600,0.0,0.0
2022-12-09 00:00:00-05:00,61.33584975229387,61.98015352316303,61.29346534622545,61.45453643798828,3386800,0.0,0.0
2022-12-12 00:00:00-05:00,60.70850510778234,60.80175985653906,59.6487979336735,60.30157470703125,3498600,0.0,0.0
2022-12-13 00:00:00-05:00,62.08189041891921,62.1836181722245,60.3778794037205,60.7085075378418,4019300,0.0,0.0
2022-12-14 00:00:00-05:00,59.89464759639535,60.35244184747394,59.258823325664906,59.9539909362793,3312700,0.0,0.0
2022-12-15 00:00:00-05:00,60.46264850256978,60.46264850256978,59.258822780042976,59.72509002685547,3472400,0.0,0.0
2022-12-16 00:00:00-05:00,58.631476751332606,58.970577844458305,58.32628059316847,58.86037063598633,3987800,0.0,0.0
2022-12-19 00:00:00-05:00,58.80103053222192,59.21643392170713,58.165206245729856,58.37714767456055,2343600,0.0,0.0
2022-12-20 00:00:00-05:00,58.7925491277492,59.41989392540387,58.76711719199736,59.02992248535156,2142000,0.0,0.0
2022-12-21 00:00:00-05:00,59.79291723451032,60.250711515064935,59.61488720339564,59.970947265625,2350500,0.0,0.0
2022-12-22 00:00:00-05:00,59.445339832831166,59.631842874533085,58.758645141156094,59.58945846557617,2109600,0.0,0.0
2022-12-23 00:00:00-05:00,59.91159815840496,60.14897151038914,59.59792900097105,60.01333236694336,1407100,0.0,0.0
2022-12-27 00:00:00-05:00,60.60677207873878,60.87805686191131,60.38635763911945,60.555908203125,1444000,0.0,0.0
2022-12-28 00:00:00-05:00,61.064562641087335,61.15781738598817,59.80987302086723,59.877689361572266,1903800,0.0,0.0
2022-12-29 00:00:00-05:00,60.479607306867635,60.71698715702706,60.18289057909281,60.26766586303711,1968900,0.0,0.0
2022-12-30 00:00:00-05:00,60.132018441001364,60.64067654272408,59.85225422127534,60.36091232299805,1122800,0.0,0.0
2023-01-03 00:00:00-05:00,60.216801338251535,60.86110513158591,59.86922073743845,60.24223327636719,1979000,0.0,0.0
2023-01-04 00:00:00-05:00,60.632195728239985,60.767841335253465,60.132017105239484,60.64915466308594,1734100,0.0,0.0
2023-01-05 00:00:00-05:00,60.7254498756897,61.166291626258996,60.386348797329894,60.996734619140625,1581800,0.0,0.0
2023-01-06 00:00:00-05:00,61.717346733847904,62.904213562317224,61.51387830501963,62.79400634765625,2810100,0.0,0.0
2023-01-09 00:00:00-05:00,63.49765212434807,63.879144101576244,62.827916446242114,62.8618278503418,3126800,0.0,0.0
2023-01-10 00:00:00-05:00,63.51460320954274,64.13347500199414,63.031377030536675,64.09956359863281,2221400,0.0,0.0
2023-01-11 00:00:00-05:00,64.66756896495252,64.72691230744088,63.7265484855378,63.879146575927734,2356600,0.0,0.0
2023-01-12 00:00:00-05:00,65.45598787423907,65.88835018534873,64.21825074818254,65.85443878173828,4020800,0.0,0.0
2023-01-13 00:00:00-05:00,65.21013565086399,65.75270517776102,65.10840790703264,65.74423217773438,2205000,0.0,0.0
2023-01-17 00:00:00-05:00,64.82016565652044,64.87950899772817,64.21825277628813,64.4047622680664,2624200,0.0,0.0
2023-01-18 00:00:00-05:00,65.88834509978551,66.2613640427703,64.73538333777651,64.76929473876953,3624600,0.0,0.0
2023-01-19 00:00:00-05:00,64.78624973007341,65.9816024068922,64.67604252350502,65.54924011230469,3609200,0.0,0.0
2023-01-20 00:00:00-05:00,65.48990302453232,66.4478759765625,65.31187299634651,66.4478759765625,3673400,0.0,0.0
2023-01-23 00:00:00-05:00,66.61742907862921,66.78697962845118,66.23593063962147,66.77002716064453,2369600,0.0,0.0
2023-01-24 00:00:00-05:00,67.67713815614005,67.67713815614005,65.5238124773976,66.96501159667969,2305100,0.0,0.0
2023-01-25 00:00:00-05:00,66.60047012370387,67.77039090813071,66.58351765590211,67.71952056884766,2161400,0.0,0.0
2023-01-26 00:00:00-05:00,68.05862803317933,68.2620899861865,67.24477375321182,68.16036224365234,2908000,0.0,0.0
2023-01-27 00:00:00-05:00,67.21086685690788,67.66866113282802,65.91378630910386,67.49063110351562,4268600,0.0,0.0
2023-01-30 00:00:00-05:00,66.95653729517564,67.60083456509493,66.91414642333984,66.91414642333984,2394900,0.0,0.0
2023-01-31 00:00:00-05:00,66.47330732862224,67.3125935061439,66.2359275149554,67.27020263671875,2032000,0.0,0.0
2023-02-01 00:00:00-05:00,66.20202368672938,67.30412173848113,65.23557125830554,67.04978942871094,4121300,0.0,0.0
2023-02-02 00:00:00-05:00,65.32882387763179,65.37121475052466,63.3365757425105,63.7095947265625,5612600,0.0,0.0
2023-02-03 00:00:00-05:00,63.8706684628687,64.5064927749952,63.24332361926026,63.336578369140625,3002000,0.0,0.0
2023-02-06 00:00:00-05:00,62.58206306918356,62.7346611523257,61.94623880074783,62.63292694091797,2412500,0.0,0.0
2023-02-07 00:00:00-05:00,62.8109631749777,63.67568788765931,62.26839359632788,63.27723693847656,2630100,0.0,0.0
2023-02-08 00:00:00-05:00,63.183977787325645,63.46374202594963,62.74314246083805,63.03137969970703,2226200,0.0,0.0
2023-02-09 00:00:00-05:00,64.23519892168086,64.24367838900132,62.8618227409362,63.04833221435547,1938100,0.0,0.0
2023-02-10 00:00:00-05:00,62.05644983384074,62.1751365204895,61.42062552624836,62.15818405151367,3051100,0.0,0.0
2023-02-13 00:00:00-05:00,61.93775928341721,62.76009303814185,61.78516120039677,62.73466110229492,1905200,0.0,0.0
2023-02-14 00:00:00-05:00,62.76857627110843,63.59938307565692,62.54815536731545,63.32809829711914,2168000,0.0,0.0
2023-02-15 00:00:00-05:00,61.217156615806054,63.12462932224432,61.039126606024446,63.09919738769531,2428300,0.0,0.0
2023-02-16 00:00:00-05:00,62.79400368369626,63.955444994213195,62.64988507034463,63.50613021850586,2090600,0.0,0.0
2023-02-17 00:00:00-05:00,62.86183224316255,63.18398090271296,62.59902046000934,63.10768508911133,2198700,0.0,0.0
2023-02-21 00:00:00-05:00,64.54040346769571,64.88799052576019,63.692637727564964,63.904579162597656,2769100,0.0,0.0
2023-02-22 00:00:00-05:00,62.1836141519306,62.42098751821569,61.07304313055143,61.75973129272461,3883200,0.0,0.0
2023-02-23 00:00:00-05:00,61.301933335571064,61.386715076656,59.725088676884695,60.60676574707031,3770200,0.0,0.0
2023-02-24 00:00:00-05:00,58.72472951517396,58.834943200012944,57.98717746649096,58.41106033325195,3987400,0.0,0.0
2023-02-27 00:00:00-05:00,58.266941646922284,58.91123894677574,57.90240212319028,58.6314811706543,3457100,0.0,0.0
2023-02-28 00:00:00-05:00,58.96210604987889,59.775960332305594,58.546696206813,59.11470413208008,3280500,0.0,0.0
2023-03-01 00:00:00-05:00,61.251076952901,61.98015603337416,61.05608797968349,61.641048431396484,4599900,0.0,0.0
2023-03-02 00:00:00-05:00,61.32737448804071,62.666845996060786,61.27651061009606,62.51424789428711,2824300,0.0,0.0
2023-03-03 00:00:00-05:00,63.68416343959346,63.83676152844953,63.20093723620577,63.73502731323242,2956400,0.0,0.0
2023-03-06 00:00:00-05:00,61.903853750657895,61.954724095115246,61.34433170514335,61.641048431396484,3550600,0.0,0.0
2023-03-07 00:00:00-05:00,61.23411633124166,61.31041213586107,59.691183092197406,59.86921310424805,3787900,0.0,0.0
2023-03-08 00:00:00-05:00,60.40330310247114,60.92044067102915,60.33548029755958,60.683067321777344,3699200,0.0,0.0
2023-03-09 00:00:00-05:00,60.82311452141221,61.006922245644866,59.51895113832533,59.71151351928711,3571100,2.25,0.0
2023-03-10 00:00:00-05:00,60.02661217247822,60.779352355146045,59.05505232456617,59.1163215637207,3333700,0.0,0.0
2023-03-13 00:00:00-04:00,58.302303587457395,60.2979375732187,58.26729164481392,59.8778076171875,4091900,0.0,0.0
2023-03-14 00:00:00-04:00,60.131639860883816,60.89313468125278,59.921574857206394,60.7355842590332,3487900,0.0,0.0
2023-03-15 00:00:00-04:00,58.311064839155314,58.77496144543155,56.55175291990462,57.654605865478516,6475300,0.0,0.0
2023-03-16 00:00:00-04:00,56.18414040020237,57.155700265669424,56.11411650337587,56.65679168701172,9811800,0.0,0.0
2023-03-17 00:00:00-04:00,56.91061713912453,56.93688110905568,56.044093111096196,56.604270935058594,9661300,0.0,0.0
2023-03-20 00:00:00-04:00,57.66335348726059,58.37233371538378,57.54956966988461,58.171016693115234,4299700,0.0,0.0
2023-03-21 00:00:00-04:00,58.60866204153162,58.73120052758469,57.295743967094495,57.750892639160156,3810300,0.0,0.0
2023-03-22 00:00:00-04:00,57.313252126581105,58.14476421917054,56.89311541297131,56.93688201904297,2833200,0.0,0.0
2023-03-23 00:00:00-04:00,57.13818515987311,57.628339032274134,56.184134704257445,56.54299545288086,3378900,0.0,0.0
2023-03-24 00:00:00-04:00,56.65679219707448,56.93688110905568,56.227900833535756,56.604270935058594,3214400,0.0,0.0
2023-03-27 00:00:00-04:00,56.919371097626986,57.21696931924544,56.51674370895781,56.971885681152344,2154900,0.0,0.0
2023-03-28 00:00:00-04:00,57.51456138965986,58.16226574450663,57.40952554380104,57.82090759277344,2251600,0.0,0.0
2023-03-29 00:00:00-04:00,58.46861575616045,58.73994999733888,58.23228678403738,58.494873046875,2722600,0.0,0.0
2023-03-30 00:00:00-04:00,59.58021861227137,59.702757091458004,59.221357831180875,59.615230560302734,2779500,0.0,0.0
2023-03-31 00:00:00-04:00,59.588971206218105,60.15790365580462,59.5452046032322,60.04411315917969,4221700,0.0,0.0
2023-04-03 00:00:00-04:00,59.62398506919674,60.026612453791465,59.055052601326224,59.597721099853516,3426500,0.0,0.0
2023-04-04 00:00:00-04:00,59.308880307769215,59.31762828579431,58.346075175189476,58.5823974609375,2883100,0.0,0.0
2023-04-05 00:00:00-04:00,58.24104443748484,58.84498886638455,58.06598469396863,58.51237869262695,2825100,0.0,0.0
2023-04-06 00:00:00-04:00,58.62616749360551,58.6786820762128,57.98721113454983,58.42485046386719,1805800,0.0,0.0
2023-04-10 00:00:00-04:00,58.58240035145845,58.96752509463116,58.293556794078924,58.809974670410156,1322100,0.0,0.0
2023-04-11 00:00:00-04:00,60.455495097708436,61.35703102397968,60.394225860326294,60.92814636230469,3031300,0.0,0.0
2023-04-12 00:00:00-04:00,61.19947636783879,61.330769489671894,60.54301743651883,60.770591735839844,2479000,0.0,0.0
2023-04-13 00:00:00-04:00,61.409558285064115,61.58461135816631,60.76184722332327,61.181983947753906,4152300,0.0,0.0
2023-04-14 00:00:00-04:00,60.683070314623706,60.87563268578538,59.615229294797096,60.026611328125,2617700,0.0,0.0
2023-04-17 00:00:00-04:00,60.849371518631344,61.111957796459585,60.40298419530836,60.57803726196289,2357900,0.0,0.0
2023-04-18 00:00:00-04:00,60.98066496592071,61.750914489927204,60.910641067766214,61.62837600708008,2255500,0.0,0.0
2023-04-19 00:00:00-04:00,60.928150073118395,60.98066465754547,60.25418174302093,60.57803726196289,2964000,0.0,0.0
2023-04-20 00:00:00-04:00,59.91281888572057,60.184159798936676,58.56489568702319,58.906253814697266,4319000,0.0,0.0
2023-04-21 00:00:00-04:00,56.73556244501887,56.788077027681176,55.799014546412536,56.52549743652344,6660200,0.0,0.0
2023-04-24 00:00:00-04:00,56.23665203616423,56.735560588670836,56.10535890595807,56.42045974731445,3327600,0.0,0.0
2023-04-25 00:00:00-04:00,55.04627142913454,55.063777402062684,54.22351073504947,54.38981246948242,3991800,0.0,0.0
2023-04-26 00:00:00-04:00,56.06159761464609,56.06159761464609,54.9149814340859,55.09003448486328,4173600,0.0,0.0
2023-04-27 00:00:00-04:00,55.33511568453662,55.77275499659041,55.020014845630214,55.7552490234375,3467500,0.0,0.0
2023-04-28 00:00:00-04:00,55.65021488771311,56.07909953112273,55.54517905188298,56.00907897949219,2974000,0.0,0.0
2023-05-01 00:00:00-04:00,56.22789921691777,56.367947007805036,55.21257944436995,55.291351318359375,2583800,0.0,0.0
2023-05-02 00:00:00-04:00,54.564869188175805,54.626138424331515,53.785871752262146,54.37230682373047,3883100,0.0,0.0
2023-05-03 00:00:00-04:00,54.61738915802911,54.93248666769408,54.15348920253091,54.27602767944336,3271500,0.0,0.0
2023-05-04 00:00:00-04:00,53.88215768737316,54.31979703504503,53.750864547502296,53.8121337890625,2931200,0.0,0.0
2023-05-05 00:00:00-04:00,54.73992620174994,56.087856090341674,54.634890362355236,55.72898864746094,3366200,0.0,0.0
2023-05-08 00:00:00-04:00,56.69179773625677,56.75306697735992,55.88654294523066,55.904048919677734,2314100,0.0,0.0
2023-05-09 00:00:00-04:00,55.32636206528156,56.131616811867495,55.28259880104068,55.87778854370117,1888200,0.0,0.0
2023-05-10 00:00:00-04:00,56.4029590308319,56.4029590308319,54.757434213863725,55.300106048583984,3008200,0.0,0.0
2023-05-11 00:00:00-04:00,53.66333632067533,53.873401331134104,53.076897877054705,53.724605560302734,3229300,0.0,0.0
2023-05-12 00:00:00-04:00,53.94342218688895,54.284780313837274,53.84714100463729,54.039703369140625,2580800,0.0,0.0
2023-05-15 00:00:00-04:00,54.69616250538004,55.151304450130745,54.62613861300426,55.063777923583984,3006300,0.0,0.0
2023-05-16 00:00:00-04:00,54.319790728372936,54.7049121075982,53.71584636179442,53.750858306884766,2618800,0.0,0.0
2023-05-17 00:00:00-04:00,54.862465560310845,55.16006043221631,54.38981429218044,54.82745361328125,2306300,0.0,0.0
2023-05-18 00:00:00-04:00,54.10097252302866,54.20600502217847,53.56705203238908,54.19725036621094,3049100,0.0,0.0
2023-05-19 00:00:00-04:00,54.36356148906692,54.477348656844676,53.9259221318391,54.459842681884766,3544600,0.0,0.0
2023-05-22 00:00:00-04:00,53.873398611976405,54.3898131334303,53.873398611976405,54.188499450683594,3047400,0.0,0.0
2023-05-23 00:00:00-04:00,53.71585392044842,53.794629138525174,53.19943934392823,53.23445129394531,3012400,0.0,0.0
2023-05-24 00:00:00-04:00,52.490464851458896,52.5342281187943,51.64144344167423,51.720218658447266,3335900,0.0,0.0
2023-05-25 00:00:00-04:00,52.2453824625019,52.2453824625019,51.422621717041565,51.9827995300293,4278800,0.0,0.0
2023-05-26 00:00:00-04:00,53.52329279648289,53.7683697592467,53.26070652046659,53.497032165527344,3898600,0.0,0.0
2023-05-30 00:00:00-04:00,53.41825583099799,53.41825583099799,52.52547119245334,52.691776275634766,4001600,0.0,0.0
2023-05-31 00:00:00-04:00,52.50796761916243,52.56923685747453,51.5189018109594,51.685203552246094,6759200,0.0,0.0
2023-06-01 00:00:00-04:00,52.79680788623898,53.733355774365315,52.577988223799686,53.42700958251953,6265500,0.0,0.0
2023-06-02 00:00:00-04:00,55.51892563962808,55.66772140906114,55.16881284025613,55.291351318359375,4330900,0.0,0.0
2023-06-05 00:00:00-04:00,55.27384968740417,55.43140011609095,54.49484886159813,55.072532653808594,2873300,0.0,0.0
2023-06-06 00:00:00-04:00,55.160059542559765,55.799012540390734,55.072529676397515,55.72898864746094,3312500,0.0,0.0
2023-06-07 00:00:00-04:00,55.91280359799808,56.31542765474371,55.58894807898671,55.73774719238281,3662400,0.0,0.0
2023-06-08 00:00:00-04:00,56.53424079720351,56.68304323233583,56.087853525343576,56.54299545288086,2933800,0.0,0.0
2023-06-09 00:00:00-04:00,56.62177854933244,56.86685550523132,56.385449571968365,56.51674270629883,2215400,0.0,0.0
2023-06-12 00:00:00-04:00,55.6239590447282,55.9040479531927,55.20382568203146,55.79026412963867,2767700,0.0,0.0
2023-06-13 00:00:00-04:00,57.22571537024371,57.71587595207215,57.21696739184839,57.418277740478516,3603400,0.0,0.0
2023-06-14 00:00:00-04:00,59.51019218349523,59.5889707326746,58.59115362870912,58.87124252319336,5491100,0.0,0.0
2023-06-15 00:00:00-04:00,58.94126118681443,59.90407304574414,58.76620812765238,59.825294494628906,2582300,0.0,0.0
2023-06-16 00:00:00-04:00,59.623984864211174,59.73776868625559,59.09881232469238,59.12507629394531,3723200,0.0,0.0
2023-06-20 00:00:00-04:00,57.67210704231768,57.9784532200554,57.47079670173825,57.70711898803711,2974900,0.0,0.0
2023-06-21 00:00:00-04:00,56.823092193720946,57.418281983039904,56.75306829430775,57.243228912353516,3393700,0.0,0.0
2023-06-22 00:00:00-04:00,56.98063659667969,57.11192972471949,56.70054770652287,56.98063659667969,2336500,0.0,0.0
2023-06-23 00:00:00-04:00,55.60644985615518,55.77275493145209,55.33511561990943,55.58019256591797,2833400,0.0,0.0
2023-06-26 00:00:00-04:00,55.54518383053986,56.22790012755668,55.54518383053986,55.79026412963867,2226800,0.0,0.0
2023-06-27 00:00:00-04:00,56.131619444162574,56.95438354173607,55.89529713839486,56.80558776855469,3003200,0.0,0.0
2023-06-28 00:00:00-04:00,55.75525034792859,55.77275632149736,55.203823866742994,55.518924713134766,2846300,0.0,0.0
2023-06-29 00:00:00-04:00,55.21257512245335,55.88653669926503,55.10753928750987,55.8427734375,2242700,0.0,0.0
2023-06-30 00:00:00-04:00,56.35043647199494,56.35043647199494,55.693980830535644,55.87778854370117,1722100,0.0,0.0
2023-07-03 00:00:00-04:00,57.05066229094749,57.29573924284611,56.74431610107422,56.74431610107422,1633300,0.0,0.0
2023-07-05 00:00:00-04:00,56.35919192400701,56.402958527788925,55.86028335898553,56.026588439941406,2278600,0.0,0.0
2023-07-06 00:00:00-04:00,55.221327611869235,55.440147264263885,54.442330183571976,55.09003448486328,3190800,0.0,0.0
2023-07-07 00:00:00-04:00,54.9762501557241,55.87778604670713,54.9762501557241,55.47515869140625,2620800,0.0,0.0
2023-07-10 00:00:00-04:00,54.54736586617546,55.36137528771741,54.529859892291185,55.300106048583984,2611400,0.0,0.0
2023-07-11 00:00:00-04:00,56.09660673693811,56.55175538478603,55.91280235656178,56.49048614501953,3061200,0.0,0.0
2023-07-12 00:00:00-04:00,58.459858915918765,58.783714404273155,58.23228460848472,58.57364273071289,3358900,0.0,0.0
2023-07-13 00:00:00-04:00,60.07912530368179,60.53427393598703,59.81653904059446,60.40298080444336,3341100,0.0,0.0
2023-07-14 00:00:00-04:00,60.473003063361986,60.481757720287234,59.89532258538108,59.98284912109375,2469800,0.0,0.0
2023-07-17 00:00:00-04:00,58.51237741944547,58.9762740434382,58.398593597020586,58.92375946044922,2288400,0.0,0.0
2023-07-18 00:00:00-04:00,58.346078778400035,58.932513878896245,58.32856946557691,58.78371810913086,2259700,0.0,0.0
2023-07-19 00:00:00-04:00,57.654606643170794,58.013467414474796,57.61084003986358,57.96970748901367,2712500,0.0,0.0
2023-07-20 00:00:00-04:00,58.80997023607441,59.09880709382918,58.27604976524176,58.29355239868164,2126300,0.0,0.0
2023-07-21 00:00:00-04:00,58.58239886520119,58.60865615559751,58.0222210772598,58.18852615356445,1250400,0.0,0.0
2023-07-24 00:00:00-04:00,57.95220124592676,59.0200423158573,57.89093200475926,58.66992950439453,2463600,0.0,0.0
2023-07-25 00:00:00-04:00,60.8143659291413,61.45331562914646,60.516767703971155,61.10320281982422,3824900,0.0,0.0
2023-07-26 00:00:00-04:00,59.70275972761632,60.00910593910953,59.12507925420719,59.47518539428711,2907000,0.0,0.0
2023-07-27 00:00:00-04:00,59.125078310807254,59.510196394319536,58.564900482201686,58.68743896484375,2872000,0.0,0.0
2023-07-28 00:00:00-04:00,58.10975050050174,58.13600779220662,57.60208726805295,57.855918884277344,3010600,0.0,0.0
2023-07-31 00:00:00-04:00,58.20603121666081,58.53863470530279,58.179773925168845,58.24979782104492,3029100,0.0,0.0
2023-08-01 00:00:00-04:00,57.313249305563275,57.49705702189332,57.02440574653913,57.39202117919922,3930300,0.0,0.0
2023-08-02 00:00:00-04:00,56.2191503480298,56.47297527876227,55.65896921012164,55.86028289794922,3789100,0.0,0.0
2023-08-03 00:00:00-04:00,55.562690743895644,56.41170880125126,55.37888302065689,56.070350646972656,3612000,0.0,0.0
2023-08-04 00:00:00-04:00,56.044090345009074,56.78807585469122,55.85153131435286,56.0528450012207,2371700,0.0,0.0
2023-08-07 00:00:00-04:00,56.210395498008964,56.39420321161926,55.85153138808852,56.06159973144531,1962100,0.0,0.0
2023-08-08 00:00:00-04:00,55.13380434606921,55.73774542037203,54.678659041508766,55.64146423339844,2333800,0.0,0.0
2023-08-09 00:00:00-04:00,56.11411312576469,56.236651598912076,55.69397978686381,55.7552490234375,1920400,0.0,0.0
2023-08-10 00:00:00-04:00,55.68322534911282,56.04334459980001,55.03501550596826,55.23307800292969,2756000,1.77,0.0
2023-08-11 00:00:00-04:00,54.54885476358844,54.99000066762023,54.44982179935569,54.93598175048828,3502700,0.0,0.0
2023-08-14 00:00:00-04:00,53.70257835008831,54.07169902680146,53.1984120993587,53.963661193847656,3946900,0.0,0.0
2023-08-15 00:00:00-04:00,53.35145859896605,53.43248525355083,52.81128319130185,52.88330841064453,5237700,0.0,0.0
2023-08-16 00:00:00-04:00,52.496184682776914,53.23442605484847,52.46017207088276,52.54119873046875,2979500,0.0,0.0
2023-08-17 00:00:00-04:00,53.98167115957806,54.17973709907167,53.39648164598162,53.62155532836914,3656900,0.0,0.0
2023-08-18 00:00:00-04:00,53.21641999939804,53.60354699320316,53.018354067399606,53.414485931396484,2718400,0.0,0.0
2023-08-21 00:00:00-04:00,53.504514040205535,54.01768174200646,53.396479638340004,53.9726676940918,2988700,0.0,0.0
2023-08-22 00:00:00-04:00,55.00800343839372,55.01700830840841,54.09870732495434,54.3057746887207,2448000,0.0,0.0
2023-08-23 00:00:00-04:00,54.854954503017666,55.53917694091797,54.80093558646569,55.53917694091797,2907200,0.0,0.0
2023-08-24 00:00:00-04:00,54.4588284424629,54.944984975072174,54.197742152685485,54.72891616821289,4361900,0.0,0.0
2023-08-25 00:00:00-04:00,54.944984900798076,55.098036786938955,54.2967750467447,54.656890869140625,3661700,0.0,0.0
2023-08-28 00:00:00-04:00,55.206069566102606,55.60219798938986,55.170056954616946,55.56618881225586,1501900,0.0,0.0
2023-08-29 00:00:00-04:00,55.26909246693341,56.142379446785036,55.26909246693341,56.11537170410156,2487400,0.0,0.0
2023-08-30 00:00:00-04:00,56.53850617435663,56.718565800275464,56.29542619451895,56.493492126464844,1566300,0.0,0.0
2023-08-31 00:00:00-04:00,56.772587463173316,56.790593770070934,56.250414866198085,56.2684211730957,2138200,0.0,0.0
2023-09-01 00:00:00-04:00,57.74490052228732,57.96997419344332,57.14170473207804,57.48381423950195,2856200,0.0,0.0
2023-09-05 00:00:00-04:00,57.61886121060678,57.80792227470966,57.069680890196906,57.07868576049805,2417900,0.0,0.0
2023-09-06 00:00:00-04:00,56.8986210029075,57.21372274800573,56.50248916981092,56.99765396118164,2541300,0.0,0.0
2023-09-07 00:00:00-04:00,55.44014879463875,55.638211291565284,54.845951000804035,55.13404846191406,2459800,0.0,0.0
2023-09-08 00:00:00-04:00,54.647889430809336,55.25108523633102,54.638884560497566,55.11604309082031,3685800,0.0,0.0
2023-09-11 00:00:00-04:00,57.159714223653985,57.38478790735433,56.82660269904414,56.97064971923828,3748400,0.0,0.0
2023-09-12 00:00:00-04:00,56.8265975689232,57.204723109266794,56.817596133502626,56.889617919921875,1783500,0.0,0.0
2023-09-13 00:00:00-04:00,56.871615735384395,57.1056942854982,56.62853918354962,56.81760025024414,1742300,0.0,0.0
2023-09-14 00:00:00-04:00,59.15836288493319,59.509477262336624,58.78924563607207,59.44645690917969,4917400,0.0,0.0
2023-09-15 00:00:00-04:00,60.139688842784985,60.283732423383256,59.25739701257046,59.28440475463867,3552000,0.0,0.0
2023-09-18 00:00:00-04:00,59.36543256681081,59.38343543792954,58.681206696344496,58.762229919433594,2104200,0.0,0.0
2023-09-19 00:00:00-04:00,59.3924417895221,59.5905077202854,58.7082159019862,58.88827896118164,3329100,0.0,0.0
2023-09-20 00:00:00-04:00,59.284403581779564,59.76155866542068,58.94229407451128,58.9873046875,2210600,0.0,0.0
2023-09-21 00:00:00-04:00,58.060002277478375,58.069007147559894,57.33076578105223,57.38478469848633,2540900,0.0,0.0
2023-09-22 00:00:00-04:00,57.61886059689802,58.15903604125325,57.60085429083928,57.681880950927734,3589000,0.0,0.0
2023-09-25 00:00:00-04:00,55.90829874706917,56.84460604676674,55.86328469954272,56.781585693359375,3076600,0.0,0.0
2023-09-26 00:00:00-04:00,56.475487622763595,56.745575353085414,55.74624765997804,55.827274322509766,2879700,0.0,0.0
2023-09-27 00:00:00-04:00,56.5925213163973,56.79958867036464,55.67422037639986,56.106361389160156,2227400,0.0,0.0
2023-09-28 00:00:00-04:00,56.91663421697504,57.89795218065212,56.80859637609621,57.42980194091797,3518400,0.0,0.0
2023-09-29 00:00:00-04:00,58.10502063021994,58.1590361141121,57.141705578156895,57.29475402832031,3334100,0.0,0.0
2023-10-02 00:00:00-04:00,56.98865414806977,57.168713775966786,56.07035313671155,56.44847869873047,3097500,0.0,0.0
2023-10-03 00:00:00-04:00,55.404134318144216,55.8452767792429,54.94498211733357,55.26908874511719,4199000,0.0,0.0
2023-10-04 00:00:00-04:00,54.953991576000305,54.99000418972822,54.089709452641785,54.449825286865234,3403200,0.0,0.0
2023-10-05 00:00:00-04:00,54.92697523614503,55.053019372346284,54.57586087117757,54.827945709228516,3270900,0.0,0.0
2023-10-06 00:00:00-04:00,55.503169864365894,56.259417552950424,55.062023948378354,55.81827163696289,4969700,0.0,0.0
2023-10-09 00:00:00-04:00,55.188063325354626,55.35912151293712,54.61187527831216,55.17906188964844,2890100,0.0,0.0
2023-10-10 00:00:00-04:00,56.16038583235354,56.59252688765602,56.007333943444344,56.28642654418945,2561500,0.0,0.0
2023-10-11 00:00:00-04:00,56.85361052516076,56.93463718389077,56.25041130253699,56.682552337646484,2208500,0.0,0.0
2023-10-12 00:00:00-04:00,56.85360798576029,56.85360798576029,55.881288124429425,56.20539474487305,3250400,0.0,0.0
2023-10-13 00:00:00-04:00,56.2594180997151,56.50249464987987,55.6652237267919,56.16038513183594,3638500,0.0,0.0
2023-10-16 00:00:00-04:00,57.03366613417363,58.141031603675906,56.93463660504525,57.74489974975586,5001400,0.0,0.0
2023-10-17 00:00:00-04:00,57.05167106154591,58.17704280943628,57.02466332101347,57.951969146728516,4833900,0.0,0.0
2023-10-18 00:00:00-04:00,57.20472456975164,57.20472456975164,55.99832956585287,56.19639205932617,3459200,0.0,0.0
2023-10-19 00:00:00-04:00,55.935308326991375,56.22340234416212,55.530175042110145,55.728240966796875,3877500,0.0,0.0
2023-10-20 00:00:00-04:00,54.66589760668647,54.93598534129679,54.15272988062129,54.5218505859375,4449300,0.0,0.0
2023-10-23 00:00:00-04:00,54.251753905616354,54.701901229021026,53.83761919232842,54.3417854309082,4565100,0.0,0.0
2023-10-24 00:00:00-04:00,55.51216961629255,56.26841728193584,55.39513034672767,56.19639205932617,4195600,0.0,0.0
2023-10-25 00:00:00-04:00,56.997659880865875,57.384786884679485,56.58352170013033,56.81760025024414,4889700,0.0,0.0
2023-10-26 00:00:00-04:00,56.98865212156373,57.18671804864244,56.32243598669257,56.799591064453125,3985100,0.0,0.0
2023-10-27 00:00:00-04:00,57.61886106004902,57.7449017691216,57.07868561135176,57.3937873840332,3619600,0.0,0.0
2023-10-30 00:00:00-04:00,58.14103004121969,58.40211631349584,57.75390306766584,57.807918548583984,3380500,0.0,0.0
2023-10-31 00:00:00-04:00,57.76291082453666,58.34809688027396,57.5108259750298,57.924957275390625,3236800,0.0,0.0
2023-11-01 00:00:00-04:00,58.4921497388901,58.744231164434545,57.97898201725928,58.591182708740234,3244000,0.0,0.0
2023-11-02 00:00:00-04:00,59.7075388407233,60.10367067095802,59.24838666192422,59.66252136230469,2876800,0.0,0.0
2023-11-03 00:00:00-04:00,59.90560583750431,60.18469497637104,59.6355146995215,59.689537048339844,2196700,0.0,0.0
2023-11-06 00:00:00-05:00,60.33775127671328,60.41878137614601,59.950624258477426,60.031654357910156,2535300,0.0,0.0
2023-11-07 00:00:00-05:00,58.86126608102352,58.91528843472185,58.105021816282736,58.24906539916992,3172100,0.0,0.0
2023-11-08 00:00:00-05:00,58.30308353969056,58.51014746300967,57.82592847350825,58.150028228759766,2229400,0.0,0.0
2023-11-09 00:00:00-05:00,58.636189094075355,59.005313203925475,58.00598557567661,58.03299331665039,1924800,0.0,0.0
2023-11-10 00:00:00-05:00,58.17704434454326,59.0233166679368,57.834927972230126,58.93328857421875,2062300,0.0,0.0
2023-11-13 00:00:00-05:00,58.843262495990004,59.29340984870186,58.771237271067264,59.04132843017578,2071300,0.0,0.0
2023-11-14 00:00:00-05:00,61.355084479126006,61.64317850509281,60.95895261765788,61.048980712890625,3825300,0.0,0.0
2023-11-15 00:00:00-05:00,61.427109461951076,61.553150168523416,61.02197273193711,61.093997955322266,2788100,0.0,0.0
2023-11-16 00:00:00-05:00,60.78789503733299,61.14801429057346,60.589835973319005,60.904937744140625,2560900,0.0,0.0
2023-11-17 00:00:00-05:00,61.373088281919095,61.73320753701762,61.2020369589925,61.39109802246094,2116300,0.0,0.0
2023-11-20 00:00:00-05:00,61.589162655769066,62.51646508169329,61.49012969099043,62.3274040222168,2621600,0.0,0.0
2023-11-21 00:00:00-05:00,63.02062934468996,63.40775634255547,62.948604119807186,63.236698150634766,3069900,0.0,0.0
2023-11-22 00:00:00-05:00,62.768546134648616,62.90359171027322,62.19235808944006,62.885581970214844,2983000,0.0,0.0
2023-11-24 00:00:00-05:00,62.37241140481019,62.79555098354844,62.327400794144125,62.7685432434082,1575000,0.0,0.0
2023-11-27 00:00:00-05:00,62.462444456388404,62.50746193933329,62.12933980992893,62.147342681884766,2575200,0.0,0.0
2023-11-28 00:00:00-05:00,62.084321938152414,62.52546441969465,61.89526087463432,62.50746154785156,1986900,0.0,0.0
2023-11-29 00:00:00-05:00,62.6605071557936,62.68751489668452,61.832237714524155,62.0032958984375,2099100,0.0,0.0
2023-11-30 00:00:00-05:00,62.13833462879596,62.2283695900741,61.841242610168905,62.20135498046875,1819800,0.0,0.0
2023-12-01 00:00:00-05:00,63.38975092228037,64.3800736841431,63.21869273723658,64.06497192382812,4082000,0.0,0.0
2023-12-04 00:00:00-05:00,62.507457545721,62.70552346683093,61.84124143092646,62.165348052978516,3165500,0.0,0.0
2023-12-05 00:00:00-05:00,61.87725807816562,61.958281304613436,61.283060276067644,61.66118240356445,2297100,0.0,0.0
2023-12-06 00:00:00-05:00,63.06564128436252,63.191681982477476,61.97627874269303,62.111324310302734,3096400,0.0,0.0
2023-12-07 00:00:00-05:00,63.16467427989119,63.78587290133699,62.939600623310106,63.41675567626953,4074200,0.0,0.0
2023-12-08 00:00:00-05:00,62.876576646619064,63.569807391096454,62.876576646619064,63.173675537109375,3047500,0.0,0.0
2023-12-11 00:00:00-05:00,62.183361120560484,62.525470669402445,62.066325270123436,62.25538635253906,2840300,0.0,0.0
2023-12-12 00:00:00-05:00,62.86757860604808,62.86757860604808,62.156344990790195,62.51646423339844,2703300,0.0,0.0
2023-12-13 00:00:00-05:00,62.534466385546544,63.51579113865244,62.06631618363123,63.43476104736328,2266800,0.0,0.0
2023-12-14 00:00:00-05:00,64.82121542448363,65.2893656247644,64.31705261361154,64.98326873779297,4202200,0.0,0.0
2023-12-15 00:00:00-05:00,65.37940419759781,65.89257190664439,65.07330042501196,65.22634887695312,5529800,0.0,0.0
2023-12-18 00:00:00-05:00,66.03661641926814,66.15365912898203,65.55946131607539,65.56846618652344,2647900,0.0,0.0
2023-12-19 00:00:00-05:00,66.18066546963054,66.69383317504081,66.10864024497913,66.43274688720703,2118200,0.0,0.0
2023-12-20 00:00:00-05:00,65.9916026639644,66.29769955759534,65.22634669248048,65.2353515625,2291400,0.0,0.0
2023-12-21 00:00:00-05:00,66.54977806408519,66.95491477284294,66.1356433544039,66.6218032836914,2207300,0.0,0.0
2023-12-22 00:00:00-05:00,66.783867058062,66.90090290673363,66.3877351568594,66.46876525878906,1831200,0.0,0.0
2023-12-26 00:00:00-05:00,66.62180593671387,66.95491743913063,66.62180593671387,66.78385925292969,1215300,0.0,0.0
2023-12-27 00:00:00-05:00,67.0449410663586,67.37804567788075,66.90989550039157,67.31502532958984,2050800,0.0,0.0
2023-12-28 00:00:00-05:00,67.19799929226592,67.60312918048633,67.07195857732162,67.10797119140625,2430500,0.0,0.0
2023-12-29 00:00:00-05:00,66.72084030854019,67.06294981945878,66.55878698890434,67.03594207763672,1462200,0.0,0.0
2024-01-02 00:00:00-05:00,66.62180981438462,67.27002311697663,66.59480207156057,66.85588836669922,3051800,0.0,0.0
2024-01-03 00:00:00-05:00,65.82055054116674,66.47776187037192,65.54146136317856,66.21668243408203,3408900,0.0,0.0
2024-01-04 00:00:00-05:00,65.83855344396956,66.07263200522584,65.65849723912868,65.75753021240234,1514100,0.0,0.0
2024-01-05 00:00:00-05:00,65.17232624990763,65.99159764175245,65.1273087719393,65.39739990234375,1759200,0.0,0.0
2024-01-08 00:00:00-05:00,65.06430111913646,65.63149122991352,64.75820418907605,65.57746887207031,2417300,0.0,0.0
2024-01-09 00:00:00-05:00,64.37106794403215,64.4430931650457,63.71384982251406,63.79487991333008,2660700,0.0,0.0
2024-01-10 00:00:00-05:00,63.488778008605834,63.59681584327466,63.15567337194113,63.29971694946289,2093200,0.0,0.0
2024-01-11 00:00:00-05:00,63.36273620013112,63.46176916301207,62.53446675485696,63.074642181396484,2225100,0.0,0.0
2024-01-12 00:00:00-05:00,63.659833283714946,63.76787111344075,63.07464039293045,63.18267822265625,1629800,0.0,0.0
2024-01-16 00:00:00-05:00,62.96661093911388,62.96661093911388,62.02129879531883,62.20135498046875,3565200,0.0,0.0
2024-01-17 00:00:00-05:00,61.2470446348669,61.58916100171545,61.093996191120524,61.40009307861328,2553500,0.0,0.0
2024-01-18 00:00:00-05:00,62.47145003150467,62.48045490193595,61.83224160495634,62.27338409423828,2904100,0.0,0.0
2024-01-19 00:00:00-05:00,62.003297692570754,62.10233065783851,61.436107642636635,61.895259857177734,3346700,0.0,0.0
2024-01-22 00:00:00-05:00,60.48179502860943,60.94094722461303,60.40076493816028,60.57182312011719,3576300,0.0,0.0
2024-01-23 00:00:00-05:00,61.769213715718365,62.453439542268484,61.616165280571146,61.88624954223633,3084800,0.0,0.0
2024-01-24 00:00:00-05:00,63.71385908955139,63.77687944992863,62.61550521850586,62.61550521850586,4866800,0.0,0.0
2024-01-25 00:00:00-05:00,62.840564854291046,63.11965397798402,62.507453384716854,63.11064910888672,3399000,0.0,0.0
2024-01-26 00:00:00-05:00,63.983939251220335,64.01995186076142,63.63282489407344,63.71384811401367,2157500,0.0,0.0
2024-01-29 00:00:00-05:00,63.6958474216728,64.00194431018458,63.29071757071234,63.965938568115234,2272900,0.0,0.0
2024-01-30 00:00:00-05:00,63.41676691722902,63.52479789556715,62.73254095670304,63.20069122314453,3244900,0.0,0.0
2024-01-31 00:00:00-05:00,63.218691170326835,63.731858844035855,62.363407135009766,62.363407135009766,2920100,0.0,0.0
2024-02-01 00:00:00-05:00,62.55247409401883,63.191682458907614,62.41742852539096,63.128662109375,2094600,0.0,0.0
2024-02-02 00:00:00-05:00,62.0033017495341,62.15635020816085,61.63417760598318,61.65218734741211,2708500,0.0,0.0
2024-02-05 00:00:00-05:00,60.778898516684094,61.03097993948333,60.35575889896955,60.769893646240234,2714100,0.0,0.0
2024-02-06 00:00:00-05:00,61.03097406284753,61.61616694868566,61.03097406284753,61.50812911987305,2584000,0.0,0.0
2024-02-07 00:00:00-05:00,61.364090684058034,61.697195330535244,61.13901700672866,61.68819046020508,2188500,0.0,0.0
2024-02-08 00:00:00-05:00,61.23804643811188,61.50813761308686,60.9679621318408,61.31907653808594,2270500,0.0,0.0
2024-02-09 00:00:00-05:00,61.157015123536254,61.2110306039103,60.697862934247865,61.14801025390625,1784200,0.0,0.0
2024-02-12 00:00:00-05:00,61.06698711258479,61.48112182296352,60.98595702321558,61.220035552978516,1969200,0.0,0.0
2024-02-13 00:00:00-05:00,60.823903216298035,60.877925565003856,59.653524314450415,60.004638671875,2617800,0.0,0.0
2024-02-14 00:00:00-05:00,60.18470241002027,60.43678383996488,60.05866169504797,60.39177322387695,1511300,0.0,0.0
2024-02-15 00:00:00-05:00,60.33774351627468,60.967953883049326,60.29273290567126,60.80590057373047,2668900,0.0,0.0
2024-02-16 00:00:00-05:00,62.49845494890073,62.93960428694447,62.15634544371677,62.228370666503906,3888100,0.0,0.0
2024-02-20 00:00:00-05:00,60.382759926153106,60.42777740466221,59.203376171205555,59.34741973876953,4613100,0.0,0.0
2024-02-21 00:00:00-05:00,59.032320982983364,59.311410131496686,58.39311259427991,58.951297760009766,2883400,0.0,0.0
2024-02-22 00:00:00-05:00,59.113354043541044,59.32041798067519,58.879275495355735,59.14036178588867,2931800,0.0,0.0
2024-02-23 00:00:00-05:00,59.61751992936186,59.860596491611155,59.266405523499614,59.401451110839844,2164200,0.0,0.0
2024-02-26 00:00:00-05:00,58.15003343150488,58.26707614261231,57.71789580670365,58.20405578613281,3414000,0.0,0.0
2024-02-27 00:00:00-05:00,58.825251808100305,58.95129938403701,58.20405314207996,58.50115203857422,3071200,0.0,0.0
2024-02-28 00:00:00-05:00,57.61886020708868,57.798916397754475,57.51082580581886,57.582847595214844,2158700,0.0,0.0
2024-02-29 00:00:00-05:00,58.34809734734885,58.546163280471525,57.87094225502791,58.09601593017578,2073200,0.0,0.0
2024-03-01 00:00:00-05:00,58.159031271963414,58.78924162928409,57.79891204902343,58.64519119262695,2482400,0.0,0.0
2024-03-04 00:00:00-05:00,58.13202808189436,58.46513959120739,58.06000285792883,58.38410949707031,2183700,0.0,0.0
2024-03-05 00:00:00-05:00,57.672875921180186,57.879946723106976,57.321761539885415,57.43880081176758,2912700,0.0,0.0
2024-03-06 00:00:00-05:00,58.69921126604026,58.960297551387754,58.36610662543064,58.38410949707031,2617900,0.0,0.0
2024-03-07 00:00:00-05:00,60.10928759172342,60.31555988184783,59.640489533546386,59.69674301147461,3408600,2.58,0.0
2024-03-08 00:00:00-05:00,59.45297106074594,59.51860250437723,58.674768124841215,58.77790069580078,3068000,0.0,0.0
2024-03-11 00:00:00-04:00,57.268375614711516,58.177841464861444,57.24024529757392,58.13096237182617,4636400,0.0,0.0
2024-03-12 00:00:00-04:00,59.58423319956717,59.593611163765516,58.67476738782373,58.8060302734375,4677700,0.0,0.0
2024-03-13 00:00:00-04:00,58.30909967936133,59.51859949654973,58.17783679873225,59.227943420410156,4825200,0.0,0.0
2024-03-14 00:00:00-04:00,58.731023065642326,58.834159215813806,57.83093160774751,58.17784118652344,3710700,0.0,0.0
2024-03-15 00:00:00-04:00,57.92468850611026,58.459118020899034,57.82155235823077,58.29972839355469,3742800,0.0,0.0
2024-03-18 00:00:00-04:00,59.031049517601225,59.1060589222893,58.365357145898294,58.38410949707031,2450800,0.0,0.0
2024-03-19 00:00:00-04:00,59.01230011539143,59.20919802421437,58.796653431104836,58.89041519165039,3095000,0.0,0.0
2024-03-20 00:00:00-04:00,59.00292303591262,60.02489935439514,58.91853924359399,59.88426208496094,1940500,0.0,0.0
2024-03-21 00:00:00-04:00,60.418699993108554,60.662469848993645,60.118669502311306,60.1280403137207,2504000,0.0,0.0
2024-03-22 00:00:00-04:00,59.4435937928349,59.58423106095385,59.06855392456055,59.06855392456055,2507300,0.0,0.0
2024-03-25 00:00:00-04:00,59.799881990137905,60.17492188510884,59.41546770728318,59.452972412109375,2368200,0.0,0.0
2024-03-26 00:00:00-04:00,59.096685141927814,59.134189846926866,58.27160309182178,58.29035186767578,2938000,0.0,0.0
2024-03-27 00:00:00-04:00,58.52475036575478,59.5279815436176,58.47787127326383,59.49985122680664,2216900,0.0,0.0
2024-03-28 00:00:00-04:00,59.56548458988849,59.912397754113684,59.28420644923895,59.76238250732422,3254600,0.0,0.0
2024-04-01 00:00:00-04:00,60.31555997675051,60.64371718733263,60.08116094729317,60.17491912841797,2363600,0.0,0.0
2024-04-02 00:00:00-04:00,60.943749358258756,61.262528613630025,60.57808743437248,61.02812957763672,3300400,0.0,0.0
2024-04-03 00:00:00-04:00,60.437443630967735,60.756230024063605,59.743624521228085,60.56870651245117,5273500,0.0,0.0
2024-04-04 00:00:00-04:00,61.18752557916701,61.18752557916701,59.34046005454235,59.34983444213867,3151900,0.0,0.0
2024-04-05 00:00:00-04:00,58.993544520247575,59.17169006716826,58.71226640736443,59.06855392456055,3896700,0.0,0.0
2024-04-08 00:00:00-04:00,61.08439133254059,62.096996903421505,61.08439133254059,61.956356048583984,4714100,0.0,0.0
2024-04-09 00:00:00-04:00,63.175224394758175,63.48463283312826,62.47202730025747,63.06271743774414,3709700,0.0,0.0
2024-04-10 00:00:00-04:00,61.61881816513047,62.387646697576066,61.40316791003285,62.359519958496094,3062500,0.0,0.0
2024-04-11 00:00:00-04:00,62.35951918322043,62.39702388595769,61.31878693045602,62.134490966796875,2101900,0.0,0.0
2024-04-12 00:00:00-04:00,63.28774339289672,63.80342416334055,61.871971130371094,61.871971130371094,4338700,0.0,0.0
2024-04-15 00:00:00-04:00,63.662778764647975,63.80341961504249,62.387647453441765,62.60329055786133,3848400,0.0,0.0
2024-04-16 00:00:00-04:00,61.29066394053161,61.750084058904584,60.80310992841692,61.590694427490234,3177000,0.0,0.0
2024-04-17 00:00:00-04:00,63.33462395299392,63.76591733149273,62.40639859713566,62.6126708984375,3839500,0.0,0.0
2024-04-18 00:00:00-04:00,63.32524655224363,63.40025596307419,62.13449540350471,62.51891326904297,3823300,0.0,0.0
2024-04-19 00:00:00-04:00,62.387643037177625,63.025208647649066,62.29388486131512,62.790809631347656,2774100,0.0,0.0
2024-04-22 00:00:00-04:00,62.79081517427983,63.24085731946396,62.322017100293316,63.0064582824707,3867100,0.0,0.0
2024-04-23 00:00:00-04:00,61.75945750336822,62.63142215997518,61.56256318133317,62.48140335083008,2522700,0.0,0.0
2024-04-24 00:00:00-04:00,64.08469646031915,64.08469646031915,63.21273174055753,63.88780212402344,3406800,0.0,0.0
2024-04-25 00:00:00-04:00,62.99708796778558,63.86905267840333,62.54703866576408,63.55026626586914,2964700,0.0,0.0
2024-04-26 00:00:00-04:00,64.56287194596689,64.56287194596689,63.662780493604394,63.98155975341797,3019700,0.0,0.0
2024-04-29 00:00:00-04:00,64.31908864937154,64.71287728001062,64.122194334052,64.70350646972656,2379400,0.0,0.0
2024-04-30 00:00:00-04:00,64.4128529718128,64.5066183099232,63.540888261739234,63.59714889526367,3281700,0.0,0.0
2024-05-01 00:00:00-04:00,63.662778682855425,64.0846940802061,63.07208854261553,63.28773880004883,2330400,0.0,0.0
2024-05-02 00:00:00-04:00,63.672159849355396,64.11282404402795,63.33462465318282,64.0190658569336,2263000,0.0,0.0
2024-05-03 00:00:00-04:00,64.68475393171593,64.80664600469807,64.15032443262153,64.63787841796875,3193800,0.0,0.0
2024-05-06 00:00:00-04:00,65.16292882426134,65.56609543261501,64.85352039506864,65.46295928955078,1835900,0.0,0.0
2024-05-07 00:00:00-04:00,65.63173052508294,65.96926571147522,65.58484785624866,65.66923522949219,2081200,0.0,0.0
2024-05-08 00:00:00-04:00,64.55349336721535,64.89102855280085,64.42223047874221,64.71288299560547,1817500,0.0,0.0
2024-05-09 00:00:00-04:00,65.27544517162023,65.76299201196525,65.18167983595049,65.63172912597656,2214000,0.0,0.0
2024-05-10 00:00:00-04:00,66.10052830822228,66.16615975232575,65.41607997403665,65.4442138671875,2140000,0.0,0.0
2024-05-13 00:00:00-04:00,65.39733212053919,65.74424527471463,65.39733212053919,65.4817123413086,1725400,0.0,0.0
2024-05-14 00:00:00-04:00,65.63173223705357,65.70674164782865,65.19106089036391,65.34107971191406,2925700,0.0,0.0
2024-05-15 00:00:00-04:00,66.05364618155423,66.05364618155423,64.6847566552424,65.9411392211914,2576800,0.0,0.0
2024-05-16 00:00:00-04:00,66.64433228015751,67.50691897246034,66.39117732816808,67.42253875732422,4283200,0.0,0.0
2024-05-17 00:00:00-04:00,68.4351368217933,69.0539536767224,68.24762046451869,69.01644897460938,3545200,0.0,0.0
2024-05-20 00:00:00-04:00,68.74454921989651,68.99769703216792,68.47264547884001,68.8101806640625,3373900,0.0,0.0
2024-05-21 00:00:00-04:00,68.96957165372079,69.60713733247188,68.82893795151112,68.89456939697266,4017600,0.0,0.0
2024-05-22 00:00:00-04:00,68.38826618031894,68.51015110590006,67.33815590622798,67.71319580078125,3413700,0.0,0.0
2024-05-23 00:00:00-04:00,68.06009759981787,68.12573619410642,66.71934204132924,66.9631118774414,2580100,0.0,0.0
2024-05-24 00:00:00-04:00,67.64756129857669,67.78820214683965,67.23501671788287,67.36627960205078,1769300,0.0,0.0
2024-05-28 00:00:00-04:00,67.46941117434245,67.51629383834943,66.27866733344139,66.43805694580078,2478200,0.0,0.0
2024-05-29 00:00:00-04:00,65.54735406291438,65.60360754610775,65.07855596085935,65.1910629272461,2371800,0.0,0.0
2024-05-30 00:00:00-04:00,64.9191490535158,65.55671465909248,64.87227354258957,65.38794708251953,2409900,0.0,0.0
2024-05-31 00:00:00-04:00,65.7254867553711,65.86612760440163,64.98478496021497,65.7254867553711,1764200,0.0,0.0
2024-06-03 00:00:00-04:00,65.20981321667551,65.2566887308516,64.39410201447198,65.08792114257812,2100900,0.0,0.0
2024-06-04 00:00:00-04:00,64.00031229178181,64.13157517454991,63.63465038217199,64.04718780517578,2611800,0.0,0.0
2024-06-05 00:00:00-04:00,63.87842611586524,64.16908580021523,63.50339336093448,63.83155059814453,2125600,0.0,0.0
2024-06-06 00:00:00-04:00,63.98156135710807,64.94728427853738,63.8221717232062,64.88165283203125,1377000,0.0,0.0
2024-06-07 00:00:00-04:00,64.15032322024533,64.1784499586202,63.58776699287624,63.756534576416016,1775400,0.0,0.0
2024-06-10 00:00:00-04:00,63.597147618983314,64.18783060945366,63.44712880365005,63.990936279296875,1210800,0.0,0.0
2024-06-11 00:00:00-04:00,62.33139460795462,63.00645782078422,62.09699557267895,62.987709045410156,1962500,0.0,0.0
2024-06-12 00:00:00-04:00,63.906556974116775,64.00968596951897,62.73456178741385,62.893951416015625,2226400,0.0,0.0
2024-06-13 00:00:00-04:00,62.73456000579236,62.903320440725594,62.4907830109598,62.74393081665039,1818600,0.0,0.0
2024-06-14 00:00:00-04:00,61.88134393426447,62.4907828430631,61.74070308557391,62.359519958496094,1633300,0.0,0.0
2024-06-17 00:00:00-04:00,61.440677737495946,62.02198995569705,61.30003687707569,61.871971130371094,1797400,0.0,0.0
2024-06-18 00:00:00-04:00,61.70319572769605,62.35013931186456,61.66569102610609,62.125118255615234,1984400,0.0,0.0
2024-06-20 00:00:00-04:00,62.57516322842642,62.86582289071203,62.312637458587076,62.74393081665039,1823600,0.0,0.0
2024-06-21 00:00:00-04:00,61.909472652467905,62.293890507625136,61.89072387691213,62.256385803222656,1805800,0.0,0.0
2024-06-24 00:00:00-04:00,62.37827021140695,62.8564462469682,62.07823973196067,62.303260803222656,1681400,0.0,0.0
2024-06-25 00:00:00-04:00,62.49078474712587,62.668923151157045,62.19075426564656,62.368892669677734,1544000,0.0,0.0
2024-06-26 00:00:00-04:00,62.66892150026286,62.772057646175476,62.35952021581577,62.63142395019531,1368700,0.0,0.0
2024-06-27 00:00:00-04:00,61.88134541162392,62.0313642280196,61.412547340323734,61.71257781982422,2081200,0.0,0.0
2024-06-28 00:00:00-04:00,62.04073303914657,62.24700532839585,61.65632235278345,61.815711975097656,1756300,0.0,0.0
2024-07-01 00:00:00-04:00,62.24701021423637,62.743935048273485,61.993862391472796,62.26576614379883,1988700,0.0,0.0
2024-07-02 00:00:00-04:00,61.375043435665354,61.90009499330753,61.22503177060658,61.890724182128906,1718000,0.0,0.0
2024-07-03 00:00:00-04:00,63.47525723754661,64.15970558251563,63.44713049724354,63.66278076171875,2029400,0.0,0.0
2024-07-05 00:00:00-04:00,63.522134860039415,63.625271001817104,62.86582046080906,63.41899871826172,1950900,0.0,0.0
2024-07-08 00:00:00-04:00,62.97833251953126,63.175226855265066,62.57516588351695,62.97833251953125,1910800,0.0,0.0
2024-07-09 00:00:00-04:00,62.77205608013894,63.07208654622936,62.565790946750354,62.80018997192383,1784100,0.0,0.0
2024-07-10 00:00:00-04:00,62.72518397825656,63.372120458680044,62.60329190043155,63.27836227416992,1995300,0.0,0.0
2024-07-11 00:00:00-04:00,64.0471937169006,64.05657168176124,63.55026887865519,63.83155059814453,1673000,0.0,0.0
2024-07-12 00:00:00-04:00,63.99093939764079,64.57225160544887,63.962812656717865,64.24408721923828,1617300,0.0,0.0
2024-07-15 00:00:00-04:00,63.43775757598485,63.88779971244698,63.13771994728904,63.33462142944336,1936700,0.0,0.0
2024-07-16 00:00:00-04:00,60.95312872311587,62.209504151327586,60.62497149584348,62.18137741088867,4562100,0.0,0.0
2024-07-17 00:00:00-04:00,62.40639700194796,62.65017400209988,61.656324379367184,61.66569519042969,3407300,0.0,0.0
2024-07-18 00:00:00-04:00,61.72195498275009,61.759459686362035,60.19366871204919,60.353065490722656,3453600,0.0,0.0
2024-07-19 00:00:00-04:00,59.715497185332495,59.99677889013884,59.45297140926838,59.79988098144531,2312400,0.0,0.0
2024-07-22 00:00:00-04:00,59.85613953957584,60.146795639400665,59.73425103621117,59.99678039550781,2678500,0.0,0.0
2024-07-23 00:00:00-04:00,59.06855448850511,59.64048868359356,58.94666599365545,59.56547927856445,2702500,0.0,0.0
2024-07-24 00:00:00-04:00,60.01553122891525,60.15617208128721,59.499850487981696,59.52798080444336,3066000,0.0,0.0
2024-07-25 00:00:00-04:00,60.0905349712234,60.7374786161716,59.55610901826118,60.3155632019043,2484300,0.0,0.0
2024-07-26 00:00:00-04:00,61.06563525969477,61.36566574443925,60.57808840446913,61.000003814697266,2229500,0.0,0.0
2024-07-29 00:00:00-04:00,60.48432955253671,60.79373084509114,60.353066663988535,60.66246795654297,2285300,0.0,0.0
2024-07-30 00:00:00-04:00,59.55610489125846,59.83738300682705,59.33108025281641,59.56547927856445,3318000,0.0,0.0
2024-07-31 00:00:00-04:00,61.08439110898721,61.4875577429574,60.371816026165035,61.09376907348633,3822900,0.0,0.0
2024-08-01 00:00:00-04:00,60.774981817116576,61.15002170567817,59.359213212255185,59.52798080444336,3489200,0.0,0.0
2024-08-02 00:00:00-04:00,60.07178288867438,60.13741433068754,59.14356473640523,59.69674301147461,3892200,0.0,0.0
2024-08-05 00:00:00-04:00,58.45911599852796,59.38733772068645,58.234094935162176,59.040428161621094,4053700,0.0,0.0
2024-08-06 00:00:00-04:00,58.234096043499044,59.490474997246814,58.102833157929865,59.124813079833984,4396200,0.0,0.0
2024-08-07 00:00:00-04:00,59.17169377264785,59.32170901402287,58.47787104588494,58.637264251708984,3817800,0.0,0.0
2024-08-08 00:00:00-04:00,58.91854351311936,59.27483105946586,58.81540736207335,58.99354934692383,2487900,0.0,0.0
2024-08-09 00:00:00-04:00,59.246700246797765,59.63111453052574,58.646639274797565,59.293582916259766,2652500,0.0,0.0
2024-08-12 00:00:00-04:00,59.377963319401225,59.71549491437081,59.21857012096293,59.35921096801758,1919500,0.0,0.0
2024-08-13 00:00:00-04:00,59.321709490763986,59.828012275715665,59.23732569327204,59.77175521850586,1887500,0.0,0.0
2024-08-14 00:00:00-04:00,58.609130433560175,58.796650368237444,58.30909996873466,58.54349899291992,2904700,0.0,0.0
2024-08-15 00:00:00-04:00,59.25607500216609,59.29357970504631,58.74977224321913,58.83415603637695,3304400,0.0,0.0
2024-08-16 00:00:00-04:00,58.57365818770104,59.36480268717341,58.506121731438334,59.123600006103516,2820600,1.77,0.0
2024-08-19 00:00:00-04:00,60.155945648833494,60.70588745317739,60.08840919429728,60.2813720703125,2784100,0.0,0.0
2024-08-20 00:00:00-04:00,60.24277939491426,60.42609578527106,59.69283758476541,59.81826400756836,2242400,0.0,0.0
2024-08-21 00:00:00-04:00,61.275127605499364,61.35231423022153,60.898852011130906,61.15935134887695,2217400,0.0,0.0
2024-08-22 00:00:00-04:00,60.61905967504963,60.676945963108814,60.28137371270739,60.5322265625,1761500,0.0,0.0
2024-08-23 00:00:00-04:00,60.368206418933916,60.86026194689015,60.107707083038406,60.802371978759766,2847000,0.0,0.0
2024-08-26 00:00:00-04:00,61.55492418645247,62.13381283600684,61.33301815895126,61.47774124145508,2463500,0.0,0.0
2024-08-27 00:00:00-04:00,61.67070003277149,61.86366659512987,61.381257550155624,61.747886657714844,2399300,0.0,0.0
2024-08-28 00:00:00-04:00,60.62870766723409,60.88920701134651,60.445394949730215,60.783077239990234,2070700,0.0,0.0
2024-08-29 00:00:00-04:00,60.744483492154394,61.34266880270868,60.61906074550412,61.09181594848633,1473900,0.0,0.0
2024-08-30 00:00:00-04:00,60.7927224361793,61.043575286865234,60.435743496853306,61.043575286865234,2238200,0.0,0.0
2024-09-03 00:00:00-04:00,58.853453543290456,58.920989998821305,57.98512242866415,58.216678619384766,3715700,0.0,0.0
2024-09-04 00:00:00-04:00,58.01406862272372,58.448234175321566,57.93688199983488,57.9754753112793,2096500,0.0,0.0
2024-09-05 00:00:00-04:00,58.399992194065945,58.718381500959715,58.24562262478859,58.26491928100586,2035100,0.0,0.0
2024-09-06 00:00:00-04:00,57.97547768458631,58.071957286686136,57.26151611548053,57.608848571777344,3387700,0.0,0.0
2024-09-09 00:00:00-04:00,57.95617869401168,58.33245427969256,57.87899575153238,57.89828872680664,2379100,0.0,0.0
2024-09-10 00:00:00-04:00,57.714976402211484,57.714976402211484,57.309757670461,57.6667366027832,2092100,0.0,0.0
2024-09-11 00:00:00-04:00,58.602606059907416,59.15254788814239,58.081607376170844,59.05606460571289,2532200,0.0,0.0
2024-09-12 00:00:00-04:00,59.499877667132495,59.89545361107453,59.36480474991373,59.7314338684082,2783000,0.0,0.0
2024-09-13 00:00:00-04:00,60.41644774302594,60.580467483302925,60.28137482777485,60.34891128540039,2033900,0.0,0.0
2024-09-16 00:00:00-04:00,60.715539532000875,61.02427867115721,60.59011310657459,60.96638870239258,1845400,0.0,0.0
2024-09-17 00:00:00-04:00,61.26548265743508,61.34266928409719,60.570817739319814,60.70589065551758,1868300,0.0,0.0
2024-09-18 00:00:00-04:00,61.09181554088026,61.63211087828739,60.62870682901453,60.69624328613281,2078800,0.0,0.0
2024-09-19 00:00:00-04:00,63.19510312382619,63.19510312382619,62.36536530309764,62.8863639831543,5144600,0.0,0.0
2024-09-20 00:00:00-04:00,62.03733434489012,62.22064338248189,61.323372768467316,61.3330192565918,2044900,0.0,0.0
2024-09-23 00:00:00-04:00,61.51633165919295,62.336423003084406,61.45844536982101,62.30747985839844,2057000,0.0,0.0
2024-09-24 00:00:00-04:00,65.38522104638845,65.46240767272366,64.89317286557564,65.04753875732422,4128600,0.0,0.0
2024-09-25 00:00:00-04:00,65.54924509156035,65.56853806786688,65.18261229343896,65.28874206542969,3420200,0.0,0.0
2024-09-26 00:00:00-04:00,67.80689848649445,68.57875003261893,67.60428911184418,68.26036071777344,5285300,0.0,0.0
2024-09-27 00:00:00-04:00,68.57874951130141,68.94537494441653,68.49191271658462,68.72347259521484,2910600,0.0,0.0
2024-09-30 00:00:00-04:00,68.95502692494473,68.96467709370503,68.20247570192531,68.66558074951172,3347900,0.0,0.0
2024-10-01 00:00:00-04:00,68.36649102253983,68.65593719482422,67.72006958014958,68.65593719482422,3536300,0.0,0.0
2024-10-02 00:00:00-04:00,68.9743175455056,69.54355970816705,68.28930280536314,68.32789611816406,4744600,0.0,0.0
2024-10-03 00:00:00-04:00,67.33414075787081,67.72006651648333,67.17976751005716,67.37273406982422,2760800,0.0,0.0
2024-10-04 00:00:00-04:00,67.18942053380101,67.45956636803439,66.8903315546029,67.24730682373047,2064200,0.0,0.0
2024-10-07 00:00:00-04:00,66.99646163713747,67.37273724526604,66.84208838204783,67.17012786865234,2386000,0.0,0.0
2024-10-08 00:00:00-04:00,63.976595642046675,64.34322842179027,63.81257958843587,64.31428527832031,5638800,0.0,0.0
2024-10-09 00:00:00-04:00,63.26263893684211,64.09237674912441,62.98284294331234,64.01519012451172,4138900,0.0,0.0
2024-10-10 00:00:00-04:00,63.995897384992574,64.54583920577464,63.63891476553268,64.48794555664062,3352300,0.0,0.0
2024-10-11 00:00:00-04:00,64.45900120227896,65.00894301273554,64.43005805871623,64.86422729492188,3490000,0.0,0.0
2024-10-14 00:00:00-04:00,64.36251984283653,65.39486698022365,64.23709710385502,65.31768035888672,3928900,0.0,0.0
2024-10-15 00:00:00-04:00,64.17920993843359,64.46865611721572,63.95730758083311,64.13097381591797,4468500,0.0,0.0
2024-10-16 00:00:00-04:00,64.01519059653042,64.17920665435052,63.35911900432827,63.62926483154297,3566600,0.0,0.0
2024-10-17 00:00:00-04:00,62.37501450334095,62.838119526699785,61.882958975215764,62.79952621459961,3642800,0.0,0.0
2024-10-18 00:00:00-04:00,63.272287608374725,63.37841737447615,62.924955166755794,63.060028076171875,2429900,0.0,0.0
2024-10-21 00:00:00-04:00,63.069681524061075,63.15651095852045,62.41360991809891,62.66445541381836,2054400,0.0,0.0
2024-10-22 00:00:00-04:00,62.93460527758277,63.18545076002931,62.693402602284685,63.17580795288086,1746600,0.0,0.0
2024-10-23 00:00:00-04:00,62.13381265714447,62.33642202769786,61.902260142357974,62.22064208984375,2639000,0.0,0.0
2024-10-24 00:00:00-04:00,62.49078785595174,62.55832431273662,61.815423288102885,62.336421966552734,2969800,0.0,0.0
2024-10-25 00:00:00-04:00,63.07932108978062,63.53278329777683,62.82847560695328,62.98284149169922,2574200,0.0,0.0
2024-10-28 00:00:00-04:00,63.484547979181066,63.97659614387305,63.36876804347152,63.851173400878906,1706000,0.0,0.0
2024-10-29 00:00:00-04:00,64.43005789104475,64.63266725637817,64.18885521408761,64.23709869384766,1669500,0.0,0.0
2024-10-30 00:00:00-04:00,63.609971128501016,64.05378317684018,63.33017513610687,63.58102798461914,1856000,0.0,0.0
2024-10-31 00:00:00-04:00,63.06002960150145,63.1275660578431,62.23994195708949,62.6065673828125,1817200,0.0,0.0
2024-11-01 00:00:00-04:00,63.35911807886635,63.484548183185154,62.88636288814598,63.03108596801758,1807700,0.0,0.0
2024-11-04 00:00:00-05:00,63.04072920429951,63.465248278565774,62.712697091218615,62.722347259521484,1703200,0.0,0.0
2024-11-05 00:00:00-05:00,63.29158229227774,63.436305373679595,63.04072944190929,63.19510269165039,1490900,0.0,0.0
2024-11-06 00:00:00-05:00,62.133811705919626,63.243345503706365,62.09521839389243,63.03108596801758,2931000,0.0,0.0
2024-11-07 00:00:00-05:00,65.30803895171074,65.78079413592005,65.04753593934535,65.09577941894531,4396100,0.0,0.0
2024-11-08 00:00:00-05:00,62.63550924354359,62.69340289130864,61.62245873871348,62.16275405883789,4747100,0.0,0.0
2024-11-11 00:00:00-05:00,60.918150639379576,61.004983754772596,60.21383922806332,60.397151947021484,3467400,0.0,0.0
2024-11-12 00:00:00-05:00,59.229729949516546,59.239380117845904,58.38069547911484,59.046417236328125,4297300,0.0,0.0
2024-11-13 00:00:00-05:00,58.76662002402259,58.82450999141622,58.18773507192936,58.48682403564453,2165800,0.0,0.0
2024-11-14 00:00:00-05:00,58.43858548625547,58.67978816819658,58.13949283568259,58.30351257324219,2433100,0.0,0.0
2024-11-15 00:00:00-05:00,58.84380620443366,59.14289516589828,58.59295336140962,58.83415603637695,3049000,0.0,0.0
2024-11-18 00:00:00-05:00,59.22972869534548,60.03052334852638,59.22972869534548,59.93404006958008,3107100,0.0,0.0
2024-11-19 00:00:00-05:00,59.69283988015888,60.30067168123478,59.57706362105996,60.23313522338867,2012400,0.0,0.0
2024-11-20 00:00:00-05:00,60.52257773243087,60.59011419030048,60.1366556418132,60.194541931152344,1336500,0.0,0.0
2024-11-21 00:00:00-05:00,60.11735685816692,60.47433579148454,59.818264212140335,60.36820602416992,1964100,0.0,0.0
2024-11-22 00:00:00-05:00,59.86650615073667,60.20419212066334,59.789323204770604,60.155948638916016,1870100,0.0,0.0
2024-11-25 00:00:00-05:00,61.05322116634829,61.13040779054735,60.59011246253636,60.76377868652344,2193800,0.0,0.0
2024-11-26 00:00:00-05:00,60.42609859145968,60.43574507960291,59.615657410372776,59.84720993041992,1765100,0.0,0.0
2024-11-27 00:00:00-05:00,59.808617097916475,60.387502047527754,59.741076962683096,60.12700271606445,1712500,0.0,0.0
2024-11-29 00:00:00-05:00,60.11735936423098,60.696244344037595,59.93404296560549,60.62870788574219,1074600,0.0,0.0
2024-12-02 00:00:00-05:00,61.11111174348202,61.19794485634087,60.541873265954216,61.043575286865234,3015500,0.0,0.0
2024-12-03 00:00:00-05:00,61.76717926031678,61.89260936532235,61.20759095470169,61.27512741088867,5094300,0.0,0.0
2024-12-04 00:00:00-05:00,61.36196071808138,61.554923599425955,61.08216840461563,61.15935134887695,2520000,0.0,0.0
2024-12-05 00:00:00-05:00,61.410205021594386,61.72859065168725,60.985685940856044,61.2847785949707,2181200,0.0,0.0
2024-12-06 00:00:00-05:00,61.207592903767505,61.207592903767505,59.82791323122393,59.92439651489258,2715100,0.0,0.0
2024-12-09 00:00:00-05:00,63.040729264877164,63.59067844484419,62.59691721450036,62.6065673828125,5649100,0.0,0.0
2024-12-10 00:00:00-05:00,62.85742129380341,62.944250727313765,62.47149552493989,62.539031982421875,2674200,0.0,0.0
2024-12-11 00:00:00-05:00,62.529381731195045,62.82847806615239,62.29782921455209,62.69340515136719,1895500,0.0,0.0
2024-12-12 00:00:00-05:00,61.622461945414535,61.73824188604805,60.9953371623906,61.21724319458008,8124600,0.0,0.0
2024-12-13 00:00:00-05:00,60.46468607144187,60.474336239702424,59.644598431413755,60.0208740234375,3231800,0.0,0.0
2024-12-16 00:00:00-05:00,59.57706415697025,59.712137073877486,59.08501229102805,59.104305267333984,2879700,0.0,0.0
2024-12-17 00:00:00-05:00,58.68943979020335,59.53847060173379,58.64119630825152,59.29726791381836,3091300,0.0,0.0
2024-12-18 00:00:00-05:00,58.55436222262539,58.76662176221947,57.10714611912586,57.251869201660156,3535500,0.0,0.0
2024-12-19 00:00:00-05:00,57.39659211077126,57.54131151240742,56.605443923891286,56.663333892822266,3301500,0.0,0.0
2024-12-20 00:00:00-05:00,56.31600060333758,57.10714509800077,56.2870574595326,56.576499938964844,3223100,0.0,0.0
2024-12-23 00:00:00-05:00,56.557205360309375,57.23257362409837,56.47037224524421,57.1457405090332,1940200,0.0,0.0
2024-12-24 00:00:00-05:00,57.165034385435845,57.20362769702352,56.91418522103751,57.11679458618164,708500,0.0,0.0
2024-12-26 00:00:00-05:00,56.93347905524432,57.28081150385154,56.87559276745033,57.165035247802734,1398700,0.0,0.0
2024-12-27 00:00:00-05:00,56.94312947739794,57.20362881501479,56.75981676446497,56.93347930908203,2198300,0.0,0.0
2024-12-30 00:00:00-05:00,56.80805526472903,56.82735192045843,56.344946568605515,56.52825927734375,2470600,0.0,0.0
2024-12-31 00:00:00-05:00,56.7115736526198,57.03960944873794,56.62474053951615,56.74052047729492,1780500,0.0,0.0
2025-01-02 00:00:00-05:00,56.83700009872146,57.309758977002375,56.56685427139573,56.701927185058594,1782200,0.0,0.0
2025-01-03 00:00:00-05:00,56.69227621451053,56.71157287054088,56.1423343992583,56.537906646728516,2289400,0.0,0.0
2025-01-06 00:00:00-05:00,56.682632026062265,57.126444091381224,56.287059762545624,56.325653076171875,3058800,0.0,0.0
2025-01-07 00:00:00-05:00,56.53790622892198,56.75016576322649,55.99761458590802,56.142333984375,2345800,0.0,0.0
2025-01-08 00:00:00-05:00,55.89148434112334,56.644035512010724,55.81429771823194,56.56685256958008,6192000,0.0,0.0
2025-01-10 00:00:00-05:00,57.49307062128663,57.53166393317521,56.62473950609742,56.76946258544922,2923100,0.0,0.0
2025-01-13 00:00:00-05:00,56.80805503566949,57.64743931398003,56.71157175741149,57.425533294677734,2683700,0.0,0.0
2025-01-14 00:00:00-05:00,58.04301237690378,58.38069465444424,57.71497658709556,58.255271911621094,2735000,0.0,0.0
2025-01-15 00:00:00-05:00,58.91134331605112,58.940286459622584,58.14914197134261,58.332454681396484,2523000,0.0,0.0
2025-01-16 00:00:00-05:00,58.19738367184016,59.09465795647328,56.48966821658554,57.68603515625,10552800,0.0,0.0
2025-01-17 00:00:00-05:00,58.79556633883722,59.615657692408064,58.54471716085591,58.94993591308594,4698300,0.0,0.0
2025-01-21 00:00:00-05:00,59.86650510006099,59.876155268425464,59.38409973474146,59.55776596069336,3768900,0.0,0.0
2025-01-22 00:00:00-05:00,59.48058284029633,59.59635909710182,58.96923065185547,58.96923065185547,2877300,0.0,0.0
2025-01-23 00:00:00-05:00,58.949933508793315,59.48058234906275,58.728027484890106,59.39374923706055,2816900,0.0,0.0
2025-01-24 00:00:00-05:00,60.17524378622265,60.29102372295917,59.77002504902734,59.90509796142578,3056500,0.0,0.0
2025-01-27 00:00:00-05:00,59.200786767370786,59.81826504346182,58.94993391742078,59.78932189941406,2914000,0.0,0.0
2025-01-28 00:00:00-05:00,58.65084480449832,58.82451102928251,57.60884745579318,57.79216384887695,5132600,0.0,0.0
2025-01-29 00:00:00-05:00,57.850052277164714,58.187738251388026,57.39659372274969,57.618499755859375,3243900,0.0,0.0
2025-01-30 00:00:00-05:00,58.39999153293033,59.00782331528038,58.03336611033514,58.76662063598633,3012700,0.0,0.0
2025-01-31 00:00:00-05:00,58.496477379311244,58.969232590410506,57.99477534271338,58.284217834472656,2750900,0.0,0.0
2025-02-03 00:00:00-05:00,57.30010733041251,58.226324726315845,57.25186753112894,57.743919372558594,2620800,0.0,0.0
2025-02-04 00:00:00-05:00,58.274569390717865,59.239380117845904,58.100903165397945,59.046417236328125,2890600,0.0,0.0
2025-02-05 00:00:00-05:00,59.28762058562142,59.47093330087373,59.03676773268574,59.21043395996094,1928700,0.0,0.0
2025-02-06 00:00:00-05:00,60.59011443170021,60.734837516546506,59.95333948320618,60.00157928466797,2763600,0.0,0.0
2025-02-07 00:00:00-05:00,60.5611716873236,60.81202086485998,59.73143384703556,59.77002716064453,2630000,0.0,0.0
2025-02-10 00:00:00-05:00,59.943691059811194,60.23313353969819,59.808618147894656,60.05946731567383,1500400,0.0,0.0
2025-02-11 00:00:00-05:00,58.949934343138025,59.55776613575632,58.75697514081172,59.48058319091797,2095600,0.0,0.0
2025-02-12 00:00:00-05:00,59.70248773350541,60.4453924214647,59.57706131074325,59.85685729980469,1808100,0.0,0.0
2025-02-13 00:00:00-05:00,60.2234820675371,61.275125876710554,60.117355982229576,61.062870025634766,3440200,0.0,0.0
2025-02-14 00:00:00-05:00,62.375015982001784,62.45220260803192,61.07251927120006,61.130409240722656,3857300,0.0,0.0
2025-02-18 00:00:00-05:00,61.67070170801041,62.008384000158344,61.37161272938252,61.92155456542969,2241300,0.0,0.0
2025-02-19 00:00:00-05:00,60.78307750163094,61.18829625168723,59.08501219400407,60.55152130126953,4512500,0.0,0.0
2025-02-20 00:00:00-05:00,61.86366719914191,62.461845145989,61.516331063966426,62.02768325805664,3206300,0.0,0.0
2025-02-21 00:00:00-05:00,62.220643403985484,62.220643403985484,61.04357678796186,61.29442596435547,2259600,0.0,0.0
2025-02-24 00:00:00-05:00,61.11111152585692,61.2075911262628,60.44539344995038,60.5322265625,2506400,0.0,0.0
2025-02-25 00:00:00-05:00,60.136656058502645,60.165599203372764,59.18149179271827,59.92439651489258,4863200,0.0,0.0
2025-02-26 00:00:00-05:00,59.54812070674204,59.90509965394675,59.34550765195906,59.413047790527344,2415400,0.0,0.0
2025-02-27 00:00:00-05:00,59.15254663038736,59.15254663038736,58.55436133342636,58.57365798950195,2998000,0.0,0.0
2025-02-28 00:00:00-05:00,58.14914382104237,58.544716077765344,57.90794113571225,58.42893981933594,3238600,0.0,0.0
2025-03-03 00:00:00-05:00,59.90509930966587,60.059468881661346,58.52541964975469,58.901695251464844,3714500,0.0,0.0
2025-03-04 00:00:00-05:00,59.58671036726691,60.869910432823886,59.05606519026537,60.00157928466797,3587800,0.0,0.0
2025-03-05 00:00:00-05:00,60.83131511007052,61.61281311759616,60.7155388542944,61.506683349609375,3956500,0.0,0.0
2025-03-06 00:00:00-05:00,61.96014431063296,62.162753674253345,61.28477608477097,61.68999481201172,3248800,0.0,0.0
2025-03-07 00:00:00-05:00,61.29999923706055,62.91999816894531,61.189998626708984,62.310001373291016,4776500,2.25,0.0
2025-03-10 00:00:00-04:00,62.0,62.689998626708984,61.54999923706055,62.209999084472656,3434500,0.0,0.0
2025-03-11 00:00:00-04:00,62.130001068115234,62.41999816894531,61.310001373291016,61.849998474121094,3640700,0.0,0.0
2025-03-12 00:00:00-04:00,61.33000183105469,61.349998474121094,60.5099983215332,60.779998779296875,3379400,0.0,0.0
2025-03-13 00:00:00-04:00,60.56999969482422,61.58000183105469,60.5,61.20000076293945,2587900,0.0,0.0
2025-03-14 00:00:00-04:00,62.38999938964844,63.119998931884766,62.08000183105469,63.040000915527344,2726800,0.0,0.0
2025-03-17 00:00:00-04:00,63.43000030517578,63.790000915527344,63.38999938964844,63.470001220703125,4051400,0.0,0.0
2025-03-18 00:00:00-04:00,64.0,64.2300033569336,63.25,64.13999938964844,3030300,0.0,0.0
2025-03-19 00:00:00-04:00,63.56999969482422,64.05999755859375,63.369998931884766,63.86000061035156,1669300,0.0,0.0
2025-03-20 00:00:00-04:00,62.7400016784668,63.349998474121094,62.63999938964844,62.91999816894531,2351900,0.0,0.0
2025-03-21 00:00:00-04:00,61.689998626708984,62.029998779296875,61.400001525878906,61.9900016784668,3704000,0.0,0.0
2025-03-24 00:00:00-04:00,62.88999938964844,63.20000076293945,62.099998474121094,62.16999816894531,2026100,0.0,0.0
2025-03-25 00:00:00-04:00,62.91999816894531,63.310001373291016,62.779998779296875,62.810001373291016,1866500,0.0,0.0
2025-03-26 00:00:00-04:00,63.040000915527344,63.060001373291016,62.5099983215332,62.869998931884766,1862600,0.0,0.0
2025-03-27 00:00:00-04:00,62.29999923706055,62.599998474121094,62.040000915527344,62.34000015258789,1888300,0.0,0.0
2025-03-28 00:00:00-04:00,61.97999954223633,62.11000061035156,60.86000061035156,61.029998779296875,4251700,0.0,0.0
2025-03-31 00:00:00-04:00,59.09000015258789,60.220001220703125,58.66999816894531,60.08000183105469,4722600,0.0,0.0
2025-04-01 00:00:00-04:00,60.36000061035156,60.45000076293945,59.880001068115234,60.22999954223633,2471200,0.0,0.0
2025-04-02 00:00:00-04:00,59.9900016784668,60.04999923706055,59.34000015258789,59.900001525878906,2401200,0.0,0.0
2025-04-03 00:00:00-04:00,58.59000015258789,59.380001068115234,58.40999984741211,58.43000030517578,4258400,0.0,0.0
2025-04-04 00:00:00-04:00,56.09000015258789,56.38999938964844,53.959999084472656,54.66999816894531,8787400,0.0,0.0
2025-04-07 00:00:00-04:00,53.93000030517578,56.540000915527344,53.45000076293945,54.560001373291016,5487200,0.0,0.0
2025-04-08 00:00:00-04:00,55.400001525878906,55.52000045776367,51.66999816894531,52.31999969482422,5304100,0.0,0.0
2025-04-09 00:00:00-04:00,52.779998779296875,56.029998779296875,52.27000045776367,55.61000061035156,6264700,0.0,0.0
2025-04-10 00:00:00-04:00,55.209999084472656,55.380001068115234,53.7400016784668,54.869998931884766,4408100,0.0,0.0
2025-04-11 00:00:00-04:00,55.79999923706055,57.349998474121094,55.77000045776367,56.86000061035156,3932100,0.0,0.0
2025-04-14 00:00:00-04:00,57.150001525878906,57.65999984741211,56.619998931884766,57.0099983215332,3003700,0.0,0.0
2025-04-15 00:00:00-04:00,57.400001525878906,57.72999954223633,57.08000183105469,57.2599983215332,2885200,0.0,0.0
2025-04-16 00:00:00-04:00,57.150001525878906,57.650001525878906,56.77000045776367,57.15999984741211,2896900,0.0,0.0
2025-04-17 00:00:00-04:00,58.09000015258789,58.709999084472656,57.939998626708984,58.16999816894531,2747500,0.0,0.0
2025-04-21 00:00:00-04:00,58.439998626708984,58.54999923706055,57.86000061035156,58.470001220703125,1859000,0.0,0.0
2025-04-22 00:00:00-04:00,59.41999816894531,60.08000183105469,59.209999084472656,59.619998931884766,2347700,0.0,0.0
2025-04-23 00:00:00-04:00,61.060001373291016,61.880001068115234,60.15999984741211,60.20000076293945,3825300,0.0,0.0
2025-04-24 00:00:00-04:00,60.83000183105469,61.84000015258789,60.72999954223633,61.689998626708984,4015700,0.0,0.0
2025-04-25 00:00:00-04:00,61.15999984741211,61.18000030517578,60.41999816894531,60.560001373291016,2695100,0.0,0.0
2025-04-28 00:00:00-04:00,60.540000915527344,60.970001220703125,60.459999084472656,60.869998931884766,1795300,0.0,0.0
2025-04-29 00:00:00-04:00,61.5,61.58000183105469,60.84000015258789,60.880001068115234,2033400,0.0,0.0
2025-04-30 00:00:00-04:00,58.689998626708984,59.5099983215332,58.459999084472656,59.400001525878906,3442200,0.0,0.0
2025-05-01 00:00:00-04:00,59.599998474121094,59.650001525878906,58.4900016784668,58.54999923706055,2299300,0.0,0.0
2025-05-02 00:00:00-04:00,59.970001220703125,60.13999938964844,59.529998779296875,59.70000076293945,2176700,0.0,0.0
2025-05-05 00:00:00-04:00,60.0,60.09000015258789,59.380001068115234,59.56999969482422,1505500,0.0,0.0
2025-05-06 00:00:00-04:00,60.130001068115234,60.18000030517578,59.66999816894531,59.79999923706055,2039000,0.0,0.0
2025-05-07 00:00:00-04:00,60.16999816894531,60.970001220703125,59.7400016784668,60.02000045776367,3176100,0.0,0.0
2025-05-08 00:00:00-04:00,59.56999969482422,59.61000061035156,58.9900016784668,59.18000030517578,2649200,0.0,0.0
2025-05-09 00:00:00-04:00,59.689998626708984,60.040000915527344,59.439998626708984,59.97999954223633,1262200,0.0,0.0
2025-05-12 00:00:00-04:00,62.02000045776367,62.279998779296875,61.20000076293945,61.40999984741211,2801400,0.0,0.0
2025-05-13 00:00:00-04:00,61.95000076293945,62.5,61.779998779296875,62.27000045776367,2407600,0.0,0.0
2025-05-14 00:00:00-04:00,62.619998931884766,62.630001068115234,61.95000076293945,62.029998779296875,1844500,0.0,0.0
2025-05-15 00:00:00-04:00,62.41999816894531,62.79999923706055,61.939998626708984,62.75,3037900,0.0,0.0
2025-05-16 00:00:00-04:00,61.849998474121094,62.66999816894531,61.72999954223633,62.63999938964844,2615600,0.0,0.0
2025-05-19 00:00:00-04:00,61.34000015258789,62.40999984741211,61.29999923706055,62.38999938964844,2408900,0.0,0.0
2025-05-20 00:00:00-04:00,62.439998626708984,62.650001525878906,62.08000183105469,62.2400016784668,2127900,0.0,0.0
2025-05-21 00:00:00-04:00,62.439998626708984,62.650001525878906,61.970001220703125,61.97999954223633,2145300,0.0,0.0
2025-05-22 00:00:00-04:00,61.84000015258789,61.880001068115234,61.11000061035156,61.119998931884766,4872900,0.0,0.0
2025-05-23 00:00:00-04:00,61.16999816894531,61.72999954223633,60.88999938964844,61.58000183105469,4512000,0.0,0.0
2025-05-27 00:00:00-04:00,61.08000183105469,61.18000030517578,60.59000015258789,60.79999923706055,4492600,0.0,0.0
2025-05-28 00:00:00-04:00,60.27000045776367,60.290000915527344,59.7599983215332,59.95000076293945,4119000,0.0,0.0
2025-05-29 00:00:00-04:00,60.29999923706055,60.38999938964844,60.0,60.20000076293945,3400800,0.0,0.0
2025-05-30 00:00:00-04:00,59.79999923706055,59.79999923706055,58.959999084472656,59.43000030517578,6656500,0.0,0.0
2025-06-02 00:00:00-04:00,59.40999984741211,59.63999938964844,59.060001373291016,59.58000183105469,4865400,0.0,0.0
2025-06-03 00:00:00-04:00,58.08000183105469,58.959999084472656,57.790000915527344,58.849998474121094,4297100,0.0,0.0
2025-06-04 00:00:00-04:00,59.08000183105469,59.33000183105469,58.529998779296875,58.54999923706055,2604200,0.0,0.0
2025-06-05 00:00:00-04:00,59.68000030517578,59.86000061035156,59.099998474121094,59.2400016784668,2653900,0.0,0.0
2025-06-06 00:00:00-04:00,59.189998626708984,59.33000183105469,58.709999084472656,59.029998779296875,2490700,0.0,0.0
2025-06-09 00:00:00-04:00,58.619998931884766,59.439998626708984,58.529998779296875,59.310001373291016,3007900,0.0,0.0
2025-06-10 00:00:00-04:00,59.130001068115234,59.529998779296875,59.040000915527344,59.470001220703125,2804500,0.0,0.0
2025-06-11 00:00:00-04:00,59.38999938964844,59.54999923706055,58.779998779296875,58.83000183105469,2685500,0.0,0.0
2025-06-12 00:00:00-04:00,58.380001068115234,58.720001220703125,58.040000915527344,58.68000030517578,2396900,0.0,0.0
2025-06-13 00:00:00-04:00,57.939998626708984,58.38999938964844,57.70000076293945,58.0,3491600,0.0,0.0
2025-06-16 00:00:00-04:00,58.439998626708984,58.86000061035156,58.209999084472656,58.310001373291016,3409500,0.0,0.0
2025-06-17 00:00:00-04:00,58.099998474121094,58.15999984741211,57.0,57.0099983215332,2878000,0.0,0.0
2025-06-18 00:00:00-04:00,57.150001525878906,57.279998779296875,56.869998931884766,56.939998626708984,2145000,0.0,0.0
2025-06-20 00:00:00-04:00,56.400001525878906,56.5099983215332,55.720001220703125,55.88999938964844,4665700,0.0,0.0
2025-06-23 00:00:00-04:00,55.66999816894531,57.130001068115234,55.63999938964844,57.09000015258789,3183600,0.0,0.0
2025-06-24 00:00:00-04:00,57.119998931884766,57.470001220703125,57.09000015258789,57.189998626708984,3412900,0.0,0.0
2025-06-25 00:00:00-04:00,56.619998931884766,56.81999969482422,56.20000076293945,56.709999084472656,3272700,0.0,0.0
2025-06-26 00:00:00-04:00,57.900001525878906,58.90999984741211,57.79999923706055,58.58000183105469,4596400,0.0,0.0
2025-06-27 00:00:00-04:00,58.470001220703125,58.84000015258789,58.310001373291016,58.7400016784668,2769500,0.0,0.0
2025-06-30 00:00:00-04:00,58.220001220703125,58.41999816894531,57.880001068115234,58.33000183105469,2918000,0.0,0.0
2025-07-01 00:00:00-04:00,57.709999084472656,58.88999938964844,57.66999816894531,58.29999923706055,5378000,0.0,0.0
2025-07-02 00:00:00-04:00,58.959999084472656,60.20000076293945,58.77000045776367,60.18000030517578,7552500,0.0,0.0
2025-07-03 00:00:00-04:00,58.93000030517578,59.31999969482422,58.720001220703125,59.02000045776367,4409500,0.0,0.0
