Date,Open,High,Low,Close,Volume,Dividends,Stock Splits
2020-07-06 00:00:00+01:00,1532.87,1532.87,1474.9881901041665,1496.943359375,257673,0.0,0.0
2020-07-07 00:00:00+01:00,1476.9840315193965,1496.9432751885777,1445.0492416487068,1447.045166015625,93794,0.0,0.0
2020-07-08 00:00:00+01:00,1413.1145684745875,1444.390671776974,1401.1390212841247,1421.0982666015625,178703,0.0,0.0
2020-07-09 00:00:00+01:00,1417.4049633610857,1417.4049633610857,1361.5073028341696,1367.496337890625,119217,30.000002,0.0
2020-07-10 00:00:00+01:00,1355.5183244424868,1394.7565459143102,1342.7416670490538,1385.4635009765625,86530,0.0,0.0
2020-07-13 00:00:00+01:00,1405.4269888425254,1405.4269888425254,1372.507276738633,1375.4818115234375,55037,0.0,0.0
2020-07-14 00:00:00+01:00,1359.5109720299918,1377.4780773872162,1351.5255918712253,1363.503662109375,71705,0.0,0.0
2020-07-15 00:00:00+01:00,1379.4745107727506,1393.6684956706495,1337.5512622543313,1339.547607421875,100791,0.0,0.0
2020-07-16 00:00:00+01:00,1339.5476293506738,1356.1372530906501,1321.5805225486527,1333.55859375,154205,0.0,0.0
2020-07-17 00:00:00+01:00,1317.587855647833,1401.4343555526953,1317.587855647833,1393.448974609375,118751,0.0,0.0
2020-07-20 00:00:00+01:00,1381.4708324382689,1427.386770510639,1375.481797037525,1379.4744873046875,67511,0.0,0.0
2020-07-21 00:00:00+01:00,1387.4599609375,1433.3759020908274,1377.47823459982,1387.4599609375,63642,0.0,0.0
2020-07-22 00:00:00+01:00,1377.478171269446,1390.832750591204,1365.500100214929,1371.4891357421875,41458,0.0,0.0
2020-07-23 00:00:00+01:00,1379.4745652405397,1394.5669304291948,1363.503803269593,1391.45263671875,54298,0.0,0.0
2020-07-24 00:00:00+01:00,1369.49277605962,1407.4233339971313,1369.49277605962,1375.4818115234375,166195,0.0,0.0
2020-07-27 00:00:00+01:00,1327.5694794015785,1379.4744515285577,1325.2497517607437,1355.518310546875,57509,0.0,0.0
2020-07-28 00:00:00+01:00,1359.5109424192515,1373.485357392724,1327.5694224798858,1337.5511474609375,108219,0.0,0.0
2020-07-29 00:00:00+01:00,1323.576732487465,1349.5292174381996,1323.576732487465,1337.5511474609375,110311,0.0,0.0
2020-07-30 00:00:00+01:00,1335.5547365494003,1339.547426344765,1319.5839773679427,1321.580322265625,83732,0.0,0.0
2020-07-31 00:00:00+01:00,1321.5803874912547,1357.514597423041,1321.5803874912547,1337.5511474609375,118688,0.0,0.0
2020-08-03 00:00:00+01:00,1327.5691535564843,1356.5411288146295,1324.6096068163367,1345.5362548828125,87769,0.0,0.0
2020-08-04 00:00:00+01:00,1345.5364539144985,1351.525488575839,1321.5803152691365,1323.57666015625,104364,0.0,0.0
2020-08-05 00:00:00+01:00,1327.5697021484375,1337.5514292322603,1322.5688471316619,1327.5697021484375,52794,0.0,0.0
2020-08-06 00:00:00+01:00,1325.5730774836754,1357.514597423041,1320.6021979386683,1337.5511474609375,47154,0.0,0.0
2020-08-07 00:00:00+01:00,1337.5511142973266,1381.470703125,1331.5620794571892,1381.470703125,56167,0.0,0.0
2020-08-10 00:00:00+01:00,1387.4598031180246,1412.9780251110026,1373.9844740949359,1397.4415283203125,41430,0.0,0.0
2020-08-11 00:00:00+01:00,1401.4343778102518,1412.1347592009056,1387.4599609375,1387.4599609375,46831,0.0,0.0
2020-08-12 00:00:00+01:00,1387.4599939154768,1415.4088283252852,1370.1517141517752,1411.4161376953125,195104,0.0,0.0
2020-08-13 00:00:00+01:00,1399.43787336077,1419.401323765346,1397.4415283203125,1397.4415283203125,37322,0.0,0.0
2020-08-14 00:00:00+01:00,1395.4454047038917,1409.419822204503,1387.460023274971,1403.4307861328125,42723,0.0,0.0
2020-08-17 00:00:00+01:00,1387.4600012241613,1417.405181106697,1363.5038573181325,1409.4197998046875,214711,0.0,0.0
2020-08-18 00:00:00+01:00,1371.4891269115692,1429.3831366356383,1371.4891269115692,1407.42333984375,240308,0.0,0.0
2020-08-19 00:00:00+01:00,1397.4415283203125,1409.4195985630581,1381.4707679966518,1397.4415283203125,33415,0.0,0.0
2020-08-20 00:00:00+01:00,1369.4926334447255,1415.328757286244,1369.4926334447255,1381.470703125,44639,0.0,0.0
2020-08-21 00:00:00+01:00,1385.463600979645,1399.5777764931386,1373.4855295014347,1391.45263671875,53562,0.0,0.0
2020-08-24 00:00:00+01:00,1367.4963737936582,1437.3684512867649,1367.4963737936582,1425.390380859375,92460,0.0,0.0
2020-08-25 00:00:00+01:00,1431.3794986291114,1431.3794986291114,1349.5293459878371,1369.4927978515625,33964,0.0,0.0
2020-08-26 00:00:00+01:00,1375.481797037525,1383.4671775718502,1353.5220005681306,1379.4744873046875,43322,0.0,0.0
2020-08-27 00:00:00+01:00,1377.47823459982,1397.44168727518,1371.089905374256,1387.4599609375,56777,0.0,0.0
2020-08-28 00:00:00+01:00,1381.4708689697977,1408.5213218756976,1357.5147267333273,1369.4927978515625,51201,0.0,0.0
2020-09-01 00:00:00+01:00,1377.4781064467506,1379.4744515285577,1351.5256203832612,1355.518310546875,74487,0.0,0.0
2020-09-02 00:00:00+01:00,1365.500199558424,1385.4636527683424,1354.3207144997689,1377.478271484375,39037,0.0,0.0
2020-09-03 00:00:00+01:00,1369.4930189566307,1375.4820554826802,1341.5441818350669,1343.54052734375,44985,0.0,0.0
2020-09-04 00:00:00+01:00,1341.5441200657895,1349.5295017328476,1307.122148838897,1327.5697021484375,49973,0.0,0.0
2020-09-07 00:00:00+01:00,1333.558408390648,1359.5108923862745,1329.3761242641745,1351.5255126953125,39611,0.0,0.0
2020-09-08 00:00:00+01:00,1351.5256060853753,1361.5073313888124,1319.5840851143769,1359.510986328125,75171,0.0,0.0
2020-09-09 00:00:00+01:00,1363.5036764494998,1373.485401752937,1349.529261024688,1359.510986328125,38600,0.0,0.0
2020-09-10 00:00:00+01:00,1355.5183322161613,1375.4817833533655,1339.547571306398,1349.529296875,30836,0.0,0.0
2020-09-11 00:00:00+01:00,1341.5438374533583,1359.5109424192515,1335.5548024647271,1337.5511474609375,29515,0.0,0.0
2020-09-14 00:00:00+01:00,1315.5913178168403,1353.5218717447917,1307.6059380425347,1347.5328369140625,33412,0.0,0.0
2020-09-15 00:00:00+01:00,1355.5186003958488,1355.5186003958488,1337.5514908177006,1343.54052734375,35264,0.0,0.0
2020-09-16 00:00:00+01:00,1329.566108782968,1351.5259093784825,1309.6026536961367,1343.54052734375,61354,0.0,0.0
2020-09-17 00:00:00+01:00,1325.573026160038,1353.5218550248578,1307.6059218897963,1317.587646484375,84356,0.0,0.0
2020-09-18 00:00:00+01:00,1299.620521510888,1357.5145232371794,1272.6698655348557,1323.57666015625,282417,0.0,0.0
2020-09-21 00:00:00+01:00,1317.587597802661,1337.5510462542165,1305.6095287317278,1331.56201171875,181685,0.0,0.0
2020-09-22 00:00:00+01:00,1301.617211730498,1351.5258471496122,1301.617211730498,1327.5697021484375,80408,0.0,0.0
2020-09-23 00:00:00+01:00,1333.558596000144,1337.5762650918234,1299.6207275390625,1299.6207275390625,54895,0.0,0.0
2020-09-24 00:00:00+01:00,1281.6537575628524,1343.540465482554,1269.7964356914163,1327.5697021484375,90483,0.0,0.0
2020-09-25 00:00:00+01:00,1315.5913298071885,1335.5547794248998,1299.620570113019,1309.602294921875,25020,0.0,0.0
2020-09-28 00:00:00+01:00,1331.5619444781985,1339.367598815814,1270.7982013221938,1315.5911865234375,25897,0.0,0.0
2020-09-29 00:00:00+01:00,1295.6279440265166,1319.5840847481163,1283.6498736657168,1291.63525390625,211447,0.0,0.0
2020-09-30 00:00:00+01:00,1281.6536185441616,1343.5403197511228,1281.6536185441616,1333.55859375,93960,0.0,0.0
2020-10-01 00:00:00+01:00,1337.5512342829834,1339.5475794087788,1295.6279866412779,1313.5950927734375,59305,0.0,0.0
2020-10-02 00:00:00+01:00,1297.6240838243314,1317.5875312677827,1293.631394335641,1315.5911865234375,122163,0.0,0.0
2020-10-05 00:00:00+01:00,1323.576869982179,1323.576869982179,1283.6499659103183,1299.6207275390625,59040,0.0,0.0
2020-10-06 00:00:00+01:00,1345.5364753491951,1361.5072347005207,1307.6059218897963,1317.587646484375,28570,0.0,0.0
2020-10-07 00:00:00+01:00,1297.624404342086,1325.5732376663773,1288.7915758137694,1293.6317138671875,57182,0.0,0.0
2020-10-08 00:00:00+01:00,1267.679023511482,1329.5657159978693,1267.679023511482,1317.587646484375,128307,0.0,0.0
2020-10-09 00:00:00+01:00,1311.598662510203,1339.5474924571479,1304.1882795979395,1337.5511474609375,111070,0.0,0.0
2020-10-12 00:00:00+01:00,1299.6205283911206,1345.5364610378115,1292.4226474010827,1321.580322265625,53713,0.0,0.0
2020-10-13 00:00:00+01:00,1337.551175486325,1383.467111361229,1295.2207162404097,1295.6279296875,64590,0.0,0.0
2020-10-14 00:00:00+01:00,1297.62398989146,1313.594746690124,1286.863663255031,1307.605712890625,34418,0.0,0.0
2020-10-15 00:00:00+01:00,1289.6388945733822,1299.6206197635786,1274.8160570353866,1295.6279296875,71196,0.0,0.0
2020-10-16 00:00:00+01:00,1291.635368629738,1301.617094816985,1279.657297205042,1293.6317138671875,147153,0.0,0.0
2020-10-19 00:00:00+01:00,1301.6169792069165,1317.587739687983,1279.6571835454502,1291.63525390625,57508,0.0,0.0
2020-10-20 00:00:00+01:00,1287.6426070714704,1301.4372982879324,1264.0607802559173,1279.6572265625,30286,0.0,0.0
2020-10-21 00:00:00+01:00,1283.6502685546875,1283.6502685546875,1269.6758488348075,1283.6502685546875,82908,0.0,0.0
2020-10-22 00:00:00+01:00,1311.5988359480818,1311.5988359480818,1254.9136699189319,1289.6390380859375,60085,0.0,0.0
2020-10-23 00:00:00+01:00,1297.6241834934383,1347.5328059354938,1291.6351488003918,1321.580322265625,61331,0.0,0.0
2020-10-26 00:00:00+00:00,1303.6131838865724,1349.5291153251499,1293.6314596607947,1331.56201171875,48828,0.0,0.0
2020-10-27 00:00:00+00:00,1317.5878321482037,1335.5549389502246,1317.5878321482037,1333.55859375,39846,0.0,0.0
2020-10-28 00:00:00+00:00,1309.602225272147,1343.5400878173095,1309.602225272147,1329.565673828125,52477,0.0,0.0
2020-10-29 00:00:00+00:00,1299.6208663137336,1345.5368108993184,1299.6208663137336,1327.5697021484375,102675,0.0,0.0
2020-10-30 00:00:00+00:00,1309.6025933975563,1355.5185379831414,1304.9750783683885,1327.5697021484375,85985,0.0,0.0
2020-11-02 00:00:00+00:00,1335.5547794248998,1335.5547794248998,1308.7798261418484,1309.602294921875,48004,0.0,0.0
2020-11-03 00:00:00+00:00,1321.580322265625,1335.5547365494003,1314.353563483793,1321.580322265625,36808,0.0,0.0
2020-11-04 00:00:00+00:00,1295.62780450595,1341.5437359445277,1295.62780450595,1331.56201171875,43634,0.0,0.0
2020-11-05 00:00:00+00:00,1339.547419253158,1357.5145232371794,1311.598590833569,1323.57666015625,314851,0.0,0.0
2020-11-06 00:00:00+00:00,1347.5328784778806,1347.5328784778806,1289.6388733284605,1301.616943359375,43877,0.0,0.0
2020-11-09 00:00:00+00:00,1335.5545319237413,1359.5106670255125,1303.613018454713,1345.5362548828125,68265,0.0,0.0
2020-11-10 00:00:00+00:00,1377.4781806158912,1377.4781806158912,1335.554931640625,1335.554931640625,46445,0.0,0.0
2020-11-11 00:00:00+00:00,1379.4745652405397,1405.826346862051,1341.9931345010762,1391.45263671875,74072,0.0,0.0
2020-11-12 00:00:00+00:00,1425.3904243081302,1431.379459704383,1363.4239152732416,1413.412353515625,66689,0.0,0.0
2020-11-13 00:00:00+00:00,1379.4745018326491,1423.394095233978,1367.0423062473471,1375.4818115234375,52622,0.0,0.0
2020-11-16 00:00:00+00:00,1361.5073170696833,1393.4488377047492,1357.5146269903,1363.503662109375,116263,0.0,0.0
2020-11-17 00:00:00+00:00,1417.4051439845948,1433.3759061703367,1363.5038216077157,1419.4014892578125,361075,0.0,0.0
2020-11-18 00:00:00+00:00,1471.3063686644834,1471.3063686644834,1427.3468096760919,1445.3538818359375,74053,0.0,0.0
2020-11-19 00:00:00+00:00,1461.3245555893602,1467.3135906532511,1417.4049651208277,1435.3720703125,68207,0.0,0.0
2020-11-20 00:00:00+00:00,1447.3502782930723,1457.3320043502658,1431.3795166015625,1431.3795166015625,37918,0.0,0.0
2020-11-23 00:00:00+00:00,1441.3612403142029,1473.3027636452657,1431.3795142732458,1465.3173828125,120391,0.0,0.0
2020-11-24 00:00:00+00:00,1469.3099724264707,1481.2880428538604,1451.3428667853861,1459.3282470703125,63672,0.0,0.0
2020-11-25 00:00:00+00:00,1485.280718419594,1493.266098626151,1438.366609706072,1463.3209228515625,176184,0.0,0.0
2020-11-26 00:00:00+00:00,1491.5443872272638,1491.5443872272638,1427.6495808132445,1445.6199951171875,123285,27.000002,0.0
2020-11-27 00:00:00+00:00,1437.6333494777627,1481.56103515625,1417.666219623905,1481.56103515625,137603,0.0,0.0
2020-11-30 00:00:00+00:00,1477.5673520815124,1481.5607773574084,1425.6528234948646,1427.6495361328125,235901,0.0,0.0
2020-12-01 00:00:00+00:00,1433.639718914559,1454.9086577515864,1419.974228892249,1445.6199951171875,70845,0.0,0.0
2020-12-02 00:00:00+00:00,1443.6234995594052,1451.6103515625,1431.6432215547627,1451.6103515625,73123,0.0,0.0
2020-12-03 00:00:00+00:00,1437.6333841463415,1477.5676448170732,1425.653105945122,1473.57421875,93576,0.0,0.0
2020-12-04 00:00:00+00:00,1433.6399149220854,1485.5544522312416,1433.6399149220854,1483.5577392578125,92654,0.0,0.0
2020-12-07 00:00:00+00:00,1461.593863243946,1479.564279595306,1453.6070115322307,1463.590576171875,157529,0.0,0.0
2020-12-08 00:00:00+00:00,1505.52145791806,1505.52145791806,1442.8366920685676,1455.6036376953125,33934,0.0,0.0
2020-12-09 00:00:00+00:00,1479.5641914022312,1483.1982233388087,1453.6069248864026,1455.6036376953125,111127,0.0,0.0
2020-12-10 00:00:00+00:00,1497.5344784609922,1497.5344784609922,1413.6725476671766,1427.6495361328125,76311,0.0,0.0
2020-12-11 00:00:00+00:00,1431.6429388327676,1469.5804783555327,1415.669237981077,1461.5936279296875,195676,0.0,0.0
2020-12-14 00:00:00+00:00,1455.6036722185809,1493.5412164876523,1450.0129005949698,1475.57080078125,227382,0.0,0.0
2020-12-15 00:00:00+00:00,1489.54778194943,1497.8540537596252,1469.5806535050676,1477.5675048828125,81846,0.0,0.0
2020-12-16 00:00:00+00:00,1495.5379204827386,1507.518197549356,1461.5938021273228,1477.5675048828125,155259,0.0,0.0
2020-12-17 00:00:00+00:00,1489.54784273814,1493.5412685899848,1463.5905747011482,1491.5445556640625,62453,0.0,0.0
2020-12-18 00:00:00+00:00,1499.5312572976818,1511.5115336542544,1457.6002900496774,1469.58056640625,93127,0.0,0.0
2020-12-21 00:00:00+00:00,1427.6497955532152,1511.511741585712,1425.6530825524417,1451.6103515625,80733,0.0,0.0
2020-12-22 00:00:00+00:00,1431.6432215547627,1467.5840555686898,1431.522448691984,1451.6103515625,43790,0.0,0.0
2020-12-23 00:00:00+00:00,1413.6725253746158,1469.5804783555327,1413.6725253746158,1461.5936279296875,30643,0.0,0.0
2020-12-24 00:00:00+00:00,1459.5969840202542,1491.5443872272638,1445.6199951171875,1445.6199951171875,19227,0.0,0.0
2020-12-29 00:00:00+00:00,1487.5511055309687,1489.5478184242988,1441.626708984375,1441.626708984375,129670,0.0,0.0
2020-12-30 00:00:00+00:00,1451.610167948405,1471.5772954305012,1437.6331787109375,1437.6331787109375,42015,0.0,0.0
2020-12-31 00:00:00+00:00,1399.695661856041,1441.6266303281905,1399.695661856041,1431.64306640625,50497,0.0,0.0
2021-01-04 00:00:00+00:00,1445.6202214348743,1471.577490604285,1435.6366563697163,1449.6136474609375,83466,0.0,0.0
2021-01-05 00:00:00+00:00,1417.6660943260247,1455.6036376953125,1413.5528708144573,1455.6036376953125,79198,0.0,0.0
2021-01-06 00:00:00+00:00,1471.5773750687163,1475.57080078125,1445.6201079372463,1475.57080078125,252348,0.0,0.0
2021-01-07 00:00:00+00:00,1477.567408650992,1497.5345357949245,1461.5937069358463,1471.5772705078125,54445,0.0,0.0
2021-01-08 00:00:00+00:00,1493.541099927702,1497.5345253285782,1437.633144315435,1445.6199951171875,96564,0.0,0.0
2021-01-11 00:00:00+00:00,1477.567577308931,1477.567577308931,1427.6497537511968,1433.639892578125,79637,0.0,0.0
2021-01-12 00:00:00+00:00,1417.6662776968574,1433.6399822342867,1407.682712360964,1413.6728515625,54129,0.0,0.0
2021-01-13 00:00:00+00:00,1439.6299792652399,1442.2017951646217,1387.7154446454115,1417.6661376953125,135612,0.0,0.0
2021-01-14 00:00:00+00:00,1451.610229841459,1451.610229841459,1391.7088448411234,1395.7022705078125,128477,0.0,0.0
2021-01-15 00:00:00+00:00,1371.7417859575683,1394.6540181323476,1369.7450730231321,1379.7286376953125,87617,0.0,0.0
2021-01-18 00:00:00+00:00,1413.672873436371,1417.666299632519,1367.7484721806698,1381.7254638671875,86209,0.0,0.0
2021-01-19 00:00:00+00:00,1381.7254131830227,1389.7122652823466,1357.7648568850511,1365.751708984375,48449,0.0,0.0
2021-01-20 00:00:00+00:00,1359.7615699098822,1391.7089783071774,1343.7878657112344,1365.751708984375,182090,0.0,0.0
2021-01-21 00:00:00+00:00,1365.751639847207,1391.7089078559989,1341.791084762168,1353.7713623046875,68747,0.0,0.0
2021-01-22 00:00:00+00:00,1371.7419064073677,1381.725471956184,1321.824078663286,1325.8175048828125,74909,0.0,0.0
2021-01-25 00:00:00+00:00,1325.8172702986521,1359.761387158708,1301.8567172209657,1351.7745361328125,66257,0.0,0.0
2021-01-26 00:00:00+00:00,1333.8042856852212,1355.768128712972,1327.8141466776528,1341.7911376953125,52308,0.0,0.0
2021-01-27 00:00:00+00:00,1365.7517670780778,1365.7517670780778,1323.8207917730492,1325.8175048828125,58362,0.0,0.0
2021-01-28 00:00:00+00:00,1303.8534806946823,1329.8107475385275,1297.8633421922566,1311.84033203125,63484,0.0,0.0
2021-01-29 00:00:00+00:00,1297.8633857212185,1315.8338018312045,1291.8732470178898,1301.8568115234375,79287,0.0,0.0
2021-02-01 00:00:00+00:00,1327.8140079273896,1327.8140079273896,1283.8863264621227,1289.87646484375,71825,0.0,0.0
2021-02-02 00:00:00+00:00,1291.8732470178898,1319.8272276334237,1281.8896825123418,1301.8568115234375,118611,0.0,0.0
2021-02-03 00:00:00+00:00,1327.8142179925758,1349.7780621999716,1297.8635213461266,1325.8175048828125,74806,0.0,0.0
2021-02-04 00:00:00+00:00,1335.8008144396242,1359.7613671649985,1291.8731344431044,1299.8599853515625,69598,0.0,0.0
2021-02-05 00:00:00+00:00,1305.850123532906,1309.8435489871351,1293.4864451780618,1299.8599853515625,56718,0.0,0.0
2021-02-08 00:00:00+00:00,1283.886439139176,1297.8634299229618,1280.7715717821484,1291.873291015625,48780,0.0,0.0
2021-02-09 00:00:00+00:00,1301.8568737887597,1315.8338647650194,1285.8831698158915,1287.8798828125,85609,0.0,0.0
2021-02-10 00:00:00+00:00,1297.8632252687103,1297.8632252687103,1253.935546875,1253.935546875,93388,0.0,0.0
2021-02-11 00:00:00+00:00,1269.9094253981611,1273.9028512641933,1233.9685926038737,1241.9554443359375,121643,0.0,0.0
2021-02-12 00:00:00+00:00,1229.974933323269,1249.942058864231,1229.974933323269,1239.95849609375,161423,0.0,0.0
2021-02-15 00:00:00+00:00,1223.9849422792845,1267.9126237313958,1223.9849422792845,1261.9224853515625,145878,0.0,0.0
2021-02-16 00:00:00+00:00,1293.8700243289422,1297.8634503299575,1259.9259033203125,1259.9259033203125,62938,0.0,0.0
2021-02-17 00:00:00+00:00,1247.9456341455855,1271.9061903211807,1244.9205846796906,1257.92919921875,61112,0.0,0.0
2021-02-18 00:00:00+00:00,1267.9125790419969,1282.7681265751658,1239.958600921386,1243.9520263671875,47453,0.0,0.0
2021-02-19 00:00:00+00:00,1235.9650458311423,1259.9255959926506,1235.9650458311423,1245.9486083984375,64125,0.0,0.0
2021-02-22 00:00:00+00:00,1245.948817945847,1255.9323821922078,1225.981689453125,1225.981689453125,49316,0.0,0.0
2021-02-23 00:00:00+00:00,1265.9159995321293,1265.9159995321293,1213.5622449258994,1241.9554443359375,49680,0.0,0.0
2021-02-24 00:00:00+00:00,1249.9423589939024,1256.7002771540388,1223.9850895579268,1227.978515625,102955,0.0,0.0
2021-02-25 00:00:00+00:00,1257.9291770241477,1257.9291770241477,1196.0310746626421,1208.0113525390625,82823,0.0,0.0
2021-02-26 00:00:00+00:00,1190.0409559369693,1208.011373056823,1162.0869737505304,1176.06396484375,339649,0.0,0.0
2021-03-01 00:00:00+00:00,1184.050737361844,1212.0047176705555,1171.9906354446002,1194.0343017578125,83735,0.0,0.0
2021-03-02 00:00:00+00:00,1208.0111597535606,1217.795100539102,1190.0407458068134,1196.0308837890625,48951,0.0,0.0
2021-03-03 00:00:00+00:00,1219.9916144076728,1219.9916144076728,1174.0672164839798,1184.05078125,83084,0.0,0.0
2021-03-04 00:00:00+00:00,1204.017874010651,1219.9915771484375,1185.0491015345297,1219.9915771484375,180657,0.0,0.0
2021-03-05 00:00:00+00:00,1184.050744140625,1259.925833984375,1184.050744140625,1247.945556640625,83428,0.0,0.0
2021-03-08 00:00:00+00:00,1261.922546875,1273.90282421875,1227.978427734375,1247.945556640625,51220,0.0,0.0
2021-03-09 00:00:00+00:00,1279.8929639151365,1285.8831025918064,1212.0047255795444,1219.9915771484375,94249,0.0,0.0
2021-03-10 00:00:00+00:00,1237.9619314446804,1237.9619314446804,1210.0079523475424,1233.968505859375,42595,0.0,0.0
2021-03-11 00:00:00+00:00,1237.9618519320964,1237.9618519320964,1202.0210239727774,1223.98486328125,50586,0.0,0.0
2021-03-12 00:00:00+00:00,1225.9818294749539,1233.968681784237,1215.9982640883502,1221.9884033203125,27610,0.0,0.0
2021-03-15 00:00:00+00:00,1229.9750012744698,1235.9651392676897,1210.7476235240163,1223.98486328125,39662,0.0,0.0
2021-03-16 00:00:00+00:00,1210.0079866589474,1233.968540850214,1210.0079866589474,1225.981689453125,39884,0.0,0.0
2021-03-17 00:00:00+00:00,1208.0111597535606,1231.9717116825568,1189.0823627279478,1196.0308837890625,98536,0.0,0.0
2021-03-18 00:00:00+00:00,1170.073816952463,1198.0277989274364,1170.073816952463,1178.0606689453125,443109,0.0,0.0
2021-03-19 00:00:00+00:00,1212.0048735679325,1212.0048735679325,1160.09033203125,1160.09033203125,199797,0.0,0.0
2021-03-22 00:00:00+00:00,1180.057459008994,1214.0015821953782,1171.1920478431744,1188.0443115234375,178921,0.0,0.0
2021-03-23 00:00:00+00:00,1219.9914317525877,1257.9289721835191,1190.0407419386943,1253.935546875,260743,0.0,0.0
2021-03-24 00:00:00+00:00,1263.9193115234375,1279.8930153025647,1240.162400103823,1263.9193115234375,89571,0.0,0.0
2021-03-25 00:00:00+00:00,1259.9257040023804,1283.8862562179565,1257.8491666834452,1277.8961181640625,59413,0.0,0.0
2021-03-26 00:00:00+00:00,1311.840530804011,1311.840530804011,1259.9259892501232,1267.912841796875,104952,0.0,0.0
2021-03-29 00:00:00+01:00,1251.93896484375,1301.8567864084928,1245.9488262559807,1251.93896484375,37144,0.0,0.0
2021-03-30 00:00:00+01:00,1277.89625,1277.89625,1243.3531413661242,1247.945556640625,39154,0.0,0.0
2021-03-31 00:00:00+01:00,1217.9950133796754,1271.9062680702511,1217.9950133796754,1267.912841796875,73962,0.0,0.0
2021-04-01 00:00:00+01:00,1261.9227023868111,1271.9062680702511,1251.939136703371,1267.912841796875,349180,0.0,0.0
2021-04-06 00:00:00+01:00,1293.8698370763127,1297.8632624993877,1259.925720980175,1273.9027099609375,61524,0.0,0.0
2021-04-07 00:00:00+01:00,1253.9356345539861,1293.8698904315015,1243.9520705846073,1289.87646484375,60548,0.0,0.0
2021-04-08 00:00:00+01:00,1297.8634299229618,1297.8634299229618,1272.0859191143854,1291.873291015625,70169,0.0,0.0
2021-04-09 00:00:00+01:00,1317.8304617745537,1317.8304617745537,1263.9192156110491,1285.883056640625,61642,0.0,0.0
2021-04-12 00:00:00+01:00,1293.8700039847374,1307.846994768523,1275.899587262727,1291.873291015625,383874,0.0,0.0
2021-04-13 00:00:00+01:00,1277.896344431464,1289.8766226605092,1263.919353164245,1281.8897705078125,45776,0.0,0.0
2021-04-14 00:00:00+01:00,1297.8633600910443,1297.8633600910443,1267.9126671658664,1279.8929443359375,49710,0.0,0.0
2021-04-15 00:00:00+01:00,1303.8535509858918,1311.8404027530337,1270.388622582418,1295.86669921875,48854,0.0,0.0
2021-04-16 00:00:00+01:00,1319.8271745954241,1319.8271745954241,1283.8863438197545,1285.883056640625,46678,0.0,0.0
2021-04-19 00:00:00+01:00,1277.896061838124,1325.8171641570536,1263.9190736617695,1319.8270263671875,60240,0.0,0.0
2021-04-20 00:00:00+01:00,1315.833846644972,1317.8305596140842,1285.8831521082884,1291.873291015625,85214,0.0,0.0
2021-04-21 00:00:00+01:00,1285.8831542197374,1302.905181057245,1261.9225985510466,1263.9193115234375,54615,0.0,0.0
2021-04-22 00:00:00+01:00,1277.8962914737654,1297.863421028043,1267.9127266966266,1293.8699951171875,45203,0.0,0.0
2021-04-23 00:00:00+01:00,1295.8667169538496,1301.8568558611862,1277.8963002318394,1291.873291015625,38707,0.0,0.0
2021-04-26 00:00:00+01:00,1289.8765958091085,1295.866734798934,1279.8930308260658,1287.8798828125,29948,0.0,0.0
2021-04-27 00:00:00+01:00,1309.843521118164,1309.843521118164,1267.9125547409058,1277.8961181640625,90719,0.0,0.0
2021-04-28 00:00:00+01:00,1267.912728583399,1303.4541948689648,1265.916015625,1265.916015625,297218,0.0,0.0
2021-04-29 00:00:00+01:00,1267.9127020963133,1275.8995537630617,1238.355403688723,1271.9061279296875,93835,0.0,0.0
2021-04-30 00:00:00+01:00,1263.919283541166,1301.8568291766826,1259.9258576847956,1297.8634033203125,79394,0.0,0.0
2021-05-04 00:00:00+01:00,1297.8633600910443,1307.8469243994368,1275.8995186125806,1279.8929443359375,82125,0.0,0.0
2021-05-05 00:00:00+01:00,1277.8962933753944,1289.8765711257888,1259.925876749803,1265.916015625,62462,0.0,0.0
2021-05-06 00:00:00+01:00,1263.9192156110491,1297.8633335658483,1255.5389690037284,1285.883056640625,43485,0.0,0.0
2021-05-07 00:00:00+01:00,1287.8798212156705,1305.8502373256567,1283.8863954134515,1301.8568115234375,62184,0.0,0.0
2021-05-10 00:00:00+01:00,1303.8535165801668,1321.8239325820373,1263.919258798232,1275.8995361328125,242962,0.0,0.0
2021-05-11 00:00:00+01:00,1277.8962320574162,1278.2556257483207,1244.9005032552486,1251.93896484375,49373,0.0,0.0
2021-05-12 00:00:00+01:00,1275.8996073243736,1279.5336396096602,1231.6623723006758,1259.9259033203125,65445,0.0,0.0
2021-05-13 00:00:00+01:00,1237.961974805622,1251.93896484375,1235.9652619430321,1251.93896484375,26327,0.0,0.0
2021-05-14 00:00:00+01:00,1269.9092481090763,1279.8928113803743,1249.2692791248203,1253.935546875,36425,0.0,0.0
2021-05-17 00:00:00+01:00,1263.919302666601,1277.8962933753944,1245.9488860410095,1265.916015625,42517,0.0,0.0
2021-05-18 00:00:00+01:00,1273.9029033358136,1275.8996163504464,1249.9423471602183,1257.92919921875,26905,0.0,0.0
2021-05-19 00:00:00+01:00,1245.9488879788307,1257.929165747858,1229.6956152234586,1237.9620361328125,42330,0.0,0.0
2021-05-20 00:00:00+01:00,1239.9585645965028,1253.9355532473492,1210.0078746304039,1223.98486328125,48580,0.0,0.0
2021-05-21 00:00:00+01:00,1198.0278463924633,1245.9489602481617,1190.7358950821354,1221.9884033203125,56670,0.0,0.0
2021-05-24 00:00:00+01:00,1214.0014472336065,1227.9784375800461,1202.0211697938012,1217.994873046875,36636,0.0,0.0
2021-05-25 00:00:00+01:00,1223.985040314081,1223.985040314081,1184.05078125,1184.05078125,235262,0.0,0.0
2021-05-26 00:00:00+01:00,1196.0311189778647,1198.02783203125,1181.1266992389162,1198.02783203125,77759,0.0,0.0
2021-05-27 00:00:00+01:00,1192.0377377806592,1200.0245902951024,1178.0607458803834,1188.0443115234375,148832,0.0,0.0
2021-05-28 00:00:00+01:00,1208.0113457344673,1208.0113457344673,1152.1033826260953,1182.0540771484375,83364,0.0,0.0
2021-06-01 00:00:00+01:00,1214.0015510110293,1225.9818294749539,1170.8326240289298,1221.9884033203125,68921,0.0,0.0
2021-06-02 00:00:00+01:00,1251.9389834240103,1251.9389834240103,1210.3514414550386,1219.9915771484375,44809,0.0,0.0
2021-06-03 00:00:00+01:00,1239.9587060706706,1247.9455576395637,1217.9948642562142,1219.9915771484375,42134,0.0,0.0
2021-06-04 00:00:00+01:00,1225.9817583637853,1253.9357398248487,1219.9916194792715,1237.9620361328125,48718,0.0,0.0
2021-06-07 00:00:00+01:00,1231.9718972482988,1245.9488879788307,1224.1448165627137,1237.9620361328125,19708,0.0,0.0
2021-06-08 00:00:00+01:00,1237.9619401780287,1241.9553657915062,1217.9948121106413,1231.9718017578125,168578,0.0,0.0
2021-06-09 00:00:00+01:00,1215.998286100042,1229.9752778942952,1190.041015625,1190.041015625,77214,0.0,0.0
2021-06-10 00:00:00+01:00,1206.0145263671875,1208.011239159186,1192.037536823197,1206.0145263671875,52904,0.0,0.0
2021-06-11 00:00:00+01:00,1206.0146722560976,1233.96865472561,1198.0278201219512,1227.978515625,76321,0.0,0.0
2021-06-14 00:00:00+01:00,1233.9685232979912,1253.9356515066966,1225.981672014509,1229.97509765625,36793,0.0,0.0
2021-06-15 00:00:00+01:00,1251.9389386858259,1251.9389386858259,1221.988246372768,1229.97509765625,86092,0.0,0.0
2021-06-16 00:00:00+01:00,1251.9390380859375,1251.9390380859375,1198.0277876420455,1208.0113525390625,85814,0.0,0.0
2021-06-17 00:00:00+01:00,1194.0344466787253,1231.9719959879158,1194.0344466787253,1215.998291015625,84298,0.0,0.0
2021-06-18 00:00:00+01:00,1233.9686070575615,1238.0828058304642,1156.0968017578125,1156.0968017578125,312964,0.0,0.0
2021-06-21 00:00:00+01:00,1152.1031718662807,1177.7410153100134,1116.1623450142997,1118.1590576171875,227778,0.0,0.0
2021-06-22 00:00:00+01:00,1142.1198023302802,1160.0902188005118,1110.1723952720904,1158.093505859375,131935,0.0,0.0
2021-06-23 00:00:00+01:00,1146.1133046207265,1170.0738615117523,1140.12316539797,1168.0771484375,78481,0.0,0.0
2021-06-24 00:00:00+01:00,1142.1198784722224,1192.0377053285256,1142.1198784722224,1168.0771484375,168145,0.0,0.0
2021-06-25 00:00:00+01:00,1158.093614594275,1190.0410246520482,1158.093614594275,1188.0443115234375,72403,0.0,0.0
2021-06-28 00:00:00+01:00,1154.0999179133191,1217.994723057309,1154.0999179133191,1196.0308837890625,93357,0.0,0.0
2021-06-29 00:00:00+01:00,1212.00475527007,1212.00475527007,1154.1000799771014,1158.093505859375,84835,0.0,0.0
2021-06-30 00:00:00+01:00,1164.0837535589512,1182.0541717099472,1134.133056640625,1134.133056640625,129807,0.0,0.0
2021-07-01 00:00:00+01:00,1150.1066983695653,1164.0836894955844,1133.6138293417123,1148.1099853515625,105392,0.0,0.0
2021-07-02 00:00:00+01:00,1150.1067131601362,1172.070556640625,1148.1100001164555,1172.070556640625,48586,0.0,0.0
2021-07-05 00:00:00+01:00,1194.0343479294852,1202.0211997551005,1152.1033758450048,1156.0968017578125,107506,0.0,0.0
2021-07-06 00:00:00+01:00,1126.1460988011854,1164.6028095466309,1126.1460988011854,1158.093505859375,83105,0.0,0.0
2021-07-07 00:00:00+01:00,1154.1001883370536,1188.0443115234375,1154.1001883370536,1188.0443115234375,226374,0.0,0.0
2021-07-08 00:00:00+01:00,1158.3855427486797,1175.9000729459901,1134.4189453125,1134.4189453125,156226,30.000002,0.0
2021-07-09 00:00:00+01:00,1138.4134772430314,1150.316932222569,1108.455227841899,1146.40234375,131094,0.0,0.0
2021-07-12 00:00:00+01:00,1164.3771406595686,1167.9251740771058,1124.4328133642146,1128.42724609375,80277,0.0,0.0
2021-07-13 00:00:00+01:00,1128.4272245016282,1140.4105224609375,1122.4355755219735,1140.4105224609375,391535,0.0,0.0
2021-07-14 00:00:00+01:00,1126.4300497447541,1155.2877788014898,1106.4578857421875,1106.4578857421875,90558,0.0,0.0
2021-07-15 00:00:00+01:00,1116.44403668304,1138.4134184424556,1066.5136235934585,1070.508056640625,57862,0.0,0.0
2021-07-16 00:00:00+01:00,1088.4830801017222,1110.4524633698304,1056.5276135299284,1074.5025634765625,71987,0.0,0.0
2021-07-19 00:00:00+01:00,1068.5107865342675,1086.4857343451242,1026.569241642268,1044.544189453125,326318,0.0,0.0
2021-07-20 00:00:00+01:00,1072.5052938608023,1076.058325546364,1038.5526123046875,1038.5526123046875,134912,0.0,0.0
2021-07-21 00:00:00+01:00,1018.5804478236606,1074.502511625744,1018.5804478236606,1048.5386962890625,78776,0.0,0.0
2021-07-22 00:00:00+01:00,1048.5386939187651,1068.5108595172178,1026.5693117604671,1028.5665283203125,88579,0.0,0.0
2021-07-23 00:00:00+01:00,1038.5526111195388,1126.4301397527306,1006.5971461620145,1028.5665283203125,59420,0.0,0.0
2021-07-26 00:00:00+01:00,1024.5720252188396,1078.49686865141,1018.580375948554,1044.544189453125,275558,0.0,0.0
2021-07-27 00:00:00+01:00,1032.5609637741816,1048.5386962890625,1029.3254826919522,1048.5386962890625,42923,0.0,0.0
2021-07-28 00:00:00+01:00,1044.544043621034,1048.5384759102158,1032.5607467534887,1046.541259765625,26089,0.0,0.0
2021-07-29 00:00:00+01:00,1056.5274860868124,1080.4940831246984,1026.5692397894547,1034.55810546875,41847,0.0,0.0
2021-07-30 00:00:00+01:00,1048.5386184781617,1066.5135662235016,1014.5859394036306,1024.572021484375,72423,0.0,0.0
2021-08-02 00:00:00+01:00,1032.5608629753617,1048.538593930493,1013.5373892469498,1026.5692138671875,73994,0.0,0.0
2021-08-03 00:00:00+01:00,1030.5636201746324,1038.552485447304,1014.5858896292892,1018.580322265625,54132,0.0,0.0
2021-08-04 00:00:00+01:00,1024.571957926112,1038.5524719718874,1002.6025787113219,1014.5858764648438,143948,0.0,0.0
2021-08-05 00:00:00+01:00,1018.5804455210862,1032.560961440003,1016.5832289612408,1028.5665283203125,119141,0.0,0.0
2021-08-06 00:00:00+01:00,1014.5860372260356,1046.5415029654384,1010.5916040086103,1036.555419921875,130953,0.0,0.0
2021-08-09 00:00:00+01:00,1016.5832289612408,1056.5275601581461,1016.5832289612408,1028.5665283203125,203968,0.0,0.0
2021-08-10 00:00:00+01:00,1030.5637472098215,1054.5303459821428,1030.5637472098215,1048.5386962890625,272431,0.0,0.0
2021-08-11 00:00:00+01:00,1052.5331294177827,1070.5080784970237,1036.5553969029017,1048.5386962890625,78001,0.0,0.0
2021-08-12 00:00:00+01:00,1054.5303459821428,1056.5275625465028,1041.548438313802,1048.5386962890625,60068,0.0,0.0
2021-08-13 00:00:00+01:00,1052.5330532471646,1052.5330532471646,1034.55810546875,1034.55810546875,67423,0.0,0.0
2021-08-16 00:00:00+01:00,1022.574806949807,1040.5497547282216,1021.1418066065917,1034.55810546875,278171,0.0,0.0
2021-08-17 00:00:00+01:00,1064.5164276123048,1064.5164276123048,1022.824531877958,1038.5526123046875,73745,0.0,0.0
2021-08-18 00:00:00+01:00,1064.5164276123048,1064.5164276123048,1030.56374605619,1038.5526123046875,379122,0.0,0.0
2021-08-19 00:00:00+01:00,1026.569312931941,1056.527561363807,1020.6575689741125,1038.5526123046875,80757,0.0,0.0
2021-08-20 00:00:00+01:00,1060.521994488056,1060.521994488056,1030.6645577076106,1038.5526123046875,101209,0.0,0.0
2021-08-23 00:00:00+01:00,1050.5358595848083,1055.5788799142756,1020.5776126384735,1022.5748291015625,59341,0.0,0.0
2021-08-24 00:00:00+01:00,1030.5636726291023,1040.5497547282216,1022.574806949807,1034.55810546875,165956,0.0,0.0
2021-08-25 00:00:00+01:00,1040.5497547282216,1048.5386204075169,1024.5720233696309,1034.55810546875,38110,0.0,0.0
2021-08-26 00:00:00+01:00,1040.5497284529274,1051.0001289736522,1016.5831320202304,1026.5692138671875,145520,0.0,0.0
2021-08-27 00:00:00+01:00,1042.5470442392293,1054.530343598301,1018.5804455210862,1028.5665283203125,119842,0.0,0.0
2021-08-31 00:00:00+01:00,1026.5693117604671,1048.5386939187651,1010.5915792817051,1028.5665283203125,149517,0.0,0.0
2021-09-01 00:00:00+01:00,1040.549780600829,1054.5302958872126,1030.5636982534122,1042.5469970703125,79380,0.0,0.0
2021-09-02 00:00:00+01:00,1040.549828866812,1048.5386951153096,1024.5720963698168,1038.5526123046875,109740,0.0,0.0
2021-09-03 00:00:00+01:00,1050.5359128534226,1052.7148829515634,1034.5581803385417,1048.5386962890625,59353,0.0,0.0
2021-09-06 00:00:00+01:00,1048.5386707503599,1062.5191863603648,1034.5581551403552,1040.5498046875,155064,0.0,0.0
2021-09-07 00:00:00+01:00,1048.5386464787625,1048.5386464787625,1030.5636982534122,1042.5469970703125,32366,0.0,0.0
2021-09-08 00:00:00+01:00,1032.560961440003,1042.5470442392293,1026.5693117604671,1028.5665283203125,70781,0.0,0.0
2021-09-09 00:00:00+01:00,1036.5553688004527,1058.5247504127935,1012.5887706778988,1020.57763671875,109109,0.0,0.0
2021-09-10 00:00:00+01:00,1018.580309049351,1022.5747416338583,1010.5914438803364,1014.5858764648438,56595,0.0,0.0
2021-09-13 00:00:00+01:00,1014.4860792124521,1026.5692138671875,1013.6781842241621,1026.5692138671875,44265,0.0,0.0
2021-09-14 00:00:00+01:00,1030.5636949539185,1038.5525608062744,1012.5887467861176,1022.5748291015625,167288,0.0,0.0
2021-09-15 00:00:00+01:00,1024.5719445270042,1030.5635933254077,1010.5914306640625,1010.5914306640625,51062,0.0,0.0
2021-09-16 00:00:00+01:00,1010.5914438803364,1018.580309049351,995.6123216884342,1014.5858764648438,105317,0.0,0.0
2021-09-17 00:00:00+01:00,1016.583165053566,1016.583165053566,1000.3557815249604,1008.5942993164062,171050,0.0,0.0
2021-09-20 00:00:00+01:00,998.6081846957077,1026.5692138671875,992.2689975095833,1026.5692138671875,357334,0.0,0.0
2021-09-21 00:00:00+01:00,1034.5581091678505,1054.5302734375,1022.7744834885905,1054.5302734375,151733,0.0,0.0
2021-09-22 00:00:00+01:00,1028.5665360884232,1104.4607659357243,1028.5665360884232,1098.4691162109375,164655,0.0,0.0
2021-09-23 00:00:00+01:00,1126.4299663982097,1170.3687239527499,1100.4661551159816,1164.3770751953125,265859,0.0,0.0
2021-09-24 00:00:00+01:00,1166.3743251661128,1204.321435060216,1160.3826762354652,1202.32421875,797152,0.0,0.0
2021-09-27 00:00:00+01:00,1210.3132556152343,1213.728539874144,1166.3744905598958,1198.3299560546875,197946,0.0,0.0
2021-09-28 00:00:00+01:00,1200.3272703029966,1212.3105708384674,1184.349536255702,1190.3411865234375,144439,0.0,0.0
2021-09-29 00:00:00+01:00,1192.338306274414,1210.3132556152343,1184.349439900716,1198.3299560546875,72493,0.0,0.0
2021-09-30 00:00:00+01:00,1212.3104007118627,1228.8672814107451,1196.4284826366134,1214.3076171875,197492,0.0,0.0
2021-10-01 00:00:00+01:00,1188.3438266207397,1214.3076413200165,1188.3438266207397,1212.3104248046875,73353,0.0,0.0
2021-10-04 00:00:00+01:00,1242.2684985632184,1242.2684985632184,1208.3158225574712,1216.3046875,75730,0.0,0.0
2021-10-05 00:00:00+01:00,1240.271314495448,1248.2601796451772,1210.3130701839636,1244.2657470703125,100213,0.0,0.0
2021-10-06 00:00:00+01:00,1236.276879369248,1258.2462584856644,1226.9239486714155,1234.2796630859375,93854,0.0,0.0
2021-10-07 00:00:00+01:00,1248.2602012795026,1248.2602012795026,1230.2852543810777,1232.282470703125,145608,0.0,0.0
2021-10-08 00:00:00+01:00,1274.224191796875,1274.224191796875,1229.3966505467533,1248.2603759765625,108232,0.0,0.0
2021-10-11 00:00:00+01:00,1256.2490447949062,1272.2267750943645,1235.4779466454472,1244.2657470703125,102837,0.0,0.0
2021-10-12 00:00:00+01:00,1242.2686794619017,1262.2408447265625,1238.2742464089695,1262.2408447265625,66084,0.0,0.0
2021-10-13 00:00:00+01:00,1264.238085473207,1280.215817991036,1243.8664521328903,1260.24365234375,83846,0.0,0.0
2021-10-14 00:00:00+01:00,1236.2768819205835,1270.2295588069323,1236.2768819205835,1244.2657470703125,149653,0.0,0.0
2021-10-15 00:00:00+01:00,1240.2715320897803,1250.2576152789088,1224.2937989871743,1226.291015625,444254,0.0,0.0
2021-10-18 00:00:00+01:00,1220.2994386747287,1256.2493403050805,1215.70586451316,1230.2855224609375,85141,0.0,0.0
2021-10-19 00:00:00+01:00,1246.262960785801,1246.262960785801,1230.2852305193164,1234.2796630859375,301321,0.0,0.0
2021-10-20 00:00:00+01:00,1208.315923875378,1246.2630355342742,1208.315923875378,1238.274169921875,121109,0.0,0.0
2021-10-21 00:00:00+01:00,1244.265893279931,1252.2547593684058,1228.2881611029818,1242.2686767578125,65961,0.0,0.0
2021-10-22 00:00:00+01:00,1278.218626968504,1278.218626968504,1226.2909952479083,1268.2325439453125,410263,0.0,0.0
2021-10-25 00:00:00+01:00,1274.2240917499248,1294.1962561974158,1246.2630615234375,1246.2630615234375,77767,0.0,0.0
2021-10-26 00:00:00+01:00,1264.2379871186756,1264.2379871186756,1242.2686066158235,1258.246337890625,78466,0.0,0.0
2021-10-27 00:00:00+01:00,1258.2462636376642,1262.240696220641,1242.2685333057575,1254.2518310546875,285145,0.0,0.0
2021-10-28 00:00:00+01:00,1246.2631111692583,1266.2352764123555,1246.2631111692583,1252.2547607421875,83716,0.0,0.0
2021-10-29 00:00:00+01:00,1256.2491437471829,1260.2435766366812,1240.2714121891902,1246.2630615234375,80059,0.0,0.0
2021-11-01 00:00:00+00:00,1236.2770298825035,1272.226927358893,1236.2770298825035,1262.2408447265625,85252,0.0,0.0
2021-11-02 00:00:00+00:00,1268.232345095106,1268.232345095106,1252.2546147631992,1254.2518310546875,72404,0.0,0.0
2021-11-03 00:00:00+00:00,1252.2549800059242,1268.2327149980251,1246.2633293838862,1264.23828125,112401,0.0,0.0
2021-11-04 00:00:00+00:00,1264.2381364336666,1296.1936027574243,1264.2381364336666,1286.20751953125,293768,0.0,0.0
2021-11-05 00:00:00+00:00,1286.207421571248,1304.1823700093555,1264.2380401468945,1284.210205078125,74370,0.0,0.0
2021-11-08 00:00:00+00:00,1296.193628378338,1304.1824951171875,1270.229811477077,1304.1824951171875,118023,0.0,0.0
2021-11-09 00:00:00+00:00,1274.2240552204412,1322.1572485202696,1274.2240552204412,1310.1739501953125,130611,0.0,0.0
2021-11-10 00:00:00+00:00,1288.2045019678324,1336.1376927387284,1288.2045019678324,1326.151611328125,57880,0.0,0.0
2021-11-11 00:00:00+00:00,1308.1768578881617,1344.1267562728744,1308.0470339346443,1330.146240234375,63766,0.0,0.0
2021-11-12 00:00:00+00:00,1314.1685086973735,1345.7204835445978,1314.1685086973735,1340.13232421875,107034,0.0,0.0
2021-11-15 00:00:00+00:00,1366.096064409333,1366.096064409333,1330.1461679775084,1336.1378173828125,73096,0.0,0.0
2021-11-16 00:00:00+00:00,1330.1462121507143,1334.9275124524063,1302.1851806640625,1302.1851806640625,92124,0.0,0.0
2021-11-17 00:00:00+00:00,1282.212890625,1302.185054030374,1276.2212416033879,1282.212890625,88418,0.0,0.0
2021-11-18 00:00:00+00:00,1262.2409197884317,1288.0389515916754,1262.2409197884317,1286.20751953125,57139,0.0,0.0
2021-11-19 00:00:00+00:00,1288.2045373362687,1307.8970611625507,1258.2462922819368,1272.226806640625,112962,0.0,0.0
2021-11-22 00:00:00+00:00,1286.2074230806327,1302.1851550443673,1279.0174924571206,1294.1962890625,44840,0.0,0.0
2021-11-23 00:00:00+00:00,1324.1546498847422,1501.9069332026033,1288.2647249000731,1495.915283203125,511219,0.0,0.0
2021-11-24 00:00:00+00:00,1487.9262627963362,1528.6545335916403,1439.9930677532327,1447.98193359375,310703,0.0,0.0
2021-11-25 00:00:00+00:00,1453.9735829741378,1473.945747575431,1437.9958512931034,1447.98193359375,143307,0.0,0.0
2021-11-26 00:00:00+00:00,1422.0181670340594,1463.9597140954572,1422.0181670340594,1443.987548828125,335788,0.0,0.0
2021-11-29 00:00:00+00:00,1463.9596669654325,1477.940182202483,1443.9875023410746,1457.968017578125,216678,0.0,0.0
2021-11-30 00:00:00+00:00,1435.9987298549888,1461.9625455547312,1430.007080078125,1430.007080078125,2699503,0.0,0.0
2021-12-01 00:00:00+00:00,1475.9428687654336,1475.9428687654336,1056.5274392109802,1465.956787109375,427930,0.0,0.0
2021-12-02 00:00:00+00:00,1438.2603759765625,1456.2386306762694,1430.2700405544704,1438.2603759765625,286998,27.000002,0.0
2021-12-03 00:00:00+00:00,1454.2410888671875,1454.2410888671875,1432.2676658211174,1454.2410888671875,329758,0.0,0.0
2021-12-06 00:00:00+00:00,1454.2409347513533,1482.2071065734947,1450.2457673481902,1476.21435546875,96795,0.0,0.0
2021-12-07 00:00:00+00:00,1480.2096078228476,1518.163700331126,1472.219272557947,1508.17578125,235509,0.0,0.0
2021-12-08 00:00:00+00:00,1518.1637722403402,1520.1613561511826,1504.1806848644424,1512.1710205078125,169465,0.0,0.0
2021-12-09 00:00:00+00:00,1524.1564477217826,1530.1491991545026,1506.1781934236226,1518.1636962890625,120430,0.0,0.0
2021-12-10 00:00:00+00:00,1508.17592374578,1524.1565957854702,1508.17592374578,1516.166259765625,78301,0.0,0.0
2021-12-13 00:00:00+00:00,1538.1396113487656,1538.1396113487656,1507.4966205103885,1512.1710205078125,119647,0.0,0.0
2021-12-14 00:00:00+00:00,1500.1855170427573,1526.1541078837104,1500.1855170427573,1512.1710205078125,215966,0.0,0.0
2021-12-15 00:00:00+00:00,1538.139627720606,1538.139627720606,1508.1758687390359,1530.1492919921875,167243,0.0,0.0
2021-12-16 00:00:00+00:00,1538.1397044330563,1538.1397044330563,1518.1638641157438,1524.1566162109375,196668,0.0,0.0
2021-12-17 00:00:00+00:00,1538.1396641076299,1556.117919921875,1520.161408293385,1556.117919921875,239233,0.0,0.0
2021-12-20 00:00:00+00:00,1590.0767656299636,1590.0767656299636,1534.7836585614116,1572.0985107421875,152115,0.0,0.0
2021-12-21 00:00:00+00:00,1592.0744266120755,1592.0744266120755,1546.9989393807055,1566.1058349609375,316720,0.0,0.0
2021-12-22 00:00:00+00:00,1548.127545050855,1598.067143278302,1548.127545050855,1588.0792236328125,122883,0.0,0.0
2021-12-23 00:00:00+00:00,1588.0792538022815,1594.072005703422,1576.09375,1576.09375,75386,0.0,0.0
2021-12-24 00:00:00+00:00,1556.1179150951152,1582.446057230681,1532.1469074171416,1566.1058349609375,22871,0.0,0.0
2021-12-29 00:00:00+00:00,1570.1009140965946,1614.0477590204177,1562.360276638421,1602.062255859375,216949,0.0,0.0
2021-12-30 00:00:00+00:00,1646.009157576651,1646.009157576651,1588.0792236328125,1588.0792236328125,113823,0.0,0.0
2021-12-31 00:00:00+00:00,1594.071780730316,1626.0331196923275,1562.1104417683048,1584.0838623046875,11948,0.0,0.0
2022-01-04 00:00:00+00:00,1616.0453639633897,1624.0356995083262,1594.0719412148146,1610.0526123046875,222057,0.0,0.0
2022-01-05 00:00:00+00:00,1650.0042773930713,1650.0042773930713,1582.08642578125,1582.08642578125,119117,0.0,0.0
2022-01-06 00:00:00+00:00,1560.112973772503,1584.0839797715682,1530.1492162736713,1536.1419677734375,241556,0.0,0.0
2022-01-07 00:00:00+00:00,1534.1442120622569,1546.4153789043542,1519.224271787821,1540.136962890625,64245,0.0,0.0
2022-01-10 00:00:00+00:00,1496.1903404026953,1564.1081929710417,1496.1903404026953,1532.1468505859375,58219,0.0,0.0
2022-01-11 00:00:00+00:00,1532.1468042503477,1546.1298911209506,1520.1613012184023,1526.154052734375,145665,0.0,0.0
2022-01-12 00:00:00+00:00,1522.1589310905924,1540.1371861822136,1506.465875890344,1532.1468505859375,56199,0.0,0.0
2022-01-13 00:00:00+00:00,1564.1081929710417,1564.1081929710417,1522.1589310905924,1532.1468505859375,54135,0.0,0.0
2022-01-14 00:00:00+00:00,1518.1637382507324,1542.134744644165,1514.1685705184937,1534.1444091796875,27531,0.0,0.0
2022-01-17 00:00:00+00:00,1538.1395128038196,1574.0960208953375,1504.1805884951636,1510.17333984375,84637,0.0,0.0
2022-01-18 00:00:00+00:00,1506.1783447265625,1512.1710967612835,1488.2000886223993,1506.1783447265625,143673,0.0,0.0
2022-01-19 00:00:00+00:00,1468.2242534316588,1508.1759337971462,1468.2242534316588,1496.1904296875,95184,0.0,0.0
2022-01-20 00:00:00+00:00,1522.1590010879822,1522.1590010879822,1488.2000732421875,1488.2000732421875,70763,0.0,0.0
2022-01-21 00:00:00+00:00,1482.2071533203125,1494.1926559078083,1466.2264832036515,1482.2071533203125,145190,0.0,0.0
2022-01-24 00:00:00+00:00,1468.2241762601413,1486.2024314796531,1448.2483371273502,1454.2410888671875,96074,0.0,0.0
2022-01-25 00:00:00+00:00,1472.2193055511802,1486.202392578125,1438.2603799143146,1486.202392578125,228341,0.0,0.0
2022-01-26 00:00:00+00:00,1450.2459236307348,1512.1710250529836,1450.2459236307348,1502.18310546875,45883,0.0,0.0
2022-01-27 00:00:00+00:00,1468.224080403646,1524.1564263237847,1468.224080403646,1510.17333984375,136886,0.0,0.0
2022-01-28 00:00:00+00:00,1492.1951695643718,1514.1685924093624,1484.204833984375,1484.204833984375,147088,0.0,0.0
2022-01-31 00:00:00+00:00,1496.190257228643,1518.1636788968876,1492.1950896525987,1500.1854248046875,97390,0.0,0.0
2022-02-01 00:00:00+00:00,1508.1757522161938,1530.1491737716615,1507.0071218139767,1520.1612548828125,144407,0.0,0.0
2022-02-02 00:00:00+00:00,1536.1420753634707,1574.0961708535954,1524.1565715244838,1566.1058349609375,63250,0.0,0.0
2022-02-03 00:00:00+00:00,1552.1226210744758,1566.1057077508224,1518.1636962890625,1518.1636962890625,100267,0.0,0.0
2022-02-04 00:00:00+00:00,1530.1492032284768,1546.129873758278,1492.1951107201987,1508.17578125,43300,0.0,0.0
2022-02-07 00:00:00+00:00,1516.166249115195,1516.965331480707,1474.017275675731,1488.2000732421875,77942,0.0,0.0
2022-02-08 00:00:00+00:00,1482.2073212694002,1500.1855771877622,1476.2145692966128,1488.2000732421875,60112,0.0,0.0
2022-02-09 00:00:00+00:00,1502.1829582710823,1516.1660443188184,1494.1926233866616,1504.1805419921875,73582,0.0,0.0
2022-02-10 00:00:00+00:00,1496.1903537182097,1522.1589446372175,1492.7186006644858,1502.18310546875,57349,0.0,0.0
2022-02-11 00:00:00+00:00,1488.1999471028646,1504.1806176757814,1476.214444173177,1498.1878662109375,44144,0.0,0.0
2022-02-14 00:00:00+00:00,1484.2048429772765,1494.1927625127898,1454.2410843707366,1464.22900390625,74832,0.0,0.0
2022-02-15 00:00:00+00:00,1468.22412109375,1478.2120402848639,1460.2337857408588,1468.22412109375,53566,0.0,0.0
2022-02-16 00:00:00+00:00,1430.27003223994,1466.2265414303297,1430.27003223994,1458.2362060546875,68282,0.0,0.0
2022-02-17 00:00:00+00:00,1460.233642578125,1475.6150610089994,1450.3476518518949,1460.233642578125,71676,0.0,0.0
2022-02-18 00:00:00+00:00,1462.2315619169776,1496.1904916336289,1458.2363937150187,1472.219482421875,54858,0.0,0.0
2022-02-21 00:00:00+00:00,1440.2579882943935,1494.1927534593708,1440.2579882943935,1484.204833984375,69813,0.0,0.0
2022-02-22 00:00:00+00:00,1446.2506740404212,1482.2071825110393,1440.2579226286514,1470.2216796875,173269,0.0,0.0
2022-02-23 00:00:00+00:00,1476.2145329042862,1484.2048686710211,1450.2459416623974,1462.2314453125,155826,0.0,0.0
2022-02-24 00:00:00+00:00,1434.265287532363,1444.2532073619755,1374.3377685546875,1374.3377685546875,70760,0.0,0.0
2022-02-25 00:00:00+00:00,1354.3619302471031,1430.2701210279142,1354.3619302471031,1422.27978515625,88446,0.0,0.0
2022-02-28 00:00:00+00:00,1430.2701569234914,1456.2387491581358,1400.4412433277944,1448.2484130859375,99501,0.0,0.0
2022-03-01 00:00:00+00:00,1418.28450346944,1446.2506767772882,1394.3134977769987,1402.3038330078125,76161,0.0,0.0
2022-03-02 00:00:00+00:00,1436.2628050892065,1436.2628050892065,1379.5413719841774,1408.296630859375,68535,0.0,0.0
2022-03-03 00:00:00+00:00,1378.3328690717924,1416.286962567972,1358.3570303895924,1360.3546142578125,60729,0.0,0.0
2022-03-04 00:00:00+00:00,1352.3643643499133,1370.3426203013894,1334.3861083984375,1334.3861083984375,97953,0.0,0.0
2022-03-07 00:00:00+00:00,1322.400537995816,1336.3836252555905,1260.4754372739576,1320.4029541015625,74746,0.0,0.0
2022-03-08 00:00:00+00:00,1286.4440070950254,1372.3401131588237,1286.4440070950254,1370.342529296875,135750,0.0,0.0
2022-03-09 00:00:00+00:00,1324.3981943895042,1420.2822265625,1324.3981943895042,1420.2822265625,85932,0.0,0.0
2022-03-10 00:00:00+00:00,1376.3352805397728,1446.2507156905594,1376.3352805397728,1428.2724609375,53807,0.0,0.0
2022-03-11 00:00:00+00:00,1452.2434629652234,1460.2337983873156,1422.2797051323785,1438.2603759765625,137957,0.0,0.0
2022-03-14 00:00:00+00:00,1392.3159875555352,1454.2410888671875,1392.3159875555352,1454.2410888671875,57324,0.0,0.0
2022-03-15 00:00:00+00:00,1450.245781358658,1480.2095371718533,1423.278401126782,1436.2626953125,210498,0.0,0.0
2022-03-16 00:00:00+00:00,1474.2170053205818,1474.2170053205818,1436.7703518904284,1448.2484130859375,171189,0.0,0.0
2022-03-17 00:00:00+00:00,1450.2458416482675,1470.2216796875,1442.2555064325747,1470.2216796875,603982,0.0,0.0
2022-03-18 00:00:00+00:00,1474.2168768059719,1479.9908987590916,1444.2531191473138,1458.2362060546875,422930,0.0,0.0
2022-03-21 00:00:00+00:00,1498.1880488358145,1533.5422631015224,1462.2315356637548,1522.1590576171875,193042,0.0,0.0
2022-03-22 00:00:00+00:00,1526.1540694736416,1544.13232421875,1504.1806470073982,1544.13232421875,85619,0.0,0.0
2022-03-23 00:00:00+00:00,1534.1443667763158,1539.1892900507114,1500.1854419909025,1518.1636962890625,134422,0.0,0.0
2022-03-24 00:00:00+00:00,1524.1565654679841,1544.9913515945568,1524.1565654679841,1528.1517333984375,68343,0.0,0.0
2022-03-25 00:00:00+00:00,1538.1396532245712,1550.5885857666533,1526.154149433211,1528.1517333984375,40675,0.0,0.0
2022-03-28 00:00:00+01:00,1548.1274277715897,1554.120179104899,1516.166087327273,1520.1612548828125,93242,0.0,0.0
2022-03-29 00:00:00+01:00,1524.1564688957174,1534.6287875391386,1509.5241428929824,1526.154052734375,50798,0.0,0.0
2022-03-30 00:00:00+01:00,1530.1491991545026,1544.1322858308492,1514.1685286672493,1518.1636962890625,67742,0.0,0.0
2022-03-31 00:00:00+01:00,1534.1444852941177,1544.1324051202514,1515.815701414937,1528.1517333984375,61886,0.0,0.0
2022-04-01 00:00:00+01:00,1526.1542002426688,1540.1372884647874,1505.459258935418,1524.1566162109375,87550,0.0,0.0
2022-04-04 00:00:00+01:00,1510.173477711397,1538.1396532245712,1486.2024701286766,1528.1517333984375,62733,0.0,0.0
2022-04-05 00:00:00+01:00,1524.1566011482766,1554.120361328125,1516.1662651003173,1554.120361328125,57035,0.0,0.0
2022-04-06 00:00:00+01:00,1584.0838248172884,1584.0838248172884,1546.1297356980847,1548.1273193359375,193633,0.0,0.0
2022-04-07 00:00:00+01:00,1592.07431510459,1592.07431510459,1532.1468001069265,1536.1419677734375,82211,0.0,0.0
2022-04-08 00:00:00+01:00,1540.137211652711,1546.129963449025,1513.049003027506,1530.1492919921875,49263,0.0,0.0
2022-04-11 00:00:00+01:00,1514.1686456418506,1564.1082447725184,1506.0804057328432,1528.1517333984375,56337,0.0,0.0
2022-04-12 00:00:00+01:00,1522.1590576171875,1532.1469779427596,1502.6226269373979,1522.1590576171875,59137,0.0,0.0
2022-04-13 00:00:00+01:00,1504.1807758936252,1530.1493683061312,1489.6982916635736,1524.1566162109375,59872,0.0,0.0
2022-04-14 00:00:00+01:00,1520.1612800999692,1524.1564477217826,1506.809387966412,1518.1636962890625,137882,0.0,0.0
2022-04-19 00:00:00+01:00,1512.170876876608,1526.1539629243441,1488.1998722233461,1504.1805419921875,63805,0.0,0.0
2022-04-20 00:00:00+01:00,1490.1976677011282,1518.1638437705863,1490.1976677011282,1516.166259765625,97766,0.0,0.0
2022-04-21 00:00:00+01:00,1512.1710205078125,1518.1637722403402,1492.195181399387,1512.1710205078125,83374,0.0,0.0
2022-04-22 00:00:00+01:00,1476.2145145497423,1520.1613607203706,1476.2145145497423,1502.18310546875,62741,0.0,0.0
2022-04-25 00:00:00+01:00,1478.2120279947917,1518.1637044270833,1468.2241088867188,1498.1878662109375,86463,0.0,0.0
2022-04-26 00:00:00+01:00,1510.1733820251145,1534.1443880890051,1504.1806305091418,1526.154052734375,86493,0.0,0.0
2022-04-27 00:00:00+01:00,1496.1903899548101,1562.1106608072917,1496.1903899548101,1528.1517333984375,160558,0.0,0.0
2022-04-28 00:00:00+01:00,1570.1009948282779,1646.00918541794,1562.1106589767344,1634.023681640625,104692,0.0,0.0
2022-04-29 00:00:00+01:00,1630.028429602888,1669.9801067990372,1605.2943082108252,1659.9921875,117144,0.0,0.0
2022-05-03 00:00:00+01:00,1636.021276473999,1669.9802040686975,1630.028524545523,1661.9898681640625,307973,0.0,0.0
2022-05-04 00:00:00+01:00,1648.0065881200583,1666.5701933437354,1630.028334431476,1657.9945068359375,238642,0.0,0.0
2022-05-05 00:00:00+01:00,1671.977614588017,1685.9607009704737,1657.9945282055605,1665.98486328125,158941,0.0,0.0
2022-05-06 00:00:00+01:00,1697.9462678458729,1697.9462678458729,1622.0380817539399,1632.0260009765625,92377,0.0,0.0
2022-05-09 00:00:00+01:00,1618.0429706256002,1632.0260580260683,1554.1202853663171,1560.113037109375,67670,0.0,0.0
2022-05-10 00:00:00+01:00,1586.0814459898133,1592.0741970451904,1540.1370212319218,1584.0838623046875,176825,0.0,0.0
2022-05-11 00:00:00+01:00,1586.081521645075,1608.0549432295786,1568.1032676213904,1578.0911865234375,293540,0.0,0.0
2022-05-12 00:00:00+01:00,1560.1131792396498,1576.0938520103505,1550.1252587579618,1568.103515625,79532,0.0,0.0
2022-05-13 00:00:00+01:00,1578.0911865234375,1578.0911865234375,1536.1419271348398,1578.0911865234375,98976,0.0,0.0
2022-05-16 00:00:00+01:00,1568.1034141318125,1592.0744217363751,1566.1058301647656,1576.09375,100999,0.0,0.0
2022-05-17 00:00:00+01:00,1610.0525913000702,1619.2414282877323,1570.1009140965946,1602.062255859375,89116,0.0,0.0
2022-05-18 00:00:00+01:00,1608.0550697570352,1661.9898360718673,1608.0550697570352,1626.0333251953125,110633,0.0,0.0
2022-05-19 00:00:00+01:00,1612.050226135254,1628.0308975219727,1582.0864672851562,1598.067138671875,64113,0.0,0.0
2022-05-20 00:00:00+01:00,1606.0575611947056,1632.0261536020828,1600.0648091006956,1620.0406494140625,83701,0.0,0.0
2022-05-23 00:00:00+01:00,1604.0598477585452,1659.9921961237249,1604.0598477585452,1640.016357421875,55631,0.0,0.0
2022-05-24 00:00:00+01:00,1632.0259145770958,1667.982421875,1610.0524934505988,1667.982421875,584059,0.0,0.0
2022-05-25 00:00:00+01:00,1683.9630917851796,1683.9630917851796,1649.2050859614046,1667.982421875,79425,0.0,0.0
2022-05-26 00:00:00+01:00,1661.989813021454,1679.968068210388,1653.9994773819278,1675.972900390625,48574,0.0,0.0
2022-05-27 00:00:00+01:00,1652.0017979879083,1677.9703873154087,1648.006630399062,1673.9752197265625,45276,0.0,0.0
2022-05-30 00:00:00+01:00,1689.956038936492,1697.9463748179883,1636.021271736391,1671.977783203125,60605,0.0,0.0
2022-05-31 00:00:00+01:00,1673.9754130045574,1695.9488372802734,1652.0019887288413,1677.9705810546875,111168,0.0,0.0
2022-06-01 00:00:00+01:00,1697.9463748179883,1709.931878640233,1661.9898633512544,1671.977783203125,63489,0.0,0.0
2022-06-06 00:00:00+01:00,1705.936494765171,1721.9171645053598,1663.987236697175,1717.9219970703125,244029,0.0,0.0
2022-06-07 00:00:00+01:00,1723.91488305273,1747.88588953782,1712.7284621288254,1745.8883056640625,251068,0.0,0.0
2022-06-08 00:00:00+01:00,1747.885817781501,1753.8785691567518,1731.9051474474986,1741.89306640625,203208,0.0,0.0
2022-06-09 00:00:00+01:00,1749.883565451882,1761.8690693248402,1735.9004776000977,1757.8739013671875,92467,0.0,0.0
2022-06-10 00:00:00+01:00,1759.8713971698792,1765.864148806099,1715.9245518376006,1735.900390625,122443,0.0,0.0
2022-06-13 00:00:00+01:00,1725.9124419642858,1757.873783482143,1711.9293550502232,1747.8858642578125,95191,0.0,0.0
2022-06-14 00:00:00+01:00,1749.883489900375,1770.2029074034058,1729.9076509745717,1763.8665771484375,175393,0.0,0.0
2022-06-15 00:00:00+01:00,1805.8158812517536,1809.8110491306293,1765.864202462998,1779.8472900390625,151680,0.0,0.0
2022-06-16 00:00:00+01:00,1789.8350694444446,1835.779496450273,1761.868896484375,1761.868896484375,236380,0.0,0.0
2022-06-17 00:00:00+01:00,1753.878514902855,1770.8479789350188,1717.9220077636164,1755.8760986328125,415855,0.0,0.0
2022-06-20 00:00:00+01:00,1749.8834648304935,1777.8496389259578,1749.8834648304935,1765.8641357421875,67172,0.0,0.0
2022-06-21 00:00:00+01:00,1839.774887084961,1891.7120717366538,1745.8884379069011,1821.796630859375,327145,0.0,0.0
2022-06-22 00:00:00+01:00,1805.8159036231636,1847.7651668710469,1783.8424800171297,1835.7796630859375,149498,0.0,0.0
2022-06-23 00:00:00+01:00,1791.8328509023772,1869.7386270285676,1791.8328509023772,1861.748291015625,156604,0.0,0.0
2022-06-24 00:00:00+01:00,1889.7144424613866,1921.6757860970972,1861.2688661332602,1911.6878662109375,234249,0.0,0.0
2022-06-27 00:00:00+01:00,1921.6756259334052,1953.6369669052704,1903.6973716367308,1943.6490478515625,113042,0.0,0.0
2022-06-28 00:00:00+01:00,1929.6661632449127,1983.6009317828139,1927.6685792249905,1975.610595703125,155422,0.0,0.0
2022-06-29 00:00:00+01:00,1951.6395216434892,1968.5660707238615,1921.6757623552062,1961.62744140625,193795,0.0,0.0
2022-06-30 00:00:00+01:00,1961.6274206867492,1975.6105082069193,1929.6660777835027,1953.6370849609375,111693,0.0,0.0
2022-07-01 00:00:00+01:00,1941.6515268083756,1967.6201171875,1935.6587751824238,1967.6201171875,88266,0.0,0.0
2022-07-04 00:00:00+01:00,1995.5862870649858,1995.5862870649858,1971.6152806137547,1977.6080322265625,121382,0.0,0.0
2022-07-05 00:00:00+01:00,1981.6033065749236,1995.5863944237385,1959.6298828125,1959.6298828125,120032,0.0,0.0
2022-07-06 00:00:00+01:00,1967.6201128718828,1995.5862870649858,1951.6394419043954,1977.6080322265625,242595,0.0,0.0
2022-07-07 00:00:00+01:00,1997.5838580534826,2007.57177734375,1979.6056033310012,2007.57177734375,155263,0.0,0.0
2022-07-08 00:00:00+01:00,2012.5657327482015,2025.9994353961679,2005.232561454664,2017.5596923828125,125963,0.0,0.0
2022-07-11 00:00:00+01:00,1991.5909677449938,2067.4991490632583,1989.273824277115,2057.51123046875,130978,0.0,0.0
2022-07-12 00:00:00+01:00,2042.529469660515,2082.481146328691,2042.529469660515,2067.499267578125,61973,0.0,0.0
2022-07-13 00:00:00+01:00,2117.439232459435,2117.439232459435,2052.517746558556,2077.487548828125,77238,0.0,0.0
2022-07-14 00:00:00+01:00,2037.8296649639424,2082.7817899263823,2022.8456233097959,2077.787109375,133870,30.000002,0.0
2022-07-15 00:00:00+01:00,2072.7921742781323,2112.2720950655585,2057.8081344640736,2102.76025390625,223432,0.0,0.0
2022-07-18 00:00:00+01:00,2132.7287078572213,2139.7212609977364,2077.787218896028,2137.723388671875,114810,0.0,0.0
2022-07-19 00:00:00+01:00,2152.70689766362,2152.70689766362,2101.511431999926,2117.744140625,216167,0.0,0.0
2022-07-20 00:00:00+01:00,2132.728619025735,2142.7179802389705,2102.7605353860295,2122.7392578125,437948,0.0,0.0
2022-07-21 00:00:00+01:00,2132.7282111540126,2192.6643669709874,2127.733531502598,2162.6962890625,189585,0.0,0.0
2022-07-22 00:00:00+01:00,2177.6806640625,2192.6647053289853,2117.823516401676,2177.6806640625,123010,0.0,0.0
2022-07-25 00:00:00+01:00,2187.669921875,2192.664602061929,2117.744399257991,2187.669921875,103533,0.0,0.0
2022-07-26 00:00:00+01:00,2237.6167237442924,2237.6167237442924,2167.6912011272834,2187.669921875,103221,0.0,0.0
2022-07-27 00:00:00+01:00,2212.643711159446,2212.643711159446,2177.2073269847306,2197.65966796875,106891,0.0,0.0
2022-07-28 00:00:00+01:00,2242.61144356706,2242.61144356706,2172.68591971419,2207.648681640625,160008,0.0,0.0
2022-07-29 00:00:00+01:00,2217.638118489583,2252.6008816189237,2207.648757595486,2247.606201171875,112244,0.0,0.0
2022-08-01 00:00:00+01:00,2252.6006881611916,2262.590048197383,2227.627288070713,2242.611328125,81647,0.0,0.0
2022-08-02 00:00:00+01:00,2247.606201171875,2252.6008816189237,2222.632798936632,2247.606201171875,122471,0.0,0.0
2022-08-03 00:00:00+01:00,2192.6645392340583,2252.6006997598183,2182.6751791464317,2217.637939453125,239842,0.0,0.0
2022-08-04 00:00:00+01:00,2217.6383922230116,2227.627754350142,2157.7022194602273,2197.65966796875,153222,0.0,0.0
2022-08-05 00:00:00+01:00,2212.643493936228,2212.643493936228,2137.8420553300825,2147.712646484375,160709,0.0,0.0
2022-08-08 00:00:00+01:00,2162.696214076451,2167.6908935546876,2089.034690886651,2097.765380859375,142128,0.0,0.0
2022-08-09 00:00:00+01:00,2092.770998323345,2187.669921875,2092.770998323345,2187.669921875,96070,0.0,0.0
2022-08-10 00:00:00+01:00,2187.6698945585663,2187.6698945585663,2127.733733063811,2142.7177734375,73701,0.0,0.0
2022-08-11 00:00:00+01:00,2137.7232476892605,2167.941064625055,2097.765803807218,2127.73388671875,517036,0.0,0.0
2022-08-12 00:00:00+01:00,2132.7282305056883,2200.21323064839,2092.401069571448,2112.74951171875,139967,0.0,0.0
2022-08-15 00:00:00+01:00,2107.755215992647,2127.7339384191177,2092.771174172794,2122.7392578125,52630,0.0,0.0
2022-08-16 00:00:00+01:00,2162.696650115537,2162.696650115537,2112.7498452629843,2127.73388671875,67628,0.0,0.0
2022-08-17 00:00:00+01:00,2122.73888108833,2162.6963188499926,2075.289423746355,2087.776123046875,132177,0.0,0.0
2022-08-18 00:00:00+01:00,2097.7658547794117,2132.728619025735,2047.8190487132351,2122.7392578125,63812,0.0,0.0
2022-08-19 00:00:00+01:00,2152.706949292627,2152.706949292627,2099.7633445072397,2112.74951171875,63891,0.0,0.0
2022-08-22 00:00:00+01:00,2097.765441009964,2112.7494798743205,2059.685886513208,2067.79736328125,72881,0.0,0.0
2022-08-23 00:00:00+01:00,2047.818796570864,2062.8028365457726,2016.0327067578796,2052.8134765625,107184,0.0,0.0
2022-08-24 00:00:00+01:00,2052.8134879878003,2057.308700005292,1981.3895637098792,2027.840087890625,190548,0.0,0.0
2022-08-25 00:00:00+01:00,2037.8293498660041,2047.818709424171,1976.1950501682854,1991.8782958984375,111174,0.0,0.0
2022-08-26 00:00:00+01:00,1977.893298979115,2032.8347795063123,1977.893298979115,2002.86669921875,78497,0.0,0.0
2022-08-30 00:00:00+01:00,2047.8187939799425,2047.8187939799425,1955.4202627623124,1971.899658203125,104516,0.0,0.0
2022-08-31 00:00:00+01:00,1941.9316766826923,1977.8933743990385,1915.959339443109,1947.92529296875,248163,0.0,0.0
2022-09-01 00:00:00+01:00,1937.935898071942,1957.9146186706216,1858.0210156772227,1868.0103759765625,109506,0.0,0.0
2022-09-02 00:00:00+01:00,1874.0039817256506,1901.974190408123,1842.038028945682,1899.976318359375,65788,0.0,0.0
2022-09-05 00:00:00+01:00,1919.95501559484,1919.95501559484,1846.0337506864018,1876.0018310546875,112356,0.0,0.0
2022-09-06 00:00:00+01:00,1864.0145556269913,1917.9570990374186,1842.0379638671875,1842.0379638671875,106669,0.0,0.0
2022-09-07 00:00:00+01:00,1840.04020264713,1895.9806214029602,1829.3765115456254,1874.0040283203125,183452,0.0,0.0
2022-09-08 00:00:00+01:00,1911.9634755676539,1911.9634755676539,1814.0677490234375,1814.0677490234375,187742,0.0,0.0
2022-09-09 00:00:00+01:00,1812.0699766704015,1820.1813324380782,1782.601363488606,1790.0933837890625,259008,0.0,0.0
2022-09-12 00:00:00+01:00,1781.0629104487723,1788.095458984375,1747.85828721147,1788.095458984375,147605,0.0,0.0
2022-09-13 00:00:00+01:00,1794.0890349134888,1824.0571145612641,1768.11669921875,1768.11669921875,308359,0.0,0.0
2022-09-14 00:00:00+01:00,1778.1060311755737,1778.1060311755737,1730.1571044921875,1730.1571044921875,158722,0.0,0.0
2022-09-15 00:00:00+01:00,1734.152917833273,1735.3515922721926,1718.1699416320448,1728.1593017578125,181599,0.0,0.0
2022-09-16 00:00:00+01:00,1726.1615280100334,1798.0849250104516,1726.1615280100334,1792.09130859375,374760,0.0,0.0
2022-09-20 00:00:00+01:00,1810.072150243472,1810.072150243472,1748.7374514486794,1750.135986328125,65958,0.0,0.0
2022-09-21 00:00:00+01:00,1774.1104568995786,1802.080666805653,1722.4655109563234,1778.106201171875,112967,0.0,0.0
2022-09-22 00:00:00+01:00,1766.1188436747948,1782.1018196356526,1744.1422517286153,1764.1209716796875,69777,0.0,0.0
2022-09-23 00:00:00+01:00,1760.1252939453125,1782.5594072270392,1692.1976435546874,1748.1380615234375,154206,0.0,0.0
2022-09-26 00:00:00+01:00,1734.1529013029844,1742.7038520205392,1697.0764257814026,1732.155029296875,119826,0.0,0.0
2022-09-27 00:00:00+01:00,1696.1933954803037,1736.1508370699457,1696.1933954803037,1702.18701171875,114691,0.0,0.0
2022-09-28 00:00:00+01:00,1686.204018657604,1730.1572039780629,1652.989395659757,1706.1827392578125,177667,0.0,0.0
2022-09-29 00:00:00+01:00,1720.1677498053825,1720.1677498053825,1648.2443595696175,1684.2060546875,392823,0.0,0.0
2022-09-30 00:00:00+01:00,1646.2464479377898,1724.1634521484375,1646.2464479377898,1724.1634521484375,159644,0.0,0.0
2022-10-03 00:00:00+01:00,2102.7606229692974,2142.7180694865287,1983.517618077868,2137.723388671875,576775,0.0,0.0
2022-10-04 00:00:00+01:00,2177.6805754805036,2272.579499641351,2150.2347101247947,2257.595458984375,489920,0.0,0.0
2022-10-05 00:00:00+01:00,2287.56385645845,2287.56385645845,2220.3354026431193,2227.627685546875,248519,0.0,0.0
2022-10-06 00:00:00+01:00,2282.5689120747297,2282.5689120747297,2222.6327480815203,2252.600830078125,210585,0.0,0.0
2022-10-07 00:00:00+01:00,2297.553218277046,2297.553218277046,2227.627685546875,2227.627685546875,409530,0.0,0.0
2022-10-10 00:00:00+01:00,2207.6487603773926,2282.5689671775303,2107.7551513105423,2152.707275390625,103188,0.0,0.0
2022-10-11 00:00:00+01:00,2142.7175898991577,2147.7122695958924,2107.7548320220153,2112.74951171875,249014,0.0,0.0
2022-10-12 00:00:00+01:00,2072.792377426184,2107.755140418915,2017.8508927233213,2082.78173828125,496384,0.0,0.0
2022-10-13 00:00:00+01:00,2127.7335091456594,2127.7335091456594,2027.8399171669898,2092.770751953125,77809,0.0,0.0
2022-10-14 00:00:00+01:00,2112.7494703488587,2127.7335091456594,2072.7920335573913,2092.770751953125,113289,0.0,0.0
2022-10-17 00:00:00+01:00,2092.770701381138,2127.7334577287947,2091.771765485491,2097.765380859375,149555,0.0,0.0
2022-10-18 00:00:00+01:00,2107.755134694169,2107.755134694169,2037.829608898628,2047.8189697265625,168974,0.0,0.0
2022-10-19 00:00:00+01:00,2092.7711073133682,2092.7711073133682,1997.8721788194443,2022.8455810546875,123260,0.0,0.0
2022-10-20 00:00:00+01:00,2017.8507880357818,2020.7916254777112,1971.899730486452,1983.886962890625,233014,0.0,0.0
2022-10-21 00:00:00+01:00,1935.9380141038162,1977.89332710297,1931.9422700086586,1973.8975830078125,99272,0.0,0.0
2022-10-24 00:00:00+01:00,2002.8668345441722,2007.861514929569,1975.8955604630287,1977.8934326171875,78058,0.0,0.0
2022-10-25 00:00:00+01:00,1977.8932379645269,2032.834716796875,1965.9060062192873,2032.834716796875,142903,0.0,0.0
2022-10-26 00:00:00+01:00,2047.8189375094582,2087.7763801925694,2017.8508554971247,2062.802978515625,290406,0.0,0.0
2022-10-27 00:00:00+01:00,2077.787052210366,2077.787052210366,2022.8455676567264,2047.8189697265625,112027,0.0,0.0
2022-10-28 00:00:00+01:00,2077.786704009434,2122.7388202019456,2017.8505490860848,2117.744140625,79357,0.0,0.0
2022-10-31 00:00:00+00:00,2102.7605353860295,2127.7339384191177,2092.8960411879593,2122.7392578125,140689,0.0,0.0
2022-11-01 00:00:00+00:00,2152.7072239628546,2202.65402730306,2122.739141958731,2157.701904296875,320324,0.0,0.0
2022-11-02 00:00:00+00:00,2192.66455078125,2212.643271061717,2152.7071102203163,2192.66455078125,176515,0.0,0.0
2022-11-03 00:00:00+00:00,2192.664562594506,2221.581760533202,2157.7018019153224,2167.691162109375,99609,0.0,0.0
2022-11-04 00:00:00+00:00,2192.66455078125,2222.6326312019505,2170.1884904657245,2192.66455078125,97084,0.0,0.0
2022-11-07 00:00:00+00:00,2182.67529296875,2234.470225276445,2162.241977802076,2182.67529296875,57503,0.0,0.0
2022-11-08 00:00:00+00:00,2197.6591909123563,2202.6538708917024,2152.70707109824,2172.685791015625,61776,0.0,0.0
2022-11-09 00:00:00+00:00,2187.6698479259467,2242.611328125,2152.707087799276,2242.611328125,68298,0.0,0.0
2022-11-10 00:00:00+00:00,2272.5791848761473,2317.5313006209503,2220.145048954832,2312.53662109375,77301,0.0,0.0
2022-11-11 00:00:00+00:00,2317.5315283964364,2325.52301642539,2242.611328125,2242.611328125,346971,0.0,0.0
2022-11-14 00:00:00+00:00,2257.595164183223,2277.131238728959,2237.616445916115,2262.58984375,61119,0.0,0.0
2022-11-15 00:00:00+00:00,2242.6115073403157,2277.574270260989,2232.622146505838,2272.57958984375,71900,0.0,0.0
2022-11-16 00:00:00+00:00,2227.6270867825606,2287.5632415838854,2222.6324072157836,2262.58984375,42337,0.0,0.0
2022-11-17 00:00:00+00:00,2252.600766505402,2282.56884765625,2227.6273655463624,2282.56884765625,57910,0.0,0.0
2022-11-18 00:00:00+00:00,2222.632735402961,2297.5529399671054,2222.632735402961,2277.57421875,156007,0.0,0.0
2022-11-21 00:00:00+00:00,2277.5739050789616,2332.515380859375,2249.6236974560475,2332.515380859375,109887,0.0,0.0
2022-11-22 00:00:00+00:00,2437.4038013059703,2467.3718808302237,2297.5527635261196,2342.5048828125,248969,0.0,0.0
2022-11-23 00:00:00+00:00,2397.446533203125,2417.425254313151,2302.5476079305013,2397.446533203125,211023,0.0,0.0
2022-11-24 00:00:00+00:00,2447.3931069316172,2467.371826171875,2387.4569492108426,2467.371826171875,265410,0.0,0.0
2022-11-25 00:00:00+00:00,2477.3612261546186,2522.3133451775852,2447.393146805974,2487.3505859375,162226,0.0,0.0
2022-11-28 00:00:00+00:00,2422.41974734877,2502.3346256118225,2397.4463478915663,2487.3505859375,116031,0.0,0.0
2022-11-29 00:00:00+00:00,2492.3450718962213,2505.326360986794,2460.3939998092546,2482.355712890625,129847,0.0,0.0
2022-11-30 00:00:00+00:00,2437.4035973654427,2527.3078284158073,2437.4035973654427,2482.355712890625,192979,0.0,0.0
2022-12-01 00:00:00+00:00,2442.7328833007814,2502.677248535156,2437.73751953125,2497.681884765625,101229,34.0,0.0
2022-12-02 00:00:00+00:00,2482.695587031574,2507.6724038025154,2397.7744100103737,2407.76513671875,151445,0.0,0.0
2022-12-05 00:00:00+00:00,2372.7975833587334,2432.741943359375,2367.237802508088,2432.741943359375,68496,0.0,0.0
2022-12-06 00:00:00+00:00,2422.75125401869,2447.728071070429,2302.8625321703425,2342.825439453125,4339206,0.0,0.0
2022-12-07 00:00:00+00:00,2322.8442542381536,2342.8257101885893,2275.8878327546295,2292.8720703125,270003,0.0,0.0
2022-12-08 00:00:00+00:00,2277.885768581081,2298.3167566260777,2197.9599521396394,2217.94140625,198994,0.0,0.0
2022-12-09 00:00:00+00:00,2232.927492423977,2264.3634028501574,2182.9738572467068,2227.93212890625,113556,0.0,0.0
2022-12-12 00:00:00+00:00,2217.9414018707957,2237.922855941704,2187.969220764434,2227.93212890625,82825,0.0,0.0
2022-12-13 00:00:00+00:00,2227.93213551954,2252.908953182315,2202.955317856765,2212.946044921875,170322,0.0,0.0
2022-12-14 00:00:00+00:00,2212.946246510757,2297.867434300109,2192.9647905603215,2292.8720703125,138356,0.0,0.0
2022-12-15 00:00:00+00:00,2292.8718325966283,2324.307742720633,2262.8996517783717,2277.8857421875,64236,0.0,0.0
2022-12-16 00:00:00+00:00,2267.895017384959,2292.87183475704,2232.9274730640454,2272.890380859375,262538,0.0,0.0
2022-12-19 00:00:00+00:00,2277.8855078125002,2277.8855078125002,2232.9272412109376,2247.913330078125,62695,0.0,0.0
2022-12-20 00:00:00+00:00,2252.9089509431305,2283.840202879691,2217.94140625,2217.94140625,82790,0.0,0.0
2022-12-21 00:00:00+00:00,2277.885509465479,2277.885509465479,2207.9504280345213,2242.91796875,103768,0.0,0.0
2022-12-22 00:00:00+00:00,2237.9228625846504,2247.91358964976,2212.946044921875,2212.946044921875,48710,0.0,0.0
2022-12-23 00:00:00+00:00,2212.94604272241,2262.899677998311,2186.9701523789413,2217.94140625,33933,0.0,0.0
2022-12-28 00:00:00+00:00,2267.8947986949574,2267.8947986949574,2192.9643538041546,2197.959716796875,65346,0.0,0.0
2022-12-29 00:00:00+00:00,2262.8996825067165,2262.8996825067165,2184.9820118046996,2207.95068359375,52586,0.0,0.0
2022-12-30 00:00:00+00:00,2232.9275080305024,2237.922871583143,2182.973872504093,2192.964599609375,31077,0.0,0.0
2023-01-03 00:00:00+00:00,2192.964617735825,2225.4344810963785,2153.001708984375,2153.001708984375,108320,0.0,0.0
2023-01-04 00:00:00+00:00,2157.9970771416083,2177.9785315595864,2128.0248955146417,2143.010986328125,95033,0.0,0.0
2023-01-05 00:00:00+00:00,2143.0109978441924,2143.0109978441924,2098.0527251621465,2118.0341796875,79791,0.0,0.0
2023-01-06 00:00:00+00:00,2108.043483167959,2153.0017565056646,2053.094482421875,2053.094482421875,99525,0.0,0.0
2023-01-09 00:00:00+00:00,2058.0897473144532,2073.0758377075194,1979.1909327571616,1998.1453857421875,179767,0.0,0.0
2023-01-10 00:00:00+00:00,1998.1453836112844,2008.1361105293408,1974.167639007949,2003.1407470703125,87947,0.0,0.0
2023-01-11 00:00:00+00:00,2018.126931843977,2083.0666598488574,1984.1584587337318,2063.085205078125,155046,0.0,0.0
2023-01-12 00:00:00+00:00,2073.0758914814746,2187.969254141894,2048.0990735118185,2153.001708984375,176429,0.0,0.0
2023-01-13 00:00:00+00:00,2182.9739021695277,2182.9739021695277,2128.02490234375,2128.02490234375,91656,0.0,0.0
2023-01-16 00:00:00+00:00,2143.010754336678,2148.0061174004,2095.0552689249485,2108.043212890625,41517,0.0,0.0
2023-01-17 00:00:00+00:00,2113.0387298808932,2153.0016373018084,2033.1129150390625,2033.1129150390625,100755,0.0,0.0
2023-01-18 00:00:00+00:00,2023.1221860997816,2054.9925071694392,2013.1314592548445,2038.1082763671875,77481,0.0,0.0
2023-01-19 00:00:00+00:00,2088.061789226062,2088.061789226062,2005.546341886867,2028.117431640625,64489,0.0,0.0
2023-01-20 00:00:00+00:00,2053.0943666345934,2053.0943666345934,2005.5385312441151,2038.1082763671875,115406,0.0,0.0
2023-01-23 00:00:00+00:00,2043.103639789656,2053.0943666345934,2013.1314592548445,2038.1082763671875,184281,0.0,0.0
2023-01-24 00:00:00+00:00,2088.0619170765817,2088.0619170765817,2023.1221923828125,2023.1221923828125,170908,0.0,0.0
2023-01-25 00:00:00+00:00,2023.1221860997816,2058.2794953277007,2009.085166099799,2038.1082763671875,81777,0.0,0.0
2023-01-26 00:00:00+00:00,2038.108278466677,2043.1036418942913,1998.195373462884,2033.1129150390625,129044,0.0,0.0
2023-01-27 00:00:00+00:00,2033.1130252578882,2063.0852074484224,2018.1269341626212,2058.08984375,104835,0.0,0.0
2023-01-30 00:00:00+00:00,2048.098884169104,2058.0896104333438,2003.1406159800263,2028.117431640625,76019,0.0,0.0
2023-01-31 00:00:00+00:00,2023.1221791860219,2023.1221791860219,1986.1564899860798,1996.147216796875,78267,0.0,0.0
2023-02-01 00:00:00+00:00,1944.1955194135085,2028.1176281651708,1944.1955194135085,1972.1695556640625,89500,0.0,0.0
2023-02-02 00:00:00+00:00,1974.167535275829,1986.1564069475446,1952.1879372110172,1958.182373046875,77956,0.0,0.0
2023-02-03 00:00:00+00:00,1948.1916898464058,1954.367963869148,1910.2269287109375,1910.2269287109375,78382,0.0,0.0
2023-02-06 00:00:00+00:00,1904.232481087273,1950.189823233136,1890.7450002401176,1940.1990966796875,188923,0.0,0.0
2023-02-07 00:00:00+00:00,1914.2233652017208,1952.1881292297298,1888.247474024662,1912.2252197265625,73755,0.0,0.0
2023-02-08 00:00:00+00:00,1918.219610091743,1964.8563780232305,1910.2270283830273,1960.1806640625,352493,0.0,0.0
2023-02-09 00:00:00+00:00,1976.1658185387234,1988.154691047553,1942.1973464303733,1980.162109375,272266,0.0,0.0
2023-02-10 00:00:00+00:00,1942.1973018128588,1978.1639185130969,1896.2399582514433,1914.2232666015625,200480,0.0,0.0
2023-02-13 00:00:00+00:00,1906.2306978745528,1930.2084425019057,1884.2510986328125,1884.2510986328125,179244,0.0,0.0
2023-02-14 00:00:00+00:00,1880.2547843268974,1910.2269647359342,1835.8959329301003,1882.2529296875,107444,0.0,0.0
2023-02-15 00:00:00+00:00,1872.262234899392,1882.2529618732415,1846.2863447673835,1864.2696533203125,70019,0.0,0.0
2023-02-16 00:00:00+00:00,1840.2919085830738,1874.260380294162,1840.2919085830738,1864.2696533203125,52126,0.0,0.0
2023-02-17 00:00:00+00:00,1854.2789497457172,1874.2604039455634,1816.3141867660097,1866.267822265625,57166,0.0,0.0
2023-02-20 00:00:00+00:00,1864.2695386562161,1878.2565555593176,1838.498416107693,1844.2880859375,49853,0.0,0.0
2023-02-21 00:00:00+00:00,1832.2992887051694,1866.2677597062466,1828.3029979991602,1840.2918701171875,178507,0.0,0.0
2023-02-22 00:00:00+00:00,1832.299325019811,1834.2974704124172,1747.7737747191593,1812.31787109375,154667,0.0,0.0
2023-02-23 00:00:00+00:00,1820.3104248046875,1824.3067155287372,1806.3234072705131,1820.3104248046875,58084,0.0,0.0
2023-02-24 00:00:00+00:00,1810.319734401129,1824.30675221659,1778.3494079657887,1792.33642578125,47155,0.0,0.0
2023-02-27 00:00:00+00:00,1788.3402052137587,1810.3198055013022,1781.6663456471347,1798.3309326171875,53393,0.0,0.0
2023-02-28 00:00:00+00:00,1788.3402245261452,1798.3309520374646,1740.3847324718129,1758.3680419921875,329959,0.0,0.0
2023-03-01 00:00:00+00:00,1768.3585997236537,1880.2547371072974,1750.9348311561855,1878.256591796875,216454,0.0,0.0
2023-03-02 00:00:00+00:00,1898.2382528437008,1938.201163429884,1850.282760140281,1906.2308349609375,340387,0.0,0.0
2023-03-03 00:00:00+00:00,1926.2121757895259,1928.210321200096,1886.249267578125,1886.249267578125,101030,0.0,0.0
2023-03-06 00:00:00+00:00,1894.2419198991881,1924.214102176074,1872.262319562805,1892.2437744140625,96843,0.0,0.0
2023-03-07 00:00:00+00:00,1870.2640684123826,1930.7079659225049,1870.2640684123826,1914.2232666015625,101152,0.0,0.0
2023-03-08 00:00:00+00:00,1948.1916779224462,1948.1916779224462,1896.9193229112777,1940.1990966796875,60815,0.0,0.0
2023-03-09 00:00:00+00:00,1934.2047160971574,1955.6247759012977,1900.236244843385,1924.2139892578125,88328,0.0,0.0
2023-03-10 00:00:00+00:00,1888.247474024662,1922.2159471023542,1880.2548921240284,1912.2252197265625,151798,0.0,0.0
2023-03-13 00:00:00+00:00,1966.1751524340204,1966.1751524340204,1898.2382061100807,1902.2344970703125,98163,0.0,0.0
2023-03-14 00:00:00+00:00,1954.1862175659812,1954.1862175659812,1888.2474188137548,1928.2103271484375,91973,0.0,0.0
2023-03-15 00:00:00+00:00,1940.199193663516,1946.1936298952264,1874.2603951147046,1886.249267578125,251048,0.0,0.0
2023-03-16 00:00:00+00:00,1888.2473999914462,1942.1973257054874,1858.275219039201,1916.221435546875,105776,0.0,0.0
2023-03-17 00:00:00+00:00,1918.219613486842,1932.2066315018503,1880.2548503032483,1898.2381591796875,406838,0.0,0.0
2023-03-20 00:00:00+00:00,1868.2660239083425,1910.227078990776,1862.271587467995,1902.2344970703125,177681,0.0,0.0
2023-03-21 00:00:00+00:00,1908.2287871133528,1962.1787109375,1860.2732992696665,1962.1787109375,98973,0.0,0.0
2023-03-22 00:00:00+00:00,1946.1935165405273,1956.0243572399486,1912.2250465393065,1918.219482421875,73795,0.0,0.0
2023-03-23 00:00:00+00:00,1920.217735105621,1932.206607541244,1886.249263204689,1896.239990234375,37324,0.0,0.0
2023-03-24 00:00:00+00:00,1878.256687439594,1938.2010498046875,1857.4759263701815,1938.2010498046875,198553,0.0,0.0
2023-03-27 00:00:00+01:00,1956.1842870386827,1956.1842870386827,1910.2269442379782,1932.20654296875,106298,0.0,0.0
2023-03-28 00:00:00+01:00,1908.2288193753316,1950.189871947983,1868.2659121632828,1882.2529296875,184471,0.0,0.0
2023-03-29 00:00:00+01:00,1882.2529365325643,1924.2139892578125,1876.2585004289574,1924.2139892578125,93668,0.0,0.0
2023-03-30 00:00:00+01:00,1920.2176709337834,1946.1935603428774,1918.2195255946224,1932.20654296875,82863,0.0,0.0
2023-03-31 00:00:00+01:00,1918.219494047619,1920.2176393539185,1880.2547332279264,1888.247314453125,72417,0.0,0.0
2023-04-03 00:00:00+01:00,1892.2436691991977,1916.2214136874663,1812.3178542383023,1852.28076171875,223249,0.0,0.0
2023-04-04 00:00:00+01:00,1856.2769895523313,1900.2361862909224,1812.31779281374,1888.247314453125,129654,0.0,0.0
2023-04-05 00:00:00+01:00,1870.2640183971776,1916.2213607295866,1831.8197219765955,1858.275146484375,112790,0.0,0.0
2023-04-06 00:00:00+01:00,1818.3123869054457,1904.2326425504284,1818.3123869054457,1902.2344970703125,61526,0.0,0.0
2023-04-11 00:00:00+01:00,1908.2288818359375,1918.2196089659685,1896.2400092799003,1908.2288818359375,107082,0.0,0.0
2023-04-12 00:00:00+01:00,1908.2287794543852,1920.2176513671875,1892.2436169039818,1920.2176513671875,86179,0.0,0.0
2023-04-13 00:00:00+01:00,1938.2010454226763,1952.188063276242,1916.2214459385016,1948.1917724609375,168258,0.0,0.0
2023-04-14 00:00:00+01:00,1944.1954263743403,1980.1620426895902,1943.6958900366285,1964.1768798828125,86738,0.0,0.0
2023-04-17 00:00:00+01:00,1978.1638932324613,2008.1360734329533,1958.1824397654668,1974.1676025390625,74032,0.0,0.0
2023-04-18 00:00:00+01:00,2023.122278849284,2023.122278849284,1924.2140785499855,1942.1973876953125,133847,0.0,0.0
2023-04-19 00:00:00+01:00,1934.2047691113082,1988.1546955224708,1928.2103328434014,1970.17138671875,93235,0.0,0.0
2023-04-20 00:00:00+01:00,1964.1768725230638,1990.1527619867463,1920.2176749691398,1922.2158203125,535794,0.0,0.0
2023-04-21 00:00:00+01:00,1918.2195809436914,1946.6931528483242,1896.2399815787116,1916.221435546875,61332,0.0,0.0
2023-04-24 00:00:00+01:00,1898.2381036236789,1940.7846725497604,1898.2381036236789,1914.2232666015625,62013,0.0,0.0
2023-04-25 00:00:00+01:00,1898.2380761921777,1930.2084016859405,1898.2380761921777,1922.2158203125,319007,0.0,0.0
2023-04-26 00:00:00+01:00,1946.1936314533668,1950.1899222777063,1904.8229722033382,1938.2010498046875,65257,0.0,0.0
2023-04-27 00:00:00+01:00,1956.1844449677692,1964.1770269696804,1862.2716064453125,1862.2716064453125,205994,0.0,0.0
2023-04-28 00:00:00+01:00,1880.2548434742264,1920.2177519433917,1794.5343560250196,1804.3253173828125,167702,0.0,0.0
2023-05-02 00:00:00+01:00,1858.2753120034429,1858.2753120034429,1760.3661826613259,1768.3587646484375,210641,0.0,0.0
2023-05-03 00:00:00+01:00,1796.3327874155286,1802.3272238585168,1736.6191658597927,1746.379150390625,154874,0.0,0.0
2023-05-04 00:00:00+01:00,1770.3568201631172,1793.31049099926,1740.8081963001302,1750.3753662109375,88906,0.0,0.0
2023-05-05 00:00:00+01:00,1752.3734328549688,1770.3567406037655,1704.3380636171873,1764.3623046875,172424,0.0,0.0
2023-05-09 00:00:00+01:00,1768.3587216659332,1776.3513034587736,1688.4329037375294,1702.419921875,174337,0.0,0.0
2023-05-10 00:00:00+01:00,1708.4141867747426,1774.3529799485045,1703.0651480440497,1770.356689453125,142989,0.0,0.0
2023-05-11 00:00:00+01:00,1760.36609934591,1806.3234435967113,1758.3679539437012,1792.33642578125,144639,0.0,0.0
2023-05-12 00:00:00+01:00,1758.3680507114957,1806.3235430036273,1758.3680507114957,1790.33837890625,131315,0.0,0.0
2023-05-15 00:00:00+01:00,1798.3308533455072,1824.3067434493867,1790.578039465626,1812.31787109375,250573,0.0,0.0
2023-05-16 00:00:00+01:00,1806.3234072705131,1826.3048608907623,1800.0892034975645,1820.3104248046875,182129,0.0,0.0
2023-05-17 00:00:00+01:00,1806.3234615521665,1817.0615418819093,1751.0207868028801,1752.37353515625,139514,0.0,0.0
2023-05-18 00:00:00+01:00,1764.362392786744,1785.0711990845741,1706.1764083440496,1730.3939208984375,69594,0.0,0.0
2023-05-19 00:00:00+01:00,1714.4086331040112,1740.384521484375,1714.4086331040112,1740.384521484375,92841,0.0,0.0
2023-05-22 00:00:00+01:00,1738.3863426181538,1752.373359167955,1696.42529296875,1696.42529296875,156859,0.0,0.0
2023-05-23 00:00:00+01:00,1710.412589518229,1718.4051717122395,1678.4422607421875,1678.4422607421875,92759,0.0,0.0
2023-05-24 00:00:00+01:00,1686.4346695322122,1686.4346695322122,1604.5107104672588,1622.4940185546875,141285,0.0,0.0
2023-05-25 00:00:00+01:00,1642.4755088404604,1648.4699450041117,1594.52001953125,1594.52001953125,114261,0.0,0.0
2023-05-26 00:00:00+01:00,1608.5070840209644,1613.4724461845378,1540.5701388573461,1546.5645751953125,118318,0.0,0.0
2023-05-30 00:00:00+01:00,1584.529241864093,1591.5227504977934,1536.5737540901482,1538.5718994140625,587681,0.0,0.0
2023-05-31 00:00:00+01:00,1544.5663434480366,1560.5515061227898,1518.5904541015625,1518.5904541015625,605082,0.0,0.0
2023-06-01 00:00:00+01:00,1532.577613292724,1558.553505043448,1524.585031215578,1530.5794677734375,145413,0.0,0.0
2023-06-02 00:00:00+01:00,1506.6015781377655,1540.5180950025133,1493.4377713426072,1528.5811767578125,330314,0.0,0.0
2023-06-05 00:00:00+01:00,1510.5979239339085,1544.5663957684012,1492.6146153156476,1512.5960693359375,452021,0.0,0.0
2023-06-06 00:00:00+01:00,1558.5533566942402,1558.5533566942402,1514.5941594541464,1528.5811767578125,137234,0.0,0.0
2023-06-07 00:00:00+01:00,1524.584846324338,1532.5774274321984,1498.6089577237924,1504.6033935546875,109721,0.0,0.0
2023-06-08 00:00:00+01:00,1512.596073718781,1512.596073718781,1496.6109104562313,1502.6053466796875,82395,0.0,0.0
2023-06-09 00:00:00+01:00,1470.6349312331763,1498.6089652511987,1466.6386406591732,1484.6219482421875,128163,0.0,0.0
2023-06-12 00:00:00+01:00,1476.629350839417,1486.6200771644467,1440.6627360693092,1462.642333984375,284794,0.0,0.0
2023-06-13 00:00:00+01:00,1466.6385972396188,1481.7455459407065,1448.6552901889968,1470.6348876953125,541968,0.0,0.0
2023-06-14 00:00:00+01:00,1460.644247233073,1508.599735514323,1460.644247233073,1498.6090087890625,673325,0.0,0.0
2023-06-15 00:00:00+01:00,1498.6090703841742,1552.5589969180046,1496.6109249569954,1524.5849609375,200067,0.0,0.0
2023-06-16 00:00:00+01:00,1494.612679311606,1558.5533286939208,1494.612679311606,1536.57373046875,337007,0.0,0.0
2023-06-19 00:00:00+01:00,1534.5757802648172,1590.5238555869719,1524.585052528718,1584.5294189453125,502566,0.0,0.0
2023-06-20 00:00:00+01:00,1578.5348300958576,1586.5274115140644,1528.5811962320647,1540.570068359375,120815,0.0,0.0
2023-06-21 00:00:00+01:00,1506.6015933321924,1554.5570817141188,1495.1382344392196,1550.560791015625,109648,0.0,0.0
2023-06-22 00:00:00+01:00,1566.545938010621,1578.5348099851922,1516.5923047832414,1528.5811767578125,163586,0.0,0.0
2023-06-23 00:00:00+01:00,1518.590552690629,1559.5525347039948,1512.5961162984293,1516.5924072265625,118243,0.0,0.0
2023-06-26 00:00:00+01:00,1492.6145687280111,1542.5682022195779,1492.6145687280111,1508.5997314453125,174715,0.0,0.0
2023-06-27 00:00:00+01:00,1508.5998170878215,1706.4162169443703,1460.6443262135067,1640.4774169921875,529104,0.0,0.0
2023-06-28 00:00:00+01:00,1630.4866991487456,1682.078829680684,1622.2543495909858,1672.44775390625,542189,0.0,0.0
2023-06-29 00:00:00+01:00,1678.4420997509058,1690.612809949055,1644.4736286845184,1654.46435546875,164355,0.0,0.0
2023-06-30 00:00:00+01:00,1668.451286722217,1708.414191793408,1650.4679794401811,1688.4327392578125,539106,0.0,0.0
2023-07-03 00:00:00+01:00,1686.4347723013834,1748.3772817105573,1685.4557005367647,1724.3995361328125,125442,0.0,0.0
2023-07-04 00:00:00+01:00,1706.4162269495039,1732.3921179920608,1703.424984651198,1724.3995361328125,384021,0.0,0.0
2023-07-05 00:00:00+01:00,1708.4142830556113,1732.392027379199,1704.4179923350134,1706.4161376953125,103460,0.0,0.0
2023-07-06 00:00:00+01:00,1680.4403740661546,1726.3977208004253,1642.4756093726266,1644.4737548828125,140868,0.0,0.0
2023-07-07 00:00:00+01:00,1638.4791222774622,1656.4624297170928,1624.4921053799717,1648.4698486328125,226641,0.0,0.0
2023-07-10 00:00:00+01:00,1644.4737314191757,1672.4477681626367,1629.4266617457652,1642.4755859375,106763,0.0,0.0
2023-07-11 00:00:00+01:00,1638.4792201958815,1669.7662207219948,1636.4810748053985,1646.4718017578125,176569,0.0,0.0
2023-07-12 00:00:00+01:00,1652.4663177164423,1710.4125368383006,1608.5071170033084,1684.4366455078125,86128,0.0,0.0
2023-07-13 00:00:00+01:00,1688.432880406094,1708.8478921664184,1658.4606990971101,1700.4217529296875,158002,0.0,0.0
2023-07-14 00:00:00+01:00,1656.4623885407466,1704.5177567239996,1656.4623885407466,1696.42529296875,78146,0.0,0.0
2023-07-17 00:00:00+01:00,1668.4513882260783,1700.4217142280152,1658.460661350473,1676.4439697265625,67139,0.0,0.0
2023-07-18 00:00:00+01:00,1658.460661350473,1691.290175228858,1658.460661350473,1676.4439697265625,101577,0.0,0.0
2023-07-19 00:00:00+01:00,1722.4012301698024,1765.7579581795299,1706.4160679408483,1762.3641357421875,368369,0.0,0.0
2023-07-20 00:00:00+01:00,1762.8239168092978,1762.8239168092978,1686.8745870601442,1696.867919921875,193092,46.0,0.0
2023-07-21 00:00:00+01:00,1700.8651584778554,1710.8584907838358,1686.8744932494828,1690.871826171875,178038,0.0,0.0
2023-07-24 00:00:00+01:00,1712.857252500644,1736.8412513687979,1676.8812541984137,1696.867919921875,62471,0.0,0.0
2023-07-25 00:00:00+01:00,1688.8733095543407,1710.858642578125,1670.0857943566255,1710.858642578125,147404,0.0,0.0
2023-07-26 00:00:00+01:00,1704.8625100664617,1720.8518419310944,1676.8811793033547,1686.87451171875,89236,0.0,0.0
2023-07-27 00:00:00+01:00,1686.8745193665286,1695.4167936043298,1646.9011895237197,1658.8931884765625,136845,0.0,0.0
2023-07-28 00:00:00+01:00,1660.8919677734375,1674.882634168641,1648.8999680061204,1660.8919677734375,60503,0.0,0.0
2023-07-31 00:00:00+01:00,1676.8811682187593,1698.8664993873008,1652.8971705803503,1662.8905029296875,121741,0.0,0.0
2023-08-01 00:00:00+01:00,1666.887939453125,1690.3722719334298,1659.8926063738852,1666.887939453125,101780,0.0,0.0
2023-08-02 00:00:00+01:00,1666.887873110564,1668.8865396250849,1630.9118758491848,1654.8958740234375,129602,0.0,0.0
2023-08-03 00:00:00+01:00,1648.8999395087214,1648.8999395087214,1594.7540559970616,1614.922607421875,158642,0.0,0.0
2023-08-04 00:00:00+01:00,1624.9160230541002,1692.870690684899,1624.9160230541002,1674.8826904296875,126879,0.0,0.0
2023-08-07 00:00:00+01:00,1676.8812721243148,1701.3549348052031,1626.9146072815163,1640.9052734375,138362,0.0,0.0
2023-08-08 00:00:00+01:00,1660.8917786754262,1670.8851106770833,1642.9037810724433,1648.8997802734375,95387,0.0,0.0
2023-08-09 00:00:00+01:00,1670.8851967732207,1670.8851967732207,1640.905199223462,1656.89453125,42149,0.0,0.0
2023-08-10 00:00:00+01:00,1664.8893288193929,1680.878662109375,1662.8906621581452,1680.878662109375,110840,0.0,0.0
2023-08-11 00:00:00+01:00,1690.872052769461,1690.872052769461,1668.88671875,1668.88671875,124098,0.0,0.0
2023-08-14 00:00:00+01:00,1706.8613200468176,1706.8613200468176,1630.9119873046875,1630.9119873046875,232537,0.0,0.0
2023-08-15 00:00:00+01:00,1618.9199125428675,1642.2223591193115,1606.927913190698,1620.9185791015625,74972,0.0,0.0
2023-08-16 00:00:00+01:00,1582.9438602069308,1648.8998543822197,1582.9438602069308,1632.9105224609375,81842,0.0,0.0
2023-08-17 00:00:00+01:00,1624.9159973601152,1637.5275791267354,1594.9359974088215,1602.9306640625,59965,0.0,0.0
2023-08-18 00:00:00+01:00,1580.9451997008505,1594.9358651849288,1542.9705362440664,1578.946533203125,63861,0.0,0.0
2023-08-21 00:00:00+01:00,1558.9598087459415,1582.9438058035714,1538.97314453125,1538.97314453125,90429,0.0,0.0
2023-08-22 00:00:00+01:00,1516.987861221431,1574.9491892522894,1516.987861221431,1554.9625244140625,90118,0.0,0.0
2023-08-23 00:00:00+01:00,1546.9679338464784,1604.9292647011914,1546.9679338464784,1590.9385986328125,145607,0.0,0.0
2023-08-24 00:00:00+01:00,1570.952045362823,1614.2032225557546,1552.964044843401,1566.9547119140625,74086,0.0,0.0
2023-08-25 00:00:00+01:00,1602.9306265024038,1602.9306265024038,1564.9559607872598,1584.942626953125,35480,0.0,0.0
2023-08-29 00:00:00+01:00,1598.9332838082494,1616.921283251092,1574.9492845511256,1586.9412841796875,57231,0.0,0.0
2023-08-30 00:00:00+01:00,1578.9466458596714,1588.9399790613147,1556.9613128160556,1580.9453125,55364,0.0,0.0
2023-08-31 00:00:00+01:00,1574.9492752555032,1600.9319409640332,1574.9492752555032,1588.93994140625,271043,0.0,0.0
2023-09-01 00:00:00+01:00,1582.94384765625,1598.9331794507575,1574.9491817589962,1582.94384765625,103220,0.0,0.0
2023-09-04 00:00:00+01:00,1616.9212737077437,1616.9212737077437,1582.9439416273585,1588.93994140625,78027,0.0,0.0
2023-09-05 00:00:00+01:00,1568.9532099386586,1602.9305405997504,1568.9532099386586,1576.9478759765625,81008,0.0,0.0
2023-09-06 00:00:00+01:00,1582.9438835685485,1606.9278818044356,1546.9678862147177,1548.966552734375,64520,0.0,0.0
2023-09-07 00:00:00+01:00,1562.9572183719758,1580.4455504189768,1526.9812210181453,1548.966552734375,45985,0.0,0.0
2023-09-08 00:00:00+01:00,1574.9492459470125,1574.9492459470125,1530.9785817200654,1542.9705810546875,90859,0.0,0.0
2023-09-11 00:00:00+01:00,1552.9638857736895,1565.3556425933493,1528.9798875378026,1548.966552734375,38575,0.0,0.0
2023-09-12 00:00:00+01:00,1556.9612477296478,1576.9479132974225,1530.9785824915407,1568.9532470703125,67572,0.0,0.0
2023-09-13 00:00:00+01:00,1568.9532657784064,1584.8426894920367,1534.975933908046,1564.9559326171875,93608,0.0,0.0
2023-09-14 00:00:00+01:00,1558.959896850586,1608.9265602111816,1558.959896850586,1598.9332275390625,105020,0.0,0.0
2023-09-15 00:00:00+01:00,1604.929245092307,1612.923911319417,1568.9532470703125,1568.9532470703125,148143,0.0,0.0
2023-09-18 00:00:00+01:00,1574.9492467406449,1582.9439129677548,1536.974582161873,1568.9532470703125,104113,0.0,0.0
2023-09-19 00:00:00+01:00,1566.9545326576576,1582.5441069266205,1550.9652006917634,1552.9638671875,57997,0.0,0.0
2023-09-20 00:00:00+01:00,1576.947941848467,1588.93994140625,1548.9666095469734,1588.93994140625,66553,0.0,0.0
2023-09-21 00:00:00+01:00,1578.9466081311941,1584.9426079089076,1550.7294712378202,1562.957275390625,46625,0.0,0.0
2023-09-22 00:00:00+01:00,1568.9531898008213,1570.951856284644,1542.2970246775578,1554.9625244140625,108898,0.0,0.0
2023-09-25 00:00:00+01:00,1584.9425876587236,1584.9425876587236,1497.0052843437502,1514.9892578125,99581,0.0,0.0
2023-09-26 00:00:00+01:00,1495.0025340341294,1514.9891989276339,1455.0292042471206,1475.015869140625,186952,0.0,0.0
2023-09-27 00:00:00+01:00,1467.021278021955,1500.9986100742344,1463.1888738695736,1485.00927734375,74101,0.0,0.0
2023-09-28 00:00:00+01:00,1502.9973248922415,1502.9973248922415,1441.0386585735453,1449.0333251953125,67059,0.0,0.0
2023-09-29 00:00:00+01:00,1419.0532619809144,1504.9959243262374,1419.0532619809144,1489.006591796875,102064,0.0,0.0
2023-10-02 00:00:00+01:00,1483.0106390909775,1510.4823021543773,1421.0519735763949,1453.0306396484375,92314,0.0,0.0
2023-10-03 00:00:00+01:00,1441.0386679633548,1459.026667979541,1424.5527176718274,1447.03466796875,206196,0.0,0.0
2023-10-04 00:00:00+01:00,1411.0585681733633,1485.0092296781995,1411.0585681733633,1469.0198974609375,136309,0.0,0.0
2023-10-05 00:00:00+01:00,1469.019926135172,1502.9972577600672,1462.1185246267175,1489.006591796875,102788,0.0,0.0
2023-10-06 00:00:00+01:00,1475.0159907233065,1512.069274751338,1469.0199907610165,1500.9986572265625,142236,0.0,0.0
2023-10-09 00:00:00+01:00,1506.9945253412773,1526.9952188594998,1473.0171951943255,1502.9971923828125,75540,0.0,0.0
2023-10-10 00:00:00+01:00,1550.9652758351983,1566.9546085757672,1516.0325264792004,1562.957275390625,185086,0.0,0.0
2023-10-11 00:00:00+01:00,1600.9319399879093,1608.8456057068847,1506.9946101758846,1510.991943359375,198109,0.0,0.0
2023-10-12 00:00:00+01:00,1508.9931482092127,1564.955808010349,1504.9958153662744,1538.97314453125,159647,0.0,0.0
2023-10-13 00:00:00+01:00,1546.967961237981,1556.9612943209136,1506.99462890625,1506.99462890625,104690,0.0,0.0
2023-10-16 00:00:00+01:00,1520.9852214591735,1550.9652192540323,1514.9892219002018,1548.966552734375,251093,0.0,0.0
2023-10-17 00:00:00+01:00,1568.9532368056678,1568.9532368056678,1528.979905931638,1544.96923828125,307006,0.0,0.0
2023-10-18 00:00:00+01:00,1544.9692848390646,1582.9439503137635,1469.0199538896668,1483.0106201171875,90281,0.0,0.0
2023-10-19 00:00:00+01:00,1485.0093055518898,1498.9999719568202,1467.021305888408,1479.0133056640625,68511,0.0,0.0
2023-10-20 00:00:00+01:00,1497.0012573909237,1497.0012573909237,1445.0359266937755,1463.02392578125,109342,0.0,0.0
2023-10-23 00:00:00+01:00,1459.0265648251489,1498.9998953683037,1427.047900390625,1469.0198974609375,79293,0.0,0.0
2023-10-24 00:00:00+01:00,1473.0172316607307,1498.1004721982813,1465.0225655458828,1495.0025634765625,63387,0.0,0.0
2023-10-25 00:00:00+01:00,1457.0278707364712,1493.003867544779,1449.0332047790694,1475.015869140625,114814,0.0,0.0
2023-10-26 00:00:00+01:00,1475.015972405511,1495.0026386982686,1464.8228213917766,1479.0133056640625,71463,0.0,0.0
2023-10-27 00:00:00+01:00,1479.0132589660236,1500.9985911938968,1469.019926135172,1489.006591796875,36545,0.0,0.0
2023-10-30 00:00:00+00:00,1506.9946474162582,1554.962646803513,1498.9999808517157,1528.97998046875,148308,0.0,0.0
2023-10-31 00:00:00+00:00,1504.9959164950512,1566.9545797239311,1504.9959164950512,1542.9705810546875,102747,0.0,0.0
2023-11-01 00:00:00+00:00,1562.957219622462,1574.94921875,1534.9758883248733,1574.94921875,154168,0.0,0.0
2023-11-02 00:00:00+00:00,1606.9279317396092,1642.9039302113915,1582.5562519480663,1616.9212646484375,117860,0.0,0.0
2023-11-03 00:00:00+00:00,1656.89471027657,1656.89471027657,1614.4430486774604,1644.9027099609375,101907,0.0,0.0
2023-11-06 00:00:00+00:00,1664.889111476089,1664.889111476089,1612.914757887685,1648.8997802734375,148991,0.0,0.0
2023-11-07 00:00:00+00:00,1620.9185296553599,1654.895860116693,1562.9572012213212,1578.946533203125,119254,0.0,0.0
2023-11-08 00:00:00+00:00,1576.947941848467,1602.9306075569968,1568.9532754766117,1588.93994140625,289475,0.0,0.0
2023-11-09 00:00:00+00:00,1580.9452657268275,1600.9319315387975,1580.9452657268275,1590.9385986328125,47686,0.0,0.0
2023-11-10 00:00:00+00:00,1590.9385986328125,1640.9052631627376,1564.9559330772515,1590.9385986328125,54472,0.0,0.0
2023-11-13 00:00:00+00:00,1620.9186449952385,1638.9066447547418,1582.9439788362872,1606.927978515625,71290,0.0,0.0
2023-11-14 00:00:00+00:00,1634.9091154711175,1662.8904450757575,1598.9331202651515,1648.8997802734375,102387,0.0,0.0
2023-11-15 00:00:00+00:00,1658.8933568694995,1728.846691195322,1654.8960234794527,1674.8826904296875,110551,0.0,0.0
2023-11-16 00:00:00+00:00,1666.8879207629336,1700.8652524811228,1650.898588189668,1670.88525390625,124088,0.0,0.0
2023-11-17 00:00:00+00:00,1712.857252500644,1712.857252500644,1660.8919216196443,1696.867919921875,79189,0.0,0.0
2023-11-20 00:00:00+00:00,1688.8732350727087,1714.8559002276734,1674.8825692200353,1700.865234375,83281,0.0,0.0
2023-11-21 00:00:00+00:00,1718.85331068268,1732.7800549653025,1574.9493125790138,1580.9453125,216964,0.0,0.0
2023-11-22 00:00:00+00:00,1588.9400326626971,1660.8920341417627,1588.9400326626971,1646.9013671875,130399,0.0,0.0
2023-11-23 00:00:00+00:00,1678.8799484637605,1682.8772816743885,1636.9079497521664,1664.8892822265625,83564,0.0,0.0
2023-11-24 00:00:00+00:00,1700.8652134149222,1700.8652134149222,1648.899883745371,1652.897216796875,76047,0.0,0.0
2023-11-27 00:00:00+00:00,1658.8932727809074,1684.8759384991624,1634.9092736563641,1640.9052734375,113777,0.0,0.0
2023-11-28 00:00:00+00:00,1658.8933492850554,1704.7957111359522,1604.929348766144,1624.916015625,139592,0.0,0.0
2023-11-29 00:00:00+00:00,1618.9199501595847,1666.8879486828316,1618.9199501595847,1638.9066162109375,108988,0.0,0.0
2023-11-30 00:00:00+00:00,1617.2763561916101,1645.2638333074106,1513.3228697614943,1531.3148193359375,589036,36.0,0.0
2023-12-01 00:00:00+00:00,1539.3112049932065,1561.2014341946294,1509.3246230777545,1517.321044921875,275512,0.0,0.0
2023-12-04 00:00:00+00:00,1509.3246607949193,1549.3067710146522,1509.3246607949193,1525.3175048828125,445941,0.0,0.0
2023-12-05 00:00:00+00:00,1519.3201781912758,1562.7007918927752,1511.3237562007953,1555.3040771484375,557324,0.0,0.0
2023-12-06 00:00:00+00:00,1549.306640625,1577.294115423387,1545.3084299395161,1549.306640625,302602,0.0,0.0
2023-12-07 00:00:00+00:00,1549.30668422154,1569.2977382114955,1533.3138410295758,1539.3111572265625,165237,0.0,0.0
2023-12-08 00:00:00+00:00,1539.311243459719,1563.3005095915587,1523.3183993718258,1525.3175048828125,52542,0.0,0.0
2023-12-11 00:00:00+00:00,1493.3317434432659,1550.2992928156411,1485.3353217916285,1503.3272705078125,435155,0.0,0.0
2023-12-12 00:00:00+00:00,1499.3290279222572,1539.3111353335173,1469.342447363812,1471.341552734375,123760,0.0,0.0
2023-12-13 00:00:00+00:00,1467.3433819671175,1497.3299633424674,1466.1678825979357,1473.3406982421875,119098,0.0,0.0
2023-12-14 00:00:00+00:00,1495.3308848505435,1551.3058377593875,1495.3308848505435,1517.321044921875,158330,0.0,0.0
2023-12-15 00:00:00+00:00,1523.3183210468544,1539.311164312438,1509.3245831894685,1515.3218994140625,202436,0.0,0.0
2023-12-18 00:00:00+00:00,1509.3245831894685,1531.3147426796463,1501.3281615566766,1515.3218994140625,149406,0.0,0.0
2023-12-19 00:00:00+00:00,1531.3146941031816,1547.3075368614395,1524.7176708685417,1543.309326171875,115174,0.0,0.0
2023-12-20 00:00:00+00:00,1561.3013062452908,1587.289676259617,1543.309357773834,1575.2950439453125,175843,0.0,0.0
2023-12-21 00:00:00+00:00,1573.295933511655,1609.2798303391135,1573.295933511655,1593.2869873046875,147783,0.0,0.0
2023-12-22 00:00:00+00:00,1579.2933251043285,1611.2790127013782,1575.2951141546973,1609.2799072265625,65816,0.0,0.0
2023-12-27 00:00:00+00:00,1637.2672659451846,1637.2672659451846,1583.2914220129258,1585.29052734375,118151,0.0,0.0
2023-12-28 00:00:00+00:00,1553.3048797186225,1621.2744626149329,1553.3048797186225,1593.2869873046875,134104,0.0,0.0
2023-12-29 00:00:00+00:00,1627.2717736483212,1627.2717736483212,1601.2834037989007,1611.2789306640625,63621,0.0,0.0
2024-01-02 00:00:00+00:00,1609.2799646714154,1631.2701256793478,1549.3067982861453,1563.300537109375,293820,0.0,0.0
2024-01-03 00:00:00+00:00,1553.304937362671,1569.2977809906006,1529.3156719207764,1535.31298828125,197764,0.0,0.0
2024-01-04 00:00:00+00:00,1545.3084299395161,1555.3039566532257,1516.801168229503,1549.306640625,169335,0.0,0.0
2024-01-05 00:00:00+00:00,1555.3040447559233,1559.3022556678923,1503.327302900327,1529.315673828125,94057,0.0,0.0
2024-01-08 00:00:00+00:00,1525.3175028111232,1557.3031909434665,1509.3246587449514,1531.3148193359375,174889,0.0,0.0
2024-01-09 00:00:00+00:00,1531.3148193359375,1541.0034773488949,1511.3237642532229,1531.3148193359375,57315,0.0,0.0
2024-01-10 00:00:00+00:00,1535.3130345394736,1535.3130345394736,1517.321084915964,1519.3201904296875,113895,0.0,0.0
2024-01-11 00:00:00+00:00,1529.3156390663803,1543.3093769401903,1507.325479550393,1509.3245849609375,276649,0.0,0.0
2024-01-12 00:00:00+00:00,1539.3111572265625,1551.3227498042795,1509.3245762416293,1539.3111572265625,84044,0.0,0.0
2024-01-15 00:00:00+00:00,1519.0452489788706,1537.3120995321765,1490.3901025364876,1517.321044921875,97310,0.0,0.0
2024-01-16 00:00:00+00:00,1507.32555323668,1540.0108794906314,1507.32555323668,1531.3148193359375,221889,0.0,0.0
2024-01-17 00:00:00+00:00,1543.3094139599737,1543.3094139599737,1505.3264102485236,1523.318359375,76846,0.0,0.0
2024-01-18 00:00:00+00:00,1527.3166481624837,1550.0125482529984,1517.3211203603732,1533.31396484375,132619,0.0,0.0
2024-01-19 00:00:00+00:00,1551.3058338439544,1552.905093805599,1519.3201465482027,1529.315673828125,104970,0.0,0.0
2024-01-22 00:00:00+00:00,1549.3066931718233,1563.3004310456333,1509.3245849609375,1509.3245849609375,82680,0.0,0.0
2024-01-23 00:00:00+00:00,1519.3201503829052,1547.3076268373272,1509.3246230777545,1517.321044921875,84707,0.0,0.0
2024-01-24 00:00:00+00:00,1547.3075841434995,1549.3066895493698,1513.322792243707,1521.3192138671875,57401,0.0,0.0
2024-01-25 00:00:00+00:00,1529.3156354906682,1535.9126589268976,1505.3263706202263,1521.3192138671875,57490,0.0,0.0
2024-01-26 00:00:00+00:00,1527.3165664672852,1551.1818639440462,1517.321039199829,1535.31298828125,85940,0.0,0.0
2024-01-29 00:00:00+00:00,1537.31212632921,1545.308548312717,1431.359535047743,1439.35595703125,200469,0.0,0.0
2024-01-30 00:00:00+00:00,1441.3550687164866,1455.3488072477146,1419.364908167414,1421.364013671875,156812,0.0,0.0
2024-01-31 00:00:00+00:00,1419.364937174927,1469.342575807847,1415.3667260842933,1453.3497314453125,116251,0.0,0.0
2024-02-01 00:00:00+00:00,1453.3497059923536,1455.3488115026596,1409.369384765625,1409.369384765625,173376,0.0,0.0
2024-02-02 00:00:00+00:00,1447.352267329444,1447.352267329444,1378.5829947715963,1397.3746337890625,203626,0.0,0.0
2024-02-05 00:00:00+00:00,1397.3746434686468,1416.9658515490428,1361.3907470703125,1361.3907470703125,156480,0.0,0.0
2024-02-06 00:00:00+00:00,1369.3871983119418,1403.7318144248,1355.3934605189731,1399.373779296875,434811,0.0,0.0
2024-02-07 00:00:00+00:00,1397.3747196969268,1419.3648798066067,1383.3809814453125,1383.3809814453125,103829,0.0,0.0
2024-02-08 00:00:00+00:00,1407.370243105301,1414.5669739512582,1393.0567017060873,1395.3756103515625,219541,0.0,0.0
2024-02-09 00:00:00+00:00,1405.3710990268146,1405.8219470778313,1387.379150390625,1387.379150390625,184968,0.0,0.0
2024-02-12 00:00:00+00:00,1403.3720661745233,1427.3613322629767,1391.3774331302966,1415.36669921875,393104,0.0,0.0
2024-02-13 00:00:00+00:00,1415.3666155525807,1445.353196390559,1407.3701939957866,1423.363037109375,224899,0.0,0.0
2024-02-14 00:00:00+00:00,1423.3630809649044,1445.353240923632,1411.368448260144,1413.3675537109375,184516,0.0,0.0
2024-02-15 00:00:00+00:00,1419.3648263309778,1447.3523017797577,1419.3648263309778,1423.363037109375,456236,0.0,0.0
2024-02-16 00:00:00+00:00,1423.3631461365583,1459.3470458984375,1423.3631461365583,1459.3470458984375,155495,0.0,0.0
2024-02-19 00:00:00+00:00,1459.34688064679,1475.3397231744261,1447.352248751063,1469.3424072265625,181692,0.0,0.0
2024-02-20 00:00:00+00:00,1469.34249105597,1473.340701915986,1433.3585933158238,1461.3460693359375,110383,0.0,0.0
2024-02-21 00:00:00+00:00,1463.3451729340513,1473.340700071579,1443.354118658996,1467.3433837890625,74606,0.0,0.0
2024-02-22 00:00:00+00:00,1473.3407442906591,1477.338955265668,1449.3514784406077,1457.347900390625,96032,0.0,0.0
2024-02-23 00:00:00+00:00,1465.3443124422463,1487.33447265625,1453.3496795982442,1487.33447265625,116636,0.0,0.0
2024-02-26 00:00:00+00:00,1479.3381013217038,1499.32915674497,1451.350623729131,1459.3470458984375,196225,0.0,0.0
2024-02-27 00:00:00+00:00,1477.3388606857523,1501.328125,1461.3460178095872,1501.328125,109862,0.0,0.0
2024-02-28 00:00:00+00:00,1499.3291095020327,1510.1952190273178,1475.33984375,1475.33984375,111202,0.0,0.0
2024-02-29 00:00:00+00:00,1487.334439926043,1487.334439926043,1451.3505421858968,1461.3460693359375,234615,0.0,0.0
2024-03-01 00:00:00+00:00,1449.3514278299367,1493.331747019259,1449.3514278299367,1491.3326416015625,54406,0.0,0.0
2024-03-04 00:00:00+00:00,1517.321021376165,1517.321021376165,1453.349647615905,1461.3460693359375,250472,0.0,0.0
2024-03-05 00:00:00+00:00,1499.329143666966,1505.326460241634,1469.3425607936267,1495.3309326171875,51706,0.0,0.0
2024-03-06 00:00:00+00:00,1533.3137696940105,1541.3101909179688,1495.3307688802083,1499.3289794921875,128383,0.0,0.0
2024-03-07 00:00:00+00:00,1507.3254378405713,1529.3155967480598,1495.330805709214,1513.32275390625,81453,0.0,0.0
2024-03-08 00:00:00+00:00,1513.322792243707,1523.8460372223,1499.3290544026158,1521.3192138671875,56657,0.0,0.0
2024-03-11 00:00:00+00:00,1517.3210048222604,1529.3156372714482,1503.3272669648745,1515.3218994140625,64776,0.0,0.0
2024-03-12 00:00:00+00:00,1533.3138925418118,1533.3138925418118,1505.326416015625,1505.326416015625,62181,0.0,0.0
2024-03-13 00:00:00+00:00,1509.3245464380825,1517.3209678761652,1501.328125,1501.328125,119553,0.0,0.0
2024-03-14 00:00:00+00:00,1517.3210066031147,1521.319217424203,1499.329057908216,1509.3245849609375,80988,0.0,0.0
2024-03-15 00:00:00+00:00,1537.3120625272709,1537.3120625272709,1502.167755203926,1503.3272705078125,154946,0.0,0.0
2024-03-18 00:00:00+00:00,1513.3228245619348,1577.29419891594,1513.3228245619348,1547.3076171875,206287,0.0,0.0
2024-03-19 00:00:00+00:00,1547.307628813244,1555.304050667576,1511.32373046875,1511.32373046875,75979,0.0,0.0
2024-03-20 00:00:00+00:00,1517.3210336103402,1557.3031425328788,1497.3299791490708,1553.304931640625,80415,0.0,0.0
2024-03-21 00:00:00+00:00,1589.2889069964172,1589.2889069964172,1553.3050072153662,1569.2978515625,107500,0.0,0.0
2024-03-22 00:00:00+00:00,1569.2977658666746,1601.2834528142755,1561.3013441297744,1583.29150390625,70422,0.0,0.0
2024-03-25 00:00:00+00:00,1579.2933814787802,1605.2817535790641,1553.3050093784966,1563.300537109375,88838,0.0,0.0
2024-03-26 00:00:00+00:00,1553.304884702421,1575.2950439453125,1521.3191985309427,1575.2950439453125,57060,0.0,0.0
2024-03-27 00:00:00+00:00,1575.2951553743774,1609.2799493354996,1573.2960498472526,1605.28173828125,50863,0.0,0.0
2024-03-28 00:00:00+00:00,1603.282584975334,1633.7689433554758,1587.2897412349316,1627.2718505859375,112866,0.0,0.0
2024-04-02 00:00:00+01:00,1659.2574935372786,1659.2574935372786,1605.7814237154446,1637.267333984375,144028,0.0,0.0
2024-04-03 00:00:00+01:00,1629.2709070472902,1657.2583827511698,1629.2709070472902,1655.25927734375,197390,0.0,0.0
2024-04-04 00:00:00+01:00,1661.2565953480114,1661.2565953480114,1637.2673304332386,1649.261962890625,64720,0.0,0.0
2024-04-05 00:00:00+01:00,1649.2619276924368,1649.2619276924368,1629.2708740234375,1629.2708740234375,69684,0.0,0.0
2024-04-08 00:00:00+01:00,1661.2565516460372,1661.2565516460372,1625.792442135818,1659.2574462890625,88997,0.0,0.0
2024-04-09 00:00:00+01:00,1617.2763174990982,1669.253059470639,1617.2763174990982,1645.2637939453125,303018,0.0,0.0
2024-04-10 00:00:00+01:00,1647.2629013433689,1683.2467996736852,1617.2563088242964,1639.2664794921875,108200,0.0,0.0
2024-04-11 00:00:00+01:00,1639.2664853623999,1671.2521728816662,1621.2745361328125,1621.2745361328125,237182,0.0,0.0
2024-04-12 00:00:00+01:00,1675.2502907841786,1675.2502907841786,1625.2726568109035,1653.2601318359375,111316,0.0,0.0
2024-04-15 00:00:00+01:00,1647.262939453125,1665.2548890345306,1637.2674119078997,1647.262939453125,68484,0.0,0.0
2024-04-16 00:00:00+01:00,1623.273639650837,1649.2620107289906,1621.2745341832865,1627.2718505859375,51919,0.0,0.0
2024-04-17 00:00:00+01:00,1625.2726666010797,1639.266404197891,1611.2789290042683,1617.2762451171875,76755,0.0,0.0
2024-04-18 00:00:00+01:00,1619.275317967765,1655.2592139226042,1577.2941060204525,1585.29052734375,80638,0.0,0.0
2024-04-19 00:00:00+01:00,1575.2949931834005,1619.2753102519725,1563.1804198169584,1615.277099609375,144851,0.0,0.0
2024-04-22 00:00:00+01:00,1647.2629292684744,1677.24951171875,1615.2772413215137,1677.24951171875,93338,0.0,0.0
2024-04-23 00:00:00+01:00,1675.2504062220648,1695.2414611889153,1671.2521952286947,1677.24951171875,118121,0.0,0.0
2024-04-24 00:00:00+01:00,1679.2484518476008,1689.2439783466937,1669.252925348508,1687.244873046875,74252,0.0,0.0
2024-04-25 00:00:00+01:00,1679.2485790138473,1692.542679070659,1655.2593135993638,1669.2530517578125,58896,0.0,0.0
2024-04-26 00:00:00+01:00,1633.2691463033593,1693.2423095703125,1633.2691463033593,1693.2423095703125,93872,0.0,0.0
2024-04-29 00:00:00+01:00,1649.262022999927,1721.2298203671967,1649.262022999927,1713.2333984375,216625,0.0,0.0
2024-04-30 00:00:00+01:00,1759.2127758676556,1806.5915988935974,1729.2261944608206,1735.2235107421875,141986,0.0,0.0
2024-05-01 00:00:00+01:00,1729.2262402911517,1757.213717012627,1719.230712890625,1719.230712890625,91907,0.0,0.0
2024-05-02 00:00:00+01:00,1771.2074858086294,1771.2074858086294,1705.2370038315585,1751.2164306640625,211451,0.0,0.0
2024-05-03 00:00:00+01:00,1749.2172487320438,1773.206513857512,1735.2235107421875,1735.2235107421875,332555,0.0,0.0
2024-05-07 00:00:00+01:00,1747.218205378606,1799.1949483303722,1738.3691375595472,1793.1976318359375,373875,0.0,0.0
2024-05-08 00:00:00+01:00,1809.1904676917889,1821.2730739579195,1786.5205577577744,1817.1868896484375,196591,0.0,0.0
2024-05-09 00:00:00+01:00,1811.1894932318944,1819.1859148355672,1797.1957554254668,1813.1885986328125,73910,0.0,0.0
2024-05-10 00:00:00+01:00,1815.187780161373,1832.140155627102,1759.8125338303994,1829.1815185546875,60784,0.0,0.0
2024-05-13 00:00:00+01:00,1819.1859607463155,1829.1814880031634,1797.19580078125,1797.19580078125,72219,0.0,0.0
2024-05-14 00:00:00+01:00,1793.197546359712,1813.1886003882485,1791.1984409568583,1807.1912841796875,83326,0.0,0.0
2024-05-15 00:00:00+01:00,1815.187792315531,1843.175269289559,1785.2012098433581,1793.1976318359375,65053,0.0,0.0
2024-05-16 00:00:00+01:00,1793.1975428989954,1819.1859130859375,1783.2020159040178,1819.1859130859375,97492,0.0,0.0
2024-05-17 00:00:00+01:00,1759.212838367475,1811.1895813192414,1757.2137328693302,1793.1976318359375,47887,0.0,0.0
2024-05-20 00:00:00+01:00,1789.1993372977506,1811.1894967505723,1783.8417494547668,1801.1939697265625,235219,0.0,0.0
2024-05-21 00:00:00+01:00,1805.1922245025635,1805.1922245025635,1773.206537246704,1791.198486328125,125349,0.0,0.0
2024-05-22 00:00:00+01:00,1785.201162464293,1819.1859550308025,1761.2118971232276,1815.187744140625,217474,0.0,0.0
2024-05-23 00:00:00+01:00,1797.1957642422665,1812.4559031828921,1781.892553755621,1783.2020263671875,54717,0.0,0.0
2024-05-24 00:00:00+01:00,1799.1949005799145,1819.1859550308025,1771.2074243486713,1815.187744140625,94891,0.0,0.0
2024-05-28 00:00:00+01:00,1845.1744006201543,1846.4118840336087,1811.1896066759045,1837.177978515625,125418,0.0,0.0
2024-05-29 00:00:00+01:00,1831.180543730319,1845.1742815099174,1819.185911347806,1825.1832275390625,76984,0.0,0.0
2024-05-30 00:00:00+01:00,1847.1734163341605,1881.1582086260228,1821.1850457580306,1863.166259765625,95757,0.0,0.0
2024-05-31 00:00:00+01:00,1831.1805675478213,1883.157308548087,1831.1805675478213,1881.158203125,318561,0.0,0.0
2024-06-03 00:00:00+01:00,1887.1555634849092,1897.1510908338757,1871.1627197265625,1871.1627197265625,78281,0.0,0.0
2024-06-04 00:00:00+01:00,1841.1762163044293,1887.1556440731608,1841.1762163044293,1875.1610107421875,85593,0.0,0.0
2024-06-05 00:00:00+01:00,1885.1563788884182,1895.1519058178371,1845.1742711707423,1861.1671142578125,153842,0.0,0.0
2024-06-06 00:00:00+01:00,1871.1626360954124,1893.1527952802944,1858.24837141209,1879.1590576171875,89760,0.0,0.0
2024-06-07 00:00:00+01:00,1899.150108030936,1899.150108030936,1843.155146902163,1891.1536865234375,75699,0.0,0.0
2024-06-10 00:00:00+01:00,1839.1769500083112,1887.1554791389628,1839.1769500083112,1879.1590576171875,53670,0.0,0.0
2024-06-11 00:00:00+01:00,1887.1555267761034,1899.1501593615446,1845.1743127270588,1857.1689453125,65897,0.0,0.0
2024-06-12 00:00:00+01:00,1875.1608468563,1889.1545845194066,1851.1715822909741,1879.1590576171875,40799,0.0,0.0
2024-06-13 00:00:00+01:00,1927.1375536898,1927.1375536898,1847.17333984375,1847.17333984375,57370,0.0,0.0
2024-06-14 00:00:00+01:00,1853.1707308029745,1881.1582067805814,1847.1734145220587,1869.16357421875,59744,0.0,0.0
2024-06-17 00:00:00+01:00,1823.1842274212913,1885.156498309515,1821.185121908768,1873.161865234375,84842,0.0,0.0
2024-06-18 00:00:00+01:00,1889.1546729303175,1931.1358878843246,1815.0278077899848,1859.1680908203125,194157,0.0,0.0
2024-06-19 00:00:00+01:00,1875.1608536818933,1899.1501183345401,1845.1742728660847,1855.1697998046875,199681,0.0,0.0
2024-06-20 00:00:00+01:00,1879.1590860820138,1879.1590860820138,1767.2091830813831,1783.2020263671875,119564,0.0,0.0
2024-06-21 00:00:00+01:00,1775.20565625,1795.1967109375,1737.22265234375,1749.21728515625,362748,0.0,0.0
2024-06-24 00:00:00+01:00,1717.2315427248802,1805.1921805361662,1717.2315427248802,1801.1939697265625,97960,0.0,0.0
2024-06-25 00:00:00+01:00,1799.1949608708403,1809.190488431234,1753.21553409303,1757.2137451171875,275689,0.0,0.0
2024-06-26 00:00:00+01:00,1763.2109758019717,1775.2056082904205,1759.2127649724887,1771.2073974609375,127884,0.0,0.0
2024-06-27 00:00:00+01:00,1761.2118686122485,1795.196660628603,1729.3161075877945,1777.2047119140625,144437,0.0,0.0
2024-06-28 00:00:00+01:00,1779.2037804705215,1791.1984126984128,1763.2109375,1763.2109375,72988,0.0,0.0
2024-07-01 00:00:00+01:00,1769.2082536139455,1793.197518069728,1761.2118321286848,1763.2109375,60739,0.0,0.0
2024-07-02 00:00:00+01:00,1755.21455061703,1783.2020263671875,1753.2154452063044,1783.2020263671875,60048,0.0,0.0
2024-07-03 00:00:00+01:00,1803.193080474443,1803.193080474443,1751.2163397955787,1783.2020263671875,77529,0.0,0.0
2024-07-04 00:00:00+01:00,1803.1930316983996,1811.189453125,1773.206451348648,1811.189453125,180554,0.0,0.0
2024-07-05 00:00:00+01:00,1803.1931133459946,1863.1662767610499,1791.1984806629835,1809.1904296875,129003,0.0,0.0
2024-07-08 00:00:00+01:00,1807.1913682725694,1809.190473768446,1798.5522895113047,1799.1949462890625,70884,0.0,0.0
2024-07-09 00:00:00+01:00,1803.193078681477,1809.1903949076902,1779.2038137766235,1789.1993408203125,129842,0.0,0.0
2024-07-10 00:00:00+01:00,1791.198391693811,1847.1733414342425,1775.2055489108304,1841.176025390625,92217,0.0,0.0
2024-07-11 00:00:00+01:00,1799.1949343213848,1851.171676868447,1799.1949343213848,1835.1788330078125,72718,0.0,0.0
2024-07-12 00:00:00+01:00,1809.1903860909597,1839.176967075893,1800.234432948487,1819.1859130859375,68112,0.0,0.0
2024-07-15 00:00:00+01:00,1793.197504915149,1831.1805066915013,1793.197504915149,1811.189453125,66553,0.0,0.0
2024-07-16 00:00:00+01:00,1803.1930316983996,1817.1867691949503,1793.197504915149,1811.189453125,96304,0.0,0.0
2024-07-17 00:00:00+01:00,1813.1885667109464,1813.1885667109464,1781.202880859375,1781.202880859375,71635,0.0,0.0
2024-07-18 00:00:00+01:00,1781.202959060669,1817.1868572235107,1761.2798672782956,1791.198486328125,95522,0.0,0.0
2024-07-19 00:00:00+01:00,1777.2047101350108,1801.1939750637175,1777.2047101350108,1783.2020263671875,49867,0.0,0.0
2024-07-22 00:00:00+01:00,1749.2171870688467,1817.1867691949503,1749.2171870688467,1811.189453125,55321,0.0,0.0
2024-07-23 00:00:00+01:00,1799.1948225965532,1831.180508331603,1791.1984011627908,1805.192138671875,84398,0.0,0.0
2024-07-24 00:00:00+01:00,1759.2128009518478,1801.1940155200168,1759.2128009518478,1785.201171875,107212,0.0,0.0
2024-07-25 00:00:00+01:00,1809.1903493887562,1811.1894547471968,1762.7721576589684,1805.192138671875,52662,0.0,0.0
2024-07-26 00:00:00+01:00,1805.1922900975076,1847.5733516546568,1798.275341051431,1837.177978515625,131392,0.0,0.0
2024-07-29 00:00:00+01:00,1847.173421841143,1885.1564251041102,1819.185945752641,1845.17431640625,194120,0.0,0.0
2024-07-30 00:00:00+01:00,1841.1761036949076,1865.1653688896295,1825.1832602317597,1851.171630859375,107337,0.0,0.0
2024-07-31 00:00:00+01:00,1875.1608814761514,1899.150146484375,1824.4836079525635,1899.150146484375,135184,0.0,0.0
2024-08-01 00:00:00+01:00,1845.630820382178,1877.6444362630632,1803.3582702571389,1821.6356201171875,113098,47.0,0.0
2024-08-02 00:00:00+01:00,1827.6344961541115,1827.6344961541115,1799.6400946812914,1811.6376953125,466814,0.0,0.0
2024-08-05 00:00:00+01:00,1777.644398197583,1810.044899190122,1733.6531982421875,1733.6531982421875,150845,0.0,0.0
2024-08-06 00:00:00+01:00,1745.6508661232829,1768.4263402770077,1713.6572649114014,1737.6524658203125,113209,0.0,0.0
2024-08-07 00:00:00+01:00,1751.6496709650214,1780.9837699805894,1735.652870316939,1759.6480712890625,93304,0.0,0.0
2024-08-08 00:00:00+01:00,1763.6472505286488,1787.6424512161134,1731.6536496120293,1765.6468505859375,58816,0.0,0.0
2024-08-09 00:00:00+01:00,1767.6464716131036,1783.643272261186,1751.6496709650214,1759.6480712890625,36310,0.0,0.0
2024-08-12 00:00:00+01:00,1781.6436510442472,1781.6436510442472,1733.653249669318,1765.6468505859375,78025,0.0,0.0
2024-08-13 00:00:00+01:00,1771.6456015450613,1791.6416015625,1769.6460015433174,1791.6416015625,115923,0.0,0.0
2024-08-14 00:00:00+01:00,1799.6400564308933,1809.6380567443985,1759.6480551768736,1787.6424560546875,60612,0.0,0.0
2024-08-15 00:00:00+01:00,1779.6440854861207,1825.6348876953125,1779.3331125219643,1825.6348876953125,61228,0.0,0.0
2024-08-16 00:00:00+01:00,1815.6368047930744,1849.6300048828125,1815.6368047930744,1849.6300048828125,63792,0.0,0.0
2024-08-19 00:00:00+01:00,1861.627630988118,1877.6244312543963,1811.637630155999,1865.6268310546875,30865,0.0,0.0
2024-08-20 00:00:00+01:00,1885.6228950797738,1885.6228950797738,1839.6320927607549,1847.6304931640625,52125,0.0,0.0
2024-08-21 00:00:00+01:00,1829.634033203125,1853.629233638576,1801.639632695099,1829.634033203125,109487,0.0,0.0
2024-08-22 00:00:00+01:00,1829.6340202055176,1845.630820382178,1813.6372200288574,1821.6356201171875,59167,0.0,0.0
2024-08-23 00:00:00+01:00,1863.6272550884046,1863.6272550884046,1807.6384534333881,1823.63525390625,49127,0.0,0.0
2024-08-27 00:00:00+01:00,1789.6420902400823,1855.6288935673701,1789.6420902400823,1847.6304931640625,44490,0.0,0.0
2024-08-28 00:00:00+01:00,1837.6324718356004,1863.6272728517731,1799.6400703504248,1853.6292724609375,91799,0.0,0.0
2024-08-29 00:00:00+01:00,1859.6279917167142,1862.067445123817,1833.633191832502,1841.631591796875,45208,0.0,0.0
2024-08-30 00:00:00+01:00,1859.6280258079412,1859.6280258079412,1823.7952274835047,1843.6312255859375,125580,0.0,0.0
2024-09-02 00:00:00+01:00,1811.6376953125,1855.6288976269316,1797.64049457609,1811.6376953125,75421,0.0,0.0
2024-09-03 00:00:00+01:00,1857.6284762509454,1857.6284762509454,1801.6396739527468,1817.636474609375,68717,0.0,0.0
2024-09-04 00:00:00+01:00,1799.6400658220182,1849.6300676504077,1799.6400658220182,1831.6336669921875,73657,0.0,0.0
2024-09-05 00:00:00+01:00,1805.6388199405274,1847.6304204042603,1805.6388199405274,1821.6356201171875,87002,0.0,0.0
2024-09-06 00:00:00+01:00,1817.6364278877732,1841.6316282559285,1807.638427734375,1807.638427734375,49111,0.0,0.0
2024-09-09 00:00:00+01:00,1799.6400946812914,1835.6328965749174,1798.0404390063113,1811.6376953125,56694,0.0,0.0
2024-09-10 00:00:00+01:00,1827.6344227892287,1827.6344227892287,1785.642822265625,1785.642822265625,38266,0.0,0.0
2024-09-11 00:00:00+01:00,1767.6464716131036,1797.6404728282582,1753.6492710460316,1759.6480712890625,62674,0.0,0.0
2024-09-12 00:00:00+01:00,1793.6412382679182,1797.6404383532424,1749.6500373293516,1757.6484375,76002,0.0,0.0
2024-09-13 00:00:00+01:00,1759.6480090867549,1793.6412092622945,1713.65720884926,1777.6444091796875,103299,0.0,0.0
2024-09-16 00:00:00+01:00,1777.644414469401,1805.6388146972656,1771.6456144205729,1799.6400146484375,74658,0.0,0.0
2024-09-17 00:00:00+01:00,1799.6400303550013,1801.639630388729,1771.6456298828125,1771.6456298828125,72111,0.0,0.0
2024-09-18 00:00:00+01:00,1779.64404296875,1791.641643258427,1755.6488423893961,1779.64404296875,90649,0.0,0.0
2024-09-19 00:00:00+01:00,1811.6376456342662,1841.6316463898004,1777.644444777994,1837.6324462890625,422869,0.0,0.0
2024-09-20 00:00:00+01:00,1829.6340460875867,1849.6300465912761,1827.634446037218,1837.6324462890625,212066,0.0,0.0
2024-09-23 00:00:00+01:00,1801.639619896362,1849.630020426343,1801.639619896362,1821.6356201171875,42779,0.0,0.0
2024-09-24 00:00:00+01:00,1799.640082044242,1819.912028744792,1799.640082044242,1803.6392822265625,300571,0.0,0.0
2024-09-25 00:00:00+01:00,1849.6300230634974,1849.6300230634974,1770.5258509589637,1785.642822265625,66318,0.0,0.0
2024-09-26 00:00:00+01:00,1797.6404657488827,1847.6304675772722,1795.6408656757471,1831.6336669921875,112316,0.0,0.0
2024-09-27 00:00:00+01:00,1849.6300178913818,1857.62841796875,1819.6360176012513,1857.62841796875,96069,0.0,0.0
2024-09-30 00:00:00+01:00,1863.6272939706778,1863.6272939706778,1833.6332924582741,1847.6304931640625,127254,0.0,0.0
2024-10-01 00:00:00+01:00,1813.637282682364,1857.6284846878898,1803.6392822265625,1803.6392822265625,209089,0.0,0.0
2024-10-02 00:00:00+01:00,1847.6304663278606,1847.6304663278606,1773.645263671875,1773.645263671875,84762,0.0,0.0
2024-10-03 00:00:00+01:00,1815.6368408203125,1825.634841045094,1779.6440400110994,1815.6368408203125,74998,0.0,0.0
2024-10-04 00:00:00+01:00,1809.6380070157456,1827.6344070855155,1807.6384070079935,1813.63720703125,52564,0.0,0.0
2024-10-07 00:00:00+01:00,1815.6368408203125,1817.636440865269,1795.6408403707496,1815.6368408203125,170208,0.0,0.0
2024-10-08 00:00:00+01:00,1803.6392484912597,1815.636848813818,1787.642448061182,1801.6396484375,69942,0.0,0.0
2024-10-09 00:00:00+01:00,1805.6389075646034,1824.3391473748936,1779.6441060160544,1819.6361083984375,464941,0.0,0.0
2024-10-10 00:00:00+01:00,1841.6316149902343,1841.6316149902343,1789.6420145670572,1799.6400146484375,50058,0.0,0.0
2024-10-11 00:00:00+01:00,1809.6380356668496,1829.6340360609584,1789.6420352727407,1793.6412353515625,79346,0.0,0.0
2024-10-14 00:00:00+01:00,1769.646014404297,1803.6392146809897,1769.646014404297,1799.6400146484375,61949,0.0,0.0
2024-10-15 00:00:00+01:00,1769.64609310327,1826.3547227957654,1769.64609310327,1811.6376953125,95103,0.0,0.0
2024-10-16 00:00:00+01:00,1826.7305612266064,1845.2279599753722,1817.6674326441653,1829.634033203125,80763,0.0,0.0
2024-10-17 00:00:00+01:00,1839.632063871788,1867.62646484375,1827.1145479098377,1867.62646484375,138019,0.0,0.0
2024-10-18 00:00:00+01:00,1869.6260859144234,1881.2237420381875,1837.63248444423,1861.627685546875,57859,0.0,0.0
2024-10-21 00:00:00+01:00,1847.630510066106,1889.6221125676082,1811.6377079219608,1819.6361083984375,161603,0.0,0.0
2024-10-22 00:00:00+01:00,1803.6393074454843,1819.6361083984375,1773.9002595557208,1819.6361083984375,60088,0.0,0.0
2024-10-23 00:00:00+01:00,1777.6444557411826,1827.6344573087074,1777.6444557411826,1787.6424560546875,58754,0.0,0.0
2024-10-24 00:00:00+01:00,1789.6420249720984,1817.6364253627232,1743.6512243303573,1749.6500244140625,89042,0.0,0.0
2024-10-25 00:00:00+01:00,1791.6416939851767,1791.6416939851767,1727.3346083119784,1753.6492919921875,77172,0.0,0.0
2024-10-28 00:00:00+00:00,1753.6493004108297,1787.6425023572199,1739.652099609375,1739.652099609375,69142,0.0,0.0
2024-10-29 00:00:00+00:00,1737.652469406397,1757.6484702050896,1689.6620674895344,1701.65966796875,85710,0.0,0.0
2024-10-30 00:00:00+00:00,1733.6532059070676,1743.6512059411336,1689.6620057571765,1719.656005859375,138603,0.0,0.0
2024-10-31 00:00:00+00:00,1679.6640625,1709.6580636160716,1669.6660621279761,1679.6640625,99904,0.0,0.0
2024-11-01 00:00:00+00:00,1715.656787109375,1719.655987079327,1677.6643873948317,1689.6619873046875,179768,0.0,0.0
2024-11-04 00:00:00+00:00,1669.6660830043124,1707.6584848930331,1669.6660830043124,1673.665283203125,83778,0.0,0.0
2024-11-05 00:00:00+00:00,1699.66005847595,1699.66005847595,1655.6688569624548,1657.66845703125,89574,0.0,0.0
2024-11-06 00:00:00+00:00,1637.6724689387474,1687.6624710431047,1637.6724689387474,1665.6668701171875,1161114,0.0,0.0
2024-11-07 00:00:00+00:00,1669.6660913674227,1685.6628922427992,1656.676745685917,1659.6680908203125,216873,0.0,0.0
2024-11-08 00:00:00+00:00,1659.668002536007,1677.664402563506,1657.6684025329516,1661.6676025390625,334749,0.0,0.0
2024-11-11 00:00:00+00:00,1701.6596689397638,1761.6476713700729,1659.6680672385476,1759.6480712890625,752961,0.0,0.0
2024-11-12 00:00:00+00:00,1713.6572684479656,1747.2895800696488,1699.6600678888808,1701.65966796875,94032,0.0,0.0
2024-11-13 00:00:00+00:00,1689.6620467675095,1711.6576473763173,1689.6620467675095,1707.658447265625,126789,0.0,0.0
2024-11-14 00:00:00+00:00,1689.6619854658531,1725.65478515625,1689.6619854658531,1725.65478515625,64867,0.0,0.0
2024-11-15 00:00:00+00:00,1723.6552817182933,1751.6496830455044,1707.1025618661479,1709.6580810546875,58406,0.0,0.0
2024-11-18 00:00:00+00:00,1755.6488114191661,1757.648411432172,1707.658411107025,1741.651611328125,84344,0.0,0.0
2024-11-19 00:00:00+00:00,1735.6528576715896,1773.6452589339863,1731.6536575387058,1751.649658203125,49394,0.0,0.0
2024-11-20 00:00:00+00:00,1739.652065896055,1765.6468668807088,1715.656864987144,1737.6524658203125,83910,0.0,0.0
2024-11-21 00:00:00+00:00,1733.6532992658945,1763.6473009832973,1719.8960407145064,1739.652099609375,36139,0.0,0.0
2024-11-22 00:00:00+00:00,1699.6600973195043,1761.647700868804,1699.6600973195043,1739.652099609375,55210,0.0,0.0
2024-11-25 00:00:00+00:00,1765.646905316668,1765.646905316668,1735.6529035275964,1761.647705078125,162907,0.0,0.0
2024-11-26 00:00:00+00:00,1797.6404146321615,1857.6284151204427,1755.6488142903645,1799.6400146484375,209410,0.0,0.0
2024-11-27 00:00:00+00:00,1793.6412726662375,1809.6380733143199,1751.6496709650214,1759.6480712890625,102255,0.0,0.0
2024-11-28 00:00:00+00:00,1759.6480758101852,1784.0931380449822,1757.6484757240373,1781.6436767578125,58430,0.0,0.0
2024-11-29 00:00:00+00:00,1779.6440144856772,1821.635614827474,1769.646014404297,1799.6400146484375,194751,0.0,0.0
2024-12-02 00:00:00+00:00,1849.629988050247,1849.629988050247,1763.647188605749,1783.6431884765625,575108,0.0,0.0
2024-12-03 00:00:00+00:00,1793.6412325499489,1829.634033203125,1793.6412325499489,1829.634033203125,103933,0.0,0.0
2024-12-04 00:00:00+00:00,1825.634804819468,1849.7779245121092,1821.6356048089103,1849.6300048828125,116283,0.0,0.0
2024-12-05 00:00:00+00:00,1812.0,1840.0,1812.0,1826.0,118328,37.0,0.0
2024-12-06 00:00:00+00:00,1844.0,1844.0,1788.0,1790.0,57740,0.0,0.0
2024-12-09 00:00:00+00:00,1748.0,1802.0,1748.0,1770.0,81642,0.0,0.0
2024-12-10 00:00:00+00:00,1790.0,1790.0,1730.0,1756.0,92767,0.0,0.0
2024-12-11 00:00:00+00:00,1778.0,1778.0,1737.718994140625,1756.0,53798,0.0,0.0
2024-12-12 00:00:00+00:00,1720.0,1772.0,1720.0,1734.0,38860,0.0,0.0
2024-12-13 00:00:00+00:00,1738.0,1758.0,1738.0,1750.0,62713,0.0,0.0
2024-12-16 00:00:00+00:00,1748.0,1782.0,1706.0,1716.0,70417,0.0,0.0
2024-12-17 00:00:00+00:00,1704.0,1728.0,1692.0,1720.0,110547,0.0,0.0
2024-12-18 00:00:00+00:00,1752.0,1752.0,1714.0,1714.0,52866,0.0,0.0
2024-12-19 00:00:00+00:00,1694.0,1740.0,1694.0,1714.0,124155,0.0,0.0
2024-12-20 00:00:00+00:00,1740.0,1740.0,1690.4549560546875,1714.0,187967,0.0,0.0
2024-12-23 00:00:00+00:00,1672.0,1718.1390380859375,1672.0,1712.0,42098,0.0,0.0
2024-12-24 00:00:00+00:00,1746.0,1746.0,1706.0,1728.0,31611,0.0,0.0
2024-12-27 00:00:00+00:00,1730.0,1732.0,1692.0,1708.0,54866,0.0,0.0
2024-12-30 00:00:00+00:00,1742.0,1742.0,1666.0,1696.0,53242,0.0,0.0
2024-12-31 00:00:00+00:00,1724.0,1724.0,1696.697998046875,1718.0,21380,0.0,0.0
2025-01-02 00:00:00+00:00,1744.0,1758.0,1678.0,1726.0,40891,0.0,0.0
2025-01-03 00:00:00+00:00,1722.0,1750.0,1708.595947265625,1738.0,54689,0.0,0.0
2025-01-06 00:00:00+00:00,1720.0,1786.0,1720.0,1738.0,84089,0.0,0.0
2025-01-07 00:00:00+00:00,1732.0,1736.241943359375,1656.0,1666.0,81288,0.0,0.0
2025-01-08 00:00:00+00:00,1708.0,1708.0,1652.0,1658.0,78607,0.0,0.0
2025-01-09 00:00:00+00:00,1662.0,1667.5,1625.5860595703125,1664.0,204142,0.0,0.0
2025-01-10 00:00:00+00:00,1660.0,1664.0,1622.0,1630.0,70663,0.0,0.0
2025-01-13 00:00:00+00:00,1630.0,1650.0,1618.0,1636.0,110024,0.0,0.0
2025-01-14 00:00:00+00:00,1640.0,1652.0,1628.0,1638.0,68132,0.0,0.0
2025-01-15 00:00:00+00:00,1652.0,1740.0,1652.0,1688.0,153347,0.0,0.0
2025-01-16 00:00:00+00:00,1684.0,1712.0,1683.8060302734375,1710.0,51657,0.0,0.0
2025-01-17 00:00:00+00:00,1672.0,1720.0,1672.0,1704.0,55733,0.0,0.0
2025-01-20 00:00:00+00:00,1716.0,1728.0,1676.0,1686.0,51361,0.0,0.0
2025-01-21 00:00:00+00:00,1670.0,1714.0,1664.0,1664.0,76975,0.0,0.0
2025-01-22 00:00:00+00:00,1642.0,1674.0,1630.0,1636.0,74550,0.0,0.0
2025-01-23 00:00:00+00:00,1672.0,1672.0,1590.0,1616.0,170241,0.0,0.0
2025-01-24 00:00:00+00:00,1616.0,1636.0,1616.0,1630.0,57072,0.0,0.0
2025-01-27 00:00:00+00:00,1610.0,1642.0,1610.0,1636.0,51725,0.0,0.0
2025-01-28 00:00:00+00:00,1670.0,1670.0,1630.0,1636.0,52913,0.0,0.0
2025-01-29 00:00:00+00:00,1630.0,1654.0,1618.0,1644.0,62543,0.0,0.0
2025-01-30 00:00:00+00:00,1678.0,1678.0,1636.0,1674.0,53739,0.0,0.0
2025-01-31 00:00:00+00:00,1668.0,1696.0,1651.5,1672.0,107039,0.0,0.0
2025-02-03 00:00:00+00:00,1708.0,1708.0,1634.0,1668.0,74275,0.0,0.0
2025-02-04 00:00:00+00:00,1644.0,1674.0,1644.0,1666.0,62223,0.0,0.0
2025-02-05 00:00:00+00:00,1700.0,1700.0,1658.0,1688.0,125986,0.0,0.0
2025-02-06 00:00:00+00:00,1700.0,1732.0,1684.0,1706.0,72774,0.0,0.0
2025-02-07 00:00:00+00:00,1736.0,1740.0,1708.0,1716.0,211652,0.0,0.0
2025-02-10 00:00:00+00:00,1734.9520263671875,1756.0,1690.0,1740.0,56417,0.0,0.0
2025-02-11 00:00:00+00:00,1784.0,1784.0,1726.0,1726.0,61880,0.0,0.0
2025-02-12 00:00:00+00:00,1748.0,1748.0,1716.0,1718.0,104812,0.0,0.0
2025-02-13 00:00:00+00:00,1710.0,1734.0,1692.0,1694.0,63084,0.0,0.0
2025-02-14 00:00:00+00:00,1710.0,1710.0,1660.0,1692.0,51242,0.0,0.0
2025-02-17 00:00:00+00:00,1736.0,1736.0,1690.8800048828125,1706.0,70251,0.0,0.0
2025-02-18 00:00:00+00:00,1710.0,1712.0,1696.0,1704.0,70671,0.0,0.0
2025-02-19 00:00:00+00:00,1672.0,1708.0,1672.0,1698.0,65774,0.0,0.0
2025-02-20 00:00:00+00:00,1700.0,1705.2239990234375,1680.0,1680.0,28465,0.0,0.0
2025-02-21 00:00:00+00:00,1664.0,1702.0,1664.0,1694.0,51666,0.0,0.0
2025-02-24 00:00:00+00:00,1680.0,1714.0,1680.0,1696.0,234639,0.0,0.0
2025-02-25 00:00:00+00:00,1708.0,1714.0,1688.0,1694.0,98748,0.0,0.0
2025-02-26 00:00:00+00:00,1680.0,1708.0,1680.0,1708.0,93542,0.0,0.0
2025-02-27 00:00:00+00:00,1738.0,1738.0,1693.2840576171875,1698.0,44125,0.0,0.0
2025-02-28 00:00:00+00:00,1680.0,1706.0,1680.0,1690.0,382087,0.0,0.0
2025-03-03 00:00:00+00:00,1730.0,1730.0,1690.0,1698.0,307959,0.0,0.0
2025-03-04 00:00:00+00:00,1688.0,1706.0,1688.0,1694.0,112859,0.0,0.0
2025-03-05 00:00:00+00:00,1702.0,1710.0,1684.0,1690.0,69677,0.0,0.0
2025-03-06 00:00:00+00:00,1686.0,1700.0,1680.0,1686.0,83552,0.0,0.0
2025-03-07 00:00:00+00:00,1678.0,1706.0,1678.0,1704.0,54511,0.0,0.0
2025-03-10 00:00:00+00:00,1720.0,1726.0,1700.0,1708.0,60051,0.0,0.0
2025-03-11 00:00:00+00:00,1724.0,1746.0,1690.0,1692.0,69289,0.0,0.0
2025-03-12 00:00:00+00:00,1710.0,1712.0,1688.0,1712.0,64940,0.0,0.0
2025-03-13 00:00:00+00:00,1670.0,1732.0,1670.0,1718.0,70978,0.0,0.0
2025-03-14 00:00:00+00:00,1728.0,1748.0,1696.0,1728.0,85556,0.0,0.0
2025-03-17 00:00:00+00:00,1760.0,1760.0,1704.0,1714.0,97506,0.0,0.0
2025-03-18 00:00:00+00:00,1718.0,1758.0,1710.0,1754.0,89112,0.0,0.0
2025-03-19 00:00:00+00:00,1710.0,1762.0,1710.0,1754.0,121072,0.0,0.0
2025-03-20 00:00:00+00:00,1794.0,1794.0,1748.0,1758.0,117894,0.0,0.0
2025-03-21 00:00:00+00:00,1756.0,1756.0,1737.2039794921875,1748.0,623919,0.0,0.0
2025-03-24 00:00:00+00:00,1752.0,1764.0,1734.0,1736.0,49057,0.0,0.0
2025-03-25 00:00:00+00:00,1744.0,1766.0,1712.0,1724.0,57129,0.0,0.0
2025-03-26 00:00:00+00:00,1700.0,1730.0,1700.0,1716.0,81966,0.0,0.0
2025-03-27 00:00:00+00:00,1754.0,1754.0,1706.0,1722.0,143099,0.0,0.0
2025-03-28 00:00:00+00:00,1724.0,1774.0,1718.0,1770.0,115932,0.0,0.0
2025-03-31 00:00:00+01:00,1800.0,1800.0,1740.0,1740.0,106186,0.0,0.0
2025-04-01 00:00:00+01:00,1782.0,1782.0,1704.0,1708.0,38657,0.0,0.0
2025-04-02 00:00:00+01:00,1700.0,1712.0,1694.0,1712.0,184255,0.0,0.0
2025-04-03 00:00:00+01:00,1680.0,1728.0,1680.0,1726.0,64714,0.0,0.0
2025-04-04 00:00:00+01:00,1782.0,1782.0,1692.0,1700.0,179497,0.0,0.0
2025-04-07 00:00:00+01:00,1702.0,1714.0,1638.0,1672.0,295729,0.0,0.0
2025-04-08 00:00:00+01:00,1696.0,1704.0269775390625,1680.0,1686.0,330676,0.0,0.0
2025-04-09 00:00:00+01:00,1664.0,1670.0,1580.0,1598.0,164187,0.0,0.0
2025-04-10 00:00:00+01:00,1684.0,1698.0,1622.0,1666.0,200070,0.0,0.0
2025-04-11 00:00:00+01:00,1668.0,1686.0,1632.0,1680.0,105277,0.0,0.0
2025-04-14 00:00:00+01:00,1638.0,1710.0,1638.0,1710.0,67652,0.0,0.0
2025-04-15 00:00:00+01:00,1722.0,1744.0,1716.0,1726.0,155965,0.0,0.0
2025-04-16 00:00:00+01:00,1714.0,1744.0,1708.0,1740.0,69127,0.0,0.0
2025-04-17 00:00:00+01:00,1730.0,1786.0,1728.0,1776.0,97817,0.0,0.0
2025-04-22 00:00:00+01:00,1800.0,1818.0,1758.0,1812.0,94294,0.0,0.0
2025-04-23 00:00:00+01:00,1826.0,1830.0,1802.0,1814.0,250751,0.0,0.0
2025-04-24 00:00:00+01:00,1818.0,1842.0,1806.0,1842.0,164035,0.0,0.0
2025-04-25 00:00:00+01:00,1860.0,1860.0,1820.0,1832.0,318890,0.0,0.0
2025-04-28 00:00:00+01:00,1832.0,1866.0,1826.0,1858.0,104211,0.0,0.0
2025-04-29 00:00:00+01:00,1858.0,1902.4000244140625,1857.6610107421875,1892.0,180673,0.0,0.0
2025-04-30 00:00:00+01:00,1850.0,1900.0,1850.0,1892.0,162141,0.0,0.0
2025-05-01 00:00:00+01:00,1900.0,1900.0,1874.0,1888.0,86212,0.0,0.0
2025-05-02 00:00:00+01:00,1900.0,1902.0,1874.0,1900.0,109552,0.0,0.0
2025-05-06 00:00:00+01:00,1900.0,1940.0,1890.0,1922.0,328581,0.0,0.0
2025-05-07 00:00:00+01:00,1926.0,1982.0,1908.0,1980.0,253005,0.0,0.0
2025-05-08 00:00:00+01:00,1986.0,2000.0,1932.0,1956.0,120303,0.0,0.0
2025-05-09 00:00:00+01:00,1960.0,2005.0,1934.0,2000.0,102312,0.0,0.0
2025-05-12 00:00:00+01:00,2000.0,2010.0,1946.0,1962.0,124384,0.0,0.0
2025-05-13 00:00:00+01:00,2000.0,2000.0,1950.0,1952.0,83876,0.0,0.0
2025-05-14 00:00:00+01:00,1912.0,1988.0,1912.0,1960.0,52051,0.0,0.0
2025-05-15 00:00:00+01:00,1950.0,2000.0,1932.0,1978.0,59790,0.0,0.0
2025-05-16 00:00:00+01:00,1980.0,2005.0,1978.0,2000.0,104927,0.0,0.0
2025-05-19 00:00:00+01:00,2030.0,2030.0,1986.0,2015.0,129985,0.0,0.0
2025-05-20 00:00:00+01:00,2015.0,2030.5980224609375,2010.0,2025.0,58979,0.0,0.0
2025-05-21 00:00:00+01:00,1970.0,2030.0,1970.0,2030.0,66852,0.0,0.0
2025-05-22 00:00:00+01:00,1972.0,2035.0,1972.0,2035.0,59920,0.0,0.0
2025-05-23 00:00:00+01:00,1976.0,2050.0,1976.0,2035.0,111694,0.0,0.0
2025-05-27 00:00:00+01:00,2065.0,2065.0,2020.0,2020.0,101225,0.0,0.0
2025-05-28 00:00:00+01:00,2020.0,2030.0,2000.0,2010.0,147788,0.0,0.0
2025-05-29 00:00:00+01:00,2005.0,2025.0,2000.0,2020.0,40064,0.0,0.0
2025-05-30 00:00:00+01:00,2020.0,2025.0,2010.0,2015.0,267017,0.0,0.0
2025-06-02 00:00:00+01:00,1972.0,2030.0,1972.0,2015.0,102005,0.0,0.0
2025-06-03 00:00:00+01:00,2000.0,2030.0,2000.0,2010.0,184330,0.0,0.0
2025-06-04 00:00:00+01:00,2015.0,2090.0,2005.0,2065.0,233523,0.0,0.0
2025-06-05 00:00:00+01:00,2075.0,2090.0,2050.0,2085.0,39252,0.0,0.0
2025-06-06 00:00:00+01:00,2055.0,2100.0,2050.0,2065.0,71830,0.0,0.0
2025-06-09 00:00:00+01:00,2070.0,2095.0,2045.0,2045.0,46468,0.0,0.0
2025-06-10 00:00:00+01:00,2095.0,2095.0,2025.0,2025.0,56975,0.0,0.0
2025-06-11 00:00:00+01:00,2080.0,2080.0,2020.0,2040.0,88040,0.0,0.0
2025-06-12 00:00:00+01:00,2065.0,2066.0,2030.0,2060.0,116381,0.0,0.0
2025-06-13 00:00:00+01:00,2090.0,2090.0,2040.0,2060.0,50846,0.0,0.0
2025-06-16 00:00:00+01:00,2060.0,2060.0,2030.0,2030.0,54787,0.0,0.0
2025-06-17 00:00:00+01:00,2065.0,2065.0,2009.552978515625,2030.0,174940,0.0,0.0
2025-06-18 00:00:00+01:00,2060.0,2060.0,2020.0,2050.0,88767,0.0,0.0
2025-06-19 00:00:00+01:00,2045.0,2055.0,2029.8380126953125,2030.0,57959,0.0,0.0
2025-06-20 00:00:00+01:00,2035.0,2060.0,2010.0,2025.0,289128,0.0,0.0
2025-06-23 00:00:00+01:00,2025.0,2075.0,2001.136962890625,2075.0,233278,0.0,0.0
2025-06-24 00:00:00+01:00,2050.0,2100.0,1962.7099609375,1976.0,255320,0.0,0.0
2025-06-25 00:00:00+01:00,1970.0,1990.0,1918.0,1954.0,195689,0.0,0.0
2025-06-26 00:00:00+01:00,1948.0,1956.0,1928.5999755859375,1930.0,171646,0.0,0.0
2025-06-27 00:00:00+01:00,1928.0,1946.0,1914.0,1914.0,104673,0.0,0.0
2025-06-30 00:00:00+01:00,1916.0,1944.0,1906.0,1932.0,96556,0.0,0.0
2025-07-01 00:00:00+01:00,1942.0,1958.0,1918.0,1928.0,93822,0.0,0.0
2025-07-02 00:00:00+01:00,1944.0,1956.0,1898.0,1936.0,173873,0.0,0.0
2025-07-03 00:00:00+01:00,1932.0,1996.0,1932.0,1992.0,108036,0.0,0.0
2025-07-04 00:00:00+01:00,1986.0,2031.8370361328125,1978.0,2025.0,119999,0.0,0.0
