Date,Open,High,Low,Close,Volume,Dividends,Stock Splits
2020-07-06 00:00:00+01:00,633.5777564233588,653.5329613500787,633.5777564233588,643.5553588867188,136749,0.0,0.0
2020-07-07 00:00:00+01:00,632.5799690367684,637.7184584443177,624.5978874085441,628.5889282226562,113566,0.0,0.0
2020-07-08 00:00:00+01:00,628.0899812981272,629.5866214441911,607.6358993019213,625.5955810546875,192781,0.0,0.0
2020-07-09 00:00:00+01:00,626.5933081074683,644.4232752354027,609.1325073242188,609.1325073242188,424510,0.0,0.0
2020-07-10 00:00:00+01:00,602.1481480990055,625.0966276454465,601.6492681088655,619.6089477539062,149962,0.0,0.0
2020-07-13 00:00:00+01:00,628.5888798625324,632.0810403062131,609.6314374539799,624.5978393554688,427717,0.0,0.0
2020-07-14 00:00:00+01:00,612.6246551439178,627.1609907376272,608.6336150452604,613.12353515625,167544,0.0,0.0
2020-07-15 00:00:00+01:00,627.5911634399515,627.5911634399515,597.1594774543894,604.143798828125,179528,0.0,0.0
2020-07-16 00:00:00+01:00,599.1550506255301,607.1371328986429,588.1796875,588.1796875,173089,0.0,0.0
2020-07-17 00:00:00+01:00,576.7053006565825,593.16834124626,571.7165004778923,586.1840209960938,240663,0.0,0.0
2020-07-20 00:00:00+01:00,569.2221651779807,592.1706486119748,569.2221651779807,589.1773681640625,440639,0.0,0.0
2020-07-21 00:00:00+01:00,603.1460234112751,603.1460234112751,578.7008992200821,585.1863403320312,225455,0.0,0.0
2020-07-22 00:00:00+01:00,598.6561299986759,598.6561299986759,573.7121245820643,588.6785278320312,170627,0.0,0.0
2020-07-23 00:00:00+01:00,574.7097956730769,588.1795565091646,574.7097956730769,583.6896362304688,240681,0.0,0.0
2020-07-24 00:00:00+01:00,578.2019818018352,582.1930222284226,554.7546192956349,565.72998046875,239551,0.0,0.0
2020-07-27 00:00:00+01:00,565.730010404249,573.2132116000724,544.2781669762219,549.2669677734375,187947,0.0,0.0
2020-07-28 00:00:00+01:00,531.3072914866219,563.7344970703125,531.3072914866219,563.7344970703125,227350,0.0,0.0
2020-07-29 00:00:00+01:00,576.2065879558695,578.7009887695312,554.7547409583782,578.7009887695312,118139,0.0,0.0
2020-07-30 00:00:00+01:00,588.1796477236991,606.1393316236594,565.2311627404165,588.6785278320312,261484,0.0,0.0
2020-07-31 00:00:00+01:00,588.678435038745,613.6224365234375,586.6829149199696,613.6224365234375,459127,0.0,0.0
2020-08-03 00:00:00+01:00,600.1528054942255,611.627048658288,570.2199972401494,573.712158203125,259290,0.0,0.0
2020-08-04 00:00:00+01:00,563.7344349918202,584.188516261435,563.7344349918202,583.6896362304688,158924,0.0,0.0
2020-08-05 00:00:00+01:00,572.215395015428,594.1661163586529,559.2445142217043,593.667236328125,506481,0.0,0.0
2020-08-06 00:00:00+01:00,588.6785037501329,594.665064805219,579.6986621675037,586.6829833984375,537038,0.0,0.0
2020-08-07 00:00:00+01:00,598.1572609203774,598.1572609203774,578.2020562191137,594.6651000976562,394631,0.0,0.0
2020-08-10 00:00:00+01:00,599.6537872492324,609.1325076799607,589.1773067731643,599.1549072265625,359446,0.0,0.0
2020-08-11 00:00:00+01:00,600.1527070617676,613.123588511149,597.6583067830403,598.6560668945312,195643,0.0,0.0
2020-08-12 00:00:00+01:00,602.6471708653337,602.6471708653337,580.6964460987156,588.6785278320312,114557,0.0,0.0
2020-08-13 00:00:00+01:00,597.1595137248668,597.1595137248668,575.7076682025867,579.1998291015625,99669,0.0,0.0
2020-08-14 00:00:00+01:00,573.7121342364406,576.7104086098481,561.2401313182571,571.7166137695312,129447,0.0,0.0
2020-08-17 00:00:00+01:00,582.1930602487209,582.1930602487209,556.7501758676715,563.7344970703125,99767,0.0,0.0
2020-08-18 00:00:00+01:00,554.255840952462,570.7188857332281,543.2804777652846,543.7793579101562,178899,0.0,0.0
2020-08-19 00:00:00+01:00,530.8085726202376,545.2760995055636,525.8197702459872,530.3096923828125,332352,0.0,0.0
2020-08-20 00:00:00+01:00,519.833105744017,577.7032019688787,519.833105744017,575.2088012695312,315139,0.0,0.0
2020-08-21 00:00:00+01:00,577.7031418158084,600.6516258603051,573.7121011124176,586.6829833984375,204925,0.0,0.0
2020-08-24 00:00:00+01:00,589.6762511297655,598.114279035358,557.7479261954974,569.22216796875,125942,0.0,0.0
2020-08-25 00:00:00+01:00,570.7188228254156,589.6762662409451,550.5650902881027,555.2535400390625,195317,0.0,0.0
2020-08-26 00:00:00+01:00,567.7255191870377,567.7255191870377,547.2714363340775,564.7322387695312,132236,0.0,0.0
2020-08-27 00:00:00+01:00,551.262458922371,570.7187810019841,551.262458922371,565.72998046875,296474,0.0,0.0
2020-08-28 00:00:00+01:00,552.260192383679,567.2265932612855,547.2713920911435,562.23779296875,262255,0.0,0.0
2020-09-01 00:00:00+01:00,567.2265024636008,567.2265024636008,544.2780247913707,548.7679443359375,211694,0.0,0.0
2020-09-02 00:00:00+01:00,546.7725166106893,556.7501172787676,533.8016357421875,533.8016357421875,159329,0.0,0.0
2020-09-03 00:00:00+01:00,540.2869851962002,554.2556237792969,533.8015458540483,548.7679443359375,191903,0.0,0.0
2020-09-04 00:00:00+01:00,551.2625169754028,556.2513180340038,539.2893944347607,542.7815551757812,183905,0.0,0.0
2020-09-07 00:00:00+01:00,529.3116263094815,554.2556237792969,529.3116263094815,548.7679443359375,146161,0.0,0.0
2020-09-08 00:00:00+01:00,558.2468419511614,558.2468419511614,545.7748392266045,555.75244140625,168319,0.0,0.0
2020-09-09 00:00:00+01:00,543.7793106838589,556.7501933240243,540.2871499730451,551.2625122070312,314547,0.0,0.0
2020-09-10 00:00:00+01:00,548.7681005814701,557.7179801906071,541.7837793013423,545.2759399414062,224053,0.0,0.0
2020-09-11 00:00:00+01:00,544.2781072934769,553.2579477437816,529.3117065429688,529.3117065429688,198983,0.0,0.0
2020-09-14 00:00:00+01:00,523.8240672610804,540.287109375,508.8576653393352,540.287109375,225777,0.0,0.0
2020-09-15 00:00:00+01:00,534.3005093507661,544.2781098988663,528.812829049311,540.7859497070312,137527,0.0,0.0
2020-09-16 00:00:00+01:00,536.7949413321277,542.781502016129,519.3341393371235,525.819580078125,360716,0.0,0.0
2020-09-17 00:00:00+01:00,519.3342027452256,539.7882875795717,518.3364425094039,538.79052734375,242283,0.0,0.0
2020-09-18 00:00:00+01:00,538.7903988983921,544.7769588861521,507.3609589626526,515.8419189453125,474033,0.0,0.0
2020-09-21 00:00:00+01:00,507.3610264239925,511.35206694650174,495.08858899696554,503.8688659667969,551497,0.0,0.0
2020-09-22 00:00:00+01:00,492.2948457803261,514.3453509101602,492.2948457803261,500.376708984375,210889,0.0,0.0
2020-09-23 00:00:00+01:00,505.36551273777326,508.85767324040347,484.9114297937963,491.2970886230469,410767,0.0,0.0
2020-09-24 00:00:00+01:00,489.10204657152843,500.87560437515936,483.1154855630604,492.29486083984375,350299,0.0,0.0
2020-09-25 00:00:00+01:00,493.0930452581752,493.4921432015794,471.34185717660074,481.3194580078125,244635,0.0,0.0
2020-09-28 00:00:00+01:00,487.30606784988726,523.8240966796875,482.22549296687754,523.8240966796875,228867,0.0,0.0
2020-09-29 00:00:00+01:00,523.8241390306123,523.8241390306123,506.86221452866863,513.34765625,206638,0.0,0.0
2020-09-30 00:00:00+01:00,513.3475221086677,539.2892822152282,508.35872208817534,537.2937622070312,406540,0.0,0.0
2020-10-01 00:00:00+01:00,528.3140071371328,550.7636108398438,528.3140071371328,550.7636108398438,374314,0.0,0.0
2020-10-02 00:00:00+01:00,545.2759284294373,562.2378511802158,538.790487377669,560.7412109375,219838,0.0,0.0
2020-10-05 00:00:00+01:00,565.7300130350235,573.712094347687,554.7546512301112,572.2154541015625,234754,0.0,0.0
2020-10-06 00:00:00+01:00,572.2154895595918,591.6718139648438,568.7233287689055,591.6718139648438,275726,0.0,0.0
2020-10-07 00:00:00+01:00,596.1616339597726,597.1593940166091,582.1929931640625,582.1929931640625,359555,0.0,0.0
2020-10-08 00:00:00+01:00,580.197493479308,600.6515753646491,580.197493479308,592.6694946289062,216536,0.0,0.0
2020-10-09 00:00:00+01:00,596.6606471783126,602.1483287159058,589.1774450815947,598.1572875976562,167457,0.0,0.0
2020-10-12 00:00:00+01:00,607.6358951795969,610.1302954061142,593.6672539111005,602.6470947265625,127990,0.0,0.0
2020-10-13 00:00:00+01:00,607.1370092001612,607.1370092001612,595.1638882299033,599.65380859375,341784,0.0,0.0
2020-10-14 00:00:00+01:00,602.6471073404948,609.0068536761403,593.6672663370769,598.6560668945312,279640,0.0,0.0
2020-10-15 00:00:00+01:00,588.1795857238769,598.6560668945312,578.2019846089681,598.6560668945312,325523,0.0,0.0
2020-10-16 00:00:00+01:00,607.1370318711862,619.6090333475869,582.1930289183848,590.1751098632812,355378,0.0,0.0
2020-10-19 00:00:00+01:00,579.1997542064464,596.6605564435056,579.1997542064464,593.1683959960938,206804,0.0,0.0
2020-10-20 00:00:00+01:00,592.1705628193688,608.0229742620309,586.1840027908663,607.136962890625,175076,0.0,0.0
2020-10-21 00:00:00+01:00,611.6270086569864,611.6270086569864,591.1729243544281,608.6337280273438,201566,0.0,0.0
2020-10-22 00:00:00+01:00,622.103457421875,628.5888984375,601.150494140625,623.60009765625,184545,0.0,0.0
2020-10-23 00:00:00+01:00,638.5665541901692,638.5665541901692,616.1169487694211,619.1102294921875,172213,0.0,0.0
2020-10-26 00:00:00+00:00,604.1438015933091,637.0698882201947,602.1482811916798,605.6404418945312,133916,0.0,0.0
2020-10-27 00:00:00+00:00,601.6493346359556,607.1370151342935,597.658294273528,602.6470947265625,178847,0.0,0.0
2020-10-28 00:00:00+00:00,598.6560812114197,609.6314427002958,590.6740001286008,606.1392822265625,1709050,0.0,0.0
2020-10-29 00:00:00+00:00,603.6448270780546,614.1213075480043,599.5480063083436,609.1325073242188,283919,0.0,0.0
2020-10-30 00:00:00+00:00,601.6493992241313,620.606842980779,601.6493992241313,615.6180419921875,219089,0.0,0.0
2020-11-02 00:00:00+00:00,601.6493559049318,618.6112780448718,591.6717546461435,603.14599609375,544655,0.0,0.0
2020-11-03 00:00:00+00:00,609.1325221385771,625.096683242946,606.6381219660194,616.61572265625,147168,0.0,0.0
2020-11-04 00:00:00+00:00,605.640380200553,647.0474243164062,605.640380200553,647.0474243164062,294676,0.0,0.0
2020-11-05 00:00:00+00:00,651.5373238590444,654.5306040605408,636.5709228515625,636.5709228515625,824345,0.0,0.0
2020-11-06 00:00:00+00:00,624.5978209573116,653.5328637812127,616.6157401783045,625.5955810546875,193108,0.0,0.0
2020-11-09 00:00:00+00:00,639.0653784685769,702.3043962594567,630.584417161812,697.9332275390625,612695,0.0,0.0
2020-11-10 00:00:00+00:00,709.9063733216947,754.3067016601562,696.9354908857396,754.3067016601562,697329,0.0,0.0
2020-11-11 00:00:00+00:00,765.282048177525,770.2708490131022,716.8906800724274,735.3492431640625,627781,0.0,0.0
2020-11-12 00:00:00+00:00,747.8212456000093,747.8212456000093,705.9153185617166,713.8973999023438,286828,0.0,0.0
2020-11-13 00:00:00+00:00,706.9131522912503,712.4008337839841,689.4523475416429,709.9064331054688,200907,0.0,0.0
2020-11-16 00:00:00+00:00,692.9444833486742,755.8033781664806,692.9444833486742,729.3627319335938,499829,0.0,0.0
2020-11-17 00:00:00+00:00,736.3469664453654,739.8391268553366,716.3917641026725,737.3447265625,342745,0.0,0.0
2020-11-18 00:00:00+00:00,728.8638729095459,739.8392358144124,718.3873901367188,718.3873901367188,414057,0.0,0.0
2020-11-19 00:00:00+00:00,735.8481834112962,735.8481834112962,698.6307030410317,700.9265747070312,239310,0.0,0.0
2020-11-20 00:00:00+00:00,692.9444618988603,693.4433420010193,668.499336893069,672.9892578125,240765,0.0,0.0
2020-11-23 00:00:00+00:00,688.9533339642009,717.389496191543,677.977973104525,712.4006958007812,249080,0.0,0.0
2020-11-24 00:00:00+00:00,719.3850665755922,735.3492289406539,717.3895462799595,727.8660278320312,237889,0.0,0.0
2020-11-25 00:00:00+00:00,738.3425362723214,746.8234978376116,692.9444478934151,698.43212890625,226834,0.0,0.0
2020-11-26 00:00:00+00:00,714.3962700757237,714.3962700757237,688.4545060785606,697.9332275390625,139677,0.0,0.0
2020-11-27 00:00:00+00:00,698.43212890625,698.43212890625,688.4545270647321,698.43212890625,481448,0.0,0.0
2020-11-30 00:00:00+00:00,681.4702360966646,710.9041628387607,681.4702360966646,681.9691162109375,297670,0.0,0.0
2020-12-01 00:00:00+00:00,687.4567741625236,728.36494214607,681.9690930915601,724.3739013671875,201792,0.0,0.0
2020-12-02 00:00:00+00:00,727.3672060285295,734.3515276227678,712.6542619670341,726.3694458007812,230966,0.0,0.0
2020-12-03 00:00:00+00:00,742.8324385415159,754.3066803725802,719.3850747997757,753.8078002929688,635673,0.0,0.0
2020-12-04 00:00:00+00:00,768.2752496423856,779.2506103515625,757.8855492444887,779.2506103515625,382742,0.0,0.0
2020-12-07 00:00:00+00:00,788.2305931678185,789.7272335345928,760.7921864436223,778.2529907226562,591295,0.0,0.0
2020-12-08 00:00:00+00:00,773.2641454583036,789.7271885551578,765.2820639567985,787.2327880859375,181173,0.0,0.0
2020-12-09 00:00:00+00:00,768.2754145014471,801.2015036943662,768.2754145014471,770.2709350585938,207776,0.0,0.0
2020-12-10 00:00:00+00:00,756.801086757044,758.2977270077171,716.3917999888696,735.3492431640625,427024,0.0,0.0
2020-12-11 00:00:00+00:00,717.8884790735186,736.8459232742092,710.4052774153513,734.8504028320312,179280,0.0,0.0
2020-12-14 00:00:00+00:00,744.328976583773,758.2976168949966,731.8569763058948,732.854736328125,1687460,0.0,0.0
2020-12-15 00:00:00+00:00,750.814571935152,750.814571935152,710.4052826814993,737.8436889648438,187329,0.0,0.0
2020-12-16 00:00:00+00:00,748.3200470235365,764.7830880580543,743.8301267413954,747.8211669921875,295822,0.0,0.0
2020-12-17 00:00:00+00:00,753.3089497683472,769.273112942246,746.3246283797666,758.796630859375,203810,0.0,0.0
2020-12-18 00:00:00+00:00,771.7674803437634,774.4334925563568,728.863793653677,730.8593139648438,266449,0.0,0.0
2020-12-21 00:00:00+00:00,714.3962657518979,774.4334864360675,686.0179550666887,706.4141845703125,259513,0.0,0.0
2020-12-22 00:00:00+00:00,723.3761142611916,726.3693947339965,703.9197911879596,720.8817138671875,103136,0.0,0.0
2020-12-23 00:00:00+00:00,723.8749432866383,746.8234252929688,718.8861428504796,746.8234252929688,169752,0.0,0.0
2020-12-24 00:00:00+00:00,750.3156820575842,763.2865648591116,730.9242147052388,754.8056030273438,32777,0.0,0.0
2020-12-29 00:00:00+00:00,765.2820684419543,790.724953377117,754.8055864098285,778.7518310546875,185693,0.0,0.0
2020-12-30 00:00:00+00:00,763.2864825380576,784.2843269570991,763.2864825380576,775.7584838867188,107006,0.0,0.0
2020-12-31 00:00:00+00:00,743.3313432750529,769.7719883714137,737.3877155278726,767.277587890625,54420,0.0,0.0
2021-01-04 00:00:00+00:00,781.7450122249111,794.7158930914379,749.3178100585938,749.3178100585938,245731,0.0,0.0
2021-01-05 00:00:00+00:00,733.8526259001582,758.796630859375,732.8548657017895,758.796630859375,378522,0.0,0.0
2021-01-06 00:00:00+00:00,766.7786195880833,768.7741397431596,749.3178182311653,763.7853393554688,284764,0.0,0.0
2021-01-07 00:00:00+00:00,773.264072791417,773.7629528383792,748.3200704433068,759.7943115234375,234846,0.0,0.0
2021-01-08 00:00:00+00:00,764.783192049587,766.27983234714,749.8167890740569,758.796630859375,169760,0.0,0.0
2021-01-11 00:00:00+00:00,758.7966424672882,763.286563428633,727.8660758446899,731.8571166992188,187862,0.0,0.0
2021-01-12 00:00:00+00:00,714.3962796546388,745.3268448352167,714.3962796546388,735.3492431640625,184926,0.0,0.0
2021-01-13 00:00:00+00:00,753.8077814841757,753.8077814841757,724.3738575215242,733.3536987304688,125440,0.0,0.0
2021-01-14 00:00:00+00:00,754.8055778903885,754.8055778903885,735.3492543360427,741.3358154296875,253318,0.0,0.0
2021-01-15 00:00:00+00:00,723.3761183831418,754.3066834450417,723.3761183831418,733.8526000976562,138865,0.0,0.0
2021-01-18 00:00:00+00:00,745.82576526401,745.82576526401,722.3784000684191,734.8504028320312,223425,0.0,0.0
2021-01-19 00:00:00+00:00,752.311125364142,752.311125364142,731.358162986626,735.8480834960938,149644,0.0,0.0
2021-01-20 00:00:00+00:00,743.8302585232643,746.8235392416677,735.4201213875987,742.3336181640625,140220,0.0,0.0
2021-01-21 00:00:00+00:00,750.3155780602555,753.3088582918789,722.3782958984375,722.3782958984375,183786,0.0,0.0
2021-01-22 00:00:00+00:00,739.8392358144124,739.8392358144124,713.8974689483642,718.3873901367188,182392,0.0,0.0
2021-01-25 00:00:00+00:00,720.881787938141,722.3784283283239,697.4344218252741,705.41650390625,241576,0.0,0.0
2021-01-26 00:00:00+00:00,707.9107747789246,722.3782958984375,697.4342939682429,722.3782958984375,273535,0.0,0.0
2021-01-27 00:00:00+00:00,732.3558966705153,732.8547767091193,715.393975357983,722.3782958984375,135967,0.0,0.0
2021-01-28 00:00:00+00:00,715.3940245221917,728.8637864901826,700.4276223355349,716.3917846679688,178417,0.0,0.0
2021-01-29 00:00:00+00:00,726.868282080863,726.868282080863,700.9265177238246,713.8973999023438,316644,0.0,0.0
2021-02-01 00:00:00+00:00,716.8907148382636,722.3783960235253,705.9153524677405,710.4052734375,160579,0.0,0.0
2021-02-02 00:00:00+00:00,703.42085509741,719.3850163478477,698.4320547066483,712.4006958007812,171244,0.0,0.0
2021-02-03 00:00:00+00:00,720.3828178790756,723.8749783535586,701.9242553710938,701.9242553710938,130294,0.0,0.0
2021-02-04 00:00:00+00:00,705.9152792818719,715.8928804024638,696.4365582173097,714.396240234375,144542,0.0,0.0
2021-02-05 00:00:00+00:00,720.8816846297784,740.3380069139039,717.8884042783745,737.3447265625,229938,0.0,0.0
2021-02-08 00:00:00+00:00,739.3403071138048,744.8279882057426,721.3806235401901,725.8705444335938,187195,0.0,0.0
2021-02-09 00:00:00+00:00,707.9108248757042,742.8324300492766,707.9108248757042,727.8660278320312,151307,0.0,0.0
2021-02-10 00:00:00+00:00,744.8279910408094,744.8279910408094,721.8795063871743,727.3671875,134321,0.0,0.0
2021-02-11 00:00:00+00:00,714.3962558032586,727.3671375427032,706.9130547997328,711.90185546875,139246,0.0,0.0
2021-02-12 00:00:00+00:00,714.3962918526786,717.8884524972098,696.9354886300223,698.43212890625,412669,0.0,0.0
2021-02-15 00:00:00+00:00,703.9197107457719,725.3715516827443,700.4275505932414,720.3827514648438,110436,0.0,0.0
2021-02-16 00:00:00+00:00,722.3783967097875,743.830241363462,715.3940751946376,721.8795166015625,150264,0.0,0.0
2021-02-17 00:00:00+00:00,739.340297845004,755.8033409144272,736.3470172869271,742.8324584960938,174616,0.0,0.0
2021-02-18 00:00:00+00:00,727.3672246080317,754.3067514453662,725.3717041015625,725.3717041015625,136742,0.0,0.0
2021-02-19 00:00:00+00:00,727.3671866493358,729.8615871522485,711.9019035312772,715.8929443359375,321220,0.0,0.0
2021-02-22 00:00:00+00:00,722.8772398345968,723.875,711.901878015162,723.875,295613,0.0,0.0
2021-02-23 00:00:00+00:00,722.3782815933228,785.2371652126312,722.3782815933228,766.2797241210938,1466670,0.0,0.0
2021-02-24 00:00:00+00:00,784.7383415763128,849.5927499710493,769.273059574491,816.1677856445312,373653,0.0,0.0
2021-02-25 00:00:00+00:00,809.6823395885475,831.6330622884218,781.7450561523438,781.7450561523438,294463,0.0,0.0
2021-02-26 00:00:00+00:00,770.2708199295344,778.2529009650735,760.2932186351103,763.2864990234375,425004,0.0,0.0
2021-03-01 00:00:00+00:00,780.7472673416138,800.2035890197754,772.2663066101074,798.2080688476562,250490,0.0,0.0
2021-03-02 00:00:00+00:00,804.6935593885897,807.6868398326886,765.2820335412874,770.7697143554688,117842,0.0,0.0
2021-03-03 00:00:00+00:00,789.2282899494412,797.7092513458638,769.7719667458836,788.2305297851562,177922,0.0,0.0
2021-03-04 00:00:00+00:00,807.1879193718288,807.6867994208843,782.7427969681083,792.7203979492188,239279,0.0,0.0
2021-03-05 00:00:00+00:00,787.2326974794846,796.2125381351442,766.778615986038,772.2662963867188,239927,0.0,0.0
2021-03-08 00:00:00+00:00,778.25293695171,779.2506971272892,765.2820546691815,771.2686157226562,174758,0.0,0.0
2021-03-09 00:00:00+00:00,786.7338708948206,790.2260313870613,765.7809079413757,767.7764282226562,103876,0.0,0.0
2021-03-10 00:00:00+00:00,778.7518538373956,778.7518538373956,754.8056084919792,757.7988891601562,147647,0.0,0.0
2021-03-11 00:00:00+00:00,775.2597045898438,779.2507455401131,755.8033799572801,775.2597045898438,180990,0.0,0.0
2021-03-12 00:00:00+00:00,759.2954533911086,781.7450561523438,759.2954533911086,781.7450561523438,164260,0.0,0.0
2021-03-15 00:00:00+00:00,777.2552228101175,799.7048280902558,777.2552228101175,785.2373046875,365316,0.0,0.0
2021-03-16 00:00:00+00:00,801.2013570412014,819.6599188161232,784.2394354101922,812.6755981445312,198525,0.0,0.0
2021-03-17 00:00:00+00:00,794.2171920072116,816.1679184194711,794.2171920072116,810.6802368164062,159907,0.0,0.0
2021-03-18 00:00:00+00:00,791.7226579938616,819.659941451742,791.7226579938616,803.1968994140625,123468,0.0,0.0
2021-03-19 00:00:00+00:00,822.6533386497331,822.6533386497331,796.2126916221795,798.7070922851562,657484,0.0,0.0
2021-03-22 00:00:00+00:00,793.2193974498541,802.6981198093179,781.246274469479,791.223876953125,334827,0.0,0.0
2021-03-23 00:00:00+00:00,792.2215237130192,811.1789657162275,789.2282433967232,795.7136840820312,209130,0.0,0.0
2021-03-24 00:00:00+00:00,814.6711349677564,814.6711349677564,788.7293719436759,800.20361328125,165577,0.0,0.0
2021-03-25 00:00:00+00:00,815.1700657983522,815.1700657983522,777.2551790170335,794.2171020507812,119259,0.0,0.0
2021-03-26 00:00:00+00:00,806.19019543419,812.6756363628066,791.2237932912285,800.7025146484375,157852,0.0,0.0
2021-03-29 00:00:00+01:00,790.2259852457734,812.6755870993464,790.2259852457734,796.71142578125,110568,0.0,0.0
2021-03-30 00:00:00+01:00,814.1723629777812,814.1723629777812,797.2104387490774,802.6981201171875,250070,0.0,0.0
2021-03-31 00:00:00+01:00,786.7338278579712,812.6536666561291,786.7338278579712,798.2080688476562,191052,0.0,0.0
2021-04-01 00:00:00+01:00,814.1722723682183,818.6621929878959,799.704750371479,809.1834716796875,110776,0.0,0.0
2021-04-06 00:00:00+01:00,821.655444895893,827.1431254628966,811.6778438649775,815.6688842773438,148532,0.0,0.0
2021-04-07 00:00:00+01:00,799.2059752308239,832.1320640980114,792.2216533499053,823.1522216796875,129079,0.0,0.0
2021-04-08 00:00:00+01:00,799.7047741879396,827.6670272392926,799.7047741879396,811.1790161132812,137706,0.0,0.0
2021-04-09 00:00:00+01:00,827.1431234279282,833.1296840317492,803.1968810126444,804.1946411132812,109167,0.0,0.0
2021-04-12 00:00:00+01:00,793.7183144309304,823.1522431244722,793.7183144309304,812.1768798828125,143522,0.0,0.0
2021-04-13 00:00:00+01:00,798.2081710676292,820.6577758789062,798.2081710676292,820.6577758789062,127275,0.0,0.0
2021-04-14 00:00:00+01:00,828.6397432744719,837.1207039220734,819.1610225506821,825.1475830078125,148823,0.0,0.0
2021-04-15 00:00:00+01:00,843.1073296408231,843.1073296408231,818.6622058820063,826.644287109375,116407,0.0,0.0
2021-04-16 00:00:00+01:00,815.1701214872901,841.1118878993703,815.1701214872901,835.6242065429688,1308329,0.0,0.0
2021-04-19 00:00:00+01:00,845.1028585994945,849.0938992540375,830.6353362267758,831.1342163085938,106629,0.0,0.0
2021-04-20 00:00:00+01:00,826.1453663913513,837.1207275390625,821.6554459218331,837.1207275390625,508267,0.0,0.0
2021-04-21 00:00:00+01:00,817.6643948560786,842.6083971396686,817.6643948560786,821.1565551757812,182993,0.0,0.0
2021-04-22 00:00:00+01:00,841.1118236340974,841.1118236340974,811.6778986077559,834.1275024414062,143266,0.0,0.0
2021-04-23 00:00:00+01:00,804.6935064402983,817.6643875112516,776.7562241336295,796.71142578125,390495,0.0,0.0
2021-04-26 00:00:00+01:00,793.7183195415296,815.170166015625,789.2283981864864,815.170166015625,231053,0.0,0.0
2021-04-27 00:00:00+01:00,823.1520948738887,823.1520948738887,803.1968925739156,810.1812133789062,192491,0.0,0.0
2021-04-28 00:00:00+01:00,822.1543131209565,827.6419936090213,808.4890070227758,809.6823120117188,272335,0.0,0.0
2021-04-29 00:00:00+01:00,825.147671580462,825.147671580462,800.2036669982231,807.18798828125,186172,0.0,0.0
2021-04-30 00:00:00+01:00,826.6443530943336,826.6443530943336,809.682429132229,818.1633911132812,312897,0.0,0.0
2021-05-04 00:00:00+01:00,819.1611448759191,856.0782732077206,819.1611448759191,848.09619140625,233297,0.0,0.0
2021-05-05 00:00:00+01:00,830.136449032738,852.2168861366986,830.136449032738,838.1185302734375,274706,0.0,0.0
2021-05-06 00:00:00+01:00,843.1072377232143,873.0400390625,841.1117176339286,873.0400390625,284937,0.0,0.0
2021-05-07 00:00:00+01:00,890.0020779960304,900.9774399444119,873.0401549848953,891.4987182617188,191934,0.0,0.0
2021-05-10 00:00:00+01:00,900.4785794283437,909.9573013170631,896.4875386330934,901.9752197265625,268098,0.0,0.0
2021-05-11 00:00:00+01:00,895.4898195743287,899.9797406752584,862.0648513785181,868.55029296875,209135,0.0,0.0
2021-05-12 00:00:00+01:00,868.0513277202073,873.5390085276339,862.0647668393782,866.5546875,161956,0.0,0.0
2021-05-13 00:00:00+01:00,851.0893825479787,866.0557843512843,842.3819402097542,854.58154296875,127624,0.0,0.0
2021-05-14 00:00:00+01:00,868.5502007711553,881.0222025053764,865.0580402855735,873.5390014648438,125352,0.0,0.0
2021-05-17 00:00:00+01:00,879.026699450726,887.008780717021,861.0670166015625,861.0670166015625,107945,0.0,0.0
2021-05-18 00:00:00+01:00,868.5501979243019,874.0378786693722,856.0781962309604,872.0423583984375,129336,0.0,0.0
2021-05-19 00:00:00+01:00,863.5613818693623,878.0289035760126,863.5613818693623,874.5367431640625,120802,0.0,0.0
2021-05-20 00:00:00+01:00,895.4897794642461,895.4897794642461,870.5457744652421,880.5233764648438,557260,0.0,0.0
2021-05-21 00:00:00+01:00,878.0290020636792,885.4612926803466,867.5525196526921,872.5413208007812,88396,0.0,0.0
2021-05-24 00:00:00+01:00,875.0356330389818,875.0356330389818,853.0849102033403,869.049072265625,139901,0.0,0.0
2021-05-25 00:00:00+01:00,887.0087583634856,887.0087583634856,839.1162719726562,839.1162719726562,471623,0.0,0.0
2021-05-26 00:00:00+01:00,848.0960686262264,859.0714295143305,841.1117480610692,858.0736694335938,171806,0.0,0.0
2021-05-27 00:00:00+01:00,878.5277836348625,879.5255437525626,857.5748211631623,874.5367431640625,237672,0.0,0.0
2021-05-28 00:00:00+01:00,855.5792776954095,914.9460030865196,855.5792776954095,903.9706420898438,427800,0.0,0.0
2021-06-01 00:00:00+01:00,891.9975966942792,910.9550400244708,886.4650335739545,901.476318359375,127230,0.0,0.0
2021-06-02 00:00:00+01:00,923.4269973713078,923.4269973713078,901.4762745812822,910.4561157226562,196253,0.0,0.0
2021-06-03 00:00:00+01:00,889.0042980362578,905.9662206699462,876.5322960997221,881.022216796875,168693,0.0,0.0
2021-06-04 00:00:00+01:00,902.4740145190592,908.4605751460513,878.0288919588414,899.9796142578125,140600,0.0,0.0
2021-06-07 00:00:00+01:00,884.0155262163277,907.462890625,881.0222456535184,907.462890625,221860,0.0,0.0
2021-06-08 00:00:00+01:00,885.5120796303561,917.9392825463973,885.5120796303561,913.9482421875,249967,0.0,0.0
2021-06-09 00:00:00+01:00,892.9952295107533,918.4381103515625,892.9952295107533,918.4381103515625,194238,0.0,0.0
2021-06-10 00:00:00+01:00,915.444927577058,925.4225289675437,893.4942045179896,894.9908447265625,139213,0.0,0.0
2021-06-11 00:00:00+01:00,920.9326321291318,920.9326321291318,861.5659023223243,864.060302734375,133910,0.0,0.0
2021-06-14 00:00:00+01:00,884.0154915549539,885.0132517034357,870.5457295504483,878.0289306640625,665307,0.0,0.0
2021-06-15 00:00:00+01:00,888.0066089395755,888.0066089395755,852.087240488087,852.5861206054688,213788,0.0,0.0
2021-06-16 00:00:00+01:00,858.073734663606,871.5434967775116,845.6017327062863,871.0446166992188,279069,0.0,0.0
2021-06-17 00:00:00+01:00,850.091680372807,871.0446443256578,849.093920184576,853.0849609375,225854,0.0,0.0
2021-06-18 00:00:00+01:00,861.0669681429168,875.5344896238813,846.5994466619525,857.075927734375,507264,0.0,0.0
2021-06-21 00:00:00+01:00,851.0894488500537,857.5748901367188,834.1275254849295,857.5748901367188,219436,0.0,0.0
2021-06-22 00:00:00+01:00,850.5904899566136,873.5389723835956,844.1050492707275,858.5725708007812,168051,0.0,0.0
2021-06-23 00:00:00+01:00,879.0267211702012,879.0267211702012,854.5815966881695,861.56591796875,176805,0.0,0.0
2021-06-24 00:00:00+01:00,840.6128937274996,860.5680959524848,840.114013671875,840.114013671875,198795,0.0,0.0
2021-06-25 00:00:00+01:00,840.1140674460763,849.0939090221033,832.6308661327205,847.098388671875,115624,0.0,0.0
2021-06-28 00:00:00+01:00,839.6150574498437,848.0960176261046,830.136337252846,832.6307373046875,203617,0.0,0.0
2021-06-29 00:00:00+01:00,848.0961304079285,848.0961304079285,825.646526955954,826.644287109375,142718,0.0,0.0
2021-06-30 00:00:00+01:00,848.0962446839404,848.0962446839404,822.1544771994904,832.132080078125,430357,0.0,0.0
2021-07-01 00:00:00+01:00,824.3253123240428,840.791859119862,821.3313947248029,830.8121337890625,265173,17.75,0.0
2021-07-02 00:00:00+01:00,839.2949085780552,839.2949085780552,826.8202517918178,838.2969360351562,170020,0.0,0.0
2021-07-05 00:00:00+01:00,852.7675622027854,868.6702526904967,833.8060833474864,860.7513427734375,112280,0.0,0.0
2021-07-06 00:00:00+01:00,860.252430662366,864.7433076205803,855.7615537041519,861.7493896484375,112980,0.0,0.0
2021-07-07 00:00:00+01:00,879.7128595769889,879.7128595769889,853.2665852958883,861.2503662109375,126540,0.0,0.0
2021-07-08 00:00:00+01:00,864.7432193471764,877.2178762910191,833.3070838486927,836.7999877929688,145221,0.0,0.0
2021-07-09 00:00:00+01:00,851.7695816843133,857.2584307754248,837.2989795350192,853.2665405273438,155221,0.0,0.0
2021-07-12 00:00:00+01:00,871.7291475719998,871.7291475719998,851.2707073599494,868.7352294921875,98804,0.0,0.0
2021-07-13 00:00:00+01:00,867.2381617692757,872.7270108943977,841.7898612800738,846.7797241210938,159296,0.0,0.0
2021-07-14 00:00:00+01:00,860.2523592421264,867.2381672638141,825.8223054209508,828.8162231445312,179273,0.0,0.0
2021-07-15 00:00:00+01:00,840.2928479427401,846.7796692154571,813.3475903483767,819.8344116210938,153661,0.0,0.0
2021-07-16 00:00:00+01:00,837.7979736328125,837.7979736328125,815.842577063519,826.3212890625,132380,0.0,0.0
2021-07-19 00:00:00+01:00,819.8344618988036,824.3253384399413,796.3821066284179,798.3780517578125,130809,0.0,0.0
2021-07-20 00:00:00+01:00,813.8465814695768,819.3354302716401,799.8749663370519,813.3475952148438,178366,0.0,0.0
2021-07-21 00:00:00+01:00,818.3375267559389,838.7959649248374,818.3375267559389,832.3091430664062,146799,0.0,0.0
2021-07-22 00:00:00+01:00,857.2584360872357,858.7553949395417,838.2969572913597,846.7797241210938,160002,0.0,0.0
2021-07-23 00:00:00+01:00,858.7552923002869,858.7552923002869,829.8140912814509,843.7857055664062,148232,0.0,0.0
2021-07-26 00:00:00+01:00,858.2564654573578,858.2564654573578,836.8000538209237,841.7899169921875,68049,0.0,0.0
2021-07-27 00:00:00+01:00,850.7715825822121,853.7655001748768,830.3131456990035,851.2705688476562,105340,0.0,0.0
2021-07-28 00:00:00+01:00,843.7858745895813,864.7433002151062,843.7858745895813,854.2645874023438,115813,0.0,0.0
2021-07-29 00:00:00+01:00,874.2240101978925,874.2240101978925,847.7777359167918,861.2503662109375,148862,0.0,0.0
2021-07-30 00:00:00+01:00,882.2078291247466,882.2078291247466,840.2929775147473,861.7493896484375,259286,0.0,0.0
2021-08-02 00:00:00+01:00,879.2138407330691,880.7107995992435,860.2523617615274,865.7412109375,126201,0.0,0.0
2021-08-03 00:00:00+01:00,866.7391307896206,882.7066910574777,862.2482544642858,873.2259521484375,85146,0.0,0.0
2021-08-04 00:00:00+01:00,852.2685655629818,877.2178795431628,852.2685655629818,873.7249755859375,72610,0.0,0.0
2021-08-05 00:00:00+01:00,866.739211253415,904.6621704101562,866.739211253415,904.6621704101562,408308,0.0,0.0
2021-08-06 00:00:00+01:00,921.1286615668403,921.1286615668403,887.6965812174479,898.17529296875,90458,0.0,0.0
2021-08-09 00:00:00+01:00,895.1814707053001,898.6743749945626,887.1976894726998,896.179443359375,109833,0.0,0.0
2021-08-10 00:00:00+01:00,916.138742419501,916.138742419501,889.1934852895157,903.1651000976562,158173,0.0,0.0
2021-08-11 00:00:00+01:00,898.1752959069851,917.1367743761325,898.1752959069851,912.1469116210938,116051,0.0,0.0
2021-08-12 00:00:00+01:00,903.1651744698811,933.6033378083688,903.1651744698811,927.1165161132812,353013,0.0,0.0
2021-08-13 00:00:00+01:00,926.6175194029595,947.5749431051266,920.1306977808601,940.0901489257812,176805,0.0,0.0
2021-08-16 00:00:00+01:00,934.6012839234504,948.0739132165274,926.617503601627,936.5972290039062,241508,0.0,0.0
2021-08-17 00:00:00+01:00,937.5952307659646,944.5810387652854,925.6195599099864,941.088134765625,298758,0.0,0.0
2021-08-18 00:00:00+01:00,944.5809941938875,957.5546370090174,941.0880903590447,956.0576782226562,508700,0.0,0.0
2021-08-19 00:00:00+01:00,937.0962444802989,964.5404901919158,936.5972581946331,964.04150390625,200210,0.0,0.0
2021-08-20 00:00:00+01:00,964.0414484654592,976.017118632732,952.5647645551561,969.0313110351562,180211,0.0,0.0
2021-08-23 00:00:00+01:00,977.0150995094451,977.0150995094451,920.1306657279964,921.6276245117188,121182,0.0,0.0
2021-08-24 00:00:00+01:00,924.6216136766872,940.5891752728307,920.6297232776512,931.607421875,104294,0.0,0.0
2021-08-25 00:00:00+01:00,907.6561100831506,941.5871796189692,907.6561100831506,938.59326171875,165079,0.0,0.0
2021-08-26 00:00:00+01:00,961.0475449076762,961.0475449076762,924.1225613546294,926.6174926757812,110261,0.0,0.0
2021-08-27 00:00:00+01:00,948.0739878304498,949.0719604492188,924.6216312893808,949.0719604492188,151659,0.0,0.0
2021-08-31 00:00:00+01:00,969.530275470912,969.530275470912,921.1286096342272,928.6134033203125,276565,0.0,0.0
2021-09-01 00:00:00+01:00,950.5688741932745,954.0617781929348,929.1124639096467,952.5648193359375,102620,0.0,0.0
2021-09-02 00:00:00+01:00,929.6115244192988,947.0760458120393,924.6216611642301,930.6094970703125,150651,0.0,0.0
2021-09-03 00:00:00+01:00,911.6479794487279,953.0638427734375,911.6479794487279,953.0638427734375,137762,0.0,0.0
2021-09-06 00:00:00+01:00,953.0637921699799,958.0536549562102,929.6114370746977,940.0901489257812,143146,0.0,0.0
2021-09-07 00:00:00+01:00,962.5446429683349,962.5446429683349,935.1003944648313,939.09228515625,152235,0.0,0.0
2021-09-08 00:00:00+01:00,933.6033184136285,933.6033184136285,897.6763066948785,898.17529296875,248459,0.0,0.0
2021-09-09 00:00:00+01:00,891.1894983086285,903.1651690585765,884.2036903711588,899.1732788085938,1979319,0.0,0.0
2021-09-10 00:00:00+01:00,919.6317436830153,919.6317436830153,889.6925659179688,889.6925659179688,184859,0.0,0.0
2021-09-13 00:00:00+01:00,898.1753381749338,904.1631737627666,888.6945984941984,894.6824340820312,5705,0.0,0.0
2021-09-14 00:00:00+01:00,900.6702240625659,901.6681966100037,885.2016495772809,886.6986083984375,99480,0.0,0.0
2021-09-15 00:00:00+01:00,898.1752679286859,898.1752679286859,874.2239274505876,875.7208862304688,315418,0.0,0.0
2021-09-16 00:00:00+01:00,880.7107968036171,902.167207150674,874.7229613579267,897.6763305664062,160258,0.0,0.0
2021-09-17 00:00:00+01:00,902.6661384997874,910.1509323513611,870.7310180664062,870.7310180664062,698866,0.0,0.0
2021-09-20 00:00:00+01:00,871.2299881244832,884.7026168068205,860.2522906796156,867.2380981445312,186332,0.0,0.0
2021-09-21 00:00:00+01:00,871.2300760507858,878.2158842207234,866.2402130722589,869.234130859375,169060,0.0,0.0
2021-09-22 00:00:00+01:00,849.7736291171742,887.1975998651413,849.7736291171742,880.2117919921875,128681,0.0,0.0
2021-09-23 00:00:00+01:00,901.6682181980299,901.6682181980299,872.22802734375,883.7047119140625,170645,0.0,0.0
2021-09-24 00:00:00+01:00,903.6641799891519,903.6641799891519,862.7473038107363,864.2442626953125,185953,0.0,0.0
2021-09-27 00:00:00+01:00,873.2259866161718,883.2057121774995,869.2340963916407,871.2300415039062,141272,0.0,0.0
2021-09-28 00:00:00+01:00,893.684367403071,897.1772711282645,842.2887840180814,844.2847290039062,156960,0.0,0.0
2021-09-29 00:00:00+01:00,852.2685949385022,855.5409387889803,832.3091430664062,832.3091430664062,155748,0.0,0.0
2021-09-30 00:00:00+01:00,852.268661073627,852.268661073627,823.3274536132812,823.3274536132812,284720,0.0,0.0
2021-10-01 00:00:00+01:00,813.8466576379606,842.7878631211007,811.3517261307933,839.7939453125,154782,0.0,0.0
2021-10-04 00:00:00+01:00,834.8040585916923,851.7695923586483,822.3294014101069,828.8162231445312,184251,0.0,0.0
2021-10-05 00:00:00+01:00,816.3415421584236,833.8060617033776,809.3557343404419,817.8385009765625,203921,0.0,0.0
2021-10-06 00:00:00+01:00,807.3598398003064,819.335511095243,788.8973465539459,796.3821411132812,304080,0.0,0.0
2021-10-07 00:00:00+01:00,815.3435881875607,837.2989846871033,807.858793926353,835.3030395507812,906088,0.0,0.0
2021-10-08 00:00:00+01:00,815.3435577356801,851.2705688476562,815.3435577356801,851.2705688476562,216188,0.0,0.0
2021-10-11 00:00:00+01:00,839.2948665393442,867.2380963408918,833.3070315818696,844.2847290039062,157541,0.0,0.0
2021-10-12 00:00:00+01:00,831.8100974566646,866.7391357421875,831.8100974566646,866.7391357421875,179109,0.0,0.0
2021-10-13 00:00:00+01:00,861.250363657462,873.020458971364,856.2605006003504,858.7554321289062,153608,0.0,0.0
2021-10-14 00:00:00+01:00,864.7432817526425,864.7432817526425,845.2828155158547,848.2767333984375,156916,0.0,0.0
2021-10-15 00:00:00+01:00,871.2300415039062,871.2300415039062,845.7817413225207,871.2300415039062,313789,0.0,0.0
2021-10-18 00:00:00+01:00,873.2260107024898,873.2260107024898,859.25439453125,859.25439453125,168843,0.0,0.0
2021-10-19 00:00:00+01:00,885.2017141597062,885.2017141597062,852.7676040016561,866.240234375,110011,0.0,0.0
2021-10-20 00:00:00+01:00,884.2037668673792,884.2037668673792,848.2767515093367,854.2645874023438,133329,0.0,0.0
2021-10-21 00:00:00+01:00,834.8040768605358,864.7432547515294,834.8040768605358,846.28076171875,119871,0.0,0.0
2021-10-22 00:00:00+01:00,828.3173252743373,846.7798198738257,828.3173252743373,844.7838745117188,117813,0.0,0.0
2021-10-25 00:00:00+01:00,844.7838221801317,844.7838221801317,825.8223424147182,829.3152465820312,142965,0.0,0.0
2021-10-26 00:00:00+01:00,823.3273977256683,840.7919182834855,823.3273977256683,828.3172607421875,240025,0.0,0.0
2021-10-27 00:00:00+01:00,823.3273379827859,851.7695551131003,823.3273379827859,851.2705688476562,425602,0.0,0.0
2021-10-28 00:00:00+01:00,849.7736499140673,849.7736499140673,823.3273766049389,831.3111572265625,179307,0.0,0.0
2021-10-29 00:00:00+01:00,827.3193044546457,840.292948553452,820.33349609375,820.33349609375,270604,0.0,0.0
2021-11-01 00:00:00+00:00,813.8466477556926,839.7939351151629,813.8466477556926,818.3375244140625,176244,0.0,0.0
2021-11-02 00:00:00+00:00,823.8262910900834,827.8181810529669,813.3475799375142,821.3313598632812,165810,0.0,0.0
2021-11-03 00:00:00+00:00,844.284872240539,844.284872240539,804.8649520827361,815.8426513671875,421747,0.0,0.0
2021-11-04 00:00:00+00:00,817.3396681801767,857.7575638594161,817.3396681801767,852.7677001953125,717347,0.0,0.0
2021-11-05 00:00:00+00:00,847.2786341465082,860.7512626046683,836.3009368843038,854.763427734375,128498,0.0,0.0
2021-11-08 00:00:00+00:00,852.7675812353046,856.4102055665275,832.3091430664062,832.3091430664062,168001,0.0,0.0
2021-11-09 00:00:00+00:00,817.8384666141039,838.2969029357502,817.8384666141039,819.8344116210938,165570,0.0,0.0
2021-11-10 00:00:00+00:00,835.3030689653144,835.3030689653144,817.8385484074972,828.3172607421875,190362,0.0,0.0
2021-11-11 00:00:00+00:00,828.3172106061663,844.7837575639996,828.3172106061663,838.2969360351562,84387,0.0,0.0
2021-11-12 00:00:00+00:00,823.3273817986463,845.7817649386094,823.3273817986463,836.301025390625,86944,0.0,0.0
2021-11-15 00:00:00+00:00,836.3010675037974,851.2706570175885,831.8101906496601,841.7899169921875,109991,0.0,0.0
2021-11-16 00:00:00+00:00,875.2219693566697,875.2219693566697,843.2868461874411,860.2523803710938,185577,0.0,0.0
2021-11-17 00:00:00+00:00,853.2665997481374,869.7211486154794,835.3030923850188,839.2949829101562,206012,0.0,0.0
2021-11-18 00:00:00+00:00,860.2523961323386,863.7453002929688,840.4525926036299,863.7453002929688,137818,0.0,0.0
2021-11-19 00:00:00+00:00,870.73107119953,872.2280300611911,849.2746608490545,851.7695922851562,172586,0.0,0.0
2021-11-22 00:00:00+00:00,872.7269639305101,872.7269639305101,836.7999534084994,838.7958984375,310721,0.0,0.0
2021-11-23 00:00:00+00:00,832.3091567409494,842.7878691459614,821.8304443359375,821.8304443359375,291078,0.0,0.0
2021-11-24 00:00:00+00:00,846.2806788359887,846.7796650853023,821.3313663703051,837.7979125976562,288718,0.0,0.0
2021-11-25 00:00:00+00:00,817.3394570272477,855.7613973148534,817.3394570272477,852.2684936523438,188585,0.0,0.0
2021-11-26 00:00:00+00:00,833.806154296875,833.806154296875,810.852783203125,810.852783203125,135217,0.0,0.0
2021-11-29 00:00:00+00:00,813.3475475685269,834.3049690396178,813.3475475685269,814.3455200195312,148331,0.0,0.0
2021-11-30 00:00:00+00:00,801.8709878687736,811.3517276133327,788.3983577054526,793.88720703125,314311,0.0,0.0
2021-12-01 00:00:00+00:00,802.8688762883709,823.8262987893725,799.375972538204,817.3394775390625,159335,0.0,0.0
2021-12-02 00:00:00+00:00,845.7817515528898,866.7391754851737,830.3131767457278,846.7797241210938,327904,0.0,0.0
2021-12-03 00:00:00+00:00,855.2624909140018,860.7513400388875,835.3030395507812,835.3030395507812,207380,0.0,0.0
2021-12-06 00:00:00+00:00,846.7797108337942,853.2665324253319,832.3091088219027,845.78173828125,103666,0.0,0.0
2021-12-07 00:00:00+00:00,870.7311361081132,870.7311361081132,847.7777651849194,854.2645874023438,170110,0.0,0.0
2021-12-08 00:00:00+00:00,839.2949166897124,861.749299121958,832.8080950981748,845.78173828125,217489,0.0,0.0
2021-12-09 00:00:00+00:00,822.8284755285435,850.7717105980392,822.8284755285435,844.7838745117188,96269,0.0,0.0
2021-12-10 00:00:00+00:00,824.3252963260517,844.7837328571462,824.3252963260517,827.3192138671875,171626,0.0,0.0
2021-12-13 00:00:00+00:00,806.3617925508271,826.3212428614911,805.8628062930605,806.8607788085938,123517,0.0,0.0
2021-12-14 00:00:00+00:00,823.3273195790147,823.3273195790147,799.3759793730796,801.8709106445312,257700,0.0,0.0
2021-12-15 00:00:00+00:00,803.8669278399993,810.3537497282178,788.8973388671875,788.8973388671875,245675,0.0,0.0
2021-12-16 00:00:00+00:00,801.8709966023763,801.8709966023763,778.4186401367188,778.4186401367188,233898,0.0,0.0
2021-12-17 00:00:00+00:00,777.4205997660848,813.846597059361,777.4205997660848,805.3638305664062,325923,0.0,0.0
2021-12-20 00:00:00+00:00,788.8972568331684,797.879009282882,784.4063806083117,791.8911743164062,157005,0.0,0.0
2021-12-21 00:00:00+00:00,791.3923327704999,809.8548272928887,791.3923327704999,802.8690185546875,88944,0.0,0.0
2021-12-22 00:00:00+00:00,787.8993450662364,813.3476456351902,787.8993450662364,803.367919921875,167448,0.0,0.0
2021-12-23 00:00:00+00:00,799.8749871089541,820.3334240842922,799.8749871089541,810.3536987304688,100765,0.0,0.0
2021-12-24 00:00:00+00:00,818.836564453125,819.3355507812499,810.852783203125,810.852783203125,12196,0.0,0.0
2021-12-29 00:00:00+00:00,836.3008745238592,836.3008745238592,818.3373712524636,822.8282470703125,307565,0.0,0.0
2021-12-30 00:00:00+00:00,798.8770510849444,828.8162285147362,798.8770510849444,822.3294067382812,91537,0.0,0.0
2021-12-31 00:00:00+00:00,823.8263115726581,827.3192153770243,806.8607788085938,806.8607788085938,142915,0.0,0.0
2022-01-04 00:00:00+00:00,822.8284085333986,840.7919153297615,818.8365181342069,837.2990112304688,248526,0.0,0.0
2022-01-05 00:00:00+00:00,839.2948947318731,839.2948947318731,813.347609044562,825.822265625,130265,0.0,0.0
2022-01-06 00:00:00+00:00,818.4066985716303,831.3814389148391,811.4202999252872,828.3872680664062,142974,7.0,0.0
2022-01-07 00:00:00+00:00,846.3523867329202,846.3523867329202,810.9213611090773,825.3931884765625,231754,0.0,0.0
2022-01-10 00:00:00+00:00,813.416478632433,831.3815051543763,813.416478632433,821.8999633789062,145930,0.0,0.0
2022-01-11 00:00:00+00:00,837.3698316115308,838.8669171269269,810.9213208395337,817.40869140625,145237,0.0,0.0
2022-01-12 00:00:00+00:00,824.3951212565104,830.3834635416666,810.4223225911458,826.3912353515625,276945,0.0,0.0
2022-01-13 00:00:00+00:00,825.3931732994683,843.3582000460106,824.3951162579938,838.866943359375,521065,0.0,0.0
2022-01-14 00:00:00+00:00,848.3484698587812,848.3484698587812,834.3756715316954,840.364013671875,117578,0.0,0.0
2022-01-17 00:00:00+00:00,840.3640738553779,859.3271586573401,838.3679596656976,858.3291015625,478971,0.0,0.0
2022-01-18 00:00:00+00:00,856.3328455241262,860.3250732421875,848.3483900880038,860.3250732421875,191735,0.0,0.0
2022-01-19 00:00:00+00:00,858.3289644016613,864.8163344814413,847.8493665804783,859.8260498046875,231858,0.0,0.0
2022-01-20 00:00:00+00:00,866.3135272072294,891.264953682092,860.8242133827596,885.276611328125,320773,0.0,0.0
2022-01-21 00:00:00+00:00,865.8144836948044,881.7833963623743,861.8222555279119,874.7969970703125,210358,0.0,0.0
2022-01-24 00:00:00+00:00,876.7931774609709,876.7931774609709,855.8339779997525,874.2980346679688,710170,0.0,0.0
2022-01-25 00:00:00+00:00,879.7871535571653,881.7832673485599,862.8201863303112,869.3075561523438,515698,0.0,0.0
2022-01-26 00:00:00+00:00,846.8513948473627,873.7989348130419,846.8513948473627,863.3193359375,497606,0.0,0.0
2022-01-27 00:00:00+00:00,845.853307207893,868.8086181999655,845.853307207893,848.3484497070312,404106,0.0,0.0
2022-01-28 00:00:00+00:00,828.8863729802518,851.8416849351535,828.8863729802518,844.8552856445312,436256,0.0,0.0
2022-01-31 00:00:00+00:00,869.8066066924886,869.8066066924886,841.3619844426482,842.8590698242188,368470,0.0,0.0
2022-02-01 00:00:00+00:00,845.8533582030069,848.3485008525732,823.8961028868226,825.3931884765625,190622,0.0,0.0
2022-02-02 00:00:00+00:00,849.3465421434859,849.3465421434859,814.91357421875,814.91357421875,248750,0.0,0.0
2022-02-03 00:00:00+00:00,819.4047690408602,823.3969969046402,808.4261424154649,808.9251708984375,121305,0.0,0.0
2022-02-04 00:00:00+00:00,814.9135375669853,828.3873070184909,790.9601696531976,794.453369140625,125091,0.0,0.0
2022-02-07 00:00:00+00:00,795.4514668782551,800.9407806396484,783.9738108317057,784.4728393554688,154903,0.0,0.0
2022-02-08 00:00:00+00:00,797.9466570580912,797.9466570580912,768.0049438476562,768.0049438476562,113676,0.0,0.0
2022-02-09 00:00:00+00:00,768.0047677756882,784.472706266005,768.0047677756882,779.482421875,159772,0.0,0.0
2022-02-10 00:00:00+00:00,780.979574402048,793.954314935245,777.9854035097718,790.9601440429688,440141,0.0,0.0
2022-02-11 00:00:00+00:00,812.4183884506473,812.4183884506473,769.0807608300429,770.9990234375,170610,0.0,0.0
2022-02-14 00:00:00+00:00,760.0203555639154,772.496067244216,758.5232701622792,763.0145263671875,117419,0.0,0.0
2022-02-15 00:00:00+00:00,748.5427405001849,768.0048517531897,748.5427405001849,759.0223388671875,132426,0.0,0.0
2022-02-16 00:00:00+00:00,746.546686439987,770.5000560583823,746.546686439987,765.0107421875,186317,0.0,0.0
2022-02-17 00:00:00+00:00,786.9679356099094,786.9679356099094,760.5194254086886,776.9873657226562,267413,0.0,0.0
2022-02-18 00:00:00+00:00,779.4824435548169,780.979528913757,751.5368501879349,753.033935546875,127980,0.0,0.0
2022-02-21 00:00:00+00:00,750.5388533775252,754.0320528280855,737.5641125611585,741.0573120117188,135611,0.0,0.0
2022-02-22 00:00:00+00:00,728.581589314089,739.5602160023834,721.0961620266154,736.0670166015625,237796,0.0,0.0
2022-02-23 00:00:00+00:00,738.0631564343311,752.9242398836606,736.5660709243223,745.548583984375,354803,0.0,0.0
2022-02-24 00:00:00+00:00,726.0864164327747,741.0572703798423,721.0961317837522,733.0728149414062,310115,0.0,0.0
2022-02-25 00:00:00+00:00,741.0572786980274,768.5038445757322,740.0592217570199,762.5155029296875,281276,0.0,0.0
2022-02-28 00:00:00+00:00,762.5155893336902,776.9874166181647,755.0301614279275,771.9971313476562,233166,0.0,0.0
2022-03-01 00:00:00+00:00,790.9601367806582,790.9601367806582,766.5077413849156,767.5057983398438,268149,0.0,0.0
2022-03-02 00:00:00+00:00,771.4980870970853,774.9912867152481,732.0748342635344,737.5641479492188,771261,0.0,0.0
2022-03-03 00:00:00+00:00,726.5855521268622,740.558351206225,686.6632690429688,686.6632690429688,707203,0.0,0.0
2022-03-04 00:00:00+00:00,701.6340279848521,701.6340279848521,650.5285053763454,653.727294921875,388399,0.0,0.0
2022-03-07 00:00:00+00:00,669.6962404504286,669.6962404504286,602.8264221044097,620.2924194335938,803901,0.0,0.0
2022-03-08 00:00:00+00:00,623.785670324977,623.785670324977,606.8187000921375,609.3138427734375,767160,0.0,0.0
2022-03-09 00:00:00+00:00,617.797291705483,622.7875767758019,604.3235220156218,606.8186645507812,851796,0.0,0.0
2022-03-10 00:00:00+00:00,591.3487557915245,615.3021231147255,591.3487557915245,603.325439453125,536789,0.0,0.0
2022-03-11 00:00:00+00:00,619.2943478146115,631.2710314145718,605.8205787646561,627.77783203125,526238,0.0,0.0
2022-03-14 00:00:00+00:00,614.304044590026,647.2399235038698,614.304044590026,641.7506103515625,390322,0.0,0.0
2022-03-15 00:00:00+00:00,654.2263426401314,654.2263426401314,626.7797760152594,639.7545166015625,356697,0.0,0.0
2022-03-16 00:00:00+00:00,643.7467360063033,667.2010744499438,643.7467360063033,658.7175903320312,748068,0.0,0.0
2022-03-17 00:00:00+00:00,675.185484884036,675.185484884036,657.2204608959906,669.1971435546875,301584,0.0,0.0
2022-03-18 00:00:00+00:00,648.7370758865206,664.2069600038146,637.2594199285284,659.2166748046875,1126114,0.0,0.0
2022-03-21 00:00:00+00:00,662.7098346267553,682.171945734017,656.721492747598,675.185546875,648017,0.0,0.0
2022-03-22 00:00:00+00:00,679.6767926248081,692.651533159496,670.1952514648438,670.1952514648438,705632,0.0,0.0
2022-03-23 00:00:00+00:00,668.6981438608409,675.1855139132222,651.731176031536,654.226318359375,205430,0.0,0.0
2022-03-24 00:00:00+00:00,675.1855261366607,675.1855261366607,653.7273017287697,671.1932983398438,1058010,0.0,0.0
2022-03-25 00:00:00+00:00,668.6981818682987,680.6748657226562,667.7001248804355,680.6748657226562,240283,0.0,0.0
2022-03-28 00:00:00+01:00,679.1778158288689,694.1486714312687,677.181701748549,689.1583862304688,873575,0.0,0.0
2022-03-29 00:00:00+01:00,694.6476851342429,708.6204833984375,693.1505996059363,708.6204833984375,1275905,0.0,0.0
2022-03-30 00:00:00+01:00,711.1155684276293,713.6107107729895,696.1447143554688,696.1447143554688,1128235,0.0,0.0
2022-03-31 00:00:00+01:00,694.1487281966383,699.1390138055286,670.195357273965,683.6691284179688,496236,0.0,0.0
2022-04-01 00:00:00+01:00,697.1427910177495,697.1427910177495,678.1797086564936,688.1602783203125,738517,0.0,0.0
2022-04-04 00:00:00+01:00,681.6729237583705,699.6379495675224,680.6748667689733,698.639892578125,628402,0.0,0.0
2022-04-05 00:00:00+01:00,702.6320951957296,709.6184938695507,694.1486110918038,701.135009765625,595920,0.0,0.0
2022-04-06 00:00:00+01:00,700.6361152743805,706.1254295678408,681.673029533336,682.1720581054688,487828,0.0,0.0
2022-04-07 00:00:00+01:00,698.1408694434217,714.6088098949106,682.1719574904628,704.1292114257812,1224454,0.0,0.0
2022-04-08 00:00:00+01:00,685.6651275354787,712.6126652988819,685.6651275354787,707.1233520507812,283671,0.0,0.0
2022-04-11 00:00:00+01:00,698.6399433400371,713.111770737795,698.6399433400371,705.6263427734375,269759,0.0,0.0
2022-04-12 00:00:00+01:00,696.6438242777228,708.6205089357926,693.6496531132054,694.148681640625,245443,0.0,0.0
2022-04-13 00:00:00+01:00,686.1641301276517,702.1330407924406,673.1893902125106,697.6417846679688,421401,0.0,0.0
2022-04-14 00:00:00+01:00,694.6476455816702,714.6087848225227,693.2404120684776,712.6126708984375,177301,0.0,0.0
2022-04-19 00:00:00+01:00,713.6107525883443,713.6107525883443,693.1505841574897,698.140869140625,1262791,0.0,0.0
2022-04-20 00:00:00+01:00,691.6533963085515,701.6339647978523,679.1776856969253,690.1563110351562,294140,0.0,0.0
2022-04-21 00:00:00+01:00,691.1544181895968,699.6379020229709,685.1660766601562,685.1660766601562,330340,0.0,0.0
2022-04-22 00:00:00+01:00,668.6981459449819,688.1602561627836,668.6981459449819,672.1913452148438,245381,0.0,0.0
2022-04-25 00:00:00+01:00,666.2030220761404,670.6942784047436,652.230224609375,652.230224609375,229131,0.0,0.0
2022-04-26 00:00:00+01:00,660.2147420401642,664.2069702611176,653.7273711811149,658.2186279296875,279212,0.0,0.0
2022-04-27 00:00:00+01:00,657.220437862201,664.7058642615427,650.7330683161049,653.2282104492188,682893,0.0,0.0
2022-04-28 00:00:00+01:00,668.6981351819605,668.6981351819605,653.72728140923,667.2010498046875,373136,0.0,0.0
2022-04-29 00:00:00+01:00,646.7408976175974,676.6826058406343,646.7408976175974,665.7039794921875,627192,0.0,0.0
2022-05-03 00:00:00+01:00,661.7117301209332,680.175782922196,648.7369903146404,655.723388671875,296231,0.0,0.0
2022-05-04 00:00:00+01:00,648.7370495547616,653.2283060516792,631.7700805664062,631.7700805664062,228143,0.0,0.0
2022-05-05 00:00:00+01:00,637.7584483105849,655.7234750235591,635.7623342313655,641.2516479492188,2906834,0.0,0.0
2022-05-06 00:00:00+01:00,645.2437826034678,645.2437826034678,612.8069335166732,632.26904296875,550726,0.0,0.0
2022-05-09 00:00:00+01:00,632.7681577124772,632.7681577124772,614.304102637271,617.7973022460938,400802,0.0,0.0
2022-05-10 00:00:00+01:00,619.2942965099666,629.2748653497727,614.8030405320538,620.7913818359375,402808,0.0,0.0
2022-05-11 00:00:00+01:00,634.2651676425919,643.7467083075874,619.7933424170725,637.2593383789062,528148,0.0,0.0
2022-05-12 00:00:00+01:00,649.7350867623708,649.7350867623708,618.2962922416109,645.7428588867188,477372,0.0,0.0
2022-05-13 00:00:00+01:00,659.7156881003941,660.7137451171875,648.7370609156675,660.7137451171875,161512,0.0,0.0
2022-05-16 00:00:00+01:00,660.2146718985972,671.1932983398438,657.2205010509846,671.1932983398438,194415,0.0,0.0
2022-05-17 00:00:00+01:00,663.7078662435863,679.1777488402413,663.7078662435863,671.6923217773438,526151,0.0,0.0
2022-05-18 00:00:00+01:00,670.6943460348966,681.6729737229679,667.7001748472409,675.6846313476562,127775,0.0,0.0
2022-05-19 00:00:00+01:00,669.6962072552591,670.694264196027,649.7350684399012,665.7039794921875,255692,0.0,0.0
2022-05-20 00:00:00+01:00,667.2011362711588,679.1778208414713,665.9036742926885,670.6943359375,236815,0.0,0.0
2022-05-23 00:00:00+01:00,678.6787471064815,687.1622314453125,675.1855476728451,687.1622314453125,508719,0.0,0.0
2022-05-24 00:00:00+01:00,686.6631816507,689.6573525009212,672.1913558746315,677.181640625,206123,0.0,0.0
2022-05-25 00:00:00+01:00,679.6768999308565,684.5174526048512,673.1895286392992,683.6691284179688,231022,0.0,0.0
2022-05-26 00:00:00+01:00,689.1583813250828,701.6340942382812,683.1450633342944,701.6340942382812,246526,0.0,0.0
2022-05-27 00:00:00+01:00,700.636082246598,724.5894525798151,698.6399680521633,715.10791015625,318076,0.0,0.0
2022-05-30 00:00:00+01:00,731.0767506581332,731.0767506581332,703.131154728539,710.1175537109375,128110,0.0,0.0
2022-05-31 00:00:00+01:00,709.1195424041106,721.0962271456298,703.6302285642477,711.6146850585938,923930,0.0,0.0
2022-06-01 00:00:00+01:00,725.5874057034833,731.076718951584,703.1311242339808,707.1233520507812,192254,0.0,0.0
2022-06-06 00:00:00+01:00,715.6069133057669,715.6069133057669,704.1292570951443,711.6146850585938,217310,0.0,0.0
2022-06-07 00:00:00+01:00,706.6243098462388,720.5971069335938,706.6243098462388,720.5971069335938,284880,0.0,0.0
2022-06-08 00:00:00+01:00,728.0824987178227,734.1646515362984,691.6534223597685,693.6495361328125,626205,0.0,0.0
2022-06-09 00:00:00+01:00,692.1525624593098,693.1506195068359,664.7059936523438,670.6943359375,419405,0.0,0.0
2022-06-10 00:00:00+01:00,658.7175752462443,666.7020307037745,644.7447781955665,660.2146606445312,319347,0.0,0.0
2022-06-13 00:00:00+01:00,657.2205605829736,657.2205605829736,630.7720490333171,641.2516479492188,316618,0.0,0.0
2022-06-14 00:00:00+01:00,640.7525350492294,655.723388671875,635.2632220542594,655.723388671875,404348,0.0,0.0
2022-06-15 00:00:00+01:00,657.7195226771231,662.7098073711833,648.737010227815,653.727294921875,278777,0.0,0.0
2022-06-16 00:00:00+01:00,649.735132785901,654.2263894641445,635.2633057115606,641.2516479492188,779764,0.0,0.0
2022-06-17 00:00:00+01:00,641.2516025266102,653.2282861535664,638.2574316198711,645.7428588867188,989180,0.0,0.0
2022-06-20 00:00:00+01:00,645.7428574311904,650.7331422645071,627.2788035479183,627.77783203125,287493,0.0,0.0
2022-06-21 00:00:00+01:00,631.2710054124669,635.7622615774568,618.2912702223214,624.2846069335938,331385,0.0,0.0
2022-06-22 00:00:00+01:00,617.7973223348303,635.7623494786541,612.3080084853285,633.7662353515625,277921,0.0,0.0
2022-06-23 00:00:00+01:00,624.2846270991786,631.2710258037258,616.7991999157352,622.2885131835938,261822,0.0,0.0
2022-06-24 00:00:00+01:00,626.779711324167,646.2418201949015,626.779711324167,640.2534790039062,1600916,0.0,0.0
2022-06-27 00:00:00+01:00,648.7370501377786,654.2263636389445,638.7564801356589,643.7467651367188,616290,0.0,0.0
2022-06-28 00:00:00+01:00,638.2574216583629,653.7273044350707,638.2574216583629,646.7409057617188,696536,0.0,0.0
2022-06-29 00:00:00+01:00,625.2826357982198,631.7700055231813,598.8341284579918,608.814697265625,817860,0.0,0.0
2022-06-30 00:00:00+01:00,590.8497288107014,598.0187554880977,552.9235637856901,554.919677734375,649993,0.0,0.0
2022-07-01 00:00:00+01:00,553.9215748325138,579.8710540138568,553.4225463867188,553.4225463867188,532823,0.0,0.0
2022-07-04 00:00:00+01:00,545.9372101537158,558.911951894115,533.9605254702706,538.4517822265625,306928,0.0,0.0
2022-07-05 00:00:00+01:00,538.9508209653552,550.4284773377656,530.4673358205301,537.4537353515625,571593,0.0,0.0
2022-07-06 00:00:00+01:00,517.4924691581554,554.9196004858908,517.4924691581554,550.4283447265625,344936,0.0,0.0
2022-07-07 00:00:00+01:00,542.0873778192166,552.5697304289805,538.0941006345447,551.5714111328125,284102,14.5,0.0
2022-07-08 00:00:00+01:00,559.0588345704896,559.0588345704896,542.0874056638854,550.5731201171875,784823,0.0,0.0
2022-07-11 00:00:00+01:00,543.0857769691781,552.5698116772795,537.0958603114298,546.5798950195312,764270,0.0,0.0
2022-07-12 00:00:00+01:00,553.0689060869377,553.0689060869377,534.5999985732042,538.0941162109375,791366,0.0,0.0
2022-07-13 00:00:00+01:00,539.0925554787752,548.5765911770129,535.0992772900436,544.5833129882812,538302,0.0,0.0
2022-07-14 00:00:00+01:00,543.0858320239757,547.0791102006227,531.1059974940351,536.0975952148438,354291,0.0,0.0
2022-07-15 00:00:00+01:00,540.090896912177,549.0757732009193,537.0959381492629,548.0774536132812,115317,0.0,0.0
2022-07-18 00:00:00+01:00,552.5699167775584,554.5665560432407,540.590081183465,545.08251953125,585047,0.0,0.0
2022-07-19 00:00:00+01:00,538.5933934087338,555.0656658670176,538.5933934087338,551.0723876953125,209115,0.0,0.0
2022-07-20 00:00:00+01:00,569.0420875515529,569.0420875515529,549.5748582405787,563.5513305664062,474477,0.0,0.0
2022-07-21 00:00:00+01:00,573.0353839995583,573.0353839995583,554.2669898808634,565.048828125,403837,0.0,0.0
2022-07-22 00:00:00+01:00,558.559682348219,591.0050615730933,558.559682348219,589.0084228515625,572857,0.0,0.0
2022-07-25 00:00:00+01:00,589.0084498601508,589.0084498601508,568.0437423227556,573.0353393554688,175415,0.0,0.0
2022-07-26 00:00:00+01:00,571.0387120609789,578.4662110327816,564.0504760742188,564.0504760742188,122160,0.0,0.0
2022-07-27 00:00:00+01:00,564.5496230014535,567.045421511628,556.5630677688954,558.060546875,1056780,0.0,0.0
2022-07-28 00:00:00+01:00,554.0672581632372,567.04541015625,554.0672581632372,567.04541015625,101934,0.0,0.0
2022-07-29 00:00:00+01:00,575.5311211249169,592.0033908535572,567.0454064162234,586.5126342773438,310689,0.0,0.0
2022-08-01 00:00:00+01:00,600.4891722390366,600.4891722390366,582.020261704669,588.5093383789062,361586,0.0,0.0
2022-08-02 00:00:00+01:00,572.5361922691608,585.5143448402141,572.5361922691608,579.0252685546875,204535,0.0,0.0
2022-08-03 00:00:00+01:00,579.0252529579695,586.5126484703571,578.0269335563179,586.0134887695312,177298,0.0,0.0
2022-08-04 00:00:00+01:00,580.0235864195372,597.4941763719329,580.0235864195372,585.5143432617188,884058,0.0,0.0
2022-08-05 00:00:00+01:00,593.5009184902154,593.5009184902154,564.5496541736195,565.5479736328125,209155,0.0,0.0
2022-08-08 00:00:00+01:00,579.0252401906735,583.0185177092299,566.0470882553652,580.0235595703125,461503,0.0,0.0
2022-08-09 00:00:00+01:00,589.0085272552038,589.0085272552038,571.0387755762315,572.5362548828125,302226,0.0,0.0
2022-08-10 00:00:00+01:00,565.0488110823828,595.4975544357621,565.0488110823828,593.5009155273438,354685,0.0,0.0
2022-08-11 00:00:00+01:00,579.5244126587954,600.8655006442619,579.5244126587954,586.0134887695312,184061,0.0,0.0
2022-08-12 00:00:00+01:00,582.5193916972559,596.4958638202405,582.5193916972559,595.9967041015625,148951,0.0,0.0
2022-08-15 00:00:00+01:00,610.4723257235033,610.4723257235033,590.2513609837625,598.4924926757812,127682,0.0,0.0
2022-08-16 00:00:00+01:00,591.5042614114695,601.9866154111664,577.6296077569111,579.0252685546875,118836,0.0,0.0
2022-08-17 00:00:00+01:00,589.0084484011628,589.0084484011628,555.5647483648256,558.060546875,126781,0.0,0.0
2022-08-18 00:00:00+01:00,554.0673760075512,582.0203247070312,554.0673760075512,582.0203247070312,499460,0.0,0.0
2022-08-19 00:00:00+01:00,578.0269897460938,580.5227884928386,562.0538777669271,569.0421142578125,551934,0.0,0.0
2022-08-22 00:00:00+01:00,567.045392717634,571.7375058650173,551.5714427403042,559.058837890625,153290,0.0,0.0
2022-08-23 00:00:00+01:00,559.0589150354322,560.0572345265668,537.0958862304688,537.0958862304688,266561,0.0,0.0
2022-08-24 00:00:00+01:00,529.1093567529713,541.0891912454914,525.1160785887979,527.6118774414062,388019,0.0,0.0
2022-08-25 00:00:00+01:00,529.6085084636968,532.1043072783232,523.6185913085938,523.6185913085938,107259,0.0,0.0
2022-08-26 00:00:00+01:00,525.6152550906714,530.1076931683695,517.6286985080972,520.6236572265625,135015,0.0,0.0
2022-08-30 00:00:00+01:00,526.613514724287,527.61183418348,510.6404033771996,514.134521484375,802126,0.0,0.0
2022-08-31 00:00:00+01:00,527.1127344499041,528.1110540227259,511.1396212847555,520.6236572265625,580379,0.0,0.0
2022-09-01 00:00:00+01:00,520.623594323094,520.623594323094,494.9667722149981,497.7620849609375,428370,0.0,0.0
2022-09-02 00:00:00+01:00,502.15472364977984,518.6269958967408,498.7604433406346,517.1295166015625,951716,0.0,0.0
2022-09-05 00:00:00+01:00,517.6286290486654,518.1277887680951,503.15299718520225,509.1429138183594,339145,0.0,0.0
2022-09-06 00:00:00+01:00,509.6421405279149,515.6320579484193,505.6488622475786,512.137939453125,498951,0.0,0.0
2022-09-07 00:00:00+01:00,509.1429241884102,518.1277993211469,507.1462852700243,514.134521484375,219494,0.0,0.0
2022-09-08 00:00:00+01:00,520.1244131418914,523.1193713749541,508.1445802096405,509.6420593261719,265830,0.0,0.0
2022-09-09 00:00:00+01:00,512.1378444572309,523.1193576912066,511.43900870128016,517.6286010742188,195102,0.0,0.0
2022-09-12 00:00:00+01:00,530.1076375631461,534.1009154355615,525.6151999566788,531.10595703125,171015,0.0,0.0
2022-09-13 00:00:00+01:00,538.0941028129764,538.0941028129764,509.1428431068979,511.6386413574219,267603,0.0,0.0
2022-09-14 00:00:00+01:00,501.6555012554761,512.637014715795,495.16642511983315,501.1563415527344,166552,0.0,0.0
2022-09-15 00:00:00+01:00,489.7755402719772,507.64545277186807,488.9768664126196,503.15301513671875,288694,0.0,0.0
2022-09-16 00:00:00+01:00,495.9651386894991,507.64548957418407,493.1698561448317,506.14801025390625,877085,0.0,0.0
2022-09-20 00:00:00+01:00,512.6370181831611,512.6370181831611,483.98523886547304,488.37786865234375,251142,0.0,0.0
2022-09-21 00:00:00+01:00,481.78898084475213,494.567457835233,481.78898084475213,486.5809020996094,1165694,0.0,0.0
2022-09-22 00:00:00+01:00,484.1849254976196,484.1849254976196,464.01886074398567,464.418212890625,204747,0.0,0.0
2022-09-23 00:00:00+01:00,466.8141736965059,470.2084536807734,445.2504678166134,450.0423889160156,796945,0.0,0.0
2022-09-26 00:00:00+01:00,446.6481222831678,447.64644174757643,426.8814090743936,427.0810546875,213165,0.0,0.0
2022-09-27 00:00:00+01:00,424.0861039555809,433.66997708029925,401.124755859375,401.124755859375,650555,0.0,0.0
2022-09-28 00:00:00+01:00,397.1314658772834,409.90997314453125,376.166757382211,409.90997314453125,947690,0.0,0.0
2022-09-29 00:00:00+01:00,417.29752717821725,417.29752717821725,389.1449066988161,393.53753662109375,428472,0.0,0.0
2022-09-30 00:00:00+01:00,385.35131389809226,403.5207403668509,385.35131389809226,397.9301452636719,992157,0.0,0.0
2022-10-03 00:00:00+01:00,391.34121748170077,400.32609237286226,387.94693750496464,391.5408935546875,767390,0.0,0.0
2022-10-04 00:00:00+01:00,400.32610043612397,404.3193782459606,394.53585979837754,395.3345031738281,548338,0.0,0.0
2022-10-05 00:00:00+01:00,394.33619110476013,396.1331539663155,374.76912337693636,384.1533203125,331528,0.0,0.0
2022-10-06 00:00:00+01:00,389.1449189299869,390.5425905671644,378.3630807931118,384.7523193359375,882804,0.0,0.0
2022-10-07 00:00:00+01:00,392.7388579622498,392.7388579622498,372.7724693473282,376.7657470703125,335780,0.0,0.0
2022-10-10 00:00:00+01:00,376.1667695602668,386.7489621888648,369.77753095294304,371.774169921875,215659,0.0,0.0
2022-10-11 00:00:00+01:00,373.3714541480655,373.3714541480655,351.0091057682843,356.4000244140625,297457,0.0,0.0
2022-10-12 00:00:00+01:00,362.19029849114276,362.19029849114276,338.4303068349689,342.8229064941406,512299,0.0,0.0
2022-10-13 00:00:00+01:00,350.80944065058276,364.5862670267291,334.6366842085298,347.2154846191406,550760,0.0,0.0
2022-10-14 00:00:00+01:00,351.8077771074891,382.5560352356841,351.8077771074891,370.1768493652344,1393805,0.0,0.0
2022-10-17 00:00:00+01:00,365.7842174632606,384.95196188854607,365.7842174632606,383.3546447753906,615955,0.0,0.0
2022-10-18 00:00:00+01:00,387.1482898333208,391.9402417121046,380.1600533347678,389.5442810058594,312215,0.0,0.0
2022-10-19 00:00:00+01:00,380.3597351558625,389.544286878952,368.77922269040425,377.3647766113281,180751,0.0,0.0
2022-10-20 00:00:00+01:00,371.57453000958014,389.743926626042,370.7758561299695,389.5442810058594,1668770,0.0,0.0
2022-10-21 00:00:00+01:00,380.1600691001989,393.1382231357223,373.17183231184015,382.35638427734375,291767,0.0,0.0
2022-10-24 00:00:00+01:00,385.3513125823365,391.9402271290753,379.56107188549186,382.5560302734375,240825,0.0,0.0
2022-10-25 00:00:00+01:00,385.5509674018944,402.12304519503306,377.564412141089,401.32440185546875,156323,0.0,0.0
2022-10-26 00:00:00+01:00,406.5156931004922,415.3008920928629,398.9284591709219,409.90997314453125,361588,0.0,0.0
2022-10-27 00:00:00+01:00,402.7220647158074,429.27736848760117,402.7220647158074,426.4820861816406,308227,0.0,0.0
2022-10-28 00:00:00+01:00,435.4669356347792,435.4669356347792,409.9099528329573,414.7018737792969,181307,0.0,0.0
2022-10-31 00:00:00+00:00,402.123090686421,415.5005966346731,401.9234450620897,408.7120056152344,277432,0.0,0.0
2022-11-01 00:00:00+00:00,415.70023517682927,429.47706260532584,413.55985619730563,420.2925109863281,717993,0.0,0.0
2022-11-02 00:00:00+00:00,427.2807262208304,427.2807262208304,410.9082932719822,424.884765625,434616,0.0,0.0
2022-11-03 00:00:00+00:00,414.901549003179,418.69515053913085,406.3159960643355,414.30255126953125,155205,0.0,0.0
2022-11-04 00:00:00+00:00,419.29417750218533,428.279052734375,413.3042606807255,428.279052734375,163317,0.0,0.0
2022-11-07 00:00:00+00:00,434.2689855601827,436.4653006621769,425.68343170642385,436.0659484863281,196182,0.0,0.0
2022-11-08 00:00:00+00:00,429.277387656206,435.8663024902344,427.28074864385155,435.8663024902344,191978,0.0,0.0
2022-11-09 00:00:00+00:00,445.6497894137876,445.6497894137876,427.2807179144615,435.4669494628906,159248,0.0,0.0
2022-11-10 00:00:00+00:00,446.04911610539267,470.80745663592717,425.2840838235304,467.0138244628906,243698,0.0,0.0
2022-11-11 00:00:00+00:00,455.2336838483325,497.36277818046284,455.2336838483325,490.17486572265625,872425,0.0,0.0
2022-11-14 00:00:00+00:00,489.1765266345392,490.17484607665045,468.2118183502018,480.7906494140625,546385,0.0,0.0
2022-11-15 00:00:00+00:00,480.391370285301,484.9836157527776,471.60614013671875,471.60614013671875,339603,0.0,0.0
2022-11-16 00:00:00+00:00,473.00375980671726,478.99367671672024,461.4232781537458,475.99871826171875,1189554,0.0,0.0
2022-11-17 00:00:00+00:00,468.6111416691012,473.0037411364615,461.8225816255709,467.0138244628906,392478,0.0,0.0
2022-11-18 00:00:00+00:00,465.21687652529863,471.4064694724527,459.4266357421875,459.4266357421875,669493,0.0,0.0
2022-11-21 00:00:00+00:00,470.4081705076886,470.4081705076886,447.8461432385842,454.2353820800781,221299,0.0,0.0
2022-11-22 00:00:00+00:00,453.2370362396574,466.41486533886916,450.8410756215168,456.23199462890625,653758,0.0,0.0
2022-11-23 00:00:00+00:00,447.64644238028575,460.22527374287216,447.64644238028575,456.83099365234375,197496,0.0,0.0
2022-11-24 00:00:00+00:00,468.81080805065244,480.19164340184545,462.0222176812052,462.42156982421875,385365,0.0,0.0
2022-11-25 00:00:00+00:00,462.22195031565764,464.21858940989375,440.458596375002,444.8511962890625,259656,0.0,0.0
2022-11-28 00:00:00+00:00,441.45685656990355,455.43332835047215,431.0743103027344,431.0743103027344,175746,0.0,0.0
2022-11-29 00:00:00+00:00,423.2874446301807,436.66491909834787,419.4938429261438,423.0877685546875,249781,0.0,0.0
2022-11-30 00:00:00+00:00,422.2891251852982,428.2790418545932,415.30088907112065,423.0877685546875,396967,0.0,0.0
2022-12-01 00:00:00+00:00,414.30255393003824,443.45349280271614,414.30255393003824,429.8763427734375,166113,0.0,0.0
2022-12-02 00:00:00+00:00,419.4938787757721,437.66327594560147,419.4938787757721,425.88311767578125,198362,0.0,0.0
2022-12-05 00:00:00+00:00,435.4669471456932,435.4669471456932,418.09616470688843,419.8931579589844,167074,0.0,0.0
2022-12-06 00:00:00+00:00,418.29582368502787,420.69178412361725,410.1095925146999,411.9065856933594,617025,0.0,0.0
2022-12-07 00:00:00+00:00,410.10956166776407,419.2941115355337,410.10956166776407,411.7068786621094,250365,0.0,0.0
2022-12-08 00:00:00+00:00,409.31094315106736,417.2974981393809,403.52070297105587,409.11126708984375,226922,0.0,0.0
2022-12-09 00:00:00+00:00,416.69851342984566,417.29751116592564,407.31431711889394,415.1011962890625,235131,0.0,0.0
2022-12-12 00:00:00+00:00,423.08777417145836,423.08777417145836,404.7187022350171,411.1079406738281,160407,0.0,0.0
2022-12-13 00:00:00+00:00,409.510654498611,435.06760829034965,409.31097842018187,426.0827331542969,392969,0.0,0.0
2022-12-14 00:00:00+00:00,418.695216876155,435.2673276458381,418.695216876155,432.07269287109375,221859,0.0,0.0
2022-12-15 00:00:00+00:00,426.4820666434555,436.864582475179,425.2840711579029,431.6733093261719,147116,0.0,0.0
2022-12-16 00:00:00+00:00,421.2908369715341,433.27067119821277,414.30260033930483,423.4871520996094,710740,0.0,0.0
2022-12-19 00:00:00+00:00,418.69516788938216,428.07936455109956,414.3025684377582,422.4888000488281,1223669,0.0,0.0
2022-12-20 00:00:00+00:00,432.6716096993724,432.6716096993724,408.71194477315385,422.8880920410156,252458,0.0,0.0
2022-12-21 00:00:00+00:00,419.2941509653399,432.67162492669024,419.2941509653399,429.8763427734375,1658500,0.0,0.0
2022-12-22 00:00:00+00:00,433.27063242770276,441.45686393658593,430.67499581759654,434.4686279296875,195545,0.0,0.0
2022-12-23 00:00:00+00:00,433.6699553235025,443.85282572008106,431.0743187061108,435.0675964355469,120143,0.0,0.0
2022-12-28 00:00:00+00:00,443.4534912109375,450.4417270352755,438.66553087851537,443.4534912109375,157930,0.0,0.0
2022-12-29 00:00:00+00:00,443.8527871204026,446.847745157023,433.27059596441944,445.6497497558594,243186,0.0,0.0
2022-12-30 00:00:00+00:00,450.0424066973702,454.43503675605,443.85284423828125,443.85284423828125,58991,0.0,0.0
2023-01-03 00:00:00+00:00,439.6598580941908,463.619523717485,439.6598580941908,457.23028564453125,1498731,0.0,0.0
2023-01-04 00:00:00+00:00,463.220282170014,471.0071626579055,451.8394451237512,466.4149169921875,216178,0.0,0.0
2023-01-05 00:00:00+00:00,474.2870173555273,474.2870173555273,455.7149301605146,464.5017395019531,554127,8.4,0.0
2023-01-06 00:00:00+00:00,472.4897088958517,472.4897088958517,460.1082977070065,461.7059020996094,414838,0.0,0.0
2023-01-09 00:00:00+00:00,471.2914944556452,472.0902814100827,461.90561061804334,464.302001953125,416184,0.0,0.0
2023-01-10 00:00:00+00:00,460.5077238628209,468.4957153922938,459.50922492163676,465.3005065917969,633686,0.0,0.0
2023-01-11 00:00:00+00:00,463.50319817278796,484.7712123982577,463.50319817278796,477.282470703125,240109,0.0,0.0
2023-01-12 00:00:00+00:00,482.6743987184882,485.6459448337267,476.4837233527304,484.2720031738281,256099,0.0,0.0
2023-01-13 00:00:00+00:00,486.2689689415668,487.46717982171134,477.0827667851748,481.8755798339844,346210,0.0,0.0
2023-01-16 00:00:00+00:00,482.07528036624444,501.74572184934453,475.8846051657919,500.7472229003906,200642,0.0,0.0
2023-01-17 00:00:00+00:00,504.24196526351426,506.23896314574597,496.8530791936107,498.45068359375,1023362,0.0,0.0
2023-01-18 00:00:00+00:00,500.7472000832096,509.234440762586,485.86957251606805,493.0587463378906,362356,0.0,0.0
2023-01-19 00:00:00+00:00,502.2449826919571,507.73672703550733,490.06328305028296,502.7442321777344,1121349,0.0,0.0
2023-01-20 00:00:00+00:00,504.74125439912063,509.2344999872434,494.25701469350093,495.6549072265625,685157,0.0,0.0
2023-01-23 00:00:00+00:00,496.4536896085966,507.23746606859106,490.4626959148731,500.7472229003906,2761057,0.0,0.0
2023-01-24 00:00:00+00:00,508.7352362805464,512.7292322474202,501.74574333851734,507.23748779296875,378925,0.0,0.0
2023-01-25 00:00:00+00:00,498.25096985534,512.2299549815419,498.25096985534,499.74871826171875,460814,0.0,0.0
2023-01-26 00:00:00+00:00,503.7427424611017,517.2224788797834,497.25249900025506,504.7412414550781,534982,0.0,0.0
2023-01-27 00:00:00+00:00,517.2224799393454,517.2224799393454,504.74124248907157,515.7247314453125,116037,0.0,0.0
2023-01-30 00:00:00+00:00,519.2194687653337,519.2194687653337,504.74123357860805,508.7352294921875,166302,0.0,0.0
2023-01-31 00:00:00+00:00,518.2209592913637,518.2209592913637,497.6518746586627,504.2419738769531,625982,0.0,0.0
2023-02-01 00:00:00+00:00,494.0573041376666,517.2224936480648,494.0573041376666,512.729248046875,1118744,0.0,0.0
2023-02-02 00:00:00+00:00,524.2119140625,530.2029073660715,515.2254241071429,524.2119140625,571980,0.0,0.0
2023-02-03 00:00:00+00:00,530.7021846574237,531.70068359375,519.2194468896713,531.70068359375,541417,0.0,0.0
2023-02-06 00:00:00+00:00,529.2044926951648,541.6857307304282,520.2180013097752,528.2059936523438,320122,0.0,0.0
2023-02-07 00:00:00+00:00,530.2030083185881,532.2000064666806,514.2270231338472,520.218017578125,639577,0.0,0.0
2023-02-08 00:00:00+00:00,525.210478552581,537.1924666564422,521.2963795028451,527.7067260742188,434261,0.0,0.0
2023-02-09 00:00:00+00:00,532.6992142587337,532.6992142587337,526.2089707860407,529.2044677734375,203733,0.0,0.0
2023-02-10 00:00:00+00:00,519.7187003541791,532.6991866262335,516.2239540501645,521.7156982421875,556940,0.0,0.0
2023-02-13 00:00:00+00:00,523.2134941238999,529.2044883314254,517.721749433668,524.7112426757812,402366,0.0,0.0
2023-02-14 00:00:00+00:00,526.7081862005568,535.5748615849707,523.2134399414062,523.2134399414062,253445,0.0,0.0
2023-02-15 00:00:00+00:00,518.2209607501362,524.7112039965252,514.726214386696,515.2254638671875,425106,0.0,0.0
2023-02-16 00:00:00+00:00,516.2239524267053,525.2104428944816,507.237461958929,510.7322082519531,235392,0.0,0.0
2023-02-17 00:00:00+00:00,514.2269305060892,514.2269305060892,501.2464448816636,509.23443603515625,233432,0.0,0.0
2023-02-20 00:00:00+00:00,500.2479693728808,512.2299566632491,500.2479693728808,510.7322082519531,189789,0.0,0.0
2023-02-21 00:00:00+00:00,498.85009120582885,508.7352249085196,498.45069771242356,505.240478515625,745968,0.0,0.0
2023-02-22 00:00:00+00:00,503.74271401206215,505.2404624184409,499.74871826171875,499.74871826171875,267380,0.0,0.0
2023-02-23 00:00:00+00:00,496.6533757004905,508.7352191887279,495.38130119158376,504.2419738769531,144195,0.0,0.0
2023-02-24 00:00:00+00:00,494.4567206789895,514.2269888378326,494.4567206789895,503.2434997558594,421196,0.0,0.0
2023-02-27 00:00:00+00:00,505.73974609375,509.41921248987893,502.24298843891455,505.73974609375,429548,0.0,0.0
2023-02-28 00:00:00+00:00,505.73971354763296,516.7232018971373,497.45218452716927,510.7322082519531,354177,0.0,0.0
2023-03-01 00:00:00+00:00,507.23745350628735,514.2998344471374,499.74871157460007,501.2464599609375,1922489,0.0,0.0
2023-03-02 00:00:00+00:00,513.2284717653779,513.2284717653779,498.92995916872843,499.0497741699219,424718,0.0,0.0
2023-03-03 00:00:00+00:00,503.742725459616,506.7382223404462,501.24647805892414,501.7457275390625,242144,0.0,0.0
2023-03-06 00:00:00+00:00,509.7337273657322,511.2314758300781,495.65488570652633,511.2314758300781,208901,0.0,0.0
2023-03-07 00:00:00+00:00,513.2284973738853,513.7277468849494,494.6564094679467,498.0513000488281,229795,0.0,0.0
2023-03-08 00:00:00+00:00,489.66390625668527,506.7382453469669,483.2735187151369,492.260009765625,210060,0.0,0.0
2023-03-09 00:00:00+00:00,483.0737648247925,491.46118012183007,467.0977821207495,473.0887756347656,298830,0.0,0.0
2023-03-10 00:00:00+00:00,467.09779379780844,467.09779379780844,455.51523042523775,459.10980224609375,208521,0.0,0.0
2023-03-13 00:00:00+00:00,467.4972147664035,467.4972147664035,439.7229588113234,454.3170166015625,163294,0.0,0.0
2023-03-14 00:00:00+00:00,457.71190513244824,471.69089020482,452.91912243919984,467.8966064453125,246477,0.0,0.0
2023-03-15 00:00:00+00:00,463.1037744486792,476.88307745704384,458.31099195032414,469.8935852050781,573284,0.0,0.0
2023-03-16 00:00:00+00:00,469.29451165270103,476.2840043794434,452.91913478725866,463.7029113769531,185449,0.0,0.0
2023-03-17 00:00:00+00:00,466.4987230550693,473.4882157264403,444.93113957477055,449.12481689453125,590212,0.0,0.0
2023-03-20 00:00:00+00:00,439.93863464534843,457.9116153850622,437.9815852746749,456.9131164550781,130109,0.0,0.0
2023-03-21 00:00:00+00:00,452.519748164028,468.2960197979368,447.12782931559053,467.0978088378906,292533,0.0,0.0
2023-03-22 00:00:00+00:00,469.0947923014776,469.0947923014776,449.3245253737408,451.7209167480469,294404,0.0,0.0
2023-03-23 00:00:00+00:00,453.51826443842134,454.91615696394723,444.1323493275225,452.9191589355469,656242,0.0,0.0
2023-03-24 00:00:00+00:00,444.7314195525318,448.7254152925128,435.1458236822235,435.94464111328125,215343,0.0,0.0
2023-03-27 00:00:00+01:00,439.93866059325234,439.93866059325234,429.35456521680936,432.5497741699219,304837,0.0,0.0
2023-03-28 00:00:00+01:00,440.33803138607834,440.33803138607834,413.7779535573261,421.1668395996094,400217,0.0,0.0
2023-03-29 00:00:00+01:00,429.9536544340852,431.7509403573409,416.77345609097773,430.75244140625,575965,0.0,0.0
2023-03-30 00:00:00+01:00,438.1413143160364,447.92662202422645,426.76641631520374,442.33502197265625,366346,0.0,0.0
2023-03-31 00:00:00+01:00,450.9221199788601,450.9221199788601,434.5467437266552,436.1443176269531,549758,0.0,0.0
2023-04-03 00:00:00+01:00,430.55278013793344,443.33355512397003,430.55278013793344,439.73895263671875,228571,0.0,0.0
2023-04-04 00:00:00+01:00,447.32753737938793,447.32753737938793,438.14133469092457,442.73443603515625,198912,0.0,0.0
2023-04-05 00:00:00+01:00,452.5197721812797,452.5197721812797,429.5542945117538,436.74346923828125,259792,0.0,0.0
2023-04-06 00:00:00+01:00,426.15934635723625,450.1233215332031,426.15934635723625,450.1233215332031,196576,0.0,0.0
2023-04-11 00:00:00+01:00,455.3155225921678,458.5107314306453,447.72692445461104,449.12481689453125,131114,0.0,0.0
2023-04-12 00:00:00+01:00,453.5182423631266,458.7104187011719,445.5801633979178,458.7104187011719,209895,0.0,0.0
2023-04-13 00:00:00+01:00,459.5092340239697,466.0993027889108,452.719422806358,463.7029113769531,591279,0.0,0.0
2023-04-14 00:00:00+01:00,462.30501614589724,477.28250047027836,462.30501614589724,467.4972229003906,297250,0.0,0.0
2023-04-17 00:00:00+01:00,467.2975095301496,473.6878967285156,463.1038017430942,473.6878967285156,229142,0.0,0.0
2023-04-18 00:00:00+01:00,482.8741341602941,482.8741341602941,463.3035471931266,471.0918273925781,219329,0.0,0.0
2023-04-19 00:00:00+01:00,464.1023013443154,470.8921125103905,461.30651646354727,466.29901123046875,495692,0.0,0.0
2023-04-20 00:00:00+01:00,468.8951125231145,494.25697973219013,462.904118829391,471.29150390625,222139,0.0,0.0
2023-04-21 00:00:00+01:00,468.0963134765625,475.0858063939193,459.90864005643556,468.0963134765625,180970,0.0,0.0
2023-04-24 00:00:00+01:00,474.6864057472532,475.285511225505,464.10231053737317,464.701416015625,91832,0.0,0.0
2023-04-25 00:00:00+01:00,463.30351437031584,466.6984047174685,457.5122326293948,466.29901123046875,106154,0.0,0.0
2023-04-26 00:00:00+01:00,463.5032277623731,471.29150743379995,460.9071243813075,468.6954040527344,126791,0.0,0.0
2023-04-27 00:00:00+01:00,468.4957354375786,469.49423442148503,463.3035285325572,464.5017395019531,152110,0.0,0.0
2023-04-28 00:00:00+01:00,464.7013930413736,478.2809844993842,456.9131136244544,476.6833801269531,210133,0.0,0.0
2023-05-02 00:00:00+01:00,488.2659919206486,488.2659919206486,468.79526218148163,472.2900085449219,171489,0.0,0.0
2023-05-03 00:00:00+01:00,483.672907240478,483.672907240478,467.09781782374927,474.0873107910156,395679,0.0,0.0
2023-05-04 00:00:00+01:00,473.68786118026725,486.46866508962444,467.8965798820586,481.2764587402344,408716,0.0,0.0
2023-05-05 00:00:00+01:00,481.67589974287205,492.2599949787572,480.477719255195,484.2720031738281,139251,0.0,0.0
2023-05-09 00:00:00+01:00,484.27200767115545,484.4717196568415,472.4897318381738,474.2870178222656,505846,0.0,0.0
2023-05-10 00:00:00+01:00,464.102283873884,475.2854839195214,464.102283873884,470.6923828125,154441,0.0,0.0
2023-05-11 00:00:00+01:00,474.4867084648605,478.08128027135524,468.89510830664625,472.68939208984375,81378,0.0,0.0
2023-05-12 00:00:00+01:00,463.50322986782254,469.6939051427323,462.5047309068593,463.7029113769531,220798,0.0,0.0
2023-05-15 00:00:00+01:00,474.8860984646516,478.48070071656025,462.3050058188559,475.2854919433594,195294,0.0,0.0
2023-05-16 00:00:00+01:00,481.27651574605517,482.47472672915217,471.6909192965928,474.0873107910156,141840,0.0,0.0
2023-05-17 00:00:00+01:00,476.4837113782637,486.26898890468084,465.1007989648862,472.4897155761719,173228,0.0,0.0
2023-05-18 00:00:00+01:00,473.4882582361295,479.2795404950693,468.2960510253906,468.2960510253906,97516,0.0,0.0
2023-05-19 00:00:00+01:00,466.49870938727184,478.68037797454974,466.2989974138046,476.6833801269531,221043,0.0,0.0
2023-05-22 00:00:00+01:00,487.6668682887344,487.6668682887344,472.0902789831272,476.6833801269531,126374,0.0,0.0
2023-05-23 00:00:00+01:00,487.46721503965375,487.46721503965375,469.0948093995223,480.47772216796875,140085,0.0,0.0
2023-05-24 00:00:00+01:00,470.49270093400537,486.26897160220733,466.0992813306157,478.0812683105469,360677,0.0,0.0
2023-05-25 00:00:00+01:00,478.28099615863215,509.733713025014,474.6863938509774,495.8545837402344,784143,0.0,0.0
2023-05-26 00:00:00+01:00,498.8500919885433,510.2329741631919,492.67736452436014,497.8515930175781,231663,0.0,0.0
2023-05-30 00:00:00+01:00,497.4522177013458,508.2359947931199,497.4522177013458,503.2434997558594,567139,0.0,0.0
2023-05-31 00:00:00+01:00,507.7367395966001,513.7277335741411,500.2479971246739,502.2449951171875,687911,0.0,0.0
2023-06-01 00:00:00+01:00,507.736737288828,513.2284817432794,499.89851410948404,507.23748779296875,177865,0.0,0.0
2023-06-02 00:00:00+01:00,514.2269382988355,525.709675755994,502.04523941644703,521.2164306640625,115591,0.0,0.0
2023-06-05 00:00:00+01:00,532.6992280152989,532.948852770695,519.7187407347011,526.208984375,498613,0.0,0.0
2023-06-06 00:00:00+01:00,522.714233057459,536.1939697265625,517.99634960069,536.1939697265625,399190,0.0,0.0
2023-06-07 00:00:00+01:00,536.6932033707483,539.6887003197943,526.2089640490872,530.7022094726562,175305,0.0,0.0
2023-06-08 00:00:00+01:00,527.7067055725156,537.631787770694,515.22546844923,518.72021484375,101194,0.0,0.0
2023-06-09 00:00:00+01:00,515.7247291630775,523.2134716001019,515.2254796672759,520.7172241210938,215901,0.0,0.0
2023-06-12 00:00:00+01:00,518.2209224994366,523.2134169358474,517.2224236121544,519.2194213867188,119681,0.0,0.0
2023-06-13 00:00:00+01:00,520.21799514741,524.711240786879,515.2254999924444,516.2239990234375,326042,0.0,0.0
2023-06-14 00:00:00+01:00,529.7037173896191,529.7037173896191,515.7247314453125,515.7247314453125,301716,0.0,0.0
2023-06-15 00:00:00+01:00,516.7231845011753,516.7231845011753,502.7441997996943,507.7366943359375,230538,0.0,0.0
2023-06-16 00:00:00+01:00,511.2314338235294,515.2254294002757,506.7381887996898,509.23443603515625,384806,0.0,0.0
2023-06-19 00:00:00+01:00,511.23145707831327,511.23145707831327,495.45518602124497,497.2524719238281,209273,0.0,0.0
2023-06-20 00:00:00+01:00,499.2494991170161,499.2494991170161,491.0617951427886,494.8561096191406,143933,0.0,0.0
2023-06-21 00:00:00+01:00,494.8560839134278,494.8560839134278,473.2885005775646,486.06927490234375,197075,0.0,0.0
2023-06-22 00:00:00+01:00,479.27947883091326,483.67286795917624,460.9071049034153,469.49420166015625,193013,0.0,0.0
2023-06-23 00:00:00+01:00,468.0963051038454,468.0963051038454,451.52124657371814,453.7179260253906,307567,0.0,0.0
2023-06-26 00:00:00+01:00,454.11732231357945,462.70441960564614,450.12533754452113,458.5107421875,267257,0.0,0.0
2023-06-27 00:00:00+01:00,461.90561137862096,475.6848844318564,456.913116725743,465.5002136230469,215416,0.0,0.0
2023-06-28 00:00:00+01:00,459.30953784893234,474.88612827033734,459.30953784893234,474.0873107910156,1905390,0.0,0.0
2023-06-29 00:00:00+01:00,473.2885003515435,478.48070705887585,466.2990077303182,468.8951110839844,381347,0.0,0.0
2023-06-30 00:00:00+01:00,473.2884818730874,476.34589722719033,467.0977764615675,472.09027099609375,151696,0.0,0.0
2023-07-03 00:00:00+01:00,474.28700647592376,484.8711015568984,469.6939051609608,480.8771057128906,127267,0.0,0.0
2023-07-04 00:00:00+01:00,482.27503190858096,493.2585212481139,481.2306119170358,486.8681335449219,120116,0.0,0.0
2023-07-05 00:00:00+01:00,488.0662827430312,496.25398645882655,476.0972761165313,494.2569885253906,174127,0.0,0.0
2023-07-06 00:00:00+01:00,486.83948950190705,486.83948950190705,466.66273755937453,469.8590393066406,485244,17.4,0.0
2023-07-07 00:00:00+01:00,466.2631799391349,471.4572122672763,457.2735297052249,462.8670959472656,214829,0.0,0.0
2023-07-10 00:00:00+01:00,467.66161886067414,474.05425326540126,459.47103602548657,467.2620544433594,205278,0.0,0.0
2023-07-11 00:00:00+01:00,470.45838147869597,482.8441162109375,470.45838147869597,482.8441162109375,190884,0.0,0.0
2023-07-12 00:00:00+01:00,482.0450318088298,499.2252340793314,479.04848171115674,490.83489990234375,224795,0.0,0.0
2023-07-13 00:00:00+01:00,498.2263840467737,498.2263840467737,486.2401836560817,490.83489990234375,84477,0.0,0.0
2023-07-14 00:00:00+01:00,486.0404127023318,496.4284465332925,483.24361443237296,484.64202880859375,186927,0.0,0.0
2023-07-17 00:00:00+01:00,486.0404491305453,486.0404491305453,474.653564453125,474.653564453125,122862,0.0,0.0
2023-07-18 00:00:00+01:00,483.4434100395704,483.4434100395704,470.4583597699125,478.84869384765625,256745,0.0,0.0
2023-07-19 00:00:00+01:00,490.23564166291106,530.8888549804688,483.84300679633236,530.8888549804688,2969342,0.0,0.0
2023-07-20 00:00:00+01:00,531.8876279435068,556.8588780816996,527.8922279213959,529.3905029296875,1008638,0.0,0.0
2023-07-21 00:00:00+01:00,526.8933846526575,534.384759789899,519.4020095154159,522.3985595703125,159805,0.0,0.0
2023-07-24 00:00:00+01:00,528.8910817011644,531.3882067328034,515.4066065303131,516.4054565429688,266140,0.0,0.0
2023-07-25 00:00:00+01:00,516.4054930196006,521.8991684772559,506.4169921875,506.4169921875,258139,0.0,0.0
2023-07-26 00:00:00+01:00,503.919846274636,511.9106466119939,502.4215712113814,505.4181213378906,523763,0.0,0.0
2023-07-27 00:00:00+01:00,514.9071736713308,519.9014236584437,507.9152236893729,510.9117736816406,307368,0.0,0.0
2023-07-28 00:00:00+01:00,501.42270529589166,507.41580535918916,499.92443028006727,503.9198303222656,64663,0.0,0.0
2023-07-31 00:00:00+01:00,497.8268791520641,502.42159566618443,494.6305771510351,496.0289611816406,142818,0.0,0.0
2023-08-01 00:00:00+01:00,501.92214592138964,501.92214592138964,487.83835423784484,491.6340026855469,122051,0.0,0.0
2023-08-02 00:00:00+01:00,487.6385693510162,494.2309547914192,481.84522121409447,493.8314208984375,490160,0.0,0.0
2023-08-03 00:00:00+01:00,489.0369792795637,505.9175386381197,489.0369792795637,499.9244384765625,158683,0.0,0.0
2023-08-04 00:00:00+01:00,503.42041986363074,505.9175449621606,495.82915346760296,502.42156982421875,95968,0.0,0.0
2023-08-07 00:00:00+01:00,491.23443363717587,505.91754130333635,491.23443363717587,499.0254821777344,66325,0.0,0.0
2023-08-08 00:00:00+01:00,498.6259408045203,506.41695874608206,495.62939075276836,500.4238586425781,53873,0.0,0.0
2023-08-09 00:00:00+01:00,508.4146651539807,508.4146651539807,495.82914868235594,502.9209899902344,89772,0.0,0.0
2023-08-10 00:00:00+01:00,502.9209962324662,511.9106466119939,501.4227211692116,505.4181213378906,60402,0.0,0.0
2023-08-11 00:00:00+01:00,499.92443216469394,505.9175322505844,495.62938929613244,497.42730712890625,75021,0.0,0.0
2023-08-14 00:00:00+01:00,502.9209885573411,502.9209885573411,494.2309811300897,499.9244384765625,125322,0.0,0.0
2023-08-15 00:00:00+01:00,502.9209899902344,508.9140901688667,494.2309825382239,502.9209899902344,796192,0.0,0.0
2023-08-16 00:00:00+01:00,499.22522453922653,510.4123568830819,497.62708890366144,506.9163818359375,100157,0.0,0.0
2023-08-17 00:00:00+01:00,501.92213828926594,506.91638842149746,493.0323791503906,493.0323791503906,78465,0.0,0.0
2023-08-18 00:00:00+01:00,492.03350673006656,494.83027448383365,482.0450069202093,489.0369567871094,322555,0.0,0.0
2023-08-21 00:00:00+01:00,482.8441189585819,485.8406691761351,474.8533183784399,475.0531005859375,253698,0.0,0.0
2023-08-22 00:00:00+01:00,486.6397675236404,488.6374676686759,474.45378444592984,475.0531005859375,164061,0.0,0.0
2023-08-23 00:00:00+01:00,473.65468978217996,486.6397399902344,473.65468978217996,486.6397399902344,522386,0.0,0.0
2023-08-24 00:00:00+01:00,494.0312750935209,497.62714161943444,491.3343675784641,495.8291931152344,223628,0.0,0.0
2023-08-25 00:00:00+01:00,499.425048828125,501.92217407226565,492.6328803570569,499.425048828125,161140,0.0,0.0
2023-08-29 00:00:00+01:00,508.41465685614224,510.4123568830819,500.4238567483836,506.9163818359375,130954,0.0,0.0
2023-08-30 00:00:00+01:00,505.91756587558325,510.91181627909344,501.9221655527751,503.4204406738281,738866,0.0,0.0
2023-08-31 00:00:00+01:00,511.41119895418325,514.9071739470342,501.4226989746094,501.4226989746094,431147,0.0,0.0
2023-09-01 00:00:00+01:00,499.4250244507005,504.41927469520755,493.8314580803558,495.03009033203125,138560,0.0,0.0
2023-09-04 00:00:00+01:00,499.92444355060803,504.9186937359288,490.83490211682744,491.23443603515625,100340,0.0,0.0
2023-09-05 00:00:00+01:00,490.03581267443076,491.23441437657084,481.24591444632347,484.64202880859375,204358,0.0,0.0
2023-09-06 00:00:00+01:00,485.64087294825435,493.23210841776006,481.0461569392235,489.0369567871094,434255,0.0,0.0
2023-09-07 00:00:00+01:00,480.6466472498644,493.43191545738614,480.6466472498644,485.2413330078125,147399,0.0,0.0
2023-09-08 00:00:00+01:00,483.44340328722757,489.2966496954356,480.8463871730723,485.84063720703125,104449,0.0,0.0
2023-09-11 00:00:00+01:00,485.8406894726499,492.65285456760284,482.04507123151046,484.2425231933594,102348,0.0,0.0
2023-09-12 00:00:00+01:00,483.0438979883889,484.74192481100755,475.8521653205776,477.25054931640625,176245,0.0,0.0
2023-09-13 00:00:00+01:00,482.84410595477266,491.6340046456931,471.45722153123546,478.2493896484375,94215,0.0,0.0
2023-09-14 00:00:00+01:00,479.248275038651,497.2275771857323,472.6558886373771,495.8291931152344,293250,0.0,0.0
2023-09-15 00:00:00+01:00,497.8268596423807,501.92215095061397,489.036991380916,498.0266418457031,697603,0.0,0.0
2023-09-18 00:00:00+01:00,494.43078986808865,494.43078986808865,482.64437111069196,484.0427551269531,219613,0.0,0.0
2023-09-19 00:00:00+01:00,490.8348932372091,492.6328415608886,485.64089142792983,489.63629150390625,136991,0.0,0.0
2023-09-20 00:00:00+01:00,488.23789909745267,510.41238271157573,488.23789909745267,507.41583251953125,295739,0.0,0.0
2023-09-21 00:00:00+01:00,495.22977765552156,517.404258050686,495.22977765552156,511.91058349609375,274721,0.0,0.0
2023-09-22 00:00:00+01:00,508.4147045612335,516.4055054187775,503.91987907886505,511.4112548828125,391108,0.0,0.0
2023-09-25 00:00:00+01:00,500.42389651088587,507.9152722071566,499.42504641804976,505.9175720214844,779625,0.0,0.0
2023-09-26 00:00:00+01:00,495.22985781907727,514.9072166019016,495.03010609242807,503.4204406738281,74306,0.0,0.0
2023-09-27 00:00:00+01:00,497.8268499461149,503.8199501392443,496.8279999139267,499.0254821777344,630204,0.0,0.0
2023-09-28 00:00:00+01:00,496.62822872489056,505.41809647051514,484.64202880859375,484.64202880859375,561758,0.0,0.0
2023-09-29 00:00:00+01:00,496.4284926064543,499.2252606534965,485.640923873594,490.0358581542969,654403,0.0,0.0
2023-10-02 00:00:00+01:00,498.0266302315529,498.0266302315529,480.6466458347685,482.2447814941406,459034,0.0,0.0
2023-10-03 00:00:00+01:00,479.0484894896375,481.6455057129529,459.271240234375,459.271240234375,238737,0.0,0.0
2023-10-04 00:00:00+01:00,460.07033110075486,470.4583653430429,455.0760809378775,460.6696472167969,289086,0.0,0.0
2023-10-05 00:00:00+01:00,461.4687023635155,467.0622684886608,455.0760684272708,463.8659362792969,1007778,0.0,0.0
2023-10-06 00:00:00+01:00,471.05765121418716,475.8521188697205,459.67076767043403,466.2631530761719,180777,0.0,0.0
2023-10-09 00:00:00+01:00,457.4733185001878,467.461818904122,457.4733185001878,464.06573486328125,132563,0.0,0.0
2023-10-10 00:00:00+01:00,466.86248705977414,472.8555871002911,458.67193529389084,469.4595031738281,134831,0.0,0.0
2023-10-11 00:00:00+01:00,474.45377826690674,481.0461947561649,466.4629777908325,479.4480285644531,214042,0.0,0.0
2023-10-12 00:00:00+01:00,481.2459416826354,494.430774529756,474.6535557415595,486.8395080566406,187388,0.0,0.0
2023-10-13 00:00:00+01:00,483.24361342999055,488.03811167605375,470.8578796386719,470.8578796386719,256737,0.0,0.0
2023-10-16 00:00:00+01:00,471.05764364603795,480.64660928552746,466.2631455850525,478.4491271972656,210465,0.0,0.0
2023-10-17 00:00:00+01:00,479.6478059893348,486.8395080566406,476.2516914348601,486.8395080566406,300382,0.0,0.0
2023-10-18 00:00:00+01:00,486.83954018697773,493.431957045623,459.87058706909954,464.8648376464844,236280,0.0,0.0
2023-10-19 00:00:00+01:00,462.46751623695076,467.6575548457771,456.6741988528927,457.4732666015625,204432,0.0,0.0
2023-10-20 00:00:00+01:00,457.4733528884521,465.66393602835785,448.68348406524933,464.8648376464844,210498,0.0,0.0
2023-10-23 00:00:00+01:00,457.8728516146457,470.85790211692506,452.8786014214613,466.6627502441406,283392,0.0,0.0
2023-10-24 00:00:00+01:00,471.65700935696816,475.2528451780755,463.6662088967568,468.2608947753906,204181,0.0,0.0
2023-10-25 00:00:00+01:00,461.26892164987174,468.26087170812224,453.87743768478936,466.86248779296875,350416,0.0,0.0
2023-10-26 00:00:00+01:00,458.072615444662,468.2608671406744,457.8728332519531,457.8728332519531,292075,0.0,0.0
2023-10-27 00:00:00+01:00,451.87977116608675,463.2666560085672,451.87977116608675,462.06805419921875,183460,0.0,0.0
2023-10-30 00:00:00+00:00,463.06686331364176,470.8578810738275,463.06686331364176,465.66387939453125,188191,0.0,0.0
2023-10-31 00:00:00+00:00,471.45719520553797,485.4410950633294,468.46064523601126,481.6454772949219,338878,0.0,0.0
2023-11-01 00:00:00+00:00,484.04272303358096,500.42385717185147,474.4537567996596,497.42730712890625,338044,0.0,0.0
2023-11-02 00:00:00+00:00,498.42619649101704,543.3744506835938,491.8337797796086,543.3744506835938,463107,0.0,0.0
2023-11-03 00:00:00+00:00,544.8727674068135,560.8543701171875,542.1209303129228,560.8543701171875,182927,0.0,0.0
2023-11-06 00:00:00+00:00,549.3675315773094,571.3422328404017,542.875006204123,545.3721313476562,193806,0.0,0.0
2023-11-07 00:00:00+00:00,541.376686465468,555.8600111033818,541.376686465468,546.870361328125,262763,0.0,0.0
2023-11-08 00:00:00+00:00,534.3847938037425,549.3675450318848,534.3847938037425,540.8773193359375,207690,0.0,0.0
2023-11-09 00:00:00+00:00,530.389373046875,561.8531494140625,530.389373046875,561.8531494140625,198726,0.0,0.0
2023-11-10 00:00:00+00:00,558.357177734375,560.3548778336036,553.3629274863036,558.357177734375,303146,0.0,0.0
2023-11-13 00:00:00+00:00,556.3594873353145,562.3525877374902,552.863512100712,557.3583374023438,272166,0.0,0.0
2023-11-14 00:00:00+00:00,555.8599871199652,606.3019086825137,554.8611371880336,603.3053588867188,587509,0.0,0.0
2023-11-15 00:00:00+00:00,609.7979358125393,616.2904609276605,594.3157605380195,594.815185546875,523734,0.0,0.0
2023-11-16 00:00:00+00:00,594.3157382191662,603.3053880409686,581.3306884765625,581.3306884765625,190303,0.0,0.0
2023-11-17 00:00:00+00:00,595.3146011898424,596.3134511918388,583.827826166884,586.324951171875,344789,0.0,0.0
2023-11-20 00:00:00+00:00,587.3238330905721,590.7998117776241,580.8313077247749,589.321533203125,245917,0.0,0.0
2023-11-21 00:00:00+00:00,598.810560029609,598.810560029609,541.8761114529823,546.870361328125,996876,0.0,0.0
2023-11-22 00:00:00+00:00,544.8726137739501,552.8634128760428,544.3731888300692,551.8645629882812,303597,0.0,0.0
2023-11-23 00:00:00+00:00,563.850770788439,563.850770788439,536.8818233813747,541.3766479492188,364559,0.0,0.0
2023-11-24 00:00:00+00:00,554.3617096656977,554.3617096656977,534.384711119186,536.8818359375,124075,0.0,0.0
2023-11-27 00:00:00+00:00,537.8807751711677,546.870426009683,526.915371536058,543.3744506835938,213071,0.0,0.0
2023-11-28 00:00:00+00:00,548.3686654587423,548.3686654587423,537.8807401630833,543.8738403320312,424995,0.0,0.0
2023-11-29 00:00:00+00:00,551.3652190315966,551.3652190315966,534.8841934627173,540.3778686523438,204038,0.0,0.0
2023-11-30 00:00:00+00:00,546.870398087935,548.8680981722745,527.392822265625,527.392822265625,942517,0.0,0.0
2023-12-01 00:00:00+00:00,539.8784407856308,540.8772908148364,520.9002902307243,534.384765625,400343,0.0,0.0
2023-12-04 00:00:00+00:00,544.3732464686389,544.3732464686389,526.8933715820312,526.8933715820312,626971,0.0,0.0
2023-12-05 00:00:00+00:00,522.3985624547718,536.8818878000761,522.3985624547718,528.3916625976562,709734,0.0,0.0
2023-12-06 00:00:00+00:00,521.8991216144291,538.3801465075163,521.8991216144291,526.8933715820312,1061124,0.0,0.0
2023-12-07 00:00:00+00:00,532.8865379637541,539.8784887898952,517.4043611344416,538.879638671875,338459,0.0,0.0
2023-12-08 00:00:00+00:00,525.8945691675171,540.3778953839065,525.8945691675171,531.3882446289062,160670,0.0,0.0
2023-12-11 00:00:00+00:00,521.8991246174292,532.886474609375,521.8991246174292,532.886474609375,219536,0.0,0.0
2023-12-12 00:00:00+00:00,542.3755865670889,542.3755865670889,521.8991601865636,522.8980102539062,295021,0.0,0.0
2023-12-13 00:00:00+00:00,534.8841813568376,534.8841813568376,518.4031561609687,525.89453125,362225,0.0,0.0
2023-12-14 00:00:00+00:00,532.3871124240547,569.8439918159911,532.3871124240547,563.8508911132812,429402,0.0,0.0
2023-12-15 00:00:00+00:00,573.8394223193663,574.3388474040655,559.8555199477892,560.8543701171875,522102,0.0,0.0
2023-12-18 00:00:00+00:00,574.33874533305,574.33874533305,555.8600204832042,564.8496704101562,231306,0.0,0.0
2023-12-19 00:00:00+00:00,576.3365497874794,576.3365497874794,554.8612710692283,566.8474731445312,196168,0.0,0.0
2023-12-20 00:00:00+00:00,566.8473637636584,582.828963446863,565.3490887933581,581.3306884765625,290822,0.0,0.0
2023-12-21 00:00:00+00:00,567.8462647867909,578.8336155566321,567.8462647867909,572.8405151367188,114645,0.0,0.0
2023-12-22 00:00:00+00:00,564.3503477121765,575.8371247010084,563.8509226257055,566.8474731445312,83674,0.0,0.0
2023-12-27 00:00:00+00:00,577.8347424653733,584.826692676709,568.3456671785608,578.3341674804688,1450139,0.0,0.0
2023-12-28 00:00:00+00:00,585.3261733572068,585.3261733572068,569.4644284921037,575.8370971679688,101865,0.0,0.0
2023-12-29 00:00:00+00:00,569.344501764002,573.8383513384722,563.3514017454336,567.3468017578125,70065,0.0,0.0
2024-01-02 00:00:00+00:00,561.3538011050393,569.344602544257,558.3572505653327,563.3515014648438,203969,0.0,0.0
2024-01-03 00:00:00+00:00,552.3640747070312,570.8428005335775,548.8680995506576,552.3640747070312,288147,0.0,0.0
2024-01-04 00:00:00+00:00,549.4569116709184,560.945556187674,535.970242020814,538.4677734375,124591,9.0,0.0
2024-01-05 00:00:00+00:00,536.9692776606086,539.4668091846114,527.4786578693978,534.9712524414062,93944,0.0,0.0
2024-01-08 00:00:00+00:00,533.9722437132099,543.4628635734072,526.2798343683875,540.96533203125,79259,0.0,0.0
2024-01-09 00:00:00+00:00,547.9584329558928,547.9584329558928,529.976205438653,536.4697875976562,115116,0.0,0.0
2024-01-10 00:00:00+00:00,524.4816200405944,543.9623659278164,524.4816200405944,534.9712524414062,270740,0.0,0.0
2024-01-11 00:00:00+00:00,525.4805798921132,546.4598425874256,523.482554873512,524.4815673828125,1638421,0.0,0.0
2024-01-12 00:00:00+00:00,522.9830811240456,540.9653074091132,522.9830811240456,527.4786376953125,129575,0.0,0.0
2024-01-15 00:00:00+00:00,529.476673724746,539.9663059400476,524.4816107650786,528.4776611328125,362888,0.0,0.0
2024-01-16 00:00:00+00:00,522.4835962835348,532.4737224075029,520.4855710587411,529.4766845703125,484947,0.0,0.0
2024-01-17 00:00:00+00:00,529.4766908180056,529.4766908180056,500.5053247166431,507.4984130859375,213771,0.0,0.0
2024-01-18 00:00:00+00:00,509.9959430936017,521.4845882367484,505.9998926090289,512.9929809570312,1131236,0.0,0.0
2024-01-19 00:00:00+00:00,521.9841512044271,521.9841512044271,510.99501117907073,512.4935302734375,403675,0.0,0.0
2024-01-22 00:00:00+00:00,522.4835652162108,522.4835652162108,514.4914647922534,520.9850463867188,75514,0.0,0.0
2024-01-23 00:00:00+00:00,522.4836008578916,522.4836008578916,510.9949557147449,512.9929809570312,453533,0.0,0.0
2024-01-24 00:00:00+00:00,505.999884394289,523.982111282931,505.999884394289,523.4826049804688,309785,0.0,0.0
2024-01-25 00:00:00+00:00,522.4835993007888,527.4786623916185,515.4905109736271,518.487548828125,341619,0.0,0.0
2024-01-26 00:00:00+00:00,528.4776294719245,528.4776294719245,511.49441642651294,519.9860229492188,198686,0.0,0.0
2024-01-29 00:00:00+00:00,523.4826336822217,524.4816463419205,510.495469106136,520.485595703125,120531,0.0,0.0
2024-01-30 00:00:00+00:00,527.9781742040874,527.9781742040874,517.9880479182958,518.987060546875,138964,0.0,0.0
2024-01-31 00:00:00+00:00,513.9919692336086,527.4786389802631,513.9919692336086,521.9840698242188,506986,0.0,0.0
2024-02-01 00:00:00+00:00,528.9771940270249,528.9771940270249,511.49447278911566,513.9920043945312,337956,0.0,0.0
2024-02-02 00:00:00+00:00,518.9870347128352,521.4845661599616,509.4964152137555,510.99493408203125,298004,0.0,0.0
2024-02-05 00:00:00+00:00,513.9919731532161,524.981111549106,505.00085992021525,505.5003662109375,97035,0.0,0.0
2024-02-06 00:00:00+00:00,504.50138946864587,514.4915159927775,496.1096892858647,505.9999084472656,110772,0.0,0.0
2024-02-07 00:00:00+00:00,505.5004056900267,510.9949753170922,501.00484872242765,503.50238037109375,271980,0.0,0.0
2024-02-08 00:00:00+00:00,493.5122502921011,514.9700469556766,493.5122502921011,505.9999084472656,1137348,0.0,0.0
2024-02-09 00:00:00+00:00,503.0028776219896,505.00090295514553,493.00375715931574,495.9098815917969,145717,0.0,0.0
2024-02-12 00:00:00+00:00,499.5062874012875,508.49740057451066,495.7100518120154,507.9978942871094,128399,0.0,0.0
2024-02-13 00:00:00+00:00,511.4944486027944,511.52938721466535,495.11064814347515,500.50531005859375,201875,0.0,0.0
2024-02-14 00:00:00+00:00,504.5013803100586,510.4954561157227,499.5063171386719,499.5063171386719,145799,0.0,0.0
2024-02-15 00:00:00+00:00,499.5063155388384,509.995948165154,499.30650081764446,505.0008850097656,237980,0.0,0.0
2024-02-16 00:00:00+00:00,513.4924491134344,513.4924491134344,493.31238347080847,509.49639892578125,373456,0.0,0.0
2024-02-19 00:00:00+00:00,511.4944655088063,513.4924907647,501.004832915364,510.4954528808594,304181,0.0,0.0
2024-02-20 00:00:00+00:00,508.4974018802226,508.4974018802226,498.307461396093,502.5033264160156,329147,0.0,0.0
2024-02-21 00:00:00+00:00,493.312407180139,511.9939549002581,493.1126229536205,500.50531005859375,90899,0.0,0.0
2024-02-22 00:00:00+00:00,497.5082668796048,505.0008612603217,493.1126176070731,500.00579833984375,222750,0.0,0.0
2024-02-23 00:00:00+00:00,496.3094551671599,500.50532034708374,491.31439208984375,491.31439208984375,252199,0.0,0.0
2024-02-26 00:00:00+00:00,492.3134045359905,494.3114297662298,483.72192043591787,487.9177551269531,210646,0.0,0.0
2024-02-27 00:00:00+00:00,486.51914392525805,497.9078816486066,482.3232787436554,494.7110595703125,337370,0.0,0.0
2024-02-28 00:00:00+00:00,484.3213105583385,494.51125157362185,474.5309989847886,482.9226989746094,245606,0.0,0.0
2024-02-29 00:00:00+00:00,478.52704614068745,493.3124207575717,478.52704614068745,487.1185607910156,186986,0.0,0.0
2024-03-01 00:00:00+00:00,480.3252778956917,496.9088942583748,480.3252778956917,495.9098815917969,312633,0.0,0.0
2024-03-04 00:00:00+00:00,498.50727306553875,498.50727306553875,487.3183200722965,489.31634521484375,144840,0.0,0.0
2024-03-05 00:00:00+00:00,498.5072933413771,498.5072933413771,488.7169819396709,491.7140197753906,102553,0.0,0.0
2024-03-06 00:00:00+00:00,496.7090938537114,504.5013802044653,491.314401239786,496.10968017578125,285817,0.0,0.0
2024-03-07 00:00:00+00:00,494.1116315315167,504.0018500434028,489.7159822470612,494.51123046875,205800,0.0,0.0
2024-03-08 00:00:00+00:00,491.7140273487019,503.00285784213696,489.51618737367846,502.00384521484375,300019,0.0,0.0
2024-03-11 00:00:00+00:00,499.10670914939993,505.5003837955702,493.91183135019844,498.1076965332031,173341,0.0,0.0
2024-03-12 00:00:00+00:00,494.7110579681652,502.5033441516823,494.5112432506615,498.5072937011719,190336,0.0,0.0
2024-03-13 00:00:00+00:00,491.1145977637658,502.5033352484484,491.1145977637658,500.50531005859375,173836,0.0,0.0
2024-03-14 00:00:00+00:00,495.9098472982375,507.9979058253967,488.51716017427526,493.3124084472656,179290,0.0,0.0
2024-03-15 00:00:00+00:00,502.0038358626827,502.0038358626827,487.91775198277804,495.51025390625,413438,0.0,0.0
2024-03-18 00:00:00+00:00,484.92071953968934,497.7080993652344,484.92071953968934,497.7080993652344,195262,0.0,0.0
2024-03-19 00:00:00+00:00,500.50530420031896,502.50332936678734,492.7130182460703,494.91082763671875,256877,0.0,0.0
2024-03-20 00:00:00+00:00,486.11953478912915,503.50234784337573,486.11953478912915,500.50531005859375,353004,0.0,0.0
2024-03-21 00:00:00+00:00,506.4994147734722,511.494478035538,504.0018831424393,505.9999084472656,305319,0.0,0.0
2024-03-22 00:00:00+00:00,513.9919587233971,513.9919587233971,501.61619072410053,506.9988708496094,193002,0.0,0.0
2024-03-25 00:00:00+00:00,496.9088731720882,507.9979193980299,496.9088731720882,507.4984130859375,129021,0.0,0.0
2024-03-26 00:00:00+00:00,505.5003553333849,507.4983804532797,501.5043050935953,504.5013427734375,218992,0.0,0.0
2024-03-27 00:00:00+00:00,501.5043138386478,504.0018452820674,497.3084488187252,502.5033264160156,123057,0.0,0.0
2024-03-28 00:00:00+00:00,496.7090177208912,512.4934027248476,496.7090177208912,511.993896484375,184846,0.0,0.0
2024-04-02 00:00:00+01:00,499.50630979355486,513.4924864677744,496.009765625,496.009765625,223497,0.0,0.0
2024-04-03 00:00:00+01:00,498.007765679772,509.49641022403955,490.01566512723804,496.5092468261719,259604,0.0,0.0
2024-04-04 00:00:00+01:00,496.00978542509534,506.49941834949317,496.00978542509534,503.50238037109375,294724,0.0,0.0
2024-04-05 00:00:00+01:00,507.4983982230851,507.4983982230851,496.00975338142075,500.50531005859375,120446,0.0,0.0
2024-04-08 00:00:00+01:00,490.0157094682966,505.5004056900267,490.0157094682966,503.50238037109375,220930,0.0,0.0
2024-04-09 00:00:00+01:00,491.5141880649696,506.49937672548697,491.5141880649696,502.5033264160156,101967,0.0,0.0
2024-04-10 00:00:00+01:00,502.50333116319445,510.4954318576389,490.0326553348038,494.51123046875,169952,0.0,0.0
2024-04-11 00:00:00+01:00,489.5161649078249,508.4974039552711,489.5161649078249,505.5003662109375,126130,0.0,0.0
2024-04-12 00:00:00+01:00,511.494483450351,511.494483450351,498.0078125,498.0078125,112571,0.0,0.0
2024-04-15 00:00:00+01:00,491.5141906738281,498.00777246118565,491.5141906738281,491.5141906738281,82492,0.0,0.0
2024-04-16 00:00:00+01:00,484.0215780874399,489.01664081280046,479.0265153620793,487.01861572265625,252707,0.0,0.0
2024-04-17 00:00:00+01:00,483.52210902080634,490.1825183665197,481.02457746594683,482.0235900878906,144659,0.0,0.0
2024-04-18 00:00:00+01:00,482.0235731336806,495.0107367621528,482.0235731336806,494.51123046875,167716,0.0,0.0
2024-04-19 00:00:00+01:00,486.01962146914104,491.5141906738281,483.52209001246507,491.5141906738281,100705,0.0,0.0
2024-04-22 00:00:00+01:00,479.5260416666667,498.0077745225695,479.5260416666667,494.51123046875,143830,0.0,0.0
2024-04-23 00:00:00+01:00,494.5112270949474,498.5072774149066,491.51418935497804,497.0087585449219,1009937,0.0,0.0
2024-04-24 00:00:00+01:00,498.50731317912715,499.00681950495795,480.52508544921875,480.52508544921875,114395,0.0,0.0
2024-04-25 00:00:00+01:00,474.5309867110907,484.52111274711365,474.5309867110907,484.0216064453125,336633,0.0,0.0
2024-04-26 00:00:00+01:00,472.5329705450054,491.51421037662294,472.5329705450054,490.51519775390625,1243980,0.0,0.0
2024-04-29 00:00:00+01:00,498.5072674137531,506.4993678933323,492.013685774095,504.5013427734375,217652,0.0,0.0
2024-04-30 00:00:00+01:00,493.01270822496275,506.49937805482494,497.0087585449219,497.0087585449219,260986,0.0,0.0
2024-05-01 00:00:00+01:00,489.5161715143931,500.50531005859375,494.5112344890298,500.50531005859375,103189,0.0,0.0
2024-05-02 00:00:00+01:00,507.49846662554825,513.4925430030154,503.5024157072369,512.4935302734375,193755,0.0,0.0
2024-05-03 00:00:00+01:00,519.4865545607705,523.4826049804688,510.45547207576783,523.4826049804688,135082,0.0,0.0
2024-05-07 00:00:00+01:00,529.4766816370148,540.4658203125,517.4885303546673,540.4658203125,281108,0.0,0.0
2024-05-08 00:00:00+01:00,536.4697591145833,539.466796875,528.9771647135417,539.466796875,231006,0.0,0.0
2024-05-09 00:00:00+01:00,548.4579502942394,548.4579502942394,534.4717730554063,537.4688110351562,560150,0.0,0.0
2024-05-10 00:00:00+01:00,531.4747350756564,547.1852213360827,531.4747350756564,537.4688110351562,171393,0.0,0.0
2024-05-13 00:00:00+01:00,537.468771701389,544.4618598090278,536.4697591145833,539.466796875,95154,0.0,0.0
2024-05-14 00:00:00+01:00,543.4628798342542,548.4579430680249,538.4678166004835,542.4638671875,619060,0.0,0.0
2024-05-15 00:00:00+01:00,529.4766826014364,558.4480482532132,529.4766826014364,557.4490356445312,287225,0.0,0.0
2024-05-16 00:00:00+01:00,555.4510249585177,565.4031639488134,555.4510249585177,564.442138671875,98732,0.0,0.0
2024-05-17 00:00:00+01:00,562.4440809365269,567.4391438222865,557.4490180507673,561.445068359375,191313,0.0,0.0
2024-05-20 00:00:00+01:00,550.4559259208844,564.4421018970957,550.4559259208844,555.4509887695312,178702,0.0,0.0
2024-05-21 00:00:00+01:00,563.4430961816583,563.4430961816583,547.4588948715403,550.4559326171875,202735,0.0,0.0
2024-05-22 00:00:00+01:00,550.4559792911305,550.4559792911305,537.4688146254596,543.462890625,150638,0.0,0.0
2024-05-23 00:00:00+01:00,534.4716951152055,543.4628077433118,534.4716951152055,541.4647827148438,128001,0.0,0.0
2024-05-24 00:00:00+01:00,528.4776623624585,548.4579142476176,528.4776623624585,545.4608764648438,142530,0.0,0.0
2024-05-28 00:00:00+01:00,535.4707076294395,554.4519453998861,535.4707076294395,541.4647827148438,286961,0.0,0.0
2024-05-29 00:00:00+01:00,554.4519814480557,554.4519814480557,527.4786418100422,533.4727172851562,219740,0.0,0.0
2024-05-30 00:00:00+01:00,532.4737021349986,554.4519787709647,532.4737021349986,544.4618530273438,172119,0.0,0.0
2024-05-31 00:00:00+01:00,541.4648289190275,548.4579171153987,532.473715523693,534.4717407226562,443539,0.0,0.0
2024-06-03 00:00:00+01:00,539.4668259603452,557.1153988799464,539.4668259603452,553.4530029296875,318600,0.0,0.0
2024-06-04 00:00:00+01:00,548.4579074534228,557.4490206903641,543.0952269380435,550.4559326171875,323032,0.0,0.0
2024-06-05 00:00:00+01:00,540.4658094618056,588.4184136284722,540.4658094618056,584.42236328125,434180,0.0,0.0
2024-06-06 00:00:00+01:00,584.4223284922402,596.4104788202861,582.4243034375659,592.4144287109375,256985,0.0,0.0
2024-06-07 00:00:00+01:00,580.4263556420386,590.4164822451718,567.4391910579654,571.4352416992188,564424,0.0,0.0
2024-06-10 00:00:00+01:00,560.4460881326052,572.4342397504148,560.4460881326052,564.442138671875,127443,0.0,0.0
2024-06-11 00:00:00+01:00,563.4431293363606,571.5571192720441,550.4559650076856,553.4530029296875,168648,0.0,0.0
2024-06-12 00:00:00+01:00,543.4629108297414,582.4244062752559,543.4629108297414,579.4273681640625,336100,0.0,0.0
2024-06-13 00:00:00+01:00,567.4391587832272,575.4312596111599,565.4411335762439,568.4381713867188,452974,0.0,0.0
2024-06-14 00:00:00+01:00,560.4461380978848,569.4372526128241,559.4471253740027,563.4431762695312,112758,0.0,0.0
2024-06-17 00:00:00+01:00,555.4510426240809,571.4352452895221,555.4510426240809,560.4461059570312,183539,0.0,0.0
2024-06-18 00:00:00+01:00,571.4352665342134,580.4263808677937,559.4870526466262,579.4273681640625,259893,0.0,0.0
2024-06-19 00:00:00+01:00,585.4214189436052,585.4214189436052,571.4352416992188,571.4352416992188,181719,0.0,0.0
2024-06-20 00:00:00+01:00,584.4223524119757,584.4223524119757,567.4391387521405,583.42333984375,166408,0.0,0.0
2024-06-21 00:00:00+01:00,579.4273430867996,588.41845703125,571.4352418028437,588.41845703125,1008512,0.0,0.0
2024-06-24 00:00:00+01:00,587.41943359375,599.9170915032325,576.4302945299214,587.41943359375,316040,0.0,0.0
2024-06-25 00:00:00+01:00,587.4193969094074,591.415447228519,576.4302585318504,578.4282836914062,92562,0.0,0.0
2024-06-26 00:00:00+01:00,581.4253719554227,588.4184606215533,571.4352452895221,577.4293212890625,171489,0.0,0.0
2024-06-27 00:00:00+01:00,578.4282984814953,586.4203993240722,574.4322480602069,585.42138671875,110539,0.0,0.0
2024-06-28 00:00:00+01:00,588.4184499413076,595.4115384805082,583.4233866990214,593.4135131835938,311810,0.0,0.0
2024-07-01 00:00:00+01:00,598.4085258419774,602.4045760980173,591.4154378939076,594.4124755859375,149445,0.0,0.0
2024-07-02 00:00:00+01:00,592.4144968045812,598.4085726575787,587.41943359375,587.41943359375,128081,0.0,0.0
2024-07-03 00:00:00+01:00,592.4144935162119,601.4056072458003,585.6331708610729,598.4085693359375,187276,0.0,0.0
2024-07-04 00:00:00+01:00,584.6078543827451,591.6031620420258,575.6138873922414,579.6112060546875,152771,19.0,0.0
2024-07-05 00:00:00+01:00,567.6191689194433,603.5950317382812,567.6191689194433,603.5950317382812,273080,0.0,0.0
2024-07-08 00:00:00+01:00,602.5957105107668,606.5930286567752,589.6044265362395,594.60107421875,213326,0.0,0.0
2024-07-09 00:00:00+01:00,600.5971018976898,606.593079620462,599.5977722772277,605.59375,227795,0.0,0.0
2024-07-10 00:00:00+01:00,608.5917269512288,617.585693359375,604.5944085476082,617.585693359375,201290,0.0,0.0
2024-07-11 00:00:00+01:00,623.5817042151162,644.567626953125,615.5870669815891,644.567626953125,186357,0.0,0.0
2024-07-12 00:00:00+01:00,648.5649038085937,648.5649038085937,622.5823344726563,624.5809936523438,182378,0.0,0.0
2024-07-15 00:00:00+01:00,614.5876855162618,637.572265625,614.5876855162618,637.572265625,145931,0.0,0.0
2024-07-16 00:00:00+01:00,622.5823344726563,643.568255859375,622.5823344726563,624.5809936523438,183229,0.0,0.0
2024-07-17 00:00:00+01:00,639.5709415257649,639.5709415257649,612.5890424301467,620.5836791992188,524569,0.0,0.0
2024-07-18 00:00:00+01:00,630.5769702070437,632.5756293836112,621.58300391249,625.580322265625,274586,0.0,0.0
2024-07-19 00:00:00+01:00,629.5776495786695,645.5669232187627,616.5863647460938,616.5863647460938,311565,0.0,0.0
2024-07-22 00:00:00+01:00,619.5843069168573,622.582295498713,600.5970458984375,600.5970458984375,106675,0.0,0.0
2024-07-23 00:00:00+01:00,614.5876564884818,614.5876564884818,598.5983841245538,603.5950317382812,185384,0.0,0.0
2024-07-24 00:00:00+01:00,604.5943640075785,608.1120234617774,598.5983868438669,600.5970458984375,89254,0.0,0.0
2024-07-25 00:00:00+01:00,612.5889974429907,612.5889974429907,592.6024069880808,603.5950317382812,136470,0.0,0.0
2024-07-26 00:00:00+01:00,604.5944085476082,625.5803301666161,602.5957493457979,617.585693359375,144273,0.0,0.0
2024-07-29 00:00:00+01:00,619.5843486233923,631.5763037580385,614.8495489141374,621.5830078125,156098,0.0,0.0
2024-07-30 00:00:00+01:00,611.5897138041835,629.9323890521641,611.5897138041835,619.5843505859375,335640,0.0,0.0
2024-07-31 00:00:00+01:00,632.5755803725299,635.5735689051011,611.5896606445312,611.5896606445312,596609,0.0,0.0
2024-08-01 00:00:00+01:00,619.5843466734275,629.577642587515,609.59105075934,623.5816650390625,404731,0.0,0.0
2024-08-02 00:00:00+01:00,633.5749720811455,633.5749720811455,610.990147316327,612.5890502929688,246615,0.0,0.0
2024-08-05 00:00:00+01:00,590.6037560727416,600.5970514377626,585.6071083902311,594.60107421875,258748,0.0,0.0
2024-08-06 00:00:00+01:00,595.6004084182998,607.5374071445822,584.6077834307138,589.6044311523438,201658,0.0,0.0
2024-08-07 00:00:00+01:00,594.6011241749175,606.593079620462,592.6024649339934,605.59375,367453,0.0,0.0
2024-08-08 00:00:00+01:00,597.5990600585938,603.5950372498171,589.6044238036293,597.5990600585938,741826,0.0,0.0
2024-08-09 00:00:00+01:00,587.6058139143319,615.5870431483477,587.6058139143319,608.5917358398438,343666,0.0,0.0
2024-08-12 00:00:00+01:00,608.5917298851944,614.5877075195312,600.5970930394118,614.5877075195312,130809,0.0,0.0
2024-08-13 00:00:00+01:00,615.587039119851,620.5836871646551,612.5890502929688,612.5890502929688,191527,0.0,0.0
2024-08-14 00:00:00+01:00,626.579660771152,626.579660771152,612.5890463360705,616.5863647460938,511245,0.0,0.0
2024-08-15 00:00:00+01:00,614.5877045566596,623.5816709648059,612.5890453548493,617.585693359375,279395,0.0,0.0
2024-08-16 00:00:00+01:00,605.5936835793888,617.5856377096737,605.5936835793888,611.5896606445312,83827,0.0,0.0
2024-08-19 00:00:00+01:00,609.591057528553,619.5843535536112,609.591057528553,616.5863647460938,91993,0.0,0.0
2024-08-20 00:00:00+01:00,616.5863608146827,621.5830087953527,604.5944056610746,620.5836791992188,105344,0.0,0.0
2024-08-21 00:00:00+01:00,620.5836704799107,629.57763671875,614.5917186070056,629.57763671875,263488,0.0,0.0
2024-08-22 00:00:00+01:00,614.5876958381616,631.5762988125498,614.5876958381616,626.5796508789062,207974,0.0,0.0
2024-08-23 00:00:00+01:00,628.5782994954938,637.572265625,622.582322075823,637.572265625,179613,0.0,0.0
2024-08-27 00:00:00+01:00,623.5817186261886,640.5703231400431,623.5817186261886,630.5770263671875,179246,0.0,0.0
2024-08-28 00:00:00+01:00,621.5830087953527,629.5776455644248,620.5836791992188,620.5836791992188,105530,0.0,0.0
2024-08-29 00:00:00+01:00,625.5803403352437,626.5796699523926,605.5937479922646,607.5924072265625,156432,0.0,0.0
2024-08-30 00:00:00+01:00,611.5897167335646,624.5810015661403,611.5897167335646,616.5863647460938,310507,0.0,0.0
2024-09-02 00:00:00+01:00,603.595077983012,623.5816699692044,603.595077983012,618.5850219726562,78933,0.0,0.0
2024-09-03 00:00:00+01:00,620.5836891886061,624.581007637486,605.5937450053063,610.5903930664062,155161,0.0,0.0
2024-09-04 00:00:00+01:00,599.5977548452524,625.58032422188,599.5977548452524,623.5816650390625,168695,0.0,0.0
2024-09-05 00:00:00+01:00,619.5843333659875,644.567572614616,614.5876855162618,637.572265625,264438,0.0,0.0
2024-09-06 00:00:00+01:00,631.5762853756338,642.5689105957792,631.4313630704854,640.5702514648438,166280,0.0,0.0
2024-09-09 00:00:00+01:00,644.5675697267149,644.5675697267149,631.5762853756338,640.5702514648438,110523,0.0,0.0
2024-09-10 00:00:00+01:00,625.5802979264522,653.5615253097441,625.5802979264522,651.5628662109375,139853,0.0,0.0
2024-09-11 00:00:00+01:00,653.5616002329078,654.5609298968725,634.5743366175788,638.5716552734375,265610,0.0,0.0
2024-09-12 00:00:00+01:00,637.5722571347928,650.5635413710817,637.5722571347928,646.5662231445312,142606,0.0,0.0
2024-09-13 00:00:00+01:00,646.5662084150817,662.5554809570312,646.5662084150817,662.5554809570312,147254,0.0,0.0
2024-09-16 00:00:00+01:00,660.5568961275541,663.5548850661057,649.5642700195312,649.5642700195312,143098,0.0,0.0
2024-09-17 00:00:00+01:00,650.5635442319124,658.5581807201694,641.5695781826232,643.5682373046875,131627,0.0,0.0
2024-09-18 00:00:00+01:00,639.5709755979938,647.5656127929688,639.5709755979938,647.5656127929688,114548,0.0,0.0
2024-09-19 00:00:00+01:00,650.5635914904007,658.5582285594071,650.5635914904007,657.5588989257812,226962,0.0,0.0
2024-09-20 00:00:00+01:00,649.5642720917125,658.5582389360592,646.5662831435968,647.5656127929688,460330,0.0,0.0
2024-09-23 00:00:00+01:00,647.5656076521823,653.5615855008135,644.5676187278666,652.562255859375,148788,0.0,0.0
2024-09-24 00:00:00+01:00,649.5642099248242,660.5568350158597,644.5675621561718,648.5648803710938,429657,0.0,0.0
2024-09-25 00:00:00+01:00,637.5723256094728,658.5582485527314,637.5723256094728,638.5716552734375,165009,0.0,0.0
2024-09-26 00:00:00+01:00,634.5743273511345,652.5622610398281,634.5743273511345,647.5656127929688,118002,0.0,0.0
2024-09-27 00:00:00+01:00,661.5562143946199,661.5562143946199,648.5649292176863,660.556884765625,266126,0.0,0.0
2024-09-30 00:00:00+01:00,656.5595775428185,660.5568961275541,643.5682921424278,649.5642700195312,238410,0.0,0.0
2024-10-01 00:00:00+01:00,646.5662156898557,662.5554884117068,645.56688614474,654.5608520507812,103129,0.0,0.0
2024-10-02 00:00:00+01:00,645.5669629211903,646.566292585155,638.5716552734375,638.5716552734375,114232,0.0,0.0
2024-10-03 00:00:00+01:00,639.5709266902516,647.5655632738798,631.5762901066234,635.5736083984375,77460,0.0,0.0
2024-10-04 00:00:00+01:00,636.5729457587953,642.5689232698671,627.5789794921875,627.5789794921875,104528,0.0,0.0
2024-10-07 00:00:00+01:00,630.5769663008432,640.5702621217758,618.5850113157242,629.57763671875,77143,0.0,0.0
2024-10-08 00:00:00+01:00,641.5696615889597,641.5696615889597,612.5891005514521,622.5823974609375,104027,0.0,0.0
2024-10-09 00:00:00+01:00,637.572273375496,637.572273375496,624.5809888082837,629.57763671875,72917,0.0,0.0
2024-10-10 00:00:00+01:00,616.5863578992012,634.5742905445588,616.5863578992012,623.5816650390625,88132,0.0,0.0
2024-10-11 00:00:00+01:00,623.5816630890574,629.5776406187599,623.5816630890574,625.580322265625,54412,0.0,0.0
2024-10-14 00:00:00+01:00,613.5883729996219,632.5756353562878,612.5890434019027,619.5843505859375,59817,0.0,0.0
2024-10-15 00:00:00+01:00,609.5910684818482,624.5810127887789,602.5957611386139,605.59375,638112,0.0,0.0
2024-10-16 00:00:00+01:00,618.7708794104816,616.5863707397261,607.5924042297463,610.5903930664062,420266,0.0,0.0
2024-10-17 00:00:00+01:00,613.5883196662454,618.5849672205308,609.5910016228171,611.5896606445312,190254,0.0,0.0
2024-10-18 00:00:00+01:00,621.5830228953228,621.5830228953228,604.3845381978009,606.5930786132812,133087,0.0,0.0
2024-10-21 00:00:00+01:00,606.5930940782702,609.5910830111117,591.6031494140625,591.6031494140625,159516,0.0,0.0
2024-10-22 00:00:00+01:00,590.6038208007812,594.0015659949628,579.2124753404983,590.6038208007812,233608,0.0,0.0
2024-10-23 00:00:00+01:00,598.5983942298825,598.5983942298825,584.6077806752609,592.6024169921875,976784,0.0,0.0
2024-10-24 00:00:00+01:00,594.6011393848813,598.5984579689814,589.6044911547563,590.6038208007812,152350,0.0,0.0
2024-10-25 00:00:00+01:00,590.6038260085592,590.6038260085592,582.6091887698645,585.607177734375,295092,0.0,0.0
2024-10-28 00:00:00+00:00,599.5977783203125,599.5977783203125,583.6085042317708,599.5977783203125,802142,0.0,0.0
2024-10-29 00:00:00+00:00,601.5963655359604,611.5896606445312,598.5983770033893,611.5896606445312,177742,0.0,0.0
2024-10-30 00:00:00+00:00,607.5924237225506,625.5803573195999,590.603819769782,591.6031494140625,545406,0.0,0.0
2024-10-31 00:00:00+00:00,588.6051382992625,588.6051382992625,549.3185051850988,552.6292724609375,601807,0.0,0.0
2024-11-01 00:00:00+00:00,548.6319501181694,559.6245757125224,545.6339613197094,556.6265869140625,220907,0.0,0.0
2024-11-04 00:00:00+00:00,549.6312886258982,559.6245847827327,547.6326293945312,547.6326293945312,139272,0.0,0.0
2024-11-05 00:00:00+00:00,546.6332997788478,555.6272663199989,544.6346405474809,547.6326293945312,287998,0.0,0.0
2024-11-06 00:00:00+00:00,557.6258689063942,560.6238574489016,539.6379376513491,541.6365966796875,398226,0.0,0.0
2024-11-07 00:00:00+00:00,553.6286040650522,553.6286040650522,543.635307962795,550.630615234375,140410,0.0,0.0
2024-11-08 00:00:00+00:00,549.6312768118722,563.6218911307199,547.3518001520474,559.6245727539062,258854,0.0,0.0
2024-11-11 00:00:00+00:00,569.6179297136113,573.6152485186191,558.6253029998398,560.6239624023438,116337,0.0,0.0
2024-11-12 00:00:00+00:00,573.6152036330279,573.6152036330279,543.6353149414062,543.6353149414062,259348,0.0,0.0
2024-11-13 00:00:00+00:00,546.6333079020183,548.631967163086,535.6406819661458,539.6380004882812,426775,0.0,0.0
2024-11-14 00:00:00+00:00,552.6292856852214,552.6292856852214,537.6393412272135,539.6380004882812,472998,0.0,0.0
2024-11-15 00:00:00+00:00,539.6379944518372,550.6306202647451,536.6400055937714,545.6339721679688,430083,0.0,0.0
2024-11-18 00:00:00+00:00,545.6339813743889,548.3821378739852,531.6433664673533,536.6400146484375,427283,0.0,0.0
2024-11-19 00:00:00+00:00,538.63860813718,542.6359261938567,532.642631052165,541.6365966796875,226363,0.0,0.0
2024-11-20 00:00:00+00:00,549.6312988735043,549.6312988735043,529.6447061871951,537.6393432617188,1050919,0.0,0.0
2024-11-21 00:00:00+00:00,537.6392813206603,539.9377270159355,529.6446451671933,538.6386108398438,1363426,0.0,0.0
2024-11-22 00:00:00+00:00,537.6393362062787,556.6265990091026,535.6406769638761,544.6346435546875,408082,0.0,0.0
2024-11-25 00:00:00+00:00,557.6259145446668,560.6239033325414,542.635970605294,558.625244140625,294997,0.0,0.0
2024-11-26 00:00:00+00:00,546.6332987800973,556.991340468653,546.6332987800973,548.6319580078125,1288481,0.0,0.0
2024-11-27 00:00:00+00:00,550.6306044826304,563.6178635422048,549.6312748919179,561.6232299804688,142460,0.0,0.0
2024-11-28 00:00:00+00:00,557.6259116176185,564.6212187526065,557.6259116176185,561.6232299804688,47661,0.0,0.0
2024-11-29 00:00:00+00:00,563.6218881827265,567.6192065386324,559.6245698268207,562.62255859375,735710,0.0,0.0
2024-12-02 00:00:00+00:00,568.6185471907905,568.6185471907905,551.6299438476562,551.6299438476562,570351,0.0,0.0
2024-12-03 00:00:00+00:00,551.62994886883,555.627267338894,546.63330078125,546.63330078125,317737,0.0,0.0
2024-12-04 00:00:00+00:00,554.6279286995209,558.6252471045624,544.6346326869169,555.6272583007812,149737,0.0,0.0
2024-12-05 00:00:00+00:00,549.6312886258982,559.6245847827327,544.6346405474809,547.6326293945312,209299,0.0,0.0
2024-12-06 00:00:00+00:00,559.6245889102711,559.6245889102711,543.6353149414062,543.6353149414062,168697,0.0,0.0
2024-12-09 00:00:00+00:00,543.6353305174858,549.6313084276052,525.6473967871278,528.6453857421875,263528,0.0,0.0
2024-12-10 00:00:00+00:00,525.6473967871278,531.6433746972472,524.6480671354414,528.6453857421875,192616,0.0,0.0
2024-12-11 00:00:00+00:00,526.64673698293,529.644725998013,518.652099609375,518.652099609375,234727,0.0,0.0
2024-12-12 00:00:00+00:00,520.650693933549,522.6493530273438,516.6533757459594,522.6493530273438,127668,0.0,0.0
2024-12-13 00:00:00+00:00,517.6527731252271,526.6467402258585,515.6541137695312,515.6541137695312,152014,0.0,0.0
2024-12-16 00:00:00+00:00,516.6534169316292,527.6460428237915,507.6594502925873,511.6567687988281,117282,0.0,0.0
2024-12-17 00:00:00+00:00,504.66143798828125,512.6560746296798,499.66479008740714,504.66143798828125,223548,0.0,0.0
2024-12-18 00:00:00+00:00,501.6634765384704,510.65744324931944,501.6634765384704,507.6594543457031,292136,0.0,0.0
2024-12-19 00:00:00+00:00,501.6634625796748,501.6634625796748,489.1718424955195,491.1705017089844,316131,0.0,0.0
2024-12-20 00:00:00+00:00,490.1711662254142,498.66546778079856,488.172507035912,497.1664733886719,558666,0.0,0.0
2024-12-23 00:00:00+00:00,493.16915992698085,497.6661431481995,488.6721767057622,492.1698303222656,121311,0.0,0.0
2024-12-24 00:00:00+00:00,499.6648003527079,499.6648003527079,485.1745211424794,494.1684875488281,79725,0.0,0.0
2024-12-27 00:00:00+00:00,489.6715048353682,496.666812047302,489.6715048353682,493.6688232421875,166287,0.0,0.0
2024-12-30 00:00:00+00:00,493.1691624232701,504.6614529356665,483.1758663255341,489.6715087890625,224996,0.0,0.0
2024-12-31 00:00:00+00:00,488.6721781868556,494.16849102944803,487.67284857911153,490.67083740234375,147062,0.0,0.0
2025-01-02 00:00:00+00:00,493.6688257258154,494.1684905291816,484.1751944618574,491.1705017089844,319388,0.0,0.0
2025-01-03 00:00:00+00:00,496.6668145460127,496.6668145460127,488.12255860729823,491.1705017089844,4234616,0.0,0.0
2025-01-06 00:00:00+00:00,493.66882225576074,498.16580545444685,488.17250945736663,494.66815185546875,174947,0.0,0.0
2025-01-07 00:00:00+00:00,490.6708527893579,493.16917688706343,475.680908203125,475.680908203125,282936,0.0,0.0
2025-01-08 00:00:00+00:00,475.6808946397569,478.17921866622623,457.193296843884,458.6922912597656,351206,0.0,0.0
2025-01-09 00:00:00+00:00,457.78669872559135,457.78669872559135,439.7950817451096,450.2901916503906,350155,9.4,0.0
2025-01-10 00:00:00+00:00,455.78765309185064,455.78765309185064,433.7978978988227,435.7969665527344,287148,0.0,0.0
2025-01-13 00:00:00+00:00,428.8002047354715,437.2962460880391,427.3009033203125,427.3009033203125,265789,0.0,0.0
2025-01-14 00:00:00+00:00,436.79648832640896,438.7955569228685,429.2999810896857,432.298583984375,600431,0.0,0.0
2025-01-15 00:00:00+00:00,441.29441077249095,460.28556321796617,441.29441077249095,455.78765869140625,611062,0.0,0.0
2025-01-16 00:00:00+00:00,466.78252835105803,468.2818298339844,453.7885821656967,468.2818298339844,458128,0.0,0.0
2025-01-17 00:00:00+00:00,458.2864747241747,478.27716064453125,458.2864747241747,478.27716064453125,333299,0.0,0.0
2025-01-20 00:00:00+00:00,467.28229319751586,477.7774035260162,458.7862515030156,460.2855529785156,248497,0.0,0.0
2025-01-21 00:00:00+00:00,459.7857960483484,461.6999128489273,452.28928850408187,455.78765869140625,237486,0.0,0.0
2025-01-22 00:00:00+00:00,451.78950439453126,458.82022525671874,449.7904357910156,449.7904357910156,185369,0.0,0.0
2025-01-23 00:00:00+00:00,449.79045064594726,451.2897521481004,431.79883262010935,434.29766845703125,642272,0.0,0.0
2025-01-24 00:00:00+00:00,436.79649632859804,439.7950992782223,430.7992904293496,433.2981262207031,283355,0.0,0.0
2025-01-27 00:00:00+00:00,441.79417706514573,442.29394423377147,430.7992993553797,438.2958068847656,274109,0.0,0.0
2025-01-28 00:00:00+00:00,445.2925256086175,445.2925256086175,435.79694986612174,443.29345703125,847444,0.0,0.0
2025-01-29 00:00:00+00:00,445.2925222675452,445.2925222675452,440.29485086162435,444.7927551269531,265008,0.0,0.0
2025-01-30 00:00:00+00:00,444.2930071795428,459.7857892071759,440.29486988208913,458.7862548828125,396722,0.0,0.0
2025-01-31 00:00:00+00:00,457.78672717402156,470.7307090629309,453.78858981878994,469.2813720703125,391796,0.0,0.0
2025-02-03 00:00:00+00:00,458.2864866144756,468.2818298339844,455.287883648623,468.2818298339844,468349,0.0,0.0
2025-02-04 00:00:00+00:00,457.7867026499155,468.2818126451647,457.7867026499155,462.28460693359375,366793,0.0,0.0
2025-02-05 00:00:00+00:00,457.78672717402156,472.2799750867362,457.78672717402156,469.2813720703125,232174,0.0,0.0
2025-02-06 00:00:00+00:00,480.276246315861,481.775547813205,468.281834337109,470.7806701660156,266539,0.0,0.0
2025-02-07 00:00:00+00:00,467.78205693232553,475.27856425495895,460.78531676453434,461.78485107421875,168667,0.0,0.0
2025-02-10 00:00:00+00:00,466.28277011053615,475.7783463507293,461.28509840517137,473.2795104980469,126790,0.0,0.0
2025-02-11 00:00:00+00:00,464.283700376273,474.279043764352,464.283700376273,469.2813720703125,93270,0.0,0.0
2025-02-12 00:00:00+00:00,461.7848364731361,477.7773849224222,461.7848364731361,463.7839050292969,182700,0.0,0.0
2025-02-13 00:00:00+00:00,462.28463063306634,468.78160382034184,461.2850962965624,465.2832336425781,146345,0.0,0.0
2025-02-14 00:00:00+00:00,465.2832118729272,473.2794861908293,456.78717041015625,456.78717041015625,214226,0.0,0.0
2025-02-17 00:00:00+00:00,456.28742134741935,460.2835454425909,453.288818359375,453.288818359375,95074,0.0,0.0
2025-02-18 00:00:00+00:00,453.28880924152554,454.28834355076816,448.2911376953125,448.2911376953125,85111,0.0,0.0
2025-02-19 00:00:00+00:00,447.29161808231777,451.78952262169304,444.2930150560676,446.2920837402344,145648,0.0,0.0
2025-02-20 00:00:00+00:00,446.79182498651517,451.2897292649029,443.29345499221364,448.7908935546875,79998,0.0,0.0
2025-02-21 00:00:00+00:00,449.29067200455506,453.7885763961469,443.79323330372074,448.2911376953125,130078,0.0,0.0
2025-02-24 00:00:00+00:00,444.7927766279741,456.2874214172363,439.2953378157182,439.79510498046875,387317,0.0,0.0
2025-02-25 00:00:00+00:00,446.791833814779,447.7913681186152,438.2957922321714,440.29486083984375,746903,0.0,0.0
2025-02-26 00:00:00+00:00,440.2948528893029,446.29205860402664,436.79648288904735,439.2953186035156,218999,0.0,0.0
2025-02-27 00:00:00+00:00,436.2967371265688,438.2958057961064,429.7997639505718,434.29766845703125,241501,0.0,0.0
2025-02-28 00:00:00+00:00,427.8006908275463,435.7969654224537,427.8006908275463,431.798828125,601805,0.0,0.0
2025-03-03 00:00:00+00:00,427.8006771523483,434.79741719923254,421.8034713978762,424.30230712890625,335654,0.0,0.0
2025-03-04 00:00:00+00:00,429.79974445066324,429.79974445066324,417.30556583291144,420.3041687011719,372890,0.0,0.0
2025-03-05 00:00:00+00:00,427.3009095574817,427.3009095574817,410.80859375,410.80859375,273248,0.0,0.0
2025-03-06 00:00:00+00:00,420.80394823861906,420.80394823861906,405.31116629634215,410.308837890625,430332,0.0,0.0
2025-03-07 00:00:00+00:00,417.30555925065255,424.3022991662324,402.8123122826658,423.3027648925781,418585,0.0,0.0
2025-03-10 00:00:00+00:00,419.80439951722053,431.2990437897158,419.80439951722053,425.8016052246094,214428,0.0,0.0
2025-03-11 00:00:00+00:00,418.80486395234743,435.29717959724894,418.80486395234743,421.803466796875,334394,0.0,0.0
2025-03-12 00:00:00+00:00,431.7988258217866,431.7988258217866,417.8053453553398,423.80255126953125,143745,0.0,0.0
2025-03-13 00:00:00+00:00,422.30324863252184,424.80208442324687,415.8062755766369,419.8044128417969,167462,0.0,0.0
2025-03-14 00:00:00+00:00,420.3041724056178,435.2971868790643,417.80533666004334,432.298583984375,199834,0.0,0.0
2025-03-17 00:00:00+00:00,429.7997383449389,438.29577968431556,429.7997383449389,436.7964782714844,191850,0.0,0.0
2025-03-18 00:00:00+00:00,437.29626008833964,440.79463016904634,433.29812285324624,434.79742431640625,227425,0.0,0.0
2025-03-19 00:00:00+00:00,427.80067964234104,438.2957897737536,427.80067964234104,432.298583984375,210703,0.0,0.0
2025-03-20 00:00:00+00:00,442.79369756074624,442.79369756074624,430.7992858886719,430.7992858886719,432036,0.0,0.0
2025-03-21 00:00:00+00:00,428.80020936478013,433.7978808025981,427.80067507721657,429.79974365234375,905520,0.0,0.0
2025-03-24 00:00:00+00:00,439.7950886612927,439.7950886612927,423.80253998270024,424.30230712890625,230342,0.0,0.0
2025-03-25 00:00:00+00:00,421.80348488136576,433.29812961154516,421.80348488136576,431.798828125,757949,0.0,0.0
2025-03-26 00:00:00+00:00,440.29486301465965,440.29486301465965,431.29905423569954,434.79742431640625,314786,0.0,0.0
2025-03-27 00:00:00+00:00,432.7983486144085,436.2967186378506,424.30230712890625,424.30230712890625,1341409,0.0,0.0
2025-03-28 00:00:00+00:00,425.30184600615667,434.29765473484156,425.30184600615667,426.8011474609375,187620,0.0,0.0
2025-03-31 00:00:00+01:00,424.30230797457403,425.8016094161803,414.8067321777344,414.8067321777344,388871,0.0,0.0
2025-04-01 00:00:00+01:00,411.8081405142679,420.3041822481788,411.3083733534496,414.3069763183594,633884,0.0,0.0
2025-04-02 00:00:00+01:00,421.80346414317256,421.80346414317256,406.3106828772504,413.80718994140625,1209596,0.0,0.0
2025-04-03 00:00:00+01:00,418.8048709582731,434.29765258083455,411.3083637215499,432.298583984375,773723,0.0,0.0
2025-04-04 00:00:00+01:00,439.2953379633352,439.2953379633352,407.8100065734716,412.80767822265625,1338057,0.0,0.0
2025-04-07 00:00:00+01:00,399.813725096401,406.81046528558807,382.3218746234335,388.81884765625,421830,0.0,0.0
2025-04-08 00:00:00+01:00,385.320488545432,407.81001122318094,383.8211870335821,401.81280517578125,512855,0.0,0.0
2025-04-09 00:00:00+01:00,392.31721532626415,394.8160510926735,379.32326934093567,380.82257080078125,795973,0.0,0.0
2025-04-10 00:00:00+01:00,409.30928707847113,415.30649274995056,393.8165057604826,394.8160400390625,485625,0.0,0.0
2025-04-11 00:00:00+01:00,397.3148849487305,402.81232360839846,390.29816513160245,399.813720703125,772944,0.0,0.0
2025-04-14 00:00:00+01:00,402.81231544820054,421.803466796875,400.3134797444276,421.803466796875,337610,0.0,0.0
2025-04-15 00:00:00+01:00,419.3046479626237,430.7992926624334,419.3046479626237,427.8006896972656,546373,0.0,0.0
2025-04-16 00:00:00+01:00,425.30185727189877,428.30046026088985,422.30325428290774,426.3013916015625,307343,0.0,0.0
2025-04-17 00:00:00+01:00,427.30092253640436,430.2995255015721,419.3046479626237,427.8006896972656,316323,0.0,0.0
2025-04-22 00:00:00+01:00,429.7997616854581,443.793242298473,424.30232287320223,439.79510498046875,1285548,0.0,0.0
2025-04-23 00:00:00+01:00,448.79090931919643,448.79090931919643,435.7969631696428,437.2962646484375,177564,0.0,0.0
2025-04-24 00:00:00+01:00,437.7960329144915,438.7955672362141,425.3018538929592,427.8006896972656,301735,0.0,0.0
2025-04-25 00:00:00+01:00,428.80022515190973,435.297198260272,428.300457989728,431.798828125,816406,0.0,0.0
2025-04-28 00:00:00+01:00,431.29903975777006,438.795546821926,431.29903975777006,436.7964782714844,295013,0.0,0.0
2025-04-29 00:00:00+01:00,434.7974377648305,447.2916170109463,434.7974377648305,442.2939453125,404342,0.0,0.0
2025-04-30 00:00:00+01:00,443.2934649610144,448.29113649383305,438.29579342819574,444.2929992675781,220374,0.0,0.0
2025-05-01 00:00:00+01:00,445.2925281207823,451.28973388671875,443.7932266792982,451.28973388671875,177460,0.0,0.0
2025-05-02 00:00:00+01:00,453.28879783307525,454.7880992592045,447.79135927060133,448.7908935546875,114878,0.0,0.0
2025-05-06 00:00:00+01:00,458.78623300228475,458.78623300228475,443.163507377028,450.2901916503906,187667,0.0,0.0
2025-05-07 00:00:00+01:00,439.7951071602958,451.28975200653076,439.7951071602958,447.7913818359375,339695,0.0,0.0
2025-05-08 00:00:00+01:00,453.78856706242954,453.78856706242954,442.2939227425662,443.29345703125,263924,0.0,0.0
2025-05-09 00:00:00+01:00,447.79137171961327,453.288810434921,441.2943986924314,452.2892761230469,131064,0.0,0.0
2025-05-12 00:00:00+01:00,455.28788934435164,456.7871908460345,444.1830775301704,447.7913818359375,351068,0.0,0.0
2025-05-13 00:00:00+01:00,440.29485086162435,451.7894950952423,440.29485086162435,444.7927551269531,204305,0.0,0.0
2025-05-14 00:00:00+01:00,440.2948554182852,449.2906640420413,440.2948554182852,447.2915954589844,145112,0.0,0.0
2025-05-15 00:00:00+01:00,456.2874099798664,456.2874099798664,445.292532630954,453.78857421875,175546,0.0,0.0
2025-05-16 00:00:00+01:00,435.29720405129825,435.29720405129825,397.22994734242775,424.8020935058594,2668259,0.0,0.0
2025-05-19 00:00:00+01:00,418.80487852550687,426.3013858976818,409.80906967889695,419.8044128417969,817693,0.0,0.0
2025-05-20 00:00:00+01:00,423.30278294881185,423.30278294881185,412.8076726277669,419.8044128417969,371309,0.0,0.0
2025-05-21 00:00:00+01:00,409.80906280405793,421.80347439832303,400.31348695859805,409.3092956542969,650707,0.0,0.0
2025-05-22 00:00:00+01:00,403.81186594117537,418.8048807657239,402.8123316195388,414.3069763183594,540166,0.0,0.0
2025-05-23 00:00:00+01:00,408.3097715024595,418.8048819082755,399.8137297453704,404.8114013671875,481329,0.0,0.0
2025-05-27 00:00:00+01:00,409.8090695689672,415.3065083070875,404.81139798885783,406.3106994628906,469047,0.0,0.0
2025-05-28 00:00:00+01:00,405.81091900449815,412.8076589873343,405.31115186286695,412.3078918457031,714915,0.0,0.0
2025-05-29 00:00:00+01:00,420.3041799999419,422.30324863252184,402.812329464867,419.8044128417969,1879998,0.0,0.0
2025-05-30 00:00:00+01:00,419.8044196478754,421.3037211466178,409.809076322926,416.8058166503906,771294,0.0,0.0
2025-06-02 00:00:00+01:00,411.80813262828747,423.3027771069897,409.30929687204787,413.30743408203125,246342,0.0,0.0
2025-06-03 00:00:00+01:00,415.80625849184787,419.3046284551206,410.8085871157439,413.80718994140625,159599,0.0,0.0
2025-06-04 00:00:00+01:00,411.30836300550055,417.3055687844386,405.3111572265625,405.3111572265625,513318,0.0,0.0
2025-06-05 00:00:00+01:00,404.8113841580269,411.8081241311286,395.18485753200156,398.8141784667969,609078,0.0,0.0
2025-06-06 00:00:00+01:00,396.3153551563713,402.81232819172163,393.8165193735442,402.31256103515625,562831,0.0,0.0
2025-06-09 00:00:00+01:00,394.8160548286391,408.3097680949344,394.8160548286391,406.3106994628906,596980,0.0,0.0
2025-06-10 00:00:00+01:00,397.8146491728633,414.8067321777344,397.8146491728633,414.8067321777344,204183,0.0,0.0
2025-06-11 00:00:00+01:00,415.80628464839003,415.80628464839003,408.3097771126619,411.3083801269531,249089,0.0,0.0
2025-06-12 00:00:00+01:00,416.8057947987588,416.8057947987588,401.8127805973646,408.30975341796875,306594,0.0,0.0
2025-06-13 00:00:00+01:00,399.3139670155531,411.80814620878067,399.3139670155531,407.31024169921875,250518,0.0,0.0
2025-06-16 00:00:00+01:00,415.8062778008142,415.8062778008142,403.81186594117537,414.3069763183594,372594,0.0,0.0
2025-06-17 00:00:00+01:00,405.31115186286695,414.30696041222774,405.31115186286695,412.3078918457031,217657,0.0,0.0
2025-06-18 00:00:00+01:00,404.31162447737745,422.8030090332031,404.31162447737745,422.8030090332031,223702,0.0,0.0
2025-06-19 00:00:00+01:00,415.80628446691173,425.30186067468975,414.9017071114634,424.8020935058594,2883550,0.0,0.0
2025-06-20 00:00:00+01:00,415.8062591374269,429.2999718738578,415.8062591374269,427.3009033203125,946689,0.0,0.0
2025-06-23 00:00:00+01:00,433.79789677372685,433.79789677372685,414.80674461082174,418.30511474609375,286179,0.0,0.0
2025-06-24 00:00:00+01:00,425.3018481705961,428.80021824955514,421.3037109375,421.3037109375,1633117,0.0,0.0
2025-06-25 00:00:00+01:00,418.3051204936328,423.80255935316677,409.8090786198075,411.3083801269531,829089,0.0,0.0
2025-06-26 00:00:00+01:00,411.3083744755498,419.8044162326389,407.81000434027777,418.30511474609375,1847488,0.0,0.0
2025-06-27 00:00:00+01:00,415.80627340995886,430.2995209206425,415.80627340995886,425.3018493652344,741911,0.0,0.0
2025-06-30 00:00:00+01:00,428.8002101612431,432.2985801742136,420.3041687011719,420.3041687011719,655012,0.0,0.0
2025-07-01 00:00:00+01:00,419.8044184587485,426.3013916015625,418.29712508210054,426.3013916015625,435195,0.0,0.0
2025-07-02 00:00:00+01:00,416.8058063282686,431.2990537905225,407.3102304047229,407.80999755859375,871878,0.0,0.0
2025-07-03 00:00:00+01:00,394.5,401.5,390.0,391.5,2487389,19.0,0.0
2025-07-04 00:00:00+01:00,389.0,395.0,389.0,394.0,2313955,0.0,0.0
