Date,Open,High,Low,Close,Volume,Dividends,Stock Splits
2020-07-06 00:00:00+01:00,1.0499999523162842,1.090000033378601,0.8999999761581421,1.0,983480,0.0,0.0
2020-07-07 00:00:00+01:00,1.0,1.0800000429153442,0.7599999904632568,0.7799999713897705,4216348,0.0,0.0
2020-07-08 00:00:00+01:00,0.7799999713897705,1.100000023841858,0.8299999833106995,1.0,6398332,0.0,0.0
2020-07-09 00:00:00+01:00,1.0,1.2999999523162842,0.9399999976158142,1.149999976158142,7781885,0.0,0.0
2020-07-10 00:00:00+01:00,1.350000023841858,2.430000066757202,1.5199999809265137,2.1500000953674316,21592131,0.0,0.0
2020-07-13 00:00:00+01:00,2.25,3.0,1.7999999523162842,1.850000023841858,23183772,0.0,0.0
2020-07-14 00:00:00+01:00,1.850000023841858,2.4200000762939453,1.5099999904632568,2.299999952316284,45671264,0.0,0.0
2020-07-15 00:00:00+01:00,2.299999952316284,2.9000000953674316,2.1600000858306885,2.4000000953674316,31654941,0.0,0.0
2020-07-16 00:00:00+01:00,2.299999952316284,2.4000000953674316,1.850000023841858,2.049999952316284,11906813,0.0,0.0
2020-07-17 00:00:00+01:00,2.25,2.4200000762939453,2.0,2.200000047683716,16202668,0.0,0.0
2020-07-20 00:00:00+01:00,2.200000047683716,2.2200000286102295,1.8200000524520874,1.899999976158142,6395029,0.0,0.0
2020-07-21 00:00:00+01:00,1.899999976158142,1.9600000381469727,1.7999999523162842,1.850000023841858,2780521,0.0,0.0
2020-07-22 00:00:00+01:00,1.850000023841858,2.0,1.5499999523162842,1.850000023841858,7386051,0.0,0.0
2020-07-23 00:00:00+01:00,1.850000023841858,1.940000057220459,1.7699999809265137,1.850000023841858,3396653,0.0,0.0
2020-07-24 00:00:00+01:00,1.850000023841858,2.5,1.7999999523162842,2.1500000953674316,8966431,0.0,0.0
2020-07-27 00:00:00+01:00,2.1500000953674316,2.200000047683716,1.850000023841858,2.0999999046325684,4767039,0.0,0.0
2020-07-28 00:00:00+01:00,2.0999999046325684,2.1500000953674316,1.850000023841858,2.0,2107614,0.0,0.0
2020-07-29 00:00:00+01:00,2.0,2.200000047683716,1.8899999856948853,2.0999999046325684,3101660,0.0,0.0
2020-07-30 00:00:00+01:00,2.0999999046325684,2.0,1.8300000429153442,1.899999976158142,1083641,0.0,0.0
2020-07-31 00:00:00+01:00,1.899999976158142,1.9299999475479126,1.7599999904632568,1.850000023841858,1187128,0.0,0.0
2020-08-03 00:00:00+01:00,1.850000023841858,2.0,1.600000023841858,1.850000023841858,3252680,0.0,0.0
2020-08-04 00:00:00+01:00,1.899999976158142,2.1700000762939453,1.7999999523162842,1.899999976158142,10873980,0.0,0.0
2020-08-05 00:00:00+01:00,1.899999976158142,1.9700000286102295,1.7000000476837158,1.7999999523162842,2786475,0.0,0.0
2020-08-06 00:00:00+01:00,1.7999999523162842,2.069999933242798,1.7400000095367432,1.7999999523162842,7995208,0.0,0.0
2020-08-07 00:00:00+01:00,1.7999999523162842,2.2200000286102295,1.850000023841858,2.1500000953674316,11439361,0.0,0.0
2020-08-10 00:00:00+01:00,2.1500000953674316,2.2200000286102295,1.899999976158142,2.049999952316284,4360056,0.0,0.0
2020-08-11 00:00:00+01:00,2.049999952316284,2.0199999809265137,1.809999942779541,1.899999976158142,913930,0.0,0.0
2020-08-12 00:00:00+01:00,1.899999976158142,2.180000066757202,1.8200000524520874,1.9500000476837158,3014668,0.0,0.0
2020-08-13 00:00:00+01:00,1.9500000476837158,2.0299999713897705,1.8200000524520874,1.9500000476837158,1551659,0.0,0.0
2020-08-14 00:00:00+01:00,1.9500000476837158,2.0,1.7400000095367432,1.850000023841858,1564453,0.0,0.0
2020-08-17 00:00:00+01:00,1.850000023841858,2.200000047683716,1.7699999809265137,2.0,5368766,0.0,0.0
2020-08-18 00:00:00+01:00,2.0,2.059999942779541,1.7000000476837158,2.0,10174727,0.0,0.0
2020-08-19 00:00:00+01:00,2.0,2.0999999046325684,1.7799999713897705,1.9500000476837158,6137630,0.0,0.0
2020-08-20 00:00:00+01:00,1.9500000476837158,2.180000066757202,1.7000000476837158,1.9500000476837158,8294290,0.0,0.0
2020-08-21 00:00:00+01:00,2.0,2.0999999046325684,1.8300000429153442,1.899999976158142,3480847,0.0,0.0
2020-08-24 00:00:00+01:00,1.899999976158142,2.200000047683716,1.8300000429153442,2.049999952316284,2628670,0.0,0.0
2020-08-25 00:00:00+01:00,2.049999952316284,1.9600000381469727,1.7000000476837158,1.850000023841858,3967278,0.0,0.0
2020-08-26 00:00:00+01:00,1.850000023841858,1.9700000286102295,1.6799999475479126,1.7999999523162842,2464306,0.0,0.0
2020-08-27 00:00:00+01:00,1.7999999523162842,1.8899999856948853,1.7000000476837158,1.850000023841858,1612347,0.0,0.0
2020-08-28 00:00:00+01:00,1.850000023841858,1.8600000143051147,1.7100000381469727,1.850000023841858,1231041,0.0,0.0
2020-09-01 00:00:00+01:00,1.850000023841858,2.0,1.7300000190734863,1.7999999523162842,568494,0.0,0.0
2020-09-02 00:00:00+01:00,1.7999999523162842,1.8700000047683716,1.659999966621399,1.75,1075076,0.0,0.0
2020-09-03 00:00:00+01:00,1.75,1.899999976158142,1.7000000476837158,1.7999999523162842,833537,0.0,0.0
2020-09-04 00:00:00+01:00,1.7999999523162842,1.7999999523162842,1.6200000047683716,1.7000000476837158,1696257,0.0,0.0
2020-09-07 00:00:00+01:00,1.75,1.7400000095367432,1.600000023841858,1.649999976158142,2127993,0.0,0.0
2020-09-08 00:00:00+01:00,1.649999976158142,1.7000000476837158,1.440000057220459,1.5499999523162842,3362271,0.0,0.0
2020-09-09 00:00:00+01:00,1.5499999523162842,1.7000000476837158,1.440000057220459,1.600000023841858,1072837,0.0,0.0
2020-09-10 00:00:00+01:00,1.600000023841858,2.0199999809265137,1.5399999618530273,1.850000023841858,7184636,0.0,0.0
2020-09-11 00:00:00+01:00,1.850000023841858,1.9600000381469727,1.7000000476837158,1.75,2567763,0.0,0.0
2020-09-14 00:00:00+01:00,1.75,1.7699999809265137,1.3700000047683716,1.600000023841858,2170983,0.0,0.0
2020-09-15 00:00:00+01:00,1.600000023841858,1.840000033378601,1.559999942779541,1.7000000476837158,2212742,0.0,0.0
2020-09-16 00:00:00+01:00,1.7000000476837158,1.9500000476837158,1.7999999523162842,1.850000023841858,609217,0.0,0.0
2020-09-17 00:00:00+01:00,1.850000023841858,2.200000047683716,1.7999999523162842,2.049999952316284,6512110,0.0,0.0
2020-09-18 00:00:00+01:00,2.049999952316284,2.119999885559082,1.9600000381469727,2.049999952316284,1898677,0.0,0.0
2020-09-21 00:00:00+01:00,2.049999952316284,1.9800000190734863,1.5800000429153442,1.850000023841858,3720048,0.0,0.0
2020-09-22 00:00:00+01:00,1.850000023841858,2.140000104904175,1.7000000476837158,2.049999952316284,6513557,0.0,0.0
2020-09-23 00:00:00+01:00,2.049999952316284,1.899999976158142,1.7000000476837158,1.75,704648,0.0,0.0
2020-09-24 00:00:00+01:00,1.75,1.7799999713897705,1.600000023841858,1.7000000476837158,1518654,0.0,0.0
2020-09-25 00:00:00+01:00,1.7000000476837158,1.7200000286102295,1.600000023841858,1.7000000476837158,712524,0.0,0.0
2020-09-28 00:00:00+01:00,1.7000000476837158,1.7699999809265137,1.6100000143051147,1.7000000476837158,1055526,0.0,0.0
2020-09-29 00:00:00+01:00,1.7000000476837158,1.7699999809265137,1.600000023841858,1.649999976158142,1833726,0.0,0.0
2020-09-30 00:00:00+01:00,1.4500000476837158,1.600000023841858,1.25,1.5,4371083,0.0,0.0
2020-10-01 00:00:00+01:00,1.5,1.5,1.399999976158142,1.4500000476837158,1342761,0.0,0.0
2020-10-02 00:00:00+01:00,1.4500000476837158,1.4700000286102295,1.4700000286102295,1.4500000476837158,146054,0.0,0.0
2020-10-05 00:00:00+01:00,1.4500000476837158,1.4199999570846558,1.340000033378601,1.350000023841858,1591199,0.0,0.0
2020-10-06 00:00:00+01:00,1.350000023841858,1.5800000429153442,1.3200000524520874,1.5,1613531,0.0,0.0
2020-10-07 00:00:00+01:00,1.5,1.7400000095367432,1.4700000286102295,1.600000023841858,2879143,0.0,0.0
2020-10-08 00:00:00+01:00,1.600000023841858,1.5299999713897705,1.409999966621399,1.600000023841858,596968,0.0,0.0
2020-10-09 00:00:00+01:00,1.600000023841858,1.5199999809265137,1.5199999809265137,1.5499999523162842,148493,0.0,0.0
2020-10-12 00:00:00+01:00,1.5499999523162842,1.5,1.3799999952316284,1.4500000476837158,1684354,0.0,0.0
2020-10-13 00:00:00+01:00,1.4500000476837158,1.5299999713897705,1.3600000143051147,1.4500000476837158,1149098,0.0,0.0
2020-10-14 00:00:00+01:00,1.4500000476837158,1.5099999904632568,1.3600000143051147,1.4500000476837158,782762,0.0,0.0
2020-10-15 00:00:00+01:00,1.4500000476837158,1.5099999904632568,1.3799999952316284,1.4500000476837158,493913,0.0,0.0
2020-10-16 00:00:00+01:00,1.4500000476837158,1.4700000286102295,1.3200000524520874,1.4500000476837158,981210,0.0,0.0
2020-10-19 00:00:00+01:00,1.4500000476837158,1.5,1.2999999523162842,1.399999976158142,5110099,0.0,0.0
2020-10-20 00:00:00+01:00,1.399999976158142,1.8799999952316284,1.340000033378601,1.600000023841858,10557929,0.0,0.0
2020-10-21 00:00:00+01:00,1.600000023841858,1.659999966621399,1.5199999809265137,1.600000023841858,1901830,0.0,0.0
2020-10-22 00:00:00+01:00,1.600000023841858,1.6200000047683716,1.4199999570846558,1.5499999523162842,987417,0.0,0.0
2020-10-23 00:00:00+01:00,1.5499999523162842,1.4199999570846558,1.399999976158142,1.5,409247,0.0,0.0
2020-10-26 00:00:00+00:00,1.5,1.5199999809265137,1.3200000524520874,1.4199999570846558,1364667,0.0,0.0
2020-10-27 00:00:00+00:00,1.399999976158142,1.3899999856948853,1.2300000190734863,1.350000023841858,2358815,0.0,0.0
2020-10-28 00:00:00+00:00,1.350000023841858,1.399999976158142,1.309999942779541,1.350000023841858,1392707,0.0,0.0
2020-10-29 00:00:00+00:00,1.399999976158142,1.3600000143051147,1.2599999904632568,1.350000023841858,825962,0.0,0.0
2020-10-30 00:00:00+00:00,1.350000023841858,1.399999976158142,1.2999999523162842,1.350000023841858,834294,0.0,0.0
2020-11-02 00:00:00+00:00,1.350000023841858,1.340000033378601,1.2400000095367432,1.2999999523162842,37066,0.0,0.0
2020-11-03 00:00:00+00:00,1.2999999523162842,1.399999976158142,1.2000000476837158,1.2999999523162842,275194,0.0,0.0
2020-11-04 00:00:00+00:00,1.2999999523162842,1.2000000476837158,1.2000000476837158,1.2999999523162842,150000,0.0,0.0
2020-11-05 00:00:00+00:00,1.2999999523162842,1.350000023841858,1.2699999809265137,1.350000023841858,1668273,0.0,0.0
2020-11-06 00:00:00+00:00,1.350000023841858,1.6699999570846558,1.2999999523162842,1.5,5623548,0.0,0.0
2020-11-09 00:00:00+00:00,1.5,1.5499999523162842,1.350000023841858,1.4500000476837158,2040943,0.0,0.0
2020-11-10 00:00:00+00:00,1.4500000476837158,1.4800000190734863,1.2999999523162842,1.350000023841858,1831699,0.0,0.0
2020-11-11 00:00:00+00:00,1.350000023841858,1.399999976158142,1.2300000190734863,1.2999999523162842,408631,0.0,0.0
2020-11-12 00:00:00+00:00,1.2999999523162842,1.399999976158142,1.2000000476837158,1.2999999523162842,884209,0.0,0.0
2020-11-13 00:00:00+00:00,1.2999999523162842,1.3700000047683716,1.2200000286102295,1.2999999523162842,328685,0.0,0.0
2020-11-16 00:00:00+00:00,1.2999999523162842,1.3700000047683716,1.2200000286102295,1.25,9377228,0.0,0.0
2020-11-17 00:00:00+00:00,1.25,1.5299999713897705,1.2999999523162842,1.3700000047683716,5956237,0.0,0.0
2020-11-18 00:00:00+00:00,1.350000023841858,1.399999976158142,1.309999942779541,1.350000023841858,4605240,0.0,0.0
2020-11-19 00:00:00+00:00,1.4500000476837158,1.4600000381469727,1.350000023841858,1.350000023841858,1533810,0.0,0.0
2020-11-20 00:00:00+00:00,1.350000023841858,1.399999976158142,1.2999999523162842,1.350000023841858,912534,0.0,0.0
2020-11-23 00:00:00+00:00,1.350000023841858,1.340000033378601,1.2999999523162842,1.350000023841858,1344963,0.0,0.0
2020-11-24 00:00:00+00:00,1.399999976158142,1.4299999475479126,1.2999999523162842,1.4199999570846558,4140169,0.0,0.0
2020-11-25 00:00:00+00:00,1.399999976158142,1.4199999570846558,0.8999999761581421,1.100000023841858,20754003,0.0,0.0
2020-11-26 00:00:00+00:00,1.100000023841858,1.159999966621399,0.9700000286102295,1.0499999523162842,1301754,0.0,0.0
2020-11-27 00:00:00+00:00,1.0499999523162842,1.0199999809265137,0.8299999833106995,0.8999999761581421,10300802,0.0,0.0
2020-11-30 00:00:00+00:00,0.8999999761581421,1.0,0.8600000143051147,0.8999999761581421,181921,0.0,0.0
2020-12-01 00:00:00+00:00,0.8999999761581421,1.0,0.8700000047683716,0.8999999761581421,856101,0.0,0.0
2020-12-02 00:00:00+00:00,0.8999999761581421,1.0,0.8700000047683716,0.8999999761581421,4483744,0.0,0.0
2020-12-03 00:00:00+00:00,0.8999999761581421,1.0499999523162842,0.8700000047683716,1.0,4193583,0.0,0.0
2020-12-04 00:00:00+00:00,1.0,1.0499999523162842,0.9100000262260437,1.0,1466311,0.0,0.0
2020-12-07 00:00:00+00:00,1.0,0.9100000262260437,0.8999999761581421,1.0,646235,0.0,0.0
2020-12-08 00:00:00+00:00,1.0,1.0499999523162842,0.8500000238418579,0.8999999761581421,372868,0.0,0.0
2020-12-09 00:00:00+00:00,0.8999999761581421,0.9900000095367432,0.800000011920929,0.8999999761581421,611669,0.0,0.0
2020-12-10 00:00:00+00:00,1.0,1.090000033378601,0.800000011920929,0.8500000238418579,4654407,0.0,0.0
2020-12-11 00:00:00+00:00,0.8500000238418579,0.8999999761581421,0.800000011920929,0.800000011920929,566173,0.0,0.0
2020-12-14 00:00:00+00:00,0.800000011920929,0.800000011920929,0.699999988079071,0.7599999904632568,2618289,0.0,0.0
2020-12-15 00:00:00+00:00,0.75,0.800000011920929,0.7099999785423279,0.75,90418,0.0,0.0
2020-12-16 00:00:00+00:00,0.75,0.7900000214576721,0.7099999785423279,0.75,1154467,0.0,0.0
2020-12-17 00:00:00+00:00,0.75,0.800000011920929,0.7099999785423279,0.75,2013958,0.0,0.0
2020-12-18 00:00:00+00:00,0.75,0.7799999713897705,0.6499999761581421,0.75,873890,0.0,0.0
2020-12-21 00:00:00+00:00,0.75,0.7799999713897705,0.6000000238418579,0.699999988079071,1711092,0.0,0.0
2020-12-22 00:00:00+00:00,0.699999988079071,0.800000011920929,0.6000000238418579,0.699999988079071,1492492,0.0,0.0
2020-12-23 00:00:00+00:00,0.699999988079071,0.7599999904632568,0.6000000238418579,0.699999988079071,635550,0.0,0.0
2020-12-24 00:00:00+00:00,0.699999988079071,0.800000011920929,0.6499999761581421,0.699999988079071,309145,0.0,0.0
2020-12-29 00:00:00+00:00,0.699999988079071,0.800000011920929,0.6000000238418579,0.699999988079071,996528,0.0,0.0
2020-12-30 00:00:00+00:00,0.699999988079071,0.7879999876022339,0.5899999737739563,0.7400000095367432,6877188,0.0,0.1
2020-12-31 00:00:00+00:00,0.7450000047683716,0.7860000133514404,0.699999988079071,0.7450000047683716,1612361,0.0,0.0
2021-01-04 00:00:00+00:00,0.7450000047683716,0.7789999842643738,0.6700000166893005,0.699999988079071,1177153,0.0,0.0
2021-01-05 00:00:00+00:00,0.699999988079071,0.7480000257492065,0.6200000047683716,0.7200000286102295,3002735,0.0,0.0
2021-01-06 00:00:00+00:00,0.7200000286102295,0.7829999923706055,0.6549999713897705,0.7450000047683716,1736374,0.0,0.0
2021-01-07 00:00:00+00:00,0.7450000047683716,0.7829999923706055,0.699999988079071,0.7450000047683716,2945991,0.0,0.0
2021-01-08 00:00:00+00:00,0.7450000047683716,0.7900000214576721,0.6650000214576721,0.7450000047683716,7571473,0.0,0.0
2021-01-11 00:00:00+00:00,0.7450000047683716,0.7900000214576721,0.7139999866485596,0.7450000047683716,3062675,0.0,0.0
2021-01-12 00:00:00+00:00,0.7450000047683716,1.0219999551773071,0.7360000014305115,1.0,8459901,0.0,0.0
2021-01-13 00:00:00+00:00,1.0,1.2000000476837158,1.0,1.0750000476837158,4521478,0.0,0.0
2021-01-14 00:00:00+00:00,1.0750000476837158,1.1180000305175781,0.9200000166893005,1.024999976158142,2923489,0.0,0.0
2021-01-15 00:00:00+00:00,1.024999976158142,1.0499999523162842,0.9049999713897705,1.024999976158142,1912981,0.0,0.0
2021-01-18 00:00:00+00:00,1.024999976158142,1.0399999618530273,0.949999988079071,1.024999976158142,256899,0.0,0.0
2021-01-19 00:00:00+00:00,1.024999976158142,1.100000023841858,0.949999988079071,1.024999976158142,321354,0.0,0.0
2021-01-20 00:00:00+00:00,1.024999976158142,1.0399999618530273,0.9700000286102295,1.024999976158142,274798,0.0,0.0
2021-01-21 00:00:00+00:00,1.024999976158142,1.0399999618530273,0.949999988079071,1.024999976158142,1179972,0.0,0.0
2021-01-22 00:00:00+00:00,1.024999976158142,1.0959999561309814,0.9100000262260437,1.024999976158142,1411621,0.0,0.0
2021-01-25 00:00:00+00:00,1.024999976158142,1.065999984741211,0.8999999761581421,1.024999976158142,263827,0.0,0.0
2021-01-26 00:00:00+00:00,1.024999976158142,1.100000023841858,0.949999988079071,1.0499999523162842,1765130,0.0,0.0
2021-01-27 00:00:00+00:00,1.0499999523162842,1.2799999713897705,1.0,1.2000000476837158,4083912,0.0,0.0
2021-01-28 00:00:00+00:00,1.2000000476837158,1.2769999504089355,1.100000023841858,1.149999976158142,1848350,0.0,0.0
2021-01-29 00:00:00+00:00,1.149999976158142,1.1549999713897705,1.059999942779541,1.149999976158142,1569248,0.0,0.0
2021-02-01 00:00:00+00:00,1.149999976158142,1.2000000476837158,1.0420000553131104,1.149999976158142,3908354,0.0,0.0
2021-02-02 00:00:00+00:00,1.149999976158142,1.1979999542236328,1.1030000448226929,1.149999976158142,763011,0.0,0.0
2021-02-03 00:00:00+00:00,1.149999976158142,1.2000000476837158,1.1160000562667847,1.149999976158142,2223141,0.0,0.0
2021-02-04 00:00:00+00:00,1.149999976158142,1.399999976158142,1.100000023841858,1.3250000476837158,4996202,0.0,0.0
2021-02-05 00:00:00+00:00,1.3250000476837158,1.399999976158142,1.253999948501587,1.2999999523162842,765320,0.0,0.0
2021-02-08 00:00:00+00:00,1.3250000476837158,1.399999976158142,1.2000000476837158,1.2999999523162842,1891619,0.0,0.0
2021-02-09 00:00:00+00:00,1.274999976158142,1.2999999523162842,1.2000000476837158,1.225000023841858,1655803,0.0,0.0
2021-02-10 00:00:00+00:00,1.225000023841858,1.2489999532699585,1.159999966621399,1.225000023841858,262323,0.0,0.0
2021-02-11 00:00:00+00:00,1.225000023841858,1.25,1.149999976158142,1.2000000476837158,257843,0.0,0.0
2021-02-12 00:00:00+00:00,1.2000000476837158,1.4459999799728394,1.156000018119812,1.3660000562667847,3424651,0.0,0.0
2021-02-15 00:00:00+00:00,1.375,1.4459999799728394,1.3079999685287476,1.4359999895095825,1027926,0.0,0.0
2021-02-16 00:00:00+00:00,1.375,1.4500000476837158,1.312000036239624,1.4500000476837158,481458,0.0,0.0
2021-02-17 00:00:00+00:00,1.375,1.4500000476837158,1.25,1.3250000476837158,3125841,0.0,0.0
2021-02-18 00:00:00+00:00,1.3250000476837158,1.5499999523162842,1.2999999523162842,1.5,2264057,0.0,0.0
2021-02-19 00:00:00+00:00,1.4249999523162842,2.4000000953674316,1.399999976158142,1.909999966621399,39110080,0.0,0.0
2021-02-22 00:00:00+00:00,1.909999966621399,1.9769999980926514,1.600000023841858,1.8179999589920044,5851845,0.0,0.0
2021-02-23 00:00:00+00:00,1.649999976158142,1.7000000476837158,1.5,1.600000023841858,3627012,0.0,0.0
2021-02-24 00:00:00+00:00,1.600000023841858,1.6109999418258667,1.399999976158142,1.5199999809265137,3878860,0.0,0.0
2021-02-25 00:00:00+00:00,1.5,1.7999999523162842,1.399999976158142,1.7000000476837158,3324857,0.0,0.0
2021-02-26 00:00:00+00:00,1.7000000476837158,1.7000000476837158,1.600000023841858,1.649999976158142,3368990,0.0,0.0
2021-03-01 00:00:00+00:00,1.649999976158142,1.7000000476837158,1.5,1.649999976158142,1160727,0.0,0.0
2021-03-02 00:00:00+00:00,1.649999976158142,1.7000000476837158,1.600000023841858,1.649999976158142,13101613,0.0,0.0
2021-03-03 00:00:00+00:00,1.649999976158142,1.6679999828338623,1.600000023841858,1.649999976158142,255338,0.0,0.0
2021-03-04 00:00:00+00:00,1.649999976158142,1.6679999828338623,1.600000023841858,1.649999976158142,1545319,0.0,0.0
2021-03-05 00:00:00+00:00,1.649999976158142,1.75,1.6030000448226929,1.649999976158142,2719054,0.0,0.0
2021-03-08 00:00:00+00:00,1.649999976158142,1.850000023841858,1.600000023841858,1.75,1176107,0.0,0.0
2021-03-09 00:00:00+00:00,1.75,1.850000023841858,1.7000000476837158,1.774999976158142,456211,0.0,0.0
2021-03-10 00:00:00+00:00,1.774999976158142,1.840999960899353,1.6720000505447388,1.75,1136953,0.0,0.0
2021-03-11 00:00:00+00:00,1.75,1.7619999647140503,1.7000000476837158,1.75,900580,0.0,0.0
2021-03-12 00:00:00+00:00,1.75,1.7549999952316284,1.7000000476837158,1.75,43516,0.0,0.0
2021-03-15 00:00:00+00:00,1.75,1.850000023841858,1.7000000476837158,1.774999976158142,1130235,0.0,0.0
2021-03-16 00:00:00+00:00,1.774999976158142,1.7999999523162842,1.6100000143051147,1.725000023841858,279703,0.0,0.0
2021-03-17 00:00:00+00:00,1.725000023841858,1.7999999523162842,1.7000000476837158,1.75,942388,0.0,0.0
2021-03-18 00:00:00+00:00,1.75,1.7330000400543213,1.600000023841858,1.6749999523162842,1037023,0.0,0.0
2021-03-19 00:00:00+00:00,1.6749999523162842,1.722000002861023,1.5,1.5499999523162842,1730032,0.0,0.0
2021-03-22 00:00:00+00:00,1.5499999523162842,1.5880000591278076,1.4500000476837158,1.5499999523162842,1141133,0.0,0.0
2021-03-23 00:00:00+00:00,1.5499999523162842,1.600000023841858,1.4500000476837158,1.524999976158142,27942,0.0,0.0
2021-03-24 00:00:00+00:00,1.524999976158142,1.600000023841858,1.350000023841858,1.4500000476837158,351897,0.0,0.0
2021-03-25 00:00:00+00:00,1.4500000476837158,1.399999976158142,1.2999999523162842,1.399999976158142,24393,0.0,0.0
2021-03-26 00:00:00+00:00,1.399999976158142,1.399999976158142,1.2999999523162842,1.350000023841858,1796886,0.0,0.0
2021-03-29 00:00:00+01:00,1.350000023841858,1.350000023841858,1.350000023841858,1.350000023841858,0,0.0,0.0
2021-03-30 00:00:00+01:00,1.350000023841858,1.3420000076293945,1.2799999713897705,1.350000023841858,252589,0.0,0.0
2021-03-31 00:00:00+01:00,1.350000023841858,1.399999976158142,1.149999976158142,1.225000023841858,675568,0.0,0.0
2021-04-01 00:00:00+01:00,1.225000023841858,1.2790000438690186,1.100000023841858,1.225000023841858,1051341,0.0,0.0
2021-04-06 00:00:00+01:00,1.225000023841858,1.2999999523162842,1.1749999523162842,1.225000023841858,3302818,0.0,0.0
2021-04-07 00:00:00+01:00,1.225000023841858,1.2999999523162842,1.1779999732971191,1.225000023841858,856246,0.0,0.0
2021-04-08 00:00:00+01:00,1.225000023841858,1.1820000410079956,1.1799999475479126,1.225000023841858,21453,0.0,0.0
2021-04-09 00:00:00+01:00,1.225000023841858,1.2999999523162842,1.1820000410079956,1.25,450951,0.0,0.0
2021-04-12 00:00:00+01:00,1.25,1.2999999523162842,1.100000023841858,1.225000023841858,576080,0.0,0.0
2021-04-13 00:00:00+01:00,1.225000023841858,1.2699999809265137,1.1779999732971191,1.225000023841858,82724,0.0,0.0
2021-04-14 00:00:00+01:00,1.225000023841858,1.2630000114440918,1.2630000114440918,1.225000023841858,80000,0.0,0.0
2021-04-15 00:00:00+01:00,1.225000023841858,1.2630000114440918,1.2630000114440918,1.225000023841858,62895,0.0,0.0
2021-04-16 00:00:00+01:00,1.225000023841858,1.149999976158142,1.149999976158142,1.225000023841858,25000,0.0,0.0
2021-04-19 00:00:00+01:00,1.225000023841858,1.2000000476837158,1.0,1.225000023841858,381142,0.0,0.0
2021-04-20 00:00:00+01:00,1.225000023841858,1.2999999523162842,1.100000023841858,1.1749999523162842,127568,0.0,0.0
2021-04-21 00:00:00+01:00,1.1749999523162842,1.100000023841858,1.100000023841858,1.149999976158142,20000,0.0,0.0
2021-04-22 00:00:00+01:00,1.149999976158142,1.1699999570846558,1.100000023841858,1.149999976158142,24767,0.0,0.0
2021-04-23 00:00:00+01:00,1.149999976158142,1.1640000343322754,1.1030000448226929,1.149999976158142,344291,0.0,0.0
2021-04-26 00:00:00+01:00,1.149999976158142,1.1640000343322754,1.1100000143051147,1.149999976158142,14087,0.0,0.0
2021-04-27 00:00:00+01:00,1.149999976158142,1.1679999828338623,1.1119999885559082,1.149999976158142,362323,0.0,0.0
2021-04-28 00:00:00+01:00,1.149999976158142,1.1119999885559082,1.100000023841858,1.149999976158142,121143,0.0,0.0
2021-04-29 00:00:00+01:00,1.149999976158142,1.2000000476837158,1.0,1.100000023841858,568585,0.0,0.0
2021-04-30 00:00:00+01:00,1.100000023841858,1.1679999828338623,1.0,1.0499999523162842,462295,0.0,0.0
2021-05-04 00:00:00+01:00,1.0499999523162842,1.0850000381469727,1.0,1.0499999523162842,181424,0.0,0.0
2021-05-05 00:00:00+01:00,1.0499999523162842,1.0499999523162842,0.9700000286102295,0.949999988079071,299423,0.0,0.0
2021-05-06 00:00:00+01:00,0.949999988079071,1.0,0.8999999761581421,0.9750000238418579,355992,0.0,0.0
2021-05-07 00:00:00+01:00,0.9750000238418579,1.0329999923706055,0.925000011920929,0.949999988079071,548097,0.0,0.0
2021-05-10 00:00:00+01:00,0.949999988079071,1.0329999923706055,0.8999999761581421,0.9750000238418579,800833,0.0,0.0
2021-05-11 00:00:00+01:00,0.9750000238418579,0.9309999942779541,0.9309999942779541,0.9750000238418579,25000,0.0,0.0
2021-05-12 00:00:00+01:00,0.9750000238418579,1.0,0.9020000100135803,0.949999988079071,1111274,0.0,0.0
2021-05-13 00:00:00+01:00,0.949999988079071,0.9750000238418579,0.972000002861023,0.949999988079071,100785,0.0,0.0
2021-05-14 00:00:00+01:00,0.949999988079071,0.972000002861023,0.9100000262260437,0.949999988079071,128151,0.0,0.0
2021-05-17 00:00:00+01:00,0.949999988079071,0.9599999785423279,0.8999999761581421,0.949999988079071,37747,0.0,0.0
2021-05-18 00:00:00+01:00,0.949999988079071,0.949999988079071,0.949999988079071,0.949999988079071,0,0.0,0.0
2021-05-19 00:00:00+01:00,0.949999988079071,0.8999999761581421,0.8999999761581421,0.949999988079071,11891,0.0,0.0
2021-05-20 00:00:00+01:00,0.949999988079071,0.8999999761581421,0.8999999761581421,0.949999988079071,2700,0.0,0.0
2021-05-21 00:00:00+01:00,0.949999988079071,0.949999988079071,0.7239999771118164,0.800000011920929,3970421,0.0,0.0
2021-05-24 00:00:00+01:00,0.800000011920929,0.8999999761581421,0.7649999856948853,0.824999988079071,765297,0.0,0.0
2021-05-25 00:00:00+01:00,0.824999988079071,0.8849999904632568,0.7680000066757202,0.824999988079071,385499,0.0,0.0
2021-05-26 00:00:00+01:00,0.824999988079071,0.8849999904632568,0.75,0.824999988079071,317961,0.0,0.0
2021-05-27 00:00:00+01:00,0.824999988079071,0.8799999952316284,0.7680000066757202,0.824999988079071,590350,0.0,0.0
2021-05-28 00:00:00+01:00,0.824999988079071,0.878000020980835,0.878000020980835,0.824999988079071,113050,0.0,0.0
2021-06-01 00:00:00+01:00,0.824999988079071,0.7730000019073486,0.7730000019073486,0.824999988079071,100000,0.0,0.0
2021-06-02 00:00:00+01:00,0.824999988079071,0.7730000019073486,0.7730000019073486,0.824999988079071,50000,0.0,0.0
2021-06-03 00:00:00+01:00,0.824999988079071,0.949999988079071,0.800000011920929,0.875,798535,0.0,0.0
2021-06-04 00:00:00+01:00,0.875,0.9399999976158142,0.9330000281333923,0.875,263049,0.0,0.0
2021-06-07 00:00:00+01:00,0.875,0.8180000185966492,0.8180000185966492,0.875,70385,0.0,0.0
2021-06-08 00:00:00+01:00,0.875,0.8999999761581421,0.800000011920929,0.8500000238418579,347746,0.0,0.0
2021-06-09 00:00:00+01:00,0.8500000238418579,0.8180000185966492,0.8180000185966492,0.8500000238418579,135927,0.0,0.0
2021-06-10 00:00:00+01:00,0.8500000238418579,0.8830000162124634,0.8180000185966492,0.8500000238418579,153265,0.0,0.0
2021-06-11 00:00:00+01:00,0.8500000238418579,0.8180000185966492,0.8180000185966492,0.8500000238418579,11911,0.0,0.0
2021-06-14 00:00:00+01:00,0.8500000238418579,0.8500000238418579,0.7599999904632568,0.824999988079071,511145,0.0,0.0
2021-06-15 00:00:00+01:00,0.824999988079071,0.8479999899864197,0.8330000042915344,0.824999988079071,836228,0.0,0.0
2021-06-16 00:00:00+01:00,0.824999988079071,0.8500000238418579,0.8500000238418579,0.824999988079071,58823,0.0,0.0
2021-06-17 00:00:00+01:00,0.824999988079071,0.824999988079071,0.824999988079071,0.824999988079071,0,0.0,0.0
2021-06-18 00:00:00+01:00,0.824999988079071,0.8180000185966492,0.8180000185966492,0.824999988079071,1801,0.0,0.0
2021-06-21 00:00:00+01:00,0.824999988079071,0.8500000238418579,0.8180000185966492,0.824999988079071,340051,0.0,0.0
2021-06-22 00:00:00+01:00,0.824999988079071,0.8199999928474426,0.8180000185966492,0.824999988079071,62050,0.0,0.0
2021-06-23 00:00:00+01:00,0.824999988079071,0.8180000185966492,0.8180000185966492,0.824999988079071,31095,0.0,0.0
2021-06-24 00:00:00+01:00,0.824999988079071,0.8009999990463257,0.8009999990463257,0.8009999990463257,1000,0.0,0.0
2021-06-25 00:00:00+01:00,0.824999988079071,0.8539999723434448,0.8009999990463257,0.824999988079071,70309,0.0,0.0
2021-06-28 00:00:00+01:00,0.824999988079071,0.8050000071525574,0.800000011920929,0.824999988079071,49800,0.0,0.0
2021-06-29 00:00:00+01:00,0.824999988079071,0.824999988079071,0.824999988079071,0.824999988079071,0,0.0,0.0
2021-06-30 00:00:00+01:00,0.824999988079071,0.800000011920929,0.800000011920929,0.824999988079071,12500,0.0,0.0
2021-07-01 00:00:00+01:00,0.824999988079071,0.8199999928474426,0.8199999928474426,0.824999988079071,170813,0.0,0.0
2021-07-02 00:00:00+01:00,0.824999988079071,0.8500000238418579,0.800000011920929,0.824999988079071,158884,0.0,0.0
2021-07-05 00:00:00+01:00,0.824999988079071,0.824999988079071,0.824999988079071,0.824999988079071,0,0.0,0.0
2021-07-06 00:00:00+01:00,0.824999988079071,0.800000011920929,0.800000011920929,0.824999988079071,85000,0.0,0.0
2021-07-07 00:00:00+01:00,0.824999988079071,0.8500000238418579,0.8500000238418579,0.824999988079071,585422,0.0,0.0
2021-07-08 00:00:00+01:00,0.824999988079071,0.8059999942779541,0.8059999942779541,0.824999988079071,90000,0.0,0.0
2021-07-09 00:00:00+01:00,0.824999988079071,0.8500000238418579,0.800000011920929,0.824999988079071,1551578,0.0,0.0
2021-07-12 00:00:00+01:00,0.824999988079071,0.824999988079071,0.824999988079071,0.824999988079071,0,0.0,0.0
2021-07-13 00:00:00+01:00,0.824999988079071,0.824999988079071,0.824999988079071,0.824999988079071,0,0.0,0.0
2021-07-14 00:00:00+01:00,0.824999988079071,0.824999988079071,0.824999988079071,0.824999988079071,0,0.0,0.0
2021-07-15 00:00:00+01:00,0.824999988079071,0.8069999814033508,0.8009999990463257,0.824999988079071,504267,0.0,0.0
2021-07-16 00:00:00+01:00,0.824999988079071,0.8059999942779541,0.8059999942779541,0.824999988079071,60000,0.0,0.0
2021-07-19 00:00:00+01:00,0.824999988079071,0.949999988079071,0.800000011920929,0.875,239363,0.0,0.0
2021-07-20 00:00:00+01:00,0.875,0.9200000166893005,0.800000011920929,0.875,411173,0.0,0.0
2021-07-21 00:00:00+01:00,0.875,0.875,0.875,0.875,0,0.0,0.0
2021-07-22 00:00:00+01:00,0.875,0.800000011920929,0.75,0.824999988079071,150697,0.0,0.0
2021-07-23 00:00:00+01:00,0.824999988079071,0.8450000286102295,0.8450000286102295,0.824999988079071,590022,0.0,0.0
2021-07-26 00:00:00+01:00,0.824999988079071,0.824999988079071,0.824999988079071,0.824999988079071,0,0.0,0.0
2021-07-27 00:00:00+01:00,0.824999988079071,0.824999988079071,0.824999988079071,0.824999988079071,0,0.0,0.0
2021-07-28 00:00:00+01:00,0.824999988079071,0.8119999766349792,0.8119999766349792,0.824999988079071,68822,0.0,0.0
2021-07-29 00:00:00+01:00,0.824999988079071,0.8119999766349792,0.8119999766349792,0.824999988079071,90000,0.0,0.0
2021-07-30 00:00:00+01:00,0.824999988079071,0.8119999766349792,0.8119999766349792,0.824999988079071,500000,0.0,0.0
2021-08-02 00:00:00+01:00,0.824999988079071,0.8450000286102295,0.8450000286102295,0.824999988079071,50000,0.0,0.0
2021-08-03 00:00:00+01:00,0.824999988079071,0.800000011920929,0.800000011920929,0.824999988079071,91798,0.0,0.0
2021-08-04 00:00:00+01:00,0.824999988079071,0.8500000238418579,0.800000011920929,0.824999988079071,705747,0.0,0.0
2021-08-05 00:00:00+01:00,0.824999988079071,0.8999999761581421,0.800000011920929,0.8500000238418579,299067,0.0,0.0
2021-08-06 00:00:00+01:00,0.8500000238418579,0.8199999928474426,0.800000011920929,0.875,77986,0.0,0.0
2021-08-09 00:00:00+01:00,0.875,0.8199999928474426,0.800000011920929,0.875,110759,0.0,0.0
2021-08-10 00:00:00+01:00,0.875,0.9350000023841858,0.9350000023841858,0.875,200000,0.0,0.0
2021-08-11 00:00:00+01:00,0.875,0.9449999928474426,0.800000011920929,0.875,5050,0.0,0.0
2021-08-12 00:00:00+01:00,0.875,0.800000011920929,0.800000011920929,0.875,94189,0.0,0.0
2021-08-13 00:00:00+01:00,0.875,0.9449999928474426,0.800000011920929,0.875,61924,0.0,0.0
2021-08-16 00:00:00+01:00,0.875,0.9430000185966492,0.800000011920929,0.875,385263,0.0,0.0
2021-08-17 00:00:00+01:00,0.875,0.800000011920929,0.800000011920929,0.875,158633,0.0,0.0
2021-08-18 00:00:00+01:00,0.875,0.800000011920929,0.800000011920929,0.875,53243,0.0,0.0
2021-08-19 00:00:00+01:00,0.875,0.800000011920929,0.800000011920929,0.875,1,0.0,0.0
2021-08-20 00:00:00+01:00,0.875,0.8199999928474426,0.800000011920929,0.875,23830,0.0,0.0
2021-08-23 00:00:00+01:00,0.875,0.875,0.875,0.875,0,0.0,0.0
2021-08-24 00:00:00+01:00,0.875,0.875,0.875,0.875,0,0.0,0.0
2021-08-25 00:00:00+01:00,0.875,0.9449999928474426,0.800000011920929,0.8999999761581421,1636082,0.0,0.0
2021-08-26 00:00:00+01:00,0.8999999761581421,0.8999999761581421,0.8999999761581421,0.8999999761581421,0,0.0,0.0
2021-08-27 00:00:00+01:00,0.8999999761581421,0.8999999761581421,0.8999999761581421,0.8999999761581421,0,0.0,0.0
2021-08-31 00:00:00+01:00,0.8999999761581421,0.8899999856948853,0.8500000238418579,0.8999999761581421,304144,0.0,0.0
2021-09-01 00:00:00+01:00,0.8999999761581421,0.8899999856948853,0.8899999856948853,0.8999999761581421,22487,0.0,0.0
2021-09-02 00:00:00+01:00,0.8999999761581421,0.8510000109672546,0.8510000109672546,0.8999999761581421,690,0.0,0.0
2021-09-03 00:00:00+01:00,0.8999999761581421,0.949999988079071,0.8510000109672546,0.8999999761581421,572189,0.0,0.0
2021-09-06 00:00:00+01:00,0.8999999761581421,0.8820000290870667,0.8820000290870667,0.8999999761581421,113352,0.0,0.0
2021-09-07 00:00:00+01:00,0.8999999761581421,0.949999988079071,0.75,0.800000011920929,4462275,0.0,0.0
2021-09-08 00:00:00+01:00,0.800000011920929,0.8799999952316284,0.765999972820282,0.800000011920929,592875,0.0,0.0
2021-09-09 00:00:00+01:00,0.800000011920929,0.8999999761581421,0.8500000238418579,0.800000011920929,150000,0.0,0.0
2021-09-10 00:00:00+01:00,0.800000011920929,0.8999999761581421,0.8220000267028809,0.800000011920929,235780,0.0,0.0
2021-09-13 00:00:00+01:00,0.800000011920929,0.800000011920929,0.800000011920929,0.800000011920929,0,0.0,0.0
2021-09-14 00:00:00+01:00,0.800000011920929,0.8180000185966492,0.8140000104904175,0.800000011920929,58752,0.0,0.0
2021-09-15 00:00:00+01:00,0.800000011920929,0.800000011920929,0.800000011920929,0.800000011920929,0,0.0,0.0
2021-09-16 00:00:00+01:00,0.800000011920929,0.7549999952316284,0.7549999952316284,0.800000011920929,1011,0.0,0.0
2021-09-17 00:00:00+01:00,0.800000011920929,0.8500000238418579,0.7549999952316284,0.800000011920929,506002,0.0,0.0
2021-09-20 00:00:00+01:00,0.800000011920929,0.800000011920929,0.75,0.7749999761581421,537848,0.0,0.0
2021-09-21 00:00:00+01:00,0.7749999761581421,0.800000011920929,0.75,0.7749999761581421,145000,0.0,0.0
2021-09-22 00:00:00+01:00,0.7749999761581421,0.8500000238418579,0.75,0.800000011920929,931143,0.0,0.0
2021-09-23 00:00:00+01:00,0.800000011920929,0.75,0.75,0.800000011920929,45270,0.0,0.0
2021-09-24 00:00:00+01:00,0.800000011920929,0.75,0.75,0.800000011920929,163381,0.0,0.0
2021-09-27 00:00:00+01:00,0.800000011920929,0.75,0.75,0.800000011920929,27500,0.0,0.0
2021-09-28 00:00:00+01:00,0.800000011920929,0.75,0.75,0.800000011920929,21862,0.0,0.0
2021-09-29 00:00:00+01:00,0.800000011920929,0.75,0.75,0.800000011920929,36002,0.0,0.0
2021-09-30 00:00:00+01:00,0.800000011920929,0.75,0.75,0.800000011920929,50000,0.0,0.0
2021-10-01 00:00:00+01:00,0.800000011920929,0.75,0.75,0.800000011920929,30000,0.0,0.0
2021-10-04 00:00:00+01:00,0.800000011920929,0.800000011920929,0.800000011920929,0.800000011920929,0,0.0,0.0
2021-10-05 00:00:00+01:00,0.800000011920929,0.8500000238418579,0.6499999761581421,0.7749999761581421,286733,0.0,0.0
2021-10-06 00:00:00+01:00,0.7749999761581421,0.8500000238418579,0.8500000238418579,0.7749999761581421,100000,0.0,0.0
2021-10-07 00:00:00+01:00,0.7749999761581421,0.7770000100135803,0.7770000100135803,0.7749999761581421,34521,0.0,0.0
2021-10-08 00:00:00+01:00,0.7749999761581421,0.7770000100135803,0.7770000100135803,0.7749999761581421,31409,0.0,0.0
2021-10-11 00:00:00+01:00,0.7749999761581421,0.7770000100135803,0.7329999804496765,0.7749999761581421,20673,0.0,0.0
2021-10-12 00:00:00+01:00,0.7749999761581421,0.6899999976158142,0.6899999976158142,0.7749999761581421,383770,0.0,0.0
2021-10-13 00:00:00+01:00,0.7749999761581421,0.7950000166893005,0.6499999761581421,0.699999988079071,507589,0.0,0.0
2021-10-14 00:00:00+01:00,0.675000011920929,0.699999988079071,0.6800000071525574,0.699999988079071,253401,0.0,0.0
2021-10-15 00:00:00+01:00,0.699999988079071,0.75,0.6499999761581421,0.699999988079071,670798,0.0,0.0
2021-10-18 00:00:00+01:00,0.699999988079071,0.75,0.75,0.699999988079071,800,0.0,0.0
2021-10-19 00:00:00+01:00,0.699999988079071,0.75,0.75,0.699999988079071,12540,0.0,0.0
2021-10-20 00:00:00+01:00,0.699999988079071,0.6850000023841858,0.6850000023841858,0.699999988079071,34344,0.0,0.0
2021-10-21 00:00:00+01:00,0.699999988079071,0.699999988079071,0.699999988079071,0.699999988079071,0,0.0,0.0
2021-10-22 00:00:00+01:00,0.699999988079071,0.75,0.6850000023841858,0.699999988079071,476850,0.0,0.0
2021-10-25 00:00:00+01:00,0.699999988079071,0.75,0.75,0.699999988079071,370,0.0,0.0
2021-10-26 00:00:00+01:00,0.699999988079071,0.699999988079071,0.699999988079071,0.699999988079071,937,0.0,0.0
2021-10-27 00:00:00+01:00,0.699999988079071,0.699999988079071,0.6499999761581421,0.675000011920929,190972,0.0,0.0
2021-10-28 00:00:00+01:00,0.675000011920929,0.675000011920929,0.675000011920929,0.675000011920929,0,0.0,0.0
2021-10-29 00:00:00+01:00,0.675000011920929,0.675000011920929,0.675000011920929,0.675000011920929,0,0.0,0.0
2021-11-01 00:00:00+00:00,0.675000011920929,0.675000011920929,0.675000011920929,0.675000011920929,0,0.0,0.0
2021-11-02 00:00:00+00:00,0.675000011920929,0.75,0.699999988079071,0.699999988079071,275250,0.0,0.0
2021-11-03 00:00:00+00:00,0.699999988079071,0.7929999828338623,0.6850000023841858,0.7250000238418579,491742,0.0,0.0
2021-11-04 00:00:00+00:00,0.7250000238418579,0.699999988079071,0.699999988079071,0.7250000238418579,7633,0.0,0.0
2021-11-05 00:00:00+00:00,0.7250000238418579,0.7929999828338623,0.6850000023841858,0.7250000238418579,45120,0.0,0.0
2021-11-08 00:00:00+00:00,0.7250000238418579,0.6880000233650208,0.6880000233650208,0.7250000238418579,77800,0.0,0.0
2021-11-09 00:00:00+00:00,0.7250000238418579,0.6880000233650208,0.6880000233650208,0.7250000238418579,270000,0.0,0.0
2021-11-10 00:00:00+00:00,0.7250000238418579,0.7250000238418579,0.7250000238418579,0.7250000238418579,0,0.0,0.0
2021-11-11 00:00:00+00:00,0.7250000238418579,0.7250000238418579,0.7250000238418579,0.7250000238418579,0,0.0,0.0
2021-11-12 00:00:00+00:00,0.7250000238418579,0.777999997138977,0.6880000233650208,0.7250000238418579,173640,0.0,0.0
2021-11-15 00:00:00+00:00,0.7250000238418579,0.777999997138977,0.6899999976158142,0.7250000238418579,338079,0.0,0.0
2021-11-16 00:00:00+00:00,0.7250000238418579,0.6990000009536743,0.6990000009536743,0.7250000238418579,500,0.0,0.0
2021-11-17 00:00:00+00:00,0.7250000238418579,0.6990000009536743,0.6990000009536743,0.7250000238418579,975,0.0,0.0
2021-11-18 00:00:00+00:00,0.7250000238418579,0.777999997138977,0.777999997138977,0.7250000238418579,771,0.0,0.0
2021-11-19 00:00:00+00:00,0.7250000238418579,0.777999997138977,0.777999997138977,0.7250000238418579,7974,0.0,0.0
2021-11-22 00:00:00+00:00,0.7250000238418579,0.800000011920929,0.699999988079071,0.75,619879,0.0,0.0
2021-11-23 00:00:00+00:00,0.7250000238418579,0.7739999890327454,0.7739999890327454,0.75,12919,0.0,0.0
2021-11-24 00:00:00+00:00,0.75,0.7739999890327454,0.7110000252723694,0.75,94187,0.0,0.0
2021-11-25 00:00:00+00:00,0.75,0.7680000066757202,0.6499999761581421,0.675000011920929,311741,0.0,0.0
2021-11-26 00:00:00+00:00,0.699999988079071,0.75,0.656000018119812,0.699999988079071,200814,0.0,0.0
2021-11-29 00:00:00+00:00,0.699999988079071,0.699999988079071,0.699999988079071,0.699999988079071,0,0.0,0.0
2021-11-30 00:00:00+00:00,0.675000011920929,0.7400000095367432,0.6499999761581421,0.699999988079071,122101,0.0,0.0
2021-12-01 00:00:00+00:00,0.699999988079071,0.7379999756813049,0.7379999756813049,0.699999988079071,5000,0.0,0.0
2021-12-02 00:00:00+00:00,0.699999988079071,0.656000018119812,0.656000018119812,0.699999988079071,100566,0.0,0.0
2021-12-03 00:00:00+00:00,0.699999988079071,0.699999988079071,0.699999988079071,0.699999988079071,0,0.0,0.0
2021-12-06 00:00:00+00:00,0.699999988079071,0.699999988079071,0.699999988079071,0.699999988079071,0,0.0,0.0
2021-12-07 00:00:00+00:00,0.699999988079071,0.7350000143051147,0.7350000143051147,0.699999988079071,10884,0.0,0.0
2021-12-08 00:00:00+00:00,0.699999988079071,0.7350000143051147,0.7350000143051147,0.699999988079071,3500,0.0,0.0
2021-12-09 00:00:00+00:00,0.699999988079071,0.75,0.699999988079071,0.7250000238418579,1332074,0.0,0.0
2021-12-10 00:00:00+00:00,0.7749999761581421,0.699999988079071,0.699999988079071,0.7749999761581421,400,0.0,0.0
2021-12-13 00:00:00+00:00,0.7749999761581421,0.7749999761581421,0.7749999761581421,0.7749999761581421,0,0.0,0.0
2021-12-14 00:00:00+00:00,0.7749999761581421,0.699999988079071,0.699999988079071,0.7749999761581421,293132,0.0,0.0
2021-12-15 00:00:00+00:00,0.7749999761581421,0.8050000071525574,0.8050000071525574,0.7749999761581421,6211,0.0,0.0
2021-12-16 00:00:00+00:00,0.7749999761581421,0.7749999761581421,0.7720000147819519,0.7749999761581421,401131,0.0,0.0
2021-12-17 00:00:00+00:00,0.7749999761581421,0.7749999761581421,0.7749999761581421,0.7749999761581421,0,0.0,0.0
2021-12-20 00:00:00+00:00,0.7749999761581421,0.800000011920929,0.699999988079071,0.7250000238418579,600474,0.0,0.0
2021-12-21 00:00:00+00:00,0.7250000238418579,0.7250000238418579,0.699999988079071,0.7250000238418579,194292,0.0,0.0
2021-12-22 00:00:00+00:00,0.7250000238418579,0.7229999899864197,0.7229999899864197,0.7250000238418579,1383,0.0,0.0
2021-12-23 00:00:00+00:00,0.7250000238418579,0.699999988079071,0.699999988079071,0.7250000238418579,63087,0.0,0.0
2021-12-24 00:00:00+00:00,0.6499999761581421,0.75,0.6800000071525574,0.6499999761581421,293401,0.0,0.0
2021-12-29 00:00:00+00:00,0.6499999761581421,0.6800000071525574,0.6800000071525574,0.6499999761581421,50443,0.0,0.0
2021-12-30 00:00:00+00:00,0.6499999761581421,0.6499999761581421,0.6499999761581421,0.6499999761581421,0,0.0,0.0
2021-12-31 00:00:00+00:00,0.6499999761581421,0.6000000238418579,0.6000000238418579,0.6499999761581421,56267,0.0,0.0
2022-01-04 00:00:00+00:00,0.6499999761581421,0.6499999761581421,0.6499999761581421,0.6499999761581421,0,0.0,0.0
2022-01-05 00:00:00+00:00,0.6499999761581421,0.6800000071525574,0.6800000071525574,0.6499999761581421,44117,0.0,0.0
2022-01-06 00:00:00+00:00,0.6499999761581421,0.6470000147819519,0.6470000147819519,0.6499999761581421,1236,0.0,0.0
2022-01-07 00:00:00+00:00,0.6499999761581421,0.6499999761581421,0.6000000238418579,0.6499999761581421,499709,0.0,0.0
2022-01-10 00:00:00+00:00,0.6499999761581421,0.6499999761581421,0.6000000238418579,0.625,71803,0.0,0.0
2022-01-11 00:00:00+00:00,0.625,0.6000000238418579,0.6000000238418579,0.625,6373,0.0,0.0
2022-01-12 00:00:00+00:00,0.625,0.6200000047683716,0.6000000238418579,0.625,47345,0.0,0.0
2022-01-13 00:00:00+00:00,0.625,0.625,0.625,0.625,0,0.0,0.0
2022-01-14 00:00:00+00:00,0.625,0.625,0.625,0.625,0,0.0,0.0
2022-01-17 00:00:00+00:00,0.625,0.6200000047683716,0.6000000238418579,0.625,63091,0.0,0.0
2022-01-18 00:00:00+00:00,0.625,0.6200000047683716,0.6000000238418579,0.625,231784,0.0,0.0
2022-01-19 00:00:00+00:00,0.625,0.625,0.625,0.625,0,0.0,0.0
2022-01-20 00:00:00+00:00,0.625,0.6200000047683716,0.6200000047683716,0.625,804524,0.0,0.0
2022-01-21 00:00:00+00:00,0.625,0.6499999761581421,0.550000011920929,0.6000000238418579,245272,0.0,0.0
2022-01-24 00:00:00+00:00,0.550000011920929,0.550000011920929,0.550000011920929,0.574999988079071,252083,0.0,0.0
2022-01-25 00:00:00+00:00,0.574999988079071,0.550000011920929,0.550000011920929,0.574999988079071,250000,0.0,0.0
2022-01-26 00:00:00+00:00,0.574999988079071,0.6000000238418579,0.5,0.550000011920929,51120,0.0,0.0
2022-01-27 00:00:00+00:00,0.550000011920929,0.550000011920929,0.5,0.550000011920929,130506,0.0,0.0
2022-01-28 00:00:00+00:00,0.550000011920929,0.5,0.5,0.550000011920929,82973,0.0,0.0
2022-01-31 00:00:00+00:00,0.550000011920929,0.5,0.5,0.550000011920929,131382,0.0,0.0
2022-02-01 00:00:00+00:00,0.550000011920929,0.550000011920929,0.550000011920929,0.550000011920929,0,0.0,0.0
2022-02-02 00:00:00+00:00,0.550000011920929,0.550000011920929,0.550000011920929,0.550000011920929,0,0.0,0.0
2022-02-03 00:00:00+00:00,0.550000011920929,0.5,0.5,0.550000011920929,126423,0.0,0.0
2022-02-04 00:00:00+00:00,0.550000011920929,0.550000011920929,0.550000011920929,0.550000011920929,0,0.0,0.0
2022-02-07 00:00:00+00:00,0.550000011920929,0.550000011920929,0.5,0.550000011920929,40660,0.0,0.0
2022-02-08 00:00:00+00:00,0.550000011920929,0.5,0.5,0.550000011920929,29976,0.0,0.0
2022-02-09 00:00:00+00:00,0.550000011920929,0.550000011920929,0.550000011920929,0.550000011920929,0,0.0,0.0
2022-02-10 00:00:00+00:00,0.550000011920929,0.550000011920929,0.550000011920929,0.550000011920929,0,0.0,0.0
2022-02-11 00:00:00+00:00,0.5249999761581421,0.550000011920929,0.5,0.550000011920929,2103776,0.0,0.0
2022-02-14 00:00:00+00:00,0.550000011920929,0.5149999856948853,0.5,0.5249999761581421,55344,0.0,0.0
2022-02-15 00:00:00+00:00,0.5249999761581421,0.5080000162124634,0.5080000162124634,0.5249999761581421,3641,0.0,0.0
2022-02-16 00:00:00+00:00,0.5249999761581421,0.5249999761581421,0.5249999761581421,0.5249999761581421,0,0.0,0.0
2022-02-17 00:00:00+00:00,0.5249999761581421,0.5249999761581421,0.5249999761581421,0.5249999761581421,0,0.0,0.0
2022-02-18 00:00:00+00:00,0.5249999761581421,0.5249999761581421,0.5249999761581421,0.5249999761581421,0,0.0,0.0
2022-02-21 00:00:00+00:00,0.5249999761581421,0.5249999761581421,0.5249999761581421,0.5249999761581421,0,0.0,0.0
2022-02-22 00:00:00+00:00,0.5249999761581421,0.5249999761581421,0.5249999761581421,0.5249999761581421,0,0.0,0.0
2022-02-23 00:00:00+00:00,0.5249999761581421,0.5080000162124634,0.5080000162124634,0.5249999761581421,38910,0.0,0.0
2022-02-24 00:00:00+00:00,0.5249999761581421,0.5080000162124634,0.5080000162124634,0.5249999761581421,2990,0.0,0.0
2022-02-25 00:00:00+00:00,0.5249999761581421,0.5080000162124634,0.5080000162124634,0.5249999761581421,15000,0.0,0.0
2022-02-28 00:00:00+00:00,0.5249999761581421,0.5249999761581421,0.5249999761581421,0.5249999761581421,0,0.0,0.0
2022-03-01 00:00:00+00:00,0.5249999761581421,0.5080000162124634,0.5080000162124634,0.5249999761581421,67057,0.0,0.0
2022-03-02 00:00:00+00:00,0.5249999761581421,0.44999998807907104,0.44999998807907104,0.5249999761581421,2142,0.0,0.0
2022-03-03 00:00:00+00:00,0.5249999761581421,0.5249999761581421,0.5249999761581421,0.5249999761581421,0,0.0,0.0
2022-03-04 00:00:00+00:00,0.5249999761581421,0.5,0.44999998807907104,0.4749999940395355,704837,0.0,0.0
2022-03-07 00:00:00+00:00,0.4749999940395355,0.4749999940395355,0.4749999940395355,0.4749999940395355,0,0.0,0.0
2022-03-08 00:00:00+00:00,0.4749999940395355,0.44999998807907104,0.44999998807907104,0.4749999940395355,200000,0.0,0.0
2022-03-09 00:00:00+00:00,0.4749999940395355,0.44999998807907104,0.44999998807907104,0.4749999940395355,9462,0.0,0.0
2022-03-10 00:00:00+00:00,0.4749999940395355,0.4749999940395355,0.4749999940395355,0.4749999940395355,0,0.0,0.0
2022-03-11 00:00:00+00:00,0.4749999940395355,0.4749999940395355,0.4749999940395355,0.4749999940395355,0,0.0,0.0
2022-03-14 00:00:00+00:00,0.4749999940395355,0.4749999940395355,0.4749999940395355,0.4749999940395355,0,0.0,0.0
2022-03-15 00:00:00+00:00,0.4749999940395355,0.4749999940395355,0.4749999940395355,0.4749999940395355,0,0.0,0.0
2022-03-16 00:00:00+00:00,0.4749999940395355,0.5,0.5,0.4749999940395355,200000,0.0,0.0
2022-03-17 00:00:00+00:00,0.4749999940395355,0.4749999940395355,0.4749999940395355,0.4749999940395355,0,0.0,0.0
2022-03-18 00:00:00+00:00,0.4749999940395355,0.4869999885559082,0.4869999885559082,0.4749999940395355,60000,0.0,0.0
2022-03-21 00:00:00+00:00,0.4749999940395355,0.4749999940395355,0.4749999940395355,0.4749999940395355,0,0.0,0.0
2022-03-22 00:00:00+00:00,0.4749999940395355,0.4950000047683716,0.4950000047683716,0.4749999940395355,2020,0.0,0.0
2022-03-23 00:00:00+00:00,0.4749999940395355,0.41999998688697815,0.41999998688697815,0.4749999940395355,640000,0.0,0.0
2022-03-24 00:00:00+00:00,0.4749999940395355,0.44999998807907104,0.44999998807907104,0.4749999940395355,30000,0.0,0.0
2022-03-25 00:00:00+00:00,0.4749999940395355,0.4729999899864197,0.4729999899864197,0.4749999940395355,1058,0.0,0.0
2022-03-28 00:00:00+01:00,0.4749999940395355,0.4749999940395355,0.4749999940395355,0.4749999940395355,0,0.0,0.0
2022-03-29 00:00:00+01:00,0.4749999940395355,0.4729999899864197,0.4729999899864197,0.4749999940395355,300000,0.0,0.0
2022-03-30 00:00:00+01:00,0.4749999940395355,0.5,0.4000000059604645,0.44999998807907104,820698,0.0,0.0
2022-03-31 00:00:00+01:00,0.42500001192092896,0.4000000059604645,0.3529999852180481,0.375,790744,0.0,0.0
2022-04-01 00:00:00+01:00,0.375,0.4000000059604645,0.3499999940395355,0.375,344877,0.0,0.0
2022-04-04 00:00:00+01:00,0.375,0.3529999852180481,0.3529999852180481,0.375,280946,0.0,0.0
2022-04-05 00:00:00+01:00,0.375,0.375,0.375,0.375,0,0.0,0.0
2022-04-06 00:00:00+01:00,0.375,0.375,0.375,0.375,0,0.0,0.0
2022-04-07 00:00:00+01:00,0.375,0.375,0.375,0.375,0,0.0,0.0
2022-04-08 00:00:00+01:00,0.375,0.375,0.375,0.375,0,0.0,0.0
2022-04-11 00:00:00+01:00,0.375,0.4000000059604645,0.30000001192092896,0.375,686812,0.0,0.0
2022-04-12 00:00:00+01:00,0.375,0.39899998903274536,0.30000001192092896,0.375,380015,0.0,0.0
2022-04-13 00:00:00+01:00,0.375,0.3529999852180481,0.30000001192092896,0.375,1115035,0.0,0.0
2022-04-14 00:00:00+01:00,0.375,0.3499999940395355,0.30000001192092896,0.32499998807907104,603390,0.0,0.0
2022-04-19 00:00:00+01:00,0.32499998807907104,0.3009999990463257,0.3009999990463257,0.32499998807907104,23900,0.0,0.0
2022-04-20 00:00:00+01:00,0.32499998807907104,0.32499998807907104,0.32499998807907104,0.32499998807907104,0,0.0,0.0
2022-04-21 00:00:00+01:00,0.32499998807907104,0.32499998807907104,0.32499998807907104,0.32499998807907104,0,0.0,0.0
2022-04-22 00:00:00+01:00,0.32499998807907104,0.32499998807907104,0.32499998807907104,0.32499998807907104,0,0.0,0.0
2022-04-25 00:00:00+01:00,0.32499998807907104,0.32499998807907104,0.32499998807907104,0.32499998807907104,0,0.0,0.0
2022-04-26 00:00:00+01:00,0.32499998807907104,0.33799999952316284,0.33799999952316284,0.32499998807907104,32488,0.0,0.0
2022-04-27 00:00:00+01:00,0.32499998807907104,0.3009999990463257,0.3009999990463257,0.32499998807907104,17083,0.0,0.0
2022-04-28 00:00:00+01:00,0.32499998807907104,0.3009999990463257,0.3009999990463257,0.32499998807907104,500000,0.0,0.0
2022-04-29 00:00:00+01:00,0.32499998807907104,0.3499999940395355,0.30000001192092896,0.3499999940395355,1955445,0.0,0.0
2022-05-03 00:00:00+01:00,0.3499999940395355,0.30000001192092896,0.30000001192092896,0.3499999940395355,500000,0.0,0.0
2022-05-04 00:00:00+01:00,0.3499999940395355,0.3499999940395355,0.3499999940395355,0.3499999940395355,0,0.0,0.0
2022-05-05 00:00:00+01:00,0.3499999940395355,0.30000001192092896,0.30000001192092896,0.3499999940395355,220185,0.0,0.0
2022-05-06 00:00:00+01:00,0.3499999940395355,0.3499999940395355,0.3499999940395355,0.3499999940395355,0,0.0,0.0
2022-05-09 00:00:00+01:00,0.3499999940395355,0.3499999940395355,0.3499999940395355,0.3499999940395355,0,0.0,0.0
2022-05-10 00:00:00+01:00,0.3499999940395355,0.30000001192092896,0.30000001192092896,0.3499999940395355,52211,0.0,0.0
2022-05-11 00:00:00+01:00,0.3499999940395355,1.2000000476837158,0.32499998807907104,0.6000000238418579,44563811,0.0,0.0
2022-05-12 00:00:00+01:00,0.6000000238418579,0.949999988079071,0.5,0.675000011920929,7964481,0.0,0.0
2022-05-13 00:00:00+01:00,0.675000011920929,0.699999988079071,0.550000011920929,0.625,1346026,0.0,0.0
2022-05-16 00:00:00+01:00,0.625,0.699999988079071,0.5,0.6000000238418579,847871,0.0,0.0
2022-05-17 00:00:00+01:00,0.6000000238418579,0.625,0.5049999952316284,0.550000011920929,408231,0.0,0.0
2022-05-18 00:00:00+01:00,0.550000011920929,0.503000020980835,0.503000020980835,0.550000011920929,100000,0.0,0.0
2022-05-19 00:00:00+01:00,0.550000011920929,0.5789999961853027,0.5789999961853027,0.550000011920929,100000,0.0,0.0
2022-05-20 00:00:00+01:00,0.550000011920929,0.5019999742507935,0.5019999742507935,0.550000011920929,300697,0.0,0.0
2022-05-23 00:00:00+01:00,0.550000011920929,0.5440000295639038,0.4099999964237213,0.5249999761581421,484893,0.0,0.0
2022-05-24 00:00:00+01:00,0.5249999761581421,0.5249999761581421,0.4560000002384186,0.5099999904632568,358798,0.0,0.0
2022-05-25 00:00:00+01:00,0.5249999761581421,0.5230000019073486,0.5230000019073486,0.5249999761581421,10000,0.0,0.0
2022-05-26 00:00:00+01:00,0.5249999761581421,0.5249999761581421,0.5249999761581421,0.5249999761581421,0,0.0,0.0
2022-05-27 00:00:00+01:00,0.5249999761581421,0.46000000834465027,0.46000000834465027,0.5249999761581421,471,0.0,0.0
2022-05-30 00:00:00+01:00,0.5249999761581421,0.5230000019073486,0.5230000019073486,0.5249999761581421,92397,0.0,0.0
2022-05-31 00:00:00+01:00,0.5249999761581421,0.5249999761581421,0.5249999761581421,0.5249999761581421,0,0.0,0.0
2022-06-01 00:00:00+01:00,0.5249999761581421,0.5049999952316284,0.30000001192092896,0.5049999952316284,18589657,0.0,0.0
2022-06-06 00:00:00+01:00,0.3400000035762787,0.3499999940395355,0.30300000309944153,0.33000001311302185,16787161,0.0,0.0
2022-06-07 00:00:00+01:00,0.33000001311302185,0.33000001311302185,0.30000001192092896,0.3149999976158142,3683493,0.0,0.0
2022-06-08 00:00:00+01:00,0.3149999976158142,0.3240000009536743,0.2809999883174896,0.29499998688697815,6140238,0.0,0.0
2022-06-09 00:00:00+01:00,0.29499998688697815,0.3199999928474426,0.28999999165534973,0.3100000023841858,9108126,0.0,0.0
2022-06-10 00:00:00+01:00,0.3100000023841858,0.3140000104904175,0.29600000381469727,0.3100000023841858,3212265,0.0,0.0
2022-06-13 00:00:00+01:00,0.3100000023841858,0.30000001192092896,0.2800000011920929,0.30000001192092896,1579422,0.0,0.0
2022-06-14 00:00:00+01:00,0.30000001192092896,0.2800000011920929,0.27000001072883606,0.2849999964237213,883224,0.0,0.0
2022-06-15 00:00:00+01:00,0.2849999964237213,0.30000001192092896,0.27000001072883606,0.28999999165534973,5644835,0.0,0.0
2022-06-16 00:00:00+01:00,0.28999999165534973,0.33000001311302185,0.29600000381469727,0.3050000071525574,7008390,0.0,0.0
2022-06-17 00:00:00+01:00,0.30000001192092896,0.296999990940094,0.29600000381469727,0.3050000071525574,1170824,0.0,0.0
2022-06-20 00:00:00+01:00,0.3050000071525574,0.28999999165534973,0.28299999237060547,0.28999999165534973,907379,0.0,0.0
2022-06-21 00:00:00+01:00,0.28999999165534973,0.30000001192092896,0.2980000078678131,0.28999999165534973,467668,0.0,0.0
2022-06-22 00:00:00+01:00,0.28999999165534973,0.3199999928474426,0.2800000011920929,0.28999999165534973,1399056,0.0,0.0
2022-06-23 00:00:00+01:00,0.28999999165534973,0.29600000381469727,0.29600000381469727,0.28999999165534973,4732,0.0,0.0
2022-06-24 00:00:00+01:00,0.28999999165534973,0.29600000381469727,0.29600000381469727,0.28999999165534973,250000,0.0,0.0
2022-06-27 00:00:00+01:00,0.28999999165534973,0.28600001335144043,0.28600001335144043,0.28999999165534973,10000,0.0,0.0
2022-06-28 00:00:00+01:00,0.28999999165534973,0.2980000078678131,0.28999999165534973,0.28999999165534973,415099,0.0,0.0
2022-06-29 00:00:00+01:00,0.28999999165534973,0.2980000078678131,0.2800000011920929,0.30000001192092896,1095146,0.0,0.0
2022-06-30 00:00:00+01:00,0.30000001192092896,0.296999990940094,0.2840000092983246,0.29499998688697815,1152900,0.0,0.0
2022-07-01 00:00:00+01:00,0.29499998688697815,0.2849999964237213,0.27000001072883606,0.29499998688697815,45431,0.0,0.0
2022-07-04 00:00:00+01:00,0.29499998688697815,0.3109999895095825,0.27000001072883606,0.29499998688697815,3500,0.0,0.0
2022-07-05 00:00:00+01:00,0.29499998688697815,0.3199999928474426,0.3199999928474426,0.29499998688697815,781,0.0,0.0
2022-07-06 00:00:00+01:00,0.29499998688697815,0.3199999928474426,0.2849999964237213,0.29499998688697815,222006,0.0,0.0
2022-07-07 00:00:00+01:00,0.29499998688697815,0.29499998688697815,0.29499998688697815,0.29499998688697815,0,0.0,0.0
2022-07-08 00:00:00+01:00,0.29499998688697815,0.3199999928474426,0.30000001192092896,0.3100000023841858,14146485,0.0,0.0
2022-07-11 00:00:00+01:00,0.3100000023841858,0.3140000104904175,0.28999999165534973,0.29499998688697815,3374337,0.0,0.0
2022-07-12 00:00:00+01:00,0.29499998688697815,0.296999990940094,0.296999990940094,0.29499998688697815,3367,0.0,0.0
2022-07-13 00:00:00+01:00,0.29499998688697815,0.29499998688697815,0.29499998688697815,0.29499998688697815,0,0.0,0.0
2022-07-14 00:00:00+01:00,0.29499998688697815,0.28999999165534973,0.28600001335144043,0.28999999165534973,1664955,0.0,0.0
2022-07-15 00:00:00+01:00,0.28999999165534973,0.28999999165534973,0.28999999165534973,0.28999999165534973,0,0.0,0.0
2022-07-18 00:00:00+01:00,0.28999999165534973,0.2800000011920929,0.2800000011920929,0.28999999165534973,2001428,0.0,0.0
2022-07-19 00:00:00+01:00,0.28999999165534973,0.30000001192092896,0.30000001192092896,0.28999999165534973,333,0.0,0.0
2022-07-20 00:00:00+01:00,0.28999999165534973,0.27000001072883606,0.27000001072883606,0.2849999964237213,2606148,0.0,0.0
2022-07-21 00:00:00+01:00,0.2849999964237213,0.2879999876022339,0.2879999876022339,0.2800000011920929,3472,0.0,0.0
2022-07-22 00:00:00+01:00,0.2800000011920929,0.27900001406669617,0.25999999046325684,0.27000001072883606,3208074,0.0,0.0
2022-07-25 00:00:00+01:00,0.27000001072883606,0.27000001072883606,0.27000001072883606,0.27000001072883606,0,0.0,0.0
2022-07-26 00:00:00+01:00,0.27000001072883606,0.27000001072883606,0.27000001072883606,0.27000001072883606,0,0.0,0.0
2022-07-27 00:00:00+01:00,0.27000001072883606,0.27000001072883606,0.27000001072883606,0.27000001072883606,0,0.0,0.0
2022-07-28 00:00:00+01:00,0.27000001072883606,0.2750000059604645,0.2750000059604645,0.27000001072883606,10123,0.0,0.0
2022-07-29 00:00:00+01:00,0.27000001072883606,0.2619999945163727,0.2619999945163727,0.2619999945163727,1000,0.0,0.0
2022-08-01 00:00:00+01:00,0.2619999945163727,0.2619999945163727,0.2619999945163727,0.2619999945163727,0,0.0,0.0
2022-08-02 00:00:00+01:00,0.27000001072883606,0.2750000059604645,0.27399998903274536,0.27000001072883606,366114,0.0,0.0
2022-08-03 00:00:00+01:00,0.27000001072883606,0.27399998903274536,0.27399998903274536,0.27000001072883606,1827,0.0,0.0
2022-08-04 00:00:00+01:00,0.27000001072883606,0.27000001072883606,0.27000001072883606,0.27000001072883606,0,0.0,0.0
2022-08-05 00:00:00+01:00,0.27000001072883606,0.27300000190734863,0.25999999046325684,0.26499998569488525,606238,0.0,0.0
2022-08-08 00:00:00+01:00,0.26499998569488525,0.25200000405311584,0.25200000405311584,0.26499998569488525,6703,0.0,0.0
2022-08-09 00:00:00+01:00,0.26499998569488525,0.25200000405311584,0.25,0.25999999046325684,629133,0.0,0.0
2022-08-10 00:00:00+01:00,0.25999999046325684,0.2680000066757202,0.2680000066757202,0.25999999046325684,30000,0.0,0.0
2022-08-11 00:00:00+01:00,0.25999999046325684,0.25,0.25,0.25999999046325684,259215,0.0,0.0
2022-08-12 00:00:00+01:00,0.2750000059604645,0.25,0.25,0.25999999046325684,600000,0.0,0.0
2022-08-15 00:00:00+01:00,0.25999999046325684,0.25999999046325684,0.25999999046325684,0.25999999046325684,0,0.0,0.0
2022-08-16 00:00:00+01:00,0.25999999046325684,0.25999999046325684,0.25999999046325684,0.25999999046325684,0,0.0,0.0
2022-08-17 00:00:00+01:00,0.25999999046325684,0.25,0.25,0.25999999046325684,1590,0.0,0.0
2022-08-18 00:00:00+01:00,0.25999999046325684,0.25,0.25,0.25999999046325684,460,0.0,0.0
2022-08-19 00:00:00+01:00,0.25999999046325684,0.25699999928474426,0.25699999928474426,0.25999999046325684,7782,0.0,0.0
2022-08-22 00:00:00+01:00,0.25999999046325684,0.25699999928474426,0.25699999928474426,0.25999999046325684,38910,0.0,0.0
2022-08-23 00:00:00+01:00,0.25999999046325684,0.25699999928474426,0.25699999928474426,0.25999999046325684,134634,0.0,0.0
2022-08-24 00:00:00+01:00,0.25999999046325684,0.25999999046325684,0.25999999046325684,0.25999999046325684,0,0.0,0.0
2022-08-25 00:00:00+01:00,0.25999999046325684,0.25099998712539673,0.25099998712539673,0.25999999046325684,202506,0.0,0.0
2022-08-26 00:00:00+01:00,0.25999999046325684,0.25999999046325684,0.25999999046325684,0.25999999046325684,0,0.0,0.0
2022-08-30 00:00:00+01:00,0.25999999046325684,0.25999999046325684,0.25999999046325684,0.25999999046325684,0,0.0,0.0
2022-08-31 00:00:00+01:00,0.25999999046325684,0.25999999046325684,0.25999999046325684,0.25999999046325684,0,0.0,0.0
2022-09-01 00:00:00+01:00,0.25999999046325684,0.25,0.25,0.25999999046325684,130,0.0,0.0
2022-09-02 00:00:00+01:00,0.25999999046325684,0.25999999046325684,0.25999999046325684,0.25999999046325684,0,0.0,0.0
2022-09-05 00:00:00+01:00,0.25999999046325684,0.25999999046325684,0.25999999046325684,0.25999999046325684,0,0.0,0.0
2022-09-06 00:00:00+01:00,0.25999999046325684,0.25999999046325684,0.25999999046325684,0.25999999046325684,0,0.0,0.0
2022-09-07 00:00:00+01:00,0.25999999046325684,0.25099998712539673,0.25099998712539673,0.25999999046325684,15544,0.0,0.0
2022-09-08 00:00:00+01:00,0.25999999046325684,0.25699999928474426,0.25699999928474426,0.25999999046325684,100000,0.0,0.0
2022-09-09 00:00:00+01:00,0.25999999046325684,0.25999999046325684,0.25999999046325684,0.25999999046325684,0,0.0,0.0
2022-09-12 00:00:00+01:00,0.25,0.25,0.25,0.25999999046325684,500,0.0,0.0
2022-09-13 00:00:00+01:00,0.25999999046325684,0.25999999046325684,0.25999999046325684,0.25999999046325684,0,0.0,0.0
2022-09-14 00:00:00+01:00,0.25999999046325684,0.25999999046325684,0.25999999046325684,0.25999999046325684,0,0.0,0.0
2022-09-15 00:00:00+01:00,0.25999999046325684,0.25600001215934753,0.25,0.25999999046325684,609191,0.0,0.0
2022-09-16 00:00:00+01:00,0.25999999046325684,0.25999999046325684,0.25999999046325684,0.25999999046325684,0,0.0,0.0
2022-09-20 00:00:00+01:00,0.25999999046325684,0.25,0.25,0.25999999046325684,124,0.0,0.0
2022-09-21 00:00:00+01:00,0.25999999046325684,0.25,0.25,0.25999999046325684,333,0.0,0.0
2022-09-22 00:00:00+01:00,0.25999999046325684,0.25999999046325684,0.25999999046325684,0.25999999046325684,0,0.0,0.0
2022-09-23 00:00:00+01:00,0.25999999046325684,0.25,0.23399999737739563,0.24500000476837158,1488987,0.0,0.0
2022-09-26 00:00:00+01:00,0.24500000476837158,0.23999999463558197,0.23999999463558197,0.23999999463558197,3175647,0.0,0.0
2022-09-27 00:00:00+01:00,0.2549999952316284,0.2549999952316284,0.2549999952316284,0.2549999952316284,110000,0.0,0.0
2022-09-28 00:00:00+01:00,0.2549999952316284,0.2549999952316284,0.23999999463558197,0.23999999463558197,1920396,0.0,0.0
2022-09-29 00:00:00+01:00,0.23999999463558197,0.2199999988079071,0.1899999976158142,0.1899999976158142,3581810,0.0,0.0
2022-09-30 00:00:00+01:00,0.1899999976158142,0.1979999989271164,0.1899999976158142,0.19499999284744263,676650,0.0,0.0
2022-10-03 00:00:00+01:00,0.19499999284744263,0.19200000166893005,0.1899999976158142,0.19499999284744263,9208,0.0,0.0
2022-10-04 00:00:00+01:00,0.19499999284744263,0.19499999284744263,0.19499999284744263,0.19499999284744263,0,0.0,0.0
2022-10-05 00:00:00+01:00,0.19499999284744263,0.19200000166893005,0.1599999964237213,0.1850000023841858,2399683,0.0,0.0
2022-10-06 00:00:00+01:00,0.1850000023841858,0.1850000023841858,0.1850000023841858,0.1850000023841858,0,0.0,0.0
2022-10-07 00:00:00+01:00,0.1850000023841858,0.1850000023841858,0.17000000178813934,0.18000000715255737,602702,0.0,0.0
2022-10-10 00:00:00+01:00,0.18000000715255737,0.18299999833106995,0.17100000381469727,0.18000000715255737,179948,0.0,0.0
2022-10-11 00:00:00+01:00,0.18000000715255737,0.18000000715255737,0.18000000715255737,0.18000000715255737,0,0.0,0.0
2022-10-12 00:00:00+01:00,0.18000000715255737,0.18000000715255737,0.18000000715255737,0.18000000715255737,0,0.0,0.0
2022-10-13 00:00:00+01:00,0.18000000715255737,0.18000000715255737,0.18000000715255737,0.18000000715255737,25167,0.0,0.0
2022-10-14 00:00:00+01:00,0.18000000715255737,0.18000000715255737,0.18000000715255737,0.18000000715255737,0,0.0,0.0
2022-10-17 00:00:00+01:00,0.18000000715255737,0.17000000178813934,0.17000000178813934,0.18000000715255737,25643,0.0,0.0
2022-10-18 00:00:00+01:00,0.18000000715255737,0.18000000715255737,0.18000000715255737,0.18000000715255737,0,0.0,0.0
2022-10-19 00:00:00+01:00,0.18000000715255737,0.18000000715255737,0.18000000715255737,0.18000000715255737,50000,0.0,0.0
2022-10-20 00:00:00+01:00,0.18000000715255737,0.18000000715255737,0.18000000715255737,0.18000000715255737,0,0.0,0.0
2022-10-21 00:00:00+01:00,0.18000000715255737,0.17499999701976776,0.17000000178813934,0.17499999701976776,53857,0.0,0.0
2022-10-24 00:00:00+01:00,0.1850000023841858,0.17299999296665192,0.17299999296665192,0.18000000715255737,106119,0.0,0.0
2022-10-25 00:00:00+01:00,0.18000000715255737,0.1889999955892563,0.17900000512599945,0.1850000023841858,7954400,0.0,0.0
2022-10-26 00:00:00+01:00,0.1850000023841858,0.18000000715255737,0.17299999296665192,0.1850000023841858,3006249,0.0,0.0
2022-10-27 00:00:00+01:00,0.1850000023841858,0.1850000023841858,0.1850000023841858,0.1850000023841858,0,0.0,0.0
2022-10-28 00:00:00+01:00,0.1850000023841858,0.18000000715255737,0.18000000715255737,0.1850000023841858,1442,0.0,0.0
2022-10-31 00:00:00+00:00,0.1850000023841858,0.1809999942779541,0.1809999942779541,0.1850000023841858,5524,0.0,0.0
2022-11-01 00:00:00+00:00,0.1850000023841858,0.1850000023841858,0.1850000023841858,0.1850000023841858,0,0.0,0.0
2022-11-02 00:00:00+00:00,0.1850000023841858,0.1850000023841858,0.1850000023841858,0.1850000023841858,0,0.0,0.0
2022-11-03 00:00:00+00:00,0.1850000023841858,0.1850000023841858,0.1850000023841858,0.1850000023841858,0,0.0,0.0
2022-11-04 00:00:00+00:00,0.1850000023841858,0.1850000023841858,0.1850000023841858,0.1850000023841858,0,0.0,0.0
2022-11-07 00:00:00+00:00,0.1850000023841858,0.1809999942779541,0.1809999942779541,0.1850000023841858,1878,0.0,0.0
2022-11-08 00:00:00+00:00,0.1850000023841858,0.18000000715255737,0.18000000715255737,0.1850000023841858,5521,0.0,0.0
2022-11-09 00:00:00+00:00,0.1850000023841858,0.1850000023841858,0.1850000023841858,0.1850000023841858,0,0.0,0.0
2022-11-10 00:00:00+00:00,0.1850000023841858,0.1899999976158142,0.18000000715255737,0.1899999976158142,54611,0.0,0.0
2022-11-11 00:00:00+00:00,0.1850000023841858,0.1809999942779541,0.1809999942779541,0.1850000023841858,5524,0.0,0.0
2022-11-14 00:00:00+00:00,0.1850000023841858,0.18000000715255737,0.18000000715255737,0.1850000023841858,3000,0.0,0.0
2022-11-15 00:00:00+00:00,0.1850000023841858,0.18000000715255737,0.18000000715255737,0.1850000023841858,26485,0.0,0.0
2022-11-16 00:00:00+00:00,0.1850000023841858,0.1850000023841858,0.1850000023841858,0.1850000023841858,0,0.0,0.0
2022-11-17 00:00:00+00:00,0.1850000023841858,0.1809999942779541,0.17000000178813934,0.18000000715255737,4385920,0.0,0.0
2022-11-18 00:00:00+00:00,0.18000000715255737,0.18000000715255737,0.18000000715255737,0.18000000715255737,0,0.0,0.0
2022-11-21 00:00:00+00:00,0.18000000715255737,0.21799999475479126,0.17000000178813934,0.17499999701976776,34221186,0.0,0.0
2022-11-22 00:00:00+00:00,0.17499999701976776,0.17000000178813934,0.15000000596046448,0.1599999964237213,2637815,0.0,0.0
2022-11-23 00:00:00+00:00,0.1599999964237213,0.1679999977350235,0.15199999511241913,0.1599999964237213,1161386,0.0,0.0
2022-11-24 00:00:00+00:00,0.1599999964237213,0.19099999964237213,0.15700000524520874,0.17499999701976776,3658546,0.0,0.0
2022-11-25 00:00:00+00:00,0.17499999701976776,0.17100000381469727,0.17100000381469727,0.17499999701976776,1160449,0.0,0.0
2022-11-28 00:00:00+00:00,0.17499999701976776,0.1899999976158142,0.1599999964237213,0.1850000023841858,6405951,0.0,0.0
2022-11-29 00:00:00+00:00,0.1850000023841858,0.1889999955892563,0.1720000058412552,0.1850000023841858,3326470,0.0,0.0
2022-11-30 00:00:00+00:00,0.1850000023841858,0.1860000044107437,0.1850000023841858,0.1850000023841858,1224324,0.0,0.0
2022-12-01 00:00:00+00:00,0.1850000023841858,0.19099999964237213,0.17599999904632568,0.1850000023841858,7971166,0.0,0.0
2022-12-02 00:00:00+00:00,0.1850000023841858,0.2199999988079071,0.17399999499320984,0.20000000298023224,29326950,0.0,0.0
2022-12-05 00:00:00+00:00,0.20000000298023224,0.3779999911785126,0.20200000703334808,0.35499998927116394,127915037,0.0,0.0
2022-12-06 00:00:00+00:00,0.35499998927116394,0.3779999911785126,0.30000001192092896,0.3149999976158142,53639678,0.0,0.0
2022-12-07 00:00:00+00:00,0.3149999976158142,0.3499999940395355,0.2529999911785126,0.33000001311302185,52951507,0.0,0.0
2022-12-08 00:00:00+00:00,0.33500000834465027,0.36000001430511475,0.2409999966621399,0.24500000476837158,75179307,0.0,0.0
2022-12-09 00:00:00+00:00,0.24500000476837158,0.23999999463558197,0.19599999487400055,0.20999999344348907,29138876,0.0,0.0
2022-12-12 00:00:00+00:00,0.20999999344348907,0.20600000023841858,0.17000000178813934,0.17499999701976776,18270706,0.0,0.0
2022-12-13 00:00:00+00:00,0.17499999701976776,0.2160000056028366,0.1550000011920929,0.20000000298023224,27895684,0.0,0.0
2022-12-14 00:00:00+00:00,0.20000000298023224,0.1899999976158142,0.17000000178813934,0.17499999701976776,8437118,0.0,0.0
2022-12-15 00:00:00+00:00,0.17499999701976776,0.18799999356269836,0.1599999964237213,0.17499999701976776,16181402,0.0,0.0
2022-12-16 00:00:00+00:00,0.17499999701976776,0.164000004529953,0.164000004529953,0.17499999701976776,80445,0.0,0.0
2022-12-19 00:00:00+00:00,0.17499999701976776,0.164000004529953,0.164000004529953,0.17499999701976776,978527,0.0,0.0
2022-12-20 00:00:00+00:00,0.17499999701976776,0.1770000010728836,0.16200000047683716,0.16500000655651093,13973270,0.0,0.0
2022-12-21 00:00:00+00:00,0.16500000655651093,0.17399999499320984,0.16500000655651093,0.17499999701976776,4947212,0.0,0.0
2022-12-22 00:00:00+00:00,0.17499999701976776,0.16500000655651093,0.16500000655651093,0.17499999701976776,311509,0.0,0.0
2022-12-23 00:00:00+00:00,0.17499999701976776,0.16500000655651093,0.16500000655651093,0.17499999701976776,315620,0.0,0.0
2022-12-28 00:00:00+00:00,0.17000000178813934,0.16200000047683716,0.15199999511241913,0.1599999964237213,8831027,0.0,0.0
2022-12-29 00:00:00+00:00,0.1599999964237213,0.17000000178813934,0.15299999713897705,0.1599999964237213,2723316,0.0,0.0
2022-12-30 00:00:00+00:00,0.1599999964237213,0.18000000715255737,0.17000000178813934,0.16500000655651093,1176777,0.0,0.0
2023-01-03 00:00:00+00:00,0.16500000655651093,0.1770000010728836,0.17000000178813934,0.16500000655651093,2459259,0.0,0.0
2023-01-04 00:00:00+00:00,0.16500000655651093,0.17100000381469727,0.16300000250339508,0.16500000655651093,3177328,0.0,0.0
2023-01-05 00:00:00+00:00,0.16500000655651093,0.17100000381469727,0.1589999943971634,0.1599999964237213,7061947,0.0,0.0
2023-01-06 00:00:00+00:00,0.1599999964237213,0.1589999943971634,0.1550000011920929,0.1599999964237213,2153741,0.0,0.0
2023-01-09 00:00:00+00:00,0.1599999964237213,0.1679999977350235,0.15600000321865082,0.1599999964237213,240118,0.0,0.0
2023-01-10 00:00:00+00:00,0.1599999964237213,0.1679999977350235,0.15600000321865082,0.1599999964237213,1681874,0.0,0.0
2023-01-11 00:00:00+00:00,0.1599999964237213,0.1679999977350235,0.1679999977350235,0.1599999964237213,300000,0.0,0.0
2023-01-12 00:00:00+00:00,0.1599999964237213,0.17100000381469727,0.16899999976158142,0.16500000655651093,1308001,0.0,0.0
2023-01-13 00:00:00+00:00,0.16500000655651093,0.17499999701976776,0.1589999943971634,0.17000000178813934,1920181,0.0,0.0
2023-01-16 00:00:00+00:00,0.17000000178813934,0.2160000056028366,0.16500000655651093,0.20999999344348907,18840827,0.0,0.0
2023-01-17 00:00:00+00:00,0.20999999344348907,0.23000000417232513,0.17100000381469727,0.20499999821186066,44469210,0.0,0.0
2023-01-18 00:00:00+00:00,0.20999999344348907,0.2029999941587448,0.1809999942779541,0.1850000023841858,14509182,0.0,0.0
2023-01-19 00:00:00+00:00,0.1850000023841858,0.1940000057220459,0.18199999630451202,0.1899999976158142,4038739,0.0,0.0
2023-01-20 00:00:00+00:00,0.1899999976158142,0.18000000715255737,0.1720000058412552,0.18000000715255737,8074055,0.0,0.0
2023-01-23 00:00:00+00:00,0.18000000715255737,0.17900000512599945,0.1720000058412552,0.17499999701976776,3549979,0.0,0.0
2023-01-24 00:00:00+00:00,0.17499999701976776,0.18000000715255737,0.1720000058412552,0.17499999701976776,4947862,0.0,0.0
2023-01-25 00:00:00+00:00,0.17499999701976776,0.18000000715255737,0.1720000058412552,0.17499999701976776,134722,0.0,0.0
2023-01-26 00:00:00+00:00,0.17499999701976776,0.17599999904632568,0.1720000058412552,0.17499999701976776,3562135,0.0,0.0
2023-01-27 00:00:00+00:00,0.17499999701976776,0.17599999904632568,0.1720000058412552,0.17499999701976776,539147,0.0,0.0
2023-01-30 00:00:00+00:00,0.17499999701976776,0.17499999701976776,0.17499999701976776,0.18000000715255737,3646428,0.0,0.0
2023-01-31 00:00:00+00:00,0.18000000715255737,0.17000000178813934,0.17000000178813934,0.18000000715255737,4270,0.0,0.0
2023-02-01 00:00:00+00:00,0.18000000715255737,0.18000000715255737,0.18000000715255737,0.18000000715255737,0,0.0,0.0
2023-02-02 00:00:00+00:00,0.18000000715255737,0.17000000178813934,0.17000000178813934,0.18000000715255737,436081,0.0,0.0
2023-02-03 00:00:00+00:00,0.18000000715255737,0.17000000178813934,0.1599999964237213,0.16500000655651093,8397686,0.0,0.0
2023-02-06 00:00:00+00:00,0.16500000655651093,0.16500000655651093,0.1599999964237213,0.16500000655651093,556808,0.0,0.0
2023-02-07 00:00:00+00:00,0.16500000655651093,0.16500000655651093,0.16099999845027924,0.16500000655651093,824843,0.0,0.0
2023-02-08 00:00:00+00:00,0.16500000655651093,0.16500000655651093,0.16500000655651093,0.16500000655651093,0,0.0,0.0
2023-02-09 00:00:00+00:00,0.16500000655651093,0.16500000655651093,0.16500000655651093,0.16500000655651093,0,0.0,0.0
2023-02-10 00:00:00+00:00,0.16500000655651093,0.1599999964237213,0.1599999964237213,0.16500000655651093,3669,0.0,0.0
2023-02-13 00:00:00+00:00,0.16500000655651093,0.1599999964237213,0.1599999964237213,0.16500000655651093,2020,0.0,0.0
2023-02-14 00:00:00+00:00,0.16500000655651093,0.16200000047683716,0.16099999845027924,0.16500000655651093,400000,0.0,0.0
2023-02-15 00:00:00+00:00,0.16500000655651093,0.16500000655651093,0.16500000655651093,0.16500000655651093,0,0.0,0.0
2023-02-16 00:00:00+00:00,0.16500000655651093,0.16200000047683716,0.1599999964237213,0.16500000655651093,7410,0.0,0.0
2023-02-17 00:00:00+00:00,0.16500000655651093,0.16200000047683716,0.16200000047683716,0.16500000655651093,57754,0.0,0.0
2023-02-20 00:00:00+00:00,0.16500000655651093,0.1599999964237213,0.1599999964237213,0.16500000655651093,200,0.0,0.0
2023-02-21 00:00:00+00:00,0.16500000655651093,0.16099999845027924,0.16099999845027924,0.16500000655651093,396793,0.0,0.0
2023-02-22 00:00:00+00:00,0.16500000655651093,0.16099999845027924,0.15000000596046448,0.1550000011920929,11437300,0.0,0.0
2023-02-23 00:00:00+00:00,0.1550000011920929,0.17000000178813934,0.12999999523162842,0.1599999964237213,26859829,0.0,0.0
2023-02-24 00:00:00+00:00,0.1599999964237213,0.16099999845027924,0.13300000131130219,0.14499999582767487,35684731,0.0,0.0
2023-02-27 00:00:00+00:00,0.14499999582767487,0.1420000046491623,0.13300000131130219,0.14000000059604645,627406,0.0,0.0
2023-02-28 00:00:00+00:00,0.14000000059604645,0.15700000524520874,0.1420000046491623,0.15000000596046448,10833276,0.0,0.0
2023-03-01 00:00:00+00:00,0.15000000596046448,0.14800000190734863,0.13699999451637268,0.14000000059604645,5080703,0.0,0.0
2023-03-02 00:00:00+00:00,0.14000000059604645,0.15000000596046448,0.1459999978542328,0.15000000596046448,6500900,0.0,0.0
2023-03-03 00:00:00+00:00,0.15000000596046448,0.1550000011920929,0.14100000262260437,0.15000000596046448,10005666,0.0,0.0
2023-03-06 00:00:00+00:00,0.15000000596046448,0.14300000667572021,0.14000000059604645,0.14499999582767487,6857428,0.0,0.0
2023-03-07 00:00:00+00:00,0.14499999582767487,0.1469999998807907,0.14000000059604645,0.14499999582767487,2902000,0.0,0.0
2023-03-08 00:00:00+00:00,0.14499999582767487,0.15000000596046448,0.14000000059604645,0.14499999582767487,418587,0.0,0.0
2023-03-09 00:00:00+00:00,0.14499999582767487,0.14100000262260437,0.1379999965429306,0.14499999582767487,2110000,0.0,0.0
2023-03-10 00:00:00+00:00,0.14499999582767487,0.14499999582767487,0.14499999582767487,0.14499999582767487,0,0.0,0.0
2023-03-13 00:00:00+00:00,0.14499999582767487,0.14499999582767487,0.14499999582767487,0.14499999582767487,0,0.0,0.0
2023-03-14 00:00:00+00:00,0.14499999582767487,0.14399999380111694,0.14000000059604645,0.14000000059604645,4703467,0.0,0.0
2023-03-15 00:00:00+00:00,0.14000000059604645,0.13199999928474426,0.12999999523162842,0.14000000059604645,1000534,0.0,0.0
2023-03-16 00:00:00+00:00,0.14000000059604645,0.12999999523162842,0.12999999523162842,0.14000000059604645,520,0.0,0.0
2023-03-17 00:00:00+00:00,0.14000000059604645,0.13099999725818634,0.13099999725818634,0.13500000536441803,1450000,0.0,0.0
2023-03-20 00:00:00+00:00,0.13500000536441803,0.13500000536441803,0.13500000536441803,0.13500000536441803,0,0.0,0.0
2023-03-21 00:00:00+00:00,0.13500000536441803,0.13199999928474426,0.12999999523162842,0.13500000536441803,654401,0.0,0.0
2023-03-22 00:00:00+00:00,0.13500000536441803,0.12999999523162842,0.12999999523162842,0.125,1615297,0.0,0.0
2023-03-23 00:00:00+00:00,0.125,0.1289999932050705,0.125,0.125,8035209,0.0,0.0
2023-03-24 00:00:00+00:00,0.125,0.13300000131130219,0.11999999731779099,0.12999999523162842,1410788,0.0,0.0
2023-03-27 00:00:00+01:00,0.12999999523162842,0.12200000137090683,0.12200000137090683,0.12999999523162842,332851,0.0,0.0
2023-03-28 00:00:00+01:00,0.125,0.13199999928474426,0.12200000137090683,0.12999999523162842,418300,0.0,0.0
2023-03-29 00:00:00+01:00,0.12999999523162842,0.12999999523162842,0.12999999523162842,0.12999999523162842,0,0.0,0.0
2023-03-30 00:00:00+01:00,0.12999999523162842,0.12999999523162842,0.12999999523162842,0.12999999523162842,0,0.0,0.0
2023-03-31 00:00:00+01:00,0.12999999523162842,0.1289999932050705,0.11999999731779099,0.125,2022457,0.0,0.0
2023-04-03 00:00:00+01:00,0.125,0.11999999731779099,0.11999999731779099,0.125,500,0.0,0.0
2023-04-04 00:00:00+01:00,0.125,0.1289999932050705,0.11999999731779099,0.125,179472,0.0,0.0
2023-04-05 00:00:00+01:00,0.125,0.12800000607967377,0.11999999731779099,0.125,477520,0.0,0.0
2023-04-06 00:00:00+01:00,0.125,0.125,0.125,0.125,0,0.0,0.0
2023-04-11 00:00:00+01:00,0.125,0.125,0.125,0.125,0,0.0,0.0
2023-04-12 00:00:00+01:00,0.125,0.13199999928474426,0.12700000405311584,0.13500000536441803,7039224,0.0,0.0
2023-04-13 00:00:00+01:00,0.13500000536441803,0.1469999998807907,0.13699999451637268,0.14499999582767487,4460997,0.0,0.0
2023-04-14 00:00:00+01:00,0.14499999582767487,0.1599999964237213,0.13199999928474426,0.14499999582767487,394901,0.0,0.0
2023-04-17 00:00:00+01:00,0.14499999582767487,0.1599999964237213,0.13199999928474426,0.14499999582767487,793187,0.0,0.0
2023-04-18 00:00:00+01:00,0.14499999582767487,0.1509999930858612,0.13099999725818634,0.14499999582767487,465349,0.0,0.0
2023-04-19 00:00:00+01:00,0.14499999582767487,0.13199999928474426,0.13099999725818634,0.14499999582767487,774475,0.0,0.0
2023-04-20 00:00:00+01:00,0.14499999582767487,0.14499999582767487,0.14499999582767487,0.14499999582767487,0,0.0,0.0
2023-04-21 00:00:00+01:00,0.14499999582767487,0.12999999523162842,0.12999999523162842,0.14499999582767487,1500,0.0,0.0
2023-04-24 00:00:00+01:00,0.14499999582767487,0.13099999725818634,0.12999999523162842,0.14499999582767487,2111443,0.0,0.0
2023-04-25 00:00:00+01:00,0.14499999582767487,0.12999999523162842,0.12999999523162842,0.14499999582767487,500,0.0,0.0
2023-04-26 00:00:00+01:00,0.14499999582767487,0.14499999582767487,0.14499999582767487,0.14499999582767487,0,0.0,0.0
2023-04-27 00:00:00+01:00,0.14499999582767487,0.12999999523162842,0.12999999523162842,0.14499999582767487,250000,0.0,0.0
2023-04-28 00:00:00+01:00,0.14499999582767487,0.12999999523162842,0.12999999523162842,0.14499999582767487,334035,0.0,0.0
2023-05-02 00:00:00+01:00,0.14499999582767487,0.14900000393390656,0.14900000393390656,0.14499999582767487,3779,0.0,0.0
2023-05-03 00:00:00+01:00,0.14499999582767487,0.14499999582767487,0.14499999582767487,0.14499999582767487,0,0.0,0.0
2023-05-04 00:00:00+01:00,0.14499999582767487,0.12999999523162842,0.12999999523162842,0.14499999582767487,119962,0.0,0.0
2023-05-05 00:00:00+01:00,0.14499999582767487,0.12999999523162842,0.12999999523162842,0.14499999582767487,8350,0.0,0.0
2023-05-09 00:00:00+01:00,0.14499999582767487,0.12999999523162842,0.12999999523162842,0.14499999582767487,147608,0.0,0.0
2023-05-10 00:00:00+01:00,0.14499999582767487,0.14800000190734863,0.14800000190734863,0.14499999582767487,96283,0.0,0.0
2023-05-11 00:00:00+01:00,0.14499999582767487,0.12999999523162842,0.12999999523162842,0.14499999582767487,500,0.0,0.0
2023-05-12 00:00:00+01:00,0.14499999582767487,0.12999999523162842,0.12999999523162842,0.14499999582767487,30000,0.0,0.0
2023-05-15 00:00:00+01:00,0.14499999582767487,0.12999999523162842,0.12999999523162842,0.14499999582767487,1181,0.0,0.0
2023-05-16 00:00:00+01:00,0.14499999582767487,0.14800000190734863,0.12999999523162842,0.14499999582767487,383212,0.0,0.0
2023-05-17 00:00:00+01:00,0.14499999582767487,0.14499999582767487,0.14499999582767487,0.14499999582767487,0,0.0,0.0
2023-05-18 00:00:00+01:00,0.14499999582767487,0.14800000190734863,0.14800000190734863,0.14499999582767487,150000,0.0,0.0
2023-05-19 00:00:00+01:00,0.14499999582767487,0.1599999964237213,0.14800000190734863,0.14499999582767487,802701,0.0,0.0
2023-05-22 00:00:00+01:00,0.14499999582767487,0.12999999523162842,0.12999999523162842,0.14499999582767487,1800,0.0,0.0
2023-05-23 00:00:00+01:00,0.14499999582767487,0.14499999582767487,0.14499999582767487,0.14499999582767487,0,0.0,0.0
2023-05-24 00:00:00+01:00,0.14499999582767487,0.12999999523162842,0.12999999523162842,0.14499999582767487,11363,0.0,0.0
2023-05-25 00:00:00+01:00,0.14499999582767487,0.14499999582767487,0.14499999582767487,0.14499999582767487,0,0.0,0.0
2023-05-26 00:00:00+01:00,0.14499999582767487,0.14499999582767487,0.14499999582767487,0.14499999582767487,0,0.0,0.0
2023-05-30 00:00:00+01:00,0.14499999582767487,0.14499999582767487,0.14499999582767487,0.14499999582767487,0,0.0,0.0
2023-05-31 00:00:00+01:00,0.14499999582767487,0.14499999582767487,0.14499999582767487,0.14499999582767487,0,0.0,0.0
2023-06-01 00:00:00+01:00,0.14499999582767487,0.12999999523162842,0.12999999523162842,0.14499999582767487,200400,0.0,0.0
2023-06-02 00:00:00+01:00,0.14499999582767487,0.14499999582767487,0.14499999582767487,0.14499999582767487,0,0.0,0.0
2023-06-05 00:00:00+01:00,0.14499999582767487,0.14499999582767487,0.14499999582767487,0.14499999582767487,0,0.0,0.0
2023-06-06 00:00:00+01:00,0.14499999582767487,0.14499999582767487,0.14499999582767487,0.14499999582767487,0,0.0,0.0
2023-06-07 00:00:00+01:00,0.14499999582767487,0.14499999582767487,0.14499999582767487,0.14499999582767487,0,0.0,0.0
2023-06-08 00:00:00+01:00,0.14499999582767487,0.14499999582767487,0.14499999582767487,0.14499999582767487,0,0.0,0.0
2023-06-09 00:00:00+01:00,0.14499999582767487,0.14499999582767487,0.14499999582767487,0.14499999582767487,0,0.0,0.0
2023-06-12 00:00:00+01:00,0.14499999582767487,0.14499999582767487,0.14499999582767487,0.14499999582767487,0,0.0,0.0
2023-06-13 00:00:00+01:00,0.14499999582767487,0.14499999582767487,0.14499999582767487,0.14499999582767487,0,0.0,0.0
2023-06-14 00:00:00+01:00,0.14499999582767487,0.14499999582767487,0.14499999582767487,0.14499999582767487,0,0.0,0.0
2023-06-15 00:00:00+01:00,0.14499999582767487,0.14499999582767487,0.12099999934434891,0.14499999582767487,7932334,0.0,0.0
2023-06-16 00:00:00+01:00,0.13500000536441803,0.12999999523162842,0.11900000274181366,0.11999999731779099,1026173,0.0,0.0
2023-06-19 00:00:00+01:00,0.11999999731779099,0.11100000143051147,0.11100000143051147,0.11500000208616257,1000000,0.0,0.0
2023-06-20 00:00:00+01:00,0.11500000208616257,0.10999999940395355,0.10000000149011612,0.10999999940395355,7096192,0.0,0.0
2023-06-21 00:00:00+01:00,0.10999999940395355,0.10999999940395355,0.10999999940395355,0.10999999940395355,0,0.0,0.0
2023-06-22 00:00:00+01:00,0.10999999940395355,0.10999999940395355,0.10999999940395355,0.10999999940395355,0,0.0,0.0
2023-06-23 00:00:00+01:00,0.10999999940395355,0.10999999940395355,0.10999999940395355,0.10999999940395355,0,0.0,0.0
2023-06-26 00:00:00+01:00,0.10999999940395355,0.10899999737739563,0.10199999809265137,0.10999999940395355,895,0.0,0.0
2023-06-27 00:00:00+01:00,0.10999999940395355,0.10899999737739563,0.10899999737739563,0.10999999940395355,604,0.0,0.0
2023-06-28 00:00:00+01:00,0.10999999940395355,0.10999999940395355,0.10999999940395355,0.10999999940395355,0,0.0,0.0
2023-06-29 00:00:00+01:00,0.10000000149011612,0.10199999809265137,0.10199999809265137,0.10999999940395355,96283,0.0,0.0
2023-06-30 00:00:00+01:00,0.10999999940395355,0.10999999940395355,0.10999999940395355,0.10999999940395355,0,0.0,0.0
2023-07-03 00:00:00+01:00,0.10999999940395355,0.10000000149011612,0.10000000149011612,0.10999999940395355,604,0.0,0.0
2023-07-04 00:00:00+01:00,0.10999999940395355,0.10899999737739563,0.10000000149011612,0.10999999940395355,28664,0.0,0.0
2023-07-05 00:00:00+01:00,0.10999999940395355,0.10999999940395355,0.10999999940395355,0.10999999940395355,0,0.0,0.0
2023-07-06 00:00:00+01:00,0.10999999940395355,0.10999999940395355,0.10999999940395355,0.10999999940395355,0,0.0,0.0
2023-07-07 00:00:00+01:00,0.10999999940395355,0.10000000149011612,0.10000000149011612,0.10999999940395355,91321,0.0,0.0
2023-07-10 00:00:00+01:00,0.10999999940395355,0.10999999940395355,0.10999999940395355,0.10999999940395355,0,0.0,0.0
2023-07-11 00:00:00+01:00,0.10999999940395355,0.10000000149011612,0.10000000149011612,0.10999999940395355,7458,0.0,0.0
2023-07-12 00:00:00+01:00,0.10999999940395355,0.1080000028014183,0.1080000028014183,0.10999999940395355,66881,0.0,0.0
2023-07-13 00:00:00+01:00,0.10999999940395355,0.10000000149011612,0.10000000149011612,0.10999999940395355,4610,0.0,0.0
2023-07-14 00:00:00+01:00,0.10999999940395355,0.10999999940395355,0.10999999940395355,0.10999999940395355,0,0.0,0.0
2023-07-17 00:00:00+01:00,0.10999999940395355,0.1080000028014183,0.1080000028014183,0.10999999940395355,256309,0.0,0.0
2023-07-18 00:00:00+01:00,0.10999999940395355,0.10000000149011612,0.10000000149011612,0.10999999940395355,117828,0.0,0.0
2023-07-19 00:00:00+01:00,0.10999999940395355,0.10000000149011612,0.10000000149011612,0.10999999940395355,421,0.0,0.0
2023-07-20 00:00:00+01:00,0.10999999940395355,0.1080000028014183,0.1080000028014183,0.10999999940395355,4613,0.0,0.0
2023-07-21 00:00:00+01:00,0.10999999940395355,0.10999999940395355,0.10999999940395355,0.10999999940395355,0,0.0,0.0
2023-07-24 00:00:00+01:00,0.10999999940395355,0.10999999940395355,0.10999999940395355,0.10999999940395355,0,0.0,0.0
2023-07-25 00:00:00+01:00,0.10999999940395355,0.10999999940395355,0.10999999940395355,0.10999999940395355,0,0.0,0.0
2023-07-26 00:00:00+01:00,0.10999999940395355,0.16899999976158142,0.1080000028014183,0.1599999964237213,24163143,0.0,0.0
2023-07-27 00:00:00+01:00,0.1550000011920929,0.1550000011920929,0.11100000143051147,0.11999999731779099,10216440,0.0,0.0
2023-07-28 00:00:00+01:00,0.11999999731779099,0.11100000143051147,0.11100000143051147,0.11999999731779099,1662550,0.0,0.0
2023-07-31 00:00:00+01:00,0.11999999731779099,0.11599999666213989,0.10300000011920929,0.11999999731779099,562793,0.0,0.0
2023-08-01 00:00:00+01:00,0.11999999731779099,0.11500000208616257,0.10999999940395355,0.11999999731779099,1043712,0.0,0.0
2023-08-02 00:00:00+01:00,0.11999999731779099,0.11999999731779099,0.10999999940395355,0.11999999731779099,39407,0.0,0.0
2023-08-03 00:00:00+01:00,0.11999999731779099,0.11999999731779099,0.11999999731779099,0.11999999731779099,0,0.0,0.0
2023-08-04 00:00:00+01:00,0.11999999731779099,0.11999999731779099,0.11999999731779099,0.11999999731779099,0,0.0,0.0
2023-08-07 00:00:00+01:00,0.11999999731779099,0.12300000339746475,0.12300000339746475,0.11999999731779099,500000,0.0,0.0
2023-08-08 00:00:00+01:00,0.11999999731779099,0.10999999940395355,0.10999999940395355,0.11999999731779099,600,0.0,0.0
2023-08-09 00:00:00+01:00,0.11999999731779099,0.12800000607967377,0.10999999940395355,0.11999999731779099,33372,0.0,0.0
2023-08-10 00:00:00+01:00,0.11999999731779099,0.11999999731779099,0.11999999731779099,0.11999999731779099,0,0.0,0.0
2023-08-11 00:00:00+01:00,0.11999999731779099,0.12800000607967377,0.10999999940395355,0.11999999731779099,211039,0.0,0.0
2023-08-14 00:00:00+01:00,0.11999999731779099,0.12700000405311584,0.10999999940395355,0.11500000208616257,1037642,0.0,0.0
2023-08-15 00:00:00+01:00,0.11500000208616257,0.11999999731779099,0.10999999940395355,0.11500000208616257,533332,0.0,0.0
2023-08-16 00:00:00+01:00,0.11500000208616257,0.10999999940395355,0.10999999940395355,0.11500000208616257,2000,0.0,0.0
2023-08-17 00:00:00+01:00,0.11500000208616257,0.11900000274181366,0.11800000071525574,0.11500000208616257,290809,0.0,0.0
2023-08-18 00:00:00+01:00,0.10999999940395355,0.1120000034570694,0.10000000149011612,0.10499999672174454,1599823,0.0,0.0
2023-08-21 00:00:00+01:00,0.10499999672174454,0.10499999672174454,0.10499999672174454,0.10499999672174454,0,0.0,0.0
2023-08-22 00:00:00+01:00,0.10499999672174454,0.10499999672174454,0.10499999672174454,0.10499999672174454,0,0.0,0.0
2023-08-23 00:00:00+01:00,0.10499999672174454,0.10499999672174454,0.10499999672174454,0.10499999672174454,0,0.0,0.0
2023-08-24 00:00:00+01:00,0.10499999672174454,0.10499999672174454,0.10499999672174454,0.10499999672174454,0,0.0,0.0
2023-08-25 00:00:00+01:00,0.10499999672174454,0.10499999672174454,0.10499999672174454,0.10499999672174454,0,0.0,0.0
2023-08-29 00:00:00+01:00,0.10499999672174454,0.10000000149011612,0.10000000149011612,0.10000000149011612,1161056,0.0,0.0
2023-08-30 00:00:00+01:00,0.10000000149011612,0.10499999672174454,0.09700000286102295,0.10000000149011612,189844,0.0,0.0
2023-08-31 00:00:00+01:00,0.10000000149011612,0.09700000286102295,0.09700000286102295,0.10000000149011612,10667,0.0,0.0
2023-09-01 00:00:00+01:00,0.10000000149011612,0.10000000149011612,0.10000000149011612,0.10000000149011612,0,0.0,0.0
2023-09-04 00:00:00+01:00,0.10000000149011612,0.10000000149011612,0.10000000149011612,0.10000000149011612,0,0.0,0.0
2023-09-05 00:00:00+01:00,0.10000000149011612,0.10000000149011612,0.10000000149011612,0.10000000149011612,0,0.0,0.0
2023-09-06 00:00:00+01:00,0.10000000149011612,0.10000000149011612,0.10000000149011612,0.10000000149011612,0,0.0,0.0
2023-09-07 00:00:00+01:00,0.10000000149011612,0.10000000149011612,0.10000000149011612,0.10000000149011612,0,0.0,0.0
2023-09-08 00:00:00+01:00,0.10000000149011612,0.10000000149011612,0.10000000149011612,0.10000000149011612,0,0.0,0.0
2023-09-11 00:00:00+01:00,0.10000000149011612,0.09700000286102295,0.09700000286102295,0.10000000149011612,144,0.0,0.0
2023-09-12 00:00:00+01:00,0.10000000149011612,0.09700000286102295,0.09000000357627869,0.10000000149011612,1035297,0.0,0.0
2023-09-13 00:00:00+01:00,0.10000000149011612,0.09200000017881393,0.09200000017881393,0.10000000149011612,50000,0.0,0.0
2023-09-14 00:00:00+01:00,0.10000000149011612,0.10000000149011612,0.10000000149011612,0.10000000149011612,0,0.0,0.0
2023-09-15 00:00:00+01:00,0.10000000149011612,0.09200000017881393,0.09200000017881393,0.10000000149011612,607233,0.0,0.0
2023-09-18 00:00:00+01:00,0.10000000149011612,0.12300000339746475,0.09000000357627869,0.10499999672174454,21780826,0.0,0.0
2023-09-19 00:00:00+01:00,0.10499999672174454,0.11599999666213989,0.10000000149011612,0.10999999940395355,23215143,0.0,0.0
2023-09-20 00:00:00+01:00,0.10999999940395355,0.10999999940395355,0.10000000149011612,0.10499999672174454,2162725,0.0,0.0
2023-09-21 00:00:00+01:00,0.10499999672174454,0.10499999672174454,0.09700000286102295,0.10000000149011612,13829551,0.0,0.0
2023-09-22 00:00:00+01:00,0.10000000149011612,0.10199999809265137,0.09300000220537186,0.10000000149011612,11317084,0.0,0.0
2023-09-25 00:00:00+01:00,0.10000000149011612,0.10700000077486038,0.09399999678134918,0.10000000149011612,5987623,0.0,0.0
2023-09-26 00:00:00+01:00,0.10000000149011612,0.10000000149011612,0.06300000101327896,0.06800000369548798,25790668,0.0,0.0
2023-09-27 00:00:00+01:00,0.06800000369548798,0.0689999982714653,0.05999999865889549,0.07000000029802322,19190008,0.0,0.0
2023-09-28 00:00:00+01:00,0.07000000029802322,0.0729999989271164,0.05999999865889549,0.06499999761581421,14063765,0.0,0.0
2023-09-29 00:00:00+01:00,0.06499999761581421,0.06800000369548798,0.057999998331069946,0.06499999761581421,5679203,0.0,0.0
2023-10-02 00:00:00+01:00,0.06499999761581421,0.06499999761581421,0.06499999761581421,0.06499999761581421,0,0.0,0.0
2023-10-03 00:00:00+01:00,0.06499999761581421,0.06499999761581421,0.06499999761581421,0.06499999761581421,0,0.0,0.0
2023-10-04 00:00:00+01:00,0.06499999761581421,0.06499999761581421,0.06499999761581421,0.06499999761581421,0,0.0,0.0
2023-10-05 00:00:00+01:00,0.06499999761581421,0.06499999761581421,0.06499999761581421,0.06499999761581421,0,0.0,0.0
2023-10-06 00:00:00+01:00,0.06499999761581421,0.06499999761581421,0.06499999761581421,0.06499999761581421,0,0.0,0.0
2023-10-09 00:00:00+01:00,0.06499999761581421,0.06499999761581421,0.06499999761581421,0.06499999761581421,0,0.0,0.0
2023-10-10 00:00:00+01:00,0.06499999761581421,0.06499999761581421,0.06499999761581421,0.06499999761581421,0,0.0,0.0
2023-10-11 00:00:00+01:00,0.06499999761581421,0.06499999761581421,0.06499999761581421,0.06499999761581421,0,0.0,0.0
2023-10-12 00:00:00+01:00,0.06499999761581421,0.06499999761581421,0.06499999761581421,0.06499999761581421,0,0.0,0.0
2023-10-13 00:00:00+01:00,0.06499999761581421,0.06499999761581421,0.06499999761581421,0.06499999761581421,0,0.0,0.0
2023-10-16 00:00:00+01:00,0.06499999761581421,0.06499999761581421,0.06499999761581421,0.06499999761581421,0,0.0,0.0
2023-10-17 00:00:00+01:00,0.06499999761581421,0.06499999761581421,0.06499999761581421,0.06499999761581421,0,0.0,0.0
2023-10-18 00:00:00+01:00,0.06499999761581421,0.06499999761581421,0.06499999761581421,0.06499999761581421,0,0.0,0.0
2023-10-19 00:00:00+01:00,0.06499999761581421,0.06499999761581421,0.06499999761581421,0.06499999761581421,0,0.0,0.0
2023-10-20 00:00:00+01:00,0.06499999761581421,0.06499999761581421,0.06499999761581421,0.06499999761581421,0,0.0,0.0
2023-10-23 00:00:00+01:00,0.06499999761581421,0.06499999761581421,0.06499999761581421,0.06499999761581421,0,0.0,0.0
2023-10-24 00:00:00+01:00,0.06499999761581421,0.06499999761581421,0.06499999761581421,0.06499999761581421,0,0.0,0.0
2023-10-25 00:00:00+01:00,0.06499999761581421,0.06499999761581421,0.06499999761581421,0.06499999761581421,0,0.0,0.0
2023-10-26 00:00:00+01:00,0.06499999761581421,0.06499999761581421,0.06499999761581421,0.06499999761581421,0,0.0,0.0
2023-10-27 00:00:00+01:00,0.06499999761581421,0.06499999761581421,0.06499999761581421,0.06499999761581421,0,0.0,0.0
2023-10-30 00:00:00+00:00,0.06499999761581421,0.06499999761581421,0.06499999761581421,0.06499999761581421,0,0.0,0.0
2023-10-31 00:00:00+00:00,0.06499999761581421,0.06499999761581421,0.06499999761581421,0.06499999761581421,0,0.0,0.0
2023-11-01 00:00:00+00:00,0.06499999761581421,0.06499999761581421,0.06499999761581421,0.06499999761581421,0,0.0,0.0
2023-11-02 00:00:00+00:00,0.06499999761581421,0.06499999761581421,0.06499999761581421,0.06499999761581421,0,0.0,0.0
2023-11-03 00:00:00+00:00,0.06499999761581421,0.06499999761581421,0.06499999761581421,0.06499999761581421,0,0.0,0.0
2023-11-06 00:00:00+00:00,0.06499999761581421,0.06499999761581421,0.06499999761581421,0.06499999761581421,0,0.0,0.0
2023-11-07 00:00:00+00:00,0.06499999761581421,0.06499999761581421,0.06499999761581421,0.06499999761581421,0,0.0,0.0
2023-11-08 00:00:00+00:00,0.06499999761581421,0.06499999761581421,0.06499999761581421,0.06499999761581421,0,0.0,0.0
2023-11-09 00:00:00+00:00,0.06499999761581421,0.06499999761581421,0.06499999761581421,0.06499999761581421,0,0.0,0.0
2023-11-10 00:00:00+00:00,0.06499999761581421,0.06499999761581421,0.06499999761581421,0.06499999761581421,0,0.0,0.0
2023-11-13 00:00:00+00:00,0.06499999761581421,0.06499999761581421,0.06499999761581421,0.06499999761581421,0,0.0,0.0
2023-11-14 00:00:00+00:00,0.06499999761581421,0.06499999761581421,0.06499999761581421,0.06499999761581421,0,0.0,0.0
2023-11-15 00:00:00+00:00,0.06499999761581421,0.06499999761581421,0.06499999761581421,0.06499999761581421,0,0.0,0.0
2023-11-16 00:00:00+00:00,0.06499999761581421,0.06499999761581421,0.06499999761581421,0.06499999761581421,0,0.0,0.0
2023-11-17 00:00:00+00:00,0.06499999761581421,0.06499999761581421,0.06499999761581421,0.06499999761581421,0,0.0,0.0
2023-11-20 00:00:00+00:00,0.06499999761581421,0.06499999761581421,0.06499999761581421,0.06499999761581421,0,0.0,0.0
2023-11-21 00:00:00+00:00,0.06499999761581421,0.06499999761581421,0.06499999761581421,0.06499999761581421,0,0.0,0.0
2023-11-22 00:00:00+00:00,0.06499999761581421,0.06499999761581421,0.06499999761581421,0.06499999761581421,0,0.0,0.0
2023-11-23 00:00:00+00:00,0.06499999761581421,0.06499999761581421,0.06499999761581421,0.06499999761581421,0,0.0,0.0
2023-11-24 00:00:00+00:00,0.06499999761581421,0.06499999761581421,0.06499999761581421,0.06499999761581421,0,0.0,0.0
2023-11-27 00:00:00+00:00,0.06499999761581421,0.06499999761581421,0.06499999761581421,0.06499999761581421,0,0.0,0.0
2023-11-28 00:00:00+00:00,0.06499999761581421,0.06499999761581421,0.06499999761581421,0.06499999761581421,0,0.0,0.0
2023-11-29 00:00:00+00:00,0.06499999761581421,0.06499999761581421,0.06499999761581421,0.06499999761581421,0,0.0,0.0
2023-11-30 00:00:00+00:00,0.06499999761581421,0.06499999761581421,0.06499999761581421,0.06499999761581421,0,0.0,0.0
2023-12-01 00:00:00+00:00,0.06499999761581421,0.06499999761581421,0.06499999761581421,0.06499999761581421,0,0.0,0.0
2023-12-04 00:00:00+00:00,0.06499999761581421,0.06499999761581421,0.06499999761581421,0.06499999761581421,0,0.0,0.0
2023-12-05 00:00:00+00:00,0.06499999761581421,0.06499999761581421,0.06499999761581421,0.06499999761581421,0,0.0,0.0
2023-12-06 00:00:00+00:00,0.06499999761581421,0.06499999761581421,0.06499999761581421,0.06499999761581421,0,0.0,0.0
2023-12-07 00:00:00+00:00,0.06499999761581421,0.06499999761581421,0.06499999761581421,0.06499999761581421,0,0.0,0.0
2023-12-08 00:00:00+00:00,0.06499999761581421,0.06499999761581421,0.06499999761581421,0.06499999761581421,0,0.0,0.0
2023-12-11 00:00:00+00:00,0.06499999761581421,0.06499999761581421,0.06499999761581421,0.06499999761581421,0,0.0,0.0
2023-12-12 00:00:00+00:00,0.06499999761581421,0.06499999761581421,0.06499999761581421,0.06499999761581421,0,0.0,0.0
2023-12-13 00:00:00+00:00,0.06499999761581421,0.06499999761581421,0.06499999761581421,0.06499999761581421,0,0.0,0.0
2023-12-14 00:00:00+00:00,0.06499999761581421,0.06499999761581421,0.06499999761581421,0.06499999761581421,0,0.0,0.0
2023-12-15 00:00:00+00:00,0.06499999761581421,0.06499999761581421,0.06499999761581421,0.06499999761581421,0,0.0,0.0
2023-12-18 00:00:00+00:00,0.05999999865889549,0.06700000166893005,0.052000001072883606,0.07000000029802322,11843568,0.0,0.0
2023-12-19 00:00:00+00:00,0.07000000029802322,0.07000000029802322,0.07000000029802322,0.07000000029802322,0,0.0,0.0
2023-12-20 00:00:00+00:00,0.06499999761581421,0.061000000685453415,0.061000000685453415,0.07000000029802322,1351965,0.0,0.0
2023-12-21 00:00:00+00:00,0.06499999761581421,0.06400000303983688,0.05999999865889549,0.06499999761581421,5400015,0.0,0.0
2023-12-22 00:00:00+00:00,0.06499999761581421,0.06400000303983688,0.054999999701976776,0.05999999865889549,2351664,0.0,0.0
2023-12-27 00:00:00+00:00,0.05999999865889549,0.05999999865889549,0.05999999865889549,0.05999999865889549,0,0.0,0.0
2023-12-28 00:00:00+00:00,0.05999999865889549,0.050999999046325684,0.050999999046325684,0.05999999865889549,101983,0.0,0.0
2023-12-29 00:00:00+00:00,0.05999999865889549,0.05999999865889549,0.05999999865889549,0.05999999865889549,0,0.0,0.0
2024-01-02 00:00:00+00:00,0.05999999865889549,0.05999999865889549,0.05999999865889549,0.05999999865889549,0,0.0,0.0
2024-01-03 00:00:00+00:00,0.05999999865889549,0.05999999865889549,0.05999999865889549,0.05999999865889549,0,0.0,0.0
2024-01-04 00:00:00+00:00,0.05999999865889549,0.061000000685453415,0.061000000685453415,0.05999999865889549,2508,0.0,0.0
2024-01-05 00:00:00+00:00,0.05999999865889549,0.05999999865889549,0.05999999865889549,0.05999999865889549,0,0.0,0.0
2024-01-08 00:00:00+00:00,0.05999999865889549,0.05999999865889549,0.05999999865889549,0.05999999865889549,0,0.0,0.0
2024-01-09 00:00:00+00:00,0.07000000029802322,0.07000000029802322,0.07000000029802322,0.06499999761581421,14285714,0.0,0.0
2024-01-10 00:00:00+00:00,0.06499999761581421,0.06499999761581421,0.06499999761581421,0.06499999761581421,0,0.0,0.0
2024-01-11 00:00:00+00:00,0.06499999761581421,0.06400000303983688,0.06400000303983688,0.06499999761581421,157230,0.0,0.0
2024-01-12 00:00:00+00:00,0.06499999761581421,0.06400000303983688,0.05999999865889549,0.06499999761581421,1490695,0.0,0.0
2024-01-15 00:00:00+00:00,0.06499999761581421,0.06499999761581421,0.06499999761581421,0.06499999761581421,0,0.0,0.0
2024-01-16 00:00:00+00:00,0.06499999761581421,0.06499999761581421,0.06499999761581421,0.06499999761581421,0,0.0,0.0
2024-01-17 00:00:00+00:00,0.06499999761581421,0.06499999761581421,0.06499999761581421,0.06499999761581421,0,0.0,0.0
2024-01-18 00:00:00+00:00,0.06499999761581421,0.06499999761581421,0.06499999761581421,0.06499999761581421,0,0.0,0.0
2024-01-19 00:00:00+00:00,0.06499999761581421,0.06499999761581421,0.06499999761581421,0.06499999761581421,0,0.0,0.0
2024-01-22 00:00:00+00:00,0.05999999865889549,0.05999999865889549,0.05999999865889549,0.05999999865889549,0,0.0,0.0
2024-01-23 00:00:00+00:00,0.06499999761581421,0.06499999761581421,0.06499999761581421,0.06499999761581421,0,0.0,0.0
2024-01-24 00:00:00+00:00,0.06499999761581421,0.05999999865889549,0.04500000178813934,0.05999999865889549,19285714,0.0,0.0
2024-01-25 00:00:00+00:00,0.054999999701976776,0.05999999865889549,0.05000000074505806,0.05999999865889549,2031024,0.0,0.0
2024-01-26 00:00:00+00:00,0.054999999701976776,0.0560000017285347,0.050999999046325684,0.05999999865889549,431024,0.0,0.0
2024-01-29 00:00:00+00:00,0.054999999701976776,0.054999999701976776,0.054999999701976776,0.05999999865889549,1909,0.0,0.0
2024-01-30 00:00:00+00:00,0.054999999701976776,0.05000000074505806,0.05000000074505806,0.05999999865889549,387795,0.0,0.0
2024-01-31 00:00:00+00:00,0.054999999701976776,0.050999999046325684,0.050999999046325684,0.05999999865889549,100000,0.0,0.0
2024-02-01 00:00:00+00:00,0.05999999865889549,0.05999999865889549,0.05999999865889549,0.05999999865889549,0,0.0,0.0
2024-02-02 00:00:00+00:00,0.054999999701976776,0.054999999701976776,0.054999999701976776,0.054999999701976776,0,0.0,0.0
2024-02-05 00:00:00+00:00,0.054999999701976776,0.04500000178813934,0.04500000178813934,0.05299999937415123,1974637,0.0,0.0
2024-02-06 00:00:00+00:00,0.05299999937415123,0.04500000178813934,0.04500000178813934,0.05000000074505806,1700000,0.0,0.0
2024-02-07 00:00:00+00:00,0.05000000074505806,0.05000000074505806,0.05000000074505806,0.05000000074505806,0,0.0,0.0
2024-02-08 00:00:00+00:00,0.05000000074505806,0.04699999839067459,0.04500000178813934,0.05000000074505806,754164,0.0,0.0
2024-02-09 00:00:00+00:00,0.05000000074505806,0.05000000074505806,0.05000000074505806,0.05000000074505806,0,0.0,0.0
2024-02-12 00:00:00+00:00,0.05000000074505806,0.05000000074505806,0.05000000074505806,0.05000000074505806,0,0.0,0.0
2024-02-13 00:00:00+00:00,0.05000000074505806,0.05000000074505806,0.05000000074505806,0.05000000074505806,0,0.0,0.0
2024-02-14 00:00:00+00:00,0.05000000074505806,0.04699999839067459,0.04500000178813934,0.05000000074505806,203821,0.0,0.0
2024-02-15 00:00:00+00:00,0.05000000074505806,0.04699999839067459,0.04699999839067459,0.05000000074505806,400000,0.0,0.0
2024-02-16 00:00:00+00:00,0.05000000074505806,0.05000000074505806,0.05000000074505806,0.05000000074505806,0,0.0,0.0
2024-02-19 00:00:00+00:00,0.05000000074505806,0.041999999433755875,0.041999999433755875,0.05000000074505806,1929173,0.0,0.0
2024-02-20 00:00:00+00:00,0.05000000074505806,0.04699999839067459,0.04699999839067459,0.05000000074505806,42918,0.0,0.0
2024-02-21 00:00:00+00:00,0.05000000074505806,0.052000001072883606,0.04500000178813934,0.04800000041723251,299712,0.0,0.0
2024-02-22 00:00:00+00:00,0.04800000041723251,0.052000001072883606,0.04100000113248825,0.04800000041723251,2710117,0.0,0.0
2024-02-23 00:00:00+00:00,0.04800000041723251,0.04800000041723251,0.04800000041723251,0.04800000041723251,0,0.0,0.0
2024-02-26 00:00:00+00:00,0.04800000041723251,0.052000001072883606,0.04100000113248825,0.04800000041723251,56616,0.0,0.0
2024-02-27 00:00:00+00:00,0.04800000041723251,0.052000001072883606,0.04100000113248825,0.04800000041723251,45590,0.0,0.0
2024-02-28 00:00:00+00:00,0.04800000041723251,0.052000001072883606,0.052000001072883606,0.04800000041723251,961,0.0,0.0
2024-02-29 00:00:00+00:00,0.04800000041723251,0.052000001072883606,0.052000001072883606,0.04800000041723251,9615,0.0,0.0
2024-03-01 00:00:00+00:00,0.04800000041723251,0.052000001072883606,0.04100000113248825,0.04800000041723251,1214761,0.0,0.0
2024-03-04 00:00:00+00:00,0.04800000041723251,0.052000001072883606,0.04100000113248825,0.04800000041723251,952306,0.0,0.0
2024-03-05 00:00:00+00:00,0.04800000041723251,0.052000001072883606,0.04100000113248825,0.04800000041723251,20192,0.0,0.0
2024-03-06 00:00:00+00:00,0.04800000041723251,0.04800000041723251,0.04800000041723251,0.04800000041723251,0,0.0,0.0
2024-03-07 00:00:00+00:00,0.04800000041723251,0.04100000113248825,0.04100000113248825,0.04800000041723251,9516,0.0,0.0
2024-03-08 00:00:00+00:00,0.04800000041723251,0.052000001072883606,0.052000001072883606,0.04800000041723251,961,0.0,0.0
2024-03-11 00:00:00+00:00,0.04800000041723251,0.05400000140070915,0.04800000041723251,0.04800000041723251,4279485,0.0,0.0
2024-03-12 00:00:00+00:00,0.04800000041723251,0.05400000140070915,0.0430000014603138,0.04800000041723251,1000184,0.0,0.0
2024-03-13 00:00:00+00:00,0.04800000041723251,0.05400000140070915,0.04100000113248825,0.04800000041723251,507620,0.0,0.0
2024-03-14 00:00:00+00:00,0.04800000041723251,0.05400000140070915,0.05400000140070915,0.04800000041723251,18416,0.0,0.0
2024-03-15 00:00:00+00:00,0.05000000074505806,0.05400000140070915,0.04100000113248825,0.04800000041723251,18600,0.0,0.0
2024-03-18 00:00:00+00:00,0.04800000041723251,0.05400000140070915,0.05400000140070915,0.05000000074505806,7366,0.0,0.0
2024-03-19 00:00:00+00:00,0.05000000074505806,0.05900000035762787,0.04100000113248825,0.05000000074505806,396083,0.0,0.0
2024-03-20 00:00:00+00:00,0.05000000074505806,0.05900000035762787,0.04899999871850014,0.05000000074505806,4183111,0.0,0.0
2024-03-21 00:00:00+00:00,0.05000000074505806,0.05400000140070915,0.0430000014603138,0.04800000041723251,1730491,0.0,0.0
2024-03-22 00:00:00+00:00,0.04800000041723251,0.05700000002980232,0.04500000178813934,0.05000000074505806,21758361,0.0,0.0
2024-03-25 00:00:00+00:00,0.05000000074505806,0.04899999871850014,0.04500000178813934,0.04500000178813934,8312205,0.0,0.0
2024-03-26 00:00:00+00:00,0.04500000178813934,0.04800000041723251,0.0430000014603138,0.04500000178813934,4319910,0.0,0.0
2024-03-27 00:00:00+00:00,0.04500000178813934,0.07599999755620956,0.04399999976158142,0.06300000101327896,195790133,0.0,0.0
2024-03-28 00:00:00+00:00,0.06300000101327896,0.06300000101327896,0.04500000178813934,0.05299999937415123,20702116,0.0,0.0
2024-04-02 00:00:00+01:00,0.05299999937415123,0.04699999839067459,0.03999999910593033,0.04500000178813934,11660944,0.0,0.0
2024-04-03 00:00:00+01:00,0.04500000178813934,0.05000000074505806,0.03999999910593033,0.04500000178813934,4249378,0.0,0.0
2024-04-04 00:00:00+01:00,0.04500000178813934,0.0430000014603138,0.0430000014603138,0.04500000178813934,3200000,0.0,0.0
2024-04-05 00:00:00+01:00,0.04500000178813934,0.04399999976158142,0.03700000047683716,0.04500000178813934,46453844,0.0,0.0
2024-04-08 00:00:00+01:00,0.04500000178813934,0.04500000178813934,0.04500000178813934,0.04500000178813934,0,0.0,0.0
2024-04-09 00:00:00+01:00,0.04500000178813934,0.03999999910593033,0.03999999910593033,0.04500000178813934,2054432,0.0,0.0
2024-04-10 00:00:00+01:00,0.04500000178813934,0.04500000178813934,0.04500000178813934,0.04500000178813934,0,0.0,0.0
2024-04-11 00:00:00+01:00,0.04500000178813934,0.05700000002980232,0.03999999910593033,0.04800000041723251,66768938,0.0,0.0
2024-04-12 00:00:00+01:00,0.04800000041723251,0.04699999839067459,0.03999999910593033,0.04500000178813934,16807479,0.0,0.0
2024-04-15 00:00:00+01:00,0.04500000178813934,0.05000000074505806,0.05000000074505806,0.04500000178813934,202020,0.0,0.0
2024-04-16 00:00:00+01:00,0.04500000178813934,0.05000000074505806,0.03999999910593033,0.04500000178813934,3977595,0.0,0.0
2024-04-17 00:00:00+01:00,0.04500000178813934,0.04500000178813934,0.03999999910593033,0.0430000014603138,30273756,0.0,0.0
2024-04-18 00:00:00+01:00,0.0430000014603138,0.04100000113248825,0.04100000113248825,0.0430000014603138,7500,0.0,0.0
2024-04-19 00:00:00+01:00,0.0430000014603138,0.0430000014603138,0.04100000113248825,0.0430000014603138,8929373,0.0,0.0
2024-04-22 00:00:00+01:00,0.04500000178813934,0.04100000113248825,0.039000000804662704,0.04500000178813934,46988,0.0,0.0
2024-04-23 00:00:00+01:00,0.0430000014603138,0.03999999910593033,0.03999999910593033,0.0430000014603138,2000000,0.0,0.0
2024-04-24 00:00:00+01:00,0.0430000014603138,0.0430000014603138,0.0430000014603138,0.0430000014603138,0,0.0,0.0
2024-04-25 00:00:00+01:00,0.0430000014603138,0.041999999433755875,0.03999999910593033,0.0430000014603138,8805000,0.0,0.0
2024-04-26 00:00:00+01:00,0.0430000014603138,0.03999999910593033,0.03999999910593033,0.0430000014603138,1500,0.0,0.0
2024-04-29 00:00:00+01:00,0.0430000014603138,0.0430000014603138,0.0430000014603138,0.0430000014603138,0,0.0,0.0
2024-04-30 00:00:00+01:00,0.0430000014603138,0.03999999910593033,0.03999999910593033,0.0430000014603138,57488,0.0,0.0
2024-05-01 00:00:00+01:00,0.0430000014603138,0.0430000014603138,0.0430000014603138,0.0430000014603138,0,0.0,0.0
2024-05-02 00:00:00+01:00,0.04500000178813934,0.03999999910593033,0.03799999877810478,0.03999999910593033,9173776,0.0,0.0
2024-05-03 00:00:00+01:00,0.03999999910593033,0.03799999877810478,0.035999998450279236,0.03999999910593033,7014300,0.0,0.0
2024-05-07 00:00:00+01:00,0.03999999910593033,0.03999999910593033,0.03999999910593033,0.03999999910593033,0,0.0,0.0
2024-05-08 00:00:00+01:00,0.03999999910593033,0.035999998450279236,0.035999998450279236,0.03999999910593033,9615,0.0,0.0
2024-05-09 00:00:00+01:00,0.03999999910593033,0.03999999910593033,0.03999999910593033,0.03999999910593033,0,0.0,0.0
2024-05-10 00:00:00+01:00,0.03999999910593033,0.035999998450279236,0.035999998450279236,0.03999999910593033,2481794,0.0,0.0
2024-05-13 00:00:00+01:00,0.03999999910593033,0.03999999910593033,0.03999999910593033,0.03999999910593033,0,0.0,0.0
2024-05-14 00:00:00+01:00,0.03999999910593033,0.0430000014603138,0.0430000014603138,0.03999999910593033,115034,0.0,0.0
2024-05-15 00:00:00+01:00,0.03999999910593033,0.03999999910593033,0.03999999910593033,0.03999999910593033,0,0.0,0.0
2024-05-16 00:00:00+01:00,0.03999999910593033,0.03999999910593033,0.03999999910593033,0.03999999910593033,0,0.0,0.0
2024-05-17 00:00:00+01:00,0.03999999910593033,0.03999999910593033,0.03999999910593033,0.03999999910593033,0,0.0,0.0
2024-05-20 00:00:00+01:00,0.03999999910593033,0.04399999976158142,0.039000000804662704,0.03999999910593033,447050,0.0,0.0
2024-05-21 00:00:00+01:00,0.03999999910593033,0.04399999976158142,0.04399999976158142,0.03999999910593033,2312666,0.0,0.0
2024-05-22 00:00:00+01:00,0.03999999910593033,0.039000000804662704,0.039000000804662704,0.03999999910593033,2506990,0.0,0.0
2024-05-23 00:00:00+01:00,0.03999999910593033,0.03999999910593033,0.03999999910593033,0.03999999910593033,0,0.0,0.0
2024-05-24 00:00:00+01:00,0.03999999910593033,0.039000000804662704,0.03500000014901161,0.03999999910593033,608453,0.0,0.0
2024-05-28 00:00:00+01:00,0.03999999910593033,0.054999999701976776,0.04399999976158142,0.05000000074505806,23244131,0.0,0.0
2024-05-29 00:00:00+01:00,0.0005000000237487257,0.0006500000017695129,0.0005099999834783375,0.0006000000284984708,49735941,0.0,0.0
2024-05-30 00:00:00+01:00,0.0006000000284984708,0.0006000000284984708,0.0006000000284984708,0.0006000000284984708,0,0.0,0.0
2024-05-31 00:00:00+01:00,0.0006000000284984708,0.0006000000284984708,0.0006000000284984708,0.0006000000284984708,0,0.0,0.0
2024-06-03 00:00:00+01:00,0.0006000000284984708,0.0006000000284984708,0.0006000000284984708,0.0006000000284984708,0,0.0,0.0
2024-06-04 00:00:00+01:00,0.0006000000284984708,0.0006000000284984708,0.0006000000284984708,0.0006000000284984708,0,0.0,0.0
2024-06-05 00:00:00+01:00,0.0006000000284984708,0.0006000000284984708,0.0006000000284984708,0.0006000000284984708,0,0.0,0.0
2024-06-06 00:00:00+01:00,0.0006000000284984708,0.0006000000284984708,0.0006000000284984708,0.0006000000284984708,0,0.0,0.0
2024-06-07 00:00:00+01:00,0.0006000000284984708,0.0006000000284984708,0.0006000000284984708,0.0006000000284984708,0,0.0,0.0
2024-06-10 00:00:00+01:00,0.0006000000284984708,0.0006000000284984708,0.0006000000284984708,0.0006000000284984708,0,0.0,0.0
2024-06-11 00:00:00+01:00,0.0006000000284984708,0.0006000000284984708,0.0006000000284984708,0.0006000000284984708,0,0.0,0.0
2024-06-12 00:00:00+01:00,0.0006000000284984708,0.0006000000284984708,0.0006000000284984708,0.0006000000284984708,0,0.0,0.0
2024-06-13 00:00:00+01:00,0.0006000000284984708,0.0006000000284984708,0.0006000000284984708,0.0006000000284984708,0,0.0,0.0
2024-06-14 00:00:00+01:00,0.0006000000284984708,0.0006000000284984708,0.0006000000284984708,0.0006000000284984708,0,0.0,0.0
2024-06-17 00:00:00+01:00,0.0006000000284984708,0.0006000000284984708,0.0006000000284984708,0.0006000000284984708,0,0.0,0.0
2024-06-18 00:00:00+01:00,0.0006000000284984708,0.0006000000284984708,0.0006000000284984708,0.0006000000284984708,0,0.0,0.0
2024-06-19 00:00:00+01:00,0.0006000000284984708,0.0006000000284984708,0.0006000000284984708,0.0006000000284984708,0,0.0,0.0
2024-06-20 00:00:00+01:00,0.0006000000284984708,0.0006000000284984708,0.0006000000284984708,0.0006000000284984708,0,0.0,0.0
2024-06-21 00:00:00+01:00,0.0006000000284984708,0.0006000000284984708,0.0006000000284984708,0.0006000000284984708,0,0.0,0.0
2024-06-24 00:00:00+01:00,0.0006000000284984708,0.0006000000284984708,0.0006000000284984708,0.0006000000284984708,0,0.0,0.0
2024-06-25 00:00:00+01:00,0.0006000000284984708,0.0006000000284984708,0.0006000000284984708,0.0006000000284984708,0,0.0,0.0
2024-06-26 00:00:00+01:00,0.0006000000284984708,0.0006000000284984708,0.0006000000284984708,0.0006000000284984708,0,0.0,0.0
2024-06-27 00:00:00+01:00,0.0006000000284984708,0.0006000000284984708,0.0006000000284984708,0.0006000000284984708,0,0.0,0.0
2024-06-28 00:00:00+01:00,0.0006000000284984708,0.0006000000284984708,0.0006000000284984708,0.0006000000284984708,0,0.0,0.0
2024-07-01 00:00:00+01:00,0.0006000000284984708,0.0006000000284984708,0.0006000000284984708,0.0006000000284984708,0,0.0,0.0
2024-07-02 00:00:00+01:00,0.0006000000284984708,0.0006000000284984708,0.0006000000284984708,0.0006000000284984708,0,0.0,0.0
2024-07-03 00:00:00+01:00,0.0006000000284984708,0.0006000000284984708,0.0006000000284984708,0.0006000000284984708,0,0.0,0.0
2024-07-04 00:00:00+01:00,0.0006000000284984708,0.0006000000284984708,0.0006000000284984708,0.0006000000284984708,0,0.0,0.0
2024-07-05 00:00:00+01:00,0.0006000000284984708,0.0006000000284984708,0.0006000000284984708,0.0006000000284984708,0,0.0,0.0
2024-07-08 00:00:00+01:00,0.0006000000284984708,0.0006000000284984708,0.0006000000284984708,0.0006000000284984708,0,0.0,0.0
2024-07-09 00:00:00+01:00,0.0006000000284984708,0.0006000000284984708,0.0006000000284984708,0.0006000000284984708,0,0.0,0.0
2024-07-10 00:00:00+01:00,0.0006000000284984708,0.0006000000284984708,0.0006000000284984708,0.0006000000284984708,0,0.0,0.0
2024-07-11 00:00:00+01:00,0.0006000000284984708,0.0006000000284984708,0.0006000000284984708,0.0006000000284984708,0,0.0,0.0
2024-07-12 00:00:00+01:00,0.0006000000284984708,0.0006000000284984708,0.0006000000284984708,0.0006000000284984708,0,0.0,0.0
2024-07-15 00:00:00+01:00,0.0006000000284984708,0.0006000000284984708,0.0006000000284984708,0.0006000000284984708,0,0.0,0.0
2024-07-16 00:00:00+01:00,0.0006000000284984708,0.0006000000284984708,0.0006000000284984708,0.0006000000284984708,0,0.0,0.0
2024-07-17 00:00:00+01:00,0.0006000000284984708,0.0006000000284984708,0.0006000000284984708,0.0006000000284984708,0,0.0,0.0
2024-07-18 00:00:00+01:00,0.0006000000284984708,0.0006000000284984708,0.0006000000284984708,0.0006000000284984708,0,0.0,0.0
2024-07-19 00:00:00+01:00,0.0006000000284984708,0.0006000000284984708,0.0006000000284984708,0.0006000000284984708,0,0.0,0.0
2024-07-22 00:00:00+01:00,0.0006000000284984708,0.0006000000284984708,0.0006000000284984708,0.0006000000284984708,0,0.0,0.0
2024-07-23 00:00:00+01:00,0.0006000000284984708,0.0006000000284984708,0.0006000000284984708,0.0006000000284984708,0,0.0,0.0
2024-07-24 00:00:00+01:00,0.0006000000284984708,0.0006000000284984708,0.0006000000284984708,0.0006000000284984708,0,0.0,0.0
2024-07-25 00:00:00+01:00,0.0006000000284984708,0.0006000000284984708,0.0006000000284984708,0.0006000000284984708,0,0.0,0.0
2024-07-26 00:00:00+01:00,0.0006000000284984708,0.0006000000284984708,0.0006000000284984708,0.0006000000284984708,0,0.0,0.0
2024-07-29 00:00:00+01:00,0.0006000000284984708,0.0006000000284984708,0.0006000000284984708,0.0006000000284984708,0,0.0,0.0
2024-07-30 00:00:00+01:00,0.0006000000284984708,0.0006000000284984708,0.0006000000284984708,0.0006000000284984708,0,0.0,0.0
2024-07-31 00:00:00+01:00,0.0006000000284984708,0.0006000000284984708,0.0006000000284984708,0.0006000000284984708,0,0.0,0.0
2024-08-01 00:00:00+01:00,0.0006000000284984708,0.0006000000284984708,0.0006000000284984708,0.0006000000284984708,0,0.0,0.0
2024-08-02 00:00:00+01:00,0.0006000000284984708,0.0006000000284984708,0.0006000000284984708,0.0006000000284984708,0,0.0,0.0
2024-08-05 00:00:00+01:00,0.0006000000284984708,0.0006000000284984708,0.0006000000284984708,0.0006000000284984708,0,0.0,0.0
2024-08-06 00:00:00+01:00,0.0006000000284984708,0.0006000000284984708,0.0006000000284984708,0.0006000000284984708,0,0.0,0.0
2024-08-07 00:00:00+01:00,0.0006000000284984708,0.0006000000284984708,0.0006000000284984708,0.0006000000284984708,0,0.0,0.0
2024-08-08 00:00:00+01:00,0.0006000000284984708,0.0006000000284984708,0.0006000000284984708,0.0006000000284984708,0,0.0,0.0
2024-08-09 00:00:00+01:00,0.0006000000284984708,0.0006000000284984708,0.0006000000284984708,0.0006000000284984708,0,0.0,0.0
2024-08-12 00:00:00+01:00,0.0006000000284984708,0.0006000000284984708,0.0006000000284984708,0.0006000000284984708,0,0.0,0.0
2024-08-13 00:00:00+01:00,0.0006000000284984708,0.0006000000284984708,0.0006000000284984708,0.0006000000284984708,0,0.0,0.0
2024-08-14 00:00:00+01:00,0.0006000000284984708,0.0006000000284984708,0.0006000000284984708,0.0006000000284984708,0,0.0,0.0
2024-08-15 00:00:00+01:00,0.0006000000284984708,0.0006000000284984708,0.0006000000284984708,0.0006000000284984708,0,0.0,0.0
2024-08-16 00:00:00+01:00,0.0006000000284984708,0.0006000000284984708,0.0006000000284984708,0.0006000000284984708,0,0.0,0.0
2024-08-19 00:00:00+01:00,0.0006000000284984708,0.0006000000284984708,0.0006000000284984708,0.0006000000284984708,0,0.0,0.0
2024-08-20 00:00:00+01:00,0.0006000000284984708,0.0006000000284984708,0.0006000000284984708,0.0006000000284984708,0,0.0,0.0
2024-08-21 00:00:00+01:00,0.0006000000284984708,0.0006000000284984708,0.0006000000284984708,0.0006000000284984708,0,0.0,0.0
2024-08-22 00:00:00+01:00,0.0006000000284984708,0.0006000000284984708,0.0006000000284984708,0.0006000000284984708,0,0.0,0.0
2024-08-23 00:00:00+01:00,0.0006000000284984708,0.0006000000284984708,0.0006000000284984708,0.0006000000284984708,0,0.0,0.0
2024-08-27 00:00:00+01:00,0.0006000000284984708,0.0006000000284984708,0.0006000000284984708,0.0006000000284984708,0,0.0,0.0
2024-08-28 00:00:00+01:00,0.0006000000284984708,0.0006000000284984708,0.0006000000284984708,0.0006000000284984708,0,0.0,0.0
2024-08-29 00:00:00+01:00,0.0006000000284984708,0.0006000000284984708,0.0006000000284984708,0.0006000000284984708,0,0.0,0.0
2024-08-30 00:00:00+01:00,0.0006000000284984708,0.0006000000284984708,0.0006000000284984708,0.0006000000284984708,0,0.0,0.0
2024-09-02 00:00:00+01:00,0.0006000000284984708,0.0006000000284984708,0.0006000000284984708,0.0006000000284984708,0,0.0,0.0
2024-09-03 00:00:00+01:00,0.0006000000284984708,0.0006000000284984708,0.0006000000284984708,0.0006000000284984708,0,0.0,0.0
2024-09-04 00:00:00+01:00,0.0006000000284984708,0.0006000000284984708,0.0006000000284984708,0.0006000000284984708,0,0.0,0.0
2024-09-05 00:00:00+01:00,0.0006000000284984708,0.0006000000284984708,0.0006000000284984708,0.0006000000284984708,0,0.0,0.0
2024-09-06 00:00:00+01:00,0.0006000000284984708,0.0006000000284984708,0.0006000000284984708,0.0006000000284984708,0,0.0,0.0
2024-09-09 00:00:00+01:00,0.0006000000284984708,0.0006000000284984708,0.0006000000284984708,0.0006000000284984708,0,0.0,0.0
2024-09-10 00:00:00+01:00,0.0006000000284984708,0.0006000000284984708,0.0006000000284984708,0.0006000000284984708,0,0.0,0.0
2024-09-11 00:00:00+01:00,0.0006000000284984708,0.0006000000284984708,0.0006000000284984708,0.0006000000284984708,0,0.0,0.0
2024-09-12 00:00:00+01:00,0.0006000000284984708,0.0006000000284984708,0.0006000000284984708,0.0006000000284984708,0,0.0,0.0
2024-09-13 00:00:00+01:00,0.0006000000284984708,0.0006000000284984708,0.0006000000284984708,0.0006000000284984708,0,0.0,0.0
2024-09-16 00:00:00+01:00,0.0006000000284984708,0.0006000000284984708,0.0006000000284984708,0.0006000000284984708,0,0.0,0.0
2024-09-17 00:00:00+01:00,0.0006000000284984708,0.0006000000284984708,0.0006000000284984708,0.0006000000284984708,0,0.0,0.0
2024-09-18 00:00:00+01:00,0.0006000000284984708,0.0006000000284984708,0.0006000000284984708,0.0006000000284984708,0,0.0,0.0
2024-09-19 00:00:00+01:00,0.0006000000284984708,0.0006000000284984708,0.0006000000284984708,0.0006000000284984708,0,0.0,0.0
2024-09-20 00:00:00+01:00,0.0006000000284984708,0.0006000000284984708,0.0006000000284984708,0.0006000000284984708,0,0.0,0.0
2024-09-23 00:00:00+01:00,0.05999999865889549,0.05999999865889549,0.05999999865889549,0.05999999865889549,0,0.0,0.0
2024-09-24 00:00:00+01:00,0.05999999865889549,0.05999999865889549,0.05999999865889549,0.05999999865889549,0,0.0,0.0
2024-09-25 00:00:00+01:00,0.05999999865889549,0.05999999865889549,0.05999999865889549,0.05999999865889549,0,0.0,0.0
2024-09-26 00:00:00+01:00,0.05999999865889549,0.05999999865889549,0.05999999865889549,0.05999999865889549,0,0.0,0.0
2024-09-27 00:00:00+01:00,0.05999999865889549,0.05999999865889549,0.05999999865889549,0.05999999865889549,0,0.0,0.0
2024-09-30 00:00:00+01:00,0.05999999865889549,0.05999999865889549,0.05999999865889549,0.05999999865889549,0,0.0,0.0
2024-10-01 00:00:00+01:00,0.04800000041723251,0.04600000008940697,0.035999998450279236,0.03999999910593033,58705041,0.0,0.0
2024-10-02 00:00:00+01:00,0.03999999910593033,0.03700000047683716,0.03200000151991844,0.03500000014901161,23016395,0.0,0.0
2024-10-03 00:00:00+01:00,0.03500000014901161,0.03700000047683716,0.03200000151991844,0.03500000014901161,16734733,0.0,0.0
2024-10-04 00:00:00+01:00,0.03500000014901161,0.03700000047683716,0.03099999949336052,0.03500000014901161,2921992,0.0,0.0
2024-10-07 00:00:00+01:00,0.03500000014901161,0.035999998450279236,0.029999999329447746,0.032999999821186066,8764810,0.0,0.0
2024-10-08 00:00:00+01:00,0.032999999821186066,0.03500000014901161,0.029999999329447746,0.032999999821186066,1734222,0.0,0.0
2024-10-09 00:00:00+01:00,0.032999999821186066,0.032999999821186066,0.032999999821186066,0.032999999821186066,0,0.0,0.0
2024-10-10 00:00:00+01:00,0.032999999821186066,0.03200000151991844,0.029999999329447746,0.03200000151991844,3666649,0.0,0.0
2024-10-11 00:00:00+01:00,0.032999999821186066,0.029999999329447746,0.029999999329447746,0.032999999821186066,1557128,0.0,0.0
2024-10-14 00:00:00+01:00,0.032999999821186066,0.032999999821186066,0.029999999329447746,0.032999999821186066,303380,0.0,0.0
2024-10-15 00:00:00+01:00,0.032999999821186066,0.029999999329447746,0.029999999329447746,0.032999999821186066,141198,0.0,0.0
2024-10-16 00:00:00+01:00,0.032999999821186066,0.03999999910593033,0.029999999329447746,0.032999999821186066,38413516,0.0,0.0
2024-10-17 00:00:00+01:00,0.032999999821186066,0.03500000014901161,0.03500000014901161,0.032999999821186066,288,0.0,0.0
2024-10-18 00:00:00+01:00,0.032999999821186066,0.03500000014901161,0.029999999329447746,0.03400000184774399,8040976,0.0,0.0
2024-10-21 00:00:00+01:00,0.032999999821186066,0.029999999329447746,0.029999999329447746,0.032999999821186066,101555,0.0,0.0
2024-10-22 00:00:00+01:00,0.032999999821186066,0.032999999821186066,0.032999999821186066,0.032999999821186066,0,0.0,0.0
2024-10-23 00:00:00+01:00,0.032999999821186066,0.03200000151991844,0.029999999329447746,0.032999999821186066,1100312,0.0,0.0
2024-10-24 00:00:00+01:00,0.032999999821186066,0.029999999329447746,0.029999999329447746,0.032999999821186066,513016,0.0,0.0
2024-10-25 00:00:00+01:00,0.032999999821186066,0.029999999329447746,0.029999999329447746,0.032999999821186066,1500000,0.0,0.0
2024-10-28 00:00:00+00:00,0.032999999821186066,0.03200000151991844,0.03200000151991844,0.032999999821186066,62500,0.0,0.0
2024-10-29 00:00:00+00:00,0.032999999821186066,0.03200000151991844,0.029999999329447746,0.032999999821186066,100442,0.0,0.0
2024-10-30 00:00:00+00:00,0.032999999821186066,0.029999999329447746,0.029999999329447746,0.032999999821186066,4499,0.0,0.0
2024-10-31 00:00:00+00:00,0.032999999821186066,0.029999999329447746,0.029999999329447746,0.032999999821186066,1270395,0.0,0.0
2024-11-01 00:00:00+00:00,0.032999999821186066,0.032999999821186066,0.029999999329447746,0.032999999821186066,36471,0.0,0.0
2024-11-04 00:00:00+00:00,0.032999999821186066,0.032999999821186066,0.029999999329447746,0.032999999821186066,3009091,0.0,0.0
2024-11-05 00:00:00+00:00,0.032999999821186066,0.029999999329447746,0.029999999329447746,0.032999999821186066,1500050,0.0,0.0
2024-11-06 00:00:00+00:00,0.032999999821186066,0.032999999821186066,0.032999999821186066,0.032999999821186066,0,0.0,0.0
2024-11-07 00:00:00+00:00,0.032999999821186066,0.03400000184774399,0.03099999949336052,0.03500000014901161,165203,0.0,0.0
2024-11-08 00:00:00+00:00,0.03500000014901161,0.03400000184774399,0.03099999949336052,0.03500000014901161,1414799,0.0,0.0
2024-11-11 00:00:00+00:00,0.03500000014901161,0.03099999949336052,0.03099999949336052,0.03500000014901161,100000,0.0,0.0
2024-11-12 00:00:00+00:00,0.03500000014901161,0.029999999329447746,0.029999999329447746,0.032999999821186066,6731139,0.0,0.0
2024-11-13 00:00:00+00:00,0.032999999821186066,0.03500000014901161,0.03500000014901161,0.032999999821186066,3908913,0.0,0.0
2024-11-14 00:00:00+00:00,0.032999999821186066,0.032999999821186066,0.032999999821186066,0.032999999821186066,0,0.0,0.0
2024-11-15 00:00:00+00:00,0.032999999821186066,0.03500000014901161,0.03500000014901161,0.032999999821186066,72046,0.0,0.0
2024-11-18 00:00:00+00:00,0.032999999821186066,0.03500000014901161,0.03500000014901161,0.032999999821186066,1843,0.0,0.0
2024-11-19 00:00:00+00:00,0.032999999821186066,0.03400000184774399,0.029999999329447746,0.032999999821186066,2757674,0.0,0.0
2024-11-20 00:00:00+00:00,0.032999999821186066,0.032999999821186066,0.032999999821186066,0.032999999821186066,0,0.0,0.0
2024-11-21 00:00:00+00:00,0.032999999821186066,0.03400000184774399,0.029999999329447746,0.032999999821186066,2000294,0.0,0.0
2024-11-22 00:00:00+00:00,0.032999999821186066,0.032999999821186066,0.032999999821186066,0.032999999821186066,0,0.0,0.0
2024-11-25 00:00:00+00:00,0.032999999821186066,0.03400000184774399,0.029999999329447746,0.032999999821186066,1518476,0.0,0.0
2024-11-26 00:00:00+00:00,0.032999999821186066,0.03400000184774399,0.03400000184774399,0.032999999821186066,294,0.0,0.0
2024-11-27 00:00:00+00:00,0.032999999821186066,0.03200000151991844,0.02800000086426735,0.03099999949336052,10026616,0.0,0.0
2024-11-28 00:00:00+00:00,0.03099999949336052,0.029999999329447746,0.029999999329447746,0.03099999949336052,2187451,0.0,0.0
2024-11-29 00:00:00+00:00,0.03099999949336052,0.029999999329447746,0.029999999329447746,0.03099999949336052,1300000,0.0,0.0
2024-12-02 00:00:00+00:00,0.03099999949336052,0.029999999329447746,0.029999999329447746,0.03099999949336052,1663301,0.0,0.0
2024-12-03 00:00:00+00:00,0.03099999949336052,0.029999999329447746,0.029999999329447746,0.03099999949336052,1646634,0.0,0.0
2024-12-04 00:00:00+00:00,0.03099999949336052,0.02500000037252903,0.02500000037252903,0.024000000208616257,17362580,0.0,0.0
2024-12-05 00:00:00+00:00,0.024000000208616257,0.02199999988079071,0.02199999988079071,0.024000000208616257,1800000,0.0,0.0
2024-12-06 00:00:00+00:00,0.024000000208616257,0.026000000536441803,0.026000000536441803,0.024000000208616257,193798,0.0,0.0
2024-12-09 00:00:00+00:00,0.024000000208616257,0.027000000700354576,0.026000000536441803,0.02500000037252903,600387,0.0,0.0
2024-12-10 00:00:00+00:00,0.02500000037252903,0.02500000037252903,0.02500000037252903,0.02500000037252903,0,0.0,0.0
2024-12-11 00:00:00+00:00,0.02500000037252903,0.02500000037252903,0.02500000037252903,0.02500000037252903,0,0.0,0.0
2024-12-12 00:00:00+00:00,0.02500000037252903,0.027000000700354576,0.02500000037252903,0.02500000037252903,360466,0.0,0.0
2024-12-13 00:00:00+00:00,0.02500000037252903,0.027000000700354576,0.027000000700354576,0.02500000037252903,512259,0.0,0.0
2024-12-16 00:00:00+00:00,0.02500000037252903,0.027000000700354576,0.023000000044703484,0.02500000037252903,806747,0.0,0.0
2024-12-17 00:00:00+00:00,0.02500000037252903,0.02500000037252903,0.02500000037252903,0.02500000037252903,0,0.0,0.0
2024-12-18 00:00:00+00:00,0.02500000037252903,0.027000000700354576,0.027000000700354576,0.02500000037252903,373,0.0,0.0
2024-12-19 00:00:00+00:00,0.02500000037252903,0.027000000700354576,0.023000000044703484,0.02500000037252903,596314,0.0,0.0
2024-12-20 00:00:00+00:00,0.02500000037252903,0.02500000037252903,0.02500000037252903,0.02500000037252903,0,0.0,0.0
2024-12-23 00:00:00+00:00,0.02500000037252903,0.02500000037252903,0.02500000037252903,0.02500000037252903,0,0.0,0.0
2024-12-24 00:00:00+00:00,0.02500000037252903,0.02500000037252903,0.02500000037252903,0.02500000037252903,0,0.0,0.0
2024-12-27 00:00:00+00:00,0.02500000037252903,0.027000000700354576,0.02199999988079071,0.02500000037252903,874900,0.0,0.0
2024-12-30 00:00:00+00:00,0.02500000037252903,0.027000000700354576,0.027000000700354576,0.02500000037252903,5446604,0.0,0.0
2024-12-31 00:00:00+00:00,0.02500000037252903,0.032999999821186066,0.027000000700354576,0.029999999329447746,7960208,0.0,0.0
2025-01-02 00:00:00+00:00,0.029999999329447746,0.03500000014901161,0.029999999329447746,0.03400000184774399,22819876,0.0,0.0
2025-01-03 00:00:00+00:00,0.03400000184774399,0.03500000014901161,0.03500000014901161,0.03400000184774399,2868062,0.0,0.0
2025-01-06 00:00:00+00:00,0.03400000184774399,0.03500000014901161,0.032999999821186066,0.03400000184774399,1546874,0.0,0.0
2025-01-07 00:00:00+00:00,0.03400000184774399,0.032999999821186066,0.032999999821186066,0.03400000184774399,10187,0.0,0.0
2025-01-08 00:00:00+00:00,0.03400000184774399,0.03400000184774399,0.03400000184774399,0.03400000184774399,1524839,0.0,0.0
2025-01-09 00:00:00+00:00,0.03400000184774399,0.03400000184774399,0.03400000184774399,0.03400000184774399,7500000,0.0,0.0
2025-01-10 00:00:00+00:00,0.03400000184774399,0.03400000184774399,0.03400000184774399,0.03400000184774399,5000000,0.0,0.0
2025-01-13 00:00:00+00:00,0.035999998450279236,0.03400000184774399,0.03400000184774399,0.03400000184774399,244603,0.0,0.0
2025-01-14 00:00:00+00:00,0.03400000184774399,0.0430000014603138,0.03400000184774399,0.041999999433755875,32417161,0.0,0.0
2025-01-15 00:00:00+00:00,0.041999999433755875,0.03999999910593033,0.03999999910593033,0.041999999433755875,5000,0.0,0.0
2025-01-16 00:00:00+00:00,0.041999999433755875,0.03999999910593033,0.03999999910593033,0.03999999910593033,1742857,0.0,0.0
2025-01-17 00:00:00+00:00,0.03999999910593033,0.041999999433755875,0.039000000804662704,0.04100000113248825,1162799,0.0,0.0
2025-01-20 00:00:00+00:00,0.04100000113248825,0.04100000113248825,0.03999999910593033,0.04100000113248825,2300000,0.0,0.0
2025-01-21 00:00:00+00:00,0.04100000113248825,0.039000000804662704,0.039000000804662704,0.04100000113248825,2714,0.0,0.0
2025-01-22 00:00:00+00:00,0.04100000113248825,0.03999999910593033,0.039000000804662704,0.04100000113248825,2290727,0.0,0.0
2025-01-23 00:00:00+00:00,0.04100000113248825,0.039000000804662704,0.039000000804662704,0.04100000113248825,751281,0.0,0.0
2025-01-24 00:00:00+00:00,0.04100000113248825,0.04100000113248825,0.04100000113248825,0.041999999433755875,4854368,0.0,0.0
2025-01-27 00:00:00+00:00,0.041999999433755875,0.041999999433755875,0.041999999433755875,0.041999999433755875,2409,0.0,0.0
2025-01-28 00:00:00+00:00,0.041999999433755875,0.041999999433755875,0.03999999910593033,0.041999999433755875,92384,0.0,0.0
2025-01-29 00:00:00+00:00,0.041999999433755875,0.041999999433755875,0.041999999433755875,0.041999999433755875,0,0.0,0.0
2025-01-30 00:00:00+00:00,0.041999999433755875,0.03999999910593033,0.03999999910593033,0.041999999433755875,400000,0.0,0.0
2025-01-31 00:00:00+00:00,0.041999999433755875,0.03999999910593033,0.03999999910593033,0.041999999433755875,187075,0.0,0.0
2025-02-03 00:00:00+00:00,0.041999999433755875,0.0430000014603138,0.041999999433755875,0.041999999433755875,1210717,0.0,0.0
2025-02-04 00:00:00+00:00,0.041999999433755875,0.041999999433755875,0.041999999433755875,0.041999999433755875,0,0.0,0.0
2025-02-05 00:00:00+00:00,0.041999999433755875,0.03999999910593033,0.03999999910593033,0.041999999433755875,634976,0.0,0.0
2025-02-06 00:00:00+00:00,0.041999999433755875,0.0430000014603138,0.039000000804662704,0.039000000804662704,8030706,0.0,0.0
2025-02-07 00:00:00+00:00,0.041999999433755875,0.0430000014603138,0.04100000113248825,0.0430000014603138,4901968,0.0,0.0
2025-02-10 00:00:00+00:00,0.0430000014603138,0.04500000178813934,0.03999999910593033,0.04399999976158142,1065856,0.0,0.0
2025-02-11 00:00:00+00:00,0.04399999976158142,0.04500000178813934,0.041999999433755875,0.04399999976158142,357366,0.0,0.0
2025-02-12 00:00:00+00:00,0.04399999976158142,0.04500000178813934,0.0430000014603138,0.04399999976158142,2114731,0.0,0.0
2025-02-13 00:00:00+00:00,0.04399999976158142,0.04399999976158142,0.03999999910593033,0.0430000014603138,6286243,0.0,0.0
2025-02-14 00:00:00+00:00,0.0430000014603138,0.03999999910593033,0.03999999910593033,0.0430000014603138,1003779,0.0,0.0
2025-02-17 00:00:00+00:00,0.0430000014603138,0.0430000014603138,0.0430000014603138,0.0430000014603138,0,0.0,0.0
2025-02-18 00:00:00+00:00,0.0430000014603138,0.0430000014603138,0.0430000014603138,0.0430000014603138,0,0.0,0.0
2025-02-19 00:00:00+00:00,0.0430000014603138,0.0430000014603138,0.03999999910593033,0.0430000014603138,1195541,0.0,0.0
2025-02-20 00:00:00+00:00,0.0430000014603138,0.0430000014603138,0.0430000014603138,0.0430000014603138,0,0.0,0.0
2025-02-21 00:00:00+00:00,0.0430000014603138,0.03999999910593033,0.03999999910593033,0.0430000014603138,2272375,0.0,0.0
2025-02-24 00:00:00+00:00,0.0430000014603138,0.0430000014603138,0.03700000047683716,0.041999999433755875,2868140,0.0,0.0
2025-02-25 00:00:00+00:00,0.041999999433755875,0.041999999433755875,0.041999999433755875,0.041999999433755875,0,0.0,0.0
2025-02-26 00:00:00+00:00,0.041999999433755875,0.041999999433755875,0.03999999910593033,0.041999999433755875,1407656,0.0,0.0
2025-02-27 00:00:00+00:00,0.041999999433755875,0.041999999433755875,0.03999999910593033,0.041999999433755875,1253216,0.0,0.0
2025-02-28 00:00:00+00:00,0.041999999433755875,0.03999999910593033,0.03999999910593033,0.041999999433755875,10746,0.0,0.0
2025-03-03 00:00:00+00:00,0.041999999433755875,0.041999999433755875,0.03999999910593033,0.041999999433755875,1250235,0.0,0.0
2025-03-04 00:00:00+00:00,0.041999999433755875,0.03999999910593033,0.03999999910593033,0.041999999433755875,1250000,0.0,0.0
2025-03-05 00:00:00+00:00,0.041999999433755875,0.041999999433755875,0.03999999910593033,0.041999999433755875,29582,0.0,0.0
2025-03-06 00:00:00+00:00,0.041999999433755875,0.041999999433755875,0.04100000113248825,0.041999999433755875,1328737,0.0,0.0
2025-03-07 00:00:00+00:00,0.041999999433755875,0.041999999433755875,0.041999999433755875,0.041999999433755875,0,0.0,0.0
2025-03-10 00:00:00+00:00,0.041999999433755875,0.04100000113248825,0.04100000113248825,0.041999999433755875,1000000,0.0,0.0
2025-03-11 00:00:00+00:00,0.041999999433755875,0.041999999433755875,0.041999999433755875,0.041999999433755875,0,0.0,0.0
2025-03-12 00:00:00+00:00,0.04100000113248825,0.041999999433755875,0.03799999877810478,0.04100000113248825,1281485,0.0,0.0
2025-03-13 00:00:00+00:00,0.04100000113248825,0.03799999877810478,0.03799999877810478,0.04100000113248825,56485,0.0,0.0
2025-03-14 00:00:00+00:00,0.04100000113248825,0.03999999910593033,0.03999999910593033,0.04100000113248825,1000000,0.0,0.0
2025-03-17 00:00:00+00:00,0.04100000113248825,0.04100000113248825,0.04100000113248825,0.04100000113248825,0,0.0,0.0
2025-03-18 00:00:00+00:00,0.04100000113248825,0.03799999877810478,0.035999998450279236,0.03799999877810478,3346908,0.0,0.0
2025-03-19 00:00:00+00:00,0.03799999877810478,0.03799999877810478,0.03799999877810478,0.03799999877810478,0,0.0,0.0
2025-03-20 00:00:00+00:00,0.03799999877810478,0.035999998450279236,0.035999998450279236,0.03799999877810478,1250000,0.0,0.0
2025-03-21 00:00:00+00:00,0.03799999877810478,0.03799999877810478,0.03799999877810478,0.03799999877810478,0,0.0,0.0
2025-03-24 00:00:00+00:00,0.03799999877810478,0.03799999877810478,0.03799999877810478,0.03799999877810478,0,0.0,0.0
2025-03-25 00:00:00+00:00,0.03799999877810478,0.03999999910593033,0.035999998450279236,0.03799999877810478,1276031,0.0,0.0
2025-03-26 00:00:00+00:00,0.03799999877810478,0.03999999910593033,0.03500000014901161,0.03799999877810478,554659,0.0,0.0
2025-03-27 00:00:00+00:00,0.03799999877810478,0.03999999910593033,0.03500000014901161,0.03799999877810478,20765,0.0,0.0
2025-03-28 00:00:00+00:00,0.03799999877810478,0.03500000014901161,0.03500000014901161,0.03799999877810478,1250000,0.0,0.0
2025-03-31 00:00:00+01:00,0.03799999877810478,0.03799999877810478,0.03799999877810478,0.03799999877810478,0,0.0,0.0
2025-04-01 00:00:00+01:00,0.03799999877810478,0.03799999877810478,0.03799999877810478,0.03799999877810478,0,0.0,0.0
2025-04-02 00:00:00+01:00,0.03799999877810478,0.03799999877810478,0.03799999877810478,0.03799999877810478,0,0.0,0.0
2025-04-03 00:00:00+01:00,0.03799999877810478,0.03799999877810478,0.03799999877810478,0.03799999877810478,0,0.0,0.0
2025-04-04 00:00:00+01:00,0.03799999877810478,0.03500000014901161,0.03500000014901161,0.03799999877810478,42858,0.0,0.0
2025-04-07 00:00:00+01:00,0.03799999877810478,0.03700000047683716,0.03500000014901161,0.03799999877810478,1324249,0.0,0.0
2025-04-08 00:00:00+01:00,0.03799999877810478,0.03500000014901161,0.03500000014901161,0.03799999877810478,5890,0.0,0.0
2025-04-09 00:00:00+01:00,0.03799999877810478,0.03799999877810478,0.03799999877810478,0.03799999877810478,0,0.0,0.0
2025-04-10 00:00:00+01:00,0.03799999877810478,0.03500000014901161,0.03500000014901161,0.03799999877810478,500,0.0,0.0
2025-04-11 00:00:00+01:00,0.03799999877810478,0.03700000047683716,0.03500000014901161,0.03799999877810478,1590000,0.0,0.0
2025-04-14 00:00:00+01:00,0.03799999877810478,0.03500000014901161,0.03500000014901161,0.03799999877810478,1250000,0.0,0.0
2025-04-15 00:00:00+01:00,0.03799999877810478,0.03999999910593033,0.03999999910593033,0.03799999877810478,503,0.0,0.0
2025-04-16 00:00:00+01:00,0.03799999877810478,0.03799999877810478,0.03799999877810478,0.03799999877810478,0,0.0,0.0
2025-04-17 00:00:00+01:00,0.03799999877810478,0.035999998450279236,0.035999998450279236,0.03799999877810478,402500,0.0,0.0
2025-04-22 00:00:00+01:00,0.03799999877810478,0.035999998450279236,0.035999998450279236,0.03799999877810478,1250000,0.0,0.0
2025-04-23 00:00:00+01:00,0.03799999877810478,0.03799999877810478,0.03799999877810478,0.03799999877810478,0,0.0,0.0
2025-04-24 00:00:00+01:00,0.03799999877810478,0.03799999877810478,0.03799999877810478,0.03799999877810478,0,0.0,0.0
2025-04-25 00:00:00+01:00,0.03799999877810478,0.03799999877810478,0.03799999877810478,0.03799999877810478,0,0.0,0.0
2025-04-28 00:00:00+01:00,0.03799999877810478,0.03999999910593033,0.03500000014901161,0.03799999877810478,2237959,0.0,0.0
2025-04-29 00:00:00+01:00,0.03799999877810478,0.03799999877810478,0.03799999877810478,0.03799999877810478,0,0.0,0.0
2025-04-30 00:00:00+01:00,0.03799999877810478,0.03799999877810478,0.03799999877810478,0.03799999877810478,0,0.0,0.0
2025-05-01 00:00:00+01:00,0.03799999877810478,0.039000000804662704,0.03400000184774399,0.03700000047683716,5963104,0.0,0.0
2025-05-02 00:00:00+01:00,0.03700000047683716,0.03799999877810478,0.032999999821186066,0.03700000047683716,650000,0.0,0.0
2025-05-06 00:00:00+01:00,0.03799999877810478,0.03999999910593033,0.03500000014901161,0.03799999877810478,13536973,0.0,0.0
2025-05-07 00:00:00+01:00,0.03799999877810478,0.03799999877810478,0.03500000014901161,0.03799999877810478,1892236,0.0,0.0
2025-05-08 00:00:00+01:00,0.03799999877810478,0.03799999877810478,0.03799999877810478,0.03799999877810478,0,0.0,0.0
2025-05-09 00:00:00+01:00,0.03799999877810478,0.03799999877810478,0.03799999877810478,0.03799999877810478,0,0.0,0.0
2025-05-12 00:00:00+01:00,0.03799999877810478,0.03799999877810478,0.03799999877810478,0.03799999877810478,0,0.0,0.0
2025-05-13 00:00:00+01:00,0.03799999877810478,0.03799999877810478,0.03799999877810478,0.03799999877810478,0,0.0,0.0
2025-05-14 00:00:00+01:00,0.03799999877810478,0.03500000014901161,0.03500000014901161,0.03799999877810478,1250000,0.0,0.0
2025-05-15 00:00:00+01:00,0.03799999877810478,0.03799999877810478,0.03799999877810478,0.03799999877810478,0,0.0,0.0
2025-05-16 00:00:00+01:00,0.03799999877810478,0.03799999877810478,0.035999998450279236,0.03799999877810478,2668552,0.0,0.0
2025-05-19 00:00:00+01:00,0.03799999877810478,0.03799999877810478,0.03799999877810478,0.03799999877810478,0,0.0,0.0
2025-05-20 00:00:00+01:00,0.03799999877810478,0.03799999877810478,0.035999998450279236,0.03799999877810478,3855394,0.0,0.0
2025-05-21 00:00:00+01:00,0.03799999877810478,0.03999999910593033,0.039000000804662704,0.03799999877810478,3027139,0.0,0.0
2025-05-22 00:00:00+01:00,0.03799999877810478,0.03799999877810478,0.03799999877810478,0.03799999877810478,0,0.0,0.0
2025-05-23 00:00:00+01:00,0.03799999877810478,0.03999999910593033,0.03700000047683716,0.03799999877810478,2633294,0.0,0.0
2025-05-27 00:00:00+01:00,0.03799999877810478,0.03799999877810478,0.03799999877810478,0.03799999877810478,0,0.0,0.0
2025-05-28 00:00:00+01:00,0.03799999877810478,0.05000000074505806,0.03700000047683716,0.04800000041723251,42587199,0.0,0.0
2025-05-29 00:00:00+01:00,0.04800000041723251,0.05000000074505806,0.04399999976158142,0.04699999839067459,12556599,0.0,0.0
2025-05-30 00:00:00+01:00,0.04699999839067459,0.04399999976158142,0.04399999976158142,0.04600000008940697,1250000,0.0,0.0
2025-06-02 00:00:00+01:00,0.04600000008940697,0.04600000008940697,0.04600000008940697,0.04600000008940697,0,0.0,0.0
2025-06-03 00:00:00+01:00,0.04600000008940697,0.04800000041723251,0.041999999433755875,0.04600000008940697,1772083,0.0,0.0
2025-06-04 00:00:00+01:00,0.04600000008940697,0.04800000041723251,0.04399999976158142,0.04600000008940697,351346,0.0,0.0
2025-06-05 00:00:00+01:00,0.04600000008940697,0.04800000041723251,0.041999999433755875,0.04600000008940697,603910,0.0,0.0
2025-06-06 00:00:00+01:00,0.04600000008940697,0.04600000008940697,0.04600000008940697,0.04600000008940697,0,0.0,0.0
2025-06-09 00:00:00+01:00,0.04600000008940697,0.04800000041723251,0.04399999976158142,0.04600000008940697,129650,0.0,0.0
2025-06-10 00:00:00+01:00,0.04600000008940697,0.04800000041723251,0.04800000041723251,0.04600000008940697,20020,0.0,0.0
2025-06-11 00:00:00+01:00,0.04600000008940697,0.04800000041723251,0.04800000041723251,0.04600000008940697,20854,0.0,0.0
2025-06-12 00:00:00+01:00,0.04600000008940697,0.04800000041723251,0.041999999433755875,0.04600000008940697,500208,0.0,0.0
2025-06-13 00:00:00+01:00,0.04600000008940697,0.04800000041723251,0.041999999433755875,0.04600000008940697,2150817,0.0,0.0
2025-06-16 00:00:00+01:00,0.04600000008940697,0.04800000041723251,0.041999999433755875,0.04600000008940697,1622077,0.0,0.0
2025-06-17 00:00:00+01:00,0.04600000008940697,0.04800000041723251,0.041999999433755875,0.04600000008940697,2170889,0.0,0.0
2025-06-18 00:00:00+01:00,0.04600000008940697,0.04600000008940697,0.04600000008940697,0.04600000008940697,217,0.0,0.0
2025-06-19 00:00:00+01:00,0.04600000008940697,0.04600000008940697,0.04600000008940697,0.04600000008940697,14346,0.0,0.0
2025-06-20 00:00:00+01:00,0.04600000008940697,0.052000001072883606,0.04600000008940697,0.04800000041723251,24658197,0.0,0.0
2025-06-23 00:00:00+01:00,0.04800000041723251,0.09300000220537186,0.05000000074505806,0.06499999761581421,453055515,0.0,0.0
2025-06-24 00:00:00+01:00,0.06499999761581421,0.07000000029802322,0.04699999839067459,0.05000000074505806,111701588,0.0,0.0
2025-06-25 00:00:00+01:00,0.05000000074505806,0.05000000074505806,0.04500000178813934,0.04800000041723251,26467573,0.0,0.0
2025-06-26 00:00:00+01:00,0.04800000041723251,0.05000000074505806,0.0430000014603138,0.04500000178813934,21229973,0.0,0.0
2025-06-27 00:00:00+01:00,0.04500000178813934,0.05000000074505806,0.041999999433755875,0.04500000178813934,9315700,0.0,0.0
2025-06-30 00:00:00+01:00,0.04500000178813934,0.05000000074505806,0.041999999433755875,0.04500000178813934,489724,0.0,0.0
2025-07-01 00:00:00+01:00,0.0430000014603138,0.0430000014603138,0.03500000014901161,0.03799999877810478,21124316,0.0,0.0
2025-07-02 00:00:00+01:00,0.03799999877810478,0.03799999877810478,0.03500000014901161,0.03799999877810478,3070703,0.0,0.0
2025-07-03 00:00:00+01:00,0.03799999877810478,0.03700000047683716,0.03500000014901161,0.03799999877810478,300270,0.0,0.0
2025-07-04 00:00:00+01:00,0.03799999877810478,0.035999998450279236,0.03500000014901161,0.032999999821186066,2309811,0.0,0.0
