Date,Open,High,Low,Close,Volume,Dividends,Stock Splits
2020-07-06 00:00:00+01:00,149.97293236830785,150.9727519174299,142.40529795690645,150.5728302001953,72782,0.0,0.0
2020-07-07 00:00:00+01:00,150.57282662117083,150.77278747503516,142.57427041831522,144.9738311767578,98665,0.0,0.0
2020-07-08 00:00:00+01:00,144.77388017041432,149.97293900470345,142.1743431252516,146.97348022460938,72098,0.0,0.0
2020-07-09 00:00:00+01:00,150.37285051127125,151.7656044802179,144.1739725052652,144.9738311767578,117232,0.0,0.0
2020-07-10 00:00:00+01:00,143.37411383377258,150.9727483288995,142.9741921260439,144.9738311767578,132388,0.0,0.0
2020-07-13 00:00:00+01:00,148.7731460992686,148.7731460992686,143.7920354158751,148.17324829101562,105096,0.0,0.0
2020-07-14 00:00:00+01:00,146.37357779659683,147.17343649752536,139.57481697879382,142.9741973876953,148075,0.0,0.0
2020-07-15 00:00:00+01:00,147.3733906330923,155.57192287340987,143.17415171490225,154.77206420898438,139260,0.0,0.0
2020-07-16 00:00:00+01:00,150.17289147597745,157.9714869194085,144.0619949511869,147.77333068847656,124309,0.0,0.0
2020-07-17 00:00:00+01:00,144.97381846110025,157.17161254937915,144.97381846110025,149.97291564941406,136819,0.0,0.0
2020-07-20 00:00:00+01:00,146.9734775440113,157.57157114279659,139.974740518106,147.97329711914062,182787,0.0,0.0
2020-07-21 00:00:00+01:00,148.9731092781856,148.9731092781856,143.77405079753652,144.9738311767578,109713,0.0,0.0
2020-07-22 00:00:00+01:00,145.57372899438607,148.9731092781856,144.2319606952048,144.9738311767578,84285,0.0,0.0
2020-07-23 00:00:00+01:00,148.9731092781856,148.9731092781856,142.9741921260439,144.9738311767578,175555,0.0,0.0
2020-07-24 00:00:00+01:00,142.97418732338764,145.48473565385459,134.95264054488075,140.97454833984375,153189,0.0,0.0
2020-07-27 00:00:00+01:00,140.97454833984375,142.97418732338764,139.37483105059476,140.97454833984375,64560,0.0,0.0
2020-07-28 00:00:00+01:00,138.37501155882282,144.97382630693153,137.97508986452792,140.97454833984375,56208,0.0,0.0
2020-07-29 00:00:00+01:00,140.97455391545182,142.97419297808233,139.97473438413655,141.1745147705078,57564,0.0,0.0
2020-07-30 00:00:00+01:00,143.3741146881943,145.37375375082485,139.5748126740246,141.1745147705078,124386,0.0,0.0
2020-07-31 00:00:00+01:00,140.17468889664332,142.97418650886294,132.07014933540117,136.57534790039062,3274041,0.0,0.0
2020-08-03 00:00:00+01:00,141.7744046149635,141.7744046149635,126.38217952469815,135.97544860839844,176405,0.0,0.0
2020-08-04 00:00:00+01:00,139.97472922841354,143.3741094072611,136.3753729458404,143.1741485595703,54796,0.0,0.0
2020-08-05 00:00:00+01:00,141.9743846322449,144.17398472322728,135.37556910326114,141.574462890625,119621,0.0,0.0
2020-08-06 00:00:00+01:00,135.37556618775645,143.77405988522926,135.37556618775645,138.17506408691406,133428,0.0,0.0
2020-08-07 00:00:00+01:00,138.97490969057435,144.37392885671514,132.57607103025677,134.9756317138672,161511,0.0,0.0
2020-08-10 00:00:00+01:00,139.77477139936911,141.3744734714781,134.97563467097197,136.1754150390625,46584,0.0,0.0
2020-08-11 00:00:00+01:00,137.37519574028326,141.17451296181233,133.5758937747893,138.37501525878906,55180,0.0,0.0
2020-08-12 00:00:00+01:00,141.17452562514055,141.17452562514055,135.97546671376278,137.1752471923828,652088,0.0,0.0
2020-08-13 00:00:00+01:00,133.575887970664,141.37446767131811,133.575887970664,135.97544860839844,40453,0.0,0.0
2020-08-14 00:00:00+01:00,141.17452138137324,153.32433695004977,134.97564304814702,137.57518005371094,278551,0.0,0.0
2020-08-17 00:00:00+01:00,139.77476983208112,146.37356941060443,135.17559400726356,143.7740478515625,98945,0.0,0.0
2020-08-18 00:00:00+01:00,141.9743731382082,148.97310984220437,137.17523634711804,138.97491455078125,140761,0.0,0.0
2020-08-19 00:00:00+01:00,143.17415009166456,145.17378910203988,134.97563320033282,135.57553100585938,114514,0.0,0.0
2020-08-20 00:00:00+01:00,134.17578270000462,141.17451966169227,132.57608054809754,134.7756805419922,81776,0.0,0.0
2020-08-21 00:00:00+01:00,132.37609239576233,139.97472650864543,126.17721470158635,135.97544860839844,104774,0.0,0.0
2020-08-24 00:00:00+01:00,134.5757155768696,139.97473496600122,127.97690054034398,135.17559814453125,111813,0.0,0.0
2020-08-25 00:00:00+01:00,137.97509287364446,140.77459056286744,133.97581481933594,133.97581481933594,78710,0.0,0.0
2020-08-26 00:00:00+01:00,138.37500770825602,140.3746466361559,133.97580816929008,135.37554931640625,42810,0.0,0.0
2020-08-27 00:00:00+01:00,132.77602771562678,141.3744659423828,132.77602771562678,141.3744659423828,87785,0.0,0.0
2020-08-28 00:00:00+01:00,138.57499371875537,140.77459364558544,135.17559814453125,135.17559814453125,34568,0.0,0.0
2020-09-01 00:00:00+01:00,141.37448098247833,141.57445710114706,135.17560270464494,139.1748809814453,224901,0.0,0.0
2020-09-02 00:00:00+01:00,138.57499817229916,140.1747003268437,132.9760024913036,136.97528076171875,74975,0.0,0.0
2020-09-03 00:00:00+01:00,137.17524691774085,140.77460360243103,132.7760467529297,132.7760467529297,284430,0.0,0.0
2020-09-04 00:00:00+01:00,139.97472845567316,139.97472845567316,133.70185890706034,138.7749481201172,106804,0.0,0.0
2020-09-07 00:00:00+01:00,139.97472918475114,139.97472918475114,132.77603187788517,134.9756317138672,59619,0.0,0.0
2020-09-08 00:00:00+01:00,133.775851372062,137.17523154984917,130.97635373716,134.9756317138672,86805,0.0,0.0
2020-09-09 00:00:00+01:00,132.97599226675743,134.97563124821244,122.57786803758798,124.57750701904297,170006,0.0,0.0
2020-09-10 00:00:00+01:00,137.77513277532813,137.77513277532813,124.9774398803711,124.9774398803711,119807,0.0,0.0
2020-09-11 00:00:00+01:00,127.17704519931685,132.7760408473517,119.97834740615473,122.9778060913086,144096,0.0,0.0
2020-09-14 00:00:00+01:00,129.77657498141355,131.17631618795403,110.97996520996094,110.97996520996094,179652,0.0,0.0
2020-09-15 00:00:00+01:00,118.57859193296737,118.57859193296737,109.18028704724107,110.97996520996094,210436,0.0,0.0
2020-09-16 00:00:00+01:00,111.77982741213744,120.6182284675997,109.98014919232861,111.37989807128906,221781,0.0,0.0
2020-09-17 00:00:00+01:00,111.37990104647761,114.57932060269232,99.9819564819336,99.9819564819336,691092,0.0,0.0
2020-09-18 00:00:00+01:00,106.7807237040949,107.38061386755261,99.98194817686141,103.78126525878906,640583,0.0,0.0
2020-09-21 00:00:00+01:00,101.38169959174552,102.98140927823104,92.08637293114195,94.58292388916016,403358,0.0,0.0
2020-09-22 00:00:00+01:00,90.98358020886697,95.88269759187108,90.08374107680207,91.48348999023438,193502,0.0,0.0
2020-09-23 00:00:00+01:00,92.38332237186016,93.78307118301298,89.98375407102925,92.88323211669922,255785,0.0,0.0
2020-09-24 00:00:00+01:00,91.5834683630805,95.88269543744634,88.89695679777664,91.6834487915039,274834,0.0,0.0
2020-09-25 00:00:00+01:00,88.18407969483401,97.61037964861234,85.88449934742812,91.38350677490234,368370,0.0,0.0
2020-09-28 00:00:00+01:00,92.8832342332068,104.78108795709319,92.8832342332068,101.9815902709961,130203,0.0,0.0
2020-09-29 00:00:00+01:00,101.98159589587905,106.38080351895194,93.9830393550258,95.88269805908203,214945,0.0,0.0
2020-09-30 00:00:00+01:00,95.08283555093034,96.18263550570734,92.2833454504087,93.28316497802734,160873,0.0,0.0
2020-10-01 00:00:00+01:00,97.98230783533914,102.98140517387685,89.88377167251149,93.08319091796875,223955,0.0,0.0
2020-10-02 00:00:00+01:00,90.38369091899206,96.18263986520842,86.08446370416131,93.98303985595703,181572,0.0,0.0
2020-10-05 00:00:00+01:00,91.18353955856507,102.78145239643278,91.18353955856507,96.08265686035156,119274,0.0,0.0
2020-10-06 00:00:00+01:00,96.98249090028222,101.18172972310809,91.78343258363898,95.08283233642578,212460,0.0,0.0
2020-10-07 00:00:00+01:00,90.28370370106198,102.78144742335643,90.28370370106198,97.28244018554688,474181,0.0,0.0
2020-10-08 00:00:00+01:00,95.58274463697407,100.7818107205357,92.08337631512238,98.1822738647461,190027,0.0,0.0
2020-10-09 00:00:00+01:00,98.6821879964613,104.18119560296765,96.88251735659725,99.9819564819336,175837,0.0,0.0
2020-10-12 00:00:00+01:00,101.18173423293392,102.98141245322653,92.98321706941812,100.98177337646484,198357,0.0,0.0
2020-10-13 00:00:00+01:00,97.98231626673154,101.98159448170017,94.78289674596377,96.38260650634766,217219,0.0,0.0
2020-10-14 00:00:00+01:00,97.38242324271002,97.78235257824005,93.48312557032297,96.28262329101562,139231,0.0,0.0
2020-10-15 00:00:00+01:00,96.3826030527941,97.08247366412891,91.23752809112108,91.88341522216797,130962,0.0,0.0
2020-10-16 00:00:00+01:00,95.3827892091115,95.3827892091115,89.78380110130163,90.98358154296875,165359,0.0,0.0
2020-10-19 00:00:00+01:00,90.38368543651043,93.58310482462755,86.98429756912502,88.5840072631836,174096,0.0,0.0
2020-10-20 00:00:00+01:00,89.38386310614504,91.46648726765446,87.18425567164796,88.48402404785156,833994,0.0,0.0
2020-10-21 00:00:00+01:00,86.98429364936295,89.28388147520816,85.9844741821289,85.9844741821289,217630,0.0,0.0
2020-10-22 00:00:00+01:00,86.5843676886124,89.78379468442394,84.88467757972509,89.38386535644531,151240,0.0,0.0
2020-10-23 00:00:00+01:00,89.3838681436694,91.38350721789907,85.6845312795339,89.48384857177734,304277,0.0,0.0
2020-10-26 00:00:00+00:00,89.98375571235108,92.48330448213862,85.78451683031503,90.4836654663086,162273,0.0,0.0
2020-10-27 00:00:00+00:00,89.98375293455287,91.88341146655245,89.42985208992891,90.38368225097656,288823,0.0,0.0
2020-10-28 00:00:00+00:00,88.68398858867198,92.58328625176736,86.68434954380436,89.98375701904297,345718,0.0,0.0
2020-10-29 00:00:00+00:00,84.98465980737035,91.38350630670529,83.6299009917604,88.08409881591797,275525,0.0,0.0
2020-10-30 00:00:00+00:00,86.98429845174154,91.28352544941396,86.98429845174154,89.98375701904297,251110,0.0,0.0
2020-11-02 00:00:00+00:00,86.48439324922327,88.96594769260298,83.68489538763659,88.78398132324219,182878,0.0,0.0
2020-11-03 00:00:00+00:00,88.783974812647,88.783974812647,83.68488925096115,87.18425750732422,317439,0.0,0.0
2020-11-04 00:00:00+00:00,85.68452604012428,88.48402362407013,82.48510676820096,86.284423828125,334174,0.0,0.0
2020-11-05 00:00:00+00:00,86.284423828125,91.9833917899938,84.98465545814645,86.284423828125,1011132,0.0,0.0
2020-11-06 00:00:00+00:00,89.9837520936788,97.88232741417183,89.9837520936788,93.08319091796875,533131,0.0,0.0
2020-11-09 00:00:00+00:00,96.18263110672024,119.17847919021632,90.58364353373334,114.97924041748047,986915,0.0,0.0
2020-11-10 00:00:00+00:00,113.97943045791996,130.776402208189,113.97943045791996,127.37701416015625,966800,0.0,0.0
2020-11-11 00:00:00+00:00,129.57661472663972,137.1752338565381,123.95162307901312,131.77621459960938,884692,0.0,0.0
2020-11-12 00:00:00+00:00,128.77675442110714,136.5753495583795,125.97725677490234,125.97725677490234,499220,0.0,0.0
2020-11-13 00:00:00+00:00,124.97745050340934,132.97600733562754,123.57770153216752,128.3768310546875,438822,0.0,0.0
2020-11-16 00:00:00+00:00,129.57661736087198,145.97365157202813,127.3770098151678,141.1745147705078,635801,0.0,0.0
2020-11-17 00:00:00+00:00,141.97437046595982,145.77368765639673,135.17559474455192,139.9747314453125,819678,0.0,0.0
2020-11-18 00:00:00+00:00,141.57446083248814,151.3726806640625,139.97474337719143,151.3726806640625,268423,0.0,0.0
2020-11-19 00:00:00+00:00,149.97291460255573,149.97291460255573,143.77403718352352,145.57371520996094,273472,0.0,0.0
2020-11-20 00:00:00+00:00,143.57409568372515,152.172534791937,141.97437827678368,147.37339782714844,368346,0.0,0.0
2020-11-23 00:00:00+00:00,149.97294177747753,149.97294177747753,142.17434575384138,145.97366333007812,319532,0.0,0.0
2020-11-24 00:00:00+00:00,146.97346682023243,152.1725251803534,145.97364731805396,149.77296447753906,395211,0.0,0.0
2020-11-25 00:00:00+00:00,152.37249992636418,157.77153488415527,140.57464092948987,146.97348022460938,427690,0.0,0.0
2020-11-26 00:00:00+00:00,150.17289987216913,150.17289987216913,143.77406057704962,146.97348022460938,191161,0.0,0.0
2020-11-27 00:00:00+00:00,152.17252837222745,152.17252837222745,136.5753529647081,142.77423095703125,672660,0.0,0.0
2020-11-30 00:00:00+00:00,144.97382408647522,145.77368271884887,138.57498553955494,144.17396545410156,681634,0.0,0.0
2020-12-01 00:00:00+00:00,145.57372738894387,155.9718442355677,138.52299822111226,152.5724639892578,323732,0.0,0.0
2020-12-02 00:00:00+00:00,146.57354769086834,156.97166459336506,139.97473275841472,148.7731475830078,840009,0.0,0.0
2020-12-03 00:00:00+00:00,147.9732855966375,155.97184157483412,146.40057148019704,153.57228088378906,378587,0.0,0.0
2020-12-04 00:00:00+00:00,158.17144947936353,164.0723925082256,153.5992766380634,160.970947265625,403864,0.0,0.0
2020-12-07 00:00:00+00:00,157.97147873212705,164.17035649192766,152.744425634423,158.97129821777344,246140,0.0,0.0
2020-12-08 00:00:00+00:00,157.97148929719003,159.37123056829518,151.97257198210684,154.97203063964844,165830,0.0,0.0
2020-12-09 00:00:00+00:00,156.97165171305338,157.77151031439035,147.17341817275155,149.97291564941406,341400,0.0,0.0
2020-12-10 00:00:00+00:00,152.57247000419412,153.57228955794102,141.77441577252026,144.57391357421875,266745,0.0,0.0
2020-12-11 00:00:00+00:00,140.97455141437587,151.17270740165563,131.97617579218166,133.97581481933594,850374,0.0,0.0
2020-12-14 00:00:00+00:00,131.7762244756186,137.97510285712266,131.7762244756186,133.77586364746094,324474,0.0,0.0
2020-12-15 00:00:00+00:00,133.77584881446947,135.97544860839844,131.97617070815141,135.97544860839844,284088,0.0,0.0
2020-12-16 00:00:00+00:00,137.97510032932254,141.7744177374241,133.9808260386769,136.97528076171875,351518,0.0,0.0
2020-12-17 00:00:00+00:00,139.77477736594167,157.17163158596216,134.57571871159362,151.17271423339844,601278,0.0,0.0
2020-12-18 00:00:00+00:00,144.57391930294864,149.17308027880443,141.77442139032024,146.97348022460938,514303,0.0,0.0
2020-12-21 00:00:00+00:00,142.77422912542573,149.0380977473621,129.19867688509237,139.9747314453125,468039,0.0,0.0
2020-12-22 00:00:00+00:00,142.57426827456803,143.51908977868567,136.37537510573333,139.9747314453125,208471,0.0,0.0
2020-12-23 00:00:00+00:00,137.57517785449036,142.9741973876953,135.15761488549725,142.9741973876953,200304,0.0,0.0
2020-12-24 00:00:00+00:00,145.37375525895385,145.97365308638055,136.44236863559019,141.7744140625,118639,0.0,0.0
2020-12-29 00:00:00+00:00,145.97364921141434,150.88375833451326,141.574449447183,144.37393188476562,220366,0.0,0.0
2020-12-30 00:00:00+00:00,146.9734711033434,146.9734711033434,140.92756532663878,141.1745147705078,170862,0.0,0.0
2020-12-31 00:00:00+00:00,139.97473968801256,143.3741201208785,129.23667202263067,139.1748809814453,185088,0.0,0.0
2021-01-04 00:00:00+00:00,142.17434095950765,142.9741996732224,137.17524306883553,137.57518005371094,204399,0.0,0.0
2021-01-05 00:00:00+00:00,136.7753172495767,140.16569655016065,131.97618036684784,137.97509765625,254538,0.0,0.0
2021-01-06 00:00:00+00:00,139.37483397806912,148.17324874167392,135.36756176461515,142.17433166503906,362501,0.0,0.0
2021-01-07 00:00:00+00:00,146.9734711033434,153.37231000134693,138.31702884133284,141.1745147705078,299641,0.0,0.0
2021-01-08 00:00:00+00:00,141.97437046595982,145.97364850725447,137.5751707229497,139.9747314453125,307081,0.0,0.0
2021-01-11 00:00:00+00:00,146.17360780236797,147.17342730205044,137.17523230522588,139.3748321533203,283691,0.0,0.0
2021-01-12 00:00:00+00:00,146.1736074282024,148.5731833749189,139.01390452508957,145.37374877929688,418858,0.0,0.0
2021-01-13 00:00:00+00:00,149.97292376579122,152.57246054681215,140.97454833984375,140.97454833984375,191044,0.0,0.0
2021-01-14 00:00:00+00:00,145.77369398750793,149.17307436783318,139.75477600226148,144.57391357421875,331135,0.0,0.0
2021-01-15 00:00:00+00:00,144.97382055686126,151.51263306104676,138.97490384416355,140.7745819091797,219218,0.0,0.0
2021-01-18 00:00:00+00:00,140.97454274839612,143.97400110474499,138.73294314301359,140.7745819091797,144277,0.0,0.0
2021-01-19 00:00:00+00:00,142.1743339928296,146.97347078391974,138.97491455078125,138.97491455078125,180274,0.0,0.0
2021-01-20 00:00:00+00:00,144.77387149064575,146.373573590499,138.37501732312668,143.37411499023438,263374,0.0,0.0
2021-01-21 00:00:00+00:00,143.37411588875716,145.57373108089777,139.37483773000758,139.57481384277344,172315,0.0,0.0
2021-01-22 00:00:00+00:00,142.7742247923502,145.37374628667746,132.17613220214844,132.17613220214844,402402,0.0,0.0
2021-01-25 00:00:00+00:00,137.97510092658047,141.77441835112828,128.77676391601562,128.77676391601562,534709,0.0,0.0
2021-01-26 00:00:00+00:00,131.97617898775837,132.99099520836978,126.97708129882812,126.97708129882812,258244,0.0,0.0
2021-01-27 00:00:00+00:00,128.97672097562426,131.57625788839988,122.50189169356025,126.1772232055664,351871,0.0,0.0
2021-01-28 00:00:00+00:00,121.97798652959064,125.17740607588094,119.97834740615473,122.9778060913086,382044,0.0,0.0
2021-01-29 00:00:00+00:00,121.77802047064063,127.9768984375,121.77802047064063,124.9774398803711,378459,0.0,0.0
2021-02-01 00:00:00+00:00,122.17794217584375,124.9774398803711,121.17812265680078,124.9774398803711,409714,0.0,0.0
2021-02-02 00:00:00+00:00,123.7776526882077,136.77530571955674,121.10213330068807,135.37554931640625,280625,0.0,0.0
2021-02-03 00:00:00+00:00,136.97527549249662,138.97491455078125,130.57643660839997,138.97491455078125,293056,0.0,0.0
2021-02-04 00:00:00+00:00,138.97491665343705,138.97491665343705,128.57679949545022,133.57589721679688,671025,0.0,0.0
2021-02-05 00:00:00+00:00,127.57696860711204,144.37393188476562,127.57696860711204,144.37393188476562,472691,0.0,0.0
2021-02-08 00:00:00+00:00,138.17505733358982,144.37393542844453,135.17559871452767,139.57481384277344,371577,0.0,0.0
2021-02-09 00:00:00+00:00,135.17560226596,139.97473923375298,132.97600227206533,134.7756805419922,365167,0.0,0.0
2021-02-10 00:00:00+00:00,137.57516610842342,139.7747659061498,128.17685387299682,129.97653198242188,353103,0.0,0.0
2021-02-11 00:00:00+00:00,127.17703861788277,131.17631665779126,124.17758008795141,126.5771484375,421566,0.0,0.0
2021-02-12 00:00:00+00:00,131.77622128563377,139.37484080106876,120.37827675644549,122.9778060913086,979827,0.0,0.0
2021-02-15 00:00:00+00:00,129.37663313321835,132.77602848004724,122.97779463665185,131.5762481689453,937751,0.0,0.0
2021-02-16 00:00:00+00:00,127.17704395722356,146.17361544433192,124.61351126385073,142.37429809570312,1162277,0.0,0.0
2021-02-17 00:00:00+00:00,140.97455095563615,146.57354631586267,137.37519461605697,139.9747314453125,941324,0.0,0.0
2021-02-18 00:00:00+00:00,143.57409048725,155.77188569157914,135.17559728883342,138.97491455078125,660811,0.0,0.0
2021-02-19 00:00:00+00:00,143.9740154812423,144.37393719960926,137.41120458005716,142.37429809570312,275261,0.0,0.0
2021-02-22 00:00:00+00:00,145.9736388596308,158.7713307971614,141.5744394073706,154.3721160888672,522224,0.0,0.0
2021-02-23 00:00:00+00:00,161.17089331384474,174.3685070865751,155.97183519198538,163.1705322265625,1408334,0.0,0.0
2021-02-24 00:00:00+00:00,163.9704035433948,175.7682770934559,162.49467198632507,174.56849670410156,1152694,0.0,0.0
2021-02-25 00:00:00+00:00,178.56777782190704,181.76719733230337,169.72136723822467,175.76828002929688,738799,0.0,0.0
2021-02-26 00:00:00+00:00,173.168736477212,179.36761440219553,169.36941927930758,177.1680145263672,519151,0.0,0.0
2021-03-01 00:00:00+00:00,183.76683873463884,186.3663604448744,167.56976486489066,170.36924743652344,571278,0.0,0.0
2021-03-02 00:00:00+00:00,167.96967704854603,178.35279712868982,167.96967704854603,170.5692138671875,386003,0.0,0.0
2021-03-03 00:00:00+00:00,179.16765536893186,180.96733356051976,170.5692166296222,179.96751403808594,689061,0.0,0.0
2021-03-04 00:00:00+00:00,180.96733620043895,193.76502932548922,174.86243530029043,189.36581420898438,880569,0.0,0.0
2021-03-05 00:00:00+00:00,185.36653487216452,190.9655303459791,175.96823738687078,180.56741333007812,1042812,0.0,0.0
2021-03-08 00:00:00+00:00,181.96715871604994,187.36617820191407,180.16748046875,180.16748046875,426040,0.0,0.0
2021-03-09 00:00:00+00:00,175.36833749005046,182.76701108257828,170.96913770987135,175.5683135986328,571872,0.0,0.0
2021-03-10 00:00:00+00:00,183.36689517607672,186.36635375751334,174.96841725046835,176.16819763183594,1377463,0.0,0.0
2021-03-11 00:00:00+00:00,181.56724094702648,181.56724094702648,175.1683865125375,177.56796264648438,755571,0.0,0.0
2021-03-12 00:00:00+00:00,183.96680405560662,190.96554116641775,177.96788653205422,186.9662628173828,698019,0.0,0.0
2021-03-15 00:00:00+00:00,182.3670742907311,192.16530863499088,179.36761573163332,185.9664306640625,368701,0.0,0.0
2021-03-16 00:00:00+00:00,177.5679595091962,189.9657159194176,177.5679595091962,186.76629638671875,361253,0.0,0.0
2021-03-17 00:00:00+00:00,177.56796343019434,190.56561796432237,175.76828513580017,186.36636352539062,417688,0.0,0.0
2021-03-18 00:00:00+00:00,187.96607655547479,187.96607655547479,180.16748096632773,184.5666961669922,596449,0.0,0.0
2021-03-19 00:00:00+00:00,184.96660478473245,188.7659218801663,179.56758566640275,181.36724853515625,2062024,0.0,0.0
2021-03-22 00:00:00+00:00,179.16765652588157,184.7666519900797,175.9682370846406,178.3677978515625,338054,0.0,0.0
2021-03-23 00:00:00+00:00,175.36832998416136,180.96732515205304,170.61119331119505,172.56884765625,372350,0.0,0.0
2021-03-24 00:00:00+00:00,168.5695705596768,176.96804809570312,168.5695705596768,176.96804809570312,253067,0.0,0.0
2021-03-25 00:00:00+00:00,172.96877452724425,179.76755021882846,172.168915871287,178.76773071289062,158549,0.0,0.0
2021-03-26 00:00:00+00:00,182.3670848144812,184.3667239692717,178.9677043537517,181.9671630859375,262712,0.0,0.0
2021-03-29 00:00:00+01:00,185.76647419466806,188.96589368199204,179.5675960774712,187.76611328125,414364,0.0,0.0
2021-03-30 00:00:00+01:00,181.16728390397407,190.7655568649404,179.7675427561822,189.9656982421875,278818,0.0,0.0
2021-03-31 00:00:00+01:00,193.76503054099578,193.96499139844687,179.5675960774712,187.76611328125,1654817,0.0,0.0
2021-04-01 00:00:00+01:00,191.36544430243168,197.76429819268267,185.40652868482428,193.96498107910156,392441,0.0,0.0
2021-04-06 00:00:00+01:00,199.3640036384757,199.3640036384757,191.36544758066668,197.36436462402344,509360,0.0,0.0
2021-04-07 00:00:00+01:00,199.96390964673913,208.9622855808424,199.5639879298599,206.962646484375,474043,0.0,0.0
2021-04-08 00:00:00+01:00,209.4621905622811,209.4621905622811,192.56524668616274,202.96336364746094,202202,0.0,0.0
2021-04-09 00:00:00+01:00,200.96372058686617,216.46092292067922,191.36544723254218,195.16476440429688,251898,0.0,0.0
2021-04-12 00:00:00+01:00,189.96571687208564,204.96301030935558,185.36654078224188,195.56471252441406,236645,0.0,0.0
2021-04-13 00:00:00+01:00,189.9657114539471,198.16422858127882,189.9657114539471,195.36473083496094,178433,0.0,0.0
2021-04-14 00:00:00+01:00,195.16477027470071,207.96246338006569,193.16513120373855,197.56434631347656,143438,0.0,0.0
2021-04-15 00:00:00+01:00,190.96553925048178,200.01390947559923,190.96553925048178,196.76449584960938,305856,0.0,0.0
2021-04-16 00:00:00+01:00,188.96590268555462,203.4632867540231,181.56724381509554,195.76467895507812,271680,0.0,0.0
2021-04-19 00:00:00+01:00,200.96372448807398,205.46291234974728,191.96534876472737,192.56524658203125,197141,0.0,0.0
2021-04-20 00:00:00+01:00,189.9656982421875,204.962990208676,189.07386098858947,189.9656982421875,211725,0.0,0.0
2021-04-21 00:00:00+01:00,180.36742528122113,199.7639320448335,175.36832795905832,189.9656982421875,200677,0.0,0.0
2021-04-22 00:00:00+01:00,190.16567141433325,200.96372538156467,187.1662128265487,188.76593017578125,224530,0.0,0.0
2021-04-23 00:00:00+01:00,189.96569886443302,199.7639326991738,185.5664993089336,186.1663818359375,204982,0.0,0.0
2021-04-26 00:00:00+01:00,191.36545298703552,198.76412670315378,180.16747724094984,187.1662139892578,551786,0.0,0.0
2021-04-27 00:00:00+01:00,179.96751063845937,196.76448134925587,179.96751063845937,192.9651641845703,435860,0.0,0.0
2021-04-28 00:00:00+01:00,184.96660957756959,199.76394139498214,184.96660957756959,193.5650634765625,233820,0.0,0.0
2021-04-29 00:00:00+01:00,190.16566798475912,200.46381200163623,175.36833616734654,193.5650634765625,236748,0.0,0.0
2021-04-30 00:00:00+01:00,194.56487628533145,197.36435861550987,189.9657005896935,194.9647979736328,367889,0.0,0.0
2021-05-04 00:00:00+01:00,188.96589870574826,200.96373354420845,181.7672008538793,196.1645965576172,388135,0.0,0.0
2021-05-05 00:00:00+01:00,188.76592026875497,213.46145829420823,186.76628131517924,194.9647979736328,364455,0.0,0.0
2021-05-06 00:00:00+01:00,191.9653611127277,199.36401996986626,190.1256967301794,191.36546325683594,150572,0.0,0.0
2021-05-07 00:00:00+01:00,192.56525163367039,195.36473417176774,185.9664364943595,188.36599731445312,586238,0.0,0.0
2021-05-10 00:00:00+01:00,176.96805144622735,192.36526563913486,176.96805144622735,188.5659637451172,286797,0.0,0.0
2021-05-11 00:00:00+01:00,185.76646914098617,185.76646914098617,176.76809349616371,181.56723022460938,386594,0.0,0.0
2021-05-12 00:00:00+01:00,186.7663005108316,193.9649984323722,181.16730476294663,186.36636352539062,778515,0.0,0.0
2021-05-13 00:00:00+01:00,192.16530478810614,192.16530478810614,177.96787094379673,180.367431640625,738692,0.0,0.0
2021-05-14 00:00:00+01:00,183.36690439187643,190.81757098902017,180.36744565969067,181.9671630859375,361025,0.0,0.0
2021-05-17 00:00:00+01:00,181.96716414715397,184.96662289683235,178.1678466796875,178.1678466796875,294628,0.0,0.0
2021-05-18 00:00:00+01:00,179.5675923315265,181.96715308295356,176.16819680163042,179.96751403808594,637741,0.0,0.0
2021-05-19 00:00:00+01:00,178.1678347162776,183.7668301088034,177.3679760521975,181.56723022460938,644905,0.0,0.0
2021-05-20 00:00:00+01:00,184.76664892217602,184.96660977342677,168.48458450310463,177.1680145263672,354776,0.0,0.0
2021-05-21 00:00:00+01:00,179.96752393114696,187.3661827014575,177.56796304781275,181.9671630859375,617440,0.0,0.0
2021-05-24 00:00:00+01:00,184.166761719157,198.5641726789308,180.16748343967024,196.1645965576172,798373,0.0,0.0
2021-05-25 00:00:00+01:00,194.96480744460533,209.4621905622811,188.166031620971,202.96336364746094,786486,0.0,0.0
2021-05-26 00:00:00+01:00,202.4634565221201,207.96246398321472,199.36400985072532,201.9635467529297,593091,0.0,0.0
2021-05-27 00:00:00+01:00,191.9653468276515,202.96336148965239,191.9653468276515,197.96426391601562,8868992,0.0,0.0
2021-05-28 00:00:00+01:00,197.56433321934924,203.4632619853055,194.18493853147066,201.463623046875,391977,0.0,0.0
2021-06-01 00:00:00+01:00,201.463623046875,204.4630814545208,195.96461596619108,201.463623046875,338087,0.0,0.0
2021-06-02 00:00:00+01:00,209.96210168909144,209.96210168909144,197.56434559653064,202.4634552001953,587635,0.0,0.0
2021-06-03 00:00:00+01:00,202.9633741772136,203.46328396582743,196.16459800085835,196.76449584960938,346029,0.0,0.0
2021-06-04 00:00:00+01:00,197.76430158053486,200.9637209524515,192.56524319416602,197.36436462402344,198498,0.0,0.0
2021-06-07 00:00:00+01:00,189.1658436916453,198.04624414940199,185.95241934799685,189.56578063964844,294253,0.0,0.0
2021-06-08 00:00:00+01:00,194.56487652703765,194.56487652703765,187.16620323599548,188.96588134765625,196122,0.0,0.0
2021-06-09 00:00:00+01:00,189.76576034087202,189.96572120672448,181.76720365848362,182.5670623779297,497381,0.0,0.0
2021-06-10 00:00:00+01:00,182.76701443579813,182.76701443579813,177.96787760643986,178.9676971435547,1116289,0.0,0.0
2021-06-11 00:00:00+01:00,175.16838793000912,179.96752498070174,175.16838793000912,178.1678466796875,149966,0.0,0.0
2021-06-14 00:00:00+01:00,176.56814307134883,190.56561712324626,171.968966923311,177.56796264648438,302697,0.0,0.0
2021-06-15 00:00:00+01:00,186.76628757966682,186.76628757966682,174.96841430664062,174.96841430664062,449698,0.0,0.0
2021-06-16 00:00:00+01:00,176.5681240159482,179.36760631937608,170.36923111426958,171.9689483642578,504924,0.0,0.0
2021-06-17 00:00:00+01:00,172.96878170939394,175.16838166258376,168.76954266129786,171.3690643310547,522864,0.0,0.0
2021-06-18 00:00:00+01:00,169.9693145751953,179.7675487019135,162.770617244394,169.9693145751953,854553,0.0,0.0
2021-06-21 00:00:00+01:00,164.970234526685,170.3692542815074,164.970234526685,168.96951293945312,461821,0.0,0.0
2021-06-22 00:00:00+01:00,172.16891179725457,178.3677895361781,169.36941419566617,170.96913146972656,233886,0.0,0.0
2021-06-23 00:00:00+01:00,171.96896651215528,173.96860565764544,169.36942952060366,173.1687469482422,390063,0.0,0.0
2021-06-24 00:00:00+01:00,169.96933254264516,173.3687130910835,168.52759133231103,168.96951293945312,315021,0.0,0.0
2021-06-25 00:00:00+01:00,161.97077176147502,169.3694305419922,161.97077176147502,169.3694305419922,123963,0.0,0.0
2021-06-28 00:00:00+01:00,176.36816150524157,176.36816150524157,166.3699660626307,166.96986389160156,204029,0.0,0.0
2021-06-29 00:00:00+01:00,168.56958153742272,169.76936194126907,166.96986416160394,169.16946411132812,335058,0.0,0.0
2021-06-30 00:00:00+01:00,169.7693533459844,169.7693533459844,165.97003621279774,167.76971435546875,598867,0.0,0.0
2021-07-01 00:00:00+01:00,170.96913121110302,177.8159022162416,168.03966745535323,176.96804809570312,550596,0.0,0.0
2021-07-02 00:00:00+01:00,179.7675517053971,181.76618383549408,174.3685171750651,179.36761474609375,235192,0.0,0.0
2021-07-05 00:00:00+01:00,177.96788477635644,190.96553928249483,170.1692890214662,181.9671630859375,235535,0.0,0.0
2021-07-06 00:00:00+01:00,189.96570417283155,189.96570417283155,180.3674309122114,184.166748046875,235966,0.0,0.0
2021-07-07 00:00:00+01:00,187.16622141416386,187.16622141416386,170.16928863685985,177.56796264648438,149861,0.0,0.0
2021-07-08 00:00:00+01:00,179.56758398809734,189.96570043585677,171.48803389319343,172.56884765625,218282,0.0,0.0
2021-07-09 00:00:00+01:00,179.76755100740118,186.5663267288091,170.16927760588004,174.96841430664062,150776,0.0,0.0
2021-07-12 00:00:00+01:00,167.16981438585904,182.1671066200456,167.16981438585904,170.96913146972656,186460,0.0,0.0
2021-07-13 00:00:00+01:00,176.5681282168267,179.9675083838862,168.76953313565136,171.56903076171875,211218,0.0,0.0
2021-07-14 00:00:00+01:00,173.56868921655104,179.96752857456545,168.36961507512333,168.96951293945312,162886,0.0,0.0
2021-07-15 00:00:00+01:00,165.17017206251026,170.56920631064702,164.97021122132765,167.5697479248047,489460,0.0,0.0
2021-07-16 00:00:00+01:00,163.37051003807537,174.56850131740512,163.37051003807537,165.9700469970703,136892,0.0,0.0
2021-07-19 00:00:00+01:00,163.17053615647706,164.5702925827127,151.97256102676448,154.5720977783203,657017,0.0,0.0
2021-07-20 00:00:00+01:00,154.57210151160652,172.36887648843205,148.47319643121017,151.97256469726562,672282,0.0,0.0
2021-07-21 00:00:00+01:00,144.97383449388587,165.77008414835387,144.97383449388587,160.970947265625,9891961,0.0,0.0
2021-07-22 00:00:00+01:00,158.37140598064934,172.55485033950887,158.37140598064934,159.1712646484375,245866,0.0,0.0
2021-07-23 00:00:00+01:00,162.37068357362025,168.36960067987766,157.3715859850724,165.17018127441406,224118,0.0,0.0
2021-07-26 00:00:00+01:00,167.76971135189626,172.56884789442205,154.77205814624094,166.56993103027344,119016,0.0,0.0
2021-07-27 00:00:00+01:00,164.77025185928406,170.16927089985342,158.5713741907696,168.1696319580078,334939,0.0,0.0
2021-07-28 00:00:00+01:00,169.5693924981398,170.96913368908682,166.48994662202153,167.76971435546875,162346,0.0,0.0
2021-07-29 00:00:00+01:00,163.9703957584216,170.76917131668503,163.9703957584216,167.16981506347656,110979,0.0,0.0
2021-07-30 00:00:00+01:00,164.37033081054688,169.3694286485323,160.57102865850666,164.37033081054688,192712,0.0,0.0
2021-08-02 00:00:00+01:00,162.57065377894926,173.9685897645582,161.97075598769212,162.77061462402344,132894,0.0,0.0
2021-08-03 00:00:00+01:00,166.76989254964548,166.76989254964548,161.97075598769212,162.77061462402344,138548,0.0,0.0
2021-08-04 00:00:00+01:00,165.57012088066315,171.5690380827736,161.97076445698272,164.1703643798828,167495,0.0,0.0
2021-08-05 00:00:00+01:00,165.17018364592525,174.16855943450994,163.97040325865436,172.36888122558594,249261,0.0,0.0
2021-08-06 00:00:00+01:00,168.96951293945312,179.56760683570323,168.96951293945312,168.96951293945312,89508,0.0,0.0
2021-08-09 00:00:00+01:00,173.56867376852858,180.56741036796868,168.9694979007682,179.36761474609375,221232,0.0,0.0
2021-08-10 00:00:00+01:00,181.1673012437232,184.0947819473469,175.1683838829639,178.56777954101562,124825,0.0,0.0
2021-08-11 00:00:00+01:00,181.56722873978018,185.76646762181625,165.17017965635299,180.9673309326172,91216,0.0,0.0
2021-08-12 00:00:00+01:00,174.3685160779641,185.76646762181625,168.56957513688502,180.9673309326172,137331,0.0,0.0
2021-08-13 00:00:00+01:00,180.3674331254542,183.96678945636222,173.53666551508914,180.9673309326172,143425,0.0,0.0
2021-08-16 00:00:00+01:00,180.16747900909635,181.56723552611626,177.46496384903298,179.56759643554688,142707,0.0,0.0
2021-08-17 00:00:00+01:00,180.16747489136566,183.36689431194682,176.96805547078452,179.96751403808594,181007,0.0,0.0
2021-08-18 00:00:00+01:00,182.96697030158182,185.96642883111593,176.1681945834308,183.16693115234375,283831,0.0,0.0
2021-08-19 00:00:00+01:00,180.9673313685826,181.96715087890624,169.46141283751598,174.96841430664062,355383,0.0,0.0
2021-08-20 00:00:00+01:00,174.36851426178643,177.96787055520448,168.8195282554829,169.9693145751953,218813,0.0,0.0
2021-08-23 00:00:00+01:00,174.96840829618387,187.76610063991166,170.5692087042936,172.56884765625,118145,0.0,0.0
2021-08-24 00:00:00+01:00,171.5690281802718,183.76682273599886,170.16927176028165,172.56884765625,129667,0.0,0.0
2021-08-25 00:00:00+01:00,174.9684164259169,183.76683127454146,173.96859690348307,179.96751403808594,180557,0.0,0.0
2021-08-26 00:00:00+01:00,179.36762298428826,179.76755996196033,167.96968610125992,178.56777954101562,111622,0.0,0.0
2021-08-27 00:00:00+01:00,173.36869908760872,181.96715308295356,173.36869908760872,179.96751403808594,205706,0.0,0.0
2021-08-31 00:00:00+01:00,178.5677836665996,182.36708587802997,175.36834879544713,178.1678466796875,237844,0.0,0.0
2021-09-01 00:00:00+01:00,178.7677288396702,184.96660666032273,175.96823120117188,175.96823120117188,363572,0.0,0.0
2021-09-02 00:00:00+01:00,176.368158486058,177.56795412346085,173.96859772332283,176.16819763183594,94513,0.0,0.0
2021-09-03 00:00:00+01:00,175.76826776999002,179.76754569305675,174.1685504983495,176.96804809570312,91761,0.0,0.0
2021-09-06 00:00:00+01:00,183.96679266567887,183.96679266567887,167.98968092216467,173.96859741210938,299268,0.0,0.0
2021-09-07 00:00:00+01:00,174.96841544949808,174.96841544949808,171.96895689893526,173.3686981201172,154934,0.0,0.0
2021-09-08 00:00:00+01:00,174.36851160706166,174.96840939884297,170.96913146972656,170.96913146972656,92865,0.0,0.0
2021-09-09 00:00:00+01:00,164.57029682973942,170.67919462311545,160.77097965481533,170.5692138671875,129349,0.0,0.0
2021-09-10 00:00:00+01:00,173.3686947642853,180.76736819941468,168.96949507769415,169.9693145751953,190705,0.0,0.0
2021-09-13 00:00:00+01:00,169.16947380888425,170.9691521458372,166.988867498419,168.96951293945312,7865,0.0,0.0
2021-09-14 00:00:00+01:00,169.36941164703552,173.76862645648598,166.76989018584757,171.9689483642578,443244,0.0,0.0
2021-09-15 00:00:00+01:00,169.36941164703552,177.16800654266802,167.96967049532157,171.9689483642578,174467,0.0,0.0
2021-09-16 00:00:00+01:00,175.76827560895893,180.96733408960802,157.7235286656751,173.96859741210938,336686,0.0,0.0
2021-09-17 00:00:00+01:00,176.76810889555824,176.76810889555824,168.1696542056922,168.96951293945312,573790,0.0,0.0
2021-09-20 00:00:00+01:00,169.16946147555933,187.36617387581296,165.5701203201004,170.16928100585938,245337,0.0,0.0
2021-09-21 00:00:00+01:00,172.16891071223802,184.55667340936648,169.9693109162929,172.56884765625,138190,0.0,0.0
2021-09-22 00:00:00+01:00,169.9693273666651,185.9664405305865,169.9693273666651,173.1687469482422,97739,0.0,0.0
2021-09-23 00:00:00+01:00,179.96751730152639,179.96751730152639,172.96878051757812,172.96878051757812,138042,0.0,0.0
2021-09-24 00:00:00+01:00,172.16892354507874,177.76791913029905,171.96896268618565,175.76828002929688,122687,0.0,0.0
2021-09-27 00:00:00+01:00,177.56795182535149,182.7670102480143,175.27736495216132,179.36761474609375,188564,0.0,0.0
2021-09-28 00:00:00+01:00,179.9675203267308,180.3674420472648,172.9687834251357,174.16856384277344,309400,0.0,0.0
2021-09-29 00:00:00+01:00,171.96895981380433,177.76791616105828,171.96895981380433,174.56849670410156,63565,0.0,0.0
2021-09-30 00:00:00+01:00,169.76934858754976,176.76808485818816,164.23734271546098,171.9689483642578,222974,0.0,0.0
2021-10-01 00:00:00+01:00,169.96932103136638,178.56777513889674,169.69736694446084,176.76809692382812,179364,0.0,0.0
2021-10-04 00:00:00+01:00,174.56850455644863,178.56778287154677,169.3694305419922,169.3694305419922,102789,0.0,0.0
2021-10-05 00:00:00+01:00,172.36888332819723,175.36834196098047,165.57012263205024,166.96986389160156,132386,0.0,0.0
2021-10-06 00:00:00+01:00,164.17037097533245,169.1694688445937,159.97113181636018,160.57102966308594,293465,0.0,0.0
2021-10-07 00:00:00+01:00,162.37068406355496,163.5704796932548,155.17198656553185,159.1712646484375,293267,0.0,0.0
2021-10-08 00:00:00+01:00,165.77007306823995,165.97003391331415,156.97165858066458,162.77061462402344,82445,0.0,0.0
2021-10-11 00:00:00+01:00,159.7711639404297,164.17036376988403,156.13182146157993,159.7711639404297,297990,0.0,0.0
2021-10-12 00:00:00+01:00,159.77116097774353,161.37086304241075,157.77152195488327,158.57138061523438,99496,0.0,0.0
2021-10-13 00:00:00+01:00,160.77097221792184,178.36778556016066,158.57137245714628,159.3712158203125,168588,0.0,0.0
2021-10-14 00:00:00+01:00,163.57046916272657,172.16890733379242,160.37103469755078,163.1705322265625,449440,0.0,0.0
2021-10-15 00:00:00+01:00,163.9703960555083,172.1689128070768,161.1708984375,161.1708984375,226664,0.0,0.0
2021-10-18 00:00:00+01:00,162.5706512110264,166.16999213361126,159.97111449801986,163.7704315185547,384582,0.0,0.0
2021-10-19 00:00:00+01:00,165.97005412987704,173.96861095541328,163.97041492349297,168.96951293945312,266186,0.0,0.0
2021-10-20 00:00:00+01:00,170.36923936825315,170.36923936825315,162.046751849799,162.9705810546875,130806,0.0,0.0
2021-10-21 00:00:00+01:00,174.16856671385497,178.3678058728272,157.97149266865569,160.57102966308594,413180,0.0,0.0
2021-10-22 00:00:00+01:00,162.970580363113,171.96895596598426,156.97166329453214,158.57138061523438,135799,0.0,0.0
2021-10-25 00:00:00+01:00,158.97131181531432,182.76702066026039,155.35895711408585,156.17181396484375,306422,0.0,0.0
2021-10-26 00:00:00+01:00,156.97167412170734,162.97059160406556,154.37213711027098,156.77171325683594,506459,0.0,0.0
2021-10-27 00:00:00+01:00,156.3717738353298,160.9709499359131,152.5824643973203,159.97113037109375,233002,0.0,0.0
2021-10-28 00:00:00+01:00,159.97113222064394,166.1700105429867,159.97113222064394,164.97023010253906,104931,0.0,0.0
2021-10-29 00:00:00+01:00,159.9711348370808,168.76955030432748,159.9711348370808,163.9704132080078,109191,0.0,0.0
2021-11-01 00:00:00+00:00,168.96949733359983,186.9662485288945,159.97112173595252,166.7698974609375,87606,0.0,0.0
2021-11-02 00:00:00+00:00,165.97004288783597,183.36689670258053,163.170545137316,166.36996459960938,1854861,0.0,0.0
2021-11-03 00:00:00+00:00,162.97058906555176,165.97004776000978,158.89132341036458,159.97113037109375,164794,0.0,0.0
2021-11-04 00:00:00+00:00,159.97111466805703,163.77043169263027,157.2216111346998,157.77151489257812,431376,0.0,0.0
2021-11-05 00:00:00+00:00,155.971844444977,163.37050275854264,155.971844444977,162.9705810546875,221668,0.0,0.0
2021-11-08 00:00:00+00:00,163.37050807897162,163.9704059103261,159.9711277173913,160.970947265625,72891,0.0,0.0
2021-11-09 00:00:00+00:00,162.9705873245858,177.76791977704366,157.171630859375,157.171630859375,116313,0.0,0.0
2021-11-10 00:00:00+00:00,155.9718460602178,159.7711633103276,154.2221618896705,155.3719482421875,1680643,0.0,0.0
2021-11-11 00:00:00+00:00,159.37123354136614,167.36979011069013,152.97239438832133,156.17181396484375,116313,0.0,0.0
2021-11-12 00:00:00+00:00,156.1718107903717,160.1710889937412,148.37321524259406,152.77243041992188,491719,0.0,0.0
2021-11-15 00:00:00+00:00,154.37212017219053,156.32178034486444,150.9727400742568,153.97219848632812,76894,0.0,0.0
2021-11-16 00:00:00+00:00,149.97292974173394,162.5706619424537,149.97292974173394,151.57264709472656,124199,0.0,0.0
2021-11-17 00:00:00+00:00,158.97129651048147,158.97129651048147,148.3732039740356,150.17288208007812,224247,0.0,0.0
2021-11-18 00:00:00+00:00,150.7727887137396,171.96895977424137,150.17289089118276,153.77224731445312,130071,0.0,0.0
2021-11-19 00:00:00+00:00,158.77134312454623,158.77134312454623,144.97383067149988,150.97274780273438,331191,0.0,0.0
2021-11-22 00:00:00+00:00,148.97309621175128,160.77096862737864,148.97309621175128,149.97291564941406,187247,0.0,0.0
2021-11-23 00:00:00+00:00,147.7733352520261,152.5724722312707,142.3343143592846,151.77261352539062,146842,0.0,0.0
2021-11-24 00:00:00+00:00,152.77241312607657,153.77223256373932,146.57353566377424,149.97291564941406,158078,0.0,0.0
2021-11-25 00:00:00+00:00,153.37231985516522,153.37231985516522,146.17362181840264,151.3726806640625,212162,0.0,0.0
2021-11-26 00:00:00+00:00,149.9729312531307,160.97094621169362,139.1748771516982,141.7744140625,320396,0.0,0.0
2021-11-29 00:00:00+00:00,144.1739733644536,152.37249047003166,140.97455391545182,141.1745147705078,192354,0.0,0.0
2021-11-30 00:00:00+00:00,139.3748416215535,142.5742764427143,133.9758220589074,136.97528076171875,350953,0.0,0.0
2021-12-01 00:00:00+00:00,137.97509242466518,144.9738289969308,137.97509242466518,139.9747314453125,115474,0.0,0.0
2021-12-02 00:00:00+00:00,138.57498875840224,143.97400795427356,137.5431620976124,139.3748321533203,217808,0.0,0.0
2021-12-03 00:00:00+00:00,141.37447230003292,158.37140393257604,135.97545306034496,137.77513122558594,246435,0.0,0.0
2021-12-06 00:00:00+00:00,138.97490973392485,143.77404635867742,137.03725601420575,143.1741485595703,408460,0.0,0.0
2021-12-07 00:00:00+00:00,144.97382630693153,145.20378051834933,138.30103504643876,140.97454833984375,384028,0.0,0.0
2021-12-08 00:00:00+00:00,141.37446933720628,144.77386474609375,138.7749478250349,144.77386474609375,287935,0.0,0.0
2021-12-09 00:00:00+00:00,146.7735048421434,148.37320687970444,142.17432906508165,143.1741485595703,176731,0.0,0.0
2021-12-10 00:00:00+00:00,153.57228611243823,153.57228611243823,139.97473438413655,141.1745147705078,183172,0.0,0.0
2021-12-13 00:00:00+00:00,138.97491423902648,142.17433367389773,135.97545565832806,136.7753143310547,251737,0.0,0.0
2021-12-14 00:00:00+00:00,140.57463730750675,157.17163297610807,134.17578292122099,136.97528076171875,289327,0.0,0.0
2021-12-15 00:00:00+00:00,139.57480064012486,141.3744634365002,133.6598684366942,136.3753662109375,336975,0.0,0.0
2021-12-16 00:00:00+00:00,137.97508342553118,144.57389786568757,136.3753662109375,136.3753662109375,133817,0.0,0.0
2021-12-17 00:00:00+00:00,135.17559507563175,146.37357056747646,135.17559507563175,142.17433166503906,295270,0.0,0.0
2021-12-20 00:00:00+00:00,138.57499314270933,141.9743734467671,136.1754171139315,141.1745147705078,143719,0.0,0.0
2021-12-21 00:00:00+00:00,143.77403718352352,148.37319741104827,140.37464196557863,145.57371520996094,67377,0.0,0.0
2021-12-22 00:00:00+00:00,139.17488434515755,148.17326068543974,139.17488434515755,146.97348022460938,122288,0.0,0.0
2021-12-23 00:00:00+00:00,146.97347002499473,154.57210450965343,146.97347002499473,153.17234802246094,242458,0.0,0.0
2021-12-24 00:00:00+00:00,160.17109648947184,169.39343148164497,152.97239843772724,155.7718963623047,58412,0.0,0.0
2021-12-29 00:00:00+00:00,152.5724621146086,170.3692370461966,150.57282311051694,157.9714813232422,295170,0.0,0.0
2021-12-30 00:00:00+00:00,153.97220185885794,162.9705772921678,145.37374812017015,157.37158203125,135708,0.0,0.0
2021-12-31 00:00:00+00:00,151.97256939227765,159.57120396430568,151.97256939227765,155.9718475341797,97278,0.0,0.0
2022-01-04 00:00:00+00:00,163.57048299304472,166.56994161573354,156.37177009376316,162.57066345214844,371311,0.0,0.0
2022-01-05 00:00:00+00:00,161.37086898250425,163.57048419344684,159.37122988603684,160.970947265625,117984,0.0,0.0
2022-01-06 00:00:00+00:00,156.97165626803096,164.37031421901486,154.97201733468026,157.77151489257812,282153,0.0,0.0
2022-01-07 00:00:00+00:00,157.17162792554322,157.57156489335466,154.46212552778442,155.9718475341797,376301,0.0,0.0
2022-01-10 00:00:00+00:00,151.97256617824544,156.97166374989825,150.7727858122558,152.5724639892578,205209,0.0,0.0
2022-01-11 00:00:00+00:00,153.17234688013335,155.57192287340987,140.79558328196285,154.77206420898438,232382,0.0,0.0
2022-01-12 00:00:00+00:00,155.97183589499963,158.48137724959943,151.57263636960565,153.37229919433594,241149,0.0,0.0
2022-01-13 00:00:00+00:00,153.9722166154255,157.37159711361136,153.1723578934888,155.1719970703125,398828,0.0,0.0
2022-01-14 00:00:00+00:00,156.7717076839351,165.77008358759932,152.37249253296682,156.57174682617188,144199,0.0,0.0
2022-01-17 00:00:00+00:00,157.37158878143126,167.7697211039978,155.34796722284338,155.9718475341797,376359,0.0,0.0
2022-01-18 00:00:00+00:00,165.7700780463244,165.7700780463244,155.77188293202298,158.57138061523438,285442,0.0,0.0
2022-01-19 00:00:00+00:00,165.77008641165526,165.77008641165526,149.97293428267318,155.57192993164062,756977,0.0,0.0
2022-01-20 00:00:00+00:00,156.9716603366279,159.97111881439787,154.77206050413687,157.37158203125,100306,0.0,0.0
2022-01-21 00:00:00+00:00,152.97238716887207,157.97148478876986,150.5728264137352,153.17234802246094,343462,0.0,0.0
2022-01-24 00:00:00+00:00,149.57300133414776,152.77242064083887,137.49318156181926,144.77386474609375,245668,0.0,0.0
2022-01-25 00:00:00+00:00,146.57354622906607,150.37284816121814,144.77386806034218,148.17324829101562,102736,0.0,0.0
2022-01-26 00:00:00+00:00,149.97292795544433,158.57138192730386,147.173430249069,148.7731475830078,124195,0.0,0.0
2022-01-27 00:00:00+00:00,147.17342764994018,158.7713399760858,145.1737886458485,157.9714813232422,306811,0.0,0.0
2022-01-28 00:00:00+00:00,154.97202770353147,158.80533542909848,149.5730083246613,153.77224731445312,646739,0.0,0.0
2022-01-31 00:00:00+00:00,153.17234720661793,157.97148394736516,151.57264513039226,156.97166442871094,197157,0.0,0.0
2022-02-01 00:00:00+00:00,156.97166396064992,162.9705810546875,156.97166396064992,162.9705810546875,2051332,0.0,0.0
2022-02-02 00:00:00+00:00,164.7702615902802,169.16946141973455,159.57120308564274,159.7711639404297,176648,0.0,0.0
2022-02-03 00:00:00+00:00,160.97094216022063,161.97076167674373,154.77206420898438,154.77206420898438,271486,0.0,0.0
2022-02-04 00:00:00+00:00,156.37177191075358,156.97166974467615,153.77225022783892,154.97203063964844,100992,0.0,0.0
2022-02-07 00:00:00+00:00,160.9709398293797,160.9709398293797,154.5721011187003,157.9714813232422,98555,0.0,0.0
2022-02-08 00:00:00+00:00,159.17125691557183,162.17071533203125,157.97147660019496,162.17071533203125,370802,0.0,0.0
2022-02-09 00:00:00+00:00,162.7706300857124,166.9698692552971,162.7706300857124,164.97023010253906,253646,0.0,0.0
2022-02-10 00:00:00+00:00,165.17018305515688,169.76935898861987,164.97022220066614,167.9696807861328,154213,0.0,0.0
2022-02-11 00:00:00+00:00,167.16983431013102,169.56941050721707,163.5704928985566,164.5703125,141474,0.0,0.0
2022-02-14 00:00:00+00:00,160.57103269513433,163.9704132080078,157.1716369262246,163.9704132080078,202247,0.0,0.0
2022-02-15 00:00:00+00:00,168.96948812465084,168.96948812465084,159.97111301742092,163.1705322265625,173788,0.0,0.0
2022-02-16 00:00:00+00:00,165.57012057724052,165.77008143240403,161.17090548346692,161.97076416015625,131156,0.0,0.0
2022-02-17 00:00:00+00:00,162.17071080517755,162.77060857413758,153.16434164516497,154.3721160888672,302058,0.0,0.0
2022-02-18 00:00:00+00:00,156.1718065943996,156.9716652647903,150.77278726732408,153.17234802246094,227808,0.0,0.0
2022-02-21 00:00:00+00:00,153.97220935339726,155.77188757886483,148.1732529629064,152.1725311279297,161806,0.0,0.0
2022-02-22 00:00:00+00:00,145.5737201873974,153.37229980855125,132.61706010829977,149.572998046875,199614,0.0,0.0
2022-02-23 00:00:00+00:00,153.37229664462313,156.57173107103128,151.77259468745308,154.3721160888672,144990,0.0,0.0
2022-02-24 00:00:00+00:00,149.57299293269577,153.17233372953683,145.4837198666137,145.57371520996094,237165,0.0,0.0
2022-02-25 00:00:00+00:00,146.9734730931825,156.57174682617188,146.57355137765606,156.57174682617188,165762,0.0,0.0
2022-02-28 00:00:00+00:00,165.97004197503728,165.97004197503728,151.86759177649884,159.7711639404297,241104,0.0,0.0
2022-03-01 00:00:00+00:00,158.9713098429384,163.97040763674153,151.0527407682786,151.17271423339844,276769,0.0,0.0
2022-03-02 00:00:00+00:00,152.97239224222682,153.97221179936557,146.9734748993944,148.97311401367188,223108,0.0,0.0
2022-03-03 00:00:00+00:00,153.57228871110988,157.77152776248428,137.86311835504097,137.97509765625,260222,0.0,0.0
2022-03-04 00:00:00+00:00,136.37537138801025,138.7749473009933,129.17667416113025,134.375732421875,304450,0.0,0.0
2022-03-07 00:00:00+00:00,133.97580879114918,138.57498444907998,125.97725304242384,131.5762481689453,285983,0.0,0.0
2022-03-08 00:00:00+00:00,133.97581411404954,143.3741113897853,125.37736786815435,129.5766143798828,264996,0.0,0.0
2022-03-09 00:00:00+00:00,129.9765335659822,139.17486981329094,129.9765335659822,138.7749481201172,152512,0.0,0.0
2022-03-10 00:00:00+00:00,142.57426791421688,143.77404827236586,136.97527256814163,137.77513122558594,133991,0.0,0.0
2022-03-11 00:00:00+00:00,132.1761365373143,146.37357056747646,132.1761365373143,142.17433166503906,89642,0.0,0.0
2022-03-14 00:00:00+00:00,148.97310775685435,150.17288812382336,142.9741906659743,144.37393188476562,112063,0.0,0.0
2022-03-15 00:00:00+00:00,146.1736066458509,146.1736066458509,140.97454833984375,140.97454833984375,72684,0.0,0.0
2022-03-16 00:00:00+00:00,151.97255929761013,151.97255929761013,143.9370076617352,145.773681640625,519736,0.0,0.0
2022-03-17 00:00:00+00:00,147.57336771935843,148.44320582256768,142.77423095703125,142.77423095703125,146136,0.0,0.0
2022-03-18 00:00:00+00:00,145.9736533694797,148.37321417176926,142.77423388108178,143.97401428222656,615657,0.0,0.0
2022-03-21 00:00:00+00:00,143.9740149456522,158.97130816915762,137.97509765625,137.97509765625,233986,0.0,0.0
2022-03-22 00:00:00+00:00,140.37465314702794,142.17433131681756,138.7749510841311,139.9747314453125,120511,0.0,0.0
2022-03-23 00:00:00+00:00,140.17469553449254,143.37411499023438,137.37519778970517,143.37411499023438,115661,0.0,0.0
2022-03-24 00:00:00+00:00,140.7745897489759,144.0139951903747,137.77513122558594,137.77513122558594,166185,0.0,0.0
2022-03-25 00:00:00+00:00,138.17505761001067,142.614258816069,136.97527721119272,141.7744140625,273206,0.0,0.0
2022-03-28 00:00:00+01:00,138.97490896670408,142.25431567003992,137.97508947773497,138.7749481201172,106339,0.0,0.0
2022-03-29 00:00:00+01:00,140.9745550959216,141.37447680938237,138.9749160165468,139.57481384277344,397169,0.0,0.0
2022-03-30 00:00:00+01:00,139.97472762946754,139.97472762946754,132.77603040258757,134.375732421875,168488,0.0,0.0
2022-03-31 00:00:00+01:00,133.77585544045442,137.1752357216236,130.7763968667045,134.57571411132812,101825,0.0,0.0
2022-04-01 00:00:00+01:00,137.57516434192354,139.97472495298962,133.69585993986684,135.37554931640625,115031,0.0,0.0
2022-04-04 00:00:00+01:00,135.5755394694878,153.57229168635595,133.9758220589074,136.97528076171875,99208,0.0,0.0
2022-04-05 00:00:00+01:00,136.17540793877305,139.7747641114065,135.37554931640625,135.37554931640625,114364,0.0,0.0
2022-04-06 00:00:00+01:00,136.77530791247023,138.69495948330768,129.57661070782117,132.17613220214844,149435,0.0,0.0
2022-04-07 00:00:00+01:00,129.77657007427524,133.57588710612666,121.77801432554992,131.5762481689453,59406,0.0,0.0
2022-04-08 00:00:00+01:00,133.57589693587624,134.4957290839453,131.37628173828125,131.37628173828125,117811,0.0,0.0
2022-04-11 00:00:00+01:00,131.57625374861848,139.9747315385154,129.97653642862144,131.77621459960938,115925,0.0,0.0
2022-04-12 00:00:00+01:00,130.176510833581,130.97636957686078,126.77713024468781,128.9767303466797,261072,0.0,0.0
2022-04-13 00:00:00+01:00,132.37610669848382,139.57481990154886,126.37719682797174,129.37664794921875,157247,0.0,0.0
2022-04-14 00:00:00+01:00,129.37663827339208,130.77639473865239,127.57696773523772,129.5766143798828,268758,0.0,0.0
2022-04-19 00:00:00+01:00,129.97653872303164,129.97653872303164,125.97726060847681,128.57679748535156,877967,0.0,0.0
2022-04-20 00:00:00+01:00,126.97708971146389,130.02454401418095,126.97708971146389,128.3768310546875,112062,0.0,0.0
2022-04-21 00:00:00+01:00,113.97942332732372,121.9779793502938,113.37953315120444,116.9788818359375,748686,0.0,0.0
2022-04-22 00:00:00+01:00,115.37917292750478,117.37881194660186,112.57967524956187,113.1795654296875,397815,0.0,0.0
2022-04-25 00:00:00+01:00,112.17975032896894,113.97942856809331,109.78018951416016,109.78018951416016,337718,0.0,0.0
2022-04-26 00:00:00+01:00,106.380795194193,110.78000247300882,105.07102647607117,108.18046569824219,4418817,0.0,0.0
2022-04-27 00:00:00+01:00,107.18065437385232,116.37899895355997,105.98087394642076,107.38062286376953,219999,0.0,0.0
2022-04-28 00:00:00+01:00,109.18028668906683,110.97996484588273,107.18064768283472,108.78036499023438,97912,0.0,0.0
2022-04-29 00:00:00+01:00,109.58021658465765,109.58021658465765,107.38061671759297,107.98050689697266,97845,0.0,0.0
2022-05-03 00:00:00+01:00,107.58058078830999,109.98014920567368,105.98087105274008,106.18083190917969,602824,0.0,0.0
2022-05-04 00:00:00+01:00,102.78145438792467,107.38062286376953,102.62147959599089,107.38062286376953,217056,0.0,0.0
2022-05-05 00:00:00+01:00,108.38044007680327,111.17993022271732,103.78127170078764,105.3809814453125,252611,0.0,0.0
2022-05-06 00:00:00+01:00,105.58093615865361,106.58075564429998,101.98158753593013,105.98086547851562,201069,0.0,0.0
2022-05-09 00:00:00+01:00,105.58093922960482,114.68729707841747,98.98213195800781,98.98213195800781,356468,0.0,0.0
2022-05-10 00:00:00+01:00,99.48204451609351,105.78091068741509,99.08211517333984,99.08211517333984,1512968,0.0,0.0
2022-05-11 00:00:00+01:00,98.88214787105959,102.18154757069014,98.78216744889211,101.58165740966797,313526,0.0,0.0
2022-05-12 00:00:00+01:00,99.182092584899,103.78126844463245,97.8413388293548,101.9815902709961,163469,0.0,0.0
2022-05-13 00:00:00+01:00,102.18155377131477,103.78127113513828,98.68218538698183,100.98177337646484,198831,0.0,0.0
2022-05-16 00:00:00+01:00,97.98231735229493,100.81880344389066,97.98231735229493,99.9819564819336,251513,0.0,0.0
2022-05-17 00:00:00+01:00,100.78181457519531,100.98177543574211,98.282265678271,100.78181457519531,1447408,0.0,0.0
2022-05-18 00:00:00+01:00,98.08229084141779,101.58165907061834,97.58238109438915,99.18209075927734,372626,0.0,0.0
2022-05-19 00:00:00+01:00,98.28226250027862,98.9821331175797,94.38296482155832,97.3824234008789,7533796,0.0,0.0
2022-05-20 00:00:00+01:00,96.98249565890524,103.67728646366034,95.0828370018386,99.08211517333984,379400,0.0,0.0
2022-05-23 00:00:00+01:00,100.58184431478685,105.980871362638,99.84897488244283,103.1813735961914,405090,0.0,0.0
2022-05-24 00:00:00+01:00,105.78090592457686,105.78090592457686,99.88196936161154,101.38169860839844,1736107,0.0,0.0
2022-05-25 00:00:00+01:00,102.98141333488505,105.58094263132712,99.46604896730048,102.38152313232422,151897,0.0,0.0
2022-05-26 00:00:00+01:00,104.98104858398438,105.7809072434503,100.58184121295676,104.98104858398438,251337,0.0,0.0
2022-05-27 00:00:00+01:00,105.98086587284295,109.18028518760863,104.78108553681015,108.18046569824219,178080,0.0,0.0
2022-05-30 00:00:00+01:00,108.58039707635234,113.57949461787885,107.58057756804705,107.98050689697266,261707,0.0,0.0
2022-05-31 00:00:00+01:00,107.58057700968463,110.1801061921829,106.98068683341849,108.78036499023438,2478497,0.0,0.0
2022-06-01 00:00:00+01:00,108.38043975830078,109.38025929919283,107.38062021740875,108.38043975830078,632805,0.0,0.0
2022-06-06 00:00:00+01:00,109.18029228055534,111.09995162214362,107.180653171915,108.98033142089844,542005,0.0,0.0
2022-06-07 00:00:00+01:00,107.98050925514914,110.97996784556996,106.78072887018789,109.98014831542969,480537,0.0,0.0
2022-06-08 00:00:00+01:00,110.18011149052784,112.97960928508213,109.89216907400467,111.97978973388672,709825,0.0,0.0
2022-06-09 00:00:00+01:00,110.97996753190226,112.57967725000184,107.78054809570312,107.78054809570312,335127,0.0,0.0
2022-06-10 00:00:00+01:00,108.78037154517189,108.78037154517189,104.38116394076826,105.18101501464844,188525,0.0,0.0
2022-06-13 00:00:00+01:00,104.78108681475125,104.78108681475125,98.78216980538804,99.48204040527344,288851,0.0,0.0
2022-06-14 00:00:00+01:00,99.58202304363016,101.38170123765468,98.88215242818596,100.38188171386719,783523,0.0,0.0
2022-06-15 00:00:00+01:00,104.58111889993266,104.58111889993266,100.98177020056549,102.78144836425781,374371,0.0,0.0
2022-06-16 00:00:00+01:00,98.78217402365951,104.98105214683707,97.68236642256416,100.18191528320312,528819,0.0,0.0
2022-06-17 00:00:00+01:00,102.98140788790205,102.98140788790205,97.18245177116275,99.18209075927734,7003614,0.0,0.0
2022-06-20 00:00:00+01:00,84.9846611210969,92.88323703324947,78.4858340941895,82.3851318359375,2252712,0.0,0.0
2022-06-21 00:00:00+01:00,83.98483931652608,84.984658832199,78.2858711283974,81.48529052734375,1851763,0.0,0.0
2022-06-22 00:00:00+01:00,82.185158668925,84.08481721725657,78.08590030337832,79.48564910888672,326496,0.0,0.0
2022-06-23 00:00:00+01:00,82.48511226459406,84.88468069244036,78.12989552991296,82.3851318359375,442989,0.0,0.0
2022-06-24 00:00:00+01:00,83.38494873046875,84.98465842222477,83.1849802514883,83.38494873046875,276466,0.0,0.0
2022-06-27 00:00:00+01:00,83.88486142475666,85.78452008752816,80.53846528265515,84.58473205566406,226405,0.0,0.0
2022-06-28 00:00:00+01:00,85.68453325993094,88.8839604294563,81.18534523892603,82.98502349853516,239585,0.0,0.0
2022-06-29 00:00:00+01:00,84.38476711470044,86.98429628259996,81.385308622197,84.98465728759766,434908,0.0,0.0
2022-06-30 00:00:00+01:00,84.48474900940421,86.08445870764741,83.08500016293483,85.58454895019531,400242,0.0,0.0
2022-07-01 00:00:00+01:00,86.98430002907108,86.98430002907108,82.98502186681495,86.48439025878906,449246,0.0,0.0
2022-07-04 00:00:00+01:00,84.98465803051435,87.08427746801769,84.98465803051435,85.28460693359375,198030,0.0,0.0
2022-07-05 00:00:00+01:00,85.58454441709745,87.18925800985063,82.18515672087273,83.78487396240234,364673,0.0,0.0
2022-07-06 00:00:00+01:00,85.88449692812293,88.5840065379963,83.78487749510836,84.18479919433594,204779,0.0,0.0
2022-07-07 00:00:00+01:00,84.48474753884707,87.18425713089322,82.58508896799141,84.98465728759766,487982,0.0,0.0
2022-07-08 00:00:00+01:00,85.98448048850705,86.98430002907108,84.08482183583183,86.48439025878906,130397,0.0,0.0
2022-07-11 00:00:00+01:00,85.58454838560324,87.68416782744758,84.98465820622165,86.38440704345703,208487,0.0,0.0
2022-07-12 00:00:00+01:00,86.18444148400818,88.08410013973828,84.8846806559954,87.58419036865234,243450,0.0,0.0
2022-07-13 00:00:00+01:00,88.9839364188058,88.9839364188058,84.08481929261636,87.48420715332031,432101,0.0,0.0
2022-07-14 00:00:00+01:00,88.98394175192409,88.98394175192409,84.38477325439453,84.38477325439453,494426,0.0,0.0
2022-07-15 00:00:00+01:00,85.28460986131931,89.38386845202831,84.28479032075528,86.48439025878906,843833,0.0,0.0
2022-07-18 00:00:00+01:00,89.68381283844977,90.8836009054232,86.68435411304317,88.78398132324219,246455,0.0,0.0
2022-07-19 00:00:00+01:00,87.48420659224594,88.28406524658203,86.28442623875927,88.28406524658203,56776,0.0,0.0
2022-07-20 00:00:00+01:00,87.48421021241151,89.89377897799618,86.88432001084423,89.78379821777344,327189,0.0,0.0
2022-07-21 00:00:00+01:00,89.38386756188903,90.28370666503906,87.48420892813178,90.28370666503906,190254,0.0,0.0
2022-07-22 00:00:00+01:00,90.78362157430007,95.78271951059372,89.08392369914937,93.4831314086914,256039,0.0,0.0
2022-07-25 00:00:00+01:00,92.38332645698023,94.68290680811513,91.98339711782094,92.48330688476562,117381,0.0,0.0
2022-07-26 00:00:00+01:00,92.38332825836737,94.08301844791455,89.38386959821271,90.083740234375,100487,0.0,0.0
2022-07-27 00:00:00+01:00,89.98376064613217,91.68345085157416,89.98376064613217,91.48348999023438,42565,0.0,0.0
2022-07-28 00:00:00+01:00,91.98339472818111,91.98339472818111,88.88395577924807,90.4836654663086,89866,0.0,0.0
2022-07-29 00:00:00+01:00,92.28334497184777,93.88305468213835,89.78379616576325,89.98375701904297,59744,0.0,0.0
2022-08-01 00:00:00+01:00,90.98357743639158,93.68308712230822,89.08391879947878,91.38350677490234,123014,0.0,0.0
2022-08-02 00:00:00+01:00,92.08337272990234,97.58237987871104,89.08391428509759,92.58328247070312,125703,0.0,0.0
2022-08-03 00:00:00+01:00,94.78289067269108,94.78289067269108,91.08355398407168,92.88323211669922,75991,0.0,0.0
2022-08-04 00:00:00+01:00,94.48294942575926,94.50394935921553,90.28371028026604,91.78343963623047,304792,0.0,0.0
2022-08-05 00:00:00+01:00,92.18335691719031,94.18299596205793,88.58400816203212,89.98375701904297,108529,0.0,0.0
2022-08-08 00:00:00+01:00,92.78325128917001,98.8821486240361,89.68380478225524,90.68362426757812,171830,0.0,0.0
2022-08-09 00:00:00+01:00,89.98375497158261,94.48294272016174,88.98393547189836,90.1837158203125,216206,0.0,0.0
2022-08-10 00:00:00+01:00,90.18371919655064,94.4829462573515,86.08446061998337,89.48384857177734,559358,0.0,0.0
2022-08-11 00:00:00+01:00,89.98375967647253,89.98375967647253,86.98430102059011,88.98394012451172,400384,0.0,0.0
2022-08-12 00:00:00+01:00,87.98411912211907,89.483848425337,87.98411912211907,88.38404846191406,108500,0.0,0.0
2022-08-15 00:00:00+01:00,88.98393509604715,89.8837741675657,86.08445703360617,87.98411560058594,187454,0.0,0.0
2022-08-16 00:00:00+01:00,87.98411444056103,87.98411444056103,83.84786020496203,85.48456573486328,222353,0.0,0.0
2022-08-17 00:00:00+01:00,86.98429610512474,88.8839546721045,85.98447660966353,87.98411560058594,92892,0.0,0.0
2022-08-18 00:00:00+01:00,83.28496719305267,86.88931220985455,81.45729422246188,84.98465728759766,869128,0.0,0.0
2022-08-19 00:00:00+01:00,85.18461869843978,90.78361402383521,82.98501884061831,84.18479919433594,192063,0.0,0.0
2022-08-22 00:00:00+01:00,83.68489452417126,90.2837097543932,79.38567497225885,79.98556518554688,358663,0.0,0.0
2022-08-23 00:00:00+01:00,80.98538177082114,87.78415761266503,76.58617432186436,78.78578186035156,324317,0.0,0.0
2022-08-24 00:00:00+01:00,78.08590648678656,81.08536518124457,77.88594562502986,79.98556518554688,954520,0.0,0.0
2022-08-25 00:00:00+01:00,80.18552883523343,80.88540713175142,79.58463933070585,80.0855484008789,431830,0.0,0.0
2022-08-26 00:00:00+01:00,79.68561392619114,84.28478989179264,77.28605314346406,77.98592376708984,98635,0.0,0.0
2022-08-30 00:00:00+01:00,78.88576256975558,80.58545272228817,75.07244788600617,75.78632354736328,92086,0.0,0.0
2022-08-31 00:00:00+01:00,76.98610528239803,78.88576395133349,74.98646618415393,75.28641510009766,198197,0.0,0.0
2022-09-01 00:00:00+01:00,75.78632131633363,81.58526985215818,72.04199453458905,74.88648223876953,163129,0.0,0.0
2022-09-02 00:00:00+01:00,76.68615502339955,77.88594303814402,75.18642572598222,75.78632354736328,124991,0.0,0.0
2022-09-05 00:00:00+01:00,75.68632887806753,77.48600692891361,74.40456266946383,77.1860580444336,881386,0.0,0.0
2022-09-06 00:00:00+01:00,77.28605314346406,79.88558241009686,75.8863042681948,77.98592376708984,160662,0.0,0.0
2022-09-07 00:00:00+01:00,76.48619317704706,78.48583221435547,76.38621275078515,78.48583221435547,334428,0.0,0.0
2022-09-08 00:00:00+01:00,76.9861076902641,79.19271023648128,76.9491118027755,78.38585662841797,97063,0.0,0.0
2022-09-09 00:00:00+01:00,80.08554561642522,80.70743503339473,77.38603584262019,79.98556518554688,123195,0.0,0.0
2022-09-12 00:00:00+01:00,78.58581496556492,80.4854736328125,78.58581496556492,80.4854736328125,245618,0.0,0.0
2022-09-13 00:00:00+01:00,80.3854921778346,81.38531171331012,75.98628469613882,77.98592376708984,352465,0.0,0.0
2022-09-14 00:00:00+01:00,79.58563065034316,81.88521855085513,70.08734540321386,73.78668212890625,327151,0.0,0.0
2022-09-15 00:00:00+01:00,75.1864277675914,76.48619624518736,73.28677670836052,75.58635711669922,107360,0.0,0.0
2022-09-16 00:00:00+01:00,73.98664518860946,77.88594287955863,73.98664518860946,74.68651580810547,67281,0.0,0.0
2022-09-20 00:00:00+01:00,77.48601160551372,79.68561146439875,73.88666291460304,75.98628234863281,164658,0.0,0.0
2022-09-21 00:00:00+01:00,76.4861938946644,79.88558181558635,75.986284130647,78.78578186035156,2162426,0.0,0.0
2022-09-22 00:00:00+01:00,79.98556569323992,79.98556569323992,75.08644826892538,78.08590698242188,5614682,0.0,0.0
2022-09-23 00:00:00+01:00,77.98591960898071,78.18588045420708,74.28659057617188,74.28659057617188,82998,0.0,0.0
2022-09-26 00:00:00+01:00,71.08717171809859,75.88630882795242,71.08717171809859,75.68634033203125,139736,0.0,0.0
2022-09-27 00:00:00+01:00,76.08625975095742,78.28586715048037,74.7864990234375,74.7864990234375,56790,0.0,0.0
2022-09-28 00:00:00+01:00,74.98646618415393,80.11054137340444,72.64689210065686,75.28641510009766,119313,0.0,0.0
2022-09-29 00:00:00+01:00,74.68651739671822,76.88612498538212,67.86175274309258,76.38621520996094,514155,0.0,0.0
2022-09-30 00:00:00+01:00,79.18569700170674,79.18569700170674,67.67977922108938,68.18768310546875,658930,0.0,0.0
2022-10-03 00:00:00+01:00,71.6870556578131,71.6870556578131,66.98790702237584,68.88756561279297,123929,0.0,0.0
2022-10-04 00:00:00+01:00,71.68705116336265,72.86683841371614,68.18768310546875,68.18768310546875,213018,0.0,0.0
2022-10-05 00:00:00+01:00,68.9875502748062,73.98664812080663,68.9875502748062,69.58744049072266,115959,0.0,0.0
2022-10-06 00:00:00+01:00,70.48727889344059,73.08680822064476,67.98772999651007,69.2874984741211,78407,0.0,0.0
2022-10-07 00:00:00+01:00,69.98736595039937,70.9871854639765,65.98808789609083,66.98790740966797,330425,0.0,0.0
2022-10-10 00:00:00+01:00,66.38802131391654,66.98791153338806,65.98809195826286,66.58798217773438,48781,0.0,0.0
2022-10-11 00:00:00+01:00,66.98791153338806,66.98791153338806,65.98809195826286,66.58798217773438,50298,0.0,0.0
2022-10-12 00:00:00+01:00,66.48799895671912,66.987908723311,62.188775726830784,63.88846969604492,283641,0.0,0.0
2022-10-13 00:00:00+01:00,59.38928407340376,59.98917429070723,53.99025686163651,56.989715576171875,1089095,0.0,0.0
2022-10-14 00:00:00+01:00,58.789387165351066,58.789387165351066,56.38982259954602,56.889732360839844,244941,0.0,0.0
2022-10-17 00:00:00+01:00,56.7897481201758,57.18967745481437,54.86609557230169,56.889732360839844,413156,0.0,0.0
2022-10-18 00:00:00+01:00,57.789566319578306,58.98935048201423,55.19203568653926,57.38964080810547,1318530,0.0,0.0
2022-10-19 00:00:00+01:00,54.990076433148296,58.78939004209129,54.990076433148296,56.989715576171875,294851,0.0,0.0
2022-10-20 00:00:00+01:00,56.48980579041598,56.989715576171875,55.39800376419934,56.989715576171875,97955,0.0,0.0
2022-10-21 00:00:00+01:00,56.689770467520134,56.989715576171875,55.73994111178214,56.989715576171875,658114,0.0,0.0
2022-10-24 00:00:00+01:00,56.48980126907643,56.989711014820465,52.690487964223465,56.68976593017578,135920,0.0,0.0
2022-10-25 00:00:00+01:00,56.98971395569074,57.989533498773035,55.09005529823083,57.88955307006836,350731,0.0,0.0
2022-10-26 00:00:00+01:00,57.38964271149707,57.88955247792471,55.090054734722834,56.089874267578125,224036,0.0,0.0
2022-10-27 00:00:00+01:00,55.989893550366425,56.88973265088656,54.09023492216118,56.489803314208984,468066,0.0,0.0
2022-10-28 00:00:00+01:00,56.48980464254107,56.989714418138774,55.769933345197515,55.98989486694336,226355,0.0,0.0
2022-10-31 00:00:00+00:00,56.48980343826517,56.48980343826517,52.39054489135742,52.39054489135742,161393,0.0,0.0
2022-11-01 00:00:00+00:00,55.989890985903536,58.08951037227146,54.890091081426746,57.489620208740234,779188,0.0,0.0
2022-11-02 00:00:00+00:00,57.989531846375215,57.989531846375215,55.35000893809195,56.189857482910156,228691,0.0,0.0
2022-11-03 00:00:00+00:00,55.489983657310745,57.989532470703125,54.990073894632275,57.989532470703125,754599,0.0,0.0
2022-11-04 00:00:00+00:00,56.88973114621913,64.58833825456823,56.00789037663659,59.98917007446289,3070621,0.0,0.0
2022-11-07 00:00:00+00:00,59.38928164344599,61.78884622848888,57.18967791331673,60.18913650512695,664603,0.0,0.0
2022-11-08 00:00:00+00:00,58.48944210405109,60.27711761122429,57.78956767504701,59.489261627197266,1628355,0.0,0.0
2022-11-09 00:00:00+00:00,59.989171100058044,60.43909064611024,58.08951248961936,59.889190673828125,574129,0.0,0.0
2022-11-10 00:00:00+00:00,56.98971247673035,65.98808813095093,56.98971247673035,63.98844909667969,3156297,0.0,0.0
2022-11-11 00:00:00+00:00,64.8882902059704,69.0775289260175,64.08843151617633,68.987548828125,1672982,0.0,0.0
2022-11-14 00:00:00+00:00,68.98754621233259,70.98718523297991,68.0877071274378,69.98736572265625,622525,0.0,0.0
2022-11-15 00:00:00+00:00,70.98719024658203,73.30876990996423,68.92455891170704,70.98719024658203,1035677,0.0,0.0
2022-11-16 00:00:00+00:00,70.28731053498163,71.98700055237249,68.61161063124514,70.38729095458984,2455096,0.0,0.0
2022-11-17 00:00:00+00:00,70.38729739691432,71.98700714111328,69.58743871080596,71.98700714111328,4723967,0.0,0.0
2022-11-18 00:00:00+00:00,71.9870038037696,76.78614044189453,71.9870038037696,76.78614044189453,5890122,0.0,0.0
2022-11-21 00:00:00+00:00,77.58598939997489,78.70778849374128,75.19542220501266,76.98609924316406,267061,0.0,0.0
2022-11-22 00:00:00+00:00,79.9855616500123,88.98393733563869,77.08608351459584,88.88395690917969,814474,0.0,0.0
2022-11-23 00:00:00+00:00,87.98412332389863,96.98249957293372,86.18444502288439,89.08392333984375,2529347,0.0,0.0
2022-11-24 00:00:00+00:00,90.48366138750063,93.73707172273033,88.98393219323266,90.88359069824219,909889,0.0,0.0
2022-11-25 00:00:00+00:00,92.08337533109423,94.1390039992384,88.81896524169265,91.58346557617188,472105,0.0,0.0
2022-11-28 00:00:00+00:00,92.88323816416585,94.11701665421644,87.28425018303153,91.18354034423828,367915,0.0,0.0
2022-11-29 00:00:00+00:00,92.38333047692572,97.38242836390202,89.98376196557348,90.98358154296875,337967,0.0,0.0
2022-11-30 00:00:00+00:00,90.28370461593258,95.60873971466368,89.08391662962407,90.4836654663086,762990,0.0,0.0
2022-12-01 00:00:00+00:00,90.48366796026748,93.98303633442147,89.58382885273863,93.5831069946289,429415,0.0,0.0
2022-12-02 00:00:00+00:00,91.88341448033229,92.73625734897455,90.41867493184068,91.58346557617188,913306,0.0,0.0
2022-12-05 00:00:00+00:00,90.98357556730352,92.68326568603516,90.96358253339666,92.68326568603516,219042,0.0,0.0
2022-12-06 00:00:00+00:00,92.98322069775926,93.38315005432098,89.98376196557348,90.98358154296875,264947,0.0,0.0
2022-12-07 00:00:00+00:00,90.98357506796243,91.08355549298307,84.98465803051435,85.28460693359375,249967,0.0,0.0
2022-12-08 00:00:00+00:00,85.48456444851188,87.98411311659702,80.6874341230987,85.9844741821289,499259,0.0,0.0
2022-12-09 00:00:00+00:00,86.08445535611901,87.89813087572622,85.9834756638659,86.284423828125,231197,0.0,0.0
2022-12-12 00:00:00+00:00,85.98447449936067,88.88395249064023,83.0849965080811,84.0848159790039,134600,0.0,0.0
2022-12-13 00:00:00+00:00,84.98465766373613,86.58436734121473,82.98501865988352,83.08499908447266,182001,0.0,0.0
2022-12-14 00:00:00+00:00,83.18497913194095,85.14663060004801,80.08554021562425,80.8853988647461,153398,0.0,0.0
2022-12-15 00:00:00+00:00,80.68543655866948,83.5849148484446,80.18552677174335,80.28551483154297,163477,0.0,0.0
2022-12-16 00:00:00+00:00,77.28604938418174,79.3706720988876,70.87920135260808,72.38693237304688,1445550,0.0,0.0
2022-12-19 00:00:00+00:00,71.38712181168296,76.18625137175127,71.38712181168296,72.98683166503906,106891,0.0,0.0
2022-12-20 00:00:00+00:00,74.98645782470703,75.8862968442069,70.28730951889884,74.98645782470703,70111,0.0,0.0
2022-12-21 00:00:00+00:00,76.48619460550677,79.98556298615087,74.70651704954774,79.08572387695312,176199,0.0,0.0
2022-12-22 00:00:00+00:00,79.9855584351392,81.14134798482695,76.6861510984828,77.28604888916016,87969,0.0,0.0
2022-12-23 00:00:00+00:00,74.98646460261216,81.28533068043863,74.98646460261216,78.78578186035156,49977,0.0,0.0
2022-12-28 00:00:00+00:00,76.08626292350252,81.88521911274913,75.98628249845017,81.18534088134766,133569,0.0,0.0
2022-12-29 00:00:00+00:00,77.98592390335376,84.98466066391116,77.98592390335376,84.2847900390625,132098,0.0,0.0
2022-12-30 00:00:00+00:00,82.9850156458478,85.10963201027462,81.88521575927734,81.88521575927734,205194,0.0,0.0
2023-01-03 00:00:00+00:00,81.08535799325146,83.88485557778505,79.18569946289062,79.18569946289062,291506,0.0,0.0
2023-01-04 00:00:00+00:00,79.38567178840724,81.78524017333984,79.38567178840724,81.78524017333984,300091,0.0,0.0
2023-01-05 00:00:00+00:00,80.28551634756717,83.78488492212831,80.28551634756717,81.9852066040039,163275,0.0,0.0
2023-01-06 00:00:00+00:00,80.98537873641907,83.72488200474444,80.6854298380402,81.68524932861328,145020,0.0,0.0
2023-01-09 00:00:00+00:00,80.98538278568687,87.4842097993531,80.98538278568687,86.48439025878906,166614,0.0,0.0
2023-01-10 00:00:00+00:00,82.98502045237247,89.4838473552691,82.98502045237247,85.8844985961914,154834,0.0,0.0
2023-01-11 00:00:00+00:00,85.78451776177405,88.36404632291034,85.28460800238847,87.7841567993164,60641,0.0,0.0
2023-01-12 00:00:00+00:00,87.98412104862395,88.68399168757631,85.884501503749,87.08428192138672,174022,0.0,0.0
2023-01-13 00:00:00+00:00,85.98447660966353,88.98393509604715,85.98447660966353,87.98411560058594,87730,0.0,0.0
2023-01-16 00:00:00+00:00,87.08427538090639,88.98393392284014,84.98465599372372,85.48456573486328,69181,0.0,0.0
2023-01-17 00:00:00+00:00,85.48456399650614,86.54437018520494,82.98501534163753,83.78487396240234,110700,0.0,0.0
2023-01-18 00:00:00+00:00,82.98501578042674,86.88431322824299,82.98501578042674,85.9844741821289,136144,0.0,0.0
2023-01-19 00:00:00+00:00,85.68452937608222,85.68452937608222,83.8848588260652,85.58454895019531,120532,0.0,0.0
2023-01-20 00:00:00+00:00,83.98484305062996,89.54083955293932,83.98484305062996,89.28388977050781,149704,0.0,0.0
2023-01-23 00:00:00+00:00,86.9843007633789,88.7239846428015,85.98448121437455,86.78433990478516,119293,0.0,0.0
2023-01-24 00:00:00+00:00,87.18426370878699,93.98303985595703,86.88432241371707,93.98303985595703,99669,0.0,0.0
2023-01-25 00:00:00+00:00,92.88324026562334,93.98304027515454,88.58401303161652,90.98358154296875,247545,0.0,0.0
2023-01-26 00:00:00+00:00,90.08373744568283,92.88323515970454,89.98375701904297,89.98375701904297,247399,0.0,0.0
2023-01-27 00:00:00+00:00,95.28280096865969,95.28280096865969,84.98465711420232,87.98411560058594,1297845,0.0,0.0
2023-01-30 00:00:00+00:00,88.98393458135115,92.88323211669922,86.98429560199494,92.88323211669922,284424,0.0,0.0
2023-01-31 00:00:00+00:00,91.0835556454541,94.38296307278064,90.4836654663086,90.4836654663086,234521,0.0,0.0
2023-02-01 00:00:00+00:00,93.08319952217796,96.48158828186897,87.48421151107287,89.28388977050781,231665,0.0,0.0
2023-02-02 00:00:00+00:00,92.88323637100518,95.47276530643065,89.2718886970714,93.5831069946289,167115,0.0,0.0
2023-02-03 00:00:00+00:00,93.98302920167103,94.38295851111135,91.85241722858335,92.78324890136719,179362,0.0,0.0
2023-02-06 00:00:00+00:00,94.68290589041837,96.98249384728264,89.70380893159826,91.08355712890625,83441,0.0,0.0
2023-02-07 00:00:00+00:00,91.08355358731073,94.68290220886963,90.08373410198786,90.68362426757812,92189,0.0,0.0
2023-02-08 00:00:00+00:00,93.5831069946289,95.3827852096866,92.3833266032689,93.5831069946289,132849,0.0,0.0
2023-02-09 00:00:00+00:00,92.18335593017085,99.68200226813543,92.18335593017085,92.68326568603516,64128,0.0,0.0
2023-02-10 00:00:00+00:00,96.3825977438914,96.6825390059347,88.18407357174956,90.88359069824219,180590,0.0,0.0
2023-02-13 00:00:00+00:00,91.78343611341309,98.58220435602516,89.98375790412355,91.38350677490234,210609,0.0,0.0
2023-02-14 00:00:00+00:00,93.5831053514197,93.5831053514197,90.3836859452926,91.88341522216797,43367,0.0,0.0
2023-02-15 00:00:00+00:00,92.9832160685347,93.58310625950236,91.98339654091605,93.28316497802734,261698,0.0,0.0
2023-02-16 00:00:00+00:00,91.28352487035038,93.58310518055004,88.28406632207623,90.78361511230469,252605,0.0,0.0
2023-02-17 00:00:00+00:00,89.98375571235108,91.1835360706421,89.38386553320558,90.4836654663086,149356,0.0,0.0
2023-02-20 00:00:00+00:00,90.48367019145252,93.78307779107728,86.98430173100961,89.28388977050781,129600,0.0,0.0
2023-02-21 00:00:00+00:00,89.38386234537413,90.98357197538179,87.98411355861097,88.18407440185547,157307,0.0,0.0
2023-02-22 00:00:00+00:00,88.98393717063479,91.68344682010995,86.8003332333869,87.7841567993164,180801,0.0,0.0
2023-02-23 00:00:00+00:00,89.18389420604797,89.48684091082453,85.88449451213027,86.284423828125,111980,0.0,0.0
2023-02-24 00:00:00+00:00,87.98411748317618,93.68308567803852,84.66871407353905,86.6843490600586,2057478,0.0,0.0
2023-02-27 00:00:00+00:00,88.38404846191406,89.08391908554202,87.46821340127079,88.38404846191406,55738,0.0,0.0
2023-02-28 00:00:00+00:00,87.98412129113615,89.98376041138924,86.98430173100961,89.28388977050781,129924,0.0,0.0
2023-03-01 00:00:00+00:00,90.58364663227587,92.33133224483815,89.14391171615623,90.78361511230469,71766,0.0,0.0
2023-03-02 00:00:00+00:00,90.78361190482185,93.7830703471219,88.48402404785156,88.48402404785156,132118,0.0,0.0
2023-03-03 00:00:00+00:00,87.08427956352976,89.58382838927986,81.3853112920266,85.08464050292969,216303,0.0,0.0
2023-03-06 00:00:00+00:00,86.08445904059487,91.18353706072436,85.4945691859683,87.7841567993164,122975,0.0,0.0
2023-03-07 00:00:00+00:00,90.58365063062877,91.88341911012623,82.98502349853516,82.98502349853516,186845,0.0,0.0
2023-03-08 00:00:00+00:00,84.98465988296044,89.98375752313459,77.48601342269923,78.78578186035156,419030,0.0,0.0
2023-03-09 00:00:00+00:00,79.98556358812652,82.18516353559289,76.98610495357178,78.28587341308594,161165,0.0,0.0
2023-03-10 00:00:00+00:00,78.98574748453647,82.38513561074039,75.58635935833254,77.58599853515625,102265,0.0,0.0
2023-03-13 00:00:00+00:00,79.98556114644498,84.6847098125916,76.2862319946289,76.2862319946289,442150,0.0,0.0
2023-03-14 00:00:00+00:00,77.98592115957526,81.9851991677586,77.98592115957526,78.9857406616211,194670,0.0,0.0
2023-03-15 00:00:00+00:00,79.18570729903561,80.08554644225562,70.98718983418233,73.98664855957031,316087,0.0,0.0
2023-03-16 00:00:00+00:00,76.98610485924614,79.78560263260765,71.98700714111328,71.98700714111328,249494,0.0,0.0
2023-03-17 00:00:00+00:00,72.48691410309996,78.0859018047704,67.98772633118341,71.88702392578125,376897,0.0,0.0
2023-03-20 00:00:00+00:00,73.2867735114582,79.32968137949774,71.18714642723614,72.18696594238281,354263,0.0,0.0
2023-03-21 00:00:00+00:00,72.08697942669174,74.586528003401,70.58725028066618,72.78685760498047,136609,0.0,0.0
2023-03-22 00:00:00+00:00,73.98664412085384,74.7865027841782,71.78704423873818,72.18696594238281,132914,0.0,0.0
2023-03-23 00:00:00+00:00,70.98718523297991,71.7960373250834,69.98736572265625,69.98736572265625,150302,0.0,0.0
2023-03-24 00:00:00+00:00,70.98718110025621,71.71504648814177,68.21068205456032,70.38729095458984,144300,0.0,0.0
2023-03-27 00:00:00+01:00,72.08699026000998,78.38585667112518,70.48728045611314,70.98719024658203,95945,0.0,0.0
2023-03-28 00:00:00+01:00,73.98664174700427,77.88593925657146,64.08842733903131,67.1878662109375,187935,0.0,0.0
2023-03-29 00:00:00+01:00,68.98755068392367,73.98664855957031,66.98791153366501,73.98664855957031,159171,0.0,0.0
2023-03-30 00:00:00+01:00,71.98700811398909,77.88594502671121,71.98700811398909,74.48655700683594,130907,0.0,0.0
2023-03-31 00:00:00+01:00,75.48637568579753,76.88612457511122,73.08680725097656,73.08680725097656,45319,0.0,0.0
2023-04-03 00:00:00+01:00,73.6867002580949,80.28551561208864,73.1867904663086,73.1867904663086,51360,0.0,0.0
2023-04-04 00:00:00+01:00,75.88630543453975,78.38585431164569,72.9868272114933,76.38621520996094,28931,0.0,0.0
2023-04-05 00:00:00+01:00,79.18570855940388,79.18570855940388,71.28713989257812,71.28713989257812,62497,0.0,0.0
2023-04-06 00:00:00+01:00,77.38603729412443,77.38603729412443,70.98719043365605,73.1867904663086,212483,0.0,0.0
2023-04-11 00:00:00+01:00,73.88667084130758,74.88649045315744,71.93302093981127,72.98683166503906,172395,0.0,0.0
2023-04-12 00:00:00+01:00,73.38676103538266,73.38676103538266,72.1789787611956,72.98683166503906,155337,0.0,0.0
2023-04-13 00:00:00+01:00,72.58689942084507,72.98682877535472,71.78704833984375,71.78704833984375,73511,0.0,0.0
2023-04-14 00:00:00+01:00,73.8866616033116,73.98664202639243,70.7092338705689,72.38693237304688,100234,0.0,0.0
2023-04-17 00:00:00+01:00,74.08662454676501,75.88630272523604,71.9870050905605,72.18696594238281,177377,0.0,0.0
2023-04-18 00:00:00+01:00,72.98683166503906,72.98683166503906,72.08799175916508,72.98683166503906,199230,0.0,0.0
2023-04-19 00:00:00+01:00,72.38693708700593,72.98682729257422,70.43428657288274,71.18714904785156,172490,0.0,0.0
2023-04-20 00:00:00+01:00,75.7863196685013,82.05218664373815,72.98682207206451,77.28604888916016,786066,0.0,0.0
2023-04-21 00:00:00+01:00,75.38639217148395,79.68561146439875,75.35339336794966,75.98628234863281,271892,0.0,0.0
2023-04-24 00:00:00+01:00,77.28605518487807,79.88558452017416,75.23242495042933,77.78596496582031,563930,0.0,0.0
2023-04-25 00:00:00+01:00,78.48582921448033,78.88575853225949,76.98609999382148,77.28604888916016,153803,0.0,0.0
2023-04-26 00:00:00+01:00,75.98628678966708,87.28425090302211,75.98628678966708,85.18462371826172,272381,0.0,0.0
2023-04-27 00:00:00+01:00,86.98430284540704,96.48258878829631,85.08464413122559,93.98303985595703,364924,0.0,0.0
2023-04-28 00:00:00+01:00,96.48258209228516,103.98122836888763,88.92394908643544,96.48258209228516,734300,0.0,0.0
2023-05-02 00:00:00+01:00,97.48240268591678,101.84761200215424,95.03884354782657,98.98213195800781,602562,0.0,0.0
2023-05-03 00:00:00+01:00,98.18227329501892,101.98159050218987,98.00130620694982,98.98213195800781,157873,0.0,0.0
2023-05-04 00:00:00+01:00,96.98249184405866,98.98213085115265,95.56274997974612,96.48258209228516,54489,0.0,0.0
2023-05-05 00:00:00+01:00,96.08265350360966,99.38206094187602,96.08265350360966,96.78253173828125,281304,0.0,0.0
2023-05-09 00:00:00+01:00,98.98213173361385,101.9815902709961,92.77425274688991,101.9815902709961,54672,0.0,0.0
2023-05-10 00:00:00+01:00,101.98158934548212,101.98158934548212,98.48222108362734,100.58184051513672,158236,0.0,0.0
2023-05-11 00:00:00+01:00,99.28208365872555,107.58058128777999,98.38224454453422,99.08211517333984,194213,0.0,0.0
2023-05-12 00:00:00+01:00,101.3817033131205,103.58130325927569,95.48276647640895,100.18191528320312,121081,0.0,0.0
2023-05-15 00:00:00+01:00,99.9819512460746,103.98122929591759,99.182092584899,101.9815902709961,187273,0.0,0.0
2023-05-16 00:00:00+01:00,104.38115692138672,104.38115692138672,99.98294888309808,104.38115692138672,157140,0.0,0.0
2023-05-17 00:00:00+01:00,102.58147877714902,104.38115692138672,101.53666923441924,104.38115692138672,129396,0.0,0.0
2023-05-18 00:00:00+01:00,101.98159523380613,104.97605756543423,101.98159523380613,102.98141479492188,217093,0.0,0.0
2023-05-19 00:00:00+01:00,102.98140978345684,107.08066825894238,100.18191209735974,101.9815902709961,171039,0.0,0.0
2023-05-22 00:00:00+01:00,103.98122929591759,104.98104880837833,101.9815902709961,101.9815902709961,68657,0.0,0.0
2023-05-23 00:00:00+01:00,102.98140978345684,103.7412747487719,101.78162941971095,101.9815902709961,150738,0.0,0.0
2023-05-24 00:00:00+01:00,100.98177337646484,107.38061994770577,99.98195383808401,100.98177337646484,47900,0.0,0.0
2023-05-25 00:00:00+01:00,105.38098087094409,105.38098087094409,100.18191469455309,100.98177337646484,52085,0.0,0.0
2023-05-26 00:00:00+01:00,106.98068807582662,106.98068807582662,98.98213195800781,98.98213195800781,47000,0.0,0.0
2023-05-30 00:00:00+01:00,101.9815879900431,101.9815879900431,96.98249053955078,96.98249053955078,52831,0.0,0.0
2023-05-31 00:00:00+01:00,99.8819735736755,99.98195400207402,96.88251495361328,96.88251495361328,156376,0.0,0.0
2023-06-01 00:00:00+01:00,98.98212951974772,98.98212951974772,94.00302510272974,96.98249053955078,175884,0.0,0.0
2023-06-02 00:00:00+01:00,97.98231402492024,97.98231402492024,92.98321637058757,95.4827651977539,184403,0.0,0.0
2023-06-05 00:00:00+01:00,98.98213195800781,100.78181013572406,94.73289902041657,98.98213195800781,131716,0.0,0.0
2023-06-06 00:00:00+01:00,99.98195414640465,99.98195414640465,97.27444264504759,97.98231506347656,51762,0.0,0.0
2023-06-07 00:00:00+01:00,102.38151983368432,102.38151983368432,97.08247335442233,98.98213195800781,51658,0.0,0.0
2023-06-08 00:00:00+01:00,98.08229084141779,99.98194940573015,97.98231041761554,99.18209075927734,104470,0.0,0.0
2023-06-09 00:00:00+01:00,97.98231735229493,99.9819564819336,97.98231735229493,99.9819564819336,113639,0.0,0.0
2023-06-12 00:00:00+01:00,98.98213691711426,99.9819564819336,98.08229778317327,99.9819564819336,31866,0.0,0.0
2023-06-13 00:00:00+01:00,97.98231506347656,99.18209546202631,97.98231506347656,97.98231506347656,17605,0.0,0.0
2023-06-14 00:00:00+01:00,99.98195772276533,99.98195772276533,97.98231856831002,98.38224792480469,48644,0.0,0.0
2023-06-15 00:00:00+01:00,98.28225640492808,99.98194644325658,94.98284912109375,94.98284912109375,168991,0.0,0.0
2023-06-16 00:00:00+01:00,97.28244340452073,99.88197265917019,94.08301632893723,95.4827651977539,95587,0.0,0.0
2023-06-19 00:00:00+01:00,94.98285661264151,94.98285661264151,91.48348821112313,93.883056640625,21945,0.0,0.0
2023-06-20 00:00:00+01:00,93.48312340369517,96.88251123488757,93.08319407743416,95.38278198242188,41828,0.0,0.0
2023-06-21 00:00:00+01:00,95.98267178722128,103.98122776948972,93.38314261858753,97.28244018554688,226913,0.0,0.0
2023-06-22 00:00:00+01:00,95.98267197083517,99.24708202710187,94.2829818725586,94.2829818725586,61741,0.0,0.0
2023-06-23 00:00:00+01:00,95.9826796366378,100.18191881953348,93.18318176269531,93.18318176269531,43317,0.0,0.0
2023-06-26 00:00:00+01:00,92.68326642491444,94.98285437142977,92.68326642491444,92.98321533203125,1512222,0.0,0.0
2023-06-27 00:00:00+01:00,93.08319046529502,93.73807099297595,88.46402942888065,90.88359069824219,97978,0.0,0.0
2023-06-28 00:00:00+01:00,90.18372200243914,92.9832198446686,88.08410243477601,89.58383178710938,252302,0.0,0.0
2023-06-29 00:00:00+01:00,87.98411741604178,92.88323457049309,87.98411741604178,90.78361511230469,146594,0.0,0.0
2023-06-30 00:00:00+01:00,88.38404846191406,93.98703341626364,88.38404846191406,88.38404846191406,50912,0.0,0.0
2023-07-03 00:00:00+01:00,87.98411797417535,91.65345379078322,87.98411797417535,89.98375701904297,140710,0.0,0.0
2023-07-04 00:00:00+01:00,88.98393602846669,91.7834336962996,88.98393602846669,89.38386535644531,92577,0.0,0.0
2023-07-05 00:00:00+01:00,88.38404846191406,89.98375819307633,88.38404846191406,88.38404846191406,19830,0.0,0.0
2023-07-06 00:00:00+01:00,88.9839364188058,89.88377550370059,85.08463880294002,87.48420715332031,28392,0.0,0.0
2023-07-07 00:00:00+01:00,91.88342102544017,91.88342102544017,86.88432312011719,86.88432312011719,59800,0.0,0.0
2023-07-10 00:00:00+01:00,85.98448121437455,92.68326914149661,83.28497148326991,86.78433990478516,115224,0.0,0.0
2023-07-11 00:00:00+01:00,87.58419144757143,91.99939496633661,83.28497194008244,84.88468170166016,134330,0.0,0.0
2023-07-12 00:00:00+01:00,83.78487656082596,89.88377394224727,82.7850570678711,82.7850570678711,176637,0.0,0.0
2023-07-13 00:00:00+01:00,84.18480271170937,84.98466139961876,83.94384888621505,84.58473205566406,120345,0.0,0.0
2023-07-14 00:00:00+01:00,83.98484154243717,87.58419036865234,83.94584711571305,87.58419036865234,47851,0.0,0.0
2023-07-17 00:00:00+01:00,87.2842471209525,94.98285437142977,86.88431778746927,92.98321533203125,190240,0.0,0.0
2023-07-18 00:00:00+01:00,93.08319427083138,99.9819503721105,92.3833236694336,92.3833236694336,240255,0.0,0.0
2023-07-19 00:00:00+01:00,94.98285228943773,100.38187910307241,93.18317414222037,97.28244018554688,43321,0.0,0.0
2023-07-20 00:00:00+01:00,98.98212951974772,100.58183917830178,96.98249053955078,96.98249053955078,72033,0.0,0.0
2023-07-21 00:00:00+01:00,98.08230034451758,102.97742078417812,96.8825198866102,97.88233947753906,50207,0.0,0.0
2023-07-24 00:00:00+01:00,96.98249349131825,102.38152042777867,96.98249349131825,98.1822738647461,49909,0.0,0.0
2023-07-25 00:00:00+01:00,99.9819564819336,104.38116409274227,97.08247821835394,99.9819564819336,3157,0.0,0.0
2023-07-26 00:00:00+01:00,98.0822935128183,104.38115954814417,98.0123064514488,103.38134002685547,220515,0.0,0.0
2023-07-27 00:00:00+01:00,102.98141126995438,103.58130146048651,99.08211358946909,102.58148193359375,115458,0.0,0.0
2023-07-28 00:00:00+01:00,100.18190728493623,103.78126345930718,94.98284912109375,94.98284912109375,72560,0.0,0.0
2023-07-31 00:00:00+01:00,96.98249835236665,99.68200814189544,91.78343963623047,91.78343963623047,67145,0.0,0.0
2023-08-01 00:00:00+01:00,91.98339581233199,100.34188760725921,91.98339581233199,92.98321533203125,40489,0.0,0.0
2023-08-02 00:00:00+01:00,93.98303485173051,100.78181063689252,92.98321533203125,92.98321533203125,36591,0.0,0.0
2023-08-03 00:00:00+01:00,94.08301617790511,101.98159198467462,92.98321622132097,94.38296508789062,90012,0.0,0.0
2023-08-04 00:00:00+01:00,94.982854536794,95.98267405823393,93.98303501535406,94.08301544189453,94991,0.0,0.0
2023-08-07 00:00:00+01:00,95.88269363169346,95.88269363169346,93.53011384298301,94.08301544189453,89217,0.0,0.0
2023-08-08 00:00:00+01:00,94.78289368371304,95.98267405823393,93.38314482809362,94.08301544189453,24917,0.0,0.0
2023-08-09 00:00:00+01:00,93.98302996450897,94.8828690110492,93.08319091796875,93.08319091796875,40017,0.0,0.0
2023-08-10 00:00:00+01:00,92.9832179857337,94.88287665298128,91.9833984375,91.9833984375,21997,0.0,0.0
2023-08-11 00:00:00+01:00,93.28316556308418,93.28316556308418,91.98339711782094,92.48330688476562,20886,0.0,0.0
2023-08-14 00:00:00+01:00,94.9828503198058,94.9828503198058,89.81378545417842,90.38368225097656,82989,0.0,0.0
2023-08-15 00:00:00+01:00,87.98412057255092,89.98375967647253,87.08428145018263,88.98394012451172,41913,0.0,0.0
2023-08-16 00:00:00+01:00,88.98393602846669,91.88341412128989,87.98411652252886,89.38386535644531,94784,0.0,0.0
2023-08-17 00:00:00+01:00,88.08409602452858,92.21735250382731,87.98411560058594,87.98411560058594,125138,0.0,0.0
2023-08-18 00:00:00+01:00,89.88377937490515,90.083740234375,88.28406961509289,90.083740234375,81141,0.0,0.0
2023-08-21 00:00:00+01:00,89.08391645345698,95.8826921450412,87.98411652252886,89.38386535644531,193853,0.0,0.0
2023-08-22 00:00:00+01:00,89.5838262064259,89.5838262064259,88.53901665344506,89.38386535644531,7933,0.0,0.0
2023-08-23 00:00:00+01:00,89.08392261897204,94.87888212453396,88.78398132324219,88.78398132324219,26039,0.0,0.0
2023-08-24 00:00:00+01:00,87.98411560058594,89.78879009501411,87.82214227930739,87.98411560058594,73712,0.0,0.0
2023-08-25 00:00:00+01:00,84.98465820622165,93.38314360161647,84.98465820622165,86.38440704345703,38391,0.0,0.0
2023-08-29 00:00:00+01:00,87.98411823141163,89.88377685519336,86.98429870605469,86.98429870605469,55436,0.0,0.0
2023-08-30 00:00:00+01:00,87.9841139804517,92.77125165036647,86.98429450340112,90.38368225097656,185054,0.0,0.0
2023-08-31 00:00:00+01:00,88.98393803551083,94.88287477919879,81.62526569559122,83.9848403930664,512523,0.0,0.0
2023-09-01 00:00:00+01:00,84.98465965534078,87.98411823141163,83.48493036730535,86.98429870605469,362056,0.0,0.0
2023-09-04 00:00:00+01:00,83.98484211636584,93.18317891599878,83.98484211636584,86.78433990478516,35477,0.0,0.0
2023-09-05 00:00:00+01:00,86.28443025945028,89.8837791156506,83.85486844661195,87.88414001464844,51488,0.0,0.0
2023-09-06 00:00:00+01:00,84.98465728759766,86.98429628259996,83.5859077357728,84.98465728759766,1293231,0.0,0.0
2023-09-07 00:00:00+01:00,83.98484578946741,88.68399482409941,81.7852457366648,81.9852066040039,363142,0.0,0.0
2023-09-08 00:00:00+01:00,82.88503986960751,84.88467891288866,82.82504551125712,84.78469848632812,48566,0.0,0.0
2023-09-11 00:00:00+01:00,83.98484112668866,84.88468023579244,82.78506073322878,84.2847900390625,31718,0.0,0.0
2023-09-12 00:00:00+01:00,84.38477325439453,84.98466347093874,83.58491454699028,84.38477325439453,151197,0.0,0.0
2023-09-13 00:00:00+01:00,84.98465728759766,84.98465728759766,84.63472198907573,84.98465728759766,9121,0.0,0.0
2023-09-14 00:00:00+01:00,85.88449843452925,85.88449843452925,84.08482024436917,84.78469848632812,313121,0.0,0.0
2023-09-15 00:00:00+01:00,83.9848377900965,85.48456703634822,83.51292286522768,84.98465728759766,482517,0.0,0.0
2023-09-18 00:00:00+01:00,86.88432155220976,86.98430198290836,84.58473350605213,85.18462371826172,71926,0.0,0.0
2023-09-19 00:00:00+01:00,86.98429571887834,86.98429571887834,85.75151657777283,85.78451538085938,64132,0.0,0.0
2023-09-20 00:00:00+01:00,84.9846609229055,94.3629654645468,84.9846609229055,91.6834487915039,332047,0.0,0.0
2023-09-21 00:00:00+01:00,90.08374010606504,94.98285743627656,88.98394012451172,88.98394012451172,1078619,0.0,0.0
2023-09-22 00:00:00+01:00,90.88359023292935,90.88359023292935,88.6839828491211,88.6839828491211,148641,0.0,0.0
2023-09-25 00:00:00+01:00,87.18425789303834,87.48420679611772,84.98465803051435,85.28460693359375,93952,0.0,0.0
2023-09-26 00:00:00+01:00,84.58473132341862,86.88431931023742,83.0850020175849,84.2847900390625,28080,0.0,0.0
2023-09-27 00:00:00+01:00,89.88378111538708,89.88378111538708,84.9286740313554,86.5843734741211,118045,0.0,0.0
2023-09-28 00:00:00+01:00,87.88413535595447,87.88413535595447,83.28496719305267,84.98465728759766,146066,0.0,0.0
2023-09-29 00:00:00+01:00,86.68434930614836,86.86431712481374,83.68489074707031,83.68489074707031,97933,0.0,0.0
2023-10-02 00:00:00+01:00,84.88468144250866,84.98466187204869,80.98538366630521,82.68507385253906,22191,0.0,0.0
2023-10-03 00:00:00+01:00,82.68507223302085,84.88467977990764,80.1855234033888,80.98538208007812,250879,0.0,0.0
2023-10-04 00:00:00+01:00,80.9853806000253,81.38530993106103,79.88558066069018,80.38549041748047,245946,0.0,0.0
2023-10-05 00:00:00+01:00,78.78578695846954,81.9852066040039,80.38549678123672,81.9852066040039,48705,0.0,0.0
2023-10-06 00:00:00+01:00,81.58527496365423,81.98520431518556,79.98556518554688,79.98556518554688,320534,0.0,0.0
2023-10-09 00:00:00+01:00,79.98556283804086,79.98556283804086,75.03645918864417,77.98592376708984,88238,0.0,0.0
2023-10-10 00:00:00+01:00,79.9855622427863,79.9855622427863,78.68579380513397,78.78578186035156,47822,0.0,0.0
2023-10-11 00:00:00+01:00,78.68579439071563,86.08446047883794,77.98592376708984,77.98592376708984,37243,0.0,0.0
2023-10-12 00:00:00+01:00,78.38584595433665,79.90556815326012,76.98609720679158,77.1860580444336,107452,0.0,0.0
2023-10-13 00:00:00+01:00,78.98573936606353,79.88557842874873,77.08608081773195,79.48564910888672,40044,0.0,0.0
2023-10-16 00:00:00+01:00,77.08608008849907,79.985558095048,77.08608008849907,79.18569946289062,53349,0.0,0.0
2023-10-17 00:00:00+01:00,78.98574086239464,79.98556036698191,71.08716525055168,75.98628234863281,186995,0.0,0.0
2023-10-18 00:00:00+01:00,76.08625818136855,78.98573609527968,76.08625818136855,77.1860580444336,120398,0.0,0.0
2023-10-19 00:00:00+01:00,78.38584802773413,79.9855576552354,76.72414550443283,76.98609924316406,95166,0.0,0.0
2023-10-20 00:00:00+01:00,76.9861050040584,78.78578323717856,73.08680725097656,73.08680725097656,281356,0.0,0.0
2023-10-23 00:00:00+01:00,73.18678636163949,74.98646456234277,71.08716687949743,73.58671569824219,78839,0.0,0.0
2023-10-24 00:00:00+01:00,72.98681843991045,74.29757872335416,72.78685760498047,72.78685760498047,50536,0.0,0.0
2023-10-25 00:00:00+01:00,72.98682443239075,73.88666351948947,70.9871854068458,71.08716583251953,71898,0.0,0.0
2023-10-26 00:00:00+01:00,70.08734367622544,70.08734367622544,67.98772430419922,67.98772430419922,118420,0.0,0.0
2023-10-27 00:00:00+01:00,66.9879077398888,71.08716624015906,66.9879077398888,69.18750762939453,33416,0.0,0.0
2023-10-30 00:00:00+00:00,66.9879061098452,69.58743526910138,65.78812576803999,67.4878158569336,38866,0.0,0.0
2023-10-31 00:00:00+00:00,68.58761501283563,73.68669285087707,67.1878662109375,67.1878662109375,422670,0.0,0.0
2023-11-01 00:00:00+00:00,66.98790536553089,73.68669285087707,66.98790536553089,67.1878662109375,94501,0.0,0.0
2023-11-02 00:00:00+00:00,64.9882714421996,67.98773012414728,60.63905787897905,64.08843231201172,301879,0.0,0.0
2023-11-03 00:00:00+00:00,66.78794713212196,69.98736655185695,64.49235626114493,66.18804931640625,216955,0.0,0.0
2023-11-06 00:00:00+00:00,67.78776224095816,67.88774266106233,62.98862579578662,65.48817443847656,198616,0.0,0.0
2023-11-07 00:00:00+00:00,63.08861548851739,67.48782327184105,63.08861548851739,64.18841552734375,81876,0.0,0.0
2023-11-08 00:00:00+00:00,63.88847288494953,66.78795120150937,62.08879458418326,64.68832397460938,100422,0.0,0.0
2023-11-09 00:00:00+00:00,64.98826873779296,66.78794692327735,61.98881018066406,62.48871994018555,290937,0.0,0.0
2023-11-10 00:00:00+00:00,63.88847472280908,74.88649045315744,60.3891060813346,72.98683166503906,10196692,0.0,0.0
2023-11-13 00:00:00+00:00,72.58689235276734,78.18587988665254,71.99000000419858,75.08644104003906,108247,0.0,0.0
2023-11-14 00:00:00+00:00,77.68597878658436,77.78596684760602,75.08644938840087,75.38639831542969,49363,0.0,0.0
2023-11-15 00:00:00+00:00,75.98628234863281,82.68506997816057,75.98628234863281,75.98628234863281,153737,0.0,0.0
2023-11-16 00:00:00+00:00,77.38602600070104,79.68560613051523,73.98663838704427,74.98645782470703,53203,0.0,0.0
2023-11-17 00:00:00+00:00,76.9861031841758,78.58581289356815,75.30640608230945,75.48637390136719,81161,0.0,0.0
2023-11-20 00:00:00+00:00,75.7863268460103,79.28569535896295,73.98664855957031,73.98664855957031,53648,0.0,0.0
2023-11-21 00:00:00+00:00,75.38638870981768,75.38638870981768,69.08452525822403,72.5868911743164,71411,0.0,0.0
2023-11-22 00:00:00+00:00,71.98700491961827,73.03081520944579,70.9871854068458,71.08716583251953,1923487,0.0,0.0
2023-11-23 00:00:00+00:00,72.48691618390987,76.98610408498014,71.0871673113067,76.88612365722656,154494,0.0,0.0
2023-11-24 00:00:00+00:00,75.98628234863281,76.98610185322009,74.98646284404553,75.98628234863281,287500,0.0,0.0
2023-11-27 00:00:00+00:00,76.28623490801472,80.69943224937249,76.18624685034906,77.48601531982422,254099,0.0,0.0
2023-11-28 00:00:00+00:00,77.08608096281182,78.18588087348925,75.98628105213439,76.48619079589844,127072,0.0,0.0
2023-11-29 00:00:00+00:00,76.98610423161433,77.98592376708984,76.08126877249182,77.98592376708984,172266,0.0,0.0
2023-11-30 00:00:00+00:00,77.98592270604821,78.98574222792064,73.1867859498536,75.48637390136719,805871,0.0,0.0
2023-12-01 00:00:00+00:00,77.98592558332828,77.98592558332828,75.58635711669922,75.58635711669922,83440,0.0,0.0
2023-12-04 00:00:00+00:00,79.38567436241932,79.38567436241932,73.98664722826656,74.48655700683594,278078,0.0,0.0
2023-12-05 00:00:00+00:00,76.68615836121229,79.88558557843695,72.98682898444098,73.98664855957031,127112,0.0,0.0
2023-12-06 00:00:00+00:00,77.38603022215003,79.68561047740752,73.08680335446827,74.58653259277344,179800,0.0,0.0
2023-12-07 00:00:00+00:00,77.98592972428831,79.78560807682535,71.9870120531892,72.98683166503906,91406,0.0,0.0
2023-12-08 00:00:00+00:00,78.38585909463191,78.38585909463191,72.68688273027679,72.98683166503906,87093,0.0,0.0
2023-12-11 00:00:00+00:00,75.78632307326389,79.88558160162385,71.98700582570044,72.4869155883789,312443,0.0,0.0
2023-12-12 00:00:00+00:00,77.08608528800525,77.08608528800525,70.98718759748671,71.98700714111328,2275231,0.0,0.0
2023-12-13 00:00:00+00:00,74.3865730496343,76.94610855358158,71.92401253216174,74.08662414550781,137676,0.0,0.0
2023-12-14 00:00:00+00:00,77.18606950768422,81.9852066040039,74.38657922484619,81.9852066040039,60491,0.0,0.0
2023-12-15 00:00:00+00:00,81.9851991677586,81.9851991677586,75.71133026681748,78.9857406616211,133294,0.0,0.0
2023-12-18 00:00:00+00:00,81.98520220845295,81.98520220845295,76.98610451281557,80.1855239868164,79836,0.0,0.0
2023-12-19 00:00:00+00:00,81.98519659661628,81.98519659661628,76.98609924316406,76.98609924316406,119290,0.0,0.0
2023-12-20 00:00:00+00:00,76.98609848663443,81.18533717106219,76.68614959716797,76.68614959716797,142753,0.0,0.0
2023-12-21 00:00:00+00:00,78.58581230077868,80.68543175526935,74.66252455413881,76.2862319946289,29020,0.0,0.0
2023-12-22 00:00:00+00:00,80.38549578920404,81.2853349371614,75.58635875211024,78.38585662841797,50212,0.0,0.0
2023-12-27 00:00:00+00:00,76.08626277348804,80.88539944671395,74.98646284404553,75.98628234863281,104516,0.0,0.0
2023-12-28 00:00:00+00:00,75.58635302119441,80.88539944671395,74.52854532787215,75.98628234863281,32523,0.0,0.0
2023-12-29 00:00:00+00:00,74.98645782470703,81.58526458767786,74.98645782470703,74.98645782470703,23434,0.0,0.0
2024-01-02 00:00:00+00:00,76.98610602456766,81.18534512015512,75.08644733731892,75.58635711669922,70723,0.0,0.0
2024-01-03 00:00:00+00:00,78.98574501396025,79.88558414098868,74.48655700683594,74.48655700683594,124558,0.0,0.0
2024-01-04 00:00:00+00:00,73.58671920391498,78.88576600330762,73.58671920391498,73.98664855957031,150031,0.0,0.0
2024-01-05 00:00:00+00:00,73.98664898939536,79.19970517217355,70.98719024658203,70.98719024658203,102800,0.0,0.0
2024-01-08 00:00:00+00:00,73.98664622836642,74.64653078860849,70.98718759748671,71.98700714111328,122939,0.0,0.0
2024-01-09 00:00:00+00:00,74.98645782470703,74.98645782470703,74.64652287734982,74.98645782470703,56282,0.0,0.0
2024-01-10 00:00:00+00:00,74.98646631317806,76.38621520996094,72.08698809013161,76.38621520996094,17093,0.0,0.0
2024-01-11 00:00:00+00:00,76.98610301712809,76.98610301712809,73.08680536468303,74.3865737915039,26106,0.0,0.0
2024-01-12 00:00:00+00:00,73.48673228297086,76.886120063841,72.38693237304688,72.38693237304688,41968,0.0,0.0
2024-01-15 00:00:00+00:00,73.7286945827519,75.98629050058861,72.68688273027679,72.98683166503906,114589,0.0,0.0
2024-01-16 00:00:00+00:00,73.38675967857185,76.5861793261316,73.09681108113391,73.48674011230469,53599,0.0,0.0
2024-01-17 00:00:00+00:00,72.9868296008013,73.48673939258761,70.08735128283708,73.1867904663086,71375,0.0,0.0
2024-01-18 00:00:00+00:00,72.38693237304688,74.98646151323558,71.98700305270616,72.38693237304688,112056,0.0,0.0
2024-01-19 00:00:00+00:00,72.98681843991045,74.98645730127787,71.98699900922675,72.78685760498047,81103,0.0,0.0
2024-01-22 00:00:00+00:00,72.98682803707523,74.48655738030281,71.48709869384766,71.48709869384766,37980,0.0,0.0
2024-01-23 00:00:00+00:00,72.38693033378793,73.98663994206704,71.89901947536408,72.5868911743164,116521,0.0,0.0
2024-01-24 00:00:00+00:00,71.98700714111328,73.46674342200842,71.98700714111328,71.98700714111328,62037,0.0,0.0
2024-01-25 00:00:00+00:00,71.98700714111328,72.98682668473985,71.98700714111328,71.98700714111328,71992,0.0,0.0
2024-01-26 00:00:00+00:00,72.98682898444098,76.3862170654843,72.38693876496698,73.98664855957031,215691,0.0,0.0
2024-01-29 00:00:00+00:00,73.3867583400963,75.97628737823263,72.08698984122098,73.98664855957031,45382,0.0,0.0
2024-01-30 00:00:00+00:00,72.98682668473985,73.98664622836642,70.98718759748671,71.98700714111328,170298,0.0,0.0
2024-01-31 00:00:00+00:00,71.08716151986442,73.68669056976334,69.08752261563185,70.38729095458984,218233,0.0,0.0
2024-02-01 00:00:00+00:00,72.98682509668616,75.48637390136719,71.26713429858279,75.48637390136719,10998688,0.0,0.0
2024-02-02 00:00:00+00:00,76.48619446387657,78.38585310688359,75.38639450045706,77.98592376708984,227702,0.0,0.0
2024-02-05 00:00:00+00:00,77.58599203036896,79.98556036698191,75.08644326890078,75.98628234863281,194514,0.0,0.0
2024-02-06 00:00:00+00:00,75.4863675435384,77.27104890121457,74.98645782470703,74.98645782470703,221775,0.0,0.0
2024-02-07 00:00:00+00:00,76.98610393409008,77.98592346570165,74.08662576681303,75.78632354736328,248512,0.0,0.0
2024-02-08 00:00:00+00:00,77.78595530136954,77.78595530136954,74.98645782470703,74.98645782470703,67080,0.0,0.0
2024-02-09 00:00:00+00:00,75.98628366230339,77.98592270604821,71.98700557481374,75.48637390136719,623763,0.0,0.0
2024-02-12 00:00:00+00:00,75.48637718237441,75.98628696503914,72.5868989173154,73.68669891357422,99465,0.0,0.0
2024-02-13 00:00:00+00:00,74.98645782470703,77.39002308158281,72.08697992988164,74.98645782470703,97959,0.0,0.0
2024-02-14 00:00:00+00:00,74.98646247733667,74.98646247733667,72.98682347794103,73.78668212890625,355973,0.0,0.0
2024-02-15 00:00:00+00:00,72.98682898444098,74.98646813469963,72.98682898444098,73.98664855957031,280777,0.0,0.0
2024-02-16 00:00:00+00:00,74.98646813469963,74.98646813469963,72.98682898444098,73.98664855957031,182405,0.0,0.0
2024-02-19 00:00:00+00:00,73.18678853134843,74.9864667854053,72.98682767112783,74.48655700683594,77376,0.0,0.0
2024-02-20 00:00:00+00:00,72.68688273027679,73.9866512768889,72.68688273027679,72.98683166503906,160080,0.0,0.0
2024-02-21 00:00:00+00:00,72.98682048339046,74.98645940074363,72.18696186524235,72.5868911743164,229672,0.0,0.0
2024-02-22 00:00:00+00:00,72.98682460570717,72.98682460570717,69.98736606026715,72.18696594238281,50674,0.0,0.0
2024-02-23 00:00:00+00:00,72.98682668473985,73.28677559903493,68.58761916717938,71.98700714111328,243469,0.0,0.0
2024-02-26 00:00:00+00:00,71.98700714111328,72.98682668473985,70.98718759748671,71.98700714111328,86720,0.0,0.0
2024-02-27 00:00:00+00:00,71.98700714111328,73.98664622836642,71.98700714111328,71.98700714111328,30066,0.0,0.0
2024-02-28 00:00:00+00:00,74.986465771993,74.986465771993,71.98700714111328,71.98700714111328,254080,0.0,0.0
2024-02-29 00:00:00+00:00,72.0869866822268,72.98682578601407,70.5872573852539,70.5872573852539,319495,0.0,0.0
2024-03-01 00:00:00+00:00,70.98718410869543,74.38657191556038,70.98718410869543,71.58707427978516,280671,0.0,0.0
2024-03-04 00:00:00+00:00,72.88684551203364,74.18660632867103,71.0871673006678,71.68705749511719,183098,0.0,0.0
2024-03-05 00:00:00+00:00,73.4867326452377,73.4867326452377,70.48727416992188,70.48727416992188,61881,0.0,0.0
2024-03-06 00:00:00+00:00,73.48673151969606,73.98664125792529,70.08734377413388,72.08698272705078,16719,0.0,0.0
2024-03-07 00:00:00+00:00,70.78722544647914,73.78668402254999,70.78722544647914,72.4869155883789,131950,0.0,0.0
2024-03-08 00:00:00+00:00,72.38693292658304,72.38693292658304,71.58707427978516,71.58707427978516,71222,0.0,0.0
2024-03-11 00:00:00+00:00,71.28713281454638,71.98700340757979,69.78740357688847,70.48727416992188,110351,0.0,0.0
2024-03-12 00:00:00+00:00,70.28731715494597,73.88666599596347,64.98827050843565,67.88774871826172,407622,0.0,0.0
2024-03-13 00:00:00+00:00,69.08752946954571,69.25850386089506,64.88829040527344,64.88829040527344,130338,0.0,0.0
2024-03-14 00:00:00+00:00,65.988088221383,72.28695423917658,64.98826870287719,69.18750762939453,140361,0.0,0.0
2024-03-15 00:00:00+00:00,71.98700898240646,72.68687962963935,67.65379133563813,69.58744049072266,44821,0.0,0.0
2024-03-18 00:00:00+00:00,69.98736325432272,73.68669226084431,67.98772430419922,67.98772430419922,93365,0.0,0.0
2024-03-19 00:00:00+00:00,72.9868252945819,72.9868252945819,67.28785705566406,67.28785705566406,34812,0.0,0.0
2024-03-20 00:00:00+00:00,67.98772463863966,68.6346110154419,65.98808567867968,66.08806610107422,217768,0.0,0.0
2024-03-21 00:00:00+00:00,66.48799260457356,70.8871996558931,65.98808288574219,65.98808288574219,110927,0.0,0.0
2024-03-22 00:00:00+00:00,65.98808288574219,69.98736063639322,65.98808288574219,65.98808288574219,52660,0.0,0.0
2024-03-25 00:00:00+00:00,65.98808288574219,68.9775408685091,64.98826344807942,65.98808288574219,304423,0.0,0.0
2024-03-26 00:00:00+00:00,66.58797807863361,70.08734637615358,66.52299499730302,66.98790740966797,70241,0.0,0.0
2024-03-27 00:00:00+00:00,67.98772430419922,69.98736325432272,67.72577056432269,67.98772430419922,99981,0.0,0.0
2024-03-28 00:00:00+00:00,67.9877272583946,70.987185813912,67.9877272583946,69.18750762939453,241695,0.0,0.0
2024-04-02 00:00:00+01:00,74.98646639648037,77.98592505233958,67.34784562980032,71.18714904785156,408761,0.0,0.0
2024-04-03 00:00:00+01:00,73.98664436942941,75.98628340644102,69.18750762939453,69.18750762939453,273077,0.0,0.0
2024-04-04 00:00:00+01:00,69.98737270603621,71.38712168576059,70.7872314453125,70.7872314453125,132940,0.0,0.0
2024-04-05 00:00:00+01:00,69.58743639292328,70.78722438212218,68.58761688259962,69.98736572265625,90601,0.0,0.0
2024-04-08 00:00:00+01:00,69.98736572265625,72.98682425362723,68.18768755286666,69.98736572265625,120724,0.0,0.0
2024-04-09 00:00:00+01:00,67.9877272583946,70.58725648090616,67.9877272583946,69.18750762939453,73773,0.0,0.0
2024-04-10 00:00:00+01:00,70.16334141387922,70.98719024658203,68.98755108470648,70.98719024658203,65516,0.0,0.0
2024-04-11 00:00:00+01:00,70.98718759748671,71.98700714111328,69.98736805386014,71.98700714111328,17043,0.0,0.0
2024-04-12 00:00:00+01:00,70.98719024658203,71.98700982751981,70.03736469589836,70.98719024658203,21659,0.0,0.0
2024-04-15 00:00:00+01:00,70.38730002362298,72.98682940845758,70.1273447967341,70.98719024658203,186601,0.0,0.0
2024-04-16 00:00:00+01:00,72.98682425362723,72.98682425362723,69.98736572265625,69.98736572265625,92428,0.0,0.0
2024-04-17 00:00:00+01:00,70.98719024658203,75.18642943531347,70.98719024658203,70.98719024658203,106880,0.0,0.0
2024-04-18 00:00:00+01:00,71.98700982751981,72.98682940845758,70.98719024658203,70.98719024658203,72670,0.0,0.0
2024-04-19 00:00:00+01:00,72.98682898444098,74.98646813469963,71.98700940931165,73.98664855957031,194074,0.0,0.0
2024-04-22 00:00:00+01:00,71.98700982751981,73.78668812441502,69.98737066564426,70.98719024658203,189182,0.0,0.0
2024-04-23 00:00:00+01:00,71.38711247808885,72.23695751144355,70.18732452392578,70.18732452392578,44412,0.0,0.0
2024-04-24 00:00:00+01:00,70.98718410869543,73.4867328449171,70.98718410869543,71.58707427978516,57695,0.0,0.0
2024-04-25 00:00:00+01:00,70.98719024658203,73.23078868151019,70.98719024658203,70.98719024658203,36348,0.0,0.0
2024-04-26 00:00:00+01:00,70.98718759748671,75.38639511504718,70.98718759748671,71.98700714111328,84574,0.0,0.0
2024-04-29 00:00:00+01:00,70.3872926492457,83.78487515576968,69.78740248913628,79.18569946289062,23836042,0.0,0.0
2024-04-30 00:00:00+01:00,84.78469906706457,92.78325529497566,81.89721978059553,83.9848403930664,860817,0.0,0.0
2024-05-01 00:00:00+01:00,84.18479863838976,89.78379392681013,83.58490846549256,84.98465728759766,296353,0.0,0.0
2024-05-02 00:00:00+01:00,84.58473232016489,89.98375941039197,83.78488125777208,86.78433990478516,124385,0.0,0.0
2024-05-03 00:00:00+01:00,86.7843393117255,89.98375879546839,86.7843393117255,87.58419036865234,73665,0.0,0.0
2024-05-07 00:00:00+01:00,92.58328684961079,92.58328684961079,86.9842990134303,89.18389892578125,240009,0.0,0.0
2024-05-08 00:00:00+01:00,89.98375250312485,94.98284986440956,82.18515756831381,88.18407440185547,275497,0.0,0.0
2024-05-09 00:00:00+01:00,88.18408056835192,90.26370704679367,87.58419036865234,87.58419036865234,71990,0.0,0.0
2024-05-10 00:00:00+01:00,86.98429610512474,89.22388963911297,86.78433525723945,87.98411560058594,735057,0.0,0.0
2024-05-13 00:00:00+01:00,87.98411560058594,92.78325223000667,83.78287060228203,87.98411560058594,793485,0.0,0.0
2024-05-14 00:00:00+01:00,87.78415271536646,94.78288902116506,85.98447461409708,88.18407440185547,1713039,0.0,0.0
2024-05-15 00:00:00+01:00,89.98375553440452,94.78289221411308,86.98429701659103,89.38386535644531,137979,0.0,0.0
2024-05-16 00:00:00+01:00,89.3838668311862,94.7828937779323,82.71507244727691,89.98375701904297,232448,0.0,0.0
2024-05-17 00:00:00+01:00,89.98375373602907,94.98285116580847,89.98375373602907,94.78289031982422,240286,0.0,0.0
2024-05-20 00:00:00+01:00,94.9828570822011,98.88315411624701,91.9833984375,91.9833984375,867624,0.0,0.0
2024-05-21 00:00:00+01:00,91.98339557647705,98.78217134420629,90.98357605934143,95.98267364501953,60860,0.0,0.0
2024-05-22 00:00:00+01:00,95.98267900182846,99.78199643019136,93.98303985595703,93.98303985595703,106063,0.0,0.0
2024-05-23 00:00:00+01:00,91.78343331810105,92.78325281991907,79.98556014544147,87.18425750732422,697330,0.0,0.0
2024-05-24 00:00:00+01:00,85.98447975758705,89.78379703064098,84.24479590763896,86.18444061279297,72353,0.0,0.0
2024-05-28 00:00:00+01:00,86.3844123948872,89.38387110562623,83.18498519328816,84.38477325439453,89678,0.0,0.0
2024-05-29 00:00:00+01:00,84.98466347093874,89.18390261476618,84.38477325439453,84.38477325439453,78836,0.0,0.0
2024-05-30 00:00:00+01:00,86.98429897853306,86.98429897853306,82.98502086457752,83.9848403930664,135845,0.0,0.0
2024-05-31 00:00:00+01:00,83.98483948760395,86.98429804073265,80.98538093447523,82.58509063720703,429272,0.0,0.0
2024-06-03 00:00:00+01:00,81.98519747525157,86.78433403720491,80.98537799384606,81.38530731201172,171492,0.0,0.0
2024-06-04 00:00:00+01:00,84.58472834747428,86.78433582878559,76.18624300468578,78.9857406616211,185438,0.0,0.0
2024-06-05 00:00:00+01:00,78.98573658776009,85.98447274110592,78.98573658776009,79.38566589355469,101565,0.0,0.0
2024-06-06 00:00:00+01:00,78.98573861885991,79.985558095048,77.9859191426718,79.18569946289062,175608,0.0,0.0
2024-06-07 00:00:00+01:00,80.7854232788086,82.3851330448407,78.58581567599883,80.7854232788086,22808,0.0,0.0
2024-06-10 00:00:00+01:00,78.9857406616211,81.9851991677586,78.9857406616211,78.9857406616211,65963,0.0,0.0
2024-06-11 00:00:00+01:00,78.9857406616211,82.38512849418042,78.9857406616211,78.9857406616211,49377,0.0,0.0
2024-06-12 00:00:00+01:00,78.98574086239464,81.78523852644598,74.38657266689667,75.98628234863281,100730,0.0,0.0
2024-06-13 00:00:00+01:00,75.98628770982897,79.98556601034628,73.98664855957031,73.98664855957031,91862,0.0,0.0
2024-06-14 00:00:00+01:00,72.18696186524235,77.98591777677336,72.18696186524235,72.5868911743164,110044,0.0,0.0
2024-06-17 00:00:00+01:00,74.98646857033313,81.3853154139385,70.98719024658203,70.98719024658203,111852,0.0,0.0
2024-06-18 00:00:00+01:00,72.98683166503906,74.94647718890258,70.98719244133936,72.98683166503906,84606,0.0,0.0
2024-06-19 00:00:00+01:00,70.98718557541382,76.98610266629386,70.98718557541382,72.18696594238281,93747,0.0,0.0
2024-06-20 00:00:00+01:00,72.78685964286198,77.38602762717083,67.58779388093349,72.5868911743164,193535,0.0,0.0
2024-06-21 00:00:00+01:00,71.98700982751981,75.78632728629057,70.98719024658203,70.98719024658203,538174,0.0,0.0
2024-06-24 00:00:00+01:00,74.98646340416698,78.3858512707594,71.18714620714886,75.1864242553711,111369,0.0,0.0
2024-06-25 00:00:00+01:00,73.58671270605171,74.78650066707388,72.38693237304688,72.38693237304688,27982,0.0,0.0
2024-06-26 00:00:00+01:00,72.98682754918178,75.7863253557,71.98700799371355,73.38675689697266,103412,0.0,0.0
2024-06-27 00:00:00+01:00,71.98701192620867,74.58654138682923,70.7872314453125,70.7872314453125,178603,0.0,0.0
2024-06-28 00:00:00+01:00,71.38711204501263,73.98664115456974,67.98772430419922,67.98772430419922,260488,0.0,0.0
2024-07-01 00:00:00+01:00,70.3872950523892,75.18642412513228,69.98736572265625,69.98736572265625,121558,0.0,0.0
2024-07-02 00:00:00+01:00,69.98736572265625,71.98700474330357,69.98736572265625,69.98736572265625,32974,0.0,0.0
2024-07-03 00:00:00+01:00,69.9873683763587,71.9870074728261,68.987548828125,68.987548828125,136034,0.0,0.0
2024-07-04 00:00:00+01:00,68.78758796968538,70.58725857969536,68.18769013833092,68.987548828125,148403,0.0,0.0
2024-07-05 00:00:00+01:00,68.98754794752918,70.78722616258484,66.18805019700207,67.58779907226562,316855,0.0,0.0
2024-07-08 00:00:00+01:00,67.98772927989131,71.9870074728261,66.98790973165761,68.987548828125,275985,0.0,0.0
2024-07-09 00:00:00+01:00,68.98754219602364,73.98663945660506,67.98772274390736,70.38729095458984,313272,0.0,0.0
2024-07-10 00:00:00+01:00,70.38729653019791,72.38693559282844,69.98736719206828,70.5872573852539,229177,0.0,0.0
2024-07-11 00:00:00+01:00,69.98736164813992,70.78722026103976,69.98736164813992,70.38729095458984,191775,0.0,0.0
2024-07-12 00:00:00+01:00,70.18732294788919,74.06162335026094,70.18732294788919,72.5868911743164,659863,0.0,0.0
2024-07-15 00:00:00+01:00,72.98681843991045,74.34657347588164,72.58688914203358,72.78685760498047,240341,0.0,0.0
2024-07-16 00:00:00+01:00,72.98682668473985,73.98664622836642,71.38711694054089,71.98700714111328,107763,0.0,0.0
2024-07-17 00:00:00+01:00,72.98683166503906,72.98683166503906,71.58708268284562,72.98683166503906,292379,0.0,0.0
2024-07-18 00:00:00+01:00,71.9870074728261,72.88684659183997,68.58761948322797,68.987548828125,646755,0.0,0.0
2024-07-19 00:00:00+01:00,66.98791113640601,72.98682855160655,66.98791113640601,69.58744049072266,170161,0.0,0.0
2024-07-22 00:00:00+01:00,69.58744049072266,71.58707962912284,68.32366861627789,69.58744049072266,121428,0.0,0.0
2024-07-23 00:00:00+01:00,71.18714904785156,72.98682729257422,70.7872273294846,71.18714904785156,104211,0.0,0.0
2024-07-24 00:00:00+01:00,70.98718672338354,71.68705734409716,70.5872573852539,70.5872573852539,62995,0.0,0.0
2024-07-25 00:00:00+01:00,70.98718110025621,70.98718110025621,69.38747150247356,70.38729095458984,339602,0.0,0.0
2024-07-26 00:00:00+01:00,70.78722438212218,71.98700474330357,69.98736572265625,69.98736572265625,154237,0.0,0.0
2024-07-29 00:00:00+01:00,69.9873677781171,71.98700685749188,69.78740692138672,69.78740692138672,170190,0.0,0.0
2024-07-30 00:00:00+01:00,69.98737066564426,71.78704896253947,69.98737066564426,70.98719024658203,113632,0.0,0.0
2024-07-31 00:00:00+01:00,70.58726088860331,74.82649377593442,69.58744130766554,70.98719024658203,180138,0.0,0.0
2024-08-01 00:00:00+01:00,70.3872971195956,70.78722646107411,69.78740692138672,69.78740692138672,183103,0.0,0.0
2024-08-02 00:00:00+01:00,69.58744320438083,71.18715305188027,68.5876235961914,68.5876235961914,165374,0.0,0.0
2024-08-05 00:00:00+01:00,67.98772782916403,68.78758650189066,64.98826924846561,68.38765716552734,241925,0.0,0.0
2024-08-06 00:00:00+01:00,68.38765862478834,70.58725857969536,68.18769013833092,68.987548828125,66408,0.0,0.0
2024-08-07 00:00:00+01:00,68.98754643682223,70.7872246124681,66.98790740966797,66.98790740966797,129056,0.0,0.0
2024-08-08 00:00:00+01:00,67.58779759221075,68.78758558531382,66.58797807863361,66.98790740966797,237409,0.0,0.0
2024-08-09 00:00:00+01:00,65.98809112305864,69.3874791610622,65.188232421875,65.188232421875,396956,0.0,0.0
2024-08-12 00:00:00+01:00,69.38747321468097,70.9871828519381,63.58851719810448,64.98826599121094,360210,0.0,0.0
2024-08-13 00:00:00+01:00,67.38783707289463,70.78722496141786,64.98826870287719,69.18750762939453,533991,0.0,0.0
2024-08-14 00:00:00+01:00,71.78704389244584,71.78704389244584,68.98754621233259,69.98736572265625,1476740,0.0,0.0
2024-08-15 00:00:00+01:00,73.98664242305485,75.98628140746173,71.98700343864795,74.58653259277344,1842603,0.0,0.0
2024-08-16 00:00:00+01:00,74.18660418916873,77.58599203036896,73.18678468458147,75.98628234863281,967897,0.0,0.0
2024-08-19 00:00:00+01:00,75.98628469613882,79.78560198215284,75.98628469613882,77.98592376708984,865632,0.0,0.0
2024-08-20 00:00:00+01:00,78.78578244667733,81.58527256919814,74.98646516066331,77.98592376708984,1125829,0.0,0.0
2024-08-21 00:00:00+01:00,77.98592376708984,78.78578244667733,75.18642601655134,77.98592376708984,562476,0.0,0.0
2024-08-22 00:00:00+01:00,77.98592496570518,77.98592496570518,74.98646631317806,76.38621520996094,411237,0.0,0.0
2024-08-23 00:00:00+01:00,75.98628440247853,77.27605251361956,73.38675514589201,75.78632354736328,284107,0.0,0.0
2024-08-27 00:00:00+01:00,76.58617252578169,77.9659283240433,73.31376829124699,75.98628234863281,557600,0.0,0.0
2024-08-28 00:00:00+01:00,76.9861072849583,76.9861072849583,70.18733112287167,73.98664855957031,543467,0.0,0.0
2024-08-29 00:00:00+01:00,75.98628140746173,75.98628140746173,73.33276114641932,74.58653259277344,417190,0.0,0.0
2024-08-30 00:00:00+01:00,75.98628349742513,75.98628349742513,73.38675427180094,74.3865737915039,663620,0.0,0.0
2024-09-02 00:00:00+01:00,76.98610361733859,78.78578181804187,73.58671569824219,73.58671569824219,194333,0.0,0.0
2024-09-03 00:00:00+01:00,74.98645782470703,77.98591613769531,74.24859211712221,74.98645782470703,149980,0.0,0.0
2024-09-04 00:00:00+01:00,74.18660796453653,75.7863253557,72.98682754918178,73.38675689697266,169265,0.0,0.0
2024-09-05 00:00:00+01:00,75.78632296885739,78.78578154079605,73.18678610409646,76.58617401123047,399876,0.0,0.0
2024-09-06 00:00:00+01:00,74.98646516066331,77.98592376708984,74.98646516066331,77.98592376708984,257368,0.0,0.0
2024-09-09 00:00:00+01:00,77.98592171772604,79.49565131246538,77.18606305915776,78.18588256835938,220030,0.0,0.0
2024-09-10 00:00:00+01:00,77.98592348451967,80.98538208007812,77.98592348451967,80.98538208007812,150464,0.0,0.0
2024-09-11 00:00:00+01:00,78.98574685105018,83.784883888144,78.2358821657554,78.38585662841797,231262,0.0,0.0
2024-09-12 00:00:00+01:00,76.98610365868181,83.1849816812907,76.98610365868181,78.78578186035156,140174,0.0,0.0
2024-09-13 00:00:00+01:00,79.38567235471716,81.03137139860185,77.98592348451967,80.98538208007812,319086,0.0,0.0
2024-09-16 00:00:00+01:00,82.78506028862026,82.78506028862026,79.14271236395601,80.98538208007812,512375,0.0,0.0
2024-09-17 00:00:00+01:00,79.98556165811283,80.78542032590099,77.38603242982768,79.58563232421875,235123,0.0,0.0
2024-09-18 00:00:00+01:00,79.5856308372451,80.98537966571277,78.7857798124189,78.9857406616211,234056,0.0,0.0
2024-09-19 00:00:00+01:00,81.99402542114258,82.9939525604248,78.19429924033466,79.99417114257812,142662,0.85,0.0
2024-09-20 00:00:00+01:00,79.99417114257812,80.79411590553936,78.79426162697492,79.99417114257812,381784,0.0,0.0
2024-09-23 00:00:00+01:00,80.99409903549567,82.71397495167841,79.9941718869093,81.99402618408203,109961,0.0,0.0
2024-09-24 00:00:00+01:00,80.99409634155803,83.59390531564281,80.99409634155803,82.7939682006836,258105,0.0,0.0
2024-09-25 00:00:00+01:00,84.39384936585851,84.39384936585851,81.99402278302664,82.99394989013672,1008904,0.0,0.0
2024-09-26 00:00:00+01:00,83.3939193276735,88.3935546875,83.3939193276735,88.3935546875,392947,0.0,0.0
2024-09-27 00:00:00+01:00,88.99350940491155,89.5934641223231,84.21985548830524,88.3935546875,216332,0.0,0.0
2024-09-30 00:00:00+01:00,89.39348398833276,89.99343872070312,86.19371270096032,89.99343872070312,432788,0.0,0.0
2024-10-01 00:00:00+01:00,91.79331107954846,91.99329344855346,87.39363030189345,87.59361267089844,128060,0.0,0.0
2024-10-02 00:00:00+01:00,88.19356794759477,91.39333927316558,83.99387714202871,85.19378662109375,562120,0.0,0.0
2024-10-03 00:00:00+01:00,88.9935156312289,88.9935156312289,84.39385230414659,86.59368896484375,293423,0.0,0.0
2024-10-04 00:00:00+01:00,86.19370965637792,88.33355295784504,85.6237515364327,86.3936996459961,67106,0.0,0.0
2024-10-07 00:00:00+01:00,86.19371032714844,88.99350917288686,84.99380089545375,86.19371032714844,102701,0.0,0.0
2024-10-08 00:00:00+01:00,86.19371235938735,87.5936118152628,84.7938205323502,85.59375762939453,89170,0.0,0.0
2024-10-09 00:00:00+01:00,86.39370304080995,86.39370304080995,85.3937759399414,85.3937759399414,71145,0.0,0.0
2024-10-10 00:00:00+01:00,85.3937759399414,86.39370304080995,84.99380357382631,85.3937759399414,36278,0.0,0.0
2024-10-11 00:00:00+01:00,85.99373352494715,86.99366065895816,85.28378617525996,86.7936782836914,159554,0.0,0.0
2024-10-14 00:00:00+01:00,84.7938183010237,87.59360951026056,80.14515529325719,83.9938735961914,656100,0.0,0.0
2024-10-15 00:00:00+01:00,83.99387382609547,86.79367267183389,81.99401968737891,86.19371032714844,465727,0.0,0.0
2024-10-16 00:00:00+01:00,84.51683917284096,88.79352771947929,85.39377412309216,88.19356536865234,405463,0.0,0.0
2024-10-17 00:00:00+01:00,92.59324675484424,93.59317384210787,87.0936477748943,87.99358367919922,770352,0.0,0.0
2024-10-18 00:00:00+01:00,87.99358435720441,91.19334800956743,85.70474977208518,87.7936019897461,438766,0.0,0.0
2024-10-21 00:00:00+01:00,87.99358470599779,90.99336600279317,82.39399447774741,83.19393157958984,595658,0.0,0.0
2024-10-22 00:00:00+01:00,83.19393022904327,83.99387494673798,81.39406605748754,83.59390258789062,322293,0.0,0.0
2024-10-23 00:00:00+01:00,83.5939019145065,85.79374605602713,82.19400248423668,83.79389190673828,734790,0.0,0.0
2024-10-24 00:00:00+01:00,86.99365689954767,86.99365689954767,83.3939208984375,83.3939208984375,84411,0.0,0.0
2024-10-25 00:00:00+01:00,83.59390258789062,86.19371147714106,82.99394786403872,83.59390258789062,104090,0.0,0.0
2024-10-28 00:00:00+00:00,86.99366056823118,86.99366056823118,82.99395203635848,84.59383392333984,254429,0.0,0.0
2024-10-29 00:00:00+00:00,84.99380066281273,84.99380066281273,82.79396416778106,83.9938735961914,221480,0.0,0.0
2024-10-30 00:00:00+00:00,82.99395284587575,90.67339360712961,80.19415379472038,88.79353332519531,1077819,0.0,0.0
2024-10-31 00:00:00+00:00,91.99329202825372,91.99329202825372,86.39370186534507,87.99358367919922,234627,0.0,0.0
2024-11-01 00:00:00+00:00,88.19356822978824,89.99344008298328,86.49369519086727,89.59346771240234,181690,0.0,0.0
2024-11-04 00:00:00+00:00,88.99351433017591,89.99344145748127,88.79353195625028,89.19349670410156,206289,0.0,0.0
2024-11-05 00:00:00+00:00,88.99351570220412,89.7934604679167,88.04558672388694,88.79353332519531,51478,0.0,0.0
2024-11-06 00:00:00+00:00,91.99329202825372,91.99329202825372,87.99358367919922,87.99358367919922,353160,0.0,0.0
2024-11-07 00:00:00+00:00,87.99358452690971,90.59339345307347,87.99358452690971,89.99343872070312,191277,0.0,0.0
2024-11-08 00:00:00+00:00,88.99350872846667,90.39340814434499,88.59353637695312,88.59353637695312,131065,0.0,0.0
2024-11-11 00:00:00+00:00,87.99358720287057,89.99344145748127,87.79360482894492,89.19349670410156,87833,0.0,0.0
2024-11-12 00:00:00+00:00,88.39355809192217,88.9935128324406,86.79367624092687,87.39363098144531,198519,0.0,0.0
2024-11-13 00:00:00+00:00,86.99365659193559,89.19349313238027,86.99365659193559,87.99358367919922,154898,0.0,0.0
2024-11-14 00:00:00+00:00,87.59361472305368,88.39355947549159,86.39370522323539,86.99365997314453,279383,0.0,0.0
2024-11-15 00:00:00+00:00,86.59368356706965,89.39348244146802,85.59375648747567,88.19356536865234,246864,0.0,0.0
2024-11-18 00:00:00+00:00,87.9935878796524,89.9934421496445,87.6256184778778,88.99351501464844,184917,0.0,0.0
2024-11-19 00:00:00+00:00,88.59354184918178,88.79353185171053,86.79367759945433,86.99365997314453,94430,0.0,0.0
2024-11-20 00:00:00+00:00,86.59368556819678,87.7936026687418,85.79374846333846,87.59361267089844,79338,0.0,0.0
2024-11-21 00:00:00+00:00,87.79360541770242,87.79360541770242,86.49369709195265,86.7936782836914,47394,0.0,0.0
2024-11-22 00:00:00+00:00,87.1936396296945,88.79352908471432,86.3937025310229,87.7936019897461,46898,0.0,0.0
2024-11-25 00:00:00+00:00,87.79360131328178,88.79352840054541,87.19363895785301,87.99358367919922,144483,0.0,0.0
2024-11-26 00:00:00+00:00,87.59361549988625,88.99351501464844,87.59361549988625,88.99351501464844,128028,0.0,0.0
2024-11-27 00:00:00+00:00,87.99358503774678,88.79352977144346,86.9936579350451,87.59361267089844,111920,0.0,0.0
2024-11-28 00:00:00+00:00,88.9935128324406,88.9935128324406,83.39392253953787,87.39363098144531,272726,0.0,0.0
2024-11-29 00:00:00+00:00,86.99365929047678,87.59361403567789,86.59368691739654,87.19364166259766,90524,0.0,0.0
2024-12-02 00:00:00+00:00,86.99365861148688,87.99358572196374,86.59368624152845,87.39363098144531,74664,0.0,0.0
2024-12-03 00:00:00+00:00,87.99358279206032,87.99358279206032,84.99380156051281,85.99372863769531,235229,0.0,0.0
2024-12-04 00:00:00+00:00,89.59346897530988,89.59346897530988,85.29778442166119,86.99365997314453,193836,0.0,0.0
2024-12-05 00:00:00+00:00,86.19371442031662,86.99365916532629,81.5940512086073,84.99380493164062,436071,0.0,0.0
2024-12-06 00:00:00+00:00,85.39377676049159,89.79345757235745,84.59383202057472,87.39363098144531,181092,0.0,0.0
2024-12-09 00:00:00+00:00,87.39363234936349,88.59354184918178,86.59368759692559,86.99365997314453,189480,0.0,0.0
2024-12-10 00:00:00+00:00,86.99366065895816,87.99358779296918,85.1937887662029,86.7936782836914,171064,0.0,0.0
2024-12-11 00:00:00+00:00,86.99366065895816,86.99366065895816,84.74382460743338,86.7936782836914,391573,0.0,0.0
2024-12-12 00:00:00+00:00,86.99366074465634,88.99351501464844,86.68668390761177,88.99351501464844,353880,0.0,0.0
2024-12-13 00:00:00+00:00,88.99351145217264,89.99343854714087,87.39362962599114,87.7936019897461,274434,0.0,0.0
2024-12-16 00:00:00+00:00,87.39363372991836,88.79353325437958,86.39370658799444,86.59368896484375,183132,0.0,0.0
2024-12-17 00:00:00+00:00,85.99373067469486,86.79367540692503,84.79382120518795,85.3937759399414,87204,0.0,0.0
2024-12-18 00:00:00+00:00,85.79374830605649,86.59368540944831,84.99380357382631,85.3937759399414,462715,0.0,0.0
2024-12-19 00:00:00+00:00,85.99373413386532,85.99373413386532,83.39392509279526,84.39385223388672,96479,0.0,0.0
2024-12-20 00:00:00+00:00,84.19386154438484,84.59383392333984,82.79396966130028,84.59383392333984,86426,0.0,0.0
2024-12-23 00:00:00+00:00,84.79382255980745,84.99380493164062,83.9938778147978,84.99380493164062,43492,0.0,0.0
2024-12-24 00:00:00+00:00,84.79382120518795,85.79374830605649,83.99387647295777,85.3937759399414,47214,0.0,0.0
2024-12-27 00:00:00+00:00,84.59383255913579,86.99365916532629,84.59383255913579,84.99380493164062,16480,0.0,0.0
2024-12-30 00:00:00+00:00,84.99380630229483,87.99358770119936,83.99387916932666,84.59383392333984,47929,0.0,0.0
2024-12-31 00:00:00+00:00,83.9938744833303,85.99372863769531,83.59390212668967,85.99372863769531,51837,0.0,0.0
2025-01-02 00:00:00+00:00,84.99380410435688,85.79374884158031,82.99394989013672,82.99394989013672,258345,0.0,0.0
2025-01-03 00:00:00+00:00,84.99380762984113,84.99380762984113,81.99402618408203,81.99402618408203,39523,0.0,0.0
2025-01-06 00:00:00+00:00,84.99380182001359,84.99380182001359,81.19407586358358,81.3940658569336,164938,0.0,0.0
2025-01-07 00:00:00+00:00,81.19407858279834,81.99402332531237,79.99416909786574,80.59412384033203,283487,0.0,0.0
2025-01-08 00:00:00+00:00,82.99394815179366,82.99394815179366,78.9942398071289,78.9942398071289,87866,0.0,0.0
2025-01-09 00:00:00+00:00,79.99417114257812,82.59398017894418,78.59427162181528,79.99417114257812,94531,0.0,0.0
2025-01-10 00:00:00+00:00,79.19422082429895,79.99416553114565,78.19429375515963,79.39421081542969,53984,0.0,0.0
2025-01-13 00:00:00+00:00,80.99409748957707,80.99409748957707,76.59441659400517,77.99431610107422,265077,0.0,0.0
2025-01-14 00:00:00+00:00,78.39428916883604,79.59419868326592,76.99438964944208,77.7943344116211,109347,0.0,0.0
2025-01-15 00:00:00+00:00,79.99416621021949,79.99416621021949,76.39443025652726,79.19422149658203,238498,0.0,0.0
2025-01-16 00:00:00+00:00,79.19422082429895,80.79411023799236,77.59433903944367,79.39421081542969,158578,0.0,0.0
2025-01-17 00:00:00+00:00,78.7942609520972,81.79404234425057,77.19437143987788,80.19415283203125,171020,0.0,0.0
2025-01-20 00:00:00+00:00,80.39414352405875,81.99402542114258,78.39428924549429,79.99417114257812,113389,0.0,0.0
2025-01-21 00:00:00+00:00,80.59412248410646,82.19400431337353,79.99416775173611,80.99409484863281,119191,0.0,0.0
2025-01-22 00:00:00+00:00,81.194079383058,83.19393363021547,80.59412463467847,82.59397888183594,125576,0.0,0.0
2025-01-23 00:00:00+00:00,85.5937623932252,85.5937623932252,80.99409903549567,81.99402618408203,94264,0.0,0.0
2025-01-24 00:00:00+00:00,83.59390611501665,84.7938232421875,81.99402424096074,84.7938232421875,622996,0.0,0.0
2025-01-27 00:00:00+00:00,83.99387714202871,85.99373135969606,80.19415107692538,85.19378662109375,170508,0.0,0.0
2025-01-28 00:00:00+00:00,85.19378742603497,87.19364166259766,84.16186495913553,87.19364166259766,319672,0.0,0.0
2025-01-29 00:00:00+00:00,88.79352925596241,90.99336581759982,87.35463117302344,89.99343872070312,354413,0.0,0.0
2025-01-30 00:00:00+00:00,90.99336650505604,94.9930749228607,87.39363045479952,89.79345703125,762509,0.0,0.0
2025-01-31 00:00:00+00:00,89.79345977418073,89.9934421496445,85.9937336096603,88.99351501464844,501455,0.0,0.0
2025-02-03 00:00:00+00:00,91.99329273707734,91.99329273707734,87.7936019897461,87.7936019897461,723804,0.0,0.0
2025-02-04 00:00:00+00:00,89.59346344131792,89.59346344131792,87.79359930276414,88.59353637695312,260142,0.0,0.0
2025-02-05 00:00:00+00:00,91.9932971303683,91.9932971303683,87.99358855948273,88.79353332519531,192308,0.0,0.0
2025-02-06 00:00:00+00:00,89.59346568229847,92.39326458408584,89.59346568229847,90.19342041015625,243163,0.0,0.0
2025-02-07 00:00:00+00:00,89.99344291267813,91.99329719962654,89.99344291267813,90.99337005615234,188318,0.0,0.0
2025-02-10 00:00:00+00:00,91.21735275979921,91.99329719962654,89.99344291267813,90.99337005615234,296126,0.0,0.0
2025-02-11 00:00:00+00:00,90.9933637740005,91.36333953792487,90.39340905510439,90.59339141845703,90090,0.0,0.0
2025-02-12 00:00:00+00:00,90.59339620809676,90.59339620809676,87.99358720287057,89.19349670410156,529830,0.0,0.0
2025-02-13 00:00:00+00:00,89.0,91.19999694824219,86.4000015258789,87.5999984741211,258390,0.65000004,0.0
2025-02-14 00:00:00+00:00,87.5999984741211,91.19999694824219,87.4000015258789,88.80000305175781,322043,0.0,0.0
2025-02-17 00:00:00+00:00,92.0,92.0,87.5999984741211,89.19999694824219,234930,0.0,0.0
2025-02-18 00:00:00+00:00,89.5999984741211,91.0,87.19999694824219,88.0,529814,0.0,0.0
2025-02-19 00:00:00+00:00,91.80000305175781,91.80000305175781,86.19999694824219,86.4000015258789,488189,0.0,0.0
2025-02-20 00:00:00+00:00,86.0,87.5999984741211,82.5999984741211,84.80000305175781,559147,0.0,0.0
2025-02-21 00:00:00+00:00,84.0,87.80000305175781,84.0,85.0,139429,0.0,0.0
2025-02-24 00:00:00+00:00,85.4000015258789,87.5999984741211,82.19999694824219,82.19999694824219,447708,0.0,0.0
2025-02-25 00:00:00+00:00,82.0,83.81999969482422,81.4000015258789,81.80000305175781,174602,0.0,0.0
2025-02-26 00:00:00+00:00,81.5999984741211,85.19999694824219,80.0,80.5999984741211,535342,0.0,0.0
2025-02-27 00:00:00+00:00,82.0,82.0,77.5999984741211,79.5999984741211,778737,0.0,0.0
2025-02-28 00:00:00+00:00,79.19999694824219,82.4000015258789,77.5999984741211,79.4000015258789,8237470,0.0,0.0
2025-03-03 00:00:00+00:00,79.80000305175781,82.80000305175781,79.80000305175781,81.4000015258789,310561,0.0,0.0
2025-03-04 00:00:00+00:00,81.0,82.80000305175781,80.4000015258789,80.5999984741211,136587,0.0,0.0
2025-03-05 00:00:00+00:00,81.80000305175781,82.76000213623047,80.4000015258789,81.80000305175781,145829,0.0,0.0
2025-03-06 00:00:00+00:00,83.0,83.5999984741211,81.5999984741211,83.4000015258789,193544,0.0,0.0
2025-03-07 00:00:00+00:00,83.0,83.4000015258789,81.5999984741211,82.19999694824219,238440,0.0,0.0
2025-03-10 00:00:00+00:00,82.0,84.0,82.0,84.0,946019,0.0,0.0
2025-03-11 00:00:00+00:00,84.0,85.5999984741211,83.0,84.19999694824219,355270,0.0,0.0
2025-03-12 00:00:00+00:00,84.80000305175781,85.25,83.5999984741211,83.5999984741211,158962,0.0,0.0
2025-03-13 00:00:00+00:00,83.4000015258789,83.4000015258789,81.19999694824219,82.0,167547,0.0,0.0
2025-03-14 00:00:00+00:00,82.0,85.80000305175781,82.0,83.5999984741211,373661,0.0,0.0
2025-03-17 00:00:00+00:00,83.5999984741211,87.4000015258789,83.4000015258789,83.80000305175781,126484,0.0,0.0
2025-03-18 00:00:00+00:00,83.80000305175781,84.80000305175781,83.19999694824219,84.5999984741211,44983,0.0,0.0
2025-03-19 00:00:00+00:00,83.5999984741211,84.4000015258789,83.19999694824219,83.5999984741211,72390,0.0,0.0
2025-03-20 00:00:00+00:00,83.5999984741211,84.5999984741211,81.4000015258789,81.4000015258789,151381,0.0,0.0
2025-03-21 00:00:00+00:00,81.0,81.19999694824219,79.19999694824219,81.0,334490,0.0,0.0
2025-03-24 00:00:00+00:00,81.0,81.19999694824219,80.19999694824219,80.19999694824219,171235,0.0,0.0
2025-03-25 00:00:00+00:00,80.19999694824219,82.0,79.0,81.4000015258789,88993,0.0,0.0
2025-03-26 00:00:00+00:00,81.5999984741211,84.0,81.19999694824219,83.19999694824219,551955,0.0,0.0
2025-03-27 00:00:00+00:00,83.0,85.5999984741211,82.4000015258789,84.4000015258789,767506,0.0,0.0
2025-03-28 00:00:00+00:00,84.5999984741211,87.48799896240234,83.19999694824219,83.4000015258789,77516,0.0,0.0
2025-03-31 00:00:00+01:00,82.80000305175781,83.19999694824219,81.80000305175781,81.80000305175781,98698,0.0,0.0
2025-04-01 00:00:00+01:00,82.0,85.5999984741211,82.0,82.5,185297,0.0,0.0
2025-04-02 00:00:00+01:00,82.0,82.5,78.4000015258789,80.4000015258789,195558,0.0,0.0
2025-04-03 00:00:00+01:00,87.19999694824219,87.19999694824219,81.30000305175781,82.4000015258789,92355,0.0,0.0
2025-04-04 00:00:00+01:00,82.0999984741211,82.19999694824219,80.0,80.0,201795,0.0,0.0
2025-04-07 00:00:00+01:00,78.0,79.69999694824219,75.0,78.5,269375,0.0,0.0
2025-04-08 00:00:00+01:00,79.0,80.80000305175781,78.5999984741211,79.80000305175781,174800,0.0,0.0
2025-04-09 00:00:00+01:00,79.0,79.0,75.0,78.0,129587,0.0,0.0
2025-04-10 00:00:00+01:00,80.9000015258789,84.9000015258789,80.4000015258789,84.0,219400,0.0,0.0
2025-04-11 00:00:00+01:00,85.0,85.0,83.5,83.5,36879,0.0,0.0
2025-04-14 00:00:00+01:00,86.0,86.5999984741211,84.5,85.0,152214,0.0,0.0
2025-04-15 00:00:00+01:00,83.0,85.69999694824219,81.92900085449219,83.5,160018,0.0,0.0
2025-04-16 00:00:00+01:00,83.5,86.5999984741211,83.0,83.5,31517,0.0,0.0
2025-04-17 00:00:00+01:00,85.69999694824219,86.69999694824219,83.0999984741211,85.0,68109,0.0,0.0
2025-04-22 00:00:00+01:00,84.19999694824219,86.69999694824219,84.19999694824219,84.30000305175781,252459,0.0,0.0
2025-04-23 00:00:00+01:00,87.0,87.5,83.5,84.5,170145,0.0,0.0
2025-04-24 00:00:00+01:00,87.9000015258789,87.9000015258789,82.5999984741211,82.5999984741211,80532,0.0,0.0
2025-04-25 00:00:00+01:00,84.5999984741211,87.9000015258789,81.30000305175781,82.5999984741211,119401,0.0,0.0
2025-04-28 00:00:00+01:00,82.69999694824219,87.5,82.4000015258789,85.0,160811,0.0,0.0
2025-04-29 00:00:00+01:00,84.5999984741211,86.69999694824219,84.0,84.80000305175781,82008,0.0,0.0
2025-04-30 00:00:00+01:00,84.9000015258789,87.30000305175781,84.30000305175781,85.19999694824219,72579,0.0,0.0
2025-05-01 00:00:00+01:00,85.0,86.0,84.0,84.69999694824219,152398,0.0,0.0
2025-05-02 00:00:00+01:00,86.0,86.5,84.80000305175781,85.5,1245480,0.0,0.0
2025-05-06 00:00:00+01:00,86.80000305175781,92.9000015258789,85.5,89.0,2094398,0.0,0.0
2025-05-07 00:00:00+01:00,90.0,90.19999694824219,88.84700012207031,89.5999984741211,179775,0.0,0.0
2025-05-08 00:00:00+01:00,90.0,92.5999984741211,89.4000015258789,91.5999984741211,2899661,0.0,0.0
2025-05-09 00:00:00+01:00,91.69999694824219,95.69999694824219,89.5,95.0,804830,0.0,0.0
2025-05-12 00:00:00+01:00,95.0,100.80000305175781,95.0,100.0,2015367,0.0,0.0
2025-05-13 00:00:00+01:00,101.0,105.80000305175781,100.5999984741211,105.80000305175781,1390341,0.0,0.0
2025-05-14 00:00:00+01:00,105.5999984741211,114.5999984741211,105.5999984741211,113.0,740888,0.0,0.0
2025-05-15 00:00:00+01:00,118.5999984741211,123.5999984741211,111.0,118.80000305175781,437855,0.0,0.0
2025-05-16 00:00:00+01:00,120.0,124.0,116.61799621582031,118.19999694824219,338134,0.0,0.0
2025-05-19 00:00:00+01:00,118.0,121.0,116.4000015258789,119.80000305175781,188933,0.0,0.0
2025-05-20 00:00:00+01:00,118.0,125.5,118.0,125.0,1014906,0.0,0.0
2025-05-21 00:00:00+01:00,129.8000030517578,129.8000030517578,123.19999694824219,127.19999694824219,911485,0.0,0.0
2025-05-22 00:00:00+01:00,132.8000030517578,132.8000030517578,125.0,125.0,3310250,0.0,0.0
2025-05-23 00:00:00+01:00,125.4000015258789,127.80000305175781,119.19999694824219,121.5999984741211,509913,0.0,0.0
2025-05-27 00:00:00+01:00,127.19999694824219,130.0,123.0,125.19999694824219,499534,0.0,0.0
2025-05-28 00:00:00+01:00,119.80000305175781,128.60000610351562,119.80000305175781,127.19999694824219,275323,0.0,0.0
2025-05-29 00:00:00+01:00,128.60000610351562,130.0,122.80000305175781,123.19999694824219,1507731,0.0,0.0
2025-05-30 00:00:00+01:00,130.1999969482422,130.39999389648438,123.19999694824219,126.19999694824219,899238,0.0,0.0
2025-06-02 00:00:00+01:00,126.0,133.35000610351562,124.0,124.0,453559,0.0,0.0
2025-06-03 00:00:00+01:00,128.0,128.0,123.0,124.5999984741211,282604,0.0,0.0
2025-06-04 00:00:00+01:00,124.0,133.8000030517578,123.0,124.0,194832,0.0,0.0
2025-06-05 00:00:00+01:00,123.5999984741211,125.80000305175781,123.5999984741211,124.80000305175781,139025,0.0,0.0
2025-06-06 00:00:00+01:00,124.19999694824219,132.1999969482422,123.19999694824219,124.19999694824219,221476,0.0,0.0
2025-06-09 00:00:00+01:00,124.0,126.4000015258789,122.54000091552734,125.5999984741211,171080,0.0,0.0
2025-06-10 00:00:00+01:00,126.0,133.1999969482422,124.73999786376953,125.5999984741211,363784,0.0,0.0
2025-06-11 00:00:00+01:00,125.4000015258789,129.8000030517578,125.0,125.0,143231,0.0,0.0
2025-06-12 00:00:00+01:00,125.0,126.5999984741211,124.5999984741211,126.0,261158,0.0,0.0
2025-06-13 00:00:00+01:00,125.19999694824219,125.4000015258789,122.80000305175781,124.4000015258789,284784,0.0,0.0
2025-06-16 00:00:00+01:00,126.19999694824219,126.5999984741211,124.0,126.19999694824219,305628,0.0,0.0
2025-06-17 00:00:00+01:00,131.8000030517578,131.8000030517578,125.80000305175781,131.0,401878,0.0,0.0
2025-06-18 00:00:00+01:00,132.0,133.1999969482422,130.39999389648438,131.0,194095,0.0,0.0
2025-06-19 00:00:00+01:00,130.0,137.1540069580078,127.0,127.0,258835,0.0,0.0
2025-06-20 00:00:00+01:00,127.0,130.3000030517578,127.0,129.1999969482422,331592,0.0,0.0
2025-06-23 00:00:00+01:00,130.0,131.8000030517578,128.0,129.39999389648438,203607,0.0,0.0
2025-06-24 00:00:00+01:00,129.39999389648438,132.0,129.1199951171875,129.60000610351562,305735,0.0,0.0
2025-06-25 00:00:00+01:00,129.60000610351562,130.8000030517578,129.5989990234375,130.39999389648438,438681,0.0,0.0
2025-06-26 00:00:00+01:00,130.1999969482422,135.1999969482422,130.1999969482422,134.0,595840,0.0,0.0
2025-06-27 00:00:00+01:00,133.8000030517578,138.60000610351562,132.8000030517578,133.39999389648438,360972,0.0,0.0
2025-06-30 00:00:00+01:00,133.0,135.0,131.8000030517578,133.0,401479,0.0,0.0
2025-07-01 00:00:00+01:00,139.0,139.0,132.0,134.39999389648438,363642,0.0,0.0
2025-07-02 00:00:00+01:00,139.8000030517578,139.8000030517578,133.8000030517578,136.0,195662,0.0,0.0
2025-07-03 00:00:00+01:00,139.8000030517578,143.39999389648438,135.0,137.39999389648438,405290,0.0,0.0
2025-07-04 00:00:00+01:00,139.8000030517578,139.8000030517578,136.39999389648438,138.1999969482422,217234,0.0,0.0
