Date,Open,High,Low,Close,Volume,Dividends,Stock Splits
2020-07-06 00:00:00-04:00,47.9979856854837,48.577349934670664,47.882115555762034,48.22081756591797,5180900,0.0,0.0
2020-07-07 00:00:00-04:00,47.686009970863616,48.381244168374124,47.62361733263287,47.659271240234375,3747500,0.0,0.0
2020-07-08 00:00:00-04:00,47.87318869262556,48.764515996827015,47.79296909924168,48.301025390625,6247800,0.0,0.0
2020-07-09 00:00:00-04:00,48.577348622185376,49.01410059209983,47.73950199844193,48.10494613647461,4203000,0.0,0.0
2020-07-10 00:00:00-04:00,48.40799172576762,48.4971231046194,47.63253444915172,47.91775894165039,5414500,0.0,0.0
2020-07-13 00:00:00-04:00,48.06929178229702,48.39908200138219,47.3473152917267,47.45427703857422,5639800,0.0,0.0
2020-07-14 00:00:00-04:00,47.68601670339908,48.22081179235147,47.44535789332724,48.113853454589844,7199600,0.0,0.0
2020-07-15 00:00:00-04:00,50.199556907406574,52.44570227444612,49.79845891326664,51.69698715209961,19902500,0.0,0.0
2020-07-16 00:00:00-04:00,50.77000934807773,51.188934326171875,49.95890152675656,51.188934326171875,12358700,0.0,0.0
2020-07-17 00:00:00-04:00,51.385028910164216,54.78098432237893,51.3672019531269,54.460105895996094,24319500,0.0,0.0
2020-07-20 00:00:00-04:00,55.87731846811986,57.88280869722251,51.38503055536341,52.303096771240234,56346600,0.0,0.0
2020-07-21 00:00:00-04:00,53.167683142175,53.167683142175,51.55437925214429,51.75938415527344,15351500,0.0,0.0
2020-07-22 00:00:00-04:00,51.14437416574222,51.59894970591049,50.12826133465871,50.787841796875,9562100,0.0,0.0
2020-07-23 00:00:00-04:00,50.58283284876927,50.66305245537222,48.85365881772676,49.17453384399414,8658900,0.0,0.0
2020-07-24 00:00:00-04:00,49.29932398060152,49.91433871572541,49.07649211133489,49.7360725402832,7748000,0.0,0.0
2020-07-27 00:00:00-04:00,50.056953235692966,50.47587825687135,49.88760223145759,50.431312561035156,5660200,0.0,0.0
2020-07-28 00:00:00-04:00,50.698702819765465,50.89479253317552,50.14607739068436,50.19955825805664,4979100,0.0,0.0
2020-07-29 00:00:00-04:00,50.85023111132441,50.85023111132441,49.99455756242131,50.48478698730469,5038900,0.0,0.0
2020-07-30 00:00:00-04:00,50.91262307207842,51.643511310217036,50.582832867099874,51.59894561767578,8215100,0.0,0.0
2020-07-31 00:00:00-04:00,51.53655536129385,51.65242888739744,49.334975366048276,49.71824645996094,6838100,0.0,0.0
2020-08-03 00:00:00-04:00,50.52044022570883,51.24241668551407,50.38673974791899,50.645225524902344,4799700,0.0,0.0
2020-08-04 00:00:00-04:00,49.98564529418945,50.17282324365132,49.68259382357025,49.98564529418945,4121300,0.0,0.0
2020-08-05 00:00:00-04:00,50.297606805527664,50.42239210085762,49.75389653289489,49.86977005004883,3247400,0.0,0.0
2020-08-06 00:00:00-04:00,49.994554571757,50.12825504333836,49.486498219978586,50.10151290893555,3532100,0.0,0.0
2020-08-07 00:00:00-04:00,49.71825232585295,49.789560165758886,48.996279147602614,49.38846206665039,3849200,0.0,0.0
2020-08-10 00:00:00-04:00,49.64694174819233,49.66476870596485,49.07649270004985,49.361717224121094,2937300,0.0,0.0
2020-08-11 00:00:00-04:00,49.66476257683161,49.6825895324041,49.11213715451667,49.18344497680664,3948900,0.0,0.0
2020-08-12 00:00:00-04:00,50.18173873312758,50.96610790334886,50.003472548966656,50.57392501831055,5462700,0.0,0.0
2020-08-13 00:00:00-04:00,50.62782691778464,50.69970480536972,50.03484805451297,50.1336784362793,3490600,0.45,0.0
2020-08-14 00:00:00-04:00,49.83719389005611,49.953990323825586,49.45984181087154,49.58562469482422,2893300,0.0,0.0
2020-08-17 00:00:00-04:00,50.25945809531369,50.89736231115941,50.17859719061922,50.726654052734375,2997600,0.0,0.0
2020-08-18 00:00:00-04:00,51.05908981805217,51.095025336228225,50.4481414538151,50.60986328125,4174800,0.0,0.0
2020-08-19 00:00:00-04:00,51.3376078731877,51.52628219533582,50.42118533047711,50.520015716552734,3322100,0.0,0.0
2020-08-20 00:00:00-04:00,50.56494238070742,50.798542119913364,50.28642409661998,50.75362014770508,2527500,0.0,0.0
2020-08-21 00:00:00-04:00,49.85516095908517,50.10672671486005,49.630547697907204,50.052818298339844,3419200,0.0,0.0
2020-08-24 00:00:00-04:00,51.66104968831516,52.04738476886606,50.69970521177958,50.996192932128906,7379000,0.0,0.0
2020-08-25 00:00:00-04:00,51.364562296029696,51.55324005258453,50.915335744156806,51.22080993652344,3399700,0.0,0.0
2020-08-26 00:00:00-04:00,51.14893107209763,51.31065289105142,50.77157901876336,51.211822509765625,2802400,0.0,0.0
2020-08-27 00:00:00-04:00,51.21181971459456,51.21181971459456,49.99890956596882,50.41219711303711,4195100,0.0,0.0
2020-08-28 00:00:00-04:00,50.484069918864996,50.50203938910575,49.882108088766834,50.03484344482422,3251900,0.0,0.0
2020-08-31 00:00:00-04:00,50.13367085711122,50.61883624298467,49.96296604089314,50.31336212158203,3262600,0.0,0.0
2020-09-01 00:00:00-04:00,50.17859916628191,50.223524558579086,49.52272888119285,49.75632858276367,3943100,0.0,0.0
2020-09-02 00:00:00-04:00,49.83719092194395,50.304386911177026,49.65749962957333,50.22352600097656,3614200,0.0,0.0
2020-09-03 00:00:00-04:00,49.729379084479106,49.86414842412362,48.16607256670141,48.660221099853516,5122000,0.0,0.0
2020-09-04 00:00:00-04:00,48.32778869122337,48.64224587679096,47.23167491182844,48.13911437988281,4610000,0.0,0.0
2020-09-08 00:00:00-04:00,48.64224757527222,49.36100932975736,48.30083445664438,49.15436553955078,6735600,0.0,0.0
2020-09-09 00:00:00-04:00,48.3637243075192,49.25319081540923,47.923480850683234,48.193016052246094,11416300,0.0,0.0
2020-09-10 00:00:00-04:00,48.660214483656176,48.68716697698975,47.653948080396894,47.68090057373047,4407100,0.0,0.0
2020-09-11 00:00:00-04:00,48.50747970769942,48.65123205276877,47.98637531474411,48.27388000488281,4627700,0.0,0.0
2020-09-14 00:00:00-04:00,48.72310576490775,48.821936143251925,47.95043563675461,48.53443145751953,4960000,0.0,0.0
2020-09-15 00:00:00-04:00,49.89109043736024,50.11570367135135,49.52272487070787,49.66647720336914,4300900,0.0,0.0
2020-09-16 00:00:00-04:00,50.06180666149715,50.2954029540269,49.51374973490346,49.53171920776367,3948500,0.0,0.0
2020-09-17 00:00:00-04:00,50.07977258799411,50.44813818722664,49.85515933413705,50.25946044921875,3991900,0.0,0.0
2020-09-18 00:00:00-04:00,50.9961963369731,51.03213528345325,50.277434544002936,50.71767807006836,2931700,0.0,0.0
2020-09-21 00:00:00-04:00,49.49577839026191,50.23250961303711,49.073504362332336,50.23250961303711,6792700,0.0,0.0
2020-09-22 00:00:00-04:00,49.675471977934826,49.97195971428669,49.16335399278717,49.810237884521484,3878600,0.0,0.0
2020-09-23 00:00:00-04:00,50.51102751006194,50.84345415220586,49.93601815262617,50.00789260864258,2922900,0.0,0.0
2020-09-24 00:00:00-04:00,49.36100629978501,49.55866705538263,48.44458383382267,48.66919708251953,4123700,0.0,0.0
2020-09-25 00:00:00-04:00,48.69615941371078,50.16962197076882,48.53443757917254,49.873130798339844,4954900,0.0,0.0
2020-09-28 00:00:00-04:00,49.47781233729361,49.72039508750688,49.05553828018237,49.1903076171875,2741400,0.0,0.0
2020-09-29 00:00:00-04:00,49.15436557776019,49.594609080595646,49.15436557776019,49.51374816894531,4177500,0.0,0.0
2020-09-30 00:00:00-04:00,49.432878782091485,49.81921380181461,49.064513231579404,49.2352180480957,3001400,0.0,0.0
2020-10-01 00:00:00-04:00,49.5946084035604,49.69343878615346,48.7141248372357,48.7859992980957,4728200,0.0,0.0
2020-10-02 00:00:00-04:00,48.89381063041291,49.19928478760298,48.63326186509806,48.7141227722168,5699100,0.0,0.0
2020-10-05 00:00:00-04:00,48.929747266715324,49.28014337193876,48.67818153523717,48.956703186035156,6704300,0.0,0.0
2020-10-06 00:00:00-04:00,48.65123431860849,48.99264401196981,48.22896028584541,48.25591278076172,3695000,0.0,0.0
2020-10-07 00:00:00-04:00,48.34576169906387,48.453575109526305,47.91450462988759,48.09419250488281,3518700,0.0,0.0
2020-10-08 00:00:00-04:00,48.22895876733203,48.77701566221726,48.139114835555496,48.59732437133789,2351300,0.0,0.0
2020-10-09 00:00:00-04:00,48.866861808820616,49.280149397446465,48.80397036826131,49.163352966308594,2092000,0.0,0.0
2020-10-12 00:00:00-04:00,49.58561952134563,49.81921921916519,49.38796219318237,49.65749740600586,2783500,0.0,0.0
2020-10-13 00:00:00-04:00,49.20827176943532,49.549684872889834,48.920767080418756,48.94771957397461,2949800,0.0,0.0
2020-10-14 00:00:00-04:00,48.516463549630764,48.57037196519005,47.56410210537461,47.78871536254883,4656600,0.0,0.0
2020-10-15 00:00:00-04:00,47.12387065125362,47.41137539878438,46.935196303310356,47.213714599609375,3038700,0.0,0.0
2020-10-16 00:00:00-04:00,47.618013629612236,48.06724017328782,47.46527824987927,47.64496612548828,2665500,0.0,0.0
2020-10-19 00:00:00-04:00,47.82465451173546,47.91450187138697,46.98909291727125,47.11487579345703,3143700,0.0,0.0
2020-10-20 00:00:00-04:00,47.33050609837892,47.4562889747483,46.85432708717304,46.890262603759766,4919100,0.0,0.0
2020-10-21 00:00:00-04:00,46.8453393768843,47.15081353727208,45.344924495817956,46.333221435546875,8219800,0.0,0.0
2020-10-22 00:00:00-04:00,46.72854242068293,46.92620319180377,46.38713272352605,46.68362045288086,3751000,0.0,0.0
2020-10-23 00:00:00-04:00,46.872290262414026,47.33948622270439,46.52189414902778,46.71955490112305,5576900,0.0,0.0
2020-10-26 00:00:00-04:00,47.501209287745475,47.941452767042406,47.20472157909751,47.68090057373047,6022000,0.0,0.0
2020-10-27 00:00:00-04:00,47.89653558279528,48.058257413590155,47.06097393279729,47.15081787109375,3702300,0.0,0.0
2020-10-28 00:00:00-04:00,46.620727035922464,46.67463545139527,45.7402434804911,45.80313491821289,5263200,0.0,0.0
2020-10-29 00:00:00-04:00,45.85704256253234,46.22540816041949,45.29101620522849,45.883995056152344,3534000,0.0,0.0
2020-10-30 00:00:00-04:00,45.749225208679135,46.00079437977672,44.73397578427252,45.066402435302734,4761600,0.0,0.0
2020-11-02 00:00:00-05:00,45.34492465622327,45.56953790944043,45.05741996629141,45.47969055175781,5368800,0.0,0.0
2020-11-03 00:00:00-05:00,46.23438961280788,46.782446479982504,46.08165425104506,46.45001983642578,4156800,0.0,0.0
2020-11-04 00:00:00-05:00,48.47154132204008,49.747342970786974,48.435602378527875,49.45085525512695,7385800,0.0,0.0
2020-11-05 00:00:00-05:00,50.367271405069225,50.65477606229226,49.51374045448328,49.55866241455078,6660900,0.0,0.0
2020-11-06 00:00:00-05:00,50.03484213305897,50.27742483396031,49.810228901927275,49.88210678100586,3686300,0.0,0.0
2020-11-09 00:00:00-05:00,49.208273393701276,49.522730586653296,48.41763375914518,48.56138610839844,4381300,0.0,0.0
2020-11-10 00:00:00-05:00,50.88837666443209,51.07705096925179,50.29539782976576,50.82548522949219,5835800,0.0,0.0
2020-11-11 00:00:00-05:00,51.69698547205091,52.18215090550119,51.49932471901721,52.12824249267578,4069700,0.0,0.0
2020-11-12 00:00:00-05:00,51.0411169643295,51.544248458731474,50.744625824562966,51.06806945800781,2902900,0.0,0.0
2020-11-13 00:00:00-05:00,51.09502493182464,51.589173432930686,50.99619454613814,51.55323791503906,2900500,0.0,0.0
2020-11-16 00:00:00-05:00,50.75361632092189,51.005182088181854,50.37626424270542,50.57392501831055,5190500,0.0,0.0
2020-11-17 00:00:00-05:00,49.51374423236199,49.792262462426834,49.19030061147599,49.37897491455078,6451500,0.0,0.0
2020-11-18 00:00:00-05:00,49.71141172859285,49.72039475158008,48.480528512420285,48.507484436035156,4732300,0.0,0.0
2020-11-19 00:00:00-05:00,48.74107965890124,48.74107965890124,48.219975226647875,48.543418884277344,6768200,0.0,0.0
2020-11-20 00:00:00-05:00,49.307099642283866,49.79226163825624,49.127408363951915,49.6844482421875,4306000,0.0,0.0
2020-11-23 00:00:00-05:00,48.983660106255414,49.154364949858234,47.91450222349309,49.145381927490234,13670600,0.0,0.0
2020-11-24 00:00:00-05:00,48.516458172132644,48.785993365401524,48.08520117743724,48.130123138427734,8341400,0.0,0.0
2020-11-25 00:00:00-05:00,47.025032561295525,47.69887234574627,46.98909361689982,47.258628845214844,11660900,0.0,0.0
2020-11-27 00:00:00-05:00,46.34220697226401,47.41136479890168,46.2164206744306,47.26761245727539,14783200,0.0,0.0
2020-11-30 00:00:00-05:00,47.8875458120135,47.9953592159587,47.19573656765632,47.56410217285156,14725200,0.0,0.0
2020-12-01 00:00:00-05:00,47.67191832227731,47.94145354194835,47.25862732963368,47.600040435791016,13301100,0.0,0.0
2020-12-02 00:00:00-05:00,47.51918394165009,48.15708482050815,47.46527894910391,47.96841049194336,4953700,0.0,0.0
2020-12-03 00:00:00-05:00,47.501202387279555,47.582063282859885,46.944162566240436,47.42034149169922,7917100,0.0,0.0
2020-12-04 00:00:00-05:00,48.11215916212857,48.64224658792527,47.99535930835606,48.282867431640625,4685400,0.0,0.0
2020-12-07 00:00:00-05:00,48.85787786894223,48.95670825291619,48.36372937639887,48.75006103515625,6582900,0.0,0.0
2020-12-08 00:00:00-05:00,48.219974503266094,49.46882714645084,48.1750525353418,49.163352966308594,6707600,0.0,0.0
2020-12-09 00:00:00-05:00,49.3789737580333,49.432882169360404,48.34575491254245,48.552398681640625,7952400,0.0,0.0
2020-12-10 00:00:00-05:00,48.390684375159935,48.6961585653742,48.21997609316202,48.41763687133789,7566800,0.0,0.0
2020-12-11 00:00:00-05:00,48.184035276462396,48.830919104898,48.184035276462396,48.7590446472168,3870000,0.0,0.0
2020-12-14 00:00:00-05:00,45.52461342576674,46.333222524421664,44.823821158483355,44.94960403442383,54898600,0.0,0.0
2020-12-15 00:00:00-05:00,45.47070473110539,45.668365478515625,45.00350878188868,45.668365478515625,22247400,0.0,0.0
2020-12-16 00:00:00-05:00,46.53986621882666,46.5488526684198,45.65938266164624,45.75821304321289,19333500,0.0,0.0
2020-12-17 00:00:00-05:00,46.05470163132422,46.15353201475942,45.41680079120333,45.63243103027344,13957200,0.0,0.0
2020-12-18 00:00:00-05:00,45.74922898642424,45.77618490928721,44.91367077885501,45.111328125,25875200,0.0,0.0
2020-12-21 00:00:00-05:00,44.45545200275312,44.77889561638502,44.0781034050666,44.6351432800293,13007200,0.0,0.0
2020-12-22 00:00:00-05:00,44.266777817937836,44.27576083952806,43.574968626404456,43.781612396240234,14221900,0.0,0.0
2020-12-23 00:00:00-05:00,44.12302863970249,44.132011661935756,43.69177159865343,43.81755447387695,11311000,0.0,0.0
2020-12-24 00:00:00-05:00,43.93435054954008,43.93435054954008,43.27847688113358,43.59293746948242,4931700,0.0,0.0
2020-12-28 00:00:00-05:00,45.12929186196598,45.17421382459279,44.14997799646686,44.36560821533203,15481900,0.0,0.0
2020-12-29 00:00:00-05:00,45.515628398859825,45.551567341067496,44.733975256136915,44.83280563354492,17308500,0.0,0.0
2020-12-30 00:00:00-05:00,45.33593539065611,45.416796293884495,44.95858679380768,45.08436965942383,14349100,0.0,0.0
2020-12-31 00:00:00-05:00,44.922652608679755,45.00351352046844,44.1320129631156,44.91366958618164,10610000,0.0,0.0
2021-01-04 00:00:00-05:00,45.7492259519375,45.86602580372587,44.82382044175013,45.38984680175781,15665800,0.0,0.0
2021-01-05 00:00:00-05:00,45.282035659415435,45.66837074995171,44.94062253647783,45.551570892333984,13361900,0.0,0.0
2021-01-06 00:00:00-05:00,45.677354378154504,46.216424851138875,45.515632550793896,45.7402458190918,12754900,0.0,0.0
2021-01-07 00:00:00-05:00,45.41680073069267,45.623444519724416,44.97656065802873,45.09335708618164,13562600,0.0,0.0
2021-01-08 00:00:00-05:00,45.452733613663774,45.713285784476696,45.21015091263028,45.695316314697266,10996000,0.0,0.0
2021-01-11 00:00:00-05:00,45.44375835224236,45.90196791421938,45.291019546699026,45.42578887939453,11680300,0.0,0.0
2021-01-12 00:00:00-05:00,45.49766568830341,45.50665213885372,45.012500178387086,45.18320846557617,9628800,0.0,0.0
2021-01-13 00:00:00-05:00,45.587512096469986,46.04572167240583,45.52461722592329,45.713294982910156,11452800,0.0,0.0
2021-01-14 00:00:00-05:00,46.24338305971973,46.53987080631853,45.97384438257781,46.081661224365234,11521700,0.0,0.0
2021-01-15 00:00:00-05:00,46.08165350707901,46.32423621948546,45.93790116942993,46.1265754699707,9524000,0.0,0.0
2021-01-19 00:00:00-05:00,47.186752229555296,47.312535101871575,46.90823056419338,47.23167419433594,13568700,0.0,0.0
2021-01-20 00:00:00-05:00,47.3035577472108,47.3035577472108,46.638700935892736,46.9351921081543,13626200,0.0,0.0
2021-01-21 00:00:00-05:00,47.22270105084112,47.384422899743036,46.86331840276419,47.213714599609375,16054800,0.0,0.0
2021-01-22 00:00:00-05:00,47.375428669451146,48.10317687001331,47.27659828609163,47.84262466430664,13372700,0.0,0.0
2021-01-25 00:00:00-05:00,48.27387449772366,48.70513148373325,48.14809163855326,48.52544021606445,13742800,0.0,0.0
2021-01-26 00:00:00-05:00,48.98365537764861,49.100455221115524,48.687164258230915,48.91177749633789,11614400,0.0,0.0
2021-01-27 00:00:00-05:00,47.950438248935825,48.004346665694726,46.74651102659812,46.80940246582031,14550200,0.0,0.0
2021-01-28 00:00:00-05:00,46.827375260241645,47.564106538248765,46.710578823300814,46.75550079345703,8374800,0.0,0.0
2021-01-29 00:00:00-05:00,46.47697234213174,46.90822936216204,45.380858607475886,45.46171951293945,12692500,0.0,0.0
2021-02-01 00:00:00-05:00,46.05469870446421,46.09063764657963,45.11132375155425,45.28203201293945,14590900,0.0,0.0
2021-02-02 00:00:00-05:00,45.38985009498927,45.4886804823403,44.940623554176625,44.9765625,11349800,0.0,0.0
2021-02-03 00:00:00-05:00,45.06640172447922,45.22812353644607,44.68006666559464,44.92264938354492,9069700,0.0,0.0
2021-02-04 00:00:00-05:00,45.201171785344485,45.32695465731041,44.95858906341324,45.24609375,7317700,0.0,0.0
2021-02-05 00:00:00-05:00,44.87772973395181,45.012495632656574,44.608194509215956,44.68006896972656,9809400,0.0,0.0
2021-02-08 00:00:00-05:00,45.012498018496856,45.398833117781855,44.742962779474574,44.9765625,8559100,0.0,0.0
2021-02-09 00:00:00-05:00,45.06640617061975,45.497663235969405,44.95859276111396,45.291019439697266,8058100,0.0,0.0
2021-02-10 00:00:00-05:00,45.62343942421033,45.6773478347168,44.70701700955639,44.895694732666016,9656600,0.0,0.0
2021-02-11 00:00:00-05:00,45.228130432041745,45.30899135035343,44.56327361177601,45.003517150878906,13276000,0.0,0.0
2021-02-12 00:00:00-05:00,45.75821342462651,46.48596161805278,45.64141357022632,46.441036224365234,11856400,0.0,0.0
2021-02-16 00:00:00-05:00,45.83907845988125,46.054705288748934,45.46172636837282,45.7222785949707,8823300,0.0,0.0
2021-02-17 00:00:00-05:00,45.866024082707575,46.53088079794847,45.68633280069711,46.225406646728516,9514000,0.0,0.0
2021-02-18 00:00:00-05:00,46.26134931389864,46.7015893915832,46.18947142437586,46.27033233642578,9762100,0.0,0.0
2021-02-19 00:00:00-05:00,45.93790518277535,45.96485767739985,45.41680077119259,45.45273971557617,6895600,0.0,0.0
2021-02-22 00:00:00-05:00,45.52461642953305,45.65040274109936,45.24609816509542,45.43477249145508,10776000,0.0,0.0
2021-02-23 00:00:00-05:00,45.5515682505907,45.61445968704678,44.22185820829222,44.30271911621094,14535900,0.0,0.0
2021-02-24 00:00:00-05:00,44.61717505436898,45.210153886795965,44.48240573582033,45.01249313354492,12218600,0.0,0.0
2021-02-25 00:00:00-05:00,45.65356633115276,45.671883126601436,44.646167036476264,44.79269790649414,12795900,0.95,0.0
2021-02-26 00:00:00-05:00,44.73775215121341,44.80185919513411,43.940990681361974,44.30731964111328,8551200,0.0,0.0
2021-03-01 00:00:00-05:00,44.38057712823546,44.582058377269355,44.03256850808595,44.041725158691406,11384700,0.0,0.0
2021-03-02 00:00:00-05:00,44.32562888236653,44.35310232691439,43.65707812075098,43.71202850341797,14356500,0.0,0.0
2021-03-03 00:00:00-05:00,43.62961033786175,43.62961033786175,42.90611259326477,43.19001770019531,14031700,0.0,0.0
2021-03-04 00:00:00-05:00,43.58382671890279,43.913522120666904,42.567267061320855,43.25413131713867,15996400,0.0,0.0
2021-03-05 00:00:00-05:00,43.56550274659462,44.06920241921398,43.18086050358148,44.01425552368164,11174800,0.0,0.0
2021-03-08 00:00:00-05:00,43.73034938084192,44.38974006012947,43.647925545930974,44.13330841064453,11753000,0.0,0.0
2021-03-09 00:00:00-05:00,45.24145963841756,45.68105233570053,44.939237693901156,45.12240219116211,15539100,0.0,0.0
2021-03-10 00:00:00-05:00,45.9741083479212,46.05653218663676,45.516198909184084,45.616939544677734,12728700,0.0,0.0
2021-03-11 00:00:00-05:00,44.829338175047916,45.12239995873737,44.49964279500428,44.572906494140625,12653900,0.0,0.0
2021-03-12 00:00:00-05:00,44.20657382591881,44.490478911159414,43.84940505345023,44.34394454956055,8919800,0.0,0.0
2021-03-15 00:00:00-04:00,44.4904816068122,44.673642582765474,44.07836242377399,44.664485931396484,10645400,0.0,0.0
2021-03-16 00:00:00-04:00,45.7451542801054,46.221380522403564,45.66273044021588,45.836734771728516,16767800,0.0,0.0
2021-03-17 00:00:00-04:00,45.60777762676537,45.90083937668031,44.957547087489814,45.85504913330078,13008100,0.0,0.0
2021-03-18 00:00:00-04:00,45.30555935513682,45.76346877738459,45.13155153879682,45.177345275878906,9792200,0.0,0.0
2021-03-19 00:00:00-04:00,45.0766039923689,45.314715351324,44.77438210114002,45.06744384765625,6788800,0.0,0.0
2021-03-22 00:00:00-04:00,45.7726267694446,46.89908356194204,45.671886134627705,46.88992691040039,10092000,0.0,0.0
2021-03-23 00:00:00-04:00,45.74515477464106,45.98326615157837,45.02165700485284,45.241455078125,10891800,0.0,0.0
2021-03-24 00:00:00-04:00,44.99418266740337,45.14987020048616,44.6553271655671,44.682804107666016,6482600,0.0,0.0
2021-03-25 00:00:00-04:00,44.81102003171158,45.59862486182378,44.70112273951999,45.51620101928711,6800200,0.0,0.0
2021-03-26 00:00:00-04:00,45.38798499128618,46.4045410143997,45.31471780390587,46.37706756591797,9707500,0.0,0.0
2021-03-29 00:00:00-04:00,46.29464574432639,46.76171535030038,46.23053869936085,46.53276062011719,8652400,0.0,0.0
2021-03-30 00:00:00-04:00,45.91915722582006,45.94663067376351,45.507038038809824,45.76346969604492,7084800,0.0,0.0
2021-03-31 00:00:00-04:00,45.82757714007302,45.91000097820009,45.516198584212056,45.534515380859375,6688300,0.0,0.0
2021-04-01 00:00:00-04:00,45.43377133147345,45.598618995338335,45.17734318482652,45.360504150390625,5958600,0.0,0.0
2021-04-05 00:00:00-04:00,45.25060687233786,45.60777564618795,45.24145022148825,45.360504150390625,5294000,0.0,0.0
2021-04-06 00:00:00-04:00,45.28724084281406,45.497878749837106,45.02165254951789,45.076602935791016,7127800,0.0,0.0
2021-04-07 00:00:00-04:00,44.930071515241615,44.98501840726973,44.19741368153314,44.34394454956055,9469100,0.0,0.0
2021-04-08 00:00:00-04:00,45.48871822011507,45.607775642579504,45.26892366402693,45.333030700683594,10361300,0.0,0.0
2021-04-09 00:00:00-04:00,45.92831704660209,45.93747369799469,45.497881066144465,45.735992431640625,7432200,0.0,0.0
2021-04-12 00:00:00-04:00,45.63525470512956,45.71767504731803,45.21397538148253,45.259765625,7890500,0.0,0.0
2021-04-13 00:00:00-04:00,45.06744246667916,45.42461124095306,44.83848776588086,45.04912567138672,7733900,0.0,0.0
2021-04-14 00:00:00-04:00,45.82757363859419,46.084001784920666,45.55282869701989,45.6444091796875,11863600,0.0,0.0
2021-04-15 00:00:00-04:00,46.46865495133688,46.97235467394275,46.34043736403667,46.55107879638672,13903000,0.0,0.0
2021-04-16 00:00:00-04:00,46.52359771396867,46.71591883745365,46.34959338704013,46.468650817871094,22166200,0.0,0.0
2021-04-19 00:00:00-04:00,47.29289002024846,47.448581058409935,46.93572118871077,47.28373336791992,16120700,0.0,0.0
2021-04-20 00:00:00-04:00,47.70500249154348,47.94311384766184,47.57678841566655,47.869850158691406,13942400,0.0,0.0
2021-04-21 00:00:00-04:00,48.46512945931814,48.703244304898455,48.254491553502625,48.639137268066406,11431700,0.0,0.0
2021-04-22 00:00:00-04:00,48.60250340168635,48.629976847723796,48.01637992907779,48.27280807495117,9436000,0.0,0.0
2021-04-23 00:00:00-04:00,48.30028333863413,48.31859663964268,47.76910677653125,47.860687255859375,6562700,0.0,0.0
2021-04-26 00:00:00-04:00,48.0346967768893,48.06217022295682,47.613420967187054,47.961429595947266,6451500,0.0,0.0
2021-04-27 00:00:00-04:00,48.35523195958199,48.36439210398548,47.906482703812216,47.961429595947266,8342200,0.0,0.0
2021-04-28 00:00:00-04:00,47.952278548432744,48.17207312979931,47.55847613878144,47.69585037231445,8145100,0.0,0.0
2021-04-29 00:00:00-04:00,47.860690535216115,47.87900733105105,46.3953818041369,47.04561233520508,11150900,0.0,0.0
2021-04-30 00:00:00-04:00,48.78567302288783,49.96708023751778,48.48345111020823,48.602508544921875,15298000,0.0,0.0
2021-05-03 00:00:00-04:00,48.87725197380371,49.21610747010549,48.64829725695902,49.179473876953125,6636700,0.0,0.0
2021-05-04 00:00:00-04:00,48.7856713086563,48.88641194267633,48.30028842863798,48.47429275512695,8149700,0.0,0.0
2021-05-05 00:00:00-04:00,48.78567390063431,49.179476312596215,48.6116695649005,49.13368606567383,7360500,0.0,0.0
2021-05-06 00:00:00-04:00,48.7856718861987,49.014626604928615,48.51092692243716,48.97799301147461,5502400,0.0,0.0
2021-05-07 00:00:00-04:00,49.02378454967049,49.50001079641936,49.02378454967049,49.280216217041016,4775900,0.0,0.0
2021-05-10 00:00:00-04:00,49.95791836502793,50.0952925921461,49.609906218281154,49.80223083496094,8362000,0.0,0.0
2021-05-11 00:00:00-04:00,48.840625563266194,49.62822691410098,48.840625563266194,49.54580307006836,7480100,0.0,0.0
2021-05-12 00:00:00-04:00,50.11360971796446,50.38835468043444,49.802231162212685,49.91212844848633,8345500,0.0,0.0
2021-05-13 00:00:00-04:00,49.8754954252529,50.5715197312752,49.84802197676342,50.415828704833984,7311600,0.0,0.0
2021-05-14 00:00:00-04:00,50.58983579786581,50.71804988039501,50.44330491875076,50.56235885620117,5198500,0.0,0.0
2021-05-17 00:00:00-04:00,50.81879173271715,51.175960540771484,50.76384134164271,51.175960540771484,5528200,0.0,0.0
2021-05-18 00:00:00-04:00,51.47817300830895,51.62470387400076,51.276695251464844,51.276695251464844,6982700,0.0,0.0
2021-05-19 00:00:00-04:00,51.51480898448548,51.61554961435992,51.240064035282536,51.597232818603516,10347200,0.0,0.0
2021-05-20 00:00:00-04:00,52.17420463217982,52.77864497548761,52.09178079020276,52.604637145996094,10172300,0.0,0.0
2021-05-21 00:00:00-04:00,52.732856111127845,52.870226855643416,52.522214681107705,52.56800842285156,7252800,0.0,0.0
2021-05-24 00:00:00-04:00,52.66874069470577,52.861065308935075,52.59547700312881,52.632110595703125,4324500,0.0,0.0
2021-05-25 00:00:00-04:00,52.50389698958252,52.531370437475616,51.98187702461183,52.1192512512207,7404300,0.0,0.0
2021-05-26 00:00:00-04:00,52.21082796583437,52.256621700441585,51.7620787126839,51.7803955078125,4063400,0.0,0.0
2021-05-27 00:00:00-04:00,51.478175986341384,52.53136904625924,51.46901933514343,52.10093307495117,12365400,0.0,0.0
2021-05-28 00:00:00-04:00,51.97272247892828,52.59547960926286,51.926932232727296,51.99103927612305,5563100,0.0,0.0
2021-06-01 00:00:00-04:00,52.3298945961934,52.34821139454531,51.42323578599219,51.51481628417969,6757100,0.0,0.0
2021-06-02 00:00:00-04:00,51.17595221480788,51.49648737666379,51.15763542076308,51.3774299621582,6077800,0.0,0.0
2021-06-03 00:00:00-04:00,51.08438025683992,51.643030379071,51.03859000774618,51.51481628417969,5497700,0.0,0.0
2021-06-04 00:00:00-04:00,51.87197803789019,52.256623763634316,51.80787099919477,52.01850891113281,4868800,0.0,0.0
2021-06-07 00:00:00-04:00,51.853657470589944,52.16503599027961,51.606385984933034,51.65217971801758,6282600,0.0,0.0
2021-06-08 00:00:00-04:00,52.01851248529501,52.01851248529501,51.21259088030039,51.56976318359375,5164700,0.0,0.0
2021-06-09 00:00:00-04:00,52.1650399874142,52.806113870435226,52.07345950137046,52.751163482666016,7486500,0.0,0.0
2021-06-10 00:00:00-04:00,53.24570590915116,53.923413376601474,53.07170159014371,53.88677978515625,7558300,0.0,0.0
2021-06-11 00:00:00-04:00,54.15236530184288,54.170682096624844,53.60287193909788,53.822669982910156,7684400,0.0,0.0
2021-06-14 00:00:00-04:00,53.99668300798078,54.005843153635894,53.410559454643604,53.81351852416992,6596700,0.0,0.0
2021-06-15 00:00:00-04:00,54.02415400629005,54.04246730844109,53.648668427905456,53.88677978515625,5940400,0.0,0.0
2021-06-16 00:00:00-04:00,53.90510015417992,54.34469279994791,53.373923523727896,53.49298095703125,6968400,0.0,0.0
2021-06-17 00:00:00-04:00,53.1724454228725,53.53877087867698,52.998437599811474,53.43803024291992,4875000,0.0,0.0
2021-06-18 00:00:00-04:00,52.96180508700676,53.66698251803761,52.7236902326882,53.45634460449219,14107300,0.0,0.0
2021-06-21 00:00:00-04:00,53.300660881420775,53.53877225915471,53.09917960471153,53.40140151977539,5305100,0.0,0.0
2021-06-22 00:00:00-04:00,53.26402566603533,53.410556546390886,52.83358967655324,53.016754150390625,4899900,0.0,0.0
2021-06-23 00:00:00-04:00,53.89594363461221,53.89594363461221,53.00760163163321,53.09918212890625,5804800,0.0,0.0
2021-06-24 00:00:00-04:00,53.47466659529558,54.09742374521979,53.41971969555471,53.502140045166016,5247900,0.0,0.0
2021-06-25 00:00:00-04:00,54.079102546600076,54.417954543857526,53.85930797837912,54.35384750366211,9532500,0.0,0.0
2021-06-28 00:00:00-04:00,54.747648699577766,55.28798195060095,54.701858456658165,55.01323699951172,5822300,0.0,0.0
2021-06-29 00:00:00-04:00,55.05902513935479,55.26050639279104,54.86670403029553,55.113975524902344,4667300,0.0,0.0
2021-06-30 00:00:00-04:00,55.00408245380163,55.21472037415189,54.692703899029134,54.85755157470703,4575500,0.0,0.0
2021-07-01 00:00:00-04:00,54.83006972494464,55.352086153339215,54.68353885896672,55.2330322265625,4754700,0.0,0.0
2021-07-02 00:00:00-04:00,55.187240148715105,55.75505032829586,55.01323583188512,55.67262649536133,5197300,0.0,0.0
2021-07-06 00:00:00-04:00,55.32461766007991,55.46199188766873,54.83007463304623,54.85755157470703,6893600,0.0,0.0
2021-07-07 00:00:00-04:00,54.72933578491211,54.78428617645549,54.308059930461745,54.72933578491211,6434700,0.0,0.0
2021-07-08 00:00:00-04:00,54.44542732974363,54.64690508630728,53.87762066267469,54.271419525146484,6895000,0.0,0.0
2021-07-09 00:00:00-04:00,54.14320573060042,54.866703411073,54.09741548994664,54.61027526855469,6173600,0.0,0.0
2021-07-12 00:00:00-04:00,55.21471852500786,55.800842021756964,55.15976813709828,55.407039642333984,10067900,0.0,0.0
2021-07-13 00:00:00-04:00,55.03155575325771,55.553572226970566,55.01323895672389,55.507781982421875,8321600,0.0,0.0
2021-07-14 00:00:00-04:00,55.031556636398854,55.11398047533791,54.61028079007556,54.765968322753906,23737800,0.0,0.0
2021-07-15 00:00:00-04:00,53.8409931144988,53.905100156995076,52.06430224082546,52.165042877197266,27055800,0.0,0.0
2021-07-16 00:00:00-04:00,52.00934982299805,52.64126352920268,51.65218105455319,52.00934982299805,28642800,0.0,0.0
2021-07-19 00:00:00-04:00,51.688815015672375,52.09177754851569,51.28585597640075,51.72544860839844,41068100,0.0,0.0
2021-07-20 00:00:00-04:00,52.448945078672395,53.025911922691364,51.981875516609364,52.69621658325195,65540200,0.0,0.0
2021-07-21 00:00:00-04:00,53.035066795746495,53.17244101376434,52.68705467205371,52.90685272216797,19553100,0.0,0.0
2021-07-22 00:00:00-04:00,53.2548717839387,53.55709021195108,53.00760025543478,53.08086395263672,48604900,0.0,0.0
2021-07-23 00:00:00-04:00,53.44719006124945,53.7768854149574,53.13581150425548,53.32813262939453,14129800,0.0,0.0
2021-07-26 00:00:00-04:00,52.6778971191897,52.76947760058582,51.97271623301103,52.00934982299805,19736700,0.0,0.0
2021-07-27 00:00:00-04:00,52.83358176880997,52.83358176880997,51.81702590362804,52.62294387817383,15839100,0.0,0.0
2021-07-28 00:00:00-04:00,52.22914959187206,52.59547854118445,52.027671813964844,52.027671813964844,10798900,0.0,0.0
2021-07-29 00:00:00-04:00,53.12665184357412,53.666985124062386,52.66874240226447,52.78779983520508,10601800,0.0,0.0
2021-07-30 00:00:00-04:00,52.613795583967885,52.815273362816974,52.32073382057667,52.42147445678711,7336500,0.0,0.0
2021-08-02 00:00:00-04:00,52.24746832814493,52.696221133031926,52.00935694775332,52.54969024658203,7253000,0.0,0.0
2021-08-03 00:00:00-04:00,52.66873997329115,52.87022123611847,52.57715948668144,52.806114196777344,5249100,0.0,0.0
2021-08-04 00:00:00-04:00,52.659580943767125,52.934325884759446,52.47641648524843,52.48557662963867,6945300,0.0,0.0
2021-08-05 00:00:00-04:00,53.26402623567885,53.51129775396806,52.99843792045284,53.49298095703125,8875100,0.0,0.0
2021-08-06 00:00:00-04:00,52.41230995249692,52.45810019417378,51.50565128915193,51.688812255859375,6220200,0.0,0.0
2021-08-09 00:00:00-04:00,51.890295951424335,52.04598697273212,51.28585564958283,51.61555099487305,9652700,0.0,0.0
2021-08-10 00:00:00-04:00,51.63386535986234,52.045984522069865,51.51480793665316,51.661338806152344,6694400,0.0,0.0
2021-08-11 00:00:00-04:00,52.027669777545526,52.128406915770285,51.72544788215634,51.844505310058594,6156800,0.0,0.0
2021-08-12 00:00:00-04:00,52.67534832223419,53.11846333228126,52.352241206332224,53.04460906982422,9174700,0.45,0.0
2021-08-13 00:00:00-04:00,53.35848180805916,54.13393394391125,53.303094633647234,53.986228942871094,7197400,0.0,0.0
2021-08-16 00:00:00-04:00,53.60773790407619,54.39242010932872,53.589274337632396,54.2354850769043,6117000,0.0,0.0
2021-08-17 00:00:00-04:00,54.01391939956963,54.8632257475007,53.98622581396871,54.789371490478516,6907600,0.0,0.0
2021-08-18 00:00:00-04:00,54.983240804508725,55.564827270126116,54.83553580222359,54.872459411621094,9738800,0.0,0.0
2021-08-19 00:00:00-04:00,54.577049508528695,55.19556662782371,54.48473520251573,54.64167022705078,4327000,0.0,0.0
2021-08-20 00:00:00-04:00,54.7709105896757,55.02015989930849,54.53088777967892,54.826297760009766,3494000,0.0,0.0
2021-08-23 00:00:00-04:00,54.549359348267124,54.789378671919806,54.26317934714273,54.28164291381836,6114700,0.0,0.0
2021-08-24 00:00:00-04:00,53.875454017984055,54.06931618215474,53.413875424302304,54.02315902709961,4234000,0.0,0.0
2021-08-25 00:00:00-04:00,54.41088589091615,54.42011943529657,53.91238366289987,54.07855224609375,5606800,0.0,0.0
2021-08-26 00:00:00-04:00,54.33703447913538,54.521666627266605,53.940076593201105,54.24471664428711,3715400,0.0,0.0
2021-08-27 00:00:00-04:00,54.364721753204876,54.67859531209537,53.96776391338558,54.12470245361328,5244600,0.0,0.0
2021-08-30 00:00:00-04:00,54.161622673594884,54.290867619282984,54.01391768580175,54.10623550415039,2296500,0.0,0.0
2021-08-31 00:00:00-04:00,53.958536141987345,54.290873279562014,53.700049745226465,53.801597595214844,4416900,0.0,0.0
2021-09-01 00:00:00-04:00,54.226250124823885,54.392415164581735,53.893913002178394,54.207786560058594,4344300,0.0,0.0
2021-09-02 00:00:00-04:00,54.62320510074458,55.03862650906285,54.549354362357406,55.01093292236328,3254300,0.0,0.0
2021-09-03 00:00:00-04:00,54.60474379109787,54.68782807083489,54.124701677235606,54.30933380126953,5330600,0.0,0.0
2021-09-07 00:00:00-04:00,54.47550513234005,54.4847386764691,53.736980072452745,53.90314865112305,5063600,0.0,0.0
2021-09-08 00:00:00-04:00,52.9061372060085,52.99845151180971,52.58303009257418,52.68457794189453,3841500,0.0,0.0
2021-09-09 00:00:00-04:00,52.63841996825865,52.850745685542904,51.8260407079274,51.964515686035156,5631400,0.0,0.0
2021-09-10 00:00:00-04:00,52.444560246097176,52.48148385661373,51.92759096164887,51.93682098388672,3930800,0.0,0.0
2021-09-13 00:00:00-04:00,52.27839109242029,52.28762111455559,51.51216895728188,51.659873962402344,4013000,0.0,0.0
2021-09-14 00:00:00-04:00,52.01067467015036,52.13991610943513,51.4567817813399,51.659873962402344,6483000,0.0,0.0
2021-09-15 00:00:00-04:00,52.18607532355073,52.25992958980929,51.816814556953695,52.11222457885742,6923000,0.0,0.0
2021-09-16 00:00:00-04:00,52.1306825727115,52.37070186926352,51.706027630250425,52.25069046020508,5344700,0.0,0.0
2021-09-17 00:00:00-04:00,51.84450027902187,52.029132395086535,50.89364963540119,51.29060745239258,7304400,0.0,0.0
2021-09-20 00:00:00-04:00,51.85373427547538,54.09700638196395,51.77065351451986,54.00469207763672,17488700,0.0,0.0
2021-09-21 00:00:00-04:00,54.34625800241871,54.93707798852858,54.124702268409955,54.586280822753906,8695900,0.0,0.0
2021-09-22 00:00:00-04:00,54.161625457875694,54.54012325021549,53.736974036336,54.22624969482422,6388200,0.0,0.0
2021-09-23 00:00:00-04:00,54.687829941982976,55.16786855070493,54.687829941982976,54.909385681152344,5322200,0.0,0.0
2021-09-24 00:00:00-04:00,56.26643229354694,56.58953590635204,55.61099152381931,55.7125358581543,10108200,0.0,0.0
2021-09-27 00:00:00-04:00,54.88169082694978,54.964775107611146,54.023154433970554,54.207786560058594,5849300,0.0,0.0
2021-09-28 00:00:00-04:00,53.90314357577341,53.90314357577341,52.721503591213214,53.20154571533203,6232600,0.0,0.0
2021-09-29 00:00:00-04:00,54.44780452497308,55.260183746919225,54.22624879634719,55.084781646728516,8548200,0.0,0.0
2021-09-30 00:00:00-04:00,55.33403139496206,55.89715774960797,55.33403139496206,55.4448127746582,7801200,0.0,0.0
2021-10-01 00:00:00-04:00,54.733993896137065,55.3432775369178,54.18009743624931,55.094024658203125,6071500,0.0,0.0
2021-10-04 00:00:00-04:00,55.43557951025024,55.89715802993853,55.27864450390725,55.8879280090332,6926100,0.0,0.0
2021-10-05 00:00:00-04:00,55.50943537451839,55.84177248178802,55.27864610797723,55.28787612915039,4139300,0.0,0.0
2021-10-06 00:00:00-04:00,55.057089550327774,55.306342392947755,54.67859527558592,55.26018524169922,6688300,0.0,0.0
2021-10-07 00:00:00-04:00,54.99247017553866,55.98024802692194,54.955543045013215,55.730995178222656,3820400,0.0,0.0
2021-10-08 00:00:00-04:00,56.03564089622987,56.41413519488433,55.83254519202719,55.95255661010742,3113400,0.0,0.0
2021-10-11 00:00:00-04:00,56.34950800573257,56.62645442049182,56.11871873983907,56.12794876098633,3753500,0.0,0.0
2021-10-12 00:00:00-04:00,56.11872162471817,56.174108797578455,55.57405878834759,55.63867950439453,2746200,0.0,0.0
2021-10-13 00:00:00-04:00,55.398660124100104,55.998713692163456,55.398660124100104,55.80485153198242,4452600,0.0,0.0
2021-10-14 00:00:00-04:00,55.7494558757358,55.92485797592651,55.04785803966741,55.084781646728516,5588900,0.0,0.0
2021-10-15 00:00:00-04:00,55.638678818149714,55.88793165764146,55.463280236980644,55.59252166748047,3513200,0.0,0.0
2021-10-18 00:00:00-04:00,55.18633091273399,55.26941519350236,54.586280904131236,54.733985900878906,4228600,0.0,0.0
2021-10-19 00:00:00-04:00,54.98323715312942,55.84177352238635,54.937076481709205,55.54636001586914,3404200,0.0,0.0
2021-10-20 00:00:00-04:00,55.657146168780294,56.10949120630023,55.59252544913459,55.97101974487305,2981500,0.0,0.0
2021-10-21 00:00:00-04:00,55.86023796327197,56.543375808239745,55.841777919128184,56.515682220458984,2597500,0.0,0.0
2021-10-22 00:00:00-04:00,57.134192047458285,57.29113058482574,56.94032990267924,57.04187774658203,3997400,0.0,0.0
2021-10-25 00:00:00-04:00,57.18034962880166,57.19881319342902,56.6172267547091,57.023414611816406,3144700,0.0,0.0
2021-10-26 00:00:00-04:00,57.17111759714876,57.558841875996414,57.0418761708662,57.47575759887695,2469700,0.0,0.0
2021-10-27 00:00:00-04:00,57.81733028296853,57.87271745528574,56.8757096163624,57.023414611816406,2513500,0.0,0.0
2021-10-28 00:00:00-04:00,57.263435442484656,58.02965754799931,57.22651183380591,57.41114044189453,2529900,0.0,0.0
2021-10-29 00:00:00-04:00,57.59577405888203,57.66039477769478,57.19881620242365,57.586544036865234,3951300,0.0,0.0
2021-11-01 00:00:00-04:00,57.411143714920165,57.9558065915889,57.28190227326405,57.660396575927734,2819800,0.0,0.0
2021-11-02 00:00:00-04:00,58.10350902666748,59.27591901509461,57.82656258944363,58.67586898803711,5455200,0.0,0.0
2021-11-03 00:00:00-04:00,59.03590682068962,59.14668470461166,58.565094651281434,58.92512893676758,3970100,0.0,0.0
2021-11-04 00:00:00-04:00,58.888201801605085,59.07283395585211,58.62971537703307,58.92512893676758,2811900,0.0,0.0
2021-11-05 00:00:00-04:00,57.974272696835094,58.2881462924173,57.44807336329512,58.24198913574219,4068500,0.0,0.0
2021-11-08 00:00:00-05:00,58.768183239060825,58.96204539278224,58.1312060818769,58.1496696472168,4557000,0.0,0.0
2021-11-09 00:00:00-05:00,58.103509937742345,58.14967061264097,57.77117632080168,57.881954193115234,3618200,0.0,0.0
2021-11-10 00:00:00-05:00,58.408150753561415,58.57431931503333,58.131204324963186,58.28813934326172,2519100,0.0,0.0
2021-11-11 00:00:00-05:00,58.19582625183615,58.42661553406435,58.02042414354114,58.085044860839844,2452000,0.0,0.0
2021-11-12 00:00:00-05:00,55.70330585375461,55.87870445482521,53.9770028675836,54.28164291381836,14155800,0.0,0.0
2021-11-15 00:00:00-05:00,55.31557796241805,55.73099940844916,54.641673626218804,55.186336517333984,7955700,0.0,0.0
2021-11-16 00:00:00-05:00,53.17384860711801,53.73697501274902,52.56456504988354,53.20154571533203,7974500,0.0,0.0
2021-11-17 00:00:00-05:00,53.543110407568655,53.85698395426872,53.164616147274295,53.29385757446289,5216700,0.0,0.0
2021-11-18 00:00:00-05:00,52.51840243244923,52.69380452047837,51.770647498226666,52.35223388671875,7955800,0.0,0.0
2021-11-19 00:00:00-05:00,52.90613723189583,53.05384223418907,52.21376937335283,52.30608367919922,4800700,0.0,0.0
2021-11-22 00:00:00-05:00,52.26915715714656,52.49071642395,51.92758999565778,52.20453643798828,5073500,0.0,0.0
2021-11-23 00:00:00-05:00,52.019903948149036,52.56456680703289,51.90912607628463,52.370704650878906,5827200,0.0,0.0
2021-11-24 00:00:00-05:00,51.97375020408119,52.18607593973369,51.83527873555928,52.010677337646484,3166000,0.0,0.0
2021-11-26 00:00:00-05:00,52.61995543721769,52.69380969660354,51.761419040464204,52.23223114013672,5813800,0.0,0.0
2021-11-29 00:00:00-05:00,51.45678224718876,51.899897266561766,51.25368654272255,51.262916564941406,6215200,0.0,0.0
2021-11-30 00:00:00-05:00,51.05059214957577,51.46601359139786,50.50592926397909,50.6167106628418,6987800,0.0,0.0
2021-12-01 00:00:00-05:00,51.14290681908026,51.45678038664962,50.64440111972334,50.662864685058594,4902200,0.0,0.0
2021-12-02 00:00:00-05:00,50.810569863763114,51.16136704166405,50.478232729696956,50.57978057861328,5358300,0.0,0.0
2021-12-03 00:00:00-05:00,50.348988958556276,50.45976682425273,49.518146161920754,50.062808990478516,5751100,0.0,0.0
2021-12-06 00:00:00-05:00,51.05059371309329,51.604490159675244,50.875195108536616,51.15214157104492,5214000,0.0,0.0
2021-12-07 00:00:00-05:00,49.98895917980055,50.57977916987836,49.5089170574711,50.55208206176758,6701100,0.0,0.0
2021-12-08 00:00:00-05:00,50.64440102043908,50.96750460926015,50.201286017956626,50.893653869628906,4014800,0.0,0.0
2021-12-09 00:00:00-05:00,51.03211956301538,51.35522663690694,50.66285886343666,50.73670959472656,4824200,0.0,0.0
2021-12-10 00:00:00-05:00,50.007425175610756,50.14590016795287,49.61047080879841,49.868953704833984,3961000,0.0,0.0
2021-12-13 00:00:00-05:00,50.11820125166659,50.561316249876654,50.10896770832359,50.38591766357422,3688100,0.0,0.0
2021-12-14 00:00:00-05:00,50.3397510787643,50.67208816878788,50.17358253375251,50.31205749511719,3585700,0.0,0.0
2021-12-15 00:00:00-05:00,50.71824762876777,51.46600611542787,50.441301214970785,51.43831253051758,4834700,0.0,0.0
2021-12-16 00:00:00-05:00,51.807581277016006,52.79535920308601,51.75219409860495,52.70304489135742,6855900,0.0,0.0
2021-12-17 00:00:00-05:00,52.22299908900638,52.61995694063461,51.65987267057725,51.71526336669922,6013300,0.0,0.0
2021-12-20 00:00:00-05:00,52.21377182006836,52.28762256389308,51.69680252703454,52.21377182006836,4098700,0.0,0.0
2021-12-21 00:00:00-05:00,52.315310912842165,52.804586568132564,52.167605918421344,52.5645637512207,7505200,0.0,0.0
2021-12-22 00:00:00-05:00,52.60149132103619,53.68158696306144,52.43532276072462,53.616966247558594,4095300,0.0,0.0
2021-12-23 00:00:00-05:00,53.08152823498112,53.460022469359274,52.95228681664192,53.21076965332031,3473600,0.0,0.0
2021-12-27 00:00:00-05:00,53.192319301876054,53.607740765119395,53.10923500922739,53.5985107421875,2170800,0.0,0.0
2021-12-28 00:00:00-05:00,53.59850455898636,53.995462409006876,53.59850455898636,53.838523864746094,2188700,0.0,0.0
2021-12-29 00:00:00-05:00,53.9677634847197,54.18008919617016,53.82929203198151,54.143165588378906,2716500,0.0,0.0
2021-12-30 00:00:00-05:00,54.03238072970271,54.355487808467764,53.85698215887459,53.976993560791016,2183700,0.0,0.0
2021-12-31 00:00:00-05:00,53.89391812937291,54.189328150591635,53.736979574720024,53.77390670776367,1337100,0.0,0.0
2022-01-03 00:00:00-05:00,53.792361355744724,53.8846756514833,53.3123192704619,53.829288482666016,3321000,0.0,0.0
2022-01-04 00:00:00-05:00,52.767661441739186,53.266167137415216,52.68457715912651,52.86920928955078,4646600,0.0,0.0
2022-01-05 00:00:00-05:00,52.84151912831487,53.293864179537174,52.481484865941844,52.50918197631836,4804400,0.0,0.0
2022-01-06 00:00:00-05:00,52.44455638465452,52.656882096143214,51.79834570706529,52.315311431884766,6196400,0.0,0.0
2022-01-07 00:00:00-05:00,52.296849846813316,53.127689103589695,52.186068461991304,53.06306838989258,4594800,0.0,0.0
2022-01-10 00:00:00-05:00,52.39839639368576,53.469258508180495,52.13068350623577,53.432334899902344,5669300,0.0,0.0
2022-01-11 00:00:00-05:00,52.74919935728793,53.64466292596538,52.7307357915707,53.63542938232422,4439100,0.0,0.0
2022-01-12 00:00:00-05:00,53.62619643315985,53.96776357637198,53.58003928216873,53.912376403808594,3534500,0.0,0.0
2022-01-13 00:00:00-05:00,54.17086222342849,54.18009224550457,53.59850577245486,53.63542938232422,3464400,0.0,0.0
2022-01-14 00:00:00-05:00,53.7277469007324,54.45704189530958,53.70004979153392,54.327796936035156,5013800,0.0,0.0
2022-01-18 00:00:00-05:00,54.78014354772511,55.370963540061574,54.45703996490515,55.241722106933594,5901500,0.0,0.0
2022-01-19 00:00:00-05:00,55.02016355073703,55.25095283328469,54.853994985577515,54.909385681152344,3563900,0.0,0.0
2022-01-20 00:00:00-05:00,55.57405712303423,55.96178140769746,55.24172000957157,55.54636001586914,6172000,0.0,0.0
2022-01-21 00:00:00-05:00,55.24172009818446,55.63867792639441,54.48473157033404,54.5585823059082,5894000,0.0,0.0
2022-01-24 00:00:00-05:00,53.29385626438824,53.330783391695746,51.23521645811828,52.59225845336914,10423700,0.0,0.0
2022-01-25 00:00:00-05:00,52.15837944270469,53.66312659673599,52.102988745444584,53.404640197753906,6155800,0.0,0.0
2022-01-26 00:00:00-05:00,53.26616861978328,53.75544078569353,52.444559314173574,52.730735778808594,4483300,0.0,0.0
2022-01-27 00:00:00-05:00,53.56157999565321,55.54636581932374,53.47849570860695,54.94631576538086,10104700,0.0,0.0
2022-01-28 00:00:00-05:00,54.32779983843898,54.78014841615304,54.05085338261406,54.743221282958984,5038700,0.0,0.0
2022-01-31 00:00:00-05:00,53.561578033558405,53.91237873507694,53.36771587807383,53.736976623535156,6690200,0.0,0.0
2022-02-01 00:00:00-05:00,52.94305621605314,53.54310971632753,52.82304833325004,53.24769973754883,13729700,0.0,0.0
2022-02-02 00:00:00-05:00,53.25693112533965,54.60474314986429,53.090762567816945,54.47549819946289,9509100,0.0,0.0
2022-02-03 00:00:00-05:00,53.155391802187836,53.56157969123592,52.70304323715906,52.92460250854492,6987000,0.0,0.0
2022-02-04 00:00:00-05:00,51.97374179431645,52.306078899498715,51.37369181801711,51.43831253051758,10600200,0.0,0.0
2022-02-07 00:00:00-05:00,51.87220204900404,52.39840137380236,51.71526701460273,52.32455062866211,7816900,0.0,0.0
2022-02-08 00:00:00-05:00,52.20453809509638,52.3337795375154,51.807580223915004,52.29685592651367,7632300,0.0,0.0
2022-02-09 00:00:00-05:00,52.61072236587102,53.08153091668708,52.49994098321395,52.80458450317383,5571100,0.0,0.0
2022-02-10 00:00:00-05:00,53.69081608589656,55.54636028289679,53.62619537147537,54.09700393676758,14540200,0.0,0.0
2022-02-11 00:00:00-05:00,53.616967107925774,54.06008210201215,53.28462998196976,53.580039978027344,9038200,0.0,0.0
2022-02-14 00:00:00-05:00,52.896902350269,53.24770304242833,52.31531237776683,53.11846160888672,6534700,0.0,0.0
2022-02-15 00:00:00-05:00,55.01092971996862,55.80484536041229,54.91861542196739,55.6663703918457,8355900,0.0,0.0
2022-02-16 00:00:00-05:00,55.82331169975055,56.561836685172636,55.79561459172134,56.164878845214844,7561000,0.0,0.0
2022-02-17 00:00:00-05:00,56.33105357484804,56.55260933395048,55.79562070081412,56.30335998535156,7983100,0.0,0.0
2022-02-18 00:00:00-05:00,55.73099381893814,55.971016639934376,54.983238812643094,55.26018524169922,34981700,0.0,0.0
2022-02-22 00:00:00-05:00,57.05111544747612,57.15266330504788,55.89716892337036,56.13719177246094,9954400,0.0,0.0
2022-02-23 00:00:00-05:00,56.94032647047215,56.94032647047215,55.78638017125144,55.8879280090332,8515000,0.0,0.0
2022-02-24 00:00:00-05:00,54.18469286124657,54.65390563649883,53.53717694032046,54.55067825317383,9427000,0.985,0.0
2022-02-25 00:00:00-05:00,55.65801835462093,56.92489136274025,55.57355991542569,56.84981918334961,6468100,0.0,0.0
2022-02-28 00:00:00-05:00,57.075037024399116,57.26272283510209,56.40875579722221,57.131343841552734,7358900,0.0,0.0
2022-03-01 00:00:00-05:00,58.3982207691321,58.78297509631528,57.15011666575615,57.56302261352539,8240600,0.0,0.0
2022-03-02 00:00:00-05:00,58.097926047706885,58.642214588672836,57.70378903236691,58.1823844909668,7217300,0.0,0.0
2022-03-03 00:00:00-05:00,56.54013268567517,57.04688328176317,55.55478669093225,56.3712158203125,6421100,0.0,0.0
2022-03-04 00:00:00-05:00,54.36299126054703,54.97296928720932,53.602865292218375,53.93131637573242,9284200,0.0,0.0
2022-03-07 00:00:00-05:00,53.68732313003877,53.93131576988648,52.91781449016695,53.02104187011719,9681300,0.0,0.0
2022-03-08 00:00:00-05:00,53.4057932573217,54.86973827658893,52.88965996572275,54.13776397705078,10233200,0.0,0.0
2022-03-09 00:00:00-05:00,55.085577360192296,56.86858365564645,54.879122605424556,56.70905303955078,9256800,0.0,0.0
2022-03-10 00:00:00-05:00,56.267989925439466,57.253335946032415,56.145997192661866,57.15011215209961,6667600,0.0,0.0
2022-03-11 00:00:00-05:00,56.821665404648485,57.15011648964744,56.530755779997484,56.587059020996094,6342000,0.0,0.0
2022-03-14 00:00:00-04:00,57.7694800238311,57.778862704519845,56.55891016584189,56.6715202331543,9339200,0.0,0.0
2022-03-15 00:00:00-04:00,57.11257584031575,57.79762601779269,56.80289371059937,57.59117126464844,5856400,0.0,0.0
2022-03-16 00:00:00-04:00,58.088544626352316,58.18238575209319,57.347187561647175,58.14484786987305,6955200,0.0,0.0
2022-03-17 00:00:00-04:00,58.28561209805651,59.97477738991167,58.23869153602348,59.74955368041992,8668800,0.0,0.0
2022-03-18 00:00:00-04:00,58.92374108086279,59.524332859453274,58.69851737398667,59.336647033691406,7046600,0.0,0.0
2022-03-21 00:00:00-04:00,59.317875598376546,60.18122534883775,59.317875598376546,59.571250915527344,4642400,0.0,0.0
2022-03-22 00:00:00-04:00,59.63694595144221,59.880938611265776,59.28034322236676,59.74017333984375,4209000,0.0,0.0
2022-03-23 00:00:00-04:00,59.439874788396466,60.53783454909042,59.439874788396466,60.35953140258789,7525400,0.0,0.0
2022-03-24 00:00:00-04:00,60.34076708954314,61.99239093986206,60.0873881759429,61.95485305786133,15206100,0.0,0.0
2022-03-25 00:00:00-04:00,60.97889369354278,61.69209193678479,60.86628005321156,61.119651794433594,9365600,0.0,0.0
2022-03-28 00:00:00-04:00,61.11965310496026,61.55132799605804,60.73490235491127,61.3542594909668,6358700,0.0,0.0
2022-03-29 00:00:00-04:00,61.983012256390424,62.49914202823295,61.45748906446082,61.889163970947266,4773100,0.0,0.0
2022-03-30 00:00:00-04:00,62.1519272312807,63.08096651966065,62.1143893501841,62.987125396728516,6803700,0.0,0.0
2022-03-31 00:00:00-04:00,63.137276050597286,63.390654983333725,62.18946414744816,62.25515365600586,6141200,0.0,0.0
2022-04-01 00:00:00-04:00,61.68270729107135,62.771277077934236,61.62639689615889,62.69620132446289,3829800,0.0,0.0
2022-04-04 00:00:00-04:00,62.358372207817666,62.79005424241231,62.28330360840935,62.56482696533203,4078500,0.0,0.0
2022-04-05 00:00:00-04:00,62.80882266578172,63.93493046763383,62.790057304918996,62.92143630981445,6953000,0.0,0.0
2022-04-06 00:00:00-04:00,63.81293214964129,65.0141156092721,63.61586365950981,64.81704711914062,5596700,0.0,0.0
2022-04-07 00:00:00-04:00,65.04226105292213,66.7595812233948,65.03288195400975,66.63758850097656,8309700,0.0,0.0
2022-04-08 00:00:00-04:00,66.2716271816495,67.2851215218806,66.2716271816495,66.75960540771484,9082000,0.0,0.0
2022-04-11 00:00:00-04:00,66.61883202221311,66.89097630815715,65.83994420753932,66.28099822998047,7589100,0.0,0.0
2022-04-12 00:00:00-04:00,64.74198277098947,65.02351332628099,63.83170875644887,64.38538360595703,7416900,0.0,0.0
2022-04-13 00:00:00-04:00,64.35723537976763,64.90152399693386,64.19770473116988,64.72322082519531,6304600,0.0,0.0
2022-04-14 00:00:00-04:00,64.81705179856681,65.11734768515419,64.54490753265658,64.79828643798828,3945600,0.0,0.0
2022-04-18 00:00:00-04:00,64.75136903206436,64.88274804863524,64.24461832831126,64.38538360595703,3093800,0.0,0.0
2022-04-19 00:00:00-04:00,64.34783547402277,64.77012408009209,63.446947864021496,64.07569122314453,6102800,0.0,0.0
2022-04-20 00:00:00-04:00,64.05693564624617,64.92967177040775,63.77540509279301,64.61060333251953,6205000,0.0,0.0
2022-04-21 00:00:00-04:00,64.67628364165434,64.83581425809918,63.21234215499655,63.24049377441406,9302300,0.0,0.0
2022-04-22 00:00:00-04:00,62.686832740398806,62.761901346844624,61.748407143444446,61.804710388183594,8507800,0.0,0.0
2022-04-25 00:00:00-04:00,60.96950132592152,61.97361624952618,60.8193498205215,61.89854049682617,7147900,0.0,0.0
2022-04-26 00:00:00-04:00,61.87978175630264,62.208229259969286,60.988273206786204,61.05396270751953,8841700,0.0,0.0
2022-04-27 00:00:00-04:00,62.236384074636476,62.60236947745197,61.635792277215195,62.1143913269043,9071700,0.0,0.0
2022-04-28 00:00:00-04:00,61.66393862778548,63.080963134765625,61.42933225323465,63.080963134765625,8943800,0.0,0.0
2022-04-29 00:00:00-04:00,62.15193176575823,63.62525969810176,62.058083476360366,62.31146240234375,10781800,0.0,0.0
2022-05-02 00:00:00-04:00,61.898542313536936,62.424058278625125,61.57948109462427,62.339603424072266,5594500,0.0,0.0
2022-05-03 00:00:00-04:00,62.39590892311715,63.127879660924464,62.39590892311715,63.03403854370117,7273700,0.0,0.0
2022-05-04 00:00:00-04:00,62.50852882770354,62.8275900901808,61.41057261089317,62.63990783691406,8074700,0.0,0.0
2022-05-05 00:00:00-04:00,61.69208632572756,61.93607894444414,60.46275129230193,60.95072937011719,8015400,0.0,0.0
2022-05-06 00:00:00-04:00,59.5243282299073,60.68797381547067,59.30849080000133,60.397064208984375,8663600,0.0,0.0
2022-05-09 00:00:00-04:00,59.36479921210861,59.665098684033296,58.50144941722954,58.7266731262207,8197100,0.0,0.0
2022-05-10 00:00:00-04:00,59.13018834094385,60.190610143245145,59.11142298144218,59.721397399902344,6048300,0.0,0.0
2022-05-11 00:00:00-04:00,58.06038979329747,58.933125871502966,57.5536426993471,57.647483825683594,10486500,0.0,0.0
2022-05-12 00:00:00-04:00,56.784122294465725,57.83516137389368,56.624591686582846,57.66624450683594,8800400,0.0,0.0
2022-05-13 00:00:00-04:00,58.67036301069531,59.411720018907154,58.47329451377091,59.2521858215332,5831300,0.0,0.0
2022-05-16 00:00:00-04:00,59.449253734953516,60.809974999816426,59.449253734953516,60.51905822753906,5604100,0.0,0.0
2022-05-17 00:00:00-04:00,61.50440641261888,61.767164399746584,61.175958928709235,61.59824752807617,6447700,0.0,0.0
2022-05-18 00:00:00-04:00,60.26568497340328,60.5659808381384,59.31787324173818,59.42110061645508,8770100,0.0,0.0
2022-05-19 00:00:00-04:00,59.430492562385055,60.80059302381111,59.26157567483286,60.56598663330078,6443400,0.0,0.0
2022-05-20 00:00:00-04:00,61.44810539679557,62.27391726614075,60.97889264292749,62.13315200805664,7169200,0.0,0.0
2022-05-23 00:00:00-04:00,62.367752088404444,63.17479851634841,62.208221486503774,62.32083511352539,6481200,0.0,0.0
2022-05-24 00:00:00-04:00,62.630513509992284,62.84635451710734,62.22699027378265,62.546058654785156,6134500,0.0,0.0
2022-05-25 00:00:00-04:00,62.35836759345974,62.91204232578853,62.23637486378224,62.69620132446289,3860200,0.0,0.0
2022-05-26 00:00:00-04:00,62.62114584370862,63.03404825502849,62.41469105823897,62.592987060546875,6217400,0.0,0.0
2022-05-27 00:00:00-04:00,62.68682786195423,63.249881744384766,62.527290081577085,63.249881744384766,5430300,0.0,0.0
2022-05-31 00:00:00-04:00,61.83285326821392,62.64928599959442,61.64517103920645,62.38652801513672,5771700,0.0,0.0
2022-06-01 00:00:00-04:00,62.4240667461881,62.583604536903124,61.4668757999931,62.048702239990234,5281400,0.0,0.0
2022-06-02 00:00:00-04:00,62.35837396512242,62.85574551297716,61.570099951982634,62.84635925292969,3857000,0.0,0.0
2022-06-03 00:00:00-04:00,62.04870044994156,62.55545111023222,61.495025647920386,61.65455627441406,5582200,0.0,0.0
2022-06-06 00:00:00-04:00,60.265686095387245,60.73489884024748,59.4304879823055,59.608787536621094,10234100,0.0,0.0
2022-06-07 00:00:00-04:00,59.927857109675976,61.5982534686107,59.927857109675976,61.54195022583008,6078900,0.0,0.0
2022-06-08 00:00:00-04:00,60.64106030717561,61.35425855482808,60.61290152720475,60.734901428222656,5038000,0.0,0.0
2022-06-09 00:00:00-04:00,60.26568635489919,60.359527472351665,58.80174129590003,58.83927917480469,5409900,0.0,0.0
2022-06-10 00:00:00-04:00,57.516104441981604,58.313764750070916,57.37533917358491,57.98531723022461,6953900,0.0,0.0
2022-06-13 00:00:00-04:00,56.70905528903202,56.9342754124314,56.23045626214205,56.31491470336914,6943000,0.0,0.0
2022-06-14 00:00:00-04:00,54.83220785999455,56.09908098265524,54.81343891849763,55.61109924316406,14992800,0.0,0.0
2022-06-15 00:00:00-04:00,56.72782877205592,57.131352070254096,55.93016485663203,56.84043884277344,7670600,0.0,0.0
2022-06-16 00:00:00-04:00,57.112579345703125,57.534871557685705,56.25861224138696,57.112579345703125,10928600,0.0,0.0
2022-06-17 00:00:00-04:00,57.441024976568265,57.80701035504747,57.05627065819151,57.32841491699219,8372000,0.0,0.0
2022-06-21 00:00:00-04:00,58.56713642903721,59.14895924778952,58.24807160975835,58.96127700805664,5567400,0.0,0.0
2022-06-22 00:00:00-04:00,59.05511719290112,60.19999745215292,59.03634825326315,59.636940002441406,5316300,0.0,0.0
2022-06-23 00:00:00-04:00,59.7683197898248,60.55659736598918,59.608789170507954,60.48152160644531,4380800,0.0,0.0
2022-06-24 00:00:00-04:00,62.36776063662672,62.808821786725105,61.7014793612338,62.780670166015625,5643300,0.0,0.0
2022-06-27 00:00:00-04:00,62.18007791206175,62.94020030382363,61.80470626638994,62.4146842956543,4638100,0.0,0.0
2022-06-28 00:00:00-04:00,62.35836994241251,62.508521455011206,61.54194436141621,61.870391845703125,7351800,0.0,0.0
2022-06-29 00:00:00-04:00,62.49912783577643,63.390636227707716,62.44282460499119,62.89326477050781,5864700,0.0,0.0
2022-06-30 00:00:00-04:00,61.59825057415127,62.330221334380106,61.17596195390188,62.001773834228516,4731300,0.0,0.0
2022-07-01 00:00:00-04:00,60.15307808453338,61.90793649188349,60.124926462748014,61.889163970947266,8857500,0.0,0.0
2022-07-05 00:00:00-04:00,60.744290339336835,61.495026500096984,60.59413881141346,61.476261138916016,9344400,0.0,0.0
2022-07-06 00:00:00-04:00,62.04870309612174,62.53668125668338,61.56071777594099,62.39591598510742,7012100,0.0,0.0
2022-07-07 00:00:00-04:00,62.65866940063748,62.94019992309299,62.29268401721647,62.799434661865234,6401000,0.0,0.0
2022-07-08 00:00:00-04:00,61.936083264050275,63.09972888431807,61.87978002488812,62.855743408203125,6114900,0.0,0.0
2022-07-11 00:00:00-04:00,62.058075922768005,63.39064557805542,62.058075922768005,62.630516052246094,7131000,0.0,0.0
2022-07-12 00:00:00-04:00,63.052812694338066,63.34372231314273,62.4991379170438,62.611751556396484,6732200,0.0,0.0
2022-07-13 00:00:00-04:00,61.504411609856724,62.63051940973889,61.495025349632385,62.21761703491211,5687400,0.0,0.0
2022-07-14 00:00:00-04:00,60.5190562703745,61.09149637714598,60.16245717091772,61.072731018066406,5950500,0.0,0.0
2022-07-15 00:00:00-04:00,61.43872512818264,63.240500560426604,61.43872512818264,63.21234893798828,8446100,0.0,0.0
2022-07-18 00:00:00-04:00,63.75663003905932,63.972463892228795,62.04869593478573,62.283302307128906,6644100,0.0,0.0
2022-07-19 00:00:00-04:00,63.67217219992306,64.17892285658944,63.27803518683325,63.96308898925781,5088000,0.0,0.0
2022-07-20 00:00:00-04:00,62.761897894367586,62.8557461765958,61.54194898120671,61.739017486572266,4984200,0.0,0.0
2022-07-21 00:00:00-04:00,60.040462989600925,61.43871855806763,59.96539081119026,61.33549118041992,4274400,0.0,0.0
2022-07-22 00:00:00-04:00,61.15719352216527,61.69209581805871,60.997662891373324,61.232269287109375,3625800,0.0,0.0
2022-07-25 00:00:00-04:00,62.11439048251495,62.34899687393146,61.739018824324745,62.086238861083984,4261800,0.0,0.0
2022-07-26 00:00:00-04:00,62.470986297110244,63.156040073840074,62.29268315803978,62.611751556396484,4074900,0.0,0.0
2022-07-27 00:00:00-04:00,62.921444342976024,63.5126499404846,62.424072721379616,63.334346771240234,4058500,0.0,0.0
2022-07-28 00:00:00-04:00,62.68682731596495,63.005888554703155,61.84224291986601,62.611751556396484,6242300,0.0,0.0
2022-07-29 00:00:00-04:00,62.846360857246296,63.1372704895762,61.72963215050556,62.15192794799805,6798000,0.0,0.0
2022-08-01 00:00:00-04:00,62.42406110077348,62.75251575342085,61.541945999441076,61.607635498046875,5775700,0.0,0.0
2022-08-02 00:00:00-04:00,62.50853039749338,62.818212566817735,61.19473311277547,61.24165725708008,6483100,0.0,0.0
2022-08-03 00:00:00-04:00,61.51379557873336,61.56071255886987,60.71612816060905,61.29795455932617,7318500,0.0,0.0
2022-08-04 00:00:00-04:00,61.99238044050335,62.208221435546875,61.27918228213712,62.208221435546875,5414600,0.0,0.0
2022-08-05 00:00:00-04:00,61.8140890443977,62.2082260283227,61.67332379024784,61.9642333984375,6336000,0.0,0.0
2022-08-08 00:00:00-04:00,61.635791293002015,61.93608718691747,60.800593114311575,61.11027526855469,3489900,0.0,0.0
2022-08-09 00:00:00-04:00,61.86100302745536,62.3396020045443,61.72023778012122,61.83285140991211,4463900,0.0,0.0
2022-08-10 00:00:00-04:00,62.93081530034871,62.9495878207974,61.870397002799365,62.21761703491211,5665000,0.0,0.0
2022-08-11 00:00:00-04:00,61.47574784752422,61.47574784752422,60.7291545377033,61.09772491455078,7213800,0.465,0.0
2022-08-12 00:00:00-04:00,61.15442806188352,63.49816456366964,61.13553015912992,62.9783821105957,11383900,0.0,0.0
2022-08-15 00:00:00-04:00,63.55485635931355,63.69661584527506,62.83661358457899,63.13903045654297,4670800,0.0,0.0
2022-08-16 00:00:00-04:00,62.88387574497725,63.45090653810431,62.56255372908636,63.07288360595703,4434500,0.0,0.0
2022-08-17 00:00:00-04:00,63.365858155077255,63.65882251648241,62.68541828712768,62.770469665527344,5340400,0.0,0.0
2022-08-18 00:00:00-04:00,63.091785310088355,63.18628923547335,62.49639688080695,62.8460693359375,5266600,0.0,0.0
2022-08-19 00:00:00-04:00,63.33749617838853,63.64936563168922,62.91222489493309,63.47925567626953,4732300,0.0,0.0
2022-08-22 00:00:00-04:00,63.79112614246612,64.49991643293797,63.422555768235775,63.54541015625,5561200,0.0,0.0
2022-08-23 00:00:00-04:00,63.19574077317813,63.19574077317813,62.45859286259876,62.77991485595703,5899300,0.0,0.0
2022-08-24 00:00:00-04:00,62.84607451067089,63.98013612904391,62.57200805735669,63.92343521118164,4115400,0.0,0.0
2022-08-25 00:00:00-04:00,64.26364531028644,64.50936126708984,63.79111850653433,64.50936126708984,3590700,0.0,0.0
2022-08-26 00:00:00-04:00,64.35815495825034,64.50936700980179,62.66650798500265,62.675960540771484,4044800,0.0,0.0
2022-08-29 00:00:00-04:00,62.67596494760767,62.685417504041126,61.93882416993359,62.212890625,2985100,0.0,0.0
2022-08-30 00:00:00-04:00,61.976625651196635,62.023874011818286,59.79355022623663,59.89750671386719,11496900,0.0,0.0
2022-08-31 00:00:00-04:00,59.27377203073462,59.83135388440093,58.74454063578379,58.95245361328125,12694000,0.0,0.0
2022-09-01 00:00:00-04:00,58.01684403455942,58.4326699552581,57.57266765748352,58.394866943359375,13060100,0.0,0.0
2022-09-02 00:00:00-04:00,57.92234292345822,58.42322023761845,57.1001435976444,57.355308532714844,11308800,0.0,0.0
2022-09-06 00:00:00-04:00,57.44981584640572,57.89398863825755,56.93003702737429,57.090694427490234,10362000,0.0,0.0
2022-09-07 00:00:00-04:00,55.81487611875286,56.74102836688152,55.162786719951335,56.53311538696289,12038100,0.0,0.0
2022-09-08 00:00:00-04:00,56.26850116555407,57.30805884898449,56.01333622032792,57.00564193725586,7063600,0.0,0.0
2022-09-09 00:00:00-04:00,57.818388785963414,57.818388785963414,57.355310861640966,57.50651931762695,4434900,0.0,0.0
2022-09-12 00:00:00-04:00,58.262563178356764,58.76344049545259,58.14915413648712,58.3570671081543,3634200,0.0,0.0
2022-09-13 00:00:00-04:00,57.071791252852535,57.18519668521402,55.625860273689156,55.74871826171875,6632200,0.0,0.0
2022-09-14 00:00:00-04:00,55.83377690082017,56.145642761550874,55.266742491619176,55.49355697631836,5085900,0.0,0.0
2022-09-15 00:00:00-04:00,55.389595686128956,55.43684764819274,54.75640785817469,54.94541931152344,6699300,0.0,0.0
2022-09-16 00:00:00-04:00,55.28564170930245,55.531354086213646,54.41619403166955,54.86036682128906,7017900,0.0,0.0
2022-09-19 00:00:00-04:00,54.7847674680715,54.84146838625325,54.08542610138015,54.80366897583008,3630300,0.0,0.0
2022-09-20 00:00:00-04:00,54.17047628157631,54.47289316871653,53.754653963031934,54.2460823059082,4260600,0.0,0.0
2022-09-21 00:00:00-04:00,54.189378804756984,54.26498122541421,53.26322661987011,53.338829040527344,5943400,0.0,0.0
2022-09-22 00:00:00-04:00,53.07421340933198,53.44278375997211,52.72454456450591,53.215972900390625,7551500,0.0,0.0
2022-09-23 00:00:00-04:00,51.99685796786123,52.384329862724215,51.34477217555833,51.58103561401367,9604700,0.0,0.0
2022-09-26 00:00:00-04:00,50.796635429126454,51.04234780030984,49.757077820521346,50.106746673583984,9937500,0.0,0.0
2022-09-27 00:00:00-04:00,50.484769290639136,51.04235114398628,50.220155395862164,50.31466293334961,7848000,0.0,0.0
2022-09-28 00:00:00-04:00,50.333562735422205,51.92125337419389,50.31466483230542,51.68498992919922,7835200,0.0,0.0
2022-09-29 00:00:00-04:00,51.732241160901474,52.01575655008363,51.146305270818736,51.89289855957031,6444600,0.0,0.0
2022-09-30 00:00:00-04:00,52.17641293260148,52.658392329408855,51.751138054563704,51.826744079589844,7543000,0.0,0.0
2022-10-03 00:00:00-04:00,52.04410871126348,52.61113950819093,51.81729783453006,52.49773406982422,6069900,0.0,0.0
2022-10-04 00:00:00-04:00,53.24432639471085,53.98146713805271,53.036413423986204,53.90586471557617,7414600,0.0,0.0
2022-10-05 00:00:00-04:00,52.970259161202385,53.783005919974755,52.91355824646537,53.61289596557617,9257000,0.0,0.0
2022-10-06 00:00:00-04:00,52.29927193926579,52.58278732844796,51.69443814765218,51.89289855957031,8915600,0.0,0.0
2022-10-07 00:00:00-04:00,52.696192406395696,53.11201833913561,52.17641359556455,52.35597610473633,8216200,0.0,0.0
2022-10-10 00:00:00-04:00,51.864545395516075,51.95904931861365,51.19355456318643,51.23135757446289,6221500,0.0,0.0
2022-10-11 00:00:00-04:00,51.354220074817654,53.30103206564124,51.155759655803365,52.261470794677734,10179300,0.0,0.0
2022-10-12 00:00:00-04:00,51.911802397262505,52.4032307762893,51.703889420148954,52.04410934448242,6166500,0.0,0.0
2022-10-13 00:00:00-04:00,51.20301115696319,52.90410714254095,51.023452246878456,52.47883224487305,6536600,0.0,0.0
2022-10-14 00:00:00-04:00,53.121468625943926,53.395535069398754,51.80784453467992,51.94960403442383,7466400,0.0,0.0
2022-10-17 00:00:00-04:00,53.404986441394485,53.62235197888086,53.02696710009671,53.09312057495117,4686300,0.0,0.0
2022-10-18 00:00:00-04:00,53.45223896634973,53.480589423930034,52.57333873042243,52.894657135009766,4477800,0.0,0.0
2022-10-19 00:00:00-04:00,52.866308358599106,52.93246183629722,51.36367266999547,51.5148811340332,6240900,0.0,0.0
2022-10-20 00:00:00-04:00,50.721033504724836,51.77004375381561,50.579277603960186,51.363670349121094,5798800,0.0,0.0
2022-10-21 00:00:00-04:00,51.023451823353476,52.04410796419054,50.82498780269325,51.94960403442383,4018100,0.0,0.0
2022-10-24 00:00:00-04:00,52.03465822464784,52.62059051152789,51.977953704590895,52.14806365966797,4494500,0.0,0.0
2022-10-25 00:00:00-04:00,52.658396505022374,53.13092338362424,52.450483524807474,52.82850646972656,5842200,0.0,0.0
2022-10-26 00:00:00-04:00,54.350035638649395,55.124982974191624,54.26498066310779,54.77531051635742,7632200,0.0,0.0
2022-10-27 00:00:00-04:00,54.51069921827932,54.822565073291706,54.255534279581624,54.44454574584961,3482900,0.0,0.0
2022-10-28 00:00:00-04:00,55.19113601008261,55.61640727935734,54.813113098401,55.484100341796875,5177600,0.0,0.0
2022-10-31 00:00:00-04:00,55.16278353075614,56.07948677456906,55.1533345799852,55.578609466552734,6113600,0.0,0.0
2022-11-01 00:00:00-04:00,56.60871415345036,56.72211958017392,55.720361429684196,56.561458587646484,5388900,0.0,0.0
2022-11-02 00:00:00-04:00,56.98673904640738,57.93179277389372,56.4102556958257,56.419708251953125,6055800,0.0,0.0
2022-11-03 00:00:00-04:00,55.68256342653169,56.788278153075645,55.62586251061764,56.63706970214844,4552300,0.0,0.0
2022-11-04 00:00:00-04:00,57.04344719666751,57.78058799736949,56.83553420976424,57.638832092285156,5392700,0.0,0.0
2022-11-07 00:00:00-05:00,57.704983182703884,57.988498586242265,57.45926718923505,57.74278259277344,5171400,0.0,0.0
2022-11-08 00:00:00-05:00,57.856187561141894,58.413769377682,57.62937309123842,57.96014404296875,5078100,0.0,0.0
2022-11-09 00:00:00-05:00,57.94124592828024,58.48937522123308,57.6104749571884,57.69552993774414,5569900,0.0,0.0
2022-11-10 00:00:00-05:00,61.778167100262195,62.29794234394482,60.66300337120267,61.513545989990234,11616500,0.0,0.0
2022-11-11 00:00:00-05:00,60.26607574726605,60.426733148128704,58.53662572097942,59.321022033691406,8524100,0.0,0.0
2022-11-14 00:00:00-05:00,60.44563605999656,60.97486384463957,60.04871522151431,60.39838409423828,5109600,0.0,0.0
2022-11-15 00:00:00-05:00,61.031572613216134,61.24893093697016,59.58563793117561,60.436187744140625,7666300,0.0,0.0
2022-11-16 00:00:00-05:00,60.59684646817844,60.766956424350326,59.982560114769555,60.29442596435547,3730500,0.0,0.0
2022-11-17 00:00:00-05:00,59.906953990531846,60.67244518697194,59.77464704818881,60.540138244628906,6089600,0.0,0.0
2022-11-18 00:00:00-05:00,61.626947283737756,61.70255330573176,61.01266097286389,61.4946403503418,6118400,0.0,0.0
2022-11-21 00:00:00-05:00,61.91046777921902,62.127826085047715,61.551342771034996,61.834861755371094,4205300,0.0,0.0
2022-11-22 00:00:00-05:00,61.63640206998962,62.45859415582593,61.61749695871329,62.37354278564453,4170000,0.0,0.0
2022-11-23 00:00:00-05:00,62.62870984667695,62.77992190999765,62.17508807709091,62.48695755004883,3323200,0.0,0.0
2022-11-25 00:00:00-05:00,62.307387902130664,62.69485615225128,62.108927499358565,62.53419876098633,1861300,0.0,0.0
2022-11-28 00:00:00-05:00,62.609809239783424,63.22409560266412,62.524757865479856,62.57200622558594,2892100,0.0,0.0
2022-11-29 00:00:00-05:00,62.70431141139061,62.8082678949709,62.26013501976345,62.44915008544922,3365000,0.0,0.0
2022-11-30 00:00:00-05:00,63.63990973889409,64.25419605737733,62.742111649702046,64.23529815673828,5638700,0.0,0.0
2022-12-01 00:00:00-05:00,64.73618827212178,65.01970730921383,64.5282752729461,64.58497619628906,3957800,0.0,0.0
2022-12-02 00:00:00-05:00,64.43375828272472,64.94408812003476,64.30145134825773,64.70782470703125,3559400,0.0,0.0
2022-12-05 00:00:00-05:00,64.83067818069894,65.18035062272799,64.53771385992603,64.66056823730469,4159400,0.0,0.0
2022-12-06 00:00:00-05:00,64.3487083965869,65.36936820907164,64.08409449191045,64.79288482666016,7135100,0.0,0.0
2022-12-07 00:00:00-05:00,65.08586068094802,65.50167946841505,64.62277910712656,65.06695556640625,4367200,0.0,0.0
2022-12-08 00:00:00-05:00,65.15200356687669,65.65288086795509,65.0480470843675,65.3693618774414,2915600,0.0,0.0
2022-12-09 00:00:00-05:00,65.88914249959332,66.15375637144915,65.60562351678364,65.72848510742188,4488600,0.0,0.0
2022-12-12 00:00:00-05:00,65.70013853515357,65.86080316464216,65.3693711394802,65.47332763671875,4146700,0.0,0.0
2022-12-13 00:00:00-05:00,66.38056760896514,66.82474398647145,65.56782087782322,65.7568359375,5187900,0.0,0.0
2022-12-14 00:00:00-05:00,66.25771824308686,66.94760343511179,65.85134484675613,66.56958770751953,4356500,0.0,0.0
2022-12-15 00:00:00-05:00,66.18210934547398,66.25771537179115,65.43551605851376,65.90804290771484,4669400,0.0,0.0
2022-12-16 00:00:00-05:00,64.22584522718911,64.50936420643353,63.94233345813184,64.20694732666016,6391300,0.0,0.0
2022-12-19 00:00:00-05:00,64.1596924132789,64.16914496873319,63.49815773522291,63.76277160644531,3774900,0.0,0.0
2022-12-20 00:00:00-05:00,63.668271338268546,64.07464472389022,63.45090581146213,63.99903869628906,2486500,0.0,0.0
2022-12-21 00:00:00-05:00,63.602105372122246,64.42429732765657,63.46979845490554,64.16913604736328,2855200,0.0,0.0
2022-12-22 00:00:00-05:00,64.14080348483736,64.34870926260395,63.73443006570429,64.33926391601562,2492800,0.0,0.0
2022-12-23 00:00:00-05:00,63.876181001429906,64.25420395234352,63.75332660671292,64.24475860595703,2322600,0.0,0.0
2022-12-27 00:00:00-05:00,64.7361747970315,64.78343036343993,63.99903410625728,64.19749450683594,2089000,0.0,0.0
2022-12-28 00:00:00-05:00,64.11244563356509,64.52827160830114,63.80058336270125,63.84783172607422,2299400,0.0,0.0
2022-12-29 00:00:00-05:00,64.41487005683481,64.7078344257005,64.29200844910024,64.35816192626953,2579000,0.0,0.0
2022-12-30 00:00:00-05:00,64.06519343990902,64.31090942939765,63.441454515096574,64.07464599609375,3605400,0.0,0.0
2023-01-03 00:00:00-05:00,64.87793965571825,65.61508040750222,64.83068408539867,65.52057647705078,3473900,0.0,0.0
2023-01-04 00:00:00-05:00,66.61683746988352,66.71134140376981,65.32211843424682,65.68123626708984,4936300,0.0,0.0
2023-01-05 00:00:00-05:00,65.35991824248457,66.4372788983332,65.10474970230653,65.97419738769531,5020200,0.0,0.0
2023-01-06 00:00:00-05:00,66.01199242362799,67.27836799511539,65.7851815788044,66.90979766845703,7341500,0.0,0.0
2023-01-09 00:00:00-05:00,67.14607010883178,67.72255345844202,66.83420064884176,67.00431060791016,6586400,0.0,0.0
2023-01-10 00:00:00-05:00,67.7414461716511,68.15727208645323,67.49573020288739,67.66584014892578,4800400,0.0,0.0
2023-01-11 00:00:00-05:00,67.43903525964338,67.53353919132054,66.56958755191297,66.57903289794922,5861400,0.0,0.0
2023-01-12 00:00:00-05:00,65.98364651635904,66.50342891551017,64.67002250052685,66.22936248779297,6749700,0.0,0.0
2023-01-13 00:00:00-05:00,67.07045910942026,67.59968684943726,66.87199870691387,67.1744155883789,4036800,0.0,0.0
2023-01-17 00:00:00-05:00,67.684755594282,67.70365349775521,66.75859969995273,66.85310363769531,3992200,0.0,0.0
2023-01-18 00:00:00-05:00,67.76034127921776,67.9871593380445,66.93814924907817,66.9948501586914,6561600,0.0,0.0
2023-01-19 00:00:00-05:00,66.70188749516753,67.06100528191155,66.40891596448368,66.61682891845703,7277200,0.0,0.0
2023-01-20 00:00:00-05:00,65.69068377116163,65.80408559902806,64.8117835542597,65.3504638671875,9748100,0.0,0.0
2023-01-23 00:00:00-05:00,64.93463430674869,65.30320464707926,63.84782118594885,63.895076751708984,7858100,0.0,0.0
2023-01-24 00:00:00-05:00,62.51530631508895,62.723219291426055,61.91991784463492,62.638160705566406,10867200,0.0,0.0
2023-01-25 00:00:00-05:00,62.22233595683683,63.23355039953113,62.22233595683683,62.968929290771484,5314200,0.0,0.0
2023-01-26 00:00:00-05:00,63.17684056717437,63.17684056717437,62.03332641622418,62.36409378051758,5458400,0.0,0.0
2023-01-27 00:00:00-05:00,61.806512681569046,62.16563048759915,61.60805227216919,61.92936706542969,3176200,0.0,0.0
2023-01-30 00:00:00-05:00,62.73266570873871,62.77046872418989,62.1089339792641,62.22233581542969,5170200,0.0,0.0
2023-01-31 00:00:00-05:00,61.466294453695305,61.787609255721605,61.28673194068788,61.77816390991211,5772700,0.0,0.0
2023-02-01 00:00:00-05:00,60.899263788847385,60.927614246707854,59.36827417269299,60.0676155090332,9538000,0.0,0.0
2023-02-02 00:00:00-05:00,59.878605684317,59.90695614295375,59.08476039664257,59.680145263671875,8794100,0.0,0.0
2023-02-03 00:00:00-05:00,60.15266857331473,60.568487292347406,59.72739369347313,59.95420455932617,4831700,0.0,0.0
2023-02-06 00:00:00-05:00,60.08651256104419,60.34167387305795,59.736840116252544,60.029808044433594,4697400,0.0,0.0
2023-02-07 00:00:00-05:00,59.784091989129934,60.861456172576446,59.71793852239553,60.75749969482422,4650200,0.0,0.0
2023-02-08 00:00:00-05:00,61.68365312531227,61.693105681363804,60.67244593342805,60.82365798950195,5036800,0.0,0.0
2023-02-09 00:00:00-05:00,64.55661617060896,64.82123005392528,63.58321200975786,63.715518951416016,8368000,0.0,0.0
2023-02-10 00:00:00-05:00,64.84013743074634,65.20870781112463,64.46211449415154,65.09529876708984,5918200,0.0,0.0
2023-02-13 00:00:00-05:00,64.76452843142441,65.93639299196002,64.73617797426276,65.87969207763672,5003600,0.0,0.0
2023-02-14 00:00:00-05:00,66.07815393871385,66.7018928507144,65.9647521075775,66.4750747680664,4963000,0.0,0.0
2023-02-15 00:00:00-05:00,65.62453064450965,65.99310100737678,65.46386603721342,65.86079406738281,4345300,0.0,0.0
2023-02-16 00:00:00-05:00,64.11244365600692,64.89684000772303,63.961238803613874,64.21640014648438,4774400,0.0,0.0
2023-02-17 00:00:00-05:00,64.49046647043214,65.43552022906762,64.33926161834822,65.18035888671875,3553100,0.0,0.0
2023-02-21 00:00:00-05:00,66.4089179089424,66.4089179089424,65.5961783899022,65.76628112792969,5353800,0.0,0.0
2023-02-22 00:00:00-05:00,65.79465106230361,65.82300152392767,64.94410116263919,65.06695556640625,3614000,0.0,0.0
2023-02-23 00:00:00-05:00,64.81286776321402,65.09091201489369,64.33348263580143,64.6211166381836,3657900,0.985,0.0
2023-02-24 00:00:00-05:00,63.98833104588621,64.09379636946613,63.35554641924398,63.63359069824219,4530000,0.0,0.0
2023-02-27 00:00:00-05:00,64.14173585954286,64.30472505835294,63.78698820786471,64.04586029052734,3682600,0.0,0.0
2023-02-28 00:00:00-05:00,62.99121411114187,63.35555155480079,62.444715260491336,62.49265670776367,4285100,0.0,0.0
2023-03-01 00:00:00-05:00,62.47348158026858,62.636470789590255,62.04203051961783,62.52141571044922,3421900,0.0,0.0
2023-03-02 00:00:00-05:00,61.62975934984055,62.454302468434285,61.60099740858409,62.415950775146484,3353700,0.0,0.0
2023-03-03 00:00:00-05:00,62.03243658829273,62.53100124947624,61.917388831740396,62.51182174682617,3772300,0.0,0.0
2023-03-06 00:00:00-05:00,61.87904024408692,62.24337034949967,61.735223226348054,61.89821243286133,3501200,0.0,0.0
2023-03-07 00:00:00-05:00,62.454296551066626,62.62687549709157,61.457174564571076,61.63934326171875,3303600,0.0,0.0
2023-03-08 00:00:00-05:00,61.773572969414985,61.85027635176693,61.14078469468578,61.476356506347656,3157300,0.0,0.0
2023-03-09 00:00:00-05:00,62.29131288887434,62.329664581934814,61.332542506874944,61.45718002319336,2952100,0.0,0.0
2023-03-10 00:00:00-05:00,61.29418614684792,62.16666332432106,61.284596395603586,61.5434684753418,5738600,0.0,0.0
2023-03-13 00:00:00-04:00,62.30090554835002,63.087097005686545,62.11873682652056,62.49265670776367,8166700,0.0,0.0
2023-03-14 00:00:00-04:00,62.118726306416654,62.44470468518143,61.81192011441121,62.40635299682617,4896500,0.0,0.0
2023-03-15 00:00:00-04:00,61.96532686068247,62.06120975029656,61.25583882953048,61.91739273071289,5266700,0.0,0.0
2023-03-16 00:00:00-04:00,62.13789965333628,63.298010817105656,61.75439739229666,63.259666442871094,4589200,0.0,0.0
2023-03-17 00:00:00-04:00,62.87616817148069,63.12544322300618,62.6364755578183,62.904930114746094,5402800,0.0,0.0
2023-03-20 00:00:00-04:00,63.20214321780067,64.01709659748116,63.077505698737234,63.98833465576172,3991600,0.0,0.0
2023-03-21 00:00:00-04:00,63.815748196834704,64.29513334209899,63.671938505124864,64.22801971435547,3489600,0.0,0.0
2023-03-22 00:00:00-04:00,63.96915728277737,64.60194189384306,63.8061680830159,63.825340270996094,4168000,0.0,0.0
2023-03-23 00:00:00-04:00,64.8224685127493,65.04298161246645,64.16091458392225,64.48690032958984,4311700,0.0,0.0
2023-03-24 00:00:00-04:00,64.93752083208186,65.19638561526104,64.31431862426261,65.11009979248047,4014700,0.0,0.0
2023-03-27 00:00:00-04:00,66.05927520636243,66.41401553626096,65.78123094127308,65.89628601074219,5752800,0.0,0.0
2023-03-28 00:00:00-04:00,66.29897121108287,66.34690533971349,65.54154175628128,65.77164459228516,4132800,0.0,0.0
2023-03-29 00:00:00-04:00,66.0017487065043,66.02092821019781,65.49360158118768,65.80999755859375,4330300,0.0,0.0
2023-03-30 00:00:00-04:00,66.20309124874896,66.36608044199158,65.80040216889977,66.3469009399414,4648100,0.0,0.0
2023-03-31 00:00:00-04:00,66.9988641757496,67.04680561542862,66.38525178500898,66.54824829101562,3500300,0.0,0.0
2023-04-03 00:00:00-04:00,66.66330386766711,67.06598567482689,66.50031465736494,67.02764129638672,4749200,0.0,0.0
2023-04-04 00:00:00-04:00,67.09474243984965,67.66041335200036,66.93174594505507,67.35360717773438,4383400,0.0,0.0
2023-04-05 00:00:00-04:00,69.03145767068082,69.4916706070134,68.83970654753018,69.07939910888672,5873200,0.0,0.0
2023-04-06 00:00:00-04:00,69.42456571104542,69.78889581677275,69.21363506015793,69.3574447631836,4340100,0.0,0.0
2023-04-10 00:00:00-04:00,69.22321691993372,69.22321691993372,68.2356846215924,69.09857940673828,2778100,0.0,0.0
2023-04-11 00:00:00-04:00,69.41497116365898,69.51084673066494,69.09857520918614,69.20404052734375,2931200,0.0,0.0
2023-04-12 00:00:00-04:00,70.56548820895738,71.06405283012177,70.23950983844226,70.7188949584961,4320400,0.0,0.0
2023-04-13 00:00:00-04:00,70.99694735175738,71.74478705447109,70.96817809679071,71.687255859375,3794200,0.0,0.0
2023-04-14 00:00:00-04:00,71.2653967621397,71.39962401633014,70.53672930022246,70.81477355957031,3981400,0.0,0.0
2023-04-17 00:00:00-04:00,70.71889835874144,70.77642223516605,69.9998206440866,70.59425354003906,4408700,0.0,0.0
2023-04-18 00:00:00-04:00,72.25293427057217,72.70355750612835,71.39962924296732,71.92694854736328,7565700,0.0,0.0
2023-04-19 00:00:00-04:00,71.47632707042098,71.81189520437611,71.34209981683894,71.75436401367188,4488300,0.0,0.0
2023-04-20 00:00:00-04:00,71.79272148127822,71.86942486516676,71.29416411567733,71.4571533203125,3913700,0.0,0.0
2023-04-21 00:00:00-04:00,72.49262960798971,72.78026365026967,72.22417506977511,72.48303985595703,5100200,0.0,0.0
2023-04-24 00:00:00-04:00,72.56932419714724,72.70355144998246,72.2433385010927,72.68437194824219,3095900,0.0,0.0
2023-04-25 00:00:00-04:00,73.34592904360915,73.40345292171905,72.54056549072266,72.54056549072266,4472400,0.0,0.0
2023-04-26 00:00:00-04:00,72.1282926627302,72.1282926627302,70.42167538958614,70.61343383789062,5122700,0.0,0.0
2023-04-27 00:00:00-04:00,70.51756217214492,70.91065421195023,70.12446281750235,70.73807525634766,4697000,0.0,0.0
2023-04-28 00:00:00-04:00,70.00941340058888,70.71890878365323,69.82725199344564,70.201171875,4254700,0.0,0.0
2023-05-01 00:00:00-04:00,70.32580273749693,70.72848452337016,69.86559707216671,70.46961975097656,2606900,0.0,0.0
2023-05-02 00:00:00-04:00,69.97106084105978,70.73807270452843,69.97106084105978,70.66136932373047,3663000,0.0,0.0
2023-05-03 00:00:00-04:00,71.18869294319329,71.88859846271174,71.02570375194813,71.5146713256836,3555100,0.0,0.0
2023-05-04 00:00:00-04:00,71.39963237252682,71.54344939451573,71.07364663502946,71.31333923339844,3047400,0.0,0.0
2023-05-05 00:00:00-04:00,71.29416401803559,72.37757188333751,71.07364361836738,72.16664123535156,3407900,0.0,0.0
2023-05-08 00:00:00-04:00,72.18582280652137,72.50221878756363,71.92695070754588,72.22417449951172,2126200,0.0,0.0
2023-05-09 00:00:00-04:00,71.63931629708097,72.20498724962044,71.63931629708097,71.9844741821289,2756100,0.0,0.0
2023-05-10 00:00:00-04:00,71.60097337408924,71.96530349076066,71.2366432574178,71.78314208984375,3283700,0.0,0.0
2023-05-11 00:00:00-04:00,71.55303525604917,71.72561422772738,71.17911536988605,71.64891815185547,2234100,0.0,0.0
2023-05-12 00:00:00-04:00,71.85984150405066,72.44469205724693,71.46674942762904,71.64891815185547,2501500,0.0,0.0
2023-05-15 00:00:00-04:00,72.08994418683353,72.1187061266522,71.7064345879646,71.89818572998047,2442500,0.0,0.0
2023-05-16 00:00:00-04:00,72.21458307638017,72.5405688018355,71.9365387947627,72.17623138427734,2763300,0.0,0.0
2023-05-17 00:00:00-04:00,72.22417005960259,72.24334224750042,70.9010623347035,71.6201400756836,3569400,0.0,0.0
2023-05-18 00:00:00-04:00,71.82148846416878,72.0515912937174,70.8435386376223,71.15034484863281,4144900,0.0,0.0
2023-05-19 00:00:00-04:00,71.29416460951659,72.19541108935638,71.20787147333492,71.70643615722656,3170900,0.0,0.0
2023-05-22 00:00:00-04:00,71.70643310016321,72.21458019931546,71.24622012810178,71.38044738769531,2983300,0.0,0.0
2023-05-23 00:00:00-04:00,72.07077459584956,72.07077459584956,70.9586046524903,71.01612854003906,3991400,0.0,0.0
2023-05-24 00:00:00-04:00,69.91352772978277,70.08610667442454,69.38620845964839,69.41497039794922,6400800,0.0,0.0
2023-05-25 00:00:00-04:00,69.0698164874641,69.20404375049138,68.49455574379897,68.83012390136719,4390300,0.0,0.0
2023-05-26 00:00:00-04:00,69.55879092207303,69.89435907728132,69.32868077435549,69.53002166748047,3480500,0.0,0.0
2023-05-30 00:00:00-04:00,69.83682477559273,69.85600427780106,68.29321133031662,68.4849624633789,4071400,0.0,0.0
2023-05-31 00:00:00-04:00,69.35744496802072,70.22033976291007,68.79177396154944,70.06694030761719,4819400,0.0,0.0
2023-06-01 00:00:00-04:00,69.29991350274156,70.1148667640707,68.925993685016,69.83682250976562,3298700,0.0,0.0
2023-06-02 00:00:00-04:00,69.91353342794179,70.3929186115917,69.57796526235433,69.59713745117188,8040700,0.0,0.0
2023-06-05 00:00:00-04:00,69.86559530391092,70.41209408943223,69.56837153295233,70.1819839477539,4444600,0.0,0.0
2023-06-06 00:00:00-04:00,70.73807122883677,70.92982967683135,70.01899350724003,70.37374114990234,4716500,0.0,0.0
2023-06-07 00:00:00-04:00,70.84354126169477,70.84354126169477,69.79848508120618,70.2874526977539,5477200,0.0,0.0
2023-06-08 00:00:00-04:00,70.12446215130883,71.39962846032259,70.01899682861824,71.1886978149414,3584800,0.0,0.0
2023-06-09 00:00:00-04:00,70.88188563183472,71.22704351070658,70.52713800220626,71.00652313232422,3797800,0.0,0.0
2023-06-12 00:00:00-04:00,70.6038425304905,70.99694185472221,70.41209140124951,70.80518341064453,6950900,0.0,0.0
2023-06-13 00:00:00-04:00,70.9010675822086,71.40922203457367,70.77643006455543,71.07364654541016,5108400,0.0,0.0
2023-06-14 00:00:00-04:00,70.70931250628401,70.91065339970788,69.5300217707017,69.76971435546875,3820900,0.0,0.0
2023-06-15 00:00:00-04:00,70.94900912449786,71.65849716758832,70.54632731475769,71.54344940185547,4450500,0.0,0.0
2023-06-16 00:00:00-04:00,72.31045689052485,72.62685285654995,72.08035405834167,72.11870574951172,4899800,0.0,0.0
2023-06-20 00:00:00-04:00,71.42839629810827,71.5530338193808,70.8914872035954,70.90106964111328,3551600,0.0,0.0
2023-06-21 00:00:00-04:00,70.41209204321696,70.83394599436062,70.09569609373165,70.35456085205078,4400200,0.0,0.0
2023-06-22 00:00:00-04:00,70.22034352061654,71.05447641945284,70.1628196361581,70.90106964111328,5372100,0.0,0.0
2023-06-23 00:00:00-04:00,69.6067205284442,70.29703629708,69.03145982619326,69.14651489257812,5922000,0.0,0.0
2023-06-26 00:00:00-04:00,69.32868718396499,69.3478666887999,68.4466201473433,68.7726058959961,4139500,0.0,0.0
2023-06-27 00:00:00-04:00,68.6287868071848,68.91641353752624,68.1685737978658,68.71507263183594,3587900,0.0,0.0
2023-06-28 00:00:00-04:00,68.51372505686074,68.60001818794953,67.91928483494573,68.03433990478516,3398800,0.0,0.0
2023-06-29 00:00:00-04:00,67.46866552834808,68.07268815611044,67.23855540029301,67.92887115478516,3315400,0.0,0.0
2023-06-30 00:00:00-04:00,68.80136273900214,68.93559000354647,68.52331845820682,68.61919403076172,4778300,0.0,0.0
2023-07-03 00:00:00-04:00,64.32390270380024,64.53483336243308,62.44471359527509,62.55976867675781,16349800,0.0,0.0
2023-07-05 00:00:00-04:00,64.10338435944608,64.86081379214224,63.767816209476145,64.29513549804688,13544800,0.0,0.0
2023-07-06 00:00:00-04:00,63.42266093258403,63.54729844634841,62.626879776270506,62.713172912597656,6023000,0.0,0.0
2023-07-07 00:00:00-04:00,62.63647109110014,62.80905005322368,61.88863136017734,62.1762580871582,5210700,0.0,0.0
2023-07-10 00:00:00-04:00,62.29130858744654,62.78986593313063,62.20501545530992,62.50223922729492,4403900,0.0,0.0
2023-07-11 00:00:00-04:00,62.32966143439161,62.48306088404959,62.061206911362284,62.18584442138672,6478400,0.0,0.0
2023-07-12 00:00:00-04:00,62.92410213062801,63.96916572701066,62.82822654839682,63.72947311401367,8746500,0.0,0.0
2023-07-13 00:00:00-04:00,64.66905263929235,65.00462809009176,64.57317707399397,64.9183349609375,7068600,0.0,0.0
2023-07-14 00:00:00-04:00,66.07845119610788,66.07845119610788,64.47730645675753,64.60194396972656,7557100,0.0,0.0
2023-07-17 00:00:00-04:00,64.0746223374248,64.38142854769225,63.84451219359642,64.28555297851562,3472300,0.0,0.0
2023-07-18 00:00:00-04:00,64.18009400318033,64.53483437568923,63.834936068150526,64.01709747314453,8914700,0.0,0.0
2023-07-19 00:00:00-04:00,64.97586933568857,65.46484430700464,64.76494598388672,64.76494598388672,8437400,0.0,0.0
2023-07-20 00:00:00-04:00,65.59905675085841,66.04009017464124,65.57988456497057,65.73328399658203,7134100,0.0,0.0
2023-07-21 00:00:00-04:00,65.78123424866531,66.77835628968755,65.78123424866531,66.48113250732422,8774600,0.0,0.0
2023-07-24 00:00:00-04:00,66.1168047570788,66.37567685688856,65.95381554747266,66.07845306396484,3608200,0.0,0.0
2023-07-25 00:00:00-04:00,65.37854821667396,66.40443213125516,65.34978627843547,66.3469009399414,4214000,0.0,0.0
2023-07-26 00:00:00-04:00,65.63741849096351,66.67289224357742,65.45524978036364,66.51948547363281,4678800,0.0,0.0
2023-07-27 00:00:00-04:00,65.89629050251996,66.2606206084178,65.3018502419986,65.33061218261719,5257400,0.0,0.0
2023-07-28 00:00:00-04:00,68.44661537251538,68.90682836355673,68.01517163671946,68.38909149169922,7621000,0.0,0.0
2023-07-31 00:00:00-04:00,68.75342520147026,69.0985831341476,68.37950532687611,68.74383544921875,3837000,0.0,0.0
2023-08-01 00:00:00-04:00,68.38907976054385,68.7342376159087,68.33154857475898,68.5041275024414,3875700,0.0,0.0
2023-08-02 00:00:00-04:00,67.43032503423241,68.03434776226665,67.26733581926348,67.5645523071289,5370300,0.0,0.0
2023-08-03 00:00:00-04:00,65.79082661016271,66.90299645572017,65.7716471061076,66.79753112792969,6199000,0.0,0.0
2023-08-04 00:00:00-04:00,66.34689969935754,67.02763302751143,66.32772751250262,66.53865814208984,4063900,0.0,0.0
2023-08-07 00:00:00-04:00,66.6345424027083,67.10433784775273,66.43320149768927,67.04681396484375,4870000,0.0,0.0
2023-08-08 00:00:00-04:00,66.84547488831271,67.7179521672609,66.81671294607146,67.57414245605469,5442300,0.0,0.0
2023-08-09 00:00:00-04:00,67.96722853062954,68.60960290015817,67.90970465122017,68.34114837646484,4324200,0.0,0.0
2023-08-10 00:00:00-04:00,68.55829450222909,69.01187673322718,67.87309847601465,67.88274383544922,3876600,0.465,0.0
2023-08-11 00:00:00-04:00,67.26509756889587,68.11436036509718,67.110690836867,67.91169738769531,3549700,0.0,0.0
2023-08-14 00:00:00-04:00,67.58357141104565,68.43283421093605,67.49671900444012,68.36527252197266,3843100,0.0,0.0
2023-08-15 00:00:00-04:00,67.49671234089978,67.6704244998306,66.91766690255129,67.08173370361328,4243800,0.0,0.0
2023-08-16 00:00:00-04:00,66.541297536661,67.58357058033198,66.51234673481501,67.27474975585938,5571400,0.0,0.0
2023-08-17 00:00:00-04:00,66.82116361314282,67.33264738320072,66.70536041259766,66.70536041259766,6432300,0.0,0.0
2023-08-18 00:00:00-04:00,65.98156800047691,66.37724124935436,65.72099604569969,66.06842041015625,7611300,0.0,0.0
2023-08-21 00:00:00-04:00,66.57025974926547,66.72466648945606,66.12632288440206,66.47374725341797,4082400,0.0,0.0
2023-08-22 00:00:00-04:00,66.40619538510589,66.56060949388885,66.00086939385557,66.36759185791016,4211500,0.0,0.0
2023-08-23 00:00:00-04:00,66.26143401808065,66.79221589173912,66.0008620791056,66.6860580444336,4193100,0.0,0.0
2023-08-24 00:00:00-04:00,66.42549014161727,66.7343109466209,65.51832580566406,65.51832580566406,3868100,0.0,0.0
2023-08-25 00:00:00-04:00,65.66309020145295,66.05876342479426,64.91033991466826,65.86575317382812,3740900,0.0,0.0
2023-08-28 00:00:00-04:00,66.21317566429532,66.34828430876729,65.92365293307313,66.24212646484375,1970800,0.0,0.0
2023-08-29 00:00:00-04:00,65.98156519897874,66.75361358275894,65.95260703411223,66.72466278076172,2770400,0.0,0.0
2023-08-30 00:00:00-04:00,67.03348300863902,67.14929357846374,66.38689056024012,66.4544448852539,2980800,0.0,0.0
2023-08-31 00:00:00-04:00,66.57990058768195,66.57990058768195,65.39287354320322,65.45077514648438,4347800,0.0,0.0
2023-09-01 00:00:00-04:00,66.01051700422533,66.11667485507479,65.50867855241528,65.75959777832031,2575000,0.0,0.0
2023-09-05 00:00:00-04:00,65.96225741588522,65.97191013716498,65.2191598604618,65.27706146240234,2566400,0.0,0.0
2023-09-06 00:00:00-04:00,64.92964879898425,64.98755041133515,64.28305625149792,64.65943145751953,5016400,0.0,0.0
2023-09-07 00:00:00-04:00,64.98754172832774,65.87540805534552,64.93929284543864,65.6244888305664,2908400,0.0,0.0
2023-09-08 00:00:00-04:00,65.94296510573497,66.1070245674999,65.68239314846628,65.83680725097656,4372100,0.0,0.0
2023-09-11 00:00:00-04:00,63.655750095761846,64.30234252449098,63.42413632602748,64.27339172363281,6428500,0.0,0.0
2023-09-12 00:00:00-04:00,64.81383638630204,65.2481131431117,64.64976956978194,64.98754119873047,4366800,0.0,0.0
2023-09-13 00:00:00-04:00,64.84277800575306,65.05509367470229,64.10932588471071,64.12862396240234,4771900,0.0,0.0
2023-09-14 00:00:00-04:00,64.52431148292263,65.66308962450282,64.44710443806692,65.41217041015625,4825500,0.0,0.0
2023-09-15 00:00:00-04:00,66.24212495793286,66.49304416175944,65.81749359189843,65.88504791259766,5182300,0.0,0.0
2023-09-18 00:00:00-04:00,65.38322185233646,65.48937970193806,64.16723662418038,64.3023452758789,3855600,0.0,0.0
2023-09-19 00:00:00-04:00,63.86806972235023,64.35060273404436,63.52064536490089,64.34095001220703,4025800,0.0,0.0
2023-09-20 00:00:00-04:00,65.59553681578542,66.10702061474555,65.40251919918872,65.58588409423828,5995700,0.0,0.0
2023-09-21 00:00:00-04:00,65.71133886821707,65.73064431097212,64.67871856689453,64.67871856689453,4634900,0.0,0.0
2023-09-22 00:00:00-04:00,65.98156283646478,66.1166714828604,65.3735665648155,65.4604263305664,5277000,0.0,0.0
2023-09-25 00:00:00-04:00,65.8947072449515,66.83082247061344,65.56658832945365,66.53165435791016,4233900,0.0,0.0
2023-09-26 00:00:00-04:00,66.55095406791247,66.76326977742929,65.70169859271489,65.83680725097656,4216100,0.0,0.0
2023-09-27 00:00:00-04:00,66.25177765372615,66.31933197439976,65.04544523964836,65.56658172607422,3846200,0.0,0.0
2023-09-28 00:00:00-04:00,64.92964201477128,65.47972936323976,64.37955466630281,65.06475067138672,4447700,0.0,0.0
2023-09-29 00:00:00-04:00,66.3772385426501,66.3772385426501,65.21916228359818,65.3542709350586,3691300,0.0,0.0
2023-10-02 00:00:00-04:00,64.58221464908551,64.6304708940062,63.93562219921602,64.39885711669922,3891700,0.0,0.0
2023-10-03 00:00:00-04:00,64.51465590245174,64.53396134424462,63.67505325617954,63.94527053833008,4139200,0.0,0.0
2023-10-04 00:00:00-04:00,64.21548705128761,64.40849728969214,63.73295409240767,64.29269409179688,3896600,0.0,0.0
2023-10-05 00:00:00-04:00,64.31199584723998,64.7945288337066,64.07072935400669,64.54360961914062,2401100,0.0,0.0
2023-10-06 00:00:00-04:00,64.6980282266976,65.19985932800216,64.11899007507861,65.06475067138672,3077300,0.0,0.0
2023-10-09 00:00:00-04:00,64.4181509313631,64.91998197610998,64.08037932789225,64.6980209350586,3018200,0.0,0.0
2023-10-10 00:00:00-04:00,65.12265621821679,65.72099241953569,64.86208427781666,65.63414001464844,3820900,0.0,0.0
2023-10-11 00:00:00-04:00,65.43147704037567,65.6534380947781,64.89103507944574,65.63414001464844,4412900,0.0,0.0
2023-10-12 00:00:00-04:00,66.0298123225693,66.2614334581162,65.49903045339639,65.73064422607422,3842000,0.0,0.0
2023-10-13 00:00:00-04:00,65.34462008524483,65.7499460512368,64.6208205618865,64.97789764404297,3857800,0.0,0.0
2023-10-16 00:00:00-04:00,64.28304618214297,65.56658571591586,64.21549185735856,65.45077514648438,8785700,0.0,0.0
2023-10-17 00:00:00-04:00,65.89470572235837,68.46178483291393,61.33959667667168,66.85977172851562,23062900,0.0,0.0
2023-10-18 00:00:00-04:00,64.46640721395994,64.87173313838193,62.700334791004266,62.960899353027344,13377300,0.0,0.0
2023-10-19 00:00:00-04:00,62.61348133936279,62.903004093342254,61.84143293353336,62.169551849365234,8809800,0.0,0.0
2023-10-20 00:00:00-04:00,61.68701490904861,62.24675493759148,61.600162506103516,61.600162506103516,5826000,0.0,0.0
2023-10-23 00:00:00-04:00,60.635100087357344,61.272043516279766,60.04640922337372,60.847412109375,9018000,0.0,0.0
2023-10-24 00:00:00-04:00,61.07902866626171,62.48802415754387,61.07902866626171,62.31431198120117,7312300,0.0,0.0
2023-10-25 00:00:00-04:00,62.401172555626964,62.70034066651539,61.77387816836173,61.966888427734375,4647700,0.0,0.0
2023-10-26 00:00:00-04:00,61.841431805113494,62.159905356105824,61.10797957451977,61.1948356628418,5382200,0.0,0.0
2023-10-27 00:00:00-04:00,60.94392104600827,61.021124413782154,59.57352537403312,59.727935791015625,5296600,0.0,0.0
2023-10-30 00:00:00-04:00,60.6061442477891,60.83776170832382,60.249070857506275,60.74125289916992,5040500,0.0,0.0
2023-10-31 00:00:00-04:00,60.78950820324582,61.04042374029169,60.422782097008394,61.021121978759766,5139800,0.0,0.0
2023-11-01 00:00:00-04:00,61.04042658101202,61.75457706519033,61.04042658101202,61.551910400390625,4570600,0.0,0.0
2023-11-02 00:00:00-04:00,61.96688567682202,62.18885409182914,61.52295620967688,61.93793487548828,5062100,0.0,0.0
2023-11-03 00:00:00-04:00,61.62911514267238,62.063391896070556,61.25273999296216,61.72562026977539,4359000,0.0,0.0
2023-11-06 00:00:00-05:00,62.159905279372914,62.275708488413095,61.77387740254383,61.81248092651367,4175200,0.0,0.0
2023-11-07 00:00:00-05:00,61.4457495033777,61.72561952259712,61.300991814475445,61.387847900390625,4298100,0.0,0.0
2023-11-08 00:00:00-05:00,61.542255874818636,61.937932765785334,60.876361696782325,61.310638427734375,11064300,0.0,0.0
2023-11-09 00:00:00-05:00,62.980210878941286,63.2890317125532,61.8221272307445,61.851078033447266,6971700,0.0,0.0
2023-11-10 00:00:00-05:00,61.030776697254474,61.16588535096432,59.70863359981456,60.963218688964844,6934300,0.0,0.0
2023-11-13 00:00:00-05:00,61.001820784091606,61.658065956536966,60.46138618191399,61.47470474243164,6823500,0.0,0.0
2023-11-14 00:00:00-05:00,61.89933483883359,62.488025708670705,61.72562265817887,61.9861946105957,4816400,0.0,0.0
2023-11-15 00:00:00-05:00,61.272042117256156,61.532606698263145,60.87636520349694,60.924617767333984,6239800,0.0,0.0
2023-11-16 00:00:00-05:00,61.20448284966617,61.63876327812495,61.098328683984754,61.57120895385742,5729900,0.0,0.0
2023-11-17 00:00:00-05:00,62.03444032537309,62.169548974216625,61.77387574913747,61.889678955078125,3967300,0.0,0.0
2023-11-20 00:00:00-05:00,61.030776015923244,61.65806671277812,60.95356896813114,61.561561584472656,5488500,0.0,0.0
2023-11-21 00:00:00-05:00,61.81247803804628,62.17920045431901,61.79317259552882,62.03443908691406,3655500,0.0,0.0
2023-11-22 00:00:00-05:00,61.48435302632546,61.687015999649354,61.069374358223435,61.387847900390625,4836800,0.0,0.0
2023-11-24 00:00:00-05:00,62.08269424843259,62.478367458717166,62.00548720544623,62.24675369262695,2139400,0.0,0.0
2023-11-27 00:00:00-05:00,61.66771746063165,61.75457354590038,61.14658094901926,61.436100006103516,4340600,0.0,0.0
2023-11-28 00:00:00-05:00,60.99217132617592,61.310641188644226,60.88601347820829,61.08867645263672,5762800,0.0,0.0
2023-11-29 00:00:00-05:00,61.89933348098692,62.082698379563844,61.48435480090764,61.880035400390625,8493200,0.0,0.0
2023-11-30 00:00:00-05:00,61.73527053798835,62.632782173830826,61.561558370958544,62.3336067199707,9991500,0.0,0.0
2023-12-01 00:00:00-05:00,62.33360897054037,62.787191165432034,62.111647915297134,62.52662658691406,3616200,0.0,0.0
2023-12-04 00:00:00-05:00,62.603834551195966,62.83544833137049,62.35291532766645,62.74858856201172,3340300,0.0,0.0
2023-12-05 00:00:00-05:00,61.986191886418155,62.18885486113041,61.68701642224075,61.77387619018555,3993600,0.0,0.0
2023-12-06 00:00:00-05:00,62.2274573428675,62.26605350256455,61.31064024837737,61.36854553222656,4277700,0.0,0.0
2023-12-07 00:00:00-05:00,61.590515492091605,61.590515492091605,60.866715949002376,61.291343688964844,6194200,0.0,0.0
2023-12-08 00:00:00-05:00,61.43610125867417,61.46505206054248,60.82810864939719,61.04042434692383,4586800,0.0,0.0
2023-12-11 00:00:00-05:00,61.32029984647538,61.455408509174,60.934271940392236,61.28169631958008,4951600,0.0,0.0
2023-12-12 00:00:00-05:00,62.2274554779887,62.26605163652907,61.43609801483721,61.74491882324219,4272300,0.0,0.0
2023-12-13 00:00:00-05:00,63.42413482096747,63.59784698486329,62.6424337648707,63.59784698486328,5831100,0.0,0.0
2023-12-14 00:00:00-05:00,64.36989900649401,64.54361118033854,63.76191007947275,64.0321273803711,7754700,0.0,0.0
2023-12-15 00:00:00-05:00,62.60383209434876,62.77754426337977,62.2371023136894,62.536277770996094,8986300,0.0,0.0
2023-12-18 00:00:00-05:00,63.18287153861768,63.86806750792196,63.038110167554706,63.64609909057617,6310800,0.0,0.0
2023-12-19 00:00:00-05:00,63.32762969944064,63.954916670799435,63.289026178256144,63.59784698486328,5559700,0.0,0.0
2023-12-20 00:00:00-05:00,64.36025400088019,64.49536265207057,63.48204040527344,63.48204040527344,5150100,0.0,0.0
2023-12-21 00:00:00-05:00,64.39886160554082,64.54361562465431,63.72331094390896,63.983882904052734,5556100,0.0,0.0
2023-12-22 00:00:00-05:00,64.65942775743797,64.77523833838298,63.85842113902571,63.9742317199707,3488900,0.0,0.0
2023-12-26 00:00:00-05:00,64.17688751220703,64.31199616004531,63.90667021653048,64.17688751220703,2627600,0.0,0.0
2023-12-27 00:00:00-05:00,65.19985535538746,65.21916079822456,64.7269750860459,64.9971923828125,3810200,0.0,0.0
2023-12-28 00:00:00-05:00,65.19021058936987,65.3735681207743,64.93929137029059,64.94894409179688,2845500,0.0,0.0
2023-12-29 00:00:00-05:00,65.02614318419904,65.16125183258235,64.69802428465935,64.9971923828125,3354400,0.0,0.0
2024-01-02 00:00:00-05:00,64.50501285284693,66.21318392705693,64.48571477102941,66.0105209350586,7503000,0.0,0.0
2024-01-03 00:00:00-05:00,65.36392603380776,66.29038854731611,65.12265952415862,65.93331146240234,5437000,0.0,0.0
2024-01-04 00:00:00-05:00,66.309681090053,66.92732271413807,66.27107756818907,66.37723541259766,4786000,0.0,0.0
2024-01-05 00:00:00-05:00,65.92365661149461,66.50270210624868,65.72099363347841,65.9912109375,5011900,0.0,0.0
2024-01-08 00:00:00-05:00,66.17457938051776,66.83082459524579,65.94296558792837,66.79222106933594,4250800,0.0,0.0
2024-01-09 00:00:00-05:00,66.85977817955268,67.12999550928983,66.48340298986594,66.5027084350586,4087400,0.0,0.0
2024-01-10 00:00:00-05:00,66.66676053335289,67.1782443313523,66.57025540667041,67.13964080810547,7251100,0.0,0.0
2024-01-11 00:00:00-05:00,67.39056190227826,67.46776895091948,66.38689235855067,66.76326751708984,4612400,0.0,0.0
2024-01-12 00:00:00-05:00,66.92731872835347,67.16858520348299,66.76325929235385,66.994873046875,3464000,0.0,0.0
2024-01-16 00:00:00-05:00,64.71732755073548,65.31567115785901,64.56292081001084,64.91999053955078,5618300,0.0,0.0
2024-01-17 00:00:00-05:00,63.74260910889221,64.14793504186079,63.41448285634462,63.93561935424805,8365200,0.0,0.0
2024-01-18 00:00:00-05:00,63.60750636853432,64.45676183494321,63.443439545597606,64.1961898803711,7171000,0.0,0.0
2024-01-19 00:00:00-05:00,64.55326387451477,64.61116547814864,64.09968167839818,64.21549224853516,7081000,0.0,0.0
2024-01-22 00:00:00-05:00,65.37357092229436,65.46043069383491,64.3602560067847,64.7945327758789,10160300,0.0,0.0
2024-01-23 00:00:00-05:00,63.97422240412888,64.48570617713202,63.61714535369799,64.41815185546875,4984200,0.0,0.0
2024-01-24 00:00:00-05:00,64.39885501117688,64.59186525881069,64.05143067514084,64.27339172363281,5684600,0.0,0.0
2024-01-25 00:00:00-05:00,64.18654021967707,64.67871856689453,64.0224734077355,64.67871856689453,4491500,0.0,0.0
2024-01-26 00:00:00-05:00,65.37356969922108,65.44112402565784,64.6304721084166,64.75592803955078,5021600,0.0,0.0
2024-01-29 00:00:00-05:00,64.91034302364974,64.95859190726767,64.59186946771963,64.84278869628906,4944800,0.0,0.0
2024-01-30 00:00:00-05:00,64.99719362354176,65.00684634514458,64.60152039225743,64.85243225097656,4649400,0.0,0.0
2024-01-31 00:00:00-05:00,65.38322804562708,65.46043510044503,64.22515167483778,64.31200408935547,4572700,0.0,0.0
2024-02-01 00:00:00-05:00,63.89702201593834,64.60152346911286,63.69435902984229,64.51466369628906,4472100,0.0,0.0
2024-02-02 00:00:00-05:00,63.665405003635584,63.79086093261953,63.28902985381451,63.34693145751953,6744100,0.0,0.0
2024-02-05 00:00:00-05:00,62.86439895629883,63.34693195864246,62.74858838510341,62.86439895629883,10849400,0.0,0.0
2024-02-06 00:00:00-05:00,63.54959012038895,64.73662445586508,63.28902555853108,64.6980209350586,5566600,0.0,0.0
2024-02-07 00:00:00-05:00,64.43745941643029,64.5629227200298,64.16724209001582,64.22515106201172,6588800,0.0,0.0
2024-02-08 00:00:00-05:00,59.85339209857527,61.667717158960784,59.54457128167151,61.30099105834961,28929000,0.0,0.0
2024-02-09 00:00:00-05:00,60.519290986450805,61.15623443087252,59.91130202684472,60.08501052856445,13734400,0.0,0.0
2024-02-12 00:00:00-05:00,59.02343914678321,59.293656461240936,58.35754490125461,59.264705657958984,12066500,0.0,0.0
2024-02-13 00:00:00-05:00,59.1102916165166,59.54457204631261,58.63740766375325,58.89797592163086,8272300,0.0,0.0
2024-02-14 00:00:00-05:00,59.06204052037482,59.61212785130008,58.92693186806822,59.5059700012207,12203700,0.0,0.0
2024-02-15 00:00:00-05:00,59.612128343520524,60.66405044986656,59.612128343520524,60.64474868774414,7641700,0.0,0.0
2024-02-16 00:00:00-05:00,61.60981291428472,62.275707121694595,61.37819545698347,62.02478790283203,7647800,0.0,0.0
2024-02-20 00:00:00-05:00,63.74261348544238,63.761911566155405,62.32396525977944,62.76789474487305,6438500,0.0,0.0
2024-02-21 00:00:00-05:00,62.13094705256025,62.81614303588867,61.97654031970352,62.81614303588867,5402600,0.0,0.0
2024-02-22 00:00:00-05:00,61.98813372546563,63.28159809848711,61.98813372546563,62.840641021728516,9723000,0.985,0.0
2024-02-23 00:00:00-05:00,63.65395864843056,64.60445770110562,63.64415760817528,64.5064697265625,7388200,0.0,0.0
2024-02-26 00:00:00-05:00,64.75143973201523,65.03561007529106,64.42807270594244,64.60445404052734,4597900,0.0,0.0
2024-02-27 00:00:00-05:00,64.61425586764635,65.12379779821066,64.44766809472846,64.99641418457031,4433500,0.0,0.0
2024-02-28 00:00:00-05:00,64.14389892723435,64.45746489681315,63.849935036005576,64.0361099243164,6030600,0.0,0.0
2024-02-29 00:00:00-05:00,63.85973292794518,63.898929611299806,62.458487009031344,62.87004470825195,6084500,0.0,0.0
2024-03-01 00:00:00-05:00,63.04642233298923,63.52657612574462,62.693663375743576,63.30119705200195,3966300,0.0,0.0
2024-03-04 00:00:00-05:00,62.99742604185685,63.516768994501994,62.86024139308275,63.48737335205078,4406700,0.0,0.0
2024-03-05 00:00:00-05:00,63.60496107647141,64.00671396864631,63.31098971068304,63.50696563720703,3728900,0.0,0.0
2024-03-06 00:00:00-05:00,63.43837873216895,64.21249641724275,63.43837873216895,63.95772171020508,4491500,0.0,0.0
2024-03-07 00:00:00-05:00,64.49665873861655,65.17278836788621,64.40847181793029,64.85922241210938,6130500,0.0,0.0
2024-03-08 00:00:00-05:00,64.83962735523211,65.24138775119852,64.6534524549576,65.16299438476562,4410500,0.0,0.0
2024-03-11 00:00:00-04:00,65.86851393658438,66.4074514623968,65.48635565384389,66.30946350097656,3927500,0.0,0.0
2024-03-12 00:00:00-04:00,66.18209128099329,66.32907698640396,65.90772195142858,66.04490661621094,6156500,0.0,0.0
2024-03-13 00:00:00-04:00,66.10369290834883,66.66223256586248,66.07429726469068,66.22128295898438,4688100,0.0,0.0
2024-03-14 00:00:00-04:00,66.36826837721176,66.36826837721176,65.32957495759241,65.692138671875,4626100,0.0,0.0
2024-03-15 00:00:00-04:00,66.04489561102827,66.0840922910066,64.75143507575244,64.976806640625,6027400,0.0,0.0
2024-03-18 00:00:00-04:00,64.68284874615473,65.0356114226327,64.48686532810976,64.52606201171875,3886500,0.0,0.0
2024-03-19 00:00:00-04:00,64.28109106744877,64.57506246895976,63.938129416354805,64.5358657836914,3402500,0.0,0.0
2024-03-20 00:00:00-04:00,64.25169105279265,64.55545599795946,63.88912734572053,64.40847778320312,3553300,0.0,0.0
2024-03-21 00:00:00-04:00,65.27077632731609,65.44715764469069,64.84942137336576,64.85922241210938,5351800,0.0,0.0
2024-03-22 00:00:00-04:00,65.15318986980989,65.49615148465723,64.86901953864994,64.92781829833984,4098600,0.0,0.0
2024-03-25 00:00:00-04:00,64.87882743478538,65.09440546575966,64.47707449379052,64.5358657836914,4424600,0.0,0.0
2024-03-26 00:00:00-04:00,64.91802081802106,65.12379779821066,64.44766809472846,64.99641418457031,3133200,0.0,0.0
2024-03-27 00:00:00-04:00,65.73133539470344,67.0051939633742,65.72153435485129,66.88761138916016,8444500,0.0,0.0
2024-03-28 00:00:00-04:00,66.80921816166553,66.97579845948475,66.31927083207748,66.38786315917969,3617000,0.0,0.0
2024-04-01 00:00:00-04:00,66.82881567755291,66.84841775815228,65.69214171089827,65.89791870117188,3113800,0.0,0.0
2024-04-02 00:00:00-04:00,65.79992452941299,66.0252961030581,65.41776622975169,65.65293884277344,4396600,0.0,0.0
2024-04-03 00:00:00-04:00,65.06500581178676,65.99590273254161,65.05520477207276,65.46675872802734,3795700,0.0,0.0
2024-04-04 00:00:00-04:00,67.6029346561572,67.6029346561572,65.9371166221486,65.9861068725586,7453900,0.0,0.0
2024-04-05 00:00:00-04:00,65.63335072631543,66.35847071579482,65.54515631521474,66.0938949584961,4811000,0.0,0.0
2024-04-08 00:00:00-04:00,66.21147595506,66.4074518791303,65.86851434993584,66.33885955810547,3824500,0.0,0.0
2024-04-09 00:00:00-04:00,66.82881484049986,67.08358955307745,66.59364220827611,67.03459930419922,4392700,0.0,0.0
2024-04-10 00:00:00-04:00,66.23107408280931,66.79941475927141,66.0644937908816,66.7406234741211,7715800,0.0,0.0
2024-04-11 00:00:00-04:00,68.47503541826276,68.66121779399566,67.48534720495279,68.05368041992188,5985900,0.0,0.0
2024-04-12 00:00:00-04:00,68.25947011527424,68.41624938371407,67.22077662334613,67.54414367675781,9121200,0.0,0.0
2024-04-15 00:00:00-04:00,67.68132803587261,68.16147435556556,67.16198503024506,67.3481674194336,9213500,0.0,0.0
2024-04-16 00:00:00-04:00,66.91700961219819,67.22077457529778,66.65243385801197,66.89740753173828,5361900,0.0,0.0
2024-04-17 00:00:00-04:00,67.33836592063619,67.41675929197184,66.82881648295778,67.15218353271484,3709900,0.0,0.0
2024-04-18 00:00:00-04:00,66.87780669864405,67.40695068173164,66.78961977279738,66.985595703125,4005800,0.0,0.0
2024-04-19 00:00:00-04:00,66.77002303912964,67.32856270887746,66.76022199902793,67.17178344726562,4735700,0.0,0.0
2024-04-22 00:00:00-04:00,68.26925820994335,69.0727715208276,67.98508786541073,68.72000885009766,5183700,0.0,0.0
2024-04-23 00:00:00-04:00,69.01397555072666,69.67050312491759,68.7494073036356,69.42552947998047,5806000,0.0,0.0
2024-04-24 00:00:00-04:00,69.97427810053752,70.03306938516282,69.26875278102351,69.76849365234375,6137700,0.0,0.0
2024-04-25 00:00:00-04:00,73.48229532254781,74.28580861039902,73.00214905293008,73.52149200439453,15606600,0.0,0.0
2024-04-26 00:00:00-04:00,73.4920958577573,73.9722421240806,73.090335478587,73.65867614746094,6688000,0.0,0.0
2024-04-29 00:00:00-04:00,74.64837135363605,75.0403306910765,73.8448580760843,73.96244812011719,7538300,0.0,0.0
2024-04-30 00:00:00-04:00,74.1976289973213,74.60918298327711,73.80566961621909,74.35440826416016,8547400,0.0,0.0
2024-05-01 00:00:00-04:00,74.80514898142951,75.2559070691164,74.43279173073422,74.87374877929688,4911700,0.0,0.0
2024-05-02 00:00:00-04:00,74.72676686979689,74.87375256007321,74.22701851325854,74.27601623535156,10038700,0.0,0.0
2024-05-03 00:00:00-04:00,74.93254671696636,74.9521413209527,73.91345536160566,74.81495666503906,9026100,0.0,0.0
2024-05-06 00:00:00-04:00,74.31520992932282,74.4034043392153,74.03104704723302,74.23682403564453,6457300,0.0,0.0
2024-05-07 00:00:00-04:00,74.89334961924727,74.93254630300649,74.39360124632093,74.78556060791016,6663100,0.0,0.0
2024-05-08 00:00:00-04:00,75.226509563863,75.60867535819563,75.06973030619072,75.42249298095703,5059800,0.0,0.0
2024-05-09 00:00:00-04:00,75.37349946769112,76.07902485663105,75.31470817728058,76.04962921142578,2972300,0.0,0.0
2024-05-10 00:00:00-04:00,76.20640729297754,76.37299507322285,75.59887736550569,75.6282730102539,3606600,0.0,0.0
2024-05-13 00:00:00-04:00,75.67726929400048,75.9320365276344,75.5988759254963,75.87324523925781,2565600,0.0,0.0
2024-05-14 00:00:00-04:00,76.30439555387623,76.3631868378332,75.47147915913895,75.49108123779297,4115900,0.0,0.0
2024-05-15 00:00:00-04:00,75.39309733739366,75.97123159681442,75.32450501041149,75.42249298095703,3870900,0.0,0.0
2024-05-16 00:00:00-04:00,75.17751526335157,75.66746256566641,75.0403306167836,75.49108123779297,2941700,0.0,0.0
2024-05-17 00:00:00-04:00,75.32450145255166,75.52047738438607,75.06972676036487,75.35389709472656,2791600,0.0,0.0
2024-05-20 00:00:00-04:00,75.08932440218102,75.6674661336956,75.0011374720872,75.55967712402344,3278700,0.0,0.0
2024-05-21 00:00:00-04:00,76.23581404620153,77.65665843408942,76.1868163186177,77.58806610107422,7740000,0.0,0.0
2024-05-22 00:00:00-04:00,76.99032679961937,77.35289053242772,76.80414441304164,77.21570587158203,3568400,0.0,0.0
2024-05-23 00:00:00-04:00,77.72524119842521,77.76443788046608,76.52976856218777,76.60816192626953,3613500,0.0,0.0
2024-05-24 00:00:00-04:00,76.55916945911491,77.30389151699791,76.51017921020353,76.96092987060547,3566600,0.0,0.0
2024-05-28 00:00:00-04:00,76.21620268531132,76.2553993674054,74.95213772278731,75.07952880859375,4199000,0.0,0.0
2024-05-29 00:00:00-04:00,74.59938240131565,74.97174717985273,74.27602282522217,74.5503921508789,4653800,0.0,0.0
2024-05-30 00:00:00-04:00,75.079530877339,75.43229354990306,74.92274414464256,75.22650909423828,3274400,0.0,0.0
2024-05-31 00:00:00-04:00,75.75565355913021,76.54937331517898,75.5400755383763,76.45137786865234,4782800,0.0,0.0
2024-06-03 00:00:00-04:00,76.92173205901804,77.87223109081226,76.80414200654761,77.4018783569336,5469000,0.0,0.0
2024-06-04 00:00:00-04:00,77.90162900260775,78.46016868509575,77.62725968152638,78.41117095947266,3959300,0.0,0.0
2024-06-05 00:00:00-04:00,78.79333356749015,79.04810079755921,78.21519182786544,78.70513916015625,4258700,0.0,0.0
2024-06-06 00:00:00-04:00,79.00890397197055,79.2342830338609,78.84232367353154,79.20488739013672,3091800,0.0,0.0
2024-06-07 00:00:00-04:00,78.6953413208793,78.90111831169033,78.3915763548254,78.41117095947266,2213300,0.0,0.0
2024-06-10 00:00:00-04:00,78.60715211426078,78.91091707153605,78.36217844523155,78.59735107421875,4099700,0.0,0.0
2024-06-11 00:00:00-04:00,77.50967097431857,78.03881502104126,77.32349606091861,77.6370620727539,4219100,0.0,0.0
2024-06-12 00:00:00-04:00,78.91091758799585,78.96970887662667,78.02901087851806,78.46016693115234,3496300,0.0,0.0
2024-06-13 00:00:00-04:00,77.63705112525624,78.01920941466776,77.32348515763647,77.93101501464844,2958400,0.0,0.0
2024-06-14 00:00:00-04:00,77.72523887803203,78.11719821073666,77.57825319376748,77.98980712890625,2055300,0.0,0.0
2024-06-17 00:00:00-04:00,77.49006726985849,77.75463552415052,77.2842902996308,77.71543884277344,2094000,0.0,0.0
2024-06-18 00:00:00-04:00,77.29408866251694,77.49986564552226,76.80414132888434,76.84333801269531,3819500,0.0,0.0
2024-06-20 00:00:00-04:00,76.89233522477613,77.19610017728597,76.61796591592817,76.98052215576172,3874300,0.0,0.0
2024-06-21 00:00:00-04:00,76.86294169210932,77.64685295663274,76.86294169210932,77.2940902709961,4992600,0.0,0.0
2024-06-24 00:00:00-04:00,77.65664854080745,77.96041348031817,77.5684616135957,77.77423858642578,2807400,0.0,0.0
2024-06-25 00:00:00-04:00,77.98981208247673,78.2641888659989,77.84283386487922,78.14659881591797,3081700,0.0,0.0
2024-06-26 00:00:00-04:00,77.56846752743712,78.01921818933543,77.3234938540574,77.49007415771484,3227800,0.0,0.0
2024-06-27 00:00:00-04:00,77.49986214569081,77.56846194626436,76.38278287353515,76.60816192626953,2796600,0.0,0.0
2024-06-28 00:00:00-04:00,77.04911379068483,77.16670384027869,76.26520255473453,76.42198181152344,3664400,0.0,0.0
2024-07-01 00:00:00-04:00,76.14760679735,77.1373024149057,76.06921343683021,76.37298583984375,2599400,0.0,0.0
2024-07-02 00:00:00-04:00,75.755651247824,75.86344025491232,74.92274230978016,75.44208526611328,3215500,0.0,0.0
2024-07-03 00:00:00-04:00,75.12852169048512,75.46168976197438,74.95214035287384,75.25591278076172,2377500,0.0,0.0
2024-07-05 00:00:00-04:00,75.7948504783603,75.9516372124884,75.22650978115043,75.78504943847656,2341700,0.0,0.0
2024-07-08 00:00:00-04:00,76.04962211659388,76.0986198380338,75.49108248179103,75.57926940917969,2697400,0.0,0.0
2024-07-09 00:00:00-04:00,75.4126874818597,75.42248852113559,74.76596093369848,75.1285171508789,3362800,0.0,0.0
2024-07-10 00:00:00-04:00,75.42249668034398,76.28480132984393,75.40289459967165,76.18681335449219,2984500,0.0,0.0
2024-07-11 00:00:00-04:00,76.5787628042064,77.00991133506048,76.29459247932398,76.37298583984375,3168500,0.0,0.0
2024-07-12 00:00:00-04:00,77.92121989394388,78.18579563809499,77.58805929879412,77.6468505859375,3051900,0.0,0.0
2024-07-15 00:00:00-04:00,77.5586600666228,77.5586600666228,76.47097644877913,76.54936981201172,2666900,0.0,0.0
2024-07-16 00:00:00-04:00,76.39258726466825,77.10791366029359,76.35339058090767,77.00991821289062,2668700,0.0,0.0
2024-07-17 00:00:00-04:00,76.92172567602069,78.22498728107793,76.92172567602069,78.1563949584961,3658900,0.0,0.0
2024-07-18 00:00:00-04:00,78.39156798429943,78.40136902357817,76.42197774541322,76.49057006835938,3232900,0.0,0.0
2024-07-19 00:00:00-04:00,76.764946344525,77.17650779564998,76.58857247747554,77.12751007080078,2929800,0.0,0.0
2024-07-22 00:00:00-04:00,78.0192168406297,78.20539174549772,77.38228380565232,77.56846618652344,3521000,0.0,0.0
2024-07-23 00:00:00-04:00,77.31369404707274,77.6076579742155,76.9217346682124,77.57826232910156,2965100,0.0,0.0
2024-07-24 00:00:00-04:00,76.97072511915816,78.16619027148762,76.97072511915816,78.1073989868164,4581100,0.0,0.0
2024-07-25 00:00:00-04:00,75.09912313113534,77.07851445147836,74.92274180037214,76.94132232666016,10636000,0.0,0.0
2024-07-26 00:00:00-04:00,76.90213506128592,77.85262658749207,76.51017570792101,76.55916595458984,5878400,0.0,0.0
2024-07-29 00:00:00-04:00,78.45036382445552,78.50916258754054,76.75515025489646,76.7845458984375,6753900,0.0,0.0
2024-07-30 00:00:00-04:00,77.11770486334056,77.4018752049029,75.91243864761366,76.33379364013672,6480800,0.0,0.0
2024-07-31 00:00:00-04:00,77.53906796261421,77.96042299919017,76.95113261474168,77.55867004394531,5552700,0.0,0.0
2024-08-01 00:00:00-04:00,78.0486116017434,79.76342726635671,78.0192159579391,79.56744384765625,6367500,0.0,0.0
2024-08-02 00:00:00-04:00,79.95940702853336,80.36116744905824,79.20489138950333,80.1651840209961,7066600,0.0,0.0
2024-08-05 00:00:00-04:00,77.29408171111034,78.51894993503389,77.10790682475556,77.73503875732422,5730300,0.0,0.0
2024-08-06 00:00:00-04:00,76.67675966569678,78.12700709961399,76.6473640210909,77.65665435791016,5683800,0.0,0.0
2024-08-07 00:00:00-04:00,78.9795129092793,79.36167125186586,78.58755352621519,78.99911499023438,4943400,0.0,0.0
2024-08-08 00:00:00-04:00,78.73453423446176,80.25337394397901,78.51895621365256,80.20437622070312,4124400,0.0,0.0
2024-08-09 00:00:00-04:00,79.90861065042917,80.37198552374153,79.58325609350412,80.04663848876953,3078400,0.5,0.0
2024-08-12 00:00:00-04:00,80.45086030195462,81.7424172424502,80.24381854552853,81.35790252685547,9218200,0.0,0.0
2024-08-13 00:00:00-04:00,81.80156963749533,82.46213250440655,81.69311811941105,82.19593811035156,7180600,0.0,0.0
2024-08-14 00:00:00-04:00,81.79170739946015,82.61002065471364,81.46635284901679,82.5804443359375,5473400,0.0,0.0
2024-08-15 00:00:00-04:00,83.80298171829958,84.0987599566748,83.22129404396885,83.70439147949219,4064100,0.0,0.0
2024-08-16 00:00:00-04:00,83.9114297533271,84.05931886637393,82.94522740044688,83.2212905883789,3550000,0.0,0.0
2024-08-19 00:00:00-04:00,83.44804699673928,83.99030456812874,83.16213005200237,83.58607482910156,3933600,0.0,0.0
2024-08-20 00:00:00-04:00,83.98044359264335,84.44382596951961,83.85227703982869,83.93114471435547,2486000,0.0,0.0
2024-08-21 00:00:00-04:00,83.84241356050998,84.40438615726816,83.47762142782562,84.35508728027344,4168000,0.0,0.0
2024-08-22 00:00:00-04:00,84.67058153015336,84.82833192082673,83.96072733798107,84.6804428100586,4834700,0.0,0.0
2024-08-23 00:00:00-04:00,85.00579964875706,85.65650122300457,84.65086878209377,85.43960571289062,3336000,0.0,0.0
2024-08-26 00:00:00-04:00,85.21284265629463,85.61706488586857,85.1438287379794,85.4001693725586,3663400,0.0,0.0
2024-08-27 00:00:00-04:00,85.991718580152,86.05087121832997,85.538197469564,85.98185729980469,3595900,0.0,0.0
2024-08-28 00:00:00-04:00,85.99171764784434,86.31707219820166,85.7846758945132,86.12974548339844,3584300,0.0,0.0
2024-08-29 00:00:00-04:00,85.99171958780079,86.38608806483204,85.70580263000197,86.07059478759766,2609400,0.0,0.0
2024-08-30 00:00:00-04:00,86.10016856091012,86.44523814737578,85.65650121663755,86.3860855102539,2836800,0.0,0.0
2024-09-03 00:00:00-04:00,85.95227876451816,86.02129268126397,84.17762444540723,84.5128402709961,4347200,0.0,0.0
2024-09-04 00:00:00-04:00,84.36495399571217,84.77903751011819,84.26636375732306,84.54241943359375,5002200,0.0,0.0
2024-09-05 00:00:00-04:00,82.80720238442287,82.84663998404046,81.2987499283262,81.83114624023438,7754800,0.0,0.0
2024-09-06 00:00:00-04:00,82.83677327907841,83.11283645832366,81.76212696719568,81.88043975830078,5516400,0.0,0.0
2024-09-09 00:00:00-04:00,81.05226510395627,82.25508548430896,77.82831865274017,79.7508544921875,10262000,0.0,0.0
2024-09-10 00:00:00-04:00,78.80437762161085,80.15508715960773,78.72550242480386,80.01705932617188,7966400,0.0,0.0
2024-09-11 00:00:00-04:00,79.32691351172032,79.55367782455261,78.60719801829084,79.39592742919922,4182000,0.0,0.0
2024-09-12 00:00:00-04:00,78.63677465578594,78.86353144758482,77.51282941117071,77.84803771972656,5121000,0.0,0.0
2024-09-13 00:00:00-04:00,76.60577491022774,77.51282458682778,76.59592115255613,77.1677474975586,5489500,0.0,0.0
2024-09-16 00:00:00-04:00,78.17338974470286,78.38043149129082,77.64099345835412,77.92691040039062,3402300,0.0,0.0
2024-09-17 00:00:00-04:00,78.1931095514512,78.1931095514512,77.1184631552463,77.4240951538086,3402300,0.0,0.0
2024-09-18 00:00:00-04:00,77.58184018423603,78.14381278376472,77.21704804975325,77.473388671875,2607200,0.0,0.0
2024-09-19 00:00:00-04:00,78.07480398233538,78.32128334076229,77.45367118504957,77.78888702392578,3619800,0.0,0.0
2024-09-20 00:00:00-04:00,77.44381100734194,77.57197755519732,77.03958128249018,77.27619934082031,3373200,0.0,0.0
2024-09-23 00:00:00-04:00,76.17197795318853,76.45789489252543,75.92549861120355,76.05366516113281,4004600,0.0,0.0
2024-09-24 00:00:00-04:00,76.11282262129886,76.2409967013062,75.74803798608548,75.7874755859375,4550500,0.0,0.0
2024-09-25 00:00:00-04:00,76.23113316206506,76.56634898989803,76.0043688501234,76.44803619384766,4780400,0.0,0.0
2024-09-26 00:00:00-04:00,77.0691639880707,77.67057422439183,76.70437935164689,77.07902526855469,4183100,0.0,0.0
2024-09-27 00:00:00-04:00,76.97056868169273,77.11845779140393,76.51704759467695,76.52690887451172,3172200,0.0,0.0
2024-09-30 00:00:00-04:00,76.99028597447297,77.00014725459658,76.41845960050136,76.81282806396484,3334400,0.0,0.0
2024-10-01 00:00:00-04:00,76.87197937260122,77.69029260380732,76.63536130739256,77.56211853027344,4635900,0.0,0.0
2024-10-02 00:00:00-04:00,78.17338787437447,78.6367702341073,77.89733221886193,78.45930480957031,5606700,0.0,0.0
2024-10-03 00:00:00-04:00,77.9466263610105,77.97620267916567,76.76352850308729,76.8325424194336,3119600,0.0,0.0
2024-10-04 00:00:00-04:00,75.99451351417814,76.45789588664734,75.8170480847634,76.37902069091797,5186800,0.0,0.0
2024-10-07 00:00:00-04:00,76.10296886280065,76.39873957876125,75.66916278638143,75.7874755859375,3487000,0.0,0.0
2024-10-08 00:00:00-04:00,75.7578917445837,75.91564214399179,75.34380822906702,75.7874755859375,3157000,0.0,0.0
2024-10-09 00:00:00-04:00,75.53112989877805,76.45789462846571,75.33394943465208,76.41845703125,2475600,0.0,0.0
2024-10-10 00:00:00-04:00,76.29028805965645,76.33958693995974,75.57057254772789,75.7874755859375,1616900,0.0,0.0
2024-10-11 00:00:00-04:00,75.95507967379187,76.27057295036404,75.8663431937184,76.26071166992188,3319800,0.0,0.0
2024-10-14 00:00:00-04:00,76.62549906645155,77.20718670320117,76.51704755418424,77.0001449584961,2119700,0.0,0.0
2024-10-15 00:00:00-04:00,76.58606558242826,77.02972541320291,76.32972494676028,76.75366973876953,2613900,0.0,0.0
2024-10-16 00:00:00-04:00,77.20719146728516,77.55226858503924,76.98043467088148,77.20719146728516,3229800,0.0,0.0
2024-10-17 00:00:00-04:00,76.86211964082656,77.28606442392233,76.76352940516651,76.92127227783203,2980000,0.0,0.0
2024-10-18 00:00:00-04:00,76.97057123590476,77.19733554791395,76.47761253514402,77.15789794921875,2282700,0.0,0.0
2024-10-21 00:00:00-04:00,77.06915697716522,77.10859457356051,76.27056633552974,76.34944152832031,2226400,0.0,0.0
2024-10-22 00:00:00-04:00,75.73817381094422,76.31986898408805,75.60014597771405,76.23113250732422,2067300,0.0,0.0
2024-10-23 00:00:00-04:00,75.8367643188302,76.13254254650407,75.53113233299926,75.86634063720703,2398400,0.0,0.0
2024-10-24 00:00:00-04:00,75.52127014175433,75.67902053379794,74.65366555137261,74.83113098144531,2699000,0.0,0.0
2024-10-25 00:00:00-04:00,74.60436699426015,74.71281850876842,73.89450527091606,73.99310302734375,3208600,0.0,0.0
2024-10-28 00:00:00-04:00,73.98324175411128,75.55084679167962,73.88465151962725,74.93958282470703,5073800,0.0,0.0
2024-10-29 00:00:00-04:00,74.37760859070883,74.72267816484813,73.9931014192461,74.16070556640625,2813400,0.0,0.0
2024-10-30 00:00:00-04:00,71.19309556085905,72.25788817322612,69.94098375476378,71.80436706542969,8230900,0.0,0.0
2024-10-31 00:00:00-04:00,70.52267142212403,70.90717861183988,70.11844919378684,70.14802551269531,7412100,0.0,0.0
2024-11-01 00:00:00-04:00,70.65084066687696,70.84802112741316,70.29590982034988,70.41421508789062,3474300,0.0,0.0
2024-11-04 00:00:00-05:00,70.83816339605829,72.64239403595217,70.0001351138743,70.42407989501953,7289200,0.0,0.0
2024-11-05 00:00:00-05:00,66.19448937716541,66.59871909570607,64.37054380885697,65.33673858642578,15413300,0.0,0.0
2024-11-06 00:00:00-05:00,63.433922159335474,63.85786694391028,62.812796902752645,62.95082473754883,16622700,0.0,0.0
2024-11-07 00:00:00-05:00,62.615612729002144,63.828290685685495,62.477584894075385,63.77899932861328,14404300,0.0,0.0
2024-11-08 00:00:00-05:00,63.86772694159584,64.12406756762108,63.3649069695336,63.581809997558594,10277900,0.0,0.0
2024-11-11 00:00:00-05:00,64.27195864958057,64.2916736882086,63.78885370073484,63.87759017944336,9135700,0.0,0.0
2024-11-12 00:00:00-05:00,62.546598194955735,65.30716614920655,62.053639497376075,64.27195739746094,10214600,0.0,0.0
2024-11-13 00:00:00-05:00,64.56772489404533,64.77476663410519,63.77899553028664,64.37054443359375,6572900,0.0,0.0
2024-11-14 00:00:00-05:00,64.52829144033,65.05083398578385,64.05505529608315,64.12406921386719,9765000,0.0,0.0
2024-11-15 00:00:00-05:00,62.91139155320204,63.138152107147796,62.28040124890235,62.33955764770508,7374600,0.0,0.0
2024-11-18 00:00:00-05:00,62.11279582709786,62.75364363764102,61.86631647857764,62.4973030090332,9315200,0.0,0.0
2024-11-19 00:00:00-05:00,62.753642055986184,63.22687818092393,62.418430000008364,62.901527404785156,5995700,0.0,0.0
2024-11-20 00:00:00-05:00,62.990260115898195,63.02969771330017,61.9944852278442,62.30997848510742,7049000,0.0,0.0
2024-11-21 00:00:00-05:00,62.99026080947752,63.43392062171782,62.63532995090421,63.35505294799805,8659500,0.0,0.0
2024-11-22 00:00:00-05:00,64.77477105918125,65.52407039959978,64.6466045033273,64.70575714111328,7163000,0.0,0.0
2024-11-25 00:00:00-05:00,64.99166878505928,65.63251655588957,64.93251615210495,65.46491241455078,6604200,0.0,0.0
2024-11-26 00:00:00-05:00,65.6916704495742,65.87899715346107,64.95223243564493,65.42547607421875,4334500,0.0,0.0
2024-11-27 00:00:00-05:00,65.75083438799503,66.37195964752355,65.61280655254424,66.25364685058594,4986000,0.0,0.0
2024-11-29 00:00:00-05:00,66.38182290849811,66.76633010757743,66.19449618824552,66.66773986816406,2586300,0.0,0.0
2024-12-02 00:00:00-05:00,66.57899889515532,66.58886017501723,65.88885974387317,66.09590148925781,3686200,0.0,0.0
2024-12-03 00:00:00-05:00,67.45646705996404,67.68323137282417,67.04238355503983,67.09168243408203,4290700,0.0,0.0
2024-12-04 00:00:00-05:00,65.85928402230468,65.99731185381034,65.37617909008219,65.83956146240234,5975800,0.0,0.0
2024-12-05 00:00:00-05:00,66.33252302458891,67.05224605313221,66.30294670540752,66.5790023803711,5270100,0.0,0.0
2024-12-06 00:00:00-05:00,67.26914682842114,67.58464009233863,66.85505580794283,67.23956298828125,6815500,0.0,0.0
2024-12-09 00:00:00-05:00,67.06210078562775,68.02830318398722,67.01280942692715,67.61421966552734,5791000,0.0,0.0
2024-12-10 00:00:00-05:00,67.49590558765452,67.50576686798924,66.13534225762889,66.23393249511719,3960300,0.0,0.0
2024-12-11 00:00:00-05:00,66.64801665854858,66.78604449677475,66.25364818277963,66.45083618164062,7351800,0.0,0.0
2024-12-12 00:00:00-05:00,65.997314453125,66.63815475808974,65.97759189244589,65.997314453125,4789400,0.0,0.0
2024-12-13 00:00:00-05:00,65.66209479832112,65.75083127230768,65.20857371448024,65.64237976074219,6538100,0.0,0.0
2024-12-16 00:00:00-05:00,65.80998359156119,66.23392835602539,65.27758731605134,65.29730987548828,6639800,0.0,0.0
2024-12-17 00:00:00-05:00,65.54379331074612,66.51984944920032,65.50435571136022,66.23393249511719,4702400,0.0,0.0
2024-12-18 00:00:00-05:00,65.00153249080942,65.4846298958574,63.70998314341578,63.729698181152344,7133100,0.0,0.0
2024-12-19 00:00:00-05:00,63.700124448585846,63.93674252078974,63.4043462168663,63.53252029418945,4734700,0.0,0.0
2024-12-20 00:00:00-05:00,63.02970180883646,64.5480155586827,62.85223636997253,64.42970275878906,9078200,0.0,0.0
2024-12-23 00:00:00-05:00,64.92265891471433,65.79027103580758,64.64660324780385,65.6916732788086,8178400,0.0,0.0
2024-12-24 00:00:00-05:00,65.0015332394929,65.56350584586507,65.0015332394929,65.36632537841797,2151600,0.0,0.0
2024-12-26 00:00:00-05:00,64.99167250627652,65.73111054835265,64.9325198699353,65.58322143554688,3347900,0.0,0.0
2024-12-27 00:00:00-05:00,65.02124952912088,65.47477815249448,64.8437840962212,65.32688903808594,4700400,0.0,0.0
2024-12-30 00:00:00-05:00,65.17900276723837,65.17900276723837,64.40998836510761,64.6466064453125,3441600,0.0,0.0
2024-12-31 00:00:00-05:00,64.62688913854817,65.10012528235353,64.49871506138818,64.59730529785156,2018700,0.0,0.0
2025-01-02 00:00:00-05:00,65.08040643048953,65.47477487518812,64.92265604382912,64.95223236083984,2798100,0.0,0.0
2025-01-03 00:00:00-05:00,65.51420469155254,65.53392725078353,65.18885768376519,65.31702423095703,3864000,0.0,0.0
2025-01-06 00:00:00-05:00,65.86913584117299,66.61843513439692,65.4451910791854,65.89871215820312,5399900,0.0,0.0
2025-01-07 00:00:00-05:00,65.85928084032929,66.38181582320496,65.67195414007111,65.70153045654297,4111100,0.0,0.0
2025-01-08 00:00:00-05:00,65.27758762893532,65.80012262723129,64.75505263063937,65.64237976074219,3978200,0.0,0.0
2025-01-10 00:00:00-05:00,66.24379539665799,66.61844131706353,65.90857955465036,66.06632995605469,5671200,0.0,0.0
2025-01-13 00:00:00-05:00,64.95223339404659,65.27758793024482,64.7156153322445,64.80435180664062,7675800,0.0,0.0
2025-01-14 00:00:00-05:00,64.29167434520424,64.73534169937477,63.31561820115387,64.44942474365234,6247100,0.0,0.0
2025-01-15 00:00:00-05:00,64.58744651802755,64.95223111677605,64.11420288906304,64.75505065917969,5233100,0.0,0.0
2025-01-16 00:00:00-05:00,65.02124798950538,66.03674920602346,64.833928802846,65.96773529052734,3942800,0.0,0.0
2025-01-17 00:00:00-05:00,66.82547689204864,66.82547689204864,65.65223283654764,65.66209411621094,5432400,0.0,0.0
2025-01-21 00:00:00-05:00,66.7959031969476,67.41702844497196,66.63815280395255,67.00294494628906,5479000,0.0,0.0
2025-01-22 00:00:00-05:00,67.05224379911174,67.3775908211231,66.72688925514761,67.23956298828125,6972400,0.0,0.0
2025-01-23 00:00:00-05:00,67.78182313950926,67.83112201966466,67.1902741874096,67.6339340209961,4197700,0.0,0.0
2025-01-24 00:00:00-05:00,68.13675463011205,68.4916855089658,67.8705527099952,68.08745574951172,4686400,0.0,0.0
2025-01-27 00:00:00-05:00,68.53112124945989,69.32971194423446,68.51139868897369,69.09309387207031,5107400,0.0,0.0
2025-01-28 00:00:00-05:00,69.13252786988639,69.38886096723112,68.50154136234896,68.6099853515625,3426500,0.0,0.0
2025-01-29 00:00:00-05:00,69.16210617685982,69.30999528924566,68.60998732541618,69.26069641113281,3616700,0.0,0.0
2025-01-30 00:00:00-05:00,69.42830338208786,70.43394336960313,69.32971314380968,70.23675537109375,4663100,0.0,0.0
2025-01-31 00:00:00-05:00,69.64520648788752,70.54239495759225,69.49731736934847,69.76351928710938,3757700,0.0,0.0
2025-02-03 00:00:00-05:00,69.26069736990112,69.74379478989316,68.74802363141306,68.87619018554688,4993400,0.0,0.0
2025-02-04 00:00:00-05:00,68.67900775769296,68.7184378332625,67.79168061832627,67.98886108398438,5067900,0.0,0.0
2025-02-05 00:00:00-05:00,68.94520037727959,70.0888605883958,68.6691447236292,69.94097900390625,7809800,0.0,0.0
2025-02-06 00:00:00-05:00,73.14521109774437,73.55929458227362,70.94661208273004,71.34098052978516,9145200,0.0,0.0
2025-02-07 00:00:00-05:00,71.67618908282515,71.67618908282515,70.76914691664564,70.97618865966797,6223600,0.0,0.0
2025-02-10 00:00:00-05:00,71.71563220458053,72.26775108379249,71.41986148688603,71.63676452636719,7239300,0.0,0.0
2025-02-11 00:00:00-05:00,70.99591070216508,72.03111940973821,70.98604942248748,71.70577239990234,5338900,0.0,0.0
2025-02-12 00:00:00-05:00,72.06069515405036,73.54943245153001,72.0015425203599,73.38182830810547,5709300,0.0,0.0
2025-02-13 00:00:00-05:00,73.64802965261197,74.41705157313942,73.08605701350355,73.40155029296875,6105300,0.0,0.0
2025-02-14 00:00:00-05:00,73.28323836584886,73.52971770313052,72.41562628456789,72.5438003540039,5783600,0.0,0.0
2025-02-18 00:00:00-05:00,73.19450135186607,73.91422432106646,73.15506375555827,73.74662017822266,6169800,0.0,0.0
2025-02-19 00:00:00-05:00,73.14521464601712,73.40154775537805,72.543804427523,72.77056121826172,5069600,0.0,0.0
2025-02-20 00:00:00-05:00,73.0466121532496,73.68745992901896,73.03675839564947,73.50999450683594,3335900,0.0,0.0
2025-02-21 00:00:00-05:00,73.88999938964844,74.5,73.54000091552734,74.22000122070312,3614800,1.05,0.0
2025-02-24 00:00:00-05:00,74.54000091552734,75.08000183105469,74.19000244140625,74.69000244140625,3931800,0.0,0.0
2025-02-25 00:00:00-05:00,75.91000366210938,76.20999908447266,75.06999969482422,75.4000015258789,9777300,0.0,0.0
2025-02-26 00:00:00-05:00,76.16999816894531,76.25,74.97000122070312,75.5199966430664,8569100,0.0,0.0
2025-02-27 00:00:00-05:00,75.48999786376953,76.11000061035156,75.33999633789062,75.6500015258789,7669900,0.0,0.0
2025-02-28 00:00:00-05:00,75.83000183105469,76.26000213623047,75.30000305175781,76.20999908447266,12806700,0.0,0.0
2025-03-03 00:00:00-05:00,76.25,76.73999786376953,75.83999633789062,76.0999984741211,5736800,0.0,0.0
2025-03-04 00:00:00-05:00,77.01000213623047,77.63999938964844,76.87999725341797,77.25,6416700,0.0,0.0
2025-03-05 00:00:00-05:00,77.44000244140625,78.36000061035156,77.38999938964844,77.95999908447266,4910500,0.0,0.0
2025-03-06 00:00:00-05:00,77.38999938964844,78.04000091552734,77.20999908447266,77.47000122070312,5169100,0.0,0.0
2025-03-07 00:00:00-05:00,77.69000244140625,78.25,77.27999877929688,77.5,7023400,0.0,0.0
2025-03-10 00:00:00-04:00,76.11000061035156,76.97000122070312,75.47000122070312,75.98999786376953,6254700,0.0,0.0
2025-03-11 00:00:00-04:00,75.5199966430664,75.66999816894531,74.18000030517578,74.23999786376953,6108900,0.0,0.0
2025-03-12 00:00:00-04:00,75.2699966430664,75.79000091552734,74.68000030517578,75.56999969482422,6674700,0.0,0.0
2025-03-13 00:00:00-04:00,76.69999694824219,77.02999877929688,76.16999816894531,76.51000213623047,7430900,0.0,0.0
2025-03-14 00:00:00-04:00,76.87000274658203,77.69000244140625,76.73999786376953,77.5999984741211,5974000,0.0,0.0
2025-03-17 00:00:00-04:00,77.16000366210938,77.76000213623047,77.08000183105469,77.37000274658203,3867700,0.0,0.0
2025-03-18 00:00:00-04:00,77.48999786376953,77.5199966430664,76.69000244140625,77.06999969482422,3597400,0.0,0.0
2025-03-19 00:00:00-04:00,76.9800033569336,77.02999877929688,76.16999816894531,76.31999969482422,4050600,0.0,0.0
2025-03-20 00:00:00-04:00,76.5999984741211,77.01000213623047,76.2699966430664,76.5199966430664,3194800,0.0,0.0
2025-03-21 00:00:00-04:00,75.58999633789062,75.9000015258789,74.68000030517578,74.93000030517578,5172800,0.0,0.0
2025-03-24 00:00:00-04:00,73.83999633789062,74.41999816894531,73.79000091552734,74.08999633789062,3740900,0.0,0.0
2025-03-25 00:00:00-04:00,75.05000305175781,75.12000274658203,72.62000274658203,73.05000305175781,6075600,0.0,0.0
2025-03-26 00:00:00-04:00,72.37999725341797,73.11000061035156,71.81999969482422,72.72000122070312,6516200,0.0,0.0
2025-03-27 00:00:00-04:00,72.43000030517578,73.04000091552734,72.37000274658203,72.83999633789062,4563200,0.0,0.0
2025-03-28 00:00:00-04:00,73.69999694824219,74.19000244140625,73.43000030517578,73.79000091552734,3427700,0.0,0.0
2025-03-31 00:00:00-04:00,72.5999984741211,73.68000030517578,72.18000030517578,73.5,3891600,0.0,0.0
2025-04-01 00:00:00-04:00,74.0,74.01000213623047,72.41999816894531,72.5999984741211,4725000,0.0,0.0
2025-04-02 00:00:00-04:00,72.5199966430664,72.83999633789062,72.05000305175781,72.22000122070312,4177300,0.0,0.0
2025-04-03 00:00:00-04:00,75.62000274658203,75.69999694824219,73.87000274658203,73.91999816894531,9148800,0.0,0.0
2025-04-04 00:00:00-04:00,71.75,72.05000305175781,68.43000030517578,68.45999908447266,9212000,0.0,0.0
2025-04-07 00:00:00-04:00,64.77999877929688,67.33999633789062,63.93000030517578,65.79000091552734,12963700,0.0,0.0
2025-04-08 00:00:00-04:00,66.94999694824219,67.08999633789062,64.66999816894531,64.9000015258789,15401000,0.0,0.0
2025-04-09 00:00:00-04:00,61.810001373291016,67.08000183105469,61.2400016784668,66.76000213623047,13038400,0.0,0.0
2025-04-10 00:00:00-04:00,65.86000061035156,65.91000366210938,63.08000183105469,64.87000274658203,9762800,0.0,0.0
2025-04-11 00:00:00-04:00,65.0199966430664,66.62000274658203,64.44000244140625,66.29000091552734,5761300,0.0,0.0
2025-04-14 00:00:00-04:00,66.79000091552734,68.31999969482422,66.69000244140625,68.01000213623047,5939900,0.0,0.0
2025-04-15 00:00:00-04:00,68.0999984741211,68.4000015258789,67.31999969482422,67.87000274658203,5890500,0.0,0.0
2025-04-16 00:00:00-04:00,68.08999633789062,68.16999816894531,66.80999755859375,67.05000305175781,3554600,0.0,0.0
2025-04-17 00:00:00-04:00,67.1500015258789,68.1500015258789,67.08999633789062,67.58999633789062,3796000,0.0,0.0
2025-04-21 00:00:00-04:00,67.80000305175781,67.91000366210938,66.58999633789062,66.9000015258789,2572800,0.0,0.0
2025-04-22 00:00:00-04:00,66.94999694824219,68.44000244140625,66.87000274658203,67.87000274658203,5807000,0.0,0.0
2025-04-23 00:00:00-04:00,68.8499984741211,69.2699966430664,68.36000061035156,68.51000213623047,5674000,0.0,0.0
2025-04-24 00:00:00-04:00,69.16000366210938,69.70999908447266,68.4800033569336,69.55000305175781,3432000,0.0,0.0
2025-04-25 00:00:00-04:00,69.6500015258789,69.79000091552734,68.80000305175781,69.56999969482422,6662600,0.0,0.0
2025-04-28 00:00:00-04:00,70.25,70.80999755859375,69.52999877929688,69.93000030517578,8023400,0.0,0.0
2025-04-29 00:00:00-04:00,70.4000015258789,72.05999755859375,69.70999908447266,71.70999908447266,7918900,0.0,0.0
2025-04-30 00:00:00-04:00,72.5199966430664,72.56999969482422,71.30000305175781,71.79000091552734,4057300,0.0,0.0
2025-05-01 00:00:00-04:00,70.08999633789062,70.69000244140625,69.69999694824219,70.51000213623047,5820100,0.0,0.0
2025-05-02 00:00:00-04:00,71.51000213623047,72.66999816894531,71.3499984741211,72.44000244140625,5374400,0.0,0.0
2025-05-05 00:00:00-04:00,72.5,72.5199966430664,71.98999786376953,72.08999633789062,3055700,0.0,0.0
2025-05-06 00:00:00-04:00,72.69000244140625,72.69000244140625,70.19999694824219,70.26000213623047,4802000,0.0,0.0
2025-05-07 00:00:00-04:00,70.0199966430664,70.69000244140625,69.83999633789062,70.06999969482422,4039600,0.0,0.0
2025-05-08 00:00:00-04:00,68.43000030517578,68.51000213623047,67.26000213623047,67.30000305175781,7145900,0.0,0.0
2025-05-09 00:00:00-04:00,68.04000091552734,68.62999725341797,67.5199966430664,67.56999969482422,6215900,0.0,0.0
2025-05-12 00:00:00-04:00,66.44000244140625,68.94999694824219,66.37000274658203,68.94999694824219,7071300,0.0,0.0
2025-05-13 00:00:00-04:00,68.41999816894531,68.44000244140625,67.38999938964844,67.72000122070312,4828700,0.0,0.0
2025-05-14 00:00:00-04:00,68.22000122070312,68.22000122070312,66.16000366210938,66.2300033569336,5641300,0.0,0.0
2025-05-15 00:00:00-04:00,67.55000305175781,67.97000122070312,67.06999969482422,67.95999908447266,5989900,0.0,0.0
2025-05-16 00:00:00-04:00,68.20999908447266,68.86000061035156,68.08000183105469,68.80999755859375,3743300,0.0,0.0
2025-05-19 00:00:00-04:00,68.69000244140625,69.69999694824219,68.68000030517578,69.69000244140625,5315900,0.0,0.0
2025-05-20 00:00:00-04:00,69.79000091552734,70.43000030517578,69.55999755859375,69.91999816894531,4295100,0.0,0.0
2025-05-21 00:00:00-04:00,70.95999908447266,70.9800033569336,69.56999969482422,69.68000030517578,4393200,0.0,0.0
2025-05-22 00:00:00-04:00,69.58000183105469,70.27999877929688,69.47000122070312,69.94999694824219,3410100,0.0,0.0
2025-05-23 00:00:00-04:00,69.95999908447266,70.5999984741211,69.91000366210938,70.41000366210938,3958300,0.0,0.0
2025-05-27 00:00:00-04:00,71.27999877929688,71.41000366210938,70.52999877929688,70.95999908447266,4459200,0.0,0.0
2025-05-28 00:00:00-04:00,70.19000244140625,70.55999755859375,69.97000122070312,70.37999725341797,3820700,0.0,0.0
2025-05-29 00:00:00-04:00,70.37000274658203,70.9000015258789,70.06999969482422,70.87000274658203,3460700,0.0,0.0
2025-05-30 00:00:00-04:00,71.08000183105469,73.19999694824219,70.5999984741211,72.83000183105469,8033900,0.0,0.0
2025-06-02 00:00:00-04:00,71.56999969482422,72.19999694824219,71.27999877929688,71.93000030517578,6389900,0.0,0.0
2025-06-03 00:00:00-04:00,72.18000030517578,72.52999877929688,71.6500015258789,71.81999969482422,4514500,0.0,0.0
2025-06-04 00:00:00-04:00,72.61000061035156,73.38999938964844,72.41000366210938,73.0,3620700,0.0,0.0
2025-06-05 00:00:00-04:00,72.88999938964844,72.93000030517578,72.18000030517578,72.3499984741211,3974800,0.0,0.0
2025-06-06 00:00:00-04:00,72.41999816894531,73.16999816894531,72.41999816894531,72.87999725341797,2453900,0.0,0.0
2025-06-09 00:00:00-04:00,72.54000091552734,73.56999969482422,72.54000091552734,73.01000213623047,3547400,0.0,0.0
2025-06-10 00:00:00-04:00,73.2699966430664,74.06999969482422,73.16000366210938,73.83000183105469,2955600,0.0,0.0
2025-06-11 00:00:00-04:00,73.43000030517578,74.16000366210938,73.43000030517578,73.73999786376953,3555100,0.0,0.0
2025-06-12 00:00:00-04:00,74.62000274658203,75.37999725341797,74.26000213623047,75.0,3445800,0.0,0.0
2025-06-13 00:00:00-04:00,74.1500015258789,74.9800033569336,73.91000366210938,74.41999816894531,3131600,0.0,0.0
2025-06-16 00:00:00-04:00,74.3499984741211,74.76000213623047,73.41000366210938,73.55000305175781,3419100,0.0,0.0
2025-06-17 00:00:00-04:00,72.51000213623047,72.69000244140625,70.91999816894531,70.97000122070312,4263600,0.0,0.0
2025-06-18 00:00:00-04:00,71.12000274658203,71.26000213623047,70.54000091552734,70.76000213623047,3371400,0.0,0.0
2025-06-20 00:00:00-04:00,71.13999938964844,71.13999938964844,69.66000366210938,69.94999694824219,6297100,0.0,0.0
2025-06-23 00:00:00-04:00,70.0,70.70999908447266,69.94000244140625,70.63999938964844,2949800,0.0,0.0
2025-06-24 00:00:00-04:00,70.30999755859375,70.91000366210938,70.0,70.54000091552734,3646600,0.0,0.0
2025-06-25 00:00:00-04:00,70.19999694824219,70.22000122070312,69.6500015258789,69.68000030517578,4023200,0.0,0.0
2025-06-26 00:00:00-04:00,70.08999633789062,70.37000274658203,69.66000366210938,70.06999969482422,4249700,0.0,0.0
2025-06-27 00:00:00-04:00,70.02999877929688,70.3499984741211,69.70999908447266,69.8499984741211,3134800,0.0,0.0
2025-06-30 00:00:00-04:00,69.88999938964844,70.06999969482422,69.41000366210938,69.87999725341797,3701400,0.0,0.0
2025-07-01 00:00:00-04:00,70.11000061035156,72.01000213623047,70.04000091552734,71.45999908447266,6730900,0.0,0.0
2025-07-02 00:00:00-04:00,70.63999938964844,71.2699966430664,70.51000213623047,71.12999725341797,3676100,0.0,0.0
2025-07-03 00:00:00-04:00,71.11000061035156,71.16000366210938,69.18000030517578,69.44999694824219,6768000,0.0,0.0
