Date,Open,High,Low,Close,Volume,Dividends,Stock Splits
2020-07-06 00:00:00-04:00,27.87631241988882,28.033804567057114,27.48672275441386,27.727108001708984,4481450,0.0,0.0
2020-07-07 00:00:00-04:00,27.56961374983132,27.56961374983132,26.993520120561673,27.047401428222656,3758024,0.0,0.0
2020-07-08 00:00:00-04:00,26.96451368002854,27.36239116876906,26.840178743449798,27.146875381469727,3948239,0.0,0.0
2020-07-09 00:00:00-04:00,26.93964363679424,26.95622225847812,25.92837142944336,25.92837142944336,5623667,0.0,0.0
2020-07-10 00:00:00-04:00,26.326247415747467,26.707547788382975,26.218487961753482,26.699256896972656,6243871,0.0,0.0
2020-07-13 00:00:00-04:00,27.17174026150933,27.34995650677633,26.807020040472953,26.86504364013672,7151276,0.0,0.0
2020-07-14 00:00:00-04:00,27.03082315038625,27.80999935905246,26.931354587206194,27.77684211730957,5614488,0.0,0.0
2020-07-15 00:00:00-04:00,28.075248693275295,28.290767585086698,27.85144207272423,28.16642951965332,6038259,0.0,0.0
2020-07-16 00:00:00-04:00,27.851448405615816,27.99651056895526,27.602775380253885,27.75197982788086,3481162,0.0,0.0
2020-07-17 00:00:00-04:00,27.611063252180582,27.751976791717915,27.2048949309547,27.279497146606445,3616908,0.0,0.0
2020-07-20 00:00:00-04:00,27.180031154060742,27.345814222549652,26.807020040472953,26.86504364013672,4428253,0.0,0.0
2020-07-21 00:00:00-04:00,27.229758833744274,28.083622585370907,27.180026135814067,27.710529327392578,6851599,0.0,0.0
2020-07-22 00:00:00-04:00,27.287788942002138,27.287788942002138,26.87747827580866,27.146875381469727,5248364,0.0,0.0
2020-07-23 00:00:00-04:00,26.898197013122868,27.07641323272818,26.72826852282657,26.848461151123047,5887832,0.0,0.0
2020-07-24 00:00:00-04:00,26.77386313954478,27.02253616445962,26.64123731545359,26.765575408935547,4553120,0.0,0.0
2020-07-27 00:00:00-04:00,26.88991009618652,26.914779611886516,26.566634850527915,26.89820098876953,4390806,0.0,0.0
2020-07-28 00:00:00-04:00,26.773861060683686,26.997667714344256,26.534307403883346,26.608078002929688,4301053,0.0,0.0
2020-07-29 00:00:00-04:00,26.82359866352675,26.877476816914808,26.65781559503784,26.86504364013672,6410516,0.0,0.0
2020-07-30 00:00:00-04:00,25.886923423460985,26.011259917068358,25.00827707680801,25.563648223876953,11839841,0.0,0.0
2020-07-31 00:00:00-04:00,25.53877754634327,25.547066855828913,24.494348266513985,24.70986557006836,9047381,0.0,0.0
2020-08-03 00:00:00-04:00,24.834205226960204,25.182348364769194,24.685002380205773,25.11603546142578,6443493,0.0,0.0
2020-08-04 00:00:00-04:00,25.57193695158958,26.09829629085769,25.538779710836824,25.986392974853516,5737440,0.0,0.0
2020-08-05 00:00:00-04:00,26.492029985244148,26.57077764668337,26.01540647585257,26.127309799194336,4572046,0.0,0.0
2020-08-06 00:00:00-04:00,25.804033269193024,26.027839918170127,25.75429898531735,25.90350341796875,3633005,0.0,0.0
2020-08-07 00:00:00-04:00,25.422733109515452,25.58022684463108,25.248660753645694,25.563648223876953,3951120,0.0,0.0
2020-08-10 00:00:00-04:00,25.88692277739136,26.094150788573213,25.821770348857477,26.069284439086914,3528310,0.0,0.0
2020-08-11 00:00:00-04:00,26.931355106975204,26.989378700120795,26.32624808168351,26.400850296020508,5656384,0.0,0.0
2020-08-12 00:00:00-04:00,27.3872564990132,27.511591416584764,27.06398128645893,27.246339797973633,5308674,0.0,0.0
2020-08-13 00:00:00-04:00,27.028708053743152,27.049632668744184,26.427194823154224,26.509729385375977,3820813,0.32,0.0
2020-08-14 00:00:00-04:00,25.89867699357925,26.14142393965675,25.83171215363707,26.040977478027344,3795139,0.0,0.0
2020-08-17 00:00:00-04:00,26.1079393115229,26.17490414375378,25.78525225678959,25.89867401123047,4057804,0.0,0.0
2020-08-18 00:00:00-04:00,25.91541071506171,26.112120583138076,25.55547578560308,25.563846588134766,6547315,0.0,0.0
2020-08-19 00:00:00-04:00,25.630814673235303,25.856819984079813,25.404807765823257,25.463401794433594,3824757,0.0,0.0
2020-08-20 00:00:00-04:00,25.1955405748488,25.379693450457214,25.069981723453637,25.212282180786133,4721167,0.0,0.0
2020-08-21 00:00:00-04:00,24.760267791492684,24.869085034276743,24.651450548708624,24.802120208740234,4673192,0.0,0.0
2020-08-24 00:00:00-04:00,25.45503100303993,25.81915217855554,25.254136506322094,25.555479049682617,5080002,0.0,0.0
2020-08-25 00:00:00-04:00,25.75637212695416,25.798224546084377,24.95279258780094,25.162057876586914,4149134,0.0,0.0
2020-08-26 00:00:00-04:00,25.19553974677481,25.336500679411422,25.019756083344934,25.136945724487305,3992483,0.0,0.0
2020-08-27 00:00:00-04:00,25.170429792091365,25.24995162714754,24.729132143182223,24.927682876586914,5544677,0.0,0.0
2020-08-28 00:00:00-04:00,25.17042979258671,25.358768880134615,25.011387719038755,25.270877838134766,5251411,0.0,0.0
2020-08-31 00:00:00-04:00,25.40480609878543,25.40480609878543,24.835604264091117,24.843975067138672,4937139,0.0,0.0
2020-09-01 00:00:00-04:00,24.442188262939453,24.768641627842005,24.211995150182453,24.442188262939453,6213614,0.0,0.0
2020-09-02 00:00:00-04:00,24.450560765211584,24.484043984876777,24.216184613826407,24.30826187133789,5996161,0.0,0.0
2020-09-03 00:00:00-04:00,24.316627803077736,24.785383235819975,24.052954668298746,24.224552154541016,6178531,0.0,0.0
2020-09-04 00:00:00-04:00,24.676560757607017,24.70443522677901,23.92739069257872,24.19943618774414,7398020,0.0,0.0
2020-09-08 00:00:00-04:00,23.705572690493657,23.797649932470613,23.307968305172963,23.462825775146484,6149304,0.0,0.0
2020-09-09 00:00:00-04:00,24.207808066888774,24.299885302559808,23.799907445570806,23.872983932495117,5839572,0.0,0.0
2020-09-10 00:00:00-04:00,24.18269872815046,24.21618194412431,23.320526672202824,23.32889747619629,6583656,0.0,0.0
2020-09-11 00:00:00-04:00,23.57164355917136,23.70557322512151,23.22007778691034,23.50467872619629,6880587,0.0,0.0
2020-09-14 00:00:00-04:00,23.504679269333153,23.504679269333153,23.136371881175773,23.203336715698242,5963504,0.0,0.0
2020-09-15 00:00:00-04:00,23.580013542733678,23.772537231269947,23.253560192905432,23.303783416748047,6545371,0.0,0.0
2020-09-16 00:00:00-04:00,23.29541178813684,23.755794782948588,23.15729752832029,23.479564666748047,11434155,0.0,0.0
2020-09-17 00:00:00-04:00,23.144744347867604,23.3037864399975,22.893626599508995,23.10289192199707,10235336,0.0,0.0
2020-09-18 00:00:00-04:00,22.80155186142738,22.843405888481577,22.48346923865492,22.58391571044922,7042581,0.0,0.0
2020-09-21 00:00:00-04:00,22.014713835046464,22.098420293043212,21.696631210540293,22.02308464050293,8348456,0.0,0.0
2020-09-22 00:00:00-04:00,22.558798885813644,22.772248778983798,22.09841429017548,22.29930877685547,6777133,0.0,0.0
2020-09-23 00:00:00-04:00,22.684356052089843,22.724115368538698,21.805440942141498,21.864036560058594,8124938,0.0,0.0
2020-09-24 00:00:00-04:00,22.207235885233846,22.500206050070346,21.81381606976599,22.215606689453125,9533087,0.0,0.0
2020-09-25 00:00:00-04:00,21.67151452191789,21.82637199748253,21.386913578774998,21.545955657958984,9607179,0.0,0.0
2020-09-28 00:00:00-04:00,21.9226308379671,22.10678370673108,21.830553605301436,21.838924407958984,8440087,0.0,0.0
2020-09-29 00:00:00-04:00,21.68825722930505,21.704998837766528,21.27809740140475,21.47062110900879,7121182,0.0,0.0
2020-09-30 00:00:00-04:00,21.37017496796114,21.445510610586194,20.98512595048114,21.068832397460938,7345651,0.0,0.0
2020-10-01 00:00:00-04:00,20.616816669113025,20.71726471567876,20.18154605817494,20.290363311767578,8728720,0.0,0.0
2020-10-02 00:00:00-04:00,19.9304243784213,20.717262260820615,19.871830356770765,20.591703414916992,8151479,0.0,0.0
2020-10-05 00:00:00-04:00,21.03534807959196,21.286467407394216,20.809342760107803,21.269725799560547,6962014,0.0,0.0
2020-10-06 00:00:00-04:00,21.8221860765337,22.03982218857889,21.148351528898477,21.177648544311523,6744541,0.0,0.0
2020-10-07 00:00:00-04:00,21.286463346130695,21.43713459475183,21.064642672642524,21.420392990112305,8851622,0.0,0.0
2020-10-08 00:00:00-04:00,21.755215071529022,22.157003966009555,21.721733461939216,22.131893157958984,6181265,0.0,0.0
2020-10-09 00:00:00-04:00,22.68436079733259,22.763881043432136,22.249088552585505,22.31605339050293,10305656,0.0,0.0
2020-10-12 00:00:00-04:00,22.11515943771277,22.127714846213365,21.771964435109705,22.014711380004883,4889638,0.0,0.0
2020-10-13 00:00:00-04:00,21.86403815921237,21.897519775332242,21.453876786629863,21.612918853759766,4736456,0.0,0.0
2020-10-14 00:00:00-04:00,21.50410407160766,21.922634698788833,21.46225005094896,21.587810516357422,4767882,0.0,0.0
2020-10-15 00:00:00-04:00,20.708894730346298,21.26135501686813,20.6084482763792,21.236244201660156,5325005,0.0,0.0
2020-10-16 00:00:00-04:00,21.068828055135537,21.420393782738184,20.87630438435887,21.15253448486328,4770070,0.0,0.0
2020-10-19 00:00:00-04:00,21.17764693485087,21.541769692856246,20.960012435913086,20.960012435913086,4627761,0.0,0.0
2020-10-20 00:00:00-04:00,21.202760146855635,21.43295165770192,21.068830482488067,21.19438934326172,4062899,0.0,0.0
2020-10-21 00:00:00-04:00,21.018608915326546,21.123241573652038,20.759118773150607,20.784231185913086,4046687,0.0,0.0
2020-10-22 00:00:00-04:00,20.616817743407125,21.33669092436444,20.55822371176039,21.30320930480957,5203197,0.0,0.0
2020-10-23 00:00:00-04:00,21.679882589889882,21.74266281223074,21.173460997773848,21.437135696411133,4235291,0.0,0.0
2020-10-26 00:00:00-04:00,21.077202948537995,21.119055373241128,20.64611690713862,20.784231185913086,5347015,0.0,0.0
2020-10-27 00:00:00-04:00,20.457773728341547,20.50799694729607,20.231766848195186,20.24850845336914,6143508,0.0,0.0
2020-10-28 00:00:00-04:00,19.61234309302239,19.84579957148165,19.31100056669077,19.33611297607422,8483371,0.0,0.0
2020-10-29 00:00:00-04:00,19.947167280933673,20.713079004923006,19.746272795108798,20.6168155670166,11682777,0.0,0.0
2020-10-30 00:00:00-04:00,21.119053967527204,21.42876731804548,20.985124301510535,21.386913299560547,9439823,0.0,0.0
2020-11-02 00:00:00-05:00,22.039820010298623,22.491833797541503,21.67988346043502,22.324420928955078,8077173,0.0,0.0
2020-11-03 00:00:00-05:00,22.809917186857483,22.851769607288936,22.341163372441695,22.49183464050293,7717461,0.0,0.0
2020-11-04 00:00:00-05:00,22.424871142866618,22.805733939075356,22.039822146425394,22.51694679260254,7404175,0.0,0.0
2020-11-05 00:00:00-05:00,22.600654069922378,22.818290189591227,22.39138875446013,22.466724395751953,5926139,0.0,0.0
2020-11-06 00:00:00-05:00,22.525315413318324,22.77643311963052,22.249085297747932,22.324420928955078,5030635,0.0,0.0
2020-11-09 00:00:00-05:00,25.48851391996958,25.957267740173755,25.086723334655623,25.304359436035156,11753169,0.0,0.0
2020-11-10 00:00:00-05:00,26.350688113824045,26.59971434988,25.97777780739492,26.585065841674805,10317788,0.0,0.0
2020-11-11 00:00:00-05:00,26.80269612977039,26.844548545088806,26.11630630051762,26.275346755981445,6114795,0.0,0.0
2020-11-12 00:00:00-05:00,26.066375983575444,26.590919160002784,25.677200089521335,25.91408920288086,5858630,0.333,0.0
2020-11-13 00:00:00-05:00,26.074842904090403,26.438638832617045,26.05792178795278,26.404796600341797,4762914,0.0,0.0
2020-11-16 00:00:00-05:00,27.96149887406902,28.08840560913086,27.411577219336497,28.08840560913086,7437126,0.0,0.0
2020-11-17 00:00:00-05:00,27.902275969730304,28.57064540172966,27.669617930466,28.55372428894043,6099778,0.0,0.0
2020-11-18 00:00:00-05:00,28.66371171470543,28.832919625888547,27.91073989868164,27.91073989868164,4948519,0.0,0.0
2020-11-19 00:00:00-05:00,27.631544365703764,28.10955369495696,27.479257579373638,28.071483612060547,4333768,0.0,0.0
2020-11-20 00:00:00-05:00,28.240691898791376,28.51988219264862,28.058793969697913,28.477581024169922,4869829,0.0,0.0
2020-11-23 00:00:00-05:00,29.332080005862196,29.797402600891317,29.28977883196119,29.7889404296875,6213612,0.0,0.0
2020-11-24 00:00:00-05:00,31.176442514377275,31.4937061894654,31.08760907263736,31.396413803100586,7285970,0.0,0.0
2020-11-25 00:00:00-05:00,30.744964599609375,30.96493265568895,30.2965663156551,30.744964599609375,5255506,0.0,0.0
2020-11-27 00:00:00-05:00,30.415004356048414,30.761879095419044,30.3896210734988,30.68573570251465,2598848,0.0,0.0
2020-11-30 00:00:00-05:00,30.195037388118987,30.24580073302158,28.61295025344067,28.629871368408203,7388264,0.0,0.0
2020-12-01 00:00:00-05:00,29.80586536562448,30.030064520675975,29.518212827900854,29.66204071044922,5326353,0.0,0.0
2020-12-02 00:00:00-05:00,30.127350916089373,31.11721176424535,30.04274535596571,30.78725814819336,6286185,0.0,0.0
2020-12-03 00:00:00-05:00,31.024148802102346,31.519082478125238,30.787259676739097,31.05799102783203,4648399,0.0,0.0
2020-12-04 00:00:00-05:00,32.07324364483112,32.45396071600522,32.01402134791217,32.34397506713867,5367243,0.0,0.0
2020-12-07 00:00:00-05:00,32.08168655744648,32.14937099288562,31.586756225940956,31.658668518066406,4176276,0.0,0.0
2020-12-08 00:00:00-05:00,31.548702235887365,31.988641608419808,31.481017765940916,31.633304595947266,4120911,0.0,0.0
2020-12-09 00:00:00-05:00,32.26782854641485,32.42434644598844,31.396412066466276,31.794050216674805,6450576,0.0,0.0
2020-12-10 00:00:00-05:00,31.912495848861532,32.885435827562844,31.827890267644293,32.50471878051758,4965517,0.0,0.0
2020-12-11 00:00:00-05:00,32.10708824881881,32.12400936738338,31.438718588698695,31.988643646240234,4557049,0.0,0.0
2020-12-14 00:00:00-05:00,31.590996234374682,31.82365751270855,30.778802143891344,30.812641143798828,4630008,0.0,0.0
2020-12-15 00:00:00-05:00,31.21874519281376,31.84057925059757,30.981852800570916,31.794050216674805,5270395,0.0,0.0
2020-12-16 00:00:00-05:00,31.810959222146646,32.212828345902786,31.574070123425162,32.005550384521484,4279066,0.0,0.0
2020-12-17 00:00:00-05:00,32.19168853558292,32.43703989786619,32.0394017057087,32.23398971557617,3410801,0.0,0.0
2020-12-18 00:00:00-05:00,32.0478640585051,32.15784648163193,31.43871673557976,31.557161331176758,3782223,0.0,0.0
2020-12-21 00:00:00-05:00,29.57743352494626,30.279645327763706,29.365924412392516,30.06813621520996,7399731,0.0,0.0
2020-12-22 00:00:00-05:00,29.907391219251476,30.008917930547966,29.509756229146994,29.560516357421875,4389565,0.0,0.0
2020-12-23 00:00:00-05:00,30.355785522918993,30.888786106405,30.330402237486858,30.406545639038086,5800646,0.0,0.0
2020-12-24 00:00:00-05:00,30.694199901591297,30.736504303961336,29.996222445704536,30.313486099243164,2081061,0.0,0.0
2020-12-28 00:00:00-05:00,30.80418256673773,30.98184942101,30.26695091861755,30.372705459594727,5201155,0.0,0.0
2020-12-29 00:00:00-05:00,30.821103567033347,30.905705908554427,30.372705347701206,30.57575225830078,4728315,0.0,0.0
2020-12-30 00:00:00-05:00,30.58421559033639,30.8295636810138,30.41923875894444,30.482688903808594,3788926,0.0,0.0
2020-12-31 00:00:00-05:00,30.431925079681832,30.431925079681832,29.7212544974478,29.729713439941406,3789069,0.0,0.0
2021-01-04 00:00:00-05:00,30.668817935070315,30.761882450701176,30.0300595819997,30.482688903808594,6794599,0.0,0.0
2021-01-05 00:00:00-05:00,31.46408867124923,33.0081055561809,31.40063853097763,32.58085632324219,8518589,0.0,0.0
2021-01-06 00:00:00-05:00,33.76530495862611,34.416753226580894,33.4734214338785,34.08679962158203,9180332,0.0,0.0
2021-01-07 00:00:00-05:00,33.8414559245019,34.370228673322245,33.62571573931884,34.12910842895508,4829303,0.0,0.0
2021-01-08 00:00:00-05:00,34.14602953708603,34.19678965544366,33.646867933208746,34.04450607299805,5546750,0.0,0.0
2021-01-11 00:00:00-05:00,33.12231913748864,34.109811069698885,33.029254637376816,34.06141662597656,5699062,0.0,0.0
2021-01-12 00:00:00-05:00,34.43367631062236,34.962448971327944,34.357532918385864,34.84823226928711,4737964,0.0,0.0
2021-01-13 00:00:00-05:00,34.61980552249935,34.636726636603036,34.1037260655133,34.399837493896484,3531505,0.0,0.0
2021-01-14 00:00:00-05:00,34.46752609467743,35.40662383505491,34.45906392292184,35.23741912841797,4177860,0.0,0.0
2021-01-15 00:00:00-05:00,34.467519806097464,34.60288548313336,33.69762691282346,34.002197265625,4973155,0.0,0.0
2021-01-19 00:00:00-05:00,34.23062373780171,34.44636387158584,33.8668279150959,34.39137268066406,4130062,0.0,0.0
2021-01-20 00:00:00-05:00,34.459059792374816,34.63672664947074,34.12064719229296,34.484439849853516,2696298,0.0,0.0
2021-01-21 00:00:00-05:00,34.39137782949556,34.42521682962096,33.329601340200874,33.62994384765625,3495395,0.0,0.0
2021-01-22 00:00:00-05:00,32.91927488222876,33.338061979865,32.72468690527281,33.23230743408203,3795510,0.0,0.0
2021-01-25 00:00:00-05:00,32.293213474020476,32.41588916071209,31.861736254771795,32.33551788330078,4152422,0.0,0.0
2021-01-26 00:00:00-05:00,32.8431239679901,33.02502187422637,32.453948103094056,32.47932815551758,3597892,0.0,0.0
2021-01-27 00:00:00-05:00,32.16630377785559,32.800831067254016,31.616378836094544,32.13246154785156,4865827,0.0,0.0
2021-01-28 00:00:00-05:00,32.090163597853405,32.575111894009986,31.912496713542637,32.35243606567383,4479223,0.0,0.0
2021-01-29 00:00:00-05:00,31.827885593734194,31.975941304906293,31.066454838832342,31.21027946472168,4777888,0.0,0.0
2021-02-01 00:00:00-05:00,31.210276025221237,31.26949830316354,30.66458226929109,30.98184585571289,5965508,0.0,0.0
2021-02-02 00:00:00-05:00,31.235658664568696,31.387945456844815,30.491149043854733,30.601131439208984,8651487,0.0,0.0
2021-02-03 00:00:00-05:00,30.2457985720892,31.417557460362623,30.228877458330608,31.21027946472168,7443705,0.0,0.0
2021-02-04 00:00:00-05:00,30.719575811626132,31.049529415693076,30.275405512384012,30.964923858642578,6991247,0.0,0.0
2021-02-05 00:00:00-05:00,31.726361344658415,31.97594050476432,31.46408892902185,31.709440231323242,6950835,0.0,0.0
2021-02-08 00:00:00-05:00,31.87018284044251,32.65699678279236,31.87018284044251,32.597774505615234,6562795,0.0,0.0
2021-02-09 00:00:00-05:00,32.72469213831276,32.72469213831276,32.15784600403731,32.34397506713867,4530155,0.0,0.0
2021-02-10 00:00:00-05:00,32.056317594348286,32.52163695312027,31.751743984280036,32.437034606933594,4077347,0.0,0.0
2021-02-11 00:00:00-05:00,31.726358663931915,31.77712199964816,31.328720602584895,31.574071884155273,4616931,0.0,0.0
2021-02-12 00:00:00-05:00,31.48100978444577,32.61469854963527,31.45562972833713,32.58085632324219,4076934,0.0,0.0
2021-02-16 00:00:00-05:00,33.73146852716767,34.21794007614678,33.64686618272459,33.968360900878906,5631118,0.0,0.0
2021-02-17 00:00:00-05:00,34.052962710489034,34.357536309496616,33.66378676836713,34.31523513793945,3916612,0.0,0.0
2021-02-18 00:00:00-05:00,33.72066495912028,33.92539595935102,33.242964715396646,33.33679962158203,3542728,0.333,0.0
2021-02-19 00:00:00-05:00,33.40504307140437,33.92539794223626,33.36239172630598,33.737728118896484,3650577,0.0,0.0
2021-02-22 00:00:00-05:00,33.823032008911774,34.957573339249066,33.780377412315005,34.4798698425293,5382257,0.0,0.0
2021-02-23 00:00:00-05:00,34.88933611576882,35.13671523425265,34.06188630258473,35.03435134887695,5413532,0.0,0.0
2021-02-24 00:00:00-05:00,35.22202637437712,36.30538768769696,35.08554008906618,36.15184020996094,7325540,0.0,0.0
2021-02-25 00:00:00-05:00,36.646587193138096,36.842785946829224,35.84046488280542,36.023868560791016,7190286,0.0,0.0
2021-02-26 00:00:00-05:00,35.22201725716416,35.26466860014171,34.560910051701,35.00022506713867,6386552,0.0,0.0
2021-03-01 00:00:00-05:00,35.04288152922016,35.54617195886531,34.87653575080353,34.9831657409668,4974612,0.0,0.0
2021-03-02 00:00:00-05:00,35.102589766240435,35.8617946826093,35.04287723938594,35.42674255371094,4066083,0.0,0.0
2021-03-03 00:00:00-05:00,35.5461721689226,36.493047007822184,35.51205304497642,35.87886047363281,5468191,0.0,0.0
2021-03-04 00:00:00-05:00,36.20300986264994,36.919563462857376,35.63574083863933,36.194480895996094,7670005,0.0,0.0
2021-03-05 00:00:00-05:00,37.29489941028811,37.64464558230393,36.783073600987194,37.405792236328125,6868982,0.0,0.0
2021-03-08 00:00:00-05:00,36.808669389698565,37.311963011680355,36.305375767716775,36.97927474975586,6300974,0.0,0.0
2021-03-09 00:00:00-05:00,37.26930987831946,37.491102061628766,36.70630370743329,36.851322174072266,5116723,0.0,0.0
2021-03-10 00:00:00-05:00,37.35461274126885,37.943209017903825,37.13282057621439,37.857906341552734,4928426,0.0,0.0
2021-03-11 00:00:00-05:00,37.69582607771029,37.938942280789945,37.34607990390993,37.474037170410156,3722584,0.0,0.0
2021-03-12 00:00:00-05:00,37.70435191744334,37.960263153050825,37.546538416009575,37.832305908203125,2942390,0.0,0.0
2021-03-15 00:00:00-04:00,37.58494140963155,37.704366482108064,36.86838772068328,37.23519515991211,4258505,0.0,0.0
2021-03-16 00:00:00-04:00,36.5868788501489,36.6551236004926,36.11770758084678,36.51010513305664,3554135,0.0,0.0
2021-03-17 00:00:00-04:00,36.04946827233838,36.9110404779975,36.04946827233838,36.86838912963867,3359238,0.0,0.0
2021-03-18 00:00:00-04:00,36.4162649883271,36.59540580515777,35.44380021448204,35.52910614013672,4190146,0.0,0.0
2021-03-19 00:00:00-04:00,35.520579898820664,36.05799593158585,35.11965011598597,35.79355239868164,4335357,0.0,0.0
2021-03-22 00:00:00-04:00,35.55470582541662,35.66986478832195,35.281733298295855,35.30732345581055,4425842,0.0,0.0
2021-03-23 00:00:00-04:00,34.22395930892617,34.42869031332791,33.405041799497035,33.5500602722168,6750032,0.0,0.0
2021-03-24 00:00:00-04:00,34.08747334856332,34.76137564511875,34.08747334856332,34.42015838623047,5508427,0.0,0.0
2021-03-25 00:00:00-04:00,33.558597643807566,34.01924007850968,33.089426239910104,34.01070785522461,5377251,0.0,0.0
2021-03-26 00:00:00-04:00,34.59076378928428,34.88079745606027,34.386036056318076,34.80402374267578,4517021,0.0,0.0
2021-03-29 00:00:00-04:00,34.45428181683631,34.72520750865036,34.27514421478047,34.56517791748047,5271681,0.0,0.0
2021-03-30 00:00:00-04:00,34.11306227841063,34.42015386617608,34.053346499971454,34.20689392089844,3263430,0.0,0.0
2021-03-31 00:00:00-04:00,33.79744680045483,33.89981395221795,33.43917153155284,33.44770050048828,5638771,0.0,0.0
2021-04-01 00:00:00-04:00,33.82303702434529,34.30073733781179,33.68655075562782,34.28367614746094,5062816,0.0,0.0
2021-04-05 00:00:00-04:00,34.292203461620005,34.46281208662087,33.7377262438894,33.95951843261719,3497821,0.0,0.0
2021-04-06 00:00:00-04:00,34.11305900539873,34.616352558128504,33.72065827062988,34.00216293334961,6137537,0.0,0.0
2021-04-07 00:00:00-04:00,33.95098342586686,34.548111937329786,33.942454459656624,34.45427703857422,7196085,0.0,0.0
2021-04-08 00:00:00-04:00,33.6353622739093,33.6353622739093,33.11074132300412,33.33679962158203,8390784,0.0,0.0
2021-04-09 00:00:00-04:00,33.15766533725458,33.294151613053025,33.004117870220135,33.19178771972656,5300374,0.0,0.0
2021-04-12 00:00:00-04:00,33.370921630691065,33.63109907341237,32.86336507781748,33.021175384521484,4705732,0.0,0.0
2021-04-13 00:00:00-04:00,33.012644935690886,33.167302023083685,32.90174883702573,32.969993591308594,4212661,0.0,0.0
2021-04-14 00:00:00-04:00,33.44769793681241,34.411634057116,33.39651761894332,34.078948974609375,5761395,0.0,0.0
2021-04-15 00:00:00-04:00,34.08747424066884,34.14718677442369,33.754789194294965,33.9083366394043,4735100,0.0,0.0
2021-04-16 00:00:00-04:00,33.89127121914398,33.968044932113145,33.439161161708164,33.592708587646484,3766010,0.0,0.0
2021-04-19 00:00:00-04:00,33.72066722340962,33.925398237387725,33.46791236290384,33.6353645324707,3463741,0.0,0.0
2021-04-20 00:00:00-04:00,33.32827180722884,33.32827180722884,32.37286793937044,32.68849182128906,4530226,0.0,0.0
2021-04-21 00:00:00-04:00,32.483759868110674,32.995582489366114,32.38992496159311,32.96146011352539,4824136,0.0,0.0
2021-04-22 00:00:00-04:00,32.56905691711511,32.6970141773287,32.20224957553035,32.21931076049805,6303370,0.0,0.0
2021-04-23 00:00:00-04:00,32.304614842602525,32.509345817071086,32.18604236787177,32.44110107421875,3842605,0.0,0.0
2021-04-26 00:00:00-04:00,32.50081370526961,32.92733358724999,32.50081370526961,32.679954528808594,4538774,0.0,0.0
2021-04-27 00:00:00-04:00,32.62025776321163,32.876169165202825,32.38993652519255,32.859107971191406,3696840,0.0,0.0
2021-04-28 00:00:00-04:00,32.799383593304086,33.37518485370031,32.799383593304086,33.33679962158203,6477948,0.0,0.0
2021-04-29 00:00:00-04:00,33.64389264236245,33.6950762080746,32.799384959690414,32.969993591308594,6253321,0.0,0.0
2021-04-30 00:00:00-04:00,32.75672930328016,32.876154353465324,32.38992193251799,32.41551208496094,4616750,0.0,0.0
2021-05-03 00:00:00-04:00,32.44963938893269,33.208844398275204,32.40272193293161,33.18325424194336,5107671,0.0,0.0
2021-05-04 00:00:00-04:00,33.30267863321509,33.498877420644845,32.799384959690414,32.969993591308594,6640561,0.0,0.0
2021-05-05 00:00:00-04:00,33.31973537778084,33.98502076654797,33.64815426521969,33.933921813964844,3225346,0.0,0.0
2021-05-06 00:00:00-04:00,34.01923815612572,34.27514952069132,33.60124709919993,34.23249816894531,5053125,0.0,0.0
2021-05-07 00:00:00-04:00,34.010693597930114,34.880794525146484,33.908329740048295,34.880794525146484,3580857,0.0,0.0
2021-05-10 00:00:00-04:00,34.94050974617312,35.085528205623824,34.12159231167421,34.14718246459961,5485097,0.0,0.0
2021-05-11 00:00:00-04:00,33.345324593775224,33.94245308098402,33.17471598970293,33.47328186035156,9219405,0.0,0.0
2021-05-12 00:00:00-04:00,33.58418524628134,34.45428647194036,33.56712405510103,33.7803840637207,7112830,0.0,0.0
2021-05-13 00:00:00-04:00,33.528226062311305,33.995090736803796,33.14096405865126,33.62289047241211,6223576,0.347,0.0
2021-05-14 00:00:00-04:00,34.33717707568972,34.829257403132566,34.328569428828914,34.7674674987793,5988833,0.0,0.0
2021-05-17 00:00:00-04:00,34.52650361306825,35.283815698479046,34.509291601711695,35.275211334228516,4326617,0.0,0.0
2021-05-18 00:00:00-04:00,35.541983340267365,35.6710717623567,34.612557862930984,34.65558624267578,5073713,0.0,0.0
2021-05-19 00:00:00-04:00,34.05318481060054,34.212393453599795,33.57125834090276,33.80361557006836,5238512,0.0,0.0
2021-05-20 00:00:00-04:00,33.889670248408926,34.29414096133743,33.60567703021499,34.19087219238281,4598714,0.0,0.0
2021-05-21 00:00:00-04:00,34.2855431269267,34.51359653976813,34.22530272666125,34.29414749145508,5368628,0.0,0.0
2021-05-24 00:00:00-04:00,34.33717588214333,34.69861824920438,34.16505906231913,34.69001388549805,4987432,0.0,0.0
2021-05-25 00:00:00-04:00,34.38020513726482,34.48347391863311,33.515320475810064,33.545440673828125,6347769,0.0,0.0
2021-05-26 00:00:00-04:00,33.72616277995877,33.87246323349688,33.52908968388907,33.674530029296875,4782109,0.0,0.0
2021-05-27 00:00:00-04:00,33.416355229549595,33.67452882217074,33.188298551831316,33.39914321899414,4237716,0.0,0.0
2021-05-28 00:00:00-04:00,33.244239904397205,33.459385121748994,33.089335085275486,33.227027893066406,4117538,0.0,0.0
2021-06-01 00:00:00-04:00,33.84664305425807,34.12632917652493,33.76919065411437,34.07039260864258,7194877,0.0,0.0
2021-06-02 00:00:00-04:00,34.19087343503621,34.8190970001964,33.97572824356264,34.66419219970703,6649616,0.0,0.0
2021-06-03 00:00:00-04:00,34.2425103661439,34.75455370301735,34.10490292551736,34.5953483581543,4860971,0.0,0.0
2021-06-04 00:00:00-04:00,34.664195534367984,34.72443593114724,34.26832913185989,34.55232238769531,3476309,0.0,0.0
2021-06-07 00:00:00-04:00,34.37159578425727,34.52650059004782,34.13923857557146,34.14784622192383,2989744,0.0,0.0
2021-06-08 00:00:00-04:00,33.73476755064446,34.28984255292069,33.45938196107636,34.19948196411133,5133435,0.0,0.0
2021-06-09 00:00:00-04:00,34.34577438252266,34.60394792675731,34.229597436616224,34.2683219909668,4725702,0.0,0.0
2021-06-10 00:00:00-04:00,34.75024426283315,35.09447452039775,34.354374706495065,34.517887115478516,4640452,0.0,0.0
2021-06-11 00:00:00-04:00,34.88794766147553,34.93097604643578,34.67280245381896,34.78467559814453,3424050,0.0,0.0
2021-06-14 00:00:00-04:00,35.39568600553638,35.95506150497293,35.27950576969888,35.49895477294922,4783174,0.0,0.0
2021-06-15 00:00:00-04:00,35.791564415626254,36.47142420290113,35.78296004996405,36.4542121887207,5044791,0.0,0.0
2021-06-16 00:00:00-04:00,36.29068770261374,36.33371936527235,35.71840401380059,35.86039733886719,5137964,0.0,0.0
2021-06-17 00:00:00-04:00,36.09275428914169,36.37674750309564,34.974000007413665,35.49895477294922,11619902,0.0,0.0
2021-06-18 00:00:00-04:00,33.81221759445662,34.264020506989766,33.63149642944336,33.63149642944336,10899505,0.0,0.0
2021-06-21 00:00:00-04:00,34.0359709118717,34.89224791203,33.99294252726901,34.83631134033203,5458991,0.0,0.0
2021-06-22 00:00:00-04:00,34.99122122950303,35.39569532575186,34.71153176471088,35.292423248291016,5647025,0.0,0.0
2021-06-23 00:00:00-04:00,36.109960067109874,36.389649409998036,35.46022409793563,35.52476501464844,4725531,0.0,0.0
2021-06-24 00:00:00-04:00,35.92925233122155,36.0325211193213,35.666774895874,35.98088836669922,3928077,0.0,0.0
2021-06-25 00:00:00-04:00,36.213237010984564,36.34232214477173,35.85609523674927,36.04972457885742,4145389,0.0,0.0
2021-06-28 00:00:00-04:00,35.53338195037056,35.54198631389743,34.58244056217354,34.72443389892578,5031438,0.0,0.0
2021-06-29 00:00:00-04:00,35.00842948182014,35.189150673679926,34.48347463444658,34.50068664550781,3492554,0.0,0.0
2021-06-30 00:00:00-04:00,34.66419543358191,34.99121707432949,34.55232228723451,34.7674674987793,3475871,0.0,0.0
2021-07-01 00:00:00-04:00,35.57640738229542,35.82597658098817,35.4085944031739,35.6624641418457,4508802,0.0,0.0
2021-07-02 00:00:00-04:00,35.43011396349439,35.59793025868284,35.15472833900686,35.56781005859375,3473534,0.0,0.0
2021-07-06 00:00:00-04:00,35.86040114298994,35.86040114298994,34.7244347248225,35.068668365478516,5337430,0.0,0.0
2021-07-07 00:00:00-04:00,34.93097473497802,35.36126513413623,34.37159590293025,34.72443389892578,5659883,0.0,0.0
2021-07-08 00:00:00-04:00,34.216690907901985,34.98261057177799,34.13493796485434,34.75885772705078,5411285,0.0,0.0
2021-07-09 00:00:00-04:00,34.92236594092784,35.25368806178926,34.71582513107897,35.240779876708984,2878617,0.0,0.0
2021-07-12 00:00:00-04:00,34.827698979544856,35.26659365428346,34.646974553142314,34.9051513671875,3318297,0.0,0.0
2021-07-13 00:00:00-04:00,35.10308993993211,35.14611832130183,34.66419191453783,34.71582794189453,4011844,0.0,0.0
2021-07-14 00:00:00-04:00,35.20635992036029,35.430109480876766,34.30275074915674,34.39741516113281,3920482,0.0,0.0
2021-07-15 00:00:00-04:00,33.70033754364743,34.0617831175215,33.51100875338698,33.597068786621094,4901509,0.0,0.0
2021-07-16 00:00:00-04:00,33.863848085039436,33.949908121837865,32.943027029851955,33.02908706665039,6143016,0.0,0.0
2021-07-19 00:00:00-04:00,32.332020199188605,32.49983319155232,31.591920190376737,31.910337448120117,6520785,0.0,0.0
2021-07-20 00:00:00-04:00,31.488647064924084,32.08244654951317,31.25628988847059,31.97057342529297,5575205,0.0,0.0
2021-07-21 00:00:00-04:00,32.69346767690051,33.26145090208572,32.64183164448171,33.115150451660156,5126347,0.0,0.0
2021-07-22 00:00:00-04:00,33.0807316005824,33.0807316005824,32.52996030011764,32.7795295715332,4946128,0.0,0.0
2021-07-23 00:00:00-04:00,32.83115187804843,32.968844645564786,32.41807029264483,32.590187072753906,3112848,0.0,0.0
2021-07-26 00:00:00-04:00,33.158182193353106,33.79501352622025,33.14097018080473,33.777801513671875,4496757,0.0,0.0
2021-07-27 00:00:00-04:00,33.52822995391405,33.941308378145514,33.37332513447031,33.80361557006836,4434860,0.0,0.0
2021-07-28 00:00:00-04:00,33.80361556071219,34.07900117679027,33.57986597871955,34.001548767089844,4328139,0.0,0.0
2021-07-29 00:00:00-04:00,35.67107022127721,35.85179137811072,35.14181165300218,35.240779876708984,7483553,0.0,0.0
2021-07-30 00:00:00-04:00,35.30962891820713,35.35266058418021,34.750253371964405,34.956790924072266,4895324,0.0,0.0
2021-08-02 00:00:00-04:00,35.318235146262914,35.74852552587278,34.879337120662015,34.913761138916016,5048504,0.0,0.0
2021-08-03 00:00:00-04:00,35.473141023968424,35.877611760756544,34.98261023892898,35.8173713684082,6500606,0.0,0.0
2021-08-04 00:00:00-04:00,35.369878438064646,35.64526410050639,34.99982833862305,34.99982833862305,4527447,0.0,0.0
2021-08-05 00:00:00-04:00,35.65385815201013,35.85179131622729,35.41289660998138,35.45592498779297,4347757,0.0,0.0
2021-08-06 00:00:00-04:00,35.67967875539169,35.808767186997144,35.464533557952734,35.58501434326172,3848844,0.0,0.0
2021-08-09 00:00:00-04:00,35.352649869799144,35.52046281109816,35.12029273195723,35.3182258605957,4113970,0.0,0.0
2021-08-10 00:00:00-04:00,35.21066847250934,35.748531537470605,35.10309585951709,35.714107513427734,4462006,0.0,0.0
2021-08-11 00:00:00-04:00,35.765733168091124,36.04111871478913,35.610828387716666,36.02390670776367,4311810,0.0,0.0
2021-08-12 00:00:00-04:00,35.8585060224089,35.91074102307029,35.48416348667536,35.780155181884766,3899282,0.48,0.0
2021-08-13 00:00:00-04:00,35.50156712583828,35.62344544555278,35.17945966360205,35.21428298950195,3133945,0.0,0.0
2021-08-16 00:00:00-04:00,34.657126683229166,34.68324251991767,34.282784192994974,34.570068359375,4457970,0.0,0.0
2021-08-17 00:00:00-04:00,34.51783876225941,35.14464212703442,34.36548751658451,34.63971710205078,4722715,0.0,0.0
2021-08-18 00:00:00-04:00,34.657127113317664,34.81382877726431,34.14349461947822,34.152198791503906,4283798,0.0,0.0
2021-08-19 00:00:00-04:00,33.71692633154089,33.77786551515861,33.098827000026056,33.37740707397461,6197730,0.0,0.0
2021-08-20 00:00:00-04:00,33.15106218978571,33.40787684772524,33.05094591847625,33.23811721801758,4461573,0.0,0.0
2021-08-23 00:00:00-04:00,33.90844643158804,34.395959829417386,33.899738937520546,34.3785514831543,4420044,0.0,0.0
2021-08-24 00:00:00-04:00,34.3785491023452,34.68324495488751,34.29149077237902,34.58748245239258,3675550,0.0,0.0
2021-08-25 00:00:00-04:00,34.45690416178256,34.69195337915887,34.291494975042625,34.561370849609375,4088650,0.0,0.0
2021-08-26 00:00:00-04:00,34.639714880515875,34.73982780138013,34.2914882283569,34.317604064941406,3058263,0.0,0.0
2021-08-27 00:00:00-04:00,34.59619250201176,35.2621730010146,34.57878083473206,35.08370590209961,4245367,0.0,0.0
2021-08-30 00:00:00-04:00,35.031469658392716,35.0793475860059,34.765947578599075,34.77029800415039,3404506,0.0,0.0
2021-08-31 00:00:00-04:00,34.69194870542168,34.86606204230039,34.51783868947866,34.61359786987305,3473380,0.0,0.0
2021-09-01 00:00:00-04:00,34.796422701204555,34.857361877978896,34.36540505133058,34.47431182861328,4072820,0.0,0.0
2021-09-02 00:00:00-04:00,34.813834809765524,35.42322658522438,34.78771564729149,35.09241485595703,5691226,0.0,0.0
2021-09-03 00:00:00-04:00,35.05758786148883,35.188170376487506,34.770300350807375,34.953121185302734,3185750,0.0,0.0
2021-09-07 00:00:00-04:00,34.8225395036212,35.214293737224175,34.76595407246484,34.9008903503418,3110304,0.0,0.0
2021-09-08 00:00:00-04:00,34.88347709878129,35.07500212005781,34.387256199052125,34.41337203979492,3965063,0.0,0.0
2021-09-09 00:00:00-04:00,34.23925974543227,34.60489477542532,34.09996641484164,34.25666809082031,3886487,0.0,0.0
2021-09-10 00:00:00-04:00,34.578778233355855,34.66583324226922,34.335018230714134,34.36113739013672,3928830,0.0,0.0
2021-09-13 00:00:00-04:00,34.82253237241815,35.35793026885569,34.82253237241815,35.101112365722656,6071641,0.0,0.0
2021-09-14 00:00:00-04:00,35.71049763302311,35.72355554776128,34.844288305733684,34.91828536987305,5310356,0.0,0.0
2021-09-15 00:00:00-04:00,35.536399267072994,36.13708684364766,35.51898759980382,36.11967849731445,5699571,0.0,0.0
2021-09-16 00:00:00-04:00,36.04132928739754,36.04132928739754,35.33181792802249,35.571224212646484,3981661,0.0,0.0
2021-09-17 00:00:00-04:00,35.484160078549856,35.606041735053466,34.909588410203696,35.13593673706055,4509557,0.0,0.0
2021-09-20 00:00:00-04:00,34.50913400574318,34.674543183666096,33.96067811224921,34.3785514831543,5523782,0.0,0.0
2021-09-21 00:00:00-04:00,36.03262730988723,36.119685663505585,35.38405834987943,35.6669921875,10815922,0.0,0.0
2021-09-22 00:00:00-04:00,36.37213645435641,36.52883812627995,35.888973519414776,35.902034759521484,6229359,0.0,0.0
2021-09-23 00:00:00-04:00,36.363434400823316,36.91189028451481,36.21543689274458,36.81612777709961,8434533,0.0,0.0
2021-09-24 00:00:00-04:00,36.433071420302475,36.76388639184888,36.380839749645624,36.54624557495117,5378687,0.0,0.0
2021-09-27 00:00:00-04:00,37.817270828576,38.561602096284176,37.79115499070626,38.452781677246094,7267952,0.0,0.0
2021-09-28 00:00:00-04:00,39.488751918434296,39.53227941935643,38.670420288982264,38.713951110839844,9512505,0.0,0.0
2021-09-29 00:00:00-04:00,38.60078474511716,38.98008878487194,38.265619267318506,38.8010139465332,5864205,0.0,0.0
2021-09-30 00:00:00-04:00,39.07088982023455,39.3190002786127,38.65301974933113,38.8010139465332,6267877,0.0,0.0
2021-10-01 00:00:00-04:00,39.23629347307811,39.62717759503854,38.957713441517555,39.51487350463867,5399585,0.0,0.0
2021-10-04 00:00:00-04:00,39.90662398715474,40.46813774487371,39.6715714847885,39.767333984375,8077445,0.0,0.0
2021-10-05 00:00:00-04:00,40.29837942438939,40.768484443897805,40.028503582611805,40.5073127746582,6626148,0.0,0.0
2021-10-06 00:00:00-04:00,39.62369454846267,39.88051249085075,39.245001576427484,39.57581329345703,7143435,0.0,0.0
2021-10-07 00:00:00-04:00,39.54098871398407,40.241792528711485,39.42781786111153,40.0720329284668,7115014,0.0,0.0
2021-10-08 00:00:00-04:00,40.55954881245414,41.02965384401389,40.542137145996094,40.542137145996094,8666390,0.0,0.0
2021-10-11 00:00:00-04:00,41.316942033922786,41.44752788451895,40.95426591984528,41.02095031738281,6026507,0.0,0.0
2021-10-12 00:00:00-04:00,41.142823183859555,41.39528735682721,40.85553900019018,40.9251823425293,5994923,0.0,0.0
2021-10-13 00:00:00-04:00,40.742370005765856,41.521524715167246,40.594375808920056,41.32564926147461,7010357,0.0,0.0
2021-10-14 00:00:00-04:00,42.143974618293036,42.17879795177799,41.63904956650471,41.865394592285156,5560309,0.0,0.0
2021-10-15 00:00:00-04:00,42.38773207073834,42.64890375562186,42.27456121628713,42.40514373779297,5178507,0.0,0.0
2021-10-18 00:00:00-04:00,42.405142082230505,42.6053712641376,42.2049129003234,42.30937957763672,5068382,0.0,0.0
2021-10-19 00:00:00-04:00,42.796894346090724,42.96665393443115,42.59666517320037,42.91006851196289,4475344,0.0,0.0
2021-10-20 00:00:00-04:00,42.69242229423299,43.327933064011184,42.544424815826986,43.040645599365234,6833117,0.0,0.0
2021-10-21 00:00:00-04:00,42.84913418384666,43.00583587093167,42.19368436232585,42.52702331542969,4566315,0.0,0.0
2021-10-22 00:00:00-04:00,42.34420595087797,42.53573097381784,41.93504006402862,42.387733459472656,4391622,0.0,0.0
2021-10-25 00:00:00-04:00,42.727246716333475,42.901356712895264,42.4704288258148,42.709835052490234,4869868,0.0,0.0
2021-10-26 00:00:00-04:00,42.84042431764273,42.927482650612006,42.33114552328183,42.535728454589844,3395254,0.0,0.0
2021-10-27 00:00:00-04:00,42.309378108873545,44.181090667496434,42.10914893391737,43.502052307128906,16960466,0.0,0.0
2021-10-28 00:00:00-04:00,41.787042910762054,41.83997198551929,40.752292450907696,41.29952621459961,14544797,0.0,0.0
2021-10-29 00:00:00-04:00,40.35061128694304,40.66401463472241,39.90227167812257,39.97626876831055,7518569,0.0,0.0
2021-11-01 00:00:00-04:00,40.36802872031871,40.48120290561591,39.96321655842511,40.185211181640625,4981495,0.0,0.0
2021-11-02 00:00:00-04:00,39.480044007704855,39.654157330485454,39.258052759071624,39.52357482910156,4611937,0.0,0.0
2021-11-03 00:00:00-04:00,38.76618629863559,39.149236311727876,38.69654295503247,38.99253463745117,6074660,0.0,0.0
2021-11-04 00:00:00-04:00,39.5584004471209,39.64545878132561,38.857596631218485,39.06217956542969,6636011,0.0,0.0
2021-11-05 00:00:00-04:00,39.76733556865695,40.00238808038739,39.42346263414033,39.836978912353516,3898494,0.0,0.0
2021-11-08 00:00:00-05:00,39.95015315454416,40.193909839328924,39.68898480356966,39.86309814453125,3702953,0.0,0.0
2021-11-09 00:00:00-05:00,40.03721056362273,40.08944224005352,39.43216597050203,40.08073806762695,3490425,0.0,0.0
2021-11-10 00:00:00-05:00,39.975164912275915,40.107126530130756,38.959071864933016,39.10422897338867,4319005,0.48,0.0
2021-11-11 00:00:00-05:00,39.14822133382162,39.4649265826835,38.9194916296013,38.928287506103516,3845773,0.0,0.0
2021-11-12 00:00:00-05:00,38.75234285022049,38.98107592852928,38.68196576484219,38.85791015625,2812039,0.0,0.0
2021-11-15 00:00:00-05:00,39.48691957103671,40.067544765783694,39.201008268018676,39.834415435791016,5912843,0.0,0.0
2021-11-16 00:00:00-05:00,40.20389955283997,40.39743901597533,40.058742438545835,40.10712814331055,4814834,0.0,0.0
2021-11-17 00:00:00-05:00,39.78162829888671,40.27427788143606,39.67605765469163,39.8871955871582,4750703,0.0,0.0
2021-11-18 00:00:00-05:00,39.33297197116484,39.70246261282723,39.10864184307731,39.64967727661133,4410293,0.0,0.0
2021-11-19 00:00:00-05:00,38.3828496172096,38.59398419635242,37.86380568925835,38.01335906982422,4642181,0.0,0.0
2021-11-22 00:00:00-05:00,37.59109006204094,38.33006786981854,37.5734949528172,37.94298553466797,5072671,0.0,0.0
2021-11-23 00:00:00-05:00,38.233286494233305,38.901887046991035,38.18050453622611,38.778724670410156,4515299,0.0,0.0
2021-11-24 00:00:00-05:00,38.35645364855906,38.96215421070787,38.35645364855906,38.91948699951172,3031828,0.0,0.0
2021-11-26 00:00:00-05:00,36.74654379641137,37.08084414927585,36.4738246459267,37.01046371459961,7174453,0.0,0.0
2021-11-29 00:00:00-05:00,38.01335430478544,38.25968242413925,37.3007709945974,37.344757080078125,4648172,0.0,0.0
2021-11-30 00:00:00-05:00,36.869699501915,37.21279566881122,36.592584141558035,36.984066009521484,6551435,0.0,0.0
2021-12-01 00:00:00-05:00,37.84621375848051,37.92978968753185,36.56180100045678,36.588191986083984,6006255,0.0,0.0
2021-12-02 00:00:00-05:00,37.93418128948639,38.76993040959705,37.56469411238345,38.5939826965332,8238228,0.0,0.0
2021-12-03 00:00:00-05:00,38.928284372801826,39.077837752769256,38.10573071521012,38.338863372802734,5333061,0.0,0.0
2021-12-06 00:00:00-05:00,39.420938386355886,39.43853349434601,39.08663804639096,39.13942337036133,4270646,0.0,0.0
2021-12-07 00:00:00-05:00,39.28897127175632,39.68045314111647,38.97226608397659,39.095428466796875,5092649,0.0,0.0
2021-12-08 00:00:00-05:00,39.49571443965114,39.69365352847249,39.19220470459632,39.23619079589844,5591581,0.0,0.0
2021-12-09 00:00:00-05:00,38.822724394459435,38.86671049356101,38.44443790152222,38.73474884033203,3996704,0.0,0.0
2021-12-10 00:00:00-05:00,38.954668473105244,39.01624966055485,38.470814847748514,38.84030532836914,4575450,0.0,0.0
2021-12-13 00:00:00-05:00,38.02215424640882,38.13212114012849,37.5646915658242,37.67905807495117,4141180,0.0,0.0
2021-12-14 00:00:00-05:00,37.55589212728409,38.13212092921581,37.46791995516424,37.547096252441406,4931628,0.0,0.0
2021-12-15 00:00:00-05:00,37.45912428751183,37.79782084356218,36.97966688581396,37.67905807495117,4013304,0.0,0.0
2021-12-16 00:00:00-05:00,37.92538576974398,38.29487295031276,37.6746613669513,37.70545196533203,4744518,0.0,0.0
2021-12-17 00:00:00-05:00,37.547099286816675,37.60868048346192,37.03245499088569,37.045650482177734,5935715,0.0,0.0
2021-12-20 00:00:00-05:00,36.67615306575701,36.90488605831949,36.2714757477439,36.887290954589844,4125955,0.0,0.0
2021-12-21 00:00:00-05:00,37.291979200585054,37.98257128370982,37.291979200585054,37.87260437011719,4630759,0.0,0.0
2021-12-22 00:00:00-05:00,37.82861289386946,38.38284699918238,37.61747497320436,38.286075592041016,3264642,0.0,0.0
2021-12-23 00:00:00-05:00,38.70834246618611,39.08662880876131,38.51479967995985,38.56758499145508,3037950,0.0,0.0
2021-12-27 00:00:00-05:00,38.40924425627375,39.00746454732089,38.1057344944549,38.9986686706543,2860791,0.0,0.0
2021-12-28 00:00:00-05:00,38.87549789456443,39.104230929498286,38.57638778759799,38.72594451904297,3656423,0.0,0.0
2021-12-29 00:00:00-05:00,38.68196196189566,38.893096553197374,38.42683792114258,38.42683792114258,3319381,0.0,0.0
2021-12-30 00:00:00-05:00,38.63797085477822,38.76993248562317,38.17171224272708,38.180511474609375,3539821,0.0,0.0
2021-12-31 00:00:00-05:00,38.444431380375605,38.53240356365646,38.04854984376442,38.180511474609375,2348383,0.0,0.0
2022-01-03 00:00:00-05:00,38.743545329194745,39.35056150801495,38.673164890878425,39.271385192871094,7286049,0.0,0.0
2022-01-04 00:00:00-05:00,40.4238302180348,40.70534519341278,40.313863325905174,40.44142532348633,6062476,0.0,0.0
2022-01-05 00:00:00-05:00,41.10123267776961,41.29917177013625,40.44143122864919,40.45902633666992,5352739,0.0,0.0
2022-01-06 00:00:00-05:00,41.347553676518416,41.400338995727246,40.762528973333296,41.11882400512695,5412441,0.0,0.0
2022-01-07 00:00:00-05:00,41.18919772109113,41.62906527757944,40.89888687888888,41.585079193115234,4616054,0.0,0.0
2022-01-10 00:00:00-05:00,41.717045087917796,41.919387154178246,41.08803758860893,41.356353759765625,4283586,0.0,0.0
2022-01-11 00:00:00-05:00,41.6554586228602,42.68475050858064,41.50590525600352,42.65835952758789,5288449,0.0,0.0
2022-01-12 00:00:00-05:00,43.37094497680664,43.56448779598731,43.124620193066505,43.37094497680664,5405231,0.0,0.0
2022-01-13 00:00:00-05:00,43.53810247017089,43.740441191091456,43.18180738348727,43.31816864013672,4097965,0.0,0.0
2022-01-14 00:00:00-05:00,43.46771269824481,44.08352796126789,43.4413217182043,44.03074264526367,5490115,0.0,0.0
2022-01-18 00:00:00-05:00,44.86648821820098,45.104017087949266,44.263868491843866,44.82250213623047,6091297,0.0,0.0
2022-01-19 00:00:00-05:00,45.0424433690618,45.112820440697014,44.32985664168558,44.690547943115234,4590968,0.0,0.0
2022-01-20 00:00:00-05:00,43.59087934683972,44.34745217067953,43.52929815010146,43.5380973815918,5513072,0.0,0.0
2022-01-21 00:00:00-05:00,43.001452898860265,43.15980548633281,42.55278611571369,42.79911422729492,6755567,0.0,0.0
2022-01-24 00:00:00-05:00,41.56748217344284,42.26247368610287,40.79331437002505,42.2272834777832,6992372,0.0,0.0
2022-01-25 00:00:00-05:00,42.43842714941067,43.98675961111563,41.963369340189004,43.75802993774414,5846684,0.0,0.0
2022-01-26 00:00:00-05:00,45.10402055264465,45.473507696686866,44.50140077999689,44.787315368652344,6747433,0.0,0.0
2022-01-27 00:00:00-05:00,45.5702805162602,45.82540451751884,44.55858709804659,44.96326446533203,6007013,0.0,0.0
2022-01-28 00:00:00-05:00,44.778525224959886,45.04244512675703,44.25508168131695,44.90168762207031,6757736,0.0,0.0
2022-01-31 00:00:00-05:00,44.514596806003425,45.218387603759766,44.268272040342644,45.218387603759766,752914,0.0,0.0
2022-02-01 00:00:00-05:00,45.38554037516534,46.388437994345864,45.282610843778116,46.344451904296875,2426093,0.0,0.0
2022-02-02 00:00:00-05:00,46.41482596583156,46.88108788668604,46.04533880628386,46.84589767456055,4255632,0.0,0.0
2022-02-03 00:00:00-05:00,46.705142511037465,47.496905543727465,46.3444512085728,47.4265251159668,5748489,0.0,0.0
2022-02-04 00:00:00-05:00,48.18309687703042,48.63176034842307,48.0599344870765,48.47340774536133,6047876,0.0,0.0
2022-02-07 00:00:00-05:00,49.02763920350234,49.37953460369481,48.65815205363117,49.01004409790039,4494406,0.0,0.0
2022-02-08 00:00:00-05:00,48.7197361989777,48.79011326972895,47.488105579557995,48.07752990722656,4771449,0.0,0.0
2022-02-09 00:00:00-05:00,47.87518723513766,48.6229641571644,47.752024845984025,48.17429733276367,3097417,0.0,0.0
2022-02-10 00:00:00-05:00,47.54088899316124,48.60536773450435,47.53208976221802,47.96316146850586,5972711,0.0,0.0
2022-02-11 00:00:00-05:00,48.2534737805667,49.027641686646106,48.14429887985459,48.5701789855957,4016099,0.0,0.0
2022-02-14 00:00:00-05:00,47.84000015258789,48.01594786023056,47.25057583537343,47.84000015258789,4360596,0.0,0.0
2022-02-15 00:00:00-05:00,46.4764064196302,47.268165987146006,46.265268521405496,47.03943634033203,3848897,0.0,0.0
2022-02-16 00:00:00-05:00,47.927975855246274,48.40303369406179,47.4837086158397,47.5408935546875,4217901,0.0,0.0
2022-02-17 00:00:00-05:00,47.347354802018316,47.50570742858752,46.74033863745231,47.180206298828125,2709933,0.0,0.0
2022-02-18 00:00:00-05:00,46.83710479736328,47.05703860333979,46.47641348979875,46.83710479736328,2874787,0.0,0.0
2022-02-22 00:00:00-05:00,47.19779096169912,47.417724743709044,45.82540295382484,46.33564758300781,3382529,0.0,0.0
2022-02-23 00:00:00-05:00,46.59077934038048,46.76980780449598,46.0981297343641,46.30046844482422,3805490,0.0,0.0
2022-02-24 00:00:00-05:00,47.057034309104345,47.25057375867402,44.584977347385895,45.385536193847656,7017532,0.0,0.0
2022-02-25 00:00:00-05:00,46.50280003502053,47.804807639444576,46.432419612980894,47.6904411315918,5797722,0.0,0.0
2022-02-28 00:00:00-05:00,45.89578593884093,46.916282040681594,45.42073145892637,46.08932876586914,8833744,0.0,0.0
2022-03-01 00:00:00-05:00,45.92217062010949,46.581971912479105,45.12442747226319,45.54388427734375,10689738,0.0,0.0
2022-03-02 00:00:00-05:00,47.93677285631922,48.4910036198895,47.64645862746705,48.0511360168457,9763061,0.0,0.0
2022-03-03 00:00:00-05:00,46.49400310481747,46.801912432591294,45.02722295300704,45.174400329589844,6765820,0.0,0.0
2022-03-04 00:00:00-05:00,44.16270570633796,44.31225907270545,42.464816578942866,43.45011901855469,8464598,0.0,0.0
2022-03-07 00:00:00-05:00,45.92217222231846,46.19488795155552,44.602569591538746,45.3591423034668,8597885,0.0,0.0
2022-03-08 00:00:00-05:00,46.65235363488153,47.32975009879839,45.07763027686517,46.573177337646484,8842615,0.0,0.0
2022-03-09 00:00:00-05:00,46.40603727677086,46.62597110272712,45.27117792941483,45.491111755371094,6690657,0.0,0.0
2022-03-10 00:00:00-05:00,45.41192573785819,45.719835041941536,44.94566720038041,45.473506927490234,4356648,0.0,0.0
2022-03-11 00:00:00-05:00,45.1480164350015,45.517507015145455,44.66416267931739,44.8049201965332,3223905,0.0,0.0
2022-03-14 00:00:00-04:00,44.510206182978656,45.93097673673126,43.68765251359517,43.95157241821289,4286894,0.0,0.0
2022-03-15 00:00:00-04:00,43.69643855523082,44.5761736099132,43.17739809465421,44.29465866088867,5137068,0.0,0.0
2022-03-16 00:00:00-04:00,44.16271118866898,44.32985968169823,43.573286813176004,44.18910217285156,4438390,0.0,0.0
2022-03-17 00:00:00-04:00,44.77852180167156,45.649457746612015,44.54099290143596,45.63186264038086,4129320,0.0,0.0
2022-03-18 00:00:00-04:00,44.752123938438615,45.25357268078677,44.32105561546997,45.00724792480469,4219642,0.0,0.0
2022-03-21 00:00:00-04:00,46.362044118331944,47.07462745805883,46.34444901222564,47.01304626464844,6035040,0.0,0.0
2022-03-22 00:00:00-04:00,47.232980648802126,47.232980648802126,46.590774369531886,46.68754577636719,3774836,0.0,0.0
2022-03-23 00:00:00-04:00,47.92796713236281,48.517391385675154,47.78870639436511,48.156700134277344,6422804,0.0,0.0
2022-03-24 00:00:00-04:00,48.56138682483217,48.81651085461178,48.12151919662884,48.40303421020508,3481585,0.0,0.0
2022-03-25 00:00:00-04:00,48.3590450952548,49.203590083184174,48.34144998851583,48.90447998046875,3382397,0.0,0.0
2022-03-28 00:00:00-04:00,48.06873087267476,48.14790717504615,47.3649433826644,47.48810577392578,4470739,0.0,0.0
2022-03-29 00:00:00-04:00,46.960265576159316,47.14060954577532,46.37964048259388,47.021846771240234,4367057,0.0,0.0
2022-03-30 00:00:00-04:00,48.376638498253115,48.957263576496395,48.34144828601453,48.92207336425781,6248280,0.0,0.0
2022-03-31 00:00:00-04:00,48.754924736262886,49.05403484808944,48.315057122160525,48.323856353759766,4847557,0.0,0.0
2022-04-01 00:00:00-04:00,48.34144436085941,49.0276366641787,48.21828198394806,49.01884078979492,2749935,0.0,0.0
2022-04-04 00:00:00-04:00,49.106815338134766,49.25637205729445,48.51739440407595,49.106815338134766,4195180,0.0,0.0
2022-04-05 00:00:00-04:00,48.81650332139546,49.15080025097724,48.20068806575683,48.30625534057617,4109512,0.0,0.0
2022-04-06 00:00:00-04:00,49.01884353469115,49.21238298527954,48.35024294269996,48.64935302734375,4454857,0.0,0.0
2022-04-07 00:00:00-04:00,48.403028909004156,48.781315296302196,47.672847115314305,48.754920959472656,4027549,0.0,0.0
2022-04-08 00:00:00-04:00,48.922076402155994,49.68304549250981,48.913277170588266,49.3443489074707,5355716,0.0,0.0
2022-04-11 00:00:00-04:00,49.344350589621605,49.37954080524503,48.411830011143074,48.666954040527344,3854997,0.0,0.0
2022-04-12 00:00:00-04:00,49.47630815481993,49.907376515053414,49.018845457075855,49.25637435913086,4915839,0.0,0.0
2022-04-13 00:00:00-04:00,50.14491308388977,50.329656695092886,49.76662662899353,50.18010330200195,5328023,0.0,0.0
2022-04-14 00:00:00-04:00,50.18009894687393,50.56278162887825,50.039163578613675,50.24168014526367,4069957,0.0,0.0
2022-04-18 00:00:00-04:00,50.364838386725786,50.822301076966674,49.99535122687161,50.435218811035156,3278359,0.0,0.0
2022-04-19 00:00:00-04:00,50.927880682743954,51.62287243934137,50.78712315598333,51.10382843017578,5836152,0.0,0.0
2022-04-20 00:00:00-04:00,50.80470341568672,51.01584132207239,50.523188444454604,50.91027069091797,3312228,0.0,0.0
2022-04-21 00:00:00-04:00,50.91907776541609,51.18176604811796,49.77542259911837,49.88978576660156,4190512,0.0,0.0
2022-04-22 00:00:00-04:00,49.7402305644454,50.12731285638314,48.583376592580805,48.81650924682617,4946514,0.0,0.0
2022-04-25 00:00:00-04:00,47.241775799244394,47.584871953170875,45.95736335164979,47.31215286254883,6266597,0.0,0.0
2022-04-26 00:00:00-04:00,46.74033282048269,47.58487781979644,46.49400467874022,46.669952392578125,6852016,0.0,0.0
2022-04-27 00:00:00-04:00,46.85470360722918,47.549695344236206,46.45002614868993,47.32976150512695,4166169,0.0,0.0
2022-04-28 00:00:00-04:00,47.883981549323835,48.46460657851445,47.2417753318799,48.359039306640625,3690420,0.0,0.0
2022-04-29 00:00:00-04:00,48.01595023958709,48.27987013616755,46.8678955013347,47.00425338745117,4846395,0.0,0.0
2022-05-02 00:00:00-04:00,46.432420335920966,47.31655510500096,46.01894709573179,47.26816940307617,5134073,0.0,0.0
2022-05-03 00:00:00-04:00,48.10391849737928,49.06282994963939,48.02474219926888,48.948463439941406,5157360,0.0,0.0
2022-05-04 00:00:00-04:00,49.493904244327815,50.21529024488046,48.816511047431895,50.1185188293457,4293698,0.0,0.0
2022-05-05 00:00:00-04:00,50.496813403673634,50.63757093371905,49.142020079533914,50.092132568359375,5112479,0.0,0.0
2022-05-06 00:00:00-04:00,50.4440216872101,50.778322037230296,49.63466347493867,50.76072692871094,4531795,0.0,0.0
2022-05-09 00:00:00-04:00,49.229984383585865,49.26517459943572,47.68165180135288,47.8136100769043,6491645,0.0,0.0
2022-05-10 00:00:00-04:00,48.35024433714038,49.04523592972763,47.54968546337638,48.33264923095703,5537659,0.0,0.0
2022-05-11 00:00:00-04:00,49.581882015045736,50.435226329426726,49.010052728021066,49.15081024169922,4008574,0.0,0.0
2022-05-12 00:00:00-04:00,48.473408850457254,48.631761457129116,47.84000177969332,48.5789794921875,4931857,0.0,0.0
2022-05-13 00:00:00-04:00,48.851697092728664,49.986556364473856,48.851697092728664,49.88098907470703,3838356,0.0,0.0
2022-05-16 00:00:00-04:00,50.012944768101384,51.22698028352863,49.90737748378007,51.07742691040039,5929102,0.0,0.0
2022-05-17 00:00:00-04:00,51.57887876052425,51.78121746575813,51.200592333718916,51.49970245361328,5860757,0.0,0.0
2022-05-18 00:00:00-04:00,52.30026027890688,52.53699719658758,51.147805915415,51.39413070678711,7162156,0.0,0.0
2022-05-19 00:00:00-04:00,51.21666231283021,52.53878143655868,51.14567432463061,51.95314407348633,6387759,0.5,0.0
2022-05-20 00:00:00-04:00,52.308079138644864,52.609771329629524,50.95046258676703,51.766807556152344,4415066,0.0,0.0
2022-05-23 00:00:00-04:00,52.80498099933603,53.399493568881205,52.67188359533183,53.2486457824707,7815063,0.0,0.0
2022-05-24 00:00:00-04:00,52.45892488207756,53.310763868613314,52.2370924825941,53.1865348815918,5028530,0.0,0.0
2022-05-25 00:00:00-04:00,53.08893193776403,53.823995479894585,52.698504744894684,53.5592155456543,5567944,0.0,0.0
2022-05-26 00:00:00-04:00,53.64794846484121,53.89640306226242,53.03125464453671,53.346256256103516,6775039,0.0,0.0
2022-05-27 00:00:00-04:00,52.97357358965385,53.47491355527412,52.75174120727247,53.25751876831055,3907640,0.0,0.0
2022-05-31 00:00:00-04:00,53.89639442197272,53.993997822037144,52.48110280987158,52.54765319824219,5117038,0.0,0.0
2022-06-01 00:00:00-04:00,52.9114629469539,53.25752093597097,52.27799702150102,53.00019454956055,4058887,0.0,0.0
2022-06-02 00:00:00-04:00,52.20159801175933,52.9380797634491,52.077369033922466,52.56540298461914,3395874,0.0,0.0
2022-06-03 00:00:00-04:00,52.29033344872782,52.99132464309062,52.29033344872782,52.93808364868164,2645475,0.0,0.0
2022-06-06 00:00:00-04:00,53.61245446736762,53.754430457261975,53.13445328987094,53.346256256103516,4211713,0.0,0.0
2022-06-07 00:00:00-04:00,53.41724534001273,54.726055213264026,53.39062314891787,54.61513900756836,5188308,0.0,0.0
2022-06-08 00:00:00-04:00,53.976262929578425,54.72161656806411,53.90527493454517,54.38443374633789,5538815,0.0,0.0
2022-06-09 00:00:00-04:00,53.89639853494603,54.00287713352865,52.8049802061231,52.82272720336914,3478023,0.0,0.0
2022-06-10 00:00:00-04:00,51.41187081420027,51.67807237627156,50.99482824441595,51.447364807128906,6548299,0.0,0.0
2022-06-13 00:00:00-04:00,49.690456680400125,50.471307661719514,48.83356406129733,49.619468688964844,9485021,0.0,0.0
2022-06-14 00:00:00-04:00,49.610600210759905,50.018771034214936,48.190874135745055,48.7498893737793,6042633,0.0,0.0
2022-06-15 00:00:00-04:00,49.00720708336298,49.26453344656066,47.77381963996539,48.76762771606445,4413440,0.0,0.0
2022-06-16 00:00:00-04:00,46.74451822338236,47.338495934002154,46.42951665779338,46.49606704711914,8441172,0.0,0.0
2022-06-17 00:00:00-04:00,45.937053659910845,46.13226725448924,43.94144890809316,44.30436706542969,10816456,0.0,0.0
2022-06-21 00:00:00-04:00,46.62029558628293,46.98401256084563,46.34522220594141,46.540435791015625,5114772,0.0,0.0
2022-06-22 00:00:00-04:00,44.996480511144576,45.63535886808165,44.694788329801355,45.102962493896484,5231164,0.0,0.0
2022-06-23 00:00:00-04:00,45.111835584384934,45.16507657727671,43.15970984863797,43.6299934387207,7500100,0.0,0.0
2022-06-24 00:00:00-04:00,44.78351882300679,45.573241498948306,44.57943345387867,45.17394256591797,4831652,0.0,0.0
2022-06-27 00:00:00-04:00,45.830576983973145,46.36297341080956,45.617616382302224,45.999168395996094,4882931,0.0,0.0
2022-06-28 00:00:00-04:00,47.41888685355862,47.61410042504536,46.67352994457417,47.161563873291016,5403257,0.0,0.0
2022-06-29 00:00:00-04:00,48.022279681384965,48.18199928908055,46.633609998530915,46.67353820800781,5708927,0.0,0.0
2022-06-30 00:00:00-04:00,46.229869417612264,46.49607099753242,45.44902183018714,46.39846420288086,6278638,0.0,0.0
2022-07-01 00:00:00-04:00,45.759582136001654,46.17662808500414,44.561688662556065,46.05240249633789,5051171,0.0,0.0
2022-07-05 00:00:00-04:00,44.36648080351656,44.45539181054063,42.36998916735831,43.12421798706055,9624618,0.0,0.0
2022-07-06 00:00:00-04:00,42.66280893533333,43.18633015158496,41.29552169945266,42.60069274902344,8138051,0.0,0.0
2022-07-07 00:00:00-04:00,43.37267113528424,43.66992573438309,43.17301994738828,43.434783935546875,6000652,0.0,0.0
2022-07-08 00:00:00-04:00,43.958310616037785,44.15352083261445,43.05767158453405,43.52351760864258,3199816,0.0,0.0
2022-07-11 00:00:00-04:00,42.86689392116586,43.19919909795885,42.467594926733746,42.89351272583008,3112642,0.0,0.0
2022-07-12 00:00:00-04:00,41.961819745511924,42.43210337443219,41.7532967372491,42.316749572753906,5053400,0.0,0.0
2022-07-13 00:00:00-04:00,41.73110550241649,42.73378879000609,41.73110550241649,42.396602630615234,3826933,0.0,0.0
2022-07-14 00:00:00-04:00,40.222656115029885,40.98132258705106,39.84110408092883,40.94139099121094,6488544,0.0,0.0
2022-07-15 00:00:00-04:00,42.041672649804944,42.33005541422899,41.63349850736328,42.12153244018555,3387771,0.0,0.0
2022-07-18 00:00:00-04:00,43.647748975806124,43.94518302766484,42.9423234526692,43.0887336730957,3784553,0.0,0.0
2022-07-19 00:00:00-04:00,43.23070509469051,43.99824340789292,43.159717092254034,43.949440002441406,4083954,0.0,0.0
2022-07-20 00:00:00-04:00,43.70098407971278,43.88732248879489,43.381544872775514,43.7453498840332,3487714,0.0,0.0
2022-07-21 00:00:00-04:00,42.680548160276196,43.484470512206855,42.36998418512793,43.46139907836914,2829536,0.0,0.0
2022-07-22 00:00:00-04:00,43.30168796960977,43.825212619380274,42.977814529986446,43.292816162109375,3076278,0.0,0.0
2022-07-25 00:00:00-04:00,43.55901856261102,44.57944915248849,43.31943911842516,44.53507995605469,3860029,0.0,0.0
2022-07-26 00:00:00-04:00,44.88556569149062,45.02310407719776,44.31323771003416,44.41971969604492,3320831,0.0,0.0
2022-07-27 00:00:00-04:00,45.05859354581132,45.861629091714335,44.663732166151945,45.62648391723633,4372980,0.0,0.0
2022-07-28 00:00:00-04:00,46.371843258622235,46.54043804841609,45.38691024907705,45.688602447509766,5117847,0.0,0.0
2022-07-29 00:00:00-04:00,46.052406617725076,47.472132593671795,46.01691262210298,47.36565399169922,6104532,0.0,0.0
2022-08-01 00:00:00-04:00,46.851006575025785,46.94417578553282,46.26536911977149,46.4605827331543,4318655,0.0,0.0
2022-08-02 00:00:00-04:00,47.0462160572704,47.25473905600174,46.5138162634022,46.7800178527832,4492498,0.0,0.0
2022-08-03 00:00:00-04:00,47.52537902949686,47.543126029340215,46.221003312610165,46.4605827331543,3641379,0.0,0.0
2022-08-04 00:00:00-04:00,46.27423831557388,46.3274759233109,45.1916951596721,45.33366775512695,5002827,0.0,0.0
2022-08-05 00:00:00-04:00,45.14732816014026,46.305293486201855,45.08521536283297,46.04352951049805,5334488,0.0,0.0
2022-08-08 00:00:00-04:00,46.75339604563165,46.90424383984198,46.0790270297508,46.11452102661133,3552307,0.0,0.0
2022-08-09 00:00:00-04:00,47.20593103493051,47.43663522025909,46.47832110095656,46.60254669189453,4099243,0.0,0.0
2022-08-10 00:00:00-04:00,47.179312327127235,47.28224356073563,46.4827587395171,47.143821716308594,4137914,0.0,0.0
2022-08-11 00:00:00-04:00,48.30830764770508,48.66661279627477,48.223209406083264,48.30830764770508,5705225,0.5,0.0
2022-08-12 00:00:00-04:00,47.94104787010706,48.63973917236904,47.71710799968451,48.63078308105469,3993983,0.0,0.0
2022-08-15 00:00:00-04:00,46.71385889337737,47.58274327737138,46.36450982103402,47.50212478637695,4377917,0.0,0.0
2022-08-16 00:00:00-04:00,47.30506205517346,47.59170483168648,46.91092567467949,47.24235916137695,3075603,0.0,0.0
2022-08-17 00:00:00-04:00,46.94676206131896,47.56483497574471,46.77656896179494,47.3946418762207,3311105,0.0,0.0
2022-08-18 00:00:00-04:00,47.26922196594953,48.18737326221898,47.25130636865465,48.093318939208984,8550633,0.0,0.0
2022-08-19 00:00:00-04:00,47.6991915309969,47.90521579798605,47.29609908816979,47.34984588623047,4321446,0.0,0.0
2022-08-22 00:00:00-04:00,47.33193288540791,47.63649125703634,46.82582998982668,47.34088897705078,4490994,0.0,0.0
2022-08-23 00:00:00-04:00,48.22768590845698,49.39217243721818,48.18289862216826,49.311553955078125,5418352,0.0,0.0
2022-08-24 00:00:00-04:00,48.51433278983899,48.886073790221275,48.30830852165212,48.76514434814453,6480483,0.0,0.0
2022-08-25 00:00:00-04:00,49.22197934953867,49.356341208314845,48.85471813493567,49.033870697021484,3636080,0.0,0.0
2022-08-26 00:00:00-04:00,49.42800601737496,49.78631115907043,49.01326827716436,49.159278869628906,3475573,0.0,0.0
2022-08-29 00:00:00-04:00,49.17719550825142,50.32376651863898,49.150320400972795,49.85797119140625,4905028,0.0,0.0
2022-08-30 00:00:00-04:00,48.953252747509346,48.99804003425532,48.42027480919467,48.729312896728516,7494213,0.0,0.0
2022-08-31 00:00:00-04:00,46.99154486746003,48.07093675837864,46.893010770872266,47.457340240478516,6568531,0.0,0.0
2022-09-01 00:00:00-04:00,47.29609543996935,47.349842233884246,46.68250244043279,46.93779373168945,6334794,0.0,0.0
2022-09-02 00:00:00-04:00,48.191860875255124,48.40684466080381,47.5290007524951,47.681278228759766,5595494,0.0,0.0
2022-09-06 00:00:00-04:00,47.88729788364037,48.00374756528344,47.211001980256086,47.29609680175781,5131494,0.0,0.0
2022-09-07 00:00:00-04:00,46.61532531971022,46.857180795377,46.167445568560936,46.74968719482422,5655508,0.0,0.0
2022-09-08 00:00:00-04:00,46.41825051387434,46.928833083982404,46.35554763102253,46.722808837890625,6255961,0.0,0.0
2022-09-09 00:00:00-04:00,47.83355905506713,48.138117424221164,47.62305502413034,48.057498931884766,5154250,0.0,0.0
2022-09-12 00:00:00-04:00,48.603906745290665,48.87711365366917,48.2679969481418,48.344139099121094,4736263,0.0,0.0
2022-09-13 00:00:00-04:00,48.10228398463516,48.56359956267663,47.466295584171206,47.62752914428711,4747975,0.0,0.0
2022-09-14 00:00:00-04:00,48.23664243206929,48.80097181211747,48.1291522606009,48.55911636352539,4348513,0.0,0.0
2022-09-15 00:00:00-04:00,47.71711168053007,47.9634435067659,47.37672209445615,47.5648307800293,5740218,0.0,0.0
2022-09-16 00:00:00-04:00,46.982579609669465,47.30505352939004,46.57500745639741,47.06319808959961,4879017,0.0,0.0
2022-09-19 00:00:00-04:00,46.52574690290195,47.37671910588072,46.47200352015782,47.01841735839844,4662563,0.0,0.0
2022-09-20 00:00:00-04:00,47.054246205759476,47.35432824009216,46.763127097172415,47.34088897705078,6354990,0.0,0.0
2022-09-21 00:00:00-04:00,47.878341134887215,48.00374690552495,46.848216446847026,46.875091552734375,5108911,0.0,0.0
2022-09-22 00:00:00-04:00,47.520040700297194,47.82459906639415,46.88405227661133,46.88405227661133,3480027,0.0,0.0
2022-09-23 00:00:00-04:00,44.3938377958547,44.420709484823156,42.94270508464053,43.09498596191406,9922917,0.0,0.0
2022-09-26 00:00:00-04:00,42.297767729999556,43.19352729451762,41.86869881658617,41.921546936035156,6456265,0.0,0.0
2022-09-27 00:00:00-04:00,42.99644781609969,43.892207145601766,42.65158197774368,43.05915069580078,7080110,0.0,0.0
2022-09-28 00:00:00-04:00,43.0322833208358,44.608818395212396,42.924789730249145,44.43862533569336,4654751,0.0,0.0
2022-09-29 00:00:00-04:00,43.89221629637393,44.904425506513675,43.596614015825935,44.85963821411133,5373180,0.0,0.0
2022-09-30 00:00:00-04:00,44.49237192724359,45.15075569466959,44.34009445515795,44.57299041748047,5161419,0.0,0.0
2022-10-03 00:00:00-04:00,46.08682231537451,47.08111580693222,46.0062038318144,46.875091552734375,5853257,0.0,0.0
2022-10-04 00:00:00-04:00,47.30505986050012,48.32174537736228,47.170694570283395,48.08436965942383,6284299,0.0,0.0
2022-10-05 00:00:00-04:00,47.7887630646093,48.689002226699166,47.43941744211051,48.38892364501953,8350326,0.0,0.0
2022-10-06 00:00:00-04:00,45.71956376961306,46.606363723619765,45.57624239234677,46.28388977050781,12213514,0.0,0.0
2022-10-07 00:00:00-04:00,46.70489357395517,47.14381717410378,46.25701388349982,46.552616119384766,6085787,0.0,0.0
2022-10-10 00:00:00-04:00,46.39138247719944,46.606362830453406,45.79122187217566,45.82705307006836,3820625,0.0,0.0
2022-10-11 00:00:00-04:00,45.44188200924728,45.907677389883496,44.84172474501793,44.949214935302734,4254453,0.0,0.0
2022-10-12 00:00:00-04:00,44.7969250262769,45.43739311874362,44.540919576395574,45.07461166381836,4001576,0.0,0.0
2022-10-13 00:00:00-04:00,45.07461788230025,47.02289411638939,45.07461788230025,46.74968719482422,9291623,0.0,0.0
2022-10-14 00:00:00-04:00,46.068906853365974,46.21222822266878,45.20897863754917,45.26272201538086,5436625,0.0,0.0
2022-10-17 00:00:00-04:00,46.01515986191423,46.53470195907435,45.961416484312124,46.05099105834961,4588346,0.0,0.0
2022-10-18 00:00:00-04:00,46.22118697815187,46.31076497478756,45.51353959851138,46.07786560058594,3773047,0.0,0.0
2022-10-19 00:00:00-04:00,45.68373226311442,46.51230907663323,45.576242085152,46.346595764160156,5001210,0.0,0.0
2022-10-20 00:00:00-04:00,46.91092274407449,47.233396701768996,46.34659673516033,46.597408294677734,4362973,0.0,0.0
2022-10-21 00:00:00-04:00,46.36450996366134,47.4662971496582,46.212232489676374,47.4662971496582,3219369,0.0,0.0
2022-10-24 00:00:00-04:00,47.12590233606909,47.896255962797866,47.018412165401394,47.42150115966797,3832212,0.0,0.0
2022-10-25 00:00:00-04:00,47.23339512984259,47.48420668101299,47.0094552685687,47.305057525634766,3074376,0.0,0.0
2022-10-26 00:00:00-04:00,47.10799318521758,48.13811799767068,47.10799318521758,47.7529411315918,5667610,0.0,0.0
2022-10-27 00:00:00-04:00,50.046076317920395,50.81705867980727,50.02816072001866,50.17148208618164,7316421,0.0,0.0
2022-10-28 00:00:00-04:00,50.59249194528158,50.77164451380272,50.010250368901666,50.32376480102539,5940751,0.0,0.0
2022-10-31 00:00:00-04:00,49.35634184099915,50.15804691839551,49.154797341725896,49.83109664916992,5838825,0.0,0.0
2022-11-01 00:00:00-04:00,50.98662930240697,51.01350441110865,49.983379615195,50.01921081542969,4792770,0.0,0.0
2022-11-02 00:00:00-04:00,50.11774021371266,50.20283503498623,49.123446711155445,49.18614959716797,3919461,0.0,0.0
2022-11-03 00:00:00-04:00,49.069708715065936,50.0460867942688,48.90757644972397,49.92068099975586,3795150,0.0,0.0
2022-11-04 00:00:00-04:00,51.30909859321838,51.65396788420008,50.75372870841204,51.11203384399414,6535189,0.0,0.0
2022-11-07 00:00:00-05:00,51.309105397915715,51.452426787745864,50.91497243014566,50.93288803100586,4806178,0.0,0.0
2022-11-08 00:00:00-05:00,50.27001704512243,50.62832217532055,50.01920550421432,50.35063552856445,4022750,0.0,0.0
2022-11-09 00:00:00-05:00,49.07628245220943,49.27511932511474,47.93297732844273,48.000762939453125,5612875,0.5,0.0
2022-11-10 00:00:00-05:00,49.248007530596226,49.47395727373075,48.40747421031826,48.69668960571289,5155983,0.0,0.0
2022-11-11 00:00:00-05:00,50.24218118643545,50.608218639104386,49.86710381400823,50.40486526489258,5480342,0.0,0.0
2022-11-14 00:00:00-05:00,49.68182838513925,50.07949867395889,49.401649475097656,49.401649475097656,3393581,0.0,0.0
2022-11-15 00:00:00-05:00,50.85676247855391,51.21827995543396,50.56754711796225,50.86579895019531,4948655,0.0,0.0
2022-11-16 00:00:00-05:00,51.17309646632629,51.27251490417627,50.313493816272704,50.45005798339844,4272507,0.0,0.0
2022-11-17 00:00:00-05:00,50.35063987886051,51.29059163674876,50.169879395002084,51.23636245727539,4534539,0.0,0.0
2022-11-18 00:00:00-05:00,50.49524798864839,50.743794086947794,49.83547514774027,50.55851364135742,3367940,0.0,0.0
2022-11-21 00:00:00-05:00,49.44684455244934,49.555302919391494,48.362378105498266,49.428768157958984,4371219,0.0,0.0
2022-11-22 00:00:00-05:00,50.61274404294267,51.47135378321508,50.35968142599822,51.353858947753906,3419207,0.0,0.0
2022-11-23 00:00:00-05:00,50.9019527900498,51.51653630600919,50.712155852164464,51.362892150878906,3203577,0.0,0.0
2022-11-25 00:00:00-05:00,51.516543043709504,52.00459533157629,51.31770616027053,51.353858947753906,1500910,0.0,0.0
2022-11-28 00:00:00-05:00,51.055606842041016,51.56625203401209,50.843213526175305,51.055606842041016,3806189,0.0,0.0
2022-11-29 00:00:00-05:00,51.76057219263255,52.44745795609628,51.76057219263255,52.076900482177734,4289617,0.0,0.0
2022-11-30 00:00:00-05:00,52.84512710571289,53.08915324238534,52.290375251417906,52.84512710571289,5377406,0.0,0.0
2022-12-01 00:00:00-05:00,53.04395733758247,53.11626290603859,52.3389952837316,52.46552658081055,4084642,0.0,0.0
2022-12-02 00:00:00-05:00,52.16727066040039,52.610130165627055,51.95487737927946,52.16727066040039,3510813,0.0,0.0
2022-12-05 00:00:00-05:00,53.11625903650364,53.29701949675623,51.61143311790042,51.878055572509766,5917006,0.0,0.0
2022-12-06 00:00:00-05:00,51.98652057663574,52.44745656456056,51.07368162636232,51.22732925415039,6428901,0.0,0.0
2022-12-07 00:00:00-05:00,51.48038743088854,51.80575560494293,50.92906951904297,50.92906951904297,5444943,0.0,0.0
2022-12-08 00:00:00-05:00,51.70633519796449,51.90969202285752,50.94714397001289,51.14598083496094,4571387,0.0,0.0
2022-12-09 00:00:00-05:00,50.85676872104894,51.317704681158006,50.26026153564453,50.26026153564453,4283357,0.0,0.0
2022-12-12 00:00:00-05:00,50.66697135090096,51.123387347055434,50.50428726096014,50.9381103515625,4491861,0.0,0.0
2022-12-13 00:00:00-05:00,51.85094161719661,52.1898662026674,51.65210820483612,51.859981536865234,5091499,0.0,0.0
2022-12-14 00:00:00-05:00,51.8599793554636,51.95035786203319,51.10078817803434,51.29962158203125,4325588,0.0,0.0
2022-12-15 00:00:00-05:00,51.29962838332671,51.42616313610674,50.413905800183485,50.748313903808594,6087661,0.0,0.0
2022-12-16 00:00:00-05:00,49.6547103209216,49.943925693081354,49.16666153522652,49.672786712646484,6956962,0.0,0.0
2022-12-19 00:00:00-05:00,50.82966099136965,50.92003951888622,49.9710511890829,50.178924560546875,5096775,0.0,0.0
2022-12-20 00:00:00-05:00,50.59466863631618,51.09175740689235,50.41390814309221,50.73023986816406,4430725,0.0,0.0
2022-12-21 00:00:00-05:00,51.733457877852196,52.203430338401944,51.26348196958277,52.05882263183594,4917419,0.0,0.0
2022-12-22 00:00:00-05:00,51.93229195411699,52.05882326794337,50.585633316713704,51.281558990478516,3748871,0.0,0.0
2022-12-23 00:00:00-05:00,51.66114603273721,52.221500396728516,51.47586904729751,52.221500396728516,2572147,0.0,0.0
2022-12-27 00:00:00-05:00,52.284768608242054,52.45649261767951,52.04978239495847,52.3028450012207,2395120,0.0,0.0
2022-12-28 00:00:00-05:00,52.357077282993394,52.357077282993394,50.96522597062698,51.118873596191406,4140448,0.0,0.0
2022-12-29 00:00:00-05:00,51.417121478292806,51.5617291717215,51.218284606933594,51.218284606933594,3415063,0.0,0.0
2022-12-30 00:00:00-05:00,51.04656500772805,51.48942801651838,51.02848861474483,51.471351623535156,2035233,0.0,0.0
2023-01-03 00:00:00-05:00,51.94132749900615,52.23505940376108,50.55851274137657,50.59466552734375,7766476,0.0,0.0
2023-01-04 00:00:00-05:00,50.44102454902741,50.58563225432335,49.82644093958976,50.09757995605469,5712988,0.0,0.0
2023-01-05 00:00:00-05:00,49.69990927393056,50.223838539144104,49.68183287993254,50.14276885986328,4266050,0.0,0.0
2023-01-06 00:00:00-05:00,50.72119136307923,51.77411786876832,50.648889246658015,51.74248504638672,5845518,0.0,0.0
2023-01-09 00:00:00-05:00,52.56495029467539,52.96352736823761,52.14920357744122,52.48360824584961,4939246,0.0,0.0
2023-01-10 00:00:00-05:00,52.37514777955457,52.851357105173065,52.14015813108541,52.75474166870117,3475500,0.0,0.0
2023-01-11 00:00:00-05:00,53.08011140940119,53.287984752176136,52.70955398137293,53.26087188720703,3113956,0.0,0.0
2023-01-12 00:00:00-05:00,53.44163142407524,54.024582144682505,53.043957690360294,53.884490966796875,3942425,0.0,0.0
2023-01-13 00:00:00-05:00,53.85738518375811,54.18275339131718,53.69470107997858,53.87546157836914,3619767,0.0,0.0
2023-01-17 00:00:00-05:00,53.89353084015585,54.336390382494415,53.54556632345626,53.6856575012207,3301583,0.0,0.0
2023-01-18 00:00:00-05:00,54.24601667678903,54.35447159199348,52.71407763961274,52.772823333740234,4893268,0.0,0.0
2023-01-19 00:00:00-05:00,52.736669576667055,53.513937258069944,52.56042904980472,53.44163513183594,3563568,0.0,0.0
2023-01-20 00:00:00-05:00,52.8632033931022,53.3151028791349,52.56042811719349,53.233760833740234,4272295,0.0,0.0
2023-01-23 00:00:00-05:00,52.75022847391248,53.17049513345179,52.7366685932594,52.9897346496582,3219155,0.0,0.0
2023-01-24 00:00:00-05:00,46.32873429210305,52.781861918522424,50.84772920130122,52.41130447387695,3125185,0.0,0.0
2023-01-25 00:00:00-05:00,52.221504766938104,52.41130517593365,51.76960526996503,52.275733947753906,4033854,0.0,0.0
2023-01-26 00:00:00-05:00,52.62821348140612,53.022270576075364,52.09497195249394,52.890316009521484,3815540,0.0,0.0
2023-01-27 00:00:00-05:00,53.26990900227121,53.48682226779893,52.78186018834278,52.88127517700195,2599115,0.0,0.0
2023-01-30 00:00:00-05:00,53.07107245456706,53.235925147580545,52.6959950840152,52.7908935546875,3953046,0.0,0.0
2023-01-31 00:00:00-05:00,52.583025712732066,53.211165737338284,52.22150473627804,53.15242004394531,3360666,0.0,0.0
2023-02-01 00:00:00-05:00,53.034924766134885,53.22472172571299,51.96844168700147,52.709556579589844,5282193,0.0,0.0
2023-02-02 00:00:00-05:00,53.89352761154748,53.902564083255804,51.43519358059624,52.08592987060547,9676816,0.0,0.0
2023-02-03 00:00:00-05:00,52.56494362082439,53.441629652670365,52.38418315219275,52.69147491455078,5750011,0.0,0.0
2023-02-06 00:00:00-05:00,52.42033837058021,52.59205892751177,51.70181987023357,52.284767150878906,5409777,0.0,0.0
2023-02-07 00:00:00-05:00,52.700523510410086,53.97488002486994,52.63725785313135,53.87546157836914,4831599,0.0,0.0
2023-02-08 00:00:00-05:00,53.89353194837432,54.1194816841743,53.17952995579371,53.748924255371094,5212568,0.0,0.0
2023-02-09 00:00:00-05:00,54.38157661848338,54.53341761514167,53.97938639518743,54.03813552856445,4918346,0.0,0.0
2023-02-10 00:00:00-05:00,55.0865438689718,55.90448077353402,54.9148198707319,55.81861877441406,7372318,0.0,0.0
2023-02-13 00:00:00-05:00,55.62882709653,56.02650085832432,55.46614300265406,55.881893157958984,4526171,0.0,0.0
2023-02-14 00:00:00-05:00,55.918038304684295,56.71338232092076,55.78247053509852,56.55973815917969,5795144,0.0,0.0
2023-02-15 00:00:00-05:00,56.04456849039475,56.550697117545916,55.70564390157406,56.45127868652344,6946412,0.0,0.0
2023-02-16 00:00:00-05:00,56.29164625496007,56.90281973110455,56.18218364720045,56.4649658203125,5075158,0.575,0.0
2023-02-17 00:00:00-05:00,55.76258057249243,55.8446784078029,55.18789572531916,55.33384704589844,5071012,0.0,0.0
2023-02-21 00:00:00-05:00,54.85950014781851,55.18789146370195,54.77740231884765,54.79564666748047,3071355,0.0,0.0
2023-02-22 00:00:00-05:00,54.376028679782586,54.48092931850796,53.52312378179338,53.77397918701172,4332574,0.0,0.0
2023-02-23 00:00:00-05:00,54.55847795150035,55.13315928356698,54.38835279058762,54.968963623046875,4144024,0.0,0.0
2023-02-24 00:00:00-05:00,54.33954701842259,55.36120615778,54.12974223407487,55.30647659301758,5069046,0.0,0.0
2023-02-27 00:00:00-05:00,55.55276920094317,56.14113289141738,55.269987028350066,55.8264274597168,4710210,0.0,0.0
2023-02-28 00:00:00-05:00,56.17306548984641,56.19130635875103,55.41594067941785,55.43418502807617,5055244,0.0,0.0
2023-03-01 00:00:00-05:00,56.10009195551523,56.62916766375157,55.87204280122452,56.50145721435547,4300198,0.0,0.0
2023-03-02 00:00:00-05:00,56.118333342258964,57.00772360512943,55.98150246500793,56.939308166503906,4041439,0.0,0.0
2023-03-03 00:00:00-05:00,56.02710771435743,56.936203759748416,55.91764510799553,56.82984161376953,4237293,0.0,0.0
2023-03-06 00:00:00-05:00,56.83896797211433,57.22208885073563,56.702137098461776,57.07613754272461,3306147,0.0,0.0
2023-03-07 00:00:00-05:00,56.87544677001525,56.8845706830976,55.93588554822316,56.19129943847656,3146586,0.0,0.0
2023-03-08 00:00:00-05:00,56.10920184921398,56.49232616591587,55.662227539440615,55.98149490356445,2837335,0.0,0.0
2023-03-09 00:00:00-05:00,55.8720431929884,56.25516410460128,55.22438442540247,55.33384704589844,3348425,0.0,0.0
2023-03-10 00:00:00-05:00,55.872038853917324,56.27623312415581,54.905109255325954,55.060184478759766,4493262,0.0,0.0
2023-03-13 00:00:00-04:00,53.19017977925699,54.87774193175807,52.980374999415204,53.91081237792969,6706667,0.0,0.0
2023-03-14 00:00:00-04:00,54.17535484521663,55.078430999106054,53.669085460116385,54.184478759765625,4932262,0.0,0.0
2023-03-15 00:00:00-04:00,50.69076021706752,51.10124934603877,49.7238306554634,50.672515869140625,11421323,0.0,0.0
2023-03-16 00:00:00-04:00,48.41027037313705,49.90627215043504,47.86295383794392,49.8424186706543,12526152,0.0,0.0
2023-03-17 00:00:00-04:00,49.76032160954902,49.901714442460786,48.87549331333728,49.21300506591797,8845638,0.0,0.0
2023-03-20 00:00:00-04:00,49.95187501193942,50.74548841203737,49.6964611248752,50.389732360839844,5500597,0.0,0.0
2023-03-21 00:00:00-04:00,52.15027679661323,52.3965702907284,51.37947305291881,52.10466766357422,7023901,0.0,0.0
2023-03-22 00:00:00-04:00,51.976954435335266,52.86634808130563,51.84012705270755,51.858367919921875,7104574,0.0,0.0
2023-03-23 00:00:00-04:00,51.98608594174587,52.31447379586851,50.66795864889317,51.05564498901367,7498669,0.0,0.0
2023-03-24 00:00:00-04:00,49.213003577840226,50.01117554302379,49.02144314133704,49.778564453125,9647766,0.0,0.0
2023-03-27 00:00:00-04:00,50.34412455209659,51.15324380967607,50.052221944853784,50.93705368041992,4769003,0.0,0.0
2023-03-28 00:00:00-04:00,50.718123534582325,51.593834811019136,50.65427005855876,51.238075256347656,5304799,0.0,0.0
2023-03-29 00:00:00-04:00,52.122912012740585,52.13203592720066,51.7854002525474,52.10466766357422,3250394,0.0,0.0
2023-03-30 00:00:00-04:00,53.007740164887,53.02598451279923,52.478664514692824,52.852664947509766,3522244,0.0,0.0
2023-03-31 00:00:00-04:00,52.496905772898025,52.71583445520624,52.32358969756264,52.48778533935547,5167569,0.0,0.0
2023-04-03 00:00:00-04:00,55.415931077099444,55.7626571556166,54.7317837798513,55.19700241088867,7789641,0.0,0.0
2023-04-04 00:00:00-04:00,54.914230234812145,54.92335066876028,53.919935906297106,54.275691986083984,5158938,0.0,0.0
2023-04-05 00:00:00-04:00,54.45813321714707,54.64969365218128,53.828715388101,54.61320495605469,3738038,0.0,0.0
2023-04-06 00:00:00-04:00,55.16052505592671,55.53452549249953,54.85037809781119,55.25174331665039,4338182,0.0,0.0
2023-04-10 00:00:00-04:00,54.941599891244344,55.6029445031526,54.941599891244344,55.461551666259766,2851074,0.0,0.0
2023-04-11 00:00:00-04:00,55.64398649805512,55.730646279073206,55.38401063475435,55.443302154541016,3807005,0.0,0.0
2023-04-12 00:00:00-04:00,56.273398334831654,56.41022919566039,55.87659510198433,55.99061965942383,4039765,0.0,0.0
2023-04-13 00:00:00-04:00,56.32813067910216,56.68844869372916,56.15481460664687,56.620033264160156,3582535,0.0,0.0
2023-04-14 00:00:00-04:00,56.65652908459175,56.83896909314218,56.23691950075338,56.61091995239258,3596442,0.0,0.0
2023-04-17 00:00:00-04:00,56.1639391827666,56.27340179029914,55.82642744635171,56.090965270996094,3913338,0.0,0.0
2023-04-18 00:00:00-04:00,56.00886428123106,56.511117961755005,55.862912986181904,56.474082946777344,3430240,0.0,0.0
2023-04-19 00:00:00-04:00,56.06359370385024,56.22778934534502,55.8811537155501,56.10008239746094,3729779,0.0,0.0
2023-04-20 00:00:00-04:00,55.50715937014197,56.24603983759867,55.48891850109697,56.23691940307617,4531069,0.0,0.0
2023-04-21 00:00:00-04:00,56.04535428440315,56.17306472326855,55.75345166936098,56.0635986328125,3703752,0.0,0.0
2023-04-24 00:00:00-04:00,55.881159691058606,56.62004015679544,55.85379490780108,56.55618667602539,3193965,0.0,0.0
2023-04-25 00:00:00-04:00,56.12745264481966,56.173065256152555,54.987206956571235,55.379451751708984,4815114,0.0,0.0
2023-04-26 00:00:00-04:00,55.917648966272914,56.05539153896583,54.98720804861326,55.17877197265625,3463368,0.0,0.0
2023-04-27 00:00:00-04:00,54.85950571907013,55.58014190435919,54.7591635312762,55.35209274291992,4111200,0.0,0.0
2023-04-28 00:00:00-04:00,55.470668957679656,56.76598628330421,55.28822896653092,56.53793716430664,4411813,0.0,0.0
2023-05-01 00:00:00-04:00,56.06359356671337,56.58354527025723,55.803617714941446,55.99061965942383,2492270,0.0,0.0
2023-05-02 00:00:00-04:00,55.2426204026074,55.26086474988386,53.47751895083657,54.04764175415039,8409357,0.0,0.0
2023-05-03 00:00:00-04:00,53.2905226387329,53.90169615801385,53.135450890107975,53.381744384765625,6056727,0.0,0.0
2023-05-04 00:00:00-04:00,54.12062123458723,54.86862210305897,53.90169253856336,54.12974166870117,6873805,0.0,0.0
2023-05-05 00:00:00-04:00,55.16964034878124,55.999738971121864,55.160519915460256,55.762569427490234,4957648,0.0,0.0
2023-05-08 00:00:00-04:00,56.44672588063093,56.537944147595425,55.43418711045737,55.51628494262695,4120153,0.0,0.0
2023-05-09 00:00:00-04:00,54.69530529274638,55.76713556244386,54.5721602873593,55.49803924560547,3929929,0.0,0.0
2023-05-10 00:00:00-04:00,56.15481703410132,56.18218181521053,55.306474022181526,55.643985748291016,3668686,0.0,0.0
2023-05-11 00:00:00-04:00,54.59496095076521,55.11491269469603,54.29393790521487,55.04193878173828,3202373,0.0,0.0
2023-05-12 00:00:00-04:00,55.42506101199436,55.70784319604796,54.85950012364084,55.060184478759766,3007570,0.0,0.0
2023-05-15 00:00:00-04:00,55.26086331849638,55.78081502327032,55.09666767701478,55.571006774902344,2691564,0.0,0.0
2023-05-16 00:00:00-04:00,55.04193346928459,55.397689525032135,54.5995176379948,54.649688720703125,3547073,0.0,0.0
2023-05-17 00:00:00-04:00,55.114919277821244,55.61206825572624,54.72267792428458,55.45243453979492,3782456,0.0,0.0
2023-05-18 00:00:00-04:00,55.65042325384873,55.65963078028164,54.86765352670853,55.309688568115234,5674548,0.575,0.0
2023-05-19 00:00:00-04:00,55.94511353175821,56.13390119780879,55.521497054304255,55.641212463378906,3615164,0.0,0.0
2023-05-22 00:00:00-04:00,55.364936684858634,55.65962669081139,55.24061576574624,55.28205490112305,2964172,0.0,0.0
2023-05-23 00:00:00-04:00,55.59516791467586,55.96353220804707,55.33731501710537,55.585960388183594,3265973,0.0,0.0
2023-05-24 00:00:00-04:00,55.18996759983437,55.291267951750775,54.600587566483014,54.830814361572266,4587894,0.0,0.0
2023-05-25 00:00:00-04:00,53.83623369981443,53.965160144853435,53.35736153753943,53.77177047729492,5200606,0.0,0.0
2023-05-26 00:00:00-04:00,54.11250184585112,54.25984684731023,53.81320983659307,54.13092041015625,3448964,0.0,0.0
2023-05-30 00:00:00-04:00,52.95216635848506,53.357364279858956,52.689707935314466,52.94295883178711,3343556,0.0,0.0
2023-05-31 00:00:00-04:00,51.589219345944,51.874701829228016,51.363598076161,51.57080078125,6159243,0.0,0.0
2023-06-01 00:00:00-04:00,51.73656717244653,52.86928261554569,51.59842968619791,52.57459259033203,4418013,0.0,0.0
2023-06-02 00:00:00-04:00,53.28368547069295,53.827020801258605,53.200803691014066,53.65204620361328,4469082,0.0,0.0
2023-06-05 00:00:00-04:00,53.7349297769007,53.76716138601935,53.01201781839781,53.14554977416992,4556609,0.0,0.0
2023-06-06 00:00:00-04:00,51.902329149781686,53.163971000872664,51.8562844934465,53.13634490966797,5449934,0.0,0.0
2023-06-07 00:00:00-04:00,52.89691029222687,53.70270412252436,52.88770276559283,53.5968017578125,6636455,0.0,0.0
2023-06-08 00:00:00-04:00,53.790189735323466,54.333525127113894,53.46787361857584,54.186180114746094,6165899,0.0,0.0
2023-06-09 00:00:00-04:00,53.65205675863486,54.12172144020676,53.403414883664446,53.80861282348633,3693359,0.0,0.0
2023-06-12 00:00:00-04:00,53.42182397430923,53.78098072546946,52.99820751455974,53.24685287475586,4920785,0.0,0.0
2023-06-13 00:00:00-04:00,53.77177047729492,54.425613741696836,53.67047012391223,53.77177047729492,5433135,0.0,0.0
2023-06-14 00:00:00-04:00,54.86764355171065,55.2452153004973,54.296678653169586,54.665042877197266,7493266,0.0,0.0
2023-06-15 00:00:00-04:00,55.162346835458514,56.25822522123585,55.088672567684014,55.880653381347656,8191054,0.0,0.0
2023-06-16 00:00:00-04:00,55.806970862873946,56.14310351218079,55.4570286816291,55.576744079589844,6410520,0.0,0.0
2023-06-20 00:00:00-04:00,55.55833435058594,55.60437900905724,54.867653934569596,55.55833435058594,4645056,0.0,0.0
2023-06-21 00:00:00-04:00,55.31889693927472,56.33189348551088,55.2820598070161,55.94511413574219,4866331,0.0,0.0
2023-06-22 00:00:00-04:00,55.50307435907514,55.688176892975534,55.30968470066637,55.337310791015625,3548701,0.0,0.0
2023-06-23 00:00:00-04:00,54.99657782754145,55.42479980608945,54.82620873483497,54.88606643676758,4421843,0.0,0.0
2023-06-26 00:00:00-04:00,55.36493962970367,55.751722478703265,55.33731353798304,55.43861389160156,3074750,0.0,0.0
2023-06-27 00:00:00-04:00,55.355736665972906,55.41098885396814,54.95053521810143,55.199180603027344,3459483,0.0,0.0
2023-06-28 00:00:00-04:00,54.646633510242765,55.02881084220978,54.20459847481601,54.92290496826172,3701046,0.0,0.0
2023-06-29 00:00:00-04:00,54.88606426063157,55.23600995824325,54.73411725206059,55.11629104614258,3848775,0.0,0.0
2023-06-30 00:00:00-04:00,55.54912204988167,55.77934884999324,55.27285059234422,55.60437774658203,4458981,0.0,0.0
2023-07-03 00:00:00-04:00,56.414774198229,56.4608223691632,55.9174869741724,56.04641342163086,3121855,0.0,0.0
2023-07-05 00:00:00-04:00,55.88064713541093,55.926691791132235,55.005784624778045,55.12550354003906,4406581,0.0,0.0
2023-07-06 00:00:00-04:00,54.223015419654175,54.397986518140335,53.541542564793716,53.90069580078125,4478856,0.0,0.0
2023-07-07 00:00:00-04:00,53.97437310354801,55.18075932187178,53.94674701090923,54.9321174621582,4802897,0.0,0.0
2023-07-10 00:00:00-04:00,55.03341060942131,55.526095801950824,54.98736595378885,55.180755615234375,3409529,0.0,0.0
2023-07-11 00:00:00-04:00,55.43861217031484,56.074036851035416,55.43861217031484,56.05561828613281,4291898,0.0,0.0
2023-07-12 00:00:00-04:00,57.160707803069734,57.37251603076829,56.727880308695866,56.902854919433594,4888022,0.0,0.0
2023-07-13 00:00:00-04:00,57.38172623194365,57.64878663767527,57.02266434023177,57.19754409790039,5043050,0.0,0.0
2023-07-14 00:00:00-04:00,57.37252217395681,57.37252217395681,55.82539768051678,55.880653381347656,6420971,0.0,0.0
2023-07-17 00:00:00-04:00,56.37794185012113,56.47003116810033,56.000370025634766,56.000370025634766,5324870,0.0,0.0
2023-07-18 00:00:00-04:00,56.055613615081334,56.57592836952198,55.96352431122407,56.2121696472168,5030586,0.0,0.0
2023-07-19 00:00:00-04:00,56.59895367275237,57.00221942165866,56.53909597153702,56.847599029541016,4085140,0.0,0.0
2023-07-20 00:00:00-04:00,57.41855405666786,57.72245507413264,57.23437545418435,57.648780822753906,3701146,0.0,0.0
2023-07-21 00:00:00-04:00,57.85139116807868,57.99873618247595,57.63037540297388,57.98952865600586,4425165,0.0,0.0
2023-07-24 00:00:00-04:00,57.91584989962584,58.652574914462456,57.88822380937633,58.367095947265625,5758797,0.0,0.0
2023-07-25 00:00:00-04:00,57.713253571187664,58.22896287709559,57.372518884721444,58.04478073120117,4895979,0.0,0.0
2023-07-26 00:00:00-04:00,57.390930566637515,57.81915251145989,57.30344326741066,57.66720199584961,4484023,0.0,0.0
2023-07-27 00:00:00-04:00,56.718675069017245,56.98573900239543,55.880649650437114,55.99115753173828,7348255,0.0,0.0
2023-07-28 00:00:00-04:00,56.00036364339456,56.4792357708714,55.81618151544471,56.120079040527344,3903043,0.0,0.0
2023-07-31 00:00:00-04:00,56.543704001173865,57.022572658119394,56.460822211898254,56.75551223754883,5239894,0.0,0.0
2023-08-01 00:00:00-04:00,56.377938240664506,56.5759334233277,55.86222895924406,56.193756103515625,4749446,0.0,0.0
2023-08-02 00:00:00-04:00,55.58595701595685,55.65042023643869,54.79858181180119,55.180755615234375,5583412,0.0,0.0
2023-08-03 00:00:00-04:00,55.09787970972845,55.92660274812511,54.87225491536779,55.797767639160156,4607290,0.0,0.0
2023-08-04 00:00:00-04:00,56.35952121980325,57.08243322970891,56.258220865946804,56.3134765625,4267497,0.0,0.0
2023-08-07 00:00:00-04:00,56.68183624057434,56.77392906638662,56.37333317831291,56.580535888671875,3972654,0.0,0.0
2023-08-08 00:00:00-04:00,55.89906701091574,56.856811329495244,55.56753986117806,56.80155563354492,3694454,0.0,0.0
2023-08-09 00:00:00-04:00,57.354095943050154,57.81454951616516,57.317262327067255,57.57511520385742,4999187,0.0,0.0
2023-08-10 00:00:00-04:00,58.30296687709001,58.726465551155776,57.89808743109025,58.005123138427734,3763521,0.662,0.0
2023-08-11 00:00:00-04:00,57.362905737709276,58.140091733872744,57.362905737709276,58.09820556640625,4513205,0.0,0.0
2023-08-14 00:00:00-04:00,57.18605449407768,57.44667044389105,56.869595059043874,57.29774856567383,4733411,0.0,0.0
2023-08-15 00:00:00-04:00,57.18605979676647,57.26982858294239,56.62294878158649,56.71137237548828,4170397,0.0,0.0
2023-08-16 00:00:00-04:00,56.497299152590074,56.95337090787116,56.45076172560316,56.47868347167969,5011595,0.0,0.0
2023-08-17 00:00:00-04:00,57.19536185323119,57.409436822815536,56.61922029302448,56.7672119140625,4099843,0.0,0.0
2023-08-18 00:00:00-04:00,56.208750420877216,56.99059111316914,56.09333535217344,56.962669372558594,3627689,0.0,0.0
2023-08-21 00:00:00-04:00,57.31636393507154,57.43736051944817,56.832366945832156,57.16743850708008,2906847,0.0,0.0
2023-08-22 00:00:00-04:00,57.213985092543766,57.26982858294239,56.664834949963435,56.71137237548828,2903838,0.0,0.0
2023-08-23 00:00:00-04:00,56.413528432562366,56.748603576322374,55.96210795002891,56.52521896362305,2818815,0.0,0.0
2023-08-24 00:00:00-04:00,56.28321632221348,56.72067233575908,56.23667535111966,56.27390670776367,2915432,0.0,0.0
2023-08-25 00:00:00-04:00,56.823055222485806,56.92543967514145,56.380944413920965,56.804439544677734,3417173,0.0,0.0
2023-08-28 00:00:00-04:00,56.99990450174493,57.362901356030065,56.87890436679068,57.16743850708008,2405541,0.0,0.0
2023-08-29 00:00:00-04:00,57.33498212292689,57.73055911932829,57.04644795214131,57.71659469604492,2925694,0.0,0.0
2023-08-30 00:00:00-04:00,58.1168175634541,58.228511635901405,57.83758948349118,57.930667877197266,2464087,0.0,0.0
2023-08-31 00:00:00-04:00,58.116815446938695,58.116815446938695,57.600241920060064,57.79104995727539,3051592,0.0,0.0
2023-09-01 00:00:00-04:00,58.647354044015586,58.78696986419815,58.14939615954522,58.49843215942383,2924792,0.0,0.0
2023-09-05 00:00:00-04:00,58.90797000498452,59.16392760788215,58.29831804413698,58.49843215942383,3944605,0.0,0.0
2023-09-06 00:00:00-04:00,58.66596630390836,59.17788858102046,58.58229339239203,59.001041412353516,3640134,0.0,0.0
2023-09-07 00:00:00-04:00,58.89866051571522,59.13135118279764,58.66596984863281,58.66596984863281,3041259,0.0,0.0
2023-09-08 00:00:00-04:00,58.63804643802346,59.23373396072999,58.55427765823174,58.82419967651367,4476333,0.0,0.0
2023-09-11 00:00:00-04:00,59.45711872975941,59.587421381330074,58.97312172850989,59.12204360961914,4328969,0.0,0.0
2023-09-12 00:00:00-04:00,59.17789281434772,59.70842725714547,59.17789281434772,59.63396453857422,5717953,0.0,0.0
2023-09-13 00:00:00-04:00,59.79218861932266,59.81545910501434,59.2430420830062,59.50365447998047,4737805,0.0,0.0
2023-09-14 00:00:00-04:00,59.94111276642807,60.84395362320001,59.90388141034772,60.81602478027344,7459641,0.0,0.0
2023-09-15 00:00:00-04:00,60.443731082508855,60.81603047586907,60.136577691946506,60.17380905151367,4787592,0.0,0.0
2023-09-18 00:00:00-04:00,60.601959484922006,60.74157530904695,60.27619396273433,60.713653564453125,3410816,0.0,0.0
2023-09-19 00:00:00-04:00,61.05802314133931,61.174368462531326,60.58333224255252,60.65779495239258,5506664,0.0,0.0
2023-09-20 00:00:00-04:00,60.47164526482344,61.002179645288926,60.25998824317797,60.43441390991211,12779342,0.0,0.0
2023-09-21 00:00:00-04:00,60.62056895874322,60.848608364863075,59.9690379429086,59.9969596862793,6842505,0.0,0.0
2023-09-22 00:00:00-04:00,60.480960107468206,60.75087502688873,60.01557878257624,60.05280303955078,5412388,0.0,0.0
2023-09-25 00:00:00-04:00,59.95042406338084,60.33203304689372,59.615348950408155,60.22964859008789,2845251,0.0,0.0
2023-09-26 00:00:00-04:00,59.708423347834405,60.00626710146292,59.368693430107534,59.48503875732422,3187826,0.0,0.0
2023-09-27 00:00:00-04:00,60.03418746240831,60.53214885999202,59.88526203844325,60.425106048583984,5079809,0.0,0.0
2023-09-28 00:00:00-04:00,60.58333843955546,61.39310451429772,60.58333843955546,61.26279830932617,6326736,0.0,0.0
2023-09-29 00:00:00-04:00,60.890486926585346,60.91840866809736,59.69911194770589,59.92249298095703,7010794,0.0,0.0
2023-10-02 00:00:00-04:00,60.08073146087836,60.14588456185816,58.74043098225922,58.973121643066406,5976742,0.0,0.0
2023-10-03 00:00:00-04:00,58.917276401429575,59.05223741487923,58.48912642463759,58.98242950439453,4414530,0.0,0.0
2023-10-04 00:00:00-04:00,58.275048880826766,58.30297062356512,57.325670571368384,57.74451446533203,8040217,0.0,0.0
2023-10-05 00:00:00-04:00,57.39082397321947,58.32158660888672,57.38151790911697,58.32158660888672,5707383,0.0,0.0
2023-10-06 00:00:00-04:00,59.187199072962024,60.19242092292532,58.6938959878323,60.06211471557617,6938644,0.0,0.0
2023-10-09 00:00:00-04:00,60.94633901562718,61.55132903307241,60.80672320346475,61.54202651977539,7330905,0.0,0.0
2023-10-10 00:00:00-04:00,61.45825824875601,61.96087094502415,61.286069426377765,61.877105712890625,5700124,0.0,0.0
2023-10-11 00:00:00-04:00,61.87709574443983,62.044633282872105,61.25347945623637,61.7560920715332,6390396,0.0,0.0
2023-10-12 00:00:00-04:00,61.8771093894523,62.17495317888352,61.425688897495526,61.932952880859375,5893114,0.0,0.0
2023-10-13 00:00:00-04:00,62.49140547570625,62.93351632641352,62.30059742291863,62.714786529541016,8064370,0.0,0.0
2023-10-16 00:00:00-04:00,63.31047662561555,63.49663342894401,62.928867605815135,63.394248962402344,5770166,0.0,0.0
2023-10-17 00:00:00-04:00,63.38494162836904,63.96201708772408,63.366329497944264,63.7386360168457,6255736,0.0,0.0
2023-10-18 00:00:00-04:00,63.6827793320928,63.94339174004974,63.37562595079118,63.74793243408203,6260077,0.0,0.0
2023-10-19 00:00:00-04:00,63.068477587088125,63.673474714804385,62.77063383052624,63.38493347167969,6302041,0.0,0.0
2023-10-20 00:00:00-04:00,63.021938206468064,63.287208970386786,62.37970970532208,62.40763854980469,5387530,0.0,0.0
2023-10-23 00:00:00-04:00,63.00332200542838,63.03124374695065,62.30525006275156,62.426246643066406,9927224,0.0,0.0
2023-10-24 00:00:00-04:00,62.61239594993992,62.644976048959684,61.92829198322965,62.05393981933594,6852836,0.0,0.0
2023-10-25 00:00:00-04:00,62.258714743324,62.52863677112886,62.08186756275911,62.23079299926758,4833452,0.0,0.0
2023-10-26 00:00:00-04:00,61.75610554590589,61.81195613833886,61.21161020248787,61.635108947753906,6078993,0.0,0.0
2023-10-27 00:00:00-04:00,62.64963307338686,62.7613271502529,61.51410147929343,61.765411376953125,6047687,0.0,0.0
2023-10-30 00:00:00-04:00,61.94225618208865,62.12645305085083,61.3309319198581,61.51409912109375,5004480,0.0,0.0
2023-10-31 00:00:00-04:00,60.685722484934864,61.258146632661315,60.173807283527445,60.629878997802734,8911754,0.0,0.0
2023-11-01 00:00:00-04:00,60.974269617195645,61.48618486796397,60.64384571710685,60.86257553100586,6488388,0.0,0.0
2023-11-02 00:00:00-04:00,62.72408781835586,63.98061584346851,62.570511145119745,63.803775787353516,6577759,0.0,0.0
2023-11-03 00:00:00-04:00,62.19355728627653,62.333173097940495,61.360527875234986,61.560638427734375,6737517,0.0,0.0
2023-11-06 00:00:00-05:00,62.705474405857096,62.779930011621076,62.17494004608286,62.20286178588867,4441875,0.0,0.0
2023-11-07 00:00:00-05:00,61.327956848724206,61.393109956986,60.783461493717134,60.955650329589844,4288852,0.0,0.0
2023-11-08 00:00:00-05:00,60.41580320883055,60.63918424241542,59.84803746005461,59.95972442626953,6552348,0.0,0.0
2023-11-09 00:00:00-05:00,60.2110326108976,60.86721482243951,60.20637425333284,60.32271957397461,4520192,0.0,0.0
2023-11-10 00:00:00-05:00,60.87187187683043,61.127832996993554,60.332027896332704,61.058021545410156,4183932,0.0,0.0
2023-11-13 00:00:00-05:00,61.04872377127827,61.68164270881264,60.94168804614441,61.46757125854492,3929212,0.0,0.0
2023-11-14 00:00:00-05:00,61.45826004187767,62.01671624252848,61.41172616749769,61.774723052978516,3706054,0.0,0.0
2023-11-15 00:00:00-05:00,61.811949937891356,62.166936693855426,61.37449036368831,61.383792877197266,3920916,0.0,0.0
2023-11-16 00:00:00-05:00,60.79335537280405,60.94378369207698,60.36085691864155,60.7369384765625,5498582,0.662,0.0
2023-11-17 00:00:00-05:00,61.376270257193084,62.25065676358259,61.376270257193084,61.930992126464844,4783860,0.0,0.0
2023-11-20 00:00:00-05:00,62.61733673049886,63.20966749315282,62.481010847140034,62.69255447387695,4445579,0.0,0.0
2023-11-21 00:00:00-05:00,62.62673600600364,62.79127391055634,62.37758352641808,62.5421142578125,3786288,0.0,0.0
2023-11-22 00:00:00-05:00,60.61470908719732,61.61602461287881,60.351454174361976,61.507896423339844,6170963,0.0,0.0
2023-11-24 00:00:00-05:00,62.20365511494113,62.6643512521518,62.02501476303619,62.04381561279297,2036330,0.0,0.0
2023-11-27 00:00:00-05:00,62.20365623180452,62.30707166706214,61.738254493929134,61.87458038330078,3559317,0.0,0.0
2023-11-28 00:00:00-05:00,62.241256029384786,62.52331898429177,61.97330267806617,62.053218841552734,3074245,0.0,0.0
2023-11-29 00:00:00-05:00,62.09083366511408,62.137839379998105,61.61132946507563,61.912193298339844,7969490,0.0,0.0
2023-11-30 00:00:00-05:00,62.513910426593334,63.12306938378245,61.559607780087994,61.865177154541016,6604567,0.0,0.0
2023-12-01 00:00:00-05:00,61.780558392610715,62.27886338406673,61.48439301449077,61.517303466796875,6554278,0.0,0.0
2023-12-04 00:00:00-05:00,60.981392916616535,61.31986560338007,60.74634283820625,61.00959777832031,6188176,0.0,0.0
2023-12-05 00:00:00-05:00,60.81215462281471,61.02369825196733,60.30444560895309,60.3232536315918,6521106,0.0,0.0
2023-12-06 00:00:00-05:00,60.276238493347634,60.30444335309171,59.260820503609025,59.279624938964844,6464874,0.0,0.0
2023-12-07 00:00:00-05:00,59.59929993656422,59.843754037377444,59.27972492343649,59.48647689819336,5329522,0.0,0.0
2023-12-08 00:00:00-05:00,59.77793351567433,60.431372401395215,59.73092063399021,60.304443359375,5831511,0.0,0.0
2023-12-11 00:00:00-05:00,60.295036393203034,60.63350903989515,59.98007018620087,60.05998992919922,4608888,0.0,0.0
2023-12-12 00:00:00-05:00,59.90956676627661,60.13521283921788,59.622805375871515,59.89076232910156,5417771,0.0,0.0
2023-12-13 00:00:00-05:00,59.81553925477228,60.389065571098676,59.307833842567746,60.379661560058594,5627025,0.0,0.0
2023-12-14 00:00:00-05:00,61.16943258649879,61.68654564920016,61.01429866768838,61.5737190246582,6924106,0.0,0.0
2023-12-15 00:00:00-05:00,60.83095501143169,60.96258247626982,60.21983057032273,60.2480354309082,6033068,0.0,0.0
2023-12-18 00:00:00-05:00,61.291658020834674,61.460894356703754,60.81215387367915,60.84035873413086,4674660,0.0,0.0
2023-12-19 00:00:00-05:00,61.46089879158824,61.67244243339941,61.25405356913844,61.58312225341797,4870480,0.0,0.0
2023-12-20 00:00:00-05:00,62.0720173434992,62.391689158514346,61.16942596435547,61.16942596435547,7623867,0.0,0.0
2023-12-21 00:00:00-05:00,61.64893005513432,62.01560757848163,61.39977756294086,61.72414779663086,8997217,0.0,0.0
2023-12-22 00:00:00-05:00,62.072021588507546,62.24596352438616,61.71474805144185,61.87458038330078,3487230,0.0,0.0
2023-12-26 00:00:00-05:00,61.97799495248305,62.39168533248982,61.9121812259509,62.15663528442383,2649997,0.0,0.0
2023-12-27 00:00:00-05:00,62.24125929314883,62.391694789830034,62.01279416968438,62.175445556640625,3402886,0.0,0.0
2023-12-28 00:00:00-05:00,62.09082801074722,62.24125632710061,61.531407690506484,61.53610610961914,3227686,0.0,0.0
2023-12-29 00:00:00-05:00,62.13782890512106,62.16604093708715,61.73354969799948,61.865177154541016,3041426,0.0,0.0
2024-01-02 00:00:00-05:00,61.92159596917599,62.44810587269271,61.74295560627163,61.96860885620117,4934145,0.0,0.0
2024-01-03 00:00:00-05:00,62.137828947647584,63.07802916539253,61.99680465351256,62.9276008605957,4389824,0.0,0.0
2024-01-04 00:00:00-05:00,63.30368856319812,63.60455237532604,62.3540842420735,62.391693115234375,3420027,0.0,0.0
2024-01-05 00:00:00-05:00,62.61733562940143,62.77716795140018,61.65833452425021,61.79936599731445,6441927,0.0,0.0
2024-01-08 00:00:00-05:00,61.028400045402776,61.028400045402776,60.337352306202995,60.755741119384766,8500321,0.0,0.0
2024-01-09 00:00:00-05:00,60.586505373853434,60.63351108165792,59.98947621678415,60.07879638671875,4761449,0.0,0.0
2024-01-10 00:00:00-05:00,59.8907547245625,59.951866447687095,59.133893260621505,59.29842758178711,5538011,0.0,0.0
2024-01-11 00:00:00-05:00,59.96597625588724,59.975380267727694,59.00697148320128,59.42066192626953,6864320,0.0,0.0
2024-01-12 00:00:00-05:00,60.26683873499186,60.421972647689635,59.69801797501288,59.984779357910156,4422731,0.0,0.0
2024-01-16 00:00:00-05:00,59.157400845073504,59.307836335403124,58.05736822138438,58.066768646240234,5960886,0.0,0.0
2024-01-17 00:00:00-05:00,57.01374238030032,57.436833208588624,56.728863972297006,57.38982391357422,5755790,0.0,0.0
2024-01-18 00:00:00-05:00,57.54965839254507,57.718894730208206,57.12186912931507,57.6812858581543,6001278,0.0,0.0
2024-01-19 00:00:00-05:00,57.61547503462594,57.62487904640399,57.117170007777965,57.45564270019531,3884440,0.0,0.0
2024-01-22 00:00:00-05:00,57.060750354457454,57.62487264130984,56.821001879459935,57.52145004272461,4857336,0.0,0.0
2024-01-23 00:00:00-05:00,57.13597466973645,57.51205265100799,57.10776980745048,57.49325180053711,3955206,0.0,0.0
2024-01-24 00:00:00-05:00,57.75650506895297,58.01035958189416,57.59666915195466,57.78470993041992,5382358,0.0,0.0
2024-01-25 00:00:00-05:00,58.11378390861498,58.77192127284443,57.728301915317886,58.75312042236328,5787649,0.0,0.0
2024-01-26 00:00:00-05:00,58.950556744030465,59.4488617317981,58.7343111156298,59.39244842529297,5348091,0.0,0.0
2024-01-29 00:00:00-05:00,59.439462451809696,59.618099212646484,58.95995830373185,59.618099212646484,4660680,0.0,0.0
2024-01-30 00:00:00-05:00,59.45826514985527,60.219828640472365,59.23261551266451,60.069393157958984,4431459,0.0,0.0
2024-01-31 00:00:00-05:00,59.768530844211135,59.94246918523437,59.044576206318446,59.14799880981445,6776727,0.0,0.0
2024-02-01 00:00:00-05:00,60.40786775633181,61.0942171142668,60.01298536181742,60.2480354309082,10950785,0.0,0.0
2024-02-02 00:00:00-05:00,59.93776981224518,60.05059284529654,59.23732158495612,59.514678955078125,5547851,0.0,0.0
2024-02-05 00:00:00-05:00,59.23261821791128,59.38775212640393,58.81893138184369,59.21381378173828,4426312,0.0,0.0
2024-02-06 00:00:00-05:00,59.34543762360314,60.1446099725353,59.30783234013351,59.843746185302734,5139418,0.0,0.0
2024-02-07 00:00:00-05:00,59.50527407526098,59.81553828956949,59.13859655536034,59.75912857055664,4578603,0.0,0.0
2024-02-08 00:00:00-05:00,59.46766520486622,59.91896088986542,59.4394603453598,59.75912857055664,4720812,0.0,0.0
2024-02-09 00:00:00-05:00,60.05999125743357,60.332646596339465,59.76382589173867,59.92836380004883,3620567,0.0,0.0
2024-02-12 00:00:00-05:00,60.14461406268235,60.41256741690993,59.843843506056395,60.31385040283203,4204223,0.0,0.0
2024-02-13 00:00:00-05:00,60.28563539744392,60.36084595684226,59.35483568324571,59.62749099731445,4707926,0.0,0.0
2024-02-14 00:00:00-05:00,59.900160608024294,60.14931311515152,59.495874189696494,59.636905670166016,3777604,0.0,0.0
2024-02-15 00:00:00-05:00,58.988657754349106,60.47620474652003,58.96013998590406,60.433433532714844,5497231,0.688,0.0
2024-02-16 00:00:00-05:00,60.452441450093175,60.742347323257654,60.30872494824528,60.423927307128906,3977906,0.0,0.0
2024-02-20 00:00:00-05:00,60.775613743863865,60.775613743863865,60.16728786746426,60.47145080566406,7343288,0.0,0.0
2024-02-21 00:00:00-05:00,60.604520979041204,61.203343343446974,60.45243951159462,61.1938362121582,6747228,0.0,0.0
2024-02-22 00:00:00-05:00,61.15581351691553,61.27462727390533,60.65204797347751,60.956207275390625,5172043,0.0,0.0
2024-02-23 00:00:00-05:00,60.680563414651346,60.87066615508867,60.248079589508734,60.766109466552734,3176388,0.0,0.0
2024-02-26 00:00:00-05:00,60.062732667332256,60.376402744704116,59.90114768874068,60.24333190917969,6115259,0.0,0.0
2024-02-27 00:00:00-05:00,60.5094715711502,60.661553038972656,60.195805130101235,60.2623405456543,3225053,0.0,0.0
2024-02-28 00:00:00-05:00,60.08174418365956,60.319371715117704,59.44965407976288,59.48292541503906,4095859,0.0,0.0
2024-02-29 00:00:00-05:00,59.95817805898059,60.20530908632703,59.58747607909858,59.720550537109375,2914810,0.0,0.0
2024-03-01 00:00:00-05:00,60.252832484900864,60.73759464891903,60.06272974657821,60.41442108154297,4818352,0.0,0.0
2024-03-04 00:00:00-05:00,60.4144202519606,60.52848044302471,59.73005185375975,59.73955535888672,3194123,0.0,0.0
2024-03-05 00:00:00-05:00,59.66351825226964,60.14590182856959,59.587381431698475,59.758567810058594,3776959,0.0,0.0
2024-03-06 00:00:00-05:00,61.003737358786324,61.136619642907014,60.61402837016462,60.690067291259766,4168220,0.0,0.0
2024-03-07 00:00:00-05:00,60.7661114089682,61.21285231938995,60.65205121142309,61.070274353027344,4214556,0.0,0.0
2024-03-08 00:00:00-05:00,61.37443783146886,61.440973249441846,60.88017576250048,61.136810302734375,2200250,0.0,0.0
2024-03-11 00:00:00-04:00,60.842149973829564,61.1653199080606,60.56174762525348,61.10829162597656,3219491,0.0,0.0
2024-03-12 00:00:00-04:00,61.440973219608786,61.70711489137151,61.16532441619263,61.31740951538086,3379014,0.0,0.0
2024-03-13 00:00:00-04:00,61.78315039312107,62.51028996760254,61.76414338379908,62.458011627197266,4646860,0.0,0.0
2024-03-14 00:00:00-04:00,62.27742054193009,62.52455520629883,61.81167260862564,62.52455520629883,4606613,0.0,0.0
2024-03-15 00:00:00-04:00,62.429505269104,62.72416108712647,62.20613480969446,62.6005973815918,4216901,0.0,0.0
2024-03-18 00:00:00-04:00,62.79069100728602,63.004561568030006,62.30593610753379,62.86673355102539,3716208,0.0,0.0
2024-03-19 00:00:00-04:00,62.99980543163471,63.43703918773369,62.97129129020899,63.18040466308594,2776339,0.0,0.0
2024-03-20 00:00:00-04:00,62.92376211027535,63.74120132953637,62.82871255609024,63.617637634277344,3904170,0.0,0.0
2024-03-21 00:00:00-04:00,63.921812442315904,64.06439042600799,63.53209977034537,63.54160690307617,4038391,0.0,0.0
2024-03-22 00:00:00-04:00,63.65566362991617,63.665170761585,63.299222336409976,63.60813522338867,2962685,0.0,0.0
2024-03-25 00:00:00-04:00,63.8837830311933,64.36854521331212,63.8837830311933,64.08338928222656,2918439,0.0,0.0
2024-03-26 00:00:00-04:00,64.42556790098425,64.43507503167879,63.456050872802734,63.456050872802734,3678928,0.0,0.0
2024-03-27 00:00:00-04:00,63.104359555263905,63.50357202264359,63.00931000376625,63.456050872802734,2813776,0.0,0.0
2024-03-28 00:00:00-04:00,63.55110637688046,63.90992626309545,63.55110637688046,63.722198486328125,2876269,0.0,0.0
2024-04-01 00:00:00-04:00,63.7222008407878,64.64419683955482,63.2954241652849,64.55864715576172,3104385,0.0,0.0
2024-04-02 00:00:00-04:00,65.23350561473208,66.32659368114076,65.14321324667164,66.30758666992188,8048802,0.0,0.0
2024-04-03 00:00:00-04:00,66.00342816164361,66.64977536375434,65.84183592225314,66.62125396728516,6214206,0.0,0.0
2024-04-04 00:00:00-04:00,67.00145872432019,67.17255084211126,66.52620364732466,66.7733383178711,5377096,0.0,0.0
2024-04-05 00:00:00-04:00,67.00144520857445,67.87591988522529,66.3836122827481,67.76185607910156,4968577,0.0,0.0
2024-04-08 00:00:00-04:00,67.86642014223122,68.46523887297619,67.66681389864956,68.26563262939453,5096694,0.0,0.0
2024-04-09 00:00:00-04:00,68.91198525479247,69.12109864620116,68.18009563667893,68.2846450805664,4663489,0.0,0.0
2024-04-10 00:00:00-04:00,68.7218883199303,69.06407256191403,68.36068981349354,69.0545654296875,4666561,0.0,0.0
2024-04-11 00:00:00-04:00,69.44426991753798,69.47278406202612,68.1325685083645,69.06407165527344,4996448,0.0,0.0
2024-04-12 00:00:00-04:00,69.814959874907,70.28071501806704,68.69811492359547,68.85494995117188,7385441,0.0,0.0
2024-04-15 00:00:00-04:00,68.93098236913536,69.11633153003056,68.11830037590866,68.37969207763672,7277935,0.0,0.0
2024-04-16 00:00:00-04:00,67.99949911457686,68.22761952715787,67.3341376378079,67.54325103759766,5079860,0.0,0.0
2024-04-17 00:00:00-04:00,67.68582099811074,68.17058316276969,67.1250235394753,67.6192855834961,4047598,0.0,0.0
2024-04-18 00:00:00-04:00,67.78087403295685,68.00662308617216,67.26759770023834,67.51473236083984,3862612,0.0,0.0
2024-04-19 00:00:00-04:00,67.22957778880026,68.51751482180691,67.15353524576523,68.50325775146484,5567990,0.0,0.0
2024-04-22 00:00:00-04:00,68.42722095733468,69.17812481630662,68.0185955925694,68.80742645263672,3634539,0.0,0.0
2024-04-23 00:00:00-04:00,68.77890428946543,69.26841636009821,68.5888051898896,69.16860961914062,3239783,0.0,0.0
2024-04-24 00:00:00-04:00,69.46328206722826,69.58684577352118,68.99752688204322,69.51080322265625,4563871,0.0,0.0
2024-04-25 00:00:00-04:00,69.29219100964009,69.86249564618434,68.94049964539298,69.64387512207031,4190457,0.0,0.0
2024-04-26 00:00:00-04:00,69.54882555794909,69.75318901003578,69.08307761748326,69.64387512207031,3880010,0.0,0.0
2024-04-29 00:00:00-04:00,69.43476920618322,69.67714668324838,69.11634192503158,69.50130462646484,3294253,0.0,0.0
2024-04-30 00:00:00-04:00,69.31119338935746,69.34921466282819,68.06602750341061,68.11355590820312,4276821,0.0,0.0
2024-05-01 00:00:00-04:00,67.8664240910953,68.00900205961145,67.08700608193267,67.43869018554688,4957347,0.0,0.0
2024-05-02 00:00:00-04:00,68.5507897851456,69.12109438448691,68.41771895369318,68.5412826538086,5134479,0.0,0.0
2024-05-03 00:00:00-04:00,68.92148482652495,68.97851310817468,68.38919427446848,68.78841400146484,4407390,0.0,0.0
2024-05-06 00:00:00-04:00,69.18763060556877,69.51555774825667,69.02604563004087,69.1781234741211,3585670,0.0,0.0
2024-05-07 00:00:00-04:00,69.80546743029538,69.91952400663209,69.24466267331123,69.35872650146484,3254813,0.0,0.0
2024-05-08 00:00:00-04:00,68.72187493551203,69.1400943984033,68.49850450850406,69.03553771972656,3138203,0.0,0.0
2024-05-09 00:00:00-04:00,69.33019962885187,69.97654669942386,69.33019962885187,69.9100112915039,4173306,0.0,0.0
2024-05-10 00:00:00-04:00,70.48032960805143,70.58488630549073,70.22368780458515,70.42329406738281,4451030,0.0,0.0
2024-05-13 00:00:00-04:00,70.61339242984644,70.91280541594496,70.25220122178094,70.49932861328125,3495386,0.0,0.0
2024-05-14 00:00:00-04:00,70.21418340361653,70.41378965356265,69.74842823525906,70.394775390625,3327760,0.0,0.0
2024-05-15 00:00:00-04:00,69.62486539271396,69.85774297976678,68.75039783401962,69.67239379882812,4724607,0.0,0.0
2024-05-16 00:00:00-04:00,69.26748006189678,69.40181175054053,68.81650625550931,68.835693359375,5038094,0.688,0.0
2024-05-17 00:00:00-04:00,68.5094547848759,69.07556580126446,68.3751231091048,69.0083999633789,4790547,0.0,0.0
2024-05-20 00:00:00-04:00,68.7397435722597,68.94604337270799,68.58142251252814,68.69176483154297,3816758,0.0,0.0
2024-05-21 00:00:00-04:00,68.64378449174228,68.941232148057,68.42309256186142,68.50945281982422,2870551,0.0,0.0
2024-05-22 00:00:00-04:00,68.0297043138453,68.0297043138453,67.34844864755105,67.63629913330078,3504169,0.0,0.0
2024-05-23 00:00:00-04:00,68.19282241499693,68.47108301746859,67.31783626597623,67.52116394042969,3029329,0.0,0.0
2024-05-24 00:00:00-04:00,68.048884417182,68.26957635536074,67.78981827460701,67.95293426513672,2352149,0.0,0.0
2024-05-28 00:00:00-04:00,68.4710798217031,68.91245641589371,68.16403491615623,68.835693359375,3078948,0.0,0.0
2024-05-29 00:00:00-04:00,69.02760232181107,69.03719221366346,68.39431807420306,68.55743408203125,3074933,0.0,0.0
2024-05-30 00:00:00-04:00,68.30796512436275,68.76852883123392,68.27918080774933,68.55743408203125,4123137,0.0,0.0
2024-05-31 00:00:00-04:00,68.97961881679525,69.87196917282775,68.84528713485726,69.83358764648438,3739175,0.0,0.0
2024-06-03 00:00:00-04:00,69.69925280464925,69.69925280464925,67.91455217349575,67.9433364868164,3495760,0.0,0.0
2024-06-04 00:00:00-04:00,67.10856560852898,67.30046592099838,66.40811555901308,67.25248718261719,3608313,0.0,0.0
2024-06-05 00:00:00-04:00,67.46357611462585,67.49236042696712,66.87837318264182,66.98381805419922,2345469,0.0,0.0
2024-06-06 00:00:00-04:00,67.09896859559198,67.56912948690467,66.97423412417,67.40601348876953,2759238,0.0,0.0
2024-06-07 00:00:00-04:00,67.16613405544356,67.48277615863158,66.60481795644353,66.63839721679688,2884229,0.0,0.0
2024-06-10 00:00:00-04:00,67.12774875902169,67.95772817634702,66.94543834854099,67.78022003173828,2629620,0.0,0.0
2024-06-11 00:00:00-04:00,67.36762629629135,67.4827708667469,67.05098421793386,67.44438934326172,3866629,0.0,0.0
2024-06-12 00:00:00-04:00,68.38471699984207,68.42309852666845,67.38682658446702,67.55953979492188,4147269,0.0,0.0
2024-06-13 00:00:00-04:00,67.43479725292194,67.43479725292194,66.73435452757862,66.93585205078125,3555578,0.0,0.0
2024-06-14 00:00:00-04:00,66.54244080791503,66.60960664283789,65.78442220205604,66.20661163330078,4109381,0.0,0.0
2024-06-17 00:00:00-04:00,66.60961394777617,66.65759268678005,66.15384520935025,66.35054779052734,5206625,0.0,0.0
2024-06-18 00:00:00-04:00,66.73435097761839,67.06058295387025,66.64319577233411,66.71515655517578,4162556,0.0,0.0
2024-06-20 00:00:00-04:00,67.16613145785824,67.72265258972135,67.08936840783699,67.19491577148438,3182240,0.0,0.0
2024-06-21 00:00:00-04:00,67.27168228347371,67.48277702163196,66.96463738811472,67.10856628417969,3306907,0.0,0.0
2024-06-24 00:00:00-04:00,67.79941375373566,68.69655899925485,67.69386639302432,68.52864074707031,3661056,0.0,0.0
2024-06-25 00:00:00-04:00,68.68217329257926,68.76852623916469,68.33674686518187,68.65338897705078,2562124,0.0,0.0
2024-06-26 00:00:00-04:00,68.00091496066268,68.14483653261358,67.62670423253522,67.99131774902344,4847041,0.0,0.0
2024-06-27 00:00:00-04:00,68.76852091937612,68.88366549311051,68.26957574091492,68.54783630371094,3650737,0.0,0.0
2024-06-28 00:00:00-04:00,69.06597324019627,69.37195662803244,68.749331165038,69.25787353515625,5230189,0.0,0.0
2024-07-01 00:00:00-04:00,69.78560547255626,70.19819766649316,69.58890292556303,69.91993713378906,3548532,0.0,0.0
2024-07-02 00:00:00-04:00,70.18860094063943,70.24616956141465,69.70884291277522,70.08305358886719,3041983,0.0,0.0
2024-07-03 00:00:00-04:00,70.04468592988586,70.55322836877725,69.98711729771792,70.05428314208984,1570244,0.0,0.0
2024-07-05 00:00:00-04:00,70.94662967315357,70.94662967315357,70.14063226413013,70.28456115722656,3754645,0.0,0.0
2024-07-08 00:00:00-04:00,70.09265832466457,70.27496141686787,69.68006608358235,69.77601623535156,2492700,0.0,0.0
2024-07-09 00:00:00-04:00,69.66087258823818,70.06397011073399,69.4881593845435,69.64168548583984,2648559,0.0,0.0
2024-07-10 00:00:00-04:00,69.80480296693793,70.01599286731778,69.56492391894157,69.9775161743164,1989494,0.0,0.0
2024-07-11 00:00:00-04:00,69.83358923405942,70.04468397348312,69.52654433685977,70.01589965820312,2302791,0.0,0.0
2024-07-12 00:00:00-04:00,70.28456069701011,70.36132374889591,69.94873149566915,70.12144470214844,1653098,0.0,0.0
2024-07-15 00:00:00-04:00,70.40929693159795,70.4380885671728,69.98711477669397,70.00630187988281,2373637,0.0,0.0
2024-07-16 00:00:00-04:00,69.46896940584742,69.77601427519977,68.94171575994145,69.73763275146484,2527807,0.0,0.0
2024-07-17 00:00:00-04:00,70.1406260411117,70.51004179249412,69.96311790367398,70.31333923339844,2393805,0.0,0.0
2024-07-18 00:00:00-04:00,70.77391646554337,71.02338540501441,70.09266084678306,70.28456115722656,4577858,0.0,0.0
2024-07-19 00:00:00-04:00,69.82398790796206,70.0062983213637,69.2962584110254,69.32504272460938,3878567,0.0,0.0
2024-07-22 00:00:00-04:00,69.50735117283912,69.77121225358367,69.2578749279525,69.28665924072266,2981050,0.0,0.0
2024-07-23 00:00:00-04:00,68.85967731716545,68.87406947406548,68.10646093079708,68.423095703125,2851808,0.0,0.0
2024-07-24 00:00:00-04:00,68.83569714545705,69.05638911495478,68.26958604368242,68.29837036132812,2800232,0.0,0.0
2024-07-25 00:00:00-04:00,68.2407843663277,69.61768756065314,67.9529266220417,69.1715087890625,5122833,0.0,0.0
2024-07-26 00:00:00-04:00,69.1235509811875,69.55533036205775,68.74934023229251,69.13314819335938,2821584,0.0,0.0
2024-07-29 00:00:00-04:00,69.33464299453532,69.34423288580145,68.48067415807871,68.931640625,2222286,0.0,0.0
2024-07-30 00:00:00-04:00,68.29835501291124,69.1043450079777,68.21199475885312,69.0563735961914,4550720,0.0,0.0
2024-07-31 00:00:00-04:00,70.34212839349168,70.55322312311645,70.01589640809155,70.25577545166016,4189661,0.0,0.0
2024-08-01 00:00:00-04:00,70.96582499143815,71.44558314361434,69.18112407970047,69.98712158203125,5673079,0.0,0.0
2024-08-02 00:00:00-04:00,69.04678531467424,69.2674772631164,68.23119800356902,68.77812194824219,4216225,0.0,0.0
2024-08-05 00:00:00-04:00,66.13945504017632,67.42040834839102,65.81321571030284,67.15653991699219,5357967,0.0,0.0
2024-08-06 00:00:00-04:00,65.86118934600842,67.22370055095456,65.7652391930806,66.89746856689453,6474368,0.0,0.0
2024-08-07 00:00:00-04:00,67.70345811566133,68.30795798346162,67.67467380205701,67.7994155883789,4165650,0.0,0.0
2024-08-08 00:00:00-04:00,67.97212387682852,68.75413191989716,67.94333956220498,68.46147918701172,2501145,0.0,0.0
2024-08-09 00:00:00-04:00,68.19281830366955,69.25788190664828,67.93854708787559,68.97002410888672,4546040,0.0,0.0
2024-08-12 00:00:00-04:00,69.21949582373836,69.63208806909665,69.11394845954014,69.4881591796875,2561235,0.0,0.0
2024-08-13 00:00:00-04:00,69.24828219604085,69.47857135415221,68.84049220454128,69.3730239868164,2564839,0.0,0.0
2024-08-14 00:00:00-04:00,69.83357910110144,70.05427102043835,69.63208160285124,69.96791076660156,2422763,0.0,0.0
2024-08-15 00:00:00-04:00,70.24617571350686,70.45727043553883,69.97271742034886,70.20779418945312,2748558,0.0,0.0
2024-08-16 00:00:00-04:00,70.08962257191912,70.45769697553682,69.88136460078353,70.39958190917969,3021388,0.688,0.0
2024-08-19 00:00:00-04:00,70.65142153369123,71.3488318441657,70.45285188334528,70.5836181640625,2706901,0.0,0.0
2024-08-20 00:00:00-04:00,70.27366316650189,70.27366316650189,69.09194088889909,69.15974426269531,3722995,0.0,0.0
2024-08-21 00:00:00-04:00,69.19848718783149,69.51328696933298,68.96601215317084,69.05319213867188,2121998,0.0,0.0
2024-08-22 00:00:00-04:00,68.89822389770502,69.31958037170995,68.82073959249884,69.20818328857422,2094303,0.0,0.0
2024-08-23 00:00:00-04:00,69.4019070622709,70.25186954788042,69.39221875362738,70.15743255615234,3512937,0.0,0.0
2024-08-26 00:00:00-04:00,70.64174461826914,71.09699905491048,70.58362954636233,70.77735137939453,2252030,0.0,0.0
2024-08-27 00:00:00-04:00,70.58361893987751,70.62720523725798,70.11867626444648,70.36083221435547,2693914,0.0,0.0
2024-08-28 00:00:00-04:00,69.460014343358,69.87168242937057,69.22754669208707,69.6924819946289,2986711,0.0,0.0
2024-08-29 00:00:00-04:00,69.72155558518381,70.27367094435039,69.51813805126753,70.2446060180664,2711722,0.0,0.0
2024-08-30 00:00:00-04:00,68.85946787184369,69.42127149413244,68.5834139096933,69.41159057617188,3847106,0.0,0.0
2024-09-03 00:00:00-04:00,67.51307669463485,67.64868343702189,66.9609614177696,67.20311737060547,4175894,0.0,0.0
2024-09-04 00:00:00-04:00,66.64132202270912,67.09656901221061,66.2248134829417,66.36042022705078,5955976,0.0,0.0
2024-09-05 00:00:00-04:00,66.72850320417609,66.86895781508123,65.90517432616107,65.982666015625,3320047,0.0,0.0
2024-09-06 00:00:00-04:00,65.70176304164039,65.92454240745846,64.55393865770125,64.81063079833984,5196362,0.0,0.0
2024-09-09 00:00:00-04:00,64.91716883067105,65.648484585677,64.86874207094435,65.3143081665039,4239748,0.0,0.0
2024-09-10 00:00:00-04:00,65.1980771232966,65.22713466002433,61.730405228515494,63.83232116699219,10275511,0.0,0.0
2024-09-11 00:00:00-04:00,64.7137564446921,64.74281397751649,63.54657033283644,64.13258361816406,5704505,0.0,0.0
2024-09-12 00:00:00-04:00,64.30694127356725,65.07215505497906,64.02603945076943,64.87843322753906,5195943,0.0,0.0
2024-09-13 00:00:00-04:00,65.3239982810139,65.72597808693222,65.1351169158247,65.33367919921875,3318506,0.0,0.0
2024-09-16 00:00:00-04:00,65.78893852296319,66.04078282534019,65.32400315397506,65.92454528808594,2863064,0.0,0.0
2024-09-17 00:00:00-04:00,65.80830862246387,66.18122349460658,65.72112863065483,66.01171875,3836071,0.0,0.0
2024-09-18 00:00:00-04:00,66.22481899758374,66.58320511256684,65.83736795785985,66.03108978271484,3039792,0.0,0.0
2024-09-19 00:00:00-04:00,66.95129094828604,67.44528384834983,66.65101249470182,66.99971771240234,4057702,0.0,0.0
2024-09-20 00:00:00-04:00,66.56383514404297,66.85441787808607,66.12794995795757,66.56383514404297,3218593,0.0,0.0
2024-09-23 00:00:00-04:00,66.89316763307714,67.4598117571176,66.68491703100011,66.91254425048828,3656096,0.0,0.0
2024-09-24 00:00:00-04:00,67.36779975713412,67.55183328537099,67.1207959163202,67.23219299316406,2959174,0.0,0.0
2024-09-25 00:00:00-04:00,66.67038599136662,66.73334152077214,65.65419994400243,65.88579559326172,3492400,0.0,0.0
2024-09-26 00:00:00-04:00,62.89274690931215,63.667648945726754,62.76682846915052,63.289878845214844,10901002,0.0,0.0
2024-09-27 00:00:00-04:00,63.580466450992,64.13258172842697,63.532032304369565,64.03572082519531,4086283,0.0,0.0
2024-09-30 00:00:00-04:00,63.87106401563666,64.15196584084813,63.61921972578946,63.88074493408203,7797171,0.0,0.0
2024-10-01 00:00:00-04:00,63.59016628524005,65.08184811344539,63.47392874628388,64.77188873291016,7269776,0.0,0.0
2024-10-02 00:00:00-04:00,66.1570127125634,66.2528094587768,65.22228684318125,65.69207000732422,4078640,0.0,0.0
2024-10-03 00:00:00-04:00,65.47896418292358,66.40884209840738,65.24649655155581,66.31198120117188,3988747,0.0,0.0
2024-10-04 00:00:00-04:00,66.26355932268905,66.68490832116991,65.96328091215038,66.36042022705078,4340555,0.0,0.0
2024-10-07 00:00:00-04:00,67.09658083191084,68.34126621176286,66.94644529520035,68.0264663696289,6160842,0.0,0.0
2024-10-08 00:00:00-04:00,66.81567436176829,66.90284695837049,65.8373622342685,66.12794494628906,4382107,0.0,0.0
2024-10-09 00:00:00-04:00,65.67270092995501,66.34589421978065,65.54677509803636,66.07952117919922,3572047,0.0,0.0
2024-10-10 00:00:00-04:00,66.4960354449912,66.69944558707613,66.11827269683144,66.68006896972656,2486917,0.0,0.0
2024-10-11 00:00:00-04:00,66.4088525720957,66.69944269964546,66.25387659007937,66.34104919433594,2992024,0.0,0.0
2024-10-14 00:00:00-04:00,66.09889793451136,66.40885731067497,65.9051760956645,66.23450469970703,2516661,0.0,0.0
2024-10-15 00:00:00-04:00,64.27788925792525,64.38443848917073,63.90012648896937,64.00667572021484,4848618,0.0,0.0
2024-10-16 00:00:00-04:00,64.62658683827026,64.89295988484861,64.35537333266822,64.5490951538086,4388765,0.0,0.0
2024-10-17 00:00:00-04:00,64.77188006937443,65.22712707519531,64.63627332040421,65.22712707519531,3925122,0.0,0.0
2024-10-18 00:00:00-04:00,64.96076340088165,65.06246477069412,64.48129191601,64.9365463256836,2336306,0.0,0.0
2024-10-21 00:00:00-04:00,65.28525254480942,65.46928606118296,64.77188305858542,64.94623565673828,3309669,0.0,0.0
2024-10-22 00:00:00-04:00,64.91717451009268,65.2561988079083,64.76219851938966,64.9074935913086,3070503,0.0,0.0
2024-10-23 00:00:00-04:00,64.54909224361272,64.72344483078389,64.01150571566943,64.44254302978516,2755717,0.0,0.0
2024-10-24 00:00:00-04:00,64.79125216771922,64.9607643064548,64.18102177029616,64.3263168334961,3117426,0.0,0.0
2024-10-25 00:00:00-04:00,64.82031345221466,64.98527335193354,64.51520193085936,64.75251007080078,3356355,0.0,0.0
2024-10-28 00:00:00-04:00,63.26083106855566,64.06963122166901,63.15428183736567,63.96792984008789,4784845,0.0,0.0
2024-10-29 00:00:00-04:00,63.706389379389776,63.74513522141782,63.05257269395264,63.23176574707031,3435490,0.0,0.0
2024-10-30 00:00:00-04:00,63.28988288091749,63.69661447030237,63.0671035195018,63.52235794067383,4035047,0.0,0.0
2024-10-31 00:00:00-04:00,64.22945062400923,65.56615638098313,64.18102386137406,65.43054962158203,11464934,0.0,0.0
2024-11-01 00:00:00-04:00,65.87610980272413,65.95359409395515,65.1786994515507,65.37242126464844,8591310,0.0,0.0
2024-11-04 00:00:00-05:00,66.05046341834334,66.38948029154665,65.48381934670063,65.61457824707031,4849899,0.0,0.0
2024-11-05 00:00:00-05:00,66.3313654530229,66.45728389492793,65.76471398941622,66.07952117919922,4016691,0.0,0.0
2024-11-06 00:00:00-05:00,65.0334102639262,66.29262433270614,64.76703720437497,66.2054443359375,7714955,0.0,0.0
2024-11-07 00:00:00-05:00,66.46697895824178,66.66554125411675,66.05531081822875,66.45729064941406,5233977,0.0,0.0
2024-11-08 00:00:00-05:00,65.54677853759767,65.5564668459491,64.58300247202938,64.95591735839844,4155931,0.0,0.0
2024-11-11 00:00:00-05:00,64.59753306044922,64.81063151010358,64.25850876871861,64.7428207397461,4718512,0.0,0.0
2024-11-12 00:00:00-05:00,63.774189979711295,63.93886164866669,62.91008310095683,63.512664794921875,6833881,0.0,0.0
2024-11-13 00:00:00-05:00,62.97023316539304,63.735446828167355,62.43748713750812,63.42548751831055,5945070,0.0,0.0
2024-11-14 00:00:00-05:00,63.8129416491904,64.0454167124763,63.590162284392356,63.72576904296875,5438087,0.0,0.0
2024-11-15 00:00:00-05:00,64.10555719586074,64.37963687743785,63.890206740875534,64.08598327636719,4349310,0.688,0.0
2024-11-18 00:00:00-05:00,64.71246236563479,65.16273725850029,64.5215848842232,64.91802215576172,3329354,0.0,0.0
2024-11-19 00:00:00-05:00,64.48732028308775,64.78098138951115,64.17408525468845,64.4188003540039,2892520,0.0,0.0
2024-11-20 00:00:00-05:00,64.20344298698222,64.36985491243712,63.74338492281678,64.04682922363281,2743029,0.0,0.0
2024-11-21 00:00:00-05:00,64.5852090315356,64.98164627748274,64.45589867599392,64.86907196044922,3951162,0.0,0.0
2024-11-22 00:00:00-05:00,64.34049402023517,64.82013350013284,64.29154801554463,64.63414764404297,3597854,0.0,0.0
2024-11-25 00:00:00-05:00,64.56562471532169,64.71245525445224,63.62591972024226,63.67486572265625,3328569,0.0,0.0
2024-11-26 00:00:00-05:00,63.68464956368373,63.69444025788337,63.06914274862189,63.42036056518555,3616911,0.0,0.0
2024-11-27 00:00:00-05:00,63.322476074204175,63.66507569032902,63.18543622775424,63.53782653808594,3006582,0.0,0.0
2024-11-29 00:00:00-05:00,63.38120869399822,63.6308153987902,63.28332415102756,63.37141799926758,2225476,0.0,0.0
2024-12-02 00:00:00-05:00,63.30289554272476,63.36163224064951,62.46597041138535,62.9798698425293,4055621,0.0,0.0
2024-12-03 00:00:00-05:00,64.11535199465195,64.18387191943322,63.596557211577824,63.900001525878906,3877213,0.0,0.0
2024-12-04 00:00:00-05:00,64.20344759769611,64.20344759769611,62.73515705380856,62.852622985839844,5089776,0.0,0.0
2024-12-05 00:00:00-05:00,62.96029755474206,63.2530774104521,62.57854261483324,62.989662170410156,4866267,0.0,0.0
2024-12-06 00:00:00-05:00,62.89177845589257,62.92114307194684,61.66820299955225,61.91291809082031,5011472,0.0,0.0
2024-12-09 00:00:00-05:00,63.38120995304679,64.24750348517526,63.25396079146835,63.3322639465332,4651261,0.0,0.0
2024-12-10 00:00:00-05:00,63.41057335020327,63.47909327713729,62.86241393473116,63.01902770996094,3491490,0.0,0.0
2024-12-11 00:00:00-05:00,62.99945474990633,63.175649917298344,62.441504631183626,63.16585922241211,3481334,0.0,0.0
2024-12-12 00:00:00-05:00,62.91134939435642,63.268638787707914,62.54917585604335,62.64706039428711,3859369,0.0,0.0
2024-12-13 00:00:00-05:00,62.60790451086274,62.661742126619515,62.098896701743236,62.19678497314453,4470658,0.0,0.0
2024-12-16 00:00:00-05:00,61.88355431739481,61.89431960086851,60.777441044266254,60.83617401123047,4347912,0.0,0.0
2024-12-17 00:00:00-05:00,60.43484048713137,60.76765316009273,60.28800993897996,60.57188034057617,4892890,0.0,0.0
2024-12-18 00:00:00-05:00,60.777439979796654,60.9732127988592,59.25041647197591,59.348304748535156,5368474,0.0,0.0
2024-12-19 00:00:00-05:00,60.12159863448761,60.2390645605724,59.33224911935903,59.4951286315918,5766796,0.0,0.0
2024-12-20 00:00:00-05:00,58.95675686356325,59.735733180476835,58.873554632200694,59.358089447021484,4317494,0.0,0.0
2024-12-23 00:00:00-05:00,59.34830496351543,59.99337433226214,59.20636976253235,59.86709976196289,3300496,0.0,0.0
2024-12-24 00:00:00-05:00,60.07265820581634,60.33205559926863,59.690903269486114,60.141178131103516,1369651,0.0,0.0
2024-12-26 00:00:00-05:00,60.180332218876565,60.464202608762044,60.02861006368692,60.062870025634766,2288924,0.0,0.0
2024-12-27 00:00:00-05:00,60.307587887636736,60.80191341915755,60.131392722620525,60.385894775390625,3639761,0.0,0.0
2024-12-30 00:00:00-05:00,60.63060890111049,60.659977250849096,60.25864465561007,60.47399139404297,3706451,0.0,0.0
2024-12-31 00:00:00-05:00,61.30602582968105,61.46753495235071,60.80191333813376,61.32560348510742,2955803,0.0,0.0
2025-01-02 00:00:00-05:00,61.64862438192953,61.99122774479091,61.47242922024216,61.76608657836914,3859596,0.0,0.0
2025-01-03 00:00:00-05:00,63.08754696832337,63.342052752000555,62.86730488180606,63.15606689453125,5296222,0.0,0.0
2025-01-06 00:00:00-05:00,63.44972643698341,63.948947297496375,63.24416666338669,63.38120651245117,3840987,0.0,0.0
2025-01-07 00:00:00-05:00,64.5949917428088,64.87397052439069,64.27686511956689,64.53626251220703,5067591,0.0,0.0
2025-01-08 00:00:00-05:00,62.53938888242722,63.40078332557525,62.46108199398467,63.351844787597656,5750864,0.0,0.0
2025-01-10 00:00:00-05:00,64.57541314517961,64.73202690481234,63.21479796862681,63.56718826293945,4352054,0.0,0.0
2025-01-13 00:00:00-05:00,63.430155327323185,64.01335512936176,63.400783242840554,63.586769104003906,3703069,0.0,0.0
2025-01-14 00:00:00-05:00,63.82169565319267,64.66841528366874,63.723811105955555,64.51669311523438,4228835,0.0,0.0
2025-01-15 00:00:00-05:00,64.72225180549499,65.0746421440527,64.53137432778556,64.9571762084961,3459781,0.0,0.0
2025-01-16 00:00:00-05:00,64.79077449144684,65.32914324907324,64.72714617346523,65.04527282714844,3622189,0.0,0.0
2025-01-17 00:00:00-05:00,65.38787330217674,65.85772208038101,65.10400290912713,65.30956268310547,3486314,0.0,0.0
2025-01-21 00:00:00-05:00,65.53470041874236,65.63259243267343,65.16273615738558,65.35850524902344,4715386,0.0,0.0
2025-01-22 00:00:00-05:00,65.42702468559801,65.42702468559801,64.54605631174444,64.55583953857422,4912864,0.0,0.0
2025-01-23 00:00:00-05:00,65.28997944431863,65.49064759946104,64.9767444450206,65.2508316040039,3588463,0.0,0.0
2025-01-24 00:00:00-05:00,64.97675253310534,65.0501715460852,63.93916286904588,64.00768280029297,4915895,0.0,0.0
2025-01-27 00:00:00-05:00,63.91958358136303,63.99788673327847,63.30289678378842,63.762962341308594,4245483,0.0,0.0
2025-01-28 00:00:00-05:00,63.77275572505368,63.91958627676841,62.8526245712126,63.214805603027344,3776182,0.0,0.0
2025-01-29 00:00:00-05:00,63.07775932420638,63.59165500071928,63.02881332258072,63.41056823730469,4246173,0.0,0.0
2025-01-30 00:00:00-05:00,64.6341469920936,65.5346967116661,64.55583637262338,65.24104309082031,6257910,0.0,0.0
2025-01-31 00:00:00-05:00,65.65216526296408,65.69621218763338,64.30134062965452,64.45795440673828,5424691,0.0,0.0
2025-02-03 00:00:00-05:00,63.91958068496788,64.37963875352962,63.55739968483739,63.79232406616211,4841684,0.0,0.0
2025-02-04 00:00:00-05:00,63.80212146514823,65.26552045842168,63.80212146514823,65.22146606445312,3579851,0.0,0.0
2025-02-05 00:00:00-05:00,65.02568876874011,65.32913306606937,64.80054761813012,65.12357330322266,3264989,0.0,0.0
2025-02-06 00:00:00-05:00,65.44659750943548,65.48575281596597,64.42369033120144,64.76139831542969,4125398,0.0,0.0
2025-02-07 00:00:00-05:00,64.89843711450256,65.03547695110822,64.41879021827175,64.49710083007812,4075314,0.0,0.0
2025-02-10 00:00:00-05:00,64.35027783376766,64.89844471247785,64.35027783376766,64.7320327758789,4059506,0.0,0.0
2025-02-11 00:00:00-05:00,65.49555406002514,66.28352952600784,65.24104826063525,65.95561218261719,3529541,0.0,0.0
2025-02-12 00:00:00-05:00,65.53469511741774,66.0926451983745,65.13825788464735,65.34871673583984,3067602,0.0,0.0
2025-02-13 00:00:00-05:00,65.22146164216493,66.14648436298867,65.02569256178036,65.9458236694336,2978435,0.0,0.0
2025-02-14 00:00:00-05:00,67.11921888543482,67.51497052781778,66.38708325344392,66.41676330566406,2934859,0.716,0.0
2025-02-18 00:00:00-05:00,66.87187425406375,67.37151362158646,66.73336231313371,67.09943389892578,3333484,0.0,0.0
2025-02-19 00:00:00-05:00,67.06975099120758,67.43087085408898,66.72347115362717,66.88176727294922,2428811,0.0,0.0
2025-02-20 00:00:00-05:00,67.23794471395318,67.75736825791041,67.0619326494015,67.65348052978516,2806615,0.0,0.0
2025-02-21 00:00:00-05:00,66.82240450376322,66.85208455318019,65.83302926541613,65.99132537841797,3330231,0.0,0.0
2025-02-24 00:00:00-05:00,66.24856962920188,66.45139337867069,65.77861786819786,66.17931365966797,2888768,0.0,0.0
2025-02-25 00:00:00-05:00,66.92134459178729,66.95102464301104,66.02101699521742,66.189208984375,3070540,0.0,0.0
2025-02-26 00:00:00-05:00,66.4167633589163,66.82241086847613,65.99133166397209,66.68389892578125,3444804,0.0,0.0
2025-02-27 00:00:00-05:00,66.34750705039245,67.15879451705443,66.25846689411314,66.5552749633789,4014574,0.0,0.0
2025-02-28 00:00:00-05:00,65.9962799947548,66.74325561523438,65.67472849911712,66.74325561523438,3989273,0.0,0.0
2025-03-03 00:00:00-05:00,67.69305809797424,67.80188998786927,65.27403572409779,65.7538833618164,6588422,0.0,0.0
2025-03-04 00:00:00-05:00,64.78924333686814,65.85281878493868,64.37865167388397,65.49664306640625,9111982,0.0,0.0
2025-03-05 00:00:00-05:00,65.75882494499294,65.89239272251072,64.5517934332927,65.397705078125,5766021,0.0,0.0
2025-03-06 00:00:00-05:00,64.55673511045863,65.55600622723453,64.55673511045863,65.30866241455078,6581395,0.0,0.0
2025-03-07 00:00:00-05:00,65.887447794262,66.35245538228934,65.4768561484152,66.08037567138672,4409986,0.0,0.0
2025-03-10 00:00:00-04:00,66.2188876063309,66.50580734252509,65.53621624958147,66.08037567138672,3789404,0.0,0.0
2025-03-11 00:00:00-04:00,66.26835822230531,66.67894231258596,65.62526279377202,66.10015869140625,4796329,0.0,0.0
2025-03-12 00:00:00-04:00,65.55601271678474,66.89166792782994,65.49664506299648,66.66410827636719,5156506,0.0,0.0
2025-03-13 00:00:00-04:00,66.8421910794547,67.46550233285461,66.81251102897552,67.02027893066406,8866538,0.0,0.0
2025-03-14 00:00:00-04:00,67.14890541249504,68.06407305076938,66.99060173873872,68.03933715820312,3572376,0.0,0.0
2025-03-17 00:00:00-04:00,68.90999346996101,69.41952116271378,68.58349779839087,69.35520935058594,5917752,0.0,0.0
2025-03-18 00:00:00-04:00,69.66191752617809,70.22586113739196,69.37499778737323,70.2159652709961,5306929,0.0,0.0
2025-03-19 00:00:00-04:00,70.7205482085538,71.02230797034478,70.51653937642719,70.76011657714844,5026783,0.0,0.0
2025-03-20 00:00:00-04:00,70.52266726298376,71.28449043958025,70.41383538061282,71.185546875,3981937,0.0,0.0
2025-03-21 00:00:00-04:00,70.62160295368611,70.76011488545893,70.0180834445327,70.25553894042969,3756595,0.0,0.0
2025-03-24 00:00:00-04:00,70.20606715165412,70.59687460423837,70.15660291793094,70.52266693115234,4392195,0.0,0.0
2025-03-25 00:00:00-04:00,71.85832551519411,72.46184505368682,71.07671812028823,71.26470184326172,7373463,0.0,0.0
2025-03-26 00:00:00-04:00,72.48657788686077,73.02084143355343,71.92757844897848,72.25407409667969,8163168,0.0,0.0
2025-03-27 00:00:00-04:00,72.12545864093335,73.39185777789152,71.91769074018248,72.51131439208984,7774269,0.0,0.0
2025-03-28 00:00:00-04:00,72.40248361991107,72.44205953709024,71.73465228355579,71.95726776123047,6539155,0.0,0.0
2025-03-31 00:00:00-04:00,71.6802357761381,72.69434694440206,71.64066740760511,72.50141906738281,6126727,0.0,0.0
2025-04-01 00:00:00-04:00,71.97704915293357,72.34312071138658,71.64066519246387,72.27386474609375,3645504,0.0,0.0
2025-04-02 00:00:00-04:00,71.62582093764713,72.04630845604906,71.11629326617249,71.94737243652344,3600782,0.0,0.0
2025-04-03 00:00:00-04:00,69.89936448198375,70.36437206759395,68.89019747739691,69.0287094116211,7322295,0.0,0.0
2025-04-04 00:00:00-04:00,66.0309052312549,66.30792910677792,63.226027169082684,63.44863510131836,9977728,0.0,0.0
2025-04-07 00:00:00-04:00,59.7879487476952,63.43874596317645,59.68920898560042,61.657867431640625,14908212,0.0,0.0
2025-04-08 00:00:00-04:00,62.46915495559324,62.889638697319356,58.38402657352669,59.11517333984375,9287024,0.0,0.0
2025-04-09 00:00:00-04:00,58.98655259558644,63.794920790299905,57.92297342451216,63.211185455322266,11990502,0.0,0.0
2025-04-10 00:00:00-04:00,61.51935778004195,61.766701610365644,58.348408063691906,59.14485549926758,12826946,0.0,0.0
2025-04-11 00:00:00-04:00,60.32221382061315,61.786488825595015,59.67911835984944,61.43031311035156,8669771,0.0,0.0
2025-04-14 00:00:00-04:00,62.09813816882793,62.15255411056849,61.18791473274427,61.87553024291992,4860450,0.0,0.0
2025-04-15 00:00:00-04:00,62.152555806564926,62.75607534112548,61.91510784900594,62.112979888916016,4072956,0.0,0.0
2025-04-16 00:00:00-04:00,63.33980124683746,64.2154004713172,63.09246120435313,63.34969711303711,6013438,0.0,0.0
2025-04-17 00:00:00-04:00,63.686088886155176,64.96238389103395,63.626721237051655,64.34896850585938,4512623,0.0,0.0
2025-04-21 00:00:00-04:00,63.98289987719239,64.05215584738232,63.20129624588201,63.96311569213867,4498725,0.0,0.0
2025-04-22 00:00:00-04:00,64.69524860702883,65.046480150805,64.17582507815841,64.47758483886719,5567277,0.0,0.0
2025-04-23 00:00:00-04:00,65.40760303744368,65.40760303744368,63.65640449321652,63.82460403442383,5767795,0.0,0.0
2025-04-24 00:00:00-04:00,64.44790398097108,64.55673586368847,63.91364043354044,64.3588638305664,5482284,0.0,0.0
2025-04-25 00:00:00-04:00,64.60620770025564,65.28887149893256,64.45779990112266,65.1602554321289,3601469,0.0,0.0
2025-04-28 00:00:00-04:00,65.12067808093538,65.57578978613681,65.06131798192382,65.31855010986328,3709483,0.0,0.0
2025-04-29 00:00:00-04:00,64.62599637402187,65.20478003734958,64.56663626957842,64.81398010253906,2991794,0.0,0.0
2025-04-30 00:00:00-04:00,64.61609762709337,64.62599349350444,63.33980260010348,63.794921875,4663505,0.0,0.0
2025-05-01 00:00:00-04:00,63.83448745081592,64.65567071531177,63.626719555280964,64.11151885986328,3931960,0.0,0.0
2025-05-02 00:00:00-04:00,66.40687214919596,66.44644806657642,65.16025717088189,65.93196868896484,6608961,0.0,0.0
2025-05-05 00:00:00-04:00,65.00195542225927,65.00690712978718,64.27971566664232,64.4281234741211,4346845,0.0,0.0
2025-05-06 00:00:00-04:00,65.24930035012791,65.44717994620827,64.3737086131022,64.40833282470703,3867828,0.0,0.0
2025-05-07 00:00:00-04:00,64.70514366269713,64.7645037629669,64.12140833281887,64.3588638305664,3616908,0.0,0.0
2025-05-08 00:00:00-04:00,64.27971029545812,64.84365387808691,64.20055846497203,64.38854217529297,3656209,0.0,0.0
2025-05-09 00:00:00-04:00,65.18003852861649,65.46695825593062,64.80427490899521,65.44717407226562,4584444,0.0,0.0
2025-05-12 00:00:00-04:00,65.9715439969994,66.3771839368172,65.43728043979954,65.67472839355469,5277867,0.0,0.0
2025-05-13 00:00:00-04:00,66.05069512796028,67.14890228134789,65.84292722709428,66.89166259765625,3697647,0.0,0.0
2025-05-14 00:00:00-04:00,66.59484576992203,66.82240539905771,66.21888589171323,66.37718200683594,3339258,0.0,0.0
2025-05-15 00:00:00-04:00,65.99133220057355,66.72347538743956,65.6054764215953,66.67400360107422,2670456,0.0,0.0
2025-05-16 00:00:00-04:00,67.05000305175781,67.14080047607422,66.37000274658203,66.62000274658203,2625611,0.716,0.0
2025-05-19 00:00:00-04:00,66.45999908447266,66.66999816894531,65.93000030517578,66.66999816894531,2752064,0.0,0.0
2025-05-20 00:00:00-04:00,66.6500015258789,66.91500091552734,66.48500061035156,66.62000274658203,2523059,0.0,0.0
2025-05-21 00:00:00-04:00,67.18000030517578,67.19999694824219,66.34500122070312,66.36000061035156,3101958,0.0,0.0
2025-05-22 00:00:00-04:00,65.93000030517578,66.23500061035156,65.4000015258789,65.94999694824219,3484752,0.0,0.0
2025-05-23 00:00:00-04:00,65.55000305175781,66.30000305175781,65.37999725341797,66.30000305175781,3064764,0.0,0.0
2025-05-27 00:00:00-04:00,66.70999908447266,66.77999877929688,66.37000274658203,66.69000244140625,2774978,0.0,0.0
2025-05-28 00:00:00-04:00,66.62000274658203,66.70500183105469,65.94000244140625,66.04000091552734,3057082,0.0,0.0
2025-05-29 00:00:00-04:00,66.41000366210938,66.5,66.06999969482422,66.44000244140625,3492256,0.0,0.0
2025-05-30 00:00:00-04:00,66.55999755859375,66.58000183105469,65.95999908447266,66.22000122070312,3432207,0.0,0.0
2025-06-02 00:00:00-04:00,67.4000015258789,67.49500274658203,66.81999969482422,67.44999694824219,3634385,0.0,0.0
2025-06-03 00:00:00-04:00,67.5999984741211,68.19499969482422,67.16000366210938,67.83000183105469,3432185,0.0,0.0
2025-06-04 00:00:00-04:00,67.98999786376953,68.30500030517578,67.09500122070312,67.2699966430664,4117510,0.0,0.0
2025-06-05 00:00:00-04:00,68.0999984741211,68.0999984741211,67.37999725341797,67.52999877929688,3284356,0.0,0.0
2025-06-06 00:00:00-04:00,67.69000244140625,68.22000122070312,67.69000244140625,68.0199966430664,2795023,0.0,0.0
2025-06-09 00:00:00-04:00,67.81999969482422,68.56999969482422,67.38500213623047,68.26000213623047,2908913,0.0,0.0
2025-06-10 00:00:00-04:00,69.94000244140625,70.42500305175781,69.84500122070312,70.05000305175781,4595217,0.0,0.0
2025-06-11 00:00:00-04:00,70.33999633789062,71.05999755859375,69.98999786376953,71.0199966430664,3906015,0.0,0.0
2025-06-12 00:00:00-04:00,71.2300033569336,71.52999877929688,70.9000015258789,71.44000244140625,3231367,0.0,0.0
2025-06-13 00:00:00-04:00,72.33000183105469,72.56999969482422,71.4000015258789,72.54000091552734,5922646,0.0,0.0
2025-06-16 00:00:00-04:00,72.41999816894531,72.72000122070312,71.39099884033203,71.43000030517578,5708857,0.0,0.0
2025-06-17 00:00:00-04:00,72.49500274658203,72.66000366210938,72.06999969482422,72.33000183105469,4071060,0.0,0.0
2025-06-18 00:00:00-04:00,72.19499969482422,72.6500015258789,71.79000091552734,72.0,4224458,0.0,0.0
2025-06-20 00:00:00-04:00,72.48999786376953,72.94999694824219,72.2300033569336,72.4000015258789,6469860,0.0,0.0
2025-06-23 00:00:00-04:00,72.66999816894531,73.16000366210938,70.80500030517578,70.83999633789062,7753101,0.0,0.0
2025-06-24 00:00:00-04:00,70.5199966430664,71.1449966430664,69.91000366210938,70.13999938964844,6591157,0.0,0.0
2025-06-25 00:00:00-04:00,70.08999633789062,70.30500030517578,67.25,69.44000244140625,24488618,0.0,0.0
2025-06-26 00:00:00-04:00,70.98500061035156,71.28340148925781,70.44999694824219,70.98999786376953,5080697,0.0,0.0
2025-06-27 00:00:00-04:00,71.19000244140625,71.34500122070312,70.70999908447266,70.9800033569336,3580060,0.0,0.0
2025-06-30 00:00:00-04:00,70.37999725341797,70.66000366210938,70.06500244140625,70.41000366210938,3423706,0.0,0.0
2025-07-01 00:00:00-04:00,70.68000030517578,71.4000015258789,70.30500030517578,71.19000244140625,3643017,0.0,0.0
2025-07-02 00:00:00-04:00,71.52999877929688,72.3949966430664,71.00499725341797,72.27999877929688,3597121,0.0,0.0
2025-07-03 00:00:00-04:00,72.0,72.19999694824219,71.72000122070312,71.91999816894531,2413800,0.0,0.0
