Date,Open,High,Low,Close,Volume,Dividends,Stock Splits
2020-07-06 00:00:00+01:00,561.5672202618262,581.5518188476562,559.5687604032431,581.5518188476562,59744,0.0,0.0
2020-07-07 00:00:00+01:00,577.5548952264301,595.5410338320975,575.556435381356,589.545654296875,121266,0.0,0.0
2020-07-08 00:00:00+01:00,599.5379823626894,599.5379823626894,589.5456826566447,593.5426025390625,94975,0.0,0.0
2020-07-09 00:00:00+01:00,599.5379535222457,605.5333330574682,585.5487346067267,589.545654296875,317246,0.0,0.0
2020-07-10 00:00:00+01:00,583.550256921141,605.5333145448826,578.3942575132687,595.541015625,375577,0.0,0.0
2020-07-13 00:00:00+01:00,609.5302418675916,609.5302418675916,579.5533447265625,579.5533447265625,19260,0.0,0.0
2020-07-14 00:00:00+01:00,585.5486505876507,585.5486505876507,569.5609741210938,569.5609741210938,90733,0.0,0.0
2020-07-15 00:00:00+01:00,571.5595156912077,591.5441141419492,563.565676310911,589.545654296875,101217,0.0,0.0
2020-07-16 00:00:00+01:00,561.5672202618262,585.5487385648222,561.5672202618262,581.5518188476562,27353,0.0,0.0
2020-07-17 00:00:00+01:00,575.5564177852349,595.541015625,575.5564177852349,595.541015625,14513,0.0,0.0
2020-07-20 00:00:00+01:00,591.5441425978536,597.5395224214805,581.5518428918087,593.5426025390625,31321,0.0,0.0
2020-07-21 00:00:00+01:00,581.5517971371645,599.537935192953,581.5517971371645,595.541015625,129783,0.0,0.0
2020-07-22 00:00:00+01:00,593.542538056738,623.5194339181894,593.542538056738,601.536376953125,86442,0.0,0.0
2020-07-23 00:00:00+01:00,595.5409347784324,609.5301513671875,589.5455562403945,609.5301513671875,693702,0.0,0.0
2020-07-24 00:00:00+01:00,601.5364423038984,601.5364423038984,585.5487627742267,593.5426025390625,32808,0.0,0.0
2020-07-27 00:00:00+01:00,597.5394399542557,607.53173828125,581.551762631065,607.53173828125,39026,0.0,0.0
2020-07-28 00:00:00+01:00,591.5440783326412,601.536376953125,585.5486991603509,601.536376953125,111581,0.0,0.0
2020-07-29 00:00:00+01:00,585.5486819618627,607.53173828125,579.5533029656661,607.53173828125,77996,0.0,0.0
2020-07-30 00:00:00+01:00,615.5255653610994,627.4963190153888,597.5394287109375,597.5394287109375,209794,0.0,0.0
2020-07-31 00:00:00+01:00,621.5210417159881,621.5210417159881,583.5503028330177,593.5426025390625,77347,0.0,0.0
2020-08-03 00:00:00+01:00,593.5425739870234,597.5394936771717,579.5533550715043,589.545654296875,42907,0.0,0.0
2020-08-04 00:00:00+01:00,595.5410378577374,599.5379575749033,581.5518188476562,581.5518188476562,22448,0.0,0.0
2020-08-05 00:00:00+01:00,583.5502747616525,601.5364133673199,583.5502747616525,589.545654296875,51253,0.0,0.0
2020-08-06 00:00:00+01:00,585.5486709441628,599.5378883387333,575.556372805184,597.5394287109375,29941,0.0,0.0
2020-08-07 00:00:00+01:00,581.5518045359645,599.5379428205819,579.5533447265625,579.5533447265625,18791,0.0,0.0
2020-08-10 00:00:00+01:00,579.5533589890732,597.5394977163203,579.5533589890732,581.5518188476562,19938,0.0,0.0
2020-08-11 00:00:00+01:00,583.5501882163711,599.5378646058607,577.5548095703125,577.5548095703125,27080,0.0,0.0
2020-08-12 00:00:00+01:00,577.5548775692114,609.5302341128356,577.5548775692114,595.541015625,21758,0.0,0.0
2020-08-13 00:00:00+01:00,597.5394287109375,605.8769964232392,597.5394287109375,597.5394287109375,15875,0.0,0.0
2020-08-14 00:00:00+01:00,595.5410624802715,601.5364423038984,581.5518428918087,593.5426025390625,39495,0.0,0.0
2020-08-17 00:00:00+01:00,589.5455787295386,601.5363362630209,580.8323241961854,587.547119140625,18939,0.0,0.0
2020-08-18 00:00:00+01:00,609.5301338977612,609.5301338977612,565.5640258789062,565.5640258789062,59461,0.0,0.0
2020-08-19 00:00:00+01:00,565.5641361559852,597.5394936771717,565.5641361559852,589.545654296875,29396,0.0,0.0
2020-08-20 00:00:00+01:00,571.5595195547412,593.0589419310829,571.5595195547412,581.5518188476562,30108,0.0,0.0
2020-08-21 00:00:00+01:00,583.550288844753,595.5410482045767,582.792876936338,591.5441284179688,13931,0.0,0.0
2020-08-24 00:00:00+01:00,591.5441425978536,599.5379823626894,582.7928909064468,593.5426025390625,252699,0.0,0.0
2020-08-25 00:00:00+01:00,599.5379823626894,599.5379823626894,591.5441425978536,593.5426025390625,19519,0.0,0.0
2020-08-26 00:00:00+01:00,595.5409228515625,601.5363012695312,591.5440039062499,599.537841796875,243630,0.0,0.0
2020-08-27 00:00:00+01:00,591.544096057047,606.3926376148358,591.544096057047,595.541015625,13158,0.0,0.0
2020-08-28 00:00:00+01:00,605.5332323418289,621.5209084432634,599.537853803791,609.5301513671875,30594,0.0,0.0
2020-09-01 00:00:00+01:00,609.5301513671875,613.1024099437305,597.5393942911116,609.5301513671875,42487,0.0,0.0
2020-09-02 00:00:00+01:00,613.5270703925461,621.9206247410569,601.5363133164702,609.5301513671875,43552,0.0,0.0
2020-09-03 00:00:00+01:00,611.5287475585938,617.5241274366191,601.5364477618847,611.5287475585938,96661,0.0,0.0
2020-09-04 00:00:00+01:00,603.5347607421875,617.0243621826172,589.5455444335937,599.537841796875,30388,0.0,0.0
2020-09-07 00:00:00+01:00,599.5378883387333,601.718214623331,591.5440498275501,597.5394287109375,20214,0.0,0.0
2020-09-08 00:00:00+01:00,599.5379172290283,611.5286755736088,599.5379172290283,601.536376953125,6715,0.0,0.0
2020-09-09 00:00:00+01:00,597.5394977163203,615.5256364435675,581.5518188476562,581.5518188476562,4962,0.0,0.0
2020-09-10 00:00:00+01:00,589.5456012926603,613.5271172774466,589.5456012926603,607.53173828125,8884,0.0,0.0
2020-09-11 00:00:00+01:00,587.5471416272615,611.5286576120477,587.5471416272615,607.53173828125,7486,0.0,0.0
2020-09-14 00:00:00+01:00,605.5333816578024,617.5241416906301,589.5457016140319,613.5272216796875,9976,0.0,0.0
2020-09-15 00:00:00+01:00,611.5286430132271,631.51323919013,605.5332641601562,605.5332641601562,51500,0.0,0.0
2020-09-16 00:00:00+01:00,629.5148352718046,631.5132950663183,609.5302373266679,621.52099609375,49756,0.0,0.0
2020-09-17 00:00:00+01:00,621.5209782108379,629.5148171588874,613.5271392627886,627.516357421875,129210,0.0,0.0
2020-09-18 00:00:00+01:00,627.5163365064009,641.5055541992188,611.5286591431804,641.5055541992188,451547,0.0,0.0
2020-09-21 00:00:00+01:00,639.5071123231132,645.5024915011423,618.5232852000111,635.5101928710938,50032,0.0,0.0
2020-09-22 00:00:00+01:00,619.5225184738256,629.5148171588874,617.4520927184516,627.516357421875,407767,0.0,0.0
2020-09-23 00:00:00+01:00,631.5132734190743,649.4994109531618,621.5209747890257,635.5101928710938,146463,0.0,0.0
2020-09-24 00:00:00+01:00,649.4994629686253,649.4994629686253,607.5318053614218,625.5179443359375,27087,0.0,0.0
2020-09-25 00:00:00+01:00,605.5332202148437,627.5162744140624,599.537841796875,599.537841796875,20191,0.0,0.0
2020-09-28 00:00:00+01:00,609.5302875992519,632.9622428201662,603.5349077212264,611.5287475585938,16691,0.0,0.0
2020-09-29 00:00:00+01:00,611.5286576120477,639.5070929276316,605.5332786158511,607.53173828125,37308,0.0,0.0
2020-09-30 00:00:00+01:00,619.522448930584,623.5193679559426,603.5347728291496,609.5301513671875,44077,0.0,0.0
2020-10-01 00:00:00+01:00,613.5270878873913,626.7598688996317,599.5378708997309,603.5347900390625,477897,0.0,0.0
2020-10-02 00:00:00+01:00,603.5347728291496,611.5286108798667,603.5347728291496,609.5301513671875,35780,0.0,0.0
2020-10-05 00:00:00+01:00,635.5101584255106,635.5101584255106,605.5332641601562,605.5332641601562,8793,0.0,0.0
2020-10-06 00:00:00+01:00,609.5302652474791,625.5179443359375,604.5341155323358,625.5179443359375,43212,0.0,0.0
2020-10-07 00:00:00+01:00,629.5148315429688,629.5148315429688,607.0321589878628,629.5148315429688,46263,0.0,0.0
2020-10-08 00:00:00+01:00,615.5255505792026,641.5055251166365,610.529401629696,637.5086059570312,860243,0.0,0.0
2020-10-09 00:00:00+01:00,639.507080078125,641.5854951650603,631.5132415771485,639.507080078125,118615,0.0,0.0
2020-10-12 00:00:00+01:00,649.4994690699607,649.4994690699607,639.5071695458075,643.5040893554688,275413,0.0,0.0
2020-10-13 00:00:00+01:00,647.5009484755254,689.4686025433836,647.5009484755254,677.4778442382812,71721,0.0,0.0
2020-10-14 00:00:00+01:00,665.4870783025568,666.6581727561626,655.4947798295455,659.49169921875,179210,0.0,0.0
2020-10-15 00:00:00+01:00,669.4839744567871,669.4839744567871,639.507080078125,639.507080078125,125248,0.0,0.0
2020-10-16 00:00:00+01:00,625.5178052684929,649.4993185695213,619.0228120827976,631.51318359375,16236,0.0,0.0
2020-10-19 00:00:00+01:00,617.5240302452675,639.507086338141,613.527110955654,623.5194091796875,63432,0.0,0.0
2020-10-20 00:00:00+01:00,623.519564327117,630.5141748243763,617.5241839008947,619.5226440429688,59629,0.0,0.0
2020-10-21 00:00:00+01:00,611.5286430132271,623.398522210999,599.4689687003962,605.5332641601562,53131,0.0,0.0
2020-10-22 00:00:00+01:00,595.5409347784324,619.522448930584,592.1195608709069,609.5301513671875,18210,0.0,0.0
2020-10-23 00:00:00+01:00,607.5318053614218,637.5087036522814,607.5318053614218,625.5179443359375,89630,0.0,0.0
2020-10-26 00:00:00+00:00,635.5103008859917,639.5072210173502,609.3704700616985,633.5118408203125,20628,0.0,0.0
2020-10-27 00:00:00+00:00,623.5194007193688,627.3344532988671,605.5332641601562,605.5332641601562,333323,0.0,0.0
2020-10-28 00:00:00+00:00,607.5318221275253,633.5118013632418,593.5426025390625,593.5426025390625,22674,0.0,0.0
2020-10-29 00:00:00+00:00,591.5441181405713,603.5348772920694,579.5533589890732,581.5518188476562,12570,0.0,0.0
2020-10-30 00:00:00+00:00,579.5533013426883,599.5378979407121,559.4088548066659,573.5579223632812,106924,0.0,0.0
2020-11-02 00:00:00+00:00,597.53948301118,597.53948301118,579.5533447265625,579.5533447265625,13057,0.0,0.0
2020-11-03 00:00:00+00:00,569.5609886329491,595.8557233810295,561.5671501959954,571.5594482421875,30736,0.0,0.0
2020-11-04 00:00:00+00:00,567.5625960010593,589.545654296875,565.5641361559852,589.545654296875,69246,0.0,0.0
2020-11-05 00:00:00+00:00,595.541004792822,603.5348437833297,571.5594878212991,585.5487060546875,206551,0.0,0.0
2020-11-06 00:00:00+00:00,585.5487680871502,619.522587395961,585.5487680871502,611.5287475585938,29111,0.0,0.0
2020-11-09 00:00:00+00:00,611.5286430132271,611.5286430132271,586.1691613960458,605.5332641601562,56928,0.0,0.0
2020-11-10 00:00:00+00:00,577.5547991643186,611.5286108798667,577.5547991643186,609.5301513671875,22156,0.0,0.0
2020-11-11 00:00:00+00:00,605.5333676805683,615.5256674772774,605.3824829778274,611.5287475585938,37040,0.0,0.0
2020-11-12 00:00:00+00:00,605.5333141508556,637.5086706736731,605.3434580319753,629.5148315429688,59385,0.0,0.0
2020-11-13 00:00:00+00:00,625.5178052684929,637.5085619190071,623.5193458267405,631.51318359375,25908,0.0,0.0
2020-11-16 00:00:00+00:00,625.5179119776166,637.5086706736731,625.5179119776166,629.5148315429688,71806,0.0,0.0
2020-11-17 00:00:00+00:00,635.5101024772547,635.5101024772547,618.7230553641632,631.51318359375,124586,0.0,0.0
2020-11-18 00:00:00+00:00,623.5194558882637,633.511754860832,615.525616710209,621.52099609375,86964,0.0,0.0
2020-11-19 00:00:00+00:00,623.5194844498802,631.5133239941094,614.6663217918037,625.5179443359375,54893,0.0,0.0
2020-11-20 00:00:00+00:00,631.5132477589143,633.511707403721,623.5194091796875,623.5194091796875,29044,0.0,0.0
2020-11-23 00:00:00+00:00,619.5225326295883,633.5117511083209,616.2450293116863,629.5148315429688,20728,0.0,0.0
2020-11-24 00:00:00+00:00,621.5209924122644,629.5547787828873,621.5209924122644,629.5148315429688,99782,0.0,0.0
2020-11-25 00:00:00+00:00,631.5132477589143,653.4963038517878,623.5194091796875,623.5194091796875,88362,0.0,0.0
2020-11-26 00:00:00+00:00,629.5148315429688,634.510980999659,623.5194521949405,629.5148315429688,54411,0.0,0.0
2020-11-27 00:00:00+00:00,649.4994363667053,649.4994363667053,587.2274215490913,647.5009765625,150605,0.0,0.0
2020-11-30 00:00:00+00:00,629.5147241519976,665.4869941035403,621.5208863849881,631.51318359375,651210,0.0,0.0
2020-12-01 00:00:00+00:00,657.4932175448108,657.4932175448108,593.5425094553459,597.5394287109375,136181,0.0,0.0
2020-12-02 00:00:00+00:00,599.538000792371,603.4140422659996,559.5688007395463,561.5672607421875,58406,0.0,0.0
2020-12-03 00:00:00+00:00,587.5470977783203,587.5470977783203,559.5686645507812,559.5686645507812,69406,0.0,0.0
2020-12-04 00:00:00+00:00,577.5547991643186,625.5178274686219,559.5686635502049,609.5301513671875,305556,0.0,0.0
2020-12-07 00:00:00+00:00,601.536376953125,615.799370830563,599.5379172290283,601.536376953125,92909,0.0,0.0
2020-12-08 00:00:00+00:00,599.5379658171926,625.5179443359375,599.5379658171926,625.5179443359375,64212,0.0,0.0
2020-12-09 00:00:00+00:00,615.5255474570571,615.5904998325971,601.5363304693967,603.5347900390625,37824,0.0,0.0
2020-12-10 00:00:00+00:00,625.518024469191,649.4395948093445,605.5334230484501,619.5226440429688,43306,0.0,0.0
2020-12-11 00:00:00+00:00,619.522620360558,635.5103008859917,605.5333999008035,633.5118408203125,37002,0.0,0.0
2020-12-14 00:00:00+00:00,635.5102437662241,635.5102437662241,611.5287251335363,625.5179443359375,63024,0.0,0.0
2020-12-15 00:00:00+00:00,635.510210890997,635.510210890997,623.5194521949405,629.5148315429688,344996,0.0,0.0
2020-12-16 00:00:00+00:00,633.5117511083209,635.510210890997,627.5163717602926,629.5148315429688,34492,0.0,0.0
2020-12-17 00:00:00+00:00,635.5419556049143,635.5419556049143,619.5534787343504,633.5433959960938,20369,3.15,0.0
2020-12-18 00:00:00+00:00,629.5462646484375,649.5318603515625,626.348557137698,649.5318603515625,54494,0.0,0.0
2020-12-21 00:00:00+00:00,651.530419921875,651.530419921875,626.348557137698,649.5318603515625,356038,0.0,0.0
2020-12-22 00:00:00+00:00,651.5304448716693,657.5261238122062,635.5419676969044,637.54052734375,346922,0.0,0.0
2020-12-23 00:00:00+00:00,637.5405497049784,669.5175051760746,635.541989988035,665.5203857421875,46350,0.0,0.0
2020-12-24 00:00:00+00:00,669.5175310887329,669.5175310887329,639.5391341743119,653.529052734375,8638,0.0,0.0
2020-12-29 00:00:00+00:00,665.5203958262568,695.4987920346467,657.5261568373528,689.5031127929688,44986,0.0,0.0
2020-12-30 00:00:00+00:00,689.5031136905446,697.4973526898552,669.517516192268,679.5103149414062,14680,0.0,0.0
2020-12-31 00:00:00+00:00,679.5103278004451,681.5088875880936,673.5146484375,673.5146484375,10492,0.0,0.0
2021-01-04 00:00:00+00:00,699.4959115290987,699.4959115290987,666.3198075269065,689.5031127929688,22812,0.0,0.0
2021-01-05 00:00:00+00:00,687.5045166015625,689.5030762428461,675.4532044042703,687.5045166015625,200174,0.0,0.0
2021-01-06 00:00:00+00:00,685.5059932985167,690.4424383138131,668.5352519927951,689.5031127929688,251217,0.0,0.0
2021-01-07 00:00:00+00:00,693.5001831054688,699.4958619219426,689.5030638944862,693.5001831054688,30142,0.0,0.0
2021-01-08 00:00:00+00:00,699.4959194588727,741.465674626405,693.5002401492252,733.471435546875,223902,0.0,0.0
2021-01-11 00:00:00+00:00,735.4700466579861,747.4614061143664,719.4815673828125,719.4815673828125,312507,0.0,0.0
2021-01-12 00:00:00+00:00,711.4873277452257,734.6106805348355,705.8294173278949,719.4815673828125,108244,0.0,0.0
2021-01-13 00:00:00+00:00,737.46846920511,739.4670287422512,707.4900761479917,735.4699096679688,167288,0.0,0.0
2021-01-14 00:00:00+00:00,747.4612919085592,747.4612919085592,719.5214066873382,723.4785766601562,1083988,0.0,0.0
2021-01-15 00:00:00+00:00,749.4598388671875,749.4598388671875,711.7070193082094,729.4742431640625,397044,0.0,0.0
2021-01-18 00:00:00+00:00,747.4613659039422,747.4613659039422,714.485129172886,737.4685668945312,92156,0.0,0.0
2021-01-19 00:00:00+00:00,731.472886355803,747.4613647460938,721.4800873618713,747.4613647460938,149491,0.0,0.0
2021-01-20 00:00:00+00:00,727.475743639147,744.4635013889622,727.475743639147,739.4671020507812,246705,0.0,0.0
2021-01-21 00:00:00+00:00,733.471447290767,739.4671266964135,724.477928182297,737.4685668945312,22083,0.0,0.0
2021-01-22 00:00:00+00:00,737.4684688632049,740.6661763193877,711.4871948924144,715.4843139648438,39520,0.0,0.0
2021-01-25 00:00:00+00:00,729.4742431640625,729.4742431640625,699.495849609375,699.495849609375,293098,0.0,0.0
2021-01-26 00:00:00+00:00,729.4743180475315,729.4743180475315,695.4988018644958,713.48583984375,177306,0.0,0.0
2021-01-27 00:00:00+00:00,723.4786159860149,723.4786159860149,679.5103023073068,685.5059814453125,169069,0.0,0.0
2021-01-28 00:00:00+00:00,699.4958621019508,699.4958621019508,667.7287791213239,683.5073852539062,33990,0.0,0.0
2021-01-29 00:00:00+00:00,677.51171875,681.5088380346608,662.2576976420254,677.51171875,18257,0.0,0.0
2021-02-01 00:00:00+00:00,679.5102660418951,699.4958621019508,666.1558770925374,683.5073852539062,25402,0.0,0.0
2021-02-02 00:00:00+00:00,687.504553940717,691.5016734403723,675.5131954417509,679.5103149414062,93635,0.0,0.0
2021-02-03 00:00:00+00:00,681.5088875880936,695.4988061016321,667.5189690745549,673.5146484375,41330,0.0,0.0
2021-02-04 00:00:00+00:00,685.5059202295789,686.5961378709904,665.5203248876087,675.5131225585938,24171,0.0,0.0
2021-02-05 00:00:00+00:00,665.5204336983817,685.6259410203036,665.5204336983817,671.51611328125,71772,0.0,0.0
2021-02-08 00:00:00+00:00,689.5031703895246,719.4815691021126,671.5161311619718,709.48876953125,107790,0.0,0.0
2021-02-09 00:00:00+00:00,741.4656005859375,771.443994140625,682.5080932617187,699.495849609375,313184,0.0,0.0
2021-02-10 00:00:00+00:00,725.4771494168607,725.4771494168607,691.5016355323245,697.497314453125,67838,0.0,0.0
2021-02-11 00:00:00+00:00,719.4814708621003,719.4814708621003,681.5088376777117,687.5045166015625,42900,0.0,0.0
2021-02-12 00:00:00+00:00,667.5189573373367,691.5016743674207,661.5232780798158,669.5175170898438,77022,0.0,0.0
2021-02-15 00:00:00+00:00,699.4959115290987,719.4815090013587,629.5463203761889,689.5031127929688,57113,0.0,0.0
2021-02-16 00:00:00+00:00,691.5016236779286,705.4915409199676,683.5073852539062,683.5073852539062,77647,0.0,0.0
2021-02-17 00:00:00+00:00,673.5146231693012,699.4958994339923,673.5146231693012,685.5059814453125,47576,0.0,0.0
2021-02-18 00:00:00+00:00,713.4857797277979,713.4857797277979,663.5217895507812,663.5217895507812,83562,0.0,0.0
2021-02-19 00:00:00+00:00,679.5102664074266,683.5073856215879,649.5318723012166,663.5217895507812,98762,0.0,0.0
2021-02-22 00:00:00+00:00,673.5145751953125,673.5145751953125,635.5419433593751,639.5390625,29993,0.0,0.0
2021-02-23 00:00:00+00:00,649.5318603515625,649.5318603515625,609.5606689453125,609.5606689453125,36598,0.0,0.0
2021-02-24 00:00:00+00:00,601.5663749926018,659.5245971679688,599.7676837440185,659.5245971679688,435261,0.0,0.0
2021-02-25 00:00:00+00:00,657.5261585748018,697.4973536249416,643.5362403072528,669.5175170898438,53962,0.0,0.0
2021-02-26 00:00:00+00:00,675.5131963473648,686.2364867528372,659.5247183273087,669.5175170898438,52076,0.0,0.0
2021-03-01 00:00:00+00:00,667.5189201887264,697.4973148079806,667.5189201887264,687.5045166015625,649636,0.0,0.0
2021-03-02 00:00:00+00:00,651.530419921875,723.478564453125,651.530419921875,699.495849609375,163999,0.0,0.0
2021-03-03 00:00:00+00:00,701.4944091796875,716.9182902239263,697.4972900390625,699.495849609375,64193,0.0,0.0
2021-03-04 00:00:00+00:00,693.5002331901999,724.4779093125287,653.5290381936467,679.5103149414062,515613,0.0,0.0
2021-03-05 00:00:00+00:00,657.5260377826113,689.502987948331,651.5303596265388,659.5245971679688,508696,0.0,0.0
2021-03-08 00:00:00+00:00,649.5319195647738,679.5103158523788,649.5319195647738,669.5175170898438,35366,0.0,0.0
2021-03-09 00:00:00+00:00,651.530419921875,699.495849609375,651.530419921875,699.495849609375,36808,0.0,0.0
2021-03-10 00:00:00+00:00,691.5015733913033,693.5001328519718,651.5303841779331,667.5188598632812,45550,0.0,0.0
2021-03-11 00:00:00+00:00,649.5319087330888,673.5146253632336,649.5319087330888,655.527587890625,87346,0.0,0.0
2021-03-12 00:00:00+00:00,669.5173940947561,673.5145128654711,657.5260377826113,659.5245971679688,55228,0.0,0.0
2021-03-15 00:00:00+00:00,669.5174560546875,669.5174560546875,637.5405029296875,639.5390625,136153,0.0,0.0
2021-03-16 00:00:00+00:00,639.5390625,645.5347412109376,629.5462646484375,639.5390625,195749,0.0,0.0
2021-03-17 00:00:00+00:00,647.5333490139101,659.5247073289825,643.5362295755526,655.527587890625,77651,0.0,0.0
2021-03-18 00:00:00+00:00,639.5390509430474,685.5059202295789,639.5390509430474,675.5131225585938,47818,0.0,0.0
2021-03-19 00:00:00+00:00,647.5333711980712,687.5045669510387,647.5333711980712,673.5146484375,177427,0.0,0.0
2021-03-22 00:00:00+00:00,681.5088256479007,689.503064071923,667.5189084058617,683.5073852539062,174385,0.0,0.0
2021-03-23 00:00:00+00:00,701.4944712763247,701.4944712763247,679.5103140568388,689.5031127929688,18638,0.0,0.0
2021-03-24 00:00:00+00:00,687.5045044659174,689.503064071923,675.513146829884,683.5073852539062,32508,0.0,0.0
2021-03-25 00:00:00+00:00,695.4987920346467,699.4959115290987,679.5103140568388,689.5031127929688,51889,0.0,0.0
2021-03-26 00:00:00+00:00,699.495849609375,705.4915283203126,683.507373046875,699.495849609375,90181,0.0,0.0
2021-03-29 00:00:00+01:00,671.5160634566327,707.4901382846665,667.5189440312955,685.5059814453125,31252,0.0,0.0
2021-03-30 00:00:00+01:00,693.5002463139837,697.4973658892804,665.5204092869066,673.5146484375,240934,0.0,0.0
2021-03-31 00:00:00+01:00,687.5045548624067,691.5016743674207,669.5175170898438,669.5175170898438,42801,0.0,0.0
2021-04-01 00:00:00+01:00,701.4944731299557,701.4944731299557,650.5311994410273,669.5175170898438,68919,0.0,0.0
2021-04-06 00:00:00+01:00,677.5118037152396,697.4974026448926,650.5911995173485,680.5096435546875,64468,0.0,0.0
2021-04-07 00:00:00+01:00,678.5110908615757,710.4880494883363,659.5247716769367,709.48876953125,48831,0.0,0.0
2021-04-08 00:00:00+01:00,708.4895133383645,727.4788217291518,700.4952734135311,712.4866333007812,33150,0.0,0.0
2021-04-09 00:00:00+01:00,715.4843864493535,741.4656630522629,715.4843864493535,724.4779052734375,48487,0.0,0.0
2021-04-12 00:00:00+01:00,753.4569710818205,753.4569710818205,699.4958617470481,703.4929809570312,34628,0.0,0.0
2021-04-13 00:00:00+01:00,704.4923070790816,738.4678225977891,699.8956440818553,734.470703125,76030,0.0,0.0
2021-04-14 00:00:00+01:00,712.4865456246041,752.4577403300518,706.990506352605,739.4671020507812,36368,0.0,0.0
2021-04-15 00:00:00+01:00,707.4901566644562,753.45703125,707.4901566644562,753.45703125,22638,0.0,0.0
2021-04-16 00:00:00+01:00,740.4663819184175,789.4310954325908,737.4685423155089,739.4671020507812,19940,0.0,0.0
2021-04-19 00:00:00+01:00,758.4533693867345,773.2926500434737,734.4706541492093,743.4641723632812,48184,0.0,0.0
2021-04-20 00:00:00+01:00,744.4634982378055,820.6585878225474,738.2869191504537,779.4382934570312,141432,0.0,0.0
2021-04-21 00:00:00+01:00,816.4116719563802,816.4116719563802,767.4469572368421,797.4253540039062,66099,0.0,0.0
2021-04-22 00:00:00+01:00,796.4259406656801,833.1574603985162,787.0666589512177,808.4172973632812,135429,0.0,0.0
2021-04-23 00:00:00+01:00,816.4115476713849,832.8097013704946,789.2021557244428,812.4144287109375,58515,0.0,0.0
2021-04-26 00:00:00+01:00,823.4064932352827,825.4050526848829,800.4230595648804,808.4172973632812,16645,0.0,0.0
2021-04-27 00:00:00+01:00,800.4230482892292,832.1032158858619,796.62579758672,819.4093627929688,10391,0.0,0.0
2021-04-28 00:00:00+01:00,818.4100946112823,836.4970332336864,807.4180176384812,808.4172973632812,67377,0.0,0.0
2021-04-29 00:00:00+01:00,819.4095489501952,819.4095489501952,787.4325909423828,799.4239501953125,36919,0.0,0.0
2021-04-30 00:00:00+01:00,808.4173715782656,821.408009193244,774.2909655878584,777.439697265625,37652,0.0,0.0
2021-05-04 00:00:00+01:00,799.423828125,799.423828125,769.4454345703125,769.4454345703125,16387,0.0,0.0
2021-05-05 00:00:00+01:00,783.4353756994798,792.4288940429688,749.6796742411422,792.4288940429688,27620,0.0,0.0
2021-05-06 00:00:00+01:00,788.4317380767508,788.4317380767508,762.0707328800092,775.4411010742188,30994,0.0,0.0
2021-05-07 00:00:00+01:00,799.4239165588616,799.4239165588616,761.4892780427637,772.443359375,126937,0.0,0.0
2021-05-10 00:00:00+01:00,759.4526123687665,779.4382074311025,753.4569338500656,761.451171875,52658,0.0,0.0
2021-05-11 00:00:00+01:00,747.461390198001,754.4563497319396,698.0919358116172,740.4664306640625,38789,0.0,0.0
2021-05-12 00:00:00+01:00,720.4808305722578,750.459228515625,719.4815506408123,750.459228515625,107148,0.0,0.0
2021-05-13 00:00:00+01:00,743.4641956791884,766.4476318359375,713.4858006921244,766.4476318359375,27648,0.0,0.0
2021-05-14 00:00:00+01:00,779.4383927577518,779.4383927577518,744.4635930827244,771.4441528320312,146236,0.0,0.0
2021-05-17 00:00:00+01:00,776.4404933027421,776.4404933027421,744.4635360496047,756.4548950195312,12093,0.0,0.0
2021-05-18 00:00:00+01:00,720.4807250976563,774.4418334960938,720.4807250976563,744.4634399414062,77678,0.0,0.0
2021-05-19 00:00:00+01:00,752.4577898650999,752.4577898650999,729.4743513964448,740.4664306640625,70612,0.0,0.0
2021-05-20 00:00:00+01:00,751.4583984375,768.4461547851563,750.4591186523438,759.45263671875,27164,0.0,0.0
2021-05-21 00:00:00+01:00,764.4490232921783,778.4389400583096,738.5876579909196,755.4555053710938,13411,0.0,0.0
2021-05-24 00:00:00+01:00,769.4454345703125,779.438232421875,750.8168320275844,759.45263671875,25508,0.0,0.0
2021-05-25 00:00:00+01:00,778.439003624801,778.439003624801,745.4627685546875,745.4627685546875,273073,0.0,0.0
2021-05-26 00:00:00+01:00,780.4375122070313,780.4375122070313,738.7675329677761,769.4454345703125,173213,0.0,0.0
2021-05-27 00:00:00+01:00,774.4418334960938,779.438232421875,763.072037371248,769.4454345703125,72028,0.0,0.0
2021-05-28 00:00:00+01:00,782.4360717773438,782.4360717773438,749.4598388671875,749.4598388671875,46991,0.0,0.0
2021-06-01 00:00:00+01:00,784.4346927740636,789.4310920910958,762.4505357791217,779.4382934570312,89789,0.0,0.0
2021-06-02 00:00:00+01:00,774.4419077928154,787.4325462461143,750.4591906482636,763.4498291015625,23104,0.0,0.0
2021-06-03 00:00:00+01:00,759.4527526855469,799.4239501953125,750.5041837655101,799.4239501953125,323098,0.0,0.0
2021-06-04 00:00:00+01:00,799.423768578506,833.4392279746919,789.4309714712748,819.4093627929688,245360,0.0,0.0
2021-06-07 00:00:00+01:00,842.3929194192325,864.3770762724034,823.4066021369485,849.3878784179688,327240,0.0,0.0
2021-06-08 00:00:00+01:00,874.3698866181379,874.3698866181379,818.9928018459063,858.3814086914062,123787,0.0,0.0
2021-06-09 00:00:00+01:00,858.3813943584313,889.3590698242188,853.8846350166235,889.3590698242188,100692,0.0,0.0
2021-06-10 00:00:00+01:00,899.4226937342172,899.4226937342172,864.4451445334421,890.428466796875,131183,7.0,0.0
2021-06-11 00:00:00+01:00,879.4355145827394,895.4252512115165,869.4419291897538,876.4374389648438,68122,0.0,0.0
2021-06-14 00:00:00+01:00,890.4284243102468,910.4005893118799,859.4483107820563,871.4406127929688,42958,0.0,0.0
2021-06-15 00:00:00+01:00,864.4449897472009,903.4199661635487,854.4514060507015,881.43408203125,25383,0.0,0.0
2021-06-16 00:00:00+01:00,878.4360069223002,898.0833656313806,861.4469146382511,881.43408203125,57047,0.0,0.0
2021-06-17 00:00:00+01:00,890.4283978458965,893.426473259519,854.4514928824259,878.4360961914062,138716,0.0,0.0
2021-06-18 00:00:00+01:00,888.4297306941106,909.416259765625,873.9390320494934,909.416259765625,433294,0.0,0.0
2021-06-21 00:00:00+01:00,923.4072791466347,951.1894340040101,897.4239574390454,909.416259765625,63458,0.0,0.0
2021-06-22 00:00:00+01:00,915.4123278583762,966.3796081212334,903.4200266200569,922.4078369140625,82352,0.0,0.0
2021-06-23 00:00:00+01:00,929.4033787111484,950.7346560121966,921.4085109372891,925.4059448242188,16031,0.0,0.0
2021-06-24 00:00:00+01:00,931.4020442881482,953.1380898495937,924.406535371821,939.3969116210938,325479,0.0,0.0
2021-06-25 00:00:00+01:00,930.4027234387322,960.3834771478214,930.4027234387322,950.389892578125,30580,0.0,0.0
2021-06-28 00:00:00+01:00,951.3893084490741,972.3758373119213,929.4034210689484,944.393798828125,35852,0.0,0.0
2021-06-29 00:00:00+01:00,968.3784032428075,971.3764787946428,940.3963647590112,944.393798828125,120109,0.0,0.0
2021-06-30 00:00:00+01:00,945.3930976005644,964.2409834062884,933.4007961510857,946.3924560546875,17681,0.0,0.0
2021-07-01 00:00:00+01:00,939.3970062417328,977.8223534302895,937.3982892071759,944.393798828125,22076,0.0,0.0
2021-07-02 00:00:00+01:00,964.3809663406527,989.3779213478732,923.4072672526041,989.3649291992188,106064,0.0,0.0
2021-07-05 00:00:00+01:00,964.3809150528384,987.3661596603154,938.3975950617775,956.3860473632812,40692,0.0,0.0
2021-07-06 00:00:00+01:00,994.361721770932,994.361721770932,944.3937960537997,989.3649291992188,292033,0.0,0.0
2021-07-07 00:00:00+01:00,972.3758360457193,978.3719871415819,934.4002124385894,942.3950805664062,68190,0.0,0.0
2021-07-08 00:00:00+01:00,932.4014240746359,943.3943669093851,909.4161799656149,926.4052734375,38582,0.0,0.0
2021-07-09 00:00:00+01:00,928.4040162459663,949.3905440620754,904.4194130275561,919.4097900390625,48595,0.0,0.0
2021-07-12 00:00:00+01:00,907.4174884298573,928.3140471456572,880.4348098091457,919.4097900390625,74982,0.0,0.0
2021-07-13 00:00:00+01:00,919.4098388671874,929.4034240722656,879.435498046875,899.4226684570312,205036,0.0,0.0
2021-07-14 00:00:00+01:00,898.4233099365234,919.4098388671874,882.5334850620478,899.4226684570312,108370,0.0,0.0
2021-07-15 00:00:00+01:00,905.4187309813104,945.3930678899776,872.43990303166,904.4193725585938,23118,0.0,0.0
2021-07-16 00:00:00+01:00,892.427202667587,900.4220712245195,869.4419555664062,869.4419555664062,110923,0.0,0.0
2021-07-19 00:00:00+01:00,868.4425204662567,900.4219918758312,840.8552491018113,892.4271240234375,278101,0.0,0.0
2021-07-20 00:00:00+01:00,906.4181299624236,935.3995255180026,876.6022481279771,919.4097900390625,57386,0.0,0.0
2021-07-21 00:00:00+01:00,928.4039985242362,953.3879597331769,904.7152263590227,938.3975830078125,115906,0.0,0.0
2021-07-22 00:00:00+01:00,939.3969878517246,983.368761751167,938.39762935401,963.381591796875,162802,0.0,0.0
2021-07-23 00:00:00+01:00,991.3636204769737,991.3636204769737,901.4213565224095,949.3905639648438,140613,0.0,0.0
2021-07-26 00:00:00+01:00,956.3860848166726,982.369405825276,938.3976318107163,967.3790283203125,41471,0.0,0.0
2021-07-27 00:00:00+01:00,966.3796184096948,998.3590887190126,966.3796184096948,981.3699951171875,70946,0.0,0.0
2021-07-28 00:00:00+01:00,993.362316629161,1035.335372261379,985.7171999548926,1011.3507690429688,160047,0.0,0.0
2021-07-29 00:00:00+01:00,1029.3391794057993,1057.8208945641152,1023.3430288461539,1039.332763671875,252433,0.0,0.0
2021-07-30 00:00:00+01:00,1043.3301973783052,1075.9092576873131,1017.3468782865084,1039.332763671875,96522,0.0,0.0
2021-08-02 00:00:00+01:00,1019.3458488805969,1085.3035214552237,1019.3458488805969,1071.3125,221293,0.0,0.0
2021-08-03 00:00:00+01:00,1081.3057106419615,1081.3057106419615,1049.3262441534746,1063.3172607421875,65504,0.0,0.0
2021-08-04 00:00:00+01:00,1083.3045864310316,1139.7083201794535,1079.307152532762,1115.2840576171875,166485,0.0,0.0
2021-08-05 00:00:00+01:00,1121.2802734375,1145.7516263302634,1109.2879710477941,1121.2802734375,107253,0.0,0.0
2021-08-06 00:00:00+01:00,1145.264786783854,1153.259654405382,1079.30712890625,1079.30712890625,194996,0.0,0.0
2021-08-09 00:00:00+01:00,1077.3085896429616,1111.2867826372665,1065.316286233207,1069.313720703125,1913560,0.0,0.0
2021-08-10 00:00:00+01:00,1085.3033321301887,1091.6672890300654,1049.326426092724,1065.316162109375,377538,0.0,0.0
2021-08-11 00:00:00+01:00,1063.3173081232073,1075.3096085907623,1045.328857421875,1045.328857421875,61950,0.0,0.0
2021-08-12 00:00:00+01:00,1043.3301526085804,1079.3070544226696,1033.3365687713335,1061.318603515625,46991,0.0,0.0
2021-08-13 00:00:00+01:00,1069.313577934956,1071.3122949030587,1033.336672509107,1037.3341064453125,60570,0.0,0.0
2021-08-16 00:00:00+01:00,1039.332766478089,1049.3263507711476,1027.3404653264188,1043.3302001953125,107040,0.0,0.0
2021-08-17 00:00:00+01:00,1039.3326608758223,1069.3134107087787,1030.938026524198,1063.3172607421875,191403,0.0,0.0
2021-08-18 00:00:00+01:00,1069.3137752648556,1071.3124926017992,1049.3266018954191,1055.32275390625,411308,0.0,0.0
2021-08-19 00:00:00+01:00,1043.3303054449127,1049.3264566256305,1011.3508324810839,1015.3482666015625,74309,0.0,0.0
2021-08-20 00:00:00+01:00,1011.350827656095,1023.3431299603175,999.6583207102774,1007.3533935546875,56194,0.0,0.0
2021-08-23 00:00:00+01:00,1055.322435716967,1055.322435716967,995.3609336875938,998.3590087890625,45027,0.0,0.0
2021-08-24 00:00:00+01:00,1007.3533271484375,1007.3533271484375,993.3623087158203,999.3584594726562,64771,0.0,0.0
2021-08-25 00:00:00+01:00,1005.3546654287011,1005.3546654287011,982.3694195988203,989.3649291992188,87277,0.0,0.0
2021-08-26 00:00:00+01:00,986.3668536561909,995.3610802852746,981.3700610844776,989.3649291992188,58234,0.0,0.0
2021-08-27 00:00:00+01:00,989.3649019020886,1001.3572037433261,984.3681094682396,994.3616943359375,180106,0.0,0.0
2021-08-31 00:00:00+01:00,993.3622523889863,1023.343004473161,985.8920727264114,1005.3545532226562,146394,0.0,0.0
2021-09-01 00:00:00+01:00,1013.3495483398438,1013.3495483398438,996.305495948382,1013.3495483398438,61925,0.0,0.0
2021-09-02 00:00:00+01:00,1017.3468699176952,1063.317357163485,1000.417735870384,1027.3404541015625,32883,0.0,0.0
2021-09-03 00:00:00+01:00,1065.3161568359376,1249.1981201171875,1031.33796796875,1249.1981201171875,501860,0.0,0.0
2021-09-06 00:00:00+01:00,1225.213418507656,1231.2095690060619,1154.2589709431832,1195.232666015625,759626,0.0,0.0
2021-09-07 00:00:00+01:00,1169.2493471891985,1219.2172680092497,1169.2493471891985,1195.232666015625,410966,0.0,0.0
2021-09-08 00:00:00+01:00,1209.223629775925,1215.219780006219,1191.76584423604,1205.2261962890625,431784,0.0,0.0
2021-09-09 00:00:00+01:00,1195.2327439328458,1233.2083662317154,1187.2378760804522,1221.216064453125,255856,0.0,0.0
2021-09-10 00:00:00+01:00,1235.2069890767382,1269.1851748604026,1205.2262369146815,1261.1903076171875,74945,0.0,0.0
2021-09-13 00:00:00+01:00,1255.1941739908855,1273.1826255289714,1195.2326688639323,1199.2301025390625,448144,0.0,0.0
2021-09-14 00:00:00+01:00,1251.1967373340824,1251.1967373340824,1191.2352323500209,1195.232666015625,230831,0.0,0.0
2021-09-15 00:00:00+01:00,1195.2326455312232,1221.2159639123367,1167.2506103515625,1167.2506103515625,54515,0.0,0.0
2021-09-16 00:00:00+01:00,1169.249444369612,1189.2366143588363,1147.2635573814655,1159.255859375,120077,0.0,0.0
2021-09-17 00:00:00+01:00,1161.254588809256,1190.0361626987487,1154.112200863331,1179.2430419921875,182065,0.0,0.0
2021-09-20 00:00:00+01:00,1181.24174118042,1181.24174118042,1139.268684387207,1151.260986328125,215373,0.0,0.0
2021-09-21 00:00:00+01:00,1161.2546147365197,1189.2366536458333,1119.281556372549,1121.2802734375,91430,0.0,0.0
2021-09-22 00:00:00+01:00,1121.2802805421213,1149.262319628734,1117.282846386891,1133.2725830078125,54607,0.0,0.0
2021-09-23 00:00:00+01:00,1143.2660508565018,1147.2634846007554,1039.9254106253438,1141.267333984375,63876,0.0,0.0
2021-09-24 00:00:00+01:00,1133.2725074822954,1159.2558277596672,1111.28662109375,1111.28662109375,66325,0.0,0.0
2021-09-27 00:00:00+01:00,1127.2763317916474,1129.2750486919872,1075.3096923828125,1075.3096923828125,100567,0.0,0.0
2021-09-28 00:00:00+01:00,1095.296779203869,1123.2788137090774,1049.3262939453125,1049.3262939453125,103125,0.0,0.0
2021-09-29 00:00:00+01:00,1021.3442564867651,1081.30575882454,1017.34682299758,1045.328857421875,77619,0.0,0.0
2021-09-30 00:00:00+01:00,1003.3559204804462,1063.3174296725049,1003.3559204804462,1041.33154296875,157196,0.0,0.0
2021-10-01 00:00:00+01:00,1029.3391930922023,1067.3148138082252,1023.3430424528302,1059.3199462890625,216587,0.0,0.0
2021-10-04 00:00:00+01:00,1041.3314888957789,1055.3225069807509,1039.3327720264972,1051.3250732421875,126426,0.0,0.0
2021-10-05 00:00:00+01:00,1047.3275146484375,1087.301847268607,1031.7985453159044,1047.3275146484375,84804,0.0,0.0
2021-10-06 00:00:00+01:00,1047.3276938879558,1047.3276938879558,996.3604110747061,1041.33154296875,446919,0.0,0.0
2021-10-07 00:00:00+01:00,1069.3134614490327,1069.3134614490327,1033.3365599423364,1049.3262939453125,56670,0.0,0.0
2021-10-08 00:00:00+01:00,1043.3302057650606,1057.3212238500325,1029.3391876800886,1051.3250732421875,641878,0.0,0.0
2021-10-11 00:00:00+01:00,1059.3199407193144,1093.2981274971037,1037.3340551572153,1051.3250732421875,103657,0.0,0.0
2021-10-12 00:00:00+01:00,1101.2929861215446,1101.2929861215446,1035.3353299654448,1039.332763671875,201568,0.0,0.0
2021-10-13 00:00:00+01:00,1075.3096117001487,1075.3096117001487,1037.3339934430803,1049.3262939453125,90408,0.0,0.0
2021-10-14 00:00:00+01:00,1069.3134824508638,1115.283968612303,1069.3134824508638,1077.308349609375,196836,0.0,0.0
2021-10-15 00:00:00+01:00,1097.2955782865504,1099.2942951868902,1069.6332827093681,1075.3096923828125,294373,0.0,0.0
2021-10-18 00:00:00+01:00,1113.2853134892687,1113.2853134892687,1065.3161078811136,1075.3096923828125,40650,0.0,0.0
2021-10-19 00:00:00+01:00,1115.2839776555334,1115.2839776555334,1076.5767723653978,1089.3006591796875,72356,0.0,0.0
2021-10-20 00:00:00+01:00,1069.3137227489963,1097.2957640919606,1069.3137227489963,1073.3111572265625,88357,0.0,0.0
2021-10-21 00:00:00+01:00,1083.3044272974919,1092.898242845641,1063.3172607421875,1063.3172607421875,53898,0.0,0.0
2021-10-22 00:00:00+01:00,1061.3185310654967,1065.3159643275137,1047.3275146484375,1047.3275146484375,52750,0.0,0.0
2021-10-25 00:00:00+01:00,1105.290362955729,1105.290362955729,1043.3301436941965,1049.3262939453125,40802,0.0,0.0
2021-10-26 00:00:00+01:00,1043.3302599418187,1057.3212787532989,1037.3341090226127,1041.33154296875,47651,0.0,0.0
2021-10-27 00:00:00+01:00,1035.3352766927082,1057.3211609468005,1027.3404096912202,1049.3262939453125,39916,0.0,0.0
2021-10-28 00:00:00+01:00,1097.2955524151141,1097.2955524151141,1033.3366131122295,1039.332763671875,35199,0.0,0.0
2021-10-29 00:00:00+01:00,1019.3455397421725,1049.32629091106,1019.3455397421725,1045.328857421875,77750,0.0,0.0
2021-11-01 00:00:00+00:00,1049.32629091106,1069.313458356985,1030.538304715095,1045.328857421875,119166,0.0,0.0
2021-11-02 00:00:00+00:00,1059.3198746340224,1087.3019090583173,1022.9432054840413,1045.328857421875,62001,0.0,0.0
2021-11-03 00:00:00+00:00,1051.3252675999477,1073.3111572265625,1037.3342469284655,1073.3111572265625,173104,0.0,0.0
2021-11-04 00:00:00+00:00,1059.3199830414146,1141.267377955939,1059.3199830414146,1115.2840576171875,291082,0.0,0.0
2021-11-05 00:00:00+00:00,1127.2762169471155,1129.27493364383,1085.3031663161057,1091.29931640625,81203,0.0,0.0
2021-11-08 00:00:00+00:00,1097.2954927812798,1097.2954927812798,1044.9290896745588,1045.328857421875,78662,0.0,0.0
2021-11-09 00:00:00+00:00,1057.3212803694287,1073.3110161784182,996.3604125976562,996.3604125976562,188636,0.0,0.0
2021-11-10 00:00:00+00:00,999.3584674337635,1015.3482029127038,970.3770718781844,1011.3507690429688,136068,0.0,0.0
2021-11-11 00:00:00+00:00,1001.3571225005802,1033.3365914826345,993.1124156536442,1009.3519897460938,258294,0.0,0.0
2021-11-12 00:00:00+00:00,1005.3546234729243,1027.3405098709407,1001.357189582376,1019.3456420898438,30748,0.0,0.0
2021-11-15 00:00:00+00:00,1001.3571843686311,1023.3430706521739,980.3706565525221,1011.3507690429688,210092,0.0,0.0
2021-11-16 00:00:00+00:00,1007.3534100506757,1035.33544921875,987.8659184871954,1035.33544921875,278000,0.0,0.0
2021-11-17 00:00:00+00:00,999.3584266075721,1061.3186490572416,999.3584266075721,1039.332763671875,57318,0.0,0.0
2021-11-18 00:00:00+00:00,1019.3455513991879,1067.3147538179733,1019.3455513991879,1061.318603515625,89630,0.0,0.0
2021-11-19 00:00:00+00:00,1063.3173800486438,1075.309681327388,1045.3289281305276,1059.3199462890625,97817,0.0,0.0
2021-11-22 00:00:00+00:00,1059.3201885801373,1075.3099272756865,1043.330449884588,1055.32275390625,73028,0.0,0.0
2021-11-23 00:00:00+00:00,1039.3327101934524,1063.3173111979168,1039.3327101934524,1049.3262939453125,91832,0.0,0.0
2021-11-24 00:00:00+00:00,1053.3238767320722,1058.2007511738516,955.3867420833595,993.3623657226562,175100,0.0,0.0
2021-11-25 00:00:00+00:00,994.361617430386,1005.3545599346415,970.7767833651092,972.375732421875,52605,0.0,0.0
2021-11-26 00:00:00+00:00,930.4026872833316,978.3718913537934,929.4033288651971,941.3956298828125,110978,0.0,0.0
2021-11-29 00:00:00+00:00,969.377720656146,984.3680977796947,962.3622046436051,976.3732299804688,92452,0.0,0.0
2021-11-30 00:00:00+00:00,962.3822575907308,1029.3392786276768,957.3854649760333,1003.35595703125,288921,0.0,0.0
2021-12-01 00:00:00+00:00,1009.3520189872712,1067.3148081964412,993.3622840330174,1051.3250732421875,480128,0.0,0.0
2021-12-02 00:00:00+00:00,1035.3352614912014,1045.328845096329,1006.5437495646692,1029.339111328125,107699,0.0,0.0
2021-12-03 00:00:00+00:00,982.369384765625,1029.419138035448,982.369384765625,982.369384765625,88269,0.0,0.0
2021-12-06 00:00:00+00:00,991.3636592741937,991.3636592741937,955.3867522844043,960.383544921875,103465,0.0,0.0
2021-12-07 00:00:00+00:00,971.3764759410511,1007.3533824573864,966.4596491293662,989.3649291992188,101248,0.0,0.0
2021-12-08 00:00:00+00:00,996.3604074136794,1008.8723951378353,984.3681056193321,988.3655395507812,143128,0.0,0.0
2021-12-09 00:00:00+00:00,1003.3559101482699,1003.3559101482699,966.3796465272679,978.3719482421875,91462,0.0,0.0
2021-12-10 00:00:00+00:00,970.3771162148912,987.3662109375,959.3841725708502,987.3662109375,141610,0.0,0.0
2021-12-13 00:00:00+00:00,1005.3546284433534,1021.6641661169446,965.3802893402379,980.3706665039062,59037,0.0,0.0
2021-12-14 00:00:00+00:00,978.3719209421176,982.3693547355481,936.3988661110973,938.3975830078125,157442,0.0,0.0
2021-12-15 00:00:00+00:00,924.4066017552426,963.3815828022204,924.4066017552426,949.3905639648438,471718,0.0,0.0
2021-12-16 00:00:00+00:00,998.3943151455873,998.3943151455873,946.4258422851562,946.4258422851562,173903,3.3500001,0.0
2021-12-17 00:00:00+00:00,946.425822529206,981.404601608955,934.4330982732921,966.4136962890625,361930,0.0,0.0
2021-12-20 00:00:00+00:00,931.434948678744,963.4155477750099,931.434948678744,943.4276733398438,83994,0.0,0.0
2021-12-21 00:00:00+00:00,956.4197711844088,964.4149207867863,945.4264404811397,948.4246215820312,56515,0.0,0.0
2021-12-22 00:00:00+00:00,911.4470967383012,991.3985964521872,911.4470967383012,982.404052734375,80021,0.0,0.0
2021-12-23 00:00:00+00:00,992.3979938472644,1007.3889000987336,981.404662596187,996.3955688476562,51547,0.0,0.0
2021-12-24 00:00:00+00:00,988.4003327890143,1035.371834953912,972.4100341796875,972.4100341796875,22887,0.0,0.0
2021-12-29 00:00:00+00:00,989.3997961329662,1025.3779705378015,982.3041250246071,1015.384033203125,67061,0.0,0.0
2021-12-30 00:00:00+00:00,982.4040321095284,1037.3706870088408,982.4040321095284,1017.3828125,49285,0.0,0.0
2021-12-31 00:00:00+00:00,1009.3876305890595,1033.3730792367203,1009.3876305890595,1025.3779296875,10655,0.0,0.0
2022-01-04 00:00:00+00:00,1025.3779147166126,1083.3427481021522,1025.3779147166126,1059.3572998046875,503000,0.0,0.0
2022-01-05 00:00:00+00:00,1043.3670161732457,1067.3524648209066,1025.3779296875,1025.3779296875,170603,0.0,0.0
2022-01-06 00:00:00+00:00,1009.3877201156312,1023.379233067729,987.4010569051917,1003.391357421875,84932,0.0,0.0
2022-01-07 00:00:00+00:00,989.3998637001895,1013.3853149414062,989.3998637001895,1013.3853149414062,152076,0.0,0.0
2022-01-10 00:00:00+00:00,1011.3865356445312,1015.384110884233,967.4132080078125,967.4132080078125,253439,0.0,0.0
2022-01-11 00:00:00+00:00,975.4083100328947,975.4083100328947,927.8371914428473,949.424072265625,196726,0.0,0.0
2022-01-12 00:00:00+00:00,925.4386412302654,968.4125738143921,924.4392474492391,959.4180297851562,58734,0.0,0.0
2022-01-13 00:00:00+00:00,951.4227949501812,977.4070309467197,943.0278635366549,965.414306640625,95269,0.0,0.0
2022-01-14 00:00:00+00:00,938.4308159835133,966.4138435101783,938.4308159835133,960.41748046875,56332,0.0,0.0
2022-01-17 00:00:00+00:00,959.4179157424321,972.0102514872922,941.4288298222615,957.4191284179688,61795,0.0,0.0
2022-01-18 00:00:00+00:00,910.4477404377817,956.4198546640583,907.4495590751985,928.4368286132812,90183,0.0,0.0
2022-01-19 00:00:00+00:00,907.449515743046,928.7565975954695,902.4525470440204,909.4483032226562,104568,0.0,0.0
2022-01-20 00:00:00+00:00,902.4525880940755,905.4507694498698,887.4616813151042,899.4544067382812,123849,0.0,0.0
2022-01-21 00:00:00+00:00,870.4718836460698,891.4591506455732,855.5389268875934,880.4658203125,127737,0.0,0.0
2022-01-24 00:00:00+00:00,863.4762185238238,901.4531818385291,819.0961568829737,828.4974365234375,154610,0.0,0.0
2022-01-25 00:00:00+00:00,838.4913411750018,843.4883098351628,822.5010414624869,836.4925537109375,91645,0.0,0.0
2022-01-26 00:00:00+00:00,837.4919110381576,855.4809974327719,813.5064625120051,845.487060546875,76592,0.0,0.0
2022-01-27 00:00:00+00:00,827.4980582101005,851.483509172712,825.4992706298829,839.4907836914062,116447,0.0,0.0
2022-01-28 00:00:00+00:00,799.5149342606707,839.4906809737042,799.5149342606707,819.5028076171875,267303,0.0,0.0
2022-01-31 00:00:00+00:00,826.4986201464499,856.4804322436609,816.5046827807129,850.4840698242188,375925,0.0,0.0
2022-02-01 00:00:00+00:00,847.4859132303994,863.4762134800296,836.4925818087787,844.4877319335938,118251,0.0,0.0
2022-02-02 00:00:00+00:00,872.4707714623307,891.4592533154628,846.0068436411649,885.462890625,61605,0.0,0.0
2022-02-03 00:00:00+00:00,888.461002380441,892.4585771943013,871.4713094215349,872.470703125,151715,0.0,0.0
2022-02-04 00:00:00+00:00,884.4634696672547,886.4622571693276,838.4913571195782,847.4859008789062,239130,0.0,0.0
2022-02-07 00:00:00+00:00,829.496871576939,864.4756553181353,829.496871576939,862.4768676757812,211400,0.0,0.0
2022-02-08 00:00:00+00:00,862.476823924277,868.4731865471573,837.491979662276,843.4883422851562,47017,0.0,0.0
2022-02-09 00:00:00+00:00,888.460994140625,899.4543247767857,863.1263883920057,874.469482421875,150011,0.0,0.0
2022-02-10 00:00:00+00:00,895.456779233871,895.456779233871,858.4792113414009,867.4737548828125,92567,0.0,0.0
2022-02-11 00:00:00+00:00,895.4568132267442,895.4568132267442,838.4913686353107,859.4786376953125,149664,0.0,0.0
2022-02-14 00:00:00+00:00,854.481677941156,859.4786468180049,810.5083518248861,842.4889526367188,160386,0.0,0.0
2022-02-15 00:00:00+00:00,842.4888674463064,855.4809852123823,832.494930703171,848.4852294921875,136274,0.0,0.0
2022-02-16 00:00:00+00:00,848.485286434398,851.4834676585479,839.4907427619486,849.4846801757812,147729,0.0,0.0
2022-02-17 00:00:00+00:00,829.49674503532,857.4797677594031,829.49674503532,834.4937133789062,49983,0.0,0.0
2022-02-18 00:00:00+00:00,814.5058313077384,839.490672758896,807.5100757014143,821.5015869140625,238863,0.0,0.0
2022-02-21 00:00:00+00:00,814.5059227881493,818.5034978693182,758.5398716517857,769.533203125,286518,0.0,0.0
2022-02-22 00:00:00+00:00,760.5385542986598,790.5203632723259,746.5470434442824,765.5355224609375,184929,0.0,0.0
2022-02-23 00:00:00+00:00,777.5283574574325,793.5186578678681,759.5392694956925,768.5338134765625,179346,0.0,0.0
2022-02-24 00:00:00+00:00,746.5471273332635,756.5410647808305,720.5628899695889,744.54833984375,119054,0.0,0.0
2022-02-25 00:00:00+00:00,764.5362016983321,796.5168009850597,753.5428706935195,792.5192260742188,179411,0.0,0.0
2022-02-28 00:00:00+00:00,830.4962086754748,830.4962086754748,789.5210648058063,802.51318359375,106701,0.0,0.0
2022-03-01 00:00:00+00:00,817.5041075725944,817.6280558239288,777.5283565910495,783.5247192382812,72341,0.0,0.0
2022-03-02 00:00:00+00:00,768.5338266631703,817.5041225103685,768.5338266631703,809.5089721679688,100773,0.0,0.0
2022-03-03 00:00:00+00:00,807.5100836032774,834.4937126345751,803.512508931974,819.5028076171875,206881,0.0,0.0
2022-03-04 00:00:00+00:00,787.5222696425039,819.5028694249406,782.5253009264982,789.5210571289062,201966,0.0,0.0
2022-03-07 00:00:00+00:00,779.5269618040833,779.5269618040833,735.5536460100068,736.5530395507812,235726,0.0,0.0
2022-03-08 00:00:00+00:00,752.543473590504,759.5392296530983,703.5731811523438,703.5731811523438,152151,0.0,0.0
2022-03-09 00:00:00+00:00,729.557450559842,740.5507820066341,713.5671502735989,725.5598754882812,229846,0.0,0.0
2022-03-10 00:00:00+00:00,763.5368209941275,766.5350022283976,723.561071203859,744.54833984375,170500,0.0,0.0
2022-03-11 00:00:00+00:00,753.5428629557292,787.5222493489583,744.548319498698,779.527099609375,126678,0.0,0.0
2022-03-14 00:00:00+00:00,779.5271267692733,822.5010581168102,779.5271267692733,817.5040893554688,122582,0.0,0.0
2022-03-15 00:00:00+00:00,779.5270319116609,828.4973198138038,779.5270319116609,796.5167236328125,151723,0.0,0.0
2022-03-16 00:00:00+00:00,772.5313052293731,844.4876493128335,772.5313052293731,819.5028076171875,334076,0.0,0.0
2022-03-17 00:00:00+00:00,832.4949252989234,845.4870429806592,818.3035230161668,819.5028076171875,124764,0.0,0.0
2022-03-18 00:00:00+00:00,830.4961379632717,831.4955316310975,809.5088709389291,819.5028076171875,410873,0.0,0.0
2022-03-21 00:00:00+00:00,819.5028727511639,819.5028727511639,800.514391553271,818.5034790039062,89477,0.0,0.0
2022-03-22 00:00:00+00:00,803.5126468501288,824.4999174768112,791.5199207777388,800.5144653320312,94949,0.0,0.0
2022-03-23 00:00:00+00:00,819.5029100959683,819.5029100959683,803.512609411169,809.5089721679688,389348,0.0,0.0
2022-03-24 00:00:00+00:00,847.4859802246094,847.4859802246094,790.5205310821533,799.5150756835938,87423,0.0,0.0
2022-03-25 00:00:00+00:00,814.505900708935,814.505900708935,782.5453083207713,789.5210571289062,118229,0.0,0.0
2022-03-28 00:00:00+01:00,786.5228061749668,797.5161363756334,775.5294759743002,776.5288696289062,144261,0.0,0.0
2022-03-29 00:00:00+01:00,784.5240880361995,808.50953786151,763.3039894881271,804.511962890625,108372,0.0,0.0
2022-03-30 00:00:00+01:00,826.498616838987,826.498616838987,788.5216550011618,806.5107421875,122047,0.0,0.0
2022-03-31 00:00:00+01:00,810.5082085314136,816.5045701235078,780.5264005709421,787.5221557617188,398111,0.0,0.0
2022-04-01 00:00:00+01:00,777.5283161614944,806.5107341161003,771.7738114987883,793.5186157226562,65307,0.0,0.0
2022-04-04 00:00:00+01:00,793.518619801929,815.5052818115543,775.5295327031447,792.5192260742188,126462,0.0,0.0
2022-04-05 00:00:00+01:00,797.5162195305055,813.506519671468,777.5283443543024,786.5228881835938,63782,0.0,0.0
2022-04-06 00:00:00+01:00,784.5240888041835,789.5210575226814,761.5380326990927,774.5301513671875,90990,0.0,0.0
2022-04-07 00:00:00+01:00,754.5422958082454,786.5228964252836,754.5422958082454,784.5241088867188,589621,0.0,0.0
2022-04-08 00:00:00+01:00,780.526533809589,788.5216839638485,767.5344148089172,784.5241088867188,83859,0.0,0.0
2022-04-11 00:00:00+01:00,781.5258451762953,806.6006590429399,756.5410035785876,759.5391845703125,90185,0.0,0.0
2022-04-12 00:00:00+01:00,767.534403858839,789.1212845681073,743.5489537382504,757.5404663085938,56532,0.0,0.0
2022-04-13 00:00:00+01:00,750.5446415951378,759.5391845703125,741.550098619963,759.5391845703125,73762,0.0,0.0
2022-04-14 00:00:00+01:00,775.5295443517081,806.5107503760674,759.5392444681677,804.511962890625,340955,0.0,0.0
2022-04-19 00:00:00+01:00,842.4888373645108,842.4888373645108,787.5221872398986,825.4991455078125,66499,0.0,0.0
2022-04-20 00:00:00+01:00,822.5010374519876,861.4773928111948,817.9308118896297,837.491943359375,119586,0.0,0.0
2022-04-21 00:00:00+01:00,833.4944625670652,856.48052088726,829.4968872070312,829.4968872070312,262788,0.0,0.0
2022-04-22 00:00:00+01:00,821.5017364869635,843.4884009671499,819.5029488069466,829.4968872070312,58341,0.0,0.0
2022-04-25 00:00:00+01:00,799.5149109034504,828.4973264237004,793.5185490716744,825.4991455078125,88769,0.0,0.0
2022-04-26 00:00:00+01:00,819.5028076171875,840.4900746415301,817.5040202815358,819.5028076171875,159395,0.0,0.0
2022-04-27 00:00:00+01:00,819.5028969843129,819.5028969843129,752.5435139380336,753.5429077148438,105293,0.0,0.0
2022-04-28 00:00:00+01:00,754.5422202450799,775.5294872982543,751.5440392374835,758.539794921875,54444,0.0,0.0
2022-04-29 00:00:00+01:00,731.5562635491656,782.3844417425273,729.1576940235121,763.536865234375,56292,0.0,0.0
2022-05-03 00:00:00+01:00,749.5453094269012,777.5283343121722,710.5689533367023,714.5665283203125,141728,0.0,0.0
2022-05-04 00:00:00+01:00,711.5682010314196,738.5518266323302,711.5682010314196,736.5530395507812,98523,0.0,0.0
2022-05-05 00:00:00+01:00,738.5519571940105,756.5410441080729,702.5737833658854,704.5725708007812,106962,0.0,0.0
2022-05-06 00:00:00+01:00,701.5744189238653,723.5610816251831,681.5865437408493,682.5859375,133581,0.0,0.0
2022-05-09 00:00:00+01:00,680.58705200015,693.129429672183,646.6076690809061,676.5894775390625,208066,0.0,0.0
2022-05-10 00:00:00+01:00,677.5889088103287,705.1121885451491,674.5707204050697,697.5767822265625,272236,0.0,0.0
2022-05-11 00:00:00+01:00,701.5744131582754,740.5507694448463,700.5820341950183,728.5580444335938,195349,0.0,0.0
2022-05-12 00:00:00+01:00,718.564070180037,734.5543693773674,675.5901410872114,692.579833984375,97859,0.0,0.0
2022-05-13 00:00:00+01:00,695.578082334648,723.5611086354672,694.5786885381902,720.5629272460938,90332,0.0,0.0
2022-05-16 00:00:00+01:00,706.5712995256697,734.5543212890625,706.5712995256697,734.5543212890625,63841,0.0,0.0
2022-05-17 00:00:00+01:00,732.5556028641481,757.5404460723387,730.5568154074929,747.5465087890625,33238,0.0,0.0
2022-05-18 00:00:00+01:00,755.5416545815949,756.5410483045864,722.5616617228744,733.5549926757812,57983,0.0,0.0
2022-05-19 00:00:00+01:00,727.558726377745,739.5514526367188,713.5672124089422,739.5514526367188,314476,0.0,0.0
2022-05-20 00:00:00+01:00,730.5568493480414,757.6464350620836,701.5744298800616,709.569580078125,71192,0.0,0.0
2022-05-23 00:00:00+01:00,726.5591936613384,764.5361528898541,723.5610126696135,759.5391845703125,129828,0.0,0.0
2022-05-24 00:00:00+01:00,766.5349812825522,766.5349812825522,727.5586263020833,749.5452880859375,69800,0.0,0.0
2022-05-25 00:00:00+01:00,777.5283900193178,777.5283900193178,725.5599115090292,731.5562744140625,62639,0.0,0.0
2022-05-26 00:00:00+01:00,767.5343321917809,767.5343321917809,722.5616174149187,729.557373046875,94631,0.0,0.0
2022-05-27 00:00:00+01:00,734.5544219364393,770.5325977047548,729.5574530797289,754.5422973632812,96649,0.0,0.0
2022-05-30 00:00:00+01:00,786.5228471147253,786.5228471147253,721.56225618403,751.5440673828125,67818,0.0,0.0
2022-05-31 00:00:00+01:00,715.5659212458054,758.539852270344,715.5659212458054,744.54833984375,35093,0.0,0.0
2022-06-01 00:00:00+01:00,764.5361980885186,764.5361980885186,723.561055445866,733.5549926757812,46186,0.0,0.0
2022-06-06 00:00:00+01:00,750.5446448377384,756.5410068470945,739.5513144872522,743.5488891601562,28591,0.0,0.0
2022-06-07 00:00:00+01:00,716.5653076171875,741.7500419255393,714.3446698667302,716.5653076171875,56625,0.0,0.0
2022-06-08 00:00:00+01:00,699.5756900996012,724.9802645091621,699.5756900996012,712.5678100585938,106014,0.0,0.0
2022-06-09 00:00:00+01:00,715.5659057447409,729.5574178682415,702.5737873443476,718.5640869140625,46095,0.0,0.0
2022-06-10 00:00:00+01:00,715.5659427266726,743.5489684198944,707.5847611061495,709.569580078125,59535,0.0,0.0
2022-06-13 00:00:00+01:00,699.5756356247709,699.5756356247709,674.5907914953149,681.5865478515625,361816,0.0,0.0
2022-06-14 00:00:00+01:00,706.571362322027,740.9904845899172,695.5780313665216,703.5731811523438,241575,0.0,0.0
2022-06-15 00:00:00+01:00,693.5792479426899,714.5665162521949,686.5834918395215,702.5737915039062,173347,0.0,0.0
2022-06-16 00:00:00+01:00,699.5756230041059,723.5610729356752,672.5919918310904,684.584716796875,271374,0.0,0.0
2022-06-17 00:00:00+01:00,717.564625615659,722.5615937606148,685.5840294879415,689.5816040039062,306073,0.0,0.0
2022-06-20 00:00:00+01:00,706.5713495444675,706.5713495444675,659.5998454021903,661.5986328125,85375,0.0,0.0
2022-06-21 00:00:00+01:00,649.6058959960938,669.5937697190504,644.6089275653545,649.6058959960938,124728,0.0,0.0
2022-06-22 00:00:00+01:00,643.6094835498665,655.6022068458267,623.6216113899327,631.6167602539062,108682,0.0,0.0
2022-06-23 00:00:00+01:00,622.6957382402923,646.6840170810098,591.7108780710321,607.7030639648438,164922,7.4500003,0.0
2022-06-24 00:00:00+01:00,618.6976940318257,633.6903683621607,614.6996475437363,630.6918334960938,229102,0.0,0.0
2022-06-27 00:00:00+01:00,628.6928119394922,654.6801141818243,628.6928119394922,648.6830444335938,92323,0.0,0.0
2022-06-28 00:00:00+01:00,661.6766350001187,665.7516698754168,642.6859158686954,657.6785888671875,68412,0.0,0.0
2022-06-29 00:00:00+01:00,677.6688820375215,677.6688820375215,641.6864635222548,653.6806030273438,86615,0.0,0.0
2022-06-30 00:00:00+01:00,634.6898163826235,642.6859085575227,608.7025168142011,619.6971435546875,192596,0.0,0.0
2022-07-01 00:00:00+01:00,622.6957431677616,661.6766965923888,613.7001385313092,659.6776733398438,316229,0.0,0.0
2022-07-04 00:00:00+01:00,667.6736993051442,667.6736993051442,632.6907958984375,632.6907958984375,41926,0.0,0.0
2022-07-05 00:00:00+01:00,636.6889029338861,645.6845075279284,624.694763475163,627.6932983398438,165139,0.0,0.0
2022-07-06 00:00:00+01:00,656.6791384610264,668.6732779762962,639.687440814394,659.6776733398438,184039,0.0,0.0
2022-07-07 00:00:00+01:00,667.6737651087954,667.6737651087954,646.6840209960938,646.6840209960938,120412,0.0,0.0
2022-07-08 00:00:00+01:00,633.6903681671677,647.6835308711745,623.69525195002,628.6928100585938,127993,0.0,0.0
2022-07-11 00:00:00+01:00,659.6776704334077,659.6776704334077,619.6972055586558,629.6923217773438,76168,0.0,0.0
2022-07-12 00:00:00+01:00,627.6932981448432,633.6903678723418,608.7025773410979,625.6942749023438,73382,0.0,0.0
2022-07-13 00:00:00+01:00,621.6961635621126,631.6912787319216,604.7044677734375,604.7044677734375,81406,0.0,0.0
2022-07-14 00:00:00+01:00,619.6972022384056,619.6972022384056,585.7138072769446,596.7084350585938,229811,0.0,0.0
2022-07-15 00:00:00+01:00,599.7069166299882,638.6878662109375,590.7113128805385,638.6878662109375,205188,0.0,0.0
2022-07-18 00:00:00+01:00,665.6747395442083,665.6747395442083,619.6972049810947,623.6952514648438,79737,0.0,0.0
2022-07-19 00:00:00+01:00,620.6966005031651,643.4854489969,620.6966005031651,642.6858520507812,87669,0.0,0.0
2022-07-20 00:00:00+01:00,641.686406816755,671.6717529296875,635.6893375941685,671.6717529296875,83104,0.0,0.0
2022-07-21 00:00:00+01:00,654.680005420338,708.6536241878163,654.680005420338,703.6560668945312,120015,0.0,0.0
2022-07-22 00:00:00+01:00,669.6727930595605,717.6493513683051,669.6727930595605,698.6586303710938,57620,0.0,0.0
2022-07-25 00:00:00+01:00,685.6649178754749,701.6571025489553,683.2660657723155,690.6624755859375,36696,0.0,0.0
2022-07-26 00:00:00+01:00,708.6537455122256,717.6493501802228,673.6708384700141,685.6649780273438,56060,0.0,0.0
2022-07-27 00:00:00+01:00,688.6634512561106,716.6497743840803,679.667847393549,683.6658935546875,32349,0.0,0.0
2022-07-28 00:00:00+01:00,659.6775706221418,769.6238323924988,659.6775706221418,737.6394653320312,255529,0.0,0.0
2022-07-29 00:00:00+01:00,749.633668120975,773.6219455008462,729.6434369710823,756.6302490234375,302726,0.0,0.0
2022-08-01 00:00:00+01:00,764.6264017465952,774.6215181092958,737.6395875673036,739.6386108398438,154401,0.0,0.0
2022-08-02 00:00:00+01:00,709.6532047526041,753.6317132161458,709.6532047526041,749.6336669921875,449191,0.0,0.0
2022-08-03 00:00:00+01:00,760.6282942730006,764.6263404978258,740.6380631488744,750.6331787109375,29455,0.0,0.0
2022-08-04 00:00:00+01:00,759.6287825520833,767.624875,740.6380629882813,749.6336669921875,57396,0.0,0.0
2022-08-05 00:00:00+01:00,753.6318359375,761.6279296875,738.63916015625,746.63525390625,70952,0.0,0.0
2022-08-08 00:00:00+01:00,759.6288435652449,762.6273784740551,738.6390992035737,739.6386108398438,52187,0.0,0.0
2022-08-09 00:00:00+01:00,719.6482598235344,748.6340925108711,719.6482598235344,741.6375122070312,430544,0.0,0.0
2022-08-10 00:00:00+01:00,738.6389886544231,792.6126089349899,731.1426525043444,788.6145629882812,107336,0.0,0.0
2022-08-11 00:00:00+01:00,782.6176161176703,810.6039421091068,782.6176161176703,800.6088256835938,169290,0.0,0.0
2022-08-12 00:00:00+01:00,806.6058966692756,821.5985713285559,801.1085826275396,815.6015014648438,104142,0.0,0.0
2022-08-15 00:00:00+01:00,808.6049191303134,819.5995472025427,799.6093143439441,804.6068725585938,61482,0.0,0.0
2022-08-16 00:00:00+01:00,804.6067516185619,813.6023550528067,799.6091941550926,809.6043090820312,50429,0.0,0.0
2022-08-17 00:00:00+01:00,807.6054082390721,818.6000363215347,805.6063849513516,814.6019897460938,196120,0.0,0.0
2022-08-18 00:00:00+01:00,815.6014410251524,828.5950914336414,796.6107211973609,819.5994873046875,128872,0.0,0.0
2022-08-19 00:00:00+01:00,819.599547433381,819.599547433381,799.6093145691522,807.6054077148438,96376,0.0,0.0
2022-08-22 00:00:00+01:00,808.6049180446774,808.6049180446774,787.6151735713298,790.6137084960938,164995,0.0,0.0
2022-08-23 00:00:00+01:00,785.6160282967659,797.6101661333578,773.6218904601741,787.6150512695312,278857,0.0,0.0
2022-08-24 00:00:00+01:00,789.6141357421875,798.609739820263,768.6243928933445,789.6141357421875,111619,0.0,0.0
2022-08-25 00:00:00+01:00,797.6102282560324,802.6477445778307,781.6180432283426,789.6141357421875,52308,0.0,0.0
2022-08-26 00:00:00+01:00,793.6121819991099,798.609739820263,784.6165779210344,789.6141357421875,62482,0.0,0.0
2022-08-30 00:00:00+01:00,800.6088249900124,803.6073599150686,770.6234757394501,791.6132202148438,84437,0.0,0.0
2022-08-31 00:00:00+01:00,790.6136473064181,795.6112051275711,785.616089485265,789.6141357421875,64165,0.0,0.0
2022-09-01 00:00:00+01:00,784.6166349065384,793.6122396379509,729.6434948812395,744.6361694335938,139355,0.0,0.0
2022-09-02 00:00:00+01:00,719.6483780340833,749.6337271188368,719.6483780340833,738.6390991210938,337740,0.0,0.0
2022-09-05 00:00:00+01:00,709.6532014237183,737.6395248601466,709.6532014237183,728.6439208984375,65799,0.0,0.0
2022-09-06 00:00:00+01:00,738.6390364114476,738.6390364114476,719.6483169367284,728.6439208984375,62145,0.0,0.0
2022-09-07 00:00:00+01:00,736.6400744155503,736.6400744155503,700.6576555838545,721.6473999023438,153215,0.0,0.0
2022-09-08 00:00:00+01:00,729.6434327841783,737.6395251982515,709.6532017489953,730.6429443359375,89602,0.0,0.0
2022-09-09 00:00:00+01:00,726.6449606817027,759.6288447291528,726.6449606817027,753.6317749023438,45470,0.0,0.0
2022-09-12 00:00:00+01:00,766.6254286456259,789.6141963885848,763.6268937226313,784.6166381835938,74522,0.0,0.0
2022-09-13 00:00:00+01:00,795.6111388367492,800.6086962415027,761.6277484844258,769.6238403320312,116122,0.0,0.0
2022-09-14 00:00:00+01:00,763.6268295995446,796.6107109827711,749.6336678006002,754.6312255859375,70840,0.0,0.0
2022-09-15 00:00:00+01:00,765.6258530408892,767.6248761558784,745.6356218909965,756.6302490234375,90774,0.0,0.0
2022-09-16 00:00:00+01:00,750.6332375572467,751.6327491918104,722.6469117894666,724.6459350585938,371155,0.0,0.0
2022-09-20 00:00:00+01:00,725.6453829913072,743.8365053444996,703.6561289612677,709.6531982421875,52457,0.0,0.0
2022-09-21 00:00:00+01:00,712.6517368909124,737.6395257019542,691.1962184899002,733.6414794921875,54203,0.0,0.0
2022-09-22 00:00:00+01:00,738.6390962681756,747.634700958857,701.2543475560094,705.6552124023438,216094,0.0,0.0
2022-09-23 00:00:00+01:00,707.6541716202446,729.6434255406476,663.6756637794384,689.6629638671875,100443,0.0,0.0
2022-09-26 00:00:00+01:00,687.6639428641382,709.6531968510728,684.0557208284736,701.6571044921875,69704,0.0,0.0
2022-09-27 00:00:00+01:00,706.654658981234,708.6536820618032,683.6658935546875,683.6658935546875,167212,0.0,0.0
2022-09-28 00:00:00+01:00,663.6757204893647,667.6737669983368,640.6869530627753,666.6742553710938,87068,0.0,0.0
2022-09-29 00:00:00+01:00,673.6707091536258,676.6692434673661,637.6882973887438,651.6814575195312,124292,0.0,0.0
2022-09-30 00:00:00+01:00,629.6923234727648,663.6757187078028,629.6923234727648,647.6835327148438,84582,0.0,0.0
2022-10-03 00:00:00+01:00,635.6893929414971,651.6316155473103,626.6937883244004,644.6849975585938,136455,0.0,0.0
2022-10-04 00:00:00+01:00,648.682988100405,684.6654034649885,644.3251324364212,674.6702880859375,187196,0.0,0.0
2022-10-05 00:00:00+01:00,680.667418431524,684.8653794687352,669.6727905273438,669.6727905273438,60053,0.0,0.0
2022-10-06 00:00:00+01:00,653.6805468319797,681.666869937936,653.6805468319797,680.6673583984375,85977,0.0,0.0
2022-10-07 00:00:00+01:00,678.6683946172875,697.6591155270496,662.6762085880141,663.6757202148438,102128,0.0,0.0
2022-10-10 00:00:00+01:00,694.6605155968014,694.6605155968014,648.6829850680922,657.6785888671875,64365,0.0,0.0
2022-10-11 00:00:00+01:00,683.6658208440659,683.6658208440659,634.6897605789209,642.6858520507812,43953,0.0,0.0
2022-10-12 00:00:00+01:00,652.681088676087,664.6752281310839,624.694763281094,625.6942749023438,91879,0.0,0.0
2022-10-13 00:00:00+01:00,633.6903150318287,713.6512380642362,618.6976419632523,674.6702880859375,225269,0.0,0.0
2022-10-14 00:00:00+01:00,680.6673554614074,697.659051559563,664.6751708984375,664.6751708984375,101580,0.0,0.0
2022-10-17 00:00:00+01:00,662.6762111383083,705.655211257384,654.6801180928989,692.6615600585938,111066,0.0,0.0
2022-10-18 00:00:00+01:00,709.6532604575815,725.6454466087383,699.6581441131086,723.6464233398438,96441,0.0,0.0
2022-10-19 00:00:00+01:00,724.6458162137163,739.6384882733105,714.6507015073203,737.6394653320312,161432,0.0,0.0
2022-10-20 00:00:00+01:00,698.6585186792289,746.6350693181458,698.6585186792289,740.6380004882812,193537,0.0,0.0
2022-10-21 00:00:00+01:00,724.6459357247346,742.6371451634177,710.652772827981,732.6420288085938,318303,0.0,0.0
2022-10-24 00:00:00+01:00,742.6371444807381,742.6371444807381,719.6483768857759,724.6459350585938,100640,0.0,0.0
2022-10-25 00:00:00+01:00,734.6409384987571,769.6238403320312,721.6472892463981,769.6238403320312,79011,0.0,0.0
2022-10-26 00:00:00+01:00,759.628788815269,818.0002885684748,759.628788815269,789.6141357421875,492934,0.0,0.0
2022-10-27 00:00:00+01:00,797.6102282560324,799.6592147616362,762.6273235079608,789.6141357421875,133430,0.0,0.0
2022-10-28 00:00:00+01:00,774.621459486571,795.6112022597555,768.624390122804,771.6229248046875,168877,0.0,0.0
2022-10-31 00:00:00+00:00,809.6044258271288,809.6044258271288,744.6361694335938,744.6361694335938,75262,0.0,0.0
2022-11-01 00:00:00+00:00,759.62884423567,768.6244489700399,741.6376347669305,747.6347045898438,83445,0.0,0.0
2022-11-02 00:00:00+00:00,765.6257944082286,769.6238403320312,738.6389844225599,769.6238403320312,237030,0.0,0.0
2022-11-03 00:00:00+00:00,752.6322045326233,769.6239010492961,747.6346467336019,767.6248779296875,35878,0.0,0.0
2022-11-04 00:00:00+00:00,768.6244520036926,793.6122430311208,751.5328273430713,785.6161499023438,100810,0.0,0.0
2022-11-07 00:00:00+00:00,783.6170069280661,826.5960009304982,769.6238460900648,794.6116333007812,120818,0.0,0.0
2022-11-08 00:00:00+00:00,788.6145648262283,805.606260139341,785.6160303592084,796.6106567382812,91125,0.0,0.0
2022-11-09 00:00:00+00:00,799.6092513844936,805.6063207698774,784.6165779210344,789.6141357421875,146807,0.0,0.0
2022-11-10 00:00:00+00:00,795.6112072693174,812.6029039069788,778.569547254379,803.6072998046875,285185,0.0,0.0
2022-11-11 00:00:00+00:00,814.6018764460198,869.5750092123156,811.3524879698302,855.5818481445312,580282,0.0,0.0
2022-11-14 00:00:00+00:00,893.5633518415179,893.5633518415179,840.5892381417411,874.5726318359375,378862,0.0,0.0
2022-11-15 00:00:00+00:00,883.5682350545435,883.5682350545435,861.5789803359916,867.5760498046875,413653,0.0,0.0
2022-11-16 00:00:00+00:00,880.5697624118849,880.5697624118849,855.5819711970187,869.5751342773438,83341,0.0,0.0
2022-11-17 00:00:00+00:00,851.5838021251643,874.5725667365243,848.5852676106391,855.5818481445312,412089,0.0,0.0
2022-11-18 00:00:00+00:00,865.5770236288924,870.5745815020384,843.5877689870499,846.5863037109375,161844,0.0,0.0
2022-11-21 00:00:00+00:00,854.5823981706486,864.5775139387264,843.5877708257631,859.5799560546875,186416,0.0,0.0
2022-11-22 00:00:00+00:00,895.5623744259473,895.5623744259473,863.5780039107349,870.5745849609375,136527,0.0,0.0
2022-11-23 00:00:00+00:00,862.5784980223007,926.5472394747077,861.5789864371068,913.5535888671875,518426,0.0,0.0
2022-11-24 00:00:00+00:00,878.5706630408075,908.5560099022686,771.6229259015967,778.6195068359375,394547,0.0,0.0
2022-11-25 00:00:00+00:00,809.6044315267926,830.5941760478576,779.6190822109854,814.6019897460938,299036,0.0,0.0
2022-11-28 00:00:00+00:00,803.6072998046875,830.5941121115613,795.6112072693174,803.6072998046875,252345,0.0,0.0
2022-11-29 00:00:00+00:00,838.590266797497,838.590266797497,778.6195683376045,784.6166381835938,269689,0.0,0.0
2022-11-30 00:00:00+00:00,822.5979629700443,839.5896584384412,770.6633235647153,829.5945434570312,4679696,0.0,0.0
2022-12-01 00:00:00+00:00,825.5964996337891,849.5847756522043,809.6043156215122,839.5896606445312,649777,0.0,0.0
2022-12-02 00:00:00+00:00,832.5931396484375,855.5819058091987,814.6418898496754,832.5931396484375,317031,0.0,0.0
2022-12-05 00:00:00+00:00,826.5960111345564,847.5857526506696,826.5960111345564,839.5896606445312,190595,0.0,0.0
2022-12-06 00:00:00+00:00,834.592161155385,842.5882537173528,804.606814048006,821.5985107421875,249497,0.0,0.0
2022-12-07 00:00:00+00:00,811.6033302364207,825.5964911025659,797.6101693702755,801.6082153320312,375562,0.0,0.0
2022-12-08 00:00:00+00:00,807.6052860966436,809.6043090820312,797.6101711697048,809.6043090820312,123468,0.0,0.0
2022-12-09 00:00:00+00:00,814.6019264221192,839.5897155761719,797.6102297973632,799.6092529296875,194630,0.0,0.0
2022-12-12 00:00:00+00:00,799.609189106123,800.6087005925058,772.6223789737915,787.6150512695312,53721,0.0,0.0
2022-12-13 00:00:00+00:00,785.6160929211832,815.6014399792435,784.6165813525811,812.6029052734375,274517,0.0,0.0
2022-12-14 00:00:00+00:00,810.6038189765674,815.6013764301837,799.6091925786114,802.6077270507812,97655,0.0,0.0
2022-12-15 00:00:00+00:00,797.6454300163941,797.6454300163941,765.6596483616014,771.656982421875,92353,3.5500002,0.0
2022-12-16 00:00:00+00:00,804.6424114957769,804.6424114957769,738.6717293110299,751.6659545898438,265122,0.0,0.0
2022-12-19 00:00:00+00:00,745.6685831329467,766.6592537037133,744.6690273914816,756.6636962890625,120023,0.0,0.0
2022-12-20 00:00:00+00:00,756.6637614099054,756.6637614099054,728.6761982401863,731.6748657226562,595292,0.0,0.0
2022-12-21 00:00:00+00:00,739.6712952077633,739.6712952077633,726.6770697514107,730.67529296875,149262,0.0,0.0
2022-12-22 00:00:00+00:00,747.6677346839538,757.663292634274,723.6783956031852,726.6770629882812,189082,0.0,0.0
2022-12-23 00:00:00+00:00,721.6792482096354,749.6668090820312,721.6792482096354,749.6668090820312,63086,0.0,0.0
2022-12-28 00:00:00+00:00,776.654792103341,776.654792103341,729.6756734046833,737.672119140625,76477,0.0,0.0
2022-12-29 00:00:00+00:00,767.6588576435247,767.6588576435247,721.6792906492511,748.6672973632812,259403,0.0,0.0
2022-12-30 00:00:00+00:00,754.6646322727855,760.3121469704952,728.6761813600804,730.67529296875,32514,0.0,0.0
2023-01-03 00:00:00+00:00,739.6712849380535,747.8476439830251,721.5603150243209,733.6739501953125,321152,0.0,0.0
2023-01-04 00:00:00+00:00,730.6753239090092,746.6682174555813,716.6815420557588,721.6793212890625,263059,0.0,0.0
2023-01-05 00:00:00+00:00,755.6641322544642,755.6641322544642,715.6819030346513,734.6734619140625,257287,0.0,0.0
2023-01-06 00:00:00+00:00,734.6734155010568,750.6663061786307,732.67430416636,742.6698608398438,158489,0.0,0.0
2023-01-09 00:00:00+00:00,750.6664391671133,757.663330078125,743.6695482561015,757.663330078125,135382,0.0,0.0
2023-01-10 00:00:00+00:00,757.6632590174831,767.65881652431,741.67036700656,760.6619262695312,110738,0.0,0.0
2023-01-11 00:00:00+00:00,762.6610510530231,763.6606068211136,746.6681587635757,750.6663818359375,89916,0.0,0.0
2023-01-12 00:00:00+00:00,748.6672018574927,775.6552051287241,744.6689791506436,771.656982421875,216015,0.0,0.0
2023-01-13 00:00:00+00:00,770.6575082272899,789.6490680928133,761.6615061857262,783.6517333984375,190831,0.0,0.0
2023-01-16 00:00:00+00:00,784.6513671875,797.1688157442269,778.6540318968949,784.6513671875,87030,0.0,0.0
2023-01-17 00:00:00+00:00,751.6659613715278,787.6499701605903,751.6659613715278,773.6561889648438,159896,0.0,0.0
2023-01-18 00:00:00+00:00,740.670850850768,786.6504178401544,740.670850850768,766.6593017578125,79689,0.0,0.0
2023-01-19 00:00:00+00:00,740.6708376435894,775.6552901638669,740.6708376435894,758.662841796875,59796,0.0,0.0
2023-01-20 00:00:00+00:00,758.662918130046,782.6522594147905,743.6695798270806,777.6544799804688,92481,0.0,0.0
2023-01-23 00:00:00+00:00,772.6566465724155,791.6482070961877,770.5576037598483,781.6526489257812,204450,0.0,0.0
2023-01-24 00:00:00+00:00,771.6570773654514,791.648193359375,769.6579657660591,791.648193359375,227799,0.0,0.0
2023-01-25 00:00:00+00:00,784.6512866683277,832.6299640697032,784.6512866683277,826.6326293945312,341512,0.0,0.0
2023-01-26 00:00:00+00:00,824.6335178361405,843.6250776408517,816.637071602578,826.6326293945312,188881,0.0,0.0
2023-01-27 00:00:00+00:00,819.6357624347393,834.629099552448,817.6366508190448,831.6304321289062,382529,0.0,0.0
2023-01-30 00:00:00+00:00,847.6233249080882,849.6224365234375,827.6322087545956,849.6224365234375,339549,0.0,0.0
2023-01-31 00:00:00+00:00,832.6299745781478,860.6175367488418,826.1078486333666,859.6179809570312,359515,0.0,0.0
2023-02-01 00:00:00+00:00,864.6157840517083,871.6126747896989,841.6959764266555,846.623779296875,124578,0.0,0.0
2023-02-02 00:00:00+00:00,855.6196899414062,862.7065667869115,848.6227999535677,855.6196899414062,151993,0.0,0.0
2023-02-03 00:00:00+00:00,854.6202290141499,868.6010158280983,835.628668369391,857.618896484375,115056,0.0,0.0
2023-02-06 00:00:00+00:00,856.6193135815997,859.6179809570312,840.6264209126317,859.6179809570312,75290,0.0,0.0
2023-02-07 00:00:00+00:00,861.6170816663674,861.6170816663674,826.6326293945312,826.6326293945312,120805,0.0,0.0
2023-02-08 00:00:00+00:00,834.6291477240405,839.1871200305709,823.634033203125,823.634033203125,56957,0.0,0.0
2023-02-09 00:00:00+00:00,833.6294956624944,833.6294956624944,818.6361594095717,821.6348266601562,66861,0.0,0.0
2023-02-10 00:00:00+00:00,825.6330028120293,832.6298926663686,805.6418889424887,829.6312255859375,94858,0.0,0.0
2023-02-13 00:00:00+00:00,825.6330028120293,832.6298926663686,819.6356686511672,829.6312255859375,135852,0.0,0.0
2023-02-14 00:00:00+00:00,829.6313551360486,830.6309109856101,812.638905693503,815.6375732421875,272164,0.0,0.0
2023-02-15 00:00:00+00:00,802.643274191794,825.633056640625,802.643274191794,825.633056640625,39287,0.0,0.0
2023-02-16 00:00:00+00:00,863.6161966463415,863.6161966463415,818.6361864043445,819.6357421875,69236,0.0,0.0
2023-02-17 00:00:00+00:00,807.6411264456955,822.634464189118,803.6429030474495,815.6375732421875,138949,0.0,0.0
2023-02-20 00:00:00+00:00,815.6375090180741,828.6317340391954,815.6375090180741,822.6343994140625,51505,0.0,0.0
2023-02-21 00:00:00+00:00,817.6366273817733,827.6321851737265,817.1368494921757,826.6326293945312,444500,0.0,0.0
2023-02-22 00:00:00+00:00,821.6348039273016,834.6290283203125,818.6361367596837,834.6290283203125,136367,0.0,0.0
2023-02-23 00:00:00+00:00,834.6290283203125,844.6245855457054,821.6927615650221,834.6290283203125,299969,0.0,0.0
2023-02-24 00:00:00+00:00,835.6286834566464,849.1226873162932,811.6393432617188,811.6393432617188,137501,0.0,0.0
2023-02-27 00:00:00+00:00,814.6379532472187,837.6277359768948,810.6397301637967,822.6343994140625,59020,0.0,0.0
2023-02-28 00:00:00+00:00,820.6352236385234,854.6201171875,820.6352236385234,854.6201171875,258653,0.0,0.0
2023-03-01 00:00:00+00:00,846.6237727864583,851.6215518465908,820.6353216737689,824.633544921875,95931,0.0,0.0
2023-03-02 00:00:00+00:00,825.633076886433,829.6313000190548,814.6379632717226,819.6357421875,96673,0.0,0.0
2023-03-03 00:00:00+00:00,819.6357966404336,820.355447568255,810.939648547639,815.6375732421875,48412,0.0,0.0
2023-03-06 00:00:00+00:00,810.6397874202634,815.63756662754,797.6455614813442,811.6393432617188,72895,0.0,0.0
2023-03-07 00:00:00+00:00,813.6383524627306,821.6347981871801,800.6441281605003,805.6419067382812,67350,0.0,0.0
2023-03-08 00:00:00+00:00,804.6423638885345,823.633922787767,793.6472508416105,795.6463623046875,98677,0.0,0.0
2023-03-09 00:00:00+00:00,793.6472069944911,809.7800502521518,783.6516502313362,796.6458740234375,49059,0.0,0.0
2023-03-10 00:00:00+00:00,795.6463957957733,795.6463957957733,769.9887922980704,779.6535034179688,68752,0.0,0.0
2023-03-13 00:00:00+00:00,807.6411513878555,807.6411513878555,734.673572116428,755.6642456054688,77054,0.0,0.0
2023-03-14 00:00:00+00:00,753.6650300844254,774.6557006835938,745.668584141885,774.6557006835938,85841,0.0,0.0
2023-03-15 00:00:00+00:00,770.6575042522506,771.3102293047832,743.6694982667633,754.6646118164062,133853,0.0,0.0
2023-03-16 00:00:00+00:00,761.6614780273437,774.4158191004792,738.6716958821614,749.6668090820312,75927,0.0,0.0
2023-03-17 00:00:00+00:00,764.6601422207831,776.654811118364,746.6681388744117,756.6636962890625,186278,0.0,0.0
2023-03-20 00:00:00+00:00,747.6677650836165,761.6615467830425,739.6713183982303,753.6651000976562,57289,0.0,0.0
2023-03-21 00:00:00+00:00,764.6601462364197,771.6570364634196,759.6623675028483,767.6588134765625,60177,0.0,0.0
2023-03-22 00:00:00+00:00,767.6588877255155,776.6548903160489,758.662885134982,775.6553344726562,63298,0.0,0.0
2023-03-23 00:00:00+00:00,771.6571446592826,778.654035867333,751.6660269219955,777.6544799804688,40366,0.0,0.0
2023-03-24 00:00:00+00:00,778.6539165729369,782.6521395078429,765.6596920344925,770.657470703125,138972,0.0,0.0
2023-03-27 00:00:00+01:00,782.6521669940923,795.6463919888857,762.6610516174871,768.6583862304688,793971,0.0,0.0
2023-03-28 00:00:00+01:00,773.6561469726562,776.155036336263,749.6668090820312,749.6668090820312,74588,0.0,0.0
2023-03-29 00:00:00+01:00,749.6668071131553,778.6539236548639,743.66947265625,774.6557006835938,256712,0.0,0.0
2023-03-30 00:00:00+01:00,782.6521395078429,796.6459197800137,745.9554371658697,770.657470703125,142826,0.0,0.0
2023-03-31 00:00:00+01:00,749.6668002948686,773.6561379043045,749.6668002948686,770.657470703125,55298,0.0,0.0
2023-04-03 00:00:00+01:00,776.6547608054364,776.6547608054364,759.6623143013277,771.656982421875,35745,0.0,0.0
2023-04-04 00:00:00+01:00,776.6548121692289,785.6508138545867,766.8331886657833,774.6557006835938,72029,0.0,0.0
2023-04-05 00:00:00+01:00,799.6445812626348,799.6445812626348,730.6752361287325,741.6703491210938,64253,0.0,0.0
2023-04-06 00:00:00+01:00,724.6779213780942,742.6699249433434,718.6805868563445,735.6730346679688,64425,0.0,0.0
2023-04-11 00:00:00+01:00,741.6704411318,767.6588932469303,728.6762150742347,732.6744384765625,128429,0.0,0.0
2023-04-12 00:00:00+01:00,724.6779244296017,749.0470986862364,720.679701398266,728.6761474609375,183363,0.0,0.0
2023-04-13 00:00:00+01:00,738.6716649599887,744.6689991815853,724.0781760906522,740.6707763671875,120632,0.0,0.0
2023-04-14 00:00:00+01:00,735.6730652265101,752.6655137439702,735.6730652265101,744.6690673828125,89593,0.0,0.0
2023-04-17 00:00:00+01:00,740.6708575852838,767.6588645418326,726.6770762004066,752.66552734375,299506,0.0,0.0
2023-04-18 00:00:00+01:00,763.6606207283432,781.6526248816288,743.6695050024704,758.662841796875,195344,0.0,0.0
2023-04-19 00:00:00+01:00,730.6752508481343,787.579952187613,730.6752508481343,767.6588134765625,530432,0.0,0.0
2023-04-20 00:00:00+01:00,769.6579856969624,805.6419954178594,769.6579856969624,785.65087890625,350784,0.0,0.0
2023-04-21 00:00:00+01:00,785.6508033743149,820.63525390625,785.6508033743149,820.63525390625,400159,0.0,0.0
2023-04-24 00:00:00+01:00,799.644666615099,830.6308974464341,799.644666615099,807.64111328125,72181,0.0,0.0
2023-04-25 00:00:00+01:00,804.6424254621276,821.6348741985948,794.6468673818526,813.638427734375,42251,0.0,0.0
2023-04-26 00:00:00+01:00,817.6366542376894,827.6322123579545,803.6428728693181,824.633544921875,127247,0.0,0.0
2023-04-27 00:00:00+01:00,824.6335146238478,842.6255185792771,810.6397337696249,833.6295166015625,192719,0.0,0.0
2023-04-28 00:00:00+01:00,818.6362426757813,849.6224740835337,818.6362426757813,844.6246948242188,303495,0.0,0.0
2023-05-02 00:00:00+01:00,801.6437805977916,847.6233490610066,801.6437805977916,836.6282348632812,82033,0.0,0.0
2023-05-03 00:00:00+01:00,840.6264103032657,843.6250776408517,826.6326293945312,826.6326293945312,185441,0.0,0.0
2023-05-04 00:00:00+01:00,818.6361965520291,827.6321987119416,812.6388617787542,816.6370849609375,59950,0.0,0.0
2023-05-05 00:00:00+01:00,821.6347981871801,826.1127882702992,799.6445724449442,805.6419067382812,93318,0.0,0.0
2023-05-09 00:00:00+01:00,805.6419507897418,805.6419507897418,784.6512796153193,804.6423950195312,248084,0.0,0.0
2023-05-10 00:00:00+01:00,810.6397296407948,817.636620032269,796.1461709727412,804.6423950195312,122559,0.0,0.0
2023-05-11 00:00:00+01:00,807.6410281512688,821.6348083420086,794.6468036884389,802.6432495117188,70193,0.0,0.0
2023-05-12 00:00:00+01:00,832.6300091129718,832.6300091129718,802.6433341149057,807.64111328125,67945,0.0,0.0
2023-05-15 00:00:00+01:00,812.6388348589887,832.0052277561509,804.6423887595153,818.6361694335938,64011,0.0,0.0
2023-05-16 00:00:00+01:00,832.6299985610453,832.6299985610453,808.1208703173221,810.6397705078125,91353,0.0,0.0
2023-05-17 00:00:00+01:00,807.6410529850182,825.633056640625,806.6414972263734,825.633056640625,323603,0.0,0.0
2023-05-18 00:00:00+01:00,820.6352979706554,834.6290789348323,819.6357421875,819.6357421875,162070,0.0,0.0
2023-05-19 00:00:00+01:00,804.6423332490117,829.6312255859375,798.8818932994392,829.6312255859375,150115,0.0,0.0
2023-05-22 00:00:00+01:00,847.6233041158537,847.6233041158537,816.6370748380335,819.6357421875,170310,0.0,0.0
2023-05-23 00:00:00+01:00,813.6384174981911,820.6353080663573,798.6450805664062,798.6450805664062,126865,0.0,0.0
2023-05-24 00:00:00+01:00,788.6495567117157,798.1303291995825,781.6526658410161,782.6522216796875,292317,0.0,0.0
2023-05-25 00:00:00+01:00,784.6512891808335,792.6477354400012,773.6561755744779,783.6517333984375,184566,0.0,0.0
2023-05-26 00:00:00+01:00,788.6495021640725,806.6415060157243,778.1541665839422,786.650390625,90987,0.0,0.0
2023-05-30 00:00:00+01:00,778.6539009210421,806.6414609027997,777.2295462307213,787.64990234375,115881,0.0,0.0
2023-05-31 00:00:00+01:00,769.6579327160799,801.643716932852,769.6579327160799,789.6490478515625,837537,0.0,0.0
2023-06-01 00:00:00+01:00,788.6494920947883,794.6468266354332,784.6512690676918,789.6490478515625,99694,0.0,0.0
2023-06-02 00:00:00+01:00,798.645016729388,809.6401296005059,789.6490152893823,805.6419067382812,93501,0.0,0.0
2023-06-05 00:00:00+01:00,803.6427881711737,827.6321251315072,780.1072290029721,801.6436767578125,159529,0.0,0.0
2023-06-06 00:00:00+01:00,800.6440967286994,827.6320999892174,774.9695354942677,796.6458740234375,69554,0.0,0.0
2023-06-07 00:00:00+01:00,832.6299594908398,912.5944213867188,808.6406209220761,912.5944213867188,391900,0.0,0.0
2023-06-08 00:00:00+01:00,913.5939501152665,947.578845414959,874.9541412855758,914.593505859375,197667,0.0,0.0
2023-06-09 00:00:00+01:00,911.5949096679688,914.5935771339817,901.5993514479252,911.5949096679688,194499,0.0,0.0
2023-06-12 00:00:00+01:00,899.6002821414155,952.2548647361884,898.0449429491878,928.58740234375,259390,0.0,0.0
2023-06-13 00:00:00+01:00,928.5873105256454,940.5819797681726,914.593529742697,919.59130859375,243792,0.0,0.0
2023-06-14 00:00:00+01:00,957.5744907403551,957.5744907403551,916.5927014706739,937.5833740234375,153372,0.0,0.0
2023-06-15 00:00:00+01:00,940.5819904510988,946.5793251404788,918.5917632567053,934.5846557617188,162075,0.0,0.0
2023-06-16 00:00:00+01:00,902.5989460089268,942.581180605114,902.5989460089268,935.5842895507812,254024,0.0,0.0
2023-06-19 00:00:00+01:00,924.5891629732572,944.260414816955,905.5976017878606,909.5958251953125,55215,0.0,0.0
2023-06-20 00:00:00+01:00,902.5989108090902,906.5971341127849,894.6024642017006,904.5980224609375,64572,0.0,0.0
2023-06-21 00:00:00+01:00,906.5970517764033,906.5970517764033,883.6072698680712,892.603271484375,64581,0.0,0.0
2023-06-22 00:00:00+01:00,882.685892120189,890.6830462956833,848.9958545095672,884.6851806640625,207474,7.9000006,0.0
2023-06-23 00:00:00+01:00,883.6854614115373,883.6854614115373,856.695068359375,856.695068359375,143604,0.0,0.0
2023-06-26 00:00:00+01:00,842.7000732421875,853.6961596071508,831.7039868772242,842.7000732421875,166530,0.0,0.0
2023-06-27 00:00:00+01:00,830.7043352860671,837.70184472891,829.7046910799467,831.7039794921875,342668,0.0,0.0
2023-06-28 00:00:00+01:00,835.7025652558431,847.6982958576016,821.7075462204581,836.7022094726562,133385,0.0,0.0
2023-06-29 00:00:00+01:00,829.7046087355841,842.4001010960322,829.7046087355841,839.7010498046875,137716,0.0,0.0
2023-06-30 00:00:00+01:00,819.7081676664807,843.6996262323288,819.7081676664807,839.7010498046875,99327,0.0,0.0
2023-07-03 00:00:00+01:00,842.7000111286717,863.6925380962898,838.9543352571214,848.6978759765625,65738,0.0,0.0
2023-07-04 00:00:00+01:00,846.6986501021742,851.6968711771575,829.7046984472308,842.7000732421875,108402,0.0,0.0
2023-07-05 00:00:00+01:00,835.7025250280689,838.7014575341504,822.7071508350487,834.702880859375,41178,0.0,0.0
2023-07-06 00:00:00+01:00,837.7019024166451,845.6990566163267,818.7086611924013,843.6997680664062,88780,0.0,0.0
2023-07-07 00:00:00+01:00,837.7018696649692,880.6865718076824,832.7036484855839,852.696533203125,99575,0.0,0.0
2023-07-10 00:00:00+01:00,868.690807723114,878.6872496992142,847.6982795733034,861.6932983398438,36365,0.0,0.0
2023-07-11 00:00:00+01:00,856.6950862404934,875.6883261921497,856.6950862404934,866.6915283203125,120690,0.0,0.0
2023-07-12 00:00:00+01:00,868.690821135446,899.6797917398173,861.8932526894332,889.683349609375,84439,0.0,0.0
2023-07-13 00:00:00+01:00,884.6850781607011,897.6804521901803,878.6872132240184,888.6836547851562,204660,0.0,0.0
2023-07-14 00:00:00+01:00,882.685835648023,884.6851240639868,866.6915283203125,866.6915283203125,89793,0.0,0.0
2023-07-17 00:00:00+01:00,867.6912198941383,869.69050841924,841.7004690678162,844.6994018554688,169154,0.0,0.0
2023-07-18 00:00:00+01:00,841.7003913023503,872.6893605783276,826.7057287494581,828.7050170898438,88548,0.0,0.0
2023-07-19 00:00:00+01:00,833.7032366906811,840.7007458715382,826.105965413983,834.702880859375,254330,0.0,0.0
2023-07-20 00:00:00+01:00,834.7028716673334,840.700736613446,825.7060742481646,829.7046508789062,163746,0.0,0.0
2023-07-21 00:00:00+01:00,832.7036326054034,837.7018536894694,825.7061230877109,836.7022094726562,108540,0.0,0.0
2023-07-24 00:00:00+01:00,831.7038969494047,859.6939319428943,821.8944010428729,839.7010498046875,502178,0.0,0.0
2023-07-25 00:00:00+01:00,823.7067974920261,872.6893619059937,822.7071533203125,822.7071533203125,72879,0.0,0.0
2023-07-26 00:00:00+01:00,813.7104090798664,826.1659982402033,801.3648271558375,811.7111206054688,118236,0.0,0.0
2023-07-27 00:00:00+01:00,810.7114555490105,817.7089650297047,809.7118113374827,813.7103881835938,117402,0.0,0.0
2023-07-28 00:00:00+01:00,794.7171840210731,809.1420433226348,789.7189627379216,792.7178955078125,80092,0.0,0.0
2023-07-31 00:00:00+01:00,791.7182288009129,834.702930617124,788.9192371644061,800.7150268554688,191495,0.0,0.0
2023-08-01 00:00:00+01:00,806.7128994194744,829.7047168750481,806.7128994194744,811.7111206054688,91490,0.0,0.0
2023-08-02 00:00:00+01:00,801.7147150437539,841.7004863676319,789.7189836465906,790.7186279296875,239138,0.0,0.0
2023-08-03 00:00:00+01:00,789.7189451877794,796.5165137791123,782.721435546875,782.721435546875,87676,0.0,0.0
2023-08-04 00:00:00+01:00,771.7252591646634,789.7188532902644,763.7281062199519,779.722412109375,150992,0.0,0.0
2023-08-07 00:00:00+01:00,751.7324557659865,818.8585897520625,750.7328115428934,777.7232055664062,61653,0.0,0.0
2023-08-08 00:00:00+01:00,774.7242535731589,781.7217629602713,755.7310138081396,773.724609375,186940,0.0,0.0
2023-08-09 00:00:00+01:00,795.7168105942688,806.7128971728329,774.7242816715557,782.721435546875,72134,0.0,0.0
2023-08-10 00:00:00+01:00,812.7107533746636,812.7107533746636,766.7271191123825,777.7232055664062,61541,0.0,0.0
2023-08-11 00:00:00+01:00,771.7252807617188,776.7235014920408,760.7291951550103,771.7252807617188,70289,0.0,0.0
2023-08-14 00:00:00+01:00,766.7270703346659,783.7210210461252,766.7270703346659,770.7256469726562,69768,0.0,0.0
2023-08-15 00:00:00+01:00,769.7260263259061,770.7256705159398,755.7310076654352,756.7306518554688,36559,0.0,0.0
2023-08-16 00:00:00+01:00,740.7363448149305,764.727805375738,734.7384796747286,756.7306518554688,89668,0.0,0.0
2023-08-17 00:00:00+01:00,722.7427909881715,761.7289166431351,722.7427909881715,746.7342529296875,83034,0.0,0.0
2023-08-18 00:00:00+01:00,742.7356705338988,742.7356705338988,721.7431414878531,729.7402954101562,104189,0.0,0.0
2023-08-21 00:00:00+01:00,733.738856040463,746.7342308749671,707.7481063714548,713.7459716796875,109839,0.0,0.0
2023-08-22 00:00:00+01:00,733.7388953211565,733.7388953211565,711.4997999378354,721.7431640625,96100,0.0,0.0
2023-08-23 00:00:00+01:00,735.7381017148329,736.8487293175772,711.7466418763057,717.7445068359375,156764,0.0,0.0
2023-08-24 00:00:00+01:00,730.7399218241374,735.49823805398,709.7473932902018,719.7438354492188,137304,0.0,0.0
2023-08-25 00:00:00+01:00,723.7423730057277,729.7402379753885,709.7473547431861,711.7466430664062,62040,0.0,0.0
2023-08-29 00:00:00+01:00,716.7449012945507,728.7406318601498,710.7470360117511,725.74169921875,109237,0.0,0.0
2023-08-30 00:00:00+01:00,727.7410296918282,739.7367609504847,715.5953273870608,721.7431640625,229782,0.0,0.0
2023-08-31 00:00:00+01:00,724.7420742087168,732.7392281310199,724.7420742087168,729.7402954101562,245992,0.0,0.0
2023-09-01 00:00:00+01:00,759.7295685852466,759.7295685852466,723.7423784943666,734.7384643554688,102959,0.0,0.0
2023-09-04 00:00:00+01:00,739.7367378130351,739.7367378130351,719.270022613596,729.7402954101562,56373,0.0,0.0
2023-09-05 00:00:00+01:00,728.740642342403,736.7377961678341,721.7431327451509,724.7420654296875,88896,0.0,0.0
2023-09-06 00:00:00+01:00,731.7396116347048,746.7342758075472,716.7449474618626,738.7371215820312,169948,0.0,0.0
2023-09-07 00:00:00+01:00,735.7381608518835,763.7281995799443,724.226266566664,729.7402954101562,182434,0.0,0.0
2023-09-08 00:00:00+01:00,722.7427562099703,732.2993523162754,721.7431120105098,726.7413330078125,37019,0.0,0.0
2023-09-11 00:00:00+01:00,695.7523417570153,735.7381085246599,695.7523417570153,734.7384643554688,73907,0.0,0.0
2023-09-12 00:00:00+01:00,719.7437714367378,737.7373657226562,718.7051397244671,737.7373657226562,96705,0.0,0.0
2023-09-13 00:00:00+01:00,719.7438546702348,748.7335377055638,719.7438546702348,723.742431640625,188230,0.0,0.0
2023-09-14 00:00:00+01:00,749.7331308021705,749.7331308021705,703.7494987796374,716.744873046875,216866,0.0,0.0
2023-09-15 00:00:00+01:00,721.7431285890758,726.7413497011885,697.7516672509348,701.750244140625,204034,0.0,0.0
2023-09-18 00:00:00+01:00,730.73991422021,730.73991422021,695.752367027724,708.7477416992188,633668,0.0,0.0
2023-09-19 00:00:00+01:00,717.7445290149097,723.7423941598812,709.7473754882812,709.7473754882812,144560,0.0,0.0
2023-09-20 00:00:00+01:00,707.7480780418883,714.7455872880652,701.5003019292304,704.7491455078125,111108,0.0,0.0
2023-09-21 00:00:00+01:00,692.7534790039062,698.082576261062,688.7549019245187,692.7534790039062,81979,0.0,0.0
2023-09-22 00:00:00+01:00,695.7523109603103,697.6316467962779,684.7562255859375,684.7562255859375,139053,0.0,0.0
2023-09-25 00:00:00+01:00,672.7605176105809,680.7576708659816,669.7615851398057,676.7590942382812,111635,0.0,0.0
2023-09-26 00:00:00+01:00,673.7602472779977,674.759891561793,662.2263266380826,662.76416015625,165745,0.0,0.0
2023-09-27 00:00:00+01:00,688.7548277975034,688.7548277975034,653.7672821183849,658.7655029296875,165935,0.0,0.0
2023-09-28 00:00:00+01:00,665.76307025574,687.7552437476713,644.7705410134419,670.7612915039062,195459,0.0,0.0
2023-09-29 00:00:00+01:00,671.7608631775443,682.7569487355099,667.7622866110112,677.7587280273438,253024,0.0,0.0
2023-10-02 00:00:00+01:00,677.758723945677,677.758723945677,639.7722467923795,642.7711791992188,47152,0.0,0.0
2023-10-03 00:00:00+01:00,629.7757991667717,640.7718845490487,616.7804255331716,619.7793579101562,246589,0.0,0.0
2023-10-04 00:00:00+01:00,616.7804143926934,627.7764995763557,611.7821938546651,626.77685546875,267920,0.0,0.0
2023-10-05 00:00:00+01:00,609.7830141881469,648.7691413247661,609.7830141881469,627.776611328125,737413,0.0,0.0
2023-10-06 00:00:00+01:00,633.7744349226167,651.768030866792,613.7815505401998,631.775146484375,49509,0.0,0.0
2023-10-09 00:00:00+01:00,630.7755231584821,638.7726771763392,614.7812151227678,629.77587890625,99085,0.0,0.0
2023-10-10 00:00:00+01:00,615.7808560285241,655.7666259005063,615.7808560285241,641.7716064453125,72815,0.0,0.0
2023-10-11 00:00:00+01:00,645.7701745624632,661.7644822915645,627.7765783672244,636.7733764648438,120738,0.0,0.0
2023-10-12 00:00:00+01:00,646.7697962088179,659.7651707848837,635.0239768804506,644.7705078125,115512,0.0,0.0
2023-10-13 00:00:00+01:00,630.7755393669765,644.7705592578444,607.7837209748363,610.7826538085938,194787,0.0,0.0
2023-10-16 00:00:00+01:00,600.7861612288679,621.7786893250512,600.7861612288679,609.782958984375,141386,0.0,0.0
2023-10-17 00:00:00+01:00,607.7836794969512,631.2253484170793,602.7854584484566,614.7811889648438,216712,0.0,0.0
2023-10-18 00:00:00+01:00,605.7843745109036,636.7733441641017,591.7893559578464,598.786865234375,140551,0.0,0.0
2023-10-19 00:00:00+01:00,592.7889404296875,611.7821779813976,592.7889404296875,592.7889404296875,77547,0.0,0.0
2023-10-20 00:00:00+01:00,585.7915010484165,609.7829618422084,585.7915010484165,597.7872314453125,274668,0.0,0.0
2023-10-23 00:00:00+01:00,592.7890178010185,610.7826136195993,592.7890178010185,608.7833251953125,90156,0.0,0.0
2023-10-24 00:00:00+01:00,611.782250241691,623.777980638587,597.7872314453125,597.7872314453125,80980,0.0,0.0
2023-10-25 00:00:00+01:00,591.7893559578464,604.7847303285424,591.7893559578464,598.786865234375,102112,0.0,0.0
2023-10-26 00:00:00+01:00,591.7893765703518,607.7836840452261,591.7893765703518,596.78759765625,88172,0.0,0.0
2023-10-27 00:00:00+01:00,587.7908680050872,611.7823320052948,587.7908680050872,601.785888671875,40464,0.0,0.0
2023-10-30 00:00:00+00:00,604.7847174351512,624.7776006561478,597.7872083078023,611.7822265625,65179,0.0,0.0
2023-10-31 00:00:00+00:00,607.783658959684,624.777609950333,597.7872172004786,616.7804565429688,101812,0.0,0.0
2023-11-01 00:00:00+00:00,614.781225353053,634.774110730388,610.6227320404827,628.7762451171875,83061,0.0,0.0
2023-11-02 00:00:00+00:00,628.7762275658826,640.7719584574414,616.7804966743236,618.77978515625,495960,0.0,0.0
2023-11-03 00:00:00+00:00,637.7730311747617,639.7723196737421,623.7780116818986,635.7737426757812,144561,0.0,0.0
2023-11-06 00:00:00+00:00,625.7772708549319,636.7733570840121,623.018243093485,632.7747802734375,82038,0.0,0.0
2023-11-07 00:00:00+00:00,607.7836937058478,636.7733764648438,607.7836937058478,636.7733764648438,101522,0.0,0.0
2023-11-08 00:00:00+00:00,610.7826064323223,649.7687302471513,610.7826064323223,638.7726440429688,178387,0.0,0.0
2023-11-09 00:00:00+00:00,634.7740418857202,665.1622115403358,626.7768886021205,664.7633666992188,106274,0.0,0.0
2023-11-10 00:00:00+00:00,656.766245772199,662.7641110303925,652.7676689334032,655.7666015625,80606,0.0,0.0
2023-11-13 00:00:00+00:00,633.7744390356632,661.7644773526956,633.7744390356632,654.7669677734375,64422,0.0,0.0
2023-11-14 00:00:00+00:00,624.7776365917824,675.7594917376719,624.7776365917824,672.7605590820312,336291,0.0,0.0
2023-11-15 00:00:00+00:00,644.7704846580401,687.7551836352428,644.7704846580401,658.7655029296875,88824,0.0,0.0
2023-11-16 00:00:00+00:00,634.7741101736045,665.7630824812924,634.7741101736045,663.7637939453125,104616,0.0,0.0
2023-11-17 00:00:00+00:00,644.7704834902197,670.7612316619185,644.7704834902197,664.7633666992188,129128,0.0,0.0
2023-11-20 00:00:00+00:00,669.7616175120462,685.755924795916,660.7648196648695,667.7623291015625,89904,0.0,0.0
2023-11-21 00:00:00+00:00,663.7637921233676,685.7559659587803,659.7652150623834,669.7616577148438,66738,0.0,0.0
2023-11-22 00:00:00+00:00,654.7669616609329,678.7584228515625,654.2371209398549,678.7584228515625,122290,0.0,0.0
2023-11-23 00:00:00+00:00,677.7588290943819,689.754560582778,669.7616747687845,679.7581176757812,167004,0.0,0.0
2023-11-24 00:00:00+00:00,674.7598162769566,682.7569696550539,670.761239587908,675.7594604492188,54352,0.0,0.0
2023-11-27 00:00:00+00:00,671.7609044649481,689.2996449240978,671.7609044649481,673.7601928710938,158490,0.0,0.0
2023-11-28 00:00:00+00:00,682.7570428848267,682.7570428848267,639.7723388671875,639.7723388671875,79975,0.0,0.0
2023-11-29 00:00:00+00:00,641.7715489314153,647.7694138746995,623.7779541015625,623.7779541015625,76384,0.0,0.0
2023-11-30 00:00:00+00:00,629.7758308299357,629.7758308299357,613.7815240152071,616.7804565429688,200688,0.0,0.0
2023-12-01 00:00:00+00:00,616.7804966743236,634.774093011662,613.7815639514338,618.77978515625,248677,0.0,0.0
2023-12-04 00:00:00+00:00,612.7819549358444,619.7794650248344,601.7858676531457,603.78515625,275228,0.0,0.0
2023-12-05 00:00:00+00:00,594.7882518524126,708.7476816190933,594.7882518524126,702.7498168945312,492248,0.0,0.0
2023-12-06 00:00:00+00:00,729.7403136296059,729.7403136296059,647.7694838794309,669.7616577148438,335937,0.0,0.0
2023-12-07 00:00:00+00:00,688.7549162920784,688.7549162920784,653.7723692201188,679.7581176757812,136916,0.0,0.0
2023-12-08 00:00:00+00:00,705.7488403320312,715.7452828296521,666.76271459131,705.7488403320312,304884,0.0,0.0
2023-12-11 00:00:00+00:00,720.743488516972,724.7420654296875,694.7527385843212,724.7420654296875,423932,0.0,0.0
2023-12-12 00:00:00+00:00,748.7335643639261,748.7335643639261,720.7435245746206,738.7371215820312,145358,0.0,0.0
2023-12-13 00:00:00+00:00,766.7271230132004,766.7271230132004,704.7491808661099,724.7420654296875,410177,0.0,0.0
2023-12-14 00:00:00+00:00,753.7706951497396,756.7697827962239,734.7764733886719,749.7719116210938,160689,3.7500002,0.0
2023-12-15 00:00:00+00:00,780.7625255411095,795.7579645719887,744.7734718669996,768.7661743164062,449010,0.0,0.0
2023-12-18 00:00:00+00:00,797.7573728851925,797.7573728851925,743.7737912613824,754.7704467773438,269951,0.0,0.0
2023-12-19 00:00:00+00:00,782.7619265582653,782.7619265582653,756.7698319343638,760.7686157226562,70637,0.0,0.0
2023-12-20 00:00:00+00:00,789.759775471901,789.759775471901,746.9457720188894,780.7625122070312,146397,0.0,0.0
2023-12-21 00:00:00+00:00,779.7628151974104,784.7612947820093,769.8058218989149,781.76220703125,58719,0.0,0.0
2023-12-22 00:00:00+00:00,764.7673807413842,791.7591706499036,764.7673807413842,777.763427734375,190180,0.0,0.0
2023-12-27 00:00:00+00:00,784.7613525390625,795.935932842979,777.7634806055931,784.7613525390625,93289,0.0,0.0
2023-12-28 00:00:00+00:00,787.7604416827767,795.7580096186424,756.7698659312969,783.7616577148438,84223,0.0,0.0
2023-12-29 00:00:00+00:00,787.760434693928,807.7543543562105,779.762866829015,789.7598266601562,35289,0.0,0.0
2024-01-02 00:00:00+00:00,753.7707298732234,799.7567425710594,753.7707298732234,773.7646484375,254564,0.0,0.0
2024-01-03 00:00:00+00:00,780.7624928764899,780.7624928764899,740.7746571337759,741.7743530273438,444806,0.0,0.0
2024-01-04 00:00:00+00:00,723.7798227918692,772.7649212957388,723.7798227918692,745.7731323242188,90206,0.0,0.0
2024-01-05 00:00:00+00:00,741.7744163719383,767.7665118243243,729.7780646246832,739.7750244140625,155593,0.0,0.0
2024-01-08 00:00:00+00:00,754.7703899683235,754.7703899683235,731.7773847110103,750.7716064453125,64052,0.0,0.0
2024-01-09 00:00:00+00:00,753.770751953125,764.7674074855977,748.7722721656374,753.770751953125,152920,0.0,0.0
2024-01-10 00:00:00+00:00,733.776778543266,758.7691756326143,733.776778543266,748.772216796875,145401,0.0,0.0
2024-01-11 00:00:00+00:00,752.7710548653507,763.7677103813121,746.7728791293719,754.7704467773438,189738,0.0,0.0
2024-01-12 00:00:00+00:00,792.7588848604618,792.7588848604618,754.3705361427989,761.768310546875,87386,0.0,0.0
2024-01-15 00:00:00+00:00,760.7685433817651,780.7624604220217,752.1711834610918,771.7651977539062,165565,0.0,0.0
2024-01-16 00:00:00+00:00,786.7606932649908,786.7606932649908,768.7661666083582,775.7640380859375,84895,0.0,0.0
2024-01-17 00:00:00+00:00,768.7661844353927,768.7661844353927,750.7716573614823,759.7689208984375,132727,0.0,0.0
2024-01-18 00:00:00+00:00,728.7783443420891,767.2666382476726,728.7783443420891,761.768310546875,92776,0.0,0.0
2024-01-19 00:00:00+00:00,801.7561865100782,801.7561865100782,730.7777709960938,730.7777709960938,598817,0.0,0.0
2024-01-22 00:00:00+00:00,748.7722253632127,748.7722253632127,732.7770910430372,740.774658203125,119486,0.0,0.0
2024-01-23 00:00:00+00:00,758.769248013883,758.769248013883,731.7774565825591,739.7750244140625,157582,0.0,0.0
2024-01-24 00:00:00+00:00,748.7722232043342,777.7634040760641,737.7755683909194,742.7740478515625,95910,0.0,0.0
2024-01-25 00:00:00+00:00,743.7737912613824,754.7704467773438,742.7740953053859,754.7704467773438,135763,0.0,0.0
2024-01-26 00:00:00+00:00,785.7610040838068,785.7610040838068,745.7731667258523,769.765869140625,628408,0.0,0.0
2024-01-29 00:00:00+00:00,770.7655519451326,781.76220703125,761.7682886928549,781.76220703125,245828,0.0,0.0
2024-01-30 00:00:00+00:00,787.7603825327685,788.7600784496883,777.763423363571,781.76220703125,64826,0.0,0.0
2024-01-31 00:00:00+00:00,759.7689539072466,792.7589216426927,759.7689539072466,783.7616577148438,157437,0.0,0.0
2024-02-01 00:00:00+00:00,783.7616577148438,791.7592256507096,771.7653058110452,783.7616577148438,287585,0.0,0.0
2024-02-02 00:00:00+00:00,815.7518774224806,815.7518774224806,773.7646484375,773.7646484375,64694,0.0,0.0
2024-02-05 00:00:00+00:00,775.764049241188,779.7628330001633,759.7689142052873,765.76708984375,93701,0.0,0.0
2024-02-06 00:00:00+00:00,759.7689186556759,779.1630444069469,731.7774321788878,761.768310546875,235049,0.0,0.0
2024-02-07 00:00:00+00:00,762.7680427770445,772.7650027085916,730.7777709960938,730.7777709960938,214810,0.0,0.0
2024-02-08 00:00:00+00:00,751.7713130482456,764.8073255532144,729.7780033580044,740.774658203125,221365,0.0,0.0
2024-02-09 00:00:00+00:00,754.7704833647164,759.1911361676265,707.7847711552572,723.7799072265625,121489,0.0,0.0
2024-02-12 00:00:00+00:00,741.7744257358905,749.7719936683529,720.7808099131767,731.7774658203125,980232,0.0,0.0
2024-02-13 00:00:00+00:00,732.7771195845171,755.8100919367238,708.7844171697443,714.7825927734375,120496,0.0,0.0
2024-02-14 00:00:00+00:00,697.7878043396832,732.7771641561429,695.2285850337719,729.778076171875,357321,0.0,0.0
2024-02-15 00:00:00+00:00,728.7783203125,742.7740630894205,724.7795366619513,728.7783203125,204482,0.0,0.0
2024-02-16 00:00:00+00:00,730.7777816476585,733.7768696708363,718.7814295549472,721.780517578125,419340,0.0,0.0
2024-02-19 00:00:00+00:00,703.7858723958333,724.7794850667318,688.8304006414488,719.781005859375,95579,0.0,0.0
2024-02-20 00:00:00+00:00,719.7810803429555,722.7801681777178,702.7862492793024,707.7847290039062,93009,0.0,0.0
2024-02-21 00:00:00+00:00,690.7899112920651,718.7813982908752,690.7899112920651,695.7883911132812,103017,0.0,0.0
2024-02-22 00:00:00+00:00,697.7877303722294,700.7868180385856,687.790771484375,687.790771484375,137509,0.0,0.0
2024-02-23 00:00:00+00:00,702.7862119980525,705.145479658928,679.4753100248406,685.7913818359375,144462,0.0,0.0
2024-02-26 00:00:00+00:00,683.7919954140281,698.7874339099498,676.7941241159313,680.7929077148438,258865,0.0,0.0
2024-02-27 00:00:00+00:00,663.798122438986,693.7890014648438,663.798122438986,693.7890014648438,523009,0.0,0.0
2024-02-28 00:00:00+00:00,687.7907757675439,692.7892552425986,675.7944250274122,683.7919921875,92265,0.0,0.0
2024-02-29 00:00:00+00:00,689.7902446354555,690.7899406421735,670.7960205078125,670.7960205078125,133706,0.0,0.0
2024-03-01 00:00:00+00:00,676.7941094487692,694.7886352539062,650.7320305856709,694.7886352539062,226401,0.0,0.0
2024-03-04 00:00:00+00:00,699.7871276051198,699.7871276051198,682.7922973632812,682.7922973632812,155250,0.0,0.0
2024-03-05 00:00:00+00:00,688.7904738261203,689.7901697242714,681.7926025390625,681.7926025390625,97128,0.0,0.0
2024-03-06 00:00:00+00:00,696.7880825369698,700.7868663678851,682.7923391287667,699.7871704101562,515326,0.0,0.0
2024-03-07 00:00:00+00:00,699.7871738253228,710.7838294140065,694.7886940122849,696.7880859375,196967,0.0,0.0
2024-03-08 00:00:00+00:00,700.786802115515,707.7846731780094,694.7886269190911,702.7861938476562,164500,0.0,0.0
2024-03-11 00:00:00+00:00,712.7832272038984,712.7832272038984,691.7896118164062,691.7896118164062,199309,0.0,0.0
2024-03-12 00:00:00+00:00,684.7917550582773,696.7881069717071,677.7938831087768,678.7935791015625,69006,0.0,0.0
2024-03-13 00:00:00+00:00,672.7954125212485,683.7920685951472,670.7960205078125,670.7960205078125,173210,0.0,0.0
2024-03-14 00:00:00+00:00,671.7956446172908,684.7916913137562,668.7965569181064,680.7929077148438,239798,0.0,0.0
2024-03-15 00:00:00+00:00,662.7983825683593,684.7916923971737,662.7983825683593,679.793212890625,288563,0.0,0.0
2024-03-18 00:00:00+00:00,666.7972376581448,680.7929817769066,646.513427612002,669.7963256835938,100367,0.0,0.0
2024-03-19 00:00:00+00:00,669.7962603017202,717.7816640248284,667.7968684799239,673.7950439453125,88816,0.0,0.0
2024-03-20 00:00:00+00:00,670.7959865510209,701.7865611904869,670.7959865510209,700.786865234375,373219,0.0,0.0
2024-03-21 00:00:00+00:00,730.7776705889635,730.7776705889635,693.3710212805846,709.7840576171875,132249,0.0,0.0
2024-03-22 00:00:00+00:00,730.7777143265884,730.7777143265884,709.7841000983279,726.7789306640625,206956,0.0,0.0
2024-03-25 00:00:00+00:00,699.7871336560158,739.774969864931,699.7871336560158,733.7767944335938,147208,0.0,0.0
2024-03-26 00:00:00+00:00,709.7840844331726,746.772832495183,709.7840844331726,741.7743530273438,359407,0.0,0.0
2024-03-27 00:00:00+00:00,744.7734450260152,744.7734450260152,737.7755737304688,737.7755737304688,85969,0.0,0.0
2024-03-28 00:00:00+00:00,721.7804780705602,762.7680121438192,721.7804780705602,756.7698364257812,403872,0.0,0.0
2024-04-02 00:00:00+01:00,750.7716801823797,769.7659037822002,727.7786726668074,739.7750244140625,417051,0.0,0.0
2024-04-03 00:00:00+01:00,721.7804967931799,753.7707681191933,721.7804967931799,739.7750244140625,152729,0.0,0.0
2024-04-04 00:00:00+01:00,744.7735043087521,748.7722882245038,738.7753284351246,739.7750244140625,116638,0.0,0.0
2024-04-05 00:00:00+01:00,739.774962308114,740.774658203125,723.7798279879386,740.774658203125,212155,0.0,0.0
2024-04-08 00:00:00+01:00,739.7750063295717,760.7686213740596,735.832235749259,755.7701416015625,134432,0.0,0.0
2024-04-09 00:00:00+01:00,737.7756155254035,757.7695346453331,729.3781450883936,754.7704467773438,77724,0.0,0.0
2024-04-10 00:00:00+01:00,770.7655832305827,770.7655832305827,752.7710559956275,753.770751953125,160770,0.0,0.0
2024-04-11 00:00:00+01:00,716.782001525717,778.7631508905629,716.782001525717,753.770751953125,91147,0.0,0.0
2024-04-12 00:00:00+01:00,764.7674238875105,764.7674238875105,731.7774565825591,739.7750244140625,264236,0.0,0.0
2024-04-15 00:00:00+01:00,730.7776992530154,742.774049993147,728.7783074629934,740.774658203125,196697,0.0,0.0
2024-04-16 00:00:00+01:00,715.7822887073864,740.774687056108,713.7828968394887,714.7825927734375,293934,0.0,0.0
2024-04-17 00:00:00+01:00,706.7850341796875,723.7798652702882,703.7859463401697,706.7850341796875,79360,0.0,0.0
2024-04-18 00:00:00+01:00,708.7844444970491,710.7838364420338,688.7905250472029,690.7899169921875,127771,0.0,0.0
2024-04-19 00:00:00+01:00,661.7987382158615,694.7887055287368,661.7987382158615,686.7911376953125,101392,0.0,0.0
2024-04-22 00:00:00+01:00,674.7947692871094,708.7844317400896,674.7947692871094,701.7865600585938,222085,0.0,0.0
2024-04-23 00:00:00+01:00,699.7870980435786,719.781015130538,693.7889229174907,710.7837524414062,154381,0.0,0.0
2024-04-24 00:00:00+01:00,701.7865317208426,735.7761928013392,695.7883562360491,727.7786254882812,88518,0.0,0.0
2024-04-25 00:00:00+01:00,730.7776601155599,730.7776601155599,694.6586444818726,719.781005859375,119738,0.0,0.0
2024-04-26 00:00:00+01:00,694.7886098225912,735.7761393229166,691.2896743774414,719.781005859375,148873,0.0,0.0
2024-04-29 00:00:00+01:00,757.7694808225581,757.7694808225581,719.7810371929312,747.7725219726562,81377,0.0,0.0
2024-04-30 00:00:00+01:00,745.7731784685284,752.2712021415115,704.78564453125,704.78564453125,150382,0.0,0.0
2024-05-01 00:00:00+01:00,693.7889760122472,734.7765091772359,688.2606282266613,716.781982421875,75055,0.0,0.0
2024-05-02 00:00:00+01:00,735.7762096774194,735.7762096774194,701.7865478173212,712.783203125,218989,0.0,0.0
2024-05-03 00:00:00+01:00,715.7823322452911,740.7747321141909,694.7887163554152,729.778076171875,162202,0.0,0.0
2024-05-07 00:00:00+01:00,705.7853080490008,754.770407332855,680.7929104551977,734.7764892578125,156846,0.0,0.0
2024-05-08 00:00:00+01:00,739.7749569972143,752.2711555951402,735.776173445878,745.7731323242188,150307,0.0,0.0
2024-05-09 00:00:00+01:00,777.763397420519,777.763397420519,742.7740414954314,748.772216796875,101433,0.0,0.0
2024-05-10 00:00:00+01:00,717.7816567906208,749.7719256169437,717.7816567906208,736.77587890625,107083,0.0,0.0
2024-05-13 00:00:00+01:00,723.7799072265625,741.9773765244825,715.7823391909099,723.7799072265625,164093,0.0,0.0
2024-05-14 00:00:00+01:00,692.7893134039801,739.7750244140625,692.7893134039801,739.7750244140625,90759,0.0,0.0
2024-05-15 00:00:00+01:00,724.7795950371654,749.7719948660333,724.7795950371654,730.7777709960938,137628,0.0,0.0
2024-05-16 00:00:00+01:00,720.7807361577181,747.7725251677853,720.7807361577181,744.7734375,67268,0.0,0.0
2024-05-17 00:00:00+01:00,729.778008668319,751.7713185185971,725.7792250591775,735.7761840820312,81417,0.0,0.0
2024-05-20 00:00:00+01:00,729.778007600492,742.7740543111856,729.778007600492,736.77587890625,70899,0.0,0.0
2024-05-21 00:00:00+01:00,771.7652210286458,771.7652210286458,722.7801228027344,749.7719116210938,194782,0.0,0.0
2024-05-22 00:00:00+01:00,739.7749517570322,758.7691734913344,738.7752558762795,750.7716064453125,116275,0.0,0.0
2024-05-23 00:00:00+01:00,709.784128757502,761.7683184693191,709.784128757502,754.7704467773438,97950,0.0,0.0
2024-05-24 00:00:00+01:00,785.7610190629645,785.7610190629645,739.7750052246739,756.7698364257812,63282,0.0,0.0
2024-05-28 00:00:00+01:00,787.7603596132498,787.7603596132498,745.7731323242188,745.7731323242188,113401,0.0,0.0
2024-05-29 00:00:00+01:00,711.7835575008656,747.7726137789994,693.7890293617988,721.780517578125,115191,0.0,0.0
2024-05-30 00:00:00+01:00,720.7807930125449,755.770151896649,720.7807930125449,746.7728881835938,221470,0.0,0.0
2024-05-31 00:00:00+01:00,748.7722396850586,749.7719355991908,725.7792336600168,727.7786254882812,267126,0.0,0.0
2024-06-03 00:00:00+01:00,761.7683196131051,763.7677115281001,717.9836624257998,753.770751953125,165408,0.0,0.0
2024-06-04 00:00:00+01:00,722.7801310495546,754.7703996437258,714.7825639010118,741.7743530273438,76202,0.0,0.0
2024-06-05 00:00:00+01:00,748.7721842052866,761.3683273834118,686.4601491442036,720.7807006835938,182710,0.0,0.0
2024-06-06 00:00:00+01:00,725.7792229381034,743.7737491266514,719.7810475419208,737.7755737304688,185557,0.0,0.0
2024-06-07 00:00:00+01:00,728.7783224953255,739.7749775672713,708.7844041826964,726.7789306640625,90966,0.0,0.0
2024-06-10 00:00:00+01:00,725.7791829653769,739.7749247856459,711.7834411451079,717.7816162109375,63749,0.0,0.0
2024-06-11 00:00:00+01:00,722.7801613687468,734.2766646270325,705.785330465194,713.7828979492188,62957,0.0,0.0
2024-06-12 00:00:00+01:00,705.7853271824878,731.3895388753718,701.7865434590743,716.781982421875,91694,0.0,0.0
2024-06-13 00:00:00+01:00,699.7871807446184,744.584531096933,690.7899169921875,690.7899169921875,150995,0.0,0.0
2024-06-14 00:00:00+01:00,682.7923049475314,697.7877435627773,673.7950417783838,675.79443359375,67614,0.0,0.0
2024-06-17 00:00:00+01:00,646.803247124088,691.3496939753088,646.803247124088,680.7929077148438,338503,0.0,0.0
2024-06-18 00:00:00+01:00,698.7874778627153,699.7871738253228,678.7935586105632,696.7880859375,181594,0.0,0.0
2024-06-19 00:00:00+01:00,704.7856653205172,704.7856653205172,686.7911376953125,686.7911376953125,108140,0.0,0.0
2024-06-20 00:00:00+01:00,698.7874790060109,699.7871749702541,687.7908233993355,695.7883911132812,71145,0.0,0.0
2024-06-21 00:00:00+01:00,698.7874317085411,698.7874317085411,682.7922973632812,682.7922973632812,342485,0.0,0.0
2024-06-24 00:00:00+01:00,679.793261294772,702.7862686620953,679.793261294772,690.7899169921875,104499,0.0,0.0
2024-06-25 00:00:00+01:00,695.7883473115809,695.7883473115809,677.7938210880055,679.793212890625,63608,0.0,0.0
2024-06-26 00:00:00+01:00,679.7932658410662,688.2906816640796,670.7960020284638,686.7911376953125,477680,0.0,0.0
2024-06-27 00:00:00+01:00,676.8754254376447,684.8739533600984,671.4364240094192,674.8757934570312,158864,8.25,0.0
2024-06-28 00:00:00+01:00,689.8730923557423,689.8730923557423,669.8767708381846,670.8765869140625,127507,0.0,0.0
2024-07-01 00:00:00+01:00,638.8824724859701,678.8751155210856,638.8824724859701,670.8765869140625,123365,0.0,0.0
2024-07-02 00:00:00+01:00,667.8770859662225,682.8743259205538,667.8770859662225,679.8748779296875,172565,0.0,0.0
2024-07-03 00:00:00+01:00,696.8717607266641,702.950659169487,677.875256488778,691.8726806640625,179237,0.0,0.0
2024-07-04 00:00:00+01:00,678.8751284670101,716.4922326563748,678.8751284670101,686.8736572265625,148416,0.0,0.0
2024-07-05 00:00:00+01:00,678.8750707653985,709.8693670742754,678.8750707653985,689.873046875,264870,0.0,0.0
2024-07-08 00:00:00+01:00,699.871199711327,699.871199711327,681.87451171875,681.87451171875,311844,0.0,0.0
2024-07-09 00:00:00+01:00,689.8729982552454,702.87060546875,675.8755751022404,702.87060546875,267018,0.0,0.0
2024-07-10 00:00:00+01:00,730.8655395507812,730.8655395507812,696.8717935251635,730.8655395507812,120197,0.0,0.0
2024-07-11 00:00:00+01:00,763.8594244132823,763.8594244132823,725.8664163927264,750.86181640625,457703,0.0,0.0
2024-07-12 00:00:00+01:00,786.8551905470315,786.8551905470315,737.6172428103151,748.8621826171875,98243,0.0,0.0
2024-07-15 00:00:00+01:00,740.8637133985159,761.8598510251945,740.8637133985159,746.8626098632812,90326,0.0,0.0
2024-07-16 00:00:00+01:00,746.8625541778199,752.8614501953125,740.4657211391475,752.8614501953125,64250,0.0,0.0
2024-07-17 00:00:00+01:00,746.8625973560771,753.8613097811007,720.8673797774185,731.8653564453125,56984,0.0,0.0
2024-07-18 00:00:00+01:00,721.8672015405637,740.8637068442627,721.8672015405637,738.8640747070312,62080,0.0,0.0
2024-07-19 00:00:00+01:00,719.867506377551,736.8643780559098,719.867506377551,734.86474609375,52347,0.0,0.0
2024-07-22 00:00:00+01:00,749.8620377536631,749.8620377536631,708.8695796897962,722.8670043945312,69905,0.0,0.0
2024-07-23 00:00:00+01:00,725.8664592528963,730.8655395507812,716.8681147167034,730.8655395507812,117909,0.0,0.0
2024-07-24 00:00:00+01:00,749.8619715372721,749.8619715372721,718.8676767137315,719.8674926757812,84358,0.0,0.0
2024-07-25 00:00:00+01:00,744.8629003035516,744.8629003035516,707.3198227010903,728.8658447265625,172547,0.0,0.0
2024-07-26 00:00:00+01:00,699.8712218633973,725.8664386754663,699.8712218633973,706.8699340820312,348554,0.0,0.0
2024-07-29 00:00:00+01:00,717.8678800769659,722.8669600217916,673.8759765625,673.8759765625,106078,0.0,0.0
2024-07-30 00:00:00+01:00,672.8761560186321,679.8748678940116,665.8774441432525,668.8768920898438,495772,0.0,0.0
2024-07-31 00:00:00+01:00,689.8730351548076,689.8730351548076,670.8765312882259,676.8754272460938,112024,0.0,0.0
2024-08-01 00:00:00+01:00,659.8785391128841,675.1257326302651,644.8812995875912,658.8787231445312,264895,0.0,0.0
2024-08-02 00:00:00+01:00,629.8840933649642,653.8796778741057,624.8850132588931,628.88427734375,716923,0.0,0.0
2024-08-05 00:00:00+01:00,624.8849916064049,624.8849916064049,590.7402748726616,604.888671875,470579,0.0,0.0
2024-08-06 00:00:00+01:00,604.8886790438927,620.8857350186072,604.8886790438927,612.88720703125,948691,0.0,0.0
2024-08-07 00:00:00+01:00,585.892185978996,625.8848266601562,585.892185978996,625.8848266601562,109851,0.0,0.0
2024-08-08 00:00:00+01:00,589.8913934394313,626.8845825195312,589.8913934394313,626.8845825195312,109265,0.0,0.0
2024-08-09 00:00:00+01:00,589.8914441923718,635.8829805192346,589.8914441923718,618.8861083984375,138949,0.0,0.0
2024-08-12 00:00:00+01:00,636.882741730369,636.882741730369,621.8855029141124,626.8845825195312,363280,0.0,0.0
2024-08-13 00:00:00+01:00,596.8901679594935,634.7931666824066,596.8901679594935,632.883544921875,313504,0.0,0.0
2024-08-14 00:00:00+01:00,655.8793179981387,655.8793179981387,605.5445854642128,637.8826293945312,69722,0.0,0.0
2024-08-15 00:00:00+01:00,635.8830041088187,655.8793249927438,625.8848436668561,645.8811645507812,95567,0.0,0.0
2024-08-16 00:00:00+01:00,646.8809822930231,653.8796946207682,629.8841094970703,647.8807983398438,79355,0.0,0.0
2024-08-19 00:00:00+01:00,631.8837390988372,651.8800599563954,629.0742584593074,644.88134765625,85069,0.0,0.0
2024-08-20 00:00:00+01:00,648.8806013496,652.234964591632,632.883544921875,632.883544921875,64918,0.0,0.0
2024-08-21 00:00:00+01:00,648.8805485038698,648.8805485038698,629.8840455430477,642.8816528320312,127862,0.0,0.0
2024-08-22 00:00:00+01:00,630.8838529857552,649.880355690556,616.3265354592436,633.88330078125,209487,0.0,0.0
2024-08-23 00:00:00+01:00,664.8776026455413,664.8776026455413,630.8838605553933,641.8818359375,143802,0.0,0.0
2024-08-27 00:00:00+01:00,664.8776847195912,664.8776847195912,638.8824669711561,663.8778686523438,94644,0.0,0.0
2024-08-28 00:00:00+01:00,664.877677160365,665.8774932162453,653.8797005456822,654.8795166015625,99961,0.0,0.0
2024-08-29 00:00:00+01:00,656.879147870825,663.0780196141178,646.8809873248459,653.8796997070312,224811,0.0,0.0
2024-08-30 00:00:00+01:00,659.8786027337849,670.8765794460147,652.8798902805478,661.8782348632812,73857,0.0,0.0
2024-09-02 00:00:00+01:00,659.8785821322737,670.5646041820883,637.8826293945312,637.8826293945312,93547,0.0,0.0
2024-09-03 00:00:00+01:00,639.8822399226384,641.8818719223966,613.8870239257812,613.8870239257812,82732,0.0,0.0
2024-09-04 00:00:00+01:00,588.8916178519486,612.3872936066529,588.8916178519486,606.8883056640625,286119,0.0,0.0
2024-09-05 00:00:00+01:00,601.8892202774023,609.9737308313714,595.8903243942387,600.889404296875,64758,0.0,0.0
2024-09-06 00:00:00+01:00,621.8855901203872,621.8855901203872,585.8922119140625,585.8922119140625,85715,0.0,0.0
2024-09-09 00:00:00+01:00,573.8943630412473,593.8906823109772,573.8943630412473,589.8914184570312,76668,0.0,0.0
2024-09-10 00:00:00+01:00,560.8967997765666,593.4537978480728,560.8967997765666,572.8945922851562,261160,0.0,0.0
2024-09-11 00:00:00+01:00,572.8945965090425,585.8922051558445,569.8951483597805,577.8936767578125,336963,0.0,0.0
2024-09-12 00:00:00+01:00,571.8947796218317,594.8905487324997,569.8951475252519,576.8938598632812,378911,0.0,0.0
2024-09-13 00:00:00+01:00,573.8944326625337,602.8890991210938,573.8944326625337,602.8890991210938,1033283,0.0,0.0
2024-09-16 00:00:00+01:00,595.8903928466398,611.8874503727241,594.8905767512595,610.8876342773438,406918,0.0,0.0
2024-09-17 00:00:00+01:00,599.8895999274735,629.8840799238471,599.8895999274735,613.8870239257812,245046,0.0,0.0
2024-09-18 00:00:00+01:00,605.8884941549862,613.8870221306296,605.8884941549862,611.8873901367188,212412,0.0,0.0
2024-09-19 00:00:00+01:00,584.892353893701,625.8848094657383,584.892353893701,606.8883056640625,171867,0.0,0.0
2024-09-20 00:00:00+01:00,591.8911157431722,613.8870693687632,584.8924032259388,594.8905639648438,473863,0.0,0.0
2024-09-23 00:00:00+01:00,583.8925161476201,602.8890192414639,581.8928842430049,582.8927001953125,531350,0.0,0.0
2024-09-24 00:00:00+01:00,584.8923320999277,596.8901235276185,579.8932523383897,582.8927001953125,308982,0.0,0.0
2024-09-25 00:00:00+01:00,575.8940513011946,594.8905564656437,575.8940513011946,585.8922119140625,64382,0.0,0.0
2024-09-26 00:00:00+01:00,588.8916034214387,596.8901311419337,584.8923395611913,590.8912353515625,318918,0.0,0.0
2024-09-27 00:00:00+01:00,617.8862797004132,617.8862797004132,590.8912480630165,604.888671875,262499,0.0,0.0
2024-09-30 00:00:00+01:00,627.8844423796002,627.8844423796002,596.8901466570403,607.8881225585938,195038,0.0,0.0
2024-10-01 00:00:00+01:00,612.887200686011,621.8855445786278,604.8886727814628,605.8884887695312,127556,0.0,0.0
2024-10-02 00:00:00+01:00,609.8877973849457,610.8876134462324,585.8922119140625,585.8922119140625,90073,0.0,0.0
2024-10-03 00:00:00+01:00,568.8953314769619,589.8524742005926,568.8953314769619,576.8938598632812,193627,0.0,0.0
2024-10-04 00:00:00+01:00,576.8938555950886,592.8909122493717,568.8953272679469,571.894775390625,143973,0.0,0.0
2024-10-07 00:00:00+01:00,575.893994057725,588.8916015625,561.8876000742961,588.8916015625,172339,0.0,0.0
2024-10-08 00:00:00+01:00,591.8911082817833,599.8896367720777,575.6030892052341,585.8922119140625,202155,0.0,0.0
2024-10-09 00:00:00+01:00,592.8908755493164,599.8895874023438,584.8923477172851,599.8895874023438,222749,0.0,0.0
2024-10-10 00:00:00+01:00,625.884862255449,625.884862255449,588.8916675215007,594.8905639648438,385146,0.0,0.0
2024-10-11 00:00:00+01:00,584.892402417732,598.8898274328571,584.892402417732,593.8907470703125,75309,0.0,0.0
2024-10-14 00:00:00+01:00,576.893819885254,602.8890353393555,576.893819885254,599.8895874023438,175976,0.0,0.0
2024-10-15 00:00:00+01:00,609.8877257350078,641.8818359375,609.8877257350078,641.8818359375,579968,0.0,0.0
2024-10-16 00:00:00+01:00,633.8833176314465,657.8789006332679,638.8823974234926,651.8800048828125,199373,0.0,0.0
2024-10-17 00:00:00+01:00,624.8850412498232,664.8776838898119,624.8850412498232,662.8780517578125,227949,0.0,0.0
2024-10-18 00:00:00+01:00,695.8719311126755,695.8719311126755,645.8811314637763,676.8754272460938,197810,0.0,0.0
2024-10-21 00:00:00+01:00,648.8805724459023,679.8748678940116,647.8807564637052,668.8768920898438,480164,0.0,0.0
2024-10-22 00:00:00+01:00,654.8794583491641,673.8759617211246,652.8798264152736,657.87890625,497236,0.0,0.0
2024-10-23 00:00:00+01:00,626.8846670369156,657.3420762401729,626.8846670369156,654.8795166015625,202026,0.0,0.0
2024-10-24 00:00:00+01:00,651.880069267459,658.6188197288799,651.880069267459,655.8793334960938,33964,0.0,0.0
2024-10-25 00:00:00+01:00,633.8833318470481,669.7467261975531,633.8833318470481,667.8770751953125,278934,0.0,0.0
2024-10-28 00:00:00+00:00,635.8830242583364,677.8752994452077,635.8830242583364,670.8765869140625,130687,0.0,0.0
2024-10-29 00:00:00+00:00,660.8783739875345,681.8745099235983,660.8783739875345,679.8748779296875,484927,0.0,0.0
2024-10-30 00:00:00+00:00,670.876532180471,695.8719320381638,670.876532180471,677.875244140625,502431,0.0,0.0
2024-10-31 00:00:00+00:00,673.8759683021029,675.8756002555216,658.8787286514627,664.8776245117188,311843,0.0,0.0
2024-11-01 00:00:00+00:00,634.8832074065706,681.8745629154034,634.8832074065706,669.8767700195312,169610,0.0,0.0
2024-11-04 00:00:00+00:00,659.8786092729711,679.1550924838256,659.8786092729711,669.8767700195312,147461,0.0,0.0
2024-11-05 00:00:00+00:00,654.879473650897,678.2721410373847,654.879473650897,674.8757934570312,189849,0.0,0.0
2024-11-06 00:00:00+00:00,675.8756174901773,696.2658469760519,673.4260560799913,683.8741455078125,183359,0.0,0.0
2024-11-07 00:00:00+00:00,658.8787497200709,692.8724940151884,658.8787497200709,688.8732299804688,148262,0.0,0.0
2024-11-08 00:00:00+00:00,690.8728698905354,702.8706621317604,685.8737897900251,697.87158203125,133600,0.0,0.0
2024-11-11 00:00:00+00:00,715.8682721819197,715.8682721819197,699.8712158203125,699.8712158203125,123251,0.0,0.0
2024-11-12 00:00:00+00:00,722.8669667517037,722.8669667517037,680.8746948242188,680.8746948242188,125832,0.0,0.0
2024-11-13 00:00:00+00:00,657.8789259966682,706.8699098474839,657.8789259966682,679.8748779296875,156458,0.0,0.0
2024-11-14 00:00:00+00:00,681.8745703268823,687.873466840022,677.8753059847892,678.8751220703125,268044,0.0,0.0
2024-11-15 00:00:00+00:00,682.874307343454,682.874307343454,648.8805643717448,659.8785400390625,124720,0.0,0.0
2024-11-18 00:00:00+00:00,695.8719955242084,695.8719955242084,665.8775129585098,678.8751220703125,664853,0.0,0.0
2024-11-19 00:00:00+00:00,667.877083309292,685.8937870304113,667.877083309292,676.8754272460938,194198,0.0,0.0
2024-11-20 00:00:00+00:00,678.875107964,684.8740043524889,660.8784187985331,661.8782348632812,417551,0.0,0.0
2024-11-21 00:00:00+00:00,657.8789518356323,665.8774801254273,634.8831830024719,639.8822631835938,220590,0.0,0.0
2024-11-22 00:00:00+00:00,613.8870454170335,656.8791349169235,613.8870454170335,638.8824462890625,98465,0.0,0.0
2024-11-25 00:00:00+00:00,640.8820792198181,669.8767442703247,628.6343327760696,639.8822631835938,209562,0.0,0.0
2024-11-26 00:00:00+00:00,668.8769200441387,668.8769200441387,625.8848310129011,630.8839111328125,67298,0.0,0.0
2024-11-27 00:00:00+00:00,651.8800476364402,651.8800476364402,627.8844630608656,630.8839111328125,64132,0.0,0.0
2024-11-28 00:00:00+00:00,601.8892472665522,638.8824402048618,601.8892472665522,631.8837280273438,74731,0.0,0.0
2024-11-29 00:00:00+00:00,629.8840889563927,636.8828010559082,616.8864807715782,623.8851928710938,130083,0.0,0.0
2024-12-02 00:00:00+00:00,644.8813372426688,644.8813372426688,619.8859365743483,632.883544921875,355487,0.0,0.0
2024-12-03 00:00:00+00:00,657.8789147317248,753.8612487959277,634.4831963940054,733.8649291992188,836391,0.0,0.0
2024-12-04 00:00:00+00:00,699.8712409032535,737.7772920243953,699.8712409032535,729.86572265625,193177,0.0,0.0
2024-12-05 00:00:00+00:00,731.8653248754041,735.8645889457615,692.8725001894195,695.8719482421875,432599,0.0,0.0
2024-12-06 00:00:00+00:00,687.873382779993,720.8673095703125,687.873382779993,720.8673095703125,445008,0.0,0.0
2024-12-09 00:00:00+00:00,699.8711743401092,735.8645490204577,686.87356681665,720.8673095703125,169382,0.0,0.0
2024-12-10 00:00:00+00:00,725.8664533920709,725.8664533920709,710.1393664295666,723.8668212890625,277937,0.0,0.0
2024-12-11 00:00:00+00:00,715.8682928770286,731.8653497010963,712.868844722516,723.8668212890625,158798,0.0,0.0
2024-12-12 00:00:00+00:00,734.9043426938708,734.9043426938708,716.906685321776,717.9065551757812,143075,3.9,0.0
2024-12-13 00:00:00+00:00,686.9106127861965,723.9057986276656,686.9106127861965,720.9061889648438,89775,0.0,0.0
2024-12-16 00:00:00+00:00,728.9051399230957,728.9051399230957,718.9064411587185,719.9063110351562,142281,0.0,0.0
2024-12-17 00:00:00+00:00,719.9062912632043,719.9062912632043,699.9088942836707,709.9075927734375,254548,0.0,0.0
2024-12-18 00:00:00+00:00,712.9072185044878,724.9056569645915,704.9082595310855,711.9073486328125,277735,0.0,0.0
2024-12-19 00:00:00+00:00,685.9107241945762,723.2758559933778,685.9107241945762,710.907470703125,267966,0.0,0.0
2024-12-20 00:00:00+00:00,685.9107241945762,712.9072104238088,685.9107241945762,710.907470703125,399092,0.0,0.0
2024-12-23 00:00:00+00:00,716.9067190297085,716.9067190297085,699.9089307124071,706.9080200195312,72963,0.0,0.0
2024-12-24 00:00:00+00:00,738.9038518483566,738.9038518483566,706.9080152324601,713.9071044921875,24315,0.0,0.0
2024-12-27 00:00:00+00:00,732.9046540468805,732.9046540468805,707.9079059552406,708.9077758789062,65273,0.0,0.0
2024-12-30 00:00:00+00:00,699.9089227519697,714.9069710966547,699.9089227519697,705.9081420898438,60317,0.0,0.0
2024-12-31 00:00:00+00:00,708.9077629889641,715.9068523273602,704.9082833670236,714.906982421875,27404,0.0,0.0
2025-01-02 00:00:00+00:00,740.9035797768452,740.9035797768452,704.9082641601562,704.9082641601562,102035,0.0,0.0
2025-01-03 00:00:00+00:00,699.9089067632501,712.9072150317105,699.9089067632501,703.9083862304688,141162,0.0,0.0
2025-01-06 00:00:00+00:00,705.9081618947617,707.9079017301576,676.9119342815208,677.9118041992188,327097,0.0,0.0
2025-01-07 00:00:00+00:00,677.9117863466693,680.9113960207695,649.9154293883997,652.9150390625,633663,0.0,0.0
2025-01-08 00:00:00+00:00,649.9154098297166,659.9141084424815,639.9167112169517,642.9163208007812,389102,0.0,0.0
2025-01-09 00:00:00+00:00,664.9134695603072,664.9134695603072,627.9182840358992,651.9151611328125,153193,0.0,0.0
2025-01-10 00:00:00+00:00,624.918674398785,654.9147707699267,624.918674398785,651.9151611328125,193560,0.0,0.0
2025-01-13 00:00:00+00:00,682.9111599070955,682.9111599070955,627.9183139409311,632.9176635742188,132966,0.0,0.0
2025-01-14 00:00:00+00:00,624.9186981052788,638.916876942837,610.9205192677206,616.9197387695312,125945,0.0,0.0
2025-01-15 00:00:00+00:00,627.9182614106861,638.9168296838033,623.9187820386436,633.91748046875,94899,0.0,0.0
2025-01-16 00:00:00+00:00,659.9141315685279,663.9136111537916,633.9175142643131,660.9140014648438,238939,0.0,0.0
2025-01-17 00:00:00+00:00,689.9102492978318,696.0764393231882,667.4311789802358,693.9097290039062,190372,0.0,0.0
2025-01-20 00:00:00+00:00,719.9063205448831,719.9063205448831,682.1682503404777,705.9081420898438,74019,0.0,0.0
2025-01-21 00:00:00+00:00,719.9063220762482,719.9063220762482,690.9100952148438,690.9100952148438,93117,0.0,0.0
2025-01-22 00:00:00+00:00,680.9113850076177,698.909042761123,679.911515132423,681.9112548828125,154468,0.0,0.0
2025-01-23 00:00:00+00:00,664.9134682536661,682.9111260409834,655.9146393600075,666.9132080078125,142848,0.0,0.0
2025-01-24 00:00:00+00:00,649.9154087982641,676.9118950098843,649.9154087982641,657.9143676757812,119546,0.0,0.0
2025-01-27 00:00:00+00:00,683.9109924038553,683.9109924038553,642.9163276545014,658.9142456054688,99620,0.0,0.0
2025-01-28 00:00:00+00:00,688.9103773140613,688.9103773140613,640.9166209844896,647.9157104492188,115655,0.0,0.0
2025-01-29 00:00:00+00:00,620.9192087019302,652.9150455432535,620.9192087019302,630.9179077148438,221372,0.0,0.0
2025-01-30 00:00:00+00:00,656.9144823190388,656.9144823190388,630.9178665803859,640.9165649414062,159967,0.0,0.0
2025-01-31 00:00:00+00:00,637.9169794876383,659.91411671135,632.9176301186129,643.9161987304688,249769,0.0,0.0
2025-02-03 00:00:00+00:00,652.9150642469091,652.9150642469091,587.9235188011984,617.9196166992188,181129,0.0,0.0
2025-02-04 00:00:00+00:00,611.9203571860982,623.9187955622962,606.9210078626822,612.9202270507812,257810,0.0,0.0
2025-02-05 00:00:00+00:00,619.9193079331342,619.9193079331342,606.9209998635685,611.9203491210938,235348,0.0,0.0
2025-02-06 00:00:00+00:00,610.9205271896807,622.9189663488888,604.9213076100766,617.9196166992188,105554,0.0,0.0
2025-02-07 00:00:00+00:00,601.921667745396,624.918674984838,598.9220581054688,598.9220581054688,130283,0.0,0.0
2025-02-10 00:00:00+00:00,602.9215537783707,611.4304564492824,598.9220741513168,600.9218139648438,122544,0.0,0.0
2025-02-11 00:00:00+00:00,625.9185782918091,625.9185782918091,596.4714201130344,602.9215698242188,73417,0.0,0.0
2025-02-12 00:00:00+00:00,589.9232212436638,617.9195775060749,589.9232212436638,597.9221801757812,76477,0.0,0.0
2025-02-13 00:00:00+00:00,589.9232177734375,603.9213958222987,587.9234780521716,589.9232177734375,196928,0.0,0.0
2025-02-14 00:00:00+00:00,591.9229412468112,598.9220300791216,584.923852414501,587.9234619140625,196144,0.0,0.0
2025-02-17 00:00:00+00:00,616.9196917062783,616.9196917062783,580.9243774414062,580.9243774414062,286754,0.0,0.0
2025-02-18 00:00:00+00:00,581.9242974127923,581.9242974127923,570.9257282177051,571.9255981445312,133983,0.0,0.0
2025-02-19 00:00:00+00:00,587.9234886781417,587.9234886781417,557.927392317012,560.927001953125,170904,0.0,0.0
2025-02-20 00:00:00+00:00,544.929096393757,563.9266245249155,544.929096393757,554.9277954101562,227137,0.0,0.0
2025-02-21 00:00:00+00:00,554.9277702210442,572.9254276336186,550.5893456555469,566.9262084960938,123316,0.0,0.0
2025-02-24 00:00:00+00:00,566.9262405636014,571.0657166491692,560.9270210867379,570.9257202148438,179299,0.0,0.0
2025-02-25 00:00:00+00:00,594.92255978468,594.92255978468,567.9260738784843,573.92529296875,404335,0.0,0.0
2025-02-26 00:00:00+00:00,559.9271353937829,583.9240126249451,559.9271353937829,568.9259643554688,546297,0.0,0.0
2025-02-27 00:00:00+00:00,584.9238874225006,584.9238874225006,557.9274003106929,561.9268798828125,76274,0.0,0.0
2025-02-28 00:00:00+00:00,559.9271334134615,560.927003294557,545.9129659479463,545.928955078125,270142,0.0,0.0
2025-03-03 00:00:00+00:00,545.9289841317602,549.3295427547747,538.9298945916095,541.9295043945312,170625,0.0,0.0
2025-03-04 00:00:00+00:00,553.9278940229274,557.8073939029545,529.9310177475659,535.9302368164062,174450,0.0,0.0
2025-03-05 00:00:00+00:00,544.9290690702551,552.9280278822955,526.9314117431641,543.92919921875,119619,0.0,0.0
2025-03-06 00:00:00+00:00,562.926726397346,562.926726397346,535.9302404067096,543.92919921875,58837,0.0,0.0
2025-03-07 00:00:00+00:00,522.9319756426935,546.9288540660675,522.9319756426935,541.9295043945312,188674,0.0,0.0
2025-03-10 00:00:00+00:00,544.9290865738288,557.9273950609111,527.9312985522599,530.930908203125,183540,0.0,0.0
2025-03-11 00:00:00+00:00,532.930643301471,549.9284311741258,528.9311638020229,537.9299926757812,153579,0.0,0.0
2025-03-12 00:00:00+00:00,539.9297615651334,554.9278104974982,532.9306720633632,533.9305419921875,160741,0.0,0.0
2025-03-13 00:00:00+00:00,560.9270081812022,560.9270081812022,526.931431927796,538.9298706054688,273798,0.0,0.0
2025-03-14 00:00:00+00:00,546.9288392956261,562.9267578125,544.9290994810169,562.9267578125,146826,0.0,0.0
2025-03-17 00:00:00+00:00,540.9296121291843,564.1715829104875,540.9296121291843,561.9268798828125,109015,0.0,0.0
2025-03-18 00:00:00+00:00,559.9271229619566,574.9251708984375,554.9277736497962,574.9251708984375,212192,0.0,0.0
2025-03-19 00:00:00+00:00,560.9269764180086,587.9234619140625,560.9269764180086,587.9234619140625,181853,0.0,0.0
2025-03-20 00:00:00+00:00,588.9233768189727,597.9222060063594,572.9254582636186,585.9237670898438,257683,0.0,0.0
2025-03-21 00:00:00+00:00,581.9242905125474,597.9222091520676,577.9248108526673,593.9227294921875,634481,0.0,0.0
2025-03-24 00:00:00+00:00,566.9262485104007,596.9223463151839,566.9262485104007,571.9255981445312,367387,0.0,0.0
2025-03-25 00:00:00+00:00,570.9256879211102,573.9252974898727,564.9244548855596,566.9262084960938,69047,0.0,0.0
2025-03-26 00:00:00+00:00,567.9261135173791,583.9240322080095,564.9265037628859,578.9246826171875,196011,0.0,0.0
2025-03-27 00:00:00+00:00,581.9242599354619,591.9229585597826,570.9256914487092,574.9251708984375,146517,0.0,0.0
2025-03-28 00:00:00+00:00,569.9258261667171,578.9246550009284,562.9267370734416,567.9260864257812,112737,0.0,0.0
2025-03-31 00:00:00+01:00,561.926856545841,577.9247741699219,531.9307610006894,543.92919921875,280903,0.0,0.0
2025-04-01 00:00:00+01:00,541.9294866888373,554.9277954101562,540.1297330713286,554.9277954101562,117471,0.0,0.0
2025-04-02 00:00:00+01:00,544.9290716585028,567.9260783523479,544.9290716585028,566.9262084960938,100024,0.0,0.0
2025-04-03 00:00:00+01:00,563.9266129378434,568.9259623433207,539.9297357915522,545.928955078125,189304,0.0,0.0
2025-04-04 00:00:00+01:00,547.9286719130727,568.9259385374787,502.5485930586303,512.9332275390625,289754,0.0,0.0
2025-04-07 00:00:00+01:00,494.9356006963402,509.9336492022899,472.43852793741564,486.43670654296875,442231,0.0,0.0
2025-04-08 00:00:00+01:00,503.93441427907635,507.9338937574817,486.93662649585355,495.9354553222656,208138,0.0,0.0
2025-04-09 00:00:00+01:00,496.93533639162166,496.93533639162166,474.4382638185603,485.936767578125,145433,0.0,0.0
2025-04-10 00:00:00+01:00,508.9337752238359,523.931823609607,502.9345558695274,504.9342956542969,191514,0.0,0.0
2025-04-11 00:00:00+01:00,524.931678546251,524.931678546251,492.69588389854573,506.93402099609375,190632,0.0,0.0
2025-04-14 00:00:00+01:00,504.9342846916717,526.9314218465564,504.9342846916717,514.9329833984375,376793,0.0,0.0
2025-04-15 00:00:00+01:00,516.932748396163,547.9287159015423,510.4725903107435,540.9296264648438,406666,0.0,0.0
2025-04-16 00:00:00+01:00,542.9293363298689,564.9264733450754,542.7623658740094,559.9271240234375,362830,0.0,0.0
2025-04-17 00:00:00+01:00,555.9276445661272,576.9249117170061,554.5428150396795,559.9271240234375,185794,0.0,0.0
2025-04-22 00:00:00+01:00,549.9284069354718,564.7314724570786,506.93400421142576,519.9323120117188,311954,0.0,0.0
2025-04-23 00:00:00+01:00,529.9310324808573,564.9264780220459,527.9312927356465,552.9280395507812,339195,0.0,0.0
2025-04-24 00:00:00+01:00,554.9277549050071,558.9272342196379,535.9302281605114,549.9284057617188,163527,0.0,0.0
2025-04-25 00:00:00+01:00,556.9275462914866,564.9265056637162,548.928586919257,563.9266357421875,104703,0.0,0.0
2025-04-28 00:00:00+01:00,562.926752993935,584.9238907663446,562.926752993935,569.9258422851562,142805,0.0,0.0
2025-04-29 00:00:00+01:00,566.9262165553133,578.9246550009284,562.9267370734416,567.9260864257812,135976,0.0,0.0
2025-04-30 00:00:00+01:00,585.9237357649223,585.9237357649223,556.9275099335524,566.9262084960938,134228,0.0,0.0
2025-05-01 00:00:00+01:00,559.9271274620379,574.9251755190568,559.9271274620379,567.9260864257812,113371,0.0,0.0
2025-05-02 00:00:00+01:00,559.9271464100345,580.9244144004109,559.9271464100345,577.9248046875,158477,0.0,0.0
2025-05-06 00:00:00+01:00,590.9231085361579,590.9231085361579,575.6251113327968,584.9238891601562,159256,0.0,0.0
2025-05-07 00:00:00+01:00,577.9247759527357,585.9237347894518,567.9260774068406,581.9242553710938,108588,0.0,0.0
2025-05-08 00:00:00+01:00,569.9258250110554,590.9230922483048,569.9258250110554,582.9241333007812,244606,0.0,0.0
2025-05-09 00:00:00+01:00,592.9228467814128,599.9219360351562,583.9240177408855,599.9219360351562,129065,0.0,0.0
2025-05-12 00:00:00+01:00,598.9220367086531,621.9190431265146,575.9250302907916,618.91943359375,218479,0.0,0.0
2025-05-13 00:00:00+01:00,590.9231116631896,632.9176475174264,590.9231116631896,630.9179077148438,86670,0.0,0.0
2025-05-14 00:00:00+01:00,638.9168378214198,639.9167076771654,619.9193105622539,634.9173583984375,76927,0.0,0.0
2025-05-15 00:00:00+01:00,639.91675,639.91675,619.9193515625,624.918701171875,146196,0.0,0.0
2025-05-16 00:00:00+01:00,620.9192195892334,641.9164878845214,619.9193496704102,639.916748046875,86647,0.0,0.0
2025-05-19 00:00:00+01:00,610.9204838019757,642.9163192875129,599.9219153538223,604.9212646484375,161338,0.0,0.0
2025-05-20 00:00:00+01:00,596.9223048056326,622.9189210953251,592.9228253764492,619.9193115234375,457089,0.0,0.0
2025-05-21 00:00:00+01:00,591.9230005571103,622.9189684916887,591.9230005571103,602.9215698242188,81068,0.0,0.0
2025-05-22 00:00:00+01:00,609.9206593578332,609.9206593578332,589.9232606903632,602.9215698242188,105991,0.0,0.0
2025-05-23 00:00:00+01:00,589.9232606903632,608.9207894244597,589.9232606903632,602.9215698242188,189793,0.0,0.0
2025-05-27 00:00:00+01:00,619.9192990434055,625.9185180664062,602.9215118115702,625.9185180664062,239213,0.0,0.0
2025-05-28 00:00:00+01:00,622.9189372660646,629.9180264488293,615.6098908605803,621.9190673828125,81185,0.0,0.0
2025-05-29 00:00:00+01:00,631.917769562252,633.9494875999434,624.9186803424169,629.9180297851562,84311,0.0,0.0
2025-05-30 00:00:00+01:00,632.9176186869463,639.9167076771654,624.7106790995034,634.9173583984375,184023,0.0,0.0
2025-06-02 00:00:00+01:00,629.918018285779,640.7266091425781,619.9193195828301,620.919189453125,106229,0.0,0.0
2025-06-03 00:00:00+01:00,608.9207853344379,632.9176635742188,608.9207853344379,632.9176635742188,230068,0.0,0.0
2025-06-04 00:00:00+01:00,661.9138352024099,731.9047241210938,630.91787010985,731.9047241210938,779077,0.0,0.0
2025-06-05 00:00:00+01:00,733.9044897717157,734.904359648789,660.9139887453734,666.9132080078125,704540,0.0,0.0
2025-06-06 00:00:00+01:00,663.9135858272195,677.9117638416488,654.9147571036578,672.9124145507812,206174,0.0,0.0
2025-06-09 00:00:00+01:00,699.908891480736,699.908891480736,673.9122755114515,686.9105834960938,137780,0.0,0.0
2025-06-10 00:00:00+01:00,686.9106171737761,693.9097064317331,669.9128289758806,675.9120483398438,283412,0.0,0.0
2025-06-11 00:00:00+01:00,663.9136302510245,684.9108986776383,663.9136302510245,670.9127197265625,102627,0.0,0.0
2025-06-12 00:00:00+01:00,664.9134636491273,685.5807567774885,663.9135937789781,673.9122924804688,135471,0.0,0.0
2025-06-13 00:00:00+01:00,659.914114298382,681.3472989593586,659.914114298382,673.9122924804688,80407,0.0,0.0
2025-06-16 00:00:00+01:00,662.9137239088291,680.9113815715123,661.91385403868,673.9122924804688,406298,0.0,0.0
2025-06-17 00:00:00+01:00,699.9089139512275,699.9089139512275,664.9134682536661,666.9132080078125,104887,0.0,0.0
2025-06-18 00:00:00+01:00,639.9167367339312,674.9121832740681,639.9167367339312,668.9129638671875,188974,0.0,0.0
2025-06-19 00:00:00+01:00,639.9167135885886,671.912549268018,639.9167135885886,665.913330078125,105292,0.0,0.0
2025-06-20 00:00:00+01:00,697.9091860077085,697.9091860077085,666.9132192938991,675.9120483398438,467920,0.0,0.0
2025-06-23 00:00:00+01:00,651.9151803100217,688.910366922707,651.9151803100217,661.9138793945312,126475,0.0,0.0
2025-06-24 00:00:00+01:00,669.9128272157351,684.9108755862366,652.9150390625,652.9150390625,173280,0.0,0.0
2025-06-25 00:00:00+01:00,654.9147820869481,671.9125703243193,650.9153025016842,660.9140014648438,99660,0.0,0.0
2025-06-26 00:00:00+01:00,671.0,671.0,641.0,658.0,123188,8.6,0.0
2025-06-27 00:00:00+01:00,658.0,669.0,643.0,669.0,106599,0.0,0.0
2025-06-30 00:00:00+01:00,666.0,675.0,649.0,652.0,139656,0.0,0.0
2025-07-01 00:00:00+01:00,649.0,651.4099731445312,630.010986328125,651.0,130121,0.0,0.0
2025-07-02 00:00:00+01:00,640.0,674.0,640.0,665.0,207970,0.0,0.0
2025-07-03 00:00:00+01:00,668.0,689.0,650.0,689.0,125648,0.0,0.0
2025-07-04 00:00:00+01:00,719.0,719.0,682.0,700.0,269502,0.0,0.0
