Date,Open,High,Low,Close,Volume,Dividends,Stock Splits
2020-07-06 00:00:00-04:00,32.6240655130109,32.999422947237676,32.60809557867046,32.75184631347656,2162800,0.0,0.0
2020-07-07 00:00:00-04:00,32.176837548947624,32.60809893739078,32.15287655189973,32.248714447021484,2064900,0.0,0.0
2020-07-08 00:00:00-04:00,32.400459365956735,32.57615916052099,32.248720572992006,32.52824020385742,2253800,0.0,0.0
2020-07-09 00:00:00-04:00,32.57614915681897,32.743860883836184,32.04106496793393,32.24072265625,2770600,0.0,0.0
2020-07-10 00:00:00-04:00,32.00113475966611,32.08099661817577,31.426119629485786,31.873353958129883,3433700,0.0,0.0
2020-07-13 00:00:00-04:00,32.06502870785385,32.48031405416112,31.9212749162341,32.001136779785156,3284400,0.0,0.0
2020-07-14 00:00:00-04:00,32.08099985256218,32.55219217695757,31.985165003381656,32.504276275634766,3781100,0.0,0.0
2020-07-15 00:00:00-04:00,33.23102887615839,33.62235627152811,33.095260052688936,33.5025634765625,4900700,0.0,0.0
2020-07-16 00:00:00-04:00,33.278943610714016,33.33485056891623,32.927547159298946,33.13519287109375,2747000,0.0,0.0
2020-07-17 00:00:00-04:00,33.16713899275594,33.50256554171242,33.119223090430005,33.39874267578125,2624600,0.0,0.0
2020-07-20 00:00:00-04:00,33.68625051757732,33.86195028479304,33.07130437885732,33.20707321166992,2945300,0.0,0.0
2020-07-21 00:00:00-04:00,33.422700905742005,33.43867388882889,33.079289385711604,33.1990852355957,2905000,0.0,0.0
2020-07-22 00:00:00-04:00,33.0313690233541,33.18310777239039,32.74386145967725,32.8796272277832,2072600,0.0,0.0
2020-07-23 00:00:00-04:00,32.95949496835539,32.97546795066009,32.176837114634615,32.18482208251953,4425100,0.0,0.0
2020-07-24 00:00:00-04:00,32.240722983156296,32.35253080230145,32.06502628730016,32.17683410644531,3716000,0.0,0.0
2020-07-27 00:00:00-04:00,32.48830634741558,32.73588303148745,32.40844447334605,32.648033142089844,3000500,0.0,0.0
2020-07-28 00:00:00-04:00,32.98344802856445,33.2709555743546,32.94351710199014,32.98344802856445,4145000,0.0,0.0
2020-07-29 00:00:00-04:00,32.775815975390415,32.79977392977118,32.08100483299426,32.41643142700195,5061100,0.0,0.0
2020-07-30 00:00:00-04:00,31.78551290486216,32.200801386711944,31.641759082432024,32.1448974609375,3566900,0.0,0.0
2020-07-31 00:00:00-04:00,32.74385953890982,32.78379046562599,32.001132725158136,32.20079040527344,5236500,0.0,0.0
2020-08-03 00:00:00-04:00,32.799767924500095,33.1831103570836,32.71191804580776,32.975467681884766,2940200,0.0,0.0
2020-08-04 00:00:00-04:00,32.71989717054452,32.99941666631897,32.679963202690445,32.93552780151367,2188100,0.0,0.0
2020-08-05 00:00:00-04:00,33.21504818186421,33.270952082507925,32.83170584322129,32.91156768798828,2362200,0.0,0.0
2020-08-06 00:00:00-04:00,32.69594866879756,32.80775955634771,32.464348018067334,32.71990966796875,2896600,0.0,0.0
2020-08-07 00:00:00-04:00,32.43239520825627,32.6240648819801,32.400449247124115,32.576148986816406,2948300,0.0,0.0
2020-08-10 00:00:00-04:00,32.74386086697245,32.75983384761365,32.51225721747679,32.69594192504883,2171400,0.0,0.0
2020-08-11 00:00:00-04:00,33.14317942491477,33.167137374909096,32.91157575318676,32.975467681884766,2881500,0.0,0.0
2020-08-12 00:00:00-04:00,33.494569289705645,33.861941714222134,33.43866538638375,33.67026901245117,3314000,0.0,0.0
2020-08-13 00:00:00-04:00,33.54986963384978,33.58219202032331,33.21857287857717,33.2832145690918,2853300,0.491,0.0
2020-08-14 00:00:00-04:00,32.75799607729245,32.95192426926024,32.67719009527834,32.766075134277344,3258800,0.0,0.0
2020-08-17 00:00:00-04:00,32.895362244928606,33.33170530875443,32.895362244928606,33.2347412109375,2691100,0.0,0.0
2020-08-18 00:00:00-04:00,33.30746169309363,33.331701944492956,33.065046849369274,33.202415466308594,1989500,0.0,0.0
2020-08-19 00:00:00-04:00,33.388271494299566,33.388271494299566,32.903447871403216,32.91960906982422,1635100,0.0,0.0
2020-08-20 00:00:00-04:00,32.82264876980437,32.87921143493544,32.65296077441114,32.79840850830078,1867200,0.0,0.0
2020-08-21 00:00:00-04:00,32.32164890553952,32.51558015524312,32.20852362755935,32.491336822509766,2218100,0.0,0.0
2020-08-24 00:00:00-04:00,32.77415985093969,32.814561303907254,32.33781676105012,32.515586853027344,3578500,0.0,0.0
2020-08-25 00:00:00-04:00,32.628715243558965,32.6852778995555,32.34589888114273,32.434783935546875,1910100,0.0,0.0
2020-08-26 00:00:00-04:00,32.33781009988421,32.491336822509766,32.25700412816077,32.491336822509766,1691200,0.0,0.0
2020-08-27 00:00:00-04:00,32.50750750997697,32.52366870904119,32.014601727035675,32.11964797973633,2501300,0.0,0.0
2020-08-28 00:00:00-04:00,32.103480298261935,32.11156243737885,31.79642374291043,31.99843406677246,2110300,0.0,0.0
2020-08-31 00:00:00-04:00,31.990355010088464,32.26508917383814,31.90955211351682,31.99843406677246,2154600,0.0,0.0
2020-09-01 00:00:00-04:00,31.75602692844813,31.796428382629312,31.279282371270092,31.481292724609375,3711700,0.0,0.0
2020-09-02 00:00:00-04:00,31.91763834682691,32.27317548709014,31.83683543208687,32.2408561706543,2842700,0.0,0.0
2020-09-03 00:00:00-04:00,32.216606393331844,32.289330235040936,31.360084571461478,31.521690368652344,2763800,0.0,0.0
2020-09-04 00:00:00-04:00,31.448964228813697,31.529770203937236,30.689406557249036,31.08534812927246,3770800,0.0,0.0
2020-09-08 00:00:00-04:00,31.626737802728613,31.796425745676977,31.36816481849307,31.48937225341797,3045900,0.0,0.0
2020-09-09 00:00:00-04:00,32.26509568888076,32.42670459708941,32.11964797973633,32.11964797973633,3274000,0.0,0.0
2020-09-10 00:00:00-04:00,31.893384381750103,31.99842750927999,31.271192341869977,31.327754974365234,2627000,0.0,0.0
2020-09-11 00:00:00-04:00,31.594413054457792,31.683298089120647,31.392402732926904,31.602495193481445,2135400,0.0,0.0
2020-09-14 00:00:00-04:00,31.6348154319433,31.715618322083817,31.529769208814482,31.5782527923584,1527200,0.0,0.0
2020-09-15 00:00:00-04:00,31.869144626426273,32.014592292708976,31.69945670990733,31.731779098510742,1755800,0.0,0.0
2020-09-16 00:00:00-04:00,31.87723062503338,32.08732001153148,31.828747036257045,31.85298728942871,2089300,0.0,0.0
2020-09-17 00:00:00-04:00,31.861070169597106,32.11156409378305,31.715622482319212,31.89339256286621,2611900,0.0,0.0
2020-09-18 00:00:00-04:00,32.14389107187003,32.14389107187003,31.659067386921254,31.723709106445312,3683900,0.0,0.0
2020-09-21 00:00:00-04:00,31.133826616156668,31.14998781013502,30.463154019434164,30.875253677368164,4420800,0.0,0.0
2020-09-22 00:00:00-04:00,30.665170676192677,30.810618369710838,30.463160333243362,30.7055721282959,3299300,0.0,0.0
2020-09-23 00:00:00-04:00,31.19847075520711,31.214631948855562,30.503554840486302,30.535877227783203,3331700,0.0,0.0
2020-09-24 00:00:00-04:00,30.366196830433875,30.422759480980265,29.970255194175895,30.204587936401367,3502900,0.0,0.0
2020-09-25 00:00:00-04:00,30.148023942456046,30.552044618317478,30.131862745529613,30.543962478637695,3275200,0.0,0.0
2020-09-28 00:00:00-04:00,30.57628036429428,30.8348533121267,30.527796780663444,30.59244155883789,3012800,0.0,0.0
2020-09-29 00:00:00-04:00,30.38234920348006,30.5924416507455,30.115697198791082,30.244983673095703,2868200,0.0,0.0
2020-09-30 00:00:00-04:00,30.79445902761182,30.802538085545905,30.3015532679308,30.4146785736084,3739700,0.0,0.0
2020-10-01 00:00:00-04:00,30.390430997292132,30.46315483091566,29.881364161927422,30.010650634765625,3882900,0.0,0.0
2020-10-02 00:00:00-04:00,30.026812587674954,30.285385539883112,29.970249947031466,30.09145736694336,3344600,0.0,0.0
2020-10-05 00:00:00-04:00,30.20457970641908,30.543955517226095,30.196497568581332,30.45507049560547,2393000,0.0,0.0
2020-10-06 00:00:00-04:00,30.27730075752755,30.317702195713057,29.671269937448503,29.743993759155273,4072500,0.0,0.0
2020-10-07 00:00:00-04:00,29.606636041643533,29.70360014537935,29.493510740212862,29.566234588623047,3748300,0.0,0.0
2020-10-08 00:00:00-04:00,29.832884140799347,30.099539256735596,29.79248269116953,30.02681541442871,3299000,0.0,0.0
2020-10-09 00:00:00-04:00,30.36620210604367,30.616693007000972,30.285396103772115,30.35811996459961,3865200,0.0,0.0
2020-10-12 00:00:00-04:00,30.463160011412295,30.463160011412295,30.20458702176355,30.350034713745117,3551600,0.0,0.0
2020-10-13 00:00:00-04:00,30.293472695522777,30.438917308098848,29.954093713023298,30.051057815551758,5022300,0.0,0.0
2020-10-14 00:00:00-04:00,30.269232964302446,30.293476304647815,29.90561368345804,30.067222595214844,2933800,0.0,0.0
2020-10-15 00:00:00-04:00,29.081408250143156,29.186451401622286,28.855154586145286,29.073326110839844,6908000,0.0,0.0
2020-10-16 00:00:00-04:00,29.461184773629295,29.67935629241377,29.412704268854682,29.55006980895996,3950300,0.0,0.0
2020-10-19 00:00:00-04:00,29.59047090784296,29.71167833321476,29.154130957856793,29.234933853149414,3486800,0.0,0.0
2020-10-20 00:00:00-04:00,29.226855983171493,29.28342171705803,28.911720330094074,29.12181282043457,5306000,0.0,0.0
2020-10-21 00:00:00-04:00,28.83091560779308,29.00868569112974,28.53194117144489,28.564260482788086,7760100,0.0,0.0
2020-10-22 00:00:00-04:00,28.459217993949203,28.491537306050194,28.192562862691936,28.354171752929688,6901800,0.0,0.0
2020-10-23 00:00:00-04:00,28.61273976483662,28.693542654676694,28.26528179014549,28.515775680541992,5153600,0.0,0.0
2020-10-26 00:00:00-04:00,28.62891076985157,28.653151028623714,28.27337361731396,28.4592227935791,3600000,0.0,0.0
2020-10-27 00:00:00-04:00,28.653145524456416,28.911718509800767,28.53194117144489,28.564260482788086,6664700,0.0,0.0
2020-10-28 00:00:00-04:00,28.00671494376774,28.039037339716845,27.36836149472288,27.433006286621094,7482800,0.0,0.0
2020-10-29 00:00:00-04:00,27.424916992276454,27.578446791767835,27.053218783123963,27.441078186035156,6562100,0.0,0.0
2020-10-30 00:00:00-04:00,27.053219529268578,27.255229833175093,26.87544947545241,27.004735946655273,5682500,0.0,0.0
2020-11-02 00:00:00-05:00,27.635010553550682,27.82085966569165,27.48956288623468,27.796619415283203,4582000,0.0,0.0
2020-11-03 00:00:00-05:00,28.354162051253596,28.669297584052,28.313760613126238,28.491527557373047,6187300,0.0,0.0
2020-11-04 00:00:00-05:00,29.36422068164716,29.99449190318038,29.339980429259857,29.55006980895996,10922000,0.0,0.0
2020-11-05 00:00:00-05:00,30.21266639230415,30.244988786953588,29.64703681567187,29.73592185974121,6602400,0.0,0.0
2020-11-06 00:00:00-05:00,29.962175072108757,30.018737720645653,29.69551994406353,29.76824378967285,4755200,0.0,0.0
2020-11-09 00:00:00-05:00,30.697492974671878,30.721733229371225,30.269228952906516,30.293472290039062,6280400,0.0,0.0
2020-11-10 00:00:00-05:00,31.57017944400912,31.626742099342827,31.141918458644312,31.376251220703125,6190900,0.0,0.0
2020-11-11 00:00:00-05:00,31.440886799701694,31.73178216033583,31.25503767094832,31.650976181030273,7565200,0.0,0.0
2020-11-12 00:00:00-05:00,31.091190040406435,31.238499986308486,30.829297713779642,30.894771575927734,4168000,0.496,0.0
2020-11-13 00:00:00-05:00,30.919321776656382,31.344892501831055,30.919321776656382,31.344892501831055,3449000,0.0,0.0
2020-11-16 00:00:00-05:00,31.434919816094798,31.541313285723632,31.017534853652023,31.148479461669922,5164700,0.0,0.0
2020-11-17 00:00:00-05:00,30.510124564575694,30.690174587853555,30.305523400656668,30.40373420715332,9395700,0.0,0.0
2020-11-18 00:00:00-05:00,30.551049309938136,30.56741465680096,29.888140371210334,29.929059982299805,10821500,0.0,0.0
2020-11-19 00:00:00-05:00,30.42010473368958,30.46102747101561,30.158215449028965,30.395553588867188,5340500,0.0,0.0
2020-11-20 00:00:00-05:00,30.39553645082102,30.444641834745035,30.182752697746498,30.305511474609375,4273900,0.0,0.0
2020-11-23 00:00:00-05:00,30.20731308708698,30.215495759266535,29.855398866017197,30.068185806274414,5734400,0.0,0.0
2020-11-24 00:00:00-05:00,30.092738379500904,30.452835289918468,30.05181877272075,30.35462760925293,4958600,0.0,0.0
2020-11-25 00:00:00-05:00,30.215499281660755,30.485574324556254,30.117291594228796,30.469205856323242,3636700,0.0,0.0
2020-11-27 00:00:00-05:00,30.21550250148575,30.452840633206467,30.158214417548535,30.33826446533203,2804400,0.0,0.0
2020-11-30 00:00:00-05:00,30.54285950397443,30.567410643011076,30.060000663803685,30.109106063842773,7418700,0.0,0.0
2020-12-01 00:00:00-05:00,30.379174197576056,30.75564264066293,30.354623061579346,30.7065372467041,5832600,0.0,0.0
2020-12-02 00:00:00-05:00,30.51012849055816,30.804754704028028,30.51012849055816,30.608339309692383,4170300,0.0,0.0
2020-12-03 00:00:00-05:00,30.542855559293784,30.624694760156743,30.34644022843652,30.501935958862305,5785600,0.0,0.0
2020-12-04 00:00:00-05:00,30.812932218024507,30.984796422366053,30.673801822629756,30.690170288085938,4021500,0.0,0.0
2020-12-07 00:00:00-05:00,30.772004968073396,30.853847283318576,30.542852729317104,30.73927116394043,3842000,0.0,0.0
2020-12-08 00:00:00-05:00,30.461016330788002,30.96024357270905,30.444647866237187,30.804744720458984,3467200,0.0,0.0
2020-12-09 00:00:00-05:00,30.97661223760001,31.001166498042426,30.706540348459242,30.968429565429688,5054000,0.0,0.0
2020-12-10 00:00:00-05:00,30.992982949403764,31.230321045093095,30.952063341656007,31.074825286865234,3419700,0.0,0.0
2020-12-11 00:00:00-05:00,30.911145184663702,30.97661593573967,30.657438609574847,30.763832092285156,4246600,0.0,0.0
2020-12-14 00:00:00-05:00,30.82112386116595,30.829306535293068,30.141849517822266,30.141849517822266,6061800,0.0,0.0
2020-12-15 00:00:00-05:00,30.207321643180695,30.22369011414184,29.929063880774528,30.133665084838867,5356000,0.0,0.0
2020-12-16 00:00:00-05:00,30.354628278791736,30.42828482140702,30.17457825862861,30.182764053344727,3476300,0.0,0.0
2020-12-17 00:00:00-05:00,30.616520793076038,30.665626200733627,30.387368467939858,30.559232711791992,3565300,0.0,0.0
2020-12-18 00:00:00-05:00,30.43647096948285,30.46920790815341,30.0927424793409,30.28915786743164,5842400,0.0,0.0
2020-12-21 00:00:00-05:00,29.503487761844557,29.699906256527573,29.298886594117526,29.64261817932129,4164300,0.0,0.0
2020-12-22 00:00:00-05:00,29.56077550605592,29.691720127047518,29.446199352934023,29.536224365234375,3837700,0.0,0.0
2020-12-23 00:00:00-05:00,29.789929205442615,29.855399951155885,29.609879191290897,29.650798797607422,2683500,0.0,0.0
2020-12-24 00:00:00-05:00,29.757196570313024,29.757196570313024,29.478938836411505,29.577146530151367,1293300,0.0,0.0
2020-12-28 00:00:00-05:00,30.109105785470938,30.109105785470938,29.601692688989004,29.69990348815918,2876300,0.0,0.0
2020-12-29 00:00:00-05:00,30.452835350267236,30.591965759954522,30.166394980272653,30.264602661132812,4666300,0.0,0.0
2020-12-30 00:00:00-05:00,30.420097702635754,30.477388897257068,30.199131206373565,30.31370735168457,3076800,0.0,0.0
2020-12-31 00:00:00-05:00,30.125480107361543,30.166399720652937,29.847222366227136,30.117294311523438,2783200,0.0,0.0
2021-01-04 00:00:00-05:00,30.87022630369197,30.935697056313384,30.54286317468638,30.886594772338867,4826800,0.0,0.0
2021-01-05 00:00:00-05:00,30.796572375021363,30.886597399252864,30.551051568368646,30.837491989135742,3449000,0.0,0.0
2021-01-06 00:00:00-05:00,31.197576042471347,31.647697855227896,31.1893933718242,31.361257553100586,4372600,0.0,0.0
2021-01-07 00:00:00-05:00,31.04208014506997,31.279418178012595,30.976606292410576,31.15665626525879,3703500,0.0,0.0
2021-01-08 00:00:00-05:00,31.20576792628988,31.492208284328882,31.107557127563005,31.37763214111328,3361600,0.0,0.0
2021-01-11 00:00:00-05:00,30.95205874338395,31.18121101030104,30.943876071836407,31.042083740234375,4104800,0.0,0.0
2021-01-12 00:00:00-05:00,30.952054831376902,31.01752868334402,30.501933025980822,30.657428741455078,6253400,0.0,0.0
2021-01-13 00:00:00-05:00,30.788386579018624,30.968436627481623,30.739284290867943,30.837491989135742,3934000,0.0,0.0
2021-01-14 00:00:00-05:00,31.058455756965397,31.418552663580268,30.9111426765398,31.23031997680664,3326500,0.0,0.0
2021-01-15 00:00:00-05:00,31.43490912905907,31.639510204650957,31.271227644192628,31.4840145111084,3100900,0.0,0.0
2021-01-19 00:00:00-05:00,31.606785825483225,31.63952275984011,31.402184668701544,31.54131507873535,4135500,0.0,0.0
2021-01-20 00:00:00-05:00,31.066636332254106,31.22213519663166,30.894772124014782,31.115741729736328,7736700,0.0,0.0
2021-01-21 00:00:00-05:00,31.058453364755405,31.07482183042704,30.739276089072504,30.919322967529297,4304400,0.0,0.0
2021-01-22 00:00:00-05:00,30.804748695083163,31.524945618416528,30.673804083746713,31.394001007080078,5397800,0.0,0.0
2021-01-25 00:00:00-05:00,31.434917618012342,31.893225275010757,31.393998016236615,31.85230255126953,3915500,0.0,0.0
2021-01-26 00:00:00-05:00,31.942333238820336,32.171488669125885,31.885045161735462,32.114200592041016,3825500,0.0,0.0
2021-01-27 00:00:00-05:00,31.75409883629376,31.78683577057659,31.213951908490607,31.246688842773438,4903800,0.0,0.0
2021-01-28 00:00:00-05:00,31.263058485017016,31.500396584539665,31.115745397173026,31.12392807006836,3692500,0.0,0.0
2021-01-29 00:00:00-05:00,30.739285146706422,30.960254815436006,30.313714279742026,30.485578536987305,5113900,0.0,0.0
2021-02-01 00:00:00-05:00,30.747465424863325,30.772016567708977,30.49375883491521,30.559232711791992,3010800,0.0,0.0
2021-02-02 00:00:00-05:00,30.804751701953396,30.853857106734946,30.624701673053817,30.763832092285156,3827300,0.0,0.0
2021-02-03 00:00:00-05:00,29.552591431369095,30.010896022118427,28.897868357465853,28.987890243530273,26058900,0.0,0.0
2021-02-04 00:00:00-05:00,29.249780562216916,29.339802442024876,28.79147288135379,28.955154418945312,12525800,0.0,0.0
2021-02-05 00:00:00-05:00,28.64415364078035,28.856937408447266,28.464103676009504,28.856937408447266,10640400,0.0,0.0
2021-02-08 00:00:00-05:00,28.946967627486867,29.02880995444521,28.758734958431,29.0206241607666,9004100,0.0,0.0
2021-02-09 00:00:00-05:00,29.028807116693564,29.35616702662876,28.99607018911047,29.257959365844727,8183700,0.0,0.0
2021-02-10 00:00:00-05:00,29.298889206422658,29.33162614544968,28.987894529598616,29.086105346679688,5264800,0.0,0.0
2021-02-11 00:00:00-05:00,28.897861335772188,28.96333206627129,28.652337510996485,28.906044006347656,7514400,0.0,0.0
2021-02-12 00:00:00-05:00,29.00425514824062,29.31524974088465,28.930598616350338,29.274330139160156,5970500,0.0,0.0
2021-02-16 00:00:00-05:00,29.339799155347063,29.380721876634976,29.118832694611932,29.17612075805664,8513200,0.0,0.0
2021-02-17 00:00:00-05:00,29.13519980658511,29.44619439986582,29.06972906808499,29.3970890045166,7901100,0.0,0.0
2021-02-18 00:00:00-05:00,29.070570596423018,29.162194363576077,28.878985251643183,28.903976440429688,7567500,0.628,0.0
2021-02-19 00:00:00-05:00,28.87066125143307,28.87066125143307,28.64575958414674,28.679079055786133,7347600,0.0,0.0
2021-02-22 00:00:00-05:00,28.770701390933123,28.804020857218482,28.520811748831328,28.687402725219727,6862200,0.0,0.0
2021-02-23 00:00:00-05:00,28.86232800492233,28.903975748543917,28.554127711580442,28.637426376342773,7992500,0.0,0.0
2021-02-24 00:00:00-05:00,28.745703916090697,28.94561749256475,28.67073672210274,28.887310028076172,6391900,0.0,0.0
2021-02-25 00:00:00-05:00,28.88731601559145,28.970611502834622,28.52081142319467,28.637426376342773,6108500,0.0,0.0
2021-02-26 00:00:00-05:00,28.52081468564891,28.52081468564891,27.92940521950295,27.996044158935547,7642600,0.0,0.0
2021-03-01 00:00:00-05:00,28.2209451839282,28.237604918414846,28.0543510165812,28.095998764038086,5473500,0.0,0.0
2021-03-02 00:00:00-05:00,28.470833607210764,28.62076803354635,28.37087838216014,28.39586639404297,5657900,0.0,0.0
2021-03-03 00:00:00-05:00,28.320897465421233,28.587446834423666,28.195951058536725,28.520811080932617,6310400,0.0,0.0
2021-03-04 00:00:00-05:00,28.837337761280505,29.053911119237114,28.220943509445494,28.554128646850586,7767700,0.0,0.0
2021-03-05 00:00:00-05:00,28.62076970697904,29.128880495100766,28.595781693635182,29.078901290893555,6448400,0.0,0.0
2021-03-08 00:00:00-05:00,28.978941321834572,29.37876535756105,28.853994920505492,29.128875732421875,6887100,0.0,0.0
2021-03-09 00:00:00-05:00,29.720284371996787,29.720284371996787,29.22883335841902,29.23716163635254,5805000,0.0,0.0
2021-03-10 00:00:00-05:00,29.661974109089503,29.778589054325792,29.42041276394637,29.653642654418945,4750000,0.0,0.0
2021-03-11 00:00:00-05:00,29.453742492575916,29.73695167721684,29.43708275494762,29.61200523376465,4871800,0.0,0.0
2021-03-12 00:00:00-05:00,29.520373353307516,29.612000306256167,29.437077856546658,29.60367202758789,5867700,0.0,0.0
2021-03-15 00:00:00-04:00,29.661977329546204,29.895207245340988,29.420415958176296,29.886878967285156,6019800,0.0,0.0
2021-03-16 00:00:00-04:00,29.911861548087682,30.33667355722941,29.870213810331624,30.278366088867188,5084200,0.0,0.0
2021-03-17 00:00:00-04:00,30.34500501129185,30.353333287835575,30.06179594602446,30.278366088867188,6140400,0.0,0.0
2021-03-18 00:00:00-04:00,30.3283502369529,30.603231070597662,30.286702492390756,30.38665771484375,4757500,0.0,0.0
2021-03-19 00:00:00-04:00,30.32002593167633,30.536596138286747,30.2117392396113,30.511608123779297,3715100,0.0,0.0
2021-03-22 00:00:00-04:00,30.27004420573743,30.60323253319688,30.26171592743467,30.544921875,3197700,0.0,0.0
2021-03-23 00:00:00-04:00,30.19507819281084,30.27837368923148,29.945188526029412,29.97850799560547,5362200,0.0,0.0
2021-03-24 00:00:00-04:00,29.720286861657293,30.02015573269169,29.57035242614009,29.878549575805664,5863500,0.0,0.0
2021-03-25 00:00:00-04:00,29.82023958572533,30.06180095347398,29.728612640888304,30.045141220092773,4759000,0.0,0.0
2021-03-26 00:00:00-04:00,29.96184706822504,30.561581609124914,29.94518733410013,30.544921875,3552800,0.0,0.0
2021-03-29 00:00:00-04:00,30.295027493868414,30.653203777900462,30.27836776234147,30.56157684326172,3082400,0.0,0.0
2021-03-30 00:00:00-04:00,30.278368954340635,30.394987079620257,30.211733203128436,30.295028686523438,3589200,0.0,0.0
2021-03-31 00:00:00-04:00,30.203400308340846,30.211731762794557,29.72028080814816,29.728609085083008,6166100,0.0,0.0
2021-04-01 00:00:00-04:00,29.7785932302648,29.920196204332278,29.68696628115319,29.83690071105957,7871500,0.0,0.0
2021-04-05 00:00:00-04:00,29.870220525920267,30.17841766762814,29.853560791568565,30.05347442626953,6518600,0.0,0.0
2021-04-06 00:00:00-04:00,30.07846530034701,30.16176080250983,29.93685913364654,30.003498077392578,8276300,0.0,0.0
2021-04-07 00:00:00-04:00,30.17841479082507,30.261713454642997,29.953513164795357,30.03681182861328,3764300,0.0,0.0
2021-04-08 00:00:00-04:00,30.41997049148483,30.544913697693516,30.3450032967522,30.369991302490234,4260600,0.0,0.0
2021-04-09 00:00:00-04:00,30.278368384175028,30.544917739042518,30.245052097955806,30.528261184692383,3803500,0.0,0.0
2021-04-12 00:00:00-04:00,30.020152095849696,30.153426780439254,29.995160907944758,30.03681182861328,7287300,0.0,0.0
2021-04-13 00:00:00-04:00,29.978511015294764,30.153433481909484,29.861892860031787,30.020158767700195,3300200,0.0,0.0
2021-04-14 00:00:00-04:00,30.220062706479776,30.253382172197146,29.970173068637802,30.09511947631836,4279900,0.0,0.0
2021-04-15 00:00:00-04:00,31.369548969390877,31.869328087600163,31.311241511517064,31.3945369720459,20171400,0.0,0.0
2021-04-16 00:00:00-04:00,31.494505871908387,31.56947308246645,31.336239995441822,31.44452667236328,7972500,0.0,0.0
2021-04-19 00:00:00-04:00,31.47784380388052,31.69441396414031,31.377885412204648,31.636106491088867,5082700,0.0,0.0
2021-04-20 00:00:00-04:00,31.236281762033926,31.49450283517354,31.194634021854995,31.402875900268555,5501300,0.0,0.0
2021-04-21 00:00:00-04:00,31.627774014493777,31.927642794668344,31.602782831133535,31.861003875732422,4294200,0.0,0.0
2021-04-22 00:00:00-04:00,31.494511442779736,31.611126418159756,31.31125752288555,31.3862247467041,5149200,0.0,0.0
2021-04-23 00:00:00-04:00,31.336242687902256,31.469517387287848,31.29459494012916,31.436201095581055,4946000,0.0,0.0
2021-04-26 00:00:00-04:00,31.469512939453125,31.54448014585678,31.319578526645817,31.469512939453125,3581100,0.0,0.0
2021-04-27 00:00:00-04:00,31.461185447404333,31.544480933256903,31.336239041106374,31.427865982055664,3471000,0.0,0.0
2021-04-28 00:00:00-04:00,31.34456842851427,31.502831112201772,31.294589233788212,31.402875900268555,2926800,0.0,0.0
2021-04-29 00:00:00-04:00,31.486177739740235,31.519497209620315,31.169649130918554,31.23628807067871,3016800,0.0,0.0
2021-04-30 00:00:00-04:00,31.42786895908503,31.552815377218636,31.07802407234198,31.103012084960938,3389700,0.0,0.0
2021-05-03 00:00:00-04:00,31.13633143126487,31.427868835739883,31.127999975411647,31.37788963317871,4074700,0.0,0.0
2021-05-04 00:00:00-04:00,31.319583567859375,31.411210521269822,31.17798058714834,31.23628807067871,7518600,0.0,0.0
2021-05-05 00:00:00-04:00,31.277930784759125,31.49450412660036,31.277930784759125,31.469512939453125,2361200,0.0,0.0
2021-05-06 00:00:00-04:00,31.361234367124194,31.594464300302345,31.31958344118279,31.577804565429688,3108400,0.0,0.0
2021-05-07 00:00:00-04:00,31.736061630020565,32.00261098548648,31.702745343726544,31.944303512573242,3004000,0.0,0.0
2021-05-10 00:00:00-04:00,32.18586521900124,32.26916387946555,32.05259053977735,32.09423828125,3411100,0.0,0.0
2021-05-11 00:00:00-04:00,31.62777873481794,31.89432809530601,31.569471260806115,31.8110294342041,4459100,0.0,0.0
2021-05-12 00:00:00-04:00,31.96096976468622,32.177543146133736,31.85268625148207,31.93598175048828,3692600,0.0,0.0
2021-05-13 00:00:00-04:00,31.836017734771097,32.24417001584734,31.819358004061225,32.20252227783203,4444000,0.0,0.0
2021-05-14 00:00:00-04:00,32.50239278400309,32.67731519937311,32.4774047753842,32.552371978759766,3641800,0.0,0.0
2021-05-17 00:00:00-04:00,32.69397899324561,33.0688150566975,32.69397899324561,32.97718811035156,4702600,0.0,0.0
2021-05-18 00:00:00-04:00,33.09380482055214,33.14378402416494,32.94387038723319,32.95220184326172,4470000,0.0,0.0
2021-05-19 00:00:00-04:00,32.735632738363954,32.85224771780662,32.594029742617835,32.69398498535156,4337100,0.0,0.0
2021-05-20 00:00:00-04:00,32.691446272192984,33.037610723657764,32.666114966442365,32.95317840576172,2543700,0.527,0.0
2021-05-21 00:00:00-04:00,32.868742893134836,32.95317197378797,32.73365443163205,32.80119705200195,3048500,0.0,0.0
2021-05-24 00:00:00-04:00,32.818084715899,32.902517020411686,32.62389524666446,32.64922332763672,4602700,0.0,0.0
2021-05-25 00:00:00-04:00,32.8012017819635,32.80964662370435,32.58168420815296,32.640785217285156,2936800,0.0,0.0
2021-05-26 00:00:00-04:00,32.674553222822965,32.758982302938115,32.505691841829695,32.6829948425293,2832200,0.0,0.0
2021-05-27 00:00:00-04:00,32.42127356164209,32.649232798041645,32.24396728111662,32.49726104736328,6302000,0.0,0.0
2021-05-28 00:00:00-04:00,32.52258947275806,32.767438398260055,32.51414462938816,32.733665466308594,3873600,0.0,0.0
2021-06-01 00:00:00-04:00,32.775875046793544,32.80120313153132,32.31150857560751,32.379051208496094,2952700,0.0,0.0
2021-06-02 00:00:00-04:00,32.42126756510911,32.564797666722264,32.379049798033776,32.41282272338867,2931200,0.0,0.0
2021-06-03 00:00:00-04:00,32.429704381420876,32.691439682998585,32.362161761481346,32.6829948425293,4298600,0.0,0.0
2021-06-04 00:00:00-04:00,32.79276635301198,32.89408192768882,32.716778866813335,32.84342575073242,6033800,0.0,0.0
2021-06-07 00:00:00-04:00,32.91096732197292,32.91941216503337,32.699891336156696,32.71677780151367,4290300,0.0,0.0
2021-06-08 00:00:00-04:00,33.00383367556548,33.02072013703621,32.64078280585285,32.77587127685547,2909600,0.0,0.0
2021-06-09 00:00:00-04:00,33.18114735308282,33.3922233581543,33.138932796221376,33.3922233581543,3345900,0.0,0.0
2021-06-10 00:00:00-04:00,33.64550656662382,33.97478776801054,33.6370649454022,33.96634292602539,6527300,0.0,0.0
2021-06-11 00:00:00-04:00,33.983228990519976,34.025443537659854,33.75526657104847,33.898799896240234,2873800,0.0,0.0
2021-06-14 00:00:00-04:00,34.00011562162309,34.18586349487305,33.91568330616242,34.18586349487305,3046400,0.0,0.0
2021-06-15 00:00:00-04:00,34.1352083039362,34.26185518232194,34.092993751395596,34.25341033935547,2427700,0.0,0.0
2021-06-16 00:00:00-04:00,34.565799347619,34.987951283465286,34.28718074475756,34.32939529418945,5022200,0.0,0.0
2021-06-17 00:00:00-04:00,34.168981234274256,34.32095620003157,33.983233338178884,34.25341033935547,2768700,0.0,0.0
2021-06-18 00:00:00-04:00,33.74682629098739,33.881914779661344,33.586406496412074,33.63706588745117,9967600,0.0,0.0
2021-06-21 00:00:00-04:00,33.58641052246094,33.69617093915429,33.45976686082769,33.58641052246094,3908200,0.0,0.0
2021-06-22 00:00:00-04:00,33.350001727741514,33.36688819105731,32.95317789172911,32.99539566040039,3606200,0.0,0.0
2021-06-23 00:00:00-04:00,34.17742402554235,34.26185635427555,33.5695241417194,33.645511627197266,14933200,0.0,0.0
2021-06-24 00:00:00-04:00,33.41755192038836,33.755271568267744,33.37533414623496,33.51886749267578,14114000,0.0,0.0
2021-06-25 00:00:00-04:00,33.518867880409346,33.653956385276544,33.434435551889834,33.58641052246094,6246500,0.0,0.0
2021-06-28 00:00:00-04:00,33.746828698639135,33.82281618023725,33.645509909332404,33.670841217041016,2418200,0.0,0.0
2021-06-29 00:00:00-04:00,33.74683260331291,33.85658980661553,33.65395864608437,33.72994613647461,1837500,0.0,0.0
2021-06-30 00:00:00-04:00,33.62863069588712,33.73838789964562,33.4766557144754,33.62018585205078,4975200,0.0,0.0
2021-07-01 00:00:00-04:00,33.73838450746957,34.13520838800924,33.687728332601644,33.915687561035156,3907000,0.0,0.0
2021-07-02 00:00:00-04:00,33.856581311218726,34.14364473391056,33.76371059805781,34.118316650390625,1923600,0.0,0.0
2021-07-06 00:00:00-04:00,34.050781218258955,34.084550929835835,33.6961718702069,33.822818756103516,1941600,0.0,0.0
2021-07-07 00:00:00-04:00,33.82281371365825,34.0423312996198,33.73838139539333,33.974788665771484,3025300,0.0,0.0
2021-07-08 00:00:00-04:00,33.670838695966374,33.78904072054343,33.45131788966875,33.746826171875,3057300,0.0,0.0
2021-07-09 00:00:00-04:00,33.772157136271794,34.000119583433296,33.772157136271794,33.90724563598633,3042900,0.0,0.0
2021-07-12 00:00:00-04:00,33.983237183179085,34.304073616163464,33.966350716099456,34.08455276489258,2857200,0.0,0.0
2021-07-13 00:00:00-04:00,34.04233576400011,34.27029822206542,34.017007675580864,34.21963882446289,2840400,0.0,0.0
2021-07-14 00:00:00-04:00,34.059225648164585,34.25341519398438,33.96635168695416,34.152099609375,3251300,0.0,0.0
2021-07-15 00:00:00-04:00,33.74683280316459,33.78060251627695,33.40910990592699,33.451324462890625,4034600,0.0,0.0
2021-07-16 00:00:00-04:00,33.518867965243494,33.73838557842178,33.3837794600344,33.645511627197266,4073800,0.0,0.0
2021-07-19 00:00:00-04:00,33.046048612349786,33.20646838785026,32.91940498095615,33.18113708496094,4834700,0.0,0.0
2021-07-20 00:00:00-04:00,32.8856393629493,33.20647576445878,32.81809350125721,33.003841400146484,6313200,0.0,0.0
2021-07-21 00:00:00-04:00,33.248691777644,33.265578243808534,33.0122844721046,33.19803237915039,5783300,0.0,0.0
2021-07-22 00:00:00-04:00,33.24024181912042,33.316229294785714,33.09671170995465,33.122039794921875,5949000,0.0,0.0
2021-07-23 00:00:00-04:00,33.349994964908355,33.43442404360297,33.24867942632225,33.358436584472656,3755800,0.0,0.0
2021-07-26 00:00:00-04:00,33.07983262801643,33.13049203001893,32.91941601948833,32.94474411010742,3033300,0.0,0.0
2021-07-27 00:00:00-04:00,33.0798302854866,33.4091083232744,32.92785531100545,33.36689376831055,4152600,0.0,0.0
2021-07-28 00:00:00-04:00,33.012275682280396,33.44287240291545,32.868745589244206,33.349998474121094,4476700,0.0,0.0
2021-07-29 00:00:00-04:00,33.85658645629883,34.10988021304415,33.645510472853665,33.85658645629883,5388500,0.0,0.0
2021-07-30 00:00:00-04:00,33.822811527012455,33.91568223995434,33.72149275164482,33.89035415649414,3636900,0.0,0.0
2021-08-02 00:00:00-04:00,33.704608468087365,34.03388967817512,33.51886380943178,33.974788665771484,4951300,0.0,0.0
2021-08-03 00:00:00-04:00,34.017010136638596,34.3209601027158,33.99167882562264,34.31251525878906,3549900,0.0,0.0
2021-08-04 00:00:00-04:00,34.32939773486362,34.464486235108104,34.06766235655573,34.19430923461914,3853000,0.0,0.0
2021-08-05 00:00:00-04:00,34.43071002448306,34.557356890480236,34.30406637924948,34.548912048339844,4443600,0.0,0.0
2021-08-06 00:00:00-04:00,34.2196322052338,34.304064518239294,34.05921564166849,34.118316650390625,3557700,0.0,0.0
2021-08-09 00:00:00-04:00,34.354730633853606,34.422276503818196,34.152099465488554,34.26185989379883,2357000,0.0,0.0
2021-08-10 00:00:00-04:00,34.27029397781208,34.396940845751615,34.21963458648354,34.320953369140625,4963600,0.0,0.0
2021-08-11 00:00:00-04:00,34.78532281022527,34.78532281022527,34.616461378858546,34.70933532714844,3491300,0.0,0.0
2021-08-12 00:00:00-04:00,34.76842920605549,34.89507605876728,34.6840001180898,34.83597183227539,2010400,0.0,0.0
2021-08-13 00:00:00-04:00,35.10615823812885,35.44387787077072,35.07238530863551,35.4354362487793,2132500,0.0,0.0
2021-08-16 00:00:00-04:00,35.300350224203434,35.61274179198887,35.300350224203434,35.52831268310547,2393100,0.0,0.0
2021-08-17 00:00:00-04:00,35.46077323450627,35.76472323469581,35.4523316103964,35.73939514160156,2843800,0.0,0.0
2021-08-18 00:00:00-04:00,35.798485943991736,36.03489000069622,35.56207866652354,35.58740997314453,4081700,0.0,0.0
2021-08-19 00:00:00-04:00,35.66435899083169,35.955077949474536,35.59595625679788,35.7498664855957,2874900,0.53,0.0
2021-08-20 00:00:00-04:00,35.69001950691249,35.929434013217424,35.62161349838079,35.78407287597656,1928500,0.0,0.0
2021-08-23 00:00:00-04:00,35.69856650044983,35.76697250490644,35.44205050729318,35.476253509521484,4642400,0.0,0.0
2021-08-24 00:00:00-04:00,35.14277368820451,35.24538267899925,34.92900985004808,35.08292007446289,2774700,0.0,0.0
2021-08-25 00:00:00-04:00,35.1684343569923,35.21118648052256,35.03162560462872,35.15133285522461,2573500,0.0,0.0
2021-08-26 00:00:00-04:00,35.08292147260484,35.15132746919415,34.946112741203656,35.01451873779297,1939800,0.0,0.0
2021-08-27 00:00:00-04:00,35.074370178562134,35.21117890147826,34.903358459472656,34.903358459472656,4576200,0.0,0.0
2021-08-30 00:00:00-04:00,34.91191342647111,35.040169778959424,34.852056547843574,34.980316162109375,1199600,0.0,0.0
2021-08-31 00:00:00-04:00,34.76655874213138,34.94611962588719,34.689603611696306,34.834964752197266,2368900,0.0,0.0
2021-09-01 00:00:00-04:00,35.07437772815898,35.23683710228512,34.954670477563084,35.15133285522461,3187200,0.0,0.0
2021-09-02 00:00:00-04:00,35.176982768029035,35.46770176866472,35.15133214678343,35.424949645996094,2272800,0.0,0.0
2021-09-03 00:00:00-04:00,35.416394800547394,35.672914042269376,35.23683394076413,35.578857421875,3020600,0.0,0.0
2021-09-07 00:00:00-04:00,35.27958364799073,35.313786646118494,34.946112570688555,35.00596618652344,2866100,0.0,0.0
2021-09-08 00:00:00-04:00,34.5955422706728,34.74945251059746,34.467285911920676,34.646846771240234,3611600,0.0,0.0
2021-09-09 00:00:00-04:00,34.56134562474223,34.56134562474223,34.00556144440796,34.01411056518555,3270400,0.0,0.0
2021-09-10 00:00:00-04:00,34.2107658851749,34.24496888476768,33.91149779318198,33.98845291137695,3031900,0.0,0.0
2021-09-13 00:00:00-04:00,34.227874681140996,34.227874681140996,33.87730201502924,33.99700927734375,9308900,0.0,0.0
2021-09-14 00:00:00-04:00,33.96280747118039,34.07396234413934,33.62933632874739,33.663536071777344,3026700,0.0,0.0
2021-09-15 00:00:00-04:00,33.569485699114175,33.637891721485815,33.39847716674243,33.53528594970703,2833900,0.0,0.0
2021-09-16 00:00:00-04:00,33.43266694869796,33.49252056953934,33.16760184547976,33.441219329833984,1888400,0.0,0.0
2021-09-17 00:00:00-04:00,33.31296599334543,33.4155750156744,32.979494825222076,33.287315368652344,3460700,0.0,0.0
2021-09-20 00:00:00-04:00,32.8255778677418,33.398466709504355,32.7571751285661,33.218902587890625,5066300,0.0,0.0
2021-09-21 00:00:00-04:00,33.34716710911166,33.58658162407474,33.31296410360889,33.41557312011719,4447600,0.0,0.0
2021-09-22 00:00:00-04:00,33.560927748388465,33.90295124671374,33.44976962216608,33.586578369140625,4694300,0.0,0.0
2021-09-23 00:00:00-04:00,33.72338265033837,33.86874375949959,33.629329299442745,33.63787841796875,4075700,0.0,0.0
2021-09-24 00:00:00-04:00,32.95383639888384,33.09064513448873,32.80847528255376,32.82557678222656,4363200,0.0,0.0
2021-09-27 00:00:00-04:00,32.92818107658108,33.064989806195214,32.79137234696695,32.91963195800781,2829000,0.0,0.0
2021-09-28 00:00:00-04:00,32.68021982392989,32.72297194339561,32.40660234521612,32.53485870361328,3421300,0.0,0.0
2021-09-29 00:00:00-04:00,32.58616349195403,32.851228592050056,32.56051287240349,32.77427673339844,3766200,0.0,0.0
2021-09-30 00:00:00-04:00,32.90253821829566,32.99659485366946,32.65457131808803,32.67167282104492,2666800,0.0,0.0
2021-10-01 00:00:00-04:00,32.69732812382624,32.79993388423744,32.457910333829005,32.603271484375,5687300,0.0,0.0
2021-10-04 00:00:00-04:00,32.72297083490836,33.05644192193336,32.67166633622085,32.84267807006836,4400200,0.0,0.0
2021-10-05 00:00:00-04:00,32.79992880318273,32.93673754979733,32.67166917620376,32.68022155761719,2370700,0.0,0.0
2021-10-06 00:00:00-04:00,32.49211334122551,32.66312511642973,32.3211015660213,32.603271484375,4460400,0.0,0.0
2021-10-07 00:00:00-04:00,32.74007267003709,33.201803377624564,32.697320551581406,33.05644226074219,2864200,0.0,0.0
2021-10-08 00:00:00-04:00,33.17615633618765,33.33861898629848,33.03934757186066,33.09920120239258,5355600,0.0,0.0
2021-10-11 00:00:00-04:00,32.95383883596648,33.0307939592965,32.697322845458984,32.697322845458984,3534400,0.0,0.0
2021-10-12 00:00:00-04:00,33.51817318329662,33.56947442106143,32.98803973513558,33.03934097290039,7497900,0.0,0.0
2021-10-13 00:00:00-04:00,32.851233064090316,33.38136986000525,32.851233064090316,33.17615509033203,5158500,0.0,0.0
2021-10-14 00:00:00-04:00,33.270201642574925,33.295852257844835,33.073539314692354,33.10774230957031,4477800,0.0,0.0
2021-10-15 00:00:00-04:00,33.15050519293519,33.37281820831755,33.099200683949334,33.355716705322266,3266200,0.0,0.0
2021-10-18 00:00:00-04:00,33.193247549480894,33.21889816553477,32.99658521558769,33.047889709472656,2742800,0.0,0.0
2021-10-19 00:00:00-04:00,33.244555784754986,33.64642961586107,33.21890190403677,33.49251937866211,3382000,0.0,0.0
2021-10-20 00:00:00-04:00,33.56092528935533,33.81744126341527,33.483970170959594,33.74048614501953,3452000,0.0,0.0
2021-10-21 00:00:00-04:00,33.66353359910335,33.82599622911909,33.5865784748269,33.81744384765625,5206500,0.0,0.0
2021-10-22 00:00:00-04:00,33.885854565705046,34.039764835666574,33.85165155865176,34.00556182861328,4841100,0.0,0.0
2021-10-25 00:00:00-04:00,34.03976058959961,34.091061832002026,33.91150096003782,34.03976058959961,4330100,0.0,0.0
2021-10-26 00:00:00-04:00,34.133812446115094,34.381779312694576,34.08251120597984,34.35612869262695,4960800,0.0,0.0
2021-10-27 00:00:00-04:00,34.45873458952194,34.6895999565012,34.16801560093077,34.56134033203125,7619100,0.0,0.0
2021-10-28 00:00:00-04:00,35.33089083406703,36.07478816018501,35.30524021440775,36.01493453979492,9053100,0.0,0.0
2021-10-29 00:00:00-04:00,35.89523237810538,36.20305290468323,35.77552512038692,36.19450378417969,5219400,0.0,0.0
2021-11-01 00:00:00-04:00,36.22870344300757,36.69043423179148,36.19450369929545,36.41681671142578,6759400,0.0,0.0
2021-11-02 00:00:00-04:00,36.664776695103434,36.9383941638762,36.451012843763614,36.596370697021484,6417000,0.0,0.0
2021-11-03 00:00:00-04:00,36.8956432649099,37.288967981543095,36.810135764482496,37.22056198120117,5377100,0.0,0.0
2021-11-04 00:00:00-04:00,36.741740580320595,36.835797219240746,36.57927792699368,36.767391204833984,4247700,0.0,0.0
2021-11-05 00:00:00-04:00,36.767384611552174,37.19491233959348,36.60492524913646,37.186363220214844,5293700,0.0,0.0
2021-11-08 00:00:00-05:00,36.78449220140918,36.87854883903288,36.56217591942984,36.57072830200195,3923100,0.0,0.0
2021-11-09 00:00:00-05:00,36.65622916231853,36.71608278766725,36.5194204098389,36.536521911621094,2848800,0.0,0.0
2021-11-10 00:00:00-05:00,37.092310743396304,37.17781499384897,36.92129898071289,36.92129898071289,3776200,0.0,0.0
2021-11-11 00:00:00-05:00,36.818692418040534,37.00680241725481,36.77593703197647,36.96405029296875,2319100,0.0,0.0
2021-11-12 00:00:00-05:00,37.17780485210624,37.22910934544932,36.964041022509186,37.075199127197266,3530900,0.0,0.0
2021-11-15 00:00:00-05:00,36.89564818885364,37.09231057341601,36.75028704961655,36.91274642944336,4149200,0.0,0.0
2021-11-16 00:00:00-05:00,36.24580319078193,36.51087157782989,36.12609593914026,36.2971076965332,6847100,0.0,0.0
2021-11-17 00:00:00-05:00,36.13464344697768,36.51941906849964,36.09189132498142,36.38261032104492,4846300,0.0,0.0
2021-11-18 00:00:00-05:00,35.9696681116608,36.05623969301463,35.69264565606486,35.92638397216797,4876700,0.523,0.0
2021-11-19 00:00:00-05:00,36.19475718810393,36.238041335091616,35.8831060460026,36.004302978515625,4355100,0.0,0.0
2021-11-22 00:00:00-05:00,35.865787678109335,36.04758305635732,35.735931949435994,35.744590759277344,3064700,0.0,0.0
2021-11-23 00:00:00-05:00,35.74459483357099,36.09953012305074,35.709966194995225,36.01295852661133,3300800,0.0,0.0
2021-11-24 00:00:00-05:00,36.07355699293455,36.09953012305074,35.85713295538912,36.01295852661133,2824800,0.0,0.0
2021-11-26 00:00:00-05:00,35.69265202816415,35.77056481410804,35.32906122867179,35.51085662841797,2812800,0.0,0.0
2021-11-29 00:00:00-05:00,35.70996394115036,35.909073646841044,35.59742252406658,35.80519104003906,4317400,0.0,0.0
2021-11-30 00:00:00-05:00,35.90908622953696,36.07356735647235,35.4329538706232,35.597434997558594,3969800,0.0,0.0
2021-12-01 00:00:00-05:00,35.8398197166408,36.142812029473404,35.73593380735374,35.813846588134766,3912100,0.0,0.0
2021-12-02 00:00:00-05:00,36.030269757857624,36.212068443614626,35.80519023114349,35.90041732788086,4586100,0.0,0.0
2021-12-03 00:00:00-05:00,35.857135337063426,35.93504812784959,35.51085883541188,35.70996856689453,4086200,0.0,0.0
2021-12-06 00:00:00-05:00,36.26400395663102,36.46311363510341,36.14280704820157,36.15146255493164,3095300,0.0,0.0
2021-12-07 00:00:00-05:00,36.30728972897276,36.72282342044623,36.19475162457685,36.68819808959961,5506900,0.0,0.0
2021-12-08 00:00:00-05:00,36.887308036772055,37.043133584967876,36.68819834793702,36.947906494140625,3563100,0.0,0.0
2021-12-09 00:00:00-05:00,37.13836373555456,37.17298906949771,36.88731107584775,37.05179214477539,2917900,0.0,0.0
2021-12-10 00:00:00-05:00,37.05179418250069,37.458672425618445,37.02582435502295,37.372100830078125,3837400,0.0,0.0
2021-12-13 00:00:00-05:00,37.28553127506517,37.441356839395496,37.19030417437791,37.320159912109375,2677600,0.0,0.0
2021-12-14 00:00:00-05:00,37.05179510153111,37.27687795315019,36.95656799525911,37.13836669921875,2798800,0.0,0.0
2021-12-15 00:00:00-05:00,37.12105320095676,37.83957931463269,37.05179592127438,37.796295166015625,4708500,0.0,0.0
2021-12-16 00:00:00-05:00,37.44136025907209,37.99540529290824,37.415390430101304,37.93480682373047,5905900,0.0,0.0
2021-12-17 00:00:00-05:00,37.744344739904136,37.94345772841925,37.31149673461914,37.31149673461914,5270900,0.0,0.0
2021-12-20 00:00:00-05:00,37.043143784976145,37.29419649312778,36.921946836866844,37.27688217163086,4557200,0.0,0.0
2021-12-21 00:00:00-05:00,37.285526499219436,37.61449190426551,37.1470152711529,37.53657913208008,4400600,0.0,0.0
2021-12-22 00:00:00-05:00,37.56255598722757,37.934805601537164,37.48464320045652,37.89152145385742,3135600,0.0,0.0
2021-12-23 00:00:00-05:00,37.90017259391712,38.1685395623885,37.87420276877642,37.88285827636719,3015400,0.0,0.0
2021-12-27 00:00:00-05:00,38.030033512360525,38.194514597970574,37.90017776420548,38.16854476928711,2046800,0.0,0.0
2021-12-28 00:00:00-05:00,38.08196945282617,38.22048068422236,37.986742362047245,38.18585205078125,2207700,0.0,0.0
2021-12-29 00:00:00-05:00,38.2291408699878,38.49750785844753,38.177197913469215,38.471534729003906,2736400,0.0,0.0
2021-12-30 00:00:00-05:00,38.46287839628125,38.57541981514144,38.19451141357422,38.19451141357422,2223000,0.0,0.0
2021-12-31 00:00:00-05:00,38.15989311278945,38.3157154029895,38.081980316504826,38.17720413208008,2257500,0.0,0.0
2022-01-03 00:00:00-05:00,38.18585529489013,38.24645375737614,37.631810322236056,37.80494689941406,2361600,0.0,0.0
2022-01-04 00:00:00-05:00,37.718386976638406,37.95212537051334,37.57987570275355,37.69241714477539,3164100,0.0,0.0
2022-01-05 00:00:00-05:00,38.04733837353452,38.2810766806839,37.73568729733534,37.74434280395508,3691300,0.0,0.0
2022-01-06 00:00:00-05:00,37.69240854738992,37.77897683543384,37.46732571468612,37.54523849487305,2599000,0.0,0.0
2022-01-07 00:00:00-05:00,37.74434943843397,38.099284714856346,37.70106529299097,37.96077346801758,2830700,0.0,0.0
2022-01-10 00:00:00-05:00,37.97808385400575,38.81781005859375,37.96076953714774,38.81781005859375,4072800,0.0,0.0
2022-01-11 00:00:00-05:00,38.67064539987169,39.02558399131992,38.54944846736192,38.9909553527832,4125900,0.0,0.0
2022-01-12 00:00:00-05:00,39.207380981018275,39.23335080979023,39.0428965924789,39.16409683227539,3605300,0.0,0.0
2022-01-13 00:00:00-05:00,39.3285730730519,39.337228580786544,38.96497900319599,39.00826644897461,3355300,0.0,0.0
2022-01-14 00:00:00-05:00,39.224693704294424,39.536341543978466,39.138122107963795,39.36320495605469,3396000,0.0,0.0
2022-01-18 00:00:00-05:00,40.14232318821609,40.566515687523165,40.08172473151054,40.53188705444336,9040600,0.0,0.0
2022-01-19 00:00:00-05:00,39.7873997353775,40.11636524229978,39.40649456582535,39.55366134643555,8369800,0.0,0.0
2022-01-20 00:00:00-05:00,39.103493065914705,39.20737898043944,38.77453091035916,38.85244369506836,5638400,0.0,0.0
2022-01-21 00:00:00-05:00,39.02558525329254,39.36320623402135,38.81781671772236,39.04289627075195,5467500,0.0,0.0
2022-01-24 00:00:00-05:00,38.592737523254726,38.64467718085321,37.718382526833075,38.41959762573242,9003000,0.0,0.0
2022-01-25 00:00:00-05:00,38.09928332860233,38.54079018221496,37.848233973220005,38.41093444824219,4537700,0.0,0.0
2022-01-26 00:00:00-05:00,38.51482250529726,38.67930358212061,38.0906299460378,38.22048568725586,4040000,0.0,0.0
2022-01-27 00:00:00-05:00,38.627364568273684,39.683515017711805,38.601394738326526,39.596946716308594,7915200,0.0,0.0
2022-01-28 00:00:00-05:00,39.16409687156138,39.22469534033598,38.80050275654491,39.172752380371094,3877900,0.0,0.0
2022-01-31 00:00:00-05:00,38.757218628290374,38.90438539471555,38.5581089018728,38.80050277709961,2914100,0.0,0.0
2022-02-01 00:00:00-05:00,38.95633036748139,39.164098915817,38.8264746119755,39.120811462402344,3077500,0.0,0.0
2022-02-02 00:00:00-05:00,38.99961304509053,39.61425655287605,38.93035906650782,39.56231689453125,3909100,0.0,0.0
2022-02-03 00:00:00-05:00,39.23334178780525,39.28528473577338,38.887062072753906,38.887062072753906,4945300,0.0,0.0
2022-02-04 00:00:00-05:00,38.8957254675286,39.112149489358885,38.76586973348303,38.78318405151367,6726700,0.0,0.0
2022-02-07 00:00:00-05:00,38.75721198326349,39.034234450989,38.731242158904315,38.94766616821289,3347600,0.0,0.0
2022-02-08 00:00:00-05:00,39.20736892737877,39.20736892737877,38.83511941836778,39.14677047729492,6895100,0.0,0.0
2022-02-09 00:00:00-05:00,38.6533285670831,38.869752571820705,38.25510588856606,38.315704345703125,3887500,0.0,0.0
2022-02-10 00:00:00-05:00,38.705273079784575,39.39782932152248,38.376310928939475,38.471534729003906,7592400,0.0,0.0
2022-02-11 00:00:00-05:00,38.410932626495445,38.68795509695485,38.31570553308096,38.35033416748047,3150100,0.0,0.0
2022-02-14 00:00:00-05:00,38.12525470307811,38.1425690203026,36.939248740963315,37.112388610839844,8090000,0.0,0.0
2022-02-15 00:00:00-05:00,37.406730052897686,37.90883540777249,37.38941573351903,37.76166534423828,5572900,0.0,0.0
2022-02-16 00:00:00-05:00,37.48464062434518,37.640466187178255,37.363443698223584,37.56255340576172,3667500,0.0,0.0
2022-02-17 00:00:00-05:00,37.60583955299492,37.70106665783808,37.28553290227871,37.501956939697266,2553800,0.0,0.0
2022-02-18 00:00:00-05:00,37.328821243265224,37.501961153126466,37.155681333403976,37.25956726074219,5180300,0.0,0.0
2022-02-22 00:00:00-05:00,36.91328171177861,37.19896301406497,36.74880063924223,36.956565856933594,8844400,0.0,0.0
2022-02-23 00:00:00-05:00,37.657777059425676,37.68374688339847,37.26821318799245,37.32881164550781,3740900,0.0,0.0
2022-02-24 00:00:00-05:00,36.3028828560383,36.54003882193518,35.63532255360486,36.179908752441406,6411800,0.622,0.0
2022-02-25 00:00:00-05:00,36.91773848191344,37.620434277947474,36.83868537239471,37.488677978515625,4373600,0.0,0.0
2022-02-28 00:00:00-05:00,36.82991037935496,36.97923108723336,36.35559162956027,36.76842498779297,5534500,0.0,0.0
2022-03-01 00:00:00-05:00,36.829904447082335,37.12854916543832,36.38193569419737,36.496124267578125,4657300,0.0,0.0
2022-03-02 00:00:00-05:00,36.42585681331243,37.067063903174024,36.37315362142032,36.91773986816406,4416500,0.0,0.0
2022-03-03 00:00:00-05:00,36.61909693950988,36.78598871331151,36.17991370437241,36.40829086303711,7513100,0.0,0.0
2022-03-04 00:00:00-05:00,35.125874344064385,35.4772188989821,34.99411804178152,35.292762756347656,7971100,0.0,0.0
2022-03-07 00:00:00-05:00,34.8535772109658,35.02925115198775,34.449529492106535,34.660335540771484,5725600,0.0,0.0
2022-03-08 00:00:00-05:00,35.020467477626845,35.652892358715086,34.80087587732697,35.117088317871094,6883900,0.0,0.0
2022-03-09 00:00:00-05:00,36.03059140609798,36.50491008306431,35.854917449736156,36.311668395996094,10465500,0.0,0.0
2022-03-10 00:00:00-05:00,35.76708383330675,36.10086068035941,35.5211389425232,35.863704681396484,4859000,0.0,0.0
2022-03-11 00:00:00-05:00,35.881268680177996,36.12721356834281,35.60897722104494,35.62654495239258,4686800,0.0,0.0
2022-03-14 00:00:00-04:00,36.03058859995181,36.5049072399771,35.80221146925738,35.810997009277344,4593700,0.0,0.0
2022-03-15 00:00:00-04:00,36.22383235057774,36.698147667118576,36.065726128163476,36.62788009643555,4228600,0.0,0.0
2022-03-16 00:00:00-04:00,36.77720128299028,37.10219927280261,36.51369202558457,36.979225158691406,4842200,0.0,0.0
2022-03-17 00:00:00-04:00,36.99679386183485,38.07718419109055,36.99679386183485,37.81367492675781,4556500,0.0,0.0
2022-03-18 00:00:00-04:00,37.479896530734436,37.82246227652278,37.427196685768735,37.78732681274414,4168700,0.0,0.0
2022-03-21 00:00:00-04:00,37.84880299494414,37.99812365363822,37.55015832685455,37.62921142578125,4729700,0.0,0.0
2022-03-22 00:00:00-04:00,38.226513609028764,38.226513609028764,37.84003352366736,37.97178649902344,5731500,0.0,0.0
2022-03-23 00:00:00-04:00,37.82245682583691,38.02448068739655,37.69070053100586,37.69070053100586,2854700,0.0,0.0
2022-03-24 00:00:00-04:00,37.96299659105647,38.208938108958506,37.83124029177932,38.03326416015625,3130700,0.0,0.0
2022-03-25 00:00:00-04:00,37.91029444733885,38.20893916333321,37.91029444733885,38.01569747924805,9613900,0.0,0.0
2022-03-28 00:00:00-04:00,38.138670919201196,38.2089418458755,37.93664703106589,38.09475326538086,3014900,0.0,0.0
2022-03-29 00:00:00-04:00,38.56906896354093,38.64812207453966,37.822458854654464,38.02448272705078,4695100,0.0,0.0
2022-03-30 00:00:00-04:00,38.270420661520106,38.665686179452706,38.18258536895803,38.38460922241211,5154300,0.0,0.0
2022-03-31 00:00:00-04:00,38.58664094031161,38.621776404778146,38.20894307405215,38.26164627075195,3112100,0.0,0.0
2022-04-01 00:00:00-04:00,38.26164304711145,38.5778521485619,38.17380439334575,38.5515022277832,4057400,0.0,0.0
2022-04-04 00:00:00-04:00,38.38461780532462,38.454885384945996,38.208943830217635,38.42853546142578,3432200,0.0,0.0
2022-04-05 00:00:00-04:00,38.88527921391855,39.59675717277082,38.8413615659972,39.14878845214844,4885900,0.0,0.0
2022-04-06 00:00:00-04:00,39.5089200519682,40.17648038867872,39.333246102796906,40.158912658691406,5388900,0.0,0.0
2022-04-07 00:00:00-04:00,39.92175543585091,40.6683655708364,39.86905224310878,40.60688018798828,6415900,0.0,0.0
2022-04-08 00:00:00-04:00,40.659583582282345,41.05484915305251,40.61566593013056,40.967010498046875,3883400,0.0,0.0
2022-04-11 00:00:00-04:00,41.169031777510945,41.256870426967076,40.73863412263246,40.82646942138672,5113500,0.0,0.0
2022-04-12 00:00:00-04:00,41.08998730413897,41.10755503772237,40.72107495099539,40.87039566040039,5905300,0.0,0.0
2022-04-13 00:00:00-04:00,40.99335254230648,41.17781200702331,40.59809039818819,41.151458740234375,4754600,0.0,0.0
2022-04-14 00:00:00-04:00,40.98458071787156,41.05485164614333,40.633232777917264,40.685935974121094,3732500,0.0,0.0
2022-04-18 00:00:00-04:00,40.501478956692296,40.826473616318594,40.45756130280262,40.58053207397461,2432000,0.0,0.0
2022-04-19 00:00:00-04:00,40.36972055085456,40.62444762118834,40.25553532680318,40.30823516845703,3185600,0.0,0.0
2022-04-20 00:00:00-04:00,40.185267254743636,40.43120880178291,39.983243362432475,40.264320373535156,4461700,0.0,0.0
2022-04-21 00:00:00-04:00,40.194046111640574,40.3785056073229,39.95689012563844,40.13256072998047,5617700,0.0,0.0
2022-04-22 00:00:00-04:00,39.71094482504448,39.8514833174414,39.37716799979052,39.41230010986328,4446500,0.0,0.0
2022-04-25 00:00:00-04:00,39.10487359424391,39.693377489921936,39.00825275150227,39.64945983886719,4250000,0.0,0.0
2022-04-26 00:00:00-04:00,39.46500703723184,39.675813120433546,38.96433840124997,38.99068832397461,4734900,0.0,0.0
2022-04-27 00:00:00-04:00,39.66703374651227,40.2731054671321,39.45622429763873,39.9129753112793,5974800,0.0,0.0
2022-04-28 00:00:00-04:00,39.6845929649044,40.25553244712738,39.61432204679002,40.17647933959961,5107500,0.0,0.0
2022-04-29 00:00:00-04:00,40.00958975537359,40.10621059767266,39.71094503858646,39.772430419921875,4410000,0.0,0.0
2022-05-02 00:00:00-04:00,39.65823822853859,39.77242343055128,38.87648943763603,39.280540466308594,3831700,0.0,0.0
2022-05-03 00:00:00-04:00,39.72851400325964,39.860270310615455,39.403519356004594,39.631893157958984,5180900,0.0,0.0
2022-05-04 00:00:00-04:00,39.55284555692503,39.781222741414815,39.00825922196889,39.66703414916992,5436800,0.0,0.0
2022-05-05 00:00:00-04:00,39.24541541265375,39.33325072220408,38.77109669939651,38.99068832397461,4667400,0.0,0.0
2022-05-06 00:00:00-04:00,38.64812355223847,38.937986087217254,38.47244959322424,38.727176666259766,5681900,0.0,0.0
2022-05-09 00:00:00-04:00,38.16502447885406,38.24407759660561,37.81367654424669,37.91029739379883,4263400,0.0,0.0
2022-05-10 00:00:00-04:00,38.050832759246255,38.32312755364447,37.96299745818977,38.138668060302734,7844800,0.0,0.0
2022-05-11 00:00:00-04:00,37.78731930396798,38.217716922273446,37.34813614611252,37.35691833496094,8997200,0.0,0.0
2022-05-12 00:00:00-04:00,37.181255149080236,37.42719669418148,37.01436337144532,37.30422592163086,6191300,0.0,0.0
2022-05-13 00:00:00-04:00,37.673136811130256,38.06840238698901,37.576515964731215,38.05083465576172,6015800,0.0,0.0
2022-05-16 00:00:00-04:00,38.46367080267003,39.07852803821245,38.43731752853234,38.973121643066406,3631100,0.0,0.0
2022-05-17 00:00:00-04:00,39.21028127369403,39.447440638337625,38.99947518336798,39.271766662597656,4468400,0.0,0.0
2022-05-18 00:00:00-04:00,38.98190644020004,39.069741750441885,38.2967782876449,38.3231315612793,4792900,0.0,0.0
2022-05-19 00:00:00-04:00,38.1460351428632,38.748151413065365,38.12832534406332,38.57106018066406,7855100,0.35,0.0
2022-05-20 00:00:00-04:00,39.12890543367286,39.43882186015732,38.792429374471084,39.421112060546875,7484500,0.0,0.0
2022-05-23 00:00:00-04:00,39.71330909516699,39.970096082637326,39.56278088873164,39.62476348876953,6773400,0.0,0.0
2022-05-24 00:00:00-04:00,39.60706076714948,39.93468362270311,39.58049775604482,39.84613800048828,6592400,0.0,0.0
2022-05-25 00:00:00-04:00,39.81957244873047,39.925827864168525,39.50965603515457,39.81957244873047,6482700,0.0,0.0
2022-05-26 00:00:00-04:00,39.63362131868585,39.78415292046819,39.226306077296286,39.33256149291992,6379900,0.0,0.0
2022-05-27 00:00:00-04:00,39.15546895402009,39.15546895402009,38.836699339978345,39.0137939453125,5744600,0.0,0.0
2022-05-31 00:00:00-04:00,38.89868291279581,39.06692093425899,38.765861111041545,38.87211990356445,7944600,0.0,0.0
2022-06-01 00:00:00-04:00,38.73044808765013,38.74815451006648,37.90696095553048,38.110618591308594,6125400,0.0,0.0
2022-06-02 00:00:00-04:00,38.33199040786303,38.42939263127908,37.800706474084414,38.420536041259766,4298900,0.0,0.0
2022-06-03 00:00:00-04:00,38.19915849384808,38.39396288924395,37.81840629073715,37.82726287841797,4991600,0.0,0.0
2022-06-06 00:00:00-04:00,38.261145391316525,38.261145391316525,37.78299093683379,37.906959533691406,3798800,0.0,0.0
2022-06-07 00:00:00-04:00,38.04862971921151,39.199739521422615,38.04862971921151,39.182029724121094,13604700,0.0,0.0
2022-06-08 00:00:00-04:00,38.960661755028255,39.589344349949144,38.863259560192944,39.13775634765625,11455900,0.0,0.0
2022-06-09 00:00:00-04:00,38.7835741104972,38.98723174627531,38.10176200230141,38.110618591308594,5830000,0.0,0.0
2022-06-10 00:00:00-04:00,38.367404678170196,38.93410475984028,38.039778448993054,38.783573150634766,10740600,0.0,0.0
2022-06-13 00:00:00-04:00,38.172602464670916,38.25229487937416,37.55277294784558,37.63246536254883,10286500,0.0,0.0
2022-06-14 00:00:00-04:00,37.12773836573725,37.27826656734275,36.35738080584233,36.51676559448242,7997300,0.0,0.0
2022-06-15 00:00:00-04:00,37.0657619990207,37.322549021421665,36.54333474349408,37.14545440673828,8438500,0.0,0.0
2022-06-16 00:00:00-04:00,36.69386181180677,37.09232383781334,36.58760639747126,36.87095642089844,5060500,0.0,0.0
2022-06-17 00:00:00-04:00,36.67615721795318,36.88867145458153,36.45478976962329,36.543338775634766,4304500,0.0,0.0
2022-06-21 00:00:00-04:00,37.180873134957835,37.23399915366017,36.88866652089999,36.98606872558594,4162900,0.0,0.0
2022-06-22 00:00:00-04:00,37.12774644589231,37.50849870408517,37.10118343460412,37.16316604614258,4946300,0.0,0.0
2022-06-23 00:00:00-04:00,37.65016701703514,37.871534412447296,37.49963543169971,37.853824615478516,6327100,0.0,0.0
2022-06-24 00:00:00-04:00,38.3319828292936,38.695025258922584,38.075195814292954,38.6861686706543,3936000,0.0,0.0
2022-06-27 00:00:00-04:00,38.624183392955246,38.86326059268491,38.48250839064861,38.69502258300781,3597300,0.0,0.0
2022-06-28 00:00:00-04:00,38.597623155363195,38.73929816783648,38.305416542125265,38.385108947753906,3869300,0.0,0.0
2022-06-29 00:00:00-04:00,38.50022437506628,38.9163962390068,38.43824176270906,38.75701141357422,3789900,0.0,0.0
2022-06-30 00:00:00-04:00,38.27000118605613,38.63304362482469,38.03092396377456,38.54449462890625,6023700,0.0,0.0
2022-07-01 00:00:00-04:00,38.02206809377198,38.757009573688265,37.9955050833939,38.73929977416992,3086700,0.0,0.0
2022-07-05 00:00:00-04:00,38.22571976655468,38.367398140630115,37.82726116176177,38.3408317565918,4736100,0.0,0.0
2022-07-06 00:00:00-04:00,38.14603678203858,38.42938681941501,37.9600855755487,38.17259979248047,4558500,0.0,0.0
2022-07-07 00:00:00-04:00,38.349693999907096,38.544495037394505,38.26114500305023,38.35854721069336,5088100,0.0,0.0
2022-07-08 00:00:00-04:00,37.570479914795754,37.87153975009989,37.384532087113485,37.490787506103516,5007600,0.0,0.0
2022-07-11 00:00:00-04:00,37.402239481644564,37.72100571811824,37.35796329693001,37.428802490234375,4086100,0.0,0.0
2022-07-12 00:00:00-04:00,37.322545085050876,37.36681788960261,36.63187649840968,36.6938591003418,5591600,0.0,0.0
2022-07-13 00:00:00-04:00,36.10059528558675,36.40165507876308,35.985483294072694,36.23341369628906,10258100,0.0,0.0
2022-07-14 00:00:00-04:00,35.52504124920564,35.649006459189025,35.29482062749344,35.613590240478516,8452300,0.0,0.0
2022-07-15 00:00:00-04:00,35.950074203005485,36.53448416310835,35.82610896568054,36.525630950927734,9194200,0.0,0.0
2022-07-18 00:00:00-04:00,36.499065385968045,36.702723029884126,35.71985103435062,35.78183364868164,4662600,0.0,0.0
2022-07-19 00:00:00-04:00,39.26172219944784,39.624764600339006,37.26941559943079,38.8809700012207,519500,0.0,0.8
2022-07-20 00:00:00-04:00,38.69503330681161,38.69503330681161,36.83554458618164,36.83554458618164,617700,0.0,0.0
2022-07-21 00:00:00-04:00,37.31369498437063,37.45537001024516,36.90637970720623,37.172019958496094,218300,0.0,0.0
2022-07-22 00:00:00-04:00,37.14545429889067,37.570479346217475,37.09232490130026,37.44651412963867,3341700,0.0,1.226
2022-07-25 00:00:00-04:00,37.7298677146068,37.80070354026655,37.207440411394536,37.33140563964844,4837000,0.0,0.0
2022-07-26 00:00:00-04:00,37.23400133478206,37.79184820842582,37.172018724132634,37.65017318725586,5246300,0.0,0.0
2022-07-27 00:00:00-04:00,37.43765861902769,38.69502737581167,37.260567377558566,38.55335235595703,4885100,0.0,0.0
2022-07-28 00:00:00-04:00,37.96008471385151,38.30541735295251,37.4199476618017,38.013214111328125,6326300,0.0,0.0
2022-07-29 00:00:00-04:00,37.47307371554785,37.70329770627146,37.15430411472963,37.34025192260742,5022600,0.0,0.0
2022-08-01 00:00:00-04:00,37.331400342572806,37.411092746256664,36.73813729788085,36.86210250854492,5712300,0.0,0.0
2022-08-02 00:00:00-04:00,36.89752423717171,37.11003847132856,36.40166332047101,36.463645935058594,4398100,0.0,0.0
2022-08-03 00:00:00-04:00,36.357381122664115,36.44592672699209,36.10059414119539,36.144866943359375,2911400,0.0,0.0
2022-08-04 00:00:00-04:00,36.24227221192178,36.27769180777956,35.85266679088194,35.95006561279297,3254600,0.0,0.0
2022-08-05 00:00:00-04:00,35.4984750742338,35.98548266049796,35.48076527755896,35.923500061035156,3820900,0.0,0.0
2022-08-08 00:00:00-04:00,35.91465049525121,36.00319610981035,35.57817107988887,35.69328308105469,2889900,0.0,0.0
2022-08-09 00:00:00-04:00,35.60473162971312,35.71099041320391,35.374511021079975,35.44534683227539,6337100,0.0,0.0
2022-08-10 00:00:00-04:00,34.68384412046341,34.825522505317274,33.453041863333674,33.91348648071289,15665300,0.0,0.0
2022-08-11 00:00:00-04:00,30.973732219934952,31.868058581242984,30.548707134701093,31.637834548950195,35389900,0.0,0.0
2022-08-12 00:00:00-04:00,31.86805858398273,32.009733612406194,31.2216626778891,31.903474807739258,11969300,0.0,0.0
2022-08-15 00:00:00-04:00,30.57527118424742,31.1951007212495,30.477868965572906,30.94717025756836,15402900,0.0,0.0
2022-08-16 00:00:00-04:00,31.017997300508732,31.469588663229526,30.867469098133988,31.221654891967773,11687500,0.0,0.0
2022-08-17 00:00:00-04:00,30.619547942815778,30.929461028148207,30.327341281388662,30.72580337524414,11519100,0.0,0.0
2022-08-18 00:00:00-04:00,30.97745111862722,30.986405224299286,30.35055781647913,30.67296028137207,6992100,0.391,0.0
2022-08-19 00:00:00-04:00,30.699828705887143,30.887899104423735,30.48489598797954,30.5028076171875,4888900,0.0,0.0
2022-08-22 00:00:00-04:00,30.46697925479763,30.672957831741712,30.395332749968357,30.493844985961914,5461900,0.0,0.0
2022-08-23 00:00:00-04:00,30.225183205560388,30.31473793742962,30.028158695895236,30.207271575927734,6075100,0.0,0.0
2022-08-24 00:00:00-04:00,29.822173892221148,30.117710595402553,29.705750031910895,30.028152465820312,5800600,0.0,0.0
2022-08-25 00:00:00-04:00,30.028158695895236,30.21622909889108,29.78635682029547,30.207271575927734,6393300,0.0,0.0
2022-08-26 00:00:00-04:00,30.25204436731338,30.50280372795803,29.643062717066186,29.723663330078125,8173600,0.0,0.0
2022-08-29 00:00:00-04:00,29.625157580402572,29.75948967183203,29.53559943648906,29.652023315429688,3794600,0.0,0.0
2022-08-30 00:00:00-04:00,29.759484854155883,29.81321973180501,29.481859777408722,29.517683029174805,3994500,0.0,0.0
2022-08-31 00:00:00-04:00,29.36544325961615,29.44604387871906,29.06990651747422,29.087818145751953,4291800,0.0,0.0
2022-09-01 00:00:00-04:00,28.505705212188886,28.648994828753665,28.308682416449056,28.380327224731445,12390900,0.0,0.0
2022-09-02 00:00:00-04:00,28.299724659389934,28.631081234396415,28.183300786330584,28.52361488342285,8153500,0.0,0.0
2022-09-06 00:00:00-04:00,28.344501248524864,28.44301349102179,28.093745297655307,28.183300018310547,5613900,0.0,0.0
2022-09-07 00:00:00-04:00,27.950454267783044,28.290768359024007,27.9056769070051,28.20121192932129,4822000,0.0,0.0
2022-09-08 00:00:00-04:00,27.681790706924765,28.245995100286,27.610145894387298,28.219127655029297,6620900,0.0,0.0
2022-09-09 00:00:00-04:00,28.613169771482642,28.63107969024774,28.416145291745735,28.55943489074707,3556800,0.0,0.0
2022-09-12 00:00:00-04:00,28.971393095153537,29.454996790158365,28.94452736197337,29.060951232910156,7797600,0.0,0.0
2022-09-13 00:00:00-04:00,28.65794978770419,28.74750451427323,28.30868157127356,28.32659149169922,5225500,0.0,0.0
2022-09-14 00:00:00-04:00,28.15643411300404,28.27285627403122,27.807164213628916,27.941499710083008,5313700,0.0,0.0
2022-09-15 00:00:00-04:00,27.85194685790206,28.1116586542225,27.71761305234687,27.780302047729492,7691000,0.0,0.0
2022-09-16 00:00:00-04:00,27.54745276609892,27.735519730253323,27.30565091948885,27.61014175415039,9666000,0.0,0.0
2022-09-19 00:00:00-04:00,27.457896779150712,27.63700964059472,27.341474614914894,27.565364837646484,5832800,0.0,0.0
2022-09-20 00:00:00-04:00,27.36833969863252,27.42207458067802,27.09967212099222,27.30565071105957,5313900,0.0,0.0
2022-09-21 00:00:00-04:00,27.171318061359084,27.189229689458504,26.625025361354872,26.66084861755371,6286700,0.0,0.0
2022-09-22 00:00:00-04:00,26.4727789366923,27.010115802306235,26.45486901741772,26.875782012939453,7544500,0.0,0.0
2022-09-23 00:00:00-04:00,26.374269365140545,26.535468893378287,26.051866892371326,26.293668746948242,9076300,0.0,0.0
2022-09-26 00:00:00-04:00,26.024998722247283,26.213067395484007,25.49661766583257,25.8100643157959,12328900,0.0,0.0
2022-09-27 00:00:00-04:00,26.150378446102486,26.311577970071205,25.61304157509962,25.66677474975586,6661800,0.0,0.0
2022-09-28 00:00:00-04:00,25.95335189327517,26.50860034768935,25.774240755960072,26.383220672607422,8868400,0.0,0.0
2022-09-29 00:00:00-04:00,26.347401923027487,26.490691531336726,26.033955264295955,26.293668746948242,7719000,0.0,0.0
2022-09-30 00:00:00-04:00,26.38321948967765,26.598155577853493,26.31157469633457,26.356353759765625,6652400,0.0,0.0
2022-10-03 00:00:00-04:00,26.777270657995338,27.234006923501678,26.651892678182687,27.090717315673828,6139600,0.0,0.0
2022-10-04 00:00:00-04:00,27.52058573053245,27.771343394581372,27.377296124832164,27.502674102783203,7889200,0.0,0.0
2022-10-05 00:00:00-04:00,27.054890228521725,27.395204280032665,27.019068685710725,27.2340030670166,5803800,0.0,0.0
2022-10-06 00:00:00-04:00,26.893694453052376,27.036984060459872,26.723537403700902,26.8668270111084,6232000,0.0,0.0
2022-10-07 00:00:00-04:00,27.03698637783769,27.242964992622323,26.90265257289758,26.965341567993164,5487200,0.0,0.0
2022-10-10 00:00:00-04:00,26.95638477566839,27.1265418334335,26.88473996842207,27.036985397338867,4554500,0.0,0.0
2022-10-11 00:00:00-04:00,27.260870790860583,27.825073334181617,27.171314370674818,27.251914978027344,5941800,0.0,0.0
2022-10-12 00:00:00-04:00,27.25191814213255,27.439985109026342,27.153405897675704,27.198184967041016,6058300,0.0,0.0
2022-10-13 00:00:00-04:00,26.84891256124159,27.637007027298502,26.651889798800703,27.448938369750977,6199500,0.0,0.0
2022-10-14 00:00:00-04:00,27.61014216113184,27.798210836205243,27.40416356645603,27.502674102783203,5553200,0.0,0.0
2022-10-17 00:00:00-04:00,28.093746148201628,28.281813117047577,27.95045483289209,28.031055450439453,5061700,0.0,0.0
2022-10-18 00:00:00-04:00,28.013145976261004,28.07583496687352,27.816121482168093,27.986278533935547,4094500,0.0,0.0
2022-10-19 00:00:00-04:00,28.254942934820306,28.31763362650237,27.851941594315754,28.040008544921875,6404400,0.0,0.0
2022-10-20 00:00:00-04:00,27.9235882037043,28.1026993528406,27.699697986173824,27.816120147705078,4433500,0.0,0.0
2022-10-21 00:00:00-04:00,27.93254510571945,28.68481469443748,27.85194448761629,28.541526794433594,7179500,0.0,0.0
2022-10-24 00:00:00-04:00,28.33554418609309,28.66690073746705,28.281811014438585,28.443012237548828,5601500,0.0,0.0
2022-10-25 00:00:00-04:00,28.604213567448568,28.935571828206328,28.595257754114925,28.872882843017578,3578100,0.0,0.0
2022-10-26 00:00:00-04:00,29.03408277503372,29.454997491782002,29.025128669191588,29.2758846282959,6537700,0.0,0.0
2022-10-27 00:00:00-04:00,29.240064459416075,29.383354065332895,29.132594692758197,29.302753448486328,6020300,0.0,0.0
2022-10-28 00:00:00-04:00,29.56246133907728,29.947552767247945,29.472906623067402,29.79530906677246,7602300,0.0,0.0
2022-10-31 00:00:00-04:00,29.678889498332108,29.974426253265744,29.616200504793564,29.70575523376465,8704100,0.0,0.0
2022-11-01 00:00:00-04:00,30.21622490944994,30.33264536147959,29.857999199052486,29.965465545654297,7927900,0.0,0.0
2022-11-02 00:00:00-04:00,30.538625692563887,30.538625692563887,29.634110675801406,29.66097640991211,7005900,0.0,0.0
2022-11-03 00:00:00-04:00,29.257970170217007,29.53559525258069,29.12363809781656,29.41021728515625,5478800,0.0,0.0
2022-11-04 00:00:00-04:00,29.77739615068273,29.786350255378554,29.284838401373705,29.544551849365234,5385900,0.0,0.0
2022-11-07 00:00:00-05:00,28.631079446592004,28.83705973803191,28.362411877787597,28.60421371459961,8028400,0.0,0.0
2022-11-08 00:00:00-05:00,28.756460595291138,29.09677468852418,28.65794835122681,28.85497283935547,6438700,0.0,0.0
2022-11-09 00:00:00-05:00,28.872882698757905,29.24006250286893,28.837059445602332,29.034080505371094,5991700,0.0,0.0
2022-11-10 00:00:00-05:00,29.786352081757165,30.00128818686203,29.490818780568155,29.974422454833984,4680900,0.0,0.0
2022-11-11 00:00:00-05:00,28.487791261353113,28.5683918776203,27.959410202777942,28.28181266784668,13085500,0.0,0.0
2022-11-14 00:00:00-05:00,29.08781708855534,29.499774275089287,29.04303972763533,29.141551971435547,7709700,0.0,0.0
2022-11-15 00:00:00-05:00,29.23110853671972,29.293797529219912,28.720639074193073,28.91766357421875,5492700,0.0,0.0
2022-11-16 00:00:00-05:00,29.69679631511182,29.777396924642282,29.34752814591092,29.4729061126709,5308800,0.0,0.0
2022-11-17 00:00:00-05:00,29.15370603361122,29.506371262121192,29.07232148476115,29.470199584960938,3529000,0.317,0.0
2022-11-18 00:00:00-05:00,29.61488055555169,29.868075377065498,29.569667687355757,29.741477966308594,4007600,0.0,0.0
2022-11-21 00:00:00-05:00,30.347339861817257,30.365425698060076,29.994671229363142,30.23882484436035,4001000,0.0,0.0
2022-11-22 00:00:00-05:00,30.40159522750567,30.618621822225446,30.35638235971592,30.609577178955078,3355300,0.0,0.0
2022-11-23 00:00:00-05:00,30.4468055981791,30.627660504025858,30.247868306316043,30.46489143371582,3453700,0.0,0.0
2022-11-25 00:00:00-05:00,30.564361824159736,30.790429594234173,30.53723479559734,30.736175537109375,1645000,0.0,0.0
2022-11-28 00:00:00-05:00,30.53723716337731,30.79043198164623,30.482979652525106,30.5281925201416,7149300,0.0,0.0
2022-11-29 00:00:00-05:00,31.025538331430845,31.30586012542201,30.917023330995544,31.070751190185547,4067400,0.0,0.0
2022-11-30 00:00:00-05:00,31.097879316213316,31.27873420715332,30.64574381362337,31.27873420715332,4092000,0.0,0.0
2022-12-01 00:00:00-05:00,31.468634722161603,31.85747158511142,31.43246304897543,31.676616668701172,3865900,0.0,0.0
2022-12-02 00:00:00-05:00,31.586190225771663,32.07449745425486,31.568104389584818,31.96598243713379,4894100,0.0,0.0
2022-12-05 00:00:00-05:00,31.685662619818416,32.09258533616007,31.67661797638818,31.794174194335938,5319100,0.0,0.0
2022-12-06 00:00:00-05:00,31.414383482479113,35.93573955108733,30.96224787561829,34.28996276855469,30761000,0.0,0.0
2022-12-07 00:00:00-05:00,33.95538166366676,34.03676620675602,33.2590924504633,33.34952163696289,14161500,0.0,0.0
2022-12-08 00:00:00-05:00,32.87930176189117,33.448993590305975,32.8340888912756,33.0963249206543,8568300,0.0,0.0
2022-12-09 00:00:00-05:00,32.89738138990474,33.00589294880225,32.49949992474675,32.52663040161133,4533000,0.0,0.0
2022-12-12 00:00:00-05:00,32.44525087394347,32.64418818768341,32.26439594820834,32.29152297973633,4446800,0.0,0.0
2022-12-13 00:00:00-05:00,33.033024088138696,33.25005068246973,32.49046277659216,32.68940353393555,7205900,0.0,0.0
2022-12-14 00:00:00-05:00,32.62611297102111,32.816009132498536,32.30961591903717,32.48142623901367,6694600,0.0,0.0
2022-12-15 00:00:00-05:00,32.59896555714603,32.68939471769575,32.1830017671766,32.219173431396484,3707800,0.0,0.0
2022-12-16 00:00:00-05:00,31.830352123384536,31.902692037436754,31.53194092292537,31.604284286499023,6353200,0.0,0.0
2022-12-19 00:00:00-05:00,31.66757487794029,31.77608644593175,31.40533542656708,31.531932830810547,3149700,0.0,0.0
2022-12-20 00:00:00-05:00,31.486721632402972,31.78513277208333,31.486721632402972,31.64044952392578,3714100,0.0,0.0
2022-12-21 00:00:00-05:00,31.839386104323545,32.41811908368719,31.785132043458614,31.9207706451416,5608300,0.0,0.0
2022-12-22 00:00:00-05:00,31.82130027157343,31.98406935323023,31.703747506670698,31.9298152923584,3333900,0.0,0.0
2022-12-23 00:00:00-05:00,31.88459885748527,31.97502804113774,31.658531072635054,31.848430633544922,3348200,0.0,0.0
2022-12-27 00:00:00-05:00,31.86651742758954,31.88459981534261,31.676617860974826,31.71278953552246,2503100,0.0,0.0
2022-12-28 00:00:00-05:00,31.83938888798473,31.947903918243178,31.43246614831793,31.450551986694336,3174000,0.0,0.0
2022-12-29 00:00:00-05:00,31.613321884092066,31.866520178260473,31.586194850600148,31.76704978942871,2395100,0.0,0.0
2022-12-30 00:00:00-05:00,31.649481802569326,31.929807026076343,31.522884427282214,31.776079177856445,2643400,0.0,0.0
2023-01-03 00:00:00-05:00,31.5952328394056,32.02024138510052,31.55906461492658,31.91172981262207,3145000,0.0,0.0
2023-01-04 00:00:00-05:00,32.16492390815266,32.183009744745746,31.595232128792592,31.676616668701172,2752300,0.0,0.0
2023-01-05 00:00:00-05:00,31.269695152363596,31.378206714536972,31.052668578496483,31.17926597595215,4352600,0.0,0.0
2023-01-06 00:00:00-05:00,31.043635494845905,31.622368576974598,30.953206294812507,31.577152252197266,2940400,0.0,0.0
2023-01-09 00:00:00-05:00,31.613318451571395,31.8303450445055,31.20639574577037,31.2244815826416,4339400,0.0,0.0
2023-01-10 00:00:00-05:00,31.40533829085913,31.531935706648785,31.24256919926647,31.414382934570312,3023000,0.0,0.0
2023-01-11 00:00:00-05:00,31.287779331092057,31.414380185323033,31.125010253744225,31.351078033447266,2899800,0.0,0.0
2023-01-12 00:00:00-05:00,31.41438043083806,31.902684217177267,31.17022681290816,31.785131454467773,3373600,0.0,0.0
2023-01-13 00:00:00-05:00,31.83034538736189,32.074499013472376,31.803214907002477,31.993114471435547,4433700,0.0,0.0
2023-01-17 00:00:00-05:00,32.09257366206781,32.29151090139712,31.993103317643396,32.1558723449707,3664900,0.0,0.0
2023-01-18 00:00:00-05:00,32.14683867230968,32.201096183102884,31.76704644531927,31.821300506591797,4844000,0.0,0.0
2023-01-19 00:00:00-05:00,31.87556119755568,32.309610978643704,31.857475358820217,32.20109939575195,3082000,0.0,0.0
2023-01-20 00:00:00-05:00,31.884599449039307,32.002155665208214,31.730875008259023,31.993114471435547,4141500,0.0,0.0
2023-01-23 00:00:00-05:00,31.97503089904785,32.12875535071589,31.893646351246844,31.97503089904785,3963100,0.0,0.0
2023-01-24 00:00:00-05:00,31.64949265077151,31.64949265077151,31.21544287978916,31.378211975097656,5041300,0.0,0.0
2023-01-25 00:00:00-05:00,31.59523307409327,31.884599569199004,31.57714723695907,31.80321502685547,3763700,0.0,0.0
2023-01-26 00:00:00-05:00,31.92981457478798,32.02024030722263,31.62236225518137,31.956941604614258,4988000,0.0,0.0
2023-01-27 00:00:00-05:00,31.94790112509472,32.04736805318731,31.758001563505495,31.9207706451416,3476100,0.0,0.0
2023-01-30 00:00:00-05:00,32.15588669750089,32.21918540865668,31.739919303378684,31.758005142211914,4742700,0.0,0.0
2023-01-31 00:00:00-05:00,32.02928101774668,32.12875139163741,31.676615837239943,31.884597778320312,5839300,0.0,0.0
2023-02-01 00:00:00-05:00,31.88459352508271,32.36385949448642,31.739910304956325,32.09257888793945,5780900,0.0,0.0
2023-02-02 00:00:00-05:00,32.038330472911035,32.20109957290464,31.531937334095264,31.76704978942871,5445600,0.0,0.0
2023-02-03 00:00:00-05:00,31.993110251734226,32.12874883755855,31.432459725195574,31.49576187133789,3633200,0.0,0.0
2023-02-06 00:00:00-05:00,32.01119911378739,32.09258365278681,31.839385392832753,31.956941604614258,4932400,0.0,0.0
2023-02-07 00:00:00-05:00,32.54471197729471,32.70747756958008,32.34577127075064,32.70747756958008,4071900,0.0,0.0
2023-02-08 00:00:00-05:00,33.060154800198525,33.087281831109856,32.761743662090986,32.8431282043457,3415300,0.0,0.0
2023-02-09 00:00:00-05:00,33.22292556541856,33.30431011179043,32.83408867158861,32.94260025024414,6059300,0.0,0.0
2023-02-10 00:00:00-05:00,32.58993160241216,32.60801743853804,32.183008913381045,32.40907669067383,2983500,0.0,0.0
2023-02-13 00:00:00-05:00,32.608013409690344,32.76173782348633,32.571841741907726,32.76173782348633,2667400,0.0,0.0
2023-02-14 00:00:00-05:00,32.653229832675144,32.671315668539926,32.33673287932223,32.60801696777344,5505900,0.0,0.0
2023-02-15 00:00:00-05:00,31.875554348336667,32.20109247658335,31.5138445503914,32.164920806884766,10405600,0.0,0.0
2023-02-16 00:00:00-05:00,31.730866322328154,31.920762385258826,31.60426894704104,31.776079177856445,5585200,0.0,0.0
2023-02-17 00:00:00-05:00,31.947895484710227,32.46332966905137,31.875552150301623,32.44524383544922,2919800,0.0,0.0
2023-02-21 00:00:00-05:00,32.463330991692295,32.62610005122325,32.291517290231745,32.55375671386719,2672100,0.0,0.0
2023-02-22 00:00:00-05:00,32.61705694887079,32.61705694887079,32.2643917864141,32.31864929199219,1990200,0.0,0.0
2023-02-23 00:00:00-05:00,32.15431463389406,32.33690306594153,31.971722719195494,32.19083023071289,2981600,0.34,0.0
2023-02-24 00:00:00-05:00,31.825652133344143,31.862171215395175,31.524374930400135,31.560894012451172,3970100,0.0,0.0
2023-02-27 00:00:00-05:00,31.8621769712416,32.026509387506266,31.734360160973097,31.789138793945312,2897500,0.0,0.0
2023-02-28 00:00:00-05:00,31.542642589763858,31.652196381462193,31.287015914916992,31.287015914916992,3264100,0.0,0.0
2023-03-01 00:00:00-05:00,31.241364111638305,31.360045917093256,31.09529125037306,31.27787971496582,3258500,0.0,0.0
2023-03-02 00:00:00-05:00,31.16832533241207,31.624803450303638,31.131806247144347,31.57002830505371,2425200,0.0,0.0
2023-03-03 00:00:00-05:00,31.451344516098924,31.652192529326893,31.396565885590302,31.643064498901367,2876300,0.0,0.0
2023-03-06 00:00:00-05:00,31.570028824122627,31.70697017215067,31.405696420367605,31.451343536376953,2782700,0.0,0.0
2023-03-07 00:00:00-05:00,31.551772753044055,31.606547905221866,31.03138791144225,31.067903518676758,2984100,0.0,0.0
2023-03-08 00:00:00-05:00,30.94008489244839,31.003991547488585,30.620551617247393,30.66619873046875,2335400,0.0,0.0
2023-03-09 00:00:00-05:00,30.930956382583958,30.958343953561208,30.46534678006198,30.58403205871582,2336300,0.0,0.0
2023-03-10 00:00:00-05:00,30.593160088157756,30.921824870490575,30.53838494620325,30.58403205871582,2418100,0.0,0.0
2023-03-13 00:00:00-04:00,30.6753257894908,30.867049231196802,30.428830689364233,30.602291107177734,3699600,0.0,0.0
2023-03-14 00:00:00-04:00,30.584030130224622,30.80314113218083,30.547511049456716,30.784881591796875,3469600,0.0,0.0
2023-03-15 00:00:00-04:00,30.49273966621842,30.812272955660905,30.31014772254343,30.657072067260742,3803300,0.0,0.0
2023-03-16 00:00:00-04:00,30.38317404467609,30.885302622188426,30.34665845211667,30.876171112060547,2025500,0.0,0.0
2023-03-17 00:00:00-04:00,31.03138501794091,31.223104997990642,30.930959271442923,31.104419708251953,2776600,0.0,0.0
2023-03-20 00:00:00-04:00,31.533508334725166,31.898688729197794,31.387435480405802,31.88956069946289,2973800,0.0,0.0
2023-03-21 00:00:00-04:00,31.91694498577497,32.026502227225286,31.789131686734127,31.99911117553711,2321500,0.0,0.0
2023-03-22 00:00:00-04:00,32.0265073938278,32.24561494677306,31.86217498779297,31.86217498779297,2301400,0.0,0.0
2023-03-23 00:00:00-04:00,32.4008183649507,32.43733396759453,31.98085584935582,32.154319763183594,2980400,0.0,0.0
2023-03-24 00:00:00-04:00,31.3417868939043,31.560894423763287,30.821398674523564,31.387434005737305,5443800,0.0,0.0
2023-03-27 00:00:00-04:00,31.706968740951975,32.08128064757556,31.661321627003062,31.989986419677734,3057700,0.0,0.0
2023-03-28 00:00:00-04:00,32.072156530244065,32.12693168060402,31.916952144702915,32.04476547241211,3110400,0.0,0.0
2023-03-29 00:00:00-04:00,31.98998783257194,32.12692918046694,31.87130254494157,32.00824737548828,2446100,0.0,0.0
2023-03-30 00:00:00-04:00,32.0082464595065,32.21822597305787,31.99911494698379,32.19996643066406,2488100,0.0,0.0
2023-03-31 00:00:00-04:00,32.382564504035436,32.62906314905234,32.30952632062942,32.48299026489258,2800000,0.0,0.0
2023-04-03 00:00:00-04:00,32.519500658810635,32.82990592320217,32.482985055615885,32.820777893066406,2816900,0.0,0.0
2023-04-04 00:00:00-04:00,33.03075274253607,33.395936584064486,32.97597412151144,33.36854553222656,3452900,0.0,0.0
2023-04-05 00:00:00-04:00,33.77025321070619,34.21759982279988,33.74286215501046,34.19021224975586,5253100,0.0,0.0
2023-04-06 00:00:00-04:00,34.50974129742405,34.88405317445454,34.43670661741022,34.69233322143555,5059700,0.0,0.0
2023-04-10 00:00:00-04:00,34.69233564139145,34.737982754915606,34.400189935655014,34.57365036010742,2681600,0.0,0.0
2023-04-11 00:00:00-04:00,34.537137171972205,34.537137171972205,34.08065903953367,34.098915100097656,2963100,0.0,0.0
2023-04-12 00:00:00-04:00,34.49148462873972,34.628429453814064,34.3636713160845,34.42757797241211,2524700,0.0,0.0
2023-04-13 00:00:00-04:00,34.71972745968482,34.9844856262207,34.68321185399004,34.9844856262207,2760700,0.0,0.0
2023-04-14 00:00:00-04:00,34.78363076832135,34.801890310733704,34.391059313084696,34.482357025146484,2693900,0.0,0.0
2023-04-17 00:00:00-04:00,34.40019134199753,34.40931937201492,34.08978608163119,34.135433197021484,2903600,0.0,0.0
2023-04-18 00:00:00-04:00,33.91631796772346,33.998484149875246,33.53287462346483,33.578521728515625,2495400,0.0,0.0
2023-04-19 00:00:00-04:00,33.77937983125259,33.82502694530505,33.578528350239885,33.71547317504883,2649200,0.0,0.0
2023-04-20 00:00:00-04:00,33.63330508386948,33.63330508386948,33.25899319746242,33.286380767822266,2999000,0.0,0.0
2023-04-21 00:00:00-04:00,33.405071766457915,33.52375706276826,33.277258439347676,33.514625549316406,2268100,0.0,0.0
2023-04-24 00:00:00-04:00,33.55113689943501,33.56939643947529,33.368544981683364,33.459842681884766,2480600,0.0,0.0
2023-04-25 00:00:00-04:00,34.00762130732188,34.071527968079195,33.49636453861151,33.69721603393555,3995900,0.0,0.0
2023-04-26 00:00:00-04:00,33.68808949398708,33.78851176344024,32.61080076119896,32.802520751953125,3765700,0.0,0.0
2023-04-27 00:00:00-04:00,32.912072217052085,32.985110388949224,32.59253892163139,32.875553131103516,2696200,0.0,0.0
2023-04-28 00:00:00-04:00,32.79338453451704,33.112921289257315,32.729477880099275,32.8938102722168,2559900,0.0,0.0
2023-05-01 00:00:00-04:00,32.85729507953239,33.21334743932384,32.820775995796986,33.049015045166016,2055100,0.0,0.0
2023-05-02 00:00:00-04:00,33.0490213110084,33.35942661630682,33.00337418901055,33.18596267700195,2631500,0.0,0.0
2023-05-03 00:00:00-04:00,33.59678932478495,33.980232761007116,33.5237546357175,33.63330841064453,4806700,0.0,0.0
2023-05-04 00:00:00-04:00,33.74286462848525,33.788511747788625,33.47810646081292,33.514625549316406,2735400,0.0,0.0
2023-05-05 00:00:00-04:00,33.304641742739584,33.825026497887734,33.24986311701027,33.7611198425293,2511000,0.0,0.0
2023-05-08 00:00:00-04:00,33.84329080394953,33.94371655726454,33.54201702665651,33.56940460205078,2112000,0.0,0.0
2023-05-09 00:00:00-04:00,33.149438894130355,33.405065500400895,33.11291981247705,33.277252197265625,2132900,0.0,0.0
2023-05-10 00:00:00-04:00,33.26811838969202,33.39593516665796,33.021619829520034,33.350284576416016,2648500,0.0,0.0
2023-05-11 00:00:00-04:00,33.05814838822798,33.140314598513505,32.83904081590127,33.12205505371094,1435000,0.0,0.0
2023-05-12 00:00:00-04:00,33.65156175528769,33.888928804350854,33.27724990080083,33.350284576416016,2048200,0.0,0.0
2023-05-15 00:00:00-04:00,33.44158041336323,33.64242837211692,33.29550758761015,33.578521728515625,2479300,0.0,0.0
2023-05-16 00:00:00-04:00,33.27725742407878,33.478105439416275,33.27725742407878,33.29551696777344,2117600,0.0,0.0
2023-05-17 00:00:00-04:00,33.37768711944623,33.38681515104687,32.784264068488724,32.99424362182617,2407700,0.0,0.0
2023-05-18 00:00:00-04:00,32.79880997906955,32.835680615447494,32.337893617473945,32.45772933959961,3261500,0.348,0.0
2023-05-19 00:00:00-04:00,32.411643922059476,32.88177714362144,32.411643922059476,32.82646942138672,2639800,0.0,0.0
2023-05-22 00:00:00-04:00,32.642103232783775,32.872561460498005,32.53148426810471,32.5867919921875,3494500,0.0,0.0
2023-05-23 00:00:00-04:00,32.69740441161029,32.85411427030615,32.58678196445891,32.651309967041016,1678100,0.0,0.0
2023-05-24 00:00:00-04:00,32.301021883080544,32.31945896090635,31.978378295898438,31.978378295898438,2879300,0.0,0.0
2023-05-25 00:00:00-04:00,31.803230263443368,31.84010441785684,31.277785870846643,31.443716049194336,3224300,0.0,0.0
2023-05-26 00:00:00-04:00,31.60964760791572,31.830885511032022,31.51746221785637,31.563556671142578,2207700,0.0,0.0
2023-05-30 00:00:00-04:00,31.61886776805599,31.61886776805599,31.130297456319298,31.2132625579834,4934900,0.0,0.0
2023-05-31 00:00:00-04:00,30.881401340457433,31.04733153942872,30.779999161473494,30.973583221435547,3342200,0.0,0.0
2023-06-01 00:00:00-04:00,30.899839267947634,31.342318638509685,30.724692282677275,31.15795135498047,2671300,0.0,0.0
2023-06-02 00:00:00-04:00,31.296222948053376,31.581988853475472,31.231694936086264,31.443716049194336,1990800,0.0,0.0
2023-06-05 00:00:00-04:00,31.50824385130804,31.738702040087936,31.499023554509627,31.600425720214844,1433800,0.0,0.0
2023-06-06 00:00:00-04:00,31.95072494053402,32.01525295568394,31.74792059776966,31.913850784301758,2273200,0.0,0.0
2023-06-07 00:00:00-04:00,31.959937327988655,31.987594699617496,31.554332214729197,31.674171447753906,2232600,0.0,0.0
2023-06-08 00:00:00-04:00,31.803226726172426,32.02446811153305,31.683387495914065,32.00603103637695,2523800,0.0,0.0
2023-06-09 00:00:00-04:00,31.83089037477738,32.09822277202816,31.738708487145747,32.042911529541016,1751200,0.0,0.0
2023-06-12 00:00:00-04:00,31.867763932780274,31.987603197642223,31.581994460113634,31.701833724975586,2700300,0.0,0.0
2023-06-13 00:00:00-04:00,31.69261223855342,31.950724293929532,31.683391941425405,31.932287216186523,3800400,0.0,0.0
2023-06-14 00:00:00-04:00,32.024472821611404,32.05212668015655,31.747920170107832,31.775577545166016,1954800,0.0,0.0
2023-06-15 00:00:00-04:00,32.1903988682603,32.55913338547473,32.16274501024876,32.51304244995117,3320800,0.0,0.0
2023-06-16 00:00:00-04:00,32.51304280842134,32.70662684966242,32.006035479046254,32.40242385864258,5945400,0.0,0.0
2023-06-20 00:00:00-04:00,32.07978097083385,32.181183142216035,31.904634003500234,31.913850784301758,2696200,0.0,0.0
2023-06-21 00:00:00-04:00,32.08900057050858,32.439294497560155,31.858542373836904,32.40242385864258,7023200,0.0,0.0
2023-06-22 00:00:00-04:00,31.95993787640206,32.125868042971966,31.858539233731708,31.969158172607422,4840500,0.0,0.0
2023-06-23 00:00:00-04:00,33.18598032736141,33.71142473455693,32.94630535004064,33.536277770996094,7620300,0.0,0.0
2023-06-26 00:00:00-04:00,33.545498265024726,33.600809504304536,33.16754692122955,33.434879302978516,3735500,0.0,0.0
2023-06-27 00:00:00-04:00,33.130667111504344,33.315034361147745,32.881771851962675,32.96473693847656,4939000,0.0,0.0
2023-06-28 00:00:00-04:00,32.83568115155541,32.872555305048174,32.58678589024854,32.752716064453125,3887300,0.0,0.0
2023-06-29 00:00:00-04:00,32.356323807662136,32.73427504414835,32.291795805080035,32.651309967041016,4049900,0.0,0.0
2023-06-30 00:00:00-04:00,32.49460791354894,32.88177602203933,32.49460791354894,32.854122161865234,4970000,0.0,0.0
2023-07-03 00:00:00-04:00,32.817248634525086,32.82646893243579,32.5314826965332,32.5314826965332,2389300,0.0,0.0
2023-07-05 00:00:00-04:00,32.29179643522092,32.32867058499094,31.996810270085692,32.0152473449707,3310900,0.0,0.0
2023-07-06 00:00:00-04:00,31.794012206261566,31.794012206261566,31.360749700585245,31.425277709960938,3185600,0.0,0.0
2023-07-07 00:00:00-04:00,31.360751704068427,31.416062937000913,31.074982275353406,31.16716766357422,3369900,0.0,0.0
2023-07-10 00:00:00-04:00,31.139508702435823,31.32387595297178,31.065763912129132,31.204036712646484,2911100,0.0,0.0
2023-07-11 00:00:00-04:00,31.25935022039969,31.480591640465633,31.2501334396321,31.45293426513672,2587900,0.0,0.0
2023-07-12 00:00:00-04:00,31.66495966192114,32.04291102164185,31.66495966192114,31.80323600769043,3051300,0.0,0.0
2023-07-13 00:00:00-04:00,32.319455231481385,32.37476294206368,32.079776763916016,32.079776763916016,2849000,0.0,0.0
2023-07-14 00:00:00-04:00,32.08900050444137,32.153528518055545,31.812447855794343,31.83088493347168,2875100,0.0,0.0
2023-07-17 00:00:00-04:00,31.830877945822333,31.895405945271047,31.747912872743672,31.812440872192383,2404600,0.0,0.0
2023-07-18 00:00:00-04:00,31.959937530133327,32.26414400438646,31.895409523445565,32.079776763916016,2806900,0.0,0.0
2023-07-19 00:00:00-04:00,32.42085964343231,32.577573056504015,32.37476870423942,32.43929672241211,2490200,0.0,0.0
2023-07-20 00:00:00-04:00,32.82646636537779,32.964739174605334,32.79881250683489,32.90943145751953,2862900,0.0,0.0
2023-07-21 00:00:00-04:00,32.75271250950043,33.01082803942125,32.69740480177717,32.95551681518555,3220400,0.0,0.0
2023-07-24 00:00:00-04:00,32.78037431622381,33.05692344180435,32.752716942106716,32.93708419799805,3149600,0.0,0.0
2023-07-25 00:00:00-04:00,32.78037542896861,33.04770426674707,32.77115513177895,32.90943145751953,3574700,0.0,0.0
2023-07-26 00:00:00-04:00,32.955524079546066,33.16754521108324,32.70662879039028,33.06614303588867,4243100,0.0,0.0
2023-07-27 00:00:00-04:00,33.40722371909097,33.536279754242884,33.05692625474063,33.06614303588867,2957000,0.0,0.0
2023-07-28 00:00:00-04:00,32.92786961036174,32.97396054827562,32.6328833878971,32.66975402832031,2865900,0.0,0.0
2023-07-31 00:00:00-04:00,32.76193507244722,32.85411693604047,32.632879056811596,32.789588928222656,2401700,0.0,0.0
2023-08-01 00:00:00-04:00,32.47616842396605,32.56835381189243,32.1535283575062,32.19961929321289,2612800,0.0,0.0
2023-08-02 00:00:00-04:00,31.941504168707965,32.144304969619704,31.886192941270593,31.923067092895508,2174000,0.0,0.0
2023-08-03 00:00:00-04:00,31.342309761919118,31.628079146281095,31.31465590800141,31.499019622802734,2554500,0.0,0.0
2023-08-04 00:00:00-04:00,31.379186522626863,31.812445508277516,31.379186522626863,31.692609786987305,3802000,0.0,0.0
2023-08-07 00:00:00-04:00,31.803231188498465,31.932287216186523,31.747919955269435,31.932287216186523,1985300,0.0,0.0
2023-08-08 00:00:00-04:00,31.950726053169063,32.273366140154096,31.886198035772058,32.24571228027344,2302200,0.0,0.0
2023-08-09 00:00:00-04:00,32.2918040777112,32.549919670677006,32.2918040777112,32.43008041381836,1547700,0.0,0.0
2023-08-10 00:00:00-04:00,32.430076307755094,32.63288063729775,32.319457362783126,32.337894439697266,1693600,0.0,0.0
2023-08-11 00:00:00-04:00,31.92307561534428,32.77116023005313,31.913855316720202,32.568359375,5244000,0.0,0.0
2023-08-14 00:00:00-04:00,32.43007904126023,32.74350234219305,32.28258593002791,32.66975402832031,5034700,0.0,0.0
2023-08-15 00:00:00-04:00,32.50381851196289,32.586783593217,32.328671569987584,32.50381851196289,3432200,0.0,0.0
2023-08-16 00:00:00-04:00,32.25492636072355,32.5130383805601,32.25492636072355,32.31023406982422,2841900,0.0,0.0
2023-08-17 00:00:00-04:00,32.37636439806529,32.58127924367652,32.37636439806529,32.46950912475586,4810000,0.361,0.0
2023-08-18 00:00:00-04:00,32.14350891637015,32.31116587654905,32.068996685795156,32.10625457763672,3384500,0.0,0.0
2023-08-21 00:00:00-04:00,32.19008330891332,32.264595540069756,32.0503679899713,32.18076705932617,2819600,0.0,0.0
2023-08-22 00:00:00-04:00,32.3391125989923,32.41362483308566,32.245967864990234,32.245967864990234,2488300,0.0,0.0
2023-08-23 00:00:00-04:00,32.46019997948709,32.562657424715646,32.27391759155387,32.5533447265625,2987400,0.0,0.0
2023-08-24 00:00:00-04:00,32.450881194400836,32.64647979690684,32.07830938220148,32.10625457763672,2788400,0.0,0.0
2023-08-25 00:00:00-04:00,32.32048542621501,32.46019720522424,32.11557055327128,32.385684967041016,2429100,0.0,0.0
2023-08-28 00:00:00-04:00,32.36705951383961,32.79551470070113,32.36705951383961,32.70237350463867,3077900,0.0,0.0
2023-08-29 00:00:00-04:00,33.000423680214574,33.14013900237221,32.76756717869068,33.07493591308594,2568800,0.0,0.0
2023-08-30 00:00:00-04:00,33.251911181648104,33.34505236676614,33.019054665744555,33.056312561035156,1809900,0.0,0.0
2023-08-31 00:00:00-04:00,33.15876080128868,33.17738974576417,32.72099304199219,32.72099304199219,3957600,0.0,0.0
2023-09-01 00:00:00-04:00,32.92590559575274,32.93522184490396,32.55333735118759,32.62784957885742,1653900,0.0,0.0
2023-09-05 00:00:00-04:00,32.57197091258434,32.590599860418955,32.16214116643993,32.190086364746094,2375700,0.0,0.0
2023-09-06 00:00:00-04:00,32.227338927688955,32.24596787449486,31.96654077862289,32.05036926269531,2270400,0.0,0.0
2023-09-07 00:00:00-04:00,32.1900828017558,32.34842351116114,32.106254322332944,32.26459503173828,2431000,0.0,0.0
2023-09-08 00:00:00-04:00,33.12151127305202,34.09019165462696,32.99110864279559,34.04362106323242,11780400,0.0,0.0
2023-09-11 00:00:00-04:00,34.22990266648572,34.61178715274941,34.07156196508494,34.481388092041016,5942600,0.0,0.0
2023-09-12 00:00:00-04:00,34.42550430796186,34.45344950423837,34.06224873434132,34.33236312866211,3129500,0.0,0.0
2023-09-13 00:00:00-04:00,34.20196913483798,34.31373927721538,34.13676958902544,34.23922348022461,4166000,0.0,0.0
2023-09-14 00:00:00-04:00,34.55590866616703,34.82602310180664,34.50933806939335,34.82602310180664,4262100,0.0,0.0
2023-09-15 00:00:00-04:00,35.114762895893875,35.20790407991648,34.80739059302412,34.863277435302734,4725000,0.0,0.0
2023-09-18 00:00:00-04:00,35.11475853401959,35.161329120246,34.686303455763834,34.78875732421875,3366300,0.0,0.0
2023-09-19 00:00:00-04:00,34.72356134246495,34.909847259521484,34.658361804461414,34.909847259521484,2359700,0.0,0.0
2023-09-20 00:00:00-04:00,35.30105181071937,35.589791637540806,35.25447766164998,35.45939254760742,4369200,0.0,0.0
2023-09-21 00:00:00-04:00,35.28242164647791,35.3755628351912,35.03093617322172,35.04024887084961,4350600,0.0,0.0
2023-09-22 00:00:00-04:00,35.02161815876285,35.152020790746285,34.80739059302412,34.863277435302734,4456500,0.0,0.0
2023-09-25 00:00:00-04:00,34.816704301244805,35.13338927815156,34.611789447626265,35.12407302856445,5102400,0.0,0.0
2023-09-26 00:00:00-04:00,35.04956156690301,35.17064438932849,34.72356033325195,34.72356033325195,2930800,0.0,0.0
2023-09-27 00:00:00-04:00,34.63973466844903,34.73287940840118,34.27647906540696,34.500022888183594,2868900,0.0,0.0
2023-09-28 00:00:00-04:00,34.174024005374434,34.323052046556676,33.81076837706201,33.848026275634766,8135400,0.0,0.0
2023-09-29 00:00:00-04:00,34.024996491052725,34.155395584967756,33.615170259732785,33.764198303222656,4209400,0.0,0.0
2023-10-02 00:00:00-04:00,33.61516571044922,33.68036524858301,33.36368025488675,33.61516571044922,3187600,0.0,0.0
2023-10-03 00:00:00-04:00,33.698993178644145,33.726934821827285,33.317108658338896,33.42887878417969,2932200,0.0,0.0
2023-10-04 00:00:00-04:00,33.69899904468362,33.76419859219916,33.382314005418635,33.605857849121094,3414600,0.0,0.0
2023-10-05 00:00:00-04:00,33.47545543540736,33.717628230540015,33.42888483729997,33.68037033081055,2399300,0.0,0.0
2023-10-06 00:00:00-04:00,33.997049204284366,34.276476295341766,33.73625105971189,34.13676452636719,3767700,0.0,0.0
2023-10-09 00:00:00-04:00,34.41619641467608,34.593166101288205,34.192652578805586,34.555908203125,2661800,0.0,0.0
2023-10-10 00:00:00-04:00,34.695620974786934,34.90053584639784,34.65836307938341,34.779449462890625,2095400,0.0,0.0
2023-10-11 00:00:00-04:00,35.0309303277966,35.11475880489398,34.78875759257837,34.98435974121094,2975600,0.0,0.0
2023-10-12 00:00:00-04:00,34.714249177835214,34.85396095293876,34.45345102182186,34.472076416015625,4382200,0.0,0.0
2023-10-13 00:00:00-04:00,34.36962588572469,34.62110781604618,34.118140402294465,34.164710998535156,2423700,0.0,0.0
2023-10-16 00:00:00-04:00,33.82008206873007,34.155392471182,33.77350792248451,34.07156753540039,2737100,0.0,0.0
2023-10-17 00:00:00-04:00,34.13676248615444,34.453447451254746,33.987734476290065,34.15538787841797,3456300,0.0,0.0
2023-10-18 00:00:00-04:00,34.10881754012205,34.25784555107251,33.736249289299906,33.801448822021484,2696200,0.0,0.0
2023-10-19 00:00:00-04:00,33.3823076901589,33.40093663636896,32.83276621284092,32.963165283203125,4049100,0.0,0.0
2023-10-20 00:00:00-04:00,33.10288263873615,33.27985230895134,33.09356638850417,33.140140533447266,2816700,0.0,0.0
2023-10-23 00:00:00-04:00,33.307796728649386,33.50339891562619,33.214655537219436,33.345054626464844,3782800,0.0,0.0
2023-10-24 00:00:00-04:00,33.32642084762127,33.522023006249825,33.261221312447816,33.5127067565918,2455900,0.0,0.0
2023-10-25 00:00:00-04:00,33.652423349906805,33.792135122089846,33.3729962524324,33.57790756225586,2316400,0.0,0.0
2023-10-26 00:00:00-04:00,33.6431024837103,33.717618261136906,33.18670578284979,33.2332763671875,4358600,0.0,0.0
2023-10-27 00:00:00-04:00,33.000426053454866,33.000426053454866,32.12488682387921,32.190086364746094,5294000,0.0,0.0
2023-10-30 00:00:00-04:00,32.92591070725488,33.07493873883803,32.76756997818278,32.85139846801758,3500000,0.0,0.0
2023-10-31 00:00:00-04:00,32.9631678046497,33.26122386059337,32.80482707941457,33.25191116333008,5726200,0.0,0.0
2023-11-01 00:00:00-04:00,31.901348795469136,32.50677727414505,31.566034779778423,32.20872116088867,8161300,0.0,0.0
2023-11-02 00:00:00-04:00,31.659166985261557,31.864078261199396,31.3611074370554,31.826820373535156,5188600,0.0,0.0
2023-11-03 00:00:00-04:00,31.975854236644363,32.273910253297814,31.9665379875007,32.07830810546875,4685100,0.0,0.0
2023-11-06 00:00:00-05:00,32.283221955706935,32.553336322831676,32.19939348153401,32.4043083190918,2831300,0.0,0.0
2023-11-07 00:00:00-05:00,32.58128356933594,32.68374100574433,32.516084028550324,32.58128356933594,2672800,0.0,0.0
2023-11-08 00:00:00-05:00,32.730312105012324,32.87934013670021,32.55334242772938,32.655799865722656,2780400,0.0,0.0
2023-11-09 00:00:00-05:00,32.65580458065902,32.66511727949912,32.07831776551934,32.096946716308594,4006500,0.0,0.0
2023-11-10 00:00:00-05:00,32.06899820950122,32.106256103113026,31.566027305066687,32.05036926269531,3927900,0.0,0.0
2023-11-13 00:00:00-05:00,32.134202557445306,32.245972701905075,31.975861815553028,32.23666000366211,4261500,0.0,0.0
2023-11-14 00:00:00-05:00,32.273918179414636,32.32048877724621,32.041061637147884,32.11557388305664,3426100,0.0,0.0
2023-11-15 00:00:00-05:00,32.04105504346805,32.3204821260635,32.02242609754727,32.10625457763672,4420900,0.0,0.0
2023-11-16 00:00:00-05:00,32.37905839765883,32.45431650624224,32.25676935396698,32.39787292480469,4111600,0.34,0.0
2023-11-17 00:00:00-05:00,32.73652488861663,33.20687726801774,32.661270373934464,33.11280822753906,4817100,0.0,0.0
2023-11-20 00:00:00-05:00,32.89645054311983,33.244510341200375,32.89645054311983,33.02814865112305,2468900,0.0,0.0
2023-11-21 00:00:00-05:00,33.197475243846085,33.4514659856965,33.197475243846085,33.28213882446289,2758800,0.0,0.0
2023-11-22 00:00:00-05:00,33.20687726801774,33.272726314053585,33.04695918150322,33.11280822753906,1712700,0.0,0.0
2023-11-24 00:00:00-05:00,33.696047162595974,33.8277452663514,33.64901263818392,33.686641693115234,1808000,0.0,0.0
2023-11-27 00:00:00-05:00,33.790112745198755,33.85596537882543,33.413832999997254,33.517311096191406,2295500,0.0,0.0
2023-11-28 00:00:00-05:00,33.347989315780346,33.66782912429505,33.33858025724804,33.5267219543457,2368300,0.0,0.0
2023-11-29 00:00:00-05:00,33.45146535411512,33.51731440574002,33.25391461073628,33.385616302490234,2020300,0.0,0.0
2023-11-30 00:00:00-05:00,33.743085113780865,33.87478323091087,33.48909434995676,33.85597229003906,2890500,0.0,0.0
2023-12-01 00:00:00-05:00,33.89359926041543,34.42039534075597,33.855973788501956,34.401580810546875,2547400,0.0,0.0
2023-12-04 00:00:00-05:00,34.27928304054306,34.56149736304019,34.22284304684698,34.4580192565918,3358900,0.0,0.0
2023-12-05 00:00:00-05:00,34.109959121173056,34.24166082547868,33.99707553455846,34.175811767578125,2271400,0.0,0.0
2023-12-06 00:00:00-05:00,34.16639477003365,34.2604638056044,33.98766216704774,34.02528762817383,2330400,0.0,0.0
2023-12-07 00:00:00-05:00,33.90300075612484,33.94062980814811,33.68663908974688,33.86537170410156,2343700,0.0,0.0
2023-12-08 00:00:00-05:00,33.79011491661467,33.95003659969263,33.7148603981399,33.808929443359375,1507600,0.0,0.0
2023-12-11 00:00:00-05:00,34.08173421517013,34.260466833954574,33.997070640271396,34.21343231201172,2684200,0.0,0.0
2023-12-12 00:00:00-05:00,34.33572945981287,34.38276398794733,34.147587758770534,34.26047134399414,4075300,0.0,0.0
2023-12-13 00:00:00-05:00,34.37335884647465,34.60853507790072,34.22284620190215,34.561500549316406,2735800,0.0,0.0
2023-12-14 00:00:00-05:00,34.82489483375397,35.17295463202948,34.59912408526178,34.78726577758789,4002000,0.0,0.0
2023-12-15 00:00:00-05:00,34.14758145218361,34.25105954807114,33.74307812562533,33.75248718261719,5836300,0.0,0.0
2023-12-18 00:00:00-05:00,34.33572475587925,34.38275927757007,34.13817761167542,34.298095703125,2469600,0.0,0.0
2023-12-19 00:00:00-05:00,34.16640052828246,34.40157674534856,34.12877147231085,34.33572769165039,1839600,0.0,0.0
2023-12-20 00:00:00-05:00,34.458021800837656,34.505056328558624,34.03470387434,34.04410934448242,4426000,0.0,0.0
2023-12-21 00:00:00-05:00,34.448609824709756,34.63675150816422,34.39216983162631,34.62734603881836,2818800,0.0,0.0
2023-12-22 00:00:00-05:00,34.712009243825676,34.95659091773456,34.702600186076815,34.79667282104492,1768300,0.0,0.0
2023-12-26 00:00:00-05:00,34.693197854197784,34.86252502394883,34.67438332550273,34.815486907958984,1325800,0.0,0.0
2023-12-27 00:00:00-05:00,34.68378860303702,34.93777935625346,34.63675407581274,34.900150299072266,1880400,0.0,0.0
2023-12-28 00:00:00-05:00,34.947186838841674,35.135324939254645,34.890743255615234,34.890743255615234,1709900,0.0,0.0
2023-12-29 00:00:00-05:00,34.75904782365201,34.96600046772629,34.75904782365201,34.862525939941406,1488800,0.0,0.0
2024-01-02 00:00:00-05:00,34.71200835575701,35.35168790315824,34.636750249707916,35.28583526611328,3120300,0.0,0.0
2024-01-03 00:00:00-05:00,35.85026728737744,36.63105055313064,35.78441822599481,36.61223602294922,4902500,0.0,0.0
2024-01-04 00:00:00-05:00,36.34883826400765,36.85681979224178,36.33943279356089,36.75334167480469,3474100,0.0,0.0
2024-01-05 00:00:00-05:00,36.62163647021925,36.97910528259326,36.55578742432191,36.885032653808594,2289100,0.0,0.0
2024-01-08 00:00:00-05:00,36.96029407808557,37.2895393371582,36.913259553718646,37.2895393371582,2260000,0.0,0.0
2024-01-09 00:00:00-05:00,37.53412555410443,37.72226365632708,37.40242385864258,37.40242385864258,2967600,0.0,0.0
2024-01-10 00:00:00-05:00,37.524713226734306,37.67522584850233,37.4776787052763,37.6187858581543,2165200,0.0,0.0
2024-01-11 00:00:00-05:00,37.449461026210756,37.49649555057768,37.12962123660983,37.2895393371582,2407200,0.0,0.0
2024-01-12 00:00:00-05:00,37.609383561387034,37.94803791836725,37.57175450205488,37.722267150878906,3568200,0.0,0.0
2024-01-16 00:00:00-05:00,37.76930294694203,37.79752294545366,37.44005408078736,37.51531219482422,2356500,0.0,0.0
2024-01-17 00:00:00-05:00,37.48709081966927,37.52471987890794,37.22369458200781,37.421241760253906,4021000,0.0,0.0
2024-01-18 00:00:00-05:00,37.18606365869485,37.28013630207581,36.93207290432288,37.195472717285156,3622700,0.0,0.0
2024-01-19 00:00:00-05:00,37.13902962492523,37.36480038353616,37.0355515100829,37.327171325683594,3401800,0.0,0.0
2024-01-22 00:00:00-05:00,37.07318208415817,37.28954379290251,36.997927553879734,37.186065673828125,3399700,0.0,0.0
2024-01-23 00:00:00-05:00,36.90385124738018,37.04495841185913,36.7627476714055,36.95088577270508,2817200,0.0,0.0
2024-01-24 00:00:00-05:00,37.12962212299952,37.37420380864888,36.30180083806335,36.7157096862793,5809900,0.0,0.0
2024-01-25 00:00:00-05:00,36.63104490850263,36.64045396639582,36.27357965565299,36.5369758605957,3936700,0.0,0.0
2024-01-26 00:00:00-05:00,37.03555243876657,37.12021602680559,36.725121674959865,36.75334167480469,3061400,0.0,0.0
2024-01-29 00:00:00-05:00,36.86622368444305,36.88503821303567,36.55579293392591,36.743934631347656,2178600,0.0,0.0
2024-01-30 00:00:00-05:00,36.83800481956734,36.88503934824425,36.62164311684991,36.77215576171875,2393900,0.0,0.0
2024-01-31 00:00:00-05:00,38.25846108407341,38.86051514823708,37.0637691899695,37.10139465332031,7553300,0.0,0.0
2024-02-01 00:00:00-05:00,37.57174803737435,38.27727663018673,37.4870844626967,38.2208366394043,5354900,0.0,0.0
2024-02-02 00:00:00-05:00,38.20202573429928,38.42779289583839,38.01388404068047,38.305503845214844,3925000,0.0,0.0
2024-02-05 00:00:00-05:00,39.29324423740396,39.40612782100706,38.95458989809022,39.1051025390625,7985100,0.0,0.0
2024-02-06 00:00:00-05:00,39.21798192657716,39.293240033263345,38.851107627742095,39.2744255065918,3671600,0.0,0.0
2024-02-07 00:00:00-05:00,39.44375591187501,39.707152129996324,39.41553591379182,39.528419494628906,6042800,0.0,0.0
2024-02-08 00:00:00-05:00,39.34027862548828,39.406127681398836,38.99221881731757,39.34027862548828,4303300,0.0,0.0
2024-02-09 00:00:00-05:00,39.471976543663445,39.566049186291586,39.29324390542655,39.42494201660156,3503400,0.0,0.0
2024-02-12 00:00:00-05:00,38.95458633287029,38.95458633287029,38.45601392812477,38.63474655151367,6688800,0.0,0.0
2024-02-13 00:00:00-05:00,39.105099096890754,39.1333190931814,38.64415574445773,38.93577194213867,7056800,0.0,0.0
2024-02-14 00:00:00-05:00,39.28383548091566,39.4437571817123,39.123917368623474,39.32146453857422,7442600,0.0,0.0
2024-02-15 00:00:00-05:00,39.30264887809473,39.52841962904094,39.20857982516134,39.293243408203125,4145000,0.0,0.0
2024-02-16 00:00:00-05:00,39.509602914014046,39.72596459458934,39.396719339040885,39.45315933227539,3765800,0.0,0.0
2024-02-20 00:00:00-05:00,39.75418665630308,40.08343551745906,39.50019949654572,39.528419494628906,4154300,0.0,0.0
2024-02-21 00:00:00-05:00,39.34027575730223,39.500197444643014,39.274426706192536,39.45315933227539,3661200,0.0,0.0
2024-02-22 00:00:00-05:00,39.56335434666214,40.12379574513161,39.54435590323812,40.04780197143555,6179400,0.406,0.0
2024-02-23 00:00:00-05:00,40.22828181035308,40.32327402761901,40.02880358946851,40.10479736328125,3440900,0.0,0.0
2024-02-26 00:00:00-05:00,40.3897705303965,40.456263276885444,40.13329695526074,40.218788146972656,3023400,0.0,0.0
2024-02-27 00:00:00-05:00,40.00980259150093,40.31377042017923,39.962308297691635,40.256778717041016,3733600,0.0,0.0
2024-02-28 00:00:00-05:00,40.22828555779269,40.313776749504605,40.01930990750582,40.218788146972656,4041100,0.0,0.0
2024-02-29 00:00:00-05:00,40.51324842221116,40.5512416795177,39.70583100944855,39.80082321166992,4381400,0.0,0.0
2024-03-01 00:00:00-05:00,39.90531414875182,39.981307919955476,39.68683749191498,39.924312591552734,2324500,0.0,0.0
2024-03-04 00:00:00-05:00,39.933812321320204,40.31377029418945,39.91481387913939,40.31377029418945,2404300,0.0,0.0
2024-03-05 00:00:00-05:00,40.494251121208556,40.63673399317684,40.36126565793865,40.46575164794922,2635200,0.0,0.0
2024-03-06 00:00:00-05:00,40.25677859599721,40.570243833061916,40.20928430233072,40.4847526550293,3247400,0.0,0.0
2024-03-07 00:00:00-05:00,41.491648438611804,41.643632352821356,41.30166763995429,41.39665985107422,4382300,0.0,0.0
2024-03-08 00:00:00-05:00,40.86471170804742,41.05469249447104,40.76022209433533,40.97869873046875,3308100,0.0,0.0
2024-03-11 00:00:00-04:00,40.73173253527379,40.80772268742997,40.5892460175548,40.76972579956055,2514700,0.0,0.0
2024-03-12 00:00:00-04:00,40.779221850093336,41.10218811035156,40.66523482399697,41.10218811035156,2196700,0.0,0.0
2024-03-13 00:00:00-04:00,41.10218811529337,41.19717669978806,40.921708355320575,41.187679290771484,1677700,0.0,0.0
2024-03-14 00:00:00-04:00,41.04518775861142,41.09268204503632,40.66522984363046,40.92170333862305,1843300,0.0,0.0
2024-03-15 00:00:00-04:00,40.16178512065356,40.30427162074942,39.715334425945535,40.0762939453125,4130000,0.0,0.0
2024-03-18 00:00:00-04:00,40.09529752132364,40.22828300586544,40.028804779052734,40.028804779052734,1346100,0.0,0.0
2024-03-19 00:00:00-04:00,40.123793179940016,40.20928435809119,39.96230823295121,40.19978332519531,1998800,0.0,0.0
2024-03-20 00:00:00-04:00,39.91481017032294,39.933808610738446,39.65833666008655,39.82931900024414,1799300,0.0,0.0
2024-03-21 00:00:00-04:00,40.05729931052794,40.40876507787693,40.03830449072008,40.24728012084961,2024400,0.0,0.0
2024-03-22 00:00:00-04:00,40.408762502685335,40.54174797436076,40.20928429517219,40.22827911376953,1482700,0.0,0.0
2024-03-25 00:00:00-04:00,40.4467633188804,41.27317570432933,40.42776487485387,40.68423843383789,3437000,0.0,0.0
2024-03-26 00:00:00-04:00,40.6842333029388,40.74122500424816,40.4182587436936,40.646236419677734,3041400,0.0,0.0
2024-03-27 00:00:00-04:00,40.44675699025133,40.874209231426015,40.38026063477172,40.83621597290039,2076400,0.0,0.0
2024-03-28 00:00:00-04:00,40.84571324385153,41.05469247115704,40.71272778050515,40.722225189208984,1854700,0.0,0.0
2024-04-01 00:00:00-04:00,40.598744562545406,40.722229005177226,40.11429333086459,40.29477310180664,1515100,0.0,0.0
2024-04-02 00:00:00-04:00,40.019308780793565,40.0288061913462,39.5823518001332,39.69634246826172,2581900,0.0,0.0
2024-04-03 00:00:00-04:00,39.42086542016493,39.64884310371802,39.25938409631751,39.4588623046875,3048500,0.0,0.0
2024-04-04 00:00:00-04:00,39.639343397105335,39.78182990704133,38.79393261789405,38.812931060791016,2634100,0.0,0.0
2024-04-05 00:00:00-04:00,38.5564573885202,39.18339150770011,38.49946206001932,39.12639617919922,6093000,0.0,0.0
2024-04-08 00:00:00-04:00,39.02190508749374,39.02190508749374,38.77492898646394,38.80342483520508,1856100,0.0,0.0
2024-04-09 00:00:00-04:00,38.84142947815548,38.90792222089432,38.63245021607186,38.831932067871094,3191300,0.0,0.0
2024-04-10 00:00:00-04:00,38.584954555750386,38.708442626585565,38.46147010849779,38.65144729614258,4370400,0.0,0.0
2024-04-11 00:00:00-04:00,38.945916474022894,39.18339157447426,38.64194863533175,38.75593566894531,2903800,0.0,0.0
2024-04-12 00:00:00-04:00,38.907917070253625,38.917418102862975,38.46146637433448,38.622947692871094,5264700,0.0,0.0
2024-04-15 00:00:00-04:00,38.85092794991826,39.00291186952453,38.413971010415544,38.47096633911133,3373700,0.0,0.0
2024-04-16 00:00:00-04:00,38.015017218065275,38.21449544696812,37.73004780197795,37.948524475097656,2422700,0.0,0.0
2024-04-17 00:00:00-04:00,37.730045192328895,37.85352963582338,37.46407061527219,37.61605453491211,3208300,0.0,0.0
2024-04-18 00:00:00-04:00,37.4165764507371,37.521066075276885,37.19809979196412,37.302589416503906,2636900,0.0,0.0
2024-04-19 00:00:00-04:00,37.397577938594075,37.768038516853565,37.397577938594075,37.758541107177734,1623800,0.0,0.0
2024-04-22 00:00:00-04:00,37.98652248522432,38.717942679466,37.958023006266124,38.556461334228516,3800900,0.0,0.0
2024-04-23 00:00:00-04:00,38.622949019222716,39.192887793560054,38.56595369235604,39.173892974853516,2289900,0.0,0.0
2024-04-24 00:00:00-04:00,39.13589734287445,39.17389422866838,38.603951812506885,38.812931060791016,1816100,0.0,0.0
2024-04-25 00:00:00-04:00,39.002910546864285,39.050404840708914,38.76543545405879,38.86042404174805,3462000,0.0,0.0
2024-04-26 00:00:00-04:00,38.89842348521737,39.24038822112686,38.82242971120078,39.05040740966797,2730500,0.0,0.0
2024-04-29 00:00:00-04:00,39.5728467688099,39.895813019146274,39.42086286415644,39.525352478027344,4043300,0.0,0.0
2024-04-30 00:00:00-04:00,39.658335279497926,39.92430618889207,39.344866458927505,39.36386489868164,3672100,0.0,0.0
2024-05-01 00:00:00-04:00,40.56074774047978,40.69373321649598,40.16178768884875,40.437259674072266,4684200,0.0,0.0
2024-05-02 00:00:00-04:00,40.750728415480495,41.33966564607437,40.60824190672568,41.17818069458008,6320400,0.0,0.0
2024-05-03 00:00:00-04:00,41.396661037920396,41.491649628181314,41.10219061037963,41.3206672668457,4048100,0.0,0.0
2024-05-06 00:00:00-04:00,41.320660944357485,41.4536463998076,41.01669315373382,41.27316665649414,2045700,0.0,0.0
2024-05-07 00:00:00-04:00,41.91910809293569,42.10908890864851,41.75762313132584,41.938106536865234,3103900,0.0,0.0
2024-05-08 00:00:00-04:00,42.014091486584945,42.07108681131612,41.852610168553284,41.9286003112793,2127300,0.0,0.0
2024-05-09 00:00:00-04:00,42.08058666695277,42.47954671610279,42.08058666695277,42.43204879760742,4924600,0.0,0.0
2024-05-10 00:00:00-04:00,42.72652053584847,42.84050757185633,42.555538170045416,42.81201171875,3771100,0.0,0.0
2024-05-13 00:00:00-04:00,43.03998677536534,43.13497536228394,42.878501829304945,42.90699768066406,2830800,0.0,0.0
2024-05-14 00:00:00-04:00,43.06848394647377,43.4674403720559,43.03048706110906,43.37245178222656,3615000,0.0,0.0
2024-05-15 00:00:00-04:00,43.5244370176517,43.62892664377648,43.36295568533706,43.41044998168945,3788100,0.0,0.0
2024-05-16 00:00:00-04:00,43.2150604621976,43.29168466538816,42.92772700751919,42.98519515991211,4666300,0.376,0.0
2024-05-17 00:00:00-04:00,42.95645446000392,43.186323390263354,42.851101672846156,43.08096694946289,1882900,0.0,0.0
2024-05-20 00:00:00-04:00,43.15759749825312,43.282106352401016,42.525462414022876,42.70743942260742,5172400,0.0,0.0
2024-05-21 00:00:00-04:00,42.61165979115832,42.83194888704838,42.582923889160156,42.582923889160156,3475000,0.0,0.0
2024-05-22 00:00:00-04:00,42.64996892237363,43.86635072205614,42.54461247185611,43.84719467163086,6830600,0.0,0.0
2024-05-23 00:00:00-04:00,43.81846035866433,43.83761640818723,43.04265679437982,43.24379348754883,5218600,0.0,0.0
2024-05-24 00:00:00-04:00,43.502390807185776,43.53112670814965,43.128856977440925,43.215057373046875,2210200,0.0,0.0
2024-05-28 00:00:00-04:00,42.81279346928363,42.86068176846393,42.36263541897422,42.372215270996094,2647900,0.0,0.0
2024-05-29 00:00:00-04:00,42.372214014914704,42.48714666026895,42.295589815583256,42.4105224609375,2092200,0.0,0.0
2024-05-30 00:00:00-04:00,42.218970989974714,42.36263588910997,42.03699033596976,42.161502838134766,1597400,0.0,0.0
2024-05-31 00:00:00-04:00,42.75532453762249,43.10970232945945,42.67870399106127,42.87983703613281,3623800,0.0,0.0
2024-06-03 00:00:00-04:00,39.47972120324061,39.9586115481469,38.79969413670471,39.154075622558594,13483900,0.0,0.0
2024-06-04 00:00:00-04:00,39.59465277435692,39.72874148266103,39.25943100359668,39.60422897338867,5469400,0.0,0.0
2024-06-05 00:00:00-04:00,40.60032138876346,40.64820969079413,40.092698810680574,40.198055267333984,7230300,0.0,0.0
2024-06-06 00:00:00-04:00,39.929874011862545,40.22678732888732,39.72874095209248,39.78620910644531,3860800,0.0,0.0
2024-06-07 00:00:00-04:00,39.37436194907635,39.70958370526864,39.21153734346643,39.47013854980469,3025400,0.0,0.0
2024-06-10 00:00:00-04:00,39.36478370983821,39.75747363474433,39.23069500186684,39.5467643737793,2834400,0.0,0.0
2024-06-11 00:00:00-04:00,39.316893383925795,39.6138066888973,39.163648632182486,39.326473236083984,2379100,0.0,0.0
2024-06-12 00:00:00-04:00,39.61380810708044,39.63296415843953,39.24027423968622,39.37436294555664,2548600,0.0,0.0
2024-06-13 00:00:00-04:00,39.249850438544165,39.479719401210026,39.05829357859648,39.37436294555664,2020300,0.0,0.0
2024-06-14 00:00:00-04:00,39.09660927059584,39.154077429949,38.770963674881706,38.93378829956055,2235400,0.0,0.0
2024-06-17 00:00:00-04:00,38.723070273597926,38.9625154255971,38.6560259233296,38.943359375,2131200,0.0,0.0
2024-06-18 00:00:00-04:00,39.29773948023814,39.34563143635945,39.05829431420472,39.22111892700195,2847600,0.0,0.0
2024-06-20 00:00:00-04:00,39.14449525301721,39.28816381605041,38.962518239666046,39.03913879394531,2538100,0.0,0.0
2024-06-21 00:00:00-04:00,38.550668848934876,38.81884624567475,38.521936600325034,38.770957946777344,3490400,0.0,0.0
2024-06-24 00:00:00-04:00,39.077446392909664,39.13491454222646,38.828425053156025,38.8380012512207,3495700,0.0,0.0
2024-06-25 00:00:00-04:00,38.76138379483388,38.77095999366173,38.49320273029258,38.60813903808594,2780400,0.0,0.0
2024-06-26 00:00:00-04:00,38.541093498235476,38.79969104869732,36.73088506950094,37.22893142700195,10997000,0.0,0.0
2024-06-27 00:00:00-04:00,36.77877879172993,37.15231266440759,36.587221929072776,37.008644104003906,5542900,0.0,0.0
2024-06-28 00:00:00-04:00,37.04695448342502,37.38217623724433,36.82666538039475,36.87455368041992,7856000,0.0,0.0
2024-07-01 00:00:00-04:00,36.80750896605602,37.4204879690664,36.69257631640234,36.759620666503906,2872500,0.0,0.0
2024-07-02 00:00:00-04:00,36.50102133909232,36.70215439972639,36.21368787338033,36.596797943115234,3354100,0.0,0.0
2024-07-03 00:00:00-04:00,36.53933301459851,36.86497857956647,36.52017696328944,36.83624267578125,1349500,0.0,0.0
2024-07-05 00:00:00-04:00,37.1906229286774,37.26724347776559,36.36693101753157,37.200199127197266,3284300,0.0,0.0
2024-07-08 00:00:00-04:00,37.209776112418865,37.30555636785798,36.903286602300014,37.075687408447266,2075400,0.0,0.0
2024-07-09 00:00:00-04:00,37.113997834516844,37.228930482210146,36.8937087374201,36.97032928466797,2095200,0.0,0.0
2024-07-10 00:00:00-04:00,36.912866043851935,37.01822249684084,36.81708578947878,36.93202209472656,2376600,0.0,0.0
2024-07-11 00:00:00-04:00,37.20019938905092,37.38217639135403,37.09484293637535,37.257667541503906,2684100,0.0,0.0
2024-07-12 00:00:00-04:00,37.72697625808103,37.84190890404094,37.48753111437283,37.50668716430664,2512000,0.0,0.0
2024-07-15 00:00:00-04:00,37.4587983748402,37.477954424522686,37.03737258911133,37.03737258911133,2451400,0.0,0.0
2024-07-16 00:00:00-04:00,36.85539778161927,37.31513204031378,36.83624173080161,37.257667541503906,2118200,0.0,0.0
2024-07-17 00:00:00-04:00,37.5450028310144,38.25375847768364,37.4875346757534,38.157981872558594,3846500,0.0,0.0
2024-07-18 00:00:00-04:00,38.0622036628874,38.148404065323405,37.63120165070739,37.698246002197266,1592100,0.0,0.0
2024-07-19 00:00:00-04:00,37.48753423677,37.79402375395307,37.47795803782695,37.68866729736328,1994000,0.0,0.0
2024-07-22 00:00:00-04:00,37.736558154309336,37.90895895941077,37.64077789945124,37.72697830200195,2790200,0.0,0.0
2024-07-23 00:00:00-04:00,37.57373298140454,37.61204508277018,37.14273097514881,37.200199127197266,3470300,0.0,0.0
2024-07-24 00:00:00-04:00,37.219355430932616,37.640777587890625,37.219355430932616,37.640777587890625,2060100,0.0,0.0
2024-07-25 00:00:00-04:00,37.305557608187534,37.79402413941643,37.276821703778815,37.42049026489258,2479600,0.0,0.0
2024-07-26 00:00:00-04:00,37.95684636700315,38.42615681701532,37.90895806752234,38.1771354675293,3064100,0.0,0.0
2024-07-29 00:00:00-04:00,38.33038063343581,38.50278143634944,38.16755602906489,38.32080078125,3603700,0.0,0.0
2024-07-30 00:00:00-04:00,38.28249160340723,38.32080005049066,37.822757355618826,38.09093475341797,4916800,0.0,0.0
2024-07-31 00:00:00-04:00,37.59289009116408,37.64077839239871,36.92244291294971,37.133155822753906,3969800,0.0,0.0
2024-08-01 00:00:00-04:00,37.25766742484923,38.06220328845638,37.08526662167319,37.96642303466797,4525500,0.0,0.0
2024-08-02 00:00:00-04:00,38.742225434528,38.85715808182826,38.263335141526774,38.7134895324707,4545000,0.0,0.0
2024-08-05 00:00:00-04:00,38.062205034030285,38.30165019901788,37.62162315368424,37.717403411865234,6283100,0.0,0.0
2024-08-06 00:00:00-04:00,36.87455430272798,37.31513251622388,36.70215349681339,37.04695510864258,5179600,0.0,0.0
2024-08-07 00:00:00-04:00,37.46837574428119,37.765289043178136,37.324710847635316,37.707820892333984,5332300,0.0,0.0
2024-08-08 00:00:00-04:00,37.755712699864446,38.39742765617504,37.70782439653222,38.33038330078125,5598900,0.0,0.0
2024-08-09 00:00:00-04:00,38.01431086186405,38.64644591443175,37.995154811344655,38.560245513916016,5831800,0.0,0.0
2024-08-12 00:00:00-04:00,38.617713928222656,38.78053853192379,38.3878486277121,38.617713928222656,2751700,0.0,0.0
2024-08-13 00:00:00-04:00,38.838003435980504,39.52760665200279,38.818847385130645,39.44140625,3306800,0.0,0.0
2024-08-14 00:00:00-04:00,39.35520855706247,39.51802952002954,39.3168964527255,39.47972106933594,2482900,0.0,0.0
2024-08-15 00:00:00-04:00,39.90114003365367,39.93945213489651,39.61380658161848,39.65211868286133,2024200,0.0,0.0
2024-08-16 00:00:00-04:00,39.70625668932851,39.94795535614353,39.64824768160248,39.90928268432617,3145700,0.386,0.0
2024-08-19 00:00:00-04:00,39.94795199073953,40.31533496599639,39.90927932218015,40.14131164550781,1833600,0.0,0.0
2024-08-20 00:00:00-04:00,40.131642969429414,40.33467264210614,40.092973987612275,40.21865463256836,1647200,0.0,0.0
2024-08-21 00:00:00-04:00,40.334673204609544,40.605374521248635,40.31533686941692,40.46035385131836,2410400,0.0,0.0
2024-08-22 00:00:00-04:00,40.61504267367658,40.6827216939127,40.44102302516472,40.557037353515625,1327000,0.0,0.0
2024-08-23 00:00:00-04:00,40.86641178879544,41.22412478969606,40.72139111079379,41.21445846557617,3780500,0.0,0.0
2024-08-26 00:00:00-04:00,41.214456886809366,41.23379322233749,41.05009987883477,41.127445220947266,1842800,0.0,0.0
2024-08-27 00:00:00-04:00,41.398147967157925,43.18671665273731,41.37881163096427,42.68398666381836,11513900,0.0,0.0
2024-08-28 00:00:00-04:00,42.14257976998258,42.45195376902578,42.11357711008134,42.44228744506836,3279700,0.0,0.0
2024-08-29 00:00:00-04:00,42.403615801394366,42.47129113482426,42.074905458436696,42.287601470947266,3274800,0.0,0.0
2024-08-30 00:00:00-04:00,42.297266887984556,42.51962921991791,42.0845708800357,42.45195388793945,3129100,0.0,0.0
2024-09-03 00:00:00-04:00,42.18125193901195,42.384277931958266,41.89121427937022,41.99755859375,3441900,0.0,0.0
2024-09-04 00:00:00-04:00,42.04590035501377,42.79032897949219,42.04590035501377,42.79032897949219,2844700,0.0,0.0
2024-09-05 00:00:00-04:00,41.94921806741971,42.31660105650593,41.601171413341056,41.697853088378906,3811800,0.0,0.0
2024-09-06 00:00:00-04:00,42.15224958935704,42.49062996439019,41.98789625224925,42.21992492675781,3763200,0.0,0.0
2024-09-09 00:00:00-04:00,42.17157924090414,42.58730121218732,42.026562264335006,42.480953216552734,2494800,0.0,0.0
2024-09-10 00:00:00-04:00,42.37461169279218,42.722654672240374,42.355275357040234,42.635643005371094,3970500,0.0,0.0
2024-09-11 00:00:00-04:00,42.50996046043337,42.56796577707507,41.978220471025914,42.31660079956055,3411700,0.0,0.0
2024-09-12 00:00:00-04:00,41.98789036929041,42.03622936237111,41.610841060020725,41.67851638793945,3859700,0.0,0.0
2024-09-13 00:00:00-04:00,41.72686120264047,41.9975625520829,41.52383519055865,41.58184051513672,3696300,0.0,0.0
2024-09-16 00:00:00-04:00,41.80420454150621,42.17158387292298,41.794534529188915,42.10390853881836,2417000,0.0,0.0
2024-09-17 00:00:00-04:00,41.69785458072426,41.7075209045596,41.030763907189076,41.14678192138672,3095400,0.0,0.0
2024-09-18 00:00:00-04:00,41.41748091535147,41.475489919187225,40.972756283363466,41.021095275878906,3522300,0.0,0.0
2024-09-19 00:00:00-04:00,40.99209753592714,41.01143018482973,40.08330814028015,40.23799514770508,6510200,0.0,0.0
2024-09-20 00:00:00-04:00,39.880279276983956,39.88994560074263,39.43555462350695,39.445220947265625,5028100,0.0,0.0
2024-09-23 00:00:00-04:00,39.59990521693224,39.66758054266983,39.454888242363964,39.50322723388672,2736700,0.0,0.0
2024-09-24 00:00:00-04:00,39.4065476223752,39.69658896272792,39.34854230472773,39.61924362182617,3241100,0.0,0.0
2024-09-25 00:00:00-04:00,39.744932167716826,39.79327116688747,39.20352578812958,39.21319580078125,2667100,0.0,0.0
2024-09-26 00:00:00-04:00,39.251863090915535,39.54190444946289,39.15518509675247,39.54190444946289,2796800,0.0,0.0
2024-09-27 00:00:00-04:00,39.725594537526604,40.054304884429655,39.30987251973659,39.358211517333984,3137100,0.0,0.0
2024-09-30 00:00:00-04:00,39.43555607986642,39.57090674565977,39.30987173818872,39.52256774902344,2321800,0.0,0.0
2024-10-01 00:00:00-04:00,39.126183343988714,39.222861340395085,38.94248998757578,38.96182632446289,3120700,0.0,0.0
2024-10-02 00:00:00-04:00,38.768463278872005,38.778133290490864,38.062703639877334,38.14004898071289,5383500,0.0,0.0
2024-10-03 00:00:00-04:00,37.318275279740476,37.366617966893074,36.89288692421393,37.09591293334961,5360800,0.0,0.0
2024-10-04 00:00:00-04:00,36.805871730805656,37.55030404780839,36.67052107099223,37.530967712402344,6581300,0.0,0.0
2024-10-07 00:00:00-04:00,37.74366425642061,37.82100591112773,37.327942259286694,37.3472785949707,3853200,0.0,0.0
2024-10-08 00:00:00-04:00,37.03790152449537,37.10557684975525,36.68018487608897,36.757530212402344,4625700,0.0,0.0
2024-10-09 00:00:00-04:00,36.622183974107614,40.41201739737322,36.54483862847571,38.9038200378418,19967700,0.0,0.0
2024-10-10 00:00:00-04:00,38.95216008555242,39.02950174524149,37.76300302460331,37.90802001953125,7775000,0.0,0.0
2024-10-11 00:00:00-04:00,37.72433145885069,37.85001580857006,37.347282097721845,37.54064178466797,7244000,0.0,0.0
2024-10-14 00:00:00-04:00,37.869346016943865,37.92735502569717,37.55030568887329,37.8306770324707,4799200,0.0,0.0
2024-10-15 00:00:00-04:00,37.63731432805667,38.09170897330464,37.5309663312515,37.666316986083984,4291300,0.0,0.0
2024-10-16 00:00:00-04:00,37.608316017196,37.975695354770124,37.608316017196,37.90802001953125,4952600,0.0,0.0
2024-10-17 00:00:00-04:00,37.90801563772163,37.9370219837777,37.62764431669506,37.666316986083984,4990600,0.0,0.0
2024-10-18 00:00:00-04:00,37.51163428719366,37.550306961006015,37.10558227625137,37.269935607910156,3728100,0.0,0.0
2024-10-21 00:00:00-04:00,37.21192730211319,37.2312599494404,36.825207971049416,36.89288330078125,2872500,0.0,0.0
2024-10-22 00:00:00-04:00,36.46749978680102,36.78654014209544,36.46749978680102,36.73820114135742,3890200,0.0,0.0
2024-10-23 00:00:00-04:00,36.486831973862664,36.728530638085836,36.39982030722116,36.7188606262207,4865800,0.0,0.0
2024-10-24 00:00:00-04:00,36.76720315427262,36.92189016671755,36.41915645426422,36.48683547973633,4665500,0.0,0.0
2024-10-25 00:00:00-04:00,36.68985758275561,36.74786290122368,36.18712392386861,36.27413558959961,3375400,0.0,0.0
2024-10-28 00:00:00-04:00,36.44816141007208,36.825210757978454,36.41915506082834,36.62218475341797,4111600,0.0,0.0
2024-10-29 00:00:00-04:00,36.68019121009366,36.989565232713176,36.62218588587079,36.90255355834961,6140700,0.0,0.0
2024-10-30 00:00:00-04:00,35.28800326614786,35.99376288890737,35.07530727177174,35.78106689453125,13420000,0.0,0.0
2024-10-31 00:00:00-04:00,35.065644153558445,35.7810701650787,34.872284476272476,35.539371490478516,12121300,0.0,0.0
2024-11-01 00:00:00-04:00,36.34181119775135,36.35147752156031,35.626381530933216,35.65538787841797,6877000,0.0,0.0
2024-11-04 00:00:00-05:00,35.8004064445198,36.02276878223388,35.713394774281326,35.742401123046875,3994500,0.0,0.0
2024-11-05 00:00:00-05:00,35.481366951527086,35.8197436282193,35.26867093301817,35.790740966796875,7088100,0.0,0.0
2024-11-06 00:00:00-05:00,34.736934179647214,34.93996018335315,34.44689650463457,34.70793151855469,14281700,0.0,0.0
2024-11-07 00:00:00-05:00,35.02696980748026,35.51036713359182,34.93995814125902,35.442691802978516,14931800,0.0,0.0
2024-11-08 00:00:00-05:00,34.92062299672745,35.21066066468124,34.901286660459995,35.08498001098633,8866800,0.0,0.0
2024-11-11 00:00:00-05:00,35.33634214188109,35.52003547751641,35.113979824874576,35.142982482910156,5054000,0.0,0.0
2024-11-12 00:00:00-05:00,34.321209319159244,34.44689365353945,34.07951066198206,34.340545654296875,7246000,0.0,0.0
2024-11-13 00:00:00-05:00,34.002165779591444,34.11818379198052,33.65412280651084,33.94416046142578,7279500,0.0,0.0
2024-11-14 00:00:00-05:00,34.22453449369659,34.2825398164401,33.21906710181184,33.248069763183594,7032500,0.0,0.0
2024-11-15 00:00:00-05:00,32.52347356522749,32.75816053573679,32.10299911552902,32.611480712890625,13747900,0.389,0.0
2024-11-18 00:00:00-05:00,32.55281068882386,33.041738441806295,32.51369557333181,32.94395065307617,8802100,0.0,0.0
2024-11-19 00:00:00-05:00,32.54303323961575,32.85594673382567,32.494141205562286,32.71904754638672,8988100,0.0,0.0
2024-11-20 00:00:00-05:00,32.66037647398791,32.78749500821689,32.4550239759587,32.611480712890625,7519400,0.0,0.0
2024-11-21 00:00:00-05:00,32.660379409724186,32.9537353515625,32.43546933308419,32.9537353515625,7030400,0.0,0.0
2024-11-22 00:00:00-05:00,33.08085494487754,33.39376842149366,33.01240162478381,33.20797348022461,4173100,0.0,0.0
2024-11-25 00:00:00-05:00,33.295980518039926,33.49155237283095,33.26664604539927,33.393768310546875,4148500,0.0,0.0
2024-11-26 00:00:00-05:00,33.47199611578181,33.53066879356729,33.100409950253194,33.26664733886719,4194500,0.0,0.0
2024-11-27 00:00:00-05:00,33.432879348996714,33.70668143494062,33.432879348996714,33.56978225708008,2959000,0.0,0.0
2024-11-29 00:00:00-05:00,33.295983930340384,33.44266376902169,33.139527176517845,33.37421417236328,2051800,0.0,0.0
2024-12-02 00:00:00-05:00,33.47199787773119,33.56978567918781,33.2177570543904,33.550228118896484,3144800,0.0,0.0
2024-12-03 00:00:00-05:00,33.93159106156709,34.312954159920245,33.814249430586855,34.12716293334961,5911000,0.0,0.0
2024-12-04 00:00:00-05:00,33.97070422866077,33.98048114308729,33.63823318481445,33.63823318481445,4394100,0.0,0.0
2024-12-05 00:00:00-05:00,33.65778563639182,33.79468854432187,33.45243686983098,33.765350341796875,4509000,0.0,0.0
2024-12-06 00:00:00-05:00,33.83380453855316,34.02937641772292,33.66757086590402,33.80447006225586,3702700,0.0,0.0
2024-12-09 00:00:00-05:00,34.17605299138972,35.4765989625839,34.13693787325169,35.193023681640625,7252400,0.0,0.0
2024-12-10 00:00:00-05:00,35.095236128916724,35.10501677363034,34.4009595631704,34.430294036865234,5383600,0.0,0.0
2024-12-11 00:00:00-05:00,34.03915477243702,34.20538843389848,33.657787955121826,33.68712615966797,3954100,0.0,0.0
2024-12-12 00:00:00-05:00,33.51111024214439,33.667566981383764,33.32531902999229,33.41332244873047,3386300,0.0,0.0
2024-12-13 00:00:00-05:00,33.26664982324682,33.325322505414015,33.00262834882939,33.19820022583008,3391000,0.0,0.0
2024-12-16 00:00:00-05:00,32.934175512747466,33.21775452000084,32.83639144897461,32.83639144897461,4916600,0.0,0.0
2024-12-17 00:00:00-05:00,33.364435398367284,33.79469429317938,33.276428236266945,33.47200012207031,4546200,0.0,0.0
2024-12-18 00:00:00-05:00,33.34487126131285,33.57955822404242,32.94395065307617,32.94395065307617,3075100,0.0,0.0
2024-12-19 00:00:00-05:00,32.86572682823661,32.95373398014789,32.650597405737265,32.68971252441406,3306300,0.0,0.0
2024-12-20 00:00:00-05:00,32.406132921207735,33.11996703810034,32.30834885651344,32.8559455871582,6812800,0.0,0.0
2024-12-23 00:00:00-05:00,33.11019137761101,33.35465527882761,32.88528503611852,33.305763244628906,3228800,0.0,0.0
2024-12-24 00:00:00-05:00,33.11019074879583,33.45243871190999,33.09063318944316,33.276424407958984,1383100,0.0,0.0
2024-12-26 00:00:00-05:00,33.24708785532056,33.39376767618315,33.13952315071769,33.36442947387695,1991900,0.0,0.0
2024-12-27 00:00:00-05:00,33.21775648286977,33.41332462197178,33.119968683095614,33.325321197509766,3174400,0.0,0.0
2024-12-30 00:00:00-05:00,33.325320582419145,33.325320582419145,32.80705457873972,32.904842376708984,5081300,0.0,0.0
2024-12-31 00:00:00-05:00,33.080856084184596,33.266647301629426,32.88528422200829,33.071075439453125,2413800,0.0,0.0
2025-01-02 00:00:00-05:00,33.188419580357234,33.43288349405226,33.09063550696854,33.19820022583008,1999000,0.0,0.0
2025-01-03 00:00:00-05:00,33.227533149517505,33.227533149517505,32.679932665542395,32.72882843017578,2902300,0.0,0.0
2025-01-06 00:00:00-05:00,32.797275940999526,33.36443021853267,32.67993058960133,33.20797348022461,3333800,0.0,0.0
2025-01-07 00:00:00-05:00,33.21775663655284,33.69690380188197,33.21775663655284,33.33509826660156,3031000,0.0,0.0
2025-01-08 00:00:00-05:00,32.96351320499778,33.16886199710856,32.66038033956472,33.002628326416016,2709100,0.0,0.0
2025-01-10 00:00:00-05:00,32.52347624896327,32.66037916902049,32.27901234419582,32.357242584228516,3841800,0.0,0.0
2025-01-13 00:00:00-05:00,32.01499287974362,32.132334503229075,31.829197934816793,31.97587776184082,4673700,0.0,0.0
2025-01-14 00:00:00-05:00,31.506509021648544,31.565177971043127,31.017579350392083,31.369609832763672,6251200,0.0,0.0
2025-01-15 00:00:00-05:00,32.0638887033762,32.19100725625689,31.790086575904063,32.073665618896484,4782300,0.0,0.0
2025-01-16 00:00:00-05:00,32.09322017204249,32.767939186402224,31.99543610511142,32.69948959350586,4534800,0.0,0.0
2025-01-17 00:00:00-05:00,32.8559461834559,32.8559461834559,32.513698220591515,32.68971252441406,3930400,0.0,0.0
2025-01-21 00:00:00-05:00,32.82661076190091,33.04174017818977,32.787495644353314,33.031959533691406,4111300,0.0,0.0
2025-01-22 00:00:00-05:00,32.895061302132696,32.983068454043966,32.67015496507567,32.68971252441406,3546100,0.0,0.0
2025-01-23 00:00:00-05:00,33.10040670293395,33.413320159978696,33.04173776112722,33.29597854614258,3738400,0.0,0.0
2025-01-24 00:00:00-05:00,33.25686766552782,33.55022733280093,33.198198716251696,33.511112213134766,3165900,0.0,0.0
2025-01-27 00:00:00-05:00,34.0587095935078,34.713871002197266,34.0587095935078,34.713871002197266,6505300,0.0,0.0
2025-01-28 00:00:00-05:00,34.72365167595616,34.80188191662889,34.058713281353924,34.322731018066406,4552900,0.0,0.0
2025-01-29 00:00:00-05:00,34.17605421338778,34.46941014946628,34.166273568392064,34.28361892700195,6057200,0.0,0.0
2025-01-30 00:00:00-05:00,34.293397739127556,34.801883130567404,34.14671789786139,34.57697677612305,5020400,0.0,0.0
2025-01-31 00:00:00-05:00,34.41073765601204,34.733431798597415,34.28361911216609,34.48896789550781,5112700,0.0,0.0
2025-02-03 00:00:00-05:00,34.09782472793716,34.420518875911796,33.814249430586855,34.12716293334961,3280000,0.0,0.0
2025-02-04 00:00:00-05:00,33.8240251759879,34.205388261154056,33.46221965034604,34.06848907470703,7121000,0.0,0.0
2025-02-05 00:00:00-05:00,36.23932732332569,37.07050303262293,36.20998912084289,36.86515426635742,10193200,0.0,0.0
2025-02-06 00:00:00-05:00,36.68914528123397,36.77715244097128,35.564609765726495,35.57439041137695,7168000,0.0,0.0
2025-02-07 00:00:00-05:00,35.681952421755135,35.71128689603151,35.17346706303388,35.24191665649414,5356500,0.0,0.0
2025-02-10 00:00:00-05:00,35.564607677648496,36.09265060506977,35.564607677648496,35.66239547729492,4539300,0.0,0.0
2025-02-11 00:00:00-05:00,35.515715581827514,35.545050056559404,35.183244524048014,35.2712516784668,4893000,0.0,0.0
2025-02-12 00:00:00-05:00,34.92900487142804,35.457044085338225,34.74320991133113,35.329925537109375,3619800,0.0,0.0
2025-02-13 00:00:00-05:00,35.36903350541072,35.80906924960744,35.21257676638776,35.74061965942383,4462600,0.0,0.0
2025-02-14 00:00:00-05:00,35.672170379946394,35.789512002679935,35.35925689917499,35.36903381347656,4541900,0.0,0.0
2025-02-18 00:00:00-05:00,35.77973595876457,36.03397676924245,35.66239433317654,35.799293518066406,4368300,0.0,0.0
2025-02-19 00:00:00-05:00,35.69173128371137,35.83841112354196,35.54505144388077,35.7308464050293,3408500,0.0,0.0
2025-02-20 00:00:00-05:00,35.90685728235562,36.39578506134097,35.8090694884248,36.14154052734375,6244700,0.0,0.0
2025-02-21 00:00:00-05:00,35.78664423286517,36.25127488492639,35.63835552767512,36.22161865234375,5644700,0.401,0.0
2025-02-24 00:00:00-05:00,36.39956388254192,36.71590960309295,36.30070725904664,36.65659713745117,2857800,0.0,0.0
2025-02-25 00:00:00-05:00,37.131113737634756,37.9615221525703,37.131113737634756,37.92197799682617,10536500,0.0,0.0
2025-02-26 00:00:00-05:00,37.37826053690324,37.39803261555955,36.92351027008495,36.97294235229492,7938100,0.0,0.0
2025-02-27 00:00:00-05:00,36.64670741814161,36.953168969793694,36.567622877445174,36.874080657958984,7167900,0.0,0.0
2025-02-28 00:00:00-05:00,37.21019872596588,37.259627035672004,36.72579601125231,37.160770416259766,6046000,0.0,0.0
2025-03-03 00:00:00-05:00,37.73414792802656,37.971409108866986,37.338717654810566,37.51666259765625,3978700,0.0,0.0
2025-03-04 00:00:00-05:00,38.21855367092919,38.742500563635666,37.92198002923002,37.991180419921875,6829600,0.0,0.0
2025-03-05 00:00:00-05:00,37.961522193579235,38.41626867171327,37.93186219116996,38.36684036254883,2465900,0.0,0.0
2025-03-06 00:00:00-05:00,38.1691261136222,38.96987458492375,38.159238188391654,38.85124588012695,5511200,0.0,0.0
2025-03-07 00:00:00-05:00,39.04896290237794,40.12651671306125,39.0291908230553,39.592681884765625,8122100,0.0,0.0
2025-03-10 00:00:00-04:00,39.909024561400926,40.344002730976484,39.64210716765363,39.859596252441406,7799300,0.0,0.0
2025-03-11 00:00:00-04:00,39.66188099402809,39.66188099402809,38.88090462730519,39.0489616394043,6015100,0.0,0.0
2025-03-12 00:00:00-04:00,38.871017208926645,38.871017208926645,38.337182390940555,38.43604278564453,5601000,0.0,0.0
2025-03-13 00:00:00-04:00,38.5744422917244,38.94021631218956,38.475581900289,38.78204345703125,3937700,0.0,0.0
2025-03-14 00:00:00-04:00,38.762272426426655,39.157706460579554,38.604099566993185,39.03907775878906,4939500,0.0,0.0
2025-03-17 00:00:00-04:00,39.42462361602891,40.0078867385511,39.394963612416994,39.79039764404297,4160800,0.0,0.0
2025-03-18 00:00:00-04:00,39.77062581611706,39.92879867553711,39.65199711433663,39.92879867553711,3657700,0.0,0.0
2025-03-19 00:00:00-04:00,39.098388671875,39.34553399062407,38.8215871216403,39.098388671875,4421100,0.0,0.0
2025-03-20 00:00:00-04:00,39.12804841701621,39.20713295750359,38.79193063488378,38.95998764038086,3346100,0.0,0.0
2025-03-21 00:00:00-04:00,38.84135946219999,39.04896062627916,38.69307076149297,38.79193115234375,4021600,0.0,0.0
2025-03-24 00:00:00-04:00,38.32729847089187,38.485471332244856,38.03072482724733,38.129581451416016,4066700,0.0,0.0
2025-03-25 00:00:00-04:00,38.83147305401701,38.8611330579997,38.07026498486121,38.139469146728516,5837800,0.0,0.0
2025-03-26 00:00:00-04:00,37.56608940371534,38.050495900064135,37.32882823239099,37.87255096435547,4916100,0.0,0.0
2025-03-27 00:00:00-04:00,37.88243359793467,38.228435530629405,37.88243359793467,38.08015060424805,2248200,0.0,0.0
2025-03-28 00:00:00-04:00,38.36684214442213,38.53489915761395,38.149353048631845,38.29764175415039,3220400,0.0,0.0
2025-03-31 00:00:00-04:00,37.67483447056629,38.396498377070465,37.44746122093937,38.29764175415039,5357800,0.0,0.0
2025-04-01 00:00:00-04:00,38.28775299391203,38.32729715067276,37.2497433913421,37.43757247924805,5290700,0.0,0.0
2025-04-02 00:00:00-04:00,36.963055926905355,37.28928958126141,36.745566824001315,37.210201263427734,3720500,0.0,0.0
2025-04-03 00:00:00-04:00,38.643644438573276,38.72272898418187,38.030725068337254,38.56455612182617,10939900,0.0,0.0
2025-04-04 00:00:00-04:00,37.3090592964232,37.54631669261196,35.85584360299837,36.11287307739258,10603300,0.0,0.0
2025-04-07 00:00:00-04:00,34.11593936158172,35.31212561319511,33.78970949015146,34.44217300415039,7495400,0.0,0.0
2025-04-08 00:00:00-04:00,34.65966104370481,34.758517663275995,33.33496197730402,33.74028015136719,7228400,0.0,0.0
2025-04-09 00:00:00-04:00,32.217866481550374,34.45205868255602,32.01026530225886,34.08628463745117,9674200,0.0,0.0
2025-04-10 00:00:00-04:00,33.84902670664975,33.86879501482784,32.356266772922666,33.216331481933594,8484800,0.0,0.0
2025-04-11 00:00:00-04:00,33.38439252919883,34.38285803002309,33.14713134669979,34.24445724487305,9084600,0.0,0.0
2025-04-14 00:00:00-04:00,34.42240117358475,35.05509261340124,34.33342870416441,34.87714767456055,5892000,0.0,0.0
2025-04-15 00:00:00-04:00,35.45052411925854,35.74709773911799,35.11440634444765,35.272579193115234,3700500,0.0,0.0
2025-04-16 00:00:00-04:00,35.410980176915956,35.480180562927366,34.87714539528087,34.96611785888672,2897600,0.0,0.0
2025-04-17 00:00:00-04:00,34.74863360559177,35.697670732190005,34.67943321747346,35.51972579956055,4812900,0.0,0.0
2025-04-21 00:00:00-04:00,35.73721694067944,36.112875134567446,35.39121120908129,36.033790588378906,6612600,0.0,0.0
2025-04-22 00:00:00-04:00,35.68778410827222,36.56762464995892,35.6680158004936,36.211734771728516,6776500,0.0,0.0
2025-04-23 00:00:00-04:00,36.67636286138515,36.893851943118776,36.300704701657494,36.60716247558594,4458700,0.0,0.0
2025-04-24 00:00:00-04:00,36.61705372082845,37.08168438602782,36.4193366986971,37.071800231933594,4765100,0.0,0.0
2025-04-25 00:00:00-04:00,37.02236988707961,37.12122650714993,36.617051710970024,37.00259780883789,3909300,0.0,0.0
2025-04-28 00:00:00-04:00,37.34859903893593,37.76380513182814,37.338714885572465,37.625404357910156,5758800,0.0,0.0
2025-04-29 00:00:00-04:00,38.0603785702707,38.772158285362075,37.79346117711143,38.5250129699707,8255500,0.0,0.0
2025-04-30 00:00:00-04:00,39.72119594177431,39.91891295105465,38.782042976046434,39.394962310791016,8033100,0.0,0.0
2025-05-01 00:00:00-04:00,38.96987330011062,38.96987330011062,38.277869402328804,38.307525634765625,4449700,0.0,0.0
2025-05-02 00:00:00-04:00,38.989644872420634,39.05884526130011,38.14935228109084,38.623870849609375,4287300,0.0,0.0
2025-05-05 00:00:00-04:00,38.66341677440001,38.76227339985157,38.38661520622481,38.4063835144043,2821000,0.0,0.0
2025-05-06 00:00:00-04:00,38.7820454967635,38.7820454967635,37.0520281526066,37.071800231933594,9185600,0.0,0.0
2025-05-07 00:00:00-04:00,36.76533558475373,36.96305259035197,36.49841819286683,36.74556350708008,5029400,0.0,0.0
2025-05-08 00:00:00-04:00,36.31058909564784,36.557734409752015,36.004127548548915,36.44898986816406,5942700,0.0,0.0
2025-05-09 00:00:00-04:00,36.47865241187303,36.72579774319699,36.172190843421454,36.201847076416016,3511500,0.0,0.0
2025-05-12 00:00:00-04:00,36.21173501196207,37.06191555534415,36.09310253767261,36.94328308105469,6018200,0.0,0.0
2025-05-13 00:00:00-04:00,36.26116253452845,36.271046688268136,35.75698395762151,35.93492889404297,5083800,0.0,0.0
2025-05-14 00:00:00-04:00,36.360018667154826,36.409450748603184,35.78664347950966,35.80641555786133,7084200,0.0,0.0
2025-05-15 00:00:00-04:00,36.063445081160566,37.17065507232902,35.91516015003726,37.14099884033203,7527800,0.0,0.0
2025-05-16 00:00:00-04:00,37.119998931884766,37.68000030517578,37.09000015258789,37.63999938964844,7222100,0.429,0.0
2025-05-19 00:00:00-04:00,37.58000183105469,37.970001220703125,37.41999816894531,37.959999084472656,3866900,0.0,0.0
2025-05-20 00:00:00-04:00,38.38999938964844,38.45000076293945,37.97999954223633,38.400001525878906,2749200,0.0,0.0
2025-05-21 00:00:00-04:00,38.689998626708984,38.849998474121094,38.470001220703125,38.540000915527344,2996400,0.0,0.0
2025-05-22 00:00:00-04:00,38.38999938964844,39.04999923706055,38.310001373291016,38.91999816894531,5844700,0.0,0.0
2025-05-23 00:00:00-04:00,38.7400016784668,38.869998931884766,38.61000061035156,38.65999984741211,3666900,0.0,0.0
2025-05-27 00:00:00-04:00,39.529998779296875,39.650001525878906,39.310001373291016,39.439998626708984,3511800,0.0,0.0
2025-05-28 00:00:00-04:00,39.09000015258789,39.4900016784668,39.04999923706055,39.18000030517578,4221400,0.0,0.0
2025-05-29 00:00:00-04:00,39.2599983215332,40.04999923706055,39.220001220703125,40.0,5048100,0.0,0.0
2025-05-30 00:00:00-04:00,40.470001220703125,41.16999816894531,40.16999816894531,41.029998779296875,7372600,0.0,0.0
2025-06-02 00:00:00-04:00,41.380001068115234,41.65999984741211,41.029998779296875,41.65999984741211,4420000,0.0,0.0
2025-06-03 00:00:00-04:00,40.68000030517578,40.790000915527344,40.16999816894531,40.459999084472656,6328900,0.0,0.0
2025-06-04 00:00:00-04:00,40.540000915527344,40.959999084472656,40.540000915527344,40.79999923706055,2939700,0.0,0.0
2025-06-05 00:00:00-04:00,41.02000045776367,41.439998626708984,40.849998474121094,41.150001525878906,3248700,0.0,0.0
2025-06-06 00:00:00-04:00,41.040000915527344,41.33000183105469,40.959999084472656,41.20000076293945,3225600,0.0,0.0
2025-06-09 00:00:00-04:00,41.060001373291016,41.29999923706055,40.83000183105469,40.86000061035156,3919700,0.0,0.0
2025-06-10 00:00:00-04:00,40.68000030517578,41.369998931884766,40.66999816894531,41.29999923706055,5087700,0.0,0.0
2025-06-11 00:00:00-04:00,41.349998474121094,41.7599983215332,41.31999969482422,41.619998931884766,4494300,0.0,0.0
2025-06-12 00:00:00-04:00,42.209999084472656,42.630001068115234,42.09000015258789,42.4900016784668,3558700,0.0,0.0
2025-06-13 00:00:00-04:00,41.619998931884766,41.93000030517578,40.810001373291016,40.86000061035156,7658600,0.0,0.0
2025-06-16 00:00:00-04:00,40.93000030517578,41.11000061035156,40.349998474121094,40.4900016784668,4651900,0.0,0.0
2025-06-17 00:00:00-04:00,40.20000076293945,40.38999938964844,39.63999938964844,39.720001220703125,4685400,0.0,0.0
2025-06-18 00:00:00-04:00,39.470001220703125,39.52000045776367,38.58000183105469,38.63999938964844,8171500,0.0,0.0
2025-06-20 00:00:00-04:00,38.720001220703125,38.720001220703125,37.81999969482422,38.06999969482422,8245800,0.0,0.0
2025-06-23 00:00:00-04:00,37.79999923706055,38.310001373291016,37.790000915527344,38.2599983215332,4858800,0.0,0.0
2025-06-24 00:00:00-04:00,38.4900016784668,38.90999984741211,38.400001525878906,38.68000030517578,4820900,0.0,0.0
2025-06-25 00:00:00-04:00,38.38999938964844,38.43000030517578,38.150001525878906,38.279998779296875,3829500,0.0,0.0
2025-06-26 00:00:00-04:00,38.52000045776367,38.810001373291016,38.380001068115234,38.54999923706055,4773200,0.0,0.0
2025-06-27 00:00:00-04:00,38.7400016784668,38.84000015258789,38.400001525878906,38.58000183105469,4919200,0.0,0.0
2025-06-30 00:00:00-04:00,38.5099983215332,38.720001220703125,38.220001220703125,38.400001525878906,4803600,0.0,0.0
2025-07-01 00:00:00-04:00,38.47999954223633,39.400001525878906,38.33000183105469,38.95000076293945,6553700,0.0,0.0
2025-07-02 00:00:00-04:00,38.5099983215332,38.869998931884766,38.279998779296875,38.5099983215332,4880200,0.0,0.0
2025-07-03 00:00:00-04:00,38.369998931884766,38.59000015258789,37.93000030517578,38.18000030517578,3002600,0.0,0.0
