Date,Open,High,Low,Close,Volume,Dividends,Stock Splits
2020-07-06 00:00:00-04:00,2.511405045399122,2.5836178985193112,2.4953575534068326,2.559546947479248,6062000,0.0,0.0
2020-07-07 00:00:00-04:00,2.543499424159643,2.543499424159643,2.471286386061169,2.4793100357055664,3930600,0.0,0.0
2020-07-08 00:00:00-04:00,2.4472157594788073,2.4873340129852295,2.4472157594788073,2.4873340129852295,2544600,0.0,0.0
2020-07-09 00:00:00-04:00,2.4712866950150643,2.4793103456625576,2.3910501885401287,2.399073839187622,2959200,0.0,0.0
2020-07-10 00:00:00-04:00,2.423144807374954,2.503381314387798,2.41512115667367,2.4873340129852295,2527100,0.0,0.0
2020-07-13 00:00:00-04:00,2.519428655381058,2.535475955817333,2.479310212991459,2.4953575134277344,2206000,0.0,0.0
2020-07-14 00:00:00-04:00,2.519428489701375,2.583617687225342,2.511404840010879,2.583617687225342,3153900,0.0,0.0
2020-07-15 00:00:00-04:00,2.58361777611986,2.607688726019557,2.559546826220164,2.591641426086426,2560400,0.0,0.0
2020-07-16 00:00:00-04:00,2.5595470092563515,2.58361796087739,2.527452407094967,2.543499708175659,2781700,0.0,0.0
2020-07-17 00:00:00-04:00,2.5114047527313232,2.519428402142971,2.4873336131974884,2.5114047527313232,2186600,0.0,0.0
2020-07-20 00:00:00-04:00,2.4873335546225426,2.5354756412576087,2.4873335546225426,2.527451992034912,1461600,0.0,0.0
2020-07-21 00:00:00-04:00,2.5194287300109863,2.5515233318342356,2.511405079555174,2.5194287300109863,2184000,0.0,0.0
2020-07-22 00:00:00-04:00,2.5194287300109863,2.543499681378423,2.503381237800445,2.5194287300109863,1731600,0.0,0.0
2020-07-23 00:00:00-04:00,2.479310362283945,2.503381314387798,2.4632630608813764,2.4873340129852295,2087900,0.0,0.0
2020-07-24 00:00:00-04:00,2.463263249016771,2.4793105516449767,2.4311686437603606,2.439192295074463,1615700,0.0,0.0
2020-07-27 00:00:00-04:00,2.4391917584431537,2.463262707089763,2.4231444593454143,2.4552390575408936,1904800,0.0,0.0
2020-07-28 00:00:00-04:00,2.4472154079920236,2.463262707089763,2.4311681088942843,2.4552390575408936,1627900,0.0,0.0
2020-07-29 00:00:00-04:00,2.447215437127977,2.4953573349943614,2.431168137839182,2.4793100357055664,1035700,0.0,0.0
2020-07-30 00:00:00-04:00,2.3429080235906192,2.37500262260437,2.3108134245768683,2.37500262260437,2117200,0.0,0.0
2020-07-31 00:00:00-04:00,2.4070976550958023,2.4070976550958023,2.3268611431121826,2.3268611431121826,2400400,0.0,0.0
2020-08-03 00:00:00-04:00,2.3990740385039495,2.439192295074463,2.3750030845616417,2.439192295074463,1860000,0.0,0.0
2020-08-04 00:00:00-04:00,2.4552390575408936,2.471286356638633,2.4391917584431537,2.4552390575408936,2348400,0.0,0.0
2020-08-05 00:00:00-04:00,2.519428608344801,2.5675705087548457,2.519428608344801,2.551523208618164,1834500,0.0,0.0
2020-08-06 00:00:00-04:00,2.535475908481483,2.5675705087548457,2.527452258413142,2.551523208618164,3099300,0.0,0.0
2020-08-07 00:00:00-04:00,2.527452398672512,2.6076889038085938,2.527452398672512,2.6076889038085938,2052400,0.0,0.0
2020-08-10 00:00:00-04:00,2.6237361363126577,2.6959489890491746,2.6237361363126577,2.687925338745117,2364200,0.0,0.0
2020-08-11 00:00:00-04:00,2.792233140576386,2.8243277435923795,2.760138537560392,2.7842094898223877,2966600,0.0,0.0
2020-08-12 00:00:00-04:00,2.8564221647757853,2.8564221647757853,2.7521147116137534,2.7681620121002197,2195100,0.0,0.0
2020-08-13 00:00:00-04:00,2.3990736615723804,2.4391919118396967,2.375002711411991,2.383026361465454,4157300,0.0,0.0
2020-08-14 00:00:00-04:00,2.30278961439323,2.3509317048580964,2.294765964532236,2.3348844051361084,2583400,0.0,0.0
2020-08-17 00:00:00-04:00,2.3509315976477887,2.3589552471428776,2.2787185608930947,2.2867422103881836,3131700,0.0,0.0
2020-08-18 00:00:00-04:00,2.2867426623029288,2.2867426623029288,2.2466244068991625,2.262671709060669,2123200,0.0,0.0
2020-08-19 00:00:00-04:00,2.166387760968746,2.214529664450538,2.166387760968746,2.2065060138702393,3024900,0.0,0.0
2020-08-20 00:00:00-04:00,2.1503407081628785,2.1744116626838617,2.142317056655884,2.142317056655884,2485500,0.0,0.0
2020-08-21 00:00:00-04:00,2.134898007570289,2.1925980971308645,2.134898007570289,2.176112413406372,1939500,0.071,0.0
2020-08-24 00:00:00-04:00,2.2255692658359427,2.2667834714667343,2.2255692658359427,2.258540630340576,1964200,0.0,0.0
2020-08-25 00:00:00-04:00,2.283269166946411,2.3162405316420536,2.250297802250769,2.283269166946411,2820100,0.0,0.0
2020-08-26 00:00:00-04:00,2.3079979454216457,2.3409693137594774,2.299755103337188,2.3162407875061035,2291600,0.0,0.0
2020-08-27 00:00:00-04:00,2.242055181240542,2.283269391157217,2.242055181240542,2.250298023223877,2139800,0.0,0.0
2020-08-28 00:00:00-04:00,2.316240790944687,2.324483633041382,2.2915122646546022,2.324483633041382,1576400,0.0,0.0
2020-08-31 00:00:00-04:00,2.3079976770975263,2.316240518223685,2.258540630340576,2.258540630340576,1791300,0.0,0.0
2020-09-01 00:00:00-04:00,2.2008409572217276,2.2502980088048363,2.184355273360691,2.2173266410827637,2236700,0.0,0.0
2020-09-02 00:00:00-04:00,2.2008409678372165,2.2420551776885986,2.1843552838966636,2.2420551776885986,1853600,0.0,0.0
2020-09-03 00:00:00-04:00,2.2502980088048363,2.291512218457427,2.2008409572217276,2.2173266410827637,3124000,0.0,0.0
2020-09-04 00:00:00-04:00,2.2585406434246798,2.2997548492942324,2.2173264375551267,2.283269166946411,2187300,0.0,0.0
2020-09-08 00:00:00-04:00,2.2008409426938638,2.217326626446077,2.1761124170655437,2.1843552589416504,2421800,0.0,0.0
2020-09-09 00:00:00-04:00,2.2585411098368695,2.283269638465299,2.2502982669607263,2.2667839527130127,1355000,0.0,0.0
2020-09-10 00:00:00-04:00,2.2667839336128823,2.291512462032947,2.2090840339660645,2.2090840339660645,1881900,0.0,0.0
2020-09-11 00:00:00-04:00,2.2173268848981116,2.2420554134087936,2.2008411992243233,2.2338125705718994,1205500,0.0,0.0
2020-09-14 00:00:00-04:00,2.2338123357183224,2.2585408616291516,2.2255694937480457,2.2420551776885986,1206200,0.0,0.0
2020-09-15 00:00:00-04:00,2.2338123101982905,2.2338123101982905,2.1843552589416504,2.1843552589416504,1265700,0.0,0.0
2020-09-16 00:00:00-04:00,2.1596265294979617,2.200840935264215,2.143140845801401,2.1678695678710938,1895400,0.0,0.0
2020-09-17 00:00:00-04:00,2.134898191654546,2.1678697584713973,2.1266553490815503,2.151383876800537,1915200,0.0,0.0
2020-09-18 00:00:00-04:00,2.1101693987106165,2.118412240247578,2.0689551910258084,2.0854408740997314,2498900,0.0,0.0
2020-09-21 00:00:00-04:00,2.019498345067413,2.019498345067413,1.9700412908677696,2.0112555027008057,3326700,0.0,0.0
2020-09-22 00:00:00-04:00,1.9947696308171292,2.019498155596906,1.9370695431394709,1.9535552263259888,2687200,0.0,0.0
2020-09-23 00:00:00-04:00,1.9617983665165488,1.9782840505608177,1.9040982758367524,1.9123411178588867,1833500,0.0,0.0
2020-09-24 00:00:00-04:00,1.9288267015462117,1.978283947630611,1.9205838599529528,1.9535552263259888,2874200,0.0,0.0
2020-09-25 00:00:00-04:00,1.9535552263259888,1.9700411060373522,1.9288267015462117,1.9535552263259888,2275000,0.0,0.0
2020-09-28 00:00:00-04:00,2.0607123494888464,2.1101693987106165,2.0607123494888464,2.0854408740997314,1919200,0.0,0.0
2020-09-29 00:00:00-04:00,2.08544086603938,2.08544086603938,2.044226658513867,2.068955183029175,2724600,0.0,0.0
2020-09-30 00:00:00-04:00,2.0936839640938683,2.1431410191846996,2.0936839640938683,2.1101696491241455,1622300,0.0,0.0
2020-10-01 00:00:00-04:00,2.225569719579441,2.2502982479995057,2.1843555055459998,2.2090840339660645,1915800,0.0,0.0
2020-10-02 00:00:00-04:00,2.209083583583626,2.2667834714667343,2.2008407424574674,2.258540630340576,2442700,0.0,0.0
2020-10-05 00:00:00-04:00,2.2915120081203217,2.2997548492942324,2.26678348459859,2.283269166946411,1858000,0.0,0.0
2020-10-06 00:00:00-04:00,2.4069120254534058,2.4398833907569033,2.3656976222991943,2.3656976222991943,3946900,0.0,0.0
2020-10-07 00:00:00-04:00,2.423397787344487,2.448126312130674,2.4151549457490913,2.4398834705352783,1721200,0.0,0.0
2020-10-08 00:00:00-04:00,2.4893405514193514,2.5140690765165816,2.472854868021198,2.505826234817505,2350200,0.0,0.0
2020-10-09 00:00:00-04:00,2.522311910441634,2.522311910441634,2.4893405437469482,2.4893405437469482,2586100,0.0,0.0
2020-10-12 00:00:00-04:00,2.5552833117790312,2.563526153564453,2.538797628208187,2.563526153564453,1739500,0.0,0.0
2020-10-13 00:00:00-04:00,2.4481264753000094,2.4481264753000094,2.3492121730377082,2.357455015182495,2638800,0.0,0.0
2020-10-14 00:00:00-04:00,2.3327264751380765,2.3574550014281614,2.316240790944687,2.324483633041382,1271300,0.0,0.0
2020-10-15 00:00:00-04:00,2.242055424084583,2.2667839527130127,2.242055424084583,2.2667839527130127,1408100,0.0,0.0
2020-10-16 00:00:00-04:00,2.29151226125273,2.3409693137594774,2.283269419168272,2.3162407875061035,1216500,0.0,0.0
2020-10-19 00:00:00-04:00,2.324483633041382,2.3739408821464085,2.316240790944687,2.324483633041382,1151800,0.0,0.0
2020-10-20 00:00:00-04:00,2.3492121730377082,2.3821837381417144,2.3492121730377082,2.357455015182495,1198300,0.0,0.0
2020-10-21 00:00:00-04:00,2.382183786985427,2.390426629299223,2.365697905832972,2.373940944671631,1509900,0.0,0.0
2020-10-22 00:00:00-04:00,2.3244836942639915,2.382183786985427,2.3244836942639915,2.373940944671631,1208200,0.0,0.0
2020-10-23 00:00:00-04:00,2.406912088394165,2.4233977714770147,2.3821835637698907,2.406912088394165,1439600,0.0,0.0
2020-10-26 00:00:00-04:00,2.4151554107666016,2.4151554107666016,2.3656981551468106,2.4151554107666016,2339600,0.0,0.0
2020-10-27 00:00:00-04:00,2.39866940487554,2.406912246959998,2.3162407875061035,2.3162407875061035,1707100,0.0,0.0
2020-10-28 00:00:00-04:00,2.209083780855357,2.2338123064420956,2.176112413406372,2.176112413406372,3023900,0.0,0.0
2020-10-29 00:00:00-04:00,2.151383932439771,2.2173268712540253,2.1431410896535987,2.192598342895508,2587200,0.0,0.0
2020-10-30 00:00:00-04:00,2.167869360773596,2.225569248199463,2.143140641066249,2.225569248199463,1993300,0.0,0.0
2020-11-02 00:00:00-05:00,2.242055424084583,2.283269638465299,2.2255697383322968,2.2667839527130127,2028600,0.0,0.0
2020-11-03 00:00:00-05:00,2.398669729043415,2.439883945035594,2.3904268858449793,2.431641101837158,2438000,0.0,0.0
2020-11-04 00:00:00-05:00,2.299755085895541,2.3409692960052566,2.2667837178077686,2.275026559829712,2062100,0.0,0.0
2020-11-05 00:00:00-05:00,2.3162405618491326,2.365697609537586,2.3162405618491326,2.3409690856933594,1518700,0.0,0.0
2020-11-06 00:00:00-05:00,2.4151551562406115,2.4151551562406115,2.365697905832972,2.373940944671631,1583600,0.0,0.0
2020-11-09 00:00:00-05:00,2.662440312528253,2.7036545193038775,2.604740423042379,2.687168836593628,4302200,0.0,0.0
2020-11-10 00:00:00-05:00,2.769597341655744,2.810811746317982,2.7613545000282653,2.786083221435547,2707500,0.0,0.0
2020-11-11 00:00:00-05:00,2.794325992141014,2.794325992141014,2.7118973814334812,2.7283830642700195,1908900,0.0,0.0
2020-11-12 00:00:00-05:00,2.736625901546328,2.7613544257637077,2.7036545359231545,2.720140218734741,2347700,0.0,0.0
2020-11-13 00:00:00-05:00,2.76135474264134,2.8025691509246826,2.76135474264134,2.8025691509246826,1722700,0.0,0.0
2020-11-16 00:00:00-05:00,2.884997596919385,2.893240439335303,2.8355405424238773,2.860269069671631,2052600,0.0,0.0
2020-11-17 00:00:00-05:00,2.926211851944186,2.9756689071655273,2.9097261668704055,2.9756689071655273,1991900,0.0,0.0
2020-11-18 00:00:00-05:00,2.9344544184276464,2.9674257854734862,2.8849973678588867,2.8849973678588867,2142500,0.0,0.0
2020-11-19 00:00:00-05:00,2.86851193053861,2.917968985352239,2.852026245600734,2.909726142883301,1301900,0.0,0.0
2020-11-20 00:00:00-05:00,2.8932404579454247,2.917968985352239,2.86851193053861,2.909726142883301,1890800,0.0,0.0
2020-11-23 00:00:00-05:00,2.9426975280479284,2.967426055583221,2.9262118430244,2.9509403705596924,1114200,0.0,0.0
2020-11-24 00:00:00-05:00,3.0663400054781875,3.1652541041106237,3.058097163925485,3.1405255794525146,2049500,0.0,0.0
2020-11-25 00:00:00-05:00,3.0251259733692915,3.0251259733692915,2.9674258826251574,3.0086402893066406,2438200,0.0,0.0
2020-11-27 00:00:00-05:00,3.000397679323483,3.0251262073299423,2.9674261121233325,2.992154836654663,1518600,0.0,0.0
2020-11-30 00:00:00-05:00,3.1075541431199323,3.1157969844866362,3.000397205352783,3.000397205352783,3939300,0.0,0.0
2020-12-01 00:00:00-05:00,3.0498543106779175,3.1240398843677752,3.0498543106779175,3.1157970428466797,2070000,0.0,0.0
2020-12-02 00:00:00-05:00,3.0663402216593636,3.124040116596206,3.0663402216593636,3.099311590194702,2058800,0.0,0.0
2020-12-03 00:00:00-05:00,3.0993115935871236,3.1322829621585515,3.0828259093014094,3.1075544357299805,1355700,0.0,0.0
2020-12-04 00:00:00-05:00,3.1570112705230713,3.18998263681707,3.1487684289495714,3.1570112705230713,2266900,0.0,0.0
2020-12-07 00:00:00-05:00,3.1157972744623716,3.1157972744623716,3.082825905927033,3.099311590194702,1773800,0.0,0.0
2020-12-08 00:00:00-05:00,3.0580976037339984,3.082826131948507,3.049854760995829,3.066340446472168,1057800,0.0,0.0
2020-12-09 00:00:00-05:00,3.1570114988447333,3.1570114988447333,3.091068761487619,3.1322829723358154,1518600,0.0,0.0
2020-12-10 00:00:00-05:00,3.0003977045668115,3.082826131948507,3.0003977045668115,3.066340446472168,2337500,0.0,0.0
2020-12-11 00:00:00-05:00,2.95918319769693,2.9756688826348063,2.909726142883301,2.909726142883301,1775800,0.0,0.0
2020-12-14 00:00:00-05:00,2.967425800824612,2.983911484432816,2.91796875,2.91796875,2013000,0.0,0.0
2020-12-15 00:00:00-05:00,2.9839118115595853,3.058097592454353,2.9674261261440527,3.0333690643310547,2460800,0.0,0.0
2020-12-16 00:00:00-05:00,3.1157975113596423,3.132283196880735,3.0745832975569103,3.091068983078003,1527600,0.0,0.0
2020-12-17 00:00:00-05:00,3.157011505593632,3.173497189968153,3.132282979031851,3.148768663406372,2221700,0.0,0.0
2020-12-18 00:00:00-05:00,3.099311817424846,3.099311817424846,3.049854760995829,3.066340446472168,2041900,0.0,0.0
2020-12-21 00:00:00-05:00,2.9591830405938317,3.0168831313379663,2.9344545144998553,3.0086402893066406,1970400,0.0,0.0
2020-12-22 00:00:00-05:00,3.049854261981271,3.049854261981271,3.008640055033857,3.01688289642334,1218100,0.0,0.0
2020-12-23 00:00:00-05:00,3.099311603657258,3.1652543410143723,3.099311603657258,3.1322829723358154,2270400,0.0,0.0
2020-12-24 00:00:00-05:00,3.1322829723358154,3.148768656675094,3.1075544458268975,3.1322829723358154,1356400,0.0,0.0
2020-12-28 00:00:00-05:00,3.2229542656379255,3.264168474349439,3.1982257404110177,3.2064685821533203,2069900,0.0,0.0
2020-12-29 00:00:00-05:00,3.2476827908648334,3.255925632607136,3.1982257404110177,3.2064685821533203,3133700,0.0,0.0
2020-12-30 00:00:00-05:00,3.2311971187591553,3.2559256440731468,3.2229542769878248,3.2311971187591553,2094800,0.0,0.0
2020-12-31 00:00:00-05:00,3.247683051380061,3.2559258937835693,3.20646883936252,3.2559258937835693,1070500,0.0,0.0
2021-01-04 00:00:00-05:00,3.2641684704782574,3.2724113122107843,3.173497014895612,3.198225736618042,2989000,0.0,0.0
2021-01-05 00:00:00-05:00,3.2311968976525547,3.2806539448962564,3.2147112152379878,3.2641682624816895,2560600,0.0,0.0
2021-01-06 00:00:00-05:00,3.4207823271986513,3.511453773962136,3.4125392897430347,3.4949676990509033,3459900,0.0,0.0
2021-01-07 00:00:00-05:00,3.544425936199185,3.6103686785015374,3.544425936199185,3.5856399536132812,2188900,0.0,0.0
2021-01-08 00:00:00-05:00,3.5114545431196085,3.5279402285922465,3.461997093651949,3.5196971893310547,2476400,0.0,0.0
2021-01-11 00:00:00-05:00,3.429025470525375,3.478482523306062,3.429025470525375,3.4702398777008057,1424800,0.0,0.0
2021-01-12 00:00:00-05:00,3.4949680065185427,3.5526680946350098,3.486725361387444,3.5526680946350098,1284800,0.0,0.0
2021-01-13 00:00:00-05:00,3.5279394751003528,3.5361821195513476,3.453753709793091,3.453753709793091,2495300,0.0,0.0
2021-01-14 00:00:00-05:00,3.4702393727833725,3.511453773962136,3.4702393727833725,3.4949676990509033,1317200,0.0,0.0
2021-01-15 00:00:00-05:00,3.6103684902191158,3.626854174934968,3.5196970277570667,3.610368490219116,3528500,0.0,0.0
2021-01-19 00:00:00-05:00,3.552668560276331,3.5609115995375227,3.5114545431196085,3.5196971893310547,1768500,0.0,0.0
2021-01-20 00:00:00-05:00,3.527939804029608,3.552668132737813,3.5114541205409058,3.5444254875183105,812500,0.0,0.0
2021-01-21 00:00:00-05:00,3.5444259589663942,3.55266860528226,3.5114545876034304,3.527940273284912,1294600,0.0,0.0
2021-01-22 00:00:00-05:00,3.4867255687713623,3.5114542917348643,3.470239884478933,3.4867255687713623,1034600,0.0,0.0
2021-01-25 00:00:00-05:00,3.330111265182495,3.3713256711230017,3.2971398976499717,3.330111265182495,1900600,0.0,0.0
2021-01-26 00:00:00-05:00,3.4290253972809066,3.437268435759807,3.3878113840355293,3.3960540294647217,1789600,0.0,0.0
2021-01-27 00:00:00-05:00,3.4125397232991945,3.4125397232991945,3.321868658065796,3.321868658065796,4101200,0.0,0.0
2021-01-28 00:00:00-05:00,3.4042970821652463,3.453754134096133,3.39605404365191,3.429025411605835,2292600,0.0,0.0
2021-01-29 00:00:00-05:00,3.3960540608432326,3.4042970993982964,3.3053829950358047,3.371325731277466,3558500,0.0,0.0
2021-02-01 00:00:00-05:00,3.404297113418579,3.412539758957877,3.371325745161959,3.404297113418579,1377000,0.0,0.0
2021-02-02 00:00:00-05:00,3.429025411605835,3.4619967795597595,3.4207827661422083,3.429025411605835,1672400,0.0,0.0
2021-02-03 00:00:00-05:00,3.4619967795597595,3.486725502050058,3.429025411605835,3.429025411605835,6477800,0.0,0.0
2021-02-04 00:00:00-05:00,3.494968464597225,3.5444259140648846,3.494968464597225,3.5196971893310547,7342000,0.0,0.0
2021-02-05 00:00:00-05:00,3.5609111328158023,3.5773968161276937,3.5196967280112266,3.5526680946350098,1905700,0.0,0.0
2021-02-08 00:00:00-05:00,3.585639507349723,3.610368229160278,3.552668140302116,3.560911178588867,1099100,0.0,0.0
2021-02-09 00:00:00-05:00,3.602124700799176,3.651581744641883,3.5856390195182732,3.618610382080078,2112500,0.0,0.0
2021-02-10 00:00:00-05:00,3.610368004810779,3.6268536873101564,3.585639284536875,3.5938823223114014,1431900,0.0,0.0
2021-02-11 00:00:00-05:00,3.7669827488623406,3.808196764754212,3.67631128502065,3.758739709854126,3510300,0.0,0.0
2021-02-12 00:00:00-05:00,3.65982483021035,3.717524911981447,3.65982483021035,3.7010388374328613,1656100,0.0,0.0
2021-02-16 00:00:00-05:00,3.7669825380876882,3.8329252742647637,3.758739499540698,3.8246822357177734,1474000,0.0,0.0
2021-02-17 00:00:00-05:00,3.8164398670196533,3.8164398670196533,3.7834684965397645,3.8164398670196533,1433300,0.0,0.0
2021-02-18 00:00:00-05:00,3.775225193928145,3.783468232497719,3.717525496139977,3.7504968643188477,2110800,0.0,0.0
2021-02-19 00:00:00-05:00,3.8741393608963453,3.9153537683089588,3.865896715243654,3.8988680839538574,1508900,0.0,0.0
2021-02-22 00:00:00-05:00,3.964810405182842,4.04723881830573,3.964810405182842,4.030753135681152,2628300,0.0,0.0
2021-02-23 00:00:00-05:00,3.9895398225684366,4.006025508072862,3.94008276605516,3.9977824687957764,1945400,0.0,0.0
2021-02-24 00:00:00-05:00,3.9977822561492893,4.063724994659424,3.989539610360385,4.063724994659424,2072200,0.0,0.0
2021-02-25 00:00:00-05:00,4.063723966692206,4.071967003445661,3.931838523033926,3.948324203491211,2967600,0.0,0.0
2021-02-26 00:00:00-05:00,3.923596807011369,3.948325137019162,3.890625045251447,3.8988680839538574,2238400,0.0,0.0
2021-03-01 00:00:00-05:00,3.9812961168517904,4.038996202983585,3.9812961168517904,4.0060248374938965,1585500,0.0,0.0
2021-03-02 00:00:00-05:00,3.9977822690760547,4.0307536384377345,3.9812965843952153,3.989539623260498,2054900,0.0,0.0
2021-03-03 00:00:00-05:00,4.088453826591699,4.154396566851286,4.088453826591699,4.129668235778809,2667700,0.0,0.0
2021-03-04 00:00:00-05:00,4.0802101920696705,4.1049389125829805,3.973053451311135,4.047238826751709,3871900,0.0,0.0
2021-03-05 00:00:00-05:00,4.071968065990331,4.071968065990331,3.9483252337723576,4.038996696472168,3661000,0.0,0.0
2021-03-08 00:00:00-05:00,4.104939989699766,4.195611464640764,4.096696949682501,4.146154403686523,4152000,0.0,0.0
2021-03-09 00:00:00-05:00,4.121425164097265,4.21209662776133,4.096696440170799,4.1543965339660645,4096400,0.0,0.0
2021-03-10 00:00:00-05:00,4.15439606512554,4.187367431273386,4.121424698977693,4.170881748199463,2769400,0.0,0.0
2021-03-11 00:00:00-05:00,4.063724563811444,4.0966959295707905,4.030753198052098,4.071967601776123,2006600,0.0,0.0
2021-03-12 00:00:00-05:00,4.088453263368023,4.129667666877452,4.088453263368023,4.1131815910339355,1672800,0.0,0.0
2021-03-15 00:00:00-04:00,4.04723931003189,4.063724994659424,3.9977822561492893,4.063724994659424,1897400,0.0,0.0
2021-03-16 00:00:00-04:00,4.047238847831166,4.055481885728429,3.9648104341069463,4.0060248374938965,1973000,0.0,0.0
2021-03-17 00:00:00-04:00,3.9730534346607045,4.02251048243038,3.96481039684092,4.014267444610596,2665500,0.0,0.0
2021-03-18 00:00:00-04:00,4.0060248374938965,4.0966958960656985,3.997781799596634,4.0060248374938965,2932500,0.0,0.0
2021-03-19 00:00:00-04:00,4.006025022673258,4.030753351408756,3.923596605138767,3.9812963008880615,4709900,0.0,0.0
2021-03-22 00:00:00-04:00,3.915353708748872,3.915353708748872,3.8576536178588867,3.8576536178588867,1697300,0.0,0.0
2021-03-23 00:00:00-04:00,3.766982003883944,3.7917103299187147,3.7010388840086916,3.7092819213867188,2495600,0.0,0.0
2021-03-24 00:00:00-04:00,3.7175256939622545,3.808196764754212,3.7175256939622545,3.758739709854126,2824700,0.0,0.0
2021-03-25 00:00:00-04:00,3.7669826091130445,3.9071107296065484,3.7504969247579427,3.8988680839538574,4200200,0.0,0.0
2021-03-26 00:00:00-04:00,3.8906252324965345,3.931839641892684,3.8329255310016106,3.8741395473480225,1882100,0.0,0.0
2021-03-29 00:00:00-04:00,3.882382340540227,3.9235967473258895,3.8494109723315817,3.8576536178588867,2776600,0.0,0.0
2021-03-30 00:00:00-04:00,3.93183975997461,3.9977825025490668,3.93183975997461,3.9730541706085205,1890200,0.0,0.0
2021-03-31 00:00:00-04:00,3.9400824913664705,3.948325137019162,3.8823823995987556,3.8988680839538574,2252000,0.0,0.0
2021-04-01 00:00:00-04:00,3.923596865448194,3.9483251958242827,3.8906251031972006,3.940082550048828,1250200,0.0,0.0
2021-04-05 00:00:00-04:00,3.9812968169054526,4.014268188192681,3.956568484964906,3.9730541706085205,924900,0.0,0.0
2021-04-06 00:00:00-04:00,4.006024774134023,4.030753101335342,3.9483246889148216,3.964810371398926,1481400,0.0,0.0
2021-04-07 00:00:00-04:00,3.9895398562521347,4.006025541895749,3.9400827993212917,3.9730541706085205,1121700,0.0,0.0
2021-04-08 00:00:00-04:00,3.898868083953857,3.9071107296065484,3.857653676541244,3.8988680839538574,1119400,0.0,0.0
2021-04-09 00:00:00-04:00,3.8906252324965345,3.8988682715956595,3.85765386219951,3.8741395473480225,991400,0.0,0.0
2021-04-12 00:00:00-04:00,3.8906250385217347,3.9071107228483206,3.857653669868563,3.882382392883301,1013900,0.0,0.0
2021-04-13 00:00:00-04:00,3.8246820273060083,3.8246820273060083,3.7917106610141222,3.7999536991119385,1427700,0.0,0.0
2021-04-14 00:00:00-04:00,3.808196322267411,3.8658964094713495,3.808196322267411,3.841167688369751,1559500,0.0,0.0
2021-04-15 00:00:00-04:00,3.808196336183657,3.808196336183657,3.7587392868494174,3.783468008041382,1283300,0.0,0.0
2021-04-16 00:00:00-04:00,3.7834684520217143,3.8164398221136464,3.7752254129738634,3.808196783065796,759500,0.0,0.0
2021-04-19 00:00:00-04:00,3.8246825131147557,3.849411237499542,3.8081968278748115,3.8164398670196533,2542300,0.0,0.0
2021-04-20 00:00:00-04:00,3.766982967164651,3.775225613600806,3.676311498068413,3.6927971839904785,2930800,0.0,0.0
2021-04-21 00:00:00-04:00,3.6680682400295757,3.7422540187835693,3.6515825550897696,3.7422540187835693,1490700,0.0,0.0
2021-04-22 00:00:00-04:00,3.6680679169634423,3.684553600451267,3.618610866499968,3.635096549987793,1949300,0.0,0.0
2021-04-23 00:00:00-04:00,3.659824922120443,3.73401068725352,3.6433392402074993,3.717525005340576,1693000,0.0,0.0
2021-04-26 00:00:00-04:00,3.783468008041382,3.8246820192950706,3.7669823249299688,3.783468008041382,1943100,0.0,0.0
2021-04-27 00:00:00-04:00,3.7669823249299688,3.791710653072244,3.7504966418185552,3.783468008041382,1088400,0.0,0.0
2021-04-28 00:00:00-04:00,3.8081963599070385,3.8329250812530518,3.7999537148248286,3.8329250812530518,951600,0.0,0.0
2021-04-29 00:00:00-04:00,3.874139108509877,3.882382146675283,3.8246820586665247,3.865896463394165,1377700,0.0,0.0
2021-04-30 00:00:00-04:00,3.8246820192950706,3.8329250573756215,3.775224969960831,3.783468008041382,1559200,0.0,0.0
2021-05-03 00:00:00-04:00,3.841167726335262,3.8576534095493735,3.81643939803894,3.8329250812530518,1126000,0.0,0.0
2021-05-04 00:00:00-04:00,3.799954118795731,3.8246824497209073,3.7340113789289497,3.758739709854126,1817500,0.0,0.0
2021-05-05 00:00:00-04:00,3.799953957935722,3.8741393406205615,3.791710919276453,3.8494110107421875,2073600,0.0,0.0
2021-05-06 00:00:00-04:00,3.841167741947642,3.865896463394165,3.7999537302696944,3.865896463394165,1835800,0.0,0.0
2021-05-07 00:00:00-04:00,3.8823822298221335,3.973053686334988,3.8823822298221335,3.9565680027008057,2006400,0.0,0.0
2021-05-10 00:00:00-04:00,3.9400822120747043,3.9730535784477405,3.898867807583564,3.9071104526519775,1869000,0.0,0.0
2021-05-11 00:00:00-04:00,3.865896901298635,3.915353956744172,3.8494112161501226,3.8741395473480225,2290100,0.0,0.0
2021-05-12 00:00:00-04:00,4.096696415576687,4.187367878696415,4.071968084848408,4.088453769683838,4424900,0.0,0.0
2021-05-13 00:00:00-04:00,3.973054137064011,4.014268154300202,3.94008276605516,3.9977824687957764,2993000,0.0,0.0
2021-05-14 00:00:00-04:00,4.0060248082691245,4.04723881830573,3.997781770431997,4.030753135681152,1269800,0.0,0.0
2021-05-17 00:00:00-04:00,3.9812965843952153,4.014267953756895,3.9648108997143754,3.989539623260498,2441900,0.0,0.0
2021-05-18 00:00:00-04:00,4.014267667901858,4.030753351408756,3.9812963008880615,3.9812963008880615,1318100,0.0,0.0
2021-05-19 00:00:00-04:00,3.898867807583564,3.9400822120747043,3.8411677199059056,3.9071104526519775,2480100,0.0,0.0
2021-05-20 00:00:00-04:00,3.882382586447147,3.8988682715956595,3.8411681770509976,3.8741395473480225,1680600,0.0,0.0
2021-05-21 00:00:00-04:00,3.8741393608963453,3.898868083953857,3.841167992186142,3.8988680839538574,1222300,0.0,0.0
2021-05-24 00:00:00-04:00,3.865896708556715,3.882382392883301,3.849411024230129,3.882382392883301,891000,0.0,0.0
2021-05-25 00:00:00-04:00,3.8906252540745334,3.9071109393144776,3.8081968278748115,3.8164398670196533,3086900,0.0,0.0
2021-05-26 00:00:00-04:00,3.791711142634867,3.8246825131147557,3.7669828112998203,3.8164398670196533,867600,0.0,0.0
2021-05-27 00:00:00-04:00,3.865896715243654,3.898868083953857,3.841167992186142,3.8988680839538574,2001800,0.0,0.0
2021-05-28 00:00:00-04:00,3.8823821165297105,3.898867799682822,3.8494107502234884,3.890624761581421,1419300,0.0,0.0
2021-06-01 00:00:00-04:00,3.9071107228483206,3.9235968002246246,3.882382392883301,3.882382392883301,1132700,0.0,0.0
2021-06-02 00:00:00-04:00,3.9318391739566,3.9318391739566,3.898867807583564,3.9071104526519775,1621200,0.0,0.0
2021-06-03 00:00:00-04:00,3.907110444734532,3.9153534828359327,3.8823821165297105,3.890624761581421,1796700,0.0,0.0
2021-06-04 00:00:00-04:00,3.8906252324965345,3.8988682715956595,3.8246824919024855,3.8741395473480225,3645700,0.0,0.0
2021-06-07 00:00:00-04:00,3.868277901895977,3.876650989635313,3.843159437179566,3.8431594371795654,1270400,0.073,0.0
2021-06-08 00:00:00-04:00,3.8096683965834237,3.834786864674703,3.79292261810562,3.8180410861968994,890000,0.0,0.0
2021-06-09 00:00:00-04:00,3.7845489024449326,3.792921989922511,3.759430039262983,3.7761762142181396,2091200,0.0,0.0
2021-06-10 00:00:00-04:00,3.834786547732022,3.8431596359043194,3.7259387969970703,3.7259387969970703,1335400,0.0,0.0
2021-06-11 00:00:00-04:00,3.784549646091382,3.801295425086221,3.7761769562193943,3.7929227352142334,1533800,0.0,0.0
2021-06-14 00:00:00-04:00,3.776176969862496,3.7929227489178365,3.7510581016540527,3.7510581016540527,1147200,0.0,0.0
2021-06-15 00:00:00-04:00,3.759430370899806,3.7845492362976074,3.7510576819344195,3.7845492362976074,1484800,0.0,0.0
2021-06-16 00:00:00-04:00,3.759429931640625,3.7678030188785048,3.7175656932035506,3.759429931640625,2137000,0.0,0.0
2021-06-17 00:00:00-04:00,3.818040433719347,3.82641352115277,3.675701141357422,3.675701141357422,3800100,0.0,0.0
2021-06-18 00:00:00-04:00,3.541735635661209,3.566854503669824,3.4831252098083496,3.4831252098083496,3304400,0.0,0.0
2021-06-21 00:00:00-04:00,3.5333620477249315,3.5668540000915523,3.5333620477249315,3.5668540000915527,887000,0.0,0.0
2021-06-22 00:00:00-04:00,3.499871015548706,3.5082441046993584,3.47475254659848,3.499871015548706,1539400,0.0,0.0
2021-06-23 00:00:00-04:00,3.4914982046174137,3.4998708942269645,3.458006647677508,3.474752426147461,1246500,0.0,0.0
2021-06-24 00:00:00-04:00,3.499871002019193,3.5417356491088867,3.499871002019193,3.5417356491088867,1352300,0.0,0.0
2021-06-25 00:00:00-04:00,3.533362349820784,3.5668543050509043,3.5166165718311437,3.558481216430664,1922400,0.0,0.0
2021-06-28 00:00:00-04:00,3.524989587017582,3.524989587017582,3.449633388008628,3.466379165649414,1339600,0.0,0.0
2021-06-29 00:00:00-04:00,3.4747524385368584,3.4831251281762623,3.4245151029478764,3.4328877925872803,1334500,0.0,0.0
2021-06-30 00:00:00-04:00,3.424514827621876,3.4580063819885254,3.4161417394048033,3.4580063819885254,1538400,0.0,0.0
2021-07-01 00:00:00-04:00,3.483125115757012,3.4914982046174137,3.458006647677508,3.474752426147461,2505900,0.0,0.0
2021-07-02 00:00:00-04:00,3.466379070954777,3.47475215917185,3.432887516588128,3.4580063819885254,809800,0.0,0.0
2021-07-06 00:00:00-04:00,3.4412607984310295,3.4412607984310295,3.3659045972406694,3.382650375366211,1809000,0.0,0.0
2021-07-07 00:00:00-04:00,3.3659045696258545,3.399396125602164,3.3491587916376995,3.3659045696258545,2481000,0.0,0.0
2021-07-08 00:00:00-04:00,3.3659046477901566,3.391023514981129,3.3324130910360936,3.3407859802246094,3190600,0.0,0.0
2021-07-09 00:00:00-04:00,3.4747521018101044,3.5166163444519043,3.4496332368243734,3.5166163444519043,1899800,0.0,0.0
2021-07-12 00:00:00-04:00,3.4496331146408603,3.5166162198958983,3.4496331146408603,3.491497755050659,1355600,0.0,0.0
2021-07-13 00:00:00-04:00,3.4914980032954235,3.4914980032954235,3.4412606707822815,3.4496333599090576,2247100,0.0,0.0
2021-07-14 00:00:00-04:00,3.4831252098083496,3.5166167676525943,3.466379430886227,3.4831252098083496,1780300,0.0,0.0
2021-07-15 00:00:00-04:00,3.441260604805201,3.483124848138102,3.432887516588128,3.4580063819885254,1118400,0.0,0.0
2021-07-16 00:00:00-04:00,3.4663791979050074,3.4663791979050074,3.382650308921956,3.3910233974456787,1260100,0.0,0.0
2021-07-19 00:00:00-04:00,3.315667229942447,3.3324130079017182,3.257057007084997,3.29054856300354,3433400,0.0,0.0
2021-07-20 00:00:00-04:00,3.2821758205766667,3.374277803090534,3.265430041869678,3.357532024383545,2468400,0.0,0.0
2021-07-21 00:00:00-04:00,3.4161420018772,3.4914982046174137,3.4161420018772,3.474752426147461,1701600,0.0,0.0
2021-07-22 00:00:00-04:00,3.4914982170665194,3.4998709067059233,3.4245151029478764,3.4328877925872803,1388900,0.0,0.0
2021-07-23 00:00:00-04:00,3.4914980317360094,3.5166164985717727,3.458006476454437,3.466379165649414,1077300,0.0,0.0
2021-07-26 00:00:00-04:00,3.533362349820784,3.575226994420304,3.5166165718311437,3.558481216430664,1437400,0.0,0.0
2021-07-27 00:00:00-04:00,3.48312445977277,3.524989097688622,3.4747517717400656,3.5082433223724365,1181300,0.0,0.0
2021-07-28 00:00:00-04:00,3.5333617041657925,3.566853653275893,3.4914974664670098,3.550107479095459,1663700,0.0,0.0
2021-07-29 00:00:00-04:00,3.591973039825933,3.6003461290695347,3.5668545705968677,3.5752272605895996,1165000,0.0,0.0
2021-07-30 00:00:00-04:00,3.5417351431247193,3.566854007640143,3.516616278609295,3.524989366531372,1078700,0.0,0.0
2021-08-02 00:00:00-04:00,3.575226792426505,3.6170914346607494,3.524989461295902,3.5333621501922607,1612200,0.0,0.0
2021-08-03 00:00:00-04:00,3.575226840693932,3.6087183952331543,3.5249895088850995,3.6087183952331543,2124900,0.0,0.0
2021-08-04 00:00:00-04:00,3.5668540000915523,3.591972465303011,3.550107824282839,3.5668540000915527,1006000,0.0,0.0
2021-08-05 00:00:00-04:00,3.591972617963543,3.625464172502765,3.591972617963543,3.6087183952331543,939700,0.0,0.0
2021-08-06 00:00:00-04:00,3.65058267755872,3.675701141357422,3.642209590125297,3.675701141357422,1469100,0.0,0.0
2021-08-09 00:00:00-04:00,3.6924475954610045,3.7175664631260843,3.675701816767904,3.7008206844329834,1495800,0.0,0.0
2021-08-10 00:00:00-04:00,3.700820595059687,3.7510579299257785,3.692447506289915,3.742684841156006,1308100,0.0,0.0
2021-08-11 00:00:00-04:00,3.7678037507634885,3.8264141750612275,3.759430661899161,3.8180410861968994,1465200,0.0,0.0
2021-08-12 00:00:00-04:00,4.119464639382442,4.161328877225297,4.0608542273015225,4.077600002288818,2840800,0.0,0.0
2021-08-13 00:00:00-04:00,4.161329958262101,4.178075737599642,4.119465709543686,4.1445841789245605,3084000,0.0,0.0
2021-08-16 00:00:00-04:00,4.161330180927507,4.18644905090332,4.136211710202588,4.18644905090332,3176100,0.0,0.0
2021-08-17 00:00:00-04:00,4.119464639382442,4.152956189357034,4.052481539433259,4.077600002288818,2412000,0.0,0.0
2021-08-18 00:00:00-04:00,4.111092356502409,4.169702780049087,4.102719666996225,4.127838134765625,2030000,0.0,0.0
2021-08-19 00:00:00-04:00,4.035736350723331,4.06922790556329,4.018990573303351,4.0524821281433105,2241000,0.0,0.0
2021-08-20 00:00:00-04:00,4.035736029764447,4.094346046447754,4.035736029764447,4.094346046447754,1541800,0.0,0.0
2021-08-23 00:00:00-04:00,4.127838134765625,4.14458391302884,4.119465445259441,4.127838134765625,1190400,0.0,0.0
2021-08-24 00:00:00-04:00,4.136210975389965,4.169702529907227,4.136210975389965,4.169702529907227,644900,0.0,0.0
2021-08-25 00:00:00-04:00,4.203194577584373,4.228313446044922,4.178075709123825,4.228313446044922,1148800,0.0,0.0
2021-08-26 00:00:00-04:00,4.239401896443175,4.247932075734165,4.179692268371582,4.179692268371582,1332700,0.093,0.0
2021-08-27 00:00:00-04:00,4.1796923373776576,4.230872193744567,4.171162157945835,4.222342014312744,715400,0.0,0.0
2021-08-30 00:00:00-04:00,4.205281992761883,4.205281992761883,4.171162089080592,4.179692268371582,961800,0.0,0.0
2021-08-31 00:00:00-04:00,4.171162089080592,4.205281992761883,4.162632316530936,4.179692268371582,1331700,0.0,0.0
2021-09-01 00:00:00-04:00,4.196752220212228,4.213812172052873,4.171162089080592,4.179692268371582,1109700,0.0,0.0
2021-09-02 00:00:00-04:00,4.196751923754116,4.230871825025181,4.188221745065696,4.213811874389648,831700,0.0,0.0
2021-09-03 00:00:00-04:00,4.196752071380615,4.205281843627775,4.171161941156495,4.196752071380615,1008100,0.0,0.0
2021-09-07 00:00:00-04:00,4.179691830007678,4.205281551714142,4.162631879956271,4.171161651611328,961500,0.0,0.0
2021-09-08 00:00:00-04:00,4.1541019968573885,4.171161948121515,4.119982094329135,4.137042045593262,1104100,0.0,0.0
2021-09-09 00:00:00-04:00,4.137041677171956,4.162631805159895,4.119981727427091,4.128511905670166,893400,0.0,0.0
2021-09-10 00:00:00-04:00,4.154102256958373,4.162632436495198,4.111452579498291,4.111452579498291,935000,0.0,0.0
2021-09-13 00:00:00-04:00,4.188222070957686,4.239401926846667,4.162632346383865,4.23087215423584,1233700,0.0,0.0
2021-09-14 00:00:00-04:00,4.247932227615603,4.256462000470234,4.154102285766569,4.162632465362549,1196800,0.0,0.0
2021-09-15 00:00:00-04:00,4.171161941156495,4.205281843627775,4.162632168909336,4.196752071380615,1123600,0.0,0.0
2021-09-16 00:00:00-04:00,4.205281992761883,4.213812172052873,4.162632316530936,4.179692268371582,758200,0.0,0.0
2021-09-17 00:00:00-04:00,4.196752078388366,4.222341801913895,4.128512273331859,4.137042045593262,1375500,0.0,0.0
2021-09-20 00:00:00-04:00,4.0090922916744045,4.026152243295691,3.9749723884318304,4.017622470855713,2411700,0.0,0.0
2021-09-21 00:00:00-04:00,4.00909259080826,4.034682723520234,3.9664429119434508,3.9835028648376465,1338300,0.0,0.0
2021-09-22 00:00:00-04:00,4.000562371878934,4.060272403724762,3.992032193011824,4.034682273864746,1379800,0.0,0.0
2021-09-23 00:00:00-04:00,4.026152273971135,4.085862308471238,4.026152273971135,4.068802356719971,1669200,0.0,0.0
2021-09-24 00:00:00-04:00,4.119981581597042,4.171161429020085,4.119981581597042,4.145571708679199,1015200,0.0,0.0
2021-09-27 00:00:00-04:00,4.222342152023612,4.2735224168010975,4.222342152023612,4.2649922370910645,1392600,0.0,0.0
2021-09-28 00:00:00-04:00,4.333232047805905,4.358822180194648,4.2564620573810314,4.2649922370910645,3075300,0.0,0.0
2021-09-29 00:00:00-04:00,4.35882201793108,4.367351790582223,4.3247021138438235,4.341762065887451,1516400,0.0,0.0
2021-09-30 00:00:00-04:00,4.35882201793108,4.3844117426258515,4.3247021138438235,4.341762065887451,2232700,0.0,0.0
2021-10-01 00:00:00-04:00,4.307642310246883,4.341762215509953,4.247932272665832,4.324702262878418,1755800,0.0,0.0
2021-10-04 00:00:00-04:00,4.307642022225223,4.358821876697792,4.2905820707343665,4.299111843109131,1594200,0.0,0.0
2021-10-05 00:00:00-04:00,4.333232129678621,4.4270620745550415,4.324702356548782,4.418531894683838,3479600,0.0,0.0
2021-10-06 00:00:00-04:00,4.3332314836189445,4.401471285448959,4.307641761303341,4.384411334991455,3040500,0.0,0.0
2021-10-07 00:00:00-04:00,4.435591847684881,4.469711753686968,4.410002121553998,4.418531894683838,1627000,0.0,0.0
2021-10-08 00:00:00-04:00,4.452651352427359,4.4867716617358395,4.444121580156231,4.4697113037109375,1407000,0.0,0.0
2021-10-11 00:00:00-04:00,4.486771921666408,4.512361646703596,4.435591658109341,4.444121837615967,1189700,0.0,0.0
2021-10-12 00:00:00-04:00,4.452650509552972,4.478240635004862,4.418530613444616,4.461180686950684,1142800,0.0,0.0
2021-10-13 00:00:00-04:00,4.384411151624257,4.392941329866907,4.316171352648205,4.3502912521362305,2026500,0.0,0.0
2021-10-14 00:00:00-04:00,4.375882188638319,4.392942141534436,4.358822235742202,4.36735200881958,947300,0.0,0.0
2021-10-15 00:00:00-04:00,4.401471941682795,4.4270620745550415,4.375882215551911,4.418531894683838,1185300,0.0,0.0
2021-10-18 00:00:00-04:00,4.36735200881958,4.392942141534436,4.350292055923463,4.36735200881958,1133500,0.0,0.0
2021-10-19 00:00:00-04:00,4.392942168552954,4.418531894683838,4.392942168552954,4.418531894683838,976700,0.0,0.0
2021-10-20 00:00:00-04:00,4.384411624016904,4.43559147876325,4.375881851596511,4.410001754760742,1874300,0.0,0.0
2021-10-21 00:00:00-04:00,4.418531566571849,4.435591518306052,4.384411663103443,4.4014716148376465,1021800,0.0,0.0
2021-10-22 00:00:00-04:00,4.418530940812724,4.478240966796875,4.392941220206142,4.478240966796875,1212100,0.0,0.0
2021-10-25 00:00:00-04:00,4.469711452553584,4.469711452553584,4.444121728146732,4.452651500701904,992200,0.0,0.0
2021-10-26 00:00:00-04:00,4.486771811146601,4.512361535553453,4.444121728146732,4.452651500701904,882800,0.0,0.0
2021-10-27 00:00:00-04:00,4.40147110136827,4.435591000856297,4.3502912521362305,4.3502912521362305,1992700,0.0,0.0
2021-10-28 00:00:00-04:00,4.341761480634867,4.35882143037888,4.324701530890854,4.3502912521362305,1289700,0.0,0.0
2021-10-29 00:00:00-04:00,4.316171277548016,4.333231226995191,4.264991429206492,4.307641506195068,1838200,0.0,0.0
2021-11-01 00:00:00-04:00,4.316171973765336,4.3332319259643555,4.299112021566317,4.3332319259643555,1101300,0.0,0.0
2021-11-02 00:00:00-04:00,4.256461761011326,4.299111843109131,4.239401809520469,4.299111843109131,1479800,0.0,0.0
2021-11-03 00:00:00-04:00,4.247931842502274,4.3673514988300814,4.239401663679631,4.316171646118164,2131200,0.0,0.0
2021-11-04 00:00:00-04:00,4.324701796757432,4.324701796757432,4.162632060855219,4.205281734466553,2632400,0.0,0.0
2021-11-05 00:00:00-04:00,4.264992276957737,4.2905824095856815,4.213812418443207,4.256462097167969,2214300,0.0,0.0
2021-11-08 00:00:00-05:00,4.247932145866869,4.273522277420995,4.222342014312744,4.222342014312744,1218400,0.0,0.0
2021-11-09 00:00:00-05:00,4.213811730110493,4.213811730110493,4.162631879956271,4.171161651611328,1269700,0.0,0.0
2021-11-10 00:00:00-05:00,4.205281850649769,4.2308719809166195,4.137042045593262,4.137042045593262,2084700,0.0,0.0
2021-11-11 00:00:00-05:00,4.154102325439453,4.18822223066653,4.145572552503361,4.154102325439453,1574700,0.0,0.0
2021-11-12 00:00:00-05:00,4.162631879956271,4.179691830007678,4.145571929904864,4.171161651611328,1300300,0.0,0.0
2021-11-15 00:00:00-05:00,4.162632207736034,4.205281882852285,4.137042077273223,4.1882219314575195,1368100,0.0,0.0
2021-11-16 00:00:00-05:00,4.21381206192033,4.230872013315095,4.1882219314575195,4.1882219314575195,1329900,0.0,0.0
2021-11-17 00:00:00-05:00,4.205281882852285,4.22234183424705,4.1882219314575195,4.1882219314575195,1845700,0.0,0.0
2021-11-18 00:00:00-05:00,4.205281843627775,4.222341794863414,4.188221892392135,4.196752071380615,1251500,0.0,0.0
2021-11-19 00:00:00-05:00,4.077332685647937,4.077332685647937,4.017622648955838,4.0517425537109375,2229100,0.0,0.0
2021-11-22 00:00:00-05:00,4.043212045990542,4.085862126843464,4.017622322871841,4.034682273864746,2052500,0.0,0.0
2021-11-23 00:00:00-05:00,4.034682886154866,4.077332973480225,4.026152705993244,4.077332973480225,1359500,0.0,0.0
2021-11-24 00:00:00-05:00,4.119982352293769,4.154102256958373,4.102922399961466,4.111452579498291,1556600,0.0,0.0
2021-11-26 00:00:00-05:00,3.744662647550152,3.8129024505615234,3.7020129740386993,3.8129024505615234,3477700,0.0,0.0
2021-11-29 00:00:00-05:00,3.83849244940127,3.8470226278579838,3.76172247025603,3.804372549057007,3018100,0.0,0.0
2021-11-30 00:00:00-05:00,3.7531931400299072,3.7702530922088062,3.719073235672109,3.7531931400299072,5117000,0.0,0.0
2021-12-01 00:00:00-05:00,3.906732555070325,3.9152627341929502,3.7702529430389404,3.7702529430389404,2740400,0.0,0.0
2021-12-02 00:00:00-05:00,3.864082737516858,3.9408523130894015,3.8470227866405913,3.9237923622131348,2335700,0.0,0.0
2021-12-03 00:00:00-05:00,3.8299630792559776,3.847023439769984,3.8043733519677314,3.8214333057403564,3651900,0.0,0.0
2021-12-06 00:00:00-05:00,3.872612329275953,3.923792179521825,3.864082557605621,3.88967227935791,2022700,0.0,0.0
2021-12-07 00:00:00-05:00,3.940852642059326,3.9664427738805657,3.923792689758949,3.940852642059326,1542800,0.0,0.0
2021-12-08 00:00:00-05:00,3.9408523130894015,3.9579122639656683,3.915262590145658,3.9237923622131348,2715700,0.0,0.0
2021-12-09 00:00:00-05:00,3.88967227935791,3.898202457769536,3.864082557605621,3.88967227935791,1180800,0.0,0.0
2021-12-10 00:00:00-05:00,3.8811425076875783,3.88967227935791,3.8555523791939956,3.88967227935791,2671200,0.0,0.0
2021-12-13 00:00:00-05:00,3.8555528223737383,3.872612774416666,3.829962690938676,3.8384928703308105,3102700,0.0,0.0
2021-12-14 00:00:00-05:00,3.838492536503193,3.9152625173904743,3.838492536503193,3.8811426162719727,1913000,0.0,0.0
2021-12-15 00:00:00-05:00,3.940852642059326,3.9493828215801883,3.8896727851581936,3.940852642059326,2902600,0.0,0.0
2021-12-16 00:00:00-05:00,4.0432123451135755,4.0602727041099484,4.00056266784668,4.00056266784668,2013700,0.0,0.0
2021-12-17 00:00:00-05:00,3.9920324989604588,4.000562678481321,3.932322869279811,3.940852642059326,1657200,0.0,0.0
2021-12-20 00:00:00-05:00,3.8896721876098517,3.898202365820271,3.83849233857119,3.872612237930298,3448200,0.0,0.0
2021-12-21 00:00:00-05:00,3.9408529060130633,4.000562946434367,3.9408529060130633,3.992032766342163,1865400,0.0,0.0
2021-12-22 00:00:00-05:00,3.9835029312034487,4.0346827907387,3.9749727512435564,4.026152610778809,1345100,0.0,0.0
2021-12-23 00:00:00-05:00,4.171161832880961,4.213811913233606,4.162632060855219,4.205281734466553,1800300,0.0,0.0
2021-12-27 00:00:00-05:00,4.264992276957737,4.2735224567475045,4.222342191491616,4.256462097167969,1522600,0.0,0.0
2021-12-28 00:00:00-05:00,4.256462017752928,4.290582329534041,4.256462017752928,4.27352237701416,1956700,0.0,0.0
2021-12-29 00:00:00-05:00,4.23940225407145,4.256462207351243,4.230872480802239,4.247932434082031,1099500,0.0,0.0
2021-12-30 00:00:00-05:00,4.239401636052143,4.239401636052143,4.1967519624408105,4.205281734466553,1309200,0.0,0.0
2021-12-31 00:00:00-05:00,4.196751923754116,4.222341646336761,4.188221745065696,4.213811874389648,723700,0.0,0.0
2022-01-03 00:00:00-05:00,4.247932284412355,4.2735224168010975,4.239402104702322,4.2649922370910645,1751700,0.0,0.0
2022-01-04 00:00:00-05:00,4.375881671905518,4.418531345738776,4.367351493094078,4.375881671905518,1737600,0.0,0.0
2022-01-05 00:00:00-05:00,4.435591820404048,4.452651773300166,4.36735200881958,4.36735200881958,2186400,0.0,0.0
2022-01-06 00:00:00-05:00,4.418532203083698,4.503832380783966,4.375882520974956,4.495302200317383,8049100,0.0,0.0
2022-01-07 00:00:00-05:00,4.537951241665936,4.742670644711575,4.537951241665936,4.734140872955322,10758100,0.0,0.0
2022-01-10 00:00:00-05:00,4.700020644047343,4.742670313331179,4.691490466145813,4.717080593109131,6644000,0.0,0.0
2022-01-11 00:00:00-05:00,4.717081135533573,4.819440841674805,4.700021184510034,4.819440841674805,5420700,0.0,0.0
2022-01-12 00:00:00-05:00,4.904740949178862,4.955920805926549,4.887680996929633,4.947391033172607,6196300,0.0,0.0
2022-01-13 00:00:00-05:00,4.981510678318759,5.007100401989653,4.964450726957722,4.972980499267578,3002200,0.0,0.0
2022-01-14 00:00:00-05:00,4.930330677658787,4.998570481074193,4.921800498861206,4.990040302276611,6440200,0.0,0.0
2022-01-18 00:00:00-05:00,4.921800792515115,4.9644508755650705,4.87915070946516,4.955920696258545,5271900,0.0,0.0
2022-01-19 00:00:00-05:00,4.879150768720015,4.896210720798915,4.776791056246618,4.785321235656738,4964300,0.0,0.0
2022-01-20 00:00:00-05:00,4.845030864562216,4.887680948130136,4.785321235656738,4.785321235656738,3077800,0.0,0.0
2022-01-21 00:00:00-05:00,4.768261432647705,4.810911110807638,4.734141527423217,4.768261432647705,6467300,0.0,0.0
2022-01-24 00:00:00-05:00,4.665901349202915,4.759731292724609,4.6147214909387255,4.759731292724609,7372600,0.0,0.0
2022-01-25 00:00:00-05:00,4.742670897104941,4.8450306040750934,4.65737114129648,4.810910701751709,5918700,0.0,0.0
2022-01-26 00:00:00-05:00,4.870621025887808,4.887680978071214,4.79385103769181,4.836501121520996,5413700,0.0,0.0
2022-01-27 00:00:00-05:00,4.853561195708924,4.921801006157899,4.742671300358662,4.768261432647705,6184500,0.0,0.0
2022-01-28 00:00:00-05:00,4.793850750590017,4.819440880703215,4.725610945943249,4.810910701751709,4982400,0.0,0.0
2022-01-31 00:00:00-05:00,4.79385103769181,4.8450308942420275,4.768261312787374,4.836501121520996,3285500,0.0,0.0
2022-02-01 00:00:00-05:00,4.870621044680403,4.964450985421837,4.870621044680403,4.947391033172607,3750100,0.0,0.0
2022-02-02 00:00:00-05:00,5.083870628959924,5.117990533309346,5.041220545152476,5.109460353851318,3109000,0.0,0.0
2022-02-03 00:00:00-05:00,5.100930180569049,5.135050082239104,5.049750328063965,5.049750328063965,3741500,0.0,0.0
2022-02-04 00:00:00-05:00,5.075340400755287,5.203290244207383,5.058280448744431,5.177700519561768,3567500,0.0,0.0
2022-02-07 00:00:00-05:00,5.17770007693155,5.254469651046874,5.1606401263791115,5.228879928588867,2544500,0.0,0.0
2022-02-08 00:00:00-05:00,5.237409626603803,5.305649427850816,5.211819904506823,5.2885894775390625,4087500,0.0,0.0
2022-02-09 00:00:00-05:00,4.87915053889127,4.938860571725493,4.836500864073673,4.862090587615967,8569300,0.0,0.0
2022-02-10 00:00:00-05:00,4.879150648647965,4.955920634484435,4.84503074532983,4.853560924530029,6070500,0.0,0.0
2022-02-11 00:00:00-05:00,4.785321385259949,4.887681100933412,4.759731252970906,4.768261432647705,4975300,0.0,0.0
2022-02-14 00:00:00-05:00,4.682960325795858,4.682960325795858,4.597660579802916,4.648840427398682,5932500,0.0,0.0
2022-02-15 00:00:00-05:00,4.682960653678923,4.742670683425287,4.665900703285862,4.725610733032227,4256100,0.0,0.0
2022-02-16 00:00:00-05:00,4.708551286853944,4.7938510479535665,4.708551286853944,4.776791095733643,3416100,0.0,0.0
2022-02-17 00:00:00-05:00,4.725611219981196,4.751201351578364,4.6488412319310335,4.665901184082031,4012600,0.0,0.0
2022-02-18 00:00:00-05:00,4.640311429651847,4.66590115434458,4.60619152556731,4.614721298217773,3221800,0.0,0.0
2022-02-22 00:00:00-05:00,4.529421257652276,4.58913128947506,4.444121502720667,4.486771583557129,5333200,0.0,0.0
2022-02-23 00:00:00-05:00,4.546480427221574,4.589130500727643,4.444120738896506,4.461180686950684,4381500,0.0,0.0
2022-02-24 00:00:00-05:00,4.179692620962862,4.256462207351243,4.119982581112903,4.247932434082031,9758800,0.0,0.0
2022-02-25 00:00:00-05:00,4.307642045268051,4.427061706342857,4.307642045268051,4.410001754760742,9745900,0.0,0.0
2022-02-28 00:00:00-05:00,4.154102526953384,4.282052381132398,4.145572753603516,4.2394022941589355,9582200,0.0,0.0
2022-03-01 00:00:00-05:00,4.145572754070837,4.154102527421666,3.9664430395483,3.992032766342163,10109000,0.0,0.0
2022-03-02 00:00:00-05:00,4.085862191800882,4.171161948121515,4.060272468275353,4.137042045593262,7857000,0.0,0.0
2022-03-03 00:00:00-05:00,4.137042013119649,4.145572192055416,4.0517422574685735,4.085862159729004,9628300,0.0,0.0
2022-03-04 00:00:00-05:00,3.8299625180524006,3.8470228760665566,3.719073038149643,3.7446627616882324,10425700,0.0,0.0
2022-03-07 00:00:00-05:00,3.6252431764931474,3.6423031281128737,3.40346360206604,3.40346360206604,11020600,0.0,0.0
2022-03-08 00:00:00-05:00,3.6167128269489908,3.7105427598083343,3.497293171236116,3.591123104095459,10790800,0.0,0.0
2022-03-09 00:00:00-05:00,3.7787827154202382,3.838492749054633,3.7446628124123924,3.7702529430389404,5989200,0.0,0.0
2022-03-10 00:00:00-05:00,3.72760306844947,3.7787829258107695,3.6849533906857284,3.7190732955932617,5204500,0.0,0.0
2022-03-11 00:00:00-05:00,3.7873132308712862,3.8214331369091155,3.6508336067199707,3.6508336067199707,2957000,0.0,0.0
2022-03-14 00:00:00-04:00,3.829962160360771,3.9323222651793786,3.812902210681217,3.872612237930298,8321700,0.0,0.0
2022-03-15 00:00:00-04:00,3.889672716747329,3.915262848118494,3.8384928607463387,3.898202896118164,4661500,0.0,0.0
2022-03-16 00:00:00-04:00,4.060272106690706,4.162631805159895,4.043211750204556,4.128511905670166,7442600,0.0,0.0
2022-03-17 00:00:00-04:00,4.043212402464963,4.119982392072211,4.026152449967947,4.102922439575195,3984800,0.0,0.0
2022-03-18 00:00:00-04:00,4.034682590632258,4.111452579498291,4.0090924587631305,4.111452579498291,4144400,0.0,0.0
2022-03-21 00:00:00-04:00,4.119982392072211,4.154102297066244,4.085862487078179,4.102922439575195,3410100,0.0,0.0
2022-03-22 00:00:00-04:00,4.2905820707343665,4.3502916975817,4.2905820707343665,4.299111843109131,6244100,0.0,0.0
2022-03-23 00:00:00-04:00,4.452651097619467,4.478241226451073,4.358821574299942,4.392941474914551,4218000,0.0,0.0
2022-03-24 00:00:00-04:00,4.375882188638319,4.392942141534436,4.350292055923463,4.36735200881958,2651400,0.0,0.0
2022-03-25 00:00:00-04:00,4.401470665390437,4.4697104576071505,4.401470665390437,4.461180686950684,2313900,0.0,0.0
2022-03-28 00:00:00-04:00,4.555011899161189,4.563541672241832,4.444122001923317,4.537951946258545,4514700,0.0,0.0
2022-03-29 00:00:00-04:00,4.648841202302311,4.66590115434458,4.563541442090967,4.614721298217773,4291600,0.0,0.0
2022-03-30 00:00:00-04:00,4.640311208978557,4.6488409812233815,4.580601176299499,4.5891313552856445,2677500,0.0,0.0
2022-03-31 00:00:00-04:00,4.572071561220865,4.597661285576313,4.512361526489258,4.512361526489258,2354300,0.0,0.0
2022-04-01 00:00:00-04:00,4.657371263050215,4.691491166265568,4.61472118066036,4.6829609870910645,2996500,0.0,0.0
2022-04-04 00:00:00-04:00,4.623251587579899,4.631781360433255,4.589131682683774,4.606191635131836,3288900,0.0,0.0
2022-04-05 00:00:00-04:00,4.623251147981131,4.657371049632989,4.5891312463292735,4.597661018371582,3864600,0.0,0.0
2022-04-06 00:00:00-04:00,4.589131682683774,4.631781360433255,4.5464815981929405,4.606191635131836,4068300,0.0,0.0
2022-04-07 00:00:00-04:00,4.6573706053686115,4.6744305545672,4.546480732207152,4.648840427398682,5081200,0.0,0.0
2022-04-08 00:00:00-04:00,4.64884071839761,4.700020975938328,4.640310946635022,4.674430847167969,2500000,0.0,0.0
2022-04-11 00:00:00-04:00,4.7256110694809195,4.776790924303948,4.6829609870910645,4.6829609870910645,2875600,0.0,0.0
2022-04-12 00:00:00-04:00,4.708550747700915,4.759730598500336,4.665900668664083,4.674430847167969,2051400,0.0,0.0
2022-04-13 00:00:00-04:00,4.6829610093939955,4.802381077957805,4.6829610093939955,4.793850898742676,2341400,0.0,0.0
2022-04-14 00:00:00-04:00,4.793850898742676,4.836500981335655,4.776790947053751,4.793850898742676,2216300,0.0,0.0
2022-04-18 00:00:00-04:00,4.751201037580651,4.8620905158629935,4.742670858698223,4.819440841674805,2009000,0.0,0.0
2022-04-19 00:00:00-04:00,4.845031071792667,4.879150977409833,4.827971118984083,4.870621204376221,2215300,0.0,0.0
2022-04-20 00:00:00-04:00,4.964450726957722,5.02416035335069,4.947390775596684,4.972980499267578,2679100,0.0,0.0
2022-04-21 00:00:00-04:00,4.981510462336295,5.0071001848977,4.870620579926724,4.887680530548096,5586400,0.0,0.0
2022-04-22 00:00:00-04:00,4.972980283654956,4.990040234276328,4.870620579926724,4.887680530548096,3790400,0.0,0.0
2022-04-25 00:00:00-04:00,4.742670941873419,4.742670941873419,4.563541249614095,4.700021266937256,5925000,0.0,0.0
2022-04-26 00:00:00-04:00,4.606191576795332,4.657371433491338,4.50383186340332,4.50383186340332,7389100,0.0,0.0
2022-04-27 00:00:00-04:00,4.43559140114378,4.503831613019418,4.4185314498602,4.4697113037109375,6123700,0.0,0.0
2022-04-28 00:00:00-04:00,4.384411624016904,4.43559147876325,4.316171817688444,4.410001754760742,6532800,0.0,0.0
2022-04-29 00:00:00-04:00,4.461181315420873,4.5038313949352835,4.375881563133355,4.384411334991455,5092800,0.0,0.0
2022-05-02 00:00:00-04:00,4.392941622787084,4.41000157366865,4.299111689567813,4.375881671905518,5283200,0.0,0.0
2022-05-03 00:00:00-04:00,4.444121837615967,4.486771921666408,4.4270618853440595,4.444121837615967,4741400,0.0,0.0
2022-05-04 00:00:00-04:00,4.435591861173689,4.537951986232593,4.384412002014919,4.529421806335449,4419800,0.0,0.0
2022-05-05 00:00:00-04:00,4.401471400638026,4.410001579460669,4.282051744310219,4.316171646118164,6217800,0.0,0.0
2022-05-06 00:00:00-04:00,4.324702153235518,4.358822057633557,4.27352229663846,4.3332319259643555,6607500,0.0,0.0
2022-05-09 00:00:00-04:00,4.324702234573801,4.34176218709368,4.239402065233048,4.27352237701416,7038100,0.0,0.0
2022-05-10 00:00:00-04:00,4.375881820356807,4.427061674737777,4.29911183541469,4.358821868896484,7234100,0.0,0.0
2022-05-11 00:00:00-04:00,4.35029147947391,4.410001510068928,4.213811874389648,4.213811874389648,7218700,0.0,0.0
2022-05-12 00:00:00-04:00,4.333231856466035,4.3673517603168435,4.205282013654835,4.290582180023193,6308000,0.0,0.0
2022-05-13 00:00:00-04:00,4.367351741443503,4.452651500701904,4.367351741443503,4.452651500701904,6845400,0.0,0.0
2022-05-16 00:00:00-04:00,4.367351493094078,4.418531345738776,4.333231591330946,4.375881671905518,7984200,0.0,0.0
2022-05-17 00:00:00-04:00,4.529421645744878,4.606191635131836,4.5208918728915215,4.606191635131836,4908500,0.0,0.0
2022-05-18 00:00:00-04:00,4.537951442702702,4.563541165846414,4.427061557769775,4.427061557769775,7301500,0.0,0.0
2022-05-19 00:00:00-04:00,4.282051891618274,4.333231746090844,4.256461761011326,4.299111843109131,8531200,0.0,0.0
2022-05-20 00:00:00-04:00,4.384411893718114,4.3929420734045594,4.239402092979387,4.324702262878418,6625100,0.0,0.0
2022-05-23 00:00:00-04:00,4.461181954825961,4.555011899161189,4.461181954825961,4.537951946258545,4834600,0.0,0.0
2022-05-24 00:00:00-04:00,4.495301712702543,4.555011749267578,4.444121855678803,4.555011749267578,6268500,0.0,0.0
2022-05-25 00:00:00-04:00,4.495301712702543,4.580601474408774,4.495301712702543,4.555011749267578,3235600,0.0,0.0
2022-05-26 00:00:00-04:00,4.546480982316191,4.640310911440794,4.546480982316191,4.623250961303711,4721500,0.0,0.0
2022-05-27 00:00:00-04:00,4.648841083875712,4.7085511178732435,4.640311311442539,4.6829609870910645,4286500,0.0,0.0
2022-05-31 00:00:00-04:00,4.6061923048000395,4.6232522597283525,4.563542214108552,4.580602169036865,3767400,0.0,0.0
2022-06-01 00:00:00-04:00,4.572071672331328,4.580601445076656,4.452651599965969,4.50383186340332,3974800,0.0,0.0
2022-06-02 00:00:00-04:00,4.517732212256558,4.543796235179049,4.465604580685166,4.5351080894470215,3410200,0.096,0.0
2022-06-03 00:00:00-04:00,4.5351081580386765,4.587236204672074,4.5351081580386765,4.552484035491943,3784300,0.0,0.0
2022-06-06 00:00:00-04:00,4.656739884920429,4.708867519188086,4.63936400683121,4.648051738739014,2970300,0.0,0.0
2022-06-07 00:00:00-04:00,4.621987888530384,4.656739642902722,4.578547988428167,4.639363765716553,3356200,0.0,0.0
2022-06-08 00:00:00-04:00,4.595923762104056,4.613299638898882,4.543796131719579,4.561172008514404,2758300,0.0,0.0
2022-06-09 00:00:00-04:00,4.53510749099979,4.53510749099979,4.439540386199951,4.439540386199951,3770900,0.0,0.0
2022-06-10 00:00:00-04:00,4.291845622788173,4.291845622788173,4.1789022188079015,4.196278095245361,6099100,0.0,0.0
2022-06-13 00:00:00-04:00,3.996455149784328,4.022519170538426,3.9182639160691477,3.9269516468048096,7030600,0.0,0.0
2022-06-14 00:00:00-04:00,3.953015804290771,4.005143433328466,3.9008877609795065,3.9530158042907715,5224900,0.0,0.0
2022-06-15 00:00:00-04:00,4.092022731195303,4.152838504296362,4.031206958094243,4.118086338043213,9239000,0.0,0.0
2022-06-16 00:00:00-04:00,3.9877670805994914,4.005142954869648,3.9269513135171814,3.961703062057495,6345500,0.0,0.0
2022-06-17 00:00:00-04:00,3.979079242584098,4.005143263132155,3.9182638850945537,3.9703915119171143,7207100,0.0,0.0
2022-06-21 00:00:00-04:00,4.074646949768066,4.100710557220849,4.057271073375021,4.074646949768066,2874100,0.0,0.0
2022-06-22 00:00:00-04:00,3.9703913489426794,4.048582578830193,3.9617032043587694,3.996454954147339,2771700,0.0,0.0
2022-06-23 00:00:00-04:00,3.8487596696327953,3.8661355438915215,3.7358166940878346,3.7879443168640137,3503900,0.0,0.0
2022-06-24 00:00:00-04:00,3.8140085427552677,3.953015973755225,3.8140085427552677,3.9356400966644287,3891100,0.0,0.0
2022-06-27 00:00:00-04:00,3.9443271877873385,4.005142954869648,3.918263583518863,3.961703062057495,3411100,0.0,0.0
2022-06-28 00:00:00-04:00,4.005143124082867,4.057270749095677,3.9182637490615164,3.9443273544311523,6183600,0.0,0.0
2022-06-29 00:00:00-04:00,3.8921998561393414,3.9095757317093294,3.8400722294293765,3.866135835647583,6452500,0.0,0.0
2022-06-30 00:00:00-04:00,3.7358169986267744,3.8313841077035153,3.7010652472764045,3.8053205013275146,3486000,0.0,0.0
2022-07-01 00:00:00-04:00,3.874824357403066,3.9182642576894215,3.80532084836377,3.900887966156006,3892500,0.0,0.0
2022-07-05 00:00:00-04:00,3.535994052886963,3.5533699277349333,3.466490346358315,3.535994052886963,5867100,0.0,0.0
2022-07-06 00:00:00-04:00,3.475178546372114,3.50993029869395,3.440426794050278,3.4838666915893555,4131400,0.0,0.0
2022-07-07 00:00:00-04:00,3.5707462524034317,3.622873883514059,3.5707462524034317,3.5881221294403076,2790300,0.0,0.0
2022-07-08 00:00:00-04:00,3.683688803652947,3.7010650928767883,3.648937053752337,3.657625198364258,3285900,0.0,0.0
2022-07-11 00:00:00-04:00,3.6315614479084264,3.6576254694020514,3.596809695432638,3.6141855716705322,2520000,0.0,0.0
2022-07-12 00:00:00-04:00,3.553370375366556,3.65762563758781,3.553370375366556,3.5881221294403076,2788900,0.0,0.0
2022-07-13 00:00:00-04:00,3.527305908326211,3.5620576580221512,3.4751782837823004,3.535994052886963,4100600,0.0,0.0
2022-07-14 00:00:00-04:00,3.440426961336946,3.440426961336946,3.388299330319548,3.414363145828247,3741100,0.0,0.0
2022-07-15 00:00:00-04:00,3.4578026738349816,3.5186184475987123,3.440426797655854,3.4925544261932373,2962400,0.0,0.0
2022-07-18 00:00:00-04:00,3.5794339837850764,3.6315616148957033,3.562058106748201,3.5881221294403076,5443200,0.0,0.0
2022-07-19 00:00:00-04:00,3.631561720257048,3.7184415222356284,3.631561720257048,3.675001621246338,3530200,0.0,0.0
2022-07-20 00:00:00-04:00,3.6663130260858097,3.683688901497646,3.605497669281157,3.622873544692993,4091200,0.0,0.0
2022-07-21 00:00:00-04:00,3.631561586857653,3.6663133406630983,3.588122101737639,3.648937463760376,3658900,0.0,0.0
2022-07-22 00:00:00-04:00,3.622873716926263,3.6489373241463205,3.5794338191947435,3.6141855716705322,3129000,0.0,0.0
2022-07-25 00:00:00-04:00,3.657625509922839,3.7097531392140146,3.648937364570857,3.6836891174316406,3062600,0.0,0.0
2022-07-26 00:00:00-04:00,3.6402492087086222,3.6576250831114083,3.5794334411621094,3.5794334411621094,2701100,0.0,0.0
2022-07-27 00:00:00-04:00,3.6489370987480303,3.727128744125366,3.6489370987480303,3.727128744125366,2883300,0.0,0.0
2022-07-28 00:00:00-04:00,3.7184412479400635,3.7358171241993063,3.6489373286295246,3.7184412479400635,2871600,0.0,0.0
2022-07-29 00:00:00-04:00,3.7879449316334814,3.8400725628697825,3.7879449316334814,3.8226966857910156,2235000,0.0,0.0
2022-08-01 00:00:00-04:00,3.822696479752487,3.8400723558947165,3.7705688513258,3.779256582260132,3423600,0.0,0.0
2022-08-02 00:00:00-04:00,3.796632244783646,3.805320389502702,3.727128744125366,3.727128744125366,3404200,0.0,0.0
2022-08-03 00:00:00-04:00,3.8053204347087433,3.814008165257465,3.770568683966763,3.7966322898864746,4253700,0.0,0.0
2022-08-04 00:00:00-04:00,3.8574482960091308,3.8748241724395225,3.38829921811498,3.6836891174316406,13539200,0.0,0.0
2022-08-05 00:00:00-04:00,3.7792562943625465,3.8921996878199745,3.7618804195439832,3.883511543273926,6431400,0.0,0.0
2022-08-08 00:00:00-04:00,3.9008879630382967,3.9356401318037615,3.892200231552124,3.892200231552124,3529500,0.0,0.0
2022-08-09 00:00:00-04:00,3.909576416015625,3.935640441069457,3.8748246587929316,3.909576416015625,3642500,0.0,0.0
2022-08-10 00:00:00-04:00,3.970391723918939,4.031207084655762,3.970391723918939,4.031207084655762,2426200,0.0,0.0
2022-08-11 00:00:00-04:00,4.3787243317665085,4.4395400970842545,4.352660728254266,4.370036602020264,4872600,0.0,0.0
2022-08-12 00:00:00-04:00,4.404789447784424,4.413477179696753,4.361349545401942,4.404789447784424,2005600,0.0,0.0
2022-08-15 00:00:00-04:00,4.231030358303934,4.2657821153692685,4.213654479771266,4.257094383239746,2426900,0.0,0.0
2022-08-16 00:00:00-04:00,4.27446948646123,4.387412883574497,4.27446948646123,4.3526611328125,3390300,0.0,0.0
2022-08-17 00:00:00-04:00,4.231030124281864,4.291845902919237,4.222342392632868,4.265781879425049,2623000,0.0,0.0
2022-08-18 00:00:00-04:00,4.239717483520508,4.257093357867989,4.222341609173028,4.239717483520508,1761700,0.0,0.0
2022-08-19 00:00:00-04:00,4.170214206365257,4.178901936861046,4.126774311065674,4.126774311065674,1963500,0.0,0.0
2022-08-22 00:00:00-04:00,4.039894915957054,4.04858264641245,3.9877672904040415,4.005143165588379,2466400,0.0,0.0
2022-08-23 00:00:00-04:00,4.040744781494141,4.076346023449132,4.022944160516644,4.040744781494141,2651900,0.11,0.0
2022-08-24 00:00:00-04:00,4.005143186332653,4.076345663963417,4.005143186332653,4.049644947052002,1907300,0.0,0.0
2022-08-25 00:00:00-04:00,4.014043894306384,4.085246375237716,4.005143371989836,4.067445755004883,2037900,0.0,0.0
2022-08-26 00:00:00-04:00,4.094146680057028,4.1119473011894385,3.9606418093638047,3.978442430496216,2685200,0.0,0.0
2022-08-29 00:00:00-04:00,3.978442024415017,4.031844306761741,3.9695419269573904,4.005143165588379,1766800,0.0,0.0
2022-08-30 00:00:00-04:00,4.040744816659795,4.040744816659795,3.9606418093638047,3.978442430496216,2260100,0.0,0.0
2022-08-31 00:00:00-04:00,4.005142805833174,4.040744041266342,3.978441667058197,3.9962422847747803,2593800,0.0,0.0
2022-09-01 00:00:00-04:00,3.925040654900604,3.925040654900604,3.8538381687781897,3.916140556335449,1664900,0.0,0.0
2022-09-02 00:00:00-04:00,3.9695424209272603,4.040744907049675,3.9072400333700004,3.916140556335449,2262100,0.0,0.0
2022-09-06 00:00:00-04:00,3.9517417993966566,3.9695424209272603,3.8894394118393967,3.916140556335449,1897000,0.0,0.0
2022-09-07 00:00:00-04:00,3.8538379503994005,3.9606416735309597,3.836037329877474,3.942841053009033,1369000,0.0,0.0
2022-09-08 00:00:00-04:00,3.9161397214011555,4.0407440455493155,3.9072392003333283,4.01404333114624,2327700,0.0,0.0
2022-09-09 00:00:00-04:00,4.103046794420887,4.147548130622269,4.094146272540466,4.13864803314209,1017100,0.0,0.0
2022-09-12 00:00:00-04:00,4.227651119232178,4.2810529771786605,4.21875059737431,4.227651119232178,1572700,0.0,0.0
2022-09-13 00:00:00-04:00,4.17424963202555,4.227651494714969,4.111947246687755,4.1297478675842285,2227000,0.0,0.0
2022-09-14 00:00:00-04:00,4.138648133659353,4.165348851148626,4.094146371976893,4.103046894073486,1701600,0.0,0.0
2022-09-15 00:00:00-04:00,4.13864803314209,4.209850510584495,4.111946891901067,4.13864803314209,6271400,0.0,0.0
2022-09-16 00:00:00-04:00,4.129747511261669,4.147548130622269,4.094146272540466,4.13864803314209,2432300,0.0,0.0
2022-09-19 00:00:00-04:00,4.076345739664732,4.192049980163574,4.067445641995726,4.192049980163574,1721000,0.0,0.0
2022-09-20 00:00:00-04:00,4.156448822048242,4.156448822048242,4.076345819457936,4.111947059631348,1523800,0.0,0.0
2022-09-21 00:00:00-04:00,4.09414626216585,4.129747500796839,3.996242643730511,4.005143165588379,2139700,0.0,0.0
2022-09-22 00:00:00-04:00,4.0763452766995085,4.085245797757902,3.978441667058197,3.9962422847747803,2408400,0.0,0.0
2022-09-23 00:00:00-04:00,3.8360375912604185,3.8360375912604185,3.693632617381704,3.7203333377838135,3742600,0.0,0.0
2022-09-26 00:00:00-04:00,3.6758314166954142,3.7292332734890237,3.622429559901805,3.640230178833008,4062500,0.0,0.0
2022-09-27 00:00:00-04:00,3.6669311863809733,3.70253242707203,3.5868286070262285,3.622429847717285,5047800,0.0,0.0
2022-09-28 00:00:00-04:00,3.54232639736437,3.6669307240736098,3.52452577926305,3.64913010597229,2787600,0.0,0.0
2022-09-29 00:00:00-04:00,3.5601271637457006,3.5601271637457006,3.4800243789534635,3.551226854324341,2271000,0.0,0.0
2022-09-30 00:00:00-04:00,3.5423264994277996,3.5957283552704027,3.5067252621993976,3.5245258808135986,3071600,0.0,0.0
2022-10-03 00:00:00-04:00,3.5779276335670103,3.675831245324376,3.53342608831371,3.64913010597229,3682000,0.0,0.0
2022-10-04 00:00:00-04:00,3.738133423449479,3.8538376603334514,3.738133423449479,3.844937562942505,3250400,0.0,0.0
2022-10-05 00:00:00-04:00,3.7559341901765535,3.809336474220996,3.7381335702951577,3.7915358543395996,2074600,0.0,0.0
2022-10-06 00:00:00-04:00,3.747033933642864,3.7559340310062628,3.684731554498123,3.711432695388794,1590900,0.0,0.0
2022-10-07 00:00:00-04:00,3.6758316066369043,3.69363222648792,3.6313298448092377,3.6580309867858887,2337400,0.0,0.0
2022-10-10 00:00:00-04:00,3.6580307977642113,3.6847315139609,3.604628940970602,3.640230178833008,2449300,0.0,0.0
2022-10-11 00:00:00-04:00,3.4800249031313335,3.4889252138933,3.3910215833115194,3.3999218940734863,3256000,0.0,0.0
2022-10-12 00:00:00-04:00,3.3732207329260855,3.4177222837166408,3.3465198024517524,3.3554201126098633,4540700,0.0,0.0
2022-10-13 00:00:00-04:00,3.3643204110056764,3.6135293067616376,3.3465197907516884,3.577928066253662,5600200,0.0,0.0
2022-10-14 00:00:00-04:00,3.6135291670290823,3.658030928143333,3.5245260692008284,3.5423266887664795,3863300,0.0,0.0
2022-10-17 00:00:00-04:00,3.658031088408342,3.6758317087538703,3.6046292273717566,3.622429847717285,3672800,0.0,0.0
2022-10-18 00:00:00-04:00,3.747033933642864,3.747033933642864,3.6669309353710884,3.711432695388794,2661100,0.0,0.0
2022-10-19 00:00:00-04:00,3.6758313179016113,3.711432554807178,3.649130178022326,3.6758313179016113,2084000,0.0,0.0
2022-10-20 00:00:00-04:00,3.6936320356266172,3.7381333707545092,3.6313296571672904,3.640230178833008,2680100,0.0,0.0
2022-10-21 00:00:00-04:00,3.5868284096582776,3.693632125854492,3.5690277902922416,3.693632125854492,2687500,0.0,0.0
2022-10-24 00:00:00-04:00,3.791535684137836,3.8360370196435363,3.773734640655273,3.800435781478882,3264900,0.0,0.0
2022-10-25 00:00:00-04:00,3.8182365270247502,3.9250402450561523,3.7915358097170246,3.9250402450561523,3763600,0.0,0.0
2022-10-26 00:00:00-04:00,3.9161400396710304,3.9339406588531616,3.844937562942505,3.844937562942505,3306100,0.0,0.0
2022-10-27 00:00:00-04:00,4.067445941906979,4.156449047160902,4.067445941906979,4.085246562957764,3675500,0.0,0.0
2022-10-28 00:00:00-04:00,4.058545013138673,4.103046773513536,4.040744393868776,4.094146251678467,2721900,0.0,0.0
2022-10-31 00:00:00-04:00,4.103046894073486,4.12974761156276,4.0852462742805535,4.103046894073486,2035900,0.0,0.0
2022-11-01 00:00:00-04:00,4.156449047160902,4.165349145486154,4.085246562957764,4.085246562957764,3364100,0.0,0.0
2022-11-02 00:00:00-04:00,4.09414589875567,4.129747134226573,4.0051428100784126,4.01404333114624,2809700,0.0,0.0
2022-11-03 00:00:00-04:00,3.9962430516286265,4.0318447182937325,3.933941089865331,3.978442430496216,4796000,0.0,0.0
2022-11-04 00:00:00-04:00,4.0852464267943045,4.192050149539187,4.049645185879344,4.165349006652832,4068100,0.0,0.0
2022-11-07 00:00:00-05:00,4.209850599901839,4.218750697570845,4.147548218617788,4.192049980163574,2685700,0.0,0.0
2022-11-08 00:00:00-05:00,4.209850599901839,4.272152981185888,4.165348838356053,4.192049980163574,3216500,0.0,0.0
2022-11-09 00:00:00-05:00,4.192050252922023,4.227651494714969,4.103047148439658,4.1297478675842285,6204800,0.0,0.0
2022-11-10 00:00:00-05:00,4.209850667934529,4.236551810173551,4.165348905669579,4.2009501457214355,3380400,0.0,0.0
2022-11-11 00:00:00-05:00,4.245452030502117,4.361156276209787,4.218750887492551,4.343355655670166,5741400,0.0,0.0
2022-11-14 00:00:00-05:00,4.281052686562122,4.298853304669232,4.2454514503479,4.2454514503479,2196700,0.0,0.0
2022-11-15 00:00:00-05:00,4.289953670251336,4.298853768064172,4.165348905669579,4.2009501457214355,1999300,0.0,0.0
2022-11-16 00:00:00-05:00,4.263252446567794,4.29885368593953,4.254352348924985,4.281053066253662,2627300,0.0,0.0
2022-11-17 00:00:00-05:00,4.218750803507406,4.298853806541177,4.218750803507406,4.289953708648682,1135800,0.0,0.0
2022-11-18 00:00:00-05:00,4.289953420773652,4.316654137059664,4.2721528017829,4.307754039764404,1328200,0.0,0.0
2022-11-21 00:00:00-05:00,4.254352161051004,4.281052877200566,4.22765102050121,4.263252258300781,1175400,0.0,0.0
2022-11-22 00:00:00-05:00,4.2899536081805385,4.334454945401346,4.281053086096225,4.325554847717285,1068600,0.0,0.0
2022-11-23 00:00:00-05:00,4.343355277745909,4.361155896736662,4.289953420773652,4.307754039764404,1165900,0.0,0.0
2022-11-25 00:00:00-05:00,4.2988540768569,4.361156463623047,4.2988540768569,4.361156463623047,951200,0.0,0.0
2022-11-28 00:00:00-05:00,4.316654338625856,4.325554860736959,4.236551761627197,4.236551761627197,1114600,0.0,0.0
2022-11-29 00:00:00-05:00,4.272152988412165,4.334454945401346,4.272152988412165,4.325554847717285,1610500,0.0,0.0
2022-11-30 00:00:00-05:00,4.316654393228031,4.352255633322263,4.227651292992452,4.3344550132751465,1698400,0.0,0.0
2022-12-01 00:00:00-05:00,4.423458201095772,4.432358723495691,4.370056339897061,4.387856960296631,1397300,0.0,0.0
2022-12-02 00:00:00-05:00,4.34335574003551,4.405657700934201,4.34335574003551,4.39675760269165,3125300,0.0,0.0
2022-12-05 00:00:00-05:00,4.387856804706467,4.414557946559153,4.307754227948912,4.325554847717285,1424400,0.0,0.0
2022-12-06 00:00:00-05:00,4.34335486664407,4.3700555804028385,4.289953014726339,4.316653728485107,1236100,0.0,0.0
2022-12-07 00:00:00-05:00,4.289953420773652,4.343355277745909,4.281052899078159,4.307754039764404,1043600,0.0,0.0
2022-12-08 00:00:00-05:00,4.307753948584853,4.307753948584853,4.245451571235819,4.25435209274292,943900,0.0,0.0
2022-12-09 00:00:00-05:00,4.325554463341861,4.387856414794796,4.325554463341861,4.378956317901611,3437300,0.0,0.0
2022-12-12 00:00:00-05:00,4.343355842318475,4.361156463623047,4.325555221013903,4.361156463623047,1460800,0.0,0.0
2022-12-13 00:00:00-05:00,4.4590602444208,4.476860866329853,4.3878573323842875,4.423458576202393,1684000,0.0,0.0
2022-12-14 00:00:00-05:00,4.423458201095772,4.441258821495342,4.370056339897061,4.387856960296631,2067200,0.0,0.0
2022-12-15 00:00:00-05:00,4.352255375041168,4.370055994031921,4.289953420773652,4.307754039764404,2154900,0.0,0.0
2022-12-16 00:00:00-05:00,4.25435209274292,4.281052808463774,4.236551474128942,4.25435209274292,1662700,0.0,0.0
2022-12-19 00:00:00-05:00,4.3522559407706165,4.467960191450479,4.325555221013903,4.361156463623047,2508100,0.0,0.0
2022-12-20 00:00:00-05:00,4.3878569783778145,4.476860505142693,4.378956880341488,4.432358741760254,1597800,0.0,0.0
2022-12-21 00:00:00-05:00,4.5124616622924805,4.548062902577212,4.5035611400211675,4.5124616622924805,1858000,0.0,0.0
2022-12-22 00:00:00-05:00,4.539162448259191,4.55696306866804,4.459059868619503,4.521361827850342,1538200,0.0,0.0
2022-12-23 00:00:00-05:00,4.565863676700624,4.592564395614508,4.548063055957942,4.574763774871826,1410800,0.0,0.0
2022-12-27 00:00:00-05:00,4.583664297443304,4.601464918185986,4.5569631541291455,4.574763774871826,1556200,0.0,0.0
2022-12-28 00:00:00-05:00,4.574763306546609,4.574763306546609,4.476860114684493,4.48576021194458,1313100,0.0,0.0
2022-12-29 00:00:00-05:00,4.503560852698033,4.55696270971814,4.503560852698033,4.530261993408203,1041800,0.0,0.0
2022-12-30 00:00:00-05:00,4.494660733604899,4.512461352525305,4.459059495764087,4.48576021194458,1227400,0.0,0.0
2023-01-03 00:00:00-05:00,4.521361571237322,4.5480627125352875,4.476860234941038,4.4946608543396,1757500,0.0,0.0
2023-01-04 00:00:00-05:00,4.574763774871826,4.601464918185986,4.548063055957942,4.574763774871826,1286700,0.0,0.0
2023-01-05 00:00:00-05:00,4.4946610231295425,4.51246164319658,4.45015926076182,4.467959880828857,873500,0.0,0.0
2023-01-06 00:00:00-05:00,4.512461831476894,4.628165654540191,4.512461831476894,4.619265556335449,983300,0.0,0.0
2023-01-09 00:00:00-05:00,4.64596627534995,4.681567941369745,4.619265556335449,4.619265556335449,834800,0.0,0.0
2023-01-10 00:00:00-05:00,4.66376640604057,4.717168687258034,4.6548663087711475,4.708268165588379,1013400,0.0,0.0
2023-01-11 00:00:00-05:00,4.663766504661908,4.672667026519775,4.637065787888787,4.672667026519775,846300,0.0,0.0
2023-01-12 00:00:00-05:00,4.877374480728945,4.9307763399879905,4.85957386097593,4.904075622558594,3467400,0.0,0.0
2023-01-13 00:00:00-05:00,4.8862747652438765,4.930776528528173,4.8595740467935125,4.921876430511475,1170900,0.0,0.0
2023-01-17 00:00:00-05:00,4.868473849613543,4.877374371490832,4.797271372196197,4.806171894073486,927700,0.0,0.0
2023-01-18 00:00:00-05:00,4.841773042157796,4.859573661178955,4.752769947052002,4.752769947052002,989100,0.0,0.0
2023-01-19 00:00:00-05:00,4.734969306197111,4.734969306197111,4.681567449379879,4.708268165588379,736000,0.0,0.0
2023-01-20 00:00:00-05:00,4.752770036010477,4.806171894073486,4.743869514133188,4.806171894073486,879300,0.0,0.0
2023-01-23 00:00:00-05:00,4.806172062731364,4.815072160520733,4.7616703005837495,4.779470920562744,2388900,0.0,0.0
2023-01-24 00:00:00-05:00,4.806172149334739,4.8506734878839755,4.7883715290349915,4.8328728675842285,2676400,0.0,0.0
2023-01-25 00:00:00-05:00,4.806171697702544,4.877374172210693,4.788371079075507,4.877374172210693,2109000,0.0,0.0
2023-01-26 00:00:00-05:00,4.859573621654101,4.886274337768555,4.832872481139416,4.886274337768555,1775900,0.0,0.0
2023-01-27 00:00:00-05:00,4.87737436084808,4.930776218794563,4.850673219674718,4.895174980163574,3236300,0.0,0.0
2023-01-30 00:00:00-05:00,4.859574010233982,4.886274728483471,4.823972769634487,4.8328728675842285,1386800,0.0,0.0
2023-01-31 00:00:00-05:00,4.8328724134429875,4.886274269324099,4.806171697702544,4.877374172210693,1507800,0.0,0.0
2023-02-01 00:00:00-05:00,4.823972316329582,4.89517479083773,4.788371079075507,4.877374172210693,1388900,0.0,0.0
2023-02-02 00:00:00-05:00,4.886274917513874,4.895175440208206,4.8328730545487275,4.850673675537109,2699600,0.0,0.0
2023-02-03 00:00:00-05:00,4.823972871730489,4.850673590545081,4.788371630377519,4.797271728515625,1061900,0.0,0.0
2023-02-06 00:00:00-05:00,4.690467357635498,4.708267975857256,4.6370655029702235,4.690467357635498,1887600,0.0,0.0
2023-02-07 00:00:00-05:00,4.628165100908655,4.699368000030518,4.628165100908655,4.699368000030518,2752600,0.0,0.0
2023-02-08 00:00:00-05:00,4.726069161136574,4.761670401851706,4.717169063157924,4.743869781494141,2476500,0.0,0.0
2023-02-09 00:00:00-05:00,5.010878923971518,5.064280778785397,4.895174693008004,4.912975311279297,8351700,0.0,0.0
2023-02-10 00:00:00-05:00,4.912975500276114,4.939676640910325,4.877374262363987,4.930776119232178,2560000,0.0,0.0
2023-02-13 00:00:00-05:00,4.9129755218755555,4.975277900695801,4.904075424558512,4.975277900695801,2132000,0.0,0.0
2023-02-14 00:00:00-05:00,4.912975311279297,4.957477069157639,4.895174693008004,4.912975311279297,1723300,0.0,0.0
2023-02-15 00:00:00-05:00,4.877374074736711,4.921875832615052,4.877374074736711,4.912975311279297,1131500,0.0,0.0
2023-02-16 00:00:00-05:00,4.877374667227178,4.966377769395503,4.8595740467935125,4.921876430511475,2272400,0.0,0.0
2023-02-17 00:00:00-05:00,4.8862745784053265,4.921876242311609,4.877374480728945,4.904075622558594,1304300,0.0,0.0
2023-02-21 00:00:00-05:00,4.76166983052253,4.76166983052253,4.6815672607247265,4.690467357635498,1645000,0.0,0.0
2023-02-22 00:00:00-05:00,4.610364657263899,4.628165276620121,4.574763418551456,4.5836639404296875,1717600,0.0,0.0
2023-02-23 00:00:00-05:00,4.58366375109776,4.610364466829077,4.5391619923452655,4.565863132476807,1495700,0.0,0.0
2023-02-24 00:00:00-05:00,4.476860422007749,4.530262282434847,4.467959899736436,4.5124616622924805,2489900,0.0,0.0
2023-02-27 00:00:00-05:00,4.556962799195233,4.601464559785909,4.548062701717243,4.5836639404296875,1928400,0.0,0.0
2023-02-28 00:00:00-05:00,4.654867091011021,4.654867091011021,4.601465225219727,4.601465225219727,1047300,0.0,0.0
2023-03-01 00:00:00-05:00,4.637066177145209,4.663766896159709,4.619265556335449,4.619265556335449,2074800,0.0,0.0
2023-03-02 00:00:00-05:00,4.548063055957942,4.574763774871826,4.5213619126437825,4.574763774871826,1382000,0.0,0.0
2023-03-03 00:00:00-05:00,4.574763976739629,4.63706636428833,4.565863878175697,4.63706636428833,995700,0.0,0.0
2023-03-06 00:00:00-05:00,4.63706636428833,4.663767084380421,4.628165841324104,4.63706636428833,1259400,0.0,0.0
2023-03-07 00:00:00-05:00,4.637066072707994,4.637066072707994,4.503561207441493,4.521361827850342,1743400,0.0,0.0
2023-03-08 00:00:00-05:00,4.619265147638861,4.672667005343327,4.619265147638861,4.628165245056152,2192700,0.0,0.0
2023-03-09 00:00:00-05:00,4.61036454438742,4.619265066047739,4.476860114684493,4.48576021194458,2554800,0.0,0.0
2023-03-10 00:00:00-05:00,4.3878569074674445,4.396757429760202,4.272153088463428,4.289953708648682,3341000,0.0,0.0
2023-03-13 00:00:00-04:00,4.120847513866419,4.183149470941559,4.07634575218396,4.103046894073486,6117500,0.0,0.0
2023-03-14 00:00:00-04:00,4.156448856169049,4.156448856169049,4.0407446124555015,4.067445755004883,3739600,0.0,0.0
2023-03-15 00:00:00-04:00,3.720332783408291,3.800435781478882,3.693632066984918,3.800435781478882,5682900,0.0,0.0
2023-03-16 00:00:00-04:00,3.6224296750394993,3.853837728500366,3.577927914096902,3.853837728500366,5648800,0.0,0.0
2023-03-17 00:00:00-04:00,3.7381331964788895,3.7381331964788895,3.640230009121736,3.64913010597229,4668400,0.0,0.0
2023-03-20 00:00:00-04:00,3.7203327133087907,3.8449374689374816,3.711432616135443,3.7737345695495605,6052000,0.0,0.0
2023-03-21 00:00:00-04:00,3.9428408647280526,3.9695420064360283,3.907239625384252,3.9250402450561523,2764100,0.0,0.0
2023-03-22 00:00:00-04:00,3.8627385067587623,3.880539127436902,3.7648348808288574,3.7648348808288574,2767600,0.0,0.0
2023-03-23 00:00:00-04:00,3.8093366792685766,3.827137300108138,3.6847319089913713,3.7025325298309326,3026400,0.0,0.0
2023-03-24 00:00:00-04:00,3.6313299119831512,3.66693115234375,3.586828573732534,3.66693115234375,2963700,0.0,0.0
2023-03-27 00:00:00-04:00,3.693632076261759,3.738133411879228,3.658030838007689,3.711432695388794,1872800,0.0,0.0
2023-03-28 00:00:00-04:00,3.640230267756385,3.7114327452205282,3.6224296483903493,3.693632125854492,1627500,0.0,0.0
2023-03-29 00:00:00-04:00,3.738133332055714,3.7915356126967117,3.7292332348823662,3.7737345695495605,2514100,0.0,0.0
2023-03-30 00:00:00-04:00,3.853838430573507,3.8716390533133263,3.81823718509387,3.8271377086639404,1163400,0.0,0.0
2023-03-31 00:00:00-04:00,3.800436562354051,3.8271377086639404,3.791536463184303,3.8271377086639404,1050400,0.0,0.0
2023-04-03 00:00:00-04:00,3.8627382504489836,3.898339489442963,3.844937630951994,3.853837728500366,2555900,0.0,0.0
2023-04-04 00:00:00-04:00,3.9606412740809067,3.9606412740809067,3.8627380832844613,3.8805387020111084,3193800,0.0,0.0
2023-04-05 00:00:00-04:00,3.8360370411513203,3.8627381821246365,3.8271369437603737,3.844937562942505,1612800,0.0,0.0
2023-04-06 00:00:00-04:00,3.8894394118393967,3.933941177866053,3.880539313274242,3.916140556335449,1323900,0.0,0.0
2023-04-10 00:00:00-04:00,3.907239625384252,3.9339407670922273,3.8716383860404515,3.9250402450561523,1131700,0.0,0.0
2023-04-11 00:00:00-04:00,3.978442242836104,3.996242863128873,3.942841002250566,3.960641622543335,2834900,0.0,0.0
2023-04-12 00:00:00-04:00,4.02294364417966,4.031844165726184,3.9606412665546724,3.9695417881011963,2762300,0.0,0.0
2023-04-13 00:00:00-04:00,4.005143215591809,4.014043737560797,3.987342596054077,3.987342596054077,1454200,0.0,0.0
2023-04-14 00:00:00-04:00,4.058544854761903,4.067445376249647,4.005142999036115,4.031844139099121,1326100,0.0,0.0
2023-04-17 00:00:00-04:00,3.951741169408375,3.9784418852474936,3.916139932022732,3.9695417881011963,1511400,0.0,0.0
2023-04-18 00:00:00-04:00,4.014043687446247,4.022943784903873,3.9873425462728846,4.005143165588379,1040800,0.0,0.0
2023-04-19 00:00:00-04:00,4.005143186332653,4.049644947052002,4.005143186332653,4.049644947052002,1476100,0.0,0.0
2023-04-20 00:00:00-04:00,3.978442074085088,3.9962426936228197,3.960641454547357,3.987342596054077,974800,0.0,0.0
2023-04-21 00:00:00-04:00,3.942840934791239,3.9606415547794516,3.916140217009049,3.9517414569854736,1142200,0.0,0.0
2023-04-24 00:00:00-04:00,3.978441667058197,4.005142805833174,3.978441667058197,3.9962422847747803,836300,0.0,0.0
2023-04-25 00:00:00-04:00,3.951741610420652,3.969542231100013,3.8716386051633895,3.8983397483825684,1566600,0.0,0.0
2023-04-26 00:00:00-04:00,3.93394057752458,3.9606412935456587,3.8894388182891424,3.9072394371032715,1398000,0.0,0.0
2023-04-27 00:00:00-04:00,3.925040166468534,4.005143165588379,3.925040166468534,4.005143165588379,1089100,0.0,0.0
2023-04-28 00:00:00-04:00,3.9784418589731096,4.031844139099121,3.960641240397847,4.031844139099121,1064000,0.0,0.0
2023-05-01 00:00:00-04:00,3.978441667058197,4.049644562324735,3.978441667058197,3.9962422847747803,802400,0.0,0.0
2023-05-02 00:00:00-04:00,3.9695418151528377,3.978441912359788,3.8805387210821927,3.9072394371032715,1772000,0.0,0.0
2023-05-03 00:00:00-04:00,3.9517415754701317,3.9962429145748133,3.933940954948205,3.942841053009033,1504100,0.0,0.0
2023-05-04 00:00:00-04:00,3.853837588715852,3.8716382075671865,3.755933972833398,3.8182363510131836,3029400,0.0,0.0
2023-05-05 00:00:00-04:00,3.8894394118393967,3.9428412764312077,3.8894394118393967,3.916140556335449,2104200,0.0,0.0
2023-05-08 00:00:00-04:00,3.951741386764128,3.9695420064360283,3.907239625384252,3.9250402450561523,2753700,0.0,0.0
2023-05-09 00:00:00-04:00,3.880539313274242,3.9428412764312077,3.8716387903087934,3.916140556335449,1426000,0.0,0.0
2023-05-10 00:00:00-04:00,3.9517415402889178,3.9517415402889178,3.827137197744748,3.871638536453247,1642200,0.0,0.0
2023-05-11 00:00:00-04:00,3.862738438471654,3.898339679198559,3.853837916089794,3.871638536453247,2626800,0.0,0.0
2023-05-12 00:00:00-04:00,3.898339489442963,3.898339489442963,3.8360371090033762,3.853837728500366,2086100,0.0,0.0
2023-05-15 00:00:00-04:00,3.9606414050995227,4.031844306761741,3.9606414050995227,4.005143165588379,2142200,0.0,0.0
2023-05-16 00:00:00-04:00,3.9695420064360283,3.9784421040718536,3.907239625384252,3.9250402450561523,1560000,0.0,0.0
2023-05-17 00:00:00-04:00,4.129747765737871,4.165349006652832,4.103047047251785,4.165349006652832,1731500,0.0,0.0
2023-05-18 00:00:00-04:00,4.085246341701419,4.111947059631348,4.049645101528007,4.111947059631348,1278400,0.0,0.0
2023-05-19 00:00:00-04:00,4.14754794080802,4.165348559353969,4.111946703716123,4.120847225189209,1817400,0.0,0.0
2023-05-22 00:00:00-04:00,4.12974805383782,4.165349297236399,4.120847955188324,4.147548675537109,1471800,0.0,0.0
2023-05-23 00:00:00-04:00,4.200949956994795,4.236551619847514,4.174249240355554,4.183149337768555,1921800,0.0,0.0
2023-05-24 00:00:00-04:00,4.111946488617059,4.111946488617059,4.0496445391654134,4.058544635772705,1642400,0.0,0.0
2023-05-25 00:00:00-04:00,4.0496445391654134,4.067445156780198,4.014043303935844,4.058544635772705,1630200,0.0,0.0
2023-05-26 00:00:00-04:00,4.0851074879162494,4.130904831373917,4.0851074879162494,4.112585544586182,1401000,0.129,0.0
2023-05-30 00:00:00-04:00,4.167542457580566,4.195020513763533,4.140063964641772,4.167542457580566,2213700,0.0,0.0
2023-05-31 00:00:00-04:00,4.04847017912841,4.04847017912841,3.9477162758373923,3.9660351276397705,3205100,0.0,0.0
2023-06-01 00:00:00-04:00,4.020991294426681,4.12174518798005,4.020991294426681,4.112585544586182,2368300,0.0,0.0
2023-06-02 00:00:00-04:00,4.204180598729428,4.268296361063561,4.204180598729428,4.259137153625488,1599700,0.0,0.0
2023-06-05 00:00:00-04:00,4.249976949185639,4.249976949185639,4.2133392507513,4.222498893737793,1174500,0.0,0.0
2023-06-06 00:00:00-04:00,4.249977275424008,4.332412321607089,4.249977275424008,4.3232526779174805,1258200,0.0,0.0
2023-06-07 00:00:00-04:00,4.350731570918002,4.396528920051074,4.332412718615951,4.378210067749023,1322900,0.0,0.0
2023-06-08 00:00:00-04:00,4.414847452856578,4.414847452856578,4.378209750903897,4.4056878089904785,857900,0.0,0.0
2023-06-09 00:00:00-04:00,4.442325312254173,4.451484955710595,4.414847255396585,4.424006462097168,698900,0.0,0.0
2023-06-12 00:00:00-04:00,4.4240068596267665,4.451485355709339,4.405688007823678,4.43316650390625,886600,0.0,0.0
2023-06-13 00:00:00-04:00,4.43316610555359,4.4698038058676,4.424006462097168,4.424006462097168,1247900,0.0,0.0
2023-06-14 00:00:00-04:00,4.506441306287262,4.533919361925993,4.433165908909554,4.442325115203857,1149000,0.0,0.0
2023-06-15 00:00:00-04:00,4.451485119498597,4.506441671991684,4.442325475705155,4.497282028198242,1504300,0.0,0.0
2023-06-16 00:00:00-04:00,4.44232522848128,4.451484871764971,4.387368679046631,4.387368679046631,1361700,0.0,0.0
2023-06-20 00:00:00-04:00,4.378209788940666,4.387368996130479,4.33241244272401,4.359890937805176,2732300,0.0,0.0
2023-06-21 00:00:00-04:00,4.378210067749023,4.414847772353125,4.369050423220053,4.378210067749023,1537100,0.0,0.0
2023-06-22 00:00:00-04:00,4.414847172141871,4.424006378669731,4.369049829235081,4.387368679046631,1359400,0.0,0.0
2023-06-23 00:00:00-04:00,4.43316630602753,4.469804007998348,4.414847455042121,4.4514851570129395,980300,0.0,0.0
2023-06-26 00:00:00-04:00,4.405688086128464,4.488123139085467,4.405688086128464,4.469804286956787,1241900,0.0,0.0
2023-06-27 00:00:00-04:00,4.506441832485208,4.579717238418972,4.497282188365552,4.570557594299316,1948700,0.0,0.0
2023-06-28 00:00:00-04:00,4.533919170813491,4.54307881347752,4.506441116333008,4.506441116333008,1241200,0.0,0.0
2023-06-29 00:00:00-04:00,4.543079733429703,4.579717437993177,4.53392008891089,4.552238941192627,1323300,0.0,0.0
2023-06-30 00:00:00-04:00,4.607195459615665,4.6529923672186495,4.598035816041561,4.643833160400391,2150300,0.0,0.0
2023-07-03 00:00:00-04:00,4.67131129971583,4.6896301504301725,4.652992449001488,4.680470943450928,653900,0.0,0.0
2023-07-05 00:00:00-04:00,4.671311217611013,4.689630068003376,4.643833160400391,4.643833160400391,1388800,0.0,0.0
2023-07-06 00:00:00-04:00,4.643833239157915,4.643833239157915,4.579717043319337,4.634673595428467,1382100,0.0,0.0
2023-07-07 00:00:00-04:00,4.652992804197352,4.717109004969919,4.6438335965189195,4.689630508422852,1556900,0.0,0.0
2023-07-10 00:00:00-04:00,4.707948964066161,4.753746308869258,4.707948964066161,4.7262678146362305,996600,0.0,0.0
2023-07-11 00:00:00-04:00,4.744586550538782,4.7903838942350445,4.744586550538782,4.781224250793457,1074100,0.0,0.0
2023-07-12 00:00:00-04:00,4.845340370333171,4.863659220179663,4.827021520486681,4.836181163787842,1000800,0.0,0.0
2023-07-13 00:00:00-04:00,4.845340453220661,4.891137796998244,4.845340453220661,4.872818946838379,886000,0.0,0.0
2023-07-14 00:00:00-04:00,4.863659578298921,4.863659578298921,4.790384173517567,4.799543380737305,1325900,0.0,0.0
2023-07-17 00:00:00-04:00,4.790384173517567,4.808703024712906,4.781224529541966,4.799543380737305,1013400,0.0,0.0
2023-07-18 00:00:00-04:00,4.744586749200997,4.827021796603601,4.744586749200997,4.8087029457092285,3548100,0.0,0.0
2023-07-19 00:00:00-04:00,4.799542818951852,4.8178621047587855,4.753745914701955,4.762905120849609,1680100,0.0,0.0
2023-07-20 00:00:00-04:00,4.808703024712906,4.854500371079183,4.799543380737305,4.799543380737305,939700,0.0,0.0
2023-07-21 00:00:00-04:00,4.827021515419906,4.845340365247169,4.790383815765381,4.790383815765381,680100,0.0,0.0
2023-07-24 00:00:00-04:00,4.827021603060796,4.881978153540392,4.827021603060796,4.872818946838379,1020000,0.0,0.0
2023-07-25 00:00:00-04:00,4.918616414472032,4.946094911221681,4.909457206726074,4.909457206726074,1475900,0.0,0.0
2023-07-26 00:00:00-04:00,4.891137960621396,4.964413363712138,4.891137960621396,4.946094512939453,1365100,0.0,0.0
2023-07-27 00:00:00-04:00,4.927775779197715,4.9552538376314,4.891138076782227,4.891138076782227,1175000,0.0,0.0
2023-07-28 00:00:00-04:00,4.95525379903258,4.97357265009763,4.909456889747885,4.936934947967529,1305600,0.0,0.0
2023-07-31 00:00:00-04:00,4.946094591877985,5.001051145073135,4.936934947967529,4.936934947967529,1056700,0.0,0.0
2023-08-01 00:00:00-04:00,4.927775779197715,4.946094630405459,4.891138076782227,4.891138076782227,657900,0.0,0.0
2023-08-02 00:00:00-04:00,4.836181158711453,4.845340365247169,4.790383815765381,4.790383815765381,792700,0.0,0.0
2023-08-03 00:00:00-04:00,4.836181246518649,4.891137796998244,4.827021603060796,4.872818946838379,1454500,0.0,0.0
2023-08-04 00:00:00-04:00,4.9277754614147975,4.982732011493987,4.918615818023682,4.918615818023682,1054000,0.0,0.0
2023-08-07 00:00:00-04:00,4.991891187318117,5.019369680566026,4.991891187318117,5.010210037231445,811100,0.0,0.0
2023-08-08 00:00:00-04:00,4.900297443195435,4.982732494686137,4.881978591392598,4.964413642883301,1899700,0.0,0.0
2023-08-09 00:00:00-04:00,4.991891860961914,5.0285295657327405,4.973573008576501,4.991891860961914,1399500,0.0,0.0
2023-08-10 00:00:00-04:00,5.019369680566026,5.065167023727263,5.001050830652698,5.010210037231445,1391700,0.0,0.0
2023-08-11 00:00:00-04:00,4.98273198073937,5.019369680566026,4.973572337404789,5.010210037231445,960900,0.0,0.0
2023-08-14 00:00:00-04:00,5.010210434978787,5.0285292863464,4.982732376305301,5.019370079040527,1082300,0.0,0.0
2023-08-15 00:00:00-04:00,4.936934668050078,4.936934668050078,4.900296967997285,4.918615818023682,3031700,0.0,0.0
2023-08-16 00:00:00-04:00,4.927776058973878,4.9552541189676385,4.900297562224228,4.909457206726074,1649200,0.0,0.0
2023-08-17 00:00:00-04:00,4.744586699646726,4.753746343376174,4.625514388454871,4.634673595428467,2886600,0.0,0.0
2023-08-18 00:00:00-04:00,4.598035621469056,4.66215181350708,4.598035621469056,4.66215181350708,2060800,0.0,0.0
2023-08-21 00:00:00-04:00,4.762905120849609,4.78122396990073,4.717108216599713,4.762905120849609,1337700,0.0,0.0
2023-08-22 00:00:00-04:00,4.7445867025732,4.7445867025732,4.67131129971583,4.680470943450928,1156200,0.0,0.0
2023-08-23 00:00:00-04:00,4.671311656310102,4.7079493605356015,4.662152448631669,4.689630508422852,1070700,0.0,0.0
2023-08-24 00:00:00-04:00,4.662152010792753,4.707948918395739,4.643833160400391,4.643833160400391,1992600,0.0,0.0
2023-08-25 00:00:00-04:00,4.69878979416527,4.7171086448796125,4.652992449001488,4.680470943450928,1338100,0.0,0.0
2023-08-28 00:00:00-04:00,4.707948885831751,4.753746229873809,4.707948885831751,4.735427379608154,2364200,0.0,0.0
2023-08-29 00:00:00-04:00,4.802416147516161,4.840156119410925,4.792980929594494,4.830720901489258,1564500,0.151,0.0
2023-08-30 00:00:00-04:00,4.849591255187988,4.896766448581781,4.840156486446822,4.849591255187988,1114300,0.0,0.0
2023-08-31 00:00:00-04:00,4.859026326536235,4.86846109499141,4.774111160959789,4.792981147766113,1473900,0.0,0.0
2023-09-01 00:00:00-04:00,4.830721190496706,4.849591177573022,4.774111229267758,4.783546447753906,1278300,0.0,0.0
2023-09-05 00:00:00-04:00,4.736371000305345,4.736371000305345,4.651455838082244,4.660891056060791,1181700,0.0,0.0
2023-09-06 00:00:00-04:00,4.660891097273401,4.689195851667408,4.64202111104541,4.651455879211426,1317100,0.0,0.0
2023-09-07 00:00:00-04:00,4.604281167609624,4.632585922182032,4.5665411949157715,4.5665411949157715,885200,0.0,0.0
2023-09-08 00:00:00-04:00,4.566541085880974,4.604281057673713,4.557105867984814,4.585411071777344,705900,0.0,0.0
2023-09-11 00:00:00-04:00,4.679761451714514,4.708066208335596,4.660891464001794,4.670326232910156,778300,0.0,0.0
2023-09-12 00:00:00-04:00,4.651455729543164,4.698630918543182,4.651455729543164,4.679760932922363,748900,0.0,0.0
2023-09-13 00:00:00-04:00,4.6891961097717285,4.726936534200991,4.679761341086401,4.6891961097717285,786700,0.0,0.0
2023-09-14 00:00:00-04:00,4.755240808711225,4.783546011693431,4.755240808711225,4.774110794067383,861500,0.0,0.0
2023-09-15 00:00:00-04:00,4.7552409172058105,4.774110902992502,4.745806149260439,4.7552409172058105,1081400,0.0,0.0
2023-09-18 00:00:00-04:00,4.736371150140758,4.755241136798849,4.708065945205635,4.717501163482666,806900,0.0,0.0
2023-09-19 00:00:00-04:00,4.76467646067759,4.792981216344074,4.755241242191442,4.783546447753906,951400,0.0,0.0
2023-09-20 00:00:00-04:00,4.811850764779699,4.8401559677619055,4.764676026337273,4.774110794067383,849800,0.0,0.0
2023-09-21 00:00:00-04:00,4.745806326824743,4.764676313317455,4.717501122137692,4.726936340332031,1054100,0.0,0.0
2023-09-22 00:00:00-04:00,4.698631028183068,4.717501014244207,4.660891056060791,4.660891056060791,1119700,0.0,0.0
2023-09-25 00:00:00-04:00,4.642021289290209,4.642021289290209,4.594846096960814,4.6231513023376465,1019100,0.0,0.0
2023-09-26 00:00:00-04:00,4.632585811570292,4.651455797466662,4.575975853881183,4.585411071777344,1682700,0.0,0.0
2023-09-27 00:00:00-04:00,4.443886063516438,4.4533208317521185,4.368406118047142,4.3967108726501465,2549200,0.0,0.0
2023-09-28 00:00:00-04:00,4.425016115553835,4.500496061678222,4.425016115553835,4.472190856933594,2075400,0.0,0.0
2023-09-29 00:00:00-04:00,4.566540934900436,4.57597570258871,4.509930979082985,4.528800964355469,2226300,0.0,0.0
2023-10-02 00:00:00-04:00,4.538236034740415,4.547671252953947,4.462756088616029,4.472190856933594,925400,0.0,0.0
2023-10-03 00:00:00-04:00,4.491061585298274,4.491061585298274,4.415581184371383,4.425016403198242,1117600,0.0,0.0
2023-10-04 00:00:00-04:00,4.42501585860358,4.434450626373291,4.368405902297498,4.434450626373291,1317600,0.0,0.0
2023-10-05 00:00:00-04:00,4.453320788369369,4.500495978776095,4.453320788369369,4.491061210632324,949700,0.0,0.0
2023-10-06 00:00:00-04:00,4.509931128191865,4.604281057673713,4.491061142295496,4.585411071777344,1673200,0.0,0.0
2023-10-09 00:00:00-04:00,4.500495761498775,4.538235732043742,4.4910609938105015,4.528800964355469,1134700,0.0,0.0
2023-10-10 00:00:00-04:00,4.613715757406709,4.623150975163261,4.594845771789551,4.594845771789551,789500,0.0,0.0
2023-10-11 00:00:00-04:00,4.623151233961101,4.660891207308051,4.604281247287626,4.6325860023498535,966200,0.0,0.0
2023-10-12 00:00:00-04:00,4.575976115152385,4.575976115152385,4.519366154231059,4.538236141204834,858900,0.0,0.0
2023-10-13 00:00:00-04:00,4.5004961725095045,4.528801377951189,4.4533209800720215,4.4533209800720215,1050300,0.0,0.0
2023-10-16 00:00:00-04:00,4.528801263237652,4.575976004584231,4.519366045030756,4.557106018066406,1096100,0.0,0.0
2023-10-17 00:00:00-04:00,4.557105867984814,4.623151043570083,4.557105867984814,4.585411071777344,722300,0.0,0.0
2023-10-18 00:00:00-04:00,4.557105868338028,4.56654108623492,4.481625924746699,4.500495910644531,1223500,0.0,0.0
2023-10-19 00:00:00-04:00,4.509931196815823,4.557105937326591,4.4721907745528675,4.491061210632324,1915500,0.0,0.0
2023-10-20 00:00:00-04:00,4.434450914341849,4.453320901002607,4.377840954359575,4.3872761726379395,2353100,0.0,0.0
2023-10-23 00:00:00-04:00,4.377840886282823,4.434450845384795,4.368406118047142,4.3967108726501465,2726900,0.0,0.0
2023-10-24 00:00:00-04:00,4.415581184371383,4.453321159886831,4.406146415440518,4.425016403198242,1460500,0.0,0.0
2023-10-25 00:00:00-04:00,4.443885953308722,4.481625925107424,4.415580749511719,4.415580749511719,2419600,0.0,0.0
2023-10-26 00:00:00-04:00,4.481626075147125,4.509931279891753,4.472190856933594,4.472190856933594,1089700,0.0,0.0
2023-10-27 00:00:00-04:00,4.528801447798532,4.528801447798532,4.425016292772987,4.4438862800598145,1597700,0.0,0.0
2023-10-30 00:00:00-04:00,4.547671140777505,4.5759758949279785,4.52880115471187,4.5759758949279785,1734000,0.0,0.0
2023-10-31 00:00:00-04:00,4.575976004584231,4.585411222791127,4.528801263237652,4.557106018066406,1285000,0.0,0.0
2023-11-01 00:00:00-04:00,4.557105908862344,4.5948458809936135,4.519365936731075,4.5759758949279785,1364400,0.0,0.0
2023-11-02 00:00:00-04:00,4.679760932922363,4.698630918543182,4.651455729543164,4.679760932922363,1221300,0.0,0.0
2023-11-03 00:00:00-04:00,4.755240808711225,4.783546011693431,4.717500837998909,4.774110794067383,1548100,0.0,0.0
2023-11-06 00:00:00-05:00,4.830721302239173,4.830721302239173,4.755241352187934,4.764676570892334,949200,0.0,0.0
2023-11-07 00:00:00-05:00,4.689195524883178,4.726935944605036,4.689195524883178,4.708065509796143,679400,0.0,0.0
2023-11-08 00:00:00-05:00,4.6891961097717285,4.708066097038368,4.67032612250509,4.6891961097717285,2054400,0.0,0.0
2023-11-09 00:00:00-05:00,4.726936232222754,4.745806218283892,4.651455838082244,4.660891056060791,1082600,0.0,0.0
2023-11-10 00:00:00-05:00,4.679761552820185,4.7363715171813965,4.6608915646997815,4.7363715171813965,1143000,0.0,0.0
2023-11-13 00:00:00-05:00,4.783546447753906,4.8024164348302225,4.774111229267758,4.783546447753906,1802000,0.0,0.0
2023-11-14 00:00:00-05:00,4.877896563907971,4.9345065272348565,4.877896563907971,4.9156365394592285,2690600,0.0,0.0
2023-11-15 00:00:00-05:00,4.915636393685465,4.943941149561528,4.8590264320373535,4.8590264320373535,2635800,0.0,0.0
2023-11-16 00:00:00-05:00,5.038291276766658,5.085466017435823,5.038291276766658,5.066596031188965,2255200,0.0,0.0
2023-11-17 00:00:00-05:00,5.076031684875488,5.094901672741732,5.038291709143001,5.076031684875488,4970000,0.0,0.0
2023-11-20 00:00:00-05:00,5.047725936368584,5.094901125919,5.038291168396071,5.085465908050537,1324200,0.0,0.0
2023-11-21 00:00:00-05:00,5.047726154327393,5.066596140983167,5.03829138594749,5.047726154327393,1116100,0.0,0.0
2023-11-22 00:00:00-05:00,5.019421467403352,5.0382914543151855,5.000551480491519,5.0382914543151855,745200,0.0,0.0
2023-11-24 00:00:00-05:00,5.057161697009245,5.085466453860611,5.047726478128124,5.076031684875488,926800,0.0,0.0
2023-11-27 00:00:00-05:00,5.076031249260374,5.076031249260374,5.047726044942107,5.066596031188965,725900,0.0,0.0
2023-11-28 00:00:00-05:00,5.066596465994367,5.094901672741732,5.057161697009245,5.076031684875488,1015400,0.0,0.0
2023-11-29 00:00:00-05:00,5.05716147208125,5.208121368296936,5.05716147208125,5.198686599731445,4091000,0.0,0.0
2023-11-30 00:00:00-05:00,5.151511015753976,5.1892509869400465,5.132641030160941,5.179815769195557,2330800,0.0,0.0
2023-12-01 00:00:00-05:00,5.151511407216054,5.208121368296936,5.142076188754585,5.198686599731445,1097500,0.0,0.0
2023-12-04 00:00:00-05:00,5.18925142288208,5.217556628597487,5.1798162043449505,5.18925142288208,735600,0.0,0.0
2023-12-05 00:00:00-05:00,5.1986864899644845,5.236426463221551,5.1986864899644845,5.217556476593018,1239100,0.0,0.0
2023-12-06 00:00:00-05:00,5.264731107856075,5.283601094089052,5.198686380988636,5.23642635345459,1389200,0.0,0.0
2023-12-07 00:00:00-05:00,5.236426651154866,5.274166625766405,5.236426651154866,5.264731407165527,843500,0.0,0.0
2023-12-08 00:00:00-05:00,5.255296487350099,5.30247122931007,5.245861269020522,5.293036460876465,1137000,0.0,0.0
2023-12-11 00:00:00-05:00,5.283601133230902,5.330776324110806,5.264731146858133,5.311906337738037,1037500,0.0,0.0
2023-12-12 00:00:00-05:00,5.311906593734005,5.368516555580507,5.302471375144928,5.34964656829834,948500,0.0,0.0
2023-12-13 00:00:00-05:00,5.3590808602835684,5.453431238197615,5.340210874679948,5.434561252593994,1028000,0.0,0.0
2023-12-14 00:00:00-05:00,5.415690857923714,5.453431279311427,5.406256089998746,5.425126075744629,1721300,0.0,0.0
2023-12-15 00:00:00-05:00,5.396820762196051,5.406255979824686,5.359080791473389,5.359080791473389,888100,0.0,0.0
2023-12-18 00:00:00-05:00,5.377951324273599,5.377951324273599,5.330776581016172,5.34964656829834,844100,0.0,0.0
2023-12-19 00:00:00-05:00,5.387386104252864,5.434561293565545,5.387386104252864,5.425126075744629,836200,0.0,0.0
2023-12-20 00:00:00-05:00,5.415690857590705,5.434561293231376,5.340210914611816,5.340210914611816,765600,0.0,0.0
2023-12-21 00:00:00-05:00,5.4062563085301285,5.4062563085301285,5.359081117310535,5.387386322021484,727800,0.0,0.0
2023-12-22 00:00:00-05:00,5.4062563085301285,5.434561513241078,5.377951103819179,5.387386322021484,753900,0.0,0.0
2023-12-26 00:00:00-05:00,5.37795099474618,5.425126185008989,5.3685162266311925,5.406256198883057,544900,0.0,0.0
2023-12-27 00:00:00-05:00,5.4345619151909075,5.500606647907964,5.4345619151909075,5.481736660003662,898900,0.0,0.0
2023-12-28 00:00:00-05:00,5.453431129455566,5.491171099910268,5.443995911893923,5.453431129455566,591700,0.0,0.0
2023-12-29 00:00:00-05:00,5.472301223801234,5.472301223801234,5.434561252593994,5.434561252593994,546900,0.0,0.0
2024-01-02 00:00:00-05:00,5.443996171134921,5.462866157260853,5.396820980872112,5.406256198883057,3481300,0.0,0.0
2024-01-03 00:00:00-05:00,5.349646132432151,5.37795088610126,5.321340928867094,5.340210914611816,1612800,0.0,0.0
2024-01-04 00:00:00-05:00,5.387386432053959,5.425126405842051,5.368516445159912,5.368516445159912,948700,0.0,0.0
2024-01-05 00:00:00-05:00,5.368516267576891,5.434561444469359,5.359081049493984,5.396821022033691,1102600,0.0,0.0
2024-01-08 00:00:00-05:00,5.443996278459403,5.472301483154297,5.434561510158416,5.472301483154297,1185700,0.0,0.0
2024-01-09 00:00:00-05:00,5.425126295038773,5.425126295038773,5.377951103819179,5.387386322021484,1132400,0.0,0.0
2024-01-10 00:00:00-05:00,5.387386212757125,5.415690966998044,5.37795099474618,5.406256198883057,844100,0.0,0.0
2024-01-11 00:00:00-05:00,5.406256350100717,5.425126336754459,5.3402111718646355,5.377951145172119,1137900,0.0,0.0
2024-01-12 00:00:00-05:00,5.453431129455566,5.481735882348625,5.425125926666572,5.453431129455566,1836900,0.0,0.0
2024-01-16 00:00:00-05:00,5.462866306304932,5.4911715112140635,5.43456155129177,5.462866306304932,1670800,0.0,0.0
2024-01-17 00:00:00-05:00,5.462866155886116,5.5100413461370525,5.453431387773502,5.491171360015869,1807100,0.0,0.0
2024-01-18 00:00:00-05:00,5.519476372126776,5.547781577578985,5.481736398121148,5.528911590576172,1859500,0.0,0.0
2024-01-19 00:00:00-05:00,5.5100417893599385,5.585521739916213,5.500606570592407,5.576086521148682,2755700,0.0,0.0
2024-01-22 00:00:00-05:00,5.642131219422026,5.689306409425777,5.642131219422026,5.661001205444336,2232100,0.0,0.0
2024-01-23 00:00:00-05:00,5.651566138259127,5.661001356469974,5.60439139689279,5.632696151733398,1401800,0.0,0.0
2024-01-24 00:00:00-05:00,5.745916407753025,5.774221162036838,5.736481189727783,5.736481189727783,1344800,0.0,0.0
2024-01-25 00:00:00-05:00,5.708176354064712,5.7176111220594885,5.632695960626739,5.670436382293701,1402100,0.0,0.0
2024-01-26 00:00:00-05:00,5.651565946512244,5.679871150288478,5.6421311785174675,5.670436382293701,3004900,0.0,0.0
2024-01-29 00:00:00-05:00,5.623261715194349,5.632696484065887,5.557216533509613,5.576086521148682,2334300,0.0,0.0
2024-01-30 00:00:00-05:00,5.528911590576172,5.557216346132403,5.519476372126776,5.528911590576172,2910500,0.0,0.0
2024-01-31 00:00:00-05:00,5.585521026047021,5.604391011274371,5.443995911893923,5.453431129455566,2787100,0.0,0.0
2024-02-01 00:00:00-05:00,5.510041277919834,5.519476045915639,5.425126116477824,5.500606060028076,3340300,0.0,0.0
2024-02-02 00:00:00-05:00,5.425126696290756,5.491171878903812,5.425126696290756,5.481736660003662,2488500,0.0,0.0
2024-02-05 00:00:00-05:00,5.425125926666572,5.472301114682917,5.396820723877579,5.453431129455566,1738200,0.0,0.0
2024-02-06 00:00:00-05:00,5.443996319664167,5.472301524573298,5.43456155129177,5.462866306304932,969700,0.0,0.0
2024-02-07 00:00:00-05:00,5.462866264957344,5.481736251455284,5.443996278459403,5.472301483154297,1111500,0.0,0.0
2024-02-08 00:00:00-05:00,5.472301524573298,5.500606279586461,5.453431537932534,5.462866306304932,880300,0.0,0.0
2024-02-09 00:00:00-05:00,5.443996319664167,5.462866306304932,5.406256346382639,5.462866306304932,1894400,0.0,0.0
2024-02-12 00:00:00-05:00,5.46286667209936,5.491171878903812,5.46286667209936,5.481736660003662,1133400,0.0,0.0
2024-02-13 00:00:00-05:00,5.42512651742701,5.434561736016086,5.330776581016172,5.34964656829834,2547100,0.0,0.0
2024-02-14 00:00:00-05:00,5.396820980872112,5.425126185008989,5.387386212757125,5.406256198883057,3170200,0.0,0.0
2024-02-15 00:00:00-05:00,5.387386359741875,5.472301524573298,5.387386359741875,5.462866306304932,2585400,0.0,0.0
2024-02-16 00:00:00-05:00,5.443996323408201,5.453431541683057,5.377951145172119,5.377951145172119,2139100,0.0,0.0
2024-02-20 00:00:00-05:00,5.425126034844212,5.462866006051453,5.415690817094429,5.434561252593994,2251800,0.0,0.0
2024-02-21 00:00:00-05:00,5.481736507696592,5.519476482456611,5.453431751574572,5.5100417137146,2664300,0.0,0.0
2024-02-22 00:00:00-05:00,5.5100413461370525,5.538346100370849,5.491171360015869,5.491171360015869,2474500,0.0,0.0
2024-02-23 00:00:00-05:00,5.425126183643749,5.500606128128482,5.425126183643749,5.491171360015869,1537500,0.0,0.0
2024-02-26 00:00:00-05:00,5.472301524573298,5.4911715112140635,5.443996319664167,5.462866306304932,1761300,0.0,0.0
2024-02-27 00:00:00-05:00,5.4723018909995105,5.510041866808114,5.4723018909995105,5.481736660003662,2364300,0.0,0.0
2024-02-28 00:00:00-05:00,5.547781399199891,5.594956140242116,5.5383461810538686,5.557216167449951,4588500,0.0,0.0
2024-02-29 00:00:00-05:00,5.594955989156173,5.623261192933926,5.576086003269654,5.585521221160889,5387800,0.0,0.0
2024-03-01 00:00:00-05:00,5.377951331000145,5.387386549601022,5.255296638460635,5.264731407165527,6432800,0.0,0.0
2024-03-04 00:00:00-05:00,5.226991135390121,5.274166325920543,5.217556367221613,5.23642635345459,2895000,0.0,0.0
2024-03-05 00:00:00-05:00,5.283601387862761,5.396821311555766,5.2741666191696694,5.34964656829834,2075000,0.0,0.0
2024-03-06 00:00:00-05:00,5.415690709104929,5.472301114682917,5.415690709104929,5.453431129455566,2940900,0.0,0.0
2024-03-07 00:00:00-05:00,5.481736330280529,5.547781508921007,5.4723015618438735,5.538346290588379,2626000,0.0,0.0
2024-03-08 00:00:00-05:00,5.519476224451165,5.519476224451165,5.462866264957344,5.472301483154297,2553900,0.0,0.0
2024-03-11 00:00:00-04:00,5.472301483154297,5.491171469652238,5.434561510158416,5.472301483154297,1289100,0.0,0.0
2024-03-12 00:00:00-04:00,5.46286667209936,5.491171878903812,5.443996684195058,5.481736660003662,1735500,0.0,0.0
2024-03-13 00:00:00-04:00,5.500606060028076,5.528911263807396,5.491171292032271,5.500606060028076,1010800,0.0,0.0
2024-03-14 00:00:00-04:00,5.500606279586461,5.519476266227225,5.443996319664167,5.462866306304932,1622700,0.0,0.0
2024-03-15 00:00:00-04:00,5.443996020447832,5.491171209404855,5.425126034844212,5.434561252593994,1896500,0.0,0.0
2024-03-18 00:00:00-04:00,5.425125926666572,5.472301114682917,5.406255941439222,5.453431129455566,1626600,0.0,0.0
2024-03-19 00:00:00-04:00,5.4534319030952085,5.491171878903812,5.443996684195058,5.481736660003662,1152800,0.0,0.0
2024-03-20 00:00:00-04:00,5.434561655562103,5.547781577578985,5.425126437112707,5.528911590576172,1554200,0.0,0.0
2024-03-21 00:00:00-04:00,5.5289115221517235,5.59495625089623,5.5289115221517235,5.538346290588379,2863100,0.0,0.0
2024-03-22 00:00:00-04:00,5.604391727555281,5.632696484065887,5.566651752277144,5.576086521148682,1841800,0.0,0.0
2024-03-25 00:00:00-04:00,5.604391288144023,5.679871232782306,5.594956070116258,5.651566028594971,1991000,0.0,0.0
2024-03-26 00:00:00-04:00,5.745916628148429,5.745916628148429,5.689306667513466,5.698741436004639,1232700,0.0,0.0
2024-03-27 00:00:00-04:00,5.689306449289444,5.745916407753025,5.689306449289444,5.736481189727783,1796100,0.0,0.0
2024-03-28 00:00:00-04:00,5.717611381276521,5.736481368017527,5.698741394535515,5.708176612854004,1002100,0.0,0.0
2024-04-01 00:00:00-04:00,5.708176354064712,5.736481107944994,5.651565946512244,5.670436382293701,1030100,0.0,0.0
2024-04-02 00:00:00-04:00,5.679871449126318,5.7176114228829595,5.670436680635144,5.698741436004639,1571000,0.0,0.0
2024-04-03 00:00:00-04:00,5.783656310997791,5.840266268785377,5.783656310997791,5.830831050872803,1867200,0.0,0.0
2024-04-04 00:00:00-04:00,5.878006573727741,5.906311779173457,5.7647866517368325,5.774221420288086,1571700,0.0,0.0
2024-04-05 00:00:00-04:00,5.755351215161298,5.840266378384177,5.755351215161298,5.8119611740112305,1967600,0.0,0.0
2024-04-08 00:00:00-04:00,5.906311768624149,5.953486511088113,5.906311768624149,5.944051742553711,1656400,0.0,0.0
2024-04-09 00:00:00-04:00,5.991226224697368,6.01953142886266,5.8685710898077,5.906311511993408,2827500,0.0,0.0
2024-04-10 00:00:00-04:00,5.840266227722168,5.896876185111727,5.802526256129129,5.840266227722168,4530800,0.0,0.0
2024-04-11 00:00:00-04:00,5.7270461596798095,5.7270461596798095,5.5572158421600655,5.613825798034668,6076300,0.0,0.0
2024-04-12 00:00:00-04:00,5.576085743162056,5.604390945619458,5.510041020588005,5.547780990600586,3764600,0.0,0.0
2024-04-15 00:00:00-04:00,5.661001690472487,5.698741665750624,5.557216533509613,5.576086521148682,3965100,0.0,0.0
2024-04-16 00:00:00-04:00,5.519476303819095,5.5572162773576625,5.481736330280529,5.538346290588379,4223200,0.0,0.0
2024-04-17 00:00:00-04:00,5.5572162773576625,5.604391469228857,5.519476303819095,5.538346290588379,3097500,0.0,0.0
2024-04-18 00:00:00-04:00,5.60439135838814,5.651566099430365,5.5383461810538686,5.557216167449951,4086400,0.0,0.0
2024-04-19 00:00:00-04:00,5.462866411118335,5.53834635912959,5.453431642564917,5.528911590576172,3173400,0.0,0.0
2024-04-22 00:00:00-04:00,5.651566135114924,5.764786504102268,5.642131366805292,5.717611312866211,2498100,0.0,0.0
2024-04-23 00:00:00-04:00,5.74591629873957,5.868570981468973,5.74591629873957,5.840266227722168,3317000,0.0,0.0
2024-04-24 00:00:00-04:00,5.783656638735317,5.802526625733802,5.745916664738347,5.774221420288086,1804200,0.0,0.0
2024-04-25 00:00:00-04:00,5.7270466365491535,5.8025265840002165,5.708176649686387,5.783656597137451,2642600,0.0,0.0
2024-04-26 00:00:00-04:00,5.887441378802628,5.906311815814156,5.811961430340438,5.849701404571533,2328800,0.0,0.0
2024-04-29 00:00:00-04:00,5.887441117057752,5.915746321420666,5.868571130781129,5.896876335144043,1780500,0.0,0.0
2024-04-30 00:00:00-04:00,5.878006790783632,5.915746766174218,5.81196160890211,5.821396827697754,2176500,0.0,0.0
2024-05-01 00:00:00-04:00,5.81196121265951,5.96292155382581,5.802526444403096,5.887441158294678,1977300,0.0,0.0
2024-05-02 00:00:00-04:00,5.925181498138284,5.944051484283159,5.859136321683241,5.906311511993408,3340100,0.0,0.0
2024-05-03 00:00:00-04:00,5.944051564774866,5.981791537575674,5.906311591974057,5.97235631942749,2711000,0.0,0.0
2024-05-06 00:00:00-04:00,6.03840168165726,6.113881629569879,6.03840168165726,6.1044464111328125,2308500,0.0,0.0
2024-05-07 00:00:00-04:00,6.170491437866495,6.189361424377869,6.1138814783323765,6.13275146484375,2010600,0.0,0.0
2024-05-08 00:00:00-04:00,6.047836518196818,6.104446479767773,6.047836518196818,6.0950117111206055,1880500,0.0,0.0
2024-05-09 00:00:00-04:00,6.1138814783323765,6.170491437866495,6.1138814783323765,6.13275146484375,2973100,0.0,0.0
2024-05-10 00:00:00-04:00,6.227101216885982,6.245971202850342,6.189361244957264,6.245971202850342,1883600,0.0,0.0
2024-05-13 00:00:00-04:00,6.236536869258009,6.293146831094579,6.236536869258009,6.255406856536865,3595600,0.0,0.0
2024-05-14 00:00:00-04:00,6.236536434171115,6.330886363983154,6.236536434171115,6.330886363983154,2798400,0.0,0.0
2024-05-15 00:00:00-04:00,6.340321348284728,6.396931757998885,6.3214513616786645,6.378061771392822,2692700,0.0,0.0
2024-05-16 00:00:00-04:00,6.378061917697943,6.453541865853615,6.368626699230495,6.434671878814697,3325700,0.0,0.0
2024-05-17 00:00:00-04:00,6.434671551165205,6.491281509399414,6.4158015650871345,6.491281509399414,2401700,0.0,0.0
2024-05-20 00:00:00-04:00,6.510151904829069,6.566761866622854,6.481846698984184,6.500716686248779,3028000,0.0,0.0
2024-05-21 00:00:00-04:00,6.481846332550049,6.5101515367947735,6.462976346352219,6.481846332550049,1674000,0.0,0.0
2024-05-22 00:00:00-04:00,6.462976306511119,6.500716278674131,6.396931580173827,6.406366348266602,1679800,0.0,0.0
2024-05-23 00:00:00-04:00,6.406366418564423,6.425236404852992,6.293146500833013,6.312016487121582,1794000,0.0,0.0
2024-05-24 00:00:00-04:00,6.312016895164729,6.378062076392219,6.312016895164729,6.321451663970947,6659700,0.0,0.0
2024-05-28 00:00:00-04:00,6.1893616470721975,6.208231634262516,6.076141723930287,6.0950117111206055,4128400,0.0,0.0
2024-05-29 00:00:00-04:00,6.085576382759494,6.123316356459089,6.076141614282582,6.113881587982178,2223600,0.0,0.0
2024-05-30 00:00:00-04:00,6.066706290232034,6.08557627675313,6.028966317189841,6.0478363037109375,3149300,0.0,0.0
2024-05-31 00:00:00-04:00,6.0667065053871365,6.0950117111206055,6.0289665310065,6.0950117111206055,2640100,0.0,0.0
2024-06-03 00:00:00-04:00,6.104446369609292,6.113881587982178,6.057271627432784,6.113881587982178,1334500,0.0,0.0
2024-06-04 00:00:00-04:00,5.991226305827895,6.019531510376483,5.953486333027086,5.97235631942749,1405400,0.0,0.0
2024-06-05 00:00:00-04:00,6.010096549987793,6.028966537197489,5.972356575568402,6.010096549987793,1100800,0.0,0.0
2024-06-06 00:00:00-04:00,6.019531658365193,6.066706400578002,6.019531658365193,6.028966426849365,1315300,0.0,0.0
2024-06-07 00:00:00-04:00,6.028966537197489,6.057271742960023,6.000661781330937,6.010096549987793,1567800,0.0,0.0
2024-06-10 00:00:00-04:00,5.9251812128223875,5.972355950964987,5.915745995256306,5.95348596572876,932100,0.0,0.0
2024-06-11 00:00:00-04:00,5.8968764865226415,5.8968764865226415,5.821396539478507,5.8685712814331055,2150300,0.0,0.0
2024-06-12 00:00:00-04:00,6.0006615239760785,6.047836265029107,5.953486333027086,5.97235631942749,1786300,0.0,0.0
2024-06-13 00:00:00-04:00,5.906311553230335,5.925181539506958,5.802526403760931,5.896876335144043,2999400,0.0,0.0
2024-06-14 00:00:00-04:00,5.755351282788443,5.849701215313638,5.745916514483907,5.802526473999023,2218100,0.0,0.0
2024-06-17 00:00:00-04:00,5.911238903571731,5.979183880405145,5.882119297185667,5.969477653503418,2653600,0.172,0.0
2024-06-18 00:00:00-04:00,6.03742273441914,6.07624903121672,6.03742273441914,6.056835651397705,1606000,0.0,0.0
2024-06-20 00:00:00-04:00,6.076248675267484,6.173313254474225,6.076248675267484,6.144193649291992,3880000,0.0,0.0
2024-06-21 00:00:00-04:00,6.095661832700447,6.115074749311195,6.047129309753358,6.0859551429748535,2145300,0.0,0.0
2024-06-24 00:00:00-04:00,6.163606927794281,6.212139451673472,6.153900700722713,6.173313617706299,2926500,0.0,0.0
2024-06-25 00:00:00-04:00,6.095661910350822,6.115074827208863,6.07624899349278,6.105368137359619,2095900,0.0,0.0
2024-06-26 00:00:00-04:00,6.085955064951959,6.085955064951959,6.056835458988935,6.066542148590088,1292700,0.0,0.0
2024-06-27 00:00:00-04:00,6.037422342345392,6.037422342345392,5.950064453035147,5.959770679473877,1393200,0.0,0.0
2024-06-28 00:00:00-04:00,5.959770885893563,5.988890491899163,5.920945053113052,5.950064659118652,2373900,0.0,0.0
2024-07-01 00:00:00-04:00,6.076248645782471,6.124780703730128,6.056835267194904,6.076248645782471,3372700,0.0,0.0
2024-07-02 00:00:00-04:00,6.018009740283269,6.066542263527667,5.998596823553598,6.0374226570129395,1641200,0.0,0.0
2024-07-03 00:00:00-04:00,6.134487422791529,6.16360656513334,6.134487422791529,6.144193649291992,1112700,0.0,0.0
2024-07-05 00:00:00-04:00,6.115074592015424,6.124780818650908,6.018009548618013,6.047129154205322,722800,0.0,0.0
2024-07-08 00:00:00-04:00,6.076248795992037,6.105367938912395,5.9888904415501,5.998596668243408,1524500,0.0,0.0
2024-07-09 00:00:00-04:00,6.0083033995044755,6.085955064951959,6.0083033995044755,6.066542148590088,1805100,0.0,0.0
2024-07-10 00:00:00-04:00,6.134487500963878,6.183019559765486,6.134487500963878,6.163606643676758,1877100,0.0,0.0
2024-07-11 00:00:00-04:00,6.221845470730636,6.241258387065192,6.173313411314463,6.183019638061523,1343900,0.0,0.0
2024-07-12 00:00:00-04:00,6.202432710009446,6.241258543652663,6.192726483018865,6.221845626831055,1999500,0.0,0.0
2024-07-15 00:00:00-04:00,6.192726378417885,6.192726378417885,6.1053680227759894,6.134487628936768,2450300,0.0,0.0
2024-07-16 00:00:00-04:00,6.037422696936251,6.115074827208863,6.027716469927453,6.105368137359619,1456700,0.0,0.0
2024-07-17 00:00:00-04:00,6.095661640167236,6.134487472162407,6.095661640167236,6.095661640167236,1399400,0.0,0.0
2024-07-18 00:00:00-04:00,6.095661948195285,6.134487782152415,6.047129424328647,6.056835651397705,1252100,0.0,0.0
2024-07-19 00:00:00-04:00,6.056835495586515,6.095661791385294,6.008303435808807,6.018009662628174,1978700,0.0,0.0
2024-07-22 00:00:00-04:00,6.124780966130911,6.212139322155931,6.115074739261709,6.202432632446289,2340900,0.0,0.0
2024-07-23 00:00:00-04:00,6.134487706582115,6.16360685027102,6.115074789842695,6.153900623321533,1105700,0.0,0.0
2024-07-24 00:00:00-04:00,6.105367787982981,6.144193619477275,6.076248645782471,6.076248645782471,1150700,0.0,0.0
2024-07-25 00:00:00-04:00,6.047129232228217,6.115074670914983,6.027716315866346,6.066542148590088,2144000,0.0,0.0
2024-07-26 00:00:00-04:00,6.105367895410572,6.163606643676758,6.105367895410572,6.163606643676758,1010700,0.0,0.0
2024-07-29 00:00:00-04:00,6.192726483018865,6.221845626831055,6.1539006493756485,6.221845626831055,1072600,0.0,0.0
2024-07-30 00:00:00-04:00,6.241258144378662,6.2509648335887205,6.212139002429321,6.241258144378662,1394000,0.0,0.0
2024-07-31 00:00:00-04:00,6.270377828095667,6.289790743919723,6.221845307115315,6.260671138763428,1611500,0.0,0.0
2024-08-01 00:00:00-04:00,6.11507487793851,6.11507487793851,5.93065193483695,5.9403581619262695,3088300,0.0,0.0
2024-08-02 00:00:00-04:00,5.852999834842275,5.862706061215329,5.726815652109659,5.775347709655762,3176900,0.0,0.0
2024-08-05 00:00:00-04:00,5.6200444669598175,5.687989903924183,5.571511945865211,5.678283214569092,6230800,0.0,0.0
2024-08-06 00:00:00-04:00,5.581218914551028,5.697696415599081,5.5715122247101325,5.687990188598633,3516200,0.0,0.0
2024-08-07 00:00:00-04:00,5.78505472081077,5.8141738643908445,5.7171092810565245,5.736522197723389,2433700,0.0,0.0
2024-08-08 00:00:00-04:00,5.785054364674124,5.823880195617676,5.746228533730573,5.823880195617676,1901500,0.0,0.0
2024-08-09 00:00:00-04:00,5.814173740465935,5.882119178771973,5.785054597506514,5.882119178771973,1304700,0.0,0.0
2024-08-12 00:00:00-04:00,5.8821193076293055,5.8821193076293055,5.8432934742725795,5.853000164031982,957800,0.0,0.0
2024-08-13 00:00:00-04:00,5.882119410869006,5.950064851856038,5.882119410869006,5.9403581619262695,1875800,0.0,0.0
2024-08-14 00:00:00-04:00,5.9694774122426315,6.037422386329999,5.9694774122426315,6.027716159820557,1386200,0.0,0.0
2024-08-15 00:00:00-04:00,6.095661640167236,6.115074556164822,6.05683534533164,6.095661640167236,1491600,0.0,0.0
2024-08-16 00:00:00-04:00,6.144193959544621,6.231552316662081,6.144193959544621,6.221845626831055,1874900,0.0,0.0
2024-08-19 00:00:00-04:00,6.23155191800902,6.2509648335887205,6.221845228798963,6.241258144378662,1200900,0.0,0.0
2024-08-20 00:00:00-04:00,6.192726291580461,6.2509650402449255,6.192726291580461,6.2315521240234375,1064000,0.0,0.0
2024-08-21 00:00:00-04:00,6.250965118408203,6.289790951336665,6.2315522019439715,6.250965118408203,1724500,0.0,0.0
2024-08-22 00:00:00-04:00,5.79476066924737,5.882119021470331,5.7559348377794795,5.843293190002441,6237700,0.0,0.0
2024-08-23 00:00:00-04:00,5.84329357683083,5.959771078945357,5.833587349741512,5.9403581619262695,2363300,0.0,0.0
2024-08-26 00:00:00-04:00,5.862706312856658,5.882119229276431,5.833587169647217,5.833587169647217,2409300,0.0,0.0
2024-08-27 00:00:00-04:00,5.911238826338142,5.950064659118652,5.891825909947887,5.950064659118652,2545500,0.0,0.0
2024-08-28 00:00:00-04:00,5.920945053113052,5.959770885893563,5.901532136722797,5.950064659118652,1601000,0.0,0.0
2024-08-29 00:00:00-04:00,5.940358084306934,5.959771001072364,5.911238940579011,5.920945167541504,1879100,0.0,0.0
2024-08-30 00:00:00-04:00,5.901532059111241,5.940357891381149,5.901532059111241,5.930651664733887,1062300,0.0,0.0
2024-09-03 00:00:00-04:00,5.852999800245547,5.882118942033003,5.814173506461581,5.823880195617676,1096400,0.0,0.0
2024-09-04 00:00:00-04:00,5.853000164031982,5.911238914067072,5.8432934742725795,5.853000164031982,2484700,0.0,0.0
2024-09-05 00:00:00-04:00,6.050000190734863,6.070000171661377,5.960000038146973,6.010000228881836,3002300,0.177,0.0
2024-09-06 00:00:00-04:00,6.03000020980835,6.050000190734863,5.920000076293945,5.940000057220459,3566200,0.0,0.0
2024-09-09 00:00:00-04:00,5.949999809265137,6.019999980926514,5.949999809265137,6.010000228881836,3520100,0.0,0.0
2024-09-10 00:00:00-04:00,5.96999979019165,5.96999979019165,5.829999923706055,5.869999885559082,4818200,0.0,0.0
2024-09-11 00:00:00-04:00,5.920000076293945,5.920000076293945,5.800000190734863,5.909999847412109,3267800,0.0,0.0
2024-09-12 00:00:00-04:00,5.849999904632568,5.929999828338623,5.829999923706055,5.920000076293945,3230900,0.0,0.0
2024-09-13 00:00:00-04:00,5.96999979019165,6.03000020980835,5.960000038146973,5.980000019073486,3041700,0.0,0.0
2024-09-16 00:00:00-04:00,5.96999979019165,6.019999980926514,5.960000038146973,6.010000228881836,2388400,0.0,0.0
2024-09-17 00:00:00-04:00,6.010000228881836,6.050000190734863,5.960000038146973,6.0,2518700,0.0,0.0
2024-09-18 00:00:00-04:00,6.039999961853027,6.150000095367432,6.010000228881836,6.059999942779541,2845300,0.0,0.0
2024-09-19 00:00:00-04:00,6.210000038146973,6.289999961853027,6.159999847412109,6.28000020980835,4060100,0.0,0.0
2024-09-20 00:00:00-04:00,6.210000038146973,6.25,6.179999828338623,6.239999771118164,4186300,0.0,0.0
2024-09-23 00:00:00-04:00,6.210000038146973,6.269999980926514,6.199999809265137,6.260000228881836,1586100,0.0,0.0
2024-09-24 00:00:00-04:00,6.389999866485596,6.440000057220459,6.349999904632568,6.380000114440918,4816400,0.0,0.0
2024-09-25 00:00:00-04:00,6.380000114440918,6.389999866485596,6.289999961853027,6.289999961853027,3016300,0.0,0.0
2024-09-26 00:00:00-04:00,6.380000114440918,6.460000038146973,6.380000114440918,6.440000057220459,3469800,0.0,0.0
2024-09-27 00:00:00-04:00,6.460000038146973,6.46999979019165,6.389999866485596,6.389999866485596,2233600,0.0,0.0
2024-09-30 00:00:00-04:00,6.409999847412109,6.420000076293945,6.329999923706055,6.389999866485596,2958800,0.0,0.0
2024-10-01 00:00:00-04:00,6.340000152587891,6.349999904632568,6.190000057220459,6.21999979019165,3864200,0.0,0.0
2024-10-02 00:00:00-04:00,6.21999979019165,6.260000228881836,6.190000057220459,6.210000038146973,4085300,0.0,0.0
2024-10-03 00:00:00-04:00,6.130000114440918,6.150000095367432,6.099999904632568,6.139999866485596,4007200,0.0,0.0
2024-10-04 00:00:00-04:00,6.21999979019165,6.309999942779541,6.210000038146973,6.300000190734863,5352300,0.0,0.0
2024-10-07 00:00:00-04:00,6.269999980926514,6.28000020980835,6.199999809265137,6.21999979019165,2700600,0.0,0.0
2024-10-08 00:00:00-04:00,6.230000019073486,6.25,6.190000057220459,6.21999979019165,1827400,0.0,0.0
2024-10-09 00:00:00-04:00,6.170000076293945,6.25,6.159999847412109,6.239999771118164,2164800,0.0,0.0
2024-10-10 00:00:00-04:00,6.239999771118164,6.25,6.190000057220459,6.210000038146973,2601800,0.0,0.0
2024-10-11 00:00:00-04:00,6.21999979019165,6.28000020980835,6.210000038146973,6.260000228881836,2051100,0.0,0.0
2024-10-14 00:00:00-04:00,6.21999979019165,6.260000228881836,6.210000038146973,6.260000228881836,2491500,0.0,0.0
2024-10-15 00:00:00-04:00,6.300000190734863,6.329999923706055,6.239999771118164,6.239999771118164,3883500,0.0,0.0
2024-10-16 00:00:00-04:00,6.300000190734863,6.369999885559082,6.300000190734863,6.349999904632568,1818300,0.0,0.0
2024-10-17 00:00:00-04:00,6.409999847412109,6.429999828338623,6.320000171661377,6.360000133514404,4646800,0.0,0.0
2024-10-18 00:00:00-04:00,6.449999809265137,6.460000038146973,6.400000095367432,6.429999828338623,1964400,0.0,0.0
2024-10-21 00:00:00-04:00,6.380000114440918,6.400000095367432,6.340000152587891,6.349999904632568,1547400,0.0,0.0
2024-10-22 00:00:00-04:00,6.409999847412109,6.46999979019165,6.389999866485596,6.46999979019165,2534000,0.0,0.0
2024-10-23 00:00:00-04:00,6.400000095367432,6.420000076293945,6.349999904632568,6.400000095367432,2344000,0.0,0.0
2024-10-24 00:00:00-04:00,6.409999847412109,6.440000057220459,6.400000095367432,6.440000057220459,1307400,0.0,0.0
2024-10-25 00:00:00-04:00,6.429999828338623,6.449999809265137,6.329999923706055,6.349999904632568,2868900,0.0,0.0
2024-10-28 00:00:00-04:00,6.360000133514404,6.429999828338623,6.360000133514404,6.409999847412109,2352100,0.0,0.0
2024-10-29 00:00:00-04:00,6.389999866485596,6.420000076293945,6.340000152587891,6.369999885559082,2840700,0.0,0.0
2024-10-30 00:00:00-04:00,6.309999942779541,6.380000114440918,6.309999942779541,6.329999923706055,3642600,0.0,0.0
2024-10-31 00:00:00-04:00,6.340000152587891,6.349999904632568,6.25,6.28000020980835,3965900,0.0,0.0
2024-11-01 00:00:00-04:00,6.409999847412109,6.420000076293945,6.320000171661377,6.320000171661377,2480200,0.0,0.0
2024-11-04 00:00:00-05:00,6.380000114440918,6.389999866485596,6.300000190734863,6.349999904632568,3410000,0.0,0.0
2024-11-05 00:00:00-05:00,6.380000114440918,6.429999828338623,6.369999885559082,6.420000076293945,1633200,0.0,0.0
2024-11-06 00:00:00-05:00,6.489999771118164,6.670000076293945,6.480000019073486,6.659999847412109,6909100,0.0,0.0
2024-11-07 00:00:00-05:00,6.71999979019165,6.78000020980835,6.679999828338623,6.710000038146973,3423900,0.0,0.0
2024-11-08 00:00:00-05:00,6.630000114440918,6.639999866485596,6.519999980926514,6.539999961853027,3233600,0.0,0.0
2024-11-11 00:00:00-05:00,6.559999942779541,6.579999923706055,6.53000020980835,6.579999923706055,2951500,0.0,0.0
2024-11-12 00:00:00-05:00,6.480000019073486,6.489999771118164,6.349999904632568,6.429999828338623,3537200,0.0,0.0
2024-11-13 00:00:00-05:00,6.309999942779541,6.369999885559082,6.269999980926514,6.340000152587891,2318700,0.0,0.0
2024-11-14 00:00:00-05:00,6.389999866485596,6.409999847412109,6.320000171661377,6.329999923706055,4261400,0.0,0.0
2024-11-15 00:00:00-05:00,6.5,6.53000020980835,6.409999847412109,6.440000057220459,4531200,0.0,0.0
2024-11-18 00:00:00-05:00,6.429999828338623,6.510000228881836,6.429999828338623,6.460000038146973,3033700,0.0,0.0
2024-11-19 00:00:00-05:00,6.289999961853027,6.349999904632568,6.260000228881836,6.329999923706055,3004700,0.0,0.0
2024-11-20 00:00:00-05:00,6.28000020980835,6.300000190734863,6.21999979019165,6.239999771118164,2347300,0.0,0.0
2024-11-21 00:00:00-05:00,6.199999809265137,6.28000020980835,6.199999809265137,6.260000228881836,3343300,0.0,0.0
2024-11-22 00:00:00-05:00,6.199999809265137,6.25,6.179999828338623,6.230000019073486,2745300,0.0,0.0
2024-11-25 00:00:00-05:00,6.289999961853027,6.300000190734863,6.25,6.289999961853027,5102100,0.0,0.0
2024-11-26 00:00:00-05:00,6.25,6.260000228881836,6.159999847412109,6.190000057220459,3586200,0.0,0.0
2024-11-27 00:00:00-05:00,6.21999979019165,6.309999942779541,6.21999979019165,6.289999961853027,2738100,0.0,0.0
2024-11-29 00:00:00-05:00,6.400000095367432,6.5,6.389999866485596,6.489999771118164,2666800,0.0,0.0
2024-12-02 00:00:00-05:00,6.369999885559082,6.389999866485596,6.300000190734863,6.340000152587891,4040500,0.0,0.0
2024-12-03 00:00:00-05:00,6.400000095367432,6.429999828338623,6.340000152587891,6.409999847412109,4600200,0.0,0.0
2024-12-04 00:00:00-05:00,6.510000228881836,6.570000171661377,6.489999771118164,6.519999980926514,2604400,0.0,0.0
2024-12-05 00:00:00-05:00,6.539999961853027,6.590000152587891,6.53000020980835,6.539999961853027,2996300,0.0,0.0
2024-12-06 00:00:00-05:00,6.539999961853027,6.550000190734863,6.440000057220459,6.480000019073486,3745500,0.0,0.0
2024-12-09 00:00:00-05:00,6.519999980926514,6.539999961853027,6.400000095367432,6.420000076293945,3068500,0.0,0.0
2024-12-10 00:00:00-05:00,6.400000095367432,6.400000095367432,6.340000152587891,6.360000133514404,4003300,0.0,0.0
2024-12-11 00:00:00-05:00,6.420000076293945,6.420000076293945,6.320000171661377,6.380000114440918,5930500,0.0,0.0
2024-12-12 00:00:00-05:00,6.360000133514404,6.420000076293945,6.309999942779541,6.320000171661377,3985200,0.0,0.0
2024-12-13 00:00:00-05:00,6.389999866485596,6.389999866485596,6.300000190734863,6.309999942779541,4953200,0.0,0.0
2024-12-16 00:00:00-05:00,6.019999980926514,6.070000171661377,5.929999828338623,5.949999809265137,10583000,0.0,0.0
2024-12-17 00:00:00-05:00,5.909999847412109,5.920000076293945,5.820000171661377,5.829999923706055,7284800,0.0,0.0
2024-12-18 00:00:00-05:00,5.860000133514404,5.880000114440918,5.659999847412109,5.679999828338623,5504400,0.0,0.0
2024-12-19 00:00:00-05:00,5.769999980926514,5.800000190734863,5.739999771118164,5.760000228881836,4899300,0.0,0.0
2024-12-20 00:00:00-05:00,5.710000038146973,5.849999904632568,5.699999809265137,5.809999942779541,5223000,0.0,0.0
2024-12-23 00:00:00-05:00,5.800000190734863,5.840000152587891,5.760000228881836,5.829999923706055,5324200,0.0,0.0
2024-12-24 00:00:00-05:00,5.820000171661377,5.849999904632568,5.789999961853027,5.840000152587891,1105500,0.0,0.0
2024-12-26 00:00:00-05:00,5.900000095367432,5.900000095367432,5.829999923706055,5.869999885559082,1413200,0.0,0.0
2024-12-27 00:00:00-05:00,5.849999904632568,5.880000114440918,5.820000171661377,5.840000152587891,3295900,0.0,0.0
2024-12-30 00:00:00-05:00,5.840000152587891,5.880000114440918,5.829999923706055,5.860000133514404,4329400,0.0,0.0
2024-12-31 00:00:00-05:00,5.889999866485596,5.929999828338623,5.849999904632568,5.889999866485596,3854100,0.0,0.0
2025-01-02 00:00:00-05:00,5.929999828338623,5.949999809265137,5.860000133514404,5.889999866485596,6510600,0.0,0.0
2025-01-03 00:00:00-05:00,5.940000057220459,5.960000038146973,5.920000076293945,5.940000057220459,3687900,0.0,0.0
2025-01-06 00:00:00-05:00,6.0,6.090000152587891,5.989999771118164,6.010000228881836,6075900,0.0,0.0
2025-01-07 00:00:00-05:00,6.079999923706055,6.079999923706055,6.010000228881836,6.03000020980835,6538300,0.0,0.0
2025-01-08 00:00:00-05:00,5.960000038146973,6.0,5.929999828338623,5.989999771118164,7045400,0.0,0.0
2025-01-10 00:00:00-05:00,6.039999961853027,6.070000171661377,5.929999828338623,5.940000057220459,7809300,0.0,0.0
2025-01-13 00:00:00-05:00,5.949999809265137,6.0,5.929999828338623,6.0,3719000,0.0,0.0
2025-01-14 00:00:00-05:00,6.070000171661377,6.150000095367432,6.050000190734863,6.139999866485596,5847500,0.0,0.0
2025-01-15 00:00:00-05:00,6.260000228881836,6.300000190734863,6.230000019073486,6.25,6949100,0.0,0.0
2025-01-16 00:00:00-05:00,6.269999980926514,6.320000171661377,6.25,6.309999942779541,6064400,0.0,0.0
2025-01-17 00:00:00-05:00,6.349999904632568,6.409999847412109,6.329999923706055,6.369999885559082,5580600,0.0,0.0
2025-01-21 00:00:00-05:00,6.440000057220459,6.5,6.429999828338623,6.480000019073486,4820700,0.0,0.0
2025-01-22 00:00:00-05:00,6.519999980926514,6.519999980926514,6.440000057220459,6.449999809265137,4917700,0.0,0.0
2025-01-23 00:00:00-05:00,6.460000038146973,6.519999980926514,6.449999809265137,6.5,3535600,0.0,0.0
2025-01-24 00:00:00-05:00,6.510000228881836,6.539999961853027,6.480000019073486,6.5,3981600,0.0,0.0
2025-01-27 00:00:00-05:00,6.550000190734863,6.599999904632568,6.53000020980835,6.599999904632568,4031100,0.0,0.0
2025-01-28 00:00:00-05:00,6.53000020980835,6.570000171661377,6.510000228881836,6.539999961853027,3078700,0.0,0.0
2025-01-29 00:00:00-05:00,6.570000171661377,6.639999866485596,6.53000020980835,6.539999961853027,4160900,0.0,0.0
2025-01-30 00:00:00-05:00,6.579999923706055,6.599999904632568,6.519999980926514,6.550000190734863,4155600,0.0,0.0
2025-01-31 00:00:00-05:00,6.539999961853027,6.559999942779541,6.46999979019165,6.5,5375100,0.0,0.0
2025-02-03 00:00:00-05:00,6.340000152587891,6.409999847412109,6.28000020980835,6.369999885559082,6420300,0.0,0.0
2025-02-04 00:00:00-05:00,6.409999847412109,6.46999979019165,6.400000095367432,6.440000057220459,3310800,0.0,0.0
2025-02-05 00:00:00-05:00,6.46999979019165,6.480000019073486,6.409999847412109,6.460000038146973,3473700,0.0,0.0
2025-02-06 00:00:00-05:00,6.53000020980835,6.590000152587891,6.510000228881836,6.590000152587891,4897500,0.0,0.0
2025-02-07 00:00:00-05:00,6.590000152587891,6.599999904632568,6.53000020980835,6.550000190734863,5104800,0.0,0.0
2025-02-10 00:00:00-05:00,6.559999942779541,6.610000133514404,6.559999942779541,6.579999923706055,2338400,0.0,0.0
2025-02-11 00:00:00-05:00,6.590000152587891,6.630000114440918,6.570000171661377,6.619999885559082,3213900,0.0,0.0
2025-02-12 00:00:00-05:00,6.650000095367432,6.739999771118164,6.639999866485596,6.730000019073486,6052800,0.0,0.0
2025-02-13 00:00:00-05:00,6.670000076293945,6.71999979019165,6.630000114440918,6.699999809265137,6261100,0.0,0.0
2025-02-14 00:00:00-05:00,6.650000095367432,6.690000057220459,6.599999904632568,6.659999847412109,3640600,0.0,0.0
2025-02-18 00:00:00-05:00,6.650000095367432,6.710000038146973,6.630000114440918,6.710000038146973,4357200,0.0,0.0
2025-02-19 00:00:00-05:00,6.739999771118164,6.789999961853027,6.659999847412109,6.75,7977700,0.0,0.0
2025-02-20 00:00:00-05:00,6.190000057220459,6.210000038146973,6.019999980926514,6.070000171661377,10880300,0.0,0.0
2025-02-21 00:00:00-05:00,6.099999904632568,6.110000133514404,5.960000038146973,5.980000019073486,4223500,0.0,0.0
2025-02-24 00:00:00-05:00,6.070000171661377,6.170000076293945,6.039999961853027,6.139999866485596,8080500,0.0,0.0
2025-02-25 00:00:00-05:00,6.239999771118164,6.260000228881836,6.170000076293945,6.210000038146973,7418500,0.0,0.0
2025-02-26 00:00:00-05:00,6.260000228881836,6.349999904632568,6.25,6.269999980926514,6176500,0.0,0.0
2025-02-27 00:00:00-05:00,6.260000228881836,6.300000190734863,6.230000019073486,6.25,5805100,0.0,0.0
2025-02-28 00:00:00-05:00,6.239999771118164,6.289999961853027,6.199999809265137,6.28000020980835,4638900,0.0,0.0
2025-03-03 00:00:00-05:00,6.409999847412109,6.480000019073486,6.320000171661377,6.360000133514404,6889200,0.0,0.0
2025-03-04 00:00:00-05:00,6.130000114440918,6.210000038146973,6.019999980926514,6.119999885559082,8949400,0.0,0.0
2025-03-05 00:00:00-05:00,6.199999809265137,6.360000133514404,6.170000076293945,6.360000133514404,8026600,0.0,0.0
2025-03-06 00:00:00-05:00,6.360000133514404,6.409999847412109,6.28000020980835,6.309999942779541,5160600,0.0,0.0
2025-03-07 00:00:00-05:00,6.28000020980835,6.340000152587891,6.21999979019165,6.329999923706055,5381600,0.0,0.0
2025-03-10 00:00:00-04:00,6.150000095367432,6.179999828338623,5.949999809265137,6.0,8986500,0.0,0.0
2025-03-11 00:00:00-04:00,6.010000228881836,6.139999866485596,5.960000038146973,6.090000152587891,18067800,0.0,0.0
2025-03-12 00:00:00-04:00,6.230000019073486,6.300000190734863,6.190000057220459,6.260000228881836,12714000,0.0,0.0
2025-03-13 00:00:00-04:00,6.309999942779541,6.349999904632568,6.230000019073486,6.25,10004600,0.0,0.0
2025-03-14 00:00:00-04:00,6.340000152587891,6.440000057220459,6.320000171661377,6.429999828338623,7726600,0.0,0.0
2025-03-17 00:00:00-04:00,6.480000019073486,6.590000152587891,6.480000019073486,6.570000171661377,7497200,0.0,0.0
2025-03-18 00:00:00-04:00,6.690000057220459,6.730000019073486,6.650000095367432,6.699999809265137,8387900,0.0,0.0
2025-03-19 00:00:00-04:00,6.639999866485596,6.760000228881836,6.619999885559082,6.730000019073486,10577100,0.0,0.0
2025-03-20 00:00:00-04:00,6.559999942779541,6.639999866485596,6.539999961853027,6.619999885559082,8046700,0.0,0.0
2025-03-21 00:00:00-04:00,6.599999904632568,6.670000076293945,6.559999942779541,6.579999923706055,14026000,0.0,0.0
2025-03-24 00:00:00-04:00,6.630000114440918,6.690000057220459,6.610000133514404,6.679999828338623,12187100,0.0,0.0
2025-03-25 00:00:00-04:00,6.75,6.789999961853027,6.71999979019165,6.739999771118164,8874200,0.0,0.0
2025-03-26 00:00:00-04:00,6.769999980926514,6.820000171661377,6.690000057220459,6.710000038146973,9570200,0.0,0.0
2025-03-27 00:00:00-04:00,6.710000038146973,6.789999961853027,6.690000057220459,6.730000019073486,7896700,0.0,0.0
2025-03-28 00:00:00-04:00,6.679999828338623,6.710000038146973,6.559999942779541,6.610000133514404,6697800,0.0,0.0
2025-03-31 00:00:00-04:00,6.519999980926514,6.619999885559082,6.5,6.590000152587891,7906100,0.0,0.0
2025-04-01 00:00:00-04:00,6.590000152587891,6.659999847412109,6.539999961853027,6.619999885559082,6857000,0.0,0.0
2025-04-02 00:00:00-04:00,6.559999942779541,6.699999809265137,6.550000190734863,6.679999828338623,10982700,0.0,0.0
2025-04-03 00:00:00-04:00,6.380000114440918,6.449999809265137,6.260000228881836,6.28000020980835,14297800,0.0,0.0
2025-04-04 00:00:00-04:00,5.880000114440918,5.909999847412109,5.710000038146973,5.75,17907100,0.0,0.0
2025-04-07 00:00:00-04:00,5.489999771118164,5.849999904632568,5.420000076293945,5.539999961853027,16609900,0.0,0.0
2025-04-08 00:00:00-04:00,5.789999961853027,5.840000152587891,5.440000057220459,5.510000228881836,19712500,0.0,0.0
2025-04-09 00:00:00-04:00,5.489999771118164,6.090000152587891,5.460000038146973,6.0,19563500,0.0,0.0
2025-04-10 00:00:00-04:00,5.920000076293945,5.920000076293945,5.679999828338623,5.820000171661377,18536100,0.0,0.0
2025-04-11 00:00:00-04:00,5.760000228881836,5.96999979019165,5.75,5.96999979019165,16862100,0.0,0.0
2025-04-14 00:00:00-04:00,6.059999942779541,6.150000095367432,6.03000020980835,6.090000152587891,12961400,0.0,0.0
2025-04-15 00:00:00-04:00,6.110000133514404,6.170000076293945,6.090000152587891,6.099999904632568,14101500,0.0,0.0
2025-04-16 00:00:00-04:00,6.099999904632568,6.150000095367432,6.019999980926514,6.050000190734863,7575000,0.0,0.0
2025-04-17 00:00:00-04:00,6.090000152587891,6.190000057220459,6.070000171661377,6.099999904632568,9614600,0.0,0.0
2025-04-21 00:00:00-04:00,6.070000171661377,6.139999866485596,6.010000228881836,6.059999942779541,5462300,0.0,0.0
2025-04-22 00:00:00-04:00,6.199999809265137,6.300000190734863,6.190000057220459,6.239999771118164,11390200,0.0,0.0
2025-04-23 00:00:00-04:00,6.369999885559082,6.429999828338623,6.309999942779541,6.360000133514404,15146200,0.0,0.0
2025-04-24 00:00:00-04:00,6.409999847412109,6.46999979019165,6.380000114440918,6.440000057220459,11781200,0.0,0.0
2025-04-25 00:00:00-04:00,6.429999828338623,6.5,6.420000076293945,6.449999809265137,10050000,0.0,0.0
2025-04-28 00:00:00-04:00,6.480000019073486,6.550000190734863,6.449999809265137,6.53000020980835,16252700,0.0,0.0
2025-04-29 00:00:00-04:00,6.489999771118164,6.550000190734863,6.480000019073486,6.519999980926514,20555100,0.0,0.0
2025-04-30 00:00:00-04:00,6.309999942779541,6.440000057220459,6.230000019073486,6.429999828338623,13300600,0.0,0.0
2025-05-01 00:00:00-04:00,6.429999828338623,6.570000171661377,6.429999828338623,6.440000057220459,8993400,0.0,0.0
2025-05-02 00:00:00-04:00,6.559999942779541,6.599999904632568,6.53000020980835,6.570000171661377,11102500,0.0,0.0
2025-05-05 00:00:00-04:00,6.619999885559082,6.699999809265137,6.610000133514404,6.650000095367432,11877900,0.0,0.0
2025-05-06 00:00:00-04:00,6.650000095367432,6.690000057220459,6.619999885559082,6.639999866485596,12850200,0.0,0.0
2025-05-07 00:00:00-04:00,6.699999809265137,6.78000020980835,6.659999847412109,6.699999809265137,13900200,0.0,0.0
2025-05-08 00:00:00-04:00,6.71999979019165,6.730000019073486,6.610000133514404,6.619999885559082,22097200,0.0,0.0
2025-05-09 00:00:00-04:00,6.679999828338623,6.739999771118164,6.659999847412109,6.710000038146973,15613100,0.0,0.0
2025-05-12 00:00:00-04:00,6.78000020980835,6.800000190734863,6.730000019073486,6.760000228881836,18805500,0.0,0.0
2025-05-13 00:00:00-04:00,6.730000019073486,6.769999980926514,6.699999809265137,6.730000019073486,24507900,0.0,0.0
2025-05-14 00:00:00-04:00,6.809999942779541,6.869999885559082,6.800000190734863,6.820000171661377,11146800,0.0,0.0
2025-05-15 00:00:00-04:00,6.849999904632568,6.989999771118164,6.849999904632568,6.96999979019165,10563900,0.0,0.0
2025-05-16 00:00:00-04:00,6.849999904632568,6.929999828338623,6.820000171661377,6.909999847412109,14529300,0.0,0.0
2025-05-19 00:00:00-04:00,6.880000114440918,7.03000020980835,6.869999885559082,7.010000228881836,16079300,0.0,0.0
2025-05-20 00:00:00-04:00,7.039999961853027,7.070000171661377,7.0,7.03000020980835,7999000,0.0,0.0
2025-05-21 00:00:00-04:00,7.059999942779541,7.090000152587891,6.960000038146973,6.980000019073486,18653100,0.0,0.0
2025-05-22 00:00:00-04:00,6.960000038146973,7.019999980926514,6.909999847412109,6.96999979019165,13458400,0.0,0.0
2025-05-23 00:00:00-04:00,6.809999942779541,6.980000019073486,6.800000190734863,6.949999809265137,13969300,0.0,0.0
2025-05-27 00:00:00-04:00,7.039999961853027,7.110000133514404,7.03000020980835,7.070000171661377,9063300,0.0,0.0
2025-05-28 00:00:00-04:00,7.03000020980835,7.079999923706055,7.019999980926514,7.03000020980835,11533300,0.0,0.0
2025-05-29 00:00:00-04:00,7.130000114440918,7.150000095367432,7.059999942779541,7.130000114440918,17110800,0.0,0.0
2025-05-30 00:00:00-04:00,7.119999885559082,7.210000038146973,7.110000133514404,7.190000057220459,16178200,0.0,0.0
2025-06-02 00:00:00-04:00,7.210000038146973,7.320000171661377,7.170000076293945,7.320000171661377,17022900,0.0,0.0
2025-06-03 00:00:00-04:00,7.230000019073486,7.269999980926514,7.199999809265137,7.210000038146973,12796400,0.0,0.0
2025-06-04 00:00:00-04:00,7.21999979019165,7.239999771118164,7.110000133514404,7.139999866485596,11736800,0.0,0.0
2025-06-05 00:00:00-04:00,7.150000095367432,7.210000038146973,7.150000095367432,7.190000057220459,13179000,0.0,0.0
2025-06-06 00:00:00-04:00,7.21999979019165,7.260000228881836,7.210000038146973,7.25,9939900,0.0,0.0
2025-06-09 00:00:00-04:00,7.25,7.289999961853027,7.230000019073486,7.260000228881836,9783300,0.0,0.0
2025-06-10 00:00:00-04:00,7.239999771118164,7.269999980926514,7.199999809265137,7.210000038146973,10955500,0.0,0.0
2025-06-11 00:00:00-04:00,7.25,7.269999980926514,7.179999828338623,7.199999809265137,7738400,0.0,0.0
2025-06-12 00:00:00-04:00,7.039999961853027,7.110000133514404,7.019999980926514,7.090000152587891,8845900,0.0,0.0
2025-06-13 00:00:00-04:00,6.960000038146973,7.010000228881836,6.920000076293945,6.940000057220459,11898800,0.0,0.0
2025-06-16 00:00:00-04:00,7.010000228881836,7.079999923706055,7.0,7.019999980926514,8818800,0.0,0.0
2025-06-17 00:00:00-04:00,6.75,6.760000228881836,6.670000076293945,6.679999828338623,10036200,0.0,0.0
2025-06-18 00:00:00-04:00,6.699999809265137,6.760000228881836,6.679999828338623,6.710000038146973,7961200,0.0,0.0
2025-06-20 00:00:00-04:00,6.760000228881836,6.760000228881836,6.710000038146973,6.730000019073486,6801200,0.0,0.0
2025-06-23 00:00:00-04:00,6.650000095367432,6.769999980926514,6.639999866485596,6.760000228881836,7332100,0.0,0.0
2025-06-24 00:00:00-04:00,6.889999866485596,6.920000076293945,6.860000133514404,6.900000095367432,6627500,0.0,0.0
2025-06-25 00:00:00-04:00,6.889999866485596,6.900000095367432,6.849999904632568,6.880000114440918,4393700,0.0,0.0
2025-06-26 00:00:00-04:00,6.96999979019165,7.03000020980835,6.949999809265137,7.019999980926514,4640200,0.0,0.0
2025-06-27 00:00:00-04:00,7.300000190734863,7.309999942779541,7.179999828338623,7.239999771118164,11666000,0.0,0.0
2025-06-30 00:00:00-04:00,7.139999866485596,7.25,7.139999866485596,7.239999771118164,11128400,0.0,0.0
2025-07-01 00:00:00-04:00,7.25,7.309999942779541,7.21999979019165,7.260000228881836,13148900,0.0,0.0
2025-07-02 00:00:00-04:00,7.210000038146973,7.21999979019165,7.150000095367432,7.199999809265137,10005500,0.0,0.0
2025-07-03 00:00:00-04:00,7.269999980926514,7.320000171661377,7.260000228881836,7.28000020980835,7030100,0.0,0.0
