Date,Open,High,Low,Close,Volume,Dividends,Stock Splits
2020-07-06 00:00:00+01:00,709.7603576660156,721.7563073730469,689.7671081542968,699.7637329101562,22936,0.0,0.0
2020-07-07 00:00:00+01:00,694.7653994729333,719.7569606050532,692.2762497465027,704.7620239257812,33418,0.0,0.0
2020-07-08 00:00:00+01:00,704.7620705997242,699.7637580422794,671.7732077205882,679.7705078125,104687,0.0,0.0
2020-07-09 00:00:00+01:00,679.7704833984375,699.7637329101562,672.0240754455327,699.7637329101562,29553,0.0,0.0
2020-07-10 00:00:00+01:00,689.76708984375,699.7637143342391,676.7714780061141,689.76708984375,62333,0.0,0.0
2020-07-13 00:00:00+01:00,689.7671081542968,699.7637329101562,679.7704833984375,699.7637329101562,3469,0.0,0.0
2020-07-14 00:00:00+01:00,689.76708984375,699.7637143342391,676.7714780061141,689.76708984375,398734,0.0,0.0
2020-07-15 00:00:00+01:00,734.7519667776007,779.7367810701069,709.7804160572197,759.7435302734375,126846,0.0,0.0
2020-07-16 00:00:00+01:00,754.7452175742702,777.73745599044,740.7499420166016,759.7435302734375,683934,0.0,0.0
2020-07-17 00:00:00+01:00,759.7434253085191,799.7299213773886,749.7468012913018,784.7349853515625,24100,0.0,0.0
2020-07-20 00:00:00+01:00,789.7334159851074,805.2281855392456,772.7391526031495,799.7300415039062,641671,0.0,0.0
2020-07-21 00:00:00+01:00,794.731686062283,819.7232485170717,779.7367485894098,809.7266235351562,154308,0.0,0.0
2020-07-22 00:00:00+01:00,809.7265811082793,827.7205051329078,759.7434588176449,819.7232055664062,114721,0.0,0.0
2020-07-23 00:00:00+01:00,804.7284053205008,829.719970703125,799.730092243976,829.719970703125,106778,0.0,0.0
2020-07-24 00:00:00+01:00,814.7249755859375,822.2224446864216,804.7283501186254,814.7249755859375,625125,0.0,0.0
2020-07-27 00:00:00+01:00,814.7249755859375,821.722613413056,799.7300373849694,814.7249755859375,19584,0.0,0.0
2020-07-28 00:00:00+01:00,814.7250078238693,824.7216336867389,804.7283819609997,815.7246704101562,100108,0.0,0.0
2020-07-29 00:00:00+01:00,814.7249287115434,829.7198660497926,804.7283038193772,805.7279663085938,16601,0.0,0.0
2020-07-30 00:00:00+01:00,814.7249755859375,819.7232883195936,803.7286875718942,814.7249755859375,28144,0.0,0.0
2020-07-31 00:00:00+01:00,814.724936026114,829.7198734989873,799.7299985532408,809.7266235351562,70255,0.0,0.0
2020-08-03 00:00:00+01:00,814.7250314735505,829.719970703125,810.7263810123306,829.719970703125,6878,0.0,0.0
2020-08-04 00:00:00+01:00,819.7232594209559,849.713134765625,809.5246761204565,849.713134765625,12921,0.0,0.0
2020-08-05 00:00:00+01:00,824.721622467041,879.7030639648438,822.7222973216664,879.7030639648438,171229,0.0,0.0
2020-08-06 00:00:00+01:00,854.7115905761718,899.6964111328125,839.716650390625,899.6964111328125,242217,0.0,0.0
2020-08-07 00:00:00+01:00,887.7003173828125,899.6962676177154,876.4591172313536,887.7003173828125,11579,0.0,0.0
2020-08-10 00:00:00+01:00,887.7003136676291,919.6895141601562,879.7030135444973,919.6895141601562,191112,0.0,0.0
2020-08-11 00:00:00+01:00,909.693037923177,919.6896647135417,899.6964111328125,899.6964111328125,12330,0.0,0.0
2020-08-12 00:00:00+01:00,899.6962461366759,919.6894960508242,899.6962461366759,909.69287109375,92909,0.0,0.0
2020-08-13 00:00:00+01:00,909.69287109375,919.6894960508242,909.69287109375,909.69287109375,180963,0.0,0.0
2020-08-14 00:00:00+01:00,914.6912231445312,925.6875110730447,899.6962850601947,914.6912231445312,40639,0.0,0.0
2020-08-17 00:00:00+01:00,914.6912231445312,919.6895358393101,904.0248409379498,914.6912231445312,4190,0.0,0.0
2020-08-18 00:00:00+01:00,914.6911555323107,927.686767578125,899.6962185563713,927.686767578125,12488,0.0,0.0
2020-08-19 00:00:00+01:00,914.6912231445312,929.6861612288678,899.6962850601947,914.6912231445312,5804,0.0,0.0
2020-08-20 00:00:00+01:00,914.6912231445312,919.1897045698322,902.695272677062,914.6912231445312,7632,0.0,0.0
2020-08-21 00:00:00+01:00,914.6912231445312,916.2406878770008,867.70708381361,914.6912231445312,5491,0.0,0.0
2020-08-24 00:00:00+01:00,914.6912231445312,916.2406878770008,867.70708381361,914.6912231445312,28026,0.0,0.0
2020-08-25 00:00:00+01:00,914.6912231445312,908.2433875653546,899.6962850601947,914.6912231445312,11300,0.0,0.0
2020-08-26 00:00:00+01:00,904.6945190429688,905.6941814949499,899.6962067830628,904.6945190429688,17455,0.0,0.0
2020-08-27 00:00:00+01:00,904.6945190429688,908.2433085445912,899.6962067830628,904.6945190429688,29012,0.0,0.0
2020-08-28 00:00:00+01:00,904.6945190429688,909.6928313028747,901.6955316870252,904.6945190429688,1722,0.0,0.0
2020-09-01 00:00:00+01:00,904.6945838499605,909.6928964679162,889.6996459960938,889.6996459960938,6113,0.0,0.0
2020-09-02 00:00:00+01:00,914.6912015831989,929.686139314071,899.6962638523268,919.6895141601562,43932,0.0,0.0
2020-09-03 00:00:00+01:00,924.6877418680394,946.6803151881442,873.7049582623421,939.6826782226562,20054,0.0,0.0
2020-09-04 00:00:00+01:00,939.6827644679857,946.1805708180303,899.6962638523268,919.6895141601562,21930,0.0,0.0
2020-09-07 00:00:00+01:00,919.6895141601562,939.6827644679857,919.6895141601562,919.6895141601562,9945,0.0,0.0
2020-09-08 00:00:00+01:00,919.6895105698529,953.6780359604779,899.6962603400735,934.6844482421875,6226,0.0,0.0
2020-09-09 00:00:00+01:00,934.6844482421875,949.6793859145221,929.4562328317586,934.6844482421875,32203,0.0,0.0
2020-09-10 00:00:00+01:00,919.6894890980499,937.6834138847508,846.0663359203293,922.6884765625,3966809,0.0,0.0
2020-09-11 00:00:00+01:00,922.6884170207571,942.2817761183023,922.6884170207571,939.6826782226562,111917,0.0,0.0
2020-09-14 00:00:00+01:00,949.6793369391025,989.6658353365384,945.6806870993589,974.6708984375,16186,0.0,0.0
2020-09-15 00:00:00+01:00,974.6709732055664,1009.6591619873046,967.7832836847529,999.6625366210938,104113,0.0,0.0
2020-09-16 00:00:00+01:00,999.6623918121936,1039.6488874846814,999.6623918121936,1019.6556396484375,6133,0.0,0.0
2020-09-17 00:00:00+01:00,1019.6556396484375,1039.6488874846814,1009.4070866522032,1019.6556396484375,270716,0.0,0.0
2020-09-18 00:00:00+01:00,1019.6558617568597,1039.6491139481707,1010.6588982707698,1024.6541748046875,7208,0.0,0.0
2020-09-21 00:00:00+01:00,1024.654031401699,1038.1494747421116,1009.659094356796,1029.65234375,35752,0.0,0.0
2020-09-22 00:00:00+01:00,1019.655719053398,1034.1408184764455,999.6624696601941,1029.65234375,12234,0.0,0.0
2020-09-23 00:00:00+01:00,1019.6556433475379,1029.6522673019256,959.6758996212121,989.665771484375,221132,0.0,0.0
2020-09-24 00:00:00+01:00,989.6659328134814,1034.650747941367,976.6703195543145,994.6642456054688,16577,0.0,0.0
2020-09-25 00:00:00+01:00,994.6642239379883,1029.6524127197265,999.6625366210938,999.6625366210938,24861,0.0,0.0
2020-09-28 00:00:00+01:00,989.6659371512277,989.6659371512277,959.6760602678571,979.6693115234375,6855,0.0,0.0
2020-09-29 00:00:00+01:00,979.6692875657127,1199.595045998832,959.6760367990655,1069.638916015625,93321,0.0,0.0
2020-09-30 00:00:00+01:00,1092.1313010992005,1129.6186455305233,1069.638894440407,1074.63720703125,11238,0.0,0.0
2020-10-01 00:00:00+01:00,1139.6152030174885,1169.6050767811066,1079.6354554902523,1089.632080078125,458301,0.0,0.0
2020-10-02 00:00:00+01:00,1089.632158868963,1099.6287841796875,1084.633846213601,1099.6287841796875,9230,0.0,0.0
2020-10-05 00:00:00+01:00,1074.63720703125,1099.6287699854652,1087.6328197674418,1074.63720703125,75385,0.0,0.0
2020-10-06 00:00:00+01:00,1074.6370607668216,1119.6218679617118,1089.6319964984516,1109.625244140625,24920,0.0,0.0
2020-10-07 00:00:00+01:00,1114.6239143055157,1129.6188548567109,1069.6390926519298,1084.634033203125,34262,0.0,0.0
2020-10-08 00:00:00+01:00,1084.633867655715,1189.5984354933648,1089.6321804098886,1094.6304931640625,5943,0.0,0.0
2020-10-09 00:00:00+01:00,1094.6305276502942,1139.615343855101,1101.6281657265974,1114.623779296875,28003,0.0,0.0
2020-10-12 00:00:00+01:00,1114.6235940308698,1129.6185302734375,1114.6235940308698,1129.6185302734375,19655,0.0,0.0
2020-10-13 00:00:00+01:00,1114.623779296875,1139.615343855101,1114.623779296875,1114.623779296875,123564,0.0,0.0
2020-10-14 00:00:00+01:00,1114.6235940308698,1149.6117785968613,1109.625281950014,1129.6185302734375,174033,0.0,0.0
2020-10-15 00:00:00+01:00,1142.1144910254332,1179.6018375579968,1109.6254573638782,1144.6136474609375,5496,0.0,0.0
2020-10-16 00:00:00+01:00,1144.613736436632,1174.6036159939235,1108.126049641927,1124.6204833984375,57955,0.0,0.0
2020-10-19 00:00:00+01:00,1124.6203831263952,1139.6153215680804,1110.6251072474888,1119.6220703125,12916,0.0,0.0
2020-10-20 00:00:00+01:00,1119.6220922085201,1129.6187180318104,1104.6271534735845,1114.623779296875,18614,0.0,0.0
2020-10-21 00:00:00+01:00,1114.623722145774,1119.6220348011364,1079.6355335582386,1099.6287841796875,59759,0.0,0.0
2020-10-22 00:00:00+01:00,1099.6288059182364,1119.6220569349316,1091.6315055115583,1094.6304931640625,23904,0.0,0.0
2020-10-23 00:00:00+01:00,1094.6304931640625,1104.6271186724102,1092.631168062393,1094.6304931640625,44065,0.0,0.0
2020-10-26 00:00:00+00:00,1094.630329114819,1109.6252651300906,1092.6310043127828,1104.626953125,40522,0.0,0.0
2020-10-27 00:00:00+00:00,1104.6270968350498,1109.625409490412,1089.632158868963,1099.6287841796875,35361,0.0,0.0
2020-10-28 00:00:00+00:00,1094.630487882174,1109.6254260723408,1033.6510725754958,1039.6490478515625,24061,0.0,0.0
2020-10-29 00:00:00+00:00,1049.6455288389652,1069.6387770073266,1029.6522806706041,1044.647216796875,8933,0.0,0.0
2020-10-30 00:00:00+00:00,1044.6475603376116,1069.6391287667411,1039.3883483446496,1049.6458740234375,15063,0.0,0.0
2020-11-02 00:00:00+00:00,1049.6456652489778,1099.6287921655958,999.6625383323599,1069.638916015625,69014,0.0,0.0
2020-11-03 00:00:00+00:00,1069.6388730649596,1099.628748010706,1029.6523731372974,1079.635498046875,29366,0.0,0.0
2020-11-04 00:00:00+00:00,1054.6439208984375,1079.6354830050354,1047.146452266458,1054.6439208984375,8257,0.0,0.0
2020-11-05 00:00:00+00:00,1054.6439208984375,1079.6354830050354,1039.3900378591359,1054.6439208984375,120016,0.0,0.0
2020-11-06 00:00:00+00:00,1054.6439208984375,1074.637170583716,1049.6456084771178,1054.6439208984375,29952,0.0,0.0
2020-11-09 00:00:00+00:00,1054.6439702814275,1099.6287841796875,1029.6524070046164,1099.6287841796875,31647,0.0,0.0
2020-11-10 00:00:00+00:00,1074.6372209028764,1099.6287841796875,1059.3773577225616,1099.6287841796875,23764,0.0,0.0
2020-11-11 00:00:00+00:00,1074.6371612548828,1249.5780944824219,1079.6354736328124,1199.594970703125,189573,0.0,0.0
2020-11-12 00:00:00+00:00,1219.5881173999737,1249.5779891393174,1169.604997834401,1194.5965576171875,46110,0.0,0.0
2020-11-13 00:00:00+00:00,1194.5966583251952,1205.3950143389404,1169.6050964355468,1199.594970703125,38543,0.0,0.0
2020-11-16 00:00:00+00:00,1184.599933704073,1199.5948695737447,1169.604997834401,1194.5965576171875,37719,0.0,0.0
2020-11-17 00:00:00+00:00,1184.6000181806849,1249.5780782496674,1169.6050812416888,1174.6033935546875,36853,0.0,0.0
2020-11-18 00:00:00+00:00,1174.6033935546875,1189.5983304936835,1164.6067689286901,1174.6033935546875,39223,0.0,0.0
2020-11-19 00:00:00+00:00,1174.6034440837923,1249.5781320040344,1159.6085064997437,1219.5882568359375,49462,0.0,0.0
2020-11-20 00:00:00+00:00,1219.5882202148437,1249.5780944824219,1190.5980084228515,1199.594970703125,75455,0.0,0.0
2020-11-23 00:00:00+00:00,1199.5950576006355,1219.5883085606463,1172.104337530621,1179.601806640625,47522,0.0,0.0
2020-11-24 00:00:00+00:00,1179.6018198100364,1219.5883221764782,1149.6119430352048,1204.5933837890625,179459,0.0,0.0
2020-11-25 00:00:00+00:00,1204.5932405329934,1214.5898649357566,1196.5959410107826,1209.591552734375,97032,0.0,0.0
2020-11-26 00:00:00+00:00,1209.5916965848678,1204.5933837890625,1179.6018198100364,1204.5933837890625,86084,0.0,0.0
2020-11-27 00:00:00+00:00,1194.5967581974521,1219.5883221764782,1174.6035070142311,1204.5933837890625,45466,0.0,0.0
2020-11-30 00:00:00+00:00,1204.5932562824203,1234.5831298828125,1149.611821348368,1234.5831298828125,1273295,0.0,0.0
2020-12-01 00:00:00+00:00,1174.6034782163558,1239.58154296875,1149.6119148500504,1239.58154296875,73082,0.0,0.0
2020-12-02 00:00:00+00:00,1224.586669921875,1249.5782346141582,1149.6119758450254,1224.586669921875,47491,0.0,0.0
2020-12-03 00:00:00+00:00,1279.5680583003953,1319.5545601222827,1259.5748073894515,1264.5731201171875,50597,0.0,0.0
2020-12-04 00:00:00+00:00,1269.5714036207933,1299.561279296875,1249.578153170072,1299.561279296875,87862,0.0,0.0
2020-12-07 00:00:00+00:00,1289.5646115368559,1349.544360910663,1259.5747368499522,1309.557861328125,11485,0.0,0.0
2020-12-08 00:00:00+00:00,1314.5560550689697,1314.5560550689697,1259.5746231079102,1279.56787109375,138341,0.0,0.0
2020-12-09 00:00:00+00:00,1284.56640625,1299.561344844358,1269.571467655642,1284.56640625,16104,0.0,0.0
2020-12-10 00:00:00+00:00,1274.5697237750676,1299.5612869863435,1219.5882847102607,1269.5714111328125,61535,0.0,0.0
2020-12-11 00:00:00+00:00,1259.5747570600665,1299.5612572841958,1199.595006723873,1219.5882568359375,29589,0.0,0.0
2020-12-14 00:00:00+00:00,1209.5916669291835,1249.5781683152723,1189.5984162361392,1239.58154296875,50909,0.0,0.0
2020-12-15 00:00:00+00:00,1234.5832302954889,1249.5781683152723,1219.5882922757057,1239.58154296875,16016,0.0,0.0
2020-12-16 00:00:00+00:00,1239.58154296875,1244.5798556420111,1229.5849176222277,1239.58154296875,6654,0.0,0.0
2020-12-17 00:00:00+00:00,1239.5815352792815,1299.5612869863435,1234.5832226370262,1269.5714111328125,216789,0.0,0.0
2020-12-18 00:00:00+00:00,1274.5697021484375,1299.5612649356617,1249.5781393612133,1274.5697021484375,30405,0.0,0.0
2020-12-21 00:00:00+00:00,1264.5728968060207,1309.5577034117684,1219.5880902002727,1259.5745849609375,38842,0.0,0.0
2020-12-22 00:00:00+00:00,1289.5645751953125,1309.5578244231467,1269.5713259674783,1289.5645751953125,19657,0.0,0.0
2020-12-23 00:00:00+00:00,1289.5646540715145,1354.542718036358,1269.5714036207933,1299.561279296875,16675,0.0,0.0
2020-12-24 00:00:00+00:00,1289.5645751953125,1304.5595121161882,1269.5713259674783,1289.5645751953125,32315,0.0,0.0
2020-12-29 00:00:00+00:00,1289.5646540715145,1319.5545297475962,1269.5714036207933,1299.561279296875,74578,0.0,0.0
2020-12-30 00:00:00+00:00,1299.561279296875,1319.5545297475962,1259.5747783954328,1299.561279296875,25434,0.0,0.0
2020-12-31 00:00:00+00:00,1279.5680288461538,1319.5545297475962,1249.578153170072,1299.561279296875,11466,0.0,0.0
2021-01-04 00:00:00+00:00,1299.5612301043611,1364.539291609579,1299.5612301043611,1339.5477294921875,27051,0.0,0.0
2021-01-05 00:00:00+00:00,1324.552734375,1349.5442954009434,1305.559147995283,1324.552734375,35985,0.0,0.0
2021-01-06 00:00:00+00:00,1319.5543389869888,1349.5442103276023,1259.574596305762,1344.5458984375,13850,0.0,0.0
2021-01-07 00:00:00+00:00,1324.5527922217525,1349.544354339144,1034.6506716600104,1339.5477294921875,150492,0.0,0.0
2021-01-08 00:00:00+00:00,1339.5479938314973,1399.5277547493256,1339.5479938314973,1389.5311279296875,39742,0.0,0.0
2021-01-11 00:00:00+00:00,1364.5393143774756,1449.510626994388,1369.537626884353,1419.520751953125,59855,0.0,0.0
2021-01-12 00:00:00+00:00,1449.5107252580406,1449.5107252580406,1329.5512169608235,1369.5377197265625,87613,0.0,0.0
2021-01-13 00:00:00+00:00,1359.5411066308243,1429.5174871191757,1349.5444808467741,1394.529296875,28525,0.0,0.0
2021-01-14 00:00:00+00:00,1424.519027709961,1474.5021514892578,1379.5342163085936,1399.5274658203125,40337,0.0,0.0
2021-01-15 00:00:00+00:00,1444.5122334365303,1469.5037945686502,1409.5240478515625,1409.5240478515625,57952,0.0,0.0
2021-01-18 00:00:00+00:00,1434.515711268772,1484.4988370969525,1379.5342728577739,1414.5224609375,36072,0.0,0.0
2021-01-19 00:00:00+00:00,1414.5223600779864,1449.5105456629544,1289.564554417387,1409.5240478515625,14328,0.0,0.0
2021-01-20 00:00:00+00:00,1409.5240531589673,1449.5105511209238,1379.5341796875,1379.5341796875,17073,0.0,0.0
2021-01-21 00:00:00+00:00,1409.524148354682,1474.5022119313162,1389.53089802341,1414.5224609375,19948,0.0,0.0
2021-01-22 00:00:00+00:00,1424.5192649147727,1474.5023970170455,1399.5276988636363,1429.517578125,75058,0.0,0.0
2021-01-25 00:00:00+00:00,1429.5172617966155,1504.491943359375,1409.5240133798795,1504.491943359375,15719,0.0,0.0
2021-01-26 00:00:00+00:00,1434.5156776501349,1564.4718017578125,1409.5241153217353,1564.4718017578125,30314,0.0,0.0
2021-01-27 00:00:00+00:00,1439.5142155283506,1479.500721515249,1399.527709541452,1454.5091552734375,118667,0.0,0.0
2021-01-28 00:00:00+00:00,1454.5088313013623,1479.2504763698907,1429.5172706260812,1444.51220703125,49494,0.0,0.0
2021-01-29 00:00:00+00:00,1444.5121859846442,1459.507122171336,1429.5172497979524,1449.510498046875,17331,0.0,0.0
2021-02-01 00:00:00+00:00,1444.5124164782073,1459.5073550575657,1399.5276007401317,1424.5191650390625,65632,0.0,0.0
2021-02-02 00:00:00+00:00,1424.519047170826,1479.5004840791737,1409.5241098321858,1452.009765625,39936,0.0,0.0
2021-02-03 00:00:00+00:00,1452.0096540779903,1474.5020583580279,1419.5206256734914,1449.510498046875,242141,0.0,0.0
2021-02-04 00:00:00+00:00,1444.5121859846442,1459.507122171336,1399.5273774245688,1449.510498046875,17818,0.0,0.0
2021-02-05 00:00:00+00:00,1434.5156038072375,1459.5071648491753,1406.525055440267,1439.513916015625,23659,0.0,0.0
2021-02-08 00:00:00+00:00,1434.515711268772,1459.5072741828621,1379.5342728577739,1414.5224609375,70583,0.0,0.0
2021-02-09 00:00:00+00:00,1414.5224262959248,1479.50048828125,1374.535926612648,1479.50048828125,24010,0.0,0.0
2021-02-10 00:00:00+00:00,1409.5240220858564,1469.503767706531,1389.5307735456315,1444.51220703125,25850,0.0,0.0
2021-02-11 00:00:00+00:00,1429.5174871191757,1459.5063882383395,1394.529296875,1394.529296875,12303,0.0,0.0
2021-02-12 00:00:00+00:00,1424.518989894701,1429.5173021399455,1324.5527449898098,1379.5341796875,26577,0.0,0.0
2021-02-15 00:00:00+00:00,1399.527450284091,1419.5206995738636,1374.535888671875,1374.535888671875,21190,0.0,0.0
2021-02-16 00:00:00+00:00,1387.0318275369623,1399.527609767025,1374.5360453068997,1394.529296875,22786,0.0,0.0
2021-02-17 00:00:00+00:00,1387.03173828125,1399.5275197072071,1374.5359568552929,1387.03173828125,16372,0.0,0.0
2021-02-18 00:00:00+00:00,1387.031663779262,1404.5257568359375,1374.5358830244938,1404.5257568359375,80790,0.0,0.0
2021-02-19 00:00:00+00:00,1387.0316480553668,1409.5240531589673,1349.5443062160325,1379.5341796875,38231,0.0,0.0
2021-02-22 00:00:00+00:00,1379.5341796875,1399.5274286684783,1359.5409307065217,1379.5341796875,15929,0.0,0.0
2021-02-23 00:00:00+00:00,1379.5342582614942,1399.527508381226,1300.5609202885537,1304.5595703125,155713,0.0,0.0
2021-02-24 00:00:00+00:00,1327.0518350601196,1349.5442390441895,1249.5779991149902,1279.56787109375,21622,0.0,0.0
2021-02-25 00:00:00+00:00,1299.5612364324904,1338.548073525465,1279.5679866412213,1309.557861328125,21114,0.0,0.0
2021-02-26 00:00:00+00:00,1327.0519986666166,1344.5460928109976,1249.578153170072,1299.561279296875,46012,0.0,0.0
2021-03-01 00:00:00+00:00,1327.0519174975018,1344.5460105718569,1249.5780767396438,1289.5645751953125,81909,0.0,0.0
2021-03-02 00:00:00+00:00,1274.5697455726593,1279.5680583003953,1239.581556478508,1264.5731201171875,15376,0.0,0.0
2021-03-03 00:00:00+00:00,1264.5730136605196,1299.5611998092297,1249.5780767396438,1289.5645751953125,27440,0.0,0.0
2021-03-04 00:00:00+00:00,1279.5680364173227,1299.5612869863435,1264.5730984905572,1269.5714111328125,11621,0.0,0.0
2021-03-05 00:00:00+00:00,1309.5579655779538,1369.5377197265625,1269.5714628122148,1369.5377197265625,41449,0.0,0.0
2021-03-08 00:00:00+00:00,1354.54295911287,1359.5412726151317,1299.5615105879936,1329.5513916015625,5431,0.0,0.0
2021-03-09 00:00:00+00:00,1329.5513916015625,1359.5412726151317,1308.5584748920642,1329.5513916015625,4692,0.0,0.0
2021-03-10 00:00:00+00:00,1329.551104645231,1359.5409791861007,1324.752675907047,1339.5477294921875,59550,0.0,0.0
2021-03-11 00:00:00+00:00,1334.549417068709,1359.5409791861007,1319.5544797982743,1339.5477294921875,55361,0.0,0.0
2021-03-12 00:00:00+00:00,1347.045344305476,1374.5360656178327,1339.5478748566513,1362.040283203125,14128,0.0,0.0
2021-03-15 00:00:00+00:00,1362.0399972606444,1374.5357770520263,1350.543879852573,1372.03662109375,7784,0.0,0.0
2021-03-16 00:00:00+00:00,1372.036888860887,1409.5242355510752,1369.5377324148747,1394.529296875,15910,0.0,0.0
2021-03-17 00:00:00+00:00,1434.5156365411933,1449.5105735085228,1350.5439895241477,1374.535888671875,23176,0.0,0.0
2021-03-18 00:00:00+00:00,1374.535888671875,1399.527450284091,1354.5426393821024,1374.535888671875,361787,0.0,0.0
2021-03-19 00:00:00+00:00,1377.0350793736582,1399.5274853888359,1309.557861328125,1309.557861328125,78029,0.0,0.0
2021-03-22 00:00:00+00:00,1377.0352555728925,1399.5276644660978,1354.5428466796875,1354.5428466796875,35941,0.0,0.0
2021-03-23 00:00:00+00:00,1377.0350569228256,1399.5274625712927,1302.0603714279348,1314.55615234375,133468,0.0,0.0
2021-03-24 00:00:00+00:00,1349.54443359375,1379.5343098958333,1319.5545572916667,1349.54443359375,33485,0.0,0.0
2021-03-25 00:00:00+00:00,1349.5442954009434,1354.5426076061322,1309.557797759434,1324.552734375,25342,0.0,0.0
2021-03-26 00:00:00+00:00,1324.5528700086807,1349.54443359375,1299.561306423611,1349.54443359375,15221,0.0,0.0
2021-03-29 00:00:00+01:00,1324.5526790618896,1349.5442390441895,1269.57124710083,1279.56787109375,22406,0.0,0.0
2021-03-30 00:00:00+01:00,1284.566570081209,1329.5513916015625,1269.5716295744244,1329.5513916015625,51284,0.0,0.0
2021-03-31 00:00:00+01:00,1284.5662990890387,1309.557861328125,1279.5679866412213,1309.557861328125,40945,0.0,0.0
2021-04-01 00:00:00+01:00,1294.562945252634,1329.5511329621647,1259.5747575431035,1304.5595703125,40873,0.0,0.0
2021-04-06 00:00:00+01:00,1304.5595919095554,1359.5410306490385,1279.5680288461538,1299.561279296875,37523,0.0,0.0
2021-04-07 00:00:00+01:00,1289.5645079880617,1334.54931640625,1279.567883895131,1334.54931640625,487471,0.0,0.0
2021-04-08 00:00:00+01:00,1289.5646540715145,1349.544405423678,1269.5714036207933,1299.561279296875,67061,0.0,0.0
2021-04-09 00:00:00+01:00,1289.5646540715145,1349.544405423678,1264.573091008113,1299.561279296875,56708,0.0,0.0
2021-04-12 00:00:00+01:00,1299.561344844358,1299.561344844358,1269.571467655642,1284.56640625,1095143,0.0,0.0
2021-04-13 00:00:00+01:00,1289.5645905121196,1349.5443389080322,1279.5679657794676,1314.55615234375,40553,0.0,0.0
2021-04-14 00:00:00+01:00,1314.5562445746527,1384.5326226128473,1279.5680555555557,1349.54443359375,81030,0.0,0.0
2021-04-15 00:00:00+01:00,1334.6285630967882,1349.6243896484375,1329.6299542462384,1349.6243896484375,29261,8.0,0.0
2021-04-16 00:00:00+01:00,1314.6339860199191,1429.6019771927638,1289.6409444606052,1409.6075439453125,46375,0.0,0.0
2021-04-19 00:00:00+01:00,1399.6104213169642,1489.585376973055,1389.613204021843,1469.5909423828125,92829,0.0,0.0
2021-04-20 00:00:00+01:00,1459.5937731726694,1489.5854260460806,1449.5965555481991,1474.589599609375,207818,0.0,0.0
2021-04-21 00:00:00+01:00,1469.590893226982,1489.5853271484375,1461.0932588103633,1489.5853271484375,164559,0.0,0.0
2021-04-22 00:00:00+01:00,1474.589502119774,1483.5869973869453,1454.595068192726,1464.59228515625,63907,0.0,0.0
2021-04-23 00:00:00+01:00,1464.5924775094697,1489.5855232007577,1462.5930338541666,1484.5869140625,59191,0.0,0.0
2021-04-26 00:00:00+01:00,1479.588158444816,1499.5825930183946,1459.5937238712374,1494.583984375,128668,0.0,0.0
2021-04-27 00:00:00+01:00,1494.583886961274,1519.576928549255,1489.5852786436776,1509.5797119140625,27156,0.0,0.0
2021-04-28 00:00:00+01:00,1509.5799303556744,1519.9370336440834,1471.5905016447368,1519.5771484375,44711,0.0,0.0
2021-04-29 00:00:00+01:00,1474.5894316655056,1569.56298828125,1469.5908234225717,1569.56298828125,31557,0.0,0.0
2021-04-30 00:00:00+01:00,1552.0679768385496,1649.540844949183,1549.5686725280207,1644.542236328125,57223,0.0,0.0
2021-05-04 00:00:00+01:00,1639.5437717667546,1719.5215167309864,1619.5493355256965,1659.5382080078125,144021,0.0,0.0
2021-05-05 00:00:00+01:00,1669.535380170389,1689.5298158610526,1629.5465087890625,1629.5465087890625,26881,0.0,0.0
2021-05-06 00:00:00+01:00,1649.5409444797258,1679.5325980157209,1622.5484562973304,1629.5465087890625,70040,0.0,0.0
2021-05-07 00:00:00+01:00,1649.5409444797258,1649.5409444797258,1614.550682021065,1629.5465087890625,19269,0.0,0.0
2021-05-10 00:00:00+01:00,1624.5477536829508,1649.5407960473037,1604.5533197914683,1639.5435791015625,72363,0.0,0.0
2021-05-11 00:00:00+01:00,1629.5465473375823,1649.5409835012335,1519.5771484375,1519.5771484375,20016,0.0,0.0
2021-05-12 00:00:00+01:00,1534.5728273080065,1539.571435866013,1529.57421875,1529.57421875,19931,0.0,0.0
2021-05-13 00:00:00+01:00,1534.572751741883,1539.5713600537456,1399.610327321587,1409.6075439453125,105269,0.0,0.0
2021-05-14 00:00:00+01:00,1479.5881101877096,1524.5755865109847,1439.5992423447985,1489.5853271484375,24114,0.0,0.0
2021-05-17 00:00:00+01:00,1474.58959757487,1499.5826416015625,1456.2547346470656,1499.5826416015625,10250,0.0,0.0
2021-05-18 00:00:00+01:00,1499.58249527887,1519.576928549255,1485.1415695453225,1509.5797119140625,7065,0.0,0.0
2021-05-19 00:00:00+01:00,1524.575708974706,1539.5715356203589,1509.5798823290531,1514.5784912109375,19378,0.0,0.0
2021-05-20 00:00:00+01:00,1524.5756585434904,1549.5687021261706,1519.5770498269544,1534.5728759765625,13337,0.0,0.0
2021-05-21 00:00:00+01:00,1534.5728759765625,1549.5687021261706,1519.5770498269544,1534.5728759765625,9571,0.0,0.0
2021-05-24 00:00:00+01:00,1534.5727783203126,1544.5699951171875,1499.58251953125,1524.5755615234375,22961,0.0,0.0
2021-05-25 00:00:00+01:00,1524.575757478413,1529.5743665193258,1499.5827122738488,1519.5771484375,13743,0.0,0.0
2021-05-26 00:00:00+01:00,1524.5756856282553,1540.819211664041,1499.5826416015625,1499.5826416015625,18057,0.0,0.0
2021-05-27 00:00:00+01:00,1549.5685052252434,1616.924749121728,1509.5796405742694,1539.5712890625,116689,0.0,0.0
2021-05-28 00:00:00+01:00,1554.5671133066153,1579.560153713474,1539.5712890625,1539.5712890625,58396,0.0,0.0
2021-06-01 00:00:00+01:00,1559.5657717953823,1579.560204767118,1553.5674419038614,1569.56298828125,66102,0.0,0.0
2021-06-02 00:00:00+01:00,1559.5660400390625,1579.5604764498198,1539.5716036283054,1559.5660400390625,15431,0.0,0.0
2021-06-03 00:00:00+01:00,1559.565989047666,1579.5604248046875,1499.582681776602,1579.5604248046875,77332,0.0,0.0
2021-06-04 00:00:00+01:00,1539.57138671875,1574.5616455078125,1499.58251953125,1549.568603515625,20224,0.0,0.0
2021-06-07 00:00:00+01:00,1524.575757478413,1549.568802682977,1504.5813213147617,1519.5771484375,21957,0.0,0.0
2021-06-08 00:00:00+01:00,1519.577178030303,1539.5716145833335,1474.589695785985,1484.5869140625,30069,0.0,0.0
2021-06-09 00:00:00+01:00,1494.5840658989896,1507.58044908072,1414.6063232421875,1414.6063232421875,10072,0.0,0.0
2021-06-10 00:00:00+01:00,1479.588432416524,1499.582870692423,1439.5995558647262,1459.593994140625,19822,0.0,0.0
2021-06-11 00:00:00+01:00,1469.5912132785745,1499.582870692423,1421.604561416417,1459.593994140625,43825,0.0,0.0
2021-06-14 00:00:00+01:00,1459.593994140625,1482.7874937261213,1421.604561416417,1459.593994140625,12021,0.0,0.0
2021-06-15 00:00:00+01:00,1459.593994140625,1499.582870692423,1399.6106793129281,1459.593994140625,9293,0.0,0.0
2021-06-16 00:00:00+01:00,1449.5967750026755,1489.5856515544735,1445.5978873474958,1459.593994140625,7762,0.0,0.0
2021-06-17 00:00:00+01:00,1449.596435546875,1497.583076171875,1399.6103515625,1449.596435546875,8799,0.0,0.0
2021-06-18 00:00:00+01:00,1449.5966218647204,1519.5771484375,1409.607749537418,1519.5771484375,50166,0.0,0.0
2021-06-21 00:00:00+01:00,1454.5950439453125,1529.574169921875,1479.5880859375,1524.5755615234375,12297,0.0,0.0
2021-06-22 00:00:00+01:00,1504.581273447169,1529.5743178565904,1512.0891937506672,1514.5784912109375,11568,0.0,0.0
2021-06-23 00:00:00+01:00,1514.5783447265626,1539.57138671875,1519.576953125,1524.5755615234375,13243,0.0,0.0
2021-06-24 00:00:00+01:00,1524.5755140948447,1599.5546377388537,1509.579689366043,1569.56298828125,7635,0.0,0.0
2021-06-25 00:00:00+01:00,1539.571480129076,1614.5506106548428,1519.5770453222049,1609.552001953125,8839,0.0,0.0
2021-06-28 00:00:00+01:00,1609.5519770869503,1646.9165765550401,1599.554759837963,1619.5491943359375,308270,0.0,0.0
2021-06-29 00:00:00+01:00,1609.552050327738,1629.546485735536,1579.560397216041,1614.5506591796875,53419,0.0,0.0
2021-06-30 00:00:00+01:00,1614.5506154411391,1619.549224157675,1534.5728759765625,1534.5728759765625,14385,0.0,0.0
2021-07-01 00:00:00+01:00,1597.0554078300045,1609.5519290180325,1574.5616696915536,1589.5574951171875,10494,0.0,0.0
2021-07-02 00:00:00+01:00,1592.0568964004517,1609.552027130127,1569.563156890869,1599.5548095703125,32984,0.0,0.0
2021-07-05 00:00:00+01:00,1584.55908203125,1599.5549093059938,1569.5632547565062,1584.55908203125,6104,0.0,0.0
2021-07-06 00:00:00+01:00,1584.5588623046876,1599.5546875,1489.585302734375,1574.5616455078125,28346,0.0,0.0
2021-07-07 00:00:00+01:00,1574.5617656707764,1599.5548095703125,1529.5742866516114,1599.5548095703125,15684,0.0,0.0
2021-07-08 00:00:00+01:00,1564.564723563731,1579.5605515851084,1529.5744581805166,1554.5675048828125,14146,0.0,0.0
2021-07-09 00:00:00+01:00,1554.5674084907212,1569.5632355822713,1529.5743633381371,1544.5701904296875,8060,0.0,0.0
2021-07-12 00:00:00+01:00,1544.570064968533,1619.5491943359375,1537.5720128942419,1619.5491943359375,24961,0.0,0.0
2021-07-13 00:00:00+01:00,1574.5618673471306,1619.5493492713342,1529.5743854229268,1559.5660400390625,162038,0.0,0.0
2021-07-14 00:00:00+01:00,1649.5408899643842,1699.5269775390625,1599.5548023897059,1699.5269775390625,471596,0.0,0.0
2021-07-15 00:00:00+01:00,1674.5339864402379,1739.5159023319486,1649.5409418665029,1654.53955078125,56957,0.0,0.0
2021-07-16 00:00:00+01:00,1674.5338380372561,1699.5268803960212,1609.551927904467,1664.53662109375,30359,0.0,0.0
2021-07-19 00:00:00+01:00,1674.533941268921,1719.521420288086,1577.064120969409,1599.5548095703125,44358,0.0,0.0
2021-07-20 00:00:00+01:00,1604.5533932514072,1639.5436541634317,1529.5742627256404,1609.552001953125,19430,0.0,0.0
2021-07-21 00:00:00+01:00,1569.5632547565062,1629.546563855481,1539.571600207019,1584.55908203125,11216,0.0,0.0
2021-07-22 00:00:00+01:00,1584.5589813701922,1629.5464603365385,1569.5631550480769,1624.5478515625,90929,0.0,0.0
2021-07-23 00:00:00+01:00,1609.5520705485271,1689.5298131844788,1594.5562438042862,1654.53955078125,17036,0.0,0.0
2021-07-26 00:00:00+01:00,1654.5395534023917,1689.5298158610526,1619.5492909437307,1629.5465087890625,62578,0.0,0.0
2021-07-27 00:00:00+01:00,1644.5421875744332,1659.538012993045,1619.54914521008,1639.5435791015625,23687,0.0,0.0
2021-07-28 00:00:00+01:00,1639.5437856820915,1669.5354402982273,1559.5660400390625,1559.5660400390625,68024,0.0,0.0
2021-07-29 00:00:00+01:00,1644.542236328125,1669.5352794334158,1599.554758738602,1644.542236328125,43199,0.0,0.0
2021-07-30 00:00:00+01:00,1644.54221089681,1679.532470703125,1619.5491681780136,1679.532470703125,197741,0.0,0.0
2021-08-02 00:00:00+01:00,1649.5409444797258,1669.535380170389,1629.5465087890625,1629.5465087890625,18183,0.0,0.0
2021-08-03 00:00:00+01:00,1649.5408438494105,1669.5352783203125,1634.545017996234,1669.5352783203125,69316,0.0,0.0
2021-08-04 00:00:00+01:00,1649.5409898872836,1669.5354261283414,1641.5432153908603,1659.5382080078125,6711,0.0,0.0
2021-08-05 00:00:00+01:00,1649.5409898872836,1669.5354261283414,1641.5432153908603,1659.5382080078125,6465,0.0,0.0
2021-08-06 00:00:00+01:00,1649.5408438494105,1669.5352783203125,1641.5430700610498,1669.5352783203125,27746,0.0,0.0
2021-08-09 00:00:00+01:00,1649.5408438494105,1689.5297127912143,1629.5464093785085,1669.5352783203125,46136,0.0,0.0
2021-08-10 00:00:00+01:00,1674.5338134765625,1739.51572265625,1659.5379882812501,1724.5198974609375,90267,0.0,0.0
2021-08-11 00:00:00+01:00,1724.5199709160383,1739.5157967500909,1709.5241450819858,1719.5213623046875,729339,0.0,0.0
2021-08-12 00:00:00+01:00,1719.5213623046875,1729.5185795273892,1709.5241450819858,1719.5213623046875,172695,0.0,0.0
2021-08-13 00:00:00+01:00,1719.5214589730854,1729.5186767578125,1709.524241188358,1729.5186767578125,14565,0.0,0.0
2021-08-16 00:00:00+01:00,1719.5214125689338,1729.5186300838693,1659.5381074793197,1699.5269775390625,10430,0.0,0.0
2021-08-17 00:00:00+01:00,1709.524241188358,1744.5145034349034,1659.538152264722,1729.5186767578125,133460,0.0,0.0
2021-08-18 00:00:00+01:00,1694.528343869929,1722.9044788410442,1659.538083082054,1709.524169921875,44874,0.0,0.0
2021-08-19 00:00:00+01:00,1684.530935704023,1739.515625,1669.5351113505747,1739.515625,51952,0.0,0.0
2021-08-20 00:00:00+01:00,1719.5213623046875,1739.5157967500909,1704.5255364706352,1719.5213623046875,22832,0.0,0.0
2021-08-23 00:00:00+01:00,1724.5199731152927,1749.5130162039202,1669.5352783203125,1669.5352783203125,22254,0.0,0.0
2021-08-24 00:00:00+01:00,1724.5198974609375,1749.512939453125,1705.525185546875,1724.5198974609375,40990,0.0,0.0
2021-08-25 00:00:00+01:00,1724.5198974609375,1749.512939453125,1717.521845703125,1724.5198974609375,62378,0.0,0.0
2021-08-26 00:00:00+01:00,1734.517256241271,1789.501953125,1709.5242122032123,1789.501953125,34345,0.0,0.0
2021-08-27 00:00:00+01:00,1769.507517894553,1789.501953125,1759.5103002793296,1789.501953125,21266,0.0,0.0
2021-08-31 00:00:00+01:00,1769.507517894553,1799.4991707402235,1749.5130826641062,1789.501953125,107797,0.0,0.0
2021-09-01 00:00:00+01:00,1849.485280188055,1899.4713688417862,1799.4991915343237,1829.4908447265625,31736,0.0,0.0
2021-09-02 00:00:00+01:00,1814.495060199768,1884.4755859375,1799.4992332559682,1884.4755859375,180569,0.0,0.0
2021-09-03 00:00:00+01:00,1829.4908195163891,1879.4769074813178,1826.1567865007596,1839.488037109375,13804,0.0,0.0
2021-09-06 00:00:00+01:00,1839.4879390582885,1879.476807298686,1830.490443704199,1854.4837646484375,102463,0.0,0.0
2021-09-07 00:00:00+01:00,1869.4795645487677,1979.4489506986952,1794.5004376283625,1939.4600830078125,36926,0.0,0.0
2021-09-08 00:00:00+01:00,1934.4615826473057,2145.4028715044537,1899.4713214624708,2139.404541015625,157950,0.0,0.0
2021-09-09 00:00:00+01:00,2119.440029761905,2149.432105654762,2006.6697755895343,2099.4453125,83310,3.0,0.0
2021-09-10 00:00:00+01:00,2124.4384230228893,2299.392175507127,2049.458243386787,2279.3974609375,33915,0.0,0.0
2021-09-13 00:00:00+01:00,2241.407298720379,2292.3938162202626,2169.42633283819,2177.97509765625,25505,0.0,0.0
2021-09-14 00:00:00+01:00,2159.4293129280823,2199.4187446489727,2110.552337400717,2189.42138671875,4385,0.0,0.0
2021-09-15 00:00:00+01:00,2144.4334928385415,2249.40576171875,2099.4453776041664,2249.40576171875,88231,0.0,0.0
2021-09-16 00:00:00+01:00,2239.4084027777776,2249.40576171875,2199.418967013889,2249.40576171875,42284,0.0,0.0
2021-09-17 00:00:00+01:00,2234.4097233072916,2249.40576171875,2199.418967013889,2249.40576171875,13364,0.0,0.0
2021-09-20 00:00:00+01:00,2224.4120955033736,2244.4068109685727,2149.4319125088778,2199.418701171875,11518,0.0,0.0
2021-09-21 00:00:00+01:00,2219.4133879905526,2249.4054608012357,2149.431884765625,2149.431884765625,61571,0.0,0.0
2021-09-22 00:00:00+01:00,2209.415923183404,2249.4053516573117,2059.45556640625,2059.45556640625,29151,0.0,0.0
2021-09-23 00:00:00+01:00,2129.437078857422,2149.4317932128906,1999.471435546875,1999.471435546875,404228,0.0,0.0
2021-09-24 00:00:00+01:00,2049.4581347172802,2079.4502049814355,1979.4766374342512,2019.466064453125,19047,0.0,0.0
2021-09-27 00:00:00+01:00,2024.464922630816,2069.453032022612,1995.0227531885191,2034.4622802734375,29016,0.0,0.0
2021-09-28 00:00:00+01:00,2034.4621856689453,2052.0075963310896,1949.4846496582031,1999.471435546875,419269,0.0,0.0
2021-09-29 00:00:00+01:00,2009.4687076984067,2049.4581347172802,1970.2791180351287,2019.466064453125,19378,0.0,0.0
2021-09-30 00:00:00+01:00,2014.4674928899396,2044.4595647443805,1899.4978841145833,1994.4727783203125,208309,0.0,0.0
2021-10-01 00:00:00+01:00,1974.4779052734375,1999.4712964794303,1949.4845140674445,1974.4779052734375,17217,0.0,0.0
2021-10-04 00:00:00+01:00,1974.477959056892,2049.4581347172802,1949.484567170096,2019.466064453125,20146,0.0,0.0
2021-10-05 00:00:00+01:00,1984.4753997802734,2009.4687927246093,1939.4872924804688,1999.471435546875,9029,0.0,0.0
2021-10-06 00:00:00+01:00,1964.480654672476,1999.471404246795,1899.497834034455,1949.484619140625,8544,0.0,0.0
2021-10-07 00:00:00+01:00,1959.482177734375,1999.4716099330356,1924.4914245605469,1959.482177734375,6155,0.0,0.0
2021-10-08 00:00:00+01:00,1959.481976161859,1999.471404246795,1936.5760444467649,1949.484619140625,21781,0.0,0.0
2021-10-11 00:00:00+01:00,1959.482016509434,1999.4714454177897,1854.509765625,1854.509765625,17224,0.0,0.0
2021-10-12 00:00:00+01:00,1949.484748840332,1999.4715372721355,1909.9951859792075,1919.49267578125,94044,0.0,0.0
2021-10-13 00:00:00+01:00,1964.480654672476,1989.474047225561,1912.994266013121,1949.484619140625,3762,0.0,0.0
2021-10-14 00:00:00+01:00,1944.4861029730903,2059.4557183159723,1899.4979926215278,2024.4649658203125,13930,0.0,0.0
2021-10-15 00:00:00+01:00,2024.4649147211119,2149.431884765625,1999.4715207122094,2149.431884765625,28557,0.0,0.0
2021-10-18 00:00:00+01:00,2074.4518536686346,2199.4188328052996,2099.445249495968,2169.4267578125,58251,0.0,0.0
2021-10-19 00:00:00+01:00,2154.4305635674054,2164.427921170967,2119.439811954942,2149.431884765625,39898,0.0,0.0
2021-10-20 00:00:00+01:00,2139.434527162064,2159.429242369186,2119.439811954942,2149.431884765625,47671,0.0,0.0
2021-10-21 00:00:00+01:00,2144.4332492150993,2159.429285922897,2119.439854702103,2139.4345703125,30794,0.0,0.0
2021-10-22 00:00:00+01:00,2134.436067708333,2139.4347470238095,2099.4453125,2099.4453125,5451,0.0,0.0
2021-10-25 00:00:00+01:00,2119.4397400770144,2129.4370973415284,2099.445025547986,2109.4423828125,4718,0.0,0.0
2021-10-26 00:00:00+01:00,2104.4435445247086,2109.4422227777363,2049.458083741403,2089.447509765625,11865,0.0,0.0
2021-10-27 00:00:00+01:00,2069.4526332801497,2229.4103247414173,2067.4531621368837,2129.436767578125,22345,0.0,0.0
2021-10-28 00:00:00+01:00,2119.4395962618205,2139.4343094341016,2099.444883089539,2114.44091796875,14381,0.0,0.0
2021-10-29 00:00:00+01:00,2114.4413504464287,2124.288846328372,2099.4453125,2099.4453125,5157,0.0,0.0
2021-11-01 00:00:00+00:00,2094.4461880186527,2124.2883948196636,2059.4554402474582,2089.447509765625,22925,0.0,0.0
2021-11-02 00:00:00+00:00,2089.4479538690475,2684.2907924107144,2059.4558779761905,2099.4453125,6561,0.0,0.0
2021-11-03 00:00:00+00:00,2084.4488315125973,2099.444866271681,2059.4554402474582,2089.447509765625,124638,0.0,0.0
2021-11-04 00:00:00+00:00,2079.450439453125,2099.445155217097,2069.4530815711387,2079.450439453125,91281,0.0,0.0
2021-11-05 00:00:00+00:00,2074.45166015625,2099.4450536521085,2069.4529814570783,2074.45166015625,5941,0.0,0.0
2021-11-08 00:00:00+00:00,2074.451760512132,2094.446476276104,2049.4583658071665,2079.450439453125,33370,0.0,0.0
2021-11-09 00:00:00+00:00,2074.4519159226193,2109.4426711309525,2050.958123139881,2099.4453125,11920,0.0,0.0
2021-11-10 00:00:00+00:00,2064.454533870046,2079.4505716463414,2049.45849609375,2049.45849609375,16122,0.0,0.0
2021-11-11 00:00:00+00:00,2059.45556640625,2069.452923524727,2050.457944999621,2059.45556640625,18381,0.0,0.0
2021-11-12 00:00:00+00:00,2059.455280985809,2089.4473481846317,2049.4579252528683,2069.45263671875,64762,0.0,0.0
2021-11-15 00:00:00+00:00,2099.445155217097,2149.4319446270283,2049.4583658071665,2079.450439453125,7716,0.0,0.0
2021-11-16 00:00:00+00:00,2079.4503388554217,2109.442411050452,2049.4582666603915,2074.45166015625,8917,0.0,0.0
2021-11-17 00:00:00+00:00,2074.4516020839656,2089.4476377616807,2049.458209287773,2059.45556640625,41609,0.0,0.0
2021-11-18 00:00:00+00:00,2074.4519159226193,2099.4453125,1999.4717261904761,2099.4453125,31042,0.0,0.0
2021-11-19 00:00:00+00:00,2049.458049699372,2099.4448313993566,1999.4712679993872,2039.460693359375,24828,0.0,0.0
2021-11-22 00:00:00+00:00,2039.4608642578125,2061.455050048828,1950.4843853759767,1999.471435546875,7626,0.0,0.0
2021-11-23 00:00:00+00:00,1974.4781208781453,1999.4715148133118,1778.1349972761761,1924.4913330078125,130507,0.0,0.0
2021-11-24 00:00:00+00:00,1924.4913330078125,1939.4873693689124,1899.4979390726462,1924.4913330078125,26187,0.0,0.0
2021-11-25 00:00:00+00:00,1924.4913185521175,1949.4847122995477,1879.5032098067434,1899.4979248046875,47977,0.0,0.0
2021-11-26 00:00:00+00:00,1874.5044315710545,1939.4872518655177,1849.511039150107,1894.4991455078125,21918,0.0,0.0
2021-11-29 00:00:00+00:00,1894.4992460552014,1939.4873548005755,1849.5111373098273,1899.4979248046875,15809,0.0,0.0
2021-11-30 00:00:00+00:00,1884.5020008778943,1939.4874703995306,1849.5112475459441,1929.4901123046875,38688,0.0,0.0
2021-12-01 00:00:00+00:00,1894.4991762607447,1999.471426132712,1899.4978548260765,1944.4859619140625,24635,0.0,0.0
2021-12-02 00:00:00+00:00,1974.4779052734375,1999.4712964794303,1949.4845140674445,1974.4779052734375,6484,0.0,0.0
2021-12-03 00:00:00+00:00,1974.4780768658147,1999.471470243863,1919.4926114341085,1934.4886474609375,31988,0.0,0.0
2021-12-06 00:00:00+00:00,1944.4859833078285,1979.4767336501288,1899.4978757248712,1939.4873046875,10111,0.0,0.0
2021-12-07 00:00:00+00:00,1939.4874033058807,2029.463623046875,1899.4979723098832,2029.463623046875,7139,0.0,0.0
2021-12-08 00:00:00+00:00,2009.4688101673578,2109.4423828125,1959.482023844787,2109.4423828125,21724,0.0,0.0
2021-12-09 00:00:00+00:00,2084.4492745535713,2129.437388392857,2059.4558779761905,2099.4453125,13044,0.0,0.0
2021-12-10 00:00:00+00:00,2104.4439286614343,2204.417511970766,2079.450532834101,2169.4267578125,111757,0.0,0.0
2021-12-13 00:00:00+00:00,2179.424059237239,2207.198701853542,2131.43674050174,2154.4306640625,42158,0.0,0.0
2021-12-14 00:00:00+00:00,2154.430623568021,2199.418734036959,2079.450439453125,2079.450439453125,30918,0.0,0.0
2021-12-15 00:00:00+00:00,2094.4463163209193,2159.4291375910193,2059.45556640625,2059.45556640625,142809,0.0,0.0
2021-12-16 00:00:00+00:00,2074.451892387576,2099.4452886814024,2049.45849609375,2049.45849609375,75278,0.0,0.0
2021-12-17 00:00:00+00:00,2074.451892387576,2099.4452886814024,1999.4717035060976,2049.45849609375,8094,0.0,0.0
2021-12-20 00:00:00+00:00,2059.455406039369,2079.4501187193628,1999.4712679993872,2039.460693359375,86408,0.0,0.0
2021-12-21 00:00:00+00:00,2039.4611375762195,2099.4452886814024,1999.4717035060976,2049.45849609375,219796,0.0,0.0
2021-12-22 00:00:00+00:00,2049.458519345238,2139.4347470238095,2014.4677641369049,2099.4453125,53536,0.0,0.0
2021-12-23 00:00:00+00:00,2099.4451390917056,2139.4345703125,2059.4557078709113,2139.4345703125,4582,0.0,0.0
2021-12-24 00:00:00+00:00,2099.445168683195,2149.431958413747,2059.455736898753,2104.44384765625,2970,0.0,0.0
2021-12-29 00:00:00+00:00,2104.4439040849793,2149.432016048791,2049.458433906987,2119.43994140625,13471,0.0,0.0
2021-12-30 00:00:00+00:00,2124.4382016293634,2239.407798423423,2124.4382016293634,2219.4130859375,14865,0.0,0.0
2021-12-31 00:00:00+00:00,2184.4228515625,2218.713840335894,2149.4320965031466,2184.4228515625,4159,0.0,0.0
2022-01-04 00:00:00+00:00,2184.422758810385,2299.392377695142,2149.432005236763,2289.39501953125,25644,0.0,0.0
2022-01-05 00:00:00+00:00,2269.400174897293,2339.381678087958,2239.408102101293,2319.386962890625,16243,0.0,0.0
2022-01-06 00:00:00+00:00,2294.3934692646462,2339.3815765051295,2239.408004859611,2314.38818359375,19993,0.0,0.0
2022-01-07 00:00:00+00:00,2314.388370945143,2339.3817658797557,2249.4055441151495,2299.392333984375,204490,0.0,0.0
2022-01-10 00:00:00+00:00,2289.394579638232,2339.3813608530404,2219.4130859375,2219.4130859375,9291,0.0,0.0
2022-01-11 00:00:00+00:00,2249.4052144505035,2279.39728397651,2209.415788415828,2234.4091796875,7531,0.0,0.0
2022-01-12 00:00:00+00:00,2234.4095802730044,2254.404296875,2209.41618452051,2254.404296875,6500,0.0,0.0
2022-01-13 00:00:00+00:00,2254.404441189236,2299.392556423611,2169.4268901909722,2249.40576171875,14534,0.0,0.0
2022-01-14 00:00:00+00:00,2249.40529989066,2299.392084332675,2179.4238016718396,2214.41455078125,6878,0.0,0.0
2022-01-17 00:00:00+00:00,2214.41455078125,2229.410586113854,2179.4238016718396,2214.41455078125,4072,0.0,0.0
2022-01-18 00:00:00+00:00,2214.4142911669232,2249.4050361740756,2049.457921847491,2129.436767578125,22626,0.0,0.0
2022-01-19 00:00:00+00:00,2214.4147091887717,2249.4054608012357,2129.437169558503,2149.431884765625,15398,0.0,0.0
2022-01-20 00:00:00+00:00,2129.437364233994,2139.4347227515245,2009.469062023628,2049.45849609375,169487,0.0,0.0
2022-01-21 00:00:00+00:00,2034.46225104081,2099.4450747841283,1879.5032098067434,1899.4979248046875,21678,0.0,0.0
2022-01-24 00:00:00+00:00,1884.501895680147,1919.4926470588236,1629.569278492647,1699.55078125,95515,0.0,0.0
2022-01-25 00:00:00+00:00,1714.546880172471,1849.511211847855,1714.546880172471,1769.5323486328125,217715,0.0,0.0
2022-01-26 00:00:00+00:00,1839.5137577266482,1844.512436416123,1759.5348986950548,1819.51904296875,46888,0.0,0.0
2022-01-27 00:00:00+00:00,1769.5322291947439,1879.5031586927223,1757.5354005222373,1854.509765625,53747,0.0,0.0
2022-01-28 00:00:00+00:00,1854.509765625,1877.5036872473047,1846.5118798433289,1854.509765625,8665,0.0,0.0
2022-01-31 00:00:00+00:00,1854.5099136309311,1869.505950668378,1764.53369140625,1764.53369140625,33960,0.0,0.0
2022-02-01 00:00:00+00:00,1839.5136296452704,1864.507021352407,1833.9151343104807,1849.510986328125,32051,0.0,0.0
2022-02-02 00:00:00+00:00,1854.5096556978076,1949.4845437254583,1839.5136207460735,1909.4951171875,183969,0.0,0.0
2022-02-03 00:00:00+00:00,1919.4926398026316,1959.4820697985197,1879.5032098067434,1899.4979248046875,10065,0.0,0.0
2022-02-04 00:00:00+00:00,1899.4979248046875,1899.4979248046875,1850.1109543521545,1899.4979248046875,43337,0.0,0.0
2022-02-07 00:00:00+00:00,1884.5018885562295,1909.4952823036595,1869.9057710153413,1899.4979248046875,6482,0.0,0.0
2022-02-08 00:00:00+00:00,1889.500663105567,1989.4742431640625,1869.5059470938677,1989.4742431640625,7179,0.0,0.0
2022-02-09 00:00:00+00:00,1889.5006396953875,2079.450439453125,1869.5059239314153,2079.450439453125,9569,0.0,0.0
2022-02-10 00:00:00+00:00,1884.501953125,1989.4742104608754,1869.5059163627323,1884.501953125,108843,0.0,0.0
2022-02-11 00:00:00+00:00,1884.501953125,1899.198020336799,1834.5151639174403,1884.501953125,113158,0.0,0.0
2022-02-14 00:00:00+00:00,1884.5019474550675,1889.5006263607838,1799.5244060578893,1829.5164794921875,16909,0.0,0.0
2022-02-15 00:00:00+00:00,1844.512451171875,1879.5032022781165,1800.3241800186433,1844.512451171875,23227,0.0,0.0
2022-02-16 00:00:00+00:00,1844.5124433293688,1878.803428082909,1789.5269775390625,1789.5269775390625,30679,0.0,0.0
2022-02-17 00:00:00+00:00,1849.511211847855,1879.503285553496,1769.5323486328125,1769.5323486328125,12095,0.0,0.0
2022-02-18 00:00:00+00:00,1844.5123834314481,1848.8112957961291,1750.537226768816,1774.5308837890625,15345,0.0,0.0
2022-02-21 00:00:00+00:00,1769.5323923284357,1779.5297504771838,1719.5456015846946,1759.5350341796875,10559,0.0,0.0
2022-02-22 00:00:00+00:00,1724.5442499350925,1799.5244347148791,1609.574633272753,1654.562744140625,25118,0.0,0.0
2022-02-23 00:00:00+00:00,1669.5587086397059,1739.5402113970588,1659.5613511029412,1699.55078125,23033,0.0,0.0
2022-02-24 00:00:00+00:00,1662.0606549580891,1690.753021660039,1624.5705649966285,1679.5560302734375,159137,0.0,0.0
2022-02-25 00:00:00+00:00,1699.5507449195497,1699.5507449195497,1654.562636965797,1679.5560302734375,480392,0.0,0.0
2022-02-28 00:00:00+00:00,1674.5575729958737,1699.5509696077522,1649.564176383995,1684.554931640625,144045,0.0,0.0
2022-03-01 00:00:00+00:00,1679.5560369318182,1694.5520729758523,1649.56396484375,1649.56396484375,16495,0.0,0.0
2022-03-02 00:00:00+00:00,1684.554744944853,1719.5454963235295,1629.569278492647,1699.55078125,16746,0.0,0.0
2022-03-03 00:00:00+00:00,1674.5572774003192,1699.550669600324,1629.5691714403106,1639.5665283203125,18346,0.0,0.0
2022-03-04 00:00:00+00:00,1654.5627024203916,1664.560060138944,1500.6033935546875,1579.58251953125,47201,0.0,0.0
2022-03-07 00:00:00+00:00,1534.5942298626078,1539.5929081357758,1399.629916487069,1449.61669921875,165467,0.0,0.0
2022-03-08 00:00:00+00:00,1437.1203445487006,1479.609119952749,1399.6302486039517,1454.61572265625,149809,0.0,0.0
2022-03-09 00:00:00+00:00,1464.6127976940525,1569.5850459929436,1449.6167622227822,1549.59033203125,34141,0.0,0.0
2022-03-10 00:00:00+00:00,1559.587641877948,1639.5664953075864,1534.594250181186,1589.5797119140625,145944,0.0,0.0
2022-03-11 00:00:00+00:00,1589.5799125671385,1649.5640602111816,1574.8338096046448,1599.5772705078125,7062,0.0,0.0
2022-03-14 00:00:00+00:00,1599.577277131783,1649.5640670421512,1604.57595612282,1612.073974609375,19424,0.0,0.0
2022-03-15 00:00:00+00:00,1612.0740215594951,1649.5641150841345,1559.587890625,1559.587890625,5575,0.0,0.0
2022-03-16 00:00:00+00:00,1674.5573874080883,1749.5375689338236,1681.5555376838236,1699.55078125,509699,0.0,0.0
2022-03-17 00:00:00+00:00,1712.0476489596897,1799.5245361328125,1699.5509507921006,1799.5245361328125,309595,0.0,0.0
2022-03-18 00:00:00+00:00,1759.5347761824326,1849.510986328125,1749.5374194995777,1849.510986328125,156472,0.0,0.0
2022-03-21 00:00:00+00:00,1824.517585794339,1909.4951171875,1799.5241942081152,1909.4951171875,11884,0.0,0.0
2022-03-22 00:00:00+00:00,1854.5098160593134,1949.4847122995477,1829.5164223118832,1899.4979248046875,203506,0.0,0.0
2022-03-23 00:00:00+00:00,1899.4980211114164,1989.4742431640625,1849.5112310821687,1989.4742431640625,21384,0.0,0.0
2022-03-24 00:00:00+00:00,1899.4979033382547,1949.4846902682086,1849.5111164083005,1904.49658203125,28282,0.0,0.0
2022-03-25 00:00:00+00:00,1904.4965125450722,1949.484619140625,1859.5084059495193,1949.484619140625,7302,0.0,0.0
2022-03-28 00:00:00+01:00,1904.4965423583985,1999.471435546875,1859.5084350585937,1999.471435546875,16338,0.0,0.0
2022-03-29 00:00:00+01:00,1924.4911228614517,1987.4744687005536,1859.5083057258703,1974.4779052734375,35961,0.0,0.0
2022-03-30 00:00:00+01:00,1974.4781554273784,2044.459659670374,1939.4874033058807,2029.463623046875,627177,0.0,0.0
2022-03-31 00:00:00+01:00,2029.4632137869867,2089.4473481846317,2014.4671801875754,2069.45263671875,101495,0.0,0.0
2022-04-01 00:00:00+01:00,2064.4540842093675,2069.452762379366,2029.463337019378,2039.460693359375,14195,0.0,0.0
2022-04-04 00:00:00+01:00,2024.4647428304843,2049.4581347172802,1999.471350943688,2019.466064453125,49906,0.0,0.0
2022-04-05 00:00:00+01:00,2089.447930163872,2118.4402698647104,2030.0635961621274,2049.45849609375,32856,0.0,0.0
2022-04-06 00:00:00+01:00,2054.4568878470113,2069.452923524727,2035.4619093219053,2059.45556640625,13767,0.0,0.0
2022-04-07 00:00:00+01:00,2049.45849609375,2059.0560579010335,2029.4637790586892,2049.45849609375,24972,0.0,0.0
2022-04-08 00:00:00+01:00,2039.460727235347,2128.637098454146,2029.4633707292915,2089.447509765625,5768,0.0,0.0
2022-04-11 00:00:00+01:00,2224.4119235447474,2276.3981797354563,2199.4185311453684,2239.407958984375,515162,0.0,0.0
2022-04-12 00:00:00+01:00,2234.409453235973,2249.4054898348722,2171.426099520597,2199.418701171875,165496,0.0,0.0
2022-04-13 00:00:00+01:00,2184.4223971441556,2249.4052144505035,2149.4316493638144,2234.4091796875,79994,0.0,0.0
2022-04-14 00:00:00+01:00,2234.489457370924,2299.474609375,2199.497452445652,2299.474609375,201677,8.0,0.0
2022-04-19 00:00:00+01:00,2284.477934773763,2399.45166015625,2279.479077148437,2399.45166015625,225014,0.0,0.0
2022-04-20 00:00:00+01:00,2329.4679162970797,2348.463577417099,2279.779314710636,2289.47705078125,286793,0.0,0.0
2022-04-21 00:00:00+01:00,2289.4768589564733,2299.4745744977677,2134.402185798117,2239.48828125,63407,0.0,0.0
2022-04-22 00:00:00+01:00,2194.498526196961,2218.992928881164,2099.5202300745414,2179.501953125,46577,0.0,0.0
2022-04-25 00:00:00+01:00,2124.5147273225602,2144.510160050302,2079.525003685141,2119.515869140625,69361,0.0,0.0
2022-04-26 00:00:00+01:00,2109.5178911857056,2132.512635971142,2077.0253170323713,2089.5224609375,8772,0.0,0.0
2022-04-27 00:00:00+01:00,2079.524736445783,2099.5201666039156,2049.5315912085844,2074.52587890625,28504,0.0,0.0
2022-04-28 00:00:00+01:00,2074.526060565388,2109.51806640625,2049.531770679058,2109.51806640625,11479,0.0,0.0
2022-04-29 00:00:00+01:00,2084.5235844584345,2109.517872041869,2059.529296875,2059.529296875,9207,0.0,0.0
2022-05-03 00:00:00+01:00,2089.522634497186,2139.511214269846,2069.5272025881222,2109.51806640625,15916,0.0,0.0
2022-05-04 00:00:00+01:00,2099.520157008495,2099.520157008495,2039.5338668082525,2059.529296875,9730,0.0,0.0
2022-05-05 00:00:00+01:00,2069.5270989990236,2097.5207022705076,1999.5430908203125,1999.5430908203125,19843,0.0,0.0
2022-05-06 00:00:00+01:00,2039.5341382296579,2119.515869140625,1999.5432727741745,2119.515869140625,217964,0.0,0.0
2022-05-09 00:00:00+01:00,2024.5373612612032,2048.53187813541,1959.5522113935594,1969.5499267578125,265807,0.0,0.0
2022-05-10 00:00:00+01:00,1984.5465176391601,2009.540806274414,1935.5577119140626,1999.5430908203125,94724,0.0,0.0
2022-05-11 00:00:00+01:00,1964.5511661678165,1989.5454558137176,1903.5650994318182,1924.560302734375,7169,0.0,0.0
2022-05-12 00:00:00+01:00,1894.5669183578084,1909.563490270931,1834.5806307053185,1869.5726318359375,84528,0.0,0.0
2022-05-13 00:00:00+01:00,1879.5705388387044,1919.5614013671875,1819.5842450459797,1919.5614013671875,43282,0.0,0.0
2022-05-16 00:00:00+01:00,1859.5750422691233,2009.540771484375,1819.584181145056,2009.540771484375,5671,0.0,0.0
2022-05-17 00:00:00+01:00,1869.5725699162138,2069.52685546875,1849.57714136096,2069.52685546875,16143,0.0,0.0
2022-05-18 00:00:00+01:00,1969.5499444580078,2049.5316680908204,1949.5545135498046,1999.5430908203125,41087,0.0,0.0
2022-05-19 00:00:00+01:00,1994.5444186843988,2039.5341424141222,1920.361411929252,1964.55126953125,55803,0.0,0.0
2022-05-20 00:00:00+01:00,1979.5477962399939,2049.5318092383777,1939.556931669489,2029.536376953125,17208,0.0,0.0
2022-05-23 00:00:00+01:00,1999.5432285252464,2049.5318092383777,1949.5546478121153,2029.536376953125,8870,0.0,0.0
2022-05-24 00:00:00+01:00,2024.5373794555665,2029.036351409912,1989.545375366211,1999.5430908203125,17014,0.0,0.0
2022-05-25 00:00:00+01:00,2004.541771782769,2024.5372009277344,1979.5474853515625,1979.5474853515625,13485,0.0,0.0
2022-05-26 00:00:00+01:00,2004.541911960877,2029.5362001399405,1939.5567626953125,1939.5567626953125,9328,0.0,0.0
2022-05-27 00:00:00+01:00,2004.5418641914441,2079.5247269417478,1959.5521465412621,2059.529296875,125536,0.0,0.0
2022-05-30 00:00:00+01:00,2059.5293928919364,2109.5179703893136,2060.3292589488647,2084.523681640625,45298,0.0,0.0
2022-05-31 00:00:00+01:00,2094.521141162817,2119.515426856884,2059.529141191123,2069.52685546875,72868,0.0,0.0
2022-06-01 00:00:00+01:00,2089.522678297393,2078.325285010572,1949.55465199996,1959.5523681640625,14428,0.0,0.0
2022-06-06 00:00:00+01:00,1964.550952686983,2048.731662249784,1949.5543805290672,2039.5338134765625,97533,0.0,0.0
2022-06-07 00:00:00+01:00,2024.5374404944719,2049.031844095516,2004.5420089834154,2034.53515625,17226,0.0,0.0
2022-06-08 00:00:00+01:00,2024.5373794555665,2039.4339998906628,1984.5465176391601,1999.5430908203125,16644,0.0,0.0
2022-06-09 00:00:00+01:00,2014.5397078592582,2059.5294283821695,1969.4500345881147,2004.5419921875,69376,0.0,0.0
2022-06-10 00:00:00+01:00,1989.5453068195004,2039.5338823677291,1974.5487341550318,2019.5384521484375,12635,0.0,0.0
2022-06-13 00:00:00+01:00,1959.5523523518457,1980.5475561270441,1899.566055851279,1929.5592041015625,77507,0.0,0.0
2022-06-14 00:00:00+01:00,1924.5603766513232,1989.5455322265625,1869.572937318428,1989.5455322265625,53632,0.0,0.0
2022-06-15 00:00:00+01:00,1889.5682285156252,1916.5620603515626,1860.0749678059897,1874.5716552734375,150276,0.0,0.0
2022-06-16 00:00:00+01:00,1879.570495109248,1899.0660401383066,1859.5750643102133,1844.5784912109375,13052,0.0,0.0
2022-06-17 00:00:00+01:00,1844.5784130199536,1864.5738429713892,1059.757787426098,1849.5772705078125,18324,0.0,0.0
2022-06-20 00:00:00+01:00,1849.577438397234,1849.3274955001532,1750.3000708598047,1784.59228515625,17430,0.0,0.0
2022-06-21 00:00:00+01:00,1784.5922241210938,1779.5933663504463,1720.206911626671,1749.6002197265625,9480,0.0,0.0
2022-06-22 00:00:00+01:00,1749.6002758938841,1738.6027884454084,1599.6345379601228,1629.627685546875,702993,0.0,0.0
2022-06-23 00:00:00+01:00,1634.62646484375,1669.6184686783256,1599.6344610091744,1634.62646484375,106259,0.0,0.0
2022-06-24 00:00:00+01:00,1634.6265413172105,1699.6116943359375,1604.3834508738798,1699.6116943359375,23877,0.0,0.0
2022-06-27 00:00:00+01:00,1704.6104554133628,1719.6070283348881,1660.1206224128382,1674.6173095703125,26499,0.0,0.0
2022-06-28 00:00:00+01:00,1674.6174047133502,1709.6094101849724,1624.6288254681756,1699.6116943359375,109815,0.0,0.0
2022-06-29 00:00:00+01:00,1654.6218164955699,1679.616103753811,1609.6320994307355,1639.625244140625,16230,0.0,0.0
2022-06-30 00:00:00+01:00,1624.6289571126301,1639.625532101362,1559.643798828125,1559.643798828125,65502,0.0,0.0
2022-07-01 00:00:00+01:00,1559.6436600030636,1579.6390915415645,1515.6537106183619,1529.6505126953125,187759,0.0,0.0
2022-07-04 00:00:00+01:00,1549.6458755304784,1649.6230287905091,1537.9025874223973,1619.6298828125,10236,0.0,0.0
2022-07-05 00:00:00+01:00,1597.1349958147323,1619.6298549107144,1549.6458488343255,1574.64013671875,17620,0.0,0.0
2022-07-06 00:00:00+01:00,1574.6401977539062,1679.6162109375,1550.1457946777343,1679.6162109375,4597,0.0,0.0
2022-07-07 00:00:00+01:00,1579.6390395053597,1719.6070556640625,1564.6424663454986,1719.6070556640625,17913,0.0,0.0
2022-07-08 00:00:00+01:00,1674.6174047133502,1719.6071260340073,1629.627683392693,1699.6116943359375,21594,0.0,0.0
2022-07-11 00:00:00+01:00,1679.6162109375,1719.6070731026787,1639.6253487723213,1679.6162109375,9712,0.0,0.0
2022-07-12 00:00:00+01:00,1679.6162475585936,1719.607110595703,1599.634521484375,1599.634521484375,8778,0.0,0.0
2022-07-13 00:00:00+01:00,1679.616151147959,1719.6070118895773,1639.625290406341,1714.608154296875,16251,0.0,0.0
2022-07-14 00:00:00+01:00,1689.6139784869024,1709.6094101849724,1654.6219730152802,1699.6116943359375,18315,0.0,0.0
2022-07-15 00:00:00+01:00,1679.6162354195683,1794.5899658203125,1674.1974295819286,1794.5899658203125,15487,0.0,0.0
2022-07-18 00:00:00+01:00,1679.61613869863,1838.579808968322,1699.611568921233,1824.5830078125,73898,0.0,0.0
2022-07-19 00:00:00+01:00,1804.5876641205957,1837.0802397903572,1749.6002283717687,1764.5968017578125,42611,0.0,0.0
2022-07-20 00:00:00+01:00,1754.5989990234375,1799.5887169471155,1724.6058537409856,1754.5989990234375,132993,0.0,0.0
2022-07-21 00:00:00+01:00,1794.589849713205,1849.5772824342223,1724.60584443191,1739.6024169921875,97636,0.0,0.0
2022-07-22 00:00:00+01:00,1734.6036998075597,1759.597989430147,1699.6116943359375,1699.6116943359375,65940,0.0,0.0
2022-07-25 00:00:00+01:00,1724.6059839585248,1749.600273581112,1661.6203741096047,1699.6116943359375,13321,0.0,0.0
2022-07-26 00:00:00+01:00,1694.61283641142,1739.6025577320772,1676.9169281756,1699.6116943359375,23475,0.0,0.0
2022-07-27 00:00:00+01:00,1684.615234375,1718.907450870944,1675.6172895029674,1684.615234375,38163,0.0,0.0
2022-07-28 00:00:00+01:00,1684.615136648189,1749.6002902874368,1694.6128525926888,1729.6048583984375,42404,0.0,0.0
2022-07-29 00:00:00+01:00,1714.6082153320312,1843.5787458147322,1719.6070731026787,1819.584228515625,92536,0.0,0.0
2022-08-01 00:00:00+01:00,1829.582089503393,1864.5740966796875,1809.9865898931553,1864.5740966796875,15103,0.0,0.0
2022-08-02 00:00:00+01:00,1832.0814760269657,1899.5660597278224,1839.5797631048388,1859.5751953125,43169,0.0,0.0
2022-08-03 00:00:00+01:00,1874.5717500385485,1899.5660400390625,1819.5843120374177,1899.5660400390625,7986,0.0,0.0
2022-08-04 00:00:00+01:00,1859.5750906808037,1879.570521763393,1800.0886832101005,1819.584228515625,15208,0.0,0.0
2022-08-05 00:00:00+01:00,1824.5829830685177,1849.5772705078125,1799.588695629223,1849.5772705078125,15298,0.0,0.0
2022-08-08 00:00:00+01:00,1824.5831732411202,1849.5774632855191,1799.5888831967213,1829.58203125,264337,0.0,0.0
2022-08-09 00:00:00+01:00,1824.5829983705974,1849.5772860195095,1799.588710721685,1809.58642578125,39219,0.0,0.0
2022-08-10 00:00:00+01:00,1824.5832807752822,1834.481044624688,1769.595839436849,1799.5889892578125,7640,0.0,0.0
2022-08-11 00:00:00+01:00,1799.5889892578125,1829.5821390787762,1769.595839436849,1799.5889892578125,3833,0.0,0.0
2022-08-12 00:00:00+01:00,1799.5887798969973,1829.5819262286138,1749.6002026776362,1789.591064453125,5355,0.0,0.0
2022-08-15 00:00:00+01:00,1789.5909956621201,1829.5818559003797,1749.6001354238604,1809.58642578125,71566,0.0,0.0
2022-08-16 00:00:00+01:00,1809.586435145548,1849.5772955907535,1779.593289811644,1824.5830078125,13509,0.0,0.0
2022-08-17 00:00:00+01:00,1824.5830078125,1849.5772955907535,1819.5841502568492,1824.5830078125,63332,0.0,0.0
2022-08-18 00:00:00+01:00,1824.5830370716214,1939.5567626953125,1822.083608253715,1939.5567626953125,29533,0.0,0.0
2022-08-19 00:00:00+01:00,1884.5694580078125,1948.7547456386394,1849.5774521562087,1884.5694580078125,27354,0.0,0.0
2022-08-22 00:00:00+01:00,1884.5694660387542,1919.5614720394738,1849.5794127169409,1899.5660400390625,9762,0.0,0.0
2022-08-23 00:00:00+01:00,1869.5727446933963,1899.5658903301887,1839.5795990566037,1854.576171875,15354,0.0,0.0
2022-08-24 00:00:00+01:00,1854.576153146404,1864.5738682577055,1809.586435145548,1824.5830078125,8282,0.0,0.0
2022-08-25 00:00:00+01:00,1824.5830078125,1849.5772955907535,1799.5887200342465,1824.5830078125,21804,0.0,0.0
2022-08-26 00:00:00+01:00,1824.5830078125,1849.5772955907535,1799.5887200342465,1824.5830078125,2049,0.0,0.0
2022-08-30 00:00:00+01:00,1814.5853439975792,1849.5773478763206,1774.594482421875,1774.594482421875,20979,0.0,0.0
2022-08-31 00:00:00+01:00,1812.085941859654,1824.5830862862724,1749.6002197265625,1819.584228515625,58782,0.0,0.0
2022-09-01 00:00:00+01:00,1784.59213467302,1789.0911064411032,1719.6069869118176,1739.6024169921875,9298,0.0,0.0
2022-09-02 00:00:00+01:00,1754.5991030722275,1809.5865393508443,1719.607098167653,1794.5899658203125,22669,0.0,0.0
2022-09-05 00:00:00+01:00,1799.5889892578125,1819.5844224717882,1779.5935560438368,1799.5889892578125,203719,0.0,0.0
2022-09-06 00:00:00+01:00,1799.5887974330358,1831.5814871651785,1779.5933663504463,1819.584228515625,26558,0.0,0.0
2022-09-07 00:00:00+01:00,1819.584228515625,1819.584228515625,1789.5910818917412,1819.584228515625,3179,0.0,0.0
2022-09-08 00:00:00+01:00,1819.618141132165,1849.6118467552226,1779.6265336347549,1809.6202392578125,5090,3.4,0.0
2022-09-09 00:00:00+01:00,1809.6202702926375,1827.6164939751059,1759.6307600635591,1769.628662109375,37494,0.0,0.0
2022-09-12 00:00:00+01:00,1741.634720594618,1799.62255859375,1739.6351399739583,1799.62255859375,10450,0.0,0.0
2022-09-13 00:00:00+01:00,1779.6266529756435,1799.6224580652574,1699.6434326171875,1699.6434326171875,61178,0.0,0.0
2022-09-14 00:00:00+01:00,1714.64013671875,1729.636989226494,1699.6432842110057,1714.64013671875,9787,0.0,0.0
2022-09-15 00:00:00+01:00,1699.6433333904424,1729.637039273803,1650.4537045596114,1709.6412353515625,12666,0.0,0.0
2022-09-16 00:00:00+01:00,1709.6414306640625,1799.62255859375,1709.6414306640625,1799.62255859375,36940,0.0,0.0
2022-09-20 00:00:00+01:00,1744.6340915256076,1799.62255859375,1724.6382853190105,1799.62255859375,12199,0.0,0.0
2022-09-21 00:00:00+01:00,1739.6348876953125,1779.6264943089977,1734.635936868602,1739.6348876953125,16227,0.0,0.0
2022-09-22 00:00:00+01:00,1729.637012426404,1784.6254723590353,1721.6386909816574,1724.6380615234375,4137,0.0,0.0
2022-09-23 00:00:00+01:00,1724.6380615234375,1799.6223250679348,1699.643307008605,1724.6380615234375,49366,0.0,0.0
2022-09-26 00:00:00+01:00,1724.6380615234375,1749.6328160382698,1702.1928207869978,1724.6380615234375,347075,0.0,0.0
2022-09-27 00:00:00+01:00,1739.6349559719279,1769.628662109375,1707.141774323027,1769.628662109375,160143,0.0,0.0
2022-09-28 00:00:00+01:00,1754.6317401754445,1769.3286067880947,1715.1500363096595,1739.6348876953125,98944,0.0,0.0
2022-09-29 00:00:00+01:00,1709.641363217498,1734.6361199896837,1659.651849673127,1684.6466064453125,47559,0.0,0.0
2022-09-30 00:00:00+01:00,1689.6455300723806,1734.636091524012,1661.651402946921,1699.6434326171875,64460,0.0,0.0
2022-10-03 00:00:00+01:00,1699.6434664439007,1719.639271931476,1574.669682146555,1659.65185546875,2618,0.0,0.0
2022-10-04 00:00:00+01:00,1689.6454950812404,1734.6360556011552,1599.664374041411,1629.6580810546875,23507,0.0,0.0
2022-10-05 00:00:00+01:00,1634.6570095486113,1649.6538628472224,1589.6664496527778,1619.66015625,71433,0.0,0.0
2022-10-06 00:00:00+01:00,1619.6602061363196,1664.650767417884,1599.664401122291,1614.6612548828125,152925,0.0,0.0
2022-10-07 00:00:00+01:00,1624.659053918087,1649.65380859375,1599.6642992424242,1649.65380859375,14950,0.0,0.0
2022-10-10 00:00:00+01:00,1624.6590576171875,1649.6538123497596,1600.1641979792669,1624.6590576171875,10093,0.0,0.0
2022-10-11 00:00:00+01:00,1624.6592203776042,1649.6539776141828,1559.6728515625,1559.6728515625,42658,0.0,0.0
2022-10-12 00:00:00+01:00,1579.6685028076172,1599.664306640625,1553.673957824707,1599.664306640625,27200,0.0,0.0
2022-10-13 00:00:00+01:00,1569.670618084629,1599.6643241626793,1534.6779609935704,1567.171142578125,18368,0.0,0.0
2022-10-14 00:00:00+01:00,1567.1711476959797,1629.6580355626454,1534.6779660053135,1609.6622314453125,58715,0.0,0.0
2022-10-17 00:00:00+01:00,1584.6674464370265,1677.6479338304923,1539.6768880208333,1649.65380859375,25003,0.0,0.0
2022-10-18 00:00:00+01:00,1649.6538235848411,1749.6328431960435,1669.6496275070815,1709.6412353515625,28309,0.0,0.0
2022-10-19 00:00:00+01:00,1694.6443785741626,1769.6286431128422,1694.6443785741626,1734.635986328125,42354,0.0,0.0
2022-10-20 00:00:00+01:00,1749.633003623492,1864.60888671875,1736.6357298822888,1864.60888671875,400450,0.0,0.0
2022-10-21 00:00:00+01:00,1839.6139387376238,2079.563582920792,1878.805665136328,2019.576171875,678617,0.0,0.0
2022-10-24 00:00:00+01:00,2024.5755525914633,2067.5665396341465,1999.5807926829268,2049.5703125,88428,0.0,0.0
2022-10-25 00:00:00+01:00,2049.5700238608374,2064.5668776939656,2019.5763161945813,2029.57421875,111613,0.0,0.0
2022-10-26 00:00:00+01:00,2034.5730975115741,2069.5657552083335,1979.5846354166667,2024.5751953125,2841,0.0,0.0
2022-10-27 00:00:00+01:00,2024.5752674722908,2059.5679264162563,1969.5868034174878,2029.57421875,99581,0.0,0.0
2022-10-28 00:00:00+01:00,1999.58048187177,2049.5699939185643,1934.5941162109375,1934.5941162109375,16153,0.0,0.0
2022-10-31 00:00:00+00:00,1949.5909520199425,1969.5867566560446,1899.6014404296875,1899.6014404296875,6967,0.0,0.0
2022-11-01 00:00:00+00:00,1934.594190253586,1969.5868500256147,1822.6176789830943,1829.6162109375,9014,0.0,0.0
2022-11-02 00:00:00+00:00,1834.6150342364645,1888.6037055436955,1719.63916015625,1719.63916015625,213673,0.0,0.0
2022-11-03 00:00:00+00:00,1739.6349871861453,1799.6224005373915,1719.6391827357297,1729.6370849609375,28922,0.0,0.0
2022-11-04 00:00:00+00:00,1759.6307298860497,1835.614784131129,1762.6301004483555,1809.6202392578125,11610,0.0,0.0
2022-11-07 00:00:00+00:00,1824.6170589192707,1889.603419921875,1799.6223046875,1874.6065673828125,22486,0.0,0.0
2022-11-08 00:00:00+00:00,1874.6067603029799,1989.5826416015625,1859.609906220556,1989.5826416015625,18190,0.0,0.0
2022-11-09 00:00:00+00:00,1974.585754695197,2037.572540794335,1923.5964516625615,2029.57421875,428969,0.0,0.0
2022-11-10 00:00:00+00:00,2019.576248779297,2069.5657598876955,1949.5909332275392,1999.5804443359375,17534,0.0,0.0
2022-11-11 00:00:00+00:00,1979.5846719547194,2029.574183872768,1949.5909648038903,1959.5888671875,18066,0.0,0.0
2022-11-14 00:00:00+00:00,1974.5855398739086,2048.8699965969167,1949.5907862046186,2039.5718994140625,50506,0.0,0.0
2022-11-15 00:00:00+00:00,2024.5751998901367,2049.569955444336,1999.5804443359375,1999.5804443359375,13625,0.0,0.0
2022-11-16 00:00:00+00:00,2019.5763557569976,2029.5742585082698,1949.5910364980916,1964.587890625,28649,0.0,0.0
2022-11-17 00:00:00+00:00,1974.5855910267996,2049.5698539771843,1919.5971315298507,2009.5782470703125,13591,0.0,0.0
2022-11-18 00:00:00+00:00,2024.574901274521,2079.5633553832117,2004.5790997804515,2054.568603515625,223788,0.0,0.0
2022-11-21 00:00:00+00:00,2074.5643800007547,2097.559551441727,2049.569628434481,2069.5654296875,206876,0.0,0.0
2022-11-22 00:00:00+00:00,2074.564598321343,2119.5551558752995,2044.4528760621872,2084.5625,36929,0.0,0.0
2022-11-23 00:00:00+00:00,2084.562716238839,2104.558521670387,2049.570056733631,2099.5595703125,84557,0.0,0.0
2022-11-24 00:00:00+00:00,2099.5593525179856,2149.548860911271,2049.5698441247,2084.5625,80575,0.0,0.0
2022-11-25 00:00:00+00:00,2084.5626445032817,2139.5511075477325,2054.5689373881264,2094.560546875,26167,0.0,0.0
2022-11-28 00:00:00+00:00,2094.560323939077,2129.552978515625,2039.5718667473593,2129.552978515625,53666,0.0,0.0
2022-11-29 00:00:00+00:00,2089.561418968023,2224.533089571221,2099.559320494186,2149.548828125,74661,0.0,0.0
2022-11-30 00:00:00+00:00,2164.5458941915763,2299.517578125,2119.555332880435,2299.517578125,246850,0.0,0.0
2022-12-01 00:00:00+00:00,2234.531222330729,2269.523881293403,2199.5385633680557,2249.528076171875,151285,0.0,0.0
2022-12-02 00:00:00+00:00,2244.528980255127,2299.5174407958984,2239.530029296875,2239.530029296875,26094,0.0,0.0
2022-12-05 00:00:00+00:00,2239.530029296875,2239.530029296875,2239.530029296875,2239.530029296875,0,0.0,0.0
2022-12-06 00:00:00+00:00,2214.535290299175,2200.5382275162456,2131.5527038003797,2139.551025390625,26891,0.0,0.0
2022-12-07 00:00:00+00:00,2139.5511811755955,2149.5490838913693,2079.5637648809525,2099.5595703125,18947,0.0,0.0
2022-12-08 00:00:00+00:00,2124.554141205136,2120.9838455452777,2019.576171875,2019.576171875,4814,0.0,0.0
2022-12-09 00:00:00+00:00,2074.5647109985352,2079.563662109375,1990.582332336426,1999.5804443359375,6872,0.0,0.0
2022-12-12 00:00:00+00:00,2014.5771809895834,2029.5740334535258,1949.5908203125,1949.5908203125,41771,0.0,0.0
2022-12-13 00:00:00+00:00,1974.5856285095215,1998.5805931091309,1894.6024131774902,1919.59716796875,463642,0.0,0.0
2022-12-14 00:00:00+00:00,1949.5908737182617,1999.5803833007812,1874.6066093444824,1919.59716796875,26948,0.0,0.0
2022-12-15 00:00:00+00:00,1949.5909471387988,1949.5909471387988,1899.6014356737012,1924.59619140625,43126,0.0,0.0
2022-12-16 00:00:00+00:00,1924.596263509958,1949.5910201789184,1909.5994095085816,1929.59521484375,66141,0.0,0.0
2022-12-19 00:00:00+00:00,1929.595069885254,1939.5929718017578,1899.6013641357422,1919.59716796875,6713,0.0,0.0
2022-12-20 00:00:00+00:00,1929.595069885254,1939.5929718017578,1899.6013641357422,1919.59716796875,6713,0.0,0.0
2022-12-21 00:00:00+00:00,1899.6015068409972,1939.5931175113342,1849.6119935030763,1929.59521484375,20562,0.0,0.0
2022-12-22 00:00:00+00:00,1894.602320894282,1938.6930417895317,1849.6117644614362,1879.60546875,127253,0.0,0.0
2022-12-23 00:00:00+00:00,1879.605734850364,1928.7953680296266,1869.607832005415,1889.6036376953125,2302,0.0,0.0
2022-12-28 00:00:00+00:00,1889.603478064904,1925.5959252661403,1809.6202620621566,1819.6181640625,11961,0.0,0.0
2022-12-29 00:00:00+00:00,1839.6141710069444,1879.6057834201388,1799.62255859375,1799.62255859375,14544,0.0,0.0
2022-12-30 00:00:00+00:00,1819.6181112753377,1899.6013249577702,1799.6223078547296,1849.61181640625,5717,0.0,0.0
2023-01-03 00:00:00+00:00,1874.606625064389,1899.6013800652474,1799.6223600618132,1819.6181640625,67656,0.0,0.0
2023-01-04 00:00:00+00:00,1819.6183648003473,1839.6141710069444,1760.4308272467056,1799.62255859375,194998,0.0,0.0
2023-01-05 00:00:00+00:00,1794.6234535549,1839.614013671875,1739.634991189708,1839.614013671875,31138,0.0,0.0
2023-01-06 00:00:00+00:00,1789.6244662010063,1839.6139764300847,1739.6349559719279,1769.628662109375,11571,0.0,0.0
2023-01-09 00:00:00+00:00,1769.6286427842595,1943.5921364816952,1740.2347866816147,1894.6024169921875,48132,0.0,0.0
2023-01-10 00:00:00+00:00,1884.6045737888503,1949.5909384022589,1829.6161114236584,1839.614013671875,88501,0.0,0.0
2023-01-11 00:00:00+00:00,1839.614123470569,1904.6004919627358,1819.6183177806713,1889.6036376953125,31269,0.0,0.0
2023-01-12 00:00:00+00:00,1854.6108055114746,1919.59716796875,1819.618148803711,1919.59716796875,39877,0.0,0.0
2023-01-13 00:00:00+00:00,1884.6044970219677,2039.5719755569307,1849.6118405785892,2019.576171875,13566,0.0,0.0
2023-01-16 00:00:00+00:00,1884.6046862728383,1969.5868604549025,1849.6120263155176,1889.6036376953125,9361,0.0,0.0
2023-01-17 00:00:00+00:00,1889.603478064904,1924.596135066106,1789.6244580614698,1819.6181640625,27606,0.0,0.0
2023-01-18 00:00:00+00:00,1959.5887920673078,1989.582498068338,1799.6223600618132,1819.6181640625,168469,0.0,0.0
2023-01-19 00:00:00+00:00,1834.6149671580695,1838.6141278494222,1799.622311108733,1824.6170654296875,29931,0.0,0.0
2023-01-20 00:00:00+00:00,1819.6182138322142,1829.6161161060177,1790.0244475106974,1814.6192626953125,179591,0.0,0.0
2023-01-23 00:00:00+00:00,1809.6202392578125,1829.6160430065177,1790.0243759930215,1809.6202392578125,55261,0.0,0.0
2023-01-24 00:00:00+00:00,1809.6202095650337,1939.5929317989865,1797.622727512669,1849.61181640625,108747,0.0,0.0
2023-01-25 00:00:00+00:00,1839.614013671875,1879.605622664742,1819.6182091754417,1839.614013671875,13724,0.0,0.0
2023-01-26 00:00:00+00:00,1839.614090835492,1929.59521484375,1799.6224801651554,1929.59521484375,146449,0.0,0.0
2023-01-27 00:00:00+00:00,1874.6066846345602,1934.594098542866,1859.6098311574838,1899.6014404296875,110437,0.0,0.0
2023-01-30 00:00:00+00:00,1879.6054452498329,1899.6012478588736,1819.6180374227106,1869.6075439453125,9762,0.0,0.0
2023-01-31 00:00:00+00:00,1869.6077657720093,1899.6014732442875,1819.6182533182123,1859.60986328125,23486,0.0,0.0
2023-02-01 00:00:00+00:00,1859.6098043034585,1859.6098043034585,1771.628265175123,1779.6265869140625,106327,0.0,0.0
2023-02-02 00:00:00+00:00,1789.6244580614698,1819.6181640625,1759.6307520604396,1819.6181640625,213246,0.0,0.0
2023-02-03 00:00:00+00:00,1794.6235511654713,1859.6099193135246,1799.6225025614754,1829.6162109375,161914,0.0,0.0
2023-02-06 00:00:00+00:00,1829.6160129856419,1879.605521537162,1784.6254552892735,1849.61181640625,196550,0.0,0.0
2023-02-07 00:00:00+00:00,1839.613863031915,1879.60546875,1799.6222573138298,1879.60546875,8316,0.0,0.0
2023-02-08 00:00:00+00:00,1839.613863031915,1939.5928773271276,1809.620158743351,1879.60546875,119441,0.0,0.0
2023-02-09 00:00:00+00:00,1894.6023741026181,1938.6930962361193,1849.61181640625,1849.61181640625,27060,0.0,0.0
2023-02-10 00:00:00+00:00,1894.602320894282,1949.590778756649,1849.6117644614362,1879.60546875,79410,0.0,0.0
2023-02-13 00:00:00+00:00,1904.600222323803,1899.6012716090424,1859.6096658909573,1879.60546875,20503,0.0,0.0
2023-02-14 00:00:00+00:00,1879.60546875,2009.5781873337767,1859.6096658909573,1879.60546875,26801,0.0,0.0
2023-02-15 00:00:00+00:00,1879.60546875,1879.60546875,1839.613863031915,1879.60546875,153063,0.0,0.0
2023-02-16 00:00:00+00:00,1859.6098311574838,1899.6014404296875,1819.6182218852798,1899.6014404296875,9215,0.0,0.0
2023-02-17 00:00:00+00:00,1859.609718116554,1899.6013249577702,1819.6181112753377,1849.61181640625,142574,0.0,0.0
2023-02-20 00:00:00+00:00,1859.6097720638738,1894.6024290650757,1819.6181640625,1819.6181640625,7046,0.0,0.0
2023-02-21 00:00:00+00:00,1859.60986328125,1899.6014732442875,1820.4181343353564,1859.60986328125,21008,0.0,0.0
2023-02-22 00:00:00+00:00,1859.6098181683085,1899.6014271611753,1819.6182091754417,1839.614013671875,24828,0.0,0.0
2023-02-23 00:00:00+00:00,1859.60986328125,1898.8015922271436,1819.6182533182123,1859.60986328125,10857,0.0,0.0
2023-02-24 00:00:00+00:00,1859.60986328125,1871.6073462701613,1829.6161558089718,1859.60986328125,75110,0.0,0.0
2023-02-27 00:00:00+00:00,1854.6107177734375,1869.6075699387213,1839.6138656081537,1854.6107177734375,9226,0.0,0.0
2023-02-28 00:00:00+00:00,1854.6109120358703,1859.60986328125,1819.6182533182123,1859.60986328125,110860,0.0,0.0
2023-03-01 00:00:00+00:00,1834.614993943694,1859.1098535358576,1799.6223373834598,1809.6202392578125,69548,0.0,0.0
2023-03-02 00:00:00+00:00,1829.6160162938784,1869.6076232074058,1800.222160803496,1824.6170654296875,15118,0.0,0.0
2023-03-03 00:00:00+00:00,1824.6170654296875,1849.611819750642,1799.622311108733,1824.6170654296875,286002,0.0,0.0
2023-03-06 00:00:00+00:00,1824.6172595414957,1859.6099193135246,1799.6225025614754,1829.6162109375,279393,0.0,0.0
2023-03-07 00:00:00+00:00,1834.6149671580695,1857.1102460469285,1799.622311108733,1824.6170654296875,30573,0.0,0.0
2023-03-08 00:00:00+00:00,1799.6222348136698,1904.6001985111338,1749.632728291068,1869.6075439453125,50223,0.0,0.0
2023-03-09 00:00:00+00:00,1869.6077334755346,1919.5972450657896,1839.6140265213817,1899.6014404296875,10129,0.0,0.0
2023-03-10 00:00:00+00:00,1884.6046142578125,1899.6014679521718,1800.6222335694008,1884.6046142578125,30860,0.0,0.0
2023-03-13 00:00:00+00:00,1849.6119159200919,1899.6014271611753,1819.6182091754417,1839.614013671875,66689,0.0,0.0
2023-03-14 00:00:00+00:00,1849.611819750642,1849.611819750642,1769.6286059235874,1824.6170654296875,18444,0.0,0.0
2023-03-15 00:00:00+00:00,1799.6225025614754,1849.6120165215164,1749.6329886014344,1829.6162109375,23380,0.0,0.0
2023-03-16 00:00:00+00:00,1824.6169880749708,1869.6075439453125,1799.6222348136698,1869.6075439453125,17658,0.0,0.0
2023-03-17 00:00:00+00:00,1834.615162333504,1849.6120165215164,1799.6225025614754,1829.6162109375,3095,0.0,0.0
2023-03-20 00:00:00+00:00,1799.6223912614116,1828.8162167906594,1749.6328803930392,1779.6265869140625,267723,0.0,0.0
2023-03-21 00:00:00+00:00,1779.6265869140625,1789.6244890877372,1769.628684740388,1779.6265869140625,43326,0.0,0.0
2023-03-22 00:00:00+00:00,1812.1199374728733,1859.6099772135417,1784.625703938802,1799.62255859375,307080,0.0,0.0
2023-03-23 00:00:00+00:00,1799.6224172491777,1899.6014404296875,1801.7219523270273,1899.6014404296875,202268,0.0,0.0
2023-03-24 00:00:00+00:00,1874.6066846345602,1924.596196224815,1799.6224172491777,1899.6014404296875,34175,0.0,0.0
2023-03-27 00:00:00+01:00,1849.6120263155176,1974.585811877377,1861.609509729456,1889.6036376953125,81825,0.0,0.0
2023-03-28 00:00:00+01:00,1914.5983412275432,1931.5947755883099,1829.6161694237096,1852.1114501953125,198475,0.0,0.0
2023-03-29 00:00:00+01:00,1852.1114044189453,1899.6014404296875,1844.612977680407,1899.6014404296875,108084,0.0,0.0
2023-03-30 00:00:00+01:00,1884.6045112609863,1939.5929718017578,1820.6179389953613,1919.59716796875,196262,0.0,0.0
2023-03-31 00:00:00+01:00,1924.596263509958,1969.5868255140867,1899.6015068409972,1929.59521484375,76001,0.0,0.0
2023-04-03 00:00:00+01:00,1934.5940208435059,1969.38676833082,1899.9013500111178,1919.59716796875,187991,0.0,0.0
2023-04-04 00:00:00+01:00,1934.594166177542,1959.5889228465026,1919.5973121761658,1929.59521484375,47004,0.0,0.0
2023-04-05 00:00:00+01:00,1919.5971867007672,2019.5762068414324,1899.6013826726344,1954.58984375,388769,0.0,0.0
2023-04-06 00:00:00+01:00,1954.5898843383789,1999.5804443359375,1919.5972265625,1999.5804443359375,180489,0.0,0.0
2023-04-11 00:00:00+01:00,2004.5792442770567,2069.5656038172106,1979.5844906077666,2039.5718994140625,29465,0.0,0.0
2023-04-12 00:00:00+01:00,2009.5786966463413,2049.5703125,1981.5845655487803,2049.5703125,38507,0.0,0.0
2023-04-13 00:00:00+01:00,2009.685890087183,2094.6726068321636,1979.690578294837,2069.676513671875,81461,11.0,0.0
2023-04-14 00:00:00+01:00,2079.6754954268295,2099.672375190549,1999.6879763719512,2049.68017578125,97480,0.0,0.0
2023-04-17 00:00:00+01:00,2049.679831180846,2099.672022185257,2029.682954779082,2089.673583984375,72954,0.0,0.0
2023-04-18 00:00:00+01:00,2089.673583984375,2099.672022185257,2059.6782693817286,2089.673583984375,24569,0.0,0.0
2023-04-19 00:00:00+01:00,2079.675142377336,2146.1647563043043,2059.6782660083236,2139.665771484375,270980,0.0,0.0
2023-04-20 00:00:00+01:00,2124.66796875,2199.65625,2099.671875,2149.6640625,89299,0.0,0.0
2023-04-21 00:00:00+01:00,2174.6605004204644,2174.6605004204644,2129.6675245496963,2159.662841796875,331035,0.0,0.0
2023-04-24 00:00:00+01:00,2174.66015625,2199.65625,2149.6640625,2149.6640625,218562,0.0,0.0
2023-04-25 00:00:00+01:00,2174.66015625,2199.65625,2149.6640625,2149.6640625,34046,0.0,0.0
2023-04-26 00:00:00+01:00,2174.66015625,2196.65671875,2149.6640625,2149.6640625,266840,0.0,0.0
2023-04-27 00:00:00+01:00,2174.6600592626287,2199.656151897831,2149.663966627426,2189.65771484375,150307,0.0,0.0
2023-04-28 00:00:00+01:00,2174.6605967156897,2199.656695528514,2149.664497902866,2169.661376953125,47234,0.0,0.0
2023-05-02 00:00:00+01:00,2174.6605004204644,2199.656598126447,2149.664402714482,2159.662841796875,34801,0.0,0.0
2023-05-03 00:00:00+01:00,2174.6605967156897,2196.657163670975,2149.664497902866,2169.661376953125,41975,0.0,0.0
2023-05-04 00:00:00+01:00,2179.659616921165,2199.656494140625,2169.6611783114345,2199.656494140625,137000,0.0,0.0
2023-05-05 00:00:00+01:00,2209.65478515625,2244.149396055748,2170.4609572445647,2209.65478515625,58477,0.0,0.0
2023-05-09 00:00:00+01:00,2224.6526296515217,2279.64404296875,2199.656532689145,2279.64404296875,152617,0.0,0.0
2023-05-10 00:00:00+01:00,2274.644482314324,2339.634324666162,2249.6483891020785,2269.645263671875,483008,0.0,0.0
2023-05-11 00:00:00+01:00,2289.642481753701,2298.641076660156,2249.6487266138984,2279.64404296875,402635,0.0,0.0
2023-05-12 00:00:00+01:00,2274.6447727369223,2299.640869140625,2249.64867633322,2299.640869140625,34213,0.0,0.0
2023-05-15 00:00:00+01:00,2274.6448235762746,2299.6409205386512,2249.6487266138984,2279.64404296875,22957,0.0,0.0
2023-05-16 00:00:00+01:00,2274.6448235762746,2299.6409205386512,2249.6487266138984,2279.64404296875,143922,0.0,0.0
2023-05-17 00:00:00+01:00,2274.6447837136006,2299.640880237926,2199.656494140625,2199.656494140625,129396,0.0,0.0
2023-05-18 00:00:00+01:00,2274.6448301306755,2294.6417077581978,2204.6557584343473,2229.65185546875,27733,0.0,0.0
2023-05-19 00:00:00+01:00,2224.652587890625,2249.648684383778,2199.6564913974717,2224.652587890625,142607,0.0,0.0
2023-05-22 00:00:00+01:00,2224.652587890625,2249.648684383778,2199.6564913974717,2224.652587890625,35060,0.0,0.0
2023-05-23 00:00:00+01:00,2224.652295889833,2269.645263671875,2199.656202677588,2269.645263671875,133965,0.0,0.0
2023-05-24 00:00:00+01:00,2249.6487266138984,2293.641857267681,2249.6487266138984,2279.64404296875,190672,0.0,0.0
2023-05-25 00:00:00+01:00,2269.6455588107638,2280.843761205541,2249.648681640625,2249.648681640625,516449,0.0,0.0
2023-05-26 00:00:00+01:00,2259.64697265625,2269.645410588357,2229.6516588599284,2259.64697265625,37495,0.0,0.0
2023-05-30 00:00:00+01:00,2244.649365561349,2259.6470227922714,2229.651708330427,2239.650146484375,25006,0.0,0.0
2023-05-31 00:00:00+01:00,2244.649315758089,2269.645410588357,2229.951660818389,2259.64697265625,205772,0.0,0.0
2023-06-01 00:00:00+01:00,2259.6470738316443,2269.6455122114303,2219.6533203125,2219.6533203125,24373,0.0,0.0
2023-06-02 00:00:00+01:00,2234.6510540771483,2244.049488833606,1999.687744140625,1999.687744140625,204249,0.0,0.0
2023-06-05 00:00:00+01:00,2234.6508800109586,2249.648536923784,2170.6608771829046,2209.65478515625,87131,0.0,0.0
2023-06-06 00:00:00+01:00,2184.65883622603,2204.155791515004,2159.6627397017046,2199.656494140625,31932,0.0,0.0
2023-06-07 00:00:00+01:00,2174.6605967156897,2199.656695528514,2129.6676188526067,2169.661376953125,75468,0.0,0.0
2023-06-08 00:00:00+01:00,2164.661866945641,2189.6579624069072,2099.6720187463493,2139.665771484375,55452,0.0,0.0
2023-06-09 00:00:00+01:00,2134.6667440908927,2159.662841796875,2109.6706463849105,2159.662841796875,75369,0.0,0.0
2023-06-12 00:00:00+01:00,2134.66640625,2179.659375,2109.6703125,2149.6640625,84888,0.0,0.0
2023-06-13 00:00:00+01:00,2144.664748100385,2219.653026005993,2099.671781357021,2189.65771484375,47224,0.0,0.0
2023-06-14 00:00:00+01:00,2184.6587366376602,2239.650146484375,2155.663265991211,2239.650146484375,146510,0.0,0.0
2023-06-15 00:00:00+01:00,2224.6526360618695,2236.6507626383827,2199.6565390274664,2229.65185546875,15824,0.0,0.0
2023-06-16 00:00:00+01:00,2219.6533203125,2224.652539502393,2199.656443552928,2219.6533203125,115774,0.0,0.0
2023-06-19 00:00:00+01:00,2209.65478515625,2219.6532230981334,2179.6594713305994,2209.65478515625,138821,0.0,0.0
2023-06-20 00:00:00+01:00,2209.6549299947333,2249.648684383778,2200.656335257198,2224.652587890625,5369,0.0,0.0
2023-06-21 00:00:00+01:00,2224.652489253453,2239.650146484375,2180.2595214909206,2239.650146484375,46012,0.0,0.0
2023-06-22 00:00:00+01:00,2209.6549327503553,2229.6518099698155,2179.659616921165,2199.656494140625,23783,0.0,0.0
2023-06-23 00:00:00+01:00,2204.6555661853085,2229.651661040017,2179.6594713305994,2209.65478515625,191551,0.0,0.0
2023-06-26 00:00:00+01:00,2204.655925822708,2204.655925822708,2119.669189453125,2119.669189453125,13252,0.0,0.0
2023-06-27 00:00:00+01:00,2124.668212890625,2149.6643095128675,2099.6721162683825,2124.668212890625,11888,0.0,0.0
2023-06-28 00:00:00+01:00,2124.6680174635053,2149.664111786605,2099.671923140405,2129.667236328125,29398,0.0,0.0
2023-06-29 00:00:00+01:00,2124.668215797061,2149.664312453497,2099.672119140625,2099.672119140625,43529,0.0,0.0
2023-06-30 00:00:00+01:00,2124.668212890625,2149.164387580423,2079.6752389705885,2124.668212890625,24150,0.0,0.0
2023-07-03 00:00:00+01:00,2124.6683129767107,2179.659728136108,2099.6722151769845,2109.670654296875,58441,0.0,0.0
2023-07-04 00:00:00+01:00,2139.665771484375,2179.6595242224007,2099.6720187463493,2139.665771484375,121580,0.0,0.0
2023-07-05 00:00:00+01:00,2129.667532536656,2159.6628498963273,2109.670654296875,2109.670654296875,24952,0.0,0.0
2023-07-06 00:00:00+01:00,2129.667236328125,2153.6634868783012,2099.671923140405,2129.667236328125,6548,0.0,0.0
2023-07-07 00:00:00+01:00,2129.667236328125,2129.667236328125,2099.671923140405,2129.667236328125,61052,0.0,0.0
2023-07-10 00:00:00+01:00,2129.667435128348,2169.661189778646,2099.672119140625,2099.672119140625,13113,0.0,0.0
2023-07-11 00:00:00+01:00,2124.668228149414,2129.6674475097657,1999.687744140625,1999.687744140625,13314,0.0,0.0
2023-07-12 00:00:00+01:00,2084.6747153677593,2149.6645745998476,2049.68017578125,2049.68017578125,21476,0.0,0.0
2023-07-13 00:00:00+01:00,2064.677595825195,2099.672131347656,1999.687744140625,1999.687744140625,27088,0.0,0.0
2023-07-14 00:00:00+01:00,2014.6854470539563,2039.6815444119459,1979.690910752771,2029.68310546875,132529,0.0,0.0
2023-07-17 00:00:00+01:00,2024.683829171317,2139.6658737909224,1999.687732514881,2099.672119140625,50408,0.0,0.0
2023-07-18 00:00:00+01:00,2089.6738607520883,2174.6605967156897,2099.672300277218,2169.661376953125,77847,0.0,0.0
2023-07-19 00:00:00+01:00,2179.659277789669,2199.2563120566547,2164.8115011233717,2189.65771484375,142465,0.0,0.0
2023-07-20 00:00:00+01:00,2174.6603976162996,2219.653371360085,2179.659616921165,2199.656494140625,24004,0.0,0.0
2023-07-21 00:00:00+01:00,2199.656494140625,2219.653371360085,2184.65883622603,2199.656494140625,151966,0.0,0.0
2023-07-24 00:00:00+01:00,2199.656494140625,2219.653371360085,2184.65883622603,2199.656494140625,329059,0.0,0.0
2023-07-25 00:00:00+01:00,2244.649513689392,2289.6424883513173,2189.6581002137054,2229.65185546875,602397,0.0,0.0
2023-07-26 00:00:00+01:00,2199.656494140625,2219.653371360085,2199.656494140625,2199.656494140625,67257,0.0,0.0
2023-07-27 00:00:00+01:00,2199.656494140625,2219.653371360085,2206.1105643760075,2199.656494140625,2869,0.0,0.0
2023-07-28 00:00:00+01:00,2199.6563938685827,2246.6490531921386,2201.6560814993722,2239.650146484375,123227,0.0,0.0
2023-07-31 00:00:00+01:00,2224.6525851779516,2249.648681640625,2214.654146592882,2249.648681640625,26301,0.0,0.0
2023-08-01 00:00:00+01:00,2249.648534724143,2319.6376002488937,2229.6516588599284,2259.64697265625,292253,0.0,0.0
2023-08-02 00:00:00+01:00,2284.6431181771413,2284.5730607613655,2220.2532741067134,2239.650146484375,13617,0.0,0.0
2023-08-03 00:00:00+01:00,2239.650453629032,2319.6379698300693,2169.661376953125,2169.661376953125,101810,0.0,0.0
2023-08-04 00:00:00+01:00,2284.6429195992223,2298.6407317980793,2249.6483891020785,2269.645263671875,19219,0.0,0.0
2023-08-07 00:00:00+01:00,2284.64306640625,2291.641972955416,2249.648533660421,2284.64306640625,10644,0.0,0.0
2023-08-08 00:00:00+01:00,2274.6448235762746,2284.6432623612254,2239.6502878289475,2279.64404296875,109234,0.0,0.0
2023-08-09 00:00:00+01:00,2284.643213963771,2319.63774896978,2249.648678957761,2274.644775390625,17944,0.0,0.0
2023-08-10 00:00:00+01:00,2249.648893154162,2299.64109077981,2169.661376953125,2169.661376953125,93726,0.0,0.0
2023-08-11 00:00:00+01:00,2274.6447781032984,2299.6408745659724,2249.648681640625,2249.648681640625,6441,0.0,0.0
2023-08-14 00:00:00+01:00,2264.646193836609,2279.6438507494345,2204.6555661853085,2209.65478515625,63519,0.0,0.0
2023-08-15 00:00:00+01:00,2224.652244533034,2239.6499001141556,2179.659277789669,2189.65771484375,12815,0.0,0.0
2023-08-16 00:00:00+01:00,2174.6603051301477,2199.156478682188,2129.6673332998685,2139.665771484375,19524,0.0,0.0
2023-08-17 00:00:00+01:00,2124.668069487637,2149.6641644227852,2054.6790036692205,2059.67822265625,28487,0.0,0.0
2023-08-18 00:00:00+01:00,2064.6775927131557,2079.675250771605,2019.6846185378088,2024.683837890625,13097,0.0,0.0
2023-08-21 00:00:00+01:00,2024.6837895459469,2069.6767626469677,2019.6845703125,2019.6845703125,28595,0.0,0.0
2023-08-22 00:00:00+01:00,2044.6805656951608,2099.671974552488,2036.6818153159134,2059.67822265625,8297,0.0,0.0
2023-08-23 00:00:00+01:00,2059.67822265625,2069.6766606303095,2049.6797846821905,2059.67822265625,4140,0.0,0.0
2023-08-24 00:00:00+01:00,2059.6784151517427,2099.6721707857573,2049.6799762432393,2079.67529296875,19418,0.0,0.0
2023-08-25 00:00:00+01:00,2089.673731877254,2099.6721707857573,2059.6784151517427,2079.67529296875,6080,0.0,0.0
2023-08-29 00:00:00+01:00,2084.674364883934,2099.672022185257,2069.6767075826106,2089.673583984375,34643,0.0,0.0
2023-08-30 00:00:00+01:00,2084.674364883934,2129.1674148778598,2079.675145783493,2089.673583984375,37635,0.0,0.0
2023-08-31 00:00:00+01:00,2099.6720187463493,2139.665771484375,2079.675142377336,2139.665771484375,24812,0.0,0.0
2023-09-01 00:00:00+01:00,2099.672022185257,2100.0718620722946,2059.6782693817286,2089.673583984375,56783,0.0,0.0
2023-09-04 00:00:00+01:00,2089.6736804780508,2109.6705578031992,2079.675241815476,2099.672119140625,12831,0.0,0.0
2023-09-05 00:00:00+01:00,2089.673683405497,2099.672122082078,2049.679928699172,2074.676025390625,97714,0.0,0.0
2023-09-06 00:00:00+01:00,2074.6760735144985,2089.673731877254,2049.6799762432393,2079.67529296875,64795,0.0,0.0
2023-09-07 00:00:00+01:00,2074.6760735144985,2089.673731877254,2064.6776346059946,2079.67529296875,125906,0.0,0.0
2023-09-08 00:00:00+01:00,2084.67431640625,2099.671973358813,2069.676659453687,2084.67431640625,13896,0.0,0.0
2023-09-11 00:00:00+01:00,2084.6746509480026,2149.1645861931565,2070.1769135673094,2119.669189453125,9739,0.0,0.0
2023-09-12 00:00:00+01:00,2129.667629026017,2159.6629477446936,2099.672310307341,2119.669189453125,284190,0.0,0.0
2023-09-13 00:00:00+01:00,2159.6625258501836,2169.6609634698607,1980.6904924579694,2039.6812744140625,192671,0.0,0.0
2023-09-14 00:00:00+01:00,2044.6809558403202,2069.67705554497,2032.7638700240996,2049.68017578125,149578,0.0,0.0
2023-09-15 00:00:00+01:00,2054.6789308435777,2069.6765872730925,2009.685961555032,2039.6812744140625,95438,0.0,0.0
2023-09-18 00:00:00+01:00,2039.681349113806,2069.676663071362,1989.689159184546,2009.68603515625,23478,0.0,0.0
2023-09-19 00:00:00+01:00,2004.686816163324,2014.685254149176,1989.689159184546,2009.68603515625,643439,0.0,0.0
2023-09-20 00:00:00+01:00,2014.6854022216796,2038.681655151367,1999.687744140625,1999.687744140625,97009,0.0,0.0
2023-09-21 00:00:00+01:00,2019.7219787597658,2059.716473388672,1994.7254196166994,1999.7247314453125,175401,3.7,0.0
2023-09-22 00:00:00+01:00,2019.7219787597658,2039.7192260742188,1989.726107788086,1999.7247314453125,90345,0.0,0.0
2023-09-25 00:00:00+01:00,1994.7254196166994,1999.7247314453125,1979.9274077825994,1999.7247314453125,64357,0.0,0.0
2023-09-26 00:00:00+01:00,1989.7259176235007,1999.7245403251263,1979.727294921875,1979.727294921875,42412,0.0,0.0
2023-09-27 00:00:00+01:00,1984.7265898714359,1989.7259011809358,1939.7327880859375,1939.7327880859375,29951,0.0,0.0
2023-09-28 00:00:00+01:00,1969.728848204321,1999.7247189891582,1939.7329774194836,1959.730224609375,16957,0.0,0.0
2023-09-29 00:00:00+01:00,1924.7348561006434,1949.731412673379,1859.7438090115309,1869.742431640625,1881165,0.0,0.0
2023-10-02 00:00:00+01:00,1889.7398898216986,1899.7385135773688,1859.7440185546875,1859.7440185546875,60255,0.0,0.0
2023-10-03 00:00:00+01:00,1879.741242868699,1899.7384901332596,1824.998778481964,1834.7474365234375,17994,0.0,0.0
2023-10-04 00:00:00+01:00,1854.7445903756764,1889.739771326161,1785.4041633887746,1789.7535400390625,16237,0.0,0.0
2023-10-05 00:00:00+01:00,1817.2497740658846,1799.7521833939986,1759.7576904296875,1759.7576904296875,51206,0.0,0.0
2023-10-06 00:00:00+01:00,1779.7549071589335,1804.75146484375,1769.7562840850069,1804.75146484375,67047,0.0,0.0
2023-10-09 00:00:00+01:00,1794.7529296875,1819.7494885967967,1769.7563707782033,1794.7529296875,13680,0.0,0.0
2023-10-10 00:00:00+01:00,1794.7528559160105,1864.7432179851585,1781.7546458174543,1844.7459716796875,19028,0.0,0.0
2023-10-11 00:00:00+01:00,1844.745927800359,1859.7438621727197,1832.145612428736,1849.7452392578125,38392,0.0,0.0
2023-10-12 00:00:00+01:00,1844.7459672469665,1859.7439019400313,1779.7549169103527,1789.7535400390625,57712,0.0,0.0
2023-10-13 00:00:00+01:00,1799.7521484375,1802.7517353515625,1719.7631640625,1749.759033203125,152128,0.0,0.0
2023-10-16 00:00:00+01:00,1744.7597968606387,1767.756630859375,1699.7659912109375,1699.7659912109375,31276,0.0,0.0
2023-10-17 00:00:00+01:00,1714.763877914891,1729.7618127071496,1633.6080608407656,1649.7728271484375,138039,0.0,0.0
2023-10-18 00:00:00+01:00,1654.7722061979557,1708.7647736509402,1649.7728943967534,1669.7701416015625,43867,0.0,0.0
2023-10-19 00:00:00+01:00,1669.7701006762554,1729.7618408203125,1666.7705136690527,1729.7618408203125,47077,0.0,0.0
2023-10-20 00:00:00+01:00,1699.7659471797103,1721.1919519593814,1686.9007753170306,1704.7652587890625,60099,0.0,0.0
2023-10-23 00:00:00+01:00,1699.7659912109375,1709.7646146886489,1689.7673677332261,1699.7659912109375,78478,0.0,0.0
2023-10-24 00:00:00+01:00,1694.766631525213,1699.7659431226325,1639.7742039535983,1649.7728271484375,187326,0.0,0.0
2023-10-25 00:00:00+01:00,1649.7728127426242,1659.7714358501553,1587.7813494759316,1609.7783203125,53598,0.0,0.0
2023-10-26 00:00:00+01:00,1619.7769982679836,1609.7783748218849,1564.784569314441,1589.7811279296875,66801,0.0,0.0
2023-10-27 00:00:00+01:00,1614.777686544934,1648.7730062616695,1579.7825044835888,1589.7811279296875,82063,0.0,0.0
2023-10-30 00:00:00+00:00,1594.7804055515724,1609.7783404000197,1579.782470703125,1579.782470703125,12939,0.0,0.0
2023-10-31 00:00:00+00:00,1594.7804608467297,1609.7783962151943,1559.7852783203125,1559.7852783203125,24476,0.0,0.0
2023-11-01 00:00:00+00:00,1594.7803759765625,1609.778310546875,1499.79345703125,1499.79345703125,35427,0.0,0.0
2023-11-02 00:00:00+00:00,1574.783159086976,1599.7797171677214,1549.7866010062303,1579.782470703125,82154,0.0,0.0
2023-11-03 00:00:00+00:00,1579.7825044835888,1619.7769982679836,1571.78360572671,1589.7811279296875,22948,0.0,0.0
2023-11-06 00:00:00+00:00,1599.7796630859375,1619.7769088745117,1579.7824172973633,1599.7796630859375,13985,0.0,0.0
2023-11-07 00:00:00+00:00,1599.7797439759036,1699.7659779743976,1599.7797439759036,1659.771484375,47727,0.0,0.0
2023-11-08 00:00:00+00:00,1669.7700160234824,1739.7603759765625,1634.7748360469423,1739.7603759765625,62653,0.0,0.0
2023-11-09 00:00:00+00:00,1694.7666393626819,1779.754936911843,1634.7748999162154,1759.7576904296875,48166,0.0,0.0
2023-11-10 00:00:00+00:00,1759.7576369382023,1779.7548828125,1739.7603910639045,1779.7548828125,122201,0.0,0.0
2023-11-13 00:00:00+00:00,1759.757710892341,1779.7549576070269,1729.7618408203125,1729.7618408203125,33665,0.0,0.0
2023-11-14 00:00:00+00:00,1749.7590875349983,1769.756334249684,1699.765970748284,1729.7618408203125,54259,0.0,0.0
2023-11-15 00:00:00+00:00,1744.75978327372,1759.757718373494,1659.771484375,1659.771484375,9540,0.0,0.0
2023-11-16 00:00:00+00:00,1733.761236328125,1759.75765625,1699.76591796875,1749.759033203125,99179,0.0,0.0
2023-11-17 00:00:00+00:00,1724.7625394326258,1764.7570331006286,1691.7670821565234,1714.763916015625,49454,0.0,0.0
2023-11-20 00:00:00+00:00,1729.7617531261226,1759.7576216774426,1721.7628548457706,1739.7603759765625,34474,0.0,0.0
2023-11-21 00:00:00+00:00,1742.2601098003224,1758.7578382431948,1729.761830676934,1744.759765625,109326,0.0,0.0
2023-11-22 00:00:00+00:00,1742.2600757258083,1759.75766615634,1724.7624852952765,1734.7611083984375,219921,0.0,0.0
2023-11-23 00:00:00+00:00,1732.2614526226473,1739.7604199500179,1724.7624852952765,1734.7611083984375,21502,0.0,0.0
2023-11-24 00:00:00+00:00,1709.7645168138588,1739.7603855298914,1724.762451171875,1724.762451171875,34106,0.0,0.0
2023-11-27 00:00:00+00:00,1727.2621123924685,1779.7548828125,1724.7624566581812,1779.7548828125,29812,0.0,0.0
2023-11-28 00:00:00+00:00,1729.7618408203125,1769.756334249684,1719.7632174629698,1729.7618408203125,91803,0.0,0.0
2023-11-29 00:00:00+00:00,1744.7597216796876,1769.7562792968752,1719.7631640625,1749.759033203125,146435,0.0,0.0
2023-11-30 00:00:00+00:00,1734.7610837702166,1749.759018212034,1709.7645263671875,1709.7645263671875,211272,0.0,0.0
2023-12-01 00:00:00+00:00,1734.7611950171922,1749.759130420799,1669.7701416015625,1669.7701416015625,29048,0.0,0.0
2023-12-04 00:00:00+00:00,1684.7680357122697,1729.7618408203125,1650.272785129437,1729.7618408203125,141710,0.0,0.0
2023-12-05 00:00:00+00:00,1704.7652053611866,1754.7583198879076,1679.7686480978261,1724.762451171875,30752,0.0,0.0
2023-12-06 00:00:00+00:00,1709.764560433321,1729.7618067541787,1693.317850583861,1719.76318359375,61024,0.0,0.0
2023-12-07 00:00:00+00:00,1704.7652824269555,1729.7618408203125,1650.4727087751808,1729.7618408203125,25111,0.0,0.0
2023-12-08 00:00:00+00:00,1699.7659779743976,1719.7632247740964,1639.807192022542,1659.771484375,83106,0.0,0.0
2023-12-11 00:00:00+00:00,1657.2717601497,1674.7693503775247,1569.7838090105754,1639.774169921875,55882,0.0,0.0
2023-12-12 00:00:00+00:00,1639.774169921875,1649.7727929092034,1594.7803664788967,1639.774169921875,227016,0.0,0.0
2023-12-13 00:00:00+00:00,1619.776943420031,1659.7714358501553,1606.7787333802407,1609.7783203125,116387,0.0,0.0
2023-12-14 00:00:00+00:00,1619.7769088745117,1669.7700233459473,1589.7810401916504,1599.7796630859375,94750,0.0,0.0
2023-12-15 00:00:00+00:00,1614.7776318662657,1639.7741896350933,1589.781074097438,1609.7783203125,225563,0.0,0.0
2023-12-18 00:00:00+00:00,1619.7769575639204,1674.769385135535,1589.7810879794033,1649.7728271484375,22428,0.0,0.0
2023-12-19 00:00:00+00:00,1619.7770235895398,1669.7701416015625,1619.7770235895398,1669.7701416015625,157475,0.0,0.0
2023-12-20 00:00:00+00:00,1644.7735046727696,1789.7535400390625,1649.7728162371245,1789.7535400390625,50546,0.0,0.0
2023-12-21 00:00:00+00:00,1704.7651960000223,1749.7589988270024,1679.7686388739223,1739.7603759765625,127689,0.0,0.0
2023-12-22 00:00:00+00:00,1714.7638957288682,1744.759765625,1710.764446409384,1744.759765625,3109,0.0,0.0
2023-12-27 00:00:00+00:00,1704.7652294921875,1754.7583447265627,1679.768671875,1749.759033203125,25800,0.0,0.0
2023-12-28 00:00:00+00:00,1724.762432391827,1754.75830078125,1679.7686298076924,1754.75830078125,5696,0.0,0.0
2023-12-29 00:00:00+00:00,1724.7624755859376,1749.759033203125,1699.76591796875,1749.759033203125,8717,0.0,0.0
2024-01-02 00:00:00+00:00,1724.7624417009024,1799.7521130792027,1719.7631302756824,1739.7603759765625,15467,0.0,0.0
2024-01-03 00:00:00+00:00,1764.7570020502264,1799.7521833939986,1719.7631974653764,1759.7576904296875,6440,0.0,0.0
2024-01-04 00:00:00+00:00,1749.7590671886096,1784.754248532382,1719.7631974653764,1759.7576904296875,12743,0.0,0.0
2024-01-05 00:00:00+00:00,1759.75765625,1779.75490234375,1709.7645410156251,1749.759033203125,21837,0.0,0.0
2024-01-08 00:00:00+00:00,1739.7604101562501,1761.484469224453,1709.7645410156251,1749.759033203125,8861,0.0,0.0
2024-01-09 00:00:00+00:00,1734.7611128311582,1789.7535400390625,1739.7604243955132,1789.7535400390625,111414,0.0,0.0
2024-01-10 00:00:00+00:00,1769.756254245924,1799.7521229619565,1724.762451171875,1724.762451171875,178090,0.0,0.0
2024-01-11 00:00:00+00:00,1769.7562445278825,1769.7562445278825,1709.7645074252425,1739.7603759765625,32378,0.0,0.0
2024-01-12 00:00:00+00:00,1749.759043053179,1779.754912362662,1719.763173743696,1734.7611083984375,20474,0.0,0.0
2024-01-15 00:00:00+00:00,1724.7625154574241,1739.760450374445,1689.767333984375,1689.767333984375,18526,0.0,0.0
2024-01-16 00:00:00+00:00,1719.7632596135854,1769.7563776256081,1660.7713803593983,1669.7701416015625,243413,0.0,0.0
2024-01-17 00:00:00+00:00,1674.7693990673538,1734.7611387354382,1649.7728408723187,1689.767333984375,115315,0.0,0.0
2024-01-18 00:00:00+00:00,1714.763923807347,1749.7591059258643,1609.7783774517952,1644.7735595703125,368607,0.0,0.0
2024-01-19 00:00:00+00:00,1644.7735113544525,1729.7618082937402,1585.3317454341998,1594.7803955078125,82202,0.0,0.0
2024-01-22 00:00:00+00:00,1602.2794518696396,1609.7784196631014,1579.7825484892546,1584.7818603515625,494118,0.0,0.0
2024-01-23 00:00:00+00:00,1594.7803710159983,1609.7783055396596,1559.7851904607883,1569.7838134765625,220025,0.0,0.0
2024-01-24 00:00:00+00:00,1564.7845561365928,1579.7824911794355,1549.78662109375,1549.78662109375,146774,0.0,0.0
2024-01-25 00:00:00+00:00,1564.78457721911,1579.7825124640215,1499.7935244911596,1519.790771484375,133690,0.0,0.0
2024-01-26 00:00:00+00:00,1519.7906329180744,1519.390663603975,1459.7988974081504,1479.796142578125,3893784,0.0,0.0
2024-01-29 00:00:00+00:00,1514.7914520839474,1599.7797513757862,1479.7962700226021,1589.7811279296875,335140,0.0,0.0
2024-01-30 00:00:00+00:00,1584.7817529296876,1649.2728715820313,1584.7817529296876,1624.7762451171875,124474,0.0,0.0
2024-01-31 00:00:00+00:00,1619.7769575639204,1679.7686967329544,1609.7783343690814,1649.7728271484375,172678,0.0,0.0
2024-02-01 00:00:00+00:00,1674.769442866747,1719.7632487945104,1649.7728840179896,1684.76806640625,40569,0.0,0.0
2024-02-02 00:00:00+00:00,1689.7673473909413,1739.7604641776554,1669.7701006762554,1729.7618408203125,89412,0.0,0.0
2024-02-05 00:00:00+00:00,1734.7610645513425,1769.7562445278825,1723.3626100911406,1739.7603759765625,304888,0.0,0.0
2024-02-06 00:00:00+00:00,1769.7563036421654,1799.7521731954225,1749.7590572733275,1774.755615234375,236689,0.0,0.0
2024-02-07 00:00:00+00:00,1779.7548483293608,1799.7520938162077,1759.7576028425142,1769.7562255859375,290029,0.0,0.0
2024-02-08 00:00:00+00:00,1779.754936911843,1799.7521833939986,1759.7576904296875,1759.7576904296875,13657,0.0,0.0
2024-02-09 00:00:00+00:00,1779.754887095669,1769.7562641344573,1699.765903405976,1709.7645263671875,73166,0.0,0.0
2024-02-12 00:00:00+00:00,1714.763916015625,1729.7618511411263,1699.765980890124,1714.763916015625,68941,0.0,0.0
2024-02-13 00:00:00+00:00,1724.7625154574241,1749.7590736524592,1679.768710706361,1689.767333984375,1191495,0.0,0.0
2024-02-14 00:00:00+00:00,1714.7639264275047,1749.7591085994945,1679.7687442555148,1699.7659912109375,255979,0.0,0.0
2024-02-15 00:00:00+00:00,1709.7645263671875,1739.7603952508223,1679.7686574835527,1709.7645263671875,121222,0.0,0.0
2024-02-16 00:00:00+00:00,1709.7645263671875,1734.7610837702166,1679.7686574835527,1709.7645263671875,23098,0.0,0.0
2024-02-19 00:00:00+00:00,1689.7673199277936,1699.7659431226325,1644.773515551018,1649.7728271484375,185324,0.0,0.0
2024-02-20 00:00:00+00:00,1664.7708298003602,1679.7687652039672,1650.0729019262299,1669.7701416015625,96876,0.0,0.0
2024-02-21 00:00:00+00:00,1664.7708298003602,1719.7632596135854,1657.2718620985568,1669.7701416015625,115883,0.0,0.0
2024-02-22 00:00:00+00:00,1694.766700607574,1722.2629155141865,1649.7728943967534,1669.7701416015625,127579,0.0,0.0
2024-02-23 00:00:00+00:00,1654.7722061979557,1689.7673888063716,1639.774270794349,1669.7701416015625,80118,0.0,0.0
2024-02-26 00:00:00+00:00,1674.769365219843,1739.7604152134486,1649.7728075299945,1679.7686767578125,68911,0.0,0.0
2024-02-27 00:00:00+00:00,1704.765234447661,1739.7604152134486,1669.7700536818732,1679.7686767578125,74546,0.0,0.0
2024-02-28 00:00:00+00:00,1704.765234447661,1734.761103675479,1679.7686767578125,1679.7686767578125,162463,0.0,0.0
2024-02-29 00:00:00+00:00,1704.765302949793,1729.7618616440716,1684.7680559943703,1699.7659912109375,62147,0.0,0.0
2024-03-01 00:00:00+00:00,1709.764580540403,1719.763203818417,1689.767333984375,1689.767333984375,35616,0.0,0.0
2024-03-04 00:00:00+00:00,1704.765302949793,1739.7604851217832,1689.7673677332261,1699.7659912109375,44936,0.0,0.0
2024-03-05 00:00:00+00:00,1719.763149328399,1739.7603952508223,1649.7727885999177,1709.7645263671875,27203,0.0,0.0
2024-03-06 00:00:00+00:00,1719.76318359375,1739.7604299146076,1699.7659372728924,1719.76318359375,70774,0.0,0.0
2024-03-07 00:00:00+00:00,1724.7625394326258,1739.7604745581268,1710.064611831038,1714.763916015625,64536,0.0,0.0
2024-03-08 00:00:00+00:00,1724.7624951739645,1739.7604299146076,1709.764560433321,1719.76318359375,33639,0.0,0.0
2024-03-11 00:00:00+00:00,1724.7624951739645,1736.760842966479,1709.764560433321,1719.76318359375,30000,0.0,0.0
2024-03-12 00:00:00+00:00,1724.7625394326258,1739.7604745581268,1709.7646043071247,1714.763916015625,43689,0.0,0.0
2024-03-13 00:00:00+00:00,1724.7625154574241,1739.760450374445,1680.7685730341623,1689.767333984375,39643,0.0,0.0
2024-03-14 00:00:00+00:00,1709.764601374247,1709.764601374247,1657.2718285250378,1659.771484375,21767,0.0,0.0
2024-03-15 00:00:00+00:00,1674.7694194747742,1709.764601374247,1649.7728609751507,1659.771484375,95531,0.0,0.0
2024-03-18 00:00:00+00:00,1659.771484375,1679.7687311746988,1649.7728609751507,1659.771484375,19066,0.0,0.0
2024-03-19 00:00:00+00:00,1669.7700388838605,1679.768661871189,1610.1782702900832,1639.774169921875,130964,0.0,0.0
2024-03-20 00:00:00+00:00,1684.7679971876091,1799.7521631677723,1674.7693740588993,1789.7535400390625,572631,0.0,0.0
2024-03-21 00:00:00+00:00,1789.7535302328602,1819.7493994546398,1789.7535302328602,1804.75146484375,283652,0.0,0.0
2024-03-22 00:00:00+00:00,1804.75146484375,1819.7493994546398,1789.7535302328602,1804.75146484375,161911,0.0,0.0
2024-03-25 00:00:00+00:00,1804.751421006345,1839.7466009150553,1779.754863928695,1809.750732421875,78624,0.0,0.0
2024-03-26 00:00:00+00:00,1809.7509211972763,1839.7467928193305,1779.755049575222,1829.7481689453125,109728,0.0,0.0
2024-03-27 00:00:00+00:00,1819.749501075017,1839.7467483395776,1799.7522538104565,1834.7474365234375,215373,0.0,0.0
2024-03-28 00:00:00+00:00,1829.7481586657073,1899.738525390625,1799.752287212171,1899.738525390625,124069,0.0,0.0
2024-04-02 00:00:00+01:00,1889.7399015727797,1949.7316444798519,1865.8431662374264,1899.738525390625,129462,0.0,0.0
2024-04-03 00:00:00+01:00,1879.7412777549341,1979.727515933388,1849.745406301398,1899.738525390625,53269,0.0,0.0
2024-04-04 00:00:00+01:00,1924.859500904982,1909.860595703125,1890.0619920121126,1909.860595703125,400641,12.3,0.0
2024-04-05 00:00:00+01:00,1899.8613255685536,1949.8576762414104,1899.8613255685536,1909.860595703125,121204,0.0,0.0
2024-04-08 00:00:00+01:00,1919.8598582474226,1979.5554518902425,1899.8613180573452,1939.8583984375,59807,0.0,0.0
2024-04-09 00:00:00+01:00,1939.858493447891,2036.8514181202856,1949.6578274455417,2029.8519287109375,845668,0.0,0.0
2024-04-10 00:00:00+01:00,1999.8539719626167,2149.143119794186,1999.8539719626167,2139.84375,236861,0.0,0.0
2024-04-11 00:00:00+01:00,2114.845703125,2149.8431497488177,2079.848256501182,2114.845703125,33869,0.0,0.0
2024-04-12 00:00:00+01:00,2114.8455753504672,2199.8393691588785,2082.8479117990655,2139.84375,285049,0.0,0.0
2024-04-15 00:00:00+01:00,2129.844480140187,2159.842289719626,2099.8466705607475,2139.84375,71278,0.0,0.0
2024-04-16 00:00:00+01:00,2144.8433990478516,2134.8441291222202,2049.850334754357,2079.84814453125,84546,0.0,0.0
2024-04-17 00:00:00+01:00,2094.847306116616,2092.8474518864327,2020.1527994438495,2049.8505859375,146722,0.0,0.0
2024-04-18 00:00:00+01:00,2049.850469880503,2079.2482277506383,1979.8555757870229,2029.8519287109375,88571,0.0,0.0
2024-04-19 00:00:00+01:00,2034.8514465028375,2049.5503245891327,2003.853709479944,2009.853271484375,258914,0.0,0.0
2024-04-22 00:00:00+01:00,2019.8526611328125,2059.849743531482,2001.853974053411,2019.8526611328125,1271541,0.0,0.0
2024-04-23 00:00:00+01:00,2019.852534275429,2059.8496141620712,1999.853994332108,2039.85107421875,503878,0.0,0.0
2024-04-24 00:00:00+01:00,2039.8510671422102,2094.8470517955543,1999.8539873943237,2069.848876953125,32708,0.0,0.0
2024-04-25 00:00:00+01:00,2069.8491282393293,2089.8476705411585,2039.8513147865854,2049.8505859375,166217,0.0,0.0
2024-04-26 00:00:00+01:00,2044.8507044523665,2096.54688126115,2039.8510694781553,2059.849609375,42497,0.0,0.0
2024-04-29 00:00:00+01:00,2059.849604679988,2079.84814453125,2039.8510648287258,2079.84814453125,171720,0.0,0.0
2024-04-30 00:00:00+01:00,2059.849591121495,2146.5092789124105,2039.851051401869,2139.84375,176836,0.0,0.0
2024-05-01 00:00:00+01:00,2119.845458984375,2149.8432720832106,2099.8469169184846,2119.845458984375,184653,0.0,0.0
2024-05-02 00:00:00+01:00,2149.8430315957685,2199.8393811677633,2049.850332451779,2089.847412109375,409843,0.0,0.0
2024-05-03 00:00:00+01:00,2099.846923828125,2099.846923828125,2049.850568498884,2099.846923828125,152511,0.0,0.0
2024-05-07 00:00:00+01:00,2089.847402939774,2129.844482421875,2049.8503234576733,2129.844482421875,191465,0.0,0.0
2024-05-08 00:00:00+01:00,2149.8432516395496,2219.8381482045584,2049.850542260966,2179.841064453125,197061,0.0,0.0
2024-05-09 00:00:00+01:00,2139.843987358941,2209.83888414171,2119.845445421007,2159.842529296875,283421,0.0,0.0
2024-05-10 00:00:00+01:00,2149.8429917659005,2289.8327679739127,2139.843722036757,2269.834228515625,327232,0.0,0.0
2024-05-13 00:00:00+01:00,2219.8381516417053,2299.8323192684334,2159.842525921659,2169.841796875,270807,0.0,0.0
2024-05-14 00:00:00+01:00,2169.841770833333,2249.8359375,2149.843229166667,2249.8359375,122799,0.0,0.0
2024-05-15 00:00:00+01:00,2239.836421460177,2279.833500414823,2199.839342505531,2259.8349609375,166126,0.0,0.0
2024-05-16 00:00:00+01:00,2259.835214931334,2279.83375665639,2209.838860618694,2229.83740234375,107054,0.0,0.0
2024-05-17 00:00:00+01:00,2299.8320377030564,2309.8313074322,2209.8386101407627,2269.834228515625,126298,0.0,0.0
2024-05-20 00:00:00+01:00,2239.8366570723683,2299.8322818153783,2239.8366570723683,2279.833740234375,93764,0.0,0.0
2024-05-21 00:00:00+01:00,2259.835211617606,2293.832732500349,2199.839586530413,2239.836669921875,125268,0.0,0.0
2024-05-22 00:00:00+01:00,2269.834479166667,2269.834479166667,2209.838854166667,2249.8359375,212839,0.0,0.0
2024-05-23 00:00:00+01:00,2249.8358945966265,2389.82568359375,2214.8384473473457,2389.82568359375,327393,0.0,0.0
2024-05-24 00:00:00+01:00,2389.8256929041977,2409.8242342674125,2322.8305793374275,2359.827880859375,208357,0.0,0.0
2024-05-28 00:00:00+01:00,2349.82861328125,2439.8220495345745,2349.82861328125,2349.82861328125,251872,0.0,0.0
2024-05-29 00:00:00+01:00,2349.8286227522226,2359.8278934873383,2289.8329983415274,2319.830810546875,75875,0.0,0.0
2024-05-30 00:00:00+01:00,2309.83155260588,2329.830094186883,2279.833740234375,2279.833740234375,46879,0.0,0.0
2024-05-31 00:00:00+01:00,2279.8337276064117,2339.829352017107,2254.835550768622,2319.830810546875,403167,0.0,0.0
2024-06-03 00:00:00+01:00,2319.830562232906,2359.8276408920938,2269.834213908921,2339.8291015625,88770,0.0,0.0
2024-06-04 00:00:00+01:00,2359.8279032478163,2359.8279032478163,2277.8338828807314,2289.8330078125,54179,0.0,0.0
2024-06-05 00:00:00+01:00,2339.8293584408966,2339.8293584408966,2269.8344631029213,2299.832275390625,69056,0.0,0.0
2024-06-06 00:00:00+01:00,2269.834418845663,2449.8212890625,2259.8351482780613,2449.8212890625,309546,0.0,0.0
2024-06-07 00:00:00+01:00,2409.824186779204,2519.816162109375,2399.8249162946427,2519.816162109375,148158,0.0,0.0
2024-06-10 00:00:00+01:00,2449.821042936992,2508.616796792038,2429.8225038109754,2459.8203125,93666,0.0,0.0
2024-06-11 00:00:00+01:00,2449.821292064229,2499.817644963499,2429.822750904521,2439.822021484375,56858,0.0,0.0
2024-06-12 00:00:00+01:00,2409.8242127218364,2449.8212950906636,2389.8256715374227,2429.82275390625,92520,0.0,0.0
2024-06-13 00:00:00+01:00,2459.8203247070314,2459.8203247070314,2374.8265329996743,2399.82470703125,83727,0.0,0.0
2024-06-14 00:00:00+01:00,2439.8220368070083,2439.8220368070083,2369.8271423084466,2389.82568359375,66303,0.0,0.0
2024-06-17 00:00:00+01:00,2369.8271515409824,2423.423340043527,2349.8286101777676,2359.827880859375,42799,0.0,0.0
2024-06-18 00:00:00+01:00,2429.8227661643564,2429.8227661643564,2329.8300597378397,2389.82568359375,145167,0.0,0.0
2024-06-19 00:00:00+01:00,2409.824231111551,2409.824231111551,2319.830795094937,2369.8271484375,111468,0.0,0.0
2024-06-20 00:00:00+01:00,2349.828577698001,2499.8176358489372,2349.828577698001,2469.81982421875,334117,0.0,0.0
2024-06-21 00:00:00+01:00,2439.822009671119,2509.8169033911918,2439.822009671119,2479.819091796875,2242030,0.0,0.0
2024-06-24 00:00:00+01:00,2459.8205687467716,2499.8176511654183,2370.2470245509107,2419.823486328125,243435,0.0,0.0
2024-06-25 00:00:00+01:00,2389.8256897745255,2439.822043117089,2359.8278777689875,2369.8271484375,257831,0.0,0.0
2024-06-26 00:00:00+01:00,2359.827906558388,2439.8220728824012,2233.012203582415,2279.833740234375,156658,0.0,0.0
2024-06-27 00:00:00+01:00,2249.83592786287,2313.8312609220807,2219.838115491365,2279.833740234375,159575,0.0,0.0
2024-06-28 00:00:00+01:00,2269.8342306761615,2309.8313096308075,2239.836421460177,2259.8349609375,136132,0.0,0.0
2024-07-01 00:00:00+01:00,2289.8330309068833,2289.8330309068833,2166.2419452140457,2219.838134765625,136151,0.0,0.0
2024-07-02 00:00:00+01:00,2209.838623046875,2229.83716262196,2189.84008347179,2209.838623046875,129215,0.0,0.0
2024-07-03 00:00:00+01:00,2209.8388447008633,2279.833740234375,2134.8094042085504,2279.833740234375,322729,0.0,0.0
2024-07-04 00:00:00+01:00,2269.834228515625,2289.8327679739127,2248.835762084423,2269.834228515625,110457,0.0,0.0
2024-07-05 00:00:00+01:00,2289.8327552893643,2379.8261823531384,2279.8334856156116,2329.829833984375,155530,0.0,0.0
2024-07-08 00:00:00+01:00,2369.8268981933593,2399.82470703125,2309.43140738219,2399.82470703125,72339,0.0,0.0
2024-07-09 00:00:00+01:00,2379.826400945216,2449.8212950906636,2329.8300479841823,2429.82275390625,130340,0.0,0.0
2024-07-10 00:00:00+01:00,2419.823477359694,2499.8176419005104,2407.8243526785714,2449.8212890625,100538,0.0,0.0
2024-07-11 00:00:00+01:00,2449.8212831319584,2489.818365305541,2409.8242009583755,2469.81982421875,209011,0.0,0.0
2024-07-12 00:00:00+01:00,2469.819818335843,2569.8125235316265,2429.422863085873,2489.818359375,141185,0.0,0.0
2024-07-15 00:00:00+01:00,2499.817626953125,2523.815876171875,2459.820544921875,2499.817626953125,93655,0.0,0.0
2024-07-16 00:00:00+01:00,2509.8166603150407,2529.815199441057,2457.2155223086597,2459.8203125,169260,0.0,0.0
2024-07-17 00:00:00+01:00,2499.8176480516977,2499.8176480516977,2389.8256715374227,2429.82275390625,215798,0.0,0.0
2024-07-18 00:00:00+01:00,2429.822724956769,2529.8154296875,2399.4250403677524,2529.8154296875,113379,0.0,0.0
2024-07-19 00:00:00+01:00,2529.8154355235306,2539.814706019671,2487.613436275269,2509.81689453125,78092,0.0,0.0
2024-07-22 00:00:00+01:00,2499.817626953125,2509.8168974609375,2469.8198154296874,2499.817626953125,118135,0.0,0.0
2024-07-23 00:00:00+01:00,2529.81544445407,2539.814714985509,2423.0231863537383,2479.819091796875,124104,0.0,0.0
2024-07-24 00:00:00+01:00,2459.820547816265,2489.818359375,2414.8238304781626,2489.818359375,474765,0.0,0.0
2024-07-25 00:00:00+01:00,2489.818365305541,2489.818365305541,2429.8227420451667,2469.81982421875,147111,0.0,0.0
2024-07-26 00:00:00+01:00,2469.8197984695435,2579.811773300171,2449.8212575912476,2559.813232421875,261607,0.0,0.0
2024-07-29 00:00:00+01:00,2549.8139563272166,2609.8095788290334,2549.8139563272166,2579.811767578125,182009,0.0,0.0
2024-07-30 00:00:00+01:00,2589.8110466452204,2619.8088579963232,2549.81396484375,2549.81396484375,111940,0.0,0.0
2024-07-31 00:00:00+01:00,2549.8139535322152,2589.81103515625,2529.815412720198,2589.81103515625,67600,0.0,0.0
2024-08-01 00:00:00+01:00,2579.811773300171,2629.8081254959106,2499.8176097869873,2559.813232421875,109829,0.0,0.0
2024-08-02 00:00:00+01:00,2599.8103539737654,2599.8103539737654,2419.823483314043,2429.82275390625,109975,0.0,0.0
2024-08-05 00:00:00+01:00,2399.824966755319,2409.824237450133,2315.831092918883,2349.82861328125,282609,0.0,0.0
2024-08-06 00:00:00+01:00,2359.8276408920938,2396.6250020831058,2297.072214710916,2339.8291015625,120070,0.0,0.0
2024-08-07 00:00:00+01:00,2299.8322390721846,2460.5695375508512,2299.8322390721846,2419.823486328125,73951,0.0,0.0
2024-08-08 00:00:00+01:00,2389.825686671153,2409.8242279822084,2349.8286040490416,2379.826416015625,29761,0.0,0.0
2024-08-09 00:00:00+01:00,2359.827628580729,2439.821785481771,2359.827628580729,2399.82470703125,23305,0.0,0.0
2024-08-12 00:00:00+01:00,2429.822769293264,2429.822769293264,2361.3277653028986,2379.826416015625,70210,0.0,0.0
2024-08-13 00:00:00+01:00,2399.8249542364015,2399.8249542364015,2342.3291480411544,2389.82568359375,80059,0.0,0.0
2024-08-14 00:00:00+01:00,2389.8256485775646,2519.8161650273905,2356.2280020614066,2509.81689453125,105328,0.0,0.0
2024-08-15 00:00:00+01:00,2499.817621140253,2529.815432593936,2484.818715413411,2519.816162109375,66075,0.0,0.0
2024-08-16 00:00:00+01:00,2499.8176240351095,2579.8117880042328,2499.8176240351095,2509.81689453125,351403,0.0,0.0
2024-08-19 00:00:00+01:00,2529.8154239430146,2589.8110466452204,2519.816153492647,2549.81396484375,109946,0.0,0.0
2024-08-20 00:00:00+01:00,2559.8132411067195,2569.8125115797925,2529.8154296875,2529.8154296875,19656,0.0,0.0
2024-08-21 00:00:00+01:00,2529.8154099684493,2599.810302734375,2479.8190579927887,2599.810302734375,104222,0.0,0.0
2024-08-22 00:00:00+01:00,2569.8125057444854,2585.3914472254583,2539.814694393382,2549.81396484375,154417,0.0,0.0
2024-08-23 00:00:00+01:00,2559.813226744186,2589.8110379950945,2539.4148127426934,2579.811767578125,59325,0.0,0.0
2024-08-27 00:00:00+01:00,2549.813959143969,2599.8103112840467,2549.813959143969,2569.8125,262603,0.0,0.0
2024-08-28 00:00:00+01:00,2559.813244047619,2569.81251453218,2519.816162109375,2519.816162109375,175982,0.0,0.0
2024-08-29 00:00:00+01:00,2589.8110495740034,2589.8110495740034,2499.8176154189223,2539.814697265625,25457,0.0,0.0
2024-08-30 00:00:00+01:00,2499.8176042423693,2619.808849246003,2499.8176042423693,2579.811767578125,236330,0.0,0.0
2024-09-02 00:00:00+01:00,2559.813256048387,2589.811067642704,2479.819091796875,2479.819091796875,101883,0.0,0.0
2024-09-03 00:00:00+01:00,2539.814730420525,2539.814730420525,2429.82275390625,2429.82275390625,310677,0.0,0.0
2024-09-04 00:00:00+01:00,2399.8249421296296,2459.8205656828704,2384.8260362413193,2429.82275390625,197292,0.0,0.0
2024-09-05 00:00:00+01:00,2439.822043117089,2439.822043117089,2319.830795094937,2369.8271484375,382085,0.0,0.0
2024-09-06 00:00:00+01:00,2339.829116619631,2379.826195536206,2269.834228515625,2269.834228515625,106257,0.0,0.0
2024-09-09 00:00:00+01:00,2309.8315305019946,2369.8271546708775,2284.3333902302193,2349.82861328125,177036,0.0,0.0
2024-09-10 00:00:00+01:00,2309.8313502261512,2319.8306201405503,1974.8558080937876,2089.847412109375,1346865,0.0,0.0
2024-09-11 00:00:00+01:00,2089.8476705411585,2109.8261947708593,2029.8520436356707,2049.8505859375,348969,0.0,0.0
2024-09-12 00:00:00+01:00,2059.891928597384,2172.407021631973,2059.891928597384,2149.88720703125,373054,4.2,0.0
2024-09-13 00:00:00+01:00,2149.8872432002313,2199.884620949074,2139.887767650463,2159.88671875,246540,0.0,0.0
2024-09-16 00:00:00+01:00,2149.887216928843,2247.6821354361,2149.887216928843,2219.883544921875,224071,0.0,0.0
2024-09-17 00:00:00+01:00,2229.883092607771,2259.881519862584,2219.8836168561666,2239.882568359375,72040,0.0,0.0
2024-09-18 00:00:00+01:00,2249.8818969726562,2279.8803222656247,2199.884521484375,2199.884521484375,79911,0.0,0.0
2024-09-19 00:00:00+01:00,2219.883447697732,2259.88134765625,2209.8839727081026,2259.88134765625,70194,0.0,0.0
2024-09-20 00:00:00+01:00,2219.883544921875,2269.880922059755,2219.883544921875,2219.883544921875,122675,0.0,0.0
2024-09-23 00:00:00+01:00,2229.883092607771,2279.8804713657923,2199.8846653529577,2239.882568359375,58924,0.0,0.0
2024-09-24 00:00:00+01:00,2289.879947117397,2299.8794228690012,2239.882568359375,2239.882568359375,214341,0.0,0.0
2024-09-25 00:00:00+01:00,2279.8804713657923,2279.8804713657923,2219.8836168561666,2239.882568359375,55972,0.0,0.0
2024-09-26 00:00:00+01:00,2249.882086392107,2349.8768457873116,2248.8821387981548,2319.87841796875,188953,0.0,0.0
2024-09-27 00:00:00+01:00,2299.8794596354164,2339.87736328125,2199.884700520833,2249.882080078125,571754,0.0,0.0
2024-09-30 00:00:00+01:00,2229.88298372985,2239.8824589932124,2176.8857648340286,2209.884033203125,145145,0.0,0.0
2024-10-01 00:00:00+01:00,2169.8860599047516,2239.882384417808,2169.8860599047516,2189.885009765625,101468,0.0,0.0
2024-10-02 00:00:00+01:00,2209.884169832282,2219.883645713876,2159.886790424312,2179.8857421875,82708,0.0,0.0
2024-10-03 00:00:00+01:00,2179.8855961594627,2199.884546582944,2139.8876953125,2139.8876953125,52574,0.0,0.0
2024-10-04 00:00:00+01:00,2169.8860599047516,2189.885009765625,2119.8886852525684,2189.885009765625,78177,0.0,0.0
2024-10-07 00:00:00+01:00,2159.88671875,2199.884620949074,2109.8893410011574,2159.88671875,118877,0.0,0.0
2024-10-08 00:00:00+01:00,2099.8898301235467,2149.88720703125,2099.8898301235467,2149.88720703125,198028,0.0,0.0
2024-10-09 00:00:00+01:00,2109.889305505087,2179.854628943122,2109.889305505087,2149.88720703125,72641,0.0,0.0
2024-10-10 00:00:00+01:00,2139.8878318461198,2159.8867835456163,2089.8904525973785,2109.889404296875,84536,0.0,0.0
2024-10-11 00:00:00+01:00,2109.8892335130577,2149.8871336744423,2049.89238327098,2129.88818359375,170843,0.0,0.0
2024-10-14 00:00:00+01:00,2159.88671875,2186.6653435676185,2109.8893410011574,2159.88671875,157469,0.0,0.0
2024-10-15 00:00:00+01:00,2199.8846576180877,2199.8846576180877,2159.886754752304,2169.88623046875,101625,0.0,0.0
2024-10-16 00:00:00+01:00,2209.8841333345335,2199.8846576180877,2169.88623046875,2169.88623046875,110680,0.0,0.0
2024-10-17 00:00:00+01:00,2159.8866087147885,2175.8857687793425,2119.868690073098,2129.88818359375,119497,0.0,0.0
2024-10-18 00:00:00+01:00,2139.8877583918957,2139.8877583918957,2089.890380859375,2089.890380859375,191421,0.0,0.0
2024-10-21 00:00:00+01:00,2099.8897456196905,2111.289049444789,2029.893420765701,2059.891845703125,126629,0.0,0.0
2024-10-22 00:00:00+01:00,2079.890905352871,2089.890380859375,2029.8935278203498,2089.890380859375,230951,0.0,0.0
2024-10-23 00:00:00+01:00,2069.891357421875,2129.8882083616395,2049.8924071086203,2069.891357421875,176691,0.0,0.0
2024-10-24 00:00:00+01:00,2099.889856365879,2099.889856365879,2069.8914298463665,2089.890380859375,82349,0.0,0.0
2024-10-25 00:00:00+01:00,2099.889892578125,2129.8883196149554,2059.8919898623512,2099.889892578125,157665,0.0,0.0
2024-10-28 00:00:00+00:00,2089.8904168991817,2129.8883196149554,2079.49105984421,2099.889892578125,37766,0.0,0.0
2024-10-29 00:00:00+00:00,2079.890795661408,2099.8897456196905,2048.1224441224513,2059.891845703125,105178,0.0,0.0
2024-10-30 00:00:00+00:00,2039.8929778343024,2159.886682412791,2039.8929778343024,2149.88720703125,175596,0.0,0.0
2024-10-31 00:00:00+00:00,2099.889758472711,2169.886083755135,2099.889758472711,2129.88818359375,118647,0.0,0.0
2024-11-01 00:00:00+00:00,2109.889411016342,2179.8857421875,2109.889411016342,2179.8857421875,136745,0.0,0.0
2024-11-04 00:00:00+00:00,2159.886796875,2269.8810319010418,2154.5970350573857,2249.882080078125,133211,0.0,0.0
2024-11-05 00:00:00+00:00,2229.883020349451,2255.081649601379,2199.884594066723,2219.883544921875,91458,0.0,0.0
2024-11-06 00:00:00+00:00,2299.8793217173793,2319.8782723410086,2229.8829945346765,2279.88037109375,110153,0.0,0.0
2024-11-07 00:00:00+00:00,2309.8787716596553,2339.877197265625,2285.8800311748796,2339.877197265625,124123,0.0,0.0
2024-11-08 00:00:00+00:00,2349.876735637282,2349.876735637282,2289.8798828125,2289.8798828125,248080,0.0,0.0
2024-11-11 00:00:00+00:00,2279.8803103205473,2359.876110682672,2279.8803103205473,2329.877685546875,75890,0.0,0.0
2024-11-12 00:00:00+00:00,2319.8783743722097,2359.8762773786275,2239.882568359375,2239.882568359375,482438,0.0,0.0
2024-11-13 00:00:00+00:00,2249.881971204603,2259.881446632179,2209.884069494299,2219.883544921875,98453,0.0,0.0
2024-11-14 00:00:00+00:00,2239.8825322309417,2239.8825322309417,2189.885154279358,2229.883056640625,107954,0.0,0.0
2024-11-15 00:00:00+00:00,2239.8826041666666,2259.8815559895834,2199.884700520833,2249.882080078125,81290,0.0,0.0
2024-11-18 00:00:00+00:00,2239.882495777027,2250.58188565897,2192.995062913363,2219.883544921875,47073,0.0,0.0
2024-11-19 00:00:00+00:00,2219.883544921875,2259.881446632179,2189.885118639147,2219.883544921875,49322,0.0,0.0
2024-11-20 00:00:00+00:00,2229.883020349451,2259.881446632179,2219.883544921875,2219.883544921875,34901,0.0,0.0
2024-11-21 00:00:00+00:00,2219.883447697732,2259.88134765625,2209.8839727081026,2259.88134765625,137696,0.0,0.0
2024-11-22 00:00:00+00:00,2199.8845685992324,2289.879846405565,2199.8845685992324,2279.88037109375,66809,0.0,0.0
2024-11-25 00:00:00+00:00,2269.880922059755,2299.879348342483,2219.883544921875,2219.883544921875,98645,0.0,0.0
2024-11-26 00:00:00+00:00,2299.879234000428,2299.879234000428,2189.885009765625,2189.885009765625,48962,0.0,0.0
2024-11-27 00:00:00+00:00,2199.884521484375,2209.883996582031,2179.885571289062,2199.884521484375,84153,0.0,0.0
2024-11-28 00:00:00+00:00,2149.8871459960938,2229.8829467773435,2149.8871459960938,2199.884521484375,26298,0.0,0.0
2024-11-29 00:00:00+00:00,2199.8844846960615,2204.6842814882325,2169.8860599047516,2189.885009765625,29294,0.0,0.0
2024-12-02 00:00:00+00:00,2159.886584974315,2209.8839596264984,2159.886584974315,2189.885009765625,80129,0.0,0.0
2024-12-03 00:00:00+00:00,2199.884521484375,2209.883996582031,2167.551257816553,2199.884521484375,270049,0.0,0.0
2024-12-04 00:00:00+00:00,2219.883624188312,2379.8752367424245,2175.635943841315,2309.87890625,205833,0.0,0.0
2024-12-05 00:00:00+00:00,2269.880906125333,2350.0646874029585,2269.880906125333,2349.876708984375,80685,0.0,0.0
2024-12-06 00:00:00+00:00,2359.876110682672,2369.875585727937,2299.879260411078,2329.877685546875,50241,0.0,0.0
2024-12-09 00:00:00+00:00,2329.877794168763,2389.8746472374864,2319.3282986786153,2359.876220703125,94302,0.0,0.0
2024-12-10 00:00:00+00:00,2349.876708984375,2379.8751350565162,2333.8775484125667,2349.876708984375,70228,0.0,0.0
2024-12-11 00:00:00+00:00,2299.879260411078,2349.8766356374063,2299.879260411078,2329.877685546875,108728,0.0,0.0
2024-12-12 00:00:00+00:00,2319.878235132159,2369.875610889317,2229.882958769273,2269.880859375,192712,0.0,0.0
2024-12-13 00:00:00+00:00,2249.882086392107,2319.87841796875,2229.8831345130657,2319.87841796875,65344,0.0,0.0
2024-12-16 00:00:00+00:00,2289.879821255676,2349.8766724676148,2289.879821255676,2339.877197265625,88823,0.0,0.0
2024-12-17 00:00:00+00:00,2319.878382034632,2369.8757609577924,2299.879430465368,2309.87890625,38981,0.0,0.0
2024-12-18 00:00:00+00:00,2299.8794596354164,2319.878411458333,2249.882080078125,2249.882080078125,186154,0.0,0.0
2024-12-19 00:00:00+00:00,2239.8824589932124,2239.8824589932124,2189.8850826763996,2209.884033203125,76843,0.0,0.0
2024-12-20 00:00:00+00:00,2169.8862030987248,2239.8825322309417,2169.8862030987248,2229.883056640625,176507,0.0,0.0
2024-12-23 00:00:00+00:00,2209.884069494299,2229.883020349451,2199.884594066723,2219.883544921875,90119,0.0,0.0
2024-12-24 00:00:00+00:00,2199.884594066723,2229.883020349451,2199.884594066723,2219.883544921875,7074,0.0,0.0
2024-12-27 00:00:00+00:00,2249.8819809293122,2299.879358283297,2199.8846035753277,2289.8798828125,104459,0.0,0.0
2024-12-30 00:00:00+00:00,2299.879247614768,2309.878722604397,2249.8818726666204,2259.88134765625,96670,0.0,0.0
2024-12-31 00:00:00+00:00,2259.881395649706,2339.877197265625,2256.581520007487,2339.877197265625,15443,0.0,0.0
2025-01-02 00:00:00+00:00,2329.8777476528235,2329.8777476528235,2269.880895781935,2279.88037109375,21814,0.0,0.0
2025-01-03 00:00:00+00:00,2269.880859375,2299.879284829295,2239.882433920705,2269.880859375,29047,0.0,0.0
2025-01-06 00:00:00+00:00,2279.8804432744564,2309.878870159647,2239.8825407608697,2299.87939453125,33395,0.0,0.0
2025-01-07 00:00:00+00:00,2259.8815559895834,2299.8794596354164,2239.8826041666666,2249.882080078125,70820,0.0,0.0
2025-01-08 00:00:00+00:00,2259.88134765625,2271.8807176438054,2239.882397676991,2259.88134765625,81982,0.0,0.0
2025-01-09 00:00:00+00:00,2239.8824452457266,2349.8766724676148,2239.8824452457266,2339.877197265625,133195,0.0,0.0
2025-01-10 00:00:00+00:00,2309.8789286482224,2333.6777300719823,2179.8857421875,2179.8857421875,111694,0.0,0.0
2025-01-13 00:00:00+00:00,2199.884693950688,2199.884693950688,2143.087622117668,2179.8857421875,74562,0.0,0.0
2025-01-14 00:00:00+00:00,2189.885218069094,2209.884169832282,2149.887314542718,2179.8857421875,36765,0.0,0.0
2025-01-15 00:00:00+00:00,2219.8836168561666,2249.882044110979,2184.0954540807224,2239.882568359375,133843,0.0,0.0
2025-01-16 00:00:00+00:00,2239.882397676991,2269.8808226458796,2229.8829226873618,2259.88134765625,79577,0.0,0.0
2025-01-17 00:00:00+00:00,2239.882433920705,2289.8798096778632,2239.882433920705,2269.880859375,106494,0.0,0.0
2025-01-20 00:00:00+00:00,2299.8794596354164,2299.8794596354164,2223.792383027792,2249.882080078125,62072,0.0,0.0
2025-01-21 00:00:00+00:00,2269.881010167739,2469.8705264820774,2269.881010167739,2379.875244140625,726385,0.0,0.0
2025-01-22 00:00:00+00:00,2389.874665039062,2509.8683720703125,2359.8762382812497,2499.868896484375,581520,0.0,0.0
2025-01-23 00:00:00+00:00,2509.8683356472766,2519.8678110881024,2445.891711307099,2489.869384765625,297894,0.0,0.0
2025-01-24 00:00:00+00:00,2499.868786769357,2509.8682619164347,2439.8719358868925,2469.870361328125,185312,0.0,0.0
2025-01-27 00:00:00+00:00,2499.8688874421296,2499.8688874421296,2399.8741319444443,2429.87255859375,402072,0.0,0.0
2025-01-28 00:00:00+00:00,2439.8721061862248,2469.870533721301,2409.873678651148,2449.87158203125,231596,0.0,0.0
2025-01-29 00:00:00+00:00,2479.869799606199,2489.8692746046113,2449.871374610963,2459.870849609375,939370,0.0,0.0
2025-01-30 00:00:00+00:00,2499.8689400133235,2579.86474609375,2449.8715612130572,2579.86474609375,614638,0.0,0.0
2025-01-31 00:00:00+00:00,2599.86373371139,2629.86216140806,2559.8658301158302,2589.8642578125,376096,0.0,0.0
2025-02-03 00:00:00+00:00,2569.8651248000738,2599.8635503813975,2499.8687984436515,2539.86669921875,208575,0.0,0.0
2025-02-04 00:00:00+00:00,2539.866798828125,2539.866798828125,2479.8699453125,2499.868896484375,44738,0.0,0.0
2025-02-05 00:00:00+00:00,2499.8688236359626,2519.86777422505,2459.8709224577874,2479.869873046875,237390,0.0,0.0
2025-02-06 00:00:00+00:00,2499.8687623517785,2569.8650876976285,2479.8698122529645,2529.8671875,279809,0.0,0.0
2025-02-07 00:00:00+00:00,2569.8650876976285,2569.8650876976285,2509.868237401186,2529.8671875,366508,0.0,0.0
2025-02-10 00:00:00+00:00,2529.8673957945807,2559.8658234126983,2499.868968176463,2519.867919921875,186833,0.0,0.0
2025-02-11 00:00:00+00:00,2519.867748831201,2539.86669921875,2499.8687984436515,2539.86669921875,165336,0.0,0.0
2025-02-12 00:00:00+00:00,2539.866662549407,2559.8656126482215,2489.8692873023715,2529.8671875,449917,0.0,0.0
2025-02-13 00:00:00+00:00,2539.86669921875,2549.8661744125247,2489.8693232498767,2539.86669921875,53828,0.0,0.0
2025-02-14 00:00:00+00:00,2559.8656126482215,2559.8656126482215,2519.867712450593,2529.8671875,171280,0.0,0.0
2025-02-17 00:00:00+00:00,2559.86568627451,2559.86568627451,2509.8683095894608,2549.8662109375,551260,0.0,0.0
2025-02-18 00:00:00+00:00,2579.8646369485296,2579.8646369485296,2532.972077825397,2549.8662109375,318976,0.0,0.0
2025-02-19 00:00:00+00:00,2579.8645999938485,2579.8645999938485,2519.867748831201,2539.86669921875,228506,0.0,0.0
2025-02-20 00:00:00+00:00,2539.8667356004903,2559.86568627451,2525.8774793691264,2549.8662109375,135817,0.0,0.0
2025-02-21 00:00:00+00:00,2579.864753464033,2669.860035561616,2519.8678987323115,2649.861083984375,715752,0.0,0.0
2025-02-24 00:00:00+00:00,2609.8630734509184,2689.858876468571,2589.864122696505,2619.862548828125,459879,0.0,0.0
2025-02-25 00:00:00+00:00,2649.860912994499,2709.8577638547517,2619.8624875643727,2669.85986328125,249188,0.0,0.0
2025-02-26 00:00:00+00:00,2719.857393772482,2819.8521508964704,2669.8600152104877,2779.854248046875,528386,0.0,0.0
2025-02-27 00:00:00+00:00,2769.854736328125,2829.8515898225974,2739.856309580889,2769.854736328125,217062,0.0,0.0
2025-02-28 00:00:00+00:00,2739.8563372059502,2779.854239938884,2669.8600074233163,2709.85791015625,235351,0.0,0.0
2025-03-03 00:00:00+00:00,2729.8567513992534,2729.8567513992534,2669.8598997201493,2679.859375,332124,0.0,0.0
2025-03-04 00:00:00+00:00,2649.8609008789062,2719.8572265625,2579.864575195312,2599.863525390625,113125,0.0,0.0
2025-03-05 00:00:00+00:00,2639.861572265625,2679.85947487571,2589.8641940030184,2639.861572265625,153959,0.0,0.0
2025-03-06 00:00:00+00:00,2579.8647883135573,2699.858499397909,2579.8647883135573,2659.860595703125,120387,0.0,0.0
2025-03-07 00:00:00+00:00,2639.861643855733,2679.8595475505167,2609.863216084645,2659.860595703125,185843,0.0,0.0
2025-03-10 00:00:00+00:00,2669.860082905662,2689.859034837539,2389.874755859375,2389.874755859375,443733,0.0,0.0
2025-03-11 00:00:00+00:00,2399.874231825314,2459.8710876209466,2369.8758039274976,2389.874755859375,110179,0.0,0.0
2025-03-12 00:00:00+00:00,2449.87158203125,2459.8710578762757,2379.8752511160715,2449.87158203125,237655,0.0,0.0
2025-03-13 00:00:00+00:00,2399.874231825314,2469.8705635868855,2389.874755859375,2389.874755859375,291641,0.0,0.0
2025-03-14 00:00:00+00:00,2459.8708861810474,2489.86931162228,2379.875085004428,2469.870361328125,239754,0.0,0.0
2025-03-17 00:00:00+00:00,2449.8715460105022,2499.8689245005125,2429.872594614498,2439.8720703125,60607,0.0,0.0
2025-03-18 00:00:00+00:00,2429.8724607398153,2499.868786769357,2409.8735104456605,2469.870361328125,112918,0.0,0.0
2025-03-19 00:00:00+00:00,2499.8688500774792,2579.8646532799585,2299.879342071281,2419.873046875,351723,0.0,0.0
2025-03-20 00:00:00+00:00,2439.8719718686993,2519.86777422505,2413.073329253759,2479.869873046875,244000,0.0,0.0
2025-03-21 00:00:00+00:00,2489.8694854113523,2519.8679129464285,2439.8721061862248,2449.87158203125,175957,0.0,0.0
2025-03-24 00:00:00+00:00,2499.868896484375,2499.868896484375,2459.870994140625,2499.868896484375,202791,0.0,0.0
2025-03-25 00:00:00+00:00,2459.8709678649902,2559.86572265625,2459.8709678649902,2559.86572265625,71908,0.0,0.0
2025-03-26 00:00:00+00:00,2549.86635421694,2649.86111320584,2549.86635421694,2589.8642578125,105022,0.0,0.0
2025-03-27 00:00:00+00:00,2649.8609008789062,2649.8609008789062,2559.865625,2599.863525390625,60246,0.0,0.0
2025-03-28 00:00:00+00:00,2599.863624572754,2619.862575531006,2549.866247177124,2559.86572265625,291625,0.0,0.0
2025-03-31 00:00:00+01:00,2609.862987895257,2609.862987895257,2499.8687623517785,2529.8671875,162683,0.0,0.0
2025-04-01 00:00:00+01:00,2529.8673496283373,2579.8647280794903,2509.868398247876,2574.864990234375,58226,0.0,0.0
2025-04-02 00:00:00+01:00,2554.866012207031,2569.8652255859374,2479.8699453125,2499.868896484375,226841,0.0,0.0
2025-04-03 00:00:00+01:00,2449.87158203125,2504.8686991788904,2424.08802145087,2449.87158203125,154826,0.0,0.0
2025-04-04 00:00:00+01:00,2434.872315514606,2449.871528957201,2269.8809676460596,2299.87939453125,212801,0.0,0.0
2025-04-07 00:00:00+01:00,2339.8771728515626,2339.8771728515626,2149.8871459960938,2199.884521484375,366790,0.0,0.0
2025-04-08 00:00:00+01:00,2284.8800657872725,2364.8758667776365,2239.882427730193,2334.87744140625,303796,0.0,0.0
2025-04-09 00:00:00+01:00,2249.8819090721368,2289.8798096778632,2214.8837460421255,2269.880859375,314514,0.0,0.0
2025-04-10 00:00:00+01:00,2439.872006037686,2509.8683340797506,2349.8767271264596,2354.87646484375,384343,0.0,0.0
2025-04-11 00:00:00+01:00,2334.87753192449,2374.875433970306,2279.8804166114937,2359.876220703125,122363,0.0,0.0
2025-04-14 00:00:00+01:00,2409.873589521585,2439.872015947165,2394.874376308795,2424.872802734375,50211,0.0,0.0
2025-04-15 00:00:00+01:00,2424.8728295898436,2519.86784765625,2424.8728295898436,2499.868896484375,74998,0.0,0.0
2025-04-16 00:00:00+01:00,2489.86937664353,2559.8657045009786,2479.8699012353227,2554.865966796875,41212,0.0,0.0
2025-04-17 00:00:00+01:00,2534.867069704523,2589.864185615272,2529.867331894455,2569.865234375,102752,0.0,0.0
2025-04-22 00:00:00+01:00,2579.864764038322,2634.8618811011547,2504.868695316278,2584.864501953125,220360,0.0,0.0
2025-04-23 00:00:00+01:00,2634.861700279436,2694.8585511396886,2604.8632748493096,2669.85986328125,192017,0.0,0.0
2025-04-24 00:00:00+01:00,2635.0,2680.0,2619.580078125,2645.0,156390,14.0,0.0
2025-04-25 00:00:00+01:00,2680.0,2695.0,2645.0,2690.0,111547,0.0,0.0
2025-04-28 00:00:00+01:00,2690.0,2710.0,2625.0,2645.0,120424,0.0,0.0
2025-04-29 00:00:00+01:00,2660.0,2715.0,2630.0,2700.0,514242,0.0,0.0
2025-04-30 00:00:00+01:00,2720.0,2740.0,2680.0,2730.0,258330,0.0,0.0
2025-05-01 00:00:00+01:00,2735.0,2760.0,2720.0,2745.0,134596,0.0,0.0
2025-05-02 00:00:00+01:00,2750.0,2920.0,2730.0,2810.0,532288,0.0,0.0
2025-05-06 00:00:00+01:00,2815.0,3060.0,2805.0,3050.0,532325,0.0,0.0
2025-05-07 00:00:00+01:00,3050.0,3145.0,3040.0,3110.0,240039,0.0,0.0
2025-05-08 00:00:00+01:00,3125.0,3190.0,3100.0,3115.0,468680,0.0,0.0
2025-05-09 00:00:00+01:00,3135.0,3180.0,3100.0,3140.0,513103,0.0,0.0
2025-05-12 00:00:00+01:00,3200.0,3210.0,3075.0,3085.0,92802,0.0,0.0
2025-05-13 00:00:00+01:00,3100.0,3105.0,3050.0,3060.0,285104,0.0,0.0
2025-05-14 00:00:00+01:00,3060.0,3140.0,3050.0,3090.0,394001,0.0,0.0
2025-05-15 00:00:00+01:00,3070.0,3118.0,3060.0,3095.0,118163,0.0,0.0
2025-05-16 00:00:00+01:00,3115.0,3141.9951171875,3090.0,3120.0,103367,0.0,0.0
2025-05-19 00:00:00+01:00,3100.0,3135.0,3070.0,3110.0,83686,0.0,0.0
2025-05-20 00:00:00+01:00,3100.0,3140.0,3045.0,3065.0,143666,0.0,0.0
2025-05-21 00:00:00+01:00,3080.0,3080.0,3025.0,3050.0,162635,0.0,0.0
2025-05-22 00:00:00+01:00,3020.0,3050.0,3000.0,3020.0,97122,0.0,0.0
2025-05-23 00:00:00+01:00,3030.0,3055.0,2950.0,3020.0,190073,0.0,0.0
2025-05-27 00:00:00+01:00,3050.0,3085.0,3020.0,3075.0,398845,0.0,0.0
2025-05-28 00:00:00+01:00,3050.0,3095.0,2985.0,3000.0,239660,0.0,0.0
2025-05-29 00:00:00+01:00,3020.0,3100.0,2987.5,3055.0,440078,0.0,0.0
2025-05-30 00:00:00+01:00,3100.0,3230.0,3090.0,3160.0,203364,0.0,0.0
2025-06-02 00:00:00+01:00,3175.0,3185.0,3080.0,3100.0,87687,0.0,0.0
2025-06-03 00:00:00+01:00,3145.0,3195.0,3075.0,3100.0,156487,0.0,0.0
2025-06-04 00:00:00+01:00,3135.0,3140.0,3110.0,3115.0,55355,0.0,0.0
2025-06-05 00:00:00+01:00,3100.0,3130.0,3050.0,3090.0,78262,0.0,0.0
2025-06-06 00:00:00+01:00,3090.0,3130.0,3035.0,3115.0,58646,0.0,0.0
2025-06-09 00:00:00+01:00,3120.0,3130.0,3050.0,3065.0,199096,0.0,0.0
2025-06-10 00:00:00+01:00,3135.0,3135.0,3045.0,3065.0,144212,0.0,0.0
2025-06-11 00:00:00+01:00,3050.0,3125.0,3050.0,3125.0,90068,0.0,0.0
2025-06-12 00:00:00+01:00,3065.0,3135.0,3045.0,3050.0,96569,0.0,0.0
2025-06-13 00:00:00+01:00,3030.0,3045.0,2975.0,3025.0,169110,0.0,0.0
2025-06-16 00:00:00+01:00,3035.0,3050.0,2975.0,2995.0,118235,0.0,0.0
2025-06-17 00:00:00+01:00,2985.0,3045.0,2960.0,3000.0,114540,0.0,0.0
2025-06-18 00:00:00+01:00,2990.0,3035.0,2980.0,3005.0,81994,0.0,0.0
2025-06-19 00:00:00+01:00,3010.0,3010.0,2930.0,2945.0,95196,0.0,0.0
2025-06-20 00:00:00+01:00,2950.0,2980.0,2940.0,2945.0,204100,0.0,0.0
2025-06-23 00:00:00+01:00,2930.0,2945.0,2888.55810546875,2910.0,187023,0.0,0.0
2025-06-24 00:00:00+01:00,2925.0,3090.0,2925.0,3080.0,207033,0.0,0.0
2025-06-25 00:00:00+01:00,3140.0,3195.0,3070.0,3160.0,236807,0.0,0.0
2025-06-26 00:00:00+01:00,3170.0,3225.0,3145.0,3145.0,108304,0.0,0.0
2025-06-27 00:00:00+01:00,3200.0,3200.0,3130.0,3175.0,142241,0.0,0.0
2025-06-30 00:00:00+01:00,3200.0,3235.0,3166.830078125,3185.0,80474,0.0,0.0
2025-07-01 00:00:00+01:00,3185.0,3200.0,3135.0,3175.0,66287,0.0,0.0
2025-07-02 00:00:00+01:00,3195.0,3195.0,3075.0,3100.0,112131,0.0,0.0
2025-07-03 00:00:00+01:00,3130.0,3185.0,3100.0,3185.0,374216,0.0,0.0
2025-07-04 00:00:00+01:00,3160.0,3313.39990234375,3160.0,3290.0,1192162,0.0,0.0
