Date,Open,High,Low,Close,Volume,Dividends,Stock Splits
2020-07-06 00:00:00-04:00,66.9061313020208,67.43038932529409,65.69103900459645,66.10750579833984,840000,0.0,0.0
2020-07-07 00:00:00-04:00,65.63714130908153,66.76404482452504,65.34561605793411,65.34806823730469,496000,0.0,0.0
2020-07-08 00:00:00-04:00,65.72780605276718,67.53575071052198,65.72780605276718,67.12664031982422,545200,0.0,0.0
2020-07-09 00:00:00-04:00,67.23439641686548,68.3612922751157,66.27897365924969,67.9497299194336,651200,0.0,0.0
2020-07-10 00:00:00-04:00,68.15308945032656,68.23392914619362,66.52153012104279,66.73220825195312,543600,0.0,0.0
2020-07-13 00:00:00-04:00,67.427954908536,67.92036463332515,64.24078616408393,64.46126556396484,794400,0.0,0.0
2020-07-14 00:00:00-04:00,64.56414363632445,65.45097295097341,63.04037558156339,65.32848358154297,900000,0.0,0.0
2020-07-15 00:00:00-04:00,65.45586717941833,67.21481265881813,65.29907720435108,67.19766235351562,716000,0.0,0.0
2020-07-16 00:00:00-04:00,67.19523480733409,67.53085455547098,66.18101902206605,66.79837036132812,620800,0.0,0.0
2020-07-17 00:00:00-04:00,66.97717182946548,68.8586063597442,66.97717182946548,68.53524017333984,784000,0.0,0.0
2020-07-20 00:00:00-04:00,69.10850521820151,70.23050457687069,68.44461491489601,69.31918334960938,565600,0.0,0.0
2020-07-21 00:00:00-04:00,69.74788143637316,69.84342671498683,67.64351536529833,67.84929656982422,641600,0.0,0.0
2020-07-22 00:00:00-04:00,68.29272361789259,68.8610761136004,67.12907455246511,67.59698486328125,619200,0.0,0.0
2020-07-23 00:00:00-04:00,68.00363553100556,68.64547852028015,66.63175333402849,66.9820785522461,381600,0.0,0.0
2020-07-24 00:00:00-04:00,66.58031900609264,66.59991401500267,65.54896064509842,66.16140747070312,288000,0.0,0.0
2020-07-27 00:00:00-04:00,66.6489076696798,68.01344088736221,66.01441370387101,67.81010437011719,561200,0.0,0.0
2020-07-28 00:00:00-04:00,68.01588620591428,68.2902611390026,66.26673479324194,66.31082916259766,320400,0.0,0.0
2020-07-29 00:00:00-04:00,66.54846205431167,67.98893799988495,66.54846205431167,67.20990753173828,370400,0.0,0.0
2020-07-30 00:00:00-04:00,66.7346522795178,68.11388363349008,66.73220010001117,67.82725524902344,432400,0.0,0.0
2020-07-31 00:00:00-04:00,68.0110013621406,69.46617577766882,66.52397851199832,67.40835571289062,1009200,0.0,0.0
2020-08-03 00:00:00-04:00,68.21433570719638,69.57396477483287,67.82481291693786,68.31722259521484,1008400,0.0,0.0
2020-08-04 00:00:00-04:00,69.69889758837319,69.69889758837319,63.68222086048835,67.83216094970703,1770400,0.0,0.0
2020-08-05 00:00:00-04:00,68.34660614133008,68.34660614133008,65.35541826298301,65.62244415283203,763600,0.0,0.0
2020-08-06 00:00:00-04:00,66.25939984148297,66.44068171598644,64.26772149707422,65.29907989501953,488000,0.0,0.0
2020-08-07 00:00:00-04:00,65.10062542731389,66.15648283291995,64.34609445895877,65.10552978515625,397600,0.0,0.0
2020-08-10 00:00:00-04:00,64.92671517671494,65.12514735806374,63.02078087816315,63.180015563964844,444800,0.0,0.0
2020-08-11 00:00:00-04:00,63.39070828181327,64.71113995126785,63.082032642338234,64.14034271240234,728800,0.0,0.0
2020-08-12 00:00:00-04:00,64.46860599179706,64.99285660678873,64.06928945017826,64.53230285644531,413600,0.0,0.0
2020-08-13 00:00:00-04:00,64.46616042922876,65.61511143365138,64.18443634508321,65.23539733886719,445600,0.0,0.0
2020-08-14 00:00:00-04:00,65.04676402360033,65.1006596551162,63.383363463398744,63.94681167602539,398400,0.0,0.0
2020-08-17 00:00:00-04:00,64.21170976708453,65.90903938134248,64.04736924087095,64.43736267089844,457200,0.08,0.0
2020-08-18 00:00:00-04:00,64.39075711310589,64.79056380552842,64.15283575238826,64.36868286132812,269200,0.0,0.0
2020-08-19 00:00:00-04:00,64.3932077841249,64.72679169780518,63.5788782885728,63.784912109375,362800,0.0,0.0
2020-08-20 00:00:00-04:00,63.586246672125874,63.82907843464562,63.19625321757635,63.3900260925293,420800,0.0,0.0
2020-08-21 00:00:00-04:00,63.51265732544195,63.52737349267528,62.597766083320494,63.237945556640625,629200,0.0,0.0
2020-08-24 00:00:00-04:00,63.627940374738046,63.627940374738046,61.265898171885524,61.40080261230469,526400,0.0,0.0
2020-08-25 00:00:00-04:00,61.55287505159976,62.234751599065724,61.332125051475515,61.54551696777344,652000,0.0,0.0
2020-08-26 00:00:00-04:00,61.49401159136642,62.19796240416711,61.00099750929521,61.99928665161133,871200,0.0,0.0
2020-08-27 00:00:00-04:00,62.24946938190841,62.313244433614344,60.63553390967008,62.06550979614258,597200,0.0,0.0
2020-08-28 00:00:00-04:00,62.14890765278361,62.44079079435885,61.17759939316636,62.06550979614258,530000,0.0,0.0
2020-08-31 00:00:00-04:00,62.065497253675254,63.090767084006195,62.006632593432926,62.65907669067383,535200,0.0,0.0
2020-09-01 00:00:00-04:00,63.23548561518588,63.65491132048696,62.08022166217509,63.14473342895508,921600,0.0,0.0
2020-09-02 00:00:00-04:00,63.32134156689908,64.32453358520222,62.58304805208218,64.15774536132812,584400,0.0,0.0
2020-09-03 00:00:00-04:00,63.4930178764228,63.67452971097255,60.69438294380508,61.48173141479492,1033600,0.0,0.0
2020-09-04 00:00:00-04:00,61.64607431025425,62.46285519130669,59.60289638425822,60.392696380615234,609600,0.0,0.0
2020-09-08 00:00:00-04:00,59.55385070940463,61.16288328909233,59.28649700938553,60.225914001464844,1107200,0.0,0.0
2020-09-09 00:00:00-04:00,61.00835308662175,62.462862088724705,60.71156706486641,61.32721710205078,611600,0.0,0.0
2020-09-10 00:00:00-04:00,61.29533347150236,62.065510799992175,60.36081935952383,60.417236328125,403200,0.0,0.0
2020-09-11 00:00:00-04:00,60.826843675397434,60.983822351812556,59.723086304228566,59.78685760498047,391600,0.0,0.0
2020-09-14 00:00:00-04:00,60.41722568759593,61.41060429771317,59.8628918291765,60.66740798950195,425200,0.0,0.0
2020-09-15 00:00:00-04:00,61.2953272328889,61.6411721227626,59.985535992601726,60.243080139160156,558800,0.0,0.0
2020-09-16 00:00:00-04:00,60.47855065900799,60.59137710055517,59.8923292302142,59.9953498840332,372000,0.0,0.0
2020-09-17 00:00:00-04:00,59.38214224553812,60.593819297061536,58.93573195602963,60.149864196777344,780400,0.0,0.0
2020-09-18 00:00:00-04:00,60.64043129583833,60.70665778864544,59.095170167230314,59.82365036010742,1547200,0.0,0.0
2020-09-21 00:00:00-04:00,59.038755741667764,59.35516828987683,57.82462335922278,58.30291748046875,622000,0.0,0.0
2020-09-22 00:00:00-04:00,58.34460559213136,59.66666131578805,57.79763361640442,59.66175842285156,676000,0.0,0.0
2020-09-23 00:00:00-04:00,59.81629961361361,60.880815294883874,58.974992877750346,59.60045623779297,766800,0.0,0.0
2020-09-24 00:00:00-04:00,59.355166941557236,59.75006694913679,56.088043339569865,56.95878601074219,1241200,0.0,0.0
2020-09-25 00:00:00-04:00,57.140300554666226,59.41894492804339,56.500121060223954,59.293853759765625,1252400,0.0,0.0
2020-09-28 00:00:00-04:00,59.84817223512707,60.64042363111266,59.36497152873343,59.784400939941406,424400,0.0,0.0
2020-09-29 00:00:00-04:00,59.8702546755064,61.219291529353775,59.5783715573927,60.525150299072266,675600,0.0,0.0
2020-09-30 00:00:00-04:00,61.13589491601383,61.21683757304673,60.1915676599635,60.76306915283203,942400,0.0,0.0
2020-10-01 00:00:00-04:00,60.728729183077384,61.8079608497276,60.51288584388081,61.00344467163086,808800,0.0,0.0
2020-10-02 00:00:00-04:00,60.338744013134544,61.01816912984719,60.297046956229295,60.55949401855469,611200,0.0,0.0
2020-10-05 00:00:00-04:00,60.79741704541275,61.925704030510175,60.79741704541275,61.85211944580078,855200,0.0,0.0
2020-10-06 00:00:00-04:00,62.05569282251442,63.434161955542955,61.84230092627223,62.838134765625,646800,0.0,0.0
2020-10-07 00:00:00-04:00,63.14473556162959,64.97207026595927,62.80624875859755,64.73905181884766,703200,0.0,0.0
2020-10-08 00:00:00-04:00,64.66302942530714,64.9303831557819,63.816812239368474,64.23869323730469,610000,0.0,0.0
2020-10-09 00:00:00-04:00,64.75377063301183,65.13886114121111,64.0277456036262,65.01866912841797,565200,0.0,0.0
2020-10-12 00:00:00-04:00,65.6196130695105,66.09055292220394,64.7930224940797,65.86734771728516,296400,0.0,0.0
2020-10-13 00:00:00-04:00,65.8501647075248,66.5393992634148,65.36696396156628,66.12242126464844,602400,0.0,0.0
2020-10-14 00:00:00-04:00,66.30637087118436,66.87297312010118,65.38412550118244,65.9482650756836,432000,0.0,0.0
2020-10-15 00:00:00-04:00,65.37677482750162,65.68827697771722,64.86904466171707,65.13639831542969,614800,0.0,0.0
2020-10-16 00:00:00-04:00,65.5067654877201,66.38731755930665,64.96714786026723,65.16337585449219,535200,0.0,0.0
2020-10-19 00:00:00-04:00,65.39885392097659,66.051298086081,64.65320237723812,64.89602661132812,626400,0.0,0.0
2020-10-20 00:00:00-04:00,65.0824361339407,65.64658325412246,64.68998759062586,64.87394714355469,435600,0.0,0.0
2020-10-21 00:00:00-04:00,65.06281393165105,65.8746881205244,64.14056102222001,64.21414184570312,569600,0.0,0.0
2020-10-22 00:00:00-04:00,64.06208683441479,66.22055054895554,64.06208683441479,66.14205932617188,683200,0.0,0.0
2020-10-23 00:00:00-04:00,66.46581857218239,66.46826627630549,65.39394124093977,65.84770965576172,506400,0.0,0.0
2020-10-26 00:00:00-04:00,65.25414332509166,65.66621098156982,64.33189024935396,64.888671875,521600,0.0,0.0
2020-10-27 00:00:00-04:00,65.13639832482687,65.91638503782576,64.98187110171072,65.29338073730469,537200,0.0,0.0
2020-10-28 00:00:00-04:00,64.57225697753324,64.57225697753324,63.12019964187319,63.19623565673828,524000,0.0,0.0
2020-10-29 00:00:00-04:00,63.20359971811981,63.20359971811981,61.81286584331955,62.71549606323242,702800,0.0,0.0
2020-10-30 00:00:00-04:00,62.403978983585105,63.245289197416334,61.37871297867861,61.91096878051758,667600,0.0,0.0
2020-11-02 00:00:00-05:00,62.59775361853155,64.17490201344033,62.31568007961435,63.772640228271484,539200,0.0,0.0
2020-11-03 00:00:00-05:00,64.35640870666883,65.81827180154367,64.35640870666883,65.32771301269531,435200,0.0,0.0
2020-11-04 00:00:00-05:00,66.79941559415958,67.96694836511455,64.76604652050976,65.52886962890625,873200,0.0,0.0
2020-11-05 00:00:00-05:00,68.67823021695033,75.08738197020686,68.06503173287041,74.71210479736328,2033600,0.0,0.0
2020-11-06 00:00:00-05:00,72.38686895114677,75.05551052294963,72.21026745050291,74.1896743774414,940000,0.0,0.0
2020-11-09 00:00:00-05:00,76.0366159759214,77.72168430005702,74.43494175171291,74.61399841308594,914800,0.0,0.0
2020-11-10 00:00:00-05:00,73.6279745282087,75.53624811714926,71.68536571282817,73.65250396728516,763600,0.0,0.0
2020-11-11 00:00:00-05:00,74.33192985718885,75.62455727154963,74.33192985718885,75.16588592529297,658400,0.0,0.0
2020-11-12 00:00:00-05:00,74.89361640149569,75.17814142388487,73.85117887767346,74.44966125488281,526800,0.0,0.0
2020-11-13 00:00:00-05:00,75.12981849574409,75.4269177673873,74.17467082599661,74.36128234863281,353600,0.08,0.0
2020-11-16 00:00:00-05:00,74.28760748357945,74.48158483298192,72.38714349528988,74.36372375488281,426800,0.0,0.0
2020-11-17 00:00:00-05:00,74.10838440199899,75.69946806723696,73.47734906279909,75.55951690673828,636800,0.0,0.0
2020-11-18 00:00:00-05:00,75.74854016060388,75.74854016060388,73.71302623776185,73.89472961425781,1244000,0.0,0.0
2020-11-19 00:00:00-05:00,73.85055061929633,75.06842596306217,73.29808945307983,74.2164077758789,603600,0.0,0.0
2020-11-20 00:00:00-05:00,74.04697725884962,75.26238718917666,73.16794606343981,74.86461639404297,633200,0.0,0.0
2020-11-23 00:00:00-05:00,75.02668498688789,75.02668498688789,73.7940853751073,74.57980346679688,536000,0.0,0.0
2020-11-24 00:00:00-05:00,75.11999067686227,75.11999067686227,73.43314369694812,74.35391235351562,549600,0.0,0.0
2020-11-25 00:00:00-05:00,75.03651053447958,75.93272388524622,73.73270268177778,74.0911865234375,679600,0.0,0.0
2020-11-27 00:00:00-05:00,74.27044233422471,74.71486614544541,72.67935113875733,73.08448791503906,283200,0.0,0.0
2020-11-30 00:00:00-05:00,73.6320332585236,74.49141738620341,73.24162822542297,74.47422790527344,796000,0.0,0.0
2020-12-01 00:00:00-05:00,75.12489705498007,75.86887781301591,74.68293110706674,74.87445068359375,831200,0.0,0.0
2020-12-02 00:00:00-05:00,75.59141391632636,75.59141391632636,72.8389317997836,73.25143432617188,506800,0.0,0.0
2020-12-03 00:00:00-05:00,73.20970153599946,73.7400651712203,72.88558917671433,73.40367889404297,492000,0.0,0.0
2020-12-04 00:00:00-05:00,74.2139450434217,75.34587291614905,73.81617422920313,75.2771224975586,454000,0.0,0.0
2020-12-07 00:00:00-05:00,75.54722748137391,76.5146490485986,75.1740119375668,75.60861206054688,317600,0.0,0.0
2020-12-08 00:00:00-05:00,75.91309250044125,76.82649543249823,75.30906278393375,75.83451843261719,536800,0.0,0.0
2020-12-09 00:00:00-05:00,76.07758025000652,76.07758025000652,73.65657639087482,74.06417083740234,439600,0.0,0.0
2020-12-10 00:00:00-05:00,73.8628269655578,75.11261590780636,73.14585189309398,74.93828582763672,400000,0.0,0.0
2020-12-11 00:00:00-05:00,75.0708759547482,76.0112918213014,74.07890663755767,74.87935638427734,293600,0.0,0.0
2020-12-14 00:00:00-05:00,74.96038343686357,77.06219050965018,74.24340836379447,75.24520874023438,735600,0.0,0.0
2020-12-15 00:00:00-05:00,75.69701253346925,76.28876079763596,74.67557219929738,75.66754913330078,478800,0.0,0.0
2020-12-16 00:00:00-05:00,75.65036169057888,75.84924714031014,74.07400229997471,74.40302276611328,712000,0.0,0.0
2020-12-17 00:00:00-05:00,74.9358334361688,76.15125100321153,74.4300251439744,76.05794525146484,736000,0.0,0.0
2020-12-18 00:00:00-05:00,75.93515207014947,78.73674405050238,75.59385034869888,78.63115692138672,3626800,0.0,0.0
2020-12-21 00:00:00-05:00,77.94612009478853,79.31867800667321,75.78783678929013,79.0313949584961,782000,0.0,0.0
2020-12-22 00:00:00-05:00,79.38498525250779,79.64771302552627,78.24077590300836,78.70975494384766,481200,0.0,0.0
2020-12-23 00:00:00-05:00,79.29658426762771,79.45618263839035,78.42001087880404,78.58697509765625,476800,0.0,0.0
2020-12-24 00:00:00-05:00,78.80305986905223,79.33833154611608,78.29479380729956,78.97002410888672,119600,0.0,0.0
2020-12-28 00:00:00-05:00,79.64032749114901,80.15350149969764,77.22914024111188,77.53852081298828,397200,0.0,0.0
2020-12-29 00:00:00-05:00,78.05661337845689,78.16955888287902,76.4581643598261,77.32245635986328,305200,0.0,0.0
2020-12-30 00:00:00-05:00,77.94367852082449,78.45439488760069,77.61220031730792,77.83318328857422,320000,0.0,0.0
2020-12-31 00:00:00-05:00,77.95349825154067,78.45439096315951,77.24879707175138,77.9706802368164,307200,0.0,0.0
2021-01-04 00:00:00-05:00,77.75215140200737,78.42001581266852,76.26909811639163,77.25125122070312,523200,0.0,0.0
2021-01-05 00:00:00-05:00,77.31756532360868,78.76378213458368,76.46308927087419,77.83564758300781,609600,0.0,0.0
2021-01-06 00:00:00-05:00,77.51152492251101,81.70286529515711,77.51152492251101,81.2510757446289,1153200,0.0,0.0
2021-01-07 00:00:00-05:00,81.34929664142874,83.26695023728956,81.34929664142874,82.46404266357422,452800,0.0,0.0
2021-01-08 00:00:00-05:00,82.84706767681335,84.21471762418129,80.23453691573926,80.9097671508789,744000,0.0,0.0
2021-01-11 00:00:00-05:00,80.35486690533276,82.42475298753529,79.8588747408883,82.21113586425781,380800,0.0,0.0
2021-01-12 00:00:00-05:00,82.12272527113905,83.34550851734507,81.59481950480966,82.01223754882812,325600,0.0,0.0
2021-01-13 00:00:00-05:00,82.48122499720233,83.32341952661739,80.72562024351697,81.1700439453125,609200,0.0,0.0
2021-01-14 00:00:00-05:00,81.58990799047733,84.39150034963086,81.58990799047733,82.79550170898438,744800,0.0,0.0
2021-01-15 00:00:00-05:00,83.70892183322904,85.80581355267027,82.79551904331227,85.3761215209961,1228800,0.0,0.0
2021-01-19 00:00:00-05:00,86.12255362936489,86.99912710687667,84.67387924372582,86.37545776367188,871600,0.0,0.0
2021-01-20 00:00:00-05:00,86.99913248166209,88.75472983260175,86.53506149669727,87.5761489868164,802000,0.0,0.0
2021-01-21 00:00:00-05:00,88.00339116640748,88.00339116640748,86.0980113838073,87.33306884765625,592400,0.0,0.0
2021-01-22 00:00:00-05:00,87.44357301279018,87.94692362855416,86.74378722281814,87.5565185546875,456400,0.0,0.0
2021-01-25 00:00:00-05:00,88.12369672455537,88.68107347610915,86.15693998443557,86.53752136230469,521600,0.0,0.0
2021-01-26 00:00:00-05:00,86.96967021993139,87.56878428077702,83.44619406107883,83.5665054321289,391600,0.0,0.0
2021-01-27 00:00:00-05:00,82.59171769966079,82.6481942068594,78.00506400252482,78.18675994873047,777600,0.0,0.0
2021-01-28 00:00:00-05:00,78.85709622593558,79.73121213962662,76.36979157808292,79.19102478027344,1179200,0.0,0.0
2021-01-29 00:00:00-05:00,79.66490177391358,80.897501301218,79.06332996169405,79.77784729003906,871600,0.0,0.0
2021-02-01 00:00:00-05:00,81.07184358446584,83.92254747760084,80.58568248923432,83.5002212524414,743200,0.0,0.0
2021-02-02 00:00:00-05:00,87.89043559079684,98.17357307917588,87.89043559079684,92.5090103149414,2086400,0.0,0.0
2021-02-03 00:00:00-05:00,93.06885206645013,93.06885206645013,88.62951479872174,90.45877838134766,920000,0.0,0.0
2021-02-04 00:00:00-05:00,90.8491563910814,94.52240667030203,90.58642865395288,93.97486114501953,795200,0.0,0.0
2021-02-05 00:00:00-05:00,95.04542216612599,95.40636377641883,92.59249688196849,93.46907043457031,804800,0.0,0.0
2021-02-08 00:00:00-05:00,94.53224459802857,96.09878013599908,93.84228258107052,95.89989471435547,1475200,0.0,0.0
2021-02-09 00:00:00-05:00,96.46709084335154,97.23316915902025,94.60590628798528,95.74766540527344,576000,0.0,0.0
2021-02-10 00:00:00-05:00,96.4744618143246,97.09321568061983,94.65747975243096,95.83360290527344,483600,0.0,0.0
2021-02-11 00:00:00-05:00,96.18252878535593,97.38665196201934,95.10127547364554,97.07210540771484,611200,0.08,0.0
2021-02-12 00:00:00-05:00,97.37191774400357,99.65484215893241,96.9811924349938,98.01575469970703,692800,0.0,0.0
2021-02-16 00:00:00-05:00,98.7726445905717,101.97954561648814,98.61045544107168,100.9990463256836,1242400,0.0,0.0
2021-02-17 00:00:00-05:00,100.0160689552177,100.80981097373049,99.32062882707505,100.07996368408203,898000,0.0,0.0
2021-02-18 00:00:00-05:00,100.02099238788206,100.02099238788206,97.14829405176437,97.57833862304688,550400,0.0,0.0
2021-02-19 00:00:00-05:00,97.86338404793304,98.63255057422366,95.4109064330422,95.7279052734375,828400,0.0,0.0
2021-02-22 00:00:00-05:00,95.34948756340249,95.59276752826074,92.34654736832348,92.64389038085938,766400,0.0,0.0
2021-02-23 00:00:00-05:00,93.35654046831375,93.35654046831375,90.78364468424537,92.60948944091797,857200,0.0,0.0
2021-02-24 00:00:00-05:00,92.3465558026278,93.34671102693817,91.47909466251456,92.07624053955078,548800,0.0,0.0
2021-02-25 00:00:00-05:00,92.15241656151676,92.87980420308179,89.67290310649416,89.70976257324219,492400,0.0,0.0
2021-02-26 00:00:00-05:00,90.27003508514929,90.54281009590588,88.21565446087682,88.88160705566406,982800,0.0,0.0
2021-03-01 00:00:00-05:00,90.6681383780479,91.8575178985278,89.94321059664478,91.5233154296875,942000,0.0,0.0
2021-03-02 00:00:00-05:00,92.45957715385707,92.67582932490869,91.02691776971263,92.26052856445312,830000,0.0,0.0
2021-03-03 00:00:00-05:00,91.45204823573475,91.49382729377287,88.73662694533982,88.77102661132812,650400,0.0,0.0
2021-03-04 00:00:00-05:00,88.87177257210291,90.85735380618648,85.13653314557644,85.49285125732422,691200,0.0,0.0
2021-03-05 00:00:00-05:00,84.84902410646289,88.16897066674653,83.25417546248111,87.53495788574219,561200,0.0,0.0
2021-03-08 00:00:00-05:00,88.11980667731413,89.1592884089989,84.75071716308594,84.75071716308594,647200,0.0,0.0
2021-03-09 00:00:00-05:00,86.49793831985626,89.95058655115773,84.9915523459231,89.47630310058594,941600,0.0,0.0
2021-03-10 00:00:00-05:00,90.03659370067761,91.71008085581761,88.49334081816215,89.39029693603516,982800,0.0,0.0
2021-03-11 00:00:00-05:00,90.52561458425103,95.59276726888564,90.17420852499096,95.3494873046875,1274400,0.0,0.0
2021-03-12 00:00:00-05:00,93.6022904644087,94.70320749340709,91.06380157198456,94.63931274414062,1317200,0.0,0.0
2021-03-15 00:00:00-04:00,94.79903686476483,99.12651850177883,94.79903686476483,97.5611572265625,838400,0.0,0.0
2021-03-16 00:00:00-04:00,97.91746343205432,99.47791242007878,94.5876926578852,95.43795013427734,691600,0.0,0.0
2021-03-17 00:00:00-04:00,94.6909030110608,96.58310225453505,92.82573904217587,93.82836151123047,641200,0.0,0.0
2021-03-18 00:00:00-04:00,93.1795952055594,95.31261440366904,91.5970306393795,91.90420532226562,581600,0.0,0.0
2021-03-19 00:00:00-04:00,92.62913290940025,97.11879500320724,91.02936489349351,92.21137237548828,1572800,0.0,0.0
2021-03-22 00:00:00-04:00,92.61440562171119,95.09145920102084,92.43010079440181,94.70319366455078,445600,0.0,0.0
2021-03-23 00:00:00-04:00,94.09620590246753,94.09620590246753,91.69533131286931,92.51364135742188,533200,0.0,0.0
2021-03-24 00:00:00-04:00,92.81099688556125,93.82344356371523,90.44206934241204,90.791015625,450400,0.0,0.0
2021-03-25 00:00:00-04:00,89.93337257749575,93.06164215459326,87.7757779691544,92.69794464111328,810400,0.0,0.0
2021-03-26 00:00:00-04:00,92.83312501602224,95.86555336143851,91.56019460429629,95.40602111816406,831600,0.0,0.0
2021-03-29 00:00:00-04:00,94.42795891572405,94.42795891572405,88.32378441395443,90.18402862548828,1108400,0.0,0.0
2021-03-30 00:00:00-04:00,89.73187162505178,92.28265152695694,89.49596355590737,91.77642822265625,876400,0.0,0.0
2021-03-31 00:00:00-04:00,92.8822499256669,94.9464622439661,92.8822499256669,93.85537719726562,1379600,0.0,0.0
2021-04-01 00:00:00-04:00,94.6196369603432,95.9712056070626,93.89224188909907,95.46989440917969,859200,0.0,0.0
2021-04-05 00:00:00-04:00,96.47249520684997,97.53901218258159,95.80900246778137,97.50706481933594,392800,0.0,0.0
2021-04-06 00:00:00-04:00,97.87077437277696,99.42139170369693,97.87077437277696,98.06491088867188,926000,0.0,0.0
2021-04-07 00:00:00-04:00,97.09178437328734,98.70383666032629,96.2046599062254,97.55622863769531,618800,0.0,0.0
2021-04-08 00:00:00-04:00,98.6694291056329,100.24954151593471,97.45302175171398,99.55901336669922,923600,0.0,0.0
2021-04-09 00:00:00-04:00,99.8194897486265,101.09979175013294,98.95448102643205,100.43875122070312,730400,0.0,0.0
2021-04-12 00:00:00-04:00,100.02836922491149,100.02836922491149,98.06491088506257,99.04541015625,895600,0.0,0.0
2021-04-13 00:00:00-04:00,99.41892268536981,103.28440377332345,98.96430269267844,103.07553100585938,1137200,0.0,0.0
2021-04-14 00:00:00-04:00,103.45889906302581,103.97003446560751,101.00150145576652,101.82964324951172,722000,0.0,0.0
2021-04-15 00:00:00-04:00,102.01886559455419,103.24019257033179,101.58882099039845,102.02623748779297,870400,0.0,0.0
2021-04-16 00:00:00-04:00,102.12452275435876,103.15663271168214,101.2570617304712,102.8543701171875,1169200,0.0,0.0
2021-04-19 00:00:00-04:00,102.04343254202563,103.07062291080888,100.58864990298675,101.86158752441406,543600,0.0,0.0
2021-04-20 00:00:00-04:00,102.05571775325951,103.023932992668,100.7238124742684,101.22266387939453,752800,0.0,0.0
2021-04-21 00:00:00-04:00,101.56424338980301,104.34601937095117,100.82457178569926,104.15434265136719,947200,0.0,0.0
2021-04-22 00:00:00-04:00,104.04373685315346,105.93346827706355,103.11729336967564,104.12236785888672,719200,0.0,0.0
2021-04-23 00:00:00-04:00,104.92841365801708,106.82061273647246,102.77327874607754,106.27507019042969,516800,0.0,0.0
2021-04-26 00:00:00-04:00,106.78131190740233,109.3124287744844,106.37584274899955,108.26312255859375,745600,0.0,0.0
2021-04-27 00:00:00-04:00,108.64155667090878,109.23133063452572,106.29228500794363,108.46953582763672,445600,0.0,0.0
2021-04-28 00:00:00-04:00,108.30734186308139,109.09862420808662,107.15236946468586,107.33912658691406,478400,0.0,0.0
2021-04-29 00:00:00-04:00,107.84044471370427,108.91678615557916,105.52312037615637,106.58963012695312,517600,0.0,0.0
2021-04-30 00:00:00-04:00,106.09568644732138,107.53326560911407,104.6114236284199,105.0512924194336,680000,0.0,0.0
2021-05-03 00:00:00-04:00,106.1300776895859,106.38318931603551,103.78325872650302,104.78588104248047,684800,0.0,0.0
2021-05-04 00:00:00-04:00,103.53754735451068,104.22808309674713,101.74610959960503,102.77330017089844,673200,0.0,0.0
2021-05-05 00:00:00-04:00,103.82258380265702,104.42464918541538,101.88370108930953,102.42432403564453,932800,0.0,0.0
2021-05-06 00:00:00-04:00,102.42432501467475,102.7855627479063,98.05016045527016,100.99412536621094,885200,0.0,0.0
2021-05-07 00:00:00-04:00,100.93760154642358,105.42972384235486,100.41663448027863,103.96019744873047,865600,0.0,0.0
2021-05-10 00:00:00-04:00,103.48839336527224,104.02164448107592,100.23971321720678,100.31835174560547,1036800,0.0,0.0
2021-05-11 00:00:00-04:00,98.27626121343062,102.26216095169421,97.03773055817956,102.11471557617188,682800,0.0,0.0
2021-05-12 00:00:00-04:00,101.86157368411072,104.392689799044,100.38713536487631,100.47805786132812,1120000,0.0,0.0
2021-05-13 00:00:00-04:00,101.20792342273933,101.4856105562883,95.12340445911495,97.47513580322266,1427600,0.0,0.0
2021-05-14 00:00:00-04:00,97.97437431064577,100.48294630701528,97.28820480777027,98.71218872070312,1275600,0.08,0.0
2021-05-17 00:00:00-04:00,98.57200854620926,98.95075540268293,95.12149656592815,95.26414489746094,937200,0.0,0.0
2021-05-18 00:00:00-04:00,95.56666467589385,98.67286541499489,94.96165879134787,98.37528228759766,1476800,0.0,0.0
2021-05-19 00:00:00-04:00,96.78651075885192,99.36393800987422,96.78651075885192,97.77764129638672,916400,0.0,0.0
2021-05-20 00:00:00-04:00,98.32116016108164,101.1371551770688,97.77763891321322,100.56166076660156,938000,0.0,0.0
2021-05-21 00:00:00-04:00,101.84791949308931,102.75543199191299,100.24440523637642,100.67479705810547,1110400,0.0,0.0
2021-05-24 00:00:00-04:00,101.2183134541493,103.85968701933089,101.1765081679599,103.53997039794922,1552800,0.0,0.0
2021-05-25 00:00:00-04:00,104.27778078405808,105.29842265621085,102.90790341915128,103.33091735839844,1438000,0.0,0.0
2021-05-26 00:00:00-04:00,104.03923063710917,104.46962246307972,101.05846102040033,102.3766860961914,1272800,0.0,0.0
2021-05-27 00:00:00-04:00,103.05546915717612,104.0982445768317,100.19029103108022,100.75840759277344,9237200,0.0,0.0
2021-05-28 00:00:00-04:00,101.05846834581509,103.38504165504224,101.05846834581509,101.77660369873047,1343200,0.0,0.0
2021-06-01 00:00:00-04:00,102.86611354727718,102.86611354727718,98.46135950117305,100.89368438720703,952800,0.0,0.0
2021-06-02 00:00:00-04:00,100.43376174694524,101.62902506629752,98.50314575620304,100.86661529541016,993600,0.0,0.0
2021-06-03 00:00:00-04:00,100.09191454465439,101.24290332623767,98.89173512914896,100.23947143554688,958800,0.0,0.0
2021-06-04 00:00:00-04:00,101.02893554144539,105.05985794909404,100.67723828002362,104.35155487060547,1315600,0.0,0.0
2021-06-07 00:00:00-04:00,103.53259154376025,105.25662051418021,102.08893568925906,103.22763061523438,862400,0.0,0.0
2021-06-08 00:00:00-04:00,104.48436856057369,105.69930368962756,102.74066788067795,104.53109741210938,530800,0.0,0.0
2021-06-09 00:00:00-04:00,104.53110334904225,106.71257378398369,104.19416924652313,105.54682922363281,785200,0.0,0.0
2021-06-10 00:00:00-04:00,105.76571834694403,108.45874459937589,105.76571834694403,107.17986297607422,792000,0.0,0.0
2021-06-11 00:00:00-04:00,107.77501903085012,109.30475466150557,107.17492932972888,109.1817855834961,697200,0.0,0.0
2021-06-14 00:00:00-04:00,109.18178479659825,110.86400087099146,109.0809492527048,110.51722717285156,694400,0.0,0.0
2021-06-15 00:00:00-04:00,109.4769282337832,110.05733875286411,106.87243622700275,108.53498077392578,781600,0.0,0.0
2021-06-16 00:00:00-04:00,108.93093634212143,109.76466282628198,107.9004548208961,108.83747863769531,586400,0.0,0.0
2021-06-17 00:00:00-04:00,108.37755913086609,111.30667565658162,108.13162100068142,109.48919677734375,811200,0.0,0.0
2021-06-18 00:00:00-04:00,110.0474849656027,111.61165553751073,104.86065016642573,106.22068786621094,3586000,0.0,0.0
2021-06-21 00:00:00-04:00,106.31906307714236,108.66039915306037,105.72881299694276,108.26443481445312,763600,0.0,0.0
2021-06-22 00:00:00-04:00,108.49070963558789,109.33427578461743,107.34955288733579,108.67516326904297,601600,0.0,0.0
2021-06-23 00:00:00-04:00,108.66041964520666,109.94913343898048,108.576801556074,109.30231475830078,472800,0.0,0.0
2021-06-24 00:00:00-04:00,110.40409461050135,110.67216629041907,107.36921877332314,108.09227752685547,616800,0.0,0.0
2021-06-25 00:00:00-04:00,107.95947485386104,108.91125433623279,106.57484180631135,107.36184692382812,1032000,0.0,0.0
2021-06-28 00:00:00-04:00,107.7479521231398,110.36965352831496,107.36675101818386,109.43755340576172,647600,0.0,0.0
2021-06-29 00:00:00-04:00,109.64416596039179,111.15668433185003,109.47446800840284,110.13111877441406,462400,0.0,0.0
2021-06-30 00:00:00-04:00,109.88270881598578,111.32636456449681,109.49658411680565,110.73611450195312,962800,0.0,0.0
2021-07-01 00:00:00-04:00,110.51475839880742,112.98397941277001,110.19750360381242,111.63378143310547,934000,0.0,0.0
2021-07-02 00:00:00-04:00,111.76906293288332,112.38883194858603,109.99093469891508,110.5664291381836,762800,0.0,0.0
2021-07-06 00:00:00-04:00,110.97223645948648,112.63723539486357,109.6146602784179,112.01993560791016,908000,0.0,0.0
2021-07-07 00:00:00-04:00,112.755277430316,114.95642713852281,111.73463548670723,114.04399108886719,920000,0.0,0.0
2021-07-08 00:00:00-04:00,112.2240501502112,113.70705707321125,110.81236740082873,113.34552764892578,509600,0.0,0.0
2021-07-09 00:00:00-04:00,113.82263631013497,114.6834198480598,112.72083067963392,114.45716094970703,848400,0.0,0.0
2021-07-12 00:00:00-04:00,114.74244051215035,115.00805791634262,110.55165985351178,111.03123474121094,841200,0.0,0.0
2021-07-13 00:00:00-04:00,110.9205833756549,112.1478125188026,110.53445862335309,111.5182113647461,546800,0.0,0.0
2021-07-14 00:00:00-04:00,110.78040771893963,112.21914774600916,108.01360286128228,109.41053009033203,958000,0.0,0.0
2021-07-15 00:00:00-04:00,109.34903258422203,110.82466166683315,108.67024080448088,110.55167388916016,448800,0.0,0.0
2021-07-16 00:00:00-04:00,111.19109974411758,113.31847086746309,109.9835499634376,112.80691528320312,805600,0.0,0.0
2021-07-19 00:00:00-04:00,111.64855412947237,113.47341869893775,110.9451670428405,112.00762176513672,517200,0.0,0.0
2021-07-20 00:00:00-04:00,112.58065999827632,115.40648719235993,112.58065999827632,114.86050415039062,909600,0.0,0.0
2021-07-21 00:00:00-04:00,114.81623711043613,115.42615897357544,111.99286419364454,113.90380859375,449600,0.0,0.0
2021-07-22 00:00:00-04:00,113.91610728658684,115.82950604511036,113.90872944133362,115.38927459716797,297200,0.0,0.0
2021-07-23 00:00:00-04:00,115.72866352279995,117.80438225737319,115.72866352279995,116.67306518554688,469600,0.0,0.0
2021-07-26 00:00:00-04:00,116.4418863407747,117.21659009164775,115.54667528578112,116.11479187011719,236800,0.0,0.0
2021-07-27 00:00:00-04:00,116.34104786313954,116.72963437327077,114.64162171984418,116.476318359375,288800,0.0,0.0
2021-07-28 00:00:00-04:00,115.90083421312056,117.52402026825989,115.80737649973442,117.25349426269531,566400,0.0,0.0
2021-07-29 00:00:00-04:00,117.73798266828582,119.80877785386602,117.05181307338286,118.815185546875,252800,0.0,0.0
2021-07-30 00:00:00-04:00,118.24460573212947,120.07438617617953,118.24460573212947,118.60121154785156,304000,0.0,0.0
2021-08-02 00:00:00-04:00,119.52593667492464,119.63168827438166,116.61402998250888,119.46199035644531,566000,0.0,0.0
2021-08-03 00:00:00-04:00,119.35379381816811,119.4644689995501,116.84276714257192,118.36266326904297,618400,0.0,0.0
2021-08-04 00:00:00-04:00,118.50039190400591,119.98339885342952,117.89292428925879,119.71041107177734,1246000,0.0,0.0
2021-08-05 00:00:00-04:00,120.39656791142244,124.03644964591172,117.94701845499608,120.6695556640625,967200,0.0,0.0
2021-08-06 00:00:00-04:00,120.50970488991896,120.50970488991896,115.83687959826905,118.49793243408203,851200,0.0,0.0
2021-08-09 00:00:00-04:00,118.27658765979187,120.32524930728123,117.10345778897275,117.8658676147461,1038400,0.0,0.0
2021-08-10 00:00:00-04:00,117.80438795410208,117.80438795410208,113.57179398737806,114.04399108886719,659200,0.0,0.0
2021-08-11 00:00:00-04:00,114.47684048048541,114.47684048048541,112.29782438783442,113.84232330322266,385600,0.0,0.0
2021-08-12 00:00:00-04:00,114.0292368054964,115.4483049218828,113.74394761316775,114.08334350585938,520800,0.0,0.0
2021-08-13 00:00:00-04:00,114.4820323414344,115.4049371050431,113.63295695466712,114.91764068603516,440000,0.08,0.0
2021-08-16 00:00:00-04:00,114.27285082692568,117.86602857766229,114.27285082692568,117.5042495727539,596400,0.0,0.0
2021-08-17 00:00:00-04:00,117.58299239660649,117.58299239660649,115.97590778586937,116.66008758544922,406800,0.0,0.0
2021-08-18 00:00:00-04:00,116.86435804319264,117.55838424385796,115.53783262751067,115.87254333496094,370000,0.0,0.0
2021-08-19 00:00:00-04:00,114.77242786487174,118.00382599622185,114.34419498479627,117.11783599853516,559600,0.0,0.0
2021-08-20 00:00:00-04:00,117.33196548983624,118.91936477601226,117.0661722077669,117.9964599609375,463600,0.0,0.0
2021-08-23 00:00:00-04:00,118.37544973306487,120.16711514617566,117.67650411971802,118.10719299316406,835200,0.0,0.0
2021-08-24 00:00:00-04:00,118.89227550474419,121.86771938963571,118.35084258104335,121.2056884765625,932800,0.0,0.0
2021-08-25 00:00:00-04:00,122.03263468908168,123.84891265375288,120.8119412982417,123.11304473876953,3044400,0.0,0.0
2021-08-26 00:00:00-04:00,122.41408778773423,124.0236358174377,120.86606674299753,121.37797546386719,2018000,0.0,0.0
2021-08-27 00:00:00-04:00,121.23770321107818,122.07446878094385,119.48541572084638,121.8259048461914,32906000,0.0,0.0
2021-08-30 00:00:00-04:00,123.36409305751062,125.81286304343499,122.36735119497796,124.49126434326172,1269600,0.0,0.0
2021-08-31 00:00:00-04:00,125.30585094367247,125.30585094367247,121.77666413194905,122.84231567382812,1356000,0.0,0.0
2021-09-01 00:00:00-04:00,123.05396469140108,124.90715709922885,121.95632542932681,124.37064361572266,775200,0.0,0.0
2021-09-02 00:00:00-04:00,125.4929032805137,126.34197118536888,124.52323737524932,125.70701599121094,1004000,0.0,0.0
2021-09-03 00:00:00-04:00,125.44614547710836,128.33545793811987,124.8825561645797,126.2755355834961,650400,0.0,0.0
2021-09-07 00:00:00-04:00,126.82927189860968,126.82927189860968,124.77672507792461,126.5462417602539,916400,0.0,0.0
2021-09-08 00:00:00-04:00,125.14097435367297,127.07783522695225,124.3558893845828,124.96623229980469,498800,0.0,0.0
2021-09-09 00:00:00-04:00,125.76115653853071,126.13770889452452,124.81363947344553,125.0646743774414,661200,0.0,0.0
2021-09-10 00:00:00-04:00,126.01712146314213,127.46670103353301,124.7964280163946,127.1861343383789,893600,0.0,0.0
2021-09-13 00:00:00-04:00,128.160704261932,128.58892965578008,121.95878143550395,123.6913833618164,873200,0.0,0.0
2021-09-14 00:00:00-04:00,124.75459449316965,127.06800795576105,124.64630638333342,125.48799896240234,759200,0.0,0.0
2021-09-15 00:00:00-04:00,127.78171345133521,131.1607707801682,125.78823005413601,130.34861755371094,1404000,0.0,0.0
2021-09-16 00:00:00-04:00,129.47246005067922,130.51102827324314,128.3748133088885,130.30430603027344,640000,0.0,0.0
2021-09-17 00:00:00-04:00,130.6340865741436,132.89828254018656,130.12217787248716,131.5077667236328,4243200,0.0,0.0
2021-09-20 00:00:00-04:00,129.26821280230908,131.82527824656103,127.49869587580775,130.14682006835938,1605200,0.0,0.0
2021-09-21 00:00:00-04:00,130.82361691638172,131.91633691656799,129.16238809982252,130.4864501953125,1021600,0.0,0.0
2021-09-22 00:00:00-04:00,130.20095936693846,131.28876744577133,128.42899394105757,131.17555236816406,1345600,0.0,0.0
2021-09-23 00:00:00-04:00,132.20427839757483,133.84581436239915,131.71945290365852,132.1353759765625,784400,0.0,0.0
2021-09-24 00:00:00-04:00,131.0524953392283,133.0115202077197,130.33140078244557,132.62266540527344,630400,0.0,0.0
2021-09-27 00:00:00-04:00,131.77357374484964,131.77357374484964,125.20003270890453,125.87191009521484,852400,0.0,0.0
2021-09-28 00:00:00-04:00,123.84398367071135,124.05564042050368,119.89887339711697,120.3147964477539,1013200,0.0,0.0
2021-09-29 00:00:00-04:00,121.89973099449014,123.03182909336857,120.49199318679652,120.72333526611328,887200,0.0,0.0
2021-09-30 00:00:00-04:00,121.68069556377401,123.55357345232979,119.12116688327022,119.25653076171875,1076400,0.0,0.0
2021-10-01 00:00:00-04:00,119.48293675290017,122.12614103320047,116.10633564664134,121.53302001953125,866000,0.0,0.0
2021-10-04 00:00:00-04:00,120.60027136486424,120.6175007229022,116.88158406356233,118.43452453613281,584000,0.0,0.0
2021-10-05 00:00:00-04:00,119.18516680826626,121.1048059603079,117.8906364892166,118.97105407714844,572800,0.0,0.0
2021-10-06 00:00:00-04:00,117.85371895283323,119.18270044992525,116.72900376020759,119.01042938232422,575200,0.0,0.0
2021-10-07 00:00:00-04:00,119.59124782121471,122.00311050944977,119.59124782121471,120.19913482666016,870400,0.0,0.0
2021-10-08 00:00:00-04:00,120.531366627359,120.53383011021843,117.73558396418268,118.03829193115234,339200,0.0,0.0
2021-10-11 00:00:00-04:00,118.07275601994584,118.8726068813219,117.1030900671512,117.6912841796875,399600,0.0,0.0
2021-10-12 00:00:00-04:00,119.11870697274128,119.51247366999847,115.71995690707016,117.64205932617188,628400,0.0,0.0
2021-10-13 00:00:00-04:00,118.7126265718152,118.93904918937143,117.1916812508598,118.86767578125,408400,0.0,0.0
2021-10-14 00:00:00-04:00,120.1868233265778,122.77833983543223,120.15236460720732,122.52484893798828,688800,0.0,0.0
2021-10-15 00:00:00-04:00,122.55436325745688,123.91042032256763,122.0990620957745,122.56666564941406,812000,0.0,0.0
2021-10-18 00:00:00-04:00,122.51747829926582,123.57327614213376,121.58719042091596,122.92847442626953,542000,0.0,0.0
2021-10-19 00:00:00-04:00,122.92846923929561,124.89487705412874,122.74881522549661,122.96046447753906,381200,0.0,0.0
2021-10-20 00:00:00-04:00,124.15899500994959,125.30832241999612,123.38621996667555,124.85794067382812,470400,0.0,0.0
2021-10-21 00:00:00-04:00,124.78411779618882,124.82349597079101,121.264776996753,122.42640686035156,760000,0.0,0.0
2021-10-22 00:00:00-04:00,122.83001378235794,125.19265156443689,122.64789630584262,124.34850311279297,349200,0.0,0.0
2021-10-25 00:00:00-04:00,124.18607446568036,125.8596055402125,123.0736617124015,125.71932220458984,406400,0.0,0.0
2021-10-26 00:00:00-04:00,126.33459594195216,128.10411267196199,125.14097090346856,127.67342376708984,691600,0.0,0.0
2021-10-27 00:00:00-04:00,127.42732922969547,127.42732922969547,124.26975974892436,125.45845794677734,520000,0.0,0.0
2021-10-28 00:00:00-04:00,126.02944112288814,129.2509861445359,124.71275442722293,126.80467224121094,534000,0.0,0.0
2021-10-29 00:00:00-04:00,126.18692576634355,129.37649024060863,126.18692576634355,128.8744354248047,728400,0.0,0.0
2021-11-01 00:00:00-04:00,129.2066849282361,130.88021612877316,128.5446538846114,129.22145080566406,740000,0.0,0.0
2021-11-02 00:00:00-04:00,127.87522960873218,129.62751691865907,122.40916691973754,123.87350463867188,968000,0.0,0.0
2021-11-03 00:00:00-04:00,123.55850234697861,124.41249729647967,120.40340390485949,124.11717224121094,856800,0.0,0.0
2021-11-04 00:00:00-04:00,124.50109899394893,125.85469280642891,120.56090805640454,121.88005065917969,710000,0.0,0.0
2021-11-05 00:00:00-04:00,121.24508173271005,123.09089138309318,120.16467172287416,122.3944091796875,781200,0.0,0.0
2021-11-08 00:00:00-05:00,122.39441704108921,124.83088443396568,121.6265613789094,124.62907409667969,469600,0.0,0.0
2021-11-09 00:00:00-05:00,124.53063110500445,124.92440535370535,123.23610079723414,123.58065795898438,596000,0.0,0.0
2021-11-10 00:00:00-05:00,122.61529470119837,124.49921972144011,122.45030142347068,124.03378295898438,921200,0.08,0.0
2021-11-11 00:00:00-05:00,124.97205938507577,126.75993759568696,123.37872505037572,124.76519775390625,749600,0.0,0.0
2021-11-12 00:00:00-05:00,125.19862046395127,126.28464209708699,123.6520696234796,124.24064636230469,536800,0.0,0.0
2021-11-15 00:00:00-05:00,124.3489995286137,125.08040658412037,123.51662296199709,123.5683364868164,453600,0.0,0.0
2021-11-16 00:00:00-05:00,123.00684241004525,125.89306710200377,121.63268768749961,124.23816680908203,884800,0.0,0.0
2021-11-17 00:00:00-05:00,124.23816883440924,124.25787423374338,120.18465095101399,121.6351547241211,870800,0.0,0.0
2021-11-18 00:00:00-05:00,122.12768659283115,122.49954146332232,120.47032119064949,121.93560028076172,623600,0.0,0.0
2021-11-19 00:00:00-05:00,122.50937637116562,124.89814844457729,119.87188190741395,123.50182342529297,1116400,0.0,0.0
2021-11-22 00:00:00-05:00,123.65699313852119,123.65699313852119,120.24622283390534,120.57868194580078,896800,0.0,0.0
2021-11-23 00:00:00-05:00,119.60592797501415,119.93099942808591,114.51317193852145,116.41433715820312,1023600,0.0,0.0
2021-11-24 00:00:00-05:00,115.78390467316952,117.53484448038581,114.9269001275592,117.46096801757812,868000,0.0,0.0
2021-11-26 00:00:00-05:00,117.33043651331965,121.1524646308684,116.37000501317485,116.59902954101562,459600,0.0,0.0
2021-11-29 00:00:00-05:00,116.42910715390762,120.37181020257704,116.42910715390762,118.13079833984375,550400,0.0,0.0
2021-11-30 00:00:00-05:00,118.8646851115845,120.98502233817308,115.44898456317483,116.24442291259766,1516800,0.0,0.0
2021-12-01 00:00:00-05:00,116.67045825010314,117.89685260882722,113.6413955533886,113.75960540771484,1142400,0.0,0.0
2021-12-02 00:00:00-05:00,113.14395360440946,115.60906781841612,112.44701968352433,115.07220458984375,1035600,0.0,0.0
2021-12-03 00:00:00-05:00,115.63861086896762,115.63861086896762,110.75763874844009,112.33373260498047,1037600,0.0,0.0
2021-12-06 00:00:00-05:00,112.42730601664762,115.48098904324445,110.96202696600174,115.31106567382812,852800,0.0,0.0
2021-12-07 00:00:00-05:00,116.58920215230168,118.59133720383095,115.30369893752626,116.47345733642578,892400,0.0,0.0
2021-12-08 00:00:00-05:00,117.17284097095491,119.72907193483788,116.50546517031347,118.52729797363281,445200,0.0,0.0
2021-12-09 00:00:00-05:00,118.63073122839612,119.64780649615196,115.57458283253865,115.79376220703125,467200,0.0,0.0
2021-12-10 00:00:00-05:00,115.771571766123,117.53975920377295,114.39741712990111,114.76927947998047,537600,0.0,0.0
2021-12-13 00:00:00-05:00,114.21273231473828,116.22964239917364,113.93445178186771,115.83561706542969,508400,0.0,0.0
2021-12-14 00:00:00-05:00,114.75697671731585,114.86287633452314,112.26231211325745,113.99109649658203,692800,0.0,0.0
2021-12-15 00:00:00-05:00,114.52548261836849,117.04231006248058,113.23752207006096,116.8379135131836,458400,0.0,0.0
2021-12-16 00:00:00-05:00,117.22946328102185,117.74662100014314,113.22519417475456,113.65862274169922,650400,0.0,0.0
2021-12-17 00:00:00-05:00,113.28677405002773,116.9955227595619,111.57769508115086,115.88240814208984,1792400,0.0,0.0
2021-12-20 00:00:00-05:00,115.12637405624655,115.78882722904343,113.26707709389309,114.55750274658203,631600,0.0,0.0
2021-12-21 00:00:00-05:00,115.0328007868893,118.39185783338563,114.38513037367187,118.1185073852539,538000,0.0,0.0
2021-12-22 00:00:00-05:00,117.98057064479869,121.10813750080936,117.40677680432242,120.59344482421875,467600,0.0,0.0
2021-12-23 00:00:00-05:00,121.22881450770001,122.77043512165189,121.22881450770001,121.81492614746094,396400,0.0,0.0
2021-12-27 00:00:00-05:00,122.14986021301696,123.29745559357748,122.14986021301696,123.29499053955078,308800,0.0,0.0
2021-12-28 00:00:00-05:00,123.67669005073284,123.67669005073284,120.96038857625476,122.58820343017578,321600,0.0,0.0
2021-12-29 00:00:00-05:00,122.80490835831262,123.86876690517593,121.58835927621176,123.75056457519531,414800,0.0,0.0
2021-12-30 00:00:00-05:00,123.5313956599341,125.94725368319837,123.5313956599341,125.29957580566406,368000,0.0,0.0
2021-12-31 00:00:00-05:00,125.13949708288354,128.78668686443666,125.13949708288354,127.40267944335938,870000,0.0,0.0
2022-01-03 00:00:00-05:00,127.22783571682017,127.82379256257231,119.51728234587846,120.12555694580078,1001200,0.0,0.0
2022-01-04 00:00:00-05:00,119.48772580023588,119.48772580023588,114.23982167611466,115.25688934326172,1361200,0.0,0.0
2022-01-05 00:00:00-05:00,114.8850284522404,115.71493987282602,106.71149670588719,107.05873107910156,1824400,0.0,0.0
2022-01-06 00:00:00-05:00,105.68704480218629,107.1153782081349,103.26625663992657,105.04183197021484,1223200,0.0,0.0
2022-01-07 00:00:00-05:00,104.63303499351093,104.99996730037802,101.3971105048911,102.26889038085938,1000400,0.0,0.0
2022-01-10 00:00:00-05:00,100.23967485416473,105.88160505706301,98.76700793123324,105.34474182128906,1323200,0.0,0.0
2022-01-11 00:00:00-05:00,105.2930103869592,106.8469411622246,103.23669715745002,106.4627685546875,868400,0.0,0.0
2022-01-12 00:00:00-05:00,106.48248237111665,107.85417213505089,103.70214958098073,105.49249267578125,790800,0.0,0.0
2022-01-13 00:00:00-05:00,105.29054688311015,105.37428355622306,97.6563355708251,97.93461608886719,1217600,0.0,0.0
2022-01-14 00:00:00-05:00,97.52089254551548,98.99601677277602,94.3440770944628,96.07038879394531,1500000,0.0,0.0
2022-01-18 00:00:00-05:00,94.28251001599618,94.65436487118309,92.4847718979119,93.33438873291016,1019600,0.0,0.0
2022-01-19 00:00:00-05:00,93.70625367509027,96.27971721076729,93.0955140555333,93.53878784179688,755200,0.0,0.0
2022-01-20 00:00:00-05:00,94.351468268164,95.98912827941668,92.86894882427393,92.89604187011719,976000,0.0,0.0
2022-01-21 00:00:00-05:00,92.92313187033575,93.50185589128301,90.27086158974984,90.40384674072266,1598000,0.0,0.0
2022-01-24 00:00:00-05:00,89.85712886948679,94.211090059521,85.6706259908983,94.04609680175781,1820800,0.0,0.0
2022-01-25 00:00:00-05:00,91.9306815789934,92.7852210585824,88.43618214501666,90.62548065185547,1009200,0.0,0.0
2022-01-26 00:00:00-05:00,91.78291856647894,92.88372281814061,88.73661586104659,89.59362030029297,1045200,0.0,0.0
2022-01-27 00:00:00-05:00,90.95054109935877,92.33947102007964,87.00291564207014,87.14082336425781,1625600,0.0,0.0
2022-01-28 00:00:00-05:00,87.47328927192268,90.40137481689453,85.9759945776642,90.40137481689453,1846800,0.0,0.0
2022-01-31 00:00:00-05:00,90.76339786399443,92.72120697445187,90.46048930834893,92.69657897949219,1581600,0.0,0.0
2022-02-01 00:00:00-05:00,100.38003564797255,104.04445868532883,97.09979278167589,98.8926010131836,2256800,0.0,0.0
2022-02-02 00:00:00-05:00,99.63631108,103.82773680800577,99.63631108,102.90424346923828,1898400,0.0,0.0
2022-02-03 00:00:00-05:00,98.43207353998892,102.19992312118525,97.65633317144183,100.8700942993164,1084400,0.0,0.0
2022-02-04 00:00:00-05:00,98.75221560724005,101.69508389147421,97.77700879932307,100.98583984375,1306000,0.0,0.0
2022-02-07 00:00:00-05:00,101.05726468033757,103.80558197289503,100.96614786626513,101.62860107421875,1064400,0.0,0.0
2022-02-08 00:00:00-05:00,101.36263080041392,102.77372381823429,99.85549086755445,101.79359436035156,1220400,0.0,0.0
2022-02-09 00:00:00-05:00,103.37954809102149,105.66488614233502,101.66308137737161,104.43848419189453,1214800,0.0,0.0
2022-02-10 00:00:00-05:00,101.81623836202338,106.41501201255133,101.81623836202338,104.21666717529297,1172400,0.08,0.0
2022-02-11 00:00:00-05:00,104.61345160303895,107.19379210821545,102.24752211777196,103.15938568115234,1454800,0.0,0.0
2022-02-14 00:00:00-05:00,103.24565225281724,105.19754628402437,101.81130650815679,101.94193267822266,1123600,0.0,0.0
2022-02-15 00:00:00-05:00,103.41324455002668,104.926456481453,100.88219685699545,101.72259521484375,1408000,0.0,0.0
2022-02-16 00:00:00-05:00,100.98076857669002,102.23027618759275,99.33447870856854,101.5451431274414,1428400,0.0,0.0
2022-02-17 00:00:00-05:00,101.04485380394837,102.42990645027793,97.5551086822381,98.13426971435547,1174000,0.0,0.0
2022-02-18 00:00:00-05:00,98.03567457344104,99.6080320209201,96.11582056446825,98.8292465209961,1004800,0.0,0.0
2022-02-22 00:00:00-05:00,98.89828543429456,100.00977389769635,97.00061046386658,98.60746765136719,789600,0.0,0.0
2022-02-23 00:00:00-05:00,99.22602894654224,99.93088220981923,96.49781653654593,96.69744110107422,827600,0.0,0.0
2022-02-24 00:00:00-05:00,95.5120287621841,102.23520799095616,95.15467952417647,101.75955963134766,1408400,0.0,0.0
2022-02-25 00:00:00-05:00,101.81376599087669,104.58880475172663,101.63139478287738,104.17230224609375,1049200,0.0,0.0
2022-02-28 00:00:00-05:00,103.00167718645095,103.95051453995549,101.56240500850288,103.36396026611328,1541200,0.0,0.0
2022-03-01 00:00:00-05:00,103.40831346480876,105.21480244582482,102.57530837058579,103.55371856689453,920800,0.0,0.0
2022-03-02 00:00:00-05:00,104.10577494525889,105.27887591725165,103.00659870129124,104.41629791259766,755600,0.0,0.0
2022-03-03 00:00:00-05:00,105.05213264698925,105.204930957408,102.34117353132588,103.4649887084961,567200,0.0,0.0
2022-03-04 00:00:00-05:00,102.96223916754468,104.155060417887,100.81811369423755,102.91541290283203,1225200,0.0,0.0
2022-03-07 00:00:00-05:00,102.59995858090123,102.77247719411908,98.59020573157288,98.9056625366211,913600,0.0,0.0
2022-03-08 00:00:00-05:00,97.79415547047198,99.57106388920346,95.40111996275485,97.03262329101562,820400,0.0,0.0
2022-03-09 00:00:00-05:00,99.95307099420425,103.63997352885531,98.3486735867887,103.09038543701172,846800,0.0,0.0
2022-03-10 00:00:00-05:00,101.02760609162519,102.46195199923626,99.95061696370176,102.2992935180664,600400,0.0,0.0
2022-03-11 00:00:00-05:00,103.53400708294024,103.53400708294024,98.66906202543765,98.78736114501953,584800,0.0,0.0
2022-03-14 00:00:00-04:00,99.50206227074138,101.66590040024516,96.23905547272757,96.66048431396484,591600,0.0,0.0
2022-03-15 00:00:00-04:00,97.94943962676147,100.06645181105051,97.0203225046302,99.96047973632812,899200,0.0,0.0
2022-03-16 00:00:00-04:00,101.365235521943,105.21480426572761,101.365235521943,104.35222625732422,585600,0.0,0.0
2022-03-17 00:00:00-04:00,103.62025763224578,106.52098128194528,102.98687717482966,106.40022277832031,698400,0.0,0.0
2022-03-18 00:00:00-04:00,106.21539397635762,110.16600094740241,106.21539397635762,109.8185043334961,1332400,0.0,0.0
2022-03-21 00:00:00-04:00,108.27571321710084,110.10191487901183,105.94429033194541,108.0046157836914,824800,0.0,0.0
2022-03-22 00:00:00-04:00,107.80993462860245,110.11917804582797,107.02128884685882,108.96578979492188,782400,0.0,0.0
2022-03-23 00:00:00-04:00,108.44577196490728,108.44577196490728,105.26902428051233,105.73234558105469,469200,0.0,0.0
2022-03-24 00:00:00-04:00,105.89501737627516,107.35893627515316,104.62826370347422,107.2209243774414,436000,0.0,0.0
2022-03-25 00:00:00-04:00,108.15002177530299,108.15002177530299,105.05214034752738,107.31702423095703,425200,0.0,0.0
2022-03-28 00:00:00-04:00,107.64479987468928,108.96331340083704,105.86789138655067,107.77788543701172,453200,0.0,0.0
2022-03-29 00:00:00-04:00,109.52276313034176,110.74515731738933,109.17280711311822,109.92201232910156,652400,0.0,0.0
2022-03-30 00:00:00-04:00,109.52522780725374,109.59423374734406,107.60044718861258,109.02493286132812,574000,0.0,0.0
2022-03-31 00:00:00-04:00,109.21964754982793,110.09701214320482,106.2154105077406,106.72309875488281,1182400,0.0,0.0
2022-04-01 00:00:00-04:00,107.78529369804312,107.78529369804312,105.38485701638494,106.77976989746094,1158400,0.0,0.0
2022-04-04 00:00:00-04:00,107.28498968074375,107.28498968074375,105.91472350721035,106.47663116455078,1559600,0.0,0.0
2022-04-05 00:00:00-04:00,106.78468584727449,107.24801462671405,105.42427240618255,106.72553253173828,1040800,0.0,0.0
2022-04-06 00:00:00-04:00,105.90732891290425,107.63494429678572,103.46253311542173,107.00896453857422,901200,0.0,0.0
2022-04-07 00:00:00-04:00,106.90546828464701,112.18937604312502,106.90546828464701,110.81664276123047,1032400,0.0,0.0
2022-04-08 00:00:00-04:00,109.81355994352242,109.9219989128001,106.51112025291982,106.75511169433594,1462000,0.0,0.0
2022-04-11 00:00:00-04:00,106.04533991611343,106.21785100100739,102.51862880229635,104.1279525756836,1019200,0.0,0.0
2022-04-12 00:00:00-04:00,104.95849629749247,106.65407946350213,100.95366971423091,101.72259521484375,512800,0.0,0.0
2022-04-13 00:00:00-04:00,101.41206863845258,104.45327154816039,100.95367361885141,103.36149597167969,583600,0.0,0.0
2022-04-14 00:00:00-04:00,103.83713624452201,104.78351415371824,101.95178869316096,103.03617095947266,796800,0.0,0.0
2022-04-18 00:00:00-04:00,102.58270645899265,102.65171240089965,100.18474433691136,101.55254364013672,503600,0.0,0.0
2022-04-19 00:00:00-04:00,101.13602273558992,103.32697415577684,100.52975581868462,101.8458023071289,867200,0.0,0.0
2022-04-20 00:00:00-04:00,102.96962977020793,105.44892473717991,101.85567462786376,104.64549255371094,596000,0.0,0.0
2022-04-21 00:00:00-04:00,105.02749412514521,105.54504240936812,101.37016444896386,101.55992889404297,588800,0.0,0.0
2022-04-22 00:00:00-04:00,101.16067760438702,101.3775555491229,99.2383640416514,99.31722259521484,802000,0.0,0.0
2022-04-25 00:00:00-04:00,97.15831383034136,98.87114259345253,95.91373262091614,98.80460357666016,1328400,0.0,0.0
2022-04-26 00:00:00-04:00,98.27227371187759,98.27227371187759,93.89777124570624,94.17626190185547,1053200,0.0,0.0
2022-04-27 00:00:00-04:00,94.16640757990363,96.43129157019916,93.72525843748127,93.88052368164062,598800,0.0,0.0
2022-04-28 00:00:00-04:00,95.13002038554264,97.01783464598252,93.86325950914924,95.349365234375,1440000,0.0,0.0
2022-04-29 00:00:00-04:00,94.9525876981105,98.02583024445569,93.392557052774,93.5749282836914,950000,0.0,0.0
2022-05-02 00:00:00-04:00,93.0080897900549,94.80717798465706,91.4135524914528,94.28716278076172,1039200,0.0,0.0
2022-05-03 00:00:00-04:00,93.88052355068393,96.4584049410328,93.59957348347397,94.49665069580078,1027200,0.0,0.0
2022-05-04 00:00:00-04:00,95.09305800537278,98.16383336222563,92.39441830214207,97.55509948730469,1426800,0.0,0.0
2022-05-05 00:00:00-04:00,96.31298711126861,96.66295062005884,93.64392777214087,95.1669921875,1429200,0.0,0.0
2022-05-06 00:00:00-04:00,93.99144093088954,93.99144093088954,90.83933196538418,91.90892791748047,1068000,0.0,0.0
2022-05-09 00:00:00-04:00,90.8984660802012,90.8984660802012,85.48148106862408,85.53323364257812,2210000,0.0,0.0
2022-05-10 00:00:00-04:00,87.98048164679065,89.22506288279486,84.4414512475297,86.6373291015625,1368800,0.0,0.0
2022-05-11 00:00:00-04:00,85.66139348644505,87.6305411302655,83.27575077518497,83.46552276611328,993200,0.0,0.0
2022-05-12 00:00:00-04:00,83.16237506307169,87.04397593364665,82.5659606993957,85.98177337646484,1514800,0.0,0.0
2022-05-13 00:00:00-04:00,87.60984878679021,91.74169063848375,87.43224095532922,90.72044372558594,1258400,0.08,0.0
2022-05-16 00:00:00-04:00,89.89652448742126,91.38892530550454,89.00108550216866,89.32917022705078,792800,0.0,0.0
2022-05-17 00:00:00-04:00,91.34206391245228,92.81965730735176,89.38097798962936,91.52953338623047,764000,0.0,0.0
2022-05-18 00:00:00-04:00,90.51815512121134,91.06084016605442,88.04151519573074,88.57926940917969,966400,0.0,0.0
2022-05-19 00:00:00-04:00,88.30299408725625,91.45305766946511,88.30299408725625,90.39234924316406,834800,0.0,0.0
2022-05-20 00:00:00-04:00,91.88229488962055,91.88229488962055,88.41647689258012,90.37016296386719,790000,0.0,0.0
2022-05-23 00:00:00-04:00,91.5073378538387,91.5073378538387,88.30547381068092,89.91627502441406,1079200,0.0,0.0
2022-05-24 00:00:00-04:00,89.57585283237971,89.57585283237971,87.53582848162075,88.10565948486328,903200,0.0,0.0
2022-05-25 00:00:00-04:00,87.65670565579265,88.68534490798608,86.22597401343069,87.03014373779297,1059600,0.0,0.0
2022-05-26 00:00:00-04:00,87.86638725883891,90.42195843711055,87.16581766042161,90.11608123779297,690400,0.0,0.0
2022-05-27 00:00:00-04:00,91.05839568260608,95.3579760771287,90.93258794246037,95.35550689697266,1013600,0.0,0.0
2022-05-31 00:00:00-04:00,94.26272059377486,94.76100562129223,90.43182556577658,91.20392608642578,1615200,0.0,0.0
2022-06-01 00:00:00-04:00,91.10032171873821,92.46691499837688,87.77511160868215,88.79142761230469,721200,0.0,0.0
2022-06-02 00:00:00-04:00,89.31437941328907,92.58531264060801,87.20528569127043,92.25970458984375,742000,0.0,0.0
2022-06-03 00:00:00-04:00,90.93751348213867,91.22365982801931,89.17624286254767,89.5684585571289,791200,0.0,0.0
2022-06-06 00:00:00-04:00,91.16198788421926,91.5542035673243,89.17130189337593,89.6424560546875,599600,0.0,0.0
2022-06-07 00:00:00-04:00,88.89009695786974,90.6785059825096,88.86542774158748,90.28382110595703,863200,0.0,0.0
2022-06-08 00:00:00-04:00,90.06922026746754,90.85118254161866,89.0997809685031,89.90148162841797,539200,0.0,0.0
2022-06-09 00:00:00-04:00,89.35631835118762,89.8176033652979,87.58024758785409,87.67891693115234,762000,0.0,0.0
2022-06-10 00:00:00-04:00,86.25805941525928,86.25805941525928,82.49870225826133,82.52583312988281,968800,0.0,0.0
2022-06-13 00:00:00-04:00,79.9061151306884,80.85089268588031,79.19075301106304,80.16513061523438,1230400,0.0,0.0
2022-06-14 00:00:00-04:00,80.04425800291523,80.65848916412297,78.46059507370227,79.96778869628906,1022800,0.0,0.0
2022-06-15 00:00:00-04:00,80.96683009471481,82.32848502459653,79.91105237064998,81.56625366210938,1194800,0.0,0.0
2022-06-16 00:00:00-04:00,79.89870676539697,80.23912234904742,78.77632903366805,79.59529876708984,1686400,0.0,0.0
2022-06-17 00:00:00-04:00,79.91845432705031,82.21747931468174,79.86911589291724,80.7004165649414,2337600,0.0,0.0
2022-06-21 00:00:00-04:00,81.68218960660242,82.19527466404116,81.07042768643635,81.23076629638672,1425200,0.0,0.0
2022-06-22 00:00:00-04:00,80.62395201052848,82.10401478584156,80.04672843151502,81.32945251464844,1284400,0.0,0.0
2022-06-23 00:00:00-04:00,82.0398714759049,85.21707391699455,81.57858647599917,85.17760467529297,1021600,0.0,0.0
2022-06-24 00:00:00-04:00,86.01385213335189,87.0276915604199,85.3379591819732,87.01782989501953,1365200,0.0,0.0
2022-06-27 00:00:00-04:00,86.88460390943837,87.5802351016969,85.45634146745803,87.16088104248047,946000,0.0,0.0
2022-06-28 00:00:00-04:00,87.09427698007991,87.88857746546378,85.29106815779318,85.35273742675781,716800,0.0,0.0
2022-06-29 00:00:00-04:00,85.17020258018373,86.21118027964337,84.2525634350298,85.96697235107422,891200,0.0,0.0
2022-06-30 00:00:00-04:00,84.95558640499092,86.72919524496838,83.0413773481042,85.50814819335938,891200,0.0,0.0
2022-07-01 00:00:00-04:00,85.50567474341791,87.12140655517578,84.38822790744193,87.12140655517578,793200,0.0,0.0
2022-07-05 00:00:00-04:00,86.39864563291168,89.6473860272686,85.87322225798951,89.37110137939453,963600,0.0,0.0
2022-07-06 00:00:00-04:00,90.12100997985358,90.37508708939184,88.77168595417292,89.48951721191406,840000,0.0,0.0
2022-07-07 00:00:00-04:00,89.1910478347744,91.05839543465028,89.1910478347744,90.83638000488281,648000,0.0,0.0
2022-07-08 00:00:00-04:00,90.42195712935116,91.82801960985564,90.19008005322603,91.25325775146484,710800,0.0,0.0
2022-07-11 00:00:00-04:00,90.11114266518021,90.63656609875949,89.11457258975912,89.55365753173828,604800,0.0,0.0
2022-07-12 00:00:00-04:00,89.66958879130793,90.3948200170899,86.51211761419239,87.02767181396484,686400,0.0,0.0
2022-07-13 00:00:00-04:00,85.25161022224667,86.93394990930969,84.73851762077878,86.0779800415039,515200,0.0,0.0
2022-07-14 00:00:00-04:00,85.82884412249018,85.82884412249018,81.1987169455882,84.2131118774414,885600,0.0,0.0
2022-07-15 00:00:00-04:00,84.80512923723205,85.27874509220766,81.17157254764554,84.94326782226562,1381600,0.0,0.0
2022-07-18 00:00:00-04:00,85.33793538781016,86.1470358763866,82.78482620741018,82.94269561767578,769600,0.0,0.0
2022-07-19 00:00:00-04:00,84.33890067669165,86.53926376515726,83.59146934981368,86.39618682861328,692400,0.0,0.0
2022-07-20 00:00:00-04:00,87.14609463861301,89.00357309342698,86.6922096308272,87.9576644897461,651200,0.0,0.0
2022-07-21 00:00:00-04:00,88.77908966281565,91.90202275342654,88.77908966281565,91.29766082763672,1156000,0.0,0.0
2022-07-22 00:00:00-04:00,91.40373937866707,92.28930930923273,88.79636049268002,89.60546112060547,565600,0.0,0.0
2022-07-25 00:00:00-04:00,89.3094348423064,89.69918884891563,88.32026485902433,89.0750961303711,408400,0.0,0.0
2022-07-26 00:00:00-04:00,89.26997841500351,91.68988013889508,88.36467015499282,91.42593383789062,1164000,0.0,0.0
2022-07-27 00:00:00-04:00,91.43087527572858,92.95040727573625,90.79445160275868,92.36578369140625,892400,0.0,0.0
2022-07-28 00:00:00-04:00,92.88872734793775,94.77827482049732,91.53693414188024,93.92477416992188,677200,0.0,0.0
2022-07-29 00:00:00-04:00,93.49555565514912,95.23709545198793,93.29081696587252,95.03975677490234,550400,0.0,0.0
2022-08-01 00:00:00-04:00,94.12458846259074,95.76498976974453,93.41662634788138,94.54147338867188,699200,0.0,0.0
2022-08-02 00:00:00-04:00,93.8088290466145,96.63327710140975,93.8088290466145,95.46649932861328,938800,0.0,0.0
2022-08-03 00:00:00-04:00,96.8059542237763,98.01467041450324,95.82911509131789,96.66041564941406,1116800,0.0,0.0
2022-08-04 00:00:00-04:00,95.80197844211615,96.68508662342693,92.8689918115759,96.42607116699219,1795600,0.0,0.0
2022-08-05 00:00:00-04:00,94.70180199229183,95.18035614643759,91.94148476848747,94.46992492675781,710000,0.0,0.0
2022-08-08 00:00:00-04:00,94.56612561466208,95.13101825863258,92.37563937883954,92.54090881347656,647200,0.0,0.0
2022-08-09 00:00:00-04:00,92.59764224137585,92.59764224137585,88.135254827942,89.08002471923828,1206800,0.0,0.0
2022-08-10 00:00:00-04:00,91.14472004835827,93.84583732761905,89.52158802881239,93.72496795654297,783200,0.0,0.0
2022-08-11 00:00:00-04:00,94.09742052073304,95.18773633768231,92.33121203068006,92.36328125,494000,0.0,0.0
2022-08-12 00:00:00-04:00,92.28924578286406,93.94092787707055,92.28924578286406,93.73107147216797,512800,0.08,0.0
2022-08-15 00:00:00-04:00,93.8174732674546,95.04203607204302,92.92621088793851,93.34344482421875,482800,0.0,0.0
2022-08-16 00:00:00-04:00,92.15345589442923,92.15345589442923,90.51411527118012,91.36341094970703,834000,0.0,0.0
2022-08-17 00:00:00-04:00,90.34870086723497,91.536231994704,89.17598242262791,89.56359100341797,841600,0.0,0.0
2022-08-18 00:00:00-04:00,89.56359561959628,89.60309862073974,88.02054495505695,89.23770904541016,698000,0.0,0.0
2022-08-19 00:00:00-04:00,88.95871505921146,89.12659714584991,87.12927347682337,87.6032943725586,489600,0.0,0.0
2022-08-22 00:00:00-04:00,86.39601259621107,86.9539820504497,85.02825056646046,85.33686065673828,434800,0.0,0.0
2022-08-23 00:00:00-04:00,84.98875711764279,85.131956434896,83.86789056863246,84.46782684326172,698800,0.0,0.0
2022-08-24 00:00:00-04:00,84.70730282930482,86.05530965356346,84.30734534014,85.66522979736328,921200,0.0,0.0
2022-08-25 00:00:00-04:00,87.08483345110857,88.7315726929113,86.09974490795148,88.53406524658203,695600,0.0,0.0
2022-08-26 00:00:00-04:00,88.41556733462814,88.45259904365085,83.63087463378906,83.63087463378906,598800,0.0,0.0
2022-08-29 00:00:00-04:00,82.43345684569928,83.43087916971,81.80882282936939,82.31001281738281,662000,0.0,0.0
2022-08-30 00:00:00-04:00,82.99639914212769,83.0309595679072,81.89774377558798,82.30757904052734,991600,0.0,0.0
2022-08-31 00:00:00-04:00,83.18400295824102,83.83579113708905,81.91993713378906,81.91993713378906,781200,0.0,0.0
2022-09-01 00:00:00-04:00,81.06816358026943,82.19398011852371,79.80904044255367,82.17422485351562,692400,0.0,0.0
2022-09-02 00:00:00-04:00,82.80873551461389,83.2309120406261,81.20149163102874,81.48047637939453,597200,0.0,0.0
2022-09-06 00:00:00-04:00,81.32000978185285,81.91501105233604,80.53243608006854,81.23606872558594,901600,0.0,0.0
2022-09-07 00:00:00-04:00,80.12259430512309,82.60875926528969,78.6659560308531,82.49272155761719,1435600,0.0,0.0
2022-09-08 00:00:00-04:00,81.70514347022743,84.61841986008345,81.0731105752456,84.60360717773438,961600,0.0,0.0
2022-09-09 00:00:00-04:00,84.75420021952577,86.06517515338365,84.5665628917818,85.61583709716797,760800,0.0,0.0
2022-09-12 00:00:00-04:00,85.51462325750686,86.32935844400536,84.75173999271253,85.12947845458984,706000,0.0,0.0
2022-09-13 00:00:00-04:00,82.58406132105519,83.22102924120911,79.8485447574664,79.95716857910156,898800,0.0,0.0
2022-09-14 00:00:00-04:00,79.80659337106908,79.95472776588248,77.82901690621672,78.92273712158203,1224800,0.0,0.0
2022-09-15 00:00:00-04:00,79.08072616020827,80.35466965151095,77.87344727747683,78.10798645019531,780000,0.0,0.0
2022-09-16 00:00:00-04:00,77.50557722258249,77.50557722258249,74.42441864416023,75.9403076171875,1859600,0.0,0.0
2022-09-19 00:00:00-04:00,75.69588731625211,75.69588731625211,73.94545172205186,75.04904174804688,1318800,0.0,0.0
2022-09-20 00:00:00-04:00,74.04914293657481,74.78734344819901,73.01962382178917,74.0886459350586,896400,0.0,0.0
2022-09-21 00:00:00-04:00,74.8984364253182,75.69341635279955,72.92580305603235,73.14059448242188,1409200,0.0,0.0
2022-09-22 00:00:00-04:00,73.05418566685697,73.4689558574181,71.07908091055437,71.65186309814453,960400,0.0,0.0
2022-09-23 00:00:00-04:00,71.57533310914111,71.94073022553412,69.97056038887426,71.8592529296875,986800,0.0,0.0
2022-09-26 00:00:00-04:00,71.89875801191057,72.95050380541095,71.22475073750256,71.61730194091797,958000,0.0,0.0
2022-09-27 00:00:00-04:00,72.31352499282495,72.68632844520236,69.47925434808917,69.75576782226562,1612000,0.0,0.0
2022-09-28 00:00:00-04:00,70.8371467612546,72.09874151016069,70.10882375178423,71.51114654541016,1342000,0.0,0.0
2022-09-29 00:00:00-04:00,70.80504498868993,71.04699052064876,69.70638985730059,70.5186538696289,883600,0.0,0.0
2022-09-30 00:00:00-04:00,70.8914507971519,72.45177782219457,69.99524581207382,70.11621856689453,884400,0.0,0.0
2022-10-03 00:00:00-04:00,70.61987617816465,73.05666058675344,69.75082522020205,72.35549926757812,801600,0.0,0.0
2022-10-04 00:00:00-04:00,73.56030772446182,76.23903741133923,73.56030772446182,76.1797866821289,1315200,0.0,0.0
2022-10-05 00:00:00-04:00,74.86141209276443,77.12784310636373,74.4268866135041,76.17732238769531,5827600,0.0,0.0
2022-10-06 00:00:00-04:00,76.1106590483639,76.92045167116989,75.62922426564303,76.30816650390625,916800,0.0,0.0
2022-10-07 00:00:00-04:00,75.05644863955928,75.25889114176735,72.34067972237244,73.07887268066406,971200,0.0,0.0
2022-10-10 00:00:00-04:00,73.25910558873092,73.25910558873092,70.21250746514666,70.23719024658203,1339600,0.0,0.0
2022-10-11 00:00:00-04:00,70.26436124004773,70.83220090858968,68.32628796961576,69.61751556396484,1421600,0.0,0.0
2022-10-12 00:00:00-04:00,70.07425261483372,70.53099714913166,69.405187911345,69.83724212646484,636800,0.0,0.0
2022-10-13 00:00:00-04:00,67.92138727920343,71.92591289892127,67.1560401324633,71.33832550048828,1018000,0.0,0.0
2022-10-14 00:00:00-04:00,71.96787931951171,72.3703081177843,69.70391218494741,69.83476257324219,815600,0.0,0.0
2022-10-17 00:00:00-04:00,70.52851667163678,74.37996444870018,70.21250025058477,73.11837005615234,1030000,0.0,0.0
2022-10-18 00:00:00-04:00,75.29346829790441,76.84639664192171,74.07384041409685,74.7132797241211,986000,0.0,0.0
2022-10-19 00:00:00-04:00,73.26650880479755,73.90100544226758,70.97044514725623,71.60247802734375,1072800,0.0,0.0
2022-10-20 00:00:00-04:00,71.37535137788363,72.32587207191305,69.60516038174286,69.654541015625,1006800,0.0,0.0
2022-10-21 00:00:00-04:00,69.8495858343901,70.25447840783386,68.2374068135183,69.94093322753906,1274400,0.0,0.0
2022-10-24 00:00:00-04:00,70.23474488789604,70.7778943070101,69.28422398641078,70.06192016601562,1094000,0.0,0.0
2022-10-25 00:00:00-04:00,70.50384451350699,73.63191287564514,70.50384451350699,73.22702026367188,924000,0.0,0.0
2022-10-26 00:00:00-04:00,73.26651340559296,76.44396197936827,73.23194545580475,74.53305053710938,1493600,0.0,0.0
2022-10-27 00:00:00-04:00,74.94781087420262,75.09100263517693,72.89370038778178,73.02207946777344,848800,0.0,0.0
2022-10-28 00:00:00-04:00,72.96284304848633,73.29614350479254,71.44695396680076,72.95543670654297,806000,0.0,0.0
2022-10-31 00:00:00-04:00,72.90112097493461,73.47883824943573,72.07651558990683,73.14307403564453,1587200,0.0,0.0
2022-11-01 00:00:00-04:00,70.5334557126895,77.4463219070897,68.73117575434851,76.36001586914062,2727200,0.0,0.0
2022-11-02 00:00:00-04:00,75.85388745694334,77.84380467848219,73.4442650412588,73.560302734375,2304400,0.0,0.0
2022-11-03 00:00:00-04:00,72.41226852936906,76.00695825620281,69.8915434229993,75.3502426147461,1822400,0.0,0.0
2022-11-04 00:00:00-04:00,75.93783873163392,76.27608175866062,73.11590954765138,74.94782257080078,1261200,0.0,0.0
2022-11-07 00:00:00-05:00,75.01694624847813,78.00429358841681,73.97754951868326,77.7154312133789,4941600,0.0,0.0
2022-11-08 00:00:00-05:00,78.14007429066962,78.90295752416304,76.16003467822514,76.631591796875,1072000,0.0,0.0
2022-11-09 00:00:00-05:00,76.31310445960177,77.44879109616183,75.91808203804705,77.29077911376953,1378400,0.0,0.0
2022-11-10 00:00:00-05:00,80.68896933654916,83.41740493213041,80.59258837995671,83.30866241455078,1662400,0.08,0.0
2022-11-11 00:00:00-05:00,83.23947116771679,89.59593123589487,83.20240156553085,86.4918441772461,2114000,0.0,0.0
2022-11-14 00:00:00-05:00,85.49337909546718,86.79581538941393,84.59131706414529,85.29566955566406,902000,0.0,0.0
2022-11-15 00:00:00-05:00,86.66483407155006,88.37010342232321,86.1829066814435,87.06520080566406,1162000,0.0,0.0
2022-11-16 00:00:00-05:00,87.05285554343052,87.05285554343052,85.0213582726165,86.12361145019531,980400,0.0,0.0
2022-11-17 00:00:00-05:00,84.91506710114685,84.91506710114685,81.18571506748657,81.96915435791016,1446800,0.0,0.0
2022-11-18 00:00:00-05:00,82.98244208530798,83.08130441326695,81.11159244865804,81.2129135131836,947200,0.0,0.0
2022-11-21 00:00:00-05:00,80.75323505997919,82.41649491961253,79.95991541342234,82.0655517578125,877200,0.0,0.0
2022-11-22 00:00:00-05:00,82.50794081739387,82.64386521290965,81.32907461404818,82.16688537597656,803600,0.0,0.0
2022-11-23 00:00:00-05:00,82.47332127480016,83.5286168957521,81.74672700999693,83.11836242675781,602800,0.0,0.0
2022-11-25 00:00:00-05:00,82.84402590487291,84.79396950615897,82.72786948264267,83.77327728271484,456800,0.0,0.0
2022-11-28 00:00:00-05:00,83.50885181525936,84.0500906215864,81.27223120802591,81.6552963256836,1028000,0.0,0.0
2022-11-29 00:00:00-05:00,81.36119073317504,82.04577532436721,80.2861271401343,80.83231353759766,812800,0.0,0.0
2022-11-30 00:00:00-05:00,80.80513747542433,84.41339393238813,80.25154460913276,84.0179672241211,1992900,0.0,4.0
2022-12-01 00:00:00-05:00,84.13658013166044,85.69851115872395,83.15790507587519,85.42171478271484,836700,0.0,0.0
2022-12-02 00:00:00-05:00,83.43470564035364,85.40194359043393,82.70317124672961,83.72138977050781,501000,0.0,0.0
2022-12-05 00:00:00-05:00,82.22866463390515,82.22866463390515,79.70782615122748,81.6552963256836,721300,0.0,0.0
2022-12-06 00:00:00-05:00,81.29941132043827,81.85301167674245,78.53143970746305,79.74736785888672,683000,0.0,0.0
2022-12-07 00:00:00-05:00,79.98462838678984,81.07204607553497,79.3816044104415,79.74736785888672,530200,0.0,0.0
2022-12-08 00:00:00-05:00,79.74736653744137,81.54655069580981,78.95652075061155,81.01272583007812,921000,0.0,0.0
2022-12-09 00:00:00-05:00,80.34049605096973,81.37849001575049,78.7785725470654,79.80667877197266,581100,0.0,0.0
2022-12-12 00:00:00-05:00,81.60587010651831,82.71305572340839,80.89410361443964,82.03095245361328,947500,0.0,0.0
2022-12-13 00:00:00-05:00,85.9950791726523,87.47792342977007,84.63086517127287,85.98519897460938,998200,0.0,0.0
2022-12-14 00:00:00-05:00,85.98520008854888,87.17147249275692,84.5814351082683,85.817138671875,860400,0.0,0.0
2022-12-15 00:00:00-05:00,84.23544264195681,85.00652048657834,82.8020294735846,83.22711181640625,742200,0.0,0.0
2022-12-16 00:00:00-05:00,82.63396532374811,83.33585158698192,80.47890554304949,81.43780517578125,2934300,0.0,0.0
2022-12-19 00:00:00-05:00,80.88421589112112,81.75414852488468,79.41125928711287,79.86599731445312,563000,0.0,0.0
2022-12-20 00:00:00-05:00,79.78690877771224,80.68650461465573,78.60063634394942,80.1032485961914,556200,0.0,0.0
2022-12-21 00:00:00-05:00,80.66673695423445,82.73283748628,80.26143005788963,82.21878051757812,559100,0.0,0.0
2022-12-22 00:00:00-05:00,80.92375190000007,82.08036857287134,79.97473251132602,82.00128173828125,434500,0.0,0.0
2022-12-23 00:00:00-05:00,81.44769056469003,82.16934474562431,80.97318463219106,81.78380584716797,398400,0.0,0.0
2022-12-27 00:00:00-05:00,81.78380173992959,82.42636151032983,80.51843505182968,81.26974487304688,489600,0.0,0.0
2022-12-28 00:00:00-05:00,81.45757712159633,83.06893178809575,79.72759220262733,79.76713562011719,479100,0.0,0.0
2022-12-29 00:00:00-05:00,80.64696017910764,83.98829994110466,78.69949013212414,83.50390625,748100,0.0,0.0
2022-12-30 00:00:00-05:00,82.75259977961922,82.75259977961922,80.24164909868092,81.93209075927734,657400,0.0,0.0
2023-01-03 00:00:00-05:00,82.90089598165694,83.55334365704661,80.81502739297493,81.58610534667969,781900,0.0,0.0
2023-01-04 00:00:00-05:00,82.80202805372865,84.17612983884013,82.13968519919929,83.42481994628906,622700,0.0,0.0
2023-01-05 00:00:00-05:00,82.61417481836703,82.61417481836703,80.6765930593654,81.34881591796875,771100,0.0,0.0
2023-01-06 00:00:00-05:00,81.47735523696747,82.87123259459155,79.27286411701887,81.57621002197266,1243100,0.0,0.0
2023-01-09 00:00:00-05:00,82.41647712879413,83.65218053549957,81.87276461298973,82.9799575805664,713000,0.0,0.0
2023-01-10 00:00:00-05:00,83.83013464638962,85.73806129294539,83.62252980598194,85.55023193359375,887600,0.0,0.0
2023-01-11 00:00:00-05:00,86.19279876969472,87.8338092066704,85.401945459401,85.62931823730469,545400,0.0,0.0
2023-01-12 00:00:00-05:00,85.32285903570587,85.32285903570587,80.07359260090773,81.23020935058594,2441500,0.0,0.0
2023-01-13 00:00:00-05:00,80.28117614493196,81.26973884718524,79.3123889203193,79.92529296875,2219900,0.0,0.0
2023-01-17 00:00:00-05:00,80.132890231167,81.98150519954918,79.55952959588261,79.92529296875,1301200,0.0,0.0
2023-01-18 00:00:00-05:00,80.1230159477197,81.20054575247485,78.86753699960566,79.07513427734375,1185000,0.0,0.0
2023-01-19 00:00:00-05:00,78.72914847503432,80.38993444286393,77.79989693882716,79.86599731445312,884200,0.0,0.0
2023-01-20 00:00:00-05:00,79.56942832008299,80.78536404552102,79.21354506103461,80.52833557128906,675500,0.0,0.0
2023-01-23 00:00:00-05:00,80.64693738859576,81.85298494745474,80.5777383094219,81.34881591796875,645300,0.0,0.0
2023-01-24 00:00:00-05:00,80.597520781192,80.63706419672926,78.75879344045387,79.23330688476562,711500,0.0,0.0
2023-01-25 00:00:00-05:00,78.10634056254997,78.92684186652453,76.97937969479231,78.91696166992188,827200,0.0,0.0
2023-01-26 00:00:00-05:00,79.67816357658708,80.11313364065876,78.44246002377979,79.4013671875,800600,0.0,0.0
2023-01-27 00:00:00-05:00,79.0355978240234,81.07204244901376,78.41280593594345,80.26142120361328,864900,0.0,0.0
2023-01-30 00:00:00-05:00,79.83634110010827,80.01428272197569,77.651618018486,77.7801284790039,853600,0.0,0.0
2023-01-31 00:00:00-05:00,77.82954537579027,78.91696284695145,77.20674604233253,78.74890899658203,1643700,0.0,0.0
2023-02-01 00:00:00-05:00,78.99606129011356,80.93364357906275,78.16566457077188,80.35038757324219,1526300,0.0,0.0
2023-02-02 00:00:00-05:00,79.80667027144592,85.15479056872599,79.02570483160966,79.92529296875,2284800,0.0,0.0
2023-02-03 00:00:00-05:00,78.39302922434355,79.16410696390508,76.77178691497436,78.25463104248047,1251900,0.0,0.0
2023-02-06 00:00:00-05:00,77.49344310967786,77.8888697678081,74.61672906749922,74.70569610595703,1184700,0.0,0.0
2023-02-07 00:00:00-05:00,74.28060195537476,78.02725555803072,73.91483103489959,77.54286193847656,900400,0.0,0.0
2023-02-08 00:00:00-05:00,77.03869501433664,77.67137456772313,75.95127750333707,76.11933135986328,634700,0.0,0.0
2023-02-09 00:00:00-05:00,76.56418175328149,77.79988518727335,74.6068317374341,74.99237060546875,1233900,0.0,0.0
2023-02-10 00:00:00-05:00,74.50747147924041,75.93250720149375,73.97308308339541,75.49707794189453,1138100,0.08,0.0
2023-02-13 00:00:00-05:00,75.79396168096015,76.93201071808211,75.36843811457327,76.28876495361328,1318200,0.0,0.0
2023-02-14 00:00:00-05:00,74.49758995631286,76.86274932683658,74.49758995631286,76.19971466064453,1520800,0.0,0.0
2023-02-15 00:00:00-05:00,75.91270914323161,76.5064714975002,75.17050431287139,76.00177764892578,604600,0.0,0.0
2023-02-16 00:00:00-05:00,74.68561514863335,76.39763042657027,74.49758746893754,75.4476089477539,815000,0.0,0.0
2023-02-17 00:00:00-05:00,75.02205923803476,75.45748847279427,74.23037864313291,75.17050170898438,822500,0.0,0.0
2023-02-21 00:00:00-05:00,74.00278672341352,75.0022915896579,72.84494871356301,72.8944320678711,810900,0.0,0.0
2023-02-22 00:00:00-05:00,73.34963584218727,73.4881801469406,72.07304256258998,73.4683837890625,1051200,0.0,0.0
2023-02-23 00:00:00-05:00,73.73558075385854,74.52726140581362,72.35013017531435,73.4980697631836,1213400,0.0,0.0
2023-02-24 00:00:00-05:00,72.44909310869264,72.62722258598203,71.3902144242776,71.7266845703125,677800,0.0,0.0
2023-02-27 00:00:00-05:00,72.38972262247958,73.17151272437448,71.64751768967923,71.92460632324219,919700,0.0,0.0
2023-02-28 00:00:00-05:00,71.4001123116418,72.30065032362901,71.26156800210532,71.88501739501953,949600,0.0,0.0
2023-03-01 00:00:00-05:00,71.52875411402397,75.01217310042951,71.52875411402397,74.13142395019531,2022100,0.0,0.0
2023-03-02 00:00:00-05:00,71.95428936807319,77.30806428056502,71.95428936807319,76.79346466064453,1472200,0.0,0.0
2023-03-03 00:00:00-05:00,76.94190614245262,78.28777159988475,76.49658623305017,77.42681121826172,852500,0.0,0.0
2023-03-06 00:00:00-05:00,77.27836993116901,77.46639758699428,75.81375650188372,76.11064147949219,702100,0.0,0.0
2023-03-07 00:00:00-05:00,76.1304287278922,76.1304287278922,73.933501078885,74.0423583984375,630400,0.0,0.0
2023-03-08 00:00:00-05:00,74.25016379017738,75.15070919948808,73.41889807398044,73.7652587890625,1192800,0.0,0.0
2023-03-09 00:00:00-05:00,74.2006963751939,75.85333736656806,73.25066752077107,73.29025268554688,822100,0.0,0.0
2023-03-10 00:00:00-05:00,73.1022388249476,73.23088495886678,70.23237830978306,71.22198486328125,897100,0.0,0.0
2023-03-13 00:00:00-04:00,71.00427520167383,72.52827030713631,69.08443593698354,71.07354736328125,987000,0.0,0.0
2023-03-14 00:00:00-04:00,72.17200602483106,73.31005506784481,71.53865843656406,72.50846862792969,971500,0.0,0.0
2023-03-15 00:00:00-04:00,71.3605278584144,72.08293640106662,70.16310485681521,72.01366424560547,805000,0.0,0.0
2023-03-16 00:00:00-04:00,71.77615214749059,72.80534372618571,71.21207679235071,72.7261734008789,621200,0.0,0.0
2023-03-17 00:00:00-04:00,72.76576225901087,72.79544924498416,71.3407265315077,71.55844116210938,1278100,0.0,0.0
2023-03-20 00:00:00-04:00,71.75637899582605,72.92411512351644,71.25167749951002,71.80585479736328,700100,0.0,0.0
2023-03-21 00:00:00-04:00,72.29077006295572,73.2704785495094,71.90482406673458,73.08245086669922,603700,0.0,0.0
2023-03-22 00:00:00-04:00,73.02306765947846,73.71578921902191,71.617828181491,71.69699096679688,616700,0.0,0.0
2023-03-23 00:00:00-04:00,71.94438479210883,72.53815469308523,70.57873063007855,71.17249298095703,718600,0.0,0.0
2023-03-24 00:00:00-04:00,70.84592581215271,72.1126284760448,69.59902705644244,71.78605651855469,825400,0.0,0.0
2023-03-27 00:00:00-04:00,72.36992986455935,73.13193119487944,71.93450808304725,72.64702606201172,636300,0.0,0.0
2023-03-28 00:00:00-04:00,72.3897146695103,72.6668032726314,70.67769215722898,70.87561798095703,504800,0.0,0.0
2023-03-29 00:00:00-04:00,71.64750526013282,72.03345115422644,70.92508926215638,71.31103515625,518600,0.0,0.0
2023-03-30 00:00:00-04:00,72.02356108826028,72.26106453827647,71.23188040484014,71.67720031738281,487900,0.0,0.0
2023-03-31 00:00:00-04:00,72.19178969428508,73.52776448233267,72.08293237747974,73.41890716552734,596700,0.0,0.0
2023-04-03 00:00:00-04:00,72.95380014472076,73.01317412500212,71.41001625661171,72.9933853149414,790700,0.0,0.0
2023-04-04 00:00:00-04:00,73.17150328328053,74.10172821163223,72.70638704405566,73.032958984375,833600,0.0,0.0
2023-04-05 00:00:00-04:00,72.97357708282732,73.78505406508461,71.82563753358195,73.27046203613281,1054600,0.0,0.0
2023-04-06 00:00:00-04:00,73.60691943097925,75.02205684878162,73.32983085408324,74.86372375488281,1047000,0.0,0.0
2023-04-10 00:00:00-04:00,74.70539335322539,75.0220671345374,73.17150779222285,74.40851593017578,653400,0.0,0.0
2023-04-11 00:00:00-04:00,74.67570334689499,77.4070193190993,74.22048527654397,76.99138641357422,1293100,0.0,0.0
2023-04-12 00:00:00-04:00,78.01068035845205,80.39562804088621,77.64452324409322,80.37583923339844,3711800,0.0,0.0
2023-04-13 00:00:00-04:00,81.17740429022548,82.72118771568239,80.37582559625315,82.68161010742188,1192500,0.0,0.0
2023-04-14 00:00:00-04:00,82.58266821149445,84.47282045210565,82.42433508066114,84.35406494140625,2043600,0.0,0.0
2023-04-17 00:00:00-04:00,84.64103173927677,84.93791667074083,83.4535071136154,84.34415435791016,1560600,0.0,0.0
2023-04-18 00:00:00-04:00,84.5618762265422,84.6905299094194,82.85975931170157,83.45352172851562,1271700,0.0,0.0
2023-04-19 00:00:00-04:00,83.17643681062488,84.33427470752417,83.06757948184641,84.09677124023438,901800,0.0,0.0
2023-04-20 00:00:00-04:00,83.15663168466212,83.15663168466212,80.56386752733057,81.18731689453125,1922800,0.0,0.0
2023-04-21 00:00:00-04:00,81.50399132844844,82.800373417626,81.50399132844844,82.60245513916016,1047400,0.0,0.0
2023-04-24 00:00:00-04:00,82.65194035832734,83.35456769222624,82.50350540760145,83.22591400146484,1018900,0.0,0.0
2023-04-25 00:00:00-04:00,82.23629569388929,82.23629569388929,77.43670585085286,77.9117202758789,2031300,0.0,0.0
2023-04-26 00:00:00-04:00,77.09034558295046,78.64402744005439,76.60544052630098,77.59504699707031,1390400,0.0,0.0
2023-04-27 00:00:00-04:00,77.60494345762386,77.82265810556981,75.89292836259206,76.89242553710938,813600,0.0,0.0
2023-04-28 00:00:00-04:00,76.8825408039315,79.45551650859228,76.74399648099511,79.04977416992188,817700,0.0,0.0
2023-05-01 00:00:00-04:00,79.2081034902127,80.28677092834418,78.16901366715726,78.40652465820312,1170100,0.0,0.0
2023-05-02 00:00:00-04:00,78.3867390145777,79.77218978465089,76.89243091292093,79.36644744873047,1578000,0.0,0.0
2023-05-03 00:00:00-04:00,80.75189096219594,86.2936859943871,80.45501353463668,85.08637237548828,2477100,0.0,0.0
2023-05-04 00:00:00-04:00,84.93791836444134,85.05666629931692,82.22639141661966,83.15662384033203,1571200,0.0,0.0
2023-05-05 00:00:00-04:00,83.8592428337816,84.1957129302625,81.45449901958538,82.26597595214844,899400,0.0,0.0
2023-05-08 00:00:00-04:00,82.25609619894153,82.25609619894153,80.21750164511195,81.41492462158203,716800,0.0,0.0
2023-05-09 00:00:00-04:00,80.55396317748823,81.23678646541875,79.34664215086926,80.23728942871094,785200,0.0,0.0
2023-05-10 00:00:00-04:00,81.04877769683695,81.48419944338272,79.6732252007267,80.35604858398438,790100,0.0,0.0
2023-05-11 00:00:00-04:00,79.97009117232543,81.24668434079204,77.8721304257799,81.07845306396484,1126900,0.0,0.0
2023-05-12 00:00:00-04:00,80.95959262739673,80.95959262739673,79.14684092466467,80.53364562988281,777900,0.08,0.0
2023-05-15 00:00:00-04:00,80.53363938354765,80.72184323472777,79.46381804614428,80.31571197509766,797900,0.0,0.0
2023-05-16 00:00:00-04:00,79.89966955062079,81.54401778329465,79.00815180641122,81.1676025390625,930800,0.0,0.0
2023-05-17 00:00:00-04:00,81.74214138825268,82.04922438556832,80.29590464025699,81.26667022705078,997700,0.0,0.0
2023-05-18 00:00:00-04:00,81.26667536390887,82.63366448561887,80.83082047402526,82.48507690429688,889100,0.0,0.0
2023-05-19 00:00:00-04:00,82.89121322053444,83.88178698867779,82.67328578234641,83.08932495117188,700200,0.0,0.0
2023-05-22 00:00:00-04:00,83.03979868761832,84.96150660991016,82.75253139525742,83.41621398925781,647400,0.0,0.0
2023-05-23 00:00:00-04:00,83.41621770803695,84.52566307032426,82.20771647853145,82.42564392089844,1226100,0.0,0.0
2023-05-24 00:00:00-04:00,81.13789065505176,81.58364577102267,79.5430664866126,80.95958709716797,980700,0.0,0.0
2023-05-25 00:00:00-04:00,81.08837109898231,82.33649619116862,80.66242406674688,81.53412628173828,853100,0.0,0.0
2023-05-26 00:00:00-04:00,81.75204816312825,83.12894503372125,81.59356029731121,82.71290588378906,700400,0.0,0.0
2023-05-30 00:00:00-04:00,83.01007820802307,83.99074404459265,82.08884437443425,82.39591979980469,702400,0.0,0.0
2023-05-31 00:00:00-04:00,81.80158187733537,81.8907298870155,78.76052077499571,81.01902770996094,1090700,0.0,0.0
2023-06-01 00:00:00-04:00,81.1378874237603,81.32609126918678,80.40485751638789,80.91996002197266,786000,0.0,0.0
2023-06-02 00:00:00-04:00,81.89071450178534,83.03978346052288,81.36571172347394,82.21760559082031,672600,0.0,0.0
2023-06-05 00:00:00-04:00,81.79166832578125,82.22752316268384,80.9893060646446,81.8907241821289,560100,0.0,0.0
2023-06-06 00:00:00-04:00,82.34637625109728,82.81194702743822,81.15769101754813,81.85108947753906,578400,0.0,0.0
2023-06-07 00:00:00-04:00,81.99968851329956,82.21761593340378,81.15770239174212,81.47468566894531,849800,0.0,0.0
2023-06-08 00:00:00-04:00,81.15770116710813,81.18741716804168,77.46285804899816,78.54258728027344,768500,0.0,0.0
2023-06-09 00:00:00-04:00,78.45344285534084,78.65156215214692,77.15579358054435,77.69070434570312,613100,0.0,0.0
2023-06-12 00:00:00-04:00,77.4727781974082,78.55250760004597,77.39353047735655,77.91854095458984,801500,0.0,0.0
2023-06-13 00:00:00-04:00,77.96806096944837,78.20579655949504,75.90766570243548,76.00672912597656,1772000,0.0,0.0
2023-06-14 00:00:00-04:00,76.25436427868814,76.40294428288828,73.43122327924844,74.16425323486328,1658700,0.0,0.0
2023-06-15 00:00:00-04:00,74.09491946215032,75.9076636794786,73.94633188827675,75.88785552978516,1261900,0.0,0.0
2023-06-16 00:00:00-04:00,76.6902236397284,78.30486380962293,76.10578871116233,77.75013732910156,2739000,0.0,0.0
2023-06-20 00:00:00-04:00,76.18502403915073,77.5321972677789,74.78831154691073,76.70011901855469,1304500,0.0,0.0
2023-06-21 00:00:00-04:00,76.23455806185135,76.29399007092874,74.89728495526215,75.92748260498047,801000,0.0,0.0
2023-06-22 00:00:00-04:00,76.30389814821322,76.35342986090816,75.51144364744214,75.78880310058594,682900,0.0,0.0
2023-06-23 00:00:00-04:00,75.39256378831992,76.5218171848969,75.26379192993043,75.89775848388672,1168200,0.0,0.0
2023-06-26 00:00:00-04:00,75.72935549585532,76.63078118037257,74.51095409065643,76.06615447998047,467800,0.0,0.0
2023-06-27 00:00:00-04:00,76.18502110484813,76.31379295537009,74.58028911210909,74.87745666503906,807000,0.0,0.0
2023-06-28 00:00:00-04:00,74.8774624778037,75.70954831705214,73.96613648610868,75.37274932861328,616400,0.0,0.0
2023-06-29 00:00:00-04:00,75.03596379830591,78.68127560922241,74.709072637271,78.6020278930664,799400,0.0,0.0
2023-06-30 00:00:00-04:00,79.19637042088277,81.31619769833443,79.13693841267626,80.86053466796875,1199900,0.0,0.0
2023-07-03 00:00:00-04:00,80.38506044137566,80.7614757415506,79.78080985591204,80.37515258789062,817500,0.0,0.0
2023-07-05 00:00:00-04:00,80.1176038992519,80.78129406968307,79.26570985136541,80.0779800415039,691900,0.0,0.0
2023-07-06 00:00:00-04:00,79.34495768699207,80.61289090693495,78.35438391422693,80.38506317138672,745000,0.0,0.0
2023-07-07 00:00:00-04:00,80.43457637549186,80.80109134221118,79.1765511806331,80.0383529663086,626000,0.0,0.0
2023-07-10 00:00:00-04:00,80.48411165164427,82.47516686828939,80.27609208534962,82.05912017822266,590200,0.0,0.0
2023-07-11 00:00:00-04:00,82.05912103507413,83.515265571819,81.97988088338025,83.01007843017578,507400,0.0,0.0
2023-07-12 00:00:00-04:00,83.82234681765414,84.41668950916242,83.40630013186872,83.81243896484375,713100,0.0,0.0
2023-07-13 00:00:00-04:00,84.15913795097046,84.51574507615284,83.3369599924957,83.64404296875,457800,0.0,0.0
2023-07-14 00:00:00-04:00,83.80253988671093,84.1294310463852,82.84168211538369,83.4261245727539,736500,0.0,0.0
2023-07-17 00:00:00-04:00,83.24782542198399,83.39641300769749,80.75157514293716,82.01951599121094,960100,0.0,0.0
2023-07-18 00:00:00-04:00,82.29686964988159,82.59403724287223,80.64261328738522,81.52422332763672,712700,0.0,0.0
2023-07-19 00:00:00-04:00,81.47469242979034,83.3171602431352,81.47469242979034,83.08932495117188,675600,0.0,0.0
2023-07-20 00:00:00-04:00,83.40630801019137,86.16010942583931,82.55441396748698,86.10066986083984,1082800,0.0,0.0
2023-07-21 00:00:00-04:00,86.17992342961341,89.06249690984882,84.61481496043017,88.57711029052734,1613800,0.0,0.0
2023-07-24 00:00:00-04:00,88.3690782414502,88.98323665177304,86.59595042416682,87.08133697509766,810700,0.0,0.0
2023-07-25 00:00:00-04:00,86.17992856691467,88.30966394529399,84.9417112024475,85.38746643066406,1234500,0.0,0.0
2023-07-26 00:00:00-04:00,84.36716658564578,84.69405774512346,82.5940386218622,84.17896270751953,1160400,0.0,0.0
2023-07-27 00:00:00-04:00,84.6841485489481,85.1398115712345,82.7822487452802,82.8912124633789,594600,0.0,0.0
2023-07-28 00:00:00-04:00,83.98084137315004,84.02046523007445,81.36572727596254,83.00017547607422,774000,0.0,0.0
2023-07-31 00:00:00-04:00,82.84168118819244,83.12894848673845,82.32658615604383,82.61385345458984,826200,0.0,0.0
2023-08-01 00:00:00-04:00,82.36620094201363,83.07941518295952,81.30628743324051,81.32609558105469,965100,0.0,0.0
2023-08-02 00:00:00-04:00,81.08835358828962,81.80156777266616,79.32513383106796,81.24684143066406,1280200,0.0,0.0
2023-08-03 00:00:00-04:00,82.76243409497785,82.76243409497785,79.4737297753859,80.24637603759766,554300,0.0,0.0
2023-08-04 00:00:00-04:00,80.06806651202714,81.4746792209531,80.01853480865891,81.39543151855469,872700,0.0,0.0
2023-08-07 00:00:00-04:00,81.02892973734986,81.65298843267324,80.13741191726119,80.52373504638672,935300,0.0,0.0
2023-08-08 00:00:00-04:00,82.5742217954896,85.04074811947896,81.37562856082045,83.50536346435547,1511600,0.0,0.0
2023-08-09 00:00:00-04:00,83.40629084143193,83.7034659328231,82.1878895931765,82.21760559082031,956400,0.0,0.0
2023-08-10 00:00:00-04:00,82.8515720654767,83.71337378452986,81.61335511380773,82.21760559082031,508500,0.0,0.0
2023-08-11 00:00:00-04:00,81.75205273611088,84.2383950364132,81.62328086558904,83.59452056884766,422400,0.0,0.0
2023-08-14 00:00:00-04:00,82.90111376689482,84.19876287038683,82.27704751118758,84.01055145263672,617300,0.0,0.0
2023-08-15 00:00:00-04:00,83.81243896484375,84.48602936388043,83.53507954597171,83.81243896484375,420500,0.0,0.0
2023-08-16 00:00:00-04:00,83.40630204839222,83.40630204839222,81.34591450765143,81.36572265625,562300,0.0,0.0
2023-08-17 00:00:00-04:00,81.13767065419194,81.97056011636266,79.25374428733807,79.56111907958984,629100,0.08,0.0
2023-08-18 00:00:00-04:00,78.91661776298815,79.69993480221011,76.83438652149512,77.57804107666016,1249300,0.0,0.0
2023-08-21 00:00:00-04:00,77.89534053982862,78.38120034052342,77.17152094262379,78.01432800292969,523400,0.0,0.0
2023-08-22 00:00:00-04:00,77.79618095655049,78.29195065999384,76.91371148960893,77.57804107666016,566000,0.0,0.0
2023-08-23 00:00:00-04:00,77.84576810383771,78.49027029048787,77.44915079168021,78.01432800292969,376500,0.0,0.0
2023-08-24 00:00:00-04:00,77.87551295305475,78.91662488534064,77.77636051638648,78.12339782714844,427500,0.0,0.0
2023-08-25 00:00:00-04:00,78.12338466021743,80.1163808301876,78.12338466021743,79.48179626464844,1020300,0.0,0.0
2023-08-28 00:00:00-04:00,78.33161455863134,78.85712924339626,76.55675808047077,77.5978775024414,1252500,0.0,0.0
2023-08-29 00:00:00-04:00,77.97465276674255,79.61069418387841,77.6077804891307,79.60077667236328,890600,0.0,0.0
2023-08-30 00:00:00-04:00,79.83874890031342,80.38409859448133,78.97611446661449,79.56111907958984,697200,0.0,0.0
2023-08-31 00:00:00-04:00,79.81891783268757,79.81891783268757,77.68710671300707,77.73668670654297,814000,0.0,0.0
2023-09-01 00:00:00-04:00,78.11347064741814,79.29340492283694,77.75651586770901,78.09364318847656,511000,0.0,0.0
2023-09-05 00:00:00-04:00,77.79617504347108,78.17295726610551,76.53692342096925,76.60633087158203,601700,0.0,0.0
2023-09-06 00:00:00-04:00,76.37828381474328,76.37828381474328,74.56376477737103,74.87114715576172,766000,0.0,0.0
2023-09-07 00:00:00-04:00,74.50426959499477,74.86122438266929,73.25492783813395,73.35408782958984,762700,0.0,0.0
2023-09-08 00:00:00-04:00,73.25494092568353,73.26485843957,70.3001572346275,71.21237182617188,1085200,0.0,0.0
2023-09-11 00:00:00-04:00,71.74779101294112,71.74779101294112,70.23073695350067,71.02396392822266,982900,0.0,0.0
2023-09-12 00:00:00-04:00,70.60751955387909,71.66846640609467,70.29022724942709,71.36109161376953,955300,0.0,0.0
2023-09-13 00:00:00-04:00,70.96447170045333,72.4418632288601,70.38937705602694,71.8766860961914,742700,0.0,0.0
2023-09-14 00:00:00-04:00,72.42202734460163,73.64161637933616,72.0055826773676,73.41356658935547,958500,0.0,0.0
2023-09-15 00:00:00-04:00,73.25492052950653,75.90233620143468,72.35262370307281,73.02687072753906,1312900,0.0,0.0
2023-09-18 00:00:00-04:00,72.5310992935729,72.74923914388965,70.4092058556915,70.5678482055664,893200,0.0,0.0
2023-09-19 00:00:00-04:00,70.30014480041403,70.8454869301683,69.75479510581451,70.03242492675781,743500,0.0,0.0
2023-09-20 00:00:00-04:00,70.42904337351379,71.08346301794897,69.47716644375429,70.27040100097656,669800,0.0,0.0
2023-09-21 00:00:00-04:00,69.84403487884927,70.12166468903439,69.20945029418476,69.32843017578125,830000,0.0,0.0
2023-09-22 00:00:00-04:00,69.33835458880097,69.58623945325903,68.61452745605133,68.76325988769531,1052400,0.0,0.0
2023-09-25 00:00:00-04:00,68.41622087537462,68.63436076100473,67.6527388405148,67.85104370117188,863000,0.0,0.0
2023-09-26 00:00:00-04:00,67.5040053156834,68.92190698439315,66.75043324070984,66.94873809814453,635900,0.0,0.0
2023-09-27 00:00:00-04:00,67.14704632000327,67.49408358122759,66.0266020075356,66.9983139038086,718100,0.0,0.0
2023-09-28 00:00:00-04:00,67.02806665178224,67.65274135931601,66.4628894565372,67.44451141357422,1004100,0.0,0.0
2023-09-29 00:00:00-04:00,68.1485068598309,69.26894366784651,67.32552733539303,67.49408721923828,827300,0.0,0.0
2023-10-02 00:00:00-04:00,67.32553328402828,67.38502323303108,65.21354931627712,66.58187866210938,1028500,0.0,0.0
2023-10-03 00:00:00-04:00,66.18525515104595,66.72068733645382,65.37219314316998,65.93737030029297,1044900,0.0,0.0
2023-10-04 00:00:00-04:00,66.24473508012073,66.40338499174496,65.53082560750009,66.23482513427734,838500,0.0,0.0
2023-10-05 00:00:00-04:00,66.46288365404837,67.2858631577728,65.54075172496024,67.13713073730469,764800,0.0,0.0
2023-10-06 00:00:00-04:00,67.00823831850721,68.42614004458744,66.78018091486891,67.65274047851562,680900,0.0,0.0
2023-10-09 00:00:00-04:00,66.89916387481036,67.85104078172965,66.32406921286582,67.36518859863281,496200,0.0,0.0
2023-10-10 00:00:00-04:00,67.36520470246859,69.15988900720929,66.9487523097006,68.82276916503906,760900,0.0,0.0
2023-10-11 00:00:00-04:00,68.9516507189074,69.25902551186772,68.05926374677796,68.70376586914062,504600,0.0,0.0
2023-10-12 00:00:00-04:00,68.70376774810448,70.89506897219074,66.86942132263228,67.62298583984375,1306700,0.0,0.0
2023-10-13 00:00:00-04:00,67.3156136150852,68.21791815857598,66.91899631646118,67.21646118164062,624000,0.0,0.0
2023-10-16 00:00:00-04:00,67.34535906546851,68.56495594352465,66.71077440911525,67.9997787475586,988300,0.0,0.0
2023-10-17 00:00:00-04:00,66.94873447096602,68.26748363951063,65.92745013730267,67.78163146972656,658800,0.0,0.0
2023-10-18 00:00:00-04:00,67.17680466655253,67.17680466655253,65.62008787207645,65.74898529052734,700000,0.0,0.0
2023-10-19 00:00:00-04:00,65.77872162320335,65.78863913557991,62.8239383820085,62.96275329589844,1393000,0.0,0.0
2023-10-20 00:00:00-04:00,62.952836528539024,64.14268453399389,62.675202931731945,63.52792739868164,1379000,0.0,0.0
2023-10-23 00:00:00-04:00,63.17097332716001,64.10302277005526,62.78427357209606,62.873512268066406,1152500,0.0,0.0
2023-10-24 00:00:00-04:00,62.78427334650549,63.50810042367668,62.06045005175687,63.091651916503906,1322500,0.0,0.0
2023-10-25 00:00:00-04:00,62.40748704483518,62.754528096339506,60.38474958980878,60.761531829833984,1230400,0.0,0.0
2023-10-26 00:00:00-04:00,60.85077096782215,61.723326685262414,60.15669264218609,60.989585876464844,1162400,0.0,0.0
2023-10-27 00:00:00-04:00,61.05900004686069,61.1284075045168,58.83795005459683,59.036258697509766,850500,0.0,0.0
2023-10-30 00:00:00-04:00,59.36346927558849,59.36346927558849,53.37457352284755,56.160797119140625,2958500,0.0,0.0
2023-10-31 00:00:00-04:00,57.053184552946405,60.11704180301913,52.799479129388764,54.16780471801758,3699700,0.0,0.0
2023-11-01 00:00:00-04:00,54.46525726284557,54.46525726284557,51.35182428246625,52.383026123046875,2556300,0.0,0.0
2023-11-02 00:00:00-04:00,53.315072477041326,55.476628610218505,52.541672977391286,54.94119644165039,1887700,0.0,0.0
2023-11-03 00:00:00-04:00,56.428510163976895,58.907358798455626,55.88316422087615,58.22319793701172,1837100,0.0,0.0
2023-11-06 00:00:00-05:00,58.22319586764105,59.29405647281543,57.42996130686276,58.19344711303711,1567100,0.0,0.0
2023-11-07 00:00:00-05:00,58.68921545511585,59.829487272854394,57.98522339212655,59.115577697753906,1917300,0.0,0.0
2023-11-08 00:00:00-05:00,59.43286998777234,59.51219495495274,57.509284922719054,58.173614501953125,1049100,0.0,0.0
2023-11-09 00:00:00-05:00,58.35233959182804,58.789211279520345,56.13818799127271,56.45591354370117,943900,0.08,0.0
2023-11-10 00:00:00-05:00,56.45590855934231,57.260149635852855,55.23465036484477,57.0814323425293,968700,0.0,0.0
2023-11-13 00:00:00-05:00,56.63463887419866,57.17080220434865,56.048831632943134,56.694210052490234,997900,0.0,0.0
2023-11-14 00:00:00-05:00,58.84878409570343,60.238832390009044,58.57077519435975,59.93103790283203,1173500,0.0,0.0
2023-11-15 00:00:00-05:00,59.633175880827274,61.96647373501711,59.61331755934464,60.457275390625,1112000,0.0,0.0
2023-11-16 00:00:00-05:00,60.47712849900198,61.06293567568685,60.139544638071925,60.467201232910156,879200,0.0,0.0
2023-11-17 00:00:00-05:00,61.29130624146736,61.83739682823606,60.099833460052665,60.61613845825195,1057500,0.0,0.0
2023-11-20 00:00:00-05:00,60.67570950891988,63.247303279446875,60.67570950891988,63.138084411621094,1834300,0.0,0.0
2023-11-21 00:00:00-05:00,63.51538335406809,64.73663782753566,62.969289028420356,63.068580627441406,1808900,0.0,0.0
2023-11-22 00:00:00-05:00,63.75367862857869,64.36927520883134,63.08844192785111,63.12815856933594,850700,0.0,0.0
2023-11-24 00:00:00-05:00,62.72106521252185,63.922465144200345,62.61185013584969,63.55509948730469,414100,0.0,0.0
2023-11-27 00:00:00-05:00,63.29695199491945,63.485600370666894,61.738109715463345,61.81753921508789,809700,0.0,0.0
2023-11-28 00:00:00-05:00,61.777819529367775,62.12533065353363,60.7948535405188,61.221797943115234,727000,0.0,0.0
2023-11-29 00:00:00-05:00,61.65866947874274,62.96928826932331,61.65866947874274,62.67142105102539,1192200,0.0,0.0
2023-11-30 00:00:00-05:00,63.08844260583225,63.50545598314219,61.47002543001342,62.4529914855957,1453500,0.0,0.0
2023-12-01 00:00:00-05:00,62.174971977830914,64.17068567071604,61.93667972760522,64.11111450195312,1189400,0.0,0.0
2023-12-04 00:00:00-05:00,63.61466788494299,65.33237647734771,63.267156775258236,64.83592987060547,1076400,0.0,0.0
2023-12-05 00:00:00-05:00,64.4189090709468,64.80613681883582,63.06857747993524,63.922462463378906,926200,0.0,0.0
2023-12-06 00:00:00-05:00,64.60756341785932,65.9678298962297,64.3593401055769,65.57067108154297,1145800,0.0,0.0
2023-12-07 00:00:00-05:00,65.77918005033943,67.64581669678054,65.58060442365353,67.56639099121094,1023200,0.0,0.0
2023-12-08 00:00:00-05:00,67.56639237960898,68.99615358651127,67.22880471709647,67.82453918457031,1229200,0.0,0.0
2023-12-11 00:00:00-05:00,68.12241574060981,68.83730018973027,67.82454469508451,68.5096435546875,1162300,0.0,0.0
2023-12-12 00:00:00-05:00,68.59899493638136,69.64153593867718,67.90397265163399,68.70821380615234,1770800,0.0,0.0
2023-12-13 00:00:00-05:00,68.74793150074422,73.66275799021477,68.42028246158608,73.47410583496094,1368900,0.0,0.0
2023-12-14 00:00:00-05:00,75.13223391682564,76.22441502777662,73.67267955916196,74.5067138671875,2626700,0.0,0.0
2023-12-15 00:00:00-05:00,74.38757080854496,75.89677300035504,73.30532065174368,75.44996643066406,2959200,0.0,0.0
2023-12-18 00:00:00-05:00,75.93648153335053,76.25420708055391,74.91379508983933,75.47974395751953,1139500,0.0,0.0
2023-12-19 00:00:00-05:00,76.2542077607676,77.09816554288231,75.72796795351582,76.86979675292969,848500,0.0,0.0
2023-12-20 00:00:00-05:00,76.8698035811072,77.38611238026502,75.27124463496621,75.32089233398438,574700,0.0,0.0
2023-12-21 00:00:00-05:00,76.23435658183216,77.7236967314908,75.92656204162562,77.16767883300781,1016000,0.0,0.0
2023-12-22 00:00:00-05:00,77.8229745419267,78.08112892235222,76.51235568194484,76.96908569335938,642800,0.0,0.0
2023-12-26 00:00:00-05:00,77.10810708064719,77.64426286440329,76.53222707566393,77.38611602783203,439600,0.0,0.0
2023-12-27 00:00:00-05:00,77.04851735483491,77.94212282583483,77.04851735483491,77.62439727783203,457300,0.0,0.0
2023-12-28 00:00:00-05:00,77.75347266756118,78.18041709378865,77.5151803942545,77.66411590576172,460100,0.0,0.0
2023-12-29 00:00:00-05:00,77.06838623088115,77.71376086228284,76.23435185964357,76.61165618896484,592900,0.0,0.0
2024-01-02 00:00:00-05:00,75.8371841059806,77.33645504239857,74.82443631874173,76.16484069824219,838700,0.0,0.0
2024-01-03 00:00:00-05:00,75.93648003338791,75.96626561922885,71.33937938085106,71.6273193359375,1176400,0.0,0.0
2024-01-04 00:00:00-05:00,71.62731794723706,71.95497453548367,71.21030460320007,71.90532684326172,1572400,0.0,0.0
2024-01-05 00:00:00-05:00,71.44860541334232,72.34221095408785,70.54507639310393,70.58478546142578,1090100,0.0,0.0
2024-01-08 00:00:00-05:00,70.68408311293047,72.73937213463155,69.98905319232006,72.39186096191406,1234000,0.0,0.0
2024-01-09 00:00:00-05:00,71.61739802430345,73.86133922337959,71.27981790528627,71.4783935546875,741200,0.0,0.0
2024-01-10 00:00:00-05:00,71.48831346787837,73.0074389170429,70.2471969146166,72.63014221191406,903400,0.0,0.0
2024-01-11 00:00:00-05:00,72.71949654615425,73.11665534500774,71.45852550310646,72.62020874023438,725700,0.0,0.0
2024-01-12 00:00:00-05:00,73.20603091750944,73.72233213270178,71.54789324574179,71.65711212158203,575300,0.0,0.0
2024-01-16 00:00:00-05:00,70.64436199009324,71.94504982917607,70.19755544620013,70.92237091064453,1100500,0.0,0.0
2024-01-17 00:00:00-05:00,69.90961485155627,70.8329982686434,68.80750277772279,69.34365844726562,966100,0.0,0.0
2024-01-18 00:00:00-05:00,69.49259879041584,69.74082211128834,68.77771441427511,69.363525390625,914200,0.0,0.0
2024-01-19 00:00:00-05:00,69.74081818859052,70.20747921761055,67.94368387061255,69.82025146484375,2113900,0.0,0.0
2024-01-22 00:00:00-05:00,70.435852090442,72.09398205902068,69.8599721668672,71.50817108154297,660100,0.0,0.0
2024-01-23 00:00:00-05:00,71.91526471761995,72.13370246383563,70.46564135430441,71.96491241455078,534800,0.0,0.0
2024-01-24 00:00:00-05:00,72.46136132884604,72.88830578008792,70.33656255219037,70.55500030517578,565500,0.0,0.0
2024-01-25 00:00:00-05:00,71.71668273041892,71.71668273041892,70.02875966149483,70.61457061767578,560900,0.0,0.0
2024-01-26 00:00:00-05:00,72.0840526086041,73.22588142725041,71.88547697717638,72.11383819580078,1070600,0.0,0.0
2024-01-29 00:00:00-05:00,71.67696820813917,72.57056609876383,70.9620838354998,72.26277160644531,1080500,0.0,0.0
2024-01-30 00:00:00-05:00,72.34220332588107,73.47410103307942,71.95497556158554,72.19326782226562,1131200,0.0,0.0
2024-01-31 00:00:00-05:00,72.19326567289642,72.2031967262216,69.57202815793302,69.82025146484375,1434400,0.0,0.0
2024-02-01 00:00:00-05:00,66.62314102963632,68.95643884366208,64.75650429345069,68.05290985107422,2506900,0.0,0.0
2024-02-02 00:00:00-05:00,66.2061307328074,67.29831193332093,64.50828396583925,65.5111083984375,1745400,0.0,0.0
2024-02-05 00:00:00-05:00,65.44159759687541,67.52667190216619,64.88557222700338,66.29547882080078,1946000,0.0,0.0
2024-02-06 00:00:00-05:00,66.19619028188298,67.11958129514838,65.47138246108952,66.89122009277344,1017800,0.0,0.0
2024-02-07 00:00:00-05:00,67.2883727716966,67.31816593258758,65.5309550378492,65.88839721679688,942500,0.0,0.0
2024-02-08 00:00:00-05:00,66.2160539914878,67.8046816938452,65.88839739735877,67.49688720703125,971400,0.0,0.0
2024-02-09 00:00:00-05:00,67.49688647812053,67.78516568922541,66.39347582268795,67.54658508300781,908300,0.08,0.0
2024-02-12 00:00:00-05:00,67.69569102173017,69.85280598287758,66.8805596381395,69.53470611572266,1277500,0.0,0.0
2024-02-13 00:00:00-05:00,67.7951038711093,68.43130368108277,65.95608855840163,67.119140625,1029900,0.0,0.0
2024-02-14 00:00:00-05:00,68.00386534660832,69.80311726391926,67.22848970055318,69.7037124633789,1036500,0.0,0.0
2024-02-15 00:00:00-05:00,70.08145443706665,71.53278577489118,69.96216412477004,70.83694458007812,1109700,0.0,0.0
2024-02-16 00:00:00-05:00,70.17090408497775,72.3876679295251,69.67387258104415,71.18485260009766,1048600,0.0,0.0
2024-02-20 00:00:00-05:00,69.93234588390285,70.34985061536484,69.49496322508098,69.91246795654297,632200,0.0,0.0
2024-02-21 00:00:00-05:00,69.58441501522687,71.56259840425479,69.20667377827712,71.29420471191406,1373900,0.0,0.0
2024-02-22 00:00:00-05:00,71.22463680551188,72.1192952903687,70.55861621615779,71.333984375,801000,0.0,0.0
2024-02-23 00:00:00-05:00,71.6421266880203,72.13915823367996,70.73753321865145,71.1948013305664,479600,0.0,0.0
2024-02-26 00:00:00-05:00,71.34390981224776,71.76142210427702,70.72759550552371,71.48308563232422,581100,0.0,0.0
2024-02-27 00:00:00-05:00,71.73159838184853,72.97417728188803,71.14509719729803,72.77536010742188,1156000,0.0,0.0
2024-02-28 00:00:00-05:00,72.28827299917738,73.98812006424468,72.11928408498879,73.94835662841797,1191300,0.0,0.0
2024-02-29 00:00:00-05:00,74.55473507272191,75.15117143648372,73.10340380673156,73.13322448730469,1241400,0.0,0.0
2024-03-01 00:00:00-05:00,73.043757208501,74.13722506101493,71.67194532769506,73.93840789794922,1117200,0.0,0.0
2024-03-04 00:00:00-05:00,73.94835886145997,74.62432212272648,73.23263216316599,74.4354476928711,707200,0.0,0.0
2024-03-05 00:00:00-05:00,73.918540797993,74.5447978891329,72.46720942353359,72.96424102783203,769400,0.0,0.0
2024-03-06 00:00:00-05:00,72.99405441424173,75.608437661245,71.21468053862517,74.23663330078125,1212700,0.0,0.0
2024-03-07 00:00:00-05:00,74.63427229777993,76.88084983242396,74.53486748737902,76.48323059082031,1418200,0.0,0.0
2024-03-08 00:00:00-05:00,76.7217862072429,78.28246488637556,76.42356425975036,76.63231658935547,1513100,0.0,0.0
2024-03-11 00:00:00-04:00,76.3241734333734,76.95043812084587,74.24658492719473,74.68396759033203,1192600,0.0,0.0
2024-03-12 00:00:00-04:00,74.62432682822151,75.22076325304187,72.7853113583168,73.67996978759766,1105200,0.0,0.0
2024-03-13 00:00:00-04:00,73.56066873871023,74.2366319439975,71.58248531104142,72.05963134765625,995800,0.0,0.0
2024-03-14 00:00:00-04:00,71.76142266406815,71.96023226441386,69.28619991039349,70.79718017578125,1380400,0.0,0.0
2024-03-15 00:00:00-04:00,69.69377383380112,72.40756221129344,69.69377383380112,72.08946228027344,1749500,0.0,0.0
2024-03-18 00:00:00-04:00,72.04970633510806,72.43739038855192,70.6182528552534,71.45326232910156,1004000,0.0,0.0
2024-03-19 00:00:00-04:00,71.4532428168635,71.980102556176,69.62417061128286,70.33989715576172,1041600,0.0,0.0
2024-03-20 00:00:00-04:00,70.41943565855105,71.52284645192225,70.30015292463021,71.45326232910156,1190400,0.0,0.0
2024-03-21 00:00:00-04:00,72.31809368934219,72.34791437019109,71.38367190754389,71.90058898925781,821900,0.0,0.0
2024-03-22 00:00:00-04:00,71.9502808719253,72.02980773615687,70.23055604148828,71.07550811767578,975500,0.0,0.0
2024-03-25 00:00:00-04:00,71.30416001557909,71.32403794350677,68.66989089527054,68.8090591430664,1136300,0.0,0.0
2024-03-26 00:00:00-04:00,68.94821906395067,69.07744454012571,67.89451457672396,67.9939193725586,1465100,0.0,0.0
2024-03-27 00:00:00-04:00,68.66988046423097,69.37566435201502,67.5962905007991,69.00785827636719,971600,0.0,0.0
2024-03-28 00:00:00-04:00,69.4750677662611,70.3498405427564,68.86868868324866,69.97209930419922,1180000,0.0,0.0
2024-04-01 00:00:00-04:00,70.32996574521846,70.39954986025964,68.2026712749886,68.9979248046875,772900,0.0,0.0
2024-04-02 00:00:00-04:00,68.49095198556282,68.57047885708931,66.9402083271958,68.3517837524414,689300,0.0,0.0
2024-04-03 00:00:00-04:00,67.8845762534232,68.47106989600375,67.00980337523347,67.46707153320312,810500,0.0,0.0
2024-04-04 00:00:00-04:00,68.08338521709659,68.46113408011105,66.37359533046333,66.65193939208984,858800,0.0,0.0
2024-04-05 00:00:00-04:00,66.62210583588846,67.95415433783684,66.45311692853743,66.59228515625,1053200,0.0,0.0
2024-04-08 00:00:00-04:00,66.86068749859606,68.4511869719646,66.34377042968896,67.81498718261719,1008200,0.0,0.0
2024-04-09 00:00:00-04:00,68.35177672620178,70.84686949503758,68.32195604846973,70.80711364746094,1175100,0.0,0.0
2024-04-10 00:00:00-04:00,69.16691229965252,69.75340588812759,68.83886965655651,69.09732818603516,843700,0.0,0.0
2024-04-11 00:00:00-04:00,70.26038241396881,70.40949340046323,68.33189751260055,68.40148162841797,1101000,0.0,0.0
2024-04-12 00:00:00-04:00,67.68575836552344,68.11320583679073,65.88650643451712,66.3338394165039,703100,0.0,0.0
2024-04-15 00:00:00-04:00,66.86068724367769,67.05949683305337,64.71350727474189,65.13101196289062,735400,0.0,0.0
2024-04-16 00:00:00-04:00,64.90238156597195,64.90238156597195,63.272118667176215,63.629981994628906,1616300,0.0,0.0
2024-04-17 00:00:00-04:00,64.15683386727655,64.4252275692941,62.327757597819236,62.35757827758789,903000,0.0,0.0
2024-04-18 00:00:00-04:00,61.24423135072336,62.05936283132424,60.79690217428386,61.840667724609375,1174700,0.0,0.0
2024-04-19 00:00:00-04:00,62.07924428833145,62.586214824797594,61.57226995981533,61.75120162963867,909600,0.0,0.0
2024-04-22 00:00:00-04:00,62.16871123078596,63.01366340396578,61.45298453874185,62.42716598510742,829400,0.0,0.0
2024-04-23 00:00:00-04:00,63.62004296730387,64.19660142687908,63.18265653704167,63.31188201904297,1217200,0.0,0.0
2024-04-24 00:00:00-04:00,62.844672747424895,63.57033838253704,62.23829362700312,63.14289093017578,984800,0.0,0.0
2024-04-25 00:00:00-04:00,62.83473218559692,62.93414077801678,61.423164301685425,62.28799819946289,965800,0.0,0.0
2024-04-26 00:00:00-04:00,62.456990244012495,63.97790566732965,62.02954278129395,63.679683685302734,973800,0.0,0.0
2024-04-29 00:00:00-04:00,64.00772385517266,66.23442312616825,63.898376304962625,64.12701416015625,1604600,0.0,0.0
2024-04-30 00:00:00-04:00,63.451050099128395,64.39540701950698,62.78502584390211,62.8347282409668,1329600,0.0,0.0
2024-05-01 00:00:00-04:00,70.12121735090777,76.2247646453225,69.5943650810404,73.02388000488281,3117200,0.0,0.0
2024-05-02 00:00:00-04:00,74.00800225506433,75.85696041500915,72.64614052399232,75.15117645263672,2256000,0.0,0.0
2024-05-03 00:00:00-04:00,76.43351185038816,77.51704458301653,75.72772795303372,76.83113861083984,1509900,0.0,0.0
2024-05-06 00:00:00-04:00,77.02001194339444,77.2585849626645,74.75354171598042,75.60843658447266,1090400,0.0,0.0
2024-05-07 00:00:00-04:00,76.41362851782648,77.12934753507236,75.3996799712214,77.0001220703125,1007600,0.0,0.0
2024-05-08 00:00:00-04:00,77.06972117759308,77.23871010687984,76.11542138479071,76.59257507324219,838300,0.0,0.0
2024-05-09 00:00:00-04:00,76.78142422165413,79.31628791272847,76.15516726009288,79.15723419189453,816100,0.0,0.0
2024-05-10 00:00:00-04:00,79.21695149463358,80.68964021290853,79.07764330754613,80.51053619384766,1463800,0.08,0.0
2024-05-13 00:00:00-04:00,81.73446648918812,82.34145546916913,80.1523201127221,81.5653076171875,1418000,0.0,0.0
2024-05-14 00:00:00-04:00,82.00313556165267,84.0529626645206,81.66481023485011,83.73454284667969,926900,0.0,0.0
2024-05-15 00:00:00-04:00,84.52064632101285,85.14753322363663,82.59022183903677,83.08775329589844,1149200,0.0,0.0
2024-05-16 00:00:00-04:00,82.73948204810031,83.40617237226655,81.91357801514529,82.4310073852539,1389900,0.0,0.0
2024-05-17 00:00:00-04:00,82.57031337361916,84.192262982779,81.78421286118663,83.39620971679688,1380000,0.0,0.0
2024-05-20 00:00:00-04:00,82.81908107695423,83.80419113388793,81.97327161445706,82.09268188476562,1006900,0.0,0.0
2024-05-21 00:00:00-04:00,82.01307871211324,82.98824365067075,80.43093241620943,82.27179718017578,840100,0.0,0.0
2024-05-22 00:00:00-04:00,80.57024163897292,82.86883443476687,79.8935985850442,82.57032012939453,696300,0.0,0.0
2024-05-23 00:00:00-04:00,81.91356641961004,83.54546874504862,79.36620817340862,80.01300048828125,793200,0.0,0.0
2024-05-24 00:00:00-04:00,80.44087712748892,80.62994149828874,79.5552717985746,80.39112854003906,452600,0.0,0.0
2024-05-28 00:00:00-04:00,80.5304291719374,80.5304291719374,78.64976116984727,78.99803161621094,795300,0.0,0.0
2024-05-29 00:00:00-04:00,78.05272323165408,78.3114340762767,77.29647342864097,78.21192932128906,718500,0.0,0.0
2024-05-30 00:00:00-04:00,77.83381876419976,77.83381876419976,74.78892881690274,76.86860656738281,1222600,0.0,0.0
2024-05-31 00:00:00-04:00,77.08752294841793,78.43085632539389,75.79393816067673,76.80890655517578,1307000,0.0,0.0
2024-06-03 00:00:00-04:00,77.50544336416219,78.79902808223632,76.72929557000847,77.51539611816406,863700,0.0,0.0
2024-06-04 00:00:00-04:00,76.93825689859332,78.19203817682275,75.7640824679368,76.52033233642578,1095100,0.0,0.0
2024-06-05 00:00:00-04:00,76.92830576737562,78.90848628595415,76.21185930756097,78.86868286132812,930500,0.0,0.0
2024-06-06 00:00:00-04:00,78.46070144377208,79.53537110597784,78.11243097687024,78.44080352783203,785600,0.0,0.0
2024-06-07 00:00:00-04:00,77.7542188528961,78.08259145072186,76.7293052218592,77.24673461914062,897300,0.0,0.0
2024-06-10 00:00:00-04:00,76.60988757068529,77.23678203204962,75.5252726958282,76.71934509277344,722200,0.0,0.0
2024-06-11 00:00:00-04:00,76.37107541124213,76.91836302742726,75.52527348855102,76.51038360595703,827500,0.0,0.0
2024-06-12 00:00:00-04:00,77.77411297104037,78.60000933466246,76.19195915346081,77.06761169433594,782500,0.0,0.0
2024-06-13 00:00:00-04:00,76.73924013690348,77.27657491977389,75.50535689102647,76.50041961669922,529500,0.0,0.0
2024-06-14 00:00:00-04:00,76.1223015429839,76.63973084056352,74.42074512538319,75.49541473388672,787800,0.0,0.0
2024-06-17 00:00:00-04:00,75.10734113540845,75.61481768149412,74.24163379346149,74.44064331054688,773000,0.0,0.0
2024-06-18 00:00:00-04:00,74.47048843553631,74.8685150318054,73.96301192722595,74.1719741821289,1147700,0.0,0.0
2024-06-20 00:00:00-04:00,73.88341669741082,74.8784795485544,73.06746546314217,74.16203308105469,784200,0.0,0.0
2024-06-21 00:00:00-04:00,74.42074385614802,74.90832247713024,73.14706475300392,73.29632568359375,1578300,0.0,0.0
2024-06-24 00:00:00-04:00,73.59484085202726,75.11728566084268,73.18686906793963,74.12222290039062,840800,0.0,0.0
2024-06-25 00:00:00-04:00,73.9232139365043,74.41079256708007,72.49032112141062,72.70923614501953,631300,0.0,0.0
2024-06-26 00:00:00-04:00,72.49033099099205,72.78885289868923,71.56492218720375,71.74403381347656,1338200,0.0,0.0
2024-06-27 00:00:00-04:00,71.61466926005872,72.0723972263737,70.63950439844749,71.46540832519531,1236600,0.0,0.0
2024-06-28 00:00:00-04:00,71.69428369021857,72.25151647482801,70.30119413696764,71.29625701904297,4737500,0.0,0.0
2024-07-01 00:00:00-04:00,71.42561333778895,73.00776728741558,70.65941824954217,71.25645446777344,1405500,0.0,0.0
2024-07-02 00:00:00-04:00,71.31615247467666,71.99279551480102,70.60965876379677,70.88827514648438,884500,0.0,0.0
2024-07-03 00:00:00-04:00,71.51516112011288,72.35101016907386,71.03752766947365,71.09722900390625,508000,0.0,0.0
2024-07-05 00:00:00-04:00,71.12709895896894,72.27141521297091,70.27134426332628,71.08729553222656,564500,0.0,0.0
2024-07-08 00:00:00-04:00,71.30620791563717,72.32116868854881,71.0275839388648,71.20669555664062,841100,0.0,0.0
2024-07-09 00:00:00-04:00,71.12709078559129,71.60471666815997,69.95291640266407,70.93802642822266,727400,0.0,0.0
2024-07-10 00:00:00-04:00,71.45546152347825,72.01270188726734,70.81862190062826,71.71417999267578,917300,0.0,0.0
2024-07-11 00:00:00-04:00,72.63958599671987,76.16210929715707,72.01269915196163,75.99295043945312,1118200,0.0,0.0
2024-07-12 00:00:00-04:00,76.3511834678938,78.08259087462118,75.7740451350754,76.92831420898438,1323500,0.0,0.0
2024-07-15 00:00:00-04:00,76.81884363322834,77.49548662777234,76.28151641237054,76.82879638671875,710900,0.0,0.0
2024-07-16 00:00:00-04:00,77.20691760565117,79.72443282097561,76.50042394149052,79.42591094970703,909300,0.0,0.0
2024-07-17 00:00:00-04:00,78.95823711184448,80.12245884619193,77.89352014602015,77.90347290039062,649900,0.0,0.0
2024-07-18 00:00:00-04:00,77.06761866933896,78.21194252418456,75.21680106557447,75.54517364501953,738900,0.0,0.0
2024-07-19 00:00:00-04:00,75.55512123705564,76.2616149377,73.83365919506589,75.08744049072266,587500,0.0,0.0
2024-07-22 00:00:00-04:00,75.97305221341155,77.49549726212202,74.4207564918601,77.38603973388672,631200,0.0,0.0
2024-07-23 00:00:00-04:00,77.50543945993536,77.7840558241375,75.90338777404659,76.13225555419922,861500,0.0,0.0
2024-07-24 00:00:00-04:00,76.20191599294874,77.54524934181096,75.56507636694404,77.2268295288086,915200,0.0,0.0
2024-07-25 00:00:00-04:00,77.18701817310149,79.38610596692432,76.65963612372346,78.28158569335938,883200,0.0,0.0
2024-07-26 00:00:00-04:00,79.32641948175694,80.91851868126548,78.38110512549439,80.20207214355469,969100,0.0,0.0
2024-07-29 00:00:00-04:00,80.490637792671,80.60009531957898,77.97312985724201,79.326416015625,1270600,0.0,0.0
2024-07-30 00:00:00-04:00,79.60503247774659,81.93347603369149,79.60503247774659,81.5653076171875,1258500,0.0,0.0
2024-07-31 00:00:00-04:00,82.37129912259176,83.2071558400808,81.10757268005317,81.18717193603516,1024400,0.0,0.0
2024-08-01 00:00:00-04:00,81.51554310066744,82.91858529866333,80.57023647333777,81.94342041015625,789900,0.0,0.0
2024-08-02 00:00:00-04:00,80.89861103616393,80.89861103616393,77.54524656933874,79.77418518066406,857900,0.0,0.0
2024-08-05 00:00:00-04:00,80.88865604706506,80.88865604706506,76.5601343787718,77.27658081054688,1098700,0.0,0.0
2024-08-06 00:00:00-04:00,77.27658696135842,80.15231807932389,76.67954315953983,78.03282928466797,1555800,0.0,0.0
2024-08-07 00:00:00-04:00,77.13725866816898,77.13725866816898,69.79369853195739,70.60964965820312,2594500,0.0,0.0
2024-08-08 00:00:00-04:00,71.54502306563903,73.31623378912931,69.82356093144287,73.00776672363281,1439300,0.0,0.0
2024-08-09 00:00:00-04:00,72.61968976659591,73.05751225601028,71.12709549913421,71.41565704345703,829700,0.0,0.0
2024-08-12 00:00:00-04:00,71.41565302035315,71.78382898527472,70.13202870336711,71.42560577392578,791500,0.0,0.0
2024-08-13 00:00:00-04:00,71.2962481573086,73.36598051678341,71.19674339981442,73.08735656738281,805200,0.0,0.0
2024-08-14 00:00:00-04:00,73.19681414049695,75.226743080358,72.13209729177694,72.39081573486328,1284100,0.0,0.0
2024-08-15 00:00:00-04:00,73.24657640161604,74.65956381513851,72.57988611953915,74.5401611328125,1015400,0.0,0.0
2024-08-16 00:00:00-04:00,74.3510938367791,74.96802791578418,72.71919144759356,74.1520767211914,798200,0.0,0.0
2024-08-19 00:00:00-04:00,74.23177540584058,74.81949741283212,73.68390720258952,74.69995880126953,680400,0.08,0.0
2024-08-20 00:00:00-04:00,74.69994763445993,74.97886341985821,72.0203573248391,72.06019592285156,943500,0.0,0.0
2024-08-21 00:00:00-04:00,72.67780949698596,72.93680601511763,71.6219117228981,72.36901092529297,930500,0.0,0.0
2024-08-22 00:00:00-04:00,72.60808024584264,73.22568498659483,70.86484878070053,71.07403564453125,471500,0.0,0.0
2024-08-23 00:00:00-04:00,71.63187135831943,73.08622348286696,70.86484529544438,72.0103988647461,530800,0.0,0.0
2024-08-26 00:00:00-04:00,72.35903886252447,72.35903886252447,70.76522894041968,71.0640640258789,538300,0.0,0.0
2024-08-27 00:00:00-04:00,71.06406281189145,71.55217302960796,69.97828243346648,70.75526428222656,545800,0.0,0.0
2024-08-28 00:00:00-04:00,70.81502956709383,71.60197486281727,70.5261579369119,71.32305908203125,713800,0.0,0.0
2024-08-29 00:00:00-04:00,71.63187514506049,75.12829393895915,71.19357451453304,74.23177337646484,1367200,0.0,0.0
2024-08-30 00:00:00-04:00,74.48080117412864,74.70991492384475,73.22568007532566,73.70381927490234,842900,0.0,0.0
2024-09-03 00:00:00-04:00,73.19579945309698,73.77355036938991,70.93457503973357,71.45256805419922,637100,0.0,0.0
2024-09-04 00:00:00-04:00,71.40275652779285,71.76136472842553,70.6058477264123,70.84492492675781,625200,0.0,0.0
2024-09-05 00:00:00-04:00,70.84493017553872,72.27935548445804,70.53612400218492,72.09009552001953,743000,0.0,0.0
2024-09-06 00:00:00-04:00,72.09008687914371,73.69386025859409,70.55604244663095,71.21348571777344,734800,0.0,0.0
2024-09-09 00:00:00-04:00,71.69162624217483,72.45864459157242,71.2931718944853,71.8111572265625,789700,0.0,0.0
2024-09-10 00:00:00-04:00,71.93070173271893,73.873163987667,70.72538274164334,73.49462890625,954900,0.0,0.0
2024-09-11 00:00:00-04:00,72.9567240778765,73.89309082761028,72.16977868606199,73.20575714111328,993700,0.0,0.0
2024-09-12 00:00:00-04:00,72.9766508495754,73.32529561751198,70.87481119159011,72.91687774658203,950400,0.0,0.0
2024-09-13 00:00:00-04:00,73.08622017564952,74.43099708750539,72.96668157908343,74.38118743896484,401700,0.0,0.0
2024-09-16 00:00:00-04:00,74.98883350221185,75.21794726041752,73.45478894694689,74.4708480834961,931600,0.0,0.0
2024-09-17 00:00:00-04:00,74.74976857219048,76.56272905099847,74.23177552116744,74.98883819580078,671200,0.0,0.0
2024-09-18 00:00:00-04:00,75.2677506101964,77.53893093122001,74.76968448366014,76.21408081054688,834000,0.0,0.0
2024-09-19 00:00:00-04:00,78.01707604292594,80.6369010750008,77.27994031981221,80.04918670654297,1534000,0.0,0.0
2024-09-20 00:00:00-04:00,79.42162358466433,79.68061248453384,77.08070683668015,77.99715423583984,1558300,0.0,0.0
2024-09-23 00:00:00-04:00,78.76416808457981,78.81397773158368,76.70217485671293,76.91136169433594,776600,0.0,0.0
2024-09-24 00:00:00-04:00,77.01097691447089,78.96339508823047,76.81175351710407,77.12055206298828,846700,0.0,0.0
2024-09-25 00:00:00-04:00,77.78795723926766,77.78795723926766,74.28157535690156,74.66010284423828,674400,0.0,0.0
2024-09-26 00:00:00-04:00,76.61253354293594,78.75421175992277,75.67616681372516,77.7580795288086,575400,0.0,0.0
2024-09-27 00:00:00-04:00,77.77800334907606,79.81011393205631,77.7182302496541,78.41552734375,690200,0.0,0.0
2024-09-30 00:00:00-04:00,78.1963802135906,79.71049786231164,77.69831409758046,79.620849609375,721100,0.0,0.0
2024-10-01 00:00:00-04:00,79.62085550868322,79.62085550868322,76.70218754861702,77.86766052246094,744200,0.0,0.0
2024-10-02 00:00:00-04:00,77.67839948225256,78.07684631918532,77.02094852151824,77.13052368164062,714100,0.0,0.0
2024-10-03 00:00:00-04:00,76.64241438256451,77.12055358563934,73.60420811347934,73.71378326416016,1142900,0.0,0.0
2024-10-04 00:00:00-04:00,74.83940553500707,75.44704675321071,73.76358859119874,74.49076080322266,703900,0.0,0.0
2024-10-07 00:00:00-04:00,74.06243309132472,74.07239654203813,72.32916506161071,73.23564147949219,893400,0.0,0.0
2024-10-08 00:00:00-04:00,73.93293502037724,74.49076663490344,72.81726419143908,73.45478820800781,698800,0.0,0.0
2024-10-09 00:00:00-04:00,73.60420667523486,74.08235346885219,72.73756893675335,73.9727783203125,459000,0.0,0.0
2024-10-10 00:00:00-04:00,73.0663027347847,73.78351920725497,72.56823658444549,72.69773864746094,433100,0.0,0.0
2024-10-11 00:00:00-04:00,72.91687861769584,73.5942488605875,72.49850489117378,73.07626342773438,650600,0.0,0.0
2024-10-14 00:00:00-04:00,73.13603042990776,73.58429451741026,71.88090922462766,73.53448486328125,886900,0.0,0.0
2024-10-15 00:00:00-04:00,73.31532996629409,74.87925724970961,72.97664865900374,73.30536651611328,579900,0.0,0.0
2024-10-16 00:00:00-04:00,73.68389808314838,73.75362703129169,71.42267379357098,71.52229309082031,882000,0.0,0.0
2024-10-17 00:00:00-04:00,72.00043627948442,72.45865619273214,69.65952706185303,69.87867736816406,930300,0.0,0.0
2024-10-18 00:00:00-04:00,70.33690167292546,71.04415468752322,69.64956796019703,70.96446228027344,834000,0.0,0.0
2024-10-21 00:00:00-04:00,70.50623379495822,70.64569169080367,69.53002852404008,70.08786010742188,951300,0.0,0.0
2024-10-22 00:00:00-04:00,69.78901850780795,70.37674044939247,68.63350912417695,69.679443359375,864800,0.0,0.0
2024-10-23 00:00:00-04:00,69.49018151447385,70.0081668930155,68.39443765995037,69.0718002319336,734600,0.0,0.0
2024-10-24 00:00:00-04:00,69.31087933598431,69.77906267945443,68.0657141033023,68.10556030273438,595600,0.0,0.0
2024-10-25 00:00:00-04:00,68.58370069702406,68.87257994805071,67.80671879420748,68.41436004638672,681300,0.0,0.0
2024-10-28 00:00:00-04:00,69.32083511826976,70.14762665593616,68.94230762386263,70.10778045654297,1066900,0.0,0.0
2024-10-29 00:00:00-04:00,69.87867814353967,70.73535247777806,69.55991613079183,70.46639251708984,1581900,0.0,0.0
2024-10-30 00:00:00-04:00,73.7137836830708,79.15266464824083,73.66397403251987,75.72596740722656,2663600,0.0,0.0
2024-10-31 00:00:00-04:00,75.59647456828694,76.12442343589234,73.46475219726562,73.46475219726562,1109800,0.0,0.0
2024-11-01 00:00:00-04:00,73.8133958330048,76.26388017727136,73.78351308244685,75.01871490478516,984000,0.0,0.0
2024-11-04 00:00:00-05:00,75.24782947275985,76.99106087309548,74.73979990812258,75.60643768310547,692000,0.0,0.0
2024-11-05 00:00:00-05:00,74.62026865292019,77.34966882255773,73.634092277853,77.31978607177734,542200,0.0,0.0
2024-11-06 00:00:00-05:00,80.48749129603972,80.48749129603972,74.54058036608728,75.53671264648438,1100100,0.0,0.0
2024-11-07 00:00:00-05:00,76.39338011335815,77.2898930048053,75.69608302015034,76.12442016601562,685300,0.0,0.0
2024-11-08 00:00:00-05:00,76.02470675908121,76.5232948289217,74.72838234220603,75.74549865722656,649400,0.08,0.0
2024-11-11 00:00:00-05:00,75.69563617543935,76.27399249153376,74.18989823822342,74.47908020019531,628500,0.0,0.0
2024-11-12 00:00:00-05:00,74.41924722231457,74.947756928993,73.3722169155357,74.19987487792969,802000,0.0,0.0
2024-11-13 00:00:00-05:00,74.33947599094265,76.21416418628012,74.05029402964576,75.715576171875,1456000,0.0,0.0
2024-11-14 00:00:00-05:00,74.95772985439277,75.62583605332956,72.06591747912039,72.33515930175781,1211100,0.0,0.0
2024-11-15 00:00:00-05:00,72.06591314810557,72.26535293211964,67.28944634067872,67.37918853759766,2449000,0.0,0.0
2024-11-18 00:00:00-05:00,67.04015388706878,67.29941420058589,65.80365002076404,66.67119598388672,1889600,0.0,0.0
2024-11-19 00:00:00-05:00,66.56150321136917,67.29941137894522,66.13271719348381,66.18257904052734,1568600,0.0,0.0
2024-11-20 00:00:00-05:00,66.10280917511433,68.72537976151844,65.42472907568376,68.52594757080078,1493400,0.0,0.0
2024-11-21 00:00:00-05:00,68.40627921479488,71.11859943500878,68.22678721175573,70.849365234375,1338400,0.0,0.0
2024-11-22 00:00:00-05:00,70.89922045785119,72.20552634557797,70.41060629030072,71.0787124633789,620600,0.0,0.0
2024-11-25 00:00:00-05:00,71.85650204333466,74.7882019960933,71.69695783515797,74.17992401123047,1165800,0.0,0.0
2024-11-26 00:00:00-05:00,73.60156513138112,74.91783727235881,72.5146468396885,74.65857696533203,995000,0.0,0.0
2024-11-27 00:00:00-05:00,75.05743954012938,75.9748473077013,73.90071925349038,75.16712951660156,557000,0.0,0.0
2024-11-29 00:00:00-05:00,75.1172798419904,75.65575586615898,74.29959571814554,75.1471939086914,464400,0.0,0.0
2024-12-02 00:00:00-05:00,74.81811857046584,76.05461475476582,74.05029635165889,75.8053207397461,922600,0.0,0.0
2024-12-03 00:00:00-05:00,75.31671402610078,75.63581009247224,74.16995992237977,74.83807373046875,595600,0.0,0.0
2024-12-04 00:00:00-05:00,74.83807301340467,76.59309755770671,73.47193895067102,75.67569732666016,571800,0.0,0.0
2024-12-05 00:00:00-05:00,75.67569532349734,76.38368945748917,73.59160087936152,73.68134307861328,722100,0.0,0.0
2024-12-06 00:00:00-05:00,74.43919510554728,75.40645711016369,73.77108896490387,74.29959106445312,497000,0.0,0.0
2024-12-09 00:00:00-05:00,74.53891634309919,77.28115072361454,74.53891634309919,77.18143463134766,773900,0.0,0.0
2024-12-10 00:00:00-05:00,77.67005161592111,78.0390095392778,76.01474312248799,76.90222930908203,966600,0.0,0.0
2024-12-11 00:00:00-05:00,77.67004588687641,78.19854800307296,76.50335167476142,76.59309387207031,695800,0.0,0.0
2024-12-12 00:00:00-05:00,76.36374674223273,77.36092283150342,75.50617469683196,76.46346282958984,652800,0.0,0.0
2024-12-13 00:00:00-05:00,76.36374339615413,76.36374339615413,74.19987320313638,75.47625732421875,487400,0.0,0.0
2024-12-16 00:00:00-05:00,75.69563701970849,76.69281306196828,74.88791925214043,75.94493103027344,560800,0.0,0.0
2024-12-17 00:00:00-05:00,75.78538361199494,77.40081163307659,74.80814768638632,75.05744171142578,620600,0.0,0.0
2024-12-18 00:00:00-05:00,75.24690183722977,75.72554967607073,71.01887762684014,71.20834350585938,765600,0.0,0.0
2024-12-19 00:00:00-05:00,71.26817618142806,71.87645420335036,69.2837978977642,71.18840026855469,1051800,0.0,0.0
2024-12-20 00:00:00-05:00,71.04879504674295,74.06026343320016,71.04879504674295,72.96337127685547,2221200,0.0,0.0
2024-12-23 00:00:00-05:00,72.28529003188387,72.9234820978832,71.06873402861967,72.53458404541016,618800,0.0,0.0
2024-12-24 00:00:00-05:00,72.42489665826072,73.17277872555819,72.28529261432651,72.82376861572266,309600,0.0,0.0
2024-12-26 00:00:00-05:00,72.20552677377206,73.57165319430949,71.73685277834534,73.01323699951172,353400,0.0,0.0
2024-12-27 00:00:00-05:00,72.28529636488356,73.37222231516678,72.28529636488356,72.77391815185547,474700,0.0,0.0
2024-12-30 00:00:00-05:00,71.73685109250792,72.61436332197549,71.21831525993854,72.08586120605469,328400,0.0,0.0
2024-12-31 00:00:00-05:00,72.70411130704929,72.91351736993518,71.40777936592744,71.82659149169922,444800,0.0,0.0
2025-01-02 00:00:00-05:00,72.54455502689873,72.72404701375349,70.7994970021967,71.27814483642578,658100,0.0,0.0
2025-01-03 00:00:00-05:00,71.35792079448676,73.85086109734445,70.56018446228232,73.58162689208984,657000,0.0,0.0
2025-01-06 00:00:00-05:00,73.6015614557334,75.42639544418533,73.55170721818712,74.04032135009766,692700,0.0,0.0
2025-01-07 00:00:00-05:00,74.33948079947949,76.51332498721159,73.71125499166962,74.55885314941406,533400,0.0,0.0
2025-01-08 00:00:00-05:00,74.3793646213973,75.03750452548192,73.01323817879471,74.97767639160156,468800,0.0,0.0
2025-01-10 00:00:00-05:00,73.16281731008556,74.76827152999513,72.86366142012278,73.10298156738281,1034500,0.0,0.0
2025-01-13 00:00:00-05:00,72.82376686112497,76.26402885251437,72.3152049374179,76.20419311523438,1356600,0.0,0.0
2025-01-14 00:00:00-05:00,76.26403250270455,78.21849677208854,73.94061033252488,74.51897430419922,1278400,0.0,0.0
2025-01-15 00:00:00-05:00,75.92498906025952,77.34097732276295,73.87080869049115,74.91783905029297,795100,0.0,0.0
2025-01-16 00:00:00-05:00,74.64860505799875,76.09450739091521,73.46196303899902,75.88510131835938,959000,0.0,0.0
2025-01-17 00:00:00-05:00,76.7925357501409,76.95207997454438,75.44634949886424,75.6158676147461,991000,0.0,0.0
2025-01-21 00:00:00-05:00,76.27399827670305,78.60739432262878,76.19422997012734,78.52761840820312,906200,0.0,0.0
2025-01-22 00:00:00-05:00,77.96920369573209,78.91651797191881,77.11163161908196,78.48773193359375,1176000,0.0,0.0
2025-01-23 00:00:00-05:00,78.90654224474073,78.90654224474073,74.23975778115602,76.69281768798828,1328200,0.0,0.0
2025-01-24 00:00:00-05:00,76.3138921027216,77.76976841762702,75.93496789183406,76.83242797851562,718000,0.0,0.0
2025-01-27 00:00:00-05:00,76.6030658581573,78.04896812529577,75.30673391614715,76.2341079711914,815200,0.0,0.0
2025-01-28 00:00:00-05:00,76.54323966281082,77.25123378176247,73.35227157407324,74.38933563232422,1585000,0.0,0.0
2025-01-29 00:00:00-05:00,73.79102937024729,73.79102937024729,70.91916502006896,71.62715911865234,1373300,0.0,0.0
2025-01-30 00:00:00-05:00,72.44484493286552,74.51897303948583,72.2055247999016,72.55453491210938,931000,0.0,0.0
2025-01-31 00:00:00-05:00,72.79385055266688,74.09018244126509,72.58444449826553,73.34230041503906,940200,0.0,0.0
2025-02-03 00:00:00-05:00,71.90637049097755,72.86365865149354,70.6798405181555,71.84654235839844,1323900,0.0,0.0
2025-02-04 00:00:00-05:00,71.84653528103715,74.57879544552137,71.55735332230773,72.34512329101562,2090600,0.0,0.0
2025-02-05 00:00:00-05:00,79.0561167764759,79.0561167764759,74.98763662800842,75.0374984741211,3093000,0.0,0.0
2025-02-06 00:00:00-05:00,76.81247195348716,76.81247195348716,73.23261349071565,74.79817962646484,2007000,0.0,0.0
2025-02-07 00:00:00-05:00,75.47625725357331,75.47625725357331,71.2681731279221,72.60438537597656,1215200,0.0,0.0
2025-02-10 00:00:00-05:00,71.12857135801828,71.79667750334605,67.4489892014599,69.72254943847656,2922600,0.0,0.0
2025-02-11 00:00:00-05:00,69.29376483610721,70.04164690870368,67.66837053715683,68.14701080322266,2067400,0.0,0.0
2025-02-12 00:00:00-05:00,67.7979997762456,67.99743955762392,66.15265771716085,67.24955749511719,1706200,0.0,0.0
2025-02-13 00:00:00-05:00,67.67834356538978,68.18689789061916,66.2025196134963,66.5814437866211,1766100,0.0,0.0
2025-02-14 00:00:00-05:00,67.49995203763068,67.62973769495241,65.64297894407518,65.83267211914062,1172600,0.08,0.0
2025-02-18 00:00:00-05:00,66.05231775816524,66.5515039288274,64.3051661608477,65.18373107910156,1507700,0.0,0.0
2025-02-19 00:00:00-05:00,63.416610135125396,65.96245878588326,63.40662427918593,65.69290161132812,1881200,0.0,0.0
2025-02-20 00:00:00-05:00,66.19208670801459,67.08063744795497,65.28356425651589,65.3833999633789,1729500,0.0,0.0
2025-02-21 00:00:00-05:00,66.10223229865018,66.76116170499334,64.47488811225122,64.8143310546875,1973200,0.0,0.0
2025-02-24 00:00:00-05:00,64.72447770750283,66.07227878224471,64.27520560460479,65.45328521728516,1122400,0.0,0.0
2025-02-25 00:00:00-05:00,65.91253647178321,66.36180858090358,63.13706648068031,64.11547088623047,1712700,0.0,0.0
2025-02-26 00:00:00-05:00,64.45491432129641,65.19371531979225,63.61628523151361,64.04558563232422,1016300,0.0,0.0
2025-02-27 00:00:00-05:00,63.62626756412417,64.31514309459972,60.960615294968754,61.13033676147461,2022900,0.0,0.0
2025-02-28 00:00:00-05:00,61.000546829298,61.86913348412375,60.840807411483176,61.64949035644531,2197100,0.0,0.0
2025-03-03 00:00:00-05:00,61.87911574013401,62.14867672269681,60.29170360403403,61.09040069580078,1813200,0.0,0.0
2025-03-04 00:00:00-05:00,60.60120210582643,60.90071304764177,58.8840004536357,60.02214431762695,1958600,0.0,0.0
2025-03-05 00:00:00-05:00,60.361589195274775,62.47814124323707,59.882370941534674,62.098758697509766,2143300,0.0,0.0
2025-03-06 00:00:00-05:00,61.559635836835135,64.79436376305523,61.559635836835135,63.28681945800781,2496600,0.0,0.0
2025-03-07 00:00:00-05:00,62.90743751341838,64.54477129928401,61.958986866673,64.26522827148438,1991300,0.0,0.0
2025-03-10 00:00:00-04:00,63.606297987317944,64.69452774947149,62.298432718569565,62.7976188659668,2469300,0.0,0.0
2025-03-11 00:00:00-04:00,63.25687230452682,63.74607262017354,58.10527116350981,58.37483215332031,3067800,0.0,0.0
2025-03-12 00:00:00-04:00,58.57450069368499,60.201848600192335,56.50787034862751,60.14194869995117,3589200,0.0,0.0
2025-03-13 00:00:00-04:00,59.83245340725166,61.579604966228835,59.10364207109691,59.782535552978516,2636300,0.0,0.0
2025-03-14 00:00:00-04:00,60.441460556153984,62.30841570931412,60.06207801201047,62.05882263183594,2197700,0.0,0.0
2025-03-17 00:00:00-04:00,62.20858080051164,63.65621762168308,61.72936254261867,62.47814178466797,1531700,0.0,0.0
2025-03-18 00:00:00-04:00,62.70776570898628,62.767665609721,61.02051407984712,62.72773361206055,1242700,0.0,0.0
2025-03-19 00:00:00-04:00,62.41823768219936,62.9074379845122,60.73098983843495,60.790889739990234,1520500,0.0,0.0
2025-03-20 00:00:00-04:00,60.57124784752782,61.230177245985686,59.55291141542874,60.24178695678711,992800,0.0,0.0
2025-03-21 00:00:00-04:00,59.87238725550191,61.04048100293273,59.35323320936998,60.51134490966797,2581200,0.0,0.0
2025-03-24 00:00:00-04:00,60.61118167460257,62.048840230098556,60.37157445434531,60.97059631347656,1121500,0.0,0.0
2025-03-25 00:00:00-04:00,61.12035332074604,61.75931098230104,59.23343028631393,59.88236999511719,1454500,0.0,0.0
2025-03-26 00:00:00-04:00,59.87238789127685,60.261752477888386,58.87401559391883,59.283348083496094,1912900,0.0,0.0
2025-03-27 00:00:00-04:00,59.26338099104799,60.69105370047462,59.00380205743144,59.852420806884766,1604500,0.0,0.0
2025-03-28 00:00:00-04:00,59.61281147917582,59.78253675730945,58.37483191091459,58.63440704345703,1505100,0.0,0.0
2025-03-31 00:00:00-04:00,57.88562527076196,59.113622737944326,56.6077099504723,58.534568786621094,1467700,0.0,0.0
2025-04-01 00:00:00-04:00,57.596095746549665,58.65437173963104,56.977105996269785,57.256649017333984,1675900,0.0,0.0
2025-04-02 00:00:00-04:00,56.94715790150322,58.54455208603127,56.72751477294755,58.284976959228516,1455900,0.0,0.0
2025-04-03 00:00:00-04:00,56.83733657795768,57.096911705859846,54.730770369853424,54.77070617675781,1989300,0.0,0.0
2025-04-04 00:00:00-04:00,52.92371590155189,53.66251310656783,50.26804563782685,51.63581848144531,2931900,0.0,0.0
2025-04-07 00:00:00-04:00,50.467719917731216,54.241569869881815,48.830389925422395,52.224857330322266,3815800,0.0,0.0
2025-04-08 00:00:00-04:00,53.17330630131206,53.74238200840525,48.26131647998582,48.730552673339844,3343900,0.0,0.0
2025-04-09 00:00:00-04:00,46.454262638540314,54.23158389317555,46.36440897777283,53.981990814208984,4371400,0.0,0.0
2025-04-10 00:00:00-04:00,52.56430245299345,52.56430245299345,48.321220231705844,49.17981719970703,2696100,0.0,0.0
2025-04-11 00:00:00-04:00,49.17981711110733,51.0068402217622,48.34118423889474,50.63744354248047,3195500,0.0,0.0
2025-04-14 00:00:00-04:00,51.86544320631011,52.66414030708966,50.85708502217927,52.45448303222656,1798200,0.0,0.0
2025-04-15 00:00:00-04:00,52.91373249194372,52.91373249194372,50.457737520505745,50.986873626708984,1295300,0.0,0.0
2025-04-16 00:00:00-04:00,51.146612688635926,51.785570353984426,49.63907218498482,49.89864730834961,1609300,0.0,0.0
2025-04-17 00:00:00-04:00,49.33955674561277,49.918614501909175,47.62235899651896,48.021705627441406,2741500,0.0,0.0
2025-04-21 00:00:00-04:00,47.15312375044412,47.69224571195173,45.93510831336873,47.43266677856445,2468700,0.0,0.0
2025-04-22 00:00:00-04:00,48.21139940780694,49.329575320370466,47.7521490626365,49.00011444091797,2148700,0.0,0.0
2025-04-23 00:00:00-04:00,51.22648353799235,53.45285328624116,49.9485644178428,50.07835388183594,1756800,0.0,0.0
2025-04-24 00:00:00-04:00,50.31796699009248,51.915361195798695,49.5891518372203,50.69734573364258,2472200,0.0,0.0
2025-04-25 00:00:00-04:00,50.2580617197594,50.28801167003452,49.07000005415977,50.158226013183594,1468300,0.0,0.0
2025-04-28 00:00:00-04:00,50.27803064047693,51.44612442670779,49.65904086850386,50.168209075927734,1556300,0.0,0.0
2025-04-29 00:00:00-04:00,50.12827202369975,50.667393977099124,49.46934646126321,50.41780090332031,1335500,0.0,0.0
2025-04-30 00:00:00-04:00,49.928596785506485,50.327947226808064,49.259689176087626,50.268043518066406,1530000,0.0,0.0
2025-05-01 00:00:00-04:00,49.988499655390775,50.74726471943331,48.14151246446344,49.549217224121094,1609800,0.0,0.0
2025-05-02 00:00:00-04:00,50.867072022491705,51.456111861658876,50.118292759575205,50.40782165527344,1525100,0.0,0.0
2025-05-05 00:00:00-04:00,50.40782007254926,50.95692408641605,49.60911917039229,49.71894073486328,1688800,0.0,0.0
2025-05-06 00:00:00-04:00,49.239720477394634,49.369509939993286,47.213025970490165,47.64232635498047,3186200,0.0,0.0
2025-05-07 00:00:00-04:00,49.908633831715605,50.307980473655974,46.69387375038171,48.670650482177734,3468200,0.0,0.0
2025-05-08 00:00:00-04:00,48.5109091545655,50.72729683109071,47.20304009894682,49.698970794677734,4635200,0.0,0.0
2025-05-09 00:00:00-04:00,49.9186149516735,50.687362078947835,49.69897182716995,49.85871124267578,3168900,0.0,0.0
2025-05-12 00:00:00-04:00,51.456111765881,54.311457292512564,51.23646863045141,53.81227111816406,3352500,0.0,0.0
2025-05-13 00:00:00-04:00,53.363002422839,53.57265970054812,51.47607930648043,51.525997161865234,2574100,0.0,0.0
2025-05-14 00:00:00-04:00,51.03679282169087,51.25643595463587,47.67227911101773,47.782100677490234,2849100,0.0,0.0
2025-05-15 00:00:00-04:00,47.95182267702422,48.42105889950891,46.27455682696011,48.16148376464844,2047800,0.0,0.0
2025-05-16 00:00:00-04:00,48.33120252271394,49.09994964488002,47.4726017418924,49.06999969482422,1616000,0.0,0.0
2025-05-19 00:00:00-04:00,48.310001373291016,49.31999969482422,47.939998626708984,49.279998779296875,2082000,0.08,0.0
2025-05-20 00:00:00-04:00,49.220001220703125,49.91999816894531,48.63999938964844,49.529998779296875,1852700,0.0,0.0
2025-05-21 00:00:00-04:00,48.72999954223633,48.869998931884766,46.27000045776367,46.65999984741211,2342000,0.0,0.0
2025-05-22 00:00:00-04:00,46.40999984741211,47.939998626708984,46.04999923706055,47.31999969482422,2050500,0.0,0.0
2025-05-23 00:00:00-04:00,46.2400016784668,46.970001220703125,46.209999084472656,46.779998779296875,1471200,0.0,0.0
2025-05-27 00:00:00-04:00,47.68000030517578,48.709999084472656,47.34000015258789,48.689998626708984,1854400,0.0,0.0
2025-05-28 00:00:00-04:00,48.66999816894531,48.84000015258789,47.25,47.93000030517578,2687500,0.0,0.0
2025-05-29 00:00:00-04:00,48.59000015258789,48.880001068115234,47.93000030517578,48.33000183105469,1572000,0.0,0.0
2025-05-30 00:00:00-04:00,48.13999938964844,49.029998779296875,47.22999954223633,48.400001525878906,11773100,0.0,0.0
2025-06-02 00:00:00-04:00,47.880001068115234,48.790000915527344,47.25,48.61000061035156,2430900,0.0,0.0
2025-06-03 00:00:00-04:00,48.279998779296875,49.529998779296875,47.540000915527344,48.779998779296875,1835400,0.0,0.0
2025-06-04 00:00:00-04:00,48.83000183105469,50.15999984741211,48.58000183105469,49.849998474121094,1827900,0.0,0.0
2025-06-05 00:00:00-04:00,49.79999923706055,50.04999923706055,47.880001068115234,48.310001373291016,2205800,0.0,0.0
2025-06-06 00:00:00-04:00,48.779998779296875,49.529998779296875,48.61000061035156,48.689998626708984,1191700,0.0,0.0
2025-06-09 00:00:00-04:00,49.56999969482422,50.560001373291016,48.95000076293945,49.880001068115234,2105100,0.0,0.0
2025-06-10 00:00:00-04:00,50.52000045776367,51.68000030517578,49.95000076293945,51.400001525878906,3973200,0.0,0.0
2025-06-11 00:00:00-04:00,51.61000061035156,52.81999969482422,51.150001525878906,51.540000915527344,2732300,0.0,0.0
2025-06-12 00:00:00-04:00,51.099998474121094,52.20000076293945,50.4900016784668,51.529998779296875,1811600,0.0,0.0
2025-06-13 00:00:00-04:00,50.4900016784668,51.349998474121094,50.29999923706055,50.52000045776367,1915500,0.0,0.0
2025-06-16 00:00:00-04:00,50.619998931884766,51.65999984741211,49.720001220703125,51.630001068115234,1635500,0.0,0.0
2025-06-17 00:00:00-04:00,50.900001525878906,51.2400016784668,49.099998474121094,49.5,2335100,0.0,0.0
2025-06-18 00:00:00-04:00,49.58000183105469,50.41999816894531,49.04999923706055,50.130001068115234,2164700,0.0,0.0
2025-06-20 00:00:00-04:00,50.33000183105469,50.540000915527344,49.720001220703125,49.88999938964844,2577400,0.0,0.0
2025-06-23 00:00:00-04:00,49.810001373291016,49.970001220703125,48.40999984741211,49.29999923706055,1375000,0.0,0.0
2025-06-24 00:00:00-04:00,50.099998474121094,50.25,49.43000030517578,50.0,1580900,0.0,0.0
2025-06-25 00:00:00-04:00,49.83000183105469,53.279998779296875,49.27000045776367,51.88999938964844,3881700,0.0,0.0
2025-06-26 00:00:00-04:00,51.47999954223633,53.40999984741211,50.61000061035156,52.79999923706055,2348800,0.0,0.0
2025-06-27 00:00:00-04:00,53.0,53.0,51.099998474121094,51.84000015258789,2486400,0.0,0.0
2025-06-30 00:00:00-04:00,52.0099983215332,52.130001068115234,50.790000915527344,51.45000076293945,1917500,0.0,0.0
2025-07-01 00:00:00-04:00,51.119998931884766,53.95000076293945,49.88999938964844,52.08000183105469,2532600,0.0,0.0
2025-07-02 00:00:00-04:00,52.15999984741211,53.22999954223633,51.560001373291016,53.18000030517578,1805400,0.0,0.0
2025-07-03 00:00:00-04:00,53.310001373291016,53.619998931884766,52.70000076293945,53.13999938964844,843100,0.0,0.0
