Date,Open,High,Low,Close,Volume,Dividends,Stock Splits
2020-07-06 00:00:00-04:00,1.8641048612301465,1.8641048612301465,1.769173483696748,1.7864336967468262,54900,0.0,0.0
2020-07-07 00:00:00-04:00,1.7864336849197788,1.8123240043234896,1.7346530461123577,1.7432831525802612,50300,0.0,0.0
2020-07-08 00:00:00-04:00,1.7432832126715458,1.8123240667946248,1.726022999140776,1.795063853263855,101200,0.0,0.0
2020-07-09 00:00:00-04:00,1.7950638426695436,1.846844688714222,1.717392882239487,1.75191330909729,95500,0.0,0.0
2020-07-10 00:00:00-04:00,1.769173483696748,1.795063803271865,1.7260229510715532,1.7864336967468262,58700,0.0,0.0
2020-07-13 00:00:00-04:00,1.7778037172719596,1.8468447801642387,1.7432832887048124,1.8295843601226807,67200,0.0,0.0
2020-07-14 00:00:00-04:00,1.8209538274361632,1.8468443485690664,1.7260226710612845,1.7778033018112183,47300,0.0,0.0
2020-07-15 00:00:00-04:00,1.8123243009947543,1.898625585558982,1.7950640852335094,1.8727352619171143,124500,0.0,0.0
2020-07-16 00:00:00-04:00,1.8468444365728753,1.8813648587177607,1.7950635975976015,1.812323808670044,56700,0.0,0.0
2020-07-17 00:00:00-04:00,1.803693909796904,1.8382145416550297,1.7605433771717092,1.7864336967468262,65900,0.0,0.0
2020-07-20 00:00:00-04:00,1.769173483696748,1.829584229372021,1.7519132706466702,1.7864336967468262,43400,0.0,0.0
2020-07-21 00:00:00-04:00,1.7778037854511737,1.8295844302876951,1.76917367797842,1.8209543228149414,28700,0.0,0.0
2020-07-22 00:00:00-04:00,1.8123236165040362,1.8123236165040362,1.6915021518079936,1.7605429887771606,249000,0.0,0.0
2020-07-23 00:00:00-04:00,1.7432832023828393,1.7950638426695436,1.7346530956683885,1.75191330909729,52600,0.0,0.0
2020-07-24 00:00:00-04:00,1.75191330909729,1.777803629240642,1.7087627755250363,1.75191330909729,86400,0.0,0.0
2020-07-27 00:00:00-04:00,1.777803609540879,1.7950638227785207,1.7087627565903118,1.769173502922058,69900,0.0,0.0
2020-07-28 00:00:00-04:00,1.777803598136245,1.777803598136245,1.7260229587554932,1.7260229587554932,43200,0.0,0.0
2020-07-29 00:00:00-04:00,1.7432828813112624,1.7864334069362073,1.7346527761862736,1.7778033018112183,40400,0.0,0.0
2020-07-30 00:00:00-04:00,1.7605435705056665,1.8468448509911946,1.7605435705056665,1.8209543228149414,65100,0.0,0.0
2020-07-31 00:00:00-04:00,1.8036939293973417,1.8123240360161625,1.7605433963032373,1.769173502922058,76100,0.0,0.0
2020-08-03 00:00:00-04:00,1.7691735329677003,1.8123240667946248,1.7519133194369307,1.795063853263855,68000,0.0,0.0
2020-08-04 00:00:00-04:00,1.78643349206138,1.8209539142062654,1.7519130699164949,1.812323808670044,25100,0.0,0.0
2020-08-05 00:00:00-04:00,1.8036937031338227,1.812323808670044,1.7950635975976015,1.812323808670044,26200,0.0,0.0
2020-08-06 00:00:00-04:00,1.7950639027774529,1.8123241167843145,1.7864337957740222,1.8036940097808838,28500,0.0,0.0
2020-08-07 00:00:00-04:00,1.8036940386973201,1.8382146730224518,1.769173610130173,1.8295843601226807,50600,0.0,0.0
2020-08-10 00:00:00-04:00,1.8554748589853751,1.933145822075942,1.8123241181770788,1.881365180015564,112500,0.0,0.0
2020-08-11 00:00:00-04:00,1.9072556934396045,2.0021868801264526,1.864105154036492,1.8727352619171143,103400,0.0,0.0
2020-08-12 00:00:00-04:00,1.9072552384811519,1.967665979235075,1.8295840803252976,1.959035873413086,66800,0.0,0.0
2020-08-13 00:00:00-04:00,1.9676660299301147,2.002186454107457,1.9417757117971084,1.9676660299301147,36800,0.0,0.0
2020-08-14 00:00:00-04:00,1.959036169750622,2.010816812515259,1.9331458483683035,2.010816812515259,57200,0.0,0.0
2020-08-17 00:00:00-04:00,2.019446611404419,2.062597346213287,2.010816505594236,2.019446611404419,75000,0.0,0.0
2020-08-18 00:00:00-04:00,2.0194468395829537,2.0194468395829537,1.915885558159304,1.976296305656433,84700,0.0,0.0
2020-08-19 00:00:00-04:00,1.9849267967139954,2.0367074474503046,1.976296688257944,2.0021870136260986,36800,0.0,0.0
2020-08-20 00:00:00-04:00,1.9676665798018924,2.01081712208215,1.9590364713458408,2.0021870136260986,12500,0.0,0.0
2020-08-21 00:00:00-04:00,1.9935563857324199,1.9935563857324199,1.9158854298657668,1.9331456422805786,75000,0.0,0.0
2020-08-24 00:00:00-04:00,1.933145555947119,2.01081650834502,1.8813649210151848,1.959035873413086,23300,0.0,0.0
2020-08-25 00:00:00-04:00,1.9590357883431888,1.9590357883431888,1.915885261107028,1.9245153665542603,7900,0.0,0.0
2020-08-26 00:00:00-04:00,1.9158855062915,1.9245156128431655,1.8641048669815063,1.8641048669815063,26600,0.0,0.0
2020-08-27 00:00:00-04:00,1.8899954002198758,1.8899954002198758,1.8295844417733638,1.8382147550582886,47900,0.0,0.0
2020-08-28 00:00:00-04:00,1.8554748063795246,1.8641049131449092,1.726022999140776,1.795063853263855,56800,0.0,0.0
2020-08-31 00:00:00-04:00,1.8209538274361632,1.8209538274361632,1.7605430915612403,1.7778033018112183,43900,0.0,0.0
2020-09-01 00:00:00-04:00,1.7605433963032373,1.769173502922058,1.7260229698279537,1.769173502922058,45100,0.0,0.0
2020-09-02 00:00:00-04:00,1.7691735329677003,1.8209541735600094,1.7519133194369307,1.795063853263855,71500,0.0,0.0
2020-09-03 00:00:00-04:00,1.8036940097808838,1.8123241167843145,1.7691735817671606,1.8036940097808838,22200,0.0,0.0
2020-09-04 00:00:00-04:00,1.8123242267195014,1.8641050776390822,1.7346532589771206,1.8382147550582886,68800,0.0,0.0
2020-09-08 00:00:00-04:00,1.8468446996141397,1.8554748063795246,1.7778036397330852,1.795063853263855,34600,0.0,0.0
2020-09-09 00:00:00-04:00,1.7950635120611962,1.7950635120611962,1.7519129864362515,1.7778033018112183,89200,0.0,0.0
2020-09-10 00:00:00-04:00,1.7605433963032373,1.7950638227785207,1.7519132896844163,1.769173502922058,58400,0.0,0.0
2020-09-11 00:00:00-04:00,1.7605430915612403,1.7864334069362073,1.7519129864362515,1.7778033018112183,42800,0.0,0.0
2020-09-14 00:00:00-04:00,1.8036941078694344,1.855474958463948,1.7605435705056665,1.8209543228149414,87100,0.0,0.0
2020-09-15 00:00:00-04:00,1.8123237223111741,1.8123237223111741,1.7691731966862294,1.7778033018112183,18100,0.0,0.0
2020-09-16 00:00:00-04:00,1.7950638227785207,1.8123240360161625,1.7519132896844163,1.769173502922058,41700,0.0,0.0
2020-09-17 00:00:00-04:00,1.7605433351945559,1.8554747104644775,1.7605433351945559,1.8554747104644775,63100,0.0,0.0
2020-09-18 00:00:00-04:00,1.8899954776783594,1.898625585558982,1.7864339773528868,1.8727352619171143,147500,0.0,0.0
2020-09-21 00:00:00-04:00,1.8641048814870598,1.8727349881058808,1.7346530764467745,1.769173502922058,93300,0.0,0.0
2020-09-22 00:00:00-04:00,1.7605433771717092,1.812324016321943,1.743283164121631,1.7864336967468262,30900,0.0,0.0
2020-09-23 00:00:00-04:00,1.8036936171861853,1.8123237223111741,1.7432828813112624,1.7778033018112183,72500,0.0,0.0
2020-09-24 00:00:00-04:00,1.7864337161597,1.7864337161597,1.7432831830655955,1.769173502922058,23700,0.0,0.0
2020-09-25 00:00:00-04:00,1.7519129864362515,1.7864334069362073,1.7519129864362515,1.7778033018112183,19400,0.0,0.0
2020-09-28 00:00:00-04:00,1.777803590221787,1.812324016321943,1.777803590221787,1.7864336967468262,23800,0.0,0.0
2020-09-29 00:00:00-04:00,1.7950635975976015,1.812323808670044,1.7691732809889376,1.812323808670044,31800,0.0,0.0
2020-09-30 00:00:00-04:00,1.838214743518441,1.8641050659367016,1.7864338929239272,1.8209543228149414,28700,0.0,0.0
2020-10-01 00:00:00-04:00,1.8209542237877452,1.8209542237877452,1.7778036887705913,1.8036940097808838,28900,0.0,0.0
2020-10-02 00:00:00-04:00,1.7864337957740222,1.8123241167843145,1.7691735817671606,1.8036940097808838,40400,0.0,0.0
2020-10-05 00:00:00-04:00,1.8123239731101688,1.8554747104644775,1.8036938667909,1.8554747104644775,50700,0.0,0.0
2020-10-06 00:00:00-04:00,1.8554749701121511,1.898625507746807,1.8295844417733638,1.8382147550582886,33400,0.0,0.0
2020-10-07 00:00:00-04:00,1.846844604145209,1.8899951357415528,1.8295841857487063,1.8554747104644775,46400,0.0,0.0
2020-10-08 00:00:00-04:00,1.8899954002198758,1.8899954002198758,1.8382147550582886,1.8382147550582886,27000,0.0,0.0
2020-10-09 00:00:00-04:00,1.8727349231030153,1.8899951357415528,1.83821449782594,1.8554747104644775,18800,0.0,0.0
2020-10-12 00:00:00-04:00,1.8554748873060256,1.881365208731386,1.812324145839107,1.8295843601226807,45300,0.0,0.0
2020-10-13 00:00:00-04:00,1.795063803271865,1.812324016321943,1.769173483696748,1.7864336967468262,92000,0.0,0.0
2020-10-14 00:00:00-04:00,1.7605435815579142,1.8554749701121511,1.7605435815579142,1.8382147550582886,24300,0.0,0.0
2020-10-15 00:00:00-04:00,1.8382143292105113,1.855474540265807,1.7605431737037345,1.8468444347381592,51100,0.0,0.0
2020-10-16 00:00:00-04:00,1.812323808670044,1.8468444365728753,1.7691732809889376,1.812323808670044,59000,0.0,0.0
2020-10-19 00:00:00-04:00,1.803693909796904,1.8382145416550297,1.769173483696748,1.7864336967468262,34500,0.0,0.0
2020-10-20 00:00:00-04:00,1.812324145839107,2.1057482001758276,1.7864338244137465,1.8295843601226807,272700,0.0,0.0
2020-10-21 00:00:00-04:00,1.8295840197424866,1.8727347531815393,1.7950635975976015,1.812323808670044,23200,0.0,0.0
2020-10-22 00:00:00-04:00,1.838214331036654,1.8468444365728753,1.7691732809889376,1.812323808670044,42100,0.0,0.0
2020-10-23 00:00:00-04:00,1.8468444365728753,1.8554745421090968,1.78643349206138,1.812323808670044,68100,0.0,0.0
2020-10-26 00:00:00-04:00,1.7950640003966807,1.8295844302876951,1.7864338929239272,1.8209543228149414,32000,0.0,0.0
2020-10-27 00:00:00-04:00,1.8036936171861853,1.8209538274361632,1.7519129864362515,1.7778033018112183,60800,0.0,0.0
2020-10-28 00:00:00-04:00,1.7260229889539378,1.7691735225261913,1.7260229889539378,1.75191330909729,85000,0.0,0.0
2020-10-29 00:00:00-04:00,1.7432832023828393,1.7691735225261913,1.7260229889539378,1.75191330909729,42200,0.0,0.0
2020-10-30 00:00:00-04:00,1.7346530764467745,1.8036939293973417,1.7346530764467745,1.769173502922058,38600,0.0,0.0
2020-11-02 00:00:00-05:00,1.7605434747637299,1.8209542237877452,1.7605434747637299,1.8036940097808838,33600,0.0,0.0
2020-11-03 00:00:00-05:00,1.8036941191925702,1.8641050776390822,1.7432833665040517,1.8382147550582886,72200,0.0,0.0
2020-11-04 00:00:00-05:00,1.8382144739991138,1.9417757484879845,1.8295841620337459,1.9331456422805786,41700,0.0,0.0
2020-11-05 00:00:00-05:00,1.9158856341134245,2.0194469196426983,1.889995312731106,2.010816812515259,80600,0.0,0.0
2020-11-06 00:00:00-05:00,2.0194471035013692,2.1575290358699255,1.8986255927171352,2.0798580646514893,114500,0.0,0.0
2020-11-09 00:00:00-05:00,2.157528807566095,2.235199770565601,2.105748165566424,2.16615891456604,230600,0.0,0.0
2020-11-10 00:00:00-05:00,2.217939528184684,2.3301311235063342,2.1661588868476045,2.3215010166168213,152900,0.0,0.0
2020-11-11 00:00:00-05:00,2.2783503158524,2.3301309534095545,2.2438296850563333,2.312870740890503,87900,0.0,0.0
2020-11-12 00:00:00-05:00,2.330130997145941,2.330130997145941,2.226569514329827,2.2438297271728516,112300,0.0,0.0
2020-11-13 00:00:00-05:00,2.252459791315859,2.3646513784476575,2.252459791315859,2.312870740890503,87600,0.0,0.0
2020-11-16 00:00:00-05:00,2.3301312923431396,2.4078022599766467,2.3042409697986375,2.3301312923431396,162800,0.0,0.0
2020-11-17 00:00:00-05:00,2.347391366958618,2.373281687954436,2.3301311529614064,2.347391366958618,79600,0.0,0.0
2020-11-18 00:00:00-05:00,2.356021444174874,2.3819117648434136,2.312870909727308,2.3215010166168213,47100,0.0,0.0
2020-11-19 00:00:00-05:00,2.3215010166168213,2.347391337285361,2.3042408028377945,2.3215010166168213,31200,0.0,0.0
2020-11-20 00:00:00-05:00,2.2956103595393653,2.373281310162739,2.286980253914546,2.3042404651641846,30400,0.0,0.0
2020-11-23 00:00:00-05:00,2.3042404651641846,2.3646512045379198,2.286980253914546,2.3042404651641846,90000,0.0,0.0
2020-11-24 00:00:00-05:00,2.3301312923431396,2.3819119374321445,2.286980754768969,2.3301312923431396,154500,0.0,0.0
2020-11-25 00:00:00-05:00,2.4164319947859796,2.5458837933001055,2.3819115700510025,2.528623580932617,445800,0.0,0.0
2020-11-27 00:00:00-05:00,2.589034464563451,2.761636803352609,2.554514037957214,2.75300669670105,140900,0.0,0.0
2020-11-30 00:00:00-05:00,2.6839653449301446,2.7530063963687317,2.5890341821192697,2.6062943935394287,233200,0.0,0.0
2020-12-01 00:00:00-05:00,2.6408149277767685,2.727116194275945,2.5027332305908203,2.5027332305908203,116500,0.0,0.0
2020-12-02 00:00:00-05:00,2.528623580932617,2.649445067505037,2.4423223133372125,2.528623580932617,108300,0.0,0.0
2020-12-03 00:00:00-05:00,2.5372536871163613,2.580404218035083,2.519993474748873,2.528623580932617,49600,0.0,0.0
2020-12-04 00:00:00-05:00,2.537253577289263,2.7012257934406945,2.537253577289263,2.6925954818725586,100100,0.0,0.0
2020-12-07 00:00:00-05:00,2.718485900384493,2.718485900384493,2.6494448508035333,2.709855794906616,145500,0.0,0.0
2020-12-08 00:00:00-05:00,2.7184860706329346,2.7357462826696297,2.6839654408015865,2.7184860706329346,161700,0.0,0.0
2020-12-09 00:00:00-05:00,2.7443763886879773,2.7616366007246724,2.709855964614587,2.7184860706329346,83800,0.0,0.0
2020-12-10 00:00:00-05:00,2.718486144275713,2.718486144275713,2.5890343447357407,2.67533540725708,136200,0.0,0.0
2020-12-11 00:00:00-05:00,2.6667053947134995,2.7357464529146505,2.6408150750473065,2.727116346359253,52600,0.0,0.0
2020-12-14 00:00:00-05:00,2.727116422726707,2.7443766363208404,2.640815148998066,2.6839656829833984,148600,0.0,0.0
2020-12-15 00:00:00-05:00,2.6925955080008626,2.847937619849514,2.6925955080008626,2.8134171962738037,95600,0.0,0.0
2020-12-16 00:00:00-05:00,2.8393073763650016,2.908348220170758,2.822047165413563,2.8306772708892822,140500,0.0,0.0
2020-12-17 00:00:00-05:00,2.856567976519761,2.856567976519761,2.7357464833979313,2.75300669670105,313500,0.0,0.0
2020-12-18 00:00:00-05:00,2.7788971747067,2.8824584604155037,2.7788971747067,2.822047710418701,519100,0.0,0.0
2020-12-21 00:00:00-05:00,2.8220474193013203,2.882458163066258,2.6494450885006784,2.67533540725708,163300,0.0,0.0
2020-12-22 00:00:00-05:00,2.6580749935886696,2.683965310385682,2.5631438319996236,2.580404043197632,271200,0.0,0.0
2020-12-23 00:00:00-05:00,2.5890338783361786,2.64944461121847,2.5890338783361786,2.614924192428589,148200,0.0,0.0
2020-12-24 00:00:00-05:00,2.6321844018235296,2.6408145065209996,2.563143564243768,2.614924192428589,49500,0.0,0.0
2020-12-28 00:00:00-05:00,2.658075362592199,2.778897063509106,2.658075362592199,2.6839656829833984,235100,0.0,0.0
2020-12-29 00:00:00-05:00,2.7184862398038554,2.7616367725808435,2.6839656078242946,2.727116346359253,115500,0.0,0.0
2020-12-30 00:00:00-05:00,2.718486201834489,2.787527053313369,2.718486201834489,2.761636734008789,197200,0.0,0.0
2020-12-31 00:00:00-05:00,2.778896638034965,2.847937481840721,2.6839652720441056,2.8306772708892822,140500,0.0,0.0
2021-01-04 00:00:00-05:00,2.8738277982678797,2.8997181146950384,2.7357461106563674,2.8306772708892822,251200,0.0,0.0
2021-01-05 00:00:00-05:00,2.8479376526087985,2.899718288567987,2.804787122642808,2.8393075466156006,394700,0.0,0.0
2021-01-06 00:00:00-05:00,2.899718079632521,3.0464300767037003,2.8824578688897873,3.0205397605895996,297300,0.0,0.0
2021-01-07 00:00:00-05:00,3.0723210492291626,3.2276631848610604,2.9773898698617725,3.029170513153076,241000,0.0,0.0
2021-01-08 00:00:00-05:00,3.063690287446434,3.0982107089319015,2.977389233732765,3.0205397605895996,101500,0.0,0.0
2021-01-11 00:00:00-05:00,3.2362931500652996,3.5038266677554497,3.193142615882691,3.408895492553711,826700,0.0,0.0
2021-01-12 00:00:00-05:00,3.5469770237667766,3.5469770237667766,3.2535530115696685,3.331223964691162,492500,0.0,0.0
2021-01-13 00:00:00-05:00,3.36574465952178,3.4434156141539596,3.2794433930614,3.357114553451538,384300,0.0,0.0
2021-01-14 00:00:00-05:00,3.3830047993221046,3.4261553287506104,3.3225938523642427,3.4261553287506104,219200,0.0,0.0
2021-01-15 00:00:00-05:00,3.408895492553711,3.4520460267363196,3.2621834705748647,3.408895492553711,247400,0.0,0.0
2021-01-19 00:00:00-05:00,3.3398543485634855,3.348484660942114,3.1931425360123322,3.296703815460205,284200,0.0,0.0
2021-01-20 00:00:00-05:00,3.3225938656719616,3.3743747069515164,3.193142276867963,3.210402488708496,170900,0.0,0.0
2021-01-21 00:00:00-05:00,3.2017726434215534,3.227662963289898,3.0464305184535125,3.055060625076294,200900,0.0,0.0
2021-01-22 00:00:00-05:00,3.055059981672598,3.1499913402883726,2.9514987240094928,3.1068406105041504,165400,0.0,0.0
2021-01-25 00:00:00-05:00,3.1241014387829726,3.1413618575695135,3.020540160611545,3.08958101272583,151300,0.0,0.0
2021-01-26 00:00:00-05:00,3.1068411563550793,3.149991893720594,3.037800305783,3.0982110500335693,161000,0.0,0.0
2021-01-27 00:00:00-05:00,3.020540123477118,3.1931424573988325,2.9169788465788695,3.124101400375366,309800,0.0,0.0
2021-01-28 00:00:00-05:00,3.1241014696672282,3.184512421622408,3.0464305102708176,3.115471363067627,153800,0.0,0.0
2021-01-29 00:00:00-05:00,3.0982112286834025,3.0982112286834025,2.960129519577142,3.0464305877685547,120400,0.0,0.0
2021-02-01 00:00:00-05:00,3.124101368998099,3.124101368998099,3.02917019946149,3.0982110500335693,99800,0.0,0.0
2021-02-02 00:00:00-05:00,3.1241009257713164,3.2449226028890394,3.0895805053828056,3.2190322875976562,106700,0.0,0.0
2021-02-03 00:00:00-05:00,3.244923305060091,3.2621835189892954,3.0982112809038753,3.1327319145202637,173000,0.0,0.0
2021-02-04 00:00:00-05:00,3.132731535426097,3.2190325946287626,3.063690482306009,3.210402488708496,154900,0.0,0.0
2021-02-05 00:00:00-05:00,3.2017723827882296,3.236292806469296,3.124101223747875,3.210402488708496,104300,0.0,0.0
2021-02-08 00:00:00-05:00,3.184512226288736,3.36574465952178,3.175882120218494,3.357114553451538,157400,0.0,0.0
2021-02-09 00:00:00-05:00,3.357114851534581,3.4951967666769055,3.357114851534581,3.408895492553711,263600,0.0,0.0
2021-02-10 00:00:00-05:00,3.4520457202242016,3.4520457202242016,3.339854135553095,3.357114553451538,104400,0.0,0.0
2021-02-11 00:00:00-05:00,3.4088950899134822,3.4261553015478428,3.236292767811922,3.3053336143493652,110200,0.0,0.0
2021-02-12 00:00:00-05:00,3.3053336538314286,3.313963759751695,3.158621853186897,3.210402488708496,152800,0.0,0.0
2021-02-16 00:00:00-05:00,3.236293086139918,3.2449231928059725,3.1499920194793765,3.175882339477539,120000,0.0,0.0
2021-02-17 00:00:00-05:00,3.1758820650274298,3.236292806469296,3.132731535426097,3.210402488708496,106600,0.0,0.0
2021-02-18 00:00:00-05:00,3.2190322875976562,3.2190322875976562,3.055060084994295,3.2190322875976562,133500,0.0,0.0
2021-02-19 00:00:00-05:00,3.2104025841426003,3.2967036459106964,3.2017724779657906,3.2880735397338867,95900,0.0,0.0
2021-02-22 00:00:00-05:00,3.2967032334718054,3.2967032334718054,3.175881762112018,3.2190322875976562,105300,0.0,0.0
2021-02-23 00:00:00-05:00,3.219032528220502,3.219032528220502,3.055060313360209,3.1586217880249023,100000,0.0,0.0
2021-02-24 00:00:00-05:00,3.1845128536224365,3.253553715785091,3.115471785701782,3.1845128536224365,88300,0.0,0.0
2021-02-25 00:00:00-05:00,3.193142210993816,3.2535529511894157,3.141361576540445,3.1586217880249023,75200,0.0,0.0
2021-02-26 00:00:00-05:00,3.184512244000633,3.1931423501188747,3.080950764823771,3.141361713409424,87700,0.0,0.0
2021-03-01 00:00:00-05:00,3.2104027575400775,3.236293077468872,3.1154713787098594,3.236293077468872,111400,0.0,0.0
2021-03-02 00:00:00-05:00,3.210402488708496,3.2967035479111617,3.2017723827882296,3.210402488708496,96600,0.0,0.0
2021-03-03 00:00:00-05:00,3.1931429613927684,3.262183823555423,3.1413623147707774,3.1845128536224365,58100,0.0,0.0
2021-03-04 00:00:00-05:00,3.167251962576603,3.253553021873804,3.141361644787443,3.149991750717163,128200,0.0,0.0
2021-03-05 00:00:00-05:00,3.2104024530602797,3.25355298218247,3.106840977409069,3.2449228763580322,97100,0.0,0.0
2021-03-08 00:00:00-05:00,3.2017724422556397,3.4002650878663854,3.2017724422556397,3.322593927383423,124700,0.0,0.0
2021-03-09 00:00:00-05:00,3.3657449755354376,3.3916352961770357,3.2794437009721316,3.3139641284942627,179300,0.0,0.0
2021-03-10 00:00:00-05:00,3.3053336469839976,3.3657445940586697,3.2880734351792213,3.331223964691162,107300,0.0,0.0
2021-03-11 00:00:00-05:00,3.331224029482853,3.36574465952178,3.296703605201884,3.357114553451538,127200,0.0,0.0
2021-03-12 00:00:00-05:00,3.452045717678748,3.8317707960053204,3.3916349752315984,3.8145105838775635,1168300,0.0,0.0
2021-03-15 00:00:00-04:00,3.823139908436146,3.9267015771226936,3.7109487522591578,3.892181158065796,477100,0.0,0.0
2021-03-16 00:00:00-04:00,3.9267025989803064,3.9267025989803064,3.7109497179707502,3.762730360031128,239100,0.0,0.0
2021-03-17 00:00:00-04:00,3.7540997467673343,3.8317709093987187,3.650538470936109,3.710949420928955,228500,0.0,0.0
2021-03-18 00:00:00-04:00,3.719579823515375,3.754100253451612,3.616018533706665,3.616018533706665,273600,0.0,0.0
2021-03-19 00:00:00-04:00,3.667798564192999,3.728209512219555,3.4951964434255776,3.5124566555023193,618500,0.0,0.0
2021-03-22 00:00:00-04:00,3.3657449107633686,3.6505386380982165,3.3657449107633686,3.50382661819458,290400,0.0,0.0
2021-03-23 00:00:00-04:00,3.49519681930542,3.710949699225113,3.4606763914395455,3.49519681930542,599400,0.0,0.0
2021-03-24 00:00:00-04:00,3.5556072794661704,3.831771107474437,3.5556072794661704,3.59012770652771,329600,0.0,0.0
2021-03-25 00:00:00-04:00,3.5987583366162026,3.702319626939377,3.495197046293028,3.676429510116577,269900,0.0,0.0
2021-03-26 00:00:00-04:00,3.69368963720423,3.797250925061064,3.6246483671170293,3.771360397338867,217300,0.0,0.0
2021-03-29 00:00:00-04:00,3.7109490140981856,3.823140178191215,3.6419077595970872,3.7886197566986084,310300,0.0,0.0
2021-03-30 00:00:00-04:00,3.797250925061064,3.857661470552896,3.7195797534104496,3.771360397338867,216100,0.0,0.0
2021-03-31 00:00:00-04:00,3.779989821839554,3.8317704535956723,3.7368390896181816,3.7972500324249268,314200,0.0,0.0
2021-04-01 00:00:00-04:00,3.797249762935044,3.840400080578168,3.7713592431364886,3.831770181655884,429700,0.0,0.0
2021-04-05 00:00:00-04:00,3.823140043983794,3.952591825794739,3.8058798338433926,3.900811195373535,425400,0.0,0.0
2021-04-06 00:00:00-04:00,3.9094416426300995,3.9267018533728333,3.866290910015323,3.8835511207580566,212900,0.0,0.0
2021-04-07 00:00:00-04:00,3.8835516518929936,3.8835516518929936,3.7195794216533766,3.7282097339630127,210100,0.0,0.0
2021-04-08 00:00:00-04:00,3.7627296463370956,3.823140178191215,3.719578913713395,3.7886197566986084,241900,0.0,0.0
2021-04-09 00:00:00-04:00,3.7886202740667017,3.7886202740667017,3.7109495208596814,3.7282097339630127,172800,0.0,0.0
2021-04-12 00:00:00-04:00,3.616018143033389,3.7799903732730065,3.616018143033389,3.7282097339630127,160100,0.0,0.0
2021-04-13 00:00:00-04:00,3.7109498518470354,3.849031568989482,3.7109498518470354,3.771360397338867,190300,0.0,0.0
2021-04-14 00:00:00-04:00,3.805880069732666,3.874920914573438,3.779989958675324,3.805880069732666,266800,0.0,0.0
2021-04-15 00:00:00-04:00,3.84040069631124,3.8662912202608344,3.788620059927969,3.8145105838775635,175100,0.0,0.0
2021-04-16 00:00:00-04:00,3.8231402126566865,3.8231402126566865,3.7023187363433614,3.7540993690490723,147900,0.0,0.0
2021-04-19 00:00:00-04:00,3.7195793214902593,3.771359959405872,3.6677986835746466,3.710949420928955,171800,0.0,0.0
2021-04-20 00:00:00-04:00,3.6936891073259623,3.7540996441515984,3.650538371151149,3.7195792198181152,137800,0.0,0.0
2021-04-21 00:00:00-04:00,3.693688902624359,3.8231402809428587,3.650538168840929,3.805880069732666,140000,0.0,0.0
2021-04-22 00:00:00-04:00,3.8145103802219267,3.840400491273338,3.754099435242142,3.7799899578094482,177600,0.0,0.0
2021-04-23 00:00:00-04:00,3.7972500678297023,3.8404003889375184,3.779989857083399,3.7886197566986084,178500,0.0,0.0
2021-04-26 00:00:00-04:00,3.814510647316722,3.883551496975969,3.7799902224870983,3.8662912845611572,216100,0.0,0.0
2021-04-27 00:00:00-04:00,3.8835511207580566,3.9267018533728333,3.84040038814328,3.8835511207580566,497000,0.0,0.0
2021-04-28 00:00:00-04:00,3.926702130853515,4.004372878926483,3.814510547339777,3.8749210834503174,293600,0.0,0.0
2021-04-29 00:00:00-04:00,3.8835511207580566,3.9267018533728333,3.8145102777871216,3.8835511207580566,248300,0.0,0.0
2021-04-30 00:00:00-04:00,3.840400553604689,4.04752350295715,3.840400553604689,3.9267020225524902,830400,0.0,0.0
2021-05-03 00:00:00-04:00,3.9612224455252503,3.987112556996869,3.8921815995797306,3.9267020225524902,218200,0.0,0.0
2021-05-04 00:00:00-04:00,3.9353319530866404,4.082043957617706,3.900811529845908,4.038893222808838,442000,0.0,0.0
2021-05-05 00:00:00-04:00,4.047523998426858,4.151085280022388,3.9871130450714887,4.107934951782227,618600,0.0,0.0
2021-05-06 00:00:00-04:00,4.107935148994587,4.185605908162049,4.099304836022662,4.142455577850342,445400,0.0,0.0
2021-05-07 00:00:00-04:00,4.142455027768762,4.237385988758107,4.12519481563289,4.211495876312256,382100,0.0,0.0
2021-05-10 00:00:00-04:00,4.228756995719781,4.358208820270429,4.142455916524685,4.271907329559326,570600,0.0,0.0
2021-05-11 00:00:00-04:00,4.487659114428719,4.530809849025802,4.220125629868152,4.470398902893066,850800,0.0,0.0
2021-05-12 00:00:00-04:00,4.530809773947047,4.884644310322587,4.530809773947047,4.608480930328369,942600,0.0,0.0
2021-05-13 00:00:00-04:00,4.530810228122203,4.7897138343355605,4.453139063955008,4.729302883148193,592100,0.0,0.0
2021-05-14 00:00:00-04:00,4.927795366151863,5.039986952362265,4.634371344221864,4.68615198135376,357000,0.0,0.0
2021-05-17 00:00:00-04:00,4.70341225681972,5.039987019965534,4.668891831602088,4.7379326820373535,575200,0.0,0.0
2021-05-18 00:00:00-04:00,4.746563045917131,4.953685599484048,4.703412308166056,4.858754634857178,250300,0.0,0.0
2021-05-19 00:00:00-04:00,4.832863945272019,4.876014681553165,4.6171110868981255,4.815603733062744,325800,0.0,0.0
2021-05-20 00:00:00-04:00,4.798343282639193,4.798343282639193,4.6688914917383215,4.789713382720947,455600,0.0,0.0
2021-05-21 00:00:00-04:00,4.806973553370421,5.0745070328250765,4.7810830308031145,5.039986610412598,354000,0.0,0.0
2021-05-24 00:00:00-04:00,5.178067756672357,5.342039951682217,5.091766709697654,5.229848384857178,554000,0.0,0.0
2021-05-25 00:00:00-04:00,5.333409913799324,5.454231797254557,5.0572465493665035,5.074506759643555,316000,0.0,0.0
2021-05-26 00:00:00-04:00,5.143548548924034,5.195329189300537,5.039987268171028,5.195329189300537,303100,0.0,0.0
2021-05-27 00:00:00-04:00,5.264369421339335,5.35067047844013,5.15217784135035,5.212588787078857,469600,0.0,0.0
2021-05-28 00:00:00-04:00,5.22984928554012,5.264369710275098,4.927795363351108,5.057247161865234,464500,0.0,0.0
2021-06-01 00:00:00-04:00,5.022726465361881,5.2988898482991225,4.945055308152832,5.091767311096191,508900,0.0,0.0
2021-06-02 00:00:00-04:00,5.117657530865386,5.134917742664483,4.9795758364726055,5.014096260070801,281300,0.0,0.0
2021-06-03 00:00:00-04:00,5.005420638052874,5.005420638052874,4.72782350309463,4.788547992706299,338300,0.03,0.0
2021-06-04 00:00:00-04:00,4.953371918994207,4.953371918994207,4.745173936361734,4.857947826385498,347700,0.0,0.0
2021-06-07 00:00:00-04:00,4.979397279640908,5.222294899608405,4.857948676483096,4.9967474937438965,489900,0.0,0.0
2021-06-08 00:00:00-04:00,5.057470378920992,5.118194872802588,4.875297310927974,4.93602180480957,227300,0.0,0.0
2021-06-09 00:00:00-04:00,4.927347087477151,4.962046682810302,4.823248301477702,4.849273204803467,199700,0.0,0.0
2021-06-10 00:00:00-04:00,4.85794861956657,4.95337272775564,4.805899218823041,4.892648220062256,217900,0.0,0.0
2021-06-11 00:00:00-04:00,4.892647733596609,5.0314465354307485,4.875297935073821,5.014096736907959,179200,0.0,0.0
2021-06-14 00:00:00-04:00,4.953371379929547,5.022770562037209,4.892646888759465,4.979395866394043,331900,0.0,0.0
2021-06-15 00:00:00-04:00,4.988070970983378,4.988070970983378,4.909996684286381,4.979395866394043,186600,0.0,0.0
2021-06-16 00:00:00-04:00,4.953372955322266,4.996747664760517,4.875298643794168,4.953372955322266,206800,0.0,0.0
2021-06-17 00:00:00-04:00,4.953371601111202,4.962046292436131,4.866622619603044,4.93602180480957,172400,0.0,0.0
2021-06-18 00:00:00-04:00,4.901323249906898,4.927347743043326,4.771199543269185,4.805899143218994,308100,0.0,0.0
2021-06-21 00:00:00-04:00,4.831922811241139,4.996746075572712,4.7278236244278915,4.979395866394043,517700,0.0,0.0
2021-06-22 00:00:00-04:00,5.005420926957872,5.161569091705404,4.883972354376459,5.066145420074463,403900,0.0,0.0
2021-06-23 00:00:00-04:00,5.074820593029897,5.1095201884899595,4.875297712308635,4.94469690322876,456400,0.0,0.0
2021-06-24 00:00:00-04:00,4.979396321873316,4.979396321873316,4.658424868439348,4.762523651123047,425300,0.0,0.0
2021-06-25 00:00:00-04:00,4.771198681667654,4.944696650085763,4.70179949430041,4.901322364807129,4889900,0.0,0.0
2021-06-28 00:00:00-04:00,4.901322996602431,5.256994084532524,4.892647890237385,5.08349609375,842400,0.0,0.0
2021-06-29 00:00:00-04:00,5.066146132476327,5.100845729521905,4.944697129164977,5.014096736907959,427400,0.0,0.0
2021-06-30 00:00:00-04:00,5.01409643415633,5.092170315968859,4.953371936167206,5.074820518493652,146400,0.0,0.0
2021-07-01 00:00:00-04:00,5.118194103240967,5.178918174340439,5.057469618489785,5.118194103240967,451700,0.0,0.0
2021-07-02 00:00:00-04:00,5.100845343488452,5.239643721166464,5.005421252008923,5.213619232177734,838600,0.0,0.0
2021-07-06 00:00:00-04:00,5.152894981180723,5.352417865446455,5.100845587065986,5.144219875335693,950300,0.0,0.0
2021-07-07 00:00:00-04:00,5.178919864164829,5.300368873294665,5.092170867394835,5.274343967437744,320100,0.0,0.0
2021-07-08 00:00:00-04:00,5.04879689784374,5.204945101988728,5.040121790787527,5.0921711921691895,230800,0.0,0.0
2021-07-09 00:00:00-04:00,5.152894742059175,5.2656686309003735,5.092170244917345,5.204944133758545,301900,0.0,0.0
2021-07-12 00:00:00-04:00,5.196269425929939,5.291693524839781,5.118195539232638,5.222294330596924,226900,0.0,0.0
2021-07-13 00:00:00-04:00,5.230970301263409,5.283019705548132,5.144220880470308,5.24832010269165,208900,0.0,0.0
2021-07-14 00:00:00-04:00,5.239643408104699,5.2656683091902705,5.118194834892831,5.161569118499756,142800,0.0,0.0
2021-07-15 00:00:00-04:00,5.152895290063009,5.196269580932721,5.074820987384954,5.08349609375,137900,0.0,0.0
2021-07-16 00:00:00-04:00,5.118194879614089,5.118194879614089,4.9186720150539065,4.927346706390381,252800,0.0,0.0
2021-07-19 00:00:00-04:00,4.805898106789276,4.866622600431657,4.6931242244470415,4.831923007965088,330900,0.0,0.0
2021-07-20 00:00:00-04:00,4.85794822049229,5.074820912600444,4.7972241314391795,4.988071918487549,229100,0.0,0.0
2021-07-21 00:00:00-04:00,5.0314459220636,5.283018176801603,4.97072142781065,5.152894496917725,322500,0.0,0.0
2021-07-22 00:00:00-04:00,5.118194505024419,5.178918580890792,5.057470015506302,5.135544300079346,139200,0.0,0.0
2021-07-23 00:00:00-04:00,5.16156998513927,5.19626958331166,5.092170788794489,5.187594890594482,146500,0.0,0.0
2021-07-26 00:00:00-04:00,5.161569588054471,5.265668788215025,5.135545098253188,5.1702446937561035,403500,0.0,0.0
2021-07-27 00:00:00-04:00,5.170243484319819,5.213618175378051,5.048794928469165,5.118194103240967,217500,0.0,0.0
2021-07-28 00:00:00-04:00,5.161568380647489,5.18759327801277,5.040119824796834,5.118194103240967,161900,0.0,0.0
2021-07-29 00:00:00-04:00,5.100845895163506,5.239644287853069,5.100845895163506,5.187594890594482,181300,0.0,0.0
2021-07-30 00:00:00-04:00,5.187594898557626,5.204944697670454,5.126870394836809,5.178919792175293,174800,0.0,0.0
2021-08-02 00:00:00-04:00,5.1702446937561035,5.335067979220856,5.126869992551556,5.1702446937561035,371100,0.0,0.0
2021-08-03 00:00:00-04:00,5.152894427239079,5.248318513017146,5.09216993380726,5.161569118499756,306400,0.0,0.0
2021-08-04 00:00:00-04:00,5.144220019002964,5.1789196160485425,4.936022436729496,5.014096736907959,253000,0.0,0.0
2021-08-05 00:00:00-04:00,4.996746393532311,5.092170068176595,4.944696589987708,5.022770881652832,81200,0.0,0.0
2021-08-06 00:00:00-04:00,5.05747040984931,5.152894496917725,4.97072142781065,5.152894496917725,181800,0.0,0.0
2021-08-09 00:00:00-04:00,5.508566381849216,5.725439077305105,5.2916936863933275,5.612665176391602,1244300,0.0,0.0
2021-08-10 00:00:00-04:00,5.656039551211578,5.98568612836346,5.491216262635637,5.699414253234863,1127200,0.0,0.0
2021-08-11 00:00:00-04:00,5.742788783844373,5.855562682940406,5.5779654883159795,5.751463890075684,740500,0.0,0.0
2021-08-12 00:00:00-04:00,5.794837649282466,5.9856858323651005,5.777487852061481,5.977010726928711,511900,0.0,0.0
2021-08-13 00:00:00-04:00,5.985686058977738,6.011710548968582,5.872912165945918,5.933636665344238,385400,0.0,0.0
2021-08-16 00:00:00-04:00,5.898938106959625,6.011711606171673,5.846888290520978,5.9076128005981445,323600,0.0,0.0
2021-08-17 00:00:00-04:00,5.907612727323505,5.907612727323505,5.690740011576011,5.820863723754883,282100,0.0,0.0
2021-08-18 00:00:00-04:00,5.820862197218623,5.924960974200793,5.725438111492414,5.7341132164001465,234500,0.0,0.0
2021-08-19 00:00:00-04:00,5.647364539298492,5.6994139305888085,5.517240854246806,5.664714336395264,199500,0.0,0.0
2021-08-20 00:00:00-04:00,5.638689990979651,5.812187979087522,5.638689990979651,5.751463890075684,139800,0.0,0.0
2021-08-23 00:00:00-04:00,5.820862551939841,6.037735224028057,5.768813160276886,5.977010726928711,787800,0.0,0.0
2021-08-24 00:00:00-04:00,6.0290601185916675,6.037735224028057,5.881587049039188,5.977010726928711,215300,0.0,0.0
2021-08-25 00:00:00-04:00,5.977009876338011,6.063758850097656,5.890260902578365,6.063758850097656,255700,0.0,0.0
2021-08-26 00:00:00-04:00,6.055085260094075,6.07243505799943,5.968336270567303,6.037735462188721,135000,0.0,0.0
2021-08-27 00:00:00-04:00,6.063760982890188,6.1765348952693016,6.020386687580293,6.124485492706299,391600,0.0,0.0
2021-08-30 00:00:00-04:00,6.159183648962081,6.22858283609264,6.020385274700963,6.133159160614014,300800,0.0,0.0
2021-08-31 00:00:00-04:00,6.159185387071945,6.306658908167009,6.089786180357068,6.27195930480957,641700,0.0,0.0
2021-09-01 00:00:00-04:00,6.271957534875131,6.280632226440559,6.029059966266391,6.133159160614014,211200,0.0,0.0
2021-09-02 00:00:00-04:00,6.193884197622864,6.4194320042283834,6.115810306887901,6.350032806396484,432000,0.0,0.0
2021-09-03 00:00:00-04:00,6.367453719273857,6.515534105942523,6.28905812271889,6.419717311859131,266900,0.03,0.0
2021-09-07 00:00:00-04:00,6.454559817390074,6.681035804489994,6.454559817390074,6.611351013183594,597500,0.0,0.0
2021-09-08 00:00:00-04:00,6.611350388160494,6.820404742316138,6.411006424417628,6.559086799621582,652500,0.0,0.0
2021-09-09 00:00:00-04:00,6.620060523481931,6.855246870521616,6.5765077423881015,6.802983283996582,505100,0.0,0.0
2021-09-10 00:00:00-04:00,6.855247101726212,7.055591479860219,6.663613944671274,6.715877532958984,431600,0.0,0.0
2021-09-13 00:00:00-04:00,6.75943062482233,6.785562210879149,6.463269880484567,6.6897454261779785,480800,0.0,0.0
2021-09-14 00:00:00-04:00,6.724588195698927,7.160118946445167,6.672324605294361,7.142697334289551,540300,0.0,0.0
2021-09-15 00:00:00-04:00,7.2298039600052375,7.290777943042518,6.863958400365121,6.890089988708496,1457600,0.0,0.0
2021-09-16 00:00:00-04:00,6.846536948334732,7.0730125054204835,6.620060975894888,6.628771781921387,836000,0.0,0.0
2021-09-17 00:00:00-04:00,6.654902732859673,6.881378683640782,6.53295436762972,6.5852179527282715,706400,0.0,0.0
2021-09-20 00:00:00-04:00,6.471981601881134,6.471981601881134,6.0800044075740916,6.140978813171387,880500,0.0,0.0
2021-09-21 00:00:00-04:00,6.219372705364907,6.419716664413626,6.193241119384766,6.193241119384766,673500,0.0,0.0
2021-09-22 00:00:00-04:00,6.254215243446814,6.585218386213998,6.210662460674762,6.559086799621582,286900,0.0,0.0
2021-09-23 00:00:00-04:00,6.620061106356119,6.646193109596504,6.384874738609063,6.515533924102783,548600,0.0,0.0
2021-09-24 00:00:00-04:00,6.489401920862399,6.567797515229452,6.454559526777953,6.515533924102783,271900,0.0,0.0
2021-09-27 00:00:00-04:00,6.471980764575863,6.489401961727792,6.167109606740067,6.358743190765381,489700,0.0,0.0
2021-09-28 00:00:00-04:00,6.28905758903288,6.3151895907850255,6.149688020632308,6.228083610534668,344300,0.0,0.0
2021-09-29 00:00:00-04:00,6.254215473543793,6.280347476451704,6.123556705066528,6.167109489440918,289100,0.0,0.0
2021-09-30 00:00:00-04:00,6.20195307052176,6.367454679681576,6.20195307052176,6.25421667098999,614100,0.0,0.0
2021-10-01 00:00:00-04:00,6.262926296514224,6.402295871454526,6.201951899800794,6.332611083984375,227400,0.0,0.0
2021-10-04 00:00:00-04:00,6.2977679638468445,6.315189158704972,6.1322664050176074,6.245504379272461,254500,0.0,0.0
2021-10-05 00:00:00-04:00,6.254216054442967,6.384875250410112,6.193242067584664,6.3674540519714355,393400,0.0,0.0
2021-10-06 00:00:00-04:00,6.306478296872102,6.350031491302684,6.184529933962135,6.236793518066406,135200,0.0,0.0
2021-10-07 00:00:00-04:00,6.306478906181755,6.489401675897079,6.271636513412559,6.428427696228027,225100,0.0,0.0
2021-10-08 00:00:00-04:00,6.437138149224493,6.628771726669224,6.4197169526707984,6.620060920715332,223300,0.0,0.0
2021-10-11 00:00:00-04:00,6.62006056525539,6.654902956491939,6.454558999204746,6.50682258605957,195300,0.0,0.0
2021-10-12 00:00:00-04:00,6.550375938415527,6.602639526512105,6.5068227406580075,6.550375938415527,108000,0.0,0.0
2021-10-13 00:00:00-04:00,6.5677975087110605,6.59392951192551,6.437138323347017,6.52424430847168,101800,0.0,0.0
2021-10-14 00:00:00-04:00,6.620060950803296,6.646192953429652,6.454559375113953,6.471980571746826,126500,0.0,0.0
2021-10-15 00:00:00-04:00,6.550375707389071,6.550375707389071,6.315189361572266,6.315189361572266,188400,0.0,0.0
2021-10-18 00:00:00-04:00,6.454559375113953,6.471980571746826,6.323900608044447,6.471980571746826,262100,0.0,0.0
2021-10-19 00:00:00-04:00,6.559086799621582,6.707166759471457,6.471980403369317,6.559086799621582,225600,0.0,0.0
2021-10-20 00:00:00-04:00,6.524244040910994,6.60263963198522,6.428427668880365,6.576508045196533,135200,0.0,0.0
2021-10-21 00:00:00-04:00,6.620061404419834,6.742009789206035,6.541666221877193,6.611351013183594,155200,0.0,0.0
2021-10-22 00:00:00-04:00,6.593929333561834,6.663614119776613,6.559086940454445,6.620060920715332,100900,0.0,0.0
2021-10-25 00:00:00-04:00,6.6984575714838215,6.811695574655603,6.602640767618918,6.654904365539551,210300,0.0,0.0
2021-10-26 00:00:00-04:00,6.698456081138024,6.698456081138024,6.541665322260649,6.637481689453125,162100,0.0,0.0
2021-10-27 00:00:00-04:00,6.6374824258932525,6.985907203876096,6.60264003116579,6.8813796043396,302100,0.0,0.0
2021-10-28 00:00:00-04:00,6.88137930425801,7.038170073694296,6.785562515258789,6.785562515258789,331500,0.0,0.0
2021-10-29 00:00:00-04:00,6.7420083418078525,7.099143028259277,6.6723235654616255,7.099143028259277,362400,0.0,0.0
2021-11-01 00:00:00-04:00,7.142695973261312,7.168827555807221,6.933641651477984,6.985905647277832,300400,0.0,0.0
2021-11-02 00:00:00-04:00,6.985906848689727,7.029459216853548,6.768141269683838,6.768141269683838,261100,0.0,0.0
2021-11-03 00:00:00-04:00,6.811693330038324,7.186249199388074,6.76814013844588,7.1775383949279785,276900,0.0,0.0
2021-11-04 00:00:00-04:00,7.142697152749647,7.3343307280498955,7.081723173171091,7.2472243309021,782800,0.0,0.0
2021-11-05 00:00:00-04:00,7.299488191355085,7.926652078607601,7.186250209579759,7.813414096832275,635600,0.0,0.0
2021-11-08 00:00:00-05:00,7.926651798470542,7.935361773139168,7.67404425750169,7.883098602294922,359800,0.0,0.0
2021-11-09 00:00:00-05:00,7.926653336820211,8.257655698294066,7.926653336820211,8.07473373413086,348800,0.0,0.0
2021-11-10 00:00:00-05:00,8.031180461120478,8.370893626769094,7.883100065070673,8.083443641662598,572400,0.0,0.0
2021-11-11 00:00:00-05:00,8.13570822103525,8.449289818310431,8.039890998836583,8.275077819824219,549500,0.0,0.0
2021-11-12 00:00:00-05:00,8.187970662850862,8.39702587278831,8.109575893671112,8.327341079711914,301300,0.0,0.0
2021-11-15 00:00:00-05:00,8.344759923571972,8.362181533146977,7.804702487367823,7.874387264251709,646900,0.0,0.0
2021-11-16 00:00:00-05:00,7.848257912847958,8.057312302960176,7.72630910326168,7.9876275062561035,289100,0.0,0.0
2021-11-17 00:00:00-05:00,7.952785902284477,8.100866317749023,7.917943500452135,8.100866317749023,258600,0.0,0.0
2021-11-18 00:00:00-05:00,8.170549240284382,8.275076421715807,7.9614948774215275,8.126996040344238,278200,0.0,0.0
2021-11-19 00:00:00-05:00,8.144418143710102,8.423157311001814,8.126996530400246,8.283787727355957,313800,0.0,0.0
2021-11-22 00:00:00-05:00,8.318627892835009,8.431865856862395,8.126994351349584,8.179258346557617,292100,0.0,0.0
2021-11-23 00:00:00-05:00,7.935363212002033,8.118286004541229,7.430148038457261,7.552096843719482,470500,0.0,0.0
2021-11-24 00:00:00-05:00,7.482408993046458,7.595646945096639,7.325617854714218,7.4998297691345215,224700,0.0,0.0
2021-11-26 00:00:00-05:00,7.43885742819871,7.43885742819871,7.125275913891368,7.229803085327148,172800,0.0,0.0
2021-11-29 00:00:00-05:00,7.360462910196665,7.447569314389288,7.221093328055056,7.264646530151367,283000,0.0,0.0
2021-11-30 00:00:00-05:00,7.31690945775578,7.386594246442352,7.02074952119195,7.186250686645508,277900,0.0,0.0
2021-12-01 00:00:00-05:00,7.255935238921738,7.45627962289924,6.576508156010408,6.785562515258789,804100,0.0,0.0
2021-12-02 00:00:00-05:00,6.6631430655112664,7.13533428010908,6.628165969389937,7.082869052886963,572500,0.03,0.0
2021-12-03 00:00:00-05:00,7.1440779291503995,7.222776594721891,6.794306591783559,6.907982349395752,244500,0.0,0.0
2021-12-06 00:00:00-05:00,6.942959529535951,6.977936622020478,6.663142372699902,6.689375400543213,195400,0.0,0.0
2021-12-07 00:00:00-05:00,6.8555170832315,7.1965435406483635,6.829284054297976,7.004169940948486,307000,0.0,0.0
2021-12-08 00:00:00-05:00,6.98668037003094,7.310218669330236,6.977936305785998,7.039146423339844,357500,0.0,0.0
2021-12-09 00:00:00-05:00,7.047890778987582,7.231520711417967,7.0304018168896345,7.056634426116943,192400,0.0,0.0
2021-12-10 00:00:00-05:00,7.170310177994764,7.2052872682710465,6.951703155288096,7.056634426116943,159700,0.0,0.0
2021-12-13 00:00:00-05:00,7.2315205980715636,7.2402642450638774,6.995424616967503,7.030401706695557,316700,0.0,0.0
2021-12-14 00:00:00-05:00,6.995425945402372,7.581292935043401,6.995425945402372,7.45012903213501,1147900,0.0,0.0
2021-12-15 00:00:00-05:00,7.555059623569752,7.642501939460521,7.039146874311398,7.100356578826904,616400,0.0,0.0
2021-12-16 00:00:00-05:00,7.3626854672629225,7.3626854672629225,6.759329962788423,6.785562992095947,348400,0.0,0.0
2021-12-17 00:00:00-05:00,6.689375560471414,6.7418412004525425,6.313371181833565,6.453279972076416,591600,0.0,0.0
2021-12-20 00:00:00-05:00,6.278393878343743,6.418302663903151,6.01606568721953,6.243416786193848,840100,0.0,0.0
2021-12-21 00:00:00-05:00,6.383326294078681,6.540723226563955,6.322116167410026,6.497001647949219,268900,0.0,0.0
2021-12-22 00:00:00-05:00,6.514489211953691,6.663142056437112,6.514489211953691,6.575699329376221,161400,0.0,0.0
2021-12-23 00:00:00-05:00,6.593187358000557,6.8205388474984,6.558210269917777,6.715607166290283,245300,0.0,0.0
2021-12-27 00:00:00-05:00,6.680630078207504,6.776817278915036,6.619420382542531,6.715607166290283,319500,0.0,0.0
2021-12-28 00:00:00-05:00,6.899239190037337,6.899239190037337,6.601933850717439,6.6806321144104,185900,0.0,0.0
2021-12-29 00:00:00-05:00,6.645654946455785,6.750586241593531,6.531979168243276,6.698120594024658,180500,0.0,0.0
2021-12-30 00:00:00-05:00,6.741842245691509,6.785563827600859,6.549467785642257,6.6806321144104,201600,0.0,0.0
2021-12-31 00:00:00-05:00,6.689375710179405,6.733096869328903,6.610677039966518,6.663142681121826,201400,0.0,0.0
2022-01-03 00:00:00-05:00,6.645653665543962,6.890493723967081,6.628165119725155,6.803050994873047,256400,0.0,0.0
2022-01-04 00:00:00-05:00,6.81179553954179,6.873005662702908,6.6194215219723285,6.663142681121826,444600,0.0,0.0
2022-01-05 00:00:00-05:00,6.628165966833551,6.733097255157067,6.409558907679623,6.497001647949219,332400,0.0,0.0
2022-01-06 00:00:00-05:00,6.514489521160745,6.785562613355578,6.444535336191691,6.689375400543213,269100,0.0,0.0
2022-01-07 00:00:00-05:00,6.706864106764727,6.706864106764727,6.304627116638248,6.313371181488037,242700,0.0,0.0
2022-01-10 00:00:00-05:00,6.269650015702775,6.269650015702775,6.042298492446682,6.190951347351074,339000,0.0,0.0
2022-01-11 00:00:00-05:00,6.024809659425861,6.392069538330047,5.989832567812112,6.339603900909424,301400,0.0,0.0
2022-01-12 00:00:00-05:00,6.409558734478541,6.558211597399849,6.357093091734526,6.365837574005127,341700,0.0,0.0
2022-01-13 00:00:00-05:00,6.427046391108446,6.479512026579395,6.278393548794187,6.330859184265137,205200,0.0,0.0
2022-01-14 00:00:00-05:00,6.199695401410999,6.269649583137302,6.03355401133112,6.051042556762695,234900,0.0,0.0
2022-01-18 00:00:00-05:00,6.068531153219068,6.138485335533553,5.849924125006392,5.911134243011475,372800,0.0,0.0
2022-01-19 00:00:00-05:00,5.902390305426784,5.963600429070091,5.622573133434337,5.631317615509033,221000,0.0,0.0
2022-01-20 00:00:00-05:00,5.675038228062302,5.954855373086937,5.622572591550148,5.648805618286133,215400,0.0,0.0
2022-01-21 00:00:00-05:00,5.508897887999478,5.675038880920981,5.30777938308623,5.535130500793457,354900,0.0,0.0
2022-01-24 00:00:00-05:00,5.3864764331445505,5.517640718644581,5.185357973233776,5.482663631439209,364500,0.0,0.0
2022-01-25 00:00:00-05:00,5.412710630011136,5.543874943935643,5.290290798262864,5.4914093017578125,283400,0.0,0.0
2022-01-26 00:00:00-05:00,5.613827881923512,5.806201860353144,5.552617771216018,5.62257194519043,300100,0.0,0.0
2022-01-27 00:00:00-05:00,5.622573166486527,5.806203121536058,5.334011927682936,5.430199146270752,239400,0.0,0.0
2022-01-28 00:00:00-05:00,5.3777332717668,5.561363218872972,5.264057510803963,5.421454429626465,178500,0.0,0.0
2022-01-31 00:00:00-05:00,5.421454109773652,5.675038228062302,5.421454109773652,5.648805618286133,160000,0.0,0.0
2022-02-01 00:00:00-05:00,5.701271773063731,5.893645791095762,5.648806131782267,5.8324360847473145,284700,0.0,0.0
2022-02-02 00:00:00-05:00,5.858668767914086,6.042298723104693,5.797459060823789,5.9373674392700195,307200,0.0,0.0
2022-02-03 00:00:00-05:00,5.814947537653493,5.972344461497882,5.779970443465851,5.8324360847473145,279600,0.0,0.0
2022-02-04 00:00:00-05:00,5.867413481454539,6.007321865418682,5.788714806994772,5.946112155914307,624100,0.0,0.0
2022-02-07 00:00:00-05:00,5.946111414277242,6.04229820777562,5.911134322648772,6.01606559753418,221500,0.0,0.0
2022-02-08 00:00:00-05:00,5.981089117001858,6.243417331017811,5.963600569400794,6.225928783416748,383500,0.0,0.0
2022-02-09 00:00:00-05:00,6.29588163612606,6.365836228626827,6.225927460585069,6.269649028778076,364000,0.0,0.0
2022-02-10 00:00:00-05:00,6.217184476302962,6.409558492433024,6.199695929382048,6.234673023223877,168900,0.0,0.0
2022-02-11 00:00:00-05:00,6.2521614690646015,6.374581295531813,6.155974254074728,6.190951347351074,232300,0.0,0.0
2022-02-14 00:00:00-05:00,6.1647185373364985,6.322115452011025,6.138485509744163,6.243416786193848,261000,0.0,0.0
2022-02-15 00:00:00-05:00,6.330859607273832,6.6543983397355975,6.269649903614449,6.6106767654418945,336100,0.0,0.0
2022-02-16 00:00:00-05:00,6.540723651318039,6.74184217547867,6.392070774726281,6.698120594024658,310300,0.0,0.0
2022-02-17 00:00:00-05:00,6.584444805178691,6.6543989973943685,6.453280486294358,6.497001647949219,275100,0.0,0.0
2022-02-18 00:00:00-05:00,6.462024378285834,6.601933175919426,6.3920701879489705,6.48825740814209,255700,0.0,0.0
2022-02-22 00:00:00-05:00,6.41830186028257,6.5756987552498005,6.182206309351837,6.269649028778076,909500,0.0,0.0
2022-02-23 00:00:00-05:00,6.322115759632099,6.392069947335714,6.0597871387836895,6.094764232635498,153900,0.0,0.0
2022-02-24 00:00:00-05:00,5.710016419835847,6.138486044476585,5.6837833899583154,6.103508949279785,219400,0.0,0.0
2022-02-25 00:00:00-05:00,6.138485509744163,6.2521612677112355,6.138485509744163,6.243416786193848,110200,0.0,0.0
2022-02-28 00:00:00-05:00,6.147230527691894,6.278394426219939,6.112253015529903,6.225928783416748,173800,0.0,0.0
2022-03-01 00:00:00-05:00,6.252160939538616,6.357092210480514,6.252160939538616,6.330859184265137,243600,0.0,0.0
2022-03-02 00:00:00-05:00,6.339605070056486,6.61942227153006,6.2958834889962745,6.593189239501953,314700,0.0,0.0
2022-03-03 00:00:00-05:00,6.619421658908538,6.785563067817244,6.54072298706761,6.750585556030273,207500,0.0,0.0
2022-03-04 00:00:00-05:00,6.680631640351658,6.680631640351658,6.400814870259365,6.558211803436279,396900,0.0,0.0
2022-03-07 00:00:00-05:00,6.523234320393023,6.549466932553829,5.8324360847473145,5.8324360847473145,357900,0.0,0.0
2022-03-08 00:00:00-05:00,5.832436515896666,6.243417611462211,5.823692033223414,6.033555030822754,569700,0.0,0.0
2022-03-09 00:00:00-05:00,6.190951266850624,6.5407226120258795,6.1647186557143865,6.531978130340576,415900,0.0,0.0
2022-03-10 00:00:00-05:00,6.488257309041965,6.488257309041965,6.225928682325608,6.444535732269287,218700,0.0,0.0
2022-03-11 00:00:00-05:00,6.427046977230713,6.531978257741946,6.243417027856135,6.374581336975098,393300,0.0,0.0
2022-03-14 00:00:00-04:00,6.357092834651938,6.357092834651938,5.718760248307637,5.727504730224609,664000,0.0,0.0
2022-03-15 00:00:00-04:00,5.70127072706786,6.29588163612606,5.70127072706786,6.269649028778076,313800,0.0,0.0
2022-03-16 00:00:00-04:00,6.3570925441609205,6.505745394277888,6.1647185373364985,6.243416786193848,296000,0.0,0.0
2022-03-17 00:00:00-04:00,6.2696492697295225,6.392069081631022,6.173462066184162,6.260904788970947,211900,0.0,0.0
2022-03-18 00:00:00-04:00,6.3574966807186115,6.743863944769373,6.339934551385131,6.383840084075928,575000,0.03,0.0
2022-03-21 00:00:00-04:00,6.383841415460031,6.594587430128191,6.296030750479247,6.375060558319092,207000,0.0,0.0
2022-03-22 00:00:00-04:00,6.375060232338421,6.541900277913616,6.278468296441527,6.515557289123535,203300,0.0,0.0
2022-03-23 00:00:00-04:00,6.454089000446636,6.515556666271273,6.296029826672991,6.313591957092285,269400,0.0,0.0
2022-03-24 00:00:00-04:00,6.304811285231606,6.585805817516093,6.21700062474091,6.515557289123535,276200,0.0,0.0
2022-03-25 00:00:00-04:00,6.41896577492626,6.41896577492626,5.900882215923809,5.962349891662598,880000,0.0,0.0
2022-03-28 00:00:00-04:00,6.023816943391039,6.120408456913376,5.962349274019718,6.050159931182861,483100,0.0,0.0
2022-03-29 00:00:00-04:00,6.1555335596279575,6.339935742929441,6.120408875645379,6.304811477661133,328100,0.0,0.0
2022-03-30 00:00:00-04:00,6.278467873494839,6.278467873494839,6.006254634954097,6.102846145629883,271900,0.0,0.0
2022-03-31 00:00:00-04:00,6.146752273291412,6.1730956815540825,5.971130947254508,5.979911804199219,447500,0.0,0.0
2022-04-01 00:00:00-04:00,6.03259801864624,6.085284414855881,5.9799116224366005,6.03259801864624,290800,0.0,0.0
2022-04-04 00:00:00-04:00,6.015035646843612,6.217000366954938,5.99747351547368,6.111627578735352,199600,0.0,0.0
2022-04-05 00:00:00-04:00,6.0677226911739925,6.076503967157085,5.927225625158799,5.962349891662598,168200,0.0,0.0
2022-04-06 00:00:00-04:00,5.874538501105315,5.979911287624834,5.804289976758969,5.94478702545166,210700,0.0,0.0
2022-04-07 00:00:00-04:00,5.9272244772548675,5.997472996657689,5.813070423868179,5.918443202972412,158400,0.0,0.0
2022-04-08 00:00:00-04:00,5.883319939550206,5.927225480969019,5.804290551196326,5.821852684020996,139600,0.0,0.0
2022-04-11 00:00:00-04:00,5.848194893710462,5.99747321216252,5.716479124454382,5.769165515899658,282500,0.0,0.0
2022-04-12 00:00:00-04:00,5.944787452892676,5.962349585242012,5.76038485386752,5.813071250915527,205500,0.0,0.0
2022-04-13 00:00:00-04:00,5.8042894845157145,5.944786521293301,5.795508210360016,5.848194599151611,148800,0.0,0.0
2022-04-14 00:00:00-04:00,5.848194858150419,5.944786784569872,5.821851871945069,5.865756988525391,198200,0.0,0.0
2022-04-18 00:00:00-04:00,5.813071194572185,5.830633326751299,5.409141735738298,5.453047275543213,351900,0.0,0.0
2022-04-19 00:00:00-04:00,5.496953017407454,5.839414816845666,5.488171741637981,5.821852684020996,300200,0.0,0.0
2022-04-20 00:00:00-04:00,5.742822018124927,5.9974731153572085,5.742822018124927,5.8921003341674805,176000,0.0,0.0
2022-04-21 00:00:00-04:00,5.96234948308305,5.979911615131476,5.7867281625987905,5.804290294647217,143100,0.0,0.0
2022-04-22 00:00:00-04:00,5.716479078410516,5.786727599771728,5.540857356293271,5.575981616973877,195500,0.0,0.0
2022-04-25 00:00:00-04:00,5.470608950609371,5.575981734879321,5.444265545184771,5.549638748168945,201400,0.0,0.0
2022-04-26 00:00:00-04:00,5.532076081213167,5.532076081213167,5.3301113882491515,5.356454372406006,155400,0.0,0.0
2022-04-27 00:00:00-04:00,5.3476749107426205,5.426704302520656,5.303769367421484,5.32133150100708,151900,0.0,0.0
2022-04-28 00:00:00-04:00,5.382799437279088,5.549639923738452,5.259864077542095,5.532077789306641,367300,0.0,0.0
2022-04-29 00:00:00-04:00,5.453047095195381,5.611106279579941,5.400360700400528,5.505733489990234,296900,0.0,0.0
2022-05-02 00:00:00-04:00,5.488170751571729,5.593543529510498,5.417922232945882,5.593543529510498,1011100,0.0,0.0
2022-05-03 00:00:00-04:00,5.646230297877924,5.646230297877924,5.3915791913908695,5.426703453063965,264900,0.0,0.0
2022-05-04 00:00:00-04:00,5.426703650037706,5.488171319553837,5.2510823352976805,5.470609188079834,194600,0.0,0.0
2022-05-05 00:00:00-04:00,5.400360852063669,5.4530472483381605,5.180833991562822,5.259863376617432,1123100,0.0,0.0
2022-05-06 00:00:00-04:00,5.215957381375275,5.2335195105227665,5.02277354203868,5.198395252227783,562800,0.0,0.0
2022-05-09 00:00:00-04:00,5.057898621775835,5.163271405050943,5.0052118114240605,5.06667947769165,424700,0.0,0.0
2022-05-10 00:00:00-04:00,5.3213310748427265,5.751603941302415,5.3213310748427265,5.453047275543213,509600,0.0,0.0
2022-05-11 00:00:00-04:00,5.4618279516374,5.769165882678746,5.453047095195381,5.505733489990234,579500,0.0,0.0
2022-05-12 00:00:00-04:00,5.435485053421918,5.6901361751624355,5.356455250566498,5.672574043273926,374400,0.0,0.0
2022-05-13 00:00:00-04:00,5.61988807764055,5.944787751796333,5.514515278246397,5.540858268737793,505700,0.0,0.0
2022-05-16 00:00:00-04:00,5.505734002273075,5.6462310681319465,5.409142060137959,5.540858268737793,223600,0.0,0.0
2022-05-17 00:00:00-04:00,5.655012265800216,5.742822930746095,5.602325866832689,5.698917388916016,208000,0.0,0.0
2022-05-18 00:00:00-04:00,5.672574864761131,5.6901369991929425,5.4706101094381445,5.532077789306641,141500,0.0,0.0
2022-05-19 00:00:00-04:00,5.461828644195884,5.575982723416564,5.461828644195884,5.4881720542907715,157900,0.0,0.0
2022-05-20 00:00:00-04:00,5.593543723596018,5.593543723596018,5.356454755650144,5.479389667510986,151100,0.0,0.0
2022-05-23 00:00:00-04:00,5.479389145951772,5.567200207636806,5.409140631575084,5.444264888763428,1364200,0.0,0.0
2022-05-24 00:00:00-04:00,5.365236200951071,5.400360462600978,5.084241689037591,5.136928081512451,244600,0.0,0.0
2022-05-25 00:00:00-04:00,5.13692742161979,5.330111254591996,5.101803164481965,5.251081466674805,189300,0.0,0.0
2022-05-26 00:00:00-04:00,5.27742627025241,5.558420401970152,5.251082861046729,5.540858268737793,250300,0.0,0.0
2022-05-27 00:00:00-04:00,5.5320756836181415,5.760383344330345,5.5320756836181415,5.742821216583252,158100,0.0,0.0
2022-05-31 00:00:00-04:00,5.707698528446484,5.777947058725387,5.628668722525581,5.655012130737305,239300,0.0,0.0
2022-06-01 00:00:00-04:00,5.6989171812877135,5.874538923495334,5.6989171812877135,5.813071250915527,413300,0.0,0.0
2022-06-02 00:00:00-04:00,5.8395752567645065,5.989761069037159,5.8395752567645065,5.892581939697266,162000,0.04,0.0
2022-06-03 00:00:00-04:00,5.839574990711982,5.857243884217902,5.689389185281833,5.715892314910889,193700,0.0,0.0
2022-06-06 00:00:00-04:00,5.760065009941338,5.79540279849082,5.530369384369702,5.618713855743408,299300,0.0,0.0
2022-06-07 00:00:00-04:00,5.54803762524181,5.707057654986398,5.291838056541655,5.309507369995117,745500,0.0,0.0
2022-06-08 00:00:00-04:00,5.309508280183921,5.415521651520449,5.062143325805664,5.062143325805664,368700,0.0,0.0
2022-06-09 00:00:00-04:00,5.070977210998535,5.079811868626871,4.9207918226537695,5.070977210998535,403800,0.0,0.0
2022-06-10 00:00:00-04:00,5.035638366096169,5.10631434851,4.956128570427416,5.0886454582214355,215300,0.0,0.0
2022-06-13 00:00:00-04:00,4.911956646415116,4.956129087373696,4.814777529062011,4.8766188621521,315800,0.0,0.0
2022-06-14 00:00:00-04:00,4.929626080768855,5.150487467335629,4.9119571866939,5.123984336853027,253900,0.0,0.0
2022-06-15 00:00:00-04:00,5.123984336853027,5.309507935269891,5.123984336853027,5.123984336853027,351700,0.0,0.0
2022-06-16 00:00:00-04:00,5.070977210998535,5.132818550617905,4.858950483034399,5.070977210998535,410500,0.0,0.0
2022-06-17 00:00:00-04:00,5.115149646374864,5.229997667755219,5.062142964490007,5.176990985870361,393400,0.0,0.0
2022-06-21 00:00:00-04:00,5.221162167763546,5.495030190612674,5.176990150616031,5.265334606170654,661300,0.0,0.0
2022-06-22 00:00:00-04:00,5.203494175126229,5.424355562778136,5.203494175126229,5.291838645935059,569100,0.0,0.0
2022-06-23 00:00:00-04:00,5.274168491363525,5.380182252258839,5.194658697266496,5.274168491363525,383400,0.0,0.0
2022-06-24 00:00:00-04:00,5.256500432778018,5.680554279647781,5.256500432778018,5.592209815979004,7714400,0.0,0.0
2022-06-27 00:00:00-04:00,5.662885123336541,5.945587815177939,5.592209555691095,5.8484086990356445,504100,0.0,0.0
2022-06-28 00:00:00-04:00,5.8395755502994,6.007430265320437,5.821906655100326,5.883747577667236,700400,0.0,0.0
2022-06-29 00:00:00-04:00,5.866077960036651,5.883746853059727,5.715892158710683,5.760064601898193,364600,0.0,0.0
2022-06-30 00:00:00-04:00,5.724726753898967,5.9720916748046875,5.618713396907786,5.9720916748046875,517200,0.0,0.0
2022-07-01 00:00:00-04:00,5.9279192320952125,6.007429460468415,5.662885418357628,5.9720916748046875,226000,0.0,0.0
2022-07-05 00:00:00-04:00,5.839574670857469,6.122276951467574,5.742395551267931,6.104608058929443,347100,0.0,0.0
2022-07-06 00:00:00-04:00,6.13111135089454,6.13111135089454,5.936753119877408,5.980925559997559,393300,0.0,0.0
2022-07-07 00:00:00-04:00,6.051602010321536,6.33430474157553,6.051602010321536,6.192953586578369,562500,0.0,0.0
2022-07-08 00:00:00-04:00,6.175283153350605,6.254793374276704,6.113442244861057,6.210621356964111,228400,0.0,0.0
2022-07-11 00:00:00-04:00,6.148781059665535,6.20178774209683,5.9985952488137,6.02509880065918,209000,0.0,0.0
2022-07-12 00:00:00-04:00,6.05160131175585,6.334304010376101,6.033932419420811,6.290131568908691,480600,0.0,0.0
2022-07-13 00:00:00-04:00,6.157615470443373,6.166450128395217,5.945588734715245,6.007430076599121,350000,0.0,0.0
2022-07-14 00:00:00-04:00,5.99859539783121,6.025098950335092,5.9367540561619325,5.954422950744629,221500,0.0,0.0
2022-07-15 00:00:00-04:00,6.069270951712246,6.11344339862088,5.980926479154653,6.033933162689209,210300,0.0,0.0
2022-07-18 00:00:00-04:00,6.060436374679611,6.148780842275012,6.0427674811605305,6.069270610809326,178000,0.0,0.0
2022-07-19 00:00:00-04:00,6.148780595185263,6.3431384160848445,6.122277045341867,6.272462844848633,204600,0.0,0.0
2022-07-20 00:00:00-04:00,6.272462357858624,6.369641471393306,6.228290339895295,6.351972579956055,148600,0.0,0.0
2022-07-21 00:00:00-04:00,6.343138386592869,6.378476172046675,6.272462815685259,6.325469493865967,122200,0.0,0.0
2022-07-22 00:00:00-04:00,6.351972124613522,6.422647685296134,6.272461908215798,6.2989654541015625,155600,0.0,0.0
2022-07-25 00:00:00-04:00,6.290130798386451,6.387309904954828,6.272461908215798,6.2989654541015625,83800,0.0,0.0
2022-07-26 00:00:00-04:00,6.28129656393091,6.334303234442869,6.219455237703839,6.2989654541015625,110900,0.0,0.0
2022-07-27 00:00:00-04:00,6.404978727585835,6.555164503082482,6.387309837601498,6.5374956130981445,145500,0.0,0.0
2022-07-28 00:00:00-04:00,6.555165389204878,6.625840958696097,6.466820927340854,6.617006301879883,106500,0.0,0.0
2022-07-29 00:00:00-04:00,6.608171630159228,6.617005865132727,6.475654735479993,6.590502738952637,137900,0.0,0.0
2022-08-01 00:00:00-04:00,6.58166883555027,6.705351509403197,6.484490133428227,6.661179065704346,105300,0.0,0.0
2022-08-02 00:00:00-04:00,6.705350399017334,6.776025960224121,6.572833511124822,6.705350399017334,160200,0.0,0.0
2022-08-03 00:00:00-04:00,6.7760264163629325,6.85553663870271,6.652344175925191,6.758357524871826,146100,0.0,0.0
2022-08-04 00:00:00-04:00,6.749523582370819,6.793696026400355,6.519827968692312,6.528662204742432,218800,0.0,0.0
2022-08-05 00:00:00-04:00,6.4933243105632705,6.855537250336048,6.457986524428313,6.767192363739014,253600,0.0,0.0
2022-08-08 00:00:00-04:00,6.6435096369207205,6.6435096369207205,5.530368610795985,5.601044178009033,1006200,0.0,0.0
2022-08-09 00:00:00-04:00,5.645216616666523,5.645216616666523,5.3271765405582965,5.380183219909668,305900,0.0,0.0
2022-08-10 00:00:00-04:00,5.442023980325369,5.486196422490978,5.309507496347802,5.3183417320251465,326400,0.0,0.0
2022-08-11 00:00:00-04:00,5.344845610749904,5.415521185559878,5.247666484756364,5.256500720977783,221100,0.0,0.0
2022-08-12 00:00:00-04:00,5.265334861332342,5.424354889036882,5.221162420784608,5.389017105102539,203800,0.0,0.0
2022-08-15 00:00:00-04:00,5.336009486403084,5.495029486011023,5.300671708712431,5.468526363372803,229300,0.0,0.0
2022-08-16 00:00:00-04:00,5.468527774872472,5.59221002871379,5.424355330727891,5.548038005828857,234800,0.0,0.0
2022-08-17 00:00:00-04:00,5.459692857313024,5.565706633955126,5.353679501930547,5.397851943969727,197600,0.0,0.0
2022-08-18 00:00:00-04:00,5.40668672556007,5.539203643798828,5.40668672556007,5.539203643798828,222400,0.0,0.0
2022-08-19 00:00:00-04:00,5.53920301288072,5.556871905216081,5.450858551203919,5.477361679077148,177100,0.0,0.0
2022-08-22 00:00:00-04:00,5.40668696351152,5.4685283070805255,5.353680278135095,5.415521621704102,129500,0.0,0.0
2022-08-23 00:00:00-04:00,5.38901745583841,5.44202413518978,5.336010776487038,5.380183219909668,146900,0.0,0.0
2022-08-24 00:00:00-04:00,5.371348857879639,5.415521303729567,5.336011069703562,5.371348857879639,205800,0.0,0.0
2022-08-25 00:00:00-04:00,5.442024032894438,5.618713382004034,5.380183118776769,5.512699604034424,228600,0.0,0.0
2022-08-26 00:00:00-04:00,5.46852656781935,5.4861954573252465,5.336009685895351,5.344844341278076,110400,0.0,0.0
2022-08-29 00:00:00-04:00,5.353679700089113,5.4066863797423155,5.256500576761755,5.327176570892334,128300,0.0,0.0
2022-08-30 00:00:00-04:00,5.318342266453928,5.353680055233581,5.150487559120737,5.185825347900391,210100,0.0,0.0
2022-08-31 00:00:00-04:00,5.185824759005485,5.194659415826983,5.07981140470525,5.097480297088623,148900,0.0,0.0
2022-09-01 00:00:00-04:00,5.0356386822431976,5.079811121367626,4.947294225253942,5.026804447174072,295900,0.0,0.0
2022-09-02 00:00:00-04:00,5.062392966266783,5.106877710977795,4.94673186638253,4.9823198318481445,238100,0.04,0.0
2022-09-06 00:00:00-04:00,5.026804749122173,5.026804749122173,4.7687918002934975,4.839967727661133,325600,0.0,0.0
2022-09-07 00:00:00-04:00,4.75989408903337,4.964525070487684,4.715409351299269,4.946731090545654,363000,0.0,0.0
2022-09-08 00:00:00-04:00,4.9111438561389775,4.9111438561389775,4.813276739879847,4.866658687591553,132300,0.0,0.0
2022-09-09 00:00:00-04:00,4.866658859483956,4.946731996000735,4.848864876284897,4.937835216522217,105200,0.0,0.0
2022-09-12 00:00:00-04:00,4.928937488788197,5.044598579406738,4.928937488788197,5.044598579406738,104900,0.0,0.0
2022-09-13 00:00:00-04:00,4.928937741047176,4.937834944277174,4.7332039366492085,4.742100715637207,141800,0.0,0.0
2022-09-14 00:00:00-04:00,4.742101457308646,4.742101457308646,4.626440342681102,4.6620283126831055,127000,0.0,0.0
2022-09-15 00:00:00-04:00,4.599747883771885,4.768790891164416,4.5552627255268305,4.733202934265137,209700,0.0,0.0
2022-09-16 00:00:00-04:00,4.679822165800355,4.72430691089549,4.608645810012511,4.706512928009033,456500,0.0,0.0
2022-09-19 00:00:00-04:00,4.644233922600339,4.724307060241699,4.510779258854111,4.724307060241699,124300,0.0,0.0
2022-09-20 00:00:00-04:00,4.6798217392620645,4.706512499038036,4.590851408696887,4.599748611450195,107900,0.0,0.0
2022-09-21 00:00:00-04:00,4.697616112837308,4.697616112837308,4.448499930086006,4.475191116333008,204600,0.0,0.0
2022-09-22 00:00:00-04:00,4.457397240732939,4.466294020201132,4.368426900598865,4.377324104309082,102000,0.0,0.0
2022-09-23 00:00:00-04:00,4.279455968334347,4.37732306469314,4.25276521202681,4.315043926239014,158200,0.0,0.0
2022-09-26 00:00:00-04:00,4.306147978269223,4.421808651615245,4.199383659749967,4.243868827819824,100200,0.0,0.0
2022-09-27 00:00:00-04:00,4.217177718357918,4.350632800737779,4.163795770254377,4.199383735656738,121100,0.0,0.0
2022-09-28 00:00:00-04:00,4.199383633093415,4.332838712213846,4.1726928718145295,4.297250747680664,90900,0.0,0.0
2022-09-29 00:00:00-04:00,4.234972048751056,4.288353995889682,4.1548989159221135,4.243868827819824,107100,0.0,0.0
2022-09-30 00:00:00-04:00,4.226074796913461,4.332838689964774,4.226074796913461,4.23497200012207,105200,0.0,0.0
2022-10-03 00:00:00-04:00,4.234972210518328,4.448500007229158,4.208281023808464,4.430706024169922,95300,0.0,0.0
2022-10-04 00:00:00-04:00,4.501881850114182,4.644233711227038,4.475191088276526,4.528573036193848,141300,0.0,0.0
2022-10-05 00:00:00-04:00,4.475190487513573,4.528572428264743,4.430705324766622,4.457396507263184,96100,0.0,0.0
2022-10-06 00:00:00-04:00,4.46629417166922,4.484088155451087,4.37732425275988,4.395118236541748,73000,0.0,0.0
2022-10-07 00:00:00-04:00,4.359530029173178,4.501881891597767,4.226074946029119,4.252766132354736,63600,0.0,0.0
2022-10-10 00:00:00-04:00,4.270560234546662,4.377324134349822,4.252766251246135,4.323942184448242,98600,0.0,0.0
2022-10-11 00:00:00-04:00,4.306147721894951,4.33283848175418,4.190486631193018,4.217177391052246,54400,0.0,0.0
2022-10-12 00:00:00-04:00,4.226074921829515,4.252766108002292,4.119311025622431,4.199383735656738,84700,0.0,0.0
2022-10-13 00:00:00-04:00,4.1104140062956835,4.368426979142684,4.030341292674152,4.332839012145996,191200,0.0,0.0
2022-10-14 00:00:00-04:00,4.40401492815911,4.421808911584806,4.243869077327843,4.270560264587402,97600,0.0,0.0
2022-10-17 00:00:00-04:00,4.315044604330069,4.519675606559758,4.315044604330069,4.44849967956543,115600,0.0,0.0
2022-10-18 00:00:00-04:00,4.5641605362584965,4.5641605362584965,4.33283836128619,4.368426322937012,86400,0.0,0.0
2022-10-19 00:00:00-04:00,4.439602913136059,4.439602913136059,4.270560282022808,4.332839012145996,109900,0.0,0.0
2022-10-20 00:00:00-04:00,4.332838663023353,4.448499758564099,4.261662734765047,4.28835391998291,75700,0.0,0.0
2022-10-21 00:00:00-04:00,4.306148044509804,4.439602702288273,4.181589741694951,4.42180871963501,97300,0.0,0.0
2022-10-24 00:00:00-04:00,4.448499856852718,4.448499856852718,4.323941979648603,4.412911891937256,73100,0.0,0.0
2022-10-25 00:00:00-04:00,4.439602619058863,4.715409981376887,4.439602619058863,4.688718795776367,116400,0.0,0.0
2022-10-26 00:00:00-04:00,4.662028295389896,4.813277379458404,4.662028295389896,4.768792629241943,110500,0.0,0.0
2022-10-27 00:00:00-04:00,4.804379812426509,4.920040907686283,4.750997866362458,4.848864555358887,109500,0.0,0.0
2022-10-28 00:00:00-04:00,4.848864777108307,4.973423081196084,4.786586049306434,4.928937911987305,104600,0.0,0.0
2022-10-31 00:00:00-04:00,4.9200407547086344,4.9200407547086344,4.786585681576996,4.831070423126221,141700,0.0,0.0
2022-11-01 00:00:00-04:00,4.831070350169892,4.928937458887419,4.795482387771151,4.875555515289307,136600,0.0,0.0
2022-11-02 00:00:00-04:00,4.875556556937192,4.893350541938194,4.653131532303638,4.6620283126831055,126400,0.0,0.0
2022-11-03 00:00:00-04:00,4.644233740343305,4.644233740343305,4.439602726589668,4.475191116333008,145500,0.0,0.0
2022-11-04 00:00:00-04:00,4.635337223061613,4.706513158086875,4.003650163349352,4.226075172424316,289600,0.0,0.0
2022-11-07 00:00:00-05:00,4.208280996294817,4.51967590991656,4.208280996294817,4.484087944030762,205600,0.0,0.0
2022-11-08 00:00:00-05:00,4.484087273276721,4.68871825863126,4.448499312714363,4.573057174682617,161600,0.0,0.0
2022-11-09 00:00:00-05:00,4.537469835597415,4.68871890082433,4.492985090922565,4.590851783752441,353500,0.0,0.0
2022-11-10 00:00:00-05:00,4.706513000211666,5.05349588394165,4.706513000211666,5.05349588394165,275400,0.0,0.0
2022-11-11 00:00:00-05:00,5.053495865087712,5.053495865087712,4.884452813582751,4.991217136383057,170800,0.0,0.0
2022-11-14 00:00:00-05:00,5.0179080087368675,5.089083942667003,4.875556140876597,4.893350124359131,363000,0.0,0.0
2022-11-15 00:00:00-05:00,4.991216294032948,5.1246713568290705,4.955628333852909,5.115774154663086,173900,0.0,0.0
2022-11-16 00:00:00-05:00,5.106877814366855,5.151362984220484,4.9734231532900095,4.991217136383057,87300,0.0,0.0
2022-11-17 00:00:00-05:00,4.937835039031484,5.062392916947659,4.86665868455166,4.973423004150391,106000,0.0,0.0
2022-11-18 00:00:00-05:00,5.080186257249639,5.151362178489109,4.946731192804656,4.955628395080566,162800,0.0,0.0
2022-11-21 00:00:00-05:00,4.982319786421251,5.017907751562388,4.866658687591553,4.866658687591553,135800,0.0,0.0
2022-11-22 00:00:00-05:00,4.813276977486527,4.8933501151278875,4.715410280638231,4.724307060241699,165500,0.0,0.0
2022-11-23 00:00:00-05:00,4.724306608789448,4.750997793533315,4.590851533554087,4.670924663543701,207200,0.0,0.0
2022-11-25 00:00:00-05:00,4.670925499978427,4.8399685689819325,4.617543545173436,4.768792629241943,44900,0.0,0.0
2022-11-28 00:00:00-05:00,4.768791975045026,4.839967905020892,4.742100789183074,4.804379940032959,114500,0.0,0.0
2022-11-29 00:00:00-05:00,4.804379426835085,4.804379426835085,4.626439196660771,4.635336399078369,118300,0.0,0.0
2022-11-30 00:00:00-05:00,4.670925499978427,4.77768940958841,4.555264385779913,4.768792629241943,125400,0.0,0.0
2022-12-01 00:00:00-05:00,4.795482635498047,4.875555767152652,4.733203910204018,4.795482635498047,84200,0.0,0.0
2022-12-02 00:00:00-05:00,4.750666132325762,4.768593156592826,4.643103559309402,4.696884632110596,89800,0.04,0.0
2022-12-05 00:00:00-05:00,4.661030583576467,4.795483479286436,4.661030583576467,4.696884632110596,138300,0.0,0.0
2022-12-06 00:00:00-05:00,4.723774613069731,4.723774613069731,4.607248760600144,4.687920570373535,164700,0.0,0.0
2022-12-07 00:00:00-05:00,4.687920785910478,4.732738555048264,4.589321950255702,4.598285675048828,118100,0.0,0.0
2022-12-08 00:00:00-05:00,4.616213023126382,4.705848140316282,4.526577905936481,4.553468227386475,105900,0.0,0.0
2022-12-09 00:00:00-05:00,4.553468259878038,4.634140079631564,4.4190153694268135,4.472796440124512,208900,0.0,0.0
2022-12-12 00:00:00-05:00,4.481758992602071,4.481758992602071,4.284561784989671,4.302488803863525,201400,0.0,0.0
2022-12-13 00:00:00-05:00,4.392125047784942,4.517614212746238,4.320416953521344,4.472796440124512,551000,0.0,0.0
2022-12-14 00:00:00-05:00,4.490723122842879,4.634139286834802,4.41005131689048,4.463832378387451,249000,0.0,0.0
2022-12-15 00:00:00-05:00,4.419015105331624,4.4459058527803705,4.123219020465072,4.150109767913818,145200,0.0,0.0
2022-12-16 00:00:00-05:00,4.087365335839328,4.105292359914388,3.9439491432388505,4.051511287689209,305100,0.0,0.0
2022-12-19 00:00:00-05:00,4.0604746909210165,4.0604746909210165,3.8812040369954426,3.8991310596466064,115300,0.0,0.0
2022-12-20 00:00:00-05:00,3.89913065217755,3.93498469373304,3.7198604444001027,3.8184592723846436,980500,0.0,0.0
2022-12-21 00:00:00-05:00,3.9170580892977456,4.1142557662268855,3.8901677689799126,3.9260218143463135,754100,0.0,0.0
2022-12-22 00:00:00-05:00,3.890166961039056,3.988765351611992,3.8543129231191076,3.9170572757720947,214400,0.0,0.0
2022-12-23 00:00:00-05:00,3.8991307376165927,4.13218244024787,3.8901674407382583,4.087364673614502,355400,0.0,0.0
2022-12-27 00:00:00-05:00,4.132183030920993,4.194927400279997,4.087365257881167,4.159073352813721,209100,0.0,0.0
2022-12-28 00:00:00-05:00,4.177000153055125,4.212854198603019,3.8991310863519746,4.0156569480896,385400,0.0,0.0
2022-12-29 00:00:00-05:00,4.0694374473371235,4.194926589206223,4.042547130643541,4.176999568939209,132900,0.0,0.0
2022-12-30 00:00:00-05:00,4.123218536376953,4.15010928066858,4.042547158329832,4.123218536376953,116700,0.0,0.0
2023-01-03 00:00:00-05:00,4.177000235570695,4.194927258698787,4.033584050545968,4.168036937713623,234500,0.0,0.0
2023-01-04 00:00:00-05:00,4.212853581354106,4.293525385724156,4.17699954105939,4.230780601501465,338800,0.0,0.0
2023-01-05 00:00:00-05:00,4.212853581354106,4.293525385724156,4.168036244692647,4.230780601501465,150900,0.0,0.0
2023-01-06 00:00:00-05:00,4.2487077614262345,4.419014672135971,4.17699967847769,4.3562703132629395,147700,0.0,0.0
2023-01-09 00:00:00-05:00,4.392124192813368,4.419014509220766,4.24870760478971,4.311452388763428,175000,0.0,0.0
2023-01-10 00:00:00-05:00,4.284562055979186,4.427978216040792,4.284562055979186,4.392124176025391,82400,0.0,0.0
2023-01-11 00:00:00-05:00,4.392125047784942,4.544504961802066,4.392125047784942,4.472796440124512,353500,0.0,0.0
2023-01-12 00:00:00-05:00,4.499686334936435,4.643102496236759,4.463832294611354,4.625175476074219,99700,0.0,0.0
2023-01-13 00:00:00-05:00,4.553467221959021,4.696883377795886,4.553467221959021,4.66102933883667,143900,0.0,0.0
2023-01-17 00:00:00-05:00,4.678956195452879,4.768591717144777,4.661029176597268,4.723773956298828,99600,0.0,0.0
2023-01-18 00:00:00-05:00,4.7506647476966455,4.804445804822808,4.616211891174316,4.616211891174316,227500,0.0,0.0
2023-01-19 00:00:00-05:00,4.616212548438088,4.661029888717463,4.562431483654491,4.580358505249023,143000,0.0,0.0
2023-01-20 00:00:00-05:00,4.616212029771492,4.661029365015299,4.571394267113824,4.607248306274414,120500,0.0,0.0
2023-01-23 00:00:00-05:00,4.598285142753541,4.750665027285885,4.580358122656435,4.705847263336182,153900,0.0,0.0
2023-01-24 00:00:00-05:00,4.687920108092672,4.795482225574442,4.589321286694119,4.607248306274414,105700,0.0,0.0
2023-01-25 00:00:00-05:00,4.571394415586597,4.652066220024968,4.445905274448813,4.625175476074219,156800,0.0,0.0
2023-01-26 00:00:00-05:00,4.616212338239053,4.687920421351957,4.616212338239053,4.6699934005737305,109500,0.0,0.0
2023-01-27 00:00:00-05:00,4.634139023324187,4.750664863648568,4.634139023324187,4.66102933883667,92800,0.0,0.0
2023-01-30 00:00:00-05:00,4.669993798630487,4.669993798630487,4.499686873013926,4.544504642486572,138500,0.0,0.0
2023-01-31 00:00:00-05:00,4.52657811528047,4.723775382218179,4.52657811528047,4.696884632110596,121400,0.0,0.0
2023-02-01 00:00:00-05:00,4.687920362924275,4.858227271901755,4.661029618385142,4.777555465698242,170700,0.0,0.0
2023-02-02 00:00:00-05:00,4.795482527184427,5.055424541154585,4.795482527184427,5.037497520446777,307100,0.0,0.0
2023-02-03 00:00:00-05:00,4.983716036051646,5.001643055240493,4.858226901729722,4.929934978485107,104300,0.0,0.0
2023-02-06 00:00:00-05:00,4.912008714316984,4.912008714316984,4.696884023570341,4.732738494873047,163000,0.0,0.0
2023-02-07 00:00:00-05:00,4.696883496291484,4.8403000831604,4.696883496291484,4.8403000831604,79700,0.0,0.0
2023-02-08 00:00:00-05:00,4.768592538761834,4.867190945749041,4.705847748249497,4.732738494873047,101500,0.0,0.0
2023-02-09 00:00:00-05:00,4.741701424588655,4.849263547917416,4.741701424588655,4.777555465698242,135200,0.0,0.0
2023-02-10 00:00:00-05:00,4.7596280824841415,4.9657890168628,4.7596280824841415,4.929934978485107,238700,0.0,0.0
2023-02-13 00:00:00-05:00,4.9837173346368235,5.037498406216859,4.7237752749596735,4.912009239196777,180500,0.0,0.0
2023-02-14 00:00:00-05:00,4.912008162887924,4.929935182819804,4.768592003432877,4.8403000831604,165800,0.0,0.0
2023-02-15 00:00:00-05:00,4.777555584064526,4.885117710058191,4.777555584064526,4.849263668060303,57300,0.0,0.0
2023-02-16 00:00:00-05:00,4.795482635498047,4.903044762174356,4.795482635498047,4.795482635498047,116800,0.0,0.0
2023-02-17 00:00:00-05:00,4.822373685308476,4.867191027212622,4.777555915990405,4.858227729797363,123500,0.0,0.0
2023-02-21 00:00:00-05:00,4.795482222590279,4.840299985220058,4.661029362114805,4.714810848236084,89700,0.0,0.0
2023-02-22 00:00:00-05:00,4.723774556487331,4.750665301894325,4.499686578613332,4.508650302886963,172000,0.0,0.0
2023-02-23 00:00:00-05:00,4.544504608531838,4.625175994600362,4.481759817221722,4.598285675048828,206700,0.0,0.0
2023-02-24 00:00:00-05:00,4.535540883738712,4.616212697221158,4.490723542014848,4.598285675048828,148100,0.0,0.0
2023-02-27 00:00:00-05:00,4.634139046468027,4.7327378678052225,4.634139046468027,4.714810848236084,79800,0.0,0.0
2023-02-28 00:00:00-05:00,4.687919918587606,4.8044457548559985,4.687919918587606,4.723773956298828,139800,0.0,0.0
2023-03-01 00:00:00-05:00,4.723774770193891,4.768592538761834,4.661029979681554,4.732738494873047,94700,0.0,0.0
2023-03-02 00:00:00-05:00,4.678956638939936,4.795482486253036,4.678956638939936,4.777555465698242,104500,0.0,0.0
2023-03-03 00:00:00-05:00,4.777555614385329,4.8582274230995095,4.759628593272611,4.795482635498047,92500,0.0,0.0
2023-03-06 00:00:00-05:00,4.804445919740038,4.804445919740038,4.750664861327491,4.76859188079834,205000,0.0,0.0
2023-03-07 00:00:00-05:00,4.8582283932573365,4.894082442642602,4.777556568433496,4.82237434387207,105600,0.0,0.0
2023-03-08 00:00:00-05:00,4.822374007563194,4.867191352462256,4.777556235250179,4.81341028213501,137500,0.0,0.0
2023-03-09 00:00:00-05:00,4.822372939210887,4.840299958681737,4.750664861327491,4.76859188079834,123600,0.0,0.0
2023-03-10 00:00:00-05:00,4.840300397525016,4.840300397525016,4.44590550599487,4.481759548187256,192900,0.0,0.0
2023-03-13 00:00:00-04:00,4.39212490361066,4.499687041475262,4.275599040550371,4.454869270324707,109100,0.0,0.0
2023-03-14 00:00:00-04:00,4.571395133384996,4.571395133384996,4.3741978806332265,4.454869270324707,237100,0.0,0.0
2023-03-15 00:00:00-04:00,4.338343116002289,4.410051196033091,4.2755983322684,4.392124176025391,372700,0.0,0.0
2023-03-16 00:00:00-04:00,4.31145205255074,4.445904906344539,4.230780254791692,4.410050868988037,112700,0.0,0.0
2023-03-17 00:00:00-04:00,4.364867067303644,4.364867067303644,4.175090200819367,4.2022013664245605,251900,0.04,0.0
2023-03-20 00:00:00-04:00,4.2022008183499056,4.25642271157101,4.157015691873668,4.184126853942871,129900,0.0,0.0
2023-03-21 00:00:00-04:00,4.2383496353746795,4.437163285516487,4.220275667179969,4.419089317321777,116600,0.0,0.0
2023-03-22 00:00:00-04:00,4.401013995907669,4.428125155322317,4.220274369534211,4.265459060668945,121000,0.0,0.0
2023-03-23 00:00:00-04:00,4.301608139129835,4.419088700539729,4.220275078146781,4.382940769195557,91800,0.0,0.0
2023-03-24 00:00:00-04:00,4.33775594734679,4.5094584008991685,4.328718749308602,4.473310470581055,114500,0.0,0.0
2023-03-27 00:00:00-04:00,4.52753264859247,4.563680577725889,4.419088430274906,4.54560661315918,113300,0.0,0.0
2023-03-28 00:00:00-04:00,4.527533036328236,4.626939634499619,4.518495837812287,4.590791702270508,147800,0.0,0.0
2023-03-29 00:00:00-04:00,4.6630871673841385,4.6630871673841385,4.500421486283752,4.54560661315918,128000,0.0,0.0
2023-03-30 00:00:00-04:00,4.545606315650281,4.599828205801599,4.518495155115983,4.536569118499756,82400,0.0,0.0
2023-03-31 00:00:00-04:00,4.545606352662796,4.617902206786555,4.545606352662796,4.599828243255615,115000,0.0,0.0
2023-04-03 00:00:00-04:00,4.599827542473483,4.663086189735699,4.563679620918727,4.6088643074035645,63700,0.0,0.0
2023-04-04 00:00:00-04:00,4.626938861423604,4.626938861423604,4.500421119760494,4.518495082855225,67200,0.0,0.0
2023-04-05 00:00:00-04:00,4.491384218031417,4.563680506080581,4.455236289465485,4.527532577514648,98000,0.0,0.0
2023-04-06 00:00:00-04:00,4.518495837812287,4.617902866901012,4.4913846731817815,4.590791702270508,66100,0.0,0.0
2023-04-10 00:00:00-04:00,4.554643118969626,4.6269389730933845,4.536569155438686,4.599828243255615,103900,0.0,0.0
2023-04-11 00:00:00-04:00,4.590790346626187,4.762493189469886,4.5817535816961055,4.6088643074035645,134100,0.0,0.0
2023-04-12 00:00:00-04:00,4.654049574831243,4.744419381631249,4.608864455972625,4.645012378692627,58200,0.0,0.0
2023-04-13 00:00:00-04:00,4.6811606749390435,4.7444197602053295,4.654049946194395,4.672123908996582,59400,0.0,0.0
2023-04-14 00:00:00-04:00,4.663086900155264,4.717308790748083,4.563680316193736,4.599828243255615,83800,0.0,0.0
2023-04-17 00:00:00-04:00,4.608865152946188,4.645013081132644,4.545606494078536,4.635976314544678,94400,0.0,0.0
2023-04-18 00:00:00-04:00,4.672124437892945,4.672124437892945,4.536569486072746,4.563680648803711,98100,0.0,0.0
2023-04-19 00:00:00-04:00,4.491384288541744,4.599828506859309,4.491384288541744,4.54560661315918,89400,0.0,0.0
2023-04-20 00:00:00-04:00,4.518495082855225,4.563680206050685,4.464273193571034,4.518495082855225,91800,0.0,0.0
2023-04-21 00:00:00-04:00,4.5184954508504624,4.563680577725889,4.482347521717043,4.54560661315918,131800,0.0,0.0
2023-04-24 00:00:00-04:00,4.545605946268549,4.5727166736825176,4.410051016446981,4.4461989402771,89100,0.0,0.0
2023-04-25 00:00:00-04:00,4.391977857443136,4.473310485470955,4.382940659374865,4.4100518226623535,55900,0.0,0.0
2023-04-26 00:00:00-04:00,4.391977773339289,4.491384364682747,4.391977773339289,4.455236434936523,89400,0.0,0.0
2023-04-27 00:00:00-04:00,4.4823477389629,4.491384506225586,4.410051877192099,4.491384506225586,126200,0.0,0.0
2023-04-28 00:00:00-04:00,4.500421228376807,4.645012936624324,4.500421228376807,4.599828243255615,86100,0.0,0.0
2023-05-01 00:00:00-04:00,4.599828386358221,4.672124242731135,4.599828386358221,4.635976314544678,68700,0.0,0.0
2023-05-02 00:00:00-04:00,4.617902315134973,4.626939081653829,4.491384136532656,4.572717189788818,75800,0.0,0.0
2023-05-03 00:00:00-04:00,4.590791702270508,4.7444206297029,4.581754934671902,4.590791702270508,131100,0.0,0.0
2023-05-04 00:00:00-04:00,4.572717637363029,4.5998288014078,4.509458541870117,4.509458541870117,115800,0.0,0.0
2023-05-05 00:00:00-04:00,4.5546430090446846,4.5907909352341445,4.482347156665765,4.518495082855225,96800,0.0,0.0
2023-05-08 00:00:00-04:00,4.509457885849224,4.527532279861225,4.473309959659764,4.518495082855225,176000,0.0,0.0
2023-05-09 00:00:00-04:00,4.446199190560544,4.708271868540007,4.446199190560544,4.626938819885254,117100,0.0,0.0
2023-05-10 00:00:00-04:00,4.654050877168991,4.789605840759806,4.654050877168991,4.7353835105896,102200,0.0,0.0
2023-05-11 00:00:00-04:00,4.717308790748083,4.717308790748083,4.545606352662796,4.599828243255615,128200,0.0,0.0
2023-05-12 00:00:00-04:00,4.608864856952783,4.771530954262289,4.590790894020312,4.626938819885254,65100,0.0,0.0
2023-05-15 00:00:00-04:00,4.663086784558144,4.726345870806892,4.617902092309556,4.690197944641113,94100,0.0,0.0
2023-05-16 00:00:00-04:00,4.69923463774123,4.7444197602053295,4.663086712136857,4.672123908996582,55000,0.0,0.0
2023-05-17 00:00:00-04:00,4.699235289722125,4.771531581878662,4.6450133937927145,4.771531581878662,142600,0.0,0.0
2023-05-18 00:00:00-04:00,4.771531636082515,4.9251601275023775,4.74442047235117,4.8528642654418945,122300,0.0,0.0
2023-05-19 00:00:00-04:00,4.879975726718458,4.943234394419767,4.8347905947169325,4.861901760101318,94500,0.0,0.0
2023-05-22 00:00:00-04:00,4.8619014636581195,4.898049394688361,4.816716334411653,4.8528642654418945,180800,0.0,0.0
2023-05-23 00:00:00-04:00,4.834789649304228,4.889011538552896,4.608864895309476,4.690197944641113,151500,0.0,0.0
2023-05-24 00:00:00-04:00,4.672123385582996,4.672123385582996,4.572716385848808,4.6088643074035645,97300,0.0,0.0
2023-05-25 00:00:00-04:00,4.599828649575723,4.626939381808285,4.53656955617088,4.581754684448242,104500,0.0,0.0
2023-05-26 00:00:00-04:00,4.563680458171764,4.654050278637906,4.554643260666503,4.635976314544678,80900,0.0,0.0
2023-05-30 00:00:00-04:00,4.654050799130124,4.69923549895784,4.581754934671902,4.590791702270508,67400,0.0,0.0
2023-05-31 00:00:00-04:00,4.590790346626187,4.663086189735699,4.590790346626187,4.6088643074035645,67300,0.0,0.0
2023-06-01 00:00:00-04:00,4.626939081653829,4.635976279089976,4.536569261878811,4.572717189788818,115700,0.0,0.0
2023-06-02 00:00:00-04:00,4.590790712323442,4.789604727629119,4.590790712323442,4.699234485626221,171900,0.0,0.0
2023-06-05 00:00:00-04:00,4.699234564191682,4.699234564191682,4.626938714114465,4.654049873352051,152100,0.0,0.0
2023-06-06 00:00:00-04:00,4.640375436559165,4.758891567603165,4.640375436559165,4.740658283233643,79200,0.045,0.0
2023-06-07 00:00:00-04:00,4.7406576666957765,4.877407499040329,4.7406576666957765,4.822707653045654,218000,0.0,0.0
2023-06-08 00:00:00-04:00,4.822708114369801,4.831824973598868,4.7133084119156425,4.804474830627441,139300,0.0,0.0
2023-06-09 00:00:00-04:00,4.758891072083072,4.813591354211755,4.722424507141113,4.722424507141113,65400,0.0,0.0
2023-06-12 00:00:00-04:00,4.713308334350586,4.740658042156155,4.676841767465982,4.713308334350586,78500,0.0,0.0
2023-06-13 00:00:00-04:00,4.722424384697551,4.850057793400858,4.722424384697551,4.822707653045654,122100,0.0,0.0
2023-06-14 00:00:00-04:00,4.831825004566463,4.950341132293495,4.804474861419747,4.840941429138184,174700,0.0,0.0
2023-06-15 00:00:00-04:00,4.8135915126238205,4.877407786014527,4.768008087588379,4.850058078765869,168000,0.0,0.0
2023-06-16 00:00:00-04:00,4.886524838717559,5.351473792827397,4.868291554923365,5.333240509033203,721200,0.0,0.0
2023-06-20 00:00:00-04:00,5.287657374564609,5.287657374564609,5.105324106815209,5.169140815734863,197800,0.0,0.0
2023-06-21 00:00:00-04:00,5.16002446101163,5.260307746338641,5.123557890841044,5.205607891082764,175500,0.0,0.0
2023-06-22 00:00:00-04:00,5.005041522954708,5.21472452727817,4.932108379662343,5.196491241455078,318600,0.0,0.0
2023-06-23 00:00:00-04:00,5.169140767367012,5.178257191575509,5.02327450230498,5.11444091796875,514100,0.0,0.0
2023-06-26 00:00:00-04:00,4.768008119685468,4.804474686073001,4.55832514559927,4.640375137329102,290300,0.0,0.0
2023-06-27 00:00:00-04:00,4.649491577598276,4.722424710624796,4.603908586814582,4.658608436584473,212300,0.0,0.0
2023-06-28 00:00:00-04:00,4.658608545589232,4.795358390571589,4.658608545589232,4.78624153137207,121700,0.0,0.0
2023-06-29 00:00:00-04:00,4.777123814366186,4.895640354383804,4.768007391519436,4.877407073974609,93600,0.0,0.0
2023-06-30 00:00:00-04:00,4.886524200439453,4.932107186612998,4.868290919026891,4.886524200439453,114000,0.0,0.0
2023-07-03 00:00:00-04:00,4.886525351147993,4.904758636854239,4.758891916488449,4.859175205230713,96200,0.0,0.0
2023-07-05 00:00:00-04:00,4.850058696724353,4.850058696724353,4.740658549643491,4.749775409698486,92000,0.0,0.0
2023-07-06 00:00:00-04:00,4.786241726486743,4.859174864192966,4.749775157633631,4.758891582489014,135000,0.0,0.0
2023-07-07 00:00:00-04:00,4.76800780705098,4.859174217042104,4.7406576666957765,4.822707653045654,201300,0.0,0.0
2023-07-10 00:00:00-04:00,4.576558551656663,4.813591674254851,4.567442127172918,4.78624153137207,210100,0.0,0.0
2023-07-11 00:00:00-04:00,4.786241577560528,4.8682915722849005,4.77712471827303,4.840941429138184,90900,0.0,0.0
2023-07-12 00:00:00-04:00,4.913874626159668,4.959458053736891,4.868291633298227,4.913874626159668,108000,0.0,0.0
2023-07-13 00:00:00-04:00,4.904758201473693,4.968574478422866,4.886524917385961,4.913874626159668,94500,0.0,0.0
2023-07-14 00:00:00-04:00,4.886523931537055,4.90475721194625,4.840940513156218,4.877407073974609,95800,0.0,0.0
2023-07-17 00:00:00-04:00,4.576557729865035,4.913873634793,4.576557729865035,4.877407073974609,198100,0.0,0.0
2023-07-18 00:00:00-04:00,4.877407912417815,4.995924472808838,4.86829148800392,4.995924472808838,144500,0.0,0.0
2023-07-19 00:00:00-04:00,4.9868085160539515,5.0050418028968675,4.886525655775838,4.92299222946167,83700,0.0,0.0
2023-07-20 00:00:00-04:00,4.895641280715839,4.932107848434277,4.831825004566463,4.840941429138184,138100,0.0,0.0
2023-07-21 00:00:00-04:00,4.877407835664032,4.877407835664032,4.649491577598276,4.658608436584473,93600,0.0,0.0
2023-07-24 00:00:00-04:00,4.55832476358662,4.758890861909513,4.540091481920903,4.731541156768799,165500,0.0,0.0
2023-07-25 00:00:00-04:00,4.713308588780519,4.795358586057916,4.713308588780519,4.758891582489014,78700,0.0,0.0
2023-07-26 00:00:00-04:00,4.749774979400362,4.831824973598868,4.749774979400362,4.804474830627441,78100,0.0,0.0
2023-07-27 00:00:00-04:00,4.8135922442653305,4.8135922442653305,4.585675953877529,4.613025665283203,218500,0.0,0.0
2023-07-28 00:00:00-04:00,4.63125832590421,4.704191459427777,4.63125832590421,4.695075035095215,107900,0.0,0.0
2023-07-31 00:00:00-04:00,4.558325192380642,4.72242474280867,4.549208333332313,4.695075035095215,235100,0.0,0.0
2023-08-01 00:00:00-04:00,4.704192161560059,4.749775594173805,4.667725589355394,4.704192161560059,61300,0.0,0.0
2023-08-02 00:00:00-04:00,4.640375585565534,4.649492010685137,4.549208726074689,4.603909015655518,101300,0.0,0.0
2023-08-03 00:00:00-04:00,4.594791850232416,4.8135916898565085,4.594791850232416,4.804474830627441,225900,0.0,0.0
2023-08-04 00:00:00-04:00,4.6950757358668085,4.868292171196881,4.63125901715073,4.704192161560059,126700,0.0,0.0
2023-08-07 00:00:00-04:00,4.55832514559927,4.740657977536937,4.5492082866445065,4.640375137329102,225700,0.0,0.0
2023-08-08 00:00:00-04:00,4.585674903443059,4.740657580243795,4.585674903443059,4.731541156768799,151300,0.0,0.0
2023-08-09 00:00:00-04:00,4.75889138848929,4.795358390571589,4.676841829272495,4.78624153137207,76100,0.0,0.0
2023-08-10 00:00:00-04:00,4.795358390571589,4.8227080987385955,4.749774964005545,4.78624153137207,181900,0.0,0.0
2023-08-11 00:00:00-04:00,4.749774284121379,4.804474127341415,4.749774284121379,4.795357704162598,105200,0.0,0.0
2023-08-14 00:00:00-04:00,4.576558981095922,4.77712512043184,4.576558981095922,4.749775409698486,146400,0.0,0.0
2023-08-15 00:00:00-04:00,4.749775594173805,4.795359026787552,4.704192161560059,4.704192161560059,81000,0.0,0.0
2023-08-16 00:00:00-04:00,4.695074920868676,4.731541486743264,4.567441940307617,4.567441940307617,68800,0.0,0.0
2023-08-17 00:00:00-04:00,4.567442118650175,4.631258394064628,4.50362540851995,4.5218586921691895,108500,0.0,0.0
2023-08-18 00:00:00-04:00,4.503625587952184,4.5400921567035555,4.4580421596550766,4.476275444030762,78600,0.0,0.0
2023-08-21 00:00:00-04:00,4.5127422104952615,4.5127422104952615,4.321292498804839,4.39422607421875,205500,0.0,0.0
2023-08-22 00:00:00-04:00,4.421575620061878,4.530975327037429,4.412459195171812,4.512742042541504,114200,0.0,0.0
2023-08-23 00:00:00-04:00,4.512741720256973,4.649491561568103,4.494508437063207,4.640375137329102,148300,0.0,0.0
2023-08-24 00:00:00-04:00,4.622142685720769,4.667725684548298,4.530975818634033,4.530975818634033,54000,0.0,0.0
2023-08-25 00:00:00-04:00,4.540091975818429,4.558325259467669,4.46715884122147,4.5218586921691895,75400,0.0,0.0
2023-08-28 00:00:00-04:00,4.521859392754863,4.558325965703222,4.476275959211495,4.530975818634033,118600,0.0,0.0
2023-08-29 00:00:00-04:00,4.540091549226107,4.603908253360039,4.512741408964212,4.5765581130981445,288200,0.0,0.0
2023-08-30 00:00:00-04:00,4.567442210996698,4.640375347068251,4.567442210996698,4.631258487701416,128700,0.0,0.0
2023-08-31 00:00:00-04:00,4.63125857701651,4.886524992905609,4.63125857701651,4.740658283233643,275600,0.0,0.0
2023-09-01 00:00:00-04:00,4.768008119685468,4.804474686073001,4.622141854135335,4.640375137329102,126900,0.0,0.0
2023-09-05 00:00:00-04:00,4.598984279178925,4.598984279178925,4.488608761741027,4.562192440032959,195300,0.045,0.0
2023-09-06 00:00:00-04:00,4.571390180522791,4.571390180522791,4.497806502230859,4.562192440032959,155000,0.0,0.0
2023-09-07 00:00:00-04:00,4.56219252648498,4.571390267149106,4.461014747619629,4.461014747619629,227600,0.0,0.0
2023-09-08 00:00:00-04:00,4.470212483872771,4.507004320069808,4.415024729577217,4.424222469329834,57900,0.0,0.0
2023-09-11 00:00:00-04:00,4.442618934750112,4.461014855114971,4.369035253290677,4.378233432769775,82200,0.0,0.0
2023-09-12 00:00:00-04:00,4.378233483123251,4.396629403699679,4.313847541809082,4.313847541809082,82300,0.0,0.0
2023-09-13 00:00:00-04:00,4.369035334764872,4.369035334764872,4.249461630866799,4.267857551574707,97100,0.0,0.0
2023-09-14 00:00:00-04:00,4.304649372923175,4.313847552530922,4.258659790664472,4.286253452301025,141900,0.0,0.0
2023-09-15 00:00:00-04:00,4.277055771622896,4.295451692504557,4.221868008977915,4.23106575012207,293000,0.0,0.0
2023-09-18 00:00:00-04:00,4.277054907281024,4.277054907281024,4.111491214211181,4.120689392089844,114500,0.0,0.0
2023-09-19 00:00:00-04:00,4.120689813963672,4.194273490153385,4.083897975868816,4.175877571105957,126900,0.0,0.0
2023-09-20 00:00:00-04:00,4.185075786975681,4.2678572041252965,4.129887590751524,4.13908576965332,85500,0.0,0.0
2023-09-21 00:00:00-04:00,4.093095319118731,4.120689414310258,4.0379075673289435,4.074699401855469,99900,0.0,0.0
2023-09-22 00:00:00-04:00,4.028709871721638,4.102293541573368,4.010313954258705,4.04710578918457,103200,0.0,0.0
2023-09-25 00:00:00-04:00,4.028710758980487,4.111492186498329,4.019512578926634,4.102294445037842,73800,0.0,0.0
2023-09-26 00:00:00-04:00,4.1022939583816145,4.157481716377693,4.083898039049589,4.093095779418945,66800,0.0,0.0
2023-09-27 00:00:00-04:00,4.1022935476795634,4.111491287128087,4.010313960227991,4.019511699676514,67200,0.0,0.0
2023-09-28 00:00:00-04:00,4.019512695998466,4.037908618048602,3.964324929848057,3.9827208518981934,60700,0.0,0.0
2023-09-29 00:00:00-04:00,4.001115319281456,4.056303065367513,3.973521665535037,4.028709411621094,98300,0.0,0.0
2023-10-02 00:00:00-04:00,4.019512283088915,4.028710462465777,3.9091367621265647,3.9367308616638184,87700,0.0,0.0
2023-10-03 00:00:00-04:00,3.927532426233288,4.010314280854792,3.927532426233288,3.9551265239715576,96400,0.0,0.0
2023-10-04 00:00:00-04:00,3.9275325508651373,4.074699907223804,3.9275325508651373,4.065502166748047,75100,0.0,0.0
2023-10-05 00:00:00-04:00,4.065502092812191,4.148283948555116,4.001116156279547,4.13908576965332,111800,0.0,0.0
2023-10-06 00:00:00-04:00,4.120689859066309,4.157481697563867,4.074699841647706,4.111491680145264,66200,0.0,0.0
2023-10-09 00:00:00-04:00,4.083898039049589,4.1390857970456665,4.083898039049589,4.093095779418945,52000,0.0,0.0
2023-10-10 00:00:00-04:00,4.093095297047117,4.175877143582038,4.093095297047117,4.120689392089844,69500,0.0,0.0
2023-10-11 00:00:00-04:00,4.120689925382547,4.157481764472214,4.056303987678971,4.065502166748047,52300,0.0,0.0
2023-10-12 00:00:00-04:00,4.06550225328151,4.06550225328151,3.94592855439833,3.964324474334717,47600,0.0,0.0
2023-10-13 00:00:00-04:00,4.001116413451905,4.001116413451905,3.853949050310442,3.872344970703125,109000,0.0,0.0
2023-10-16 00:00:00-04:00,3.909137163697649,4.028710876320223,3.8815430613257558,3.9827208518981934,46500,0.0,0.0
2023-10-17 00:00:00-04:00,3.973522663116455,4.0379081637513545,3.9643244838295675,3.973522663116455,56700,0.0,0.0
2023-10-18 00:00:00-04:00,3.945928380465066,3.945928380465066,3.8631465251036157,3.881542444229126,47100,0.0,0.0
2023-10-19 00:00:00-04:00,3.872344970703125,3.9735227521595498,3.8631467912101143,3.872344970703125,51600,0.0,0.0
2023-10-20 00:00:00-04:00,3.8907406603270926,3.9275324989302507,3.8263547234749105,3.8447506427764893,73300,0.0,0.0
2023-10-23 00:00:00-04:00,3.844750941204502,3.872345041595369,3.7711672582866504,3.7895631790161133,46100,0.0,0.0
2023-10-24 00:00:00-04:00,3.82635432599572,3.82635432599572,3.7343747390426048,3.780364751815796,50900,0.0,0.0
2023-10-25 00:00:00-04:00,3.761969627979501,3.761969627979501,3.688385942895179,3.7067818641662598,42900,0.0,0.0
2023-10-26 00:00:00-04:00,3.715979496098262,3.807959099745576,3.715979496098262,3.7895631790161133,66200,0.0,0.0
2023-10-27 00:00:00-04:00,3.7895628208996124,3.7895628208996124,3.651593428466851,3.6699893474578857,46000,0.0,0.0
2023-10-30 00:00:00-04:00,3.6791877629629592,3.72517778543734,3.6515938810563386,3.7067818641662598,62800,0.0,0.0
2023-10-31 00:00:00-04:00,3.7159797930561873,3.7343757152557373,3.660792026457537,3.7343757152557373,71100,0.0,0.0
2023-11-01 00:00:00-04:00,3.715979328057288,3.7711670877500207,3.6791874882621327,3.7435734272003174,54700,0.0,0.0
2023-11-02 00:00:00-04:00,3.7711672582866504,3.8171572794069806,3.734375416827725,3.7895631790161133,53000,0.0,0.0
2023-11-03 00:00:00-04:00,3.807958935578762,3.9827203942711042,3.789563015642375,3.964324474334717,78600,0.0,0.0
2023-11-06 00:00:00-05:00,3.9459286522738566,3.9827204930592224,3.853949050310442,3.872344970703125,65900,0.0,0.0
2023-11-07 00:00:00-05:00,3.890740708217637,3.9091366277456485,3.7987611105775794,3.817157030105591,68300,0.0,0.0
2023-11-08 00:00:00-05:00,3.8171567567186777,3.863146332948248,3.761969002087221,3.8539485931396484,36300,0.0,0.0
2023-11-09 00:00:00-05:00,3.863146590692005,3.8907406891454164,3.8079588323784983,3.835552930831909,57500,0.0,0.0
2023-11-10 00:00:00-05:00,3.863146332948248,3.881542251158734,3.7803649202977065,3.8539485931396484,47100,0.0,0.0
2023-11-13 00:00:00-05:00,3.8263546868525955,3.9091365422140454,3.7711669294760646,3.881542444229126,59800,0.0,0.0
2023-11-14 00:00:00-05:00,3.9459283892088446,4.1390857597513735,3.9459283892088446,4.129887580871582,86900,0.0,0.0
2023-11-15 00:00:00-05:00,4.120689925382547,4.185075863086124,4.056303987678971,4.065502166748047,80400,0.0,0.0
2023-11-16 00:00:00-05:00,4.111490814363263,4.111490814363263,3.964323491362962,4.001115322113037,49400,0.0,0.0
2023-11-17 00:00:00-05:00,4.028709877718305,4.1022935476795634,3.9919180427376766,4.019511699676514,86600,0.0,0.0
2023-11-20 00:00:00-05:00,4.047106163920005,4.166679857797439,3.9919184064211835,4.129887580871582,60000,0.0,0.0
2023-11-21 00:00:00-05:00,4.047105822964892,4.129887232942413,4.001115809627057,4.010313987731934,53200,0.0,0.0
2023-11-22 00:00:00-05:00,4.01031424421721,4.0563038219031,3.9827201467310362,3.9919183254241943,29500,0.0,0.0
2023-11-24 00:00:00-05:00,4.019511699676514,4.074699452147457,4.001115782186199,4.019511699676514,20100,0.0,0.0
2023-11-27 00:00:00-05:00,4.028710876320223,4.065502720420495,3.9735231101698143,3.9827208518981934,34800,0.0,0.0
2023-11-28 00:00:00-05:00,3.9919185735359615,4.019512234143878,3.955126733663187,3.964324474334717,40800,0.0,0.0
2023-11-29 00:00:00-05:00,4.001116362928523,4.019512283088915,3.8999385827497024,3.9367308616638184,47100,0.0,0.0
2023-11-30 00:00:00-05:00,3.909136842182484,3.955126862821967,3.8171572394968583,3.82635498046875,74200,0.0,0.0
2023-12-01 00:00:00-05:00,3.8999380434397857,4.037907644860017,3.8171566334622646,4.010313987731934,71900,0.0,0.0
2023-12-04 00:00:00-05:00,4.024255147552306,4.200839147962688,3.9870796151677306,4.191545486450195,43200,0.045,0.0
2023-12-05 00:00:00-05:00,4.135781942802824,4.191545687217976,4.089312746679963,4.117194175720215,45400,0.0,0.0
2023-12-06 00:00:00-05:00,4.042842342090004,4.265895948025159,4.042842342090004,4.098605632781982,99100,0.0,0.0
2023-12-07 00:00:00-05:00,4.098605938175381,4.238014396876486,4.0707245123355245,4.21942663192749,106800,0.0,0.0
2023-12-08 00:00:00-05:00,4.172957398449289,4.303072208746626,4.154369631716429,4.2287211418151855,66200,0.0,0.0
2023-12-11 00:00:00-05:00,4.2008391506303076,4.228721021520096,4.061430682515973,4.089312553405762,72500,0.0,0.0
2023-12-12 00:00:00-05:00,4.107899765139118,4.107899765139118,3.9499035521464987,3.968491315841675,93800,0.0,0.0
2023-12-13 00:00:00-05:00,3.959197898296489,4.256602135651685,3.959197898296489,4.0707244873046875,377000,0.0,0.0
2023-12-14 00:00:00-05:00,4.172956997971364,4.293777691723474,4.080018173226386,4.21942663192749,134700,0.0,0.0
2023-12-15 00:00:00-05:00,4.2473085774126,4.451773995533203,4.210133046845217,4.41459846496582,200900,0.0,0.0
2023-12-18 00:00:00-05:00,4.423892869378061,4.479656169012997,4.377423231431958,4.4331865310668945,160900,0.0,0.0
2023-12-19 00:00:00-05:00,4.470361576653481,4.54471263472524,4.312365356667363,4.330953121185303,162300,0.0,0.0
2023-12-20 00:00:00-05:00,4.303071647999999,4.535418923466514,4.303071647999999,4.386716365814209,99600,0.0,0.0
2023-12-21 00:00:00-05:00,4.414598058447764,4.45177358559184,4.330952900789974,4.405303955078125,82600,0.0,0.0
2023-12-22 00:00:00-05:00,4.377422934398438,4.5168313956097625,4.377422934398438,4.41459846496582,89400,0.0,0.0
2023-12-26 00:00:00-05:00,4.423892521957326,4.600476068683365,4.423892521957326,4.57259464263916,77600,0.0,0.0
2023-12-27 00:00:00-05:00,4.591182531685287,4.628358062859476,4.470361833785527,4.507537364959717,77400,0.0,0.0
2023-12-28 00:00:00-05:00,4.507537040569561,4.5261248048189655,4.423892323030869,4.442480087280273,58700,0.0,0.0
2023-12-29 00:00:00-05:00,4.470361633369658,4.479655737330175,4.368128705640313,4.37742280960083,94100,0.0,0.0
2024-01-02 00:00:00-05:00,4.377423163586776,4.451774228614332,4.330953526360901,4.340247631072998,66300,0.0,0.0
2024-01-03 00:00:00-05:00,4.3123654566724685,4.358835090628595,4.2101329710366295,4.21942663192749,106700,0.0,0.0
2024-01-04 00:00:00-05:00,4.2287207359856245,4.265896265883616,4.182251102029499,4.21942663192749,61900,0.0,0.0
2024-01-05 00:00:00-05:00,4.1915448600877365,4.330952864113841,4.1915448600877365,4.256601810455322,122000,0.0,0.0
2024-01-08 00:00:00-05:00,4.27519015842974,4.3216597949038675,4.22872096512291,4.247308731079102,35900,0.0,0.0
2024-01-09 00:00:00-05:00,4.228720302700608,4.228720302700608,4.145075147416978,4.163662910461426,63800,0.0,0.0
2024-01-10 00:00:00-05:00,4.1636637585175755,4.200839292178395,4.117194119857893,4.172957420349121,62100,0.0,0.0
2024-01-11 00:00:00-05:00,4.172956570400036,4.172956570400036,4.089311858283633,4.163662910461426,63100,0.0,0.0
2024-01-12 00:00:00-05:00,4.219425850495827,4.228719952832707,4.172956225145809,4.200838088989258,59000,0.0,0.0
2024-01-16 00:00:00-05:00,4.200838733429151,4.200838733429151,4.070724382922661,4.080018043518066,49700,0.0,0.0
2024-01-17 00:00:00-05:00,4.042842492483798,4.080018020994714,4.005666963972882,4.033548831939697,34900,0.0,0.0
2024-01-18 00:00:00-05:00,4.070724979597354,4.145076047927791,4.014961678349525,4.117194175720215,63900,0.0,0.0
2024-01-19 00:00:00-05:00,4.145075192324171,4.154368852363467,4.033548612849218,4.1078996658325195,36400,0.0,0.0
2024-01-22 00:00:00-05:00,4.154369528230646,4.2566024642984015,4.154369528230646,4.2380146980285645,53500,0.0,0.0
2024-01-23 00:00:00-05:00,4.275189488728114,4.275189488728114,4.135781044311139,4.163662910461426,80700,0.0,0.0
2024-01-24 00:00:00-05:00,4.182251102029499,4.238014396876486,4.172956997971364,4.21942663192749,62300,0.0,0.0
2024-01-25 00:00:00-05:00,4.284483869576706,4.451773747821347,4.265896105327301,4.442480087280273,116300,0.0,0.0
2024-01-26 00:00:00-05:00,4.479656099583318,4.479656099583318,4.340247631072998,4.340247631072998,50800,0.0,0.0
2024-01-29 00:00:00-05:00,4.358835044847065,4.423892443068878,4.275189881871485,4.37742280960083,59400,0.0,0.0
2024-01-30 00:00:00-05:00,4.340246921494865,4.358834684712878,4.293777291866215,4.3123650550842285,32500,0.0,0.0
2024-01-31 00:00:00-05:00,4.303071401497303,4.303071401497303,4.09860556262599,4.1078996658325195,84000,0.0,0.0
2024-02-01 00:00:00-05:00,4.1264874665529145,4.2844836771608845,4.1264874665529145,4.256601810455322,89300,0.0,0.0
2024-02-02 00:00:00-05:00,4.256602286034346,4.256602286034346,4.126487927594602,4.154369354248047,76700,0.0,0.0
2024-02-05 00:00:00-05:00,4.117193628044943,4.182251025763705,4.033548908883409,4.126487731933594,68000,0.0,0.0
2024-02-06 00:00:00-05:00,4.126487557373777,4.238014140316171,4.126487557373777,4.14507532119751,95500,0.0,0.0
2024-02-07 00:00:00-05:00,4.154369709885433,4.191545687217976,4.098606408637606,4.117194175720215,53000,0.0,0.0
2024-02-08 00:00:00-05:00,4.1078999116388015,4.117193572234206,4.070724382922661,4.080018043518066,59800,0.0,0.0
2024-02-09 00:00:00-05:00,4.080018324917231,4.10790019496098,4.0521368980407715,4.0521368980407715,89600,0.0,0.0
2024-02-12 00:00:00-05:00,4.052136502078849,4.1822508488449746,4.0428423985833595,4.14507532119751,146500,0.0,0.0
2024-02-13 00:00:00-05:00,4.089311847173225,4.098605507086585,3.8290827220907504,3.856964588165283,133600,0.0,0.0
2024-02-14 00:00:00-05:00,3.884846512971664,4.024254975020619,3.884846512971664,4.005667209625244,126800,0.0,0.0
2024-02-15 00:00:00-05:00,4.0614303342148315,4.172956921875054,4.033548908883409,4.126487731933594,110900,0.0,0.0
2024-02-16 00:00:00-05:00,4.126487731933594,4.154369157265017,4.098605863434906,4.126487731933594,103200,0.0,0.0
2024-02-20 00:00:00-05:00,4.070724360450614,4.11719354950563,3.968491435461966,4.033548831939697,112400,0.0,0.0
2024-02-21 00:00:00-05:00,4.014961613917819,4.0335493807021345,3.9591983135648756,4.024255275726318,50500,0.0,0.0
2024-02-22 00:00:00-05:00,4.033549131950969,4.033549131950969,3.9127284337203436,3.949903964996338,161200,0.0,0.0
2024-02-23 00:00:00-05:00,3.931315954526162,4.014961116271589,3.931315954526162,3.977785587310791,47100,0.0,0.0
2024-02-26 00:00:00-05:00,3.9777854257265535,4.033548716902554,3.9034339276579755,3.9406094551086426,79400,0.0,0.0
2024-02-27 00:00:00-05:00,3.9684919753733743,4.0335493807021345,3.9499042085890594,4.024255275726318,103100,0.0,0.0
2024-02-28 00:00:00-05:00,3.9591983649592817,4.0707249671128976,3.884846853689548,3.8941409587860107,84700,0.0,0.0
2024-02-29 00:00:00-05:00,3.931316441804745,4.080018576079262,3.922022336828929,4.024255275726318,132600,0.0,0.0
2024-03-01 00:00:00-05:00,4.042842668690548,4.089312302938194,3.9127283132313253,4.014961242675781,93800,0.0,0.0
2024-03-04 00:00:00-05:00,4.033549249810923,4.061430677498967,3.9127285480499268,3.9127285480499268,50400,0.0,0.0
2024-03-05 00:00:00-05:00,3.922022326356564,3.968491964776929,3.856965364368833,3.8755531311035156,54600,0.0,0.0
2024-03-06 00:00:00-05:00,3.92202173837583,3.92202173837583,3.8476706825836433,3.8848462104797363,55700,0.0,0.0
2024-03-07 00:00:00-05:00,3.8848463957904187,4.0707244873046875,3.8755527349567043,4.0707244873046875,151800,0.0,0.0
2024-03-08 00:00:00-05:00,3.689675132292716,3.9499040804121868,3.680381249202151,3.9127285480499268,124200,0.0,0.0
2024-03-11 00:00:00-04:00,3.9034339276579755,3.9870790860055982,3.884846163932642,3.9406094551086426,81500,0.0,0.0
2024-03-12 00:00:00-04:00,3.903434265607878,3.9220220309424954,3.8012017778511247,3.829083204269409,156000,0.0,0.0
2024-03-13 00:00:00-04:00,3.8569649588872053,3.884846384474405,3.6803809718882867,3.6896748542785645,110600,0.0,0.0
2024-03-14 00:00:00-04:00,3.7082626697890233,3.8383772466165493,3.633911609649658,3.633911609649658,147300,0.0,0.0
2024-03-15 00:00:00-04:00,3.6246177064587335,3.7826139299373684,3.6246177064587335,3.764026165008545,293900,0.0,0.0
2024-03-18 00:00:00-04:00,3.787522126549958,3.8157168279155895,3.684140509200348,3.702937126159668,110000,0.045,0.0
2024-03-19 00:00:00-04:00,3.7123353929439418,3.7875220840101065,3.7029370845698395,3.759326934814453,83300,0.0,0.0
2024-03-20 00:00:00-04:00,3.7593270647344217,3.815716916927833,3.6371488275753427,3.7969202995300293,210500,0.0,0.0
2024-03-21 00:00:00-04:00,3.7781235687479846,3.8721066529165027,3.7687254844044804,3.862708568572998,71200,0.0,0.0
2024-03-22 00:00:00-04:00,3.8627086844956966,3.8815053018935006,3.7593270647344217,3.7969202995300293,72100,0.0,0.0
2024-03-25 00:00:00-04:00,3.77812374645221,3.825115514820077,3.77812374645221,3.8157169818878174,80700,0.0,0.0
2024-03-26 00:00:00-04:00,3.8345134018072713,3.8345134018072713,3.7123353929439418,3.759326934814453,99700,0.0,0.0
2024-03-27 00:00:00-04:00,3.8063186942766207,3.8439119277090135,3.740530311696588,3.787522077560425,52200,0.0,0.0
2024-03-28 00:00:00-04:00,3.7969202995300293,3.8815053018935006,3.731132138637716,3.7969202995300293,107900,0.0,0.0
2024-04-01 00:00:00-04:00,3.806318546458297,3.8157166303780743,3.69353862646758,3.7499284744262695,150000,0.0,0.0
2024-04-02 00:00:00-04:00,3.7311320330643105,3.8439119583333485,3.7311320330643105,3.8345134258270264,111100,0.0,0.0
2024-04-03 00:00:00-04:00,3.8345134258270264,3.928496510156768,3.806318724601452,3.8345134258270264,153400,0.0,0.0
2024-04-04 00:00:00-04:00,3.8627084362368875,3.900301668616353,3.8157166716892155,3.825115203857422,75400,0.0,0.0
2024-04-05 00:00:00-04:00,3.8157167850590668,3.853310018555476,3.759326934814453,3.759326934814453,48900,0.0,0.0
2024-04-08 00:00:00-04:00,3.7593269986351605,3.7781236157024685,3.6747422218322754,3.6747422218322754,66100,0.0,0.0
2024-04-09 00:00:00-04:00,3.6747420104813497,3.768725314485837,3.6747420104813497,3.7499284744262695,103700,0.0,0.0
2024-04-10 00:00:00-04:00,3.6653438478402998,3.6935387729377362,3.6183520819378923,3.6559455394744873,123900,0.0,0.0
2024-04-11 00:00:00-04:00,3.684140559080602,3.684140559080602,3.5901572489381945,3.618352174758911,68900,0.0,0.0
2024-04-12 00:00:00-04:00,3.627750437009564,3.6465472780565364,3.4491825757601413,3.4679791927337646,102100,0.0,0.0
2024-04-15 00:00:00-04:00,3.4773773744923346,3.552563839646761,3.4773773744923346,3.5337672233581543,121100,0.0,0.0
2024-04-16 00:00:00-04:00,3.5337671969378746,3.5619621211599846,3.458580732345581,3.458580732345581,66600,0.0,0.0
2024-04-17 00:00:00-04:00,3.496174227908973,3.496174227908973,3.2988095194190006,3.4303860664367676,123600,0.0,0.0
2024-04-18 00:00:00-04:00,3.4397844625076397,3.486776007608831,3.411589535446925,3.420987844467163,110500,0.0,0.0
2024-04-19 00:00:00-04:00,3.35519955189555,3.496174415249103,3.35519955189555,3.383394479751587,305400,0.0,0.0
2024-04-22 00:00:00-04:00,3.4115894788945487,3.449182714352336,3.35519940163451,3.3739960193634033,86700,0.0,0.0
2024-04-23 00:00:00-04:00,3.3645974931319858,3.4209875667489915,3.3458008766174316,3.3458008766174316,72300,0.0,0.0
2024-04-24 00:00:00-04:00,3.34580091820726,3.3551992265813624,3.270614451214442,3.2894110679626465,111400,0.0,0.0
2024-04-25 00:00:00-04:00,3.2894111546147213,3.30820777185808,3.2706145373713627,3.280012845993042,198400,0.0,0.0
2024-04-26 00:00:00-04:00,3.2894112643724074,3.3082078822429524,3.2236231018255,3.242419719696045,152500,0.0,0.0
2024-04-29 00:00:00-04:00,3.242419719696045,3.2894112643724074,3.2142247928902274,3.242419719696045,133800,0.0,0.0
2024-04-30 00:00:00-04:00,3.2330213761815103,3.2518179938510134,3.1484363725953894,3.1672329902648926,188600,0.0,0.0
2024-05-01 00:00:00-04:00,3.167233012640948,3.186029854516605,3.1202414681352018,3.1390380859375,120800,0.0,0.0
2024-05-02 00:00:00-04:00,3.157834529876709,3.1954279874848557,3.1390379131093087,3.157834529876709,98200,0.0,0.0
2024-05-03 00:00:00-04:00,3.186029854516605,3.2048264723189033,3.129639777036351,3.1390380859375,118000,0.0,0.0
2024-05-06 00:00:00-04:00,3.1390379131093087,3.1860296791011558,3.120241296341909,3.157834529876709,143600,0.0,0.0
2024-05-07 00:00:00-04:00,3.157834681430141,3.1954281408425045,3.157834681430141,3.1672329902648926,116700,0.0,0.0
2024-05-08 00:00:00-04:00,3.1578345508880172,3.176631391853833,3.120241317103083,3.1296396255493164,75100,0.0,0.0
2024-05-09 00:00:00-04:00,3.1296396467516363,3.157834572281349,3.101444721221924,3.101444721221924,183300,0.0,0.0
2024-05-10 00:00:00-04:00,3.120241293155459,3.1296396015295613,2.7725036592403285,2.81949520111084,256700,0.0,0.0
2024-05-13 00:00:00-04:00,2.810096847314412,2.8288934637587886,2.7537069979812823,2.772503614425659,157000,0.0,0.0
2024-05-14 00:00:00-04:00,2.8288935894755998,2.9510718258670248,2.772503737636489,2.941673517227173,174200,0.0,0.0
2024-05-15 00:00:00-04:00,2.951071745677567,2.9792666708309814,2.8852833629129195,2.9228765964508057,123300,0.0,0.0
2024-05-16 00:00:00-04:00,2.932275048972257,2.9698685084314094,2.9228767401258087,2.960470199584961,112500,0.0,0.0
2024-05-17 00:00:00-04:00,2.969868443146728,2.9792667517865796,2.9228766758741167,2.941673517227173,114100,0.0,0.0
2024-05-20 00:00:00-04:00,2.9416735818920636,2.9886651261243067,2.9416735818920636,2.960470199584961,102300,0.0,0.0
2024-05-21 00:00:00-04:00,2.9886651909931876,3.0168601181445034,2.960470263841872,2.979266881942749,114700,0.0,0.0
2024-05-22 00:00:00-04:00,2.9886647987700536,2.9980631065870873,2.9604698753189527,2.9698681831359863,79600,0.0,0.0
2024-05-23 00:00:00-04:00,2.9792668172778582,3.007461743817204,2.9416735818920636,2.960470199584961,97700,0.0,0.0
2024-05-24 00:00:00-04:00,2.951071567501919,3.007461414404121,2.951071567501919,2.9698681831359863,72100,0.0,0.0
2024-05-28 00:00:00-04:00,2.9698685084314094,3.0638515968958955,2.951071890738512,2.960470199584961,96500,0.0,0.0
2024-05-29 00:00:00-04:00,2.951071890738512,2.9886651261243067,2.932275048972257,2.960470199584961,97300,0.0,0.0
2024-05-30 00:00:00-04:00,2.9980634549610774,3.035656690597534,2.9698685282337354,3.035656690597534,128200,0.0,0.0
2024-05-31 00:00:00-04:00,3.035656559899869,3.082648102422258,2.9792667088730025,2.998063325881958,88100,0.0,0.0
2024-06-03 00:00:00-04:00,3.026258361510101,3.026258361510101,2.960470199584961,2.960470199584961,67400,0.0,0.0
2024-06-04 00:00:00-04:00,2.969868400368525,3.035656559899869,2.969868400368525,2.998063325881958,72300,0.0,0.0
2024-06-05 00:00:00-04:00,3.007461809094065,3.0168601181445034,2.960470263841872,2.979266881942749,60600,0.0,0.0
2024-06-06 00:00:00-04:00,2.969868443146728,2.9792667517865796,2.941673517227173,2.941673517227173,125100,0.0,0.0
2024-06-07 00:00:00-04:00,2.9416735818920636,2.9792668172778582,2.9134784312793602,2.960470199584961,88400,0.0,0.0
2024-06-10 00:00:00-04:00,2.9698681831359863,2.9698681831359863,2.9228764199774844,2.9698681831359863,86900,0.0,0.0
2024-06-11 00:00:00-04:00,2.9416732596848854,2.9980631065870873,2.932274727794518,2.9698681831359863,97000,0.0,0.0
2024-06-12 00:00:00-04:00,2.9886651460519635,3.1108431618704473,2.9886651460519635,3.035656690597534,101200,0.0,0.0
2024-06-13 00:00:00-04:00,3.026258427194942,3.026258427194942,2.960470263841872,2.979266881942749,60300,0.0,0.0
2024-06-14 00:00:00-04:00,2.936365126702684,2.993567218920273,2.9172978383968227,2.955432415008545,128800,0.045,0.0
2024-06-17 00:00:00-04:00,2.9554326510435263,2.9840338130865494,2.9458990061291934,2.9744999408721924,83800,0.0,0.0
2024-06-18 00:00:00-04:00,2.974499705069748,2.984033576528311,2.917297840118408,2.917297840118408,75600,0.0,0.0
2024-06-20 00:00:00-04:00,2.926831485157616,2.926831485157616,2.860095976027639,2.89823055267334,95100,0.0,0.0
2024-06-21 00:00:00-04:00,2.879163265671537,2.8982305540031357,2.8600959773399377,2.8696296215057373,193400,0.0,0.0
2024-06-24 00:00:00-04:00,2.879163265671537,2.9268314865005345,2.8696296215057373,2.8696296215057373,83900,0.0,0.0
2024-06-25 00:00:00-04:00,2.8791632643504896,2.907764196834765,2.8696296201890643,2.89823055267334,67400,0.0,0.0
2024-06-26 00:00:00-04:00,2.907764194668717,2.9649660595946576,2.907764194668717,2.9458987712860107,86500,0.0,0.0
2024-06-27 00:00:00-04:00,2.9554324163123513,3.0031008643980397,2.9077641955266698,2.9268314838409424,81100,0.0,0.0
2024-06-28 00:00:00-04:00,2.9554324222696535,2.9744997106223603,2.783826827095291,2.802894115447998,1542400,0.0,0.0
2024-07-01 00:00:00-04:00,2.8124277543742853,2.926831484276965,2.8028941102157288,2.917297840118408,183700,0.0,0.0
2024-07-02 00:00:00-04:00,2.9363651284355217,2.9363651284355217,2.8886969076427382,2.917297840118408,64400,0.0,0.0
2024-07-03 00:00:00-04:00,2.926831484276965,2.9649660609111916,2.9077641959598517,2.917297840118408,32400,0.0,0.0
2024-07-05 00:00:00-04:00,2.9172975992417407,2.9172975992417407,2.8219611655279535,2.85056209564209,193400,0.0,0.0
2024-07-08 00:00:00-04:00,2.879163265671537,2.917297842334735,2.850562333174138,2.8696296215057373,59600,0.0,0.0
2024-07-09 00:00:00-04:00,2.869629382384847,2.869629382384847,2.8219611655279535,2.85056209564209,102000,0.0,0.0
2024-07-10 00:00:00-04:00,2.8600959764621843,2.907764197276553,2.8600959764621843,2.8886969089508057,74000,0.0,0.0
2024-07-11 00:00:00-04:00,2.8982305591886814,2.9935672283172607,2.8982305591886814,2.9935672283172607,172600,0.0,0.0
2024-07-12 00:00:00-04:00,3.003100872039795,3.06030273712817,2.9744997121956005,3.003100872039795,136300,0.0,0.0
2024-07-15 00:00:00-04:00,3.012634281053172,3.1461052891738883,3.012634281053172,3.1365716457366943,137800,0.0,0.0
2024-07-16 00:00:00-04:00,3.146105305529171,3.3463120460510254,3.146105305529171,3.3463120460510254,121500,0.0,0.0
2024-07-17 00:00:00-04:00,3.3081777086874333,3.393980506204396,3.3081777086874333,3.327244997024536,78400,0.0,0.0
2024-07-18 00:00:00-04:00,3.3081774569689473,3.4035138914003333,3.2033071517944336,3.2033071517944336,84000,0.0,0.0
2024-07-19 00:00:00-04:00,3.2033071517944336,3.2223746659806998,3.0984370739199085,3.2033071517944336,109400,0.0,0.0
2024-07-22 00:00:00-04:00,3.2128410436806485,3.260509491882444,3.193773755319933,3.2414422035217285,76600,0.0,0.0
2024-07-23 00:00:00-04:00,3.2223749111704705,3.3367786411930878,3.2128410397019125,3.327244997024536,106600,0.0,0.0
2024-07-24 00:00:00-04:00,3.3081774711608887,3.3939802625172266,3.289110184192814,3.3081774711608887,103300,0.0,0.0
2024-07-25 00:00:00-04:00,3.3081777060716364,3.44164872432582,3.3081777060716364,3.384446859359741,86200,0.0,0.0
2024-07-26 00:00:00-04:00,3.441648481160387,3.4607159954352276,3.2891101853615825,3.3558456897735596,86800,0.0,0.0
2024-07-29 00:00:00-04:00,3.3558456897735596,3.3939802637232606,3.3272447593112835,3.3558456897735596,55700,0.0,0.0
2024-07-30 00:00:00-04:00,3.3749129776835627,3.3939802646636963,3.3367784037232946,3.3939802646636963,63500,0.0,0.0
2024-07-31 00:00:00-04:00,3.3939802625172266,3.470249637689517,3.289110184192814,3.3081774711608887,106400,0.0,0.0
2024-08-01 00:00:00-04:00,3.2986440612885772,3.3081777054477923,3.1175045949634805,3.155639171600342,86700,0.0,0.0
2024-08-02 00:00:00-04:00,3.0984375465089924,3.1365721260980224,3.0603029669199624,3.10797119140625,88100,0.0,0.0
2024-08-05 00:00:00-04:00,2.9840335832224976,3.107970957561767,2.9840335832224976,3.012634515762329,154600,0.0,0.0
2024-08-06 00:00:00-04:00,3.0698363803773674,3.0984373129128704,2.9935672269493607,3.0221681594848633,64200,0.0,0.0
2024-08-07 00:00:00-04:00,3.0984373129128704,3.0984373129128704,2.9744997112923524,3.0221681594848633,72900,0.0,0.0
2024-08-08 00:00:00-04:00,3.031701800530704,3.107970953879902,3.0031008680247546,3.0889036655426025,59900,0.0,0.0
2024-08-09 00:00:00-04:00,3.0889036673493706,3.117504599872049,3.012634513955561,3.050769090652466,64000,0.0,0.0
2024-08-12 00:00:00-04:00,3.0412354487653785,3.0412354487653785,3.003100872039795,3.003100872039795,41400,0.0,0.0
2024-08-13 00:00:00-04:00,3.031701798800646,3.1365718845959485,3.031701798800646,3.1270382404327393,37700,0.0,0.0
2024-08-14 00:00:00-04:00,3.1270382440462754,3.1270382440462754,3.0317018023040134,3.050769090652466,30700,0.0,0.0
2024-08-15 00:00:00-04:00,3.1175043588623064,3.2033071497970527,3.0984370719879184,3.1365716457366943,43200,0.0,0.0
2024-08-16 00:00:00-04:00,3.1365716457366943,3.2033071497970527,3.0984370719879184,3.1365716457366943,168300,0.0,0.0
2024-08-19 00:00:00-04:00,3.155639169874474,3.2033073906444796,3.1461055257204724,3.1937737464904785,87900,0.0,0.0
2024-08-20 00:00:00-04:00,3.193773995481567,3.2128412852760824,3.10797119140625,3.10797119140625,67000,0.0,0.0
2024-08-21 00:00:00-04:00,3.1365718845959485,3.1937737495752043,3.107970952106321,3.1270382404327393,89500,0.0,0.0
2024-08-22 00:00:00-04:00,3.1461052894592285,3.2033071500875807,3.1270380025831113,3.1461052894592285,42600,0.0,0.0
2024-08-23 00:00:00-04:00,3.1747064669592175,3.3081777127842327,3.1747064669592175,3.2414422035217285,97100,0.0,0.0
2024-08-26 00:00:00-04:00,3.2891104239603233,3.336778644855399,3.241442203065248,3.2509758472442627,62800,0.0,0.0
2024-08-27 00:00:00-04:00,3.2509758481626108,3.270043136526027,3.222374915617486,3.2319085597991943,29300,0.0,0.0
2024-08-28 00:00:00-04:00,3.2223749147072174,3.308177712318354,3.2223749147072174,3.2509758472442627,38000,0.0,0.0
2024-08-29 00:00:00-04:00,3.2509756102566634,3.365379332065114,3.2509756102566634,3.3081774711608887,76200,0.0,0.0
2024-08-30 00:00:00-04:00,3.3367786407470703,3.3463122849143474,3.2414421990742994,3.3367786407470703,59800,0.0,0.0
2024-09-03 00:00:00-04:00,3.3367786412275025,3.3653795737334518,3.0889036655426025,3.0889036655426025,77000,0.0,0.0
2024-09-04 00:00:00-04:00,3.069836139678955,3.088903426540937,3.050768852816973,3.069836139678955,54200,0.0,0.0
2024-09-05 00:00:00-04:00,3.060302496247964,3.088903426540937,2.984033348800036,3.069836139678955,82600,0.0,0.0
2024-09-06 00:00:00-04:00,2.987651309976524,3.0940079611482285,2.987651309976524,3.055332899093628,111000,0.045,0.0
2024-09-09 00:00:00-04:00,3.084339331253799,3.200364522519259,3.0650017993762226,3.1520206928253174,93800,0.0,0.0
2024-09-10 00:00:00-04:00,3.1616895145103054,3.190695812838103,3.1036769178547106,3.123014450073242,40900,0.0,0.0
2024-09-11 00:00:00-04:00,3.123014265516235,3.123014265516235,3.0456641412131757,3.094007968902588,81500,0.0,0.0
2024-09-12 00:00:00-04:00,3.0746704301209284,3.0746704301209284,3.0263266025526776,3.055332899093628,97400,0.0,0.0
2024-09-13 00:00:00-04:00,3.0940081463567086,3.190695807280969,3.0746706141718563,3.0843393802642822,102800,0.0,0.0
2024-09-16 00:00:00-04:00,3.11334581583199,3.2680463106542623,3.11334581583199,3.2583773136138916,103300,0.0,0.0
2024-09-17 00:00:00-04:00,3.3163901432482294,3.3163901432482294,3.239039780576305,3.2583773136138916,64800,0.0,0.0
2024-09-18 00:00:00-04:00,3.2777148867700396,3.3163899505985723,3.1906957626342773,3.1906957626342773,59400,0.0,0.0
2024-09-19 00:00:00-04:00,3.239039586274412,3.239039586274412,3.103676863131376,3.1520206928253174,100300,0.0,0.0
2024-09-20 00:00:00-04:00,3.1036770304086954,3.1230145633284976,3.0456644316492896,3.065001964569092,337100,0.0,0.0
2024-09-23 00:00:00-04:00,3.0746706141718563,3.1520207429112648,3.0746706141718563,3.0843393802642822,71200,0.0,0.0
2024-09-24 00:00:00-04:00,3.1133456729814326,3.123014439056591,3.0456643104553223,3.0456643104553223,102500,0.0,0.0
2024-09-25 00:00:00-04:00,3.0843393747559564,3.0843393747559564,3.026326778305005,3.0456643104553223,129800,0.0,0.0
2024-09-26 00:00:00-04:00,3.084339325256394,3.1810269844562713,3.0359954956564557,3.1133456230163574,93100,0.0,0.0
2024-09-27 00:00:00-04:00,3.1713583514472323,3.258377248374065,3.1520208187968253,3.210033416748047,60500,0.0,0.0
2024-09-30 00:00:00-04:00,3.2390395924199433,3.2583771243342095,3.1520206988057446,3.1906957626342773,40400,0.0,0.0
2024-10-01 00:00:00-04:00,3.1810270521335893,3.190695818259283,3.132683221505121,3.161689519882202,39300,0.0,0.0
2024-10-02 00:00:00-04:00,3.1326832107264124,3.1616895090036907,3.0746706141718563,3.0843393802642822,289200,0.0,0.0
2024-10-03 00:00:00-04:00,3.0843392109039653,3.1423518042730643,3.0843392109039653,3.132683038711548,63300,0.0,0.0
2024-10-04 00:00:00-04:00,3.1810271701243225,3.1810271701243225,3.0843395052810454,3.1423521041870117,171000,0.0,0.0
2024-10-07 00:00:00-04:00,3.1133457968685962,3.1230145633284976,3.055333198109191,3.065001964569092,89600,0.0,0.0
2024-10-08 00:00:00-04:00,3.055333198109191,3.0940082639487945,3.026326898729488,3.065001964569092,69800,0.0,0.0
2024-10-09 00:00:00-04:00,3.0746704301209284,3.0843391956345783,3.045664133579978,3.055332899093628,48000,0.0,0.0
2024-10-10 00:00:00-04:00,3.0263267175174877,3.065001781041286,3.0263267175174877,3.0359954833984375,55600,0.0,0.0
2024-10-11 00:00:00-04:00,3.055333198109191,3.0746707310289927,3.026326898729488,3.065001964569092,68800,0.0,0.0
2024-10-14 00:00:00-04:00,3.045664133579978,3.0746704301209284,3.035995368066328,3.055332899093628,45000,0.0,0.0
2024-10-15 00:00:00-04:00,3.026326778305005,3.1326832051317495,3.026326778305005,3.0456643104553223,82500,0.0,0.0
2024-10-16 00:00:00-04:00,3.084339325256394,3.14235192077632,3.065001793416419,3.1133456230163574,80900,0.0,0.0
2024-10-17 00:00:00-04:00,3.113345616810254,3.113345616810254,3.0650017873066835,3.0746705532073975,69500,0.0,0.0
2024-10-18 00:00:00-04:00,3.074670608680798,3.1036769069062737,3.035995544380164,3.0456643104553223,84600,0.0,0.0
2024-10-21 00:00:00-04:00,3.0263267590216922,3.0456642910487934,2.9683139324188232,2.9683139324188232,96900,0.0,0.0
2024-10-22 00:00:00-04:00,2.997320230459475,3.0263267590216922,2.9683139324188232,2.9683139324188232,83200,0.0,0.0
2024-10-23 00:00:00-04:00,2.9683139324188232,2.997320230459475,2.939307634378171,2.9683139324188232,60100,0.0,0.0
2024-10-24 00:00:00-04:00,2.9683139324188232,3.0069889964730256,2.9586451664052724,2.9683139324188232,58400,0.0,0.0
2024-10-25 00:00:00-04:00,2.9876514644459244,3.0069889964730256,2.929638868364621,2.9683139324188232,102100,0.0,0.0
2024-10-28 00:00:00-04:00,2.9683137789492235,3.0746704301209284,2.9683137789492235,3.055332899093628,68000,0.0,0.0
2024-10-29 00:00:00-04:00,3.0456642968775673,3.055333062909622,2.987651470163674,3.006989002227783,57200,0.0,0.0
2024-10-30 00:00:00-04:00,3.0069889552340268,3.055333015160336,3.0069889552340268,3.0359954833984375,68100,0.0,0.0
2024-10-31 00:00:00-04:00,3.055333057062344,3.084339355102996,2.9586451664052724,2.9683139324188232,64100,0.0,0.0
2024-11-01 00:00:00-04:00,2.977982759475708,3.0359955872677364,2.9489764608404787,2.977982759475708,67900,0.0,0.0
2024-11-04 00:00:00-05:00,2.997320113751086,3.0166576450252305,2.9489762855657244,2.9876513481140137,58200,0.0,0.0
2024-11-05 00:00:00-05:00,2.9876515984496788,3.05533319410179,2.9779828320024597,3.026326894760132,58900,0.0,0.0
2024-11-06 00:00:00-05:00,3.1230144656116545,3.2873837208085526,3.113345699454282,3.239039659500122,214700,0.0,0.0
2024-11-07 00:00:00-05:00,3.239039776820093,3.239039776820093,3.181027177774608,3.2197022438049316,109700,0.0,0.0
2024-11-08 00:00:00-05:00,3.239039659500122,3.3744026162249035,3.1906958287132605,3.239039659500122,226000,0.0,0.0
2024-11-11 00:00:00-05:00,3.171358291265989,3.2293708881163354,3.142351992840816,3.200364589691162,149400,0.0,0.0
2024-11-12 00:00:00-05:00,3.200364714501131,3.2970526102106428,3.181027181463544,3.2583773136138916,149900,0.0,0.0
2024-11-13 00:00:00-05:00,3.268046188493808,3.335727551595414,3.239039659500122,3.239039659500122,134900,0.0,0.0
2024-11-14 00:00:00-05:00,3.2487086042395483,3.2583773709284145,3.210033537484084,3.2293710708618164,90100,0.0,0.0
2024-11-15 00:00:00-05:00,3.22937089334275,3.258377191814867,3.2100333610280054,3.239039659500122,100100,0.0,0.0
2024-11-18 00:00:00-05:00,3.2390395924199433,3.248708358377076,3.181026996677144,3.1906957626342773,101400,0.0,0.0
2024-11-19 00:00:00-05:00,3.161689458764106,3.2100332884580474,3.1520206928253174,3.1520206928253174,72500,0.0,0.0
2024-11-20 00:00:00-05:00,3.171358403639995,3.1810271701243225,3.123014571218356,3.1423521041870117,76000,0.0,0.0
2024-11-21 00:00:00-05:00,3.132683403973156,3.2583773709284145,3.132683403973156,3.2293710708618164,80700,0.0,0.0
2024-11-22 00:00:00-05:00,3.2487085688276793,3.4130778312683105,3.2487085688276793,3.4130778312683105,146200,0.0,0.0
2024-11-25 00:00:00-05:00,3.4227466012976473,3.548440797530927,3.4227466012976473,3.4517529010772705,119900,0.0,0.0
2024-11-26 00:00:00-05:00,3.4614216109597495,3.5387719729597094,3.4614216109597495,3.4807591438293457,62100,0.0,0.0
2024-11-27 00:00:00-05:00,3.471090508057736,3.558109639768178,3.471090508057736,3.5387721061706543,62400,0.0,0.0
2024-11-29 00:00:00-05:00,3.558109582280185,3.645128482063088,3.558109582280185,3.5677783489227295,72800,0.0,0.0
2024-12-02 00:00:00-05:00,3.5484409969362076,3.6934725039843954,3.5484409969362076,3.6741349697113037,105500,0.0,0.0
2024-12-03 00:00:00-05:00,3.659457792366446,3.6888117038084585,3.5420419133142467,3.600749969482422,103100,0.045,0.0
2024-12-04 00:00:00-05:00,3.6203193052823175,3.679027129163723,3.590965393341615,3.61053466796875,104800,0.0,0.0
2024-12-05 00:00:00-05:00,3.6007500243311648,3.630103936220313,3.532257329972331,3.5713961124420166,89000,0.0,0.0
2024-12-06 00:00:00-05:00,3.5811808109283447,3.630103998246186,3.5811808109283447,3.5811808109283447,82700,0.0,0.0
2024-12-09 00:00:00-05:00,3.6105346066297592,3.6888117038084585,3.600749969482422,3.600749969482422,95900,0.0,0.0
2024-12-10 00:00:00-05:00,3.6007499763452104,3.6888117108390865,3.6007499763452104,3.6398885250091553,63800,0.0,0.0
2024-12-11 00:00:00-05:00,3.659457866981687,3.718165691062746,3.659457866981687,3.688811779022217,159000,0.0,0.0
2024-12-12 00:00:00-05:00,3.679027185564027,3.698596460491163,3.5713961734647763,3.5811808109283447,104800,0.0,0.0
2024-12-13 00:00:00-05:00,3.581180866736084,3.620319417200277,3.5518269538879395,3.5518269538879395,68800,0.0,0.0
2024-12-16 00:00:00-05:00,3.551826938284565,3.5713962134306922,3.4637649668428296,3.4735496044158936,52400,0.0,0.0
2024-12-17 00:00:00-05:00,3.4539803240054616,3.4931188742380646,3.4246264113310096,3.43441104888916,92600,0.0,0.0
2024-12-18 00:00:00-05:00,3.453980243786143,3.5224727051024485,3.307210683822632,3.307210683822632,122600,0.0,0.0
2024-12-19 00:00:00-05:00,3.3561338220105723,3.4441955567169633,3.3561338220105723,3.3757030963897705,107000,0.0,0.0
2024-12-20 00:00:00-05:00,3.336564403836695,3.424626134747922,3.2582870764092404,3.2778563499450684,245100,0.0,0.0
2024-12-23 00:00:00-05:00,3.258287191390991,3.326779884467572,3.248502554277787,3.258287191390991,80500,0.0,0.0
2024-12-24 00:00:00-05:00,3.2582870764092404,3.2974256234808967,3.2485024396413262,3.2778563499450684,46000,0.0,0.0
2024-12-26 00:00:00-05:00,3.248502626553072,3.336564595815334,3.248502626553072,3.307210683822632,78600,0.0,0.0
2024-12-27 00:00:00-05:00,3.2680718898773193,3.336564584240166,3.2582872525803634,3.2680718898773193,93800,0.0,0.0
2024-12-30 00:00:00-05:00,3.2680718898773193,3.37570313342799,3.2485026152834076,3.2680718898773193,71400,0.0,0.0
2024-12-31 00:00:00-05:00,3.2974258017681874,3.336564584240166,3.2582872525803634,3.2680718898773193,228400,0.0,0.0
2025-01-02 00:00:00-05:00,3.2974259723953137,3.3267801190892827,3.170225680952836,3.1800103187561035,85100,0.0,0.0
2025-01-03 00:00:00-05:00,3.2093640597950914,3.238717971628333,3.1506562361286083,3.228933334350586,134100,0.0,0.0
2025-01-06 00:00:00-05:00,3.2289332031318874,3.2485024768921176,3.1702253818511963,3.1702253818511963,101400,0.0,0.0
2025-01-07 00:00:00-05:00,3.1800101282909354,3.2093640399425993,3.091948393335943,3.1115176677703857,251700,0.0,0.0
2025-01-08 00:00:00-05:00,3.082163927699748,3.1213024787474386,3.052809781129815,3.0625946521759033,102300,0.0,0.0
2025-01-10 00:00:00-05:00,3.0136710923041607,3.0332403669333443,2.945178631102017,2.964747905731201,142900,0.0,0.0
2025-01-13 00:00:00-05:00,2.9549632210367007,3.082163737371016,2.9549632210367007,3.03324031829834,160000,0.0,0.0
2025-01-14 00:00:00-05:00,3.03324031829834,3.101733011686426,3.0234556811406352,3.03324031829834,116000,0.0,0.0
2025-01-15 00:00:00-05:00,3.10173292369039,3.1897946556114265,3.072379013050045,3.1702253818511963,93200,0.0,0.0
2025-01-16 00:00:00-05:00,3.1408717675430333,3.228933507772441,3.1408717675430333,3.1800103187561035,91700,0.0,0.0
2025-01-17 00:00:00-05:00,3.1800100105999407,3.228933194875419,3.1115175526142718,3.131086826324463,65900,0.0,0.0
2025-01-21 00:00:00-05:00,3.150656229791584,3.1995794160819195,3.140871592533517,3.1897947788238525,60000,0.0,0.0
2025-01-22 00:00:00-05:00,3.1897949521785165,3.2093642277581753,3.1310871254395405,3.14087176322937,95900,0.0,0.0
2025-01-23 00:00:00-05:00,3.131087009500883,3.18001019663849,3.131087009500883,3.1604409217834473,78500,0.0,0.0
2025-01-24 00:00:00-05:00,3.150656108090966,3.2191485662517723,3.140871471210851,3.1702253818511963,66300,0.0,0.0
2025-01-27 00:00:00-05:00,3.160440867049651,3.2485026023722545,3.160440867049651,3.1897947788238525,77100,0.0,0.0
2025-01-28 00:00:00-05:00,3.1800103143886873,3.238718141127663,3.14087176322937,3.14087176322937,69100,0.0,0.0
2025-01-29 00:00:00-05:00,3.131087009500883,3.18001019663849,3.121302372073362,3.1604409217834473,49500,0.0,0.0
2025-01-30 00:00:00-05:00,3.1604409560317186,3.1604409560317186,3.0136711597442627,3.0136711597442627,79600,0.0,0.0
2025-01-31 00:00:00-05:00,3.013671277018814,3.0723793377888686,2.9941020011901855,2.9941020011901855,93100,0.0,0.0
2025-02-03 00:00:00-05:00,2.954963201104125,3.228933272955961,2.954963201104125,3.219148635864258,181600,0.0,0.0
2025-02-04 00:00:00-05:00,3.199579361680852,3.248502547139367,3.1506561762223364,3.219148635864258,119000,0.0,0.0
2025-02-05 00:00:00-05:00,3.2093641089210543,3.2485026586311396,3.131087009500883,3.1604409217834473,88300,0.0,0.0
2025-02-06 00:00:00-05:00,3.1604407368897496,3.1897946474550363,3.1115175526142718,3.131086826324463,72200,0.0,0.0
2025-02-07 00:00:00-05:00,3.131086948821323,3.1897947722487108,3.131086948821323,3.150656223297119,66200,0.0,0.0
2025-02-10 00:00:00-05:00,3.1408717123766405,3.228933451059328,3.1408717123766405,3.209364175796509,61000,0.0,0.0
2025-02-11 00:00:00-05:00,3.1702254977729147,3.248502595676098,3.1408715860592213,3.150656223297119,75700,0.0,0.0
2025-02-12 00:00:00-05:00,3.101733085511161,3.131086997682932,3.0821638107299805,3.0821638107299805,43300,0.0,0.0
2025-02-13 00:00:00-05:00,3.0919483998697315,3.160440860535017,3.052809617633987,3.150656223297119,68500,0.0,0.0
2025-02-14 00:00:00-05:00,3.1897948281217254,3.2191487403495875,3.121302366256714,3.121302366256714,52100,0.0,0.0
2025-02-18 00:00:00-05:00,3.0919482707977295,3.140871454944943,3.0625943603094017,3.0919482707977295,66000,0.0,0.0
2025-02-19 00:00:00-05:00,3.082163633968287,3.111517544456615,3.0625943603094017,3.0919482707977295,41800,0.0,0.0
2025-02-20 00:00:00-05:00,3.091948374528721,3.101733011686426,3.03324031829834,3.03324031829834,40300,0.0,0.0
2025-02-21 00:00:00-05:00,3.0625946998745546,3.091948613617497,2.9941020011901855,2.9941020011901855,64200,0.0,0.0
2025-02-24 00:00:00-05:00,2.9941017012192965,3.0919483038436235,2.9843170642852783,2.9843170642852783,96500,0.0,0.0
2025-02-25 00:00:00-05:00,2.9941018239229247,3.0430250105979746,2.9647479119178946,3.0038864612579346,174800,0.0,0.0
2025-02-26 00:00:00-05:00,2.9843171926552508,3.0821637994884354,2.9843171926552508,3.043025016784668,63700,0.0,0.0
2025-02-27 00:00:00-05:00,3.10173306789219,3.10173306789219,2.984317186587915,3.0038864612579346,71300,0.0,0.0
2025-02-28 00:00:00-05:00,2.99410195455828,3.072379289937826,2.99410195455828,3.0625946521759033,91500,0.0,0.0
2025-03-03 00:00:00-05:00,3.082163658756588,3.082163658756588,2.9158245980341384,2.945178508758545,99700,0.0,0.0
2025-03-04 00:00:00-05:00,2.9158247129108403,2.9647478993789775,2.896255438323585,2.9256093502044678,89600,0.0,0.0
2025-03-05 00:00:00-05:00,2.954963200071272,2.954963200071272,2.8864707404532903,2.9158246517181396,111500,0.0,0.0
2025-03-06 00:00:00-05:00,2.8962553980904713,3.03324031829834,2.8962553980904713,3.03324031829834,68100,0.0,0.0
2025-03-07 00:00:00-05:00,3.052809630066982,3.3267799404122123,3.052809630066982,3.228933334350586,110200,0.0,0.0
2025-03-10 00:00:00-04:00,3.2387178400120025,3.2778563875324633,3.140871471210851,3.1702253818511963,144000,0.0,0.0
2025-03-11 00:00:00-04:00,3.1800102725770163,3.3267800707788515,3.101733171287591,3.2876412868499756,87800,0.0,0.0
2025-03-12 00:00:00-04:00,3.2778564584144765,3.2974257325978824,3.2093639987725546,3.219148635864258,110700,0.0,0.0
2025-03-13 00:00:00-04:00,3.2289333896461083,3.2680719394273456,3.1897948398648714,3.1995794773101807,157200,0.0,0.0
2025-03-14 00:00:00-04:00,3.238718098544085,3.3072107954564953,3.238718098544085,3.2876412868499756,130000,0.0,0.0
2025-03-17 00:00:00-04:00,3.3072104715497517,3.532257115715879,3.3072104715497517,3.424626111984253,143400,0.0,0.0
2025-03-18 00:00:00-04:00,3.434411015690663,3.5811808109283447,3.39527246583639,3.5811808109283447,125800,0.0,0.0
2025-03-19 00:00:00-04:00,3.571396004518612,3.669242374525637,3.571396004518612,3.630103826522827,114000,0.0,0.0
2025-03-20 00:00:00-04:00,3.6007499763452104,3.7279502595030314,3.6007499763452104,3.6398885250091553,113700,0.0,0.0
2025-03-21 00:00:00-04:00,3.6151275231138342,3.7042675664810405,3.555700591394999,3.6943631172180176,256300,0.045,0.0
2025-03-24 00:00:00-04:00,3.7042674564800735,3.7537897013245884,3.5755093837436442,3.6745541095733643,189800,0.0,0.0
2025-03-25 00:00:00-04:00,3.684458643269586,3.6943630924662503,3.6250319480895996,3.6250319480895996,81400,0.0,0.0
2025-03-26 00:00:00-04:00,3.6250319283889767,3.684458623246002,3.6250319283889767,3.664649724960327,148500,0.0,0.0
2025-03-27 00:00:00-04:00,3.6646497496223045,3.773598690926711,3.654745300412813,3.733980894088745,286100,0.0,0.0
2025-03-28 00:00:00-04:00,3.763694191434581,3.9617834091186523,3.7537897423574123,3.9617834091186523,160600,0.0,0.0
2025-03-31 00:00:00-04:00,3.9122612681300217,4.011305997685375,3.8330254372575996,3.87264347076416,242900,0.0,0.0
2025-04-01 00:00:00-04:00,3.8627388929540576,3.9518789340625884,3.8231208607651306,3.8924522399902344,110700,0.0,0.0
2025-04-02 00:00:00-04:00,3.862739024568914,3.9914971022535375,3.7735987442824213,3.9815924167633057,125100,0.0,0.0
2025-04-03 00:00:00-04:00,3.823120890913001,3.912261168865154,3.6943630527408926,3.7042675018310547,157300,0.0,0.0
2025-04-04 00:00:00-04:00,3.5953184994254115,3.753789682116985,3.5656049165300523,3.714171886444092,122900,0.0,0.0
2025-04-07 00:00:00-04:00,3.6349363327026367,3.833025313116384,3.5358916063550714,3.6349363327026367,142800,0.0,0.0
2025-04-08 00:00:00-04:00,3.7240762773691576,3.753789623661117,3.535891514712731,3.5755093097686768,139600,0.0,0.0
2025-04-09 00:00:00-04:00,3.535891514712731,3.7240762773691576,3.476464822128813,3.5755093097686768,134400,0.0,0.0
2025-04-10 00:00:00-04:00,3.5160828284178463,3.5854139739309066,3.4665605816228036,3.506178379058838,112800,0.0,0.0
2025-04-11 00:00:00-04:00,3.4863693451095714,3.496273794084401,3.3873248553612787,3.4170382022857666,95500,0.0,0.0
2025-04-14 00:00:00-04:00,3.4665604733150683,3.535891616661976,3.4269426771168354,3.4863693714141846,102400,0.0,0.0
2025-04-15 00:00:00-04:00,3.456655960559147,3.545796000362315,3.446751511692128,3.4962737560272217,94200,0.0,0.0
2025-04-16 00:00:00-04:00,3.486369404248556,3.674554174103165,3.486369404248556,3.664649724960327,102000,0.0,0.0
2025-04-17 00:00:00-04:00,3.654745147798691,3.7537896357577263,3.634936250206884,3.6844584941864014,115800,0.0,0.0
2025-04-21 00:00:00-04:00,3.664649737461956,3.6943630849918336,3.4764649669653718,3.516082763671875,106900,0.0,0.0
2025-04-22 00:00:00-04:00,3.565604908718163,3.6547451849275645,3.565604908718163,3.6052229404449463,77000,0.0,0.0
2025-04-23 00:00:00-04:00,3.644840781723324,3.753789720950885,3.6250318836819493,3.6349363327026367,80000,0.0,0.0
2025-04-24 00:00:00-04:00,3.644840781723324,3.7141719248681357,3.6250318836819493,3.6349363327026367,79000,0.0,0.0
2025-04-25 00:00:00-04:00,3.6151274539791354,3.6547452502735873,3.5358916252495387,3.595318555831909,56000,0.0,0.0
2025-04-28 00:00:00-04:00,3.5953186004996063,3.6745541940729214,3.575509465965582,3.6250319480895996,66900,0.0,0.0
2025-04-29 00:00:00-04:00,3.5953186284691405,3.8627389950001527,3.5953186284691405,3.803312063217163,142200,0.0,0.0
2025-04-30 00:00:00-04:00,3.8033120454559244,3.8924523246437808,3.7141720024087648,3.8429300785064697,125100,0.0,0.0
2025-05-01 00:00:00-04:00,3.8330254316349923,3.8528345664295647,3.7636942863464355,3.7636942863464355,79600,0.0,0.0
2025-05-02 00:00:00-04:00,3.79340746931911,3.8924521944208634,3.79340746931911,3.862738847732544,79300,0.0,0.0
2025-05-05 00:00:00-04:00,3.9023565946042518,3.9023565946042518,3.7934074219663936,3.8330252170562744,92600,0.0,0.0
2025-05-06 00:00:00-04:00,3.8231208421189895,3.99149694678417,3.8033119441914836,3.932070016860962,111700,0.0,0.0
2025-05-07 00:00:00-04:00,3.9320701462140457,3.9815923926619408,3.872643450476571,3.9122612476348877,85900,0.0,0.0
2025-05-08 00:00:00-04:00,3.9221656128099767,3.971688094336514,3.8528344692697942,3.9617834091186523,142900,0.0,0.0
2025-05-09 00:00:00-04:00,4.1004458482242425,4.635286590502127,4.03111493825429,4.595668792724609,568700,0.0,0.0
2025-05-12 00:00:00-04:00,4.724426793065038,4.813567072722562,4.625382300268565,4.754140377044678,572700,0.0,0.0
2025-05-13 00:00:00-04:00,4.843280053209311,4.843280053209311,4.684808869028168,4.773949146270752,214600,0.0,0.0
2025-05-14 00:00:00-04:00,4.803662135473264,4.932420205499317,4.764044340431612,4.902706623077393,271900,0.0,0.0
2025-05-15 00:00:00-04:00,4.90270688009869,4.912611565519035,4.714522579926088,4.754140377044678,362100,0.0,0.0
2025-05-16 00:00:00-04:00,4.7838533213401115,5.001751670148766,4.7838533213401115,4.853184700012207,488700,0.0,0.0
2025-05-19 00:00:00-04:00,4.863088986237292,4.8928025696258315,4.635286421196446,4.694713115692139,246000,0.0,0.0
2025-05-20 00:00:00-04:00,4.704617640649223,4.833375710477679,4.674904058272899,4.793757915496826,174100,0.0,0.0
2025-05-21 00:00:00-04:00,4.754140157040595,4.7937579523258185,4.694712991831386,4.714522361755371,139200,0.0,0.0
2025-05-22 00:00:00-04:00,4.684808989692656,4.783853482356914,4.645191192626953,4.645191192626953,184200,0.0,0.0
2025-05-23 00:00:00-04:00,4.665000132425893,4.704617929842051,4.4966242572665225,4.565955638885498,182600,0.0,0.0
2025-05-27 00:00:00-04:00,4.615477655505867,4.793758216391384,4.605573442279671,4.783853530883789,294400,0.0,0.0
2025-05-28 00:00:00-04:00,4.793757985702387,4.823471096232495,4.615477433396227,4.635286331176758,145500,0.0,0.0
2025-05-29 00:00:00-04:00,4.65509522895729,4.684808811768775,4.575859637835164,4.635286331176758,106500,0.0,0.0
2025-05-30 00:00:00-04:00,4.6749043464660645,4.744235728097302,4.556050954196569,4.6749043464660645,116000,0.0,0.0
2025-06-02 00:00:00-04:00,4.67490435170724,4.813567115125175,4.6352865542396575,4.783853530883789,200300,0.0,0.0
2025-06-03 00:00:00-04:00,4.783853401910124,4.843280096509341,4.714522494351732,4.803662300109863,295600,0.0,0.0
2025-06-04 00:00:00-04:00,4.803662380889766,4.803662380889766,4.5956687101541265,4.645191192626953,272700,0.0,0.0
2025-06-05 00:00:00-04:00,4.664999961853027,4.694713072688005,4.605573267901691,4.664999961853027,191600,0.0,0.0
2025-06-06 00:00:00-04:00,4.710000038146973,4.849999904632568,4.670000076293945,4.820000171661377,192900,0.045,0.0
2025-06-09 00:00:00-04:00,4.849999904632568,4.849999904632568,4.690000057220459,4.699999809265137,180500,0.0,0.0
2025-06-10 00:00:00-04:00,4.699999809265137,4.840000152587891,4.699999809265137,4.829999923706055,109100,0.0,0.0
2025-06-11 00:00:00-04:00,4.800000190734863,4.869999885559082,4.769999980926514,4.820000171661377,255900,0.0,0.0
2025-06-12 00:00:00-04:00,4.820000171661377,4.820000171661377,4.760000228881836,4.78000020980835,116600,0.0,0.0
2025-06-13 00:00:00-04:00,4.769999980926514,4.800000190734863,4.710000038146973,4.730000019073486,107200,0.0,0.0
2025-06-16 00:00:00-04:00,4.75,4.820000171661377,4.75,4.769999980926514,94400,0.0,0.0
2025-06-17 00:00:00-04:00,4.75,4.829999923706055,4.75,4.75,96900,0.0,0.0
2025-06-18 00:00:00-04:00,4.78000020980835,4.820000171661377,4.71999979019165,4.739999771118164,150400,0.0,0.0
2025-06-20 00:00:00-04:00,4.769999980926514,4.789999961853027,4.510000228881836,4.550000190734863,229400,0.0,0.0
2025-06-23 00:00:00-04:00,4.53000020980835,4.679999828338623,4.53000020980835,4.679999828338623,155600,0.0,0.0
2025-06-24 00:00:00-04:00,4.71999979019165,4.760000228881836,4.630000114440918,4.75,131500,0.0,0.0
2025-06-25 00:00:00-04:00,4.78000020980835,4.789999961853027,4.659999847412109,4.679999828338623,203600,0.0,0.0
2025-06-26 00:00:00-04:00,4.679999828338623,4.760000228881836,4.610000133514404,4.619999885559082,205300,0.0,0.0
2025-06-27 00:00:00-04:00,4.639999866485596,4.670000076293945,4.610000133514404,4.650000095367432,457400,0.0,0.0
2025-06-30 00:00:00-04:00,4.710000038146973,4.820000171661377,4.619999885559082,4.800000190734863,332700,0.0,0.0
2025-07-01 00:00:00-04:00,4.820000171661377,4.869999885559082,4.71999979019165,4.800000190734863,280800,0.0,0.0
2025-07-02 00:00:00-04:00,4.800000190734863,5.0,4.769999980926514,4.989999771118164,396100,0.0,0.0
2025-07-03 00:00:00-04:00,5.010000228881836,5.150000095367432,5.0,5.110000133514404,231100,0.0,0.0
