Date,Open,High,Low,Close,Volume,Dividends,Stock Splits
2020-07-06 00:00:00+01:00,30.764516070074006,31.932031030768368,30.679697526231262,31.13871955871582,239588682,0.0,0.0
2020-07-07 00:00:00+01:00,30.834367417338772,31.323326419396782,30.642775792455392,30.674707412719727,151273183,0.0,0.0
2020-07-08 00:00:00+01:00,30.415262698652466,30.989042210443294,30.26558166614543,30.654752731323242,170320859,0.0,0.0
2020-07-09 00:00:00+01:00,30.934153079494006,31.043920038186037,29.56706225111074,29.67184066772461,218302938,0.0,0.0
2020-07-10 00:00:00+01:00,29.412392367766007,30.44519376619452,29.18288136884794,30.390310287475586,225317607,0.0,0.0
2020-07-13 00:00:00+01:00,30.93415470091727,31.20358166639404,30.215684696276558,30.574918746948242,147069644,0.0,0.0
2020-07-14 00:00:00+01:00,30.056023204843967,30.75453519889401,29.856447261802668,30.041053771972656,204167953,0.0,0.0
2020-07-15 00:00:00+01:00,30.235640826878186,30.42024924985348,29.601991267175723,30.32046127319336,193431901,0.0,0.0
2020-07-16 00:00:00+01:00,30.170781154761784,30.584898700733202,29.98617272631073,30.46515464782715,126076131,0.0,0.0
2020-07-17 00:00:00+01:00,30.235641677558675,30.634793595429304,29.816533686432436,30.500080108642578,205731994,0.0,0.0
2020-07-20 00:00:00+01:00,30.08595951057713,30.63479242503248,30.041055016697122,30.345407485961914,116012735,0.0,0.0
2020-07-21 00:00:00+01:00,30.67470799665082,31.103794980969234,30.100930438908982,30.44020652770996,178419771,0.0,0.0
2020-07-22 00:00:00+01:00,30.435216041204768,30.724600976162865,29.981182566558033,30.255598068237305,284988418,0.0,0.0
2020-07-23 00:00:00+01:00,30.36536578071534,30.465153757418808,29.936278813198587,30.100929260253906,148677270,0.0,0.0
2020-07-24 00:00:00+01:00,29.936279974502742,30.170781443358187,29.59201343998303,29.631927490234375,151008724,0.0,0.0
2020-07-27 00:00:00+01:00,29.621945949711346,29.763644527325276,28.658995541232564,28.838613510131836,352244425,0.0,0.0
2020-07-28 00:00:00+01:00,28.81367144548243,29.167916992609506,28.499339951335674,29.15793800354004,165473357,0.0,0.0
2020-07-29 00:00:00+01:00,29.387448793380983,29.477257785131552,28.234901334780275,28.304752349853516,222117317,0.0,0.0
2020-07-30 00:00:00+01:00,26.9426531121299,27.54936154723048,25.655392105412,26.149341583251953,714742095,0.0,0.0
2020-07-31 00:00:00+01:00,26.4437133324287,26.922693343545472,25.378980230683915,26.229169845581055,344278032,0.0,0.0
2020-08-03 00:00:00+01:00,25.909851719208486,27.915582802584307,25.83501025434545,27.810806274414062,430663048,0.0,0.0
2020-08-04 00:00:00+01:00,27.681080129612724,28.454433652250156,27.61621765641293,28.095199584960938,190376551,0.0,0.0
2020-08-05 00:00:00+01:00,28.364627103613458,28.54923555068122,27.82078455830343,28.115158081054688,162668620,0.0,0.0
2020-08-06 00:00:00+01:00,28.060273252353362,28.21993325607764,27.421631334158885,28.100187301635742,142120571,0.0,0.0
2020-08-07 00:00:00+01:00,28.010379081773635,28.095199531689065,27.426622533974633,27.725984573364258,106901984,0.0,0.0
2020-08-10 00:00:00+01:00,28.155070726845917,28.499337252299686,27.875664769254715,28.354646682739258,178864436,0.0,0.0
2020-08-11 00:00:00+01:00,28.668974653005048,29.567062598096264,28.589144655736877,29.39243507385254,206300339,0.0,0.0
2020-08-12 00:00:00+01:00,29.392438298167242,30.00613182635596,29.21781075476709,29.62693977355957,197218699,0.0,0.0
2020-08-13 00:00:00+01:00,29.222799445271264,29.621949477417434,28.9583629058427,29.118022918701172,106759883,0.0,0.0
2020-08-14 00:00:00+01:00,28.953374140535267,29.03819459789486,27.957494609773967,28.888513565063477,137246251,0.0,0.0
2020-08-17 00:00:00+01:00,28.778742931991374,59.81268386599454,28.34466742090695,28.564199447631836,80176621,0.0,0.0
2020-08-18 00:00:00+01:00,28.130125867758238,28.90846795440738,28.04031687263757,28.12513542175293,122824092,0.0,0.0
2020-08-19 00:00:00+01:00,28.08022895160113,28.599124908447266,28.03033591483788,28.599124908447266,77516764,0.0,0.0
2020-08-20 00:00:00+01:00,28.015370965923587,28.42449999563264,27.940529500585153,28.07524299621582,96885196,0.0,0.0
2020-08-21 00:00:00+01:00,28.15008069242921,28.289784624914677,27.661121686973573,28.040315628051758,122047261,0.0,0.0
2020-08-24 00:00:00+01:00,28.254860622900804,28.55921311981559,27.671102149427075,28.539255142211914,193878351,0.0,0.0
2020-08-25 00:00:00+01:00,28.763772901949714,29.20283691724365,28.10517497571162,28.140100479125977,167338907,0.0,0.0
2020-08-26 00:00:00+01:00,28.120144871839432,28.49933689938429,27.970463858421656,28.414518356323242,91481211,0.0,0.0
2020-08-27 00:00:00+01:00,28.25984451846171,28.534260003844715,28.020354536493056,28.140100479125977,94257788,0.0,0.0
2020-08-28 00:00:00+01:00,28.17503177149842,28.683948801482444,28.01038130446054,28.28978729248047,184729851,0.0,0.0
2020-09-01 00:00:00+01:00,27.750933101469958,27.93055109942406,26.79796152636685,26.882781982421875,259148859,0.0,0.0
2020-09-02 00:00:00+01:00,26.94265308917764,27.222059065659916,26.59339609439917,26.95762062072754,174328488,0.0,0.0
2020-09-03 00:00:00+01:00,27.222056487766796,27.785855026793662,26.683202563429205,26.822904586791992,192771558,0.0,0.0
2020-09-04 00:00:00+01:00,26.7430780377367,27.566326560593822,26.663248027901272,26.882781982421875,198721877,0.0,0.0
2020-09-07 00:00:00+01:00,26.947642248001838,27.11129538409148,26.304013633774144,26.90772819519043,353944866,0.0,0.0
2020-09-08 00:00:00+01:00,26.962611008769173,27.197110583502255,26.127388871386202,26.403799057006836,163059131,0.0,0.0
2020-09-09 00:00:00+01:00,26.25910602280926,26.543500514840268,25.899870073592272,26.418766021728516,169263018,0.0,0.0
2020-09-10 00:00:00+01:00,26.35390689040803,26.738089406248974,25.939789310538938,26.3638858795166,177914370,0.0,0.0
2020-09-11 00:00:00+01:00,26.294034241110413,26.443715267626153,25.815054194941045,25.825031280517578,184051169,0.0,0.0
2020-09-14 00:00:00+01:00,25.98968189000925,26.418768897549615,25.755180408377306,26.309001922607422,160823985,0.0,0.0
2020-09-15 00:00:00+01:00,26.119403323695913,26.438725239837456,25.899871290689923,26.09944725036621,145267013,0.0,0.0
2020-09-16 00:00:00+01:00,26.109427820766495,26.673226419914876,25.849979818785172,26.528533935546875,211594957,0.0,0.0
2020-09-17 00:00:00+01:00,26.124392547535493,26.40379659405631,25.96972109085624,26.19923210144043,119767296,0.0,0.0
2020-09-18 00:00:00+01:00,26.14435582923286,26.259111357814618,25.18639373779297,25.18639373779297,414288810,0.0,0.0
2020-09-21 00:00:00+01:00,24.946897679095507,24.996790713134796,23.58978583629759,23.92906379699707,307397183,0.0,0.0
2020-09-22 00:00:00+01:00,24.20847207706168,24.68745210202461,23.534904632616215,24.2384090423584,252300413,0.0,0.0
2020-09-23 00:00:00+01:00,24.188515051341017,25.226307049532988,24.15358954210355,24.53278160095215,223024340,0.0,0.0
2020-09-24 00:00:00+01:00,23.988939927235204,25.09658099177641,23.839257004761663,24.52779197692871,194865701,0.0,0.0
2020-09-25 00:00:00+01:00,24.767281799981696,25.176410804158227,24.572696286202298,24.66749382019043,196214677,0.0,0.0
2020-09-28 00:00:00+01:00,25.14647390901224,26.668234304155657,24.49685571154196,26.538509368896484,313030166,0.0,0.0
2020-09-29 00:00:00+01:00,26.383843991640678,26.503588054956147,26.049554516348397,26.074501037597656,170484572,0.0,0.0
2020-09-30 00:00:00+01:00,25.71027565652184,26.713142146273157,25.542633212048788,26.299022674560547,221981207,0.0,0.0
2020-10-01 00:00:00+01:00,26.68320301724587,26.912714031901682,25.879912562653168,26.473649978637695,147912748,0.0,0.0
2020-10-02 00:00:00+01:00,26.064520157535544,27.137235641479492,25.95475319606045,27.137235641479492,167305647,0.0,0.0
2020-10-05 00:00:00+01:00,27.755921797488686,27.885644841554743,26.648278815481223,26.927684783935547,159558443,0.0,0.0
2020-10-06 00:00:00+01:00,27.43660210354011,27.8956241607666,27.04244061746684,27.8956241607666,277883984,0.0,0.0
2020-10-07 00:00:00+01:00,27.770889187922066,28.758786206073747,27.541378163192345,27.840740203857422,182387381,0.0,0.0
2020-10-08 00:00:00+01:00,27.970463177739127,28.5542196868515,27.65613172490315,28.314729690551758,186415374,0.0,0.0
2020-10-09 00:00:00+01:00,28.439464100252813,28.723858588991558,28.120144106110875,28.165048599243164,171781390,0.0,0.0
2020-10-12 00:00:00+01:00,28.384583301623866,28.654010285877412,27.97046573986895,28.010379791259766,149113706,0.0,0.0
2020-10-13 00:00:00+01:00,28.095201669114928,28.14409738378124,26.578429573340372,26.812931060791016,257931793,0.0,0.0
2020-10-14 00:00:00+01:00,26.822906658118207,27.266963087078864,26.713141589841417,26.90273666381836,142900459,0.0,0.0
2020-10-15 00:00:00+01:00,26.51356939418014,26.718133931832014,25.92981275135568,26.533527374267578,142107014,0.0,0.0
2020-10-16 00:00:00+01:00,26.802948080561244,27.02248009990629,26.05454113329283,26.95262908935547,163889626,0.0,0.0
2020-10-19 00:00:00+01:00,27.00751542406201,27.61122996853198,26.713141917562996,27.06239891052246,133608836,0.0,0.0
2020-10-20 00:00:00+01:00,26.962609493616434,27.38171748223784,26.7031615098701,27.117279052734375,157730479,0.0,0.0
2020-10-21 00:00:00+01:00,27.107303619384766,27.486495678241784,26.78798168688187,27.107303619384766,165557147,0.0,0.0
2020-10-22 00:00:00+01:00,27.092330796956617,27.860695710719025,26.857831250434863,27.8557071685791,157125926,0.0,0.0
2020-10-23 00:00:00+01:00,28.339678788774677,29.63891342172858,27.890635718561423,29.22279930114746,293985333,0.0,0.0
2020-10-26 00:00:00+00:00,28.80868043084219,29.78160799041961,28.145091989389503,28.988296508789062,242786482,0.0,0.0
2020-10-27 00:00:00+00:00,29.631926261306287,29.751672213688927,28.08521928808936,28.26483726501465,180792193,0.0,0.0
2020-10-28 00:00:00+00:00,27.681083264291477,28.0203612964224,26.977580677757757,27.59127426147461,312479477,0.0,0.0
2020-10-29 00:00:00+00:00,27.43160964193092,29.008253567076437,27.296896160261536,28.219932556152344,246260835,0.0,0.0
2020-10-30 00:00:00+00:00,27.895625968103204,28.417515877845585,27.616219978234053,27.965476989746094,178083538,0.0,0.0
2020-11-02 00:00:00+00:00,27.755923657452353,27.85571164596565,27.042442109034017,27.770891189575195,164977085,0.0,0.0
2020-11-03 00:00:00+00:00,28.01537106086568,29.33256715154383,27.815795088151855,29.182886123657227,191093059,0.0,0.0
2020-11-04 00:00:00+00:00,28.11016986359629,29.058152921617193,27.815796337435916,28.459426879882812,160111489,0.0,0.0
2020-11-05 00:00:00+00:00,28.549233982219608,28.683947475396057,27.162184998753318,27.65114402770996,280894568,0.0,0.0
2020-11-06 00:00:00+00:00,27.810803651056688,28.229911627501263,27.306875228881836,27.306875228881836,189650158,0.0,0.0
2020-11-09 00:00:00+00:00,27.656132170778328,31.752412498255495,27.306875206807295,30.714622497558594,555165909,0.0,0.0
2020-11-10 00:00:00+00:00,31.213560367128995,33.004747771556474,30.75453644091524,32.066741943359375,434823444,0.0,0.0
2020-11-11 00:00:00+00:00,32.046792275798964,33.628424963412506,31.802311796522716,33.309104919433594,342572026,0.0,0.0
2020-11-12 00:00:00+00:00,32.820136873905845,33.663343205214645,32.221412872378906,33.39890670776367,242164742,0.0,0.0
2020-11-13 00:00:00+00:00,32.999758591671345,34.92565955146545,32.550713636119255,34.64625549316406,335666802,0.0,0.0
2020-11-16 00:00:00+00:00,35.025443419083274,36.3675877553307,34.950605770039004,35.514404296875,335834224,0.0,0.0
2020-11-17 00:00:00+00:00,35.64413606473384,36.07322309893806,35.00349749732493,35.51940155029297,265795860,0.0,0.0
2020-11-18 00:00:00+00:00,35.46950459765495,35.92354005608509,34.77897679436172,35.58925247192383,253504305,0.0,0.0
2020-11-19 00:00:00+00:00,34.925665557973986,35.68404976375942,34.7510379915032,35.57927322387695,330453203,0.0,0.0
2020-11-20 00:00:00+00:00,35.524382451393855,36.187970874603856,34.92565840143568,35.73892593383789,236741478,0.0,0.0
2020-11-23 00:00:00+00:00,36.0732216356905,37.30060875121041,35.474493706703505,37.12099075317383,269962523,0.0,0.0
2020-11-24 00:00:00+00:00,37.37046187033558,39.78432295240662,37.22077892803516,39.416107177734375,383355000,0.0,0.0
2020-11-25 00:00:00+00:00,40.59359415443139,40.7322988512726,37.42434143078063,38.04901123046875,367835127,0.0,0.0
2020-11-26 00:00:00+00:00,38.05898436459468,38.06896525480181,35.69701164565074,37.240726470947266,294316183,0.0,0.0
2020-11-27 00:00:00+00:00,36.12810472478098,37.34052048822632,35.75390120077586,37.21578598022461,361581226,0.0,0.0
2020-11-30 00:00:00+00:00,37.61493550156926,37.899330009200355,35.544342041015625,35.544342041015625,343886051,0.0,0.0
2020-12-01 00:00:00+00:00,35.409635016058466,38.19869696704048,35.17513351689061,38.19371032714844,244156813,0.0,0.0
2020-12-02 00:00:00+00:00,37.774591711741785,38.85728614891485,37.280644207427784,38.66270065307617,222719388,0.0,0.0
2020-12-03 00:00:00+00:00,38.81738291791229,39.4759810104012,38.078952907984565,39.11674499511719,305393067,0.0,0.0
2020-12-04 00:00:00+00:00,38.71758758765276,39.40612445585256,38.218649593464974,38.94211196899414,242276964,0.0,0.0
2020-12-07 00:00:00+00:00,38.44816066074587,38.51302503628982,36.74079630429185,37.255699157714844,291946176,0.0,0.0
2020-12-08 00:00:00+00:00,36.91641756002975,37.9591998466366,36.766738460180996,37.11599349975586,209227033,0.0,0.0
2020-12-09 00:00:00+00:00,37.16589654675699,37.88935904736449,37.11600350003124,37.1708869934082,159190277,0.0,0.0
2020-12-10 00:00:00+00:00,36.846561992539854,36.921403436500206,34.49157456969724,35.5942268371582,400382461,0.0,0.0
2020-12-11 00:00:00+00:00,35.68404795490338,36.09317700700814,33.16940351200281,33.99763870239258,356533901,0.0,0.0
2020-12-14 00:00:00+00:00,34.91568009154064,36.309712111308116,34.53149573091354,35.65410614013672,280361772,0.0,0.0
2020-12-15 00:00:00+00:00,35.55432478406155,36.93638144061433,35.148187738878434,36.57215881347656,380477148,0.0,0.0
2020-12-16 00:00:00+00:00,36.94635839988114,37.64187653297568,36.202938079833984,36.202938079833984,242091960,0.0,0.0
2020-12-17 00:00:00+00:00,36.43744181608534,36.92141228892782,35.878633687933096,36.143070220947266,177087736,0.0,0.0
2020-12-18 00:00:00+00:00,35.82374641624491,35.952470215046915,34.825870513916016,34.825870513916016,332540166,0.0,0.0
2020-12-21 00:00:00+00:00,33.28914070499736,35.952470208837426,31.932028869009347,33.50867462158203,343560165,0.0,0.0
2020-12-22 00:00:00+00:00,33.83797486853315,35.11525492516831,33.66334733057051,34.621307373046875,178730216,0.0,0.0
2020-12-23 00:00:00+00:00,34.65123534093216,37.61991810492085,34.65123534093216,37.046138763427734,403869991,0.0,0.0
2020-12-24 00:00:00+00:00,38.77746207102742,39.964933143775944,38.3433846395118,38.52300262451172,269729556,0.0,0.0
2020-12-29 00:00:00+00:00,38.71758787265827,39.01495525436349,36.61007425693953,36.67693328857422,326575929,0.0,0.0
2020-12-30 00:00:00+00:00,36.86653074608102,37.54508677166463,36.70188028253609,36.73181915283203,142842833,0.0,0.0
2020-12-31 00:00:00+00:00,36.202938418699944,36.9313874088455,35.98440562495361,36.36259841918945,104467778,0.0,0.0
2021-01-04 00:00:00+00:00,36.92141570115638,37.163899623916734,34.5315019847901,34.76101303100586,396174544,0.0,0.0
2021-01-05 00:00:00+00:00,34.56642669988759,35.5194001806341,33.99763764049784,35.135215759277344,218145818,0.0,0.0
2021-01-06 00:00:00+00:00,36.39253691494081,37.48022184673696,35.52737789243516,37.08106994628906,397870600,0.0,0.0
2021-01-07 00:00:00+00:00,37.420350484753,37.86939545188901,36.26281446202177,36.8116455078125,200698783,0.0,0.0
2021-01-08 00:00:00+00:00,37.04614624684038,37.34550828347568,36.16801430699465,36.74678421020508,191583629,0.0,0.0
2021-01-11 00:00:00+00:00,35.993384924087394,36.74678232615802,35.98839447853081,36.08818435668945,153132933,0.0,0.0
2021-01-12 00:00:00+00:00,36.397523266147104,37.00323621318894,36.24784415960852,36.66695022583008,158929668,0.0,0.0
2021-01-13 00:00:00+00:00,36.97130890969922,36.97130890969922,36.07820933939736,36.16801834106445,112024586,0.0,0.0
2021-01-14 00:00:00+00:00,36.62704010389142,36.90644416346758,36.145064294527714,36.37757110595703,119276836,0.0,0.0
2021-01-15 00:00:00+00:00,36.138084828242796,36.72184146085478,35.628168533407504,35.858680725097656,185923864,0.0,0.0
2021-01-18 00:00:00+00:00,35.85867928538041,36.35761733901901,35.605217140135615,36.098167419433594,70657203,0.0,0.0
2021-01-19 00:00:00+00:00,36.5272527683232,36.598101116000585,35.56430221687252,35.92353820800781,163559665,0.0,0.0
2021-01-20 00:00:00+00:00,35.95846484222548,36.00835788553318,34.955598303381414,35.7089958190918,177987106,0.0,0.0
2021-01-21 00:00:00+00:00,35.92353667764322,36.12311264272689,35.06536269239989,35.239990234375,156158062,0.0,0.0
2021-01-22 00:00:00+00:00,34.9256627748417,35.13521583790791,34.36984659045386,34.69615173339844,185598595,0.0,0.0
2021-01-25 00:00:00+00:00,35.00050193430882,35.19109433436065,30.74954988846661,33.76313400268555,160164594,0.0,0.0
2021-01-26 00:00:00+00:00,33.72321488222863,34.65623023760883,33.58351286251278,34.336910247802734,115446667,0.0,0.0
2021-01-27 00:00:00+00:00,33.558572472619765,34.27205399734395,32.81016543857041,33.179378509521484,261696512,0.0,0.0
2021-01-28 00:00:00+00:00,32.77024384154433,33.47374435300876,32.17650647863748,33.39890670776367,230268973,0.0,0.0
2021-01-29 00:00:00+00:00,32.87003482069915,33.59349722118703,32.29625915286438,32.929908752441406,203699900,0.0,0.0
2021-02-01 00:00:00+00:00,33.46377347240278,34.147319942908105,33.00475139903624,33.45379638671875,232310879,0.0,0.0
2021-02-02 00:00:00+00:00,33.84794907270262,34.267058934736255,33.52064665703665,33.92279052734375,139364758,0.0,0.0
2021-02-03 00:00:00+00:00,34.54646688165658,34.92566083658609,33.83298537230252,34.10740280151367,159443235,0.0,0.0
2021-02-04 00:00:00+00:00,34.351883544334235,36.58213720852774,33.758149860869395,36.03330612182617,412023812,0.0,0.0
2021-02-05 00:00:00+00:00,36.906442076958896,37.44030555009266,36.282769617382314,36.921409606933594,380657321,0.0,0.0
2021-02-08 00:00:00+00:00,38.0190745738927,38.23860851487017,37.43531801985158,37.61992645263672,286839716,0.0,0.0
2021-02-09 00:00:00+00:00,37.64486990392177,37.849436307427744,37.130964382170355,37.46525192260742,129770297,0.0,0.0
2021-02-10 00:00:00+00:00,37.919290974934896,38.13582913988774,37.09404779317129,37.420352935791016,177399859,0.0,0.0
2021-02-11 00:00:00+00:00,37.40039336568348,37.67979743760225,36.67194431632742,36.99126434326172,213707092,0.0,0.0
2021-02-12 00:00:00+00:00,36.58712087666545,37.340514442262105,36.19295943840902,37.02119445800781,135270378,0.0,0.0
2021-02-15 00:00:00+00:00,37.74466441802792,39.10177652934684,37.22077794047185,39.00697708129883,290453462,0.0,0.0
2021-02-16 00:00:00+00:00,39.41609521090261,39.41609521090261,38.37331679767812,39.39613723754883,247123172,0.0,0.0
2021-02-17 00:00:00+00:00,39.3911582213043,39.5707762270076,38.478104466673734,38.84232711791992,172194425,0.0,0.0
2021-02-18 00:00:00+00:00,38.71758968928848,38.89221723541423,37.03118054776767,37.4053840637207,270616682,0.0,0.0
2021-02-19 00:00:00+00:00,37.520135914346895,38.506040169264445,36.83160284771253,38.108882904052734,225045181,0.0,0.0
2021-02-22 00:00:00+00:00,38.02406081139996,38.46312483816554,37.45127873384481,38.3383903503418,153693215,0.0,0.0
2021-02-23 00:00:00+00:00,38.84731471007679,39.5059127470671,38.53797176596201,39.13669967651367,311824333,0.0,0.0
2021-02-24 00:00:00+00:00,40.76323104035968,40.91291395551773,38.28849914081728,39.25144958496094,486094094,0.0,0.0
2021-02-25 00:00:00+00:00,39.49593347043517,39.84019809814393,38.74253603291938,39.12671661376953,301035350,0.0,0.0
2021-02-26 00:00:00+00:00,38.41822585081443,39.15665576284869,37.95421336035248,38.91716384887695,541710054,0.0,0.0
2021-03-01 00:00:00+00:00,39.51090432284654,39.63563883195355,38.90718975556003,38.922157287597656,162494230,0.0,0.0
2021-03-02 00:00:00+00:00,38.69264778139448,39.186595391191496,38.60283877901363,38.79742431640625,158880732,0.0,0.0
2021-03-03 00:00:00+00:00,39.16663605344257,40.37905564022696,38.977040969035826,40.32916259765625,303428714,0.0,0.0
2021-03-04 00:00:00+00:00,40.17448550953126,40.88298035239297,39.79030492993703,40.259307861328125,270262448,0.0,0.0
2021-03-05 00:00:00+00:00,39.93998276184746,41.37393064468539,39.5857334822526,39.98987579345703,311713141,0.0,0.0
2021-03-08 00:00:00+00:00,40.413977432841975,41.94571691908219,40.20641904503823,41.69125747680664,289188721,0.0,0.0
2021-03-09 00:00:00+00:00,41.86089784999121,41.86089784999121,40.8081383934124,41.04762649536133,275427000,0.0,0.0
2021-03-10 00:00:00+00:00,40.73329821696381,41.20728779667051,40.41996597363836,40.693382263183594,156387940,0.0,0.0
2021-03-11 00:00:00+00:00,40.73828904260665,40.88597350505635,39.98988203192776,40.413978576660156,149291863,0.0,0.0
2021-03-12 00:00:00+00:00,40.21939052316592,41.23722445032103,40.21939052316592,41.122467041015625,169006682,0.0,0.0
2021-03-15 00:00:00+00:00,41.57150715070061,41.70621871357881,40.678407821222,41.0126953125,195027863,0.0,0.0
2021-03-16 00:00:00+00:00,41.23223230748842,41.99560676978354,40.990745758602706,41.38690185546875,325544367,0.0,0.0
2021-03-17 00:00:00+00:00,41.38192150510522,41.91079459980181,41.03266259948315,41.37194061279297,263694247,0.0,0.0
2021-03-18 00:00:00+00:00,41.781068620939294,41.840942553558705,40.87799202518436,41.516632080078125,252168435,0.0,0.0
2021-03-19 00:00:00+00:00,40.81313170548869,41.35198187601534,40.29822501760587,40.9378662109375,528920741,0.0,0.0
2021-03-22 00:00:00+00:00,40.69339172994695,41.84095092522542,40.3341556755434,40.912925720214844,220892629,0.0,0.0
2021-03-23 00:00:00+00:00,40.763236311924224,41.506656731662915,40.56366414136406,41.252197265625,256548257,0.0,0.0
2021-03-24 00:00:00+00:00,40.91291669933267,42.21015476018765,40.67642057053434,42.145294189453125,299872737,0.0,0.0
2021-03-25 00:00:00+00:00,41.91079006295324,42.240090954899024,41.18932617463672,41.67628860473633,260442706,0.0,0.0
2021-03-26 00:00:00+00:00,42.21015527970153,42.399754161496624,41.651347139492714,42.165252685546875,194305088,0.0,0.0
2021-03-29 00:00:00+01:00,41.71121130110538,42.50951124911519,41.65134118412615,41.97066116333008,150612982,0.0,0.0
2021-03-30 00:00:00+01:00,42.409729301637775,43.06333685276445,42.359836263778334,43.008453369140625,187260463,0.0,0.0
2021-03-31 00:00:00+01:00,43.00845495317724,43.327774975152224,42.44465637207031,42.44465637207031,229740496,0.0,0.0
2021-04-01 00:00:00+01:00,42.39975319335549,42.94858423564088,42.29497286286389,42.67915725708008,115971556,0.0,0.0
2021-04-06 00:00:00+01:00,43.40760786695106,43.76684385145689,42.58934981628556,42.73903274536133,215733220,0.0,0.0
2021-04-07 00:00:00+01:00,42.89370051750244,43.53733099502078,42.793910633432816,43.2579231262207,167501972,0.0,0.0
2021-04-08 00:00:00+01:00,43.42756093970925,43.62713688707099,43.11821803096883,43.322784423828125,129551520,0.0,0.0
2021-04-09 00:00:00+01:00,43.53733140310002,43.5423180424041,43.083295991165954,43.16312789916992,158452410,0.0,0.0
2021-04-12 00:00:00+01:00,43.40761003326409,44.44540208327441,42.96854592284213,44.295719146728516,200067947,0.0,0.0
2021-04-13 00:00:00+01:00,44.420448487624526,44.919386475905775,43.58223251504824,43.657073974609375,256620647,0.0,0.0
2021-04-14 00:00:00+01:00,43.65707604989899,43.901554609931836,43.267905009595076,43.736907958984375,132548085,0.0,0.0
2021-04-15 00:00:00+01:00,43.413251060269275,43.53301068686416,42.69967678136286,42.72462844848633,143216883,0.57,0.0
2021-04-16 00:00:00+01:00,43.05397141243924,43.68770725404578,42.9342117773909,43.37333297729492,214002182,0.0,0.0
2021-04-19 00:00:00+01:00,43.18371027360845,43.83540792183802,43.18371027360845,43.66774368286133,100797545,0.0,0.0
2021-04-20 00:00:00+01:00,43.80746409723619,43.82742466965385,41.961151123046875,41.961151123046875,233591142,0.0,0.0
2021-04-21 00:00:00+01:00,41.911252401410856,42.639796176759106,41.14278748045969,41.532012939453125,167730389,0.0,0.0
2021-04-22 00:00:00+01:00,41.69668174261615,41.93121371833285,41.327420656961166,41.891292572021484,140802562,0.0,0.0
2021-04-23 00:00:00+01:00,42.260553766474956,42.579915294837896,41.67173023472645,42.54997253417969,126375282,0.0,0.0
2021-04-26 00:00:00+01:00,42.72961886249895,42.889299645338276,41.636805051572715,42.80447006225586,200403336,0.0,0.0
2021-04-27 00:00:00+01:00,42.8843089284218,43.488101959228516,42.57492577080528,43.488101959228516,133293458,0.0,0.0
2021-04-28 00:00:00+01:00,44.91026263943562,45.63581407033374,44.38132076439556,45.015052795410156,469783830,0.0,0.0
2021-04-29 00:00:00+01:00,45.60886352262254,45.76854429029065,44.91025873641589,45.36435317993164,194506124,0.0,0.0
2021-04-30 00:00:00+01:00,45.35936416163426,45.628826183238814,45.04998099451274,45.34439468383789,195838257,0.0,0.0
2021-05-04 00:00:00+01:00,46.01305720203183,47.36036732360265,44.88631084059666,44.955169677734375,236622072,0.0,0.0
2021-05-05 00:00:00+01:00,45.608871644847696,46.19769529431345,45.30947062803759,46.137813568115234,140325502,0.0,0.0
2021-05-06 00:00:00+01:00,46.21765561294489,46.39729698345103,45.66575693713441,46.11286544799805,314984716,0.0,0.0
2021-05-07 00:00:00+01:00,46.59689495637457,46.76156684660108,45.953180682199495,46.46216583251953,137431750,0.0,0.0
2021-05-10 00:00:00+01:00,46.85637841327055,47.90428386131881,46.69669761934976,47.754581451416016,194072250,0.0,0.0
2021-05-11 00:00:00+01:00,47.21564871467696,47.45017684468357,46.53700456749715,46.581912994384766,205425959,0.0,0.0
2021-05-12 00:00:00+01:00,46.50208401994575,47.325435804435266,46.17274026047778,47.19569778442383,173579940,0.0,0.0
2021-05-13 00:00:00+01:00,46.407268529929084,47.0809216665262,46.20267551868431,46.91126251220703,181473943,0.0,0.0
2021-05-14 00:00:00+01:00,47.5998845730083,48.17373864828739,47.16575069544798,48.153778076171875,321795123,0.0,0.0
2021-05-17 00:00:00+01:00,48.15378152204121,48.35837454554848,40.049975210638365,47.97414016723633,114563454,0.0,0.0
2021-05-18 00:00:00+01:00,48.403279407431505,48.93721233727112,48.21864697109823,48.50307846069336,121810917,0.0,0.0
2021-05-19 00:00:00+01:00,47.87433918454515,48.61286134056819,47.24559446797096,47.864356994628906,145964512,0.0,0.0
2021-05-20 00:00:00+01:00,48.00906799125255,48.388311256807,47.48112359926844,48.12384033203125,137951837,0.0,0.0
2021-05-21 00:00:00+01:00,48.06894475336301,48.45816636155388,47.569941910638406,48.37333679199219,257504751,0.0,0.0
2021-05-24 00:00:00+01:00,48.69271243912963,48.722651400113804,48.183727259854734,48.62285232543945,76212516,0.0,0.0
2021-05-25 00:00:00+01:00,48.90228497802215,49.22164653453591,48.71066652127787,48.972145080566406,189379841,0.0,0.0
2021-05-26 00:00:00+01:00,48.597887492120776,49.08691196260682,47.6268283677154,48.31844711303711,213999790,0.0,0.0
2021-05-27 00:00:00+01:00,48.223638897603436,49.805477142333984,48.14380041503494,49.805477142333984,395645113,0.0,0.0
2021-05-28 00:00:00+01:00,49.90028569322585,50.10088505490964,49.40627393084802,49.790504455566406,221615971,0.0,0.0
2021-06-01 00:00:00+01:00,50.07993276649226,50.45917604721507,49.40128849871045,49.680728912353516,234369961,0.0,0.0
2021-06-02 00:00:00+01:00,49.69569462149521,50.099889540104485,49.416254229046174,49.90028762817383,175429504,0.0,0.0
2021-06-03 00:00:00+01:00,49.9302333174832,50.002092147441445,49.06196926161951,49.45119094848633,131813661,0.0,0.0
2021-06-04 00:00:00+01:00,49.32144724145903,49.52604026795412,48.71266687138553,48.83741760253906,125488064,0.0,0.0
2021-06-07 00:00:00+01:00,48.922244602543486,49.73063066828174,48.922244602543486,49.531028747558594,170434798,0.0,0.0
2021-06-08 00:00:00+01:00,49.40128066950197,49.825432317872725,48.73860344263922,48.8024787902832,105375649,0.0,0.0
2021-06-09 00:00:00+01:00,48.60288589359708,48.83741787862601,47.75956972796289,48.13881301879883,148918120,0.0,0.0
2021-06-10 00:00:00+01:00,48.13880505499692,48.91724827474573,47.889303632555425,48.17872619628906,100447688,0.0,0.0
2021-06-11 00:00:00+01:00,47.94919189521062,48.4222495268225,47.8044843891742,48.29849624633789,124037199,0.0,0.0
2021-06-14 00:00:00+01:00,48.46316766655406,48.647796320723806,47.70967214930267,47.74460220336914,128931040,0.0,0.0
2021-06-15 00:00:00+01:00,48.08890857385344,48.095894583667,47.485115550202046,47.8194465637207,164741804,0.0,0.0
2021-06-16 00:00:00+01:00,47.9042837702886,48.33841771250939,47.425241389436565,47.599891662597656,238985854,0.0,0.0
2021-06-17 00:00:00+01:00,47.90427727399112,48.73761118370168,47.769548169277584,47.85437774658203,225143933,0.0,0.0
2021-06-18 00:00:00+01:00,47.40527198060099,47.90427484355469,46.07592762273113,46.337406158447266,374567463,0.0,0.0
2021-06-21 00:00:00+01:00,46.06296195494559,46.96116880452628,45.47912940626336,46.90128707885742,162030532,0.0,0.0
2021-06-22 00:00:00+01:00,47.17573163395224,47.23561334871073,46.37532908383302,46.67173767089844,114201711,0.0,0.0
2021-06-23 00:00:00+01:00,46.74159721516511,47.2895021449754,46.71165826168478,46.90626907348633,124173209,0.0,0.0
2021-06-24 00:00:00+01:00,47.0958885746024,47.46016233766383,46.801478714490706,47.10087966918945,165329025,0.0,0.0
2021-06-25 00:00:00+01:00,47.48511811830901,47.60986884416784,46.86835049920623,47.12583541870117,99477481,0.0,0.0
2021-06-28 00:00:00+01:00,47.026033413365,47.125836280130414,46.412261962890625,46.412261962890625,102798517,0.0,0.0
2021-06-29 00:00:00+01:00,46.307471758169996,47.22563528888113,46.157769361728356,46.696693420410156,106743496,0.0,0.0
2021-06-30 00:00:00+01:00,46.50706882144186,46.953179820739315,46.05896671407358,46.59688949584961,121885912,0.0,0.0
2021-07-01 00:00:00+01:00,46.88631274550271,47.54998752637258,46.65677186483667,47.5250358581543,142068363,0.0,0.0
2021-07-02 00:00:00+01:00,47.56495857281485,47.74959102528388,46.691703455641935,46.731624603271484,87010694,0.0,0.0
2021-07-05 00:00:00+01:00,46.826434960639055,47.899292063641646,46.80647819289562,47.61486053466797,81200498,0.0,0.0
2021-07-06 00:00:00+01:00,47.65477430241104,47.84439402332381,46.237607972548716,46.34738540649414,100673719,0.0,0.0
2021-07-07 00:00:00+01:00,46.357371287953846,47.19070523732343,46.17573501985378,46.696693420410156,123009564,0.0,0.0
2021-07-08 00:00:00+01:00,46.28750635943664,46.28750635943664,44.850375686103845,45.52403259277344,171421651,0.0,0.0
2021-07-09 00:00:00+01:00,45.663754473773274,46.64679075347199,45.49908261018023,46.61684799194336,165241110,0.0,0.0
2021-07-12 00:00:00+01:00,46.49709016733536,47.23162249377956,45.796490433877494,47.075931549072266,102046957,0.0,0.0
2021-07-13 00:00:00+01:00,47.50507604729889,48.21366308091419,46.62184256171331,46.65677261352539,172623882,0.0,0.0
2021-07-14 00:00:00+01:00,46.65677151618018,47.684716279979085,46.517051312218,46.84140396118164,95471802,0.0,0.0
2021-07-15 00:00:00+01:00,46.81146105567905,46.951181259216064,46.11784732591316,46.4671516418457,114491702,0.0,0.0
2021-07-16 00:00:00+01:00,46.64180531299313,46.86635511268548,45.519048700350766,45.62882995605469,121824323,0.0,0.0
2021-07-19 00:00:00+01:00,44.89528911205774,45.11983888216742,43.27852086883457,43.41324996948242,218332880,0.0,0.0
2021-07-20 00:00:00+01:00,43.577924955146955,44.116849010549714,42.696686396561475,43.99708557128906,283626711,0.0,0.0
2021-07-21 00:00:00+01:00,44.02702795265038,45.74359535583534,44.02702795265038,45.54898452758789,113299851,0.0,0.0
2021-07-22 00:00:00+01:00,46.18770633419933,46.27752700678808,44.98511134757832,45.139801025390625,96907443,0.0,0.0
2021-07-23 00:00:00+01:00,45.4940904051745,46.01305384295793,45.25157498170501,45.79349136352539,79890316,0.0,0.0
2021-07-26 00:00:00+01:00,45.4641599141874,46.56695599709355,44.91026632494583,46.46216583251953,113182682,0.0,0.0
2021-07-27 00:00:00+01:00,46.232616207464865,46.517047688254635,45.52403305280821,46.42722702026367,116360165,0.0,0.0
2021-07-28 00:00:00+01:00,46.267549746807305,47.214654758667116,46.22762860089028,46.686710357666016,148437402,0.0,0.0
2021-07-29 00:00:00+01:00,47.40527495833764,47.80447879661226,45.648786445527236,46.10786819458008,229195738,0.0,0.0
2021-07-30 00:00:00+01:00,45.913259806039214,46.30747257029839,45.28451505988368,45.54399490356445,177334015,0.0,0.0
2021-08-02 00:00:00+01:00,46.31744963331449,46.65178066699869,45.53900631737157,46.142799377441406,131446292,0.0,0.0
2021-08-03 00:00:00+01:00,46.382316744084726,47.22563283993387,46.16774535075997,46.756568908691406,128068426,0.0,0.0
2021-08-04 00:00:00+01:00,47.03102150019975,47.210662841796875,46.46215852083879,47.210662841796875,119502780,0.0,0.0
2021-08-05 00:00:00+01:00,45.92475128881374,46.24416189786485,45.131226087427486,45.8199462890625,209014249,0.66999996,0.0
2021-08-06 00:00:00+01:00,45.914774687183375,46.75321855116756,45.61533126596681,46.49370193481445,189035870,0.0,0.0
2021-08-09 00:00:00+01:00,46.41384124970269,46.65838622886068,45.91177489140276,46.55358123779297,145241106,0.0,0.0
2021-08-10 00:00:00+01:00,46.49868284138192,46.91291481152746,46.07946287711109,46.55358123779297,146480424,0.0,0.0
2021-08-11 00:00:00+01:00,45.86985935854827,46.618469806772936,45.86985935854827,46.39887619018555,93376765,0.0,0.0
2021-08-12 00:00:00+01:00,46.52863639189607,46.91791321567866,46.299059170436436,46.468746185302734,120589951,0.0,0.0
2021-08-13 00:00:00+01:00,46.493701975951076,46.68834039029554,46.01957973494481,46.14434814453125,97244160,0.0,0.0
2021-08-16 00:00:00+01:00,45.7101473200587,46.15432630884539,45.09628894952841,45.54545593261719,129649585,0.0,0.0
2021-08-17 00:00:00+01:00,45.10127747638751,45.285932250516225,44.53732193560573,44.906639099121094,142452591,0.0,0.0
2021-08-18 00:00:00+01:00,44.91662326574975,45.06634686635398,44.06819968267065,44.582244873046875,210746042,0.0,0.0
2021-08-19 00:00:00+01:00,43.49925775023398,44.33270976653938,43.48927414574427,43.74879455566406,121780565,0.0,0.0
2021-08-20 00:00:00+01:00,43.69389342831364,44.207938606213695,43.439364836515736,43.90350341796875,94540376,0.0,0.0
2021-08-23 00:00:00+01:00,44.41755025367671,44.63714385539472,43.79171305793565,43.87356185913086,84657085,0.0,0.0
2021-08-24 00:00:00+01:00,44.063213406732345,44.13308341374246,42.96026108735281,43.678924560546875,130225067,0.0,0.0
2021-08-25 00:00:00+01:00,43.768753020907035,44.55429742287447,43.62901302268978,44.43252182006836,104292224,0.0,0.0
2021-08-26 00:00:00+01:00,44.07318496820517,44.621167525139164,44.003314974252135,44.1430549621582,60504059,0.0,0.0
2021-08-27 00:00:00+01:00,44.028271810748215,44.192967005881705,43.57910482748835,44.00830841064453,86397494,0.0,0.0
2021-08-31 00:00:00+01:00,43.4593244466823,43.81865800197152,43.17984067721907,43.69388961791992,180138382,0.0,0.0
2021-09-01 00:00:00+01:00,43.98335321004017,44.916622174864436,43.86557181476505,43.938438415527344,114135172,0.0,0.0
2021-09-02 00:00:00+01:00,43.898508323052965,44.08815489837735,43.374483388224164,43.544166564941406,124161702,0.0,0.0
2021-09-03 00:00:00+01:00,43.53418894579724,43.94342911862977,43.19781156427579,43.329566955566406,104016579,0.0,0.0
2021-09-06 00:00:00+01:00,43.23473907081209,43.79869460360779,43.23473907081209,43.69388961791992,55784411,0.0,0.0
2021-09-07 00:00:00+01:00,43.61403983597162,43.698881430710216,43.00018146506382,43.169864654541016,86413291,0.0,0.0
2021-09-08 00:00:00+01:00,42.75563102648036,42.91533441358105,42.166724072616105,42.3264274597168,132109308,0.0,0.0
2021-09-09 00:00:00+01:00,41.80740017258784,42.732684717606986,41.27339149145266,42.42625427246094,189086621,0.0,0.0
2021-09-10 00:00:00+01:00,42.65581674699032,43.4044270688185,42.29149138167718,42.48612976074219,151608361,0.0,0.0
2021-09-13 00:00:00+01:00,42.88040331049077,43.743802324163326,42.779592513436704,43.54716491699219,18630685,0.0,0.0
2021-09-14 00:00:00+01:00,43.494263784878584,44.05322376436021,43.369495388368684,43.474300384521484,192641762,0.0,0.0
2021-09-15 00:00:00+01:00,43.364504106662764,44.3975862898546,43.349532508122635,44.0582160949707,221126861,0.0,0.0
2021-09-16 00:00:00+01:00,43.99333412226724,44.886676232225575,43.99333412226724,44.68704605102539,185598411,0.0,0.0
2021-09-17 00:00:00+01:00,44.9166216135192,45.370780393051234,44.27281624680992,44.9615364074707,385392982,0.0,0.0
2021-09-20 00:00:00+01:00,44.23788181297853,44.57425920299604,43.065059661865234,43.065059661865234,204629300,0.0,0.0
2021-09-21 00:00:00+01:00,43.469306371774216,44.148046718879236,42.17670767733231,42.396297454833984,181988223,0.0,0.0
2021-09-22 00:00:00+01:00,42.82051678821617,43.94343239831663,42.82051678821617,43.89851379394531,129583974,0.0,0.0
2021-09-23 00:00:00+01:00,44.317732169368455,45.046379085691974,44.008305201767115,44.97650909423828,205133028,0.0,0.0
2021-09-24 00:00:00+01:00,44.866711247249334,45.725118330724065,44.41754430733478,45.345821380615234,324395421,0.0,0.0
2021-09-27 00:00:00+01:00,45.70016751961689,45.884826114766724,45.26098414043121,45.75506591796875,195196130,0.0,0.0
2021-09-28 00:00:00+01:00,45.75506537272928,46.08445195128609,44.786861421656795,45.41569519042969,166065990,0.0,0.0
2021-09-29 00:00:00+01:00,45.91476930632318,46.50367628233988,45.56741452150373,46.34896469116211,205461578,0.0,0.0
2021-09-30 00:00:00+01:00,46.693317392907396,46.84304097221591,46.25912586664454,46.483707427978516,191716362,0.0,0.0
2021-10-01 00:00:00+01:00,45.65025928051038,45.8199424637617,44.55229516061164,45.15617752075195,215095589,0.0,0.0
2021-10-04 00:00:00+01:00,45.03639820699369,45.37576838928255,44.38760484601414,44.71699142456055,152963709,0.0,0.0
2021-10-05 00:00:00+01:00,44.91661950912588,46.55857194587496,44.76190792703573,46.43380355834961,281471241,0.0,0.0
2021-10-06 00:00:00+01:00,46.38888383440048,46.63842060340237,45.56541554279737,45.96467208862305,191400085,0.0,0.0
2021-10-07 00:00:00+01:00,46.46873582475781,46.63343100044726,45.51550357239959,46.41383743286133,154291815,0.0,0.0
2021-10-08 00:00:00+01:00,46.60848289981346,46.94286129583319,46.41384450167485,46.77317810058594,208191732,0.0,0.0
2021-10-11 00:00:00+01:00,46.813107519106445,47.93602317466213,46.683347310550396,47.8411979675293,244678652,0.0,0.0
2021-10-12 00:00:00+01:00,47.10755536284649,48.43509292602539,46.863010372440115,48.43509292602539,174980639,0.0,0.0
2021-10-13 00:00:00+01:00,48.644700704995444,48.85930248899429,47.1075532199632,47.671504974365234,378238931,0.0,0.0
2021-10-14 00:00:00+01:00,48.16559164413292,48.56484821835135,47.91106305551432,48.35024642944336,202565119,0.0,0.0
2021-10-15 00:00:00+01:00,47.9110662565864,49.13878687249589,47.86615145963299,49.02400207519531,221566294,0.0,0.0
2021-10-18 00:00:00+01:00,49.22861535398794,49.427247939482676,48.864293789678946,49.18370056152344,140189076,0.0,0.0
2021-10-19 00:00:00+01:00,49.31845147602224,49.4182646698868,41.81238430700347,49.3084716796875,121304250,0.0,0.0
2021-10-20 00:00:00+01:00,49.36835807648509,49.40329307510311,48.40015791151597,48.9591178894043,114000700,0.0,0.0
2021-10-21 00:00:00+01:00,48.90920909925302,49.15375407861313,47.69646019071128,48.23046875,146037620,0.0,0.0
2021-10-22 00:00:00+01:00,48.30033009157361,48.78443196944234,48.04580155429274,48.634708404541016,108911852,0.0,0.0
2021-10-25 00:00:00+01:00,48.574830740015315,48.847323717093055,48.26041195883498,48.684627532958984,175889841,0.0,0.0
2021-10-26 00:00:00+01:00,48.55986022666496,49.07889339241332,48.32329603256325,48.909210205078125,140396860,0.0,0.0
2021-10-27 00:00:00+01:00,48.96410696303363,49.228615338921166,48.50994819867648,48.86928176879883,158926004,0.0,0.0
2021-10-28 00:00:00+01:00,49.90736010340768,50.24673030441603,49.056937499265246,49.48814010620117,197110071,0.0,0.0
2021-10-29 00:00:00+01:00,49.732684527839744,50.38646971917127,49.538046130303954,50.126953125,261931165,0.0,0.0
2021-11-01 00:00:00+00:00,50.77574376263909,51.30875472947125,49.5380434457728,51.01530075073242,160606916,0.0,0.0
2021-11-02 00:00:00+00:00,51.45448851979499,51.4844355256356,41.36721370198243,50.93545150756836,200088158,0.0,0.0
2021-11-03 00:00:00+00:00,50.755779257853916,50.905502848105854,50.20679910631193,50.406429290771484,174756403,0.0,0.0
2021-11-04 00:00:00+00:00,50.59607636780295,50.63600316661208,47.93601717493241,48.16059875488281,307214200,0.0,0.0
2021-11-05 00:00:00+00:00,48.01087624885747,49.243588584654184,48.01087624885747,49.014015197753906,252705505,0.0,0.0
2021-11-08 00:00:00+00:00,48.80440792136866,49.468176724837946,48.42511091829629,49.06891632080078,144957324,0.0,0.0
2021-11-09 00:00:00+00:00,48.744514463900906,48.95412444859195,47.995904112036484,48.29035949707031,149628755,0.0,0.0
2021-11-10 00:00:00+00:00,48.15561177528999,49.42325920720007,48.12866137377655,49.18869400024414,185145255,0.0,0.0
2021-11-11 00:00:00+00:00,49.7326839979584,50.14691599143057,49.21863880955213,49.78758239746094,135785483,0.0,0.0
2021-11-12 00:00:00+00:00,49.837490119105105,50.126953721624396,49.13878631591797,49.13878631591797,129816197,0.0,0.0
2021-11-15 00:00:00+00:00,48.90921020703206,49.76262556087192,48.84732480976366,49.53804397583008,102041060,0.0,0.0
2021-11-16 00:00:00+00:00,49.727691106618444,49.92232949781681,49.44321931889551,49.87741470336914,122565303,0.0,0.0
2021-11-17 00:00:00+00:00,50.03711536235597,50.897517678158025,49.89238357543945,49.89238357543945,185774937,0.0,0.0
2021-11-18 00:00:00+00:00,49.72768783895259,50.14691159772931,49.438224268324504,49.79755783081055,92350825,0.0,0.0
2021-11-19 00:00:00+00:00,50.206799617712086,50.29663301125247,48.255423968625344,48.964107513427734,257598027,0.0,0.0
2021-11-22 00:00:00+00:00,49.10883877772673,49.72269712065697,48.84931839577535,49.637855529785156,101510147,0.0,0.0
2021-11-23 00:00:00+00:00,49.203663940322556,50.20680293316178,49.01900914691674,49.7426643371582,129421977,0.0,0.0
2021-11-24 00:00:00+00:00,49.87242675241335,50.05708536164732,49.31845473234096,49.42325973510742,104335977,0.0,0.0
2021-11-25 00:00:00+00:00,49.423258094580746,49.60292489553936,49.00902609194675,49.59294509887695,121090724,0.0,0.0
2021-11-26 00:00:00+00:00,47.411988921787426,47.88111929377065,45.32086945511148,45.91476821899414,499035260,0.0,0.0
2021-11-29 00:00:00+00:00,46.73824255611599,47.33213754018552,46.16430716497156,46.713287353515625,288599389,0.0,0.0
2021-11-30 00:00:00+00:00,45.914770369485225,47.097576150837,45.4206885805585,46.713287353515625,347879561,0.0,0.0
2021-12-01 00:00:00+00:00,46.32899968055348,47.93401815435117,46.32899968055348,47.60163497924805,160559657,0.0,0.0
2021-12-02 00:00:00+00:00,47.022713252074695,47.37705503647128,46.34896468152823,46.83805465698242,161779350,0.0,0.0
2021-12-03 00:00:00+00:00,47.33213199237914,47.676493948228945,46.24415534690478,46.39387512207031,159110425,0.0,0.0
2021-12-06 00:00:00+00:00,46.39388441416458,46.887966244138106,46.06948579155644,46.189266204833984,187595223,0.0,0.0
2021-12-07 00:00:00+00:00,46.66337966186768,47.76633181514177,46.47872106679077,47.39701843261719,187536547,0.0,0.0
2021-12-08 00:00:00+00:00,47.71642797222649,47.78130617052904,46.60049935411992,47.277244567871094,117947392,0.0,0.0
2021-12-09 00:00:00+00:00,47.16744229308394,47.16744229308394,46.48371015859907,46.60847854614258,93239410,0.0,0.0
2021-12-10 00:00:00+00:00,46.32401112358944,46.78315791902173,46.17927932353656,46.249149322509766,82200068,0.0,0.0
2021-12-13 00:00:00+00:00,46.24415687003818,46.24814726523518,44.217915672259394,44.267822265625,315907539,0.0,0.0
2021-12-14 00:00:00+00:00,44.667082669025326,45.45861258726865,44.53233448605095,45.106266021728516,143831905,0.0,0.0
2021-12-15 00:00:00+00:00,45.09129993544007,45.44065374727704,44.27281951904297,44.27281951904297,114000489,0.0,0.0
2021-12-16 00:00:00+00:00,44.91661791783285,47.34211559000614,44.272812604095115,46.324005126953125,323349438,0.0,0.0
2021-12-17 00:00:00+00:00,46.26911273298706,47.237316729860254,45.635290939989154,46.0744743347168,359113278,0.0,0.0
2021-12-20 00:00:00+00:00,44.98649755400684,45.82993322309248,44.74195253682029,45.37577438354492,209209569,0.0,0.0
2021-12-21 00:00:00+00:00,45.85986766472891,46.3639330104279,45.82493266894556,46.269107818603516,135939459,0.0,0.0
2021-12-22 00:00:00+00:00,46.38888767339401,47.057648249630574,46.21221748444293,46.872989654541016,104721929,0.0,0.0
2021-12-23 00:00:00+00:00,47.10755051751364,47.62658744921466,46.96681293860058,47.54673385620117,97487752,0.0,0.0
2021-12-24 00:00:00+00:00,47.6764951232475,48.015865286000455,47.35209655761719,47.35209655761719,52779157,0.0,0.0
2021-12-29 00:00:00+00:00,48.38019453617259,48.64470292693537,47.63657215321655,47.91106414794922,95297983,0.0,0.0
2021-12-30 00:00:00+00:00,47.61161913999429,48.475014280203624,47.61161913999429,48.25542449951172,69823271,0.0,0.0
2021-12-31 00:00:00+00:00,48.06079104329617,48.24544584548377,47.7114372253418,47.7114372253418,50362743,0.0,0.0
2022-01-04 00:00:00+00:00,49.12880379558998,49.9073573518373,48.50994982293418,49.81752395629883,238638895,0.0,0.0
2022-01-05 00:00:00+00:00,50.10698754361495,51.145061490381664,49.907357352678396,50.586097717285156,268522660,0.0,0.0
2022-01-06 00:00:00+00:00,49.84247968162499,51.90365219116211,49.5769698876141,51.90365219116211,320456504,0.0,0.0
2022-01-07 00:00:00+00:00,52.662242347014704,53.08146613307357,52.01344897930753,52.742095947265625,226744765,0.0,0.0
2022-01-10 00:00:00+00:00,52.851898210388505,53.091451420660334,52.29293437370486,52.712158203125,254924966,0.0,0.0
2022-01-11 00:00:00+00:00,52.782023835169376,52.95170702775572,52.282950246203484,52.7920036315918,184117239,0.0,0.0
2022-01-12 00:00:00+00:00,53.2112268727221,53.31104006642518,52.53248649417923,53.08146667480469,139325708,0.0,0.0
2022-01-13 00:00:00+00:00,53.15133558223998,54.01672973752172,52.84190859589733,53.87000274658203,142086003,0.0,0.0
2022-01-14 00:00:00+00:00,53.68035501750938,54.9380226175635,53.32102141749392,54.8681526184082,212668176,0.0,0.0
2022-01-17 00:00:00+00:00,55.187558315405724,55.89723949593333,54.818241118521364,55.027854919433594,229444944,0.0,0.0
2022-01-18 00:00:00+00:00,54.81824058684702,55.74651775681594,54.26926040649414,54.26926040649414,220513159,0.0,0.0
2022-01-19 00:00:00+00:00,54.09957722960194,54.778317607981506,53.43081664753858,53.78017044067383,236887004,0.0,0.0
2022-01-20 00:00:00+00:00,53.400872916218006,53.61048290542261,51.82379858000225,52.8818359375,221857195,0.0,0.0
2022-01-21 00:00:00+00:00,52.03341074354029,52.52250070299881,51.25485339608709,51.65411376953125,187327605,0.0,0.0
2022-01-24 00:00:00+00:00,50.975379014651615,51.65411943943229,49.1337961466304,49.178714752197266,282598008,0.0,0.0
2022-01-25 00:00:00+00:00,50.296636826919084,51.22491402804878,49.77261183120354,50.815673828125,277583398,0.0,0.0
2022-01-26 00:00:00+00:00,51.31474736722508,52.82194796291446,51.31474736722508,51.933597564697266,149908245,0.0,0.0
2022-01-27 00:00:00+00:00,51.34469001914952,53.18128099877601,50.955413224753194,52.15319061279297,249529611,0.0,0.0
2022-01-28 00:00:00+00:00,51.85374339299484,52.362796746358924,50.665945889096875,51.105133056640625,358298322,0.0,0.0
2022-01-31 00:00:00+00:00,51.374633776408466,51.743947146768285,50.715856825774864,50.95541000366211,156167834,0.0,0.0
2022-02-01 00:00:00+00:00,51.704019837694034,52.29292678833008,51.19496648398515,52.29292678833008,179517363,0.0,0.0
2022-02-02 00:00:00+00:00,52.94172504728276,53.51066861062242,52.55244827316922,52.76205825805664,212887878,0.0,0.0
2022-02-03 00:00:00+00:00,53.0914475543569,54.39902174126976,52.088312371997255,53.20124435424805,261163021,0.0,0.0
2022-02-04 00:00:00+00:00,53.70031575142813,53.87000274639907,51.21493148746897,51.2848014831543,310615405,0.0,0.0
2022-02-07 00:00:00+00:00,51.99349151933122,52.67223196849098,51.504397680990046,52.4925651550293,170499842,0.0,0.0
2022-02-08 00:00:00+00:00,52.88183539339141,53.16131537612195,52.22305842864859,52.40272521972656,165211945,0.0,0.0
2022-02-09 00:00:00+00:00,52.60235378808104,52.99163055419922,51.90365004517783,52.99163055419922,170858759,0.0,0.0
2022-02-10 00:00:00+00:00,52.881832152173075,53.301055908203125,52.412701803375604,53.301055908203125,184243619,0.0,0.0
2022-02-11 00:00:00+00:00,52.92176272690078,53.86001968383789,52.472595744675324,53.86001968383789,177202605,0.0,0.0
2022-02-14 00:00:00+00:00,52.42268585039439,52.85188940556061,51.11511178609393,51.61418533325195,224580586,0.0,0.0
2022-02-15 00:00:00+00:00,51.18498501479994,52.682205750951695,51.12809141881306,52.53248596191406,151011097,0.0,0.0
2022-02-16 00:00:00+00:00,52.55245323550781,52.742099838652294,51.484436002941955,51.83378601074219,213579368,0.0,0.0
2022-02-17 00:00:00+00:00,51.80383955914533,51.97352275009862,50.825651983472575,51.194969177246094,189461870,0.0,0.0
2022-02-18 00:00:00+00:00,50.915481583916936,52.073332060522915,50.566131624107406,51.12509536743164,182220365,0.0,0.0
2022-02-21 00:00:00+00:00,51.21492983468199,51.8307833756868,50.44635609931726,50.82564926147461,118166880,0.0,0.0
2022-02-22 00:00:00+00:00,49.26854378968187,51.601211662007664,48.524925231234505,51.21493148803711,175512574,0.0,0.0
2022-02-23 00:00:00+00:00,51.2648354017731,52.462612677143575,51.11511181449091,52.10327911376953,185341500,0.0,0.0
2022-02-24 00:00:00+00:00,47.911065302505634,49.44122589489649,45.914770914901226,46.45875930786133,706276732,0.0,0.0
2022-02-25 00:00:00+00:00,47.2672587307229,49.986210644305295,46.45875815309246,49.58795166015625,518677124,0.0,0.0
2022-02-28 00:00:00+00:00,47.48685342569036,48.92917581366473,46.94785302812524,48.34526062011719,396856621,0.0,0.0
2022-03-01 00:00:00+00:00,48.43508778745791,49.3683528551034,45.69517135620117,45.69517135620117,438016914,0.0,0.0
2022-03-02 00:00:00+00:00,45.280951831360134,46.493700896693944,45.11625662069798,45.9896354675293,402627643,0.0,0.0
2022-03-03 00:00:00+00:00,46.04951472399808,46.828072050185845,44.915621843509776,45.07133102416992,282139905,0.0,0.0
2022-03-04 00:00:00+00:00,44.61717540143892,44.984493558689394,42.54901223765948,42.95026779174805,490561743,0.0,0.0
2022-03-07 00:00:00+00:00,40.74935318545375,45.020423648733946,38.024412255539474,41.17356491088867,652244747,0.0,0.0
2022-03-08 00:00:00+00:00,40.325148360716746,43.515225955658686,40.055648160084154,41.88225555419922,384654494,0.0,0.0
2022-03-09 00:00:00+00:00,44.71699035194461,45.60035268813256,43.18483467033957,45.29591751098633,331892436,0.0,0.0
2022-03-10 00:00:00+00:00,45.78500464478823,45.874838032628226,44.06320248675531,44.50737762451172,259040367,0.0,0.0
2022-03-11 00:00:00+00:00,44.91662161718831,46.57953512970373,44.4654594417937,45.380760192871094,212963198,0.0,0.0
2022-03-14 00:00:00+00:00,46.513657658225604,47.95099205264143,46.05451086340027,47.64655685424805,297152997,0.0,0.0
2022-03-15 00:00:00+00:00,46.91291375017456,47.91804785048854,46.75820216795037,47.30718231201172,160710514,0.0,0.0
2022-03-16 00:00:00+00:00,48.509950367262086,48.94215055412241,47.891100195291386,48.51494216918945,277001718,0.0,0.0
2022-03-17 00:00:00+00:00,48.809398123774976,49.12580830924162,47.19738876927355,47.91106414794922,294112234,0.0,0.0
2022-03-18 00:00:00+00:00,48.03083591292174,49.048946380615234,47.83120573751791,49.048946380615234,393533448,0.0,0.0
2022-03-21 00:00:00+00:00,48.9092151489995,49.44023097749372,48.31531631803447,48.53990173339844,202484121,0.0,0.0
2022-03-22 00:00:00+00:00,48.90921127112406,50.3545302296673,48.674646077235735,50.146915435791016,242793033,0.0,0.0
2022-03-23 00:00:00+00:00,50.40643370173812,50.59608029937432,49.41826629638672,49.41826629638672,247762719,0.0,0.0
2022-03-24 00:00:00+00:00,49.35837881417971,49.87741580471262,48.9092118216388,49.40329360961914,190132342,0.0,0.0
2022-03-25 00:00:00+00:00,49.31345305840174,49.40827824519231,48.46203299764639,48.65966796875,236818957,0.0,0.0
2022-03-28 00:00:00+01:00,48.809397557455604,49.453199123760086,48.54987716405961,48.68961715698242,151203320,0.0,0.0
2022-03-29 00:00:00+01:00,49.18868911358994,50.13692964409769,47.871135212877995,49.90735626220703,339933264,0.0,0.0
2022-03-30 00:00:00+01:00,48.644700162563346,48.984070333297495,47.821228032790735,48.03083801269531,222324698,0.0,0.0
2022-03-31 00:00:00+01:00,48.090730965664015,48.84932113967203,46.78315680193324,46.96781539916992,243453766,0.0,0.0
2022-04-01 00:00:00+01:00,46.91291969317566,48.17158493104516,46.75820809135237,47.30219650268555,224342983,0.0,0.0
2022-04-04 00:00:00+01:00,47.38204683909725,47.62160002489855,46.07946449246129,46.80311965942383,297778711,0.0,0.0
2022-04-05 00:00:00+01:00,46.16430555127627,46.98278590725072,45.42068699285675,46.21920394897461,315833767,0.0,0.0
2022-04-06 00:00:00+01:00,45.91476488303861,46.51964099780549,42.04694501517395,45.10127639770508,314994133,0.0,0.0
2022-04-07 00:00:00+01:00,43.97134231948839,45.219393562829346,43.87648920619444,44.2658805847168,287353573,1.3299999,0.0
2022-04-08 00:00:00+01:00,44.750129566985464,45.12953824948292,44.47356095712882,44.51549530029297,218503989,0.0,0.0
2022-04-11 00:00:00+01:00,44.88990419234766,45.41908048573218,44.62132638007085,45.00971984863281,222249258,0.0,0.0
2022-04-12 00:00:00+01:00,44.715180308687124,45.07961295178691,44.05121612548828,44.05121612548828,182370333,0.0,0.0
2022-04-13 00:00:00+01:00,43.931404932108066,44.500516009483086,43.801606532904046,44.07118606567383,173041476,0.0,0.0
2022-04-14 00:00:00+01:00,44.136088251957055,45.210407221635585,43.901453996825005,44.90987777709961,271041803,0.0,0.0
2022-04-19 00:00:00+01:00,45.274311888189985,45.51193982870815,44.540457086662855,45.29927062988281,238670995,0.0,0.0
2022-04-20 00:00:00+01:00,45.528912810242716,46.70208415422008,45.31424782057351,46.25777816772461,394130211,0.0,0.0
2022-04-21 00:00:00+01:00,46.37758681965525,47.07849209078554,46.06507505005052,46.851844787597656,384394005,0.0,0.0
2022-04-22 00:00:00+01:00,46.26775743469055,46.981642922752116,45.68865980968944,46.038116455078125,280705858,0.0,0.0
2022-04-25 00:00:00+01:00,44.9598014983397,46.21284614484782,44.9598014983397,45.329227447509766,208369479,0.0,0.0
2022-04-26 00:00:00+01:00,46.397552153968256,46.95667664823172,45.81346130371094,45.81346130371094,228502090,0.0,0.0
2022-04-27 00:00:00+01:00,46.40753876486342,47.156369539743686,45.169474016628186,45.698646545410156,157498181,0.0,0.0
2022-04-28 00:00:00+01:00,47.256214697197485,47.36105054589952,45.723604094803,46.2378044128418,180513125,0.0,0.0
2022-04-29 00:00:00+01:00,47.03156423187463,47.03156423187463,45.29926843650104,45.808475494384766,236270368,0.0,0.0
2022-05-03 00:00:00+01:00,46.023138953078046,46.537335456882346,45.37914405327699,46.10800552368164,263640585,0.0,0.0
2022-05-04 00:00:00+01:00,46.3326508910994,46.41252799499794,45.57883071899414,45.57883071899414,153014211,0.0,0.0
2022-05-05 00:00:00+01:00,46.5323473857073,46.64816768163646,43.8315661688612,43.95637130737305,278830409,0.0,0.0
2022-05-06 00:00:00+01:00,43.85152132671408,44.1909913759828,42.936952929889785,43.3023796081543,249267152,0.0,0.0
2022-05-09 00:00:00+01:00,42.93295781230519,43.51005575694299,42.27898025512695,42.27898025512695,217928445,0.0,0.0
2022-05-10 00:00:00+01:00,42.78319834917009,43.409223612229425,42.36884819954601,42.52360534667969,285482325,0.0,0.0
2022-05-11 00:00:00+01:00,42.55854893177421,43.29739697031085,42.134212255494845,43.047786712646484,283221789,0.0,0.0
2022-05-12 00:00:00+01:00,41.9345182692569,43.232490692031554,41.9345182692569,42.89302062988281,225911923,0.0,0.0
2022-05-13 00:00:00+01:00,43.322354171269886,44.031246363744536,43.260450555338984,43.80659866333008,198089223,0.0,0.0
2022-05-16 00:00:00+01:00,43.801606069449264,43.801606069449264,42.96291546817846,43.596927642822266,183524453,0.0,0.0
2022-05-17 00:00:00+01:00,43.69676706081368,44.28085409569291,43.56197920997614,43.731712341308594,164574627,0.0,0.0
2022-05-18 00:00:00+01:00,44.2658780910165,44.38569374592756,43.66681505146087,43.731712341308594,274192408,0.0,0.0
2022-05-19 00:00:00+01:00,43.41221453201358,43.73670862107377,43.03779915434801,43.3622932434082,367472497,0.0,0.0
2022-05-20 00:00:00+01:00,43.87149446269298,44.1850079105606,43.23249285694369,43.53202438354492,143042487,0.0,0.0
2022-05-23 00:00:00+01:00,44.11112525593953,44.43561935424805,43.59992240975043,44.43561935424805,153652513,0.0,0.0
2022-05-24 00:00:00+01:00,44.23592925502894,44.50051551329254,43.64684890674859,43.94138717651367,209869467,0.0,0.0
2022-05-25 00:00:00+01:00,44.65028099828656,44.69021574207975,43.671809313478406,44.220951080322266,136685508,0.0,0.0
2022-05-26 00:00:00+01:00,44.07618442180761,45.309259834616384,44.0102854176673,45.26432800292969,141324775,0.0,0.0
2022-05-27 00:00:00+01:00,44.989755692337276,45.47299851617968,44.63530957184579,45.16448211669922,115937021,0.0,0.0
2022-05-30 00:00:00+01:00,45.5638607930718,45.578840609865935,44.760119160988346,45.06963348388672,222809031,0.0,0.0
2022-05-31 00:00:00+01:00,44.93484116655851,45.250346623276144,44.516491831594564,44.82001876831055,210154728,0.0,0.0
2022-06-01 00:00:00+01:00,45.42906856801041,45.93827183654892,44.820018907478776,45.05465316772461,167384483,0.0,0.0
2022-06-06 00:00:00+01:00,45.074618944664614,45.76354185652385,44.9987372161446,45.52391815185547,116237977,0.0,0.0
2022-06-07 00:00:00+01:00,45.32922989450575,45.738590615109736,45.18545336288488,45.5189323425293,151939551,0.0,0.0
2022-06-08 00:00:00+01:00,45.518928488611394,46.02813175795738,45.29827234201965,45.8633918762207,233965670,0.0,0.0
2022-06-09 00:00:00+01:00,45.55886346651544,46.12797452644478,44.72017288208008,44.72017288208008,179885942,0.0,0.0
2022-06-10 00:00:00+01:00,44.45059543022189,44.8300040907826,43.30737998565429,43.631874084472656,189741358,0.0,0.0
2022-06-13 00:00:00+01:00,42.92797290043501,43.31237484673799,42.46369764878038,42.75823974609375,267597316,0.0,0.0
2022-06-14 00:00:00+01:00,42.753237889594516,44.01626498490691,42.7232858821957,43.3023796081543,207140046,0.0,0.0
2022-06-15 00:00:00+01:00,43.87150223080191,44.73016221884741,43.87150223080191,43.996307373046875,200365636,0.0,0.0
2022-06-16 00:00:00+01:00,43.806597881705194,44.07517951012527,42.08927818184459,42.17414855957031,356451945,0.0,0.0
2022-06-17 00:00:00+01:00,42.533588620390454,43.23050235512724,41.897584423168816,42.19411849975586,462801860,0.0,0.0
2022-06-20 00:00:00+01:00,42.60347867568343,44.01927119197512,42.433745521796446,43.67680358886719,178986967,0.0,0.0
2022-06-21 00:00:00+01:00,43.6468492769233,44.05620994216622,43.297396443941615,43.37726974487305,135749198,0.0,0.0
2022-06-22 00:00:00+01:00,42.73826597138926,44.35573927428948,42.67336867957152,43.77165222167969,364845777,0.0,0.0
2022-06-23 00:00:00+01:00,43.432180978032086,43.62687665702672,42.24403762817383,42.24403762817383,171396421,0.0,0.0
2022-06-24 00:00:00+01:00,42.33389909270411,43.50706648293085,42.12921686352089,43.32734680175781,154135548,0.0,0.0
2022-06-27 00:00:00+01:00,43.30737852576532,43.831561576090216,42.908000600874914,43.24248123168945,174288024,0.0,0.0
2022-06-28 00:00:00+01:00,43.41221851807119,43.921425611351246,43.35730395293804,43.36729049682617,144944851,0.0,0.0
2022-06-29 00:00:00+01:00,42.84310480735087,43.57695958000844,42.70831694301085,42.94294738769531,140907259,0.0,0.0
2022-06-30 00:00:00+01:00,42.308934918255396,42.63342898616309,41.09083575018647,42.24403762817383,202685856,0.0,0.0
2022-07-01 00:00:00+01:00,41.92952957692053,43.447160384677154,41.78974844349233,42.3438835144043,164077179,0.0,0.0
2022-07-04 00:00:00+01:00,42.53858382983089,43.0477909383517,42.49365580724116,42.59849166870117,121946765,0.0,0.0
2022-07-05 00:00:00+01:00,43.01783380125962,43.20754004751537,41.27056187943347,41.290531158447266,240981322,0.0,0.0
2022-07-06 00:00:00+01:00,42.19411319979798,42.28397303834789,41.03093237863799,41.23061752319336,236946426,0.0,0.0
2022-07-07 00:00:00+01:00,42.07430778807524,42.428753925261134,41.854649524959804,42.22906494140625,298265424,0.0,0.0
2022-07-08 00:00:00+01:00,42.234058897763745,42.35387076651786,41.335464168981915,42.13421630859375,186397848,0.0,0.0
2022-07-11 00:00:00+01:00,41.939514488936716,42.408779160231006,41.879606658904436,41.94949722290039,244353890,0.0,0.0
2022-07-12 00:00:00+01:00,41.62999835538975,42.35885984873823,41.310497531147966,42.35386657714844,286282528,0.0,0.0
2022-07-13 00:00:00+01:00,42.13920395354565,42.478670234892654,41.45027723051758,41.84965515136719,122084806,0.0,0.0
2022-07-14 00:00:00+01:00,41.71486436799048,42.07929701414164,40.901136312303926,40.956050872802734,160376313,0.0,0.0
2022-07-15 00:00:00+01:00,40.88116568433442,42.13920345397115,40.82924861196454,41.834678649902344,198862299,0.0,0.0
2022-07-18 00:00:00+01:00,42.03436621582354,42.78819026667242,41.98444492562666,42.71330642700195,133752465,0.0,0.0
2022-07-19 00:00:00+01:00,42.76323222154766,44.280859273720516,42.703324387086745,44.00129699707031,162523267,0.0,0.0
2022-07-20 00:00:00+01:00,44.310813639095024,44.38070420596069,43.00285452864424,43.38226318359375,280399425,0.0,0.0
2022-07-21 00:00:00+01:00,43.32735228736516,43.50707199129222,42.573528185268316,43.262454986572266,171479713,0.0,0.0
2022-07-22 00:00:00+01:00,43.45215409855055,43.57695922734622,42.90301229359965,43.16260528564453,105003022,0.0,0.0
2022-07-25 00:00:00+01:00,42.972899233221305,43.98132291290833,42.74325827267376,43.74169921875,347369205,0.0,0.0
2022-07-26 00:00:00+01:00,44.15605150210793,44.190996784600124,43.23249434302839,43.462135314941406,121457791,0.0,0.0
2022-07-27 00:00:00+01:00,45.42407027781667,45.94326003257012,44.71318232736578,45.24934387207031,430832156,0.0,0.0
2022-07-28 00:00:00+01:00,46.18788184248489,46.3276667904856,44.090159243627504,44.355743408203125,146966969,0.0,0.0
2022-07-29 00:00:00+01:00,44.98975601895565,45.36217182651354,44.70520046614312,45.17446517944336,171585264,0.0,0.0
2022-08-01 00:00:00+01:00,45.254343653374434,45.824452668744215,44.84498295441578,44.984764099121094,92978858,0.0,0.0
2022-08-02 00:00:00+01:00,44.984764049331105,45.595809514795484,44.72816471719163,45.329227447509766,466951554,0.0,0.0
2022-08-03 00:00:00+01:00,45.0097218062924,45.98320025126262,44.86494740521347,45.75855255126953,279571303,0.0,0.0
2022-08-04 00:00:00+01:00,45.20731847449542,45.90634999874111,44.68803802246764,45.03755187988281,278450384,0.8,0.0
2022-08-05 00:00:00+01:00,44.99261232719086,45.18434780434528,44.278602240377616,44.84781265258789,156912354,0.0,0.0
2022-08-08 00:00:00+01:00,45.257251603965535,45.57181409734305,44.6331169516498,45.177364349365234,166802613,0.0,0.0
2022-08-09 00:00:00+01:00,45.042541771811564,45.49691355297831,44.91771486174355,44.93269348144531,101392930,0.0,0.0
2022-08-10 00:00:00+01:00,45.16737029032599,45.52687241363042,44.945677568249266,45.407039642333984,100816356,0.0,0.0
2022-08-11 00:00:00+01:00,45.756561154449386,45.8314580776036,45.2392767796956,45.5418586730957,91697725,0.0,0.0
2022-08-12 00:00:00+01:00,45.621746483680624,46.08610280279064,45.352119865221695,45.5917854309082,90989004,0.0,0.0
2022-08-15 00:00:00+01:00,45.736582162762446,45.836445983181555,45.27022974012167,45.80149459838867,85931463,0.0,0.0
2022-08-16 00:00:00+01:00,45.93630598326889,46.09608428648626,45.63172799753965,45.66667938232422,87539860,0.0,0.0
2022-08-17 00:00:00+01:00,46.28082935783969,46.28082935783969,45.56182509081829,45.72160339355469,79019125,0.0,0.0
2022-08-18 00:00:00+01:00,45.726599797278965,45.84643257790105,45.42501599792462,45.651702880859375,158308286,0.0,0.0
2022-08-19 00:00:00+01:00,45.127428833352944,45.551843428506814,44.633115273936,44.75794219970703,171102566,0.0,0.0
2022-08-22 00:00:00+01:00,44.56320980878096,44.887760558066894,44.17574656698406,44.45336151123047,127196550,0.0,0.0
2022-08-23 00:00:00+01:00,44.388458112715526,44.882771700492235,44.05392284671592,44.30856704711914,123505002,0.0,0.0
2022-08-24 00:00:00+01:00,43.964040690816674,44.348505910285944,43.58955994833754,44.05890655517578,121580935,0.0,0.0
2022-08-25 00:00:00+01:00,44.15877264720561,44.628119278224524,43.899130519104226,44.25863265991211,109529064,0.0,0.0
2022-08-26 00:00:00+01:00,44.67305530250144,44.85580055840905,43.609527587890625,43.609527587890625,256994629,0.0,0.0
2022-08-30 00:00:00+01:00,43.240044927291045,44.76792903973588,43.240044927291045,43.689422607421875,254222677,0.0,0.0
2022-08-31 00:00:00+01:00,44.16376410395191,44.31355793623492,43.64448745337905,43.819244384765625,315293103,0.0,0.0
2022-09-01 00:00:00+01:00,43.49468855733511,43.744342375797864,42.58095466750182,42.640872955322266,161709467,0.0,0.0
2022-09-02 00:00:00+01:00,42.94046218789882,43.89414172314947,42.71577524672831,43.65447235107422,162211138,0.0,0.0
2022-09-05 00:00:00+01:00,42.940461487932076,43.59455334507254,42.665840733719854,43.38983917236328,149622550,0.0,0.0
2022-09-06 00:00:00+01:00,44.063900386302414,45.56681748877739,43.94406761619402,45.1673698425293,255655427,0.0,0.0
2022-09-07 00:00:00+01:00,44.72298840447066,44.97863445276332,44.43838318141573,44.61314010620117,361075744,0.0,0.0
2022-09-08 00:00:00+01:00,44.86279186938352,45.27721813571828,44.53325079923166,45.1673698425293,114521842,0.0,0.0
2022-09-09 00:00:00+01:00,45.16737075016878,46.11605607201055,45.06751074130761,45.91633224487305,136190480,0.0,0.0
2022-09-12 00:00:00+01:00,46.55844619617597,47.069734500087804,46.235891567797104,46.89497756958008,294550070,0.0,0.0
2022-09-13 00:00:00+01:00,47.01481930307588,47.06474931591082,46.29581492812229,46.40066909790039,166685872,0.0,0.0
2022-09-14 00:00:00+01:00,46.280834200815214,46.51550944082605,45.73758486713192,46.146018981933594,276837791,0.0,0.0
2022-09-15 00:00:00+01:00,46.39067790231617,47.82868263460266,46.32077132316989,47.55406188964844,298191736,0.0,0.0
2022-09-16 00:00:00+01:00,47.0547547839626,48.243109502595615,47.027791742538014,47.738807678222656,539075195,0.0,0.0
2022-09-20 00:00:00+01:00,47.97348197965944,48.932151794433594,47.97348197965944,48.932151794433594,465744186,0.0,0.0
2022-09-21 00:00:00+01:00,48.1781954072344,49.7809725506966,47.34634865659857,48.397891998291016,373021503,0.0,0.0
2022-09-22 00:00:00+01:00,47.7338107236648,49.35656059111282,47.5370849108297,47.89358901977539,233704494,0.0,0.0
2022-09-23 00:00:00+01:00,47.63395155216289,48.26807060457008,46.016195799506605,46.16099166870117,214101887,0.0,0.0
2022-09-26 00:00:00+01:00,45.66168434127,45.70762207869029,43.704399212982445,44.637107849121094,521330757,0.0,0.0
2022-09-27 00:00:00+01:00,44.678049693213836,45.16736905141137,43.07526880254241,43.23005676269531,414152355,0.0,0.0
2022-09-28 00:00:00+01:00,42.551002346923134,42.95643842740394,41.06805788432904,41.79704666137695,644489235,0.0,0.0
2022-09-29 00:00:00+01:00,41.92187444010099,42.18051470361412,40.384005794975735,40.658626556396484,432440428,0.0,0.0
2022-09-30 00:00:00+01:00,40.86334073111575,42.32032405739106,40.85335625316285,41.33269119262695,370821211,0.0,0.0
2022-10-03 00:00:00+01:00,40.943226383024104,42.20647409972565,40.3740159795255,41.722145080566406,453429229,0.0,0.0
2022-10-04 00:00:00+01:00,42.17652214958614,43.34989448607155,42.00176521596754,43.06029510498047,280583748,0.0,0.0
2022-10-05 00:00:00+01:00,43.20509408230952,43.65247563440335,42.28137561178928,42.79566192626953,173548316,0.0,0.0
2022-10-06 00:00:00+01:00,43.085261438309836,43.489699452055696,42.10162467011842,42.47111129760742,152321129,0.0,0.0
2022-10-07 00:00:00+01:00,42.740735789298164,43.19510759750876,42.25640673990101,42.62090301513672,244851276,0.0,0.0
2022-10-10 00:00:00+01:00,41.9418448071878,42.62090355167644,41.8769361806614,42.1315803527832,388395654,0.0,0.0
2022-10-11 00:00:00+01:00,41.95182824599595,41.956822389271345,41.257790897907306,41.43754196166992,145955871,0.0,0.0
2022-10-12 00:00:00+01:00,40.94322854154726,41.01912351997592,38.69634404841357,39.03587341308594,331850142,0.0,0.0
2022-10-13 00:00:00+01:00,38.85113102732499,41.92387028654397,38.4516871518501,41.71216583251953,295253645,0.0,0.0
2022-10-14 00:00:00+01:00,43.040321622872874,43.54661959321765,42.331305612907194,42.3912239074707,237548984,0.0,0.0
2022-10-17 00:00:00+01:00,41.85197387710606,43.185124605159814,41.511446400604456,42.61091995239258,298575085,0.0,0.0
2022-10-18 00:00:00+01:00,43.00038090355305,43.5546127605671,42.50007132254446,42.5460090637207,266762423,0.0,0.0
2022-10-19 00:00:00+01:00,40.74850550376942,41.65724545018227,40.393997460822106,40.553775787353516,264598142,0.0,0.0
2022-10-20 00:00:00+01:00,40.24419929211878,42.655856363460714,39.949609581781324,41.98678207397461,330100240,0.0,0.0
2022-10-21 00:00:00+01:00,41.78206574489355,42.05668648562765,40.87132980938232,41.327693939208984,186908554,0.0,0.0
2022-10-24 00:00:00+01:00,41.91687806066326,42.94545446814634,41.80303749475166,42.48109817504883,158492206,0.0,0.0
2022-10-25 00:00:00+01:00,42.82063095018135,42.9754151237045,41.86195723673719,42.915496826171875,114760954,0.0,0.0
2022-10-26 00:00:00+01:00,43.40481906945622,43.61952153558349,42.076658741921115,42.491085052490234,444133025,0.0,0.0
2022-10-27 00:00:00+01:00,41.202868345935784,43.12021183052517,40.808418628450994,42.72076416015625,276735104,0.0,0.0
2022-10-28 00:00:00+01:00,42.31632580647756,42.5500029583738,41.05807213120643,41.21285629272461,180666966,0.0,0.0
2022-10-31 00:00:00+00:00,41.54739239840162,42.381235325852515,41.54739239840162,41.96181869506836,167719157,0.0,0.0
2022-11-01 00:00:00+00:00,42.27139523374389,42.52104910455197,41.846980605837544,42.146568298339844,390847972,0.0,0.0
2022-11-02 00:00:00+00:00,42.47610917250554,42.51904890661952,41.49247231790653,41.7171630859375,134009654,0.0,0.0
2022-11-03 00:00:00+00:00,41.54239533645715,42.17152404785156,40.90328214811397,42.17152404785156,163806074,0.0,0.0
2022-11-04 00:00:00+00:00,42.3962176350008,43.073276452672175,41.93186133258264,42.6908073425293,172539079,0.0,0.0
2022-11-07 00:00:00+00:00,42.4361563310529,43.18012747626212,41.95682144165039,41.95682144165039,208317356,0.0,0.0
2022-11-08 00:00:00+00:00,41.911885939480534,43.02533988110255,41.71216211483617,42.79066467285156,267421913,0.0,0.0
2022-11-09 00:00:00+00:00,42.74573091721358,43.09424670368411,42.18151460851804,42.50606155395508,103256571,0.0,0.0
2022-11-10 00:00:00+00:00,42.35128032963197,43.359880240068435,42.26440279839705,43.240047454833984,145619544,0.0,0.0
2022-11-11 00:00:00+00:00,43.23005931686798,43.93408115611155,42.9404599517708,43.45474624633789,179249179,0.0,0.0
2022-11-14 00:00:00+00:00,43.689420192254445,43.90412263814727,42.88054041273411,43.544620513916016,98066350,0.0,0.0
2022-11-15 00:00:00+00:00,43.5446240475987,43.76432065454973,43.22007328080708,43.65447235107422,81569717,0.0,0.0
2022-11-16 00:00:00+00:00,43.47971028085801,43.63449443051363,42.93546297141844,43.07027816772461,202488766,0.0,0.0
2022-11-17 00:00:00+00:00,43.130189913959335,44.703009644919014,42.78067611126374,44.35848617553711,217856455,0.0,0.0
2022-11-18 00:00:00+00:00,44.59316877061379,45.60676277625616,44.473335991124124,45.41203308105469,183817838,0.0,0.0
2022-11-21 00:00:00+00:00,45.51688921151374,45.79650028884222,45.23527819119348,45.45197677612305,92791927,0.0,0.0
2022-11-22 00:00:00+00:00,45.45697459269535,45.911342630069974,45.3221593770786,45.50690460205078,83314627,0.0,0.0
2022-11-23 00:00:00+00:00,45.49192654904819,45.64172038840314,45.2472668335563,45.42202377319336,69709484,0.0,0.0
2022-11-24 00:00:00+00:00,45.39206329712802,46.1160579138248,45.37308859948542,45.87638854980469,81675544,0.0,0.0
2022-11-25 00:00:00+00:00,47.28943138199158,47.28943138199158,45.73658414428863,46.245880126953125,110335789,0.0,0.0
2022-11-28 00:00:00+00:00,46.01620031168286,46.275838644342606,45.66168848583986,45.751564025878906,84750573,0.0,0.0
2022-11-29 00:00:00+00:00,45.47194584180431,46.54046386830782,45.38706445872107,46.2608528137207,159989227,0.0,0.0
2022-11-30 00:00:00+00:00,46.72521492199433,47.129652935149224,46.59139777816468,46.84005355834961,322356192,0.0,0.0
2022-12-01 00:00:00+00:00,47.10967972403616,47.22751636918745,46.061134338378906,46.061134338378906,145222762,0.0,0.0
2022-12-02 00:00:00+00:00,46.16598683228295,46.605376211647126,45.766542980883294,46.58540725708008,81679736,0.0,0.0
2022-12-05 00:00:00+00:00,46.4206393234974,46.88000151149507,46.20693491847126,46.310791015625,123022931,0.0,0.0
2022-12-06 00:00:00+00:00,45.611756246210994,46.68526853045205,45.50190794604466,46.3607177734375,153067676,0.0,0.0
2022-12-07 00:00:00+00:00,46.031176818184804,46.53547483855973,46.00620991010412,46.170982360839844,100195784,0.0,0.0
2022-12-08 00:00:00+00:00,46.330758373041924,46.535472533384585,45.83644485473633,45.83644485473633,97466662,0.0,0.0
2022-12-09 00:00:00+00:00,46.13603252539946,46.37569808959961,45.75156346076416,46.37569808959961,90398849,0.0,0.0
2022-12-12 00:00:00+00:00,46.27583664649869,46.35073356153366,45.58179926537762,45.71162033081055,88878353,0.0,0.0
2022-12-13 00:00:00+00:00,46.07611268363202,46.71522591260863,45.78152297722559,46.30579376220703,104218283,0.0,0.0
2022-12-14 00:00:00+00:00,46.29580913525382,46.29580913525382,45.89636146372456,46.09109115600586,164442396,0.0,0.0
2022-12-15 00:00:00+00:00,45.93630525364318,45.96526442780253,45.11244684318937,45.40204620361328,92514730,0.0,0.0
2022-12-16 00:00:00+00:00,45.162378948209344,45.58179938788321,44.55821710162343,45.1174430847168,310458569,0.0,0.0
2022-12-19 00:00:00+00:00,45.14241254213913,45.30219085927205,44.847819008084805,44.93769454956055,58932758,0.0,0.0
2022-12-20 00:00:00+00:00,44.61313904316683,45.72659681069463,44.53824213163906,45.45697021484375,256626712,0.0,0.0
2022-12-21 00:00:00+00:00,45.566822885500876,46.20094200390064,45.345130139365786,46.18096923828125,68006226,0.0,0.0
2022-12-22 00:00:00+00:00,46.91994388263928,46.924938026137674,45.901355745641496,46.03616714477539,56008053,0.0,0.0
2022-12-23 00:00:00+00:00,46.15100802641585,46.278829144091056,45.78651175167911,45.96626281738281,21260125,0.0,0.0
2022-12-28 00:00:00+00:00,46.45558304280642,46.527481940730375,45.99622093063842,46.17597198486328,163534062,0.0,0.0
2022-12-29 00:00:00+00:00,45.92632026828041,46.16099166870117,45.37707879444529,46.16099166870117,57363872,0.0,0.0
2022-12-30 00:00:00+00:00,45.88137738438368,46.1060642920043,45.34711837768555,45.34711837768555,70883064,0.0,0.0
2023-01-03 00:00:00+00:00,45.98624035061305,47.06474685668945,45.70163510196772,47.06474685668945,207335617,0.0,0.0
2023-01-04 00:00:00+00:00,47.289431255889134,47.41925232300464,46.90995634169825,47.37930679321289,151327410,0.0,0.0
2023-01-05 00:00:00+00:00,47.30940694384669,48.40289208061193,46.790126452715754,48.248104095458984,227269311,0.0,0.0
2023-01-06 00:00:00+00:00,48.337977660970346,48.39689789005568,47.763776848240546,47.938533782958984,307068898,0.0,0.0
2023-01-09 00:00:00+00:00,48.15823011066031,48.617596127679136,47.788743448841814,48.183197021484375,213765647,0.0,0.0
2023-01-10 00:00:00+00:00,47.67889122024194,48.24311135943205,47.67889122024194,47.96849060058594,101136392,0.0,0.0
2023-01-11 00:00:00+00:00,47.98347120054868,48.05337397669804,47.27245901759646,48.00843811035156,207144770,0.0,0.0
2023-01-12 00:00:00+00:00,48.08333123802769,48.77237446690486,47.72382909794732,48.682498931884766,163754936,0.0,0.0
2023-01-13 00:00:00+00:00,48.922168194996125,49.91079526877939,48.687492975734,49.546302795410156,176454914,0.0,0.0
2023-01-16 00:00:00+00:00,49.686112155298055,49.8359021852612,49.3066372224434,49.68111801147461,185729358,0.0,0.0
2023-01-17 00:00:00+00:00,49.83090516466722,49.83789544131588,49.251706460161564,49.43145751953125,366897570,0.0,0.0
2023-01-18 00:00:00+00:00,49.3865227860642,50.000669078408734,49.09192928393738,49.396507263183594,118916752,0.0,0.0
2023-01-19 00:00:00+00:00,48.77736847176963,49.21875399233022,48.34796356227313,48.737422943115234,142937793,0.0,0.0
2023-01-20 00:00:00+00:00,49.0320111205131,49.431458775800785,48.804329994979184,49.20677185058594,233192896,0.0,0.0
2023-01-23 00:00:00+00:00,49.46141676005845,49.741031646728516,49.22973955453518,49.741031646728516,91787188,0.0,0.0
2023-01-24 00:00:00+00:00,49.930771578626405,50.19040991469242,49.604224667730755,50.06059265136719,147224990,0.0,0.0
2023-01-25 00:00:00+00:00,50.060594993653424,51.428697132283595,49.880843902806745,50.879459381103516,174361498,0.0,0.0
2023-01-26 00:00:00+00:00,51.129107904740216,52.59706991394716,50.92938406808036,52.42730712890625,183069130,0.0,0.0
2023-01-27 00:00:00+00:00,52.696936291949044,52.786811832332745,52.34342634102855,52.51718521118164,107285597,0.0,0.0
2023-01-30 00:00:00+00:00,52.457265226360974,52.99651845130983,51.91002365732193,52.90664291381836,236093951,0.0,0.0
2023-01-31 00:00:00+00:00,52.71691047851367,52.91962853092064,52.08778167886953,52.5072021484375,262819310,0.0,0.0
2023-02-01 00:00:00+00:00,52.67696183121023,53.006506738484106,52.29748691631117,52.90664291381836,360728092,0.0,0.0
2023-02-02 00:00:00+00:00,52.97654233446007,53.695546588899255,52.716904025587674,53.41593551635742,233055500,0.0,0.0
2023-02-03 00:00:00+00:00,53.34603246441329,53.425923524371,52.32744811586038,53.256160736083984,113217034,0.0,0.0
2023-02-06 00:00:00+00:00,53.465867186271616,53.6655910197722,52.40733353530922,52.75685119628906,189494435,0.0,0.0
2023-02-07 00:00:00+00:00,53.056435210438735,53.62564566160434,52.8866686181284,53.37599182128906,187980494,0.0,0.0
2023-02-08 00:00:00+00:00,53.65560899780144,53.89527838786923,53.15630126045795,53.575721740722656,187038913,0.0,0.0
2023-02-09 00:00:00+00:00,53.53577295739782,54.25477727453578,53.40794802064982,53.8952751159668,248265487,0.0,0.0
2023-02-10 00:00:00+00:00,53.41594088838102,54.02509309919295,52.93660213093785,53.216217041015625,225038197,0.0,0.0
2023-02-13 00:00:00+00:00,53.35601932274793,53.625645928761514,52.966559939422304,52.996517181396484,72370911,0.0,0.0
2023-02-14 00:00:00+00:00,53.0464484736214,53.96517661372368,52.925617626570094,53.71552276611328,139594661,0.0,0.0
2023-02-15 00:00:00+00:00,52.926612669062344,53.17027429232624,50.848492880338114,52.307472229003906,217595392,0.0,0.0
2023-02-16 00:00:00+00:00,52.57709984690613,52.98653198916366,52.377376014469846,52.866695404052734,88714159,0.0,0.0
2023-02-17 00:00:00+00:00,51.16905295546002,51.72827512157977,50.22036759725862,50.839508056640625,382886231,0.0,0.0
2023-02-20 00:00:00+00:00,51.0192578940137,51.86807940959761,50.94935512493809,51.46863555908203,112028222,0.0,0.0
2023-02-21 00:00:00+00:00,51.48861257314269,51.48861257314269,50.664754087414615,50.89942932128906,232515990,0.0,0.0
2023-02-22 00:00:00+00:00,50.03063211860521,51.46864079305864,49.36655574485534,51.18902587890625,256234450,0.0,0.0
2023-02-23 00:00:00+00:00,51.228962327106274,52.23756587792013,51.0062715496897,51.92799377441406,221996856,0.0,0.0
2023-02-24 00:00:00+00:00,51.9279998410912,52.0877781497641,51.42869215031148,51.588470458984375,340229657,0.0,0.0
2023-02-27 00:00:00+00:00,51.76822224420954,52.22758441178323,51.62841669837541,51.718292236328125,124339369,0.0,0.0
2023-02-28 00:00:00+00:00,51.32883008762823,52.86669481870511,51.24893903177218,52.54713821411133,301689386,0.0,0.0
2023-03-01 00:00:00+00:00,52.547143751343974,52.816770379147634,51.888057708740234,51.888057708740234,363460753,0.0,0.0
2023-03-02 00:00:00+00:00,51.72827157629384,51.798174342267906,50.94935286434569,51.2689094543457,307246676,0.0,0.0
2023-03-03 00:00:00+00:00,51.238957303718784,51.718292236328125,51.169054530801716,51.718292236328125,106907605,0.0,0.0
2023-03-06 00:00:00+00:00,51.668357426686335,51.91801125230744,51.099143199608356,51.69831466674805,112701267,0.0,0.0
2023-03-07 00:00:00+00:00,52.05781888961558,52.113741105012835,51.13909079329398,51.27889633178711,207997923,0.0,0.0
2023-03-08 00:00:00+00:00,50.80955251293152,51.80816791085398,50.68971592240171,51.5285530090332,243927689,0.0,0.0
2023-03-09 00:00:00+00:00,51.4985926508811,51.61842542474661,51.22497378549539,51.38874435424805,148173542,0.0,0.0
2023-03-10 00:00:00+00:00,49.631180667062395,50.16843389495385,48.8422736738271,49.706077575683594,255384226,0.0,0.0
2023-03-13 00:00:00+00:00,49.93077000747188,49.9906883028704,47.1146748838037,47.159610748291016,389541898,0.0,0.0
2023-03-14 00:00:00+00:00,47.369321358014545,48.70147389337861,46.47056600294321,48.168212890625,225025720,0.0,0.0
2023-03-15 00:00:00+00:00,48.20815521648256,48.51273318827416,45.50989700634143,45.9512825012207,259713819,0.0,0.0
2023-03-16 00:00:00+00:00,46.78513039532028,47.84865824410023,46.68027623448847,47.3992805480957,323320146,0.0,0.0
2023-03-17 00:00:00+00:00,47.748794421061206,48.63556539206483,45.736584980964246,46.18596267700195,587411174,0.0,0.0
2023-03-20 00:00:00+00:00,44.74795923207791,46.665299048113695,43.5975538186902,46.04116439819336,275273771,0.0,0.0
2023-03-21 00:00:00+00:00,46.58041347811106,48.62757418461715,46.58041347811106,48.09331512451172,185822724,0.0,0.0
2023-03-22 00:00:00+00:00,47.753784315831155,48.97209622570793,47.63395154402176,47.69886016845703,220510728,0.0,0.0
2023-03-23 00:00:00+00:00,47.544079377592894,48.05337155088772,46.78512954711914,46.78512954711914,238689623,0.0,0.0
2023-03-24 00:00:00+00:00,46.38568580482357,46.54046997185274,44.837832706285596,45.651702880859375,256017626,0.0,0.0
2023-03-27 00:00:00+01:00,46.29581253636511,46.735201959794686,45.781526192844595,46.25586700439453,154546828,0.0,0.0
2023-03-28 00:00:00+01:00,46.88998622607919,47.12465763661494,46.02118811697333,46.33575439453125,238545475,0.0,0.0
2023-03-29 00:00:00+01:00,46.27084254181637,47.11467375371553,46.27084254181637,47.059749603271484,94511578,0.0,0.0
2023-03-30 00:00:00+01:00,47.38430080327218,48.02840818404157,47.17459248657946,47.703857421875,250162359,0.0,0.0
2023-03-31 00:00:00+01:00,47.63395280831713,48.068348046186536,47.347347643833984,47.608985900878906,151161530,0.0,0.0
2023-04-03 00:00:00+01:00,48.053370447148815,48.76738058772901,46.72321404540937,48.168212890625,134199094,0.0,0.0
2023-04-04 00:00:00+01:00,48.31800219319187,48.76238953007162,47.9684883433036,48.03839111328125,186226167,0.0,0.0
2023-04-05 00:00:00+01:00,48.2381110182473,48.89719694538434,47.95849996110279,48.362937927246094,122312644,0.0,0.0
2023-04-06 00:00:00+01:00,48.30302403962778,49.234734641768426,48.239113479232195,48.952125549316406,143126790,0.0,0.0
2023-04-11 00:00:00+01:00,48.84228034278235,49.83390549146853,48.84228034278235,49.3615608215332,189565733,0.0,0.0
2023-04-12 00:00:00+01:00,49.506361771349276,50.230356449940324,49.40649794054717,49.81093978881836,251841134,0.0,0.0
2023-04-13 00:00:00+01:00,48.22862154711448,48.74806864562113,47.97389564940128,48.45338439941406,163910295,1.6,0.0
2023-04-14 00:00:00+01:00,48.29355464001464,49.13765283770253,48.16868765940493,48.88292694091797,154711084,0.0,0.0
2023-04-17 00:00:00+01:00,49.15263505278021,49.27750202062818,48.18966029557939,48.3984375,152695130,0.0,0.0
2023-04-18 00:00:00+01:00,48.74307010651231,49.19259197471686,48.64317805163914,48.773040771484375,100322887,0.0,0.0
2023-04-19 00:00:00+01:00,48.73308227314724,49.32745028650876,48.66815281874614,49.20258331298828,100329243,0.0,0.0
2023-04-20 00:00:00+01:00,49.51724770153086,49.781965080969265,48.783029272892165,48.952850341796875,132038364,0.0,0.0
2023-04-21 00:00:00+01:00,49.49726678337169,49.54222087468219,48.58323963664649,48.80800247192383,111401952,0.0,0.0
2023-04-24 00:00:00+01:00,48.65317225084353,49.31246975735132,48.54828063356102,48.85795211791992,145956656,0.0,0.0
2023-04-25 00:00:00+01:00,48.54827796658608,48.67214655352498,47.79408418729075,48.178672790527344,181788757,0.0,0.0
2023-04-26 00:00:00+01:00,48.25859031997622,48.633191248470425,47.622267172947275,48.54827880859375,134294890,0.0,0.0
2023-04-27 00:00:00+01:00,48.58824237760751,49.21457409990202,48.46337538802253,48.76805114746094,111447928,0.0,0.0
2023-04-28 00:00:00+01:00,48.50832585630534,48.56426601957301,47.194722785349576,48.14870834350586,227729312,0.0,0.0
2023-05-02 00:00:00+01:00,47.94891633956118,48.70311390313069,47.62925720214844,47.62925720214844,227428509,0.0,0.0
2023-05-03 00:00:00+01:00,47.54933942829602,48.00385701650725,45.25178800153974,45.93106460571289,359768316,0.0,0.0
2023-05-04 00:00:00+01:00,45.85614995960269,46.31066761021959,45.00206024678773,45.30673599243164,199743764,0.0,0.0
2023-05-05 00:00:00+01:00,45.54148245080677,46.31565920606083,45.461565759145984,45.76124954223633,177734509,0.0,0.0
2023-05-09 00:00:00+01:00,45.73127991104296,46.37059821622704,45.56445781460047,46.080909729003906,438134925,0.0,0.0
2023-05-10 00:00:00+01:00,46.48048237219179,46.790153847468495,45.851155550780994,46.12086486816406,144013742,0.0,0.0
2023-05-11 00:00:00+01:00,46.1008883717277,46.4854769753565,45.28675326161538,45.82617950439453,183347019,0.0,0.0
2023-05-12 00:00:00+01:00,45.99100529936154,46.24573118554877,45.51151657104492,45.51151657104492,236333824,0.0,0.0
2023-05-15 00:00:00+01:00,45.86614237592595,46.22076416015625,45.56146662414649,46.22076416015625,288425062,0.0,0.0
2023-05-16 00:00:00+01:00,46.07091839775182,46.3256480957691,45.6513671875,45.6513671875,236238207,0.0,0.0
2023-05-17 00:00:00+01:00,45.45157921633862,46.245731353759766,45.086965970120374,46.245731353759766,267678810,0.0,0.0
2023-05-18 00:00:00+01:00,46.800140950715026,46.93499941837801,46.335635648858116,46.46050262451172,152617500,0.0,0.0
2023-05-19 00:00:00+01:00,46.61034674823102,46.87107059108756,46.395575387411995,46.670284271240234,143678822,0.0,0.0
2023-05-22 00:00:00+01:00,46.7252236547985,46.9749576052557,46.57038601428141,46.890045166015625,383664314,0.0,0.0
2023-05-23 00:00:00+01:00,47.109809740345355,47.53935241699219,46.83510088529071,47.53935241699219,162101962,0.0,0.0
2023-05-24 00:00:00+01:00,47.16475472867557,47.409492936740556,46.55040752484483,46.715232849121094,382800439,0.0,0.0
2023-05-25 00:00:00+01:00,46.390574716520334,47.129788845943686,45.781227111816406,45.781227111816406,268083564,0.0,0.0
2023-05-26 00:00:00+01:00,45.95104562773501,46.04594574571806,45.25678556929741,45.456573486328125,261876412,0.0,0.0
2023-05-30 00:00:00+01:00,45.1668815612793,45.97102517109829,44.88718076156403,45.1668815612793,324448861,0.0,0.0
2023-05-31 00:00:00+01:00,45.0270368730708,45.337706763955715,44.12299728393555,44.12299728393555,409055760,0.0,0.0
2023-06-01 00:00:00+01:00,44.44265677937297,45.45158029158242,43.98913753444975,44.617469787597656,411702007,0.0,0.0
2023-06-02 00:00:00+01:00,44.73234374372656,45.453575510673225,44.632451688340865,45.396636962890625,120367137,0.0,0.0
2023-06-05 00:00:00+01:00,45.71629819367013,45.82118599979038,44.48261181925346,44.68239974975586,121146438,0.0,0.0
2023-06-06 00:00:00+01:00,44.517574941749885,45.39663955985493,44.10301945861026,45.12692642211914,302399488,0.0,0.0
2023-06-07 00:00:00+01:00,45.35168718715368,45.74127154239725,45.06499004963749,45.46156692504883,149262992,0.0,0.0
2023-06-08 00:00:00+01:00,45.68133319887124,45.91608371911765,45.21682790430472,45.281761169433594,94021170,0.0,0.0
2023-06-09 00:00:00+01:00,45.4515817446697,45.72629063111793,45.14191025545879,45.21683120727539,97731521,0.0,0.0
2023-06-12 00:00:00+01:00,45.35667816051743,45.516507733910395,44.9271354675293,44.9271354675293,122260019,0.0,0.0
2023-06-13 00:00:00+01:00,45.00704939953094,45.3516834440967,44.70736944412643,45.24679183959961,276655969,0.0,0.0
2023-06-14 00:00:00+01:00,45.30673397989999,45.32671315371811,44.96209990015359,45.23680877685547,173033551,0.0,0.0
2023-06-15 00:00:00+01:00,45.18685868498004,45.18685868498004,44.73234109541753,44.90715789794922,173716601,0.0,0.0
2023-06-16 00:00:00+01:00,45.061995950935604,45.1339179284606,44.712366123665504,44.99706268310547,413600501,0.0,0.0
2023-06-19 00:00:00+01:00,44.81725624190927,45.09196129990286,44.79228132271091,44.992069244384766,457173034,0.0,0.0
2023-06-20 00:00:00+01:00,44.95211177952845,45.11693710393978,44.71236550669037,44.76730728149414,143254729,0.0,0.0
2023-06-21 00:00:00+01:00,43.77836105748075,44.43765851589228,43.37579006250096,43.69844436645508,216406659,0.0,0.0
2023-06-22 00:00:00+01:00,43.23394312513157,43.51364775925977,42.86433792114258,42.86433792114258,241900678,0.0,0.0
2023-06-23 00:00:00+01:00,42.60960596232245,42.71449376560345,42.12812045431285,42.27496337890625,190268748,0.0,0.0
2023-06-26 00:00:00+01:00,41.98527325879782,42.14510284504735,41.19611682017458,41.915348052978516,307235863,0.0,0.0
2023-06-27 00:00:00+01:00,42.00525106174652,42.64956513201708,41.99526338008616,42.45477294921875,175392127,0.0,0.0
2023-06-28 00:00:00+01:00,42.50971032928473,42.754448516353634,42.23000954406312,42.604610443115234,139013995,0.0,0.0
2023-06-29 00:00:00+01:00,42.60461606814287,42.95424209583051,42.454774164483645,42.7244873046875,153320601,0.0,0.0
2023-06-30 00:00:00+01:00,43.16401674752146,44.05806478192266,42.88431593162399,43.54361343383789,198448419,0.0,0.0
2023-07-03 00:00:00+01:00,43.86826887847852,44.32278270984871,43.828310529824165,44.17793655395508,90072762,0.0,0.0
2023-07-04 00:00:00+01:00,44.27783149911088,44.387715050292186,43.83330535888672,43.83330535888672,167430547,0.0,0.0
2023-07-05 00:00:00+01:00,43.653496801909725,44.21789417750522,43.473688046551594,43.78335952758789,191321250,0.0,0.0
2023-07-06 00:00:00+01:00,43.303863720019976,43.96316116992946,42.98320619428531,43.2539176940918,218259259,0.0,0.0
2023-07-07 00:00:00+01:00,43.164012592103944,43.228945854284575,42.63957361278415,43.049137115478516,92266441,0.0,0.0
2023-07-10 00:00:00+01:00,42.93925376337426,43.2988712425731,42.85434513929605,42.99918746948242,84664497,0.0,0.0
2023-07-11 00:00:00+01:00,42.9342605543967,43.32384490966797,42.674538921095085,43.32384490966797,237726887,0.0,0.0
2023-07-12 00:00:00+01:00,43.50365072337255,44.839229606634376,43.43872127208934,44.47761535644531,376682366,0.0,0.0
2023-07-13 00:00:00+01:00,44.332772233751406,44.80226947235967,44.02809650740725,44.67740249633789,128402399,0.0,0.0
2023-07-14 00:00:00+01:00,44.617469462649716,44.79228246960125,44.31279373168945,44.31279373168945,135149204,0.0,0.0
2023-07-17 00:00:00+01:00,44.16295147395872,45.0070534571785,44.09003111049808,44.79228210449219,83672031,0.0,0.0
2023-07-18 00:00:00+01:00,44.947116401488394,45.781230711867344,44.697382445112865,45.64137649536133,113536894,0.0,0.0
2023-07-19 00:00:00+01:00,46.710235086985676,47.074848320953166,46.13085431995164,46.64530563354492,178293923,0.0,0.0
2023-07-20 00:00:00+01:00,46.71523301509113,46.97495846226213,46.05093978020262,46.28569030761719,145067305,0.0,0.0
2023-07-21 00:00:00+01:00,46.36560737031368,46.5354246319644,45.73827350589906,45.80620193481445,113659310,0.0,0.0
2023-07-24 00:00:00+01:00,45.436592989254656,46.00598605928208,45.26377676996423,45.995994567871094,78816082,0.0,0.0
2023-07-25 00:00:00+01:00,45.93106873211915,46.38059061506506,45.73128080518344,46.04594802856445,95683621,0.0,0.0
2023-07-26 00:00:00+01:00,44.21289636882786,45.41162007841608,43.65849051141391,45.281761169433594,313097530,0.0,0.0
2023-07-27 00:00:00+01:00,45.13691841219694,45.67834146788052,44.85222184322144,45.00205993652344,186380226,0.0,0.0
2023-07-28 00:00:00+01:00,44.81725515171124,45.42260922440276,44.76231337932146,45.07697677612305,245836995,0.0,0.0
2023-07-31 00:00:00+01:00,45.01703923519079,45.246794005687825,44.80726363742883,44.88718032836914,113386275,0.0,0.0
2023-08-01 00:00:00+01:00,44.55253397182983,44.87718886033016,44.18792454847586,44.29281234741211,111305751,0.0,0.0
2023-08-02 00:00:00+01:00,43.633513735522314,44.03308955859297,43.08909177185448,43.213958740234375,144873986,0.0,0.0
2023-08-03 00:00:00+01:00,42.164061949946074,43.14822370361295,41.92426466425853,42.88844299316406,409948546,0.92,0.0
2023-08-04 00:00:00+01:00,43.10325622558594,43.238143377910276,42.68860877428995,43.10325622558594,119146267,0.0,0.0
2023-08-07 00:00:00+01:00,43.21816262251347,43.452963092835276,42.87845203360183,43.13323211669922,107514647,0.0,0.0
2023-08-08 00:00:00+01:00,42.853466898484285,43.11824056913066,42.27895590496872,42.648643493652344,165406529,0.0,0.0
2023-08-09 00:00:00+01:00,43.158212080010095,43.3930125488639,42.65863791187807,42.74356460571289,306523528,0.0,0.0
2023-08-10 00:00:00+01:00,42.98335851408537,43.23814238706633,42.83848155930985,42.963375091552734,162978357,0.0,0.0
2023-08-11 00:00:00+01:00,42.888441397974674,43.168205522779374,42.683617971824084,42.913421630859375,135777375,0.0,0.0
2023-08-14 00:00:00+01:00,42.773539344431676,43.04330983807091,42.6486458091236,42.80351257324219,574256117,0.0,0.0
2023-08-15 00:00:00+01:00,42.71858398368374,42.928404198920084,42.19902644254039,42.438819885253906,98089646,0.0,0.0
2023-08-16 00:00:00+01:00,42.229003638176685,42.383870409958625,41.98221616509859,42.05415344238281,168642832,0.0,0.0
2023-08-17 00:00:00+01:00,41.95923524462842,42.633659640345314,41.92226800464097,42.37887954711914,121142791,0.0,0.0
2023-08-18 00:00:00+01:00,42.21401551596209,42.58369931836381,41.9192685980677,42.20901870727539,139696325,0.0,0.0
2023-08-21 00:00:00+01:00,42.03417001837088,42.67562535137407,42.03417001837088,42.05415344238281,114254017,0.0,0.0
2023-08-22 00:00:00+01:00,42.30393862799422,42.3638888973412,41.68946075439453,41.68946075439453,283173044,0.0,0.0
2023-08-23 00:00:00+01:00,41.86930536274407,42.214012721792486,41.72742802159836,41.83433532714844,137362304,0.0,0.0
2023-08-24 00:00:00+01:00,42.29894345043399,42.59868718583073,41.99919971503725,42.094120025634766,88778714,0.0,0.0
2023-08-25 00:00:00+01:00,42.074137396603355,42.46880145005351,41.699456767416955,41.759403228759766,89999773,0.0,0.0
2023-08-29 00:00:00+01:00,42.13408316326036,42.923411257146626,42.13408316326036,42.86845779418945,192034758,0.0,0.0
2023-08-30 00:00:00+01:00,43.05829895168015,43.537889697725944,42.768545018199845,42.78852844238281,110852442,0.0,0.0
2023-08-31 00:00:00+01:00,42.92341205724067,43.18319276178023,42.31892776489258,42.31892776489258,321802013,0.0,0.0
2023-09-01 00:00:00+01:00,42.36388919141853,42.54373618925965,42.034168424893714,42.079132080078125,313465005,0.0,0.0
2023-09-04 00:00:00+01:00,42.283954504347456,42.53873838054071,41.76239974744874,41.939247131347656,64586808,0.0,0.0
2023-09-05 00:00:00+01:00,41.649497013126165,42.22400421930114,41.42968317403079,41.724430084228516,66880505,0.0,0.0
2023-09-06 00:00:00+01:00,41.424689536741724,41.66448681697146,41.19488587438948,41.459659576416016,102192028,0.0,0.0
2023-09-07 00:00:00+01:00,41.164909525662,41.631510822959136,40.995052337646484,40.995052337646484,75967110,0.0,0.0
2023-09-08 00:00:00+01:00,41.02503019504735,41.37972738093072,40.67033300916399,41.30479049682617,147483289,0.0,0.0
2023-09-11 00:00:00+01:00,41.56456960915447,41.93925023836481,41.2418466453229,41.54458999633789,156914685,0.0,0.0
2023-09-12 00:00:00+01:00,41.91427355373664,42.45381457116321,41.6295164297807,42.44382095336914,165061570,0.0,0.0
2023-09-13 00:00:00+01:00,42.703600854781946,42.85347081584605,42.43882334848347,42.563716888427734,111797115,0.0,0.0
2023-09-14 00:00:00+01:00,42.593696397047204,43.31807744610454,42.348902300333876,43.19318389892578,174804740,0.0,0.0
2023-09-15 00:00:00+01:00,43.487931972759455,43.65778535696191,43.033317659544046,43.1632080078125,410881995,0.0,0.0
2023-09-18 00:00:00+01:00,43.12823675362808,43.18319021436783,42.05914839069725,42.11909484863281,95176139,0.0,0.0
2023-09-19 00:00:00+01:00,41.92925930626385,42.86346435546875,41.59454553456978,42.86346435546875,192122023,0.0,0.0
2023-09-20 00:00:00+01:00,42.96337625352738,44.6619291002588,42.92340940738117,44.52204895019531,301530724,0.0,0.0
2023-09-21 00:00:00+01:00,44.132377378124616,45.556166715960046,44.092414343915,44.38716125488281,228768917,0.0,0.0
2023-09-22 00:00:00+01:00,44.302231943862125,46.015771282658754,44.20531444517576,45.3013801574707,341794656,0.0,0.0
2023-09-25 00:00:00+01:00,44.96167443984047,45.43626836768166,44.397157010661665,44.71188735961914,157412846,0.0,0.0
2023-09-26 00:00:00+01:00,44.73686786132105,44.88673782348633,44.39715727771868,44.88673782348633,115017094,0.0,0.0
2023-09-27 00:00:00+01:00,44.8018101420178,45.26141744750209,44.242285719179336,44.532039642333984,146505711,0.0,0.0
2023-09-28 00:00:00+01:00,44.6619291685382,44.6619291685382,43.74770757164929,44.2223014831543,194582788,0.0,0.0
2023-09-29 00:00:00+01:00,44.41714104591668,44.81679809290363,44.17734376856578,44.332210540771484,93860934,0.0,0.0
2023-10-02 00:00:00+01:00,44.387161714807405,44.65193539999945,43.23314666748047,43.23314666748047,102276009,0.0,0.0
2023-10-03 00:00:00+01:00,42.99834395124411,43.462948030929205,42.638649978397844,42.77853012084961,77914964,0.0,0.0
2023-10-04 00:00:00+01:00,42.413849762265826,42.9533908056351,42.164062665681755,42.4238395690918,254168072,0.0,0.0
2023-10-05 00:00:00+01:00,42.48878380160544,42.55872387903859,42.00419625692696,42.13408279418945,121200278,0.0,0.0
2023-10-06 00:00:00+01:00,42.14407862035989,42.86845966521378,41.829348255417244,42.58869934082031,80179745,0.0,0.0
2023-10-09 00:00:00+01:00,42.27396524564335,42.61866881165495,41.962230706777135,42.074134826660156,199447444,0.0,0.0
2023-10-10 00:00:00+01:00,42.488783486522955,43.59284191375698,41.8343387504683,43.33306121826172,101122156,0.0,0.0
2023-10-11 00:00:00+01:00,43.14822422879943,43.55287810365839,42.980364221050735,43.2381477355957,100458208,0.0,0.0
2023-10-12 00:00:00+01:00,43.37302868742774,43.617818960138614,42.95838121731149,43.383018493652344,159233092,0.0,0.0
2023-10-13 00:00:00+01:00,43.45296461146879,43.81265482572679,42.75355998497807,43.19318389892578,166940735,0.0,0.0
2023-10-16 00:00:00+01:00,43.37302904343523,43.774687100742455,43.203175656084085,43.47294235229492,111510390,0.0,0.0
2023-10-17 00:00:00+01:00,43.7626953125,43.992498966934455,43.37802488933649,43.7626953125,141280133,0.0,0.0
2023-10-18 00:00:00+01:00,43.9625214215067,43.9625214215067,42.813499450683594,42.813499450683594,91714127,0.0,0.0
2023-10-19 00:00:00+01:00,42.643651560345646,43.178195771094245,41.84433364868164,41.84433364868164,153457095,0.0,0.0
2023-10-20 00:00:00+01:00,41.509612775076214,42.00419390972117,41.31977597714415,41.54957962036133,285516284,0.0,0.0
2023-10-23 00:00:00+01:00,41.57955682568558,41.829343892540365,41.134932340151735,41.37972640991211,122817827,0.0,0.0
2023-10-24 00:00:00+01:00,39.96593614079377,40.899138859202765,39.386428237256894,40.54044723510742,154084778,0.0,0.0
2023-10-25 00:00:00+01:00,40.84518241622454,41.61452704284354,39.504322569330974,41.424686431884766,294434604,0.0,0.0
2023-10-26 00:00:00+01:00,41.369737767285486,41.474647890605524,40.570419819526684,41.13493728637695,195470449,0.0,0.0
2023-10-27 00:00:00+01:00,40.7202901172351,40.89514030780411,39.571268045298794,39.72114181518555,210222754,0.0,0.0
2023-10-30 00:00:00+00:00,39.74612018651956,40.51046806526825,39.711150146689505,40.00090408325195,128456500,0.0,0.0
2023-10-31 00:00:00+00:00,40.13578279330118,40.34560681947113,39.83603908492017,39.90597915649414,130698761,0.0,0.0
2023-11-01 00:00:00+00:00,39.96593616489755,40.485493792415056,39.75611591477952,40.11081314086914,100469078,0.0,0.0
2023-11-02 00:00:00+00:00,40.30564634251835,41.82435235787165,39.76110848615794,41.73942565917969,312062950,0.0,0.0
2023-11-03 00:00:00+00:00,41.964230033923705,42.78353136300348,41.449669251672816,42.398860931396484,139741423,0.0,0.0
2023-11-06 00:00:00+00:00,42.393863761031504,42.54873053183934,41.96922648493209,42.094120025634766,77853902,0.0,0.0
2023-11-07 00:00:00+00:00,42.064143513751304,42.55372787650791,41.874306701614245,42.01418685913086,83864994,0.0,0.0
2023-11-08 00:00:00+00:00,41.64450154575989,42.159062311624766,41.46465454642579,41.95423889160156,106611374,0.0,0.0
2023-11-09 00:00:00+00:00,41.87430424090414,42.503768724187374,41.66448401695913,42.243988037109375,90991161,0.0,0.0
2023-11-10 00:00:00+00:00,42.1290906827519,42.16406072220385,41.45766211382614,41.71444320678711,345691791,0.0,0.0
2023-11-13 00:00:00+00:00,41.97921797368092,42.17904840910409,41.72443407323016,41.984214782714844,70595867,0.0,0.0
2023-11-14 00:00:00+00:00,41.9342523071748,42.30893289230267,41.419691580097535,42.21900939941406,139219947,0.0,0.0
2023-11-15 00:00:00+00:00,42.478788373638025,43.23814319833331,42.44381833641181,43.05829620361328,157686991,0.0,0.0
2023-11-16 00:00:00+00:00,43.023328287429344,43.30808540786651,42.53374393067769,42.73857116699219,262838706,0.0,0.0
2023-11-17 00:00:00+00:00,42.733574194174736,43.47793862694386,42.37887699719819,43.33805847167969,131097373,0.0,0.0
2023-11-20 00:00:00+00:00,43.293096475015815,43.46794666040599,42.65363837902747,43.01333236694336,68951425,0.0,0.0
2023-11-21 00:00:00+00:00,42.76354668927287,43.238144420989805,42.34390623069198,42.51375961303711,97882442,0.0,0.0
2023-11-22 00:00:00+00:00,42.58869335884641,42.88843706594458,42.2040229668359,42.26396942138672,71422387,0.0,0.0
2023-11-23 00:00:00+00:00,42.10410983648377,42.5986871905152,41.97921629576736,42.308937072753906,109460887,0.0,0.0
2023-11-24 00:00:00+00:00,42.318923163897146,42.583696837140344,41.97921261051295,42.438819885253906,123445468,0.0,0.0
2023-11-27 00:00:00+00:00,42.3389108313364,42.79352515471385,41.95923339561384,42.01418685913086,113174343,0.0,0.0
2023-11-28 00:00:00+00:00,42.3538986029028,42.53874242263824,42.10411151153258,42.413848876953125,121684970,0.0,0.0
2023-11-29 00:00:00+00:00,42.26397231551778,43.562864342853416,42.12409216338987,43.412994384765625,111953267,0.0,0.0
2023-11-30 00:00:00+00:00,43.403002541738545,43.77269017198805,43.03331872293747,43.432979583740234,290285051,0.0,0.0
2023-12-01 00:00:00+00:00,43.62281161457512,44.4740870965896,43.5678581569523,44.45210647583008,160245655,0.0,0.0
2023-12-04 00:00:00+00:00,44.36717561534503,45.14651382094132,44.10240194612531,45.09156036376953,187178392,0.0,0.0
2023-12-05 00:00:00+00:00,44.567010576771935,45.13152800824411,44.557020770559774,44.97166442871094,103673064,0.0,0.0
2023-12-06 00:00:00+00:00,45.08656625905496,45.9907942352795,44.69689903861451,45.765987396240234,171340246,0.0,0.0
2023-12-07 00:00:00+00:00,45.34134978026775,45.676063537597656,45.14151936300648,45.676063537597656,121355246,0.0,0.0
2023-12-08 00:00:00+00:00,45.960822272069464,46.660226851542795,45.331357769398636,46.295536041259766,218162800,0.0,0.0
2023-12-11 00:00:00+00:00,46.24557893701279,46.38246329089767,45.366327365351516,46.07572555541992,102125509,0.0,0.0
2023-12-12 00:00:00+00:00,46.190625465446324,46.495366001953364,45.52619093099994,45.86090850830078,153936602,0.0,0.0
2023-12-13 00:00:00+00:00,45.93085098155158,46.43042515777399,45.86590389931563,46.145668029785156,162422114,0.0,0.0
2023-12-14 00:00:00+00:00,46.61027032993718,48.02905910502093,46.489371188659796,47.49951171875,267269452,0.0,0.0
2023-12-15 00:00:00+00:00,47.67436108173004,48.103995153796426,46.91001324535212,46.97495651245117,256590061,0.0,0.0
2023-12-18 00:00:00+00:00,46.825089031575615,47.25971612386545,46.54033190469837,46.9599723815918,102858584,0.0,0.0
2023-12-19 00:00:00+00:00,46.76014043825458,46.93998744009562,46.540330400464256,46.685203552246094,71350424,0.0,0.0
2023-12-20 00:00:00+00:00,47.39460257532026,47.80924623705369,46.80510490605222,47.42457580566406,152355344,0.0,0.0
2023-12-21 00:00:00+00:00,46.88003647753582,47.194770631839596,46.650232825561424,47.14980697631836,78173737,0.0,0.0
2023-12-22 00:00:00+00:00,47.26471030891119,48.02406133461228,47.114836540370376,48.00407791137695,84428889,0.0,0.0
2023-12-27 00:00:00+00:00,47.884181102070876,48.333798595481284,47.70433410470671,48.08900833129883,69861559,0.0,0.0
2023-12-28 00:00:00+00:00,48.12897625710917,48.188926532805446,47.76928603727746,47.92914962768555,61253154,0.0,0.0
2023-12-29 00:00:00+00:00,47.734312008640515,47.894175585694875,47.55945800532779,47.66936492919922,63185526,0.0,0.0
2024-01-02 00:00:00+00:00,47.79925670311136,48.18392713669281,47.66936635180076,48.02906036376953,104802741,0.0,0.0
2024-01-03 00:00:00+00:00,48.09400246113137,48.188922770711244,47.25971453292954,47.41458511352539,101964262,0.0,0.0
2024-01-04 00:00:00+00:00,47.284693089081806,47.6493800766841,47.04489582496736,47.52448654174805,103495456,0.0,0.0
2024-01-05 00:00:00+00:00,47.25471949055469,47.43956330784391,46.71018546806926,47.219749450683594,103322339,0.0,0.0
2024-01-08 00:00:00+00:00,47.2447262431547,47.52448654174805,46.89402345903386,47.52448654174805,85029299,0.0,0.0
2024-01-09 00:00:00+00:00,47.63439275371855,47.74929648118764,47.39959230169992,47.55945587158203,54516475,0.0,0.0
2024-01-10 00:00:00+00:00,47.404588791827614,47.49451228749783,46.86005482075943,46.95497131347656,62875455,0.0,0.0
2024-01-11 00:00:00+00:00,47.0748724280325,47.19676635209569,45.18647899571708,45.20146942138672,225123886,0.0,0.0
2024-01-12 00:00:00+00:00,45.36133279118005,45.98080364876074,44.934694530228754,44.941688537597656,103407389,0.0,0.0
2024-01-15 00:00:00+00:00,44.16235840096733,44.7468592784963,43.77768414685274,43.78767776489258,158625054,0.0,0.0
2024-01-16 00:00:00+00:00,43.42298113525115,43.74770507209781,42.97836047808118,43.078277587890625,115578446,0.0,0.0
2024-01-17 00:00:00+00:00,42.53374490200776,42.66363525455277,41.939250414829104,42.23400115966797,150656184,0.0,0.0
2024-01-18 00:00:00+00:00,42.149071998324125,42.81350271467133,42.094118537441894,42.463802337646484,162393003,0.0,0.0
2024-01-19 00:00:00+00:00,42.753555643872325,43.08327259299221,42.343905003179025,42.628662109375,215285260,0.0,0.0
2024-01-22 00:00:00+00:00,42.923411178352794,43.837632811563786,42.923411178352794,43.383018493652344,92429369,0.0,0.0
2024-01-23 00:00:00+00:00,43.6427977483069,43.812651128641775,43.0233268737793,43.0233268737793,163007851,0.0,0.0
2024-01-24 00:00:00+00:00,43.21316344333561,43.477937129746294,41.947244270339425,42.11909484863281,232089944,0.0,0.0
2024-01-25 00:00:00+00:00,41.95423958828276,41.96422939443463,41.21986496404841,41.4896354675293,180477468,0.0,0.0
2024-01-26 00:00:00+00:00,41.48963311813874,42.62866152737165,41.369732582415594,42.06414031982422,227073805,0.0,0.0
2024-01-29 00:00:00+00:00,42.089121273452086,42.41384522657548,41.839334203579966,42.243988037109375,89192868,0.0,0.0
2024-01-30 00:00:00+00:00,42.388865394201716,43.01832988341287,42.36388897384821,42.978363037109375,144582087,0.0,0.0
2024-01-31 00:00:00+00:00,42.4538118246611,42.778531964440596,42.328918290454155,42.49877166748047,142008721,0.0,0.0
2024-02-01 00:00:00+00:00,42.08912569359358,43.37103401604068,41.964232145541374,42.29395294189453,168984386,0.0,0.0
2024-02-02 00:00:00+00:00,42.80351172947628,42.99834533580035,42.2489841387237,42.27895736694336,89965838,0.0,0.0
2024-02-05 00:00:00+00:00,41.71444037780165,42.57870531057055,41.005046019058454,41.85432052612305,364068881,0.0,0.0
2024-02-06 00:00:00+00:00,42.069140501151736,42.33391420206715,41.58455294523556,41.84433364868164,666773634,0.0,0.0
2024-02-07 00:00:00+00:00,41.79437708247812,42.149074287423424,41.45466649286947,41.54458999633789,131726564,0.0,0.0
2024-02-08 00:00:00+00:00,41.544588039357464,41.97921510944111,41.393715670704886,41.47964096069336,69825516,0.0,0.0
2024-02-09 00:00:00+00:00,41.36973527644691,41.66948282382644,41.19488508144111,41.364742279052734,233075851,0.0,0.0
2024-02-12 00:00:00+00:00,41.609532552060855,41.88429605522757,41.14992523620321,41.364742279052734,163174147,0.0,0.0
2024-02-13 00:00:00+00:00,41.19488125830167,41.83433551866238,40.96507762170005,41.14992141723633,141459585,0.0,0.0
2024-02-14 00:00:00+00:00,41.0550008773793,41.72942516958767,41.0550008773793,41.404701232910156,207374101,0.0,0.0
2024-02-15 00:00:00+00:00,41.64950011514297,41.69445996115295,41.01503878193566,41.54458999633789,139218909,0.0,0.0
2024-02-16 00:00:00+00:00,41.63450849274869,43.27810792972631,41.23984826205514,43.1632080078125,249754009,0.0,0.0
2024-02-19 00:00:00+00:00,43.268120264153424,43.40300361643132,42.59868887745041,42.843482971191406,74502420,0.0,0.0
2024-02-20 00:00:00+00:00,42.77853552635586,43.71873602062895,42.73357567979295,43.61282730102539,138030229,0.0,0.0
2024-02-21 00:00:00+00:00,43.74770536137888,43.89557811113704,43.043307836942574,43.25312805175781,202506236,0.0,0.0
2024-02-22 00:00:00+00:00,42.963381481000646,46.16565395344037,42.32892391988841,45.91586685180664,565618186,0.0,0.0
2024-02-23 00:00:00+00:00,45.95083037234864,46.16065059319612,45.34634231810764,45.45624923706055,208409892,0.0,0.0
2024-02-26 00:00:00+00:00,45.446258588377006,46.155652928433625,45.446258588377006,45.875892639160156,269141007,0.0,0.0
2024-02-27 00:00:00+00:00,45.521196206769325,46.485374432436984,45.45624913038694,46.27055740356445,205541890,0.0,0.0
2024-02-28 00:00:00+00:00,46.175637736812284,46.71118051154637,46.175637736812284,46.53533172607422,229599208,0.0,0.0
2024-02-29 00:00:00+00:00,46.53533509630187,47.46454336537516,46.503360855060265,46.530338287353516,467442708,0.0,0.0
2024-03-01 00:00:00+00:00,46.97995430734724,47.70933212114487,46.97995430734724,47.329654693603516,207501949,0.0,0.0
2024-03-04 00:00:00+00:00,46.999936148199076,47.5894337876412,46.860055998407425,47.35463333129883,344381130,0.0,0.0
2024-03-05 00:00:00+00:00,47.1148376660363,47.91215835836855,46.915011051805315,47.7592887878418,148437130,0.0,0.0
2024-03-06 00:00:00+00:00,47.93414260594939,48.548620544378664,47.85720851513382,48.35878372192383,311140311,0.0,0.0
2024-03-07 00:00:00+00:00,48.513645795022256,49.008223134110686,48.22888868325033,48.563602447509766,225634715,0.0,0.0
2024-03-08 00:00:00+00:00,48.66851193627646,49.03320273650448,48.29882813887759,48.51364517211914,149173020,0.0,0.0
2024-03-11 00:00:00+00:00,48.38375678534757,49.08815818265042,48.21889639728329,49.00822448730469,154132465,0.0,0.0
2024-03-12 00:00:00+00:00,49.31796043733503,49.977398159393964,49.06317655497528,49.50779724121094,212228896,0.0,0.0
2024-03-13 00:00:00+00:00,49.632691300994885,49.96740506850598,48.9083103042681,49.213050842285156,246059054,0.0,0.0
2024-03-14 00:00:00+00:00,49.158096411044895,49.577736861478144,48.913306148292165,49.287986755371094,145097694,0.0,0.0
2024-03-15 00:00:00+00:00,49.09814457152918,49.88147719873352,49.09814457152918,49.52777862548828,350528629,0.0,0.0
2024-03-18 00:00:00+00:00,49.35293153168649,49.657672073016265,49.0871592382812,49.34793472290039,119224181,0.0,0.0
2024-03-19 00:00:00+00:00,49.158096420995385,49.55775344842486,48.75343877348343,49.50279998779297,126334621,0.0,0.0
2024-03-20 00:00:00+00:00,49.49780895497666,50.187219927380035,49.43785868333135,49.99738311767578,134881078,0.0,0.0
2024-03-21 00:00:00+00:00,51.06646670892417,51.845801109634344,50.59686582057417,51.446144104003906,184094142,0.0,0.0
2024-03-22 00:00:00+00:00,51.72590842769315,52.62513961915692,51.38619785008728,52.13555908203125,162388748,0.0,0.0
2024-03-25 00:00:00+00:00,51.95571028034006,52.20549734899554,51.62598952021969,51.68593978881836,237240308,0.0,0.0
2024-03-26 00:00:00+00:00,51.48611016106921,52.06561799873097,51.446147126172185,51.566043853759766,260161808,0.0,0.0
2024-03-27 00:00:00+00:00,51.416171589013935,52.215489482048966,51.3002730672515,51.62599182128906,211685995,0.0,0.0
2024-03-28 00:00:00+00:00,52.18551661284426,52.4952539660449,51.52607887010128,51.71591567993164,248468932,0.0,0.0
2024-04-02 00:00:00+01:00,51.276294246689055,52.3553763200607,51.276294246689055,51.915748596191406,174801073,0.0,0.0
2024-04-03 00:00:00+01:00,51.51608689562228,52.43530148741535,51.51608689562228,52.33538818359375,145222987,0.0,0.0
2024-04-04 00:00:00+01:00,52.77501119643902,54.07390318219485,52.455284055682135,53.914039611816406,177550360,0.0,0.0
2024-04-05 00:00:00+01:00,53.35451941538078,53.692228971074314,52.8349618549505,53.27458572387695,121464585,0.0,0.0
2024-04-08 00:00:00+01:00,53.25460347494986,54.233768348767335,53.194657016448716,53.67424774169922,162777728,0.0,0.0
2024-04-09 00:00:00+01:00,53.57433445093075,53.79414831166086,52.65511978142035,52.81498336791992,131247089,0.0,0.0
2024-04-10 00:00:00+01:00,53.07475280761719,53.65426060939004,52.413317930792985,53.07475280761719,148196613,0.0,0.0
2024-04-11 00:00:00+01:00,51.23408696627785,51.59390560035137,50.29456349835064,50.63439178466797,276328543,1.84,0.0
2024-04-12 00:00:00+01:00,51.014198488099915,51.69385503037973,50.954227447509766,50.954227447509766,180436946,0.0,0.0
2024-04-15 00:00:00+01:00,50.93424034604631,51.72084510352723,50.894259649772074,51.13414001464844,160595956,0.0,0.0
2024-04-16 00:00:00+01:00,49.99471510014388,50.35453372840642,49.395016115450005,49.67487716674805,190548937,0.0,0.0
2024-04-17 00:00:00+01:00,49.64488752397509,50.8162959044708,49.594913564006085,50.394508361816406,154369436,0.0,0.0
2024-04-18 00:00:00+01:00,50.69435923795134,51.2740640307525,50.59440750624858,50.97421646118164,102401053,0.0,0.0
2024-04-19 00:00:00+01:00,50.67437040103852,51.05417936728488,50.17462316594498,50.894256591796875,139824478,0.0,0.0
2024-04-22 00:00:00+01:00,51.39400442108122,51.8817605038674,51.07017071017296,51.1141471862793,167919394,0.0,0.0
2024-04-23 00:00:00+01:00,51.35402564525207,51.65987070136662,50.85427842281458,51.31404495239258,199643448,0.0,0.0
2024-04-24 00:00:00+01:00,50.23459027795265,53.193096800577166,49.58492116149294,51.753822326660156,309563793,0.0,0.0
2024-04-25 00:00:00+01:00,51.39400423449445,52.21359321429531,50.89425699543744,51.17411804199219,133826433,0.0,0.0
2024-04-26 00:00:00+01:00,51.09415952943136,52.57341098276702,51.05418264576104,52.273563385009766,196220536,0.0,0.0
2024-04-29 00:00:00+01:00,52.653369851017395,52.89824493262147,51.69385605909339,51.85377502441406,174654445,0.0,0.0
2024-04-30 00:00:00+01:00,51.85377369133866,52.5933974571439,51.453974381930735,51.87376403808594,128009937,0.0,0.0
2024-05-01 00:00:00+01:00,52.073658955294434,52.113639648079,51.953720689709435,52.17361068725586,32667879,0.0,0.0
2024-05-02 00:00:00+01:00,51.97371273571747,52.71334032534405,51.673865155565174,52.03368377685547,106053192,0.0,0.0
2024-05-03 00:00:00+01:00,52.35352132984631,52.89324544515511,51.71384548002194,52.153621673583984,86284744,0.0,0.0
2024-05-07 00:00:00+01:00,52.953216802111996,54.175598117410026,52.8932457610445,53.69284439086914,376963776,0.0,0.0
2024-05-08 00:00:00+01:00,53.812783247220416,54.352511184408705,53.53292601139043,53.9127311706543,369327358,0.0,0.0
2024-05-09 00:00:00+01:00,54.132621177531504,54.412478413361484,53.57290289310266,53.9127311706543,236469110,0.0,0.0
2024-05-10 00:00:00+01:00,54.25255832870906,54.612376946076424,53.57290178763043,54.27254867553711,87842052,0.0,0.0
2024-05-13 00:00:00+01:00,54.15261040733759,54.51242902470496,54.07264902002537,54.27254867553711,274070760,0.0,0.0
2024-05-14 00:00:00+01:00,54.152609671215224,54.61237620370424,53.85276209840799,54.512428283691406,141611290,0.0,0.0
2024-05-15 00:00:00+01:00,54.732317148759606,55.012178201475095,54.1726026688665,54.472450256347656,267073545,0.0,0.0
2024-05-16 00:00:00+01:00,54.492440253158236,55.19208716129049,54.13262162538914,54.9921875,128477030,0.0,0.0
2024-05-17 00:00:00+01:00,54.97219812652469,55.531916425500675,54.89223673548427,55.49193572998047,207520212,0.0,0.0
2024-05-20 00:00:00+01:00,55.97169304611243,56.411469261735036,55.63186475725027,56.171592712402344,188240464,0.0,0.0
2024-05-21 00:00:00+01:00,55.95170402769068,56.51142234404827,55.63186607913466,56.15160369873047,221100062,0.0,0.0
2024-05-22 00:00:00+01:00,55.91171765594238,57.361984303322465,55.57188939349772,56.351497650146484,280264588,0.0,0.0
2024-05-23 00:00:00+01:00,56.39147639039739,56.711318129810245,55.534911181827866,55.751800537109375,345190110,0.0,0.0
2024-05-24 00:00:00+01:00,55.192086571014876,56.09162931804815,54.19259208802087,54.77229690551758,210793024,0.0,0.0
2024-05-28 00:00:00+01:00,54.932217245529394,56.01167314431646,54.7922886244501,55.55190658569336,327523091,0.0,0.0
2024-05-29 00:00:00+01:00,55.451953649305594,55.89172985073563,54.65235882271968,54.71232986450195,167372186,0.0,0.0
2024-05-30 00:00:00+01:00,54.19259232534408,55.68283592182501,53.65286438709918,55.511924743652344,166530625,0.0,0.0
2024-05-31 00:00:00+01:00,55.63186435153222,55.931711942395836,55.13211709583654,55.49193572998047,352448889,0.0,0.0
2024-06-03 00:00:00+01:00,56.17159268525619,56.51142097395412,55.37199783325195,55.37199783325195,137984236,0.0,0.0
2024-06-04 00:00:00+01:00,55.47194500610598,56.17159192188994,54.89223636330046,55.611873626708984,262438113,0.0,0.0
2024-06-05 00:00:00+01:00,55.89172985073563,55.93171054525715,54.5923877809374,54.71232986450195,147742816,0.0,0.0
2024-06-06 00:00:00+01:00,54.63236946971903,55.71182536483181,54.332521880888464,55.611873626708984,135516703,0.0,0.0
2024-06-07 00:00:00+01:00,55.63186277093544,56.07163897085601,54.47244932317315,54.77229690551758,116265881,0.0,0.0
2024-06-10 00:00:00+01:00,54.09264088390615,55.112125724116005,53.57290329010687,54.19259262084961,157631432,0.0,0.0
2024-06-11 00:00:00+01:00,54.51242933285776,54.632367601735275,53.273054511893974,53.3530158996582,166452852,0.0,0.0
2024-06-12 00:00:00+01:00,53.79279595621433,55.092138098521275,53.01319143338397,54.95220947265625,254086293,0.0,0.0
2024-06-13 00:00:00+01:00,54.55241431984005,54.772300527958365,53.69284839757362,54.032676696777344,94191527,0.0,0.0
2024-06-14 00:00:00+01:00,53.932720774960416,54.552410092574576,53.26505919995242,54.152610778808594,162745999,0.0,0.0
2024-06-17 00:00:00+01:00,54.492437937135094,54.692337589929494,53.89273897875187,54.512428283691406,99062882,0.0,0.0
2024-06-18 00:00:00+01:00,55.03216819481188,55.112125771666726,54.37250198149151,54.9921875,102463660,0.0,0.0
2024-06-19 00:00:00+01:00,54.912228020163035,55.39198493628428,54.752309048122626,55.19208908081055,184600116,0.0,0.0
2024-06-20 00:00:00+01:00,55.15210446421137,56.08863104531211,54.7922858495053,56.05165100097656,179094450,0.0,0.0
2024-06-21 00:00:00+01:00,56.191583810648595,56.39147966683876,54.93921499636584,55.531917572021484,246172446,0.0,0.0
2024-06-24 00:00:00+01:00,55.69183234738522,56.39147541685989,55.35200407959662,55.651851654052734,104466620,0.0,0.0
2024-06-25 00:00:00+01:00,55.73181093819113,56.071639216408045,55.312025083624356,55.511924743652344,98819622,0.0,0.0
2024-06-26 00:00:00+01:00,55.55190336445085,55.91171816374662,55.352003711885146,55.77178955078125,317766913,0.0,0.0
2024-06-27 00:00:00+01:00,55.93170892089535,56.25154684224103,55.431961692196644,56.05165100097656,120670478,0.0,0.0
2024-06-28 00:00:00+01:00,56.351500212195305,56.57138640652588,54.23256915578152,54.71232986450195,201729056,0.0,0.0
2024-07-01 00:00:00+01:00,55.13211804494667,56.0516549938966,54.372503880830685,55.59188461303711,129712755,0.0,0.0
2024-07-02 00:00:00+01:00,55.371998008142725,55.931712499929034,54.85226039950614,54.912227630615234,194390185,0.0,0.0
2024-07-03 00:00:00+01:00,55.491934607994494,56.01167220094175,55.19208702319347,55.85175323486328,323106648,0.0,0.0
2024-07-04 00:00:00+01:00,56.11161833872018,57.251041412353516,55.511923188208556,57.251041412353516,154028902,0.0,0.0
2024-07-05 00:00:00+01:00,58.07062855842828,58.53239681414116,56.89122475084959,58.25053787231445,302017954,0.0,0.0
2024-07-08 00:00:00+01:00,58.090619137432036,59.32999399217027,56.89122497766544,58.99016571044922,156999918,0.0,0.0
2024-07-09 00:00:00+01:00,58.91020289375694,59.31000220825269,57.57088014679566,57.810760498046875,176111990,0.0,0.0
2024-07-10 00:00:00+01:00,58.090619467472436,58.69031845714738,57.45094359536766,58.07062911987305,85646094,0.0,0.0
2024-07-11 00:00:00+01:00,58.1705801579249,59.368971551852454,57.710813606977915,59.110103607177734,101253674,0.0,0.0
2024-07-12 00:00:00+01:00,59.529895964311294,59.66982458937301,58.59036865986421,59.070125579833984,69605254,0.0,0.0
2024-07-15 00:00:00+01:00,58.47043132743616,59.429945182873084,58.18357764142659,58.77027893066406,82739750,0.0,0.0
2024-07-16 00:00:00+01:00,58.470428466796875,59.13009468673203,58.17058087823889,58.470428466796875,76128129,0.0,0.0
2024-07-17 00:00:00+01:00,58.61035367526781,59.1660723429599,58.47042506293796,58.750282287597656,73138654,0.0,0.0
2024-07-18 00:00:00+01:00,59.07012272641116,59.789759977987785,58.39046616942631,59.170074462890625,123711870,0.0,0.0
2024-07-19 00:00:00+01:00,58.810256022332695,59.54988362353477,58.39046635333452,59.110103607177734,99192792,0.0,0.0
2024-07-22 00:00:00+01:00,59.32999283771046,59.469921454619495,58.93019352131136,58.9501838684082,266395315,0.0,0.0
2024-07-23 00:00:00+01:00,58.97017633553339,59.48991394042969,58.416455520627615,59.48991394042969,175542241,0.0,0.0
2024-07-24 00:00:00+01:00,59.05013603189535,59.96267269750562,58.910203601203214,59.62984085083008,115546240,0.0,0.0
2024-07-25 00:00:00+01:00,56.97118878146842,60.769267271012495,56.67134118201451,60.60934829711914,233616653,0.0,0.0
2024-07-26 00:00:00+01:00,59.78976176314057,64.63730865044664,59.509904518180086,60.629337310791016,140446548,0.0,0.0
2024-07-29 00:00:00+01:00,60.86921502566488,61.6888001897806,58.910202957827686,61.06911087036133,173073957,0.0,0.0
2024-07-30 00:00:00+01:00,60.78925547055467,60.86921686105941,59.669822692871094,59.669822692871094,177951229,0.0,0.0
2024-07-31 00:00:00+01:00,59.96967066063794,60.34947964239729,59.150085466630735,59.54988479614258,164947185,0.0,0.0
2024-08-01 00:00:00+01:00,58.36087153467916,58.880701602481174,49.02393184529687,56.141597747802734,307162236,1.06,0.0
2024-08-02 00:00:00+01:00,55.52180413240822,56.361529072530416,55.02196794932233,55.321868896484375,323675617,0.0,0.0
2024-08-05 00:00:00+01:00,53.32252419418438,64.6488101262996,52.66274058467716,54.5421257019043,347972476,0.0,0.0
2024-08-06 00:00:00+01:00,55.46182065369284,56.08161643324212,54.9619844865037,55.14192581176758,170607703,0.0,0.0
2024-08-07 00:00:00+01:00,56.161592230445855,57.18125847239342,55.581780444193434,56.9813232421875,183281204,0.0,0.0
2024-08-08 00:00:00+01:00,56.58145229660277,57.08128846110791,55.78071607289141,57.06129837036133,128445480,0.0,0.0
2024-08-09 00:00:00+01:00,57.4011859628888,57.46116767825168,56.56146482849346,56.94133758544922,302571827,0.0,0.0
2024-08-12 00:00:00+01:00,57.18125778470436,57.381193012505754,56.501480298247984,56.78138732910156,90262928,0.0,0.0
2024-08-13 00:00:00+01:00,56.94133700164225,57.261231853402805,56.461494724001426,56.8813591003418,66305320,0.0,0.0
2024-08-14 00:00:00+01:00,57.401185651801086,57.621114793492225,47.414460811578685,57.30121994018555,81031467,0.0,0.0
2024-08-15 00:00:00+01:00,57.501153781243715,58.460838317871094,49.023932747473836,58.460838317871094,126352321,0.0,0.0
2024-08-16 00:00:00+01:00,58.28089727401736,58.94068087283841,58.040978045417376,58.88070297241211,69518709,0.0,0.0
2024-08-19 00:00:00+01:00,58.86071090806077,59.200599670410156,58.481833458457395,59.200599670410156,96623948,0.0,0.0
2024-08-20 00:00:00+01:00,59.46051226042862,59.46051226042862,58.160938938830036,58.36087417602539,58791998,0.0,0.0
2024-08-21 00:00:00+01:00,59.38054095498688,59.38054095498688,58.10095771420119,58.28089904785156,98362099,0.0,0.0
2024-08-22 00:00:00+01:00,58.60079390468611,58.6607756203854,58.030980952609106,58.28089904785156,140728100,0.0,0.0
2024-08-23 00:00:00+01:00,58.48083230270149,59.6204581681923,58.320884879710626,59.38053894042969,126472239,0.0,0.0
2024-08-27 00:00:00+01:00,59.380538257143535,59.380538257143535,58.554808694424864,59.18060302734375,108241900,0.0,0.0
2024-08-28 00:00:00+01:00,59.40052985493985,59.460511569435646,57.173263007616036,58.16093826293945,125480332,0.0,0.0
2024-08-29 00:00:00+01:00,58.00098985956867,58.780733067626855,57.88103024604757,58.320884704589844,113812197,0.0,0.0
2024-08-30 00:00:00+01:00,58.28089591809354,58.70076027854632,58.26090201393414,58.480831146240234,133560923,0.0,0.0
2024-09-02 00:00:00+01:00,58.540814238111295,58.86070908530474,57.96100244416856,58.100955963134766,81091257,0.0,0.0
2024-09-03 00:00:00+01:00,58.020984674116654,58.580798754960654,56.94133669515052,57.24123764038086,195841719,0.0,0.0
2024-09-04 00:00:00+01:00,56.40151203606308,57.64110742533197,56.341534135797524,57.04130554199219,106283233,0.0,0.0
2024-09-05 00:00:00+01:00,56.80138123539406,58.40085543097171,56.68142162408756,57.561134338378906,120454423,0.0,0.0
2024-09-06 00:00:00+01:00,57.50115401885885,57.64110753768109,56.30054731318035,56.401512145996094,187178475,0.0,0.0
2024-09-09 00:00:00+01:00,56.38152261430652,57.54114239905862,56.38152261430652,57.24123764038086,177753259,0.0,0.0
2024-09-10 00:00:00+01:00,57.381195000166336,58.05097365103749,56.22157521488623,56.46149444580078,181486740,0.0,0.0
2024-09-11 00:00:00+01:00,57.34120510748317,57.58112432968211,56.72540582719726,57.42117691040039,233586461,0.0,0.0
2024-09-12 00:00:00+01:00,58.48083292561973,58.48083292561973,57.48116056791683,57.88103103637695,205053215,0.0,0.0
2024-09-13 00:00:00+01:00,57.94100903045854,58.45084406923788,57.58112637095486,58.0209846496582,70242228,0.0,0.0
2024-09-16 00:00:00+01:00,57.78106276782726,58.2609050523355,57.661103150062075,58.14094543457031,51960051,0.0,0.0
2024-09-17 00:00:00+01:00,58.440846657341055,58.980670659964744,58.3358815146277,58.56081008911133,88268139,0.0,0.0
2024-09-18 00:00:00+01:00,58.320886585878405,58.44084620326911,57.64110906491862,57.86103820800781,75864264,0.0,0.0
2024-09-19 00:00:00+01:00,58.70076027854632,58.78073208173662,58.24090810977475,58.480831146240234,133526447,0.0,0.0
2024-09-20 00:00:00+01:00,58.24090899124725,58.400856413495944,57.72108272902453,58.180931091308594,243847294,0.0,0.0
2024-09-23 00:00:00+01:00,58.40085798788684,58.500827512891874,57.741074376643404,58.080963134765625,70463054,0.0,0.0
2024-09-24 00:00:00+01:00,58.420849433367714,59.36054386161663,58.40285758903748,59.26057434082031,374555807,0.0,0.0
2024-09-25 00:00:00+01:00,58.94068148414768,59.64045289947561,57.98099693289949,58.16093826293945,166563532,0.0,0.0
2024-09-26 00:00:00+01:00,58.88070248150455,59.195597896459425,58.6517774236159,58.96067428588867,77995421,0.0,0.0
2024-09-27 00:00:00+01:00,59.12062199466494,59.660445977301855,58.70076143935669,59.38053894042969,101433954,0.0,0.0
2024-09-30 00:00:00+01:00,58.860710636498844,59.40053082195939,58.64078149321465,58.78073501586914,138802196,0.0,0.0
2024-10-01 00:00:00+01:00,58.78073297137934,59.360544760435424,57.66110101563852,58.180931091308594,188839955,0.0,0.0
2024-10-02 00:00:00+01:00,57.98099822940091,58.300893086970085,57.441174227210126,57.641109466552734,148415314,0.0,0.0
2024-10-03 00:00:00+01:00,57.62111213786436,58.080960491618406,56.88135675372912,57.42117691040039,150665222,0.0,0.0
2024-10-04 00:00:00+01:00,57.5211494985312,58.880704541656264,57.5211494985312,58.78073501586914,138628645,0.0,0.0
2024-10-07 00:00:00+01:00,59.180605180709904,59.3805404177846,58.52082156777663,59.14061737060547,113145255,0.0,0.0
2024-10-08 00:00:00+01:00,58.64078004277906,58.800727466634804,57.961002538030314,58.240909576416016,105422259,0.0,0.0
2024-10-09 00:00:00+01:00,58.34087975102821,59.280570399990154,58.22092013515907,59.2205924987793,77641000,0.0,0.0
2024-10-10 00:00:00+01:00,59.220593172925916,59.78040726231962,59.040651840350094,59.42052459716797,99900763,0.0,0.0
2024-10-11 00:00:00+01:00,59.28057085768053,59.92036056518555,59.140617335844745,59.92036056518555,88510516,0.0,0.0
2024-10-14 00:00:00+01:00,59.800398018657695,59.96034543769783,59.28056795341545,59.62045669555664,92973497,0.0,0.0
2024-10-15 00:00:00+01:00,59.8603827558983,60.10030198985924,59.52049399658076,60.06031799316406,141352890,0.0,0.0
2024-10-16 00:00:00+01:00,59.98033934973,61.17994689941406,59.920357637539254,61.17994689941406,164722219,0.0,0.0
2024-10-17 00:00:00+01:00,61.179949515260056,61.99968054967949,61.02000208935986,61.8397331237793,172317713,0.0,0.0
2024-10-18 00:00:00+01:00,61.599808127434244,62.24959666964017,61.27991328576443,62.15962600708008,180387256,0.0,0.0
2024-10-21 00:00:00+01:00,61.97968605781834,62.5195100451622,61.53983159412005,61.77975082397461,244248601,0.0,0.0
2024-10-22 00:00:00+01:00,61.4398627438007,62.39954730063103,61.31990312755877,61.97968673706055,159162198,0.0,0.0
2024-10-23 00:00:00+01:00,62.97935661867012,63.448204709604205,60.80007064012289,61.59980773925781,213089101,0.0,0.0
2024-10-24 00:00:00+01:00,61.87972169955243,62.59948321828867,61.67978646134056,62.179622650146484,263067192,0.0,0.0
2024-10-25 00:00:00+01:00,62.35956433586925,62.499517859374826,57.56113765888419,57.641109466552734,312290651,0.0,0.0
2024-10-28 00:00:00+00:00,56.581454368950375,57.481161023391124,55.461822387216564,56.10161209106445,302863589,0.0,0.0
2024-10-29 00:00:00+00:00,56.261560690469814,56.36153021718575,54.257220301271076,54.522132873535156,239820524,0.0,0.0
2024-10-30 00:00:00+00:00,53.742383616887246,55.07194966687489,53.15157765728731,53.642417907714844,305260035,0.0,0.0
2024-10-31 00:00:00+00:00,53.06260867162113,54.3551842515272,53.06260867162113,53.382503509521484,224377667,0.0,0.0
2024-11-01 00:00:00+00:00,53.182570581745814,54.94199226626389,53.182570581745814,54.40216827392578,143210419,0.0,0.0
2024-11-04 00:00:00+00:00,54.30220012532673,55.641761186862034,54.182240514674284,54.80203628540039,197160827,0.0,0.0
2024-11-05 00:00:00+00:00,54.38217739084795,55.10193889004082,54.10926421551834,54.84202575683594,135871229,0.0,0.0
2024-11-06 00:00:00+00:00,55.141928277302426,56.12160675118335,54.422162944064404,54.74205780029297,159048486,0.0,0.0
2024-11-07 00:00:00+00:00,55.10194087469753,55.38185173605465,54.30220372820761,54.522132873535156,155565870,0.0,0.0
2024-11-08 00:00:00+00:00,54.44215573543979,54.66208487464026,52.672735203061485,53.0626106262207,187872236,0.0,0.0
2024-11-11 00:00:00+00:00,53.64242010567248,54.84202773213113,53.502466581717684,54.522132873535156,143481639,0.0,0.0
2024-11-12 00:00:00+00:00,54.04228905512283,54.6620848494185,53.84235382080078,53.84235382080078,115216990,0.0,0.0
2024-11-13 00:00:00+00:00,53.922323960480384,55.101937611743026,53.88233996560925,54.58210754394531,123684486,0.0,0.0
2024-11-14 00:00:00+00:00,54.74205798134137,55.021968841552734,54.222231698336344,55.021968841552734,105138172,0.0,0.0
2024-11-15 00:00:00+00:00,54.78204457560926,56.46149444580078,54.78204457560926,56.46149444580078,163161083,0.0,0.0
2024-11-18 00:00:00+00:00,56.98132602644282,57.06529814081188,55.74173058935418,56.22157669067383,102346631,0.0,0.0
2024-11-19 00:00:00+00:00,56.18158883523716,56.4415019775847,54.86202159127803,55.301876068115234,140555210,0.0,0.0
2024-11-20 00:00:00+00:00,55.48181582899804,55.72173887266191,55.22190269402229,55.40184020996094,128349164,0.0,0.0
2024-11-21 00:00:00+00:00,55.44182665199906,55.50180836479742,54.62209564432465,55.00197219848633,75605300,0.0,0.0
2024-11-22 00:00:00+00:00,55.38185054747898,55.401840638945636,53.84235419012102,54.40216827392578,156356317,0.0,0.0
2024-11-25 00:00:00+00:00,54.48214242220436,55.081944299638685,53.802364927273544,54.64208984375,352150566,0.0,0.0
2024-11-26 00:00:00+00:00,54.462150426165,54.54212604646381,53.22255881911325,53.402496337890625,119880964,0.0,0.0
2024-11-27 00:00:00+00:00,53.302528283992665,53.46247570411514,52.8826677362139,53.162574768066406,100322878,0.0,0.0
2024-11-28 00:00:00+00:00,53.48246911624291,53.742382241507855,52.84267944163942,53.24254608154297,65853223,0.0,0.0
2024-11-29 00:00:00+00:00,53.14258351036366,53.542453987307,52.912659320827856,53.04261779785156,112998910,0.0,0.0
2024-12-02 00:00:00+00:00,52.98263373865034,53.382504197905874,52.5227853799196,52.80269241333008,111970703,0.0,0.0
2024-12-03 00:00:00+00:00,53.10259452754909,53.50246499566385,52.84268139268767,52.92265319824219,114764926,0.0,0.0
2024-12-04 00:00:00+00:00,53.002629403018325,53.54245339690505,52.72272236031296,52.982635498046875,123358921,0.0,0.0
2024-12-05 00:00:00+00:00,52.80269298494564,53.68240571676275,52.78269908042168,53.642417907714844,212730770,0.0,0.0
2024-12-06 00:00:00+00:00,53.68240642080235,53.822359940858135,52.98263500707601,53.0626106262207,104208608,0.0,0.0
2024-12-09 00:00:00+00:00,53.40249458072778,53.56244581606234,53.18256925903746,53.222557067871094,77299528,0.0,0.0
2024-12-10 00:00:00+00:00,53.0026288172441,53.312528620705415,52.76270577368576,52.92265319824219,111467937,0.0,0.0
2024-12-11 00:00:00+00:00,52.64274593271883,55.525799868691166,52.522786318178156,54.20223617553711,490155283,0.0,0.0
2024-12-12 00:00:00+00:00,54.562118812654674,55.68175077933543,54.46015104293633,54.98197937011719,100438646,0.0,0.0
2024-12-13 00:00:00+00:00,55.081943708436604,55.60177377624237,54.95998585054498,55.361854553222656,118032599,0.0,0.0
2024-12-16 00:00:00+00:00,55.38184845738218,56.101609939888604,55.14192542091518,55.361854553222656,89541373,0.0,0.0
2024-12-17 00:00:00+00:00,54.981979390222556,55.5817812763733,53.78237180447368,54.20223617553711,222377220,0.0,0.0
2024-12-18 00:00:00+00:00,54.32219402934335,55.40183815210988,54.02229309598861,54.80203628540039,141994525,0.0,0.0
2024-12-19 00:00:00+00:00,53.82235912623398,54.30220139349723,53.702399512780005,54.28220748901367,152444095,0.0,0.0
2024-12-20 00:00:00+00:00,53.842354588011574,54.30220296409156,53.342518401807894,54.18224334716797,349339807,0.0,0.0
2024-12-23 00:00:00+00:00,54.06228138781974,54.48214193558421,53.702398739194585,53.942317962646484,193151547,0.0,0.0
2024-12-24 00:00:00+00:00,54.562118832606515,54.562118832606515,54.162248366207756,54.20223617553711,70289585,0.0,0.0
2024-12-27 00:00:00+00:00,54.122260650573565,54.442155498867415,53.99929985272426,54.34218978881836,63634119,0.0,0.0
2024-12-30 00:00:00+00:00,54.06228333072857,54.66208522436151,53.96131468292953,54.40216827392578,43336037,0.0,0.0
2024-12-31 00:00:00+00:00,54.702072727703325,55.04196148244364,54.38217787776508,54.76205062866211,32226362,0.0,0.0
2025-01-02 00:00:00+00:00,54.562120460884245,55.2618880777939,54.08227436150691,55.021968841552734,42442125,0.0,0.0
2025-01-03 00:00:00+00:00,54.82203206125912,55.141926909552964,54.14225455527286,54.34218978881836,131283503,0.0,0.0
2025-01-06 00:00:00+00:00,54.382178514886306,55.741729736328125,54.2222310880433,55.741729736328125,185826184,0.0,0.0
2025-01-07 00:00:00+00:00,55.54179803734535,55.90167688587134,54.88201442820987,55.321868896484375,169652241,0.0,0.0
2025-01-08 00:00:00+00:00,55.501809782813154,55.72173892191215,52.862675367414916,53.84235382080078,171903554,0.0,0.0
2025-01-09 00:00:00+00:00,53.36250941445001,54.02229299193857,52.84267935136095,53.88233947753906,101445847,0.0,0.0
2025-01-10 00:00:00+00:00,53.76237753627725,54.12226019091319,52.41782082433405,52.862674713134766,195490326,0.0,0.0
2025-01-13 00:00:00+00:00,53.442481799918916,53.62242312423762,52.70272641189519,53.162574768066406,155457937,0.0,0.0
2025-01-14 00:00:00+00:00,53.642420061630105,54.042290541270525,53.18257167945689,53.60243225097656,175172666,0.0,0.0
2025-01-15 00:00:00+00:00,54.68207875094419,57.14127183665112,54.68207875094419,57.10128402709961,209760980,0.0,0.0
2025-01-16 00:00:00+00:00,57.84104334428897,57.96100295969162,56.70141746434521,57.24123764038086,103256947,0.0,0.0
2025-01-17 00:00:00+00:00,58.02098443982774,58.90069336715816,57.48215957574375,58.52082061767578,180340227,0.0,0.0
2025-01-20 00:00:00+00:00,58.42085225964358,58.98067016284387,58.280898737205376,58.64078140258789,108078956,0.0,0.0
2025-01-21 00:00:00+00:00,60.98001480102539,61.819739747544624,60.520166424310624,60.98001480102539,271182833,0.0,0.0
2025-01-22 00:00:00+00:00,61.479851443201355,62.039669349509005,60.70010820617615,61.679786682128906,211020378,0.0,0.0
2025-01-23 00:00:00+00:00,61.01999986853397,62.519508361816406,61.01999986853397,62.519508361816406,213818158,0.0,0.0
2025-01-24 00:00:00+00:00,62.39954552998086,62.39954552998086,61.299907483163715,61.79974365234375,100919100,0.0,0.0
2025-01-27 00:00:00+00:00,61.000007815685635,61.83973274994724,60.34022421115491,61.27991485595703,162717101,0.0,0.0
2025-01-28 00:00:00+00:00,61.299908947503745,61.77975122376543,61.15995542694168,61.5598258972168,169466479,0.0,0.0
2025-01-29 00:00:00+00:00,61.85972584211878,62.61947514720951,61.61980280114692,62.499515533447266,138268536,0.0,0.0
2025-01-30 00:00:00+00:00,62.19961664570527,62.53950540712515,61.91970578642288,62.319576263427734,89430194,0.0,0.0
2025-01-31 00:00:00+00:00,62.279588453037746,62.579489404067644,62.03966921759283,62.319576263427734,122019963,0.0,0.0
2025-02-03 00:00:00+00:00,61.09997459984409,61.67978640882004,60.28024355597617,61.25992202758789,113008056,0.0,0.0
2025-02-04 00:00:00+00:00,61.499844182641304,61.69977941777886,60.85605417460838,61.5598258972168,76487003,0.0,0.0
2025-02-05 00:00:00+00:00,61.179946902708785,61.95969009399414,61.03999338770344,61.95969009399414,75820898,0.0,0.0
2025-02-06 00:00:00+00:00,62.57948896621407,63.339242104517986,62.35956363750291,63.31924819946289,167947965,0.0,0.0
2025-02-07 00:00:00+00:00,63.339242140301266,63.559171282584146,62.39954766941805,62.53950500488281,124271192,0.0,0.0
2025-02-10 00:00:00+00:00,62.51950962716384,63.37922845753073,62.50851164492977,62.779422760009766,107969780,0.0,0.0
2025-02-11 00:00:00+00:00,62.81941056920064,63.1592993204283,62.35956220384773,62.779422760009766,94599581,0.0,0.0
2025-02-12 00:00:00+00:00,62.939371991539616,63.879066467285156,62.83940627913785,63.879066467285156,204042858,0.0,0.0
2025-02-13 00:00:00+00:00,63.89905459570028,64.19895935058594,63.11931138527126,64.19895935058594,111306322,0.0,0.0
2025-02-14 00:00:00+00:00,64.27893820566472,64.39889401214373,63.45920333139835,64.13898468017578,170368157,0.0,0.0
2025-02-17 00:00:00+00:00,64.35890428652935,64.79876256892157,61.27991537702108,62.899383544921875,141336733,0.0,0.0
2025-02-18 00:00:00+00:00,63.119313453472564,63.65913745381806,62.71944678960172,63.23927307128906,114328877,0.0,0.0
2025-02-19 00:00:00+00:00,63.159300991666676,63.339242324339594,62.399547850726,62.81941223144531,101806411,0.0,0.0
2025-02-20 00:00:00+00:00,64.07899703267707,67.57785030807794,63.7950934980363,65.87841033935547,666438787,0.0,0.0
2025-02-21 00:00:00+00:00,65.87840904360264,67.27795185161456,65.35857515327793,67.177978515625,283408993,0.0,0.0
2025-02-24 00:00:00+00:00,67.11800178497059,67.61783796604836,66.55818770276984,67.29794311523438,177521351,0.0,0.0
2025-02-25 00:00:00+00:00,67.37791744216095,69.20731966026717,66.85808355275086,68.59751892089844,227974016,0.0,0.0
2025-02-26 00:00:00+00:00,70.07702861806455,71.97640756530569,69.57719245441659,71.73648834228516,301841650,0.0,0.0
2025-02-27 00:00:00+00:00,70.75680822908262,71.85644629672888,70.75680822908262,71.69650268554688,155728220,0.0,0.0
2025-02-28 00:00:00+00:00,71.75648141571627,72.95809108093749,71.10869872394483,72.95609283447266,338012901,0.0,0.0
2025-03-03 00:00:00+00:00,72.97607919974249,73.29597403636421,71.71648994377811,72.31629180908203,244900531,0.0,0.0
2025-03-04 00:00:00+00:00,72.0563862408517,72.93609518053509,70.97673825108464,71.39659881591797,134878965,0.0,0.0
2025-03-05 00:00:00+00:00,73.01607297980541,74.11571109395317,72.4362611576001,73.05606079101562,295216104,0.0,0.0
2025-03-06 00:00:00+00:00,74.29564775767783,74.43560127466276,72.30430369679594,72.7161636352539,257764007,0.0,0.0
2025-03-07 00:00:00+00:00,71.93641916019307,72.88611243938217,70.89675903320312,70.89675903320312,188578570,0.0,0.0
2025-03-10 00:00:00+00:00,71.15667807101528,71.5965363449598,69.03736994652182,69.15733337402344,349889268,0.0,0.0
2025-03-11 00:00:00+00:00,68.35759109405299,68.59751794431644,67.03802392518244,67.1979751586914,196281942,0.0,0.0
2025-03-12 00:00:00+00:00,67.43789505651927,68.37758949554599,67.25795373046935,68.17765045166016,206727078,0.0,0.0
2025-03-13 00:00:00+00:00,68.2176394323413,69.41725083558028,67.99771029373609,68.29761505126953,112868480,0.0,0.0
2025-03-14 00:00:00+00:00,68.15766341355184,69.79712551237503,67.777790653496,69.5372085571289,102579078,0.0,0.0
2025-03-17 00:00:00+00:00,69.71715114744198,70.17699953692015,69.51721971789327,69.79712677001953,81117818,0.0,0.0
2025-03-18 00:00:00+00:00,69.89708943910861,70.79679608666446,69.71714810959745,70.13701629638672,355043864,0.0,0.0
2025-03-19 00:00:00+00:00,69.91708743474,70.9767376977908,69.87709962503499,70.55687713623047,123062339,0.0,0.0
2025-03-20 00:00:00+00:00,71.3965999835153,71.5965390368687,69.8771013125046,71.51656341552734,153445921,0.0,0.0
2025-03-21 00:00:00+00:00,70.9767376977908,71.25664473883103,69.97706533585009,70.55687713623047,267646157,0.0,0.0
2025-03-24 00:00:00+00:00,71.19666263692856,72.37627625949406,71.03671140754606,72.33628845214844,100425696,0.0,0.0
2025-03-25 00:00:00+00:00,72.55622369758129,73.59588389555616,72.4762480761459,73.35595703125,154240079,0.0,0.0
2025-03-26 00:00:00+00:00,73.63587278892271,74.03573564818863,72.95609525051744,73.33596801757812,170809473,0.0,0.0
2025-03-27 00:00:00+00:00,72.63619649818645,73.97575378417969,72.17634050623904,73.97575378417969,145705643,0.0,0.0
2025-03-28 00:00:00+00:00,73.41594148444786,74.2556626165234,73.13603444042266,73.3759536743164,122117702,0.0,0.0
2025-03-31 00:00:00+01:00,72.71616867695539,72.89611001511132,71.25664787942189,72.05638885498047,138963541,0.0,0.0
2025-04-01 00:00:00+01:00,72.6361955483828,73.37595094102089,71.92042673941411,72.57621002197266,115463759,0.0,0.0
2025-04-02 00:00:00+01:00,72.31629298292556,72.87611467627153,71.75647891647424,72.4362564086914,84774862,0.0,0.0
2025-04-03 00:00:00+01:00,70.71682236583862,71.39659989258436,69.43724293358666,69.67716217041016,167018827,0.0,0.0
2025-04-04 00:00:00+01:00,68.59752321358717,68.8844241297177,63.69912690107997,64.97870635986328,325638829,0.0,0.0
2025-04-07 00:00:00+01:00,61.19994165691857,67.25795357511478,60.760083388280414,63.999019622802734,334145339,0.0,0.0
2025-04-08 00:00:00+01:00,65.11865747919815,67.45789478766244,64.8987283378072,66.29827117919922,193350831,0.0,0.0
2025-04-09 00:00:00+01:00,64.7387812642086,65.77143989803928,63.51717775962597,64.37889862060547,180728014,0.0,0.0
2025-04-10 00:00:00+01:00,69.23999786376953,69.23999786376953,66.0,66.33999633789062,191915978,2.11,0.0
2025-04-11 00:00:00+01:00,66.86000061035156,67.4800033569336,65.77999877929688,66.76000213623047,398027737,0.0,0.0
2025-04-14 00:00:00+01:00,67.95999908447266,69.0,67.54000091552734,68.73999786376953,86826609,0.0,0.0
2025-04-15 00:00:00+01:00,68.76000213623047,70.95999908447266,68.76000213623047,70.80000305175781,115490880,0.0,0.0
2025-04-16 00:00:00+01:00,70.36000061035156,71.0999984741211,70.0199966430664,70.77999877929688,106517222,0.0,0.0
2025-04-17 00:00:00+01:00,70.95999908447266,71.0999984741211,66.94000244140625,70.31999969482422,84202176,0.0,0.0
2025-04-22 00:00:00+01:00,70.31999969482422,71.4000015258789,70.05999755859375,71.27999877929688,197232243,0.0,0.0
2025-04-23 00:00:00+01:00,72.0,73.54000091552734,72.0,73.54000091552734,152942297,0.0,0.0
2025-04-24 00:00:00+01:00,73.33999633789062,73.37999725341797,72.30000305175781,72.66000366210938,120151468,0.0,0.0
2025-04-25 00:00:00+01:00,72.76000213623047,73.23999786376953,72.44000244140625,73.0,86609543,0.0,0.0
2025-04-28 00:00:00+01:00,73.08000183105469,73.5999984741211,72.9000015258789,72.9000015258789,77187035,0.0,0.0
2025-04-29 00:00:00+01:00,73.44000244140625,74.04000091552734,73.13999938964844,73.18000030517578,109899014,0.0,0.0
2025-04-30 00:00:00+01:00,73.4800033569336,73.5199966430664,70.33999633789062,73.27999877929688,467866561,0.0,0.0
2025-05-01 00:00:00+01:00,72.0,72.86000061035156,71.0999984741211,71.33999633789062,77820492,0.0,0.0
2025-05-02 00:00:00+01:00,71.44000244140625,72.12000274658203,69.69999694824219,70.58000183105469,191448540,0.0,0.0
2025-05-06 00:00:00+01:00,70.9800033569336,71.68000030517578,70.58000183105469,71.62000274658203,88777942,0.0,0.0
2025-05-07 00:00:00+01:00,71.76000213623047,72.5999984741211,70.80000305175781,72.23999786376953,137274246,0.0,0.0
2025-05-08 00:00:00+01:00,72.68000030517578,73.12000274658203,72.16000366210938,72.63999938964844,168990983,0.0,0.0
2025-05-09 00:00:00+01:00,72.86000061035156,73.0199966430664,72.5,73.0199966430664,74741640,0.0,0.0
2025-05-12 00:00:00+01:00,73.94000244140625,74.2770004272461,72.55999755859375,73.04000091552734,96104258,0.0,0.0
2025-05-13 00:00:00+01:00,71.69999694824219,73.80000305175781,71.69999694824219,73.4000015258789,81960193,0.0,0.0
2025-05-14 00:00:00+01:00,73.5199966430664,74.94000244140625,73.44000244140625,74.94000244140625,121072846,0.0,0.0
2025-05-15 00:00:00+01:00,74.68000030517578,75.04000091552734,74.30999755859375,74.77999877929688,132893628,0.0,0.0
2025-05-16 00:00:00+01:00,74.80000305175781,75.08000183105469,74.5199966430664,75.0,104857710,0.0,0.0
2025-05-19 00:00:00+01:00,74.5999984741211,75.83999633789062,74.54000091552734,75.83999633789062,98566048,0.0,0.0
2025-05-20 00:00:00+01:00,76.33999633789062,78.0199966430664,76.0,78.0199966430664,243945017,0.0,0.0
2025-05-21 00:00:00+01:00,78.08000183105469,78.69999694824219,77.95999908447266,77.9800033569336,181142677,0.0,0.0
2025-05-22 00:00:00+01:00,77.86000061035156,78.5999984741211,77.31999969482422,78.4800033569336,173830624,0.0,0.0
2025-05-23 00:00:00+01:00,78.37999725341797,78.9800033569336,75.83999633789062,77.81999969482422,265113370,0.0,0.0
2025-05-27 00:00:00+01:00,78.41999816894531,79.19000244140625,78.18000030517578,78.4800033569336,103375583,0.0,0.0
2025-05-28 00:00:00+01:00,78.5,78.73999786376953,76.62000274658203,76.62000274658203,116810465,0.0,0.0
2025-05-29 00:00:00+01:00,77.27999877929688,77.62000274658203,76.33999633789062,77.22000122070312,198915839,0.0,0.0
2025-05-30 00:00:00+01:00,77.22000122070312,77.86000061035156,77.05999755859375,77.19999694824219,241372205,0.0,0.0
2025-06-02 00:00:00+01:00,76.9000015258789,77.95999908447266,76.9000015258789,77.80000305175781,102317832,0.0,0.0
2025-06-03 00:00:00+01:00,77.91999816894531,78.12000274658203,76.44000244140625,77.04000091552734,118194151,0.0,0.0
2025-06-04 00:00:00+01:00,77.13999938964844,77.4000015258789,76.31999969482422,76.58000183105469,107346909,0.0,0.0
2025-06-05 00:00:00+01:00,76.22000122070312,76.68000030517578,75.7300033569336,76.68000030517578,121681757,0.0,0.0
2025-06-06 00:00:00+01:00,76.66000366210938,77.27999877929688,76.36000061035156,76.91999816894531,80805117,0.0,0.0
2025-06-09 00:00:00+01:00,77.04000091552734,77.18000030517578,76.35800170898438,76.9800033569336,78074284,0.0,0.0
2025-06-10 00:00:00+01:00,76.81999969482422,76.95999908447266,75.5,75.68000030517578,103482213,0.0,0.0
2025-06-11 00:00:00+01:00,76.05999755859375,76.87999725341797,75.72000122070312,76.05999755859375,137687116,0.0,0.0
2025-06-12 00:00:00+01:00,75.4800033569336,77.12000274658203,75.45999908447266,76.81999969482422,132619247,0.0,0.0
2025-06-13 00:00:00+01:00,75.81999969482422,76.54000091552734,75.33999633789062,76.5,85908285,0.0,0.0
2025-06-16 00:00:00+01:00,76.72000122070312,77.66000366210938,76.54000091552734,77.16000366210938,103355633,0.0,0.0
2025-06-17 00:00:00+01:00,77.18000030517578,77.31999969482422,75.69599914550781,75.73999786376953,109818169,0.0,0.0
2025-06-18 00:00:00+01:00,76.05999755859375,77.0,75.91999816894531,76.5999984741211,71508436,0.0,0.0
2025-06-19 00:00:00+01:00,76.55999755859375,76.66000366210938,75.4800033569336,75.4800033569336,41980242,0.0,0.0
2025-06-20 00:00:00+01:00,75.69999694824219,76.55999755859375,75.4800033569336,75.55999755859375,202054195,0.0,0.0
2025-06-23 00:00:00+01:00,75.12000274658203,75.9000015258789,74.73999786376953,74.87999725341797,81415546,0.0,0.0
2025-06-24 00:00:00+01:00,76.22000122070312,76.91999816894531,75.77999877929688,76.66000366210938,100002889,0.0,0.0
2025-06-25 00:00:00+01:00,76.44000244140625,76.62000274658203,75.4800033569336,76.0199966430664,63065900,0.0,0.0
2025-06-26 00:00:00+01:00,75.95999908447266,76.4800033569336,75.62000274658203,75.76000213623047,86863304,0.0,0.0
2025-06-27 00:00:00+01:00,76.04000091552734,77.0,75.87999725341797,76.62000274658203,98600772,0.0,0.0
2025-06-30 00:00:00+01:00,76.9000015258789,77.13999938964844,75.95999908447266,76.69999694824219,86783208,0.0,0.0
2025-07-01 00:00:00+01:00,76.83999633789062,77.30000305175781,75.9800033569336,76.36000061035156,103026972,0.0,0.0
2025-07-02 00:00:00+01:00,76.9800033569336,77.5999984741211,72.85099792480469,73.54000091552734,270311976,0.0,0.0
2025-07-03 00:00:00+01:00,73.54000091552734,75.9800033569336,73.54000091552734,75.87999725341797,113286062,0.0,0.0
2025-07-04 00:00:00+01:00,75.5999984741211,76.05999755859375,75.0199966430664,75.36000061035156,65462622,0.0,0.0
