Date,Open,High,Low,Close,Volume,Dividends,Stock Splits
2020-07-06 00:00:00+01:00,1686.9743638880113,1693.9659687117035,1627.0463225420783,1630.042724609375,362602,0.0,0.0
2020-07-07 00:00:00+01:00,1630.042715723319,1643.726236319814,1610.0147624639064,1619.055908203125,213074,0.0,0.0
2020-07-08 00:00:00+01:00,1602.0761248598765,1638.732057251388,1574.3394133399838,1587.0941162109375,556358,0.0,0.0
2020-07-09 00:00:00+01:00,1628.0448071641035,1628.0448071641035,1524.1695556640625,1524.1695556640625,500645,0.0,0.0
2020-07-10 00:00:00+01:00,1528.1650145541748,1566.0195840707233,1517.1782072599945,1552.13623046875,301538,0.0,0.0
2020-07-13 00:00:00+01:00,1538.1529499453222,1598.080986956179,1538.1529499453222,1584.0977783203125,529770,0.0,0.0
2020-07-14 00:00:00+01:00,1597.0822154022458,1597.0822154022458,1509.187759520196,1514.1817626953125,388525,0.0,0.0
2020-07-15 00:00:00+01:00,1548.1410368410543,1564.1218475439296,1524.1698207867412,1563.123046875,300801,0.0,0.0
2020-07-16 00:00:00+01:00,1554.133891418095,1555.1326921195205,1515.1806640625,1515.1806640625,277086,0.0,0.0
2020-07-17 00:00:00+01:00,1515.1805264911955,1536.1553393167162,1498.200916108631,1510.1865234375,310981,0.0,0.0
2020-07-20 00:00:00+01:00,1542.14822700645,1542.14822700645,1485.3743586310134,1529.163818359375,273665,0.0,0.0
2020-07-21 00:00:00+01:00,1553.1350866540686,1557.0254348837711,1520.1746635932427,1538.153076171875,886864,0.0,0.0
2020-07-22 00:00:00+01:00,1534.1578557312253,1543.9960181165943,1508.189037860775,1516.179443359375,205588,0.0,0.0
2020-07-23 00:00:00+01:00,1511.185308485531,1521.173314490062,1474.3025967618173,1505.1925048828125,404140,0.0,0.0
2020-07-24 00:00:00+01:00,1468.2370689541485,1499.64040260845,1453.6146116773677,1479.223876953125,413594,0.0,0.0
2020-07-27 00:00:00+01:00,1458.2489227023004,1489.2117422939245,1452.256118910373,1457.2501220703125,459164,0.0,0.0
2020-07-28 00:00:00+01:00,1448.261010760021,1489.8910774606654,1351.377343143661,1367.358154296875,2421402,0.0,0.0
2020-07-29 00:00:00+01:00,1388.332909861661,1388.332909861661,1314.4216614229827,1324.40966796875,1267660,0.0,0.0
2020-07-30 00:00:00+01:00,1313.4228278595267,1326.4072360436892,1227.5259737181432,1234.517578125,1355178,0.0,0.0
2020-07-31 00:00:00+01:00,1231.5211970245489,1239.5116021958354,1193.5667724609375,1193.5667724609375,1092835,0.0,0.0
2020-08-03 00:00:00+01:00,1200.558420007007,1207.5500247824223,1162.6039940833246,1191.5692138671875,1027840,0.0,0.0
2020-08-04 00:00:00+01:00,1208.5488743594833,1303.1103815422598,1186.5752584620382,1297.442138671875,1421358,0.0,0.0
2020-08-05 00:00:00+01:00,1304.4336364371645,1315.1207545204945,1241.5091960883578,1302.43603515625,795611,0.0,0.0
2020-08-06 00:00:00+01:00,1312.423974284576,1358.3688013904286,1294.4455636779378,1351.377197265625,887638,0.0,0.0
2020-08-07 00:00:00+01:00,1359.3676442708793,1435.276491416057,1333.398828142266,1412.3040771484375,668386,0.0,0.0
2020-08-10 00:00:00+01:00,1445.2645255863538,1445.2645255863538,1395.3244936034114,1405.3125,546008,0.0,0.0
2020-08-11 00:00:00+01:00,1398.3208678909953,1489.21172430391,1398.3208678909953,1475.228515625,564017,0.0,0.0
2020-08-12 00:00:00+01:00,1481.2213312246695,1491.2093375039997,1435.2765023397506,1463.242919921875,529493,0.0,0.0
2020-08-13 00:00:00+01:00,1453.2549531302573,1491.4021397216964,1442.2681459244616,1484.2177734375,474380,0.0,0.0
2020-08-14 00:00:00+01:00,1468.2370114874936,1486.2154238730548,1436.2753894687182,1476.2274169921875,1492833,0.0,0.0
2020-08-17 00:00:00+01:00,1486.215308779762,1486.215308779762,1437.8213952526687,1447.2620849609375,406473,0.0,0.0
2020-08-18 00:00:00+01:00,1449.2596549219022,1472.2320684733866,1430.2824437271977,1437.2740478515625,313537,0.0,0.0
2020-08-19 00:00:00+01:00,1420.2944857999214,1452.2561057335342,1418.2968845540706,1429.28369140625,281704,0.0,0.0
2020-08-20 00:00:00+01:00,1414.3017395982783,1432.2801515423241,1383.338919027977,1392.328125,346155,0.0,0.0
2020-08-21 00:00:00+01:00,1386.335182946397,1437.2740117146004,1377.3459778696551,1410.306396484375,309940,0.0,0.0
2020-08-24 00:00:00+01:00,1414.3015932155765,1438.2728066599084,1377.3459724888983,1416.2991943359375,561522,0.0,0.0
2020-08-25 00:00:00+01:00,1412.3042186310777,1435.2766352000415,1387.3342006213343,1394.3258056640625,554389,0.0,0.0
2020-08-26 00:00:00+01:00,1402.3161709087897,1418.2969819732773,1364.3617446306316,1413.302978515625,573677,0.0,0.0
2020-08-27 00:00:00+01:00,1398.3209228515625,1438.27294921875,1398.3209228515625,1438.27294921875,523960,0.0,0.0
2020-08-28 00:00:00+01:00,1399.3197265280412,1434.277749674709,1398.320925866708,1415.300537109375,352285,0.0,0.0
2020-09-01 00:00:00+01:00,1418.2966746701647,1421.2930760955242,1337.393836185458,1341.3890380859375,590204,0.0,0.0
2020-09-02 00:00:00+01:00,1348.3809261377955,1373.9003324353755,1330.4025137892916,1362.3641357421875,439129,0.0,0.0
2020-09-03 00:00:00+01:00,1388.3328308515102,1417.2980481858222,1335.3963991715605,1339.3916015625,416876,0.0,0.0
2020-09-04 00:00:00+01:00,1335.3965023397259,1370.3545259611847,1312.2522960271442,1357.3701171875,355800,0.0,0.0
2020-09-07 00:00:00+01:00,1373.3508913320454,1397.9113651336095,1366.3592867943548,1393.326904296875,312494,0.0,0.0
2020-09-08 00:00:00+01:00,1398.320822071569,1406.8006293029339,1372.7346040021102,1397.322021484375,387448,0.0,0.0
2020-09-09 00:00:00+01:00,1390.330486111111,1398.3208912037037,1339.3916536458332,1348.380859375,382462,0.0,0.0
2020-09-10 00:00:00+01:00,1368.3568781898134,1368.3568781898134,1327.717689412912,1342.3880615234375,272605,0.0,0.0
2020-09-11 00:00:00+01:00,1358.3689560893802,1358.3689560893802,1310.426522345049,1321.413330078125,378528,0.0,0.0
2020-09-14 00:00:00+01:00,1331.4011942623763,1336.395197241605,1292.4479710243922,1299.4395751953125,524219,0.0,0.0
2020-09-15 00:00:00+01:00,1331.4012881396445,1331.4012881396445,1283.4588561586222,1289.45166015625,421750,0.0,0.0
2020-09-16 00:00:00+01:00,1287.4541079371772,1300.4385170940302,1272.4720973715778,1281.4613037109375,434680,0.0,0.0
2020-09-17 00:00:00+01:00,1263.4828308057145,1277.466040000402,1254.4936248948436,1261.4852294921875,376006,0.0,0.0
2020-09-18 00:00:00+01:00,1250.4983085550423,1269.4755193078745,1196.5630779943615,1209.5474853515625,1422285,0.0,0.0
2020-09-21 00:00:00+01:00,1195.5643511181472,1198.560753000649,1141.629117233118,1154.613525390625,872358,0.0,0.0
2020-09-22 00:00:00+01:00,1161.6051888282645,1162.6039895065348,1117.657958984375,1117.657958984375,485519,0.0,0.0
2020-09-23 00:00:00+01:00,1147.6220928404975,1193.5669285851998,1121.65327263697,1163.6029052734375,1006272,0.0,0.0
2020-09-24 00:00:00+01:00,1147.6221125509887,1160.8462253124576,1119.6556903130186,1128.6448974609375,523747,0.0,0.0
2020-09-25 00:00:00+01:00,1148.620849609375,1153.6148533033288,1115.66042522928,1148.620849609375,456945,0.0,0.0
2020-09-28 00:00:00+01:00,1165.600331282205,1221.5331663737247,1155.612325015862,1217.5379638671875,597403,0.0,0.0
2020-09-29 00:00:00+01:00,1226.5272094726563,1238.5128173828125,1111.6651336669922,1118.65673828125,1622796,0.0,0.0
2020-09-30 00:00:00+01:00,1119.6556990733045,1183.5789504030918,1115.6604958651928,1173.5909423828125,563001,0.0,0.0
2020-10-01 00:00:00+01:00,1180.5823968615741,1229.5236298955988,1165.6003867491177,1220.534423828125,912083,0.0,0.0
2020-10-02 00:00:00+01:00,1208.548698123019,1260.486328125,1203.554695238213,1260.486328125,620888,0.0,0.0
2020-10-05 00:00:00+01:00,1260.4865210214236,1281.4613363474537,1224.9991018295002,1251.497314453125,373336,0.0,0.0
2020-10-06 00:00:00+01:00,1271.4731830895264,1315.42041015625,1246.253467556918,1315.42041015625,539257,0.0,0.0
2020-10-07 00:00:00+01:00,1325.4084747314453,1364.3617004394532,1258.4888305664062,1358.368896484375,740043,0.0,0.0
2020-10-08 00:00:00+01:00,1366.3594840506441,1409.3079181253356,1340.3906634473426,1395.32470703125,829480,0.0,0.0
2020-10-09 00:00:00+01:00,1370.3544776119402,1417.298107675906,1370.3544776119402,1405.3125,436180,0.0,0.0
2020-10-12 00:00:00+01:00,1400.3184755498712,1416.2992855418813,1385.336466182362,1406.311279296875,408495,0.0,0.0
2020-10-13 00:00:00+01:00,1402.3162072807681,1478.225061805938,1357.3701749961283,1360.3665771484375,860030,0.0,0.0
2020-10-14 00:00:00+01:00,1337.3939978374508,1364.3616139252858,1290.4503698327007,1299.4395751953125,1243815,0.0,0.0
2020-10-15 00:00:00+01:00,1286.4553746611016,1312.4241943359375,1262.4841564997146,1312.4241943359375,359969,0.0,0.0
2020-10-16 00:00:00+01:00,1320.4143834574572,1334.3975917542834,1282.4599609375,1282.4599609375,326072,0.0,0.0
2020-10-19 00:00:00+01:00,1316.41943359375,1316.41943359375,1279.7514231142125,1316.41943359375,185767,0.0,0.0
2020-10-20 00:00:00+01:00,1316.4192448570614,1348.3808653695244,1290.4504281906854,1342.3880615234375,290952,0.0,0.0
2020-10-21 00:00:00+01:00,1349.3796781706023,1360.36648532077,1330.4024658203125,1330.4024658203125,501708,0.0,0.0
2020-10-22 00:00:00+01:00,1325.408662947579,1345.3846789678892,1310.4266509323463,1332.4002685546875,416655,0.0,0.0
2020-10-23 00:00:00+01:00,1348.3809410524334,1372.3521577822544,1335.396531990447,1367.358154296875,220714,0.0,0.0
2020-10-26 00:00:00+00:00,1348.3807830370813,1420.294424799059,1335.3963754967242,1386.335205078125,422411,0.0,0.0
2020-10-27 00:00:00+00:00,1384.337719870811,1400.3185304898102,1352.3760986328125,1352.3760986328125,476274,0.0,0.0
2020-10-28 00:00:00+00:00,1331.4013412710335,1339.3917469200721,1270.4744981971153,1298.44091796875,515630,0.0,0.0
2020-10-29 00:00:00+00:00,1298.4408231825212,1307.4300288814773,1278.4648105181748,1291.44921875,239522,0.0,0.0
2020-10-30 00:00:00+00:00,1268.476689597295,1300.438306972975,1259.4874847103852,1285.456298828125,230312,0.0,0.0
2020-11-02 00:00:00+00:00,1268.4769728842411,1317.0367104699176,1200.4815867982486,1283.458984375,310931,0.0,0.0
2020-11-03 00:00:00+00:00,1296.4432405537073,1326.4072599809886,1281.4612308400665,1313.4228515625,220472,0.0,0.0
2020-11-04 00:00:00+00:00,1287.4542108515507,1331.4014453569566,1287.3772768555987,1316.41943359375,179492,0.0,0.0
2020-11-05 00:00:00+00:00,1319.4157184849123,1362.3641483826045,1293.4469004072382,1350.3785400390625,364242,0.0,0.0
2020-11-06 00:00:00+00:00,1353.3750349292102,1372.3522494411327,1329.4038165983607,1340.390625,293594,0.0,0.0
2020-11-09 00:00:00+00:00,1360.3664084722661,1645.683820176441,1352.3760037235304,1580.1025390625,1141230,0.0,0.0
2020-11-10 00:00:00+00:00,1604.0738528286718,1723.9299314958203,1578.105035784123,1683.9779052734375,1082838,0.0,0.0
2020-11-11 00:00:00+00:00,1722.93107139873,1757.8890931372548,1649.0198254372772,1680.9814453125,472338,0.0,0.0
2020-11-12 00:00:00+00:00,1656.0117834355842,1691.9686134739925,1639.0321692507803,1669.9949951171875,623594,0.0,0.0
2020-11-13 00:00:00+00:00,1698.9597761255159,1705.9513801424935,1648.020946858966,1678.9837646484375,404356,0.0,0.0
2020-11-16 00:00:00+00:00,1677.9850955813365,1750.8975431869542,1643.0270727567254,1729.9227294921875,773230,0.0,0.0
2020-11-17 00:00:00+00:00,1743.9060748432958,1753.8940821448036,1684.9768317643986,1717.937255859375,366061,0.0,0.0
2020-11-18 00:00:00+00:00,1697.9611086239715,1729.9227294921875,1680.981497537732,1729.9227294921875,444571,0.0,0.0
2020-11-19 00:00:00+00:00,1714.9407440828775,1722.9311494134909,1683.977923426751,1705.9515380859375,236556,0.0,0.0
2020-11-20 00:00:00+00:00,1698.9599152495382,1735.9155395083467,1693.965911971321,1723.929931640625,232423,0.0,0.0
2020-11-23 00:00:00+00:00,1747.9011415089765,1773.8699584685385,1739.9107362906498,1769.874755859375,347138,0.0,0.0
2020-11-24 00:00:00+00:00,1776.8663873936105,1853.774038787263,1776.8663873936105,1842.7872314453125,704100,0.0,0.0
2020-11-25 00:00:00+00:00,1817.8173448139592,1852.8482811789236,1795.1496156909486,1796.842529296875,479358,0.0,0.0
2020-11-26 00:00:00+00:00,1802.8350983801472,1804.8326995971888,1740.909460651854,1744.9046630859375,456923,0.0,0.0
2020-11-27 00:00:00+00:00,1770.8735500462994,1770.8735500462994,1689.6021215343296,1735.91552734375,512750,0.0,0.0
2020-11-30 00:00:00+00:00,1713.9419466918582,1755.0426185745248,1659.007909938914,1682.9791259765625,502145,0.0,0.0
2020-12-01 00:00:00+00:00,1671.9921873612836,1761.8842404452237,1671.9921873612836,1757.8890380859375,272881,0.0,0.0
2020-12-02 00:00:00+00:00,1772.8711517642937,1791.848364093038,1741.9083316489734,1775.8675537109375,340494,0.0,0.0
2020-12-03 00:00:00+00:00,1783.8580310232408,1841.7884710004794,1773.8700241306135,1823.81005859375,299519,0.0,0.0
2020-12-04 00:00:00+00:00,1836.7945972484547,1845.7838040865386,1810.8257774939905,1817.8173828125,583206,0.0,0.0
2020-12-07 00:00:00+00:00,1794.8449327623523,1813.8221468538852,1756.8905045792862,1773.8701171875,245163,0.0,0.0
2020-12-08 00:00:00+00:00,1782.8592634961383,1782.8592634961383,1745.9036373060223,1753.89404296875,347110,0.0,0.0
2020-12-09 00:00:00+00:00,1763.8819388089605,1767.8771413883692,1681.9802859310812,1701.956298828125,444145,0.0,0.0
2020-12-10 00:00:00+00:00,1719.9345066236413,1719.9345066236413,1652.2967396223025,1676.986083984375,516910,0.0,0.0
2020-12-11 00:00:00+00:00,1660.006821056267,1673.9900313419396,1622.082386421794,1655.0128173828125,498488,0.0,0.0
2020-12-14 00:00:00+00:00,1668.9960145396055,1713.9420472471352,1655.0128043639295,1666.9984130859375,343097,0.0,0.0
2020-12-15 00:00:00+00:00,1658.0090310271835,1689.9706509024063,1650.0186260583778,1680.9814453125,305091,0.0,0.0
2020-12-16 00:00:00+00:00,1697.961108340721,1732.9191311595005,1687.9731018210698,1689.970703125,317666,0.0,0.0
2020-12-17 00:00:00+00:00,1679.9826997296025,1732.0701782112324,1672.9910951528443,1706.9503173828125,231818,0.0,0.0
2020-12-18 00:00:00+00:00,1716.9383784841048,1744.9047976798902,1709.9467736851584,1732.919189453125,560048,0.0,0.0
2020-12-21 00:00:00+00:00,1697.960980059261,1743.9058065785116,1618.056933938825,1695.96337890625,600762,0.0,0.0
2020-12-22 00:00:00+00:00,1701.95623306539,1738.9118554969743,1696.962230034095,1727.925048828125,225497,0.0,0.0
2020-12-23 00:00:00+00:00,1727.9250788887011,1801.8363250376976,1715.9394714050802,1800.8375244140625,253812,0.0,0.0
2020-12-24 00:00:00+00:00,1799.8388507076754,1845.7836826347304,1799.8388507076754,1834.796875,143312,0.0,0.0
2020-12-29 00:00:00+00:00,1837.7931489080304,1902.7151894944554,1837.7931489080304,1840.78955078125,469136,0.0,0.0
2020-12-30 00:00:00+00:00,1866.7584972101251,1866.7584972101251,1830.8016722237342,1834.796875,176543,0.0,0.0
2020-12-31 00:00:00+00:00,1817.817292794169,1830.3452188912715,1787.853271484375,1787.853271484375,60374,0.0,0.0
2021-01-04 00:00:00+00:00,1840.7896243956452,1847.78122904609,1757.8891692546586,1768.8759765625,497422,0.0,0.0
2021-01-05 00:00:00+00:00,1740.9096087166433,1816.818461420295,1707.3499298008642,1777.865234375,791432,0.0,0.0
2021-01-06 00:00:00+00:00,1797.8410720825195,1978.623979886373,1797.8410720825195,1917.6971435546875,1210475,0.0,0.0
2021-01-07 00:00:00+00:00,1927.685312494863,1936.6745186153053,1869.754873052012,1898.7200927734375,655868,0.0,0.0
2021-01-08 00:00:00+00:00,1928.684103409367,1938.672110159286,1892.7272791096584,1927.685302734375,851948,0.0,0.0
2021-01-11 00:00:00+00:00,1928.6840982765987,1931.2809556398845,1853.7740478515625,1853.7740478515625,539624,0.0,0.0
2021-01-12 00:00:00+00:00,1857.7692510798115,1861.7644537703056,1813.822021484375,1813.822021484375,471496,0.0,0.0
2021-01-13 00:00:00+00:00,1832.7991878291357,1832.7991878291357,1786.8543580524924,1798.8399658203125,1025262,0.0,0.0
2021-01-14 00:00:00+00:00,1835.7954881292353,1926.6863420028808,1809.8266727367652,1860.7655029296875,461101,0.0,0.0
2021-01-15 00:00:00+00:00,1869.7547124335106,1900.7175308552194,1840.0783130877196,1877.7451171875,1031048,0.0,0.0
2021-01-18 00:00:00+00:00,1882.7391550737211,1918.6959771334843,1857.9838477474939,1904.7127685546875,244413,0.0,0.0
2021-01-19 00:00:00+00:00,1920.6935478366152,1966.1739671550997,1897.72113410794,1957.649169921875,365718,0.0,0.0
2021-01-20 00:00:00+00:00,1957.6493548917126,1994.60498046875,1957.6493548917126,1994.60498046875,328027,0.0,0.0
2021-01-21 00:00:00+00:00,1944.6651784865278,2063.5224749631057,1944.6651784865278,2051.536865234375,431691,0.0,0.0
2021-01-22 00:00:00+00:00,2039.5509702927409,2071.5125917664764,2011.5845515032224,2053.5341796875,532174,0.0,0.0
2021-01-25 00:00:00+00:00,2025.567634647402,2053.534051693816,1987.3994789120031,1996.6024169921875,527600,0.0,0.0
2021-01-26 00:00:00+00:00,2007.5894200524617,2073.51026668105,1980.62180097713,2061.524658203125,283871,0.0,0.0
2021-01-27 00:00:00+00:00,2063.5219193678636,2103.4739410400393,2037.5531052809495,2077.505126953125,351713,0.0,0.0
2021-01-28 00:00:00+00:00,2067.5174195399472,2083.498230512237,2017.9769299106326,2063.522216796875,273479,0.0,0.0
2021-01-29 00:00:00+00:00,2041.5486736831003,2088.682021182666,2023.5702607054604,2071.5126953125,308194,0.0,0.0
2021-02-01 00:00:00+00:00,2061.524411285545,2122.6409606722295,2053.53400659064,2107.46923828125,492726,0.0,0.0
2021-02-02 00:00:00+00:00,2075.507638899068,2133.4380734785414,2075.507638899068,2129.44287109375,279876,0.0,0.0
2021-02-03 00:00:00+00:00,2113.462261396585,2163.781723144128,2113.462261396585,2131.440673828125,205015,0.0,0.0
2021-02-04 00:00:00+00:00,2171.3921907552085,2171.3921907552085,2097.48095703125,2097.48095703125,309271,0.0,0.0
2021-02-05 00:00:00+00:00,2105.471923828125,2125.4479382856975,2091.4887137078244,2105.471923828125,441063,0.0,0.0
2021-02-08 00:00:00+00:00,2097.4815272452415,2127.4455490630307,2059.527099609375,2059.527099609375,388102,0.0,0.0
2021-02-09 00:00:00+00:00,2081.5008529439788,2081.5008529439788,2035.556016458651,2047.5416259765625,271793,0.0,0.0
2021-02-10 00:00:00+00:00,2061.524560546875,2061.524560546875,2023.570135498047,2037.5533447265625,239782,0.0,0.0
2021-02-11 00:00:00+00:00,2001.596556900532,2051.536590755336,2001.596556900532,2041.548583984375,156602,0.0,0.0
2021-02-12 00:00:00+00:00,2023.5703601144241,2099.4792186379664,2019.5751570342377,2089.4912109375,183483,0.0,0.0
2021-02-15 00:00:00+00:00,2107.469462151897,2175.38790927338,2107.469462151897,2165.39990234375,289269,0.0,0.0
2021-02-16 00:00:00+00:00,2195.3638488769534,2195.3638488769534,2151.416619873047,2157.409423828125,197619,0.0,0.0
2021-02-17 00:00:00+00:00,2149.418786189188,2173.3899994180633,2125.447572960312,2145.423583984375,194362,0.0,0.0
2021-02-18 00:00:00+00:00,2129.442755126953,2165.399574631911,2077.505126953125,2077.505126953125,225295,0.0,0.0
2021-02-19 00:00:00+00:00,2115.459332246187,2117.5369151929917,2073.509713759719,2087.492919921875,160890,0.0,0.0
2021-02-22 00:00:00+00:00,2127.4456315014245,2171.392865203801,2073.1309628953154,2169.395263671875,209841,0.0,0.0
2021-02-23 00:00:00+00:00,2183.378154648871,2265.2798054636955,2161.404541015625,2161.404541015625,463256,0.0,0.0
2021-02-24 00:00:00+00:00,2193.366235655112,2289.2510984159912,2188.7358094797623,2249.299072265625,470136,0.0,0.0
2021-02-25 00:00:00+00:00,2269.27509765625,2283.2583068847657,2151.416619873047,2157.409423828125,444072,0.0,0.0
2021-02-26 00:00:00+00:00,2123.4505684286614,2141.428983401246,2068.1668448488185,2083.49853515625,354555,0.0,0.0
2021-03-01 00:00:00+00:00,2103.473980909778,2183.378025768649,2097.4811775453627,2167.397216796875,248231,0.0,0.0
2021-03-02 00:00:00+00:00,2185.3759111227446,2197.361519410438,2131.440673828125,2131.440673828125,452286,0.0,0.0
2021-03-03 00:00:00+00:00,2139.430896642148,2173.3901172237697,2135.435694220781,2151.41650390625,219574,0.0,0.0
2021-03-04 00:00:00+00:00,2123.44968840843,2165.399305959302,2093.565657936806,2147.4208984375,413401,0.0,0.0
2021-03-05 00:00:00+00:00,2129.443358909527,2147.4217737596073,2093.486529209366,2095.484130859375,321153,0.0,0.0
2021-03-08 00:00:00+00:00,2097.4813662922415,2155.4118040279322,2091.4885623885493,2135.435791015625,240444,0.0,0.0
2021-03-09 00:00:00+00:00,2131.440588413164,2165.3998105340856,2118.701003161516,2135.435791015625,833669,0.0,0.0
2021-03-10 00:00:00+00:00,2125.4476687089586,2152.2155734566204,2111.464460362189,2129.44287109375,256377,0.0,0.0
2021-03-11 00:00:00+00:00,2107.4692772712106,2175.3877184344533,2107.4692772712106,2151.41650390625,201655,0.0,0.0
2021-03-12 00:00:00+00:00,2161.404886750974,2191.3689101347672,2138.242755198785,2179.38330078125,229631,0.0,0.0
2021-03-15 00:00:00+00:00,2137.4333219916575,2260.0860866213006,2137.4333219916575,2207.349365234375,353161,0.0,0.0
2021-03-16 00:00:00+00:00,2253.294450312774,2358.940549367661,2240.5677879644236,2275.26806640625,1087188,0.0,0.0
2021-03-17 00:00:00+00:00,2315.219836448345,2315.219836448345,2145.423731100537,2161.404541015625,366045,0.0,0.0
2021-03-18 00:00:00+00:00,2183.378483321881,2183.378483321881,2055.5319847559153,2089.4912109375,366345,0.0,0.0
2021-03-19 00:00:00+00:00,2089.4906690875305,2099.4786741978915,2034.3669274069152,2057.529052734375,617178,0.0,0.0
2021-03-22 00:00:00+00:00,2061.52480487228,2117.4576484153263,2020.3941352060638,2111.46484375,293263,0.0,0.0
2021-03-23 00:00:00+00:00,2107.4696406397825,2127.4456561908705,2067.5975916311213,2111.46484375,472366,0.0,0.0
2021-03-24 00:00:00+00:00,2087.493595950051,2139.431235657899,2077.5055883139257,2101.476806640625,257648,0.0,0.0
2021-03-25 00:00:00+00:00,2121.4524972098216,2151.4165155319943,2087.4932764446926,2139.430908203125,269819,0.0,0.0
2021-03-26 00:00:00+00:00,2117.457540175494,2185.3759895773496,2117.457540175494,2173.390380859375,194058,0.0,0.0
2021-03-29 00:00:00+01:00,2209.3473147553327,2275.268165918919,2127.445651188453,2259.287353515625,438951,0.0,0.0
2021-03-30 00:00:00+01:00,2277.2658977102724,2315.220329338777,2231.3210594231355,2253.294677734375,587617,0.0,0.0
2021-03-31 00:00:00+01:00,2269.275258327763,2269.275258327763,2220.134311186359,2241.308837890625,367767,0.0,0.0
2021-04-01 00:00:00+01:00,2187.3731732461806,2297.241232176354,2187.3731732461806,2296.242431640625,222366,0.0,0.0
2021-04-06 00:00:00+01:00,2329.203437912632,2350.7725116704974,2266.2789882606185,2269.275390625,1104687,0.0,0.0
2021-04-07 00:00:00+01:00,2237.3134338760037,2290.249867802534,2223.3302249142785,2239.31103515625,371361,0.0,0.0
2021-04-08 00:00:00+01:00,2247.3017931730556,2249.299394766987,2207.3497612944234,2234.3173828125,253452,0.0,0.0
2021-04-09 00:00:00+01:00,2247.301248930515,2258.2880550363975,2214.3408306128676,2225.32763671875,173628,0.0,0.0
2021-04-12 00:00:00+01:00,2227.325206099597,2268.2760282745226,2197.361189874042,2215.339599609375,183135,0.0,0.0
2021-04-13 00:00:00+01:00,2159.407054470486,2264.0814137435223,2159.407054470486,2247.301513671875,213238,0.0,0.0
2021-04-14 00:00:00+01:00,2277.2657323145604,2281.1312083019006,2228.324495084993,2272.271728515625,171314,0.0,0.0
2021-04-15 00:00:00+01:00,2297.241348630694,2319.21496153064,2274.8741653825095,2302.2353515625,291639,0.0,0.0
2021-04-16 00:00:00+01:00,2297.241742139904,2317.9549093128185,2262.28371562908,2295.244140625,203087,0.0,0.0
2021-04-19 00:00:00+01:00,2308.228341432436,2357.1695741153394,2293.246331427466,2339.191162109375,297998,0.0,0.0
2021-04-20 00:00:00+01:00,2352.1756382672434,2369.1552500933767,2245.3039638321716,2256.290771484375,364696,0.0,0.0
2021-04-21 00:00:00+01:00,2267.277153273648,2306.3352276331234,2249.298744128747,2299.23876953125,291419,0.0,0.0
2021-04-22 00:00:00+01:00,2350.178155154837,2350.178155154837,2285.256106669897,2319.21533203125,194672,0.0,0.0
2021-04-23 00:00:00+01:00,2327.205946887902,2327.205946887902,2279.26350678034,2298.24072265625,197019,0.0,0.0
2021-04-26 00:00:00+01:00,2303.2341912449447,2346.1826171875,2285.2557803852706,2346.1826171875,262761,0.0,0.0
2021-04-27 00:00:00+01:00,2346.182628783396,2346.182628783396,2290.2497947212973,2334.197021484375,306565,0.0,0.0
2021-04-28 00:00:00+01:00,2347.1815521944386,2347.1815521944386,2294.2451171875,2294.2451171875,176404,0.0,0.0
2021-04-29 00:00:00+01:00,2336.194626540505,2336.194626540505,2278.264191166692,2288.252197265625,232085,0.0,0.0
2021-04-30 00:00:00+01:00,2326.2066147626456,2359.16703480866,2278.2641856048067,2357.16943359375,385885,0.0,0.0
2021-05-04 00:00:00+01:00,2366.159010893723,2383.138623888739,2311.2249688510237,2317.2177734375,352464,0.0,0.0
2021-05-05 00:00:00+01:00,2309.2268688564445,2382.139308919818,2309.2268688564445,2375.147705078125,397279,0.0,0.0
2021-05-06 00:00:00+01:00,2367.1578197896556,2394.1254405214368,2309.0476593939034,2328.20458984375,342958,0.0,0.0
2021-05-07 00:00:00+01:00,2385.1359275053305,2385.1359275053305,2332.1994936034116,2342.1875,227473,0.0,0.0
2021-05-10 00:00:00+01:00,2422.0918927032576,2727.7249315350914,2422.0918927032576,2587.892822265625,982279,0.0,0.0
2021-05-11 00:00:00+01:00,2587.892677507105,2596.881884028743,2502.9946159138576,2514.980224609375,659925,0.0,0.0
2021-05-12 00:00:00+01:00,2454.053189247533,2538.5347521610106,2454.053189247533,2467.03759765625,480518,0.0,0.0
2021-05-13 00:00:00+01:00,2437.0733567345924,2535.95461178243,2430.081752842321,2511.9833984375,933240,0.0,0.0
2021-05-14 00:00:00+01:00,2499.9981538942093,2542.9465840250327,2476.026937077005,2495.004150390625,265706,0.0,0.0
2021-05-17 00:00:00+01:00,2542.946272554417,2542.946272554417,2448.667398624022,2452.055419921875,216688,0.0,0.0
2021-05-18 00:00:00+01:00,2514.979997340257,2514.979997340257,2431.0807440532903,2457.049560546875,234356,0.0,0.0
2021-05-19 00:00:00+01:00,2433.078291576142,2485.015923416027,2424.0890860653926,2471.03271484375,140728,0.0,0.0
2021-05-20 00:00:00+01:00,2423.090283535555,2496.002728176155,2423.090283535555,2494.005126953125,278928,0.0,0.0
2021-05-21 00:00:00+01:00,2437.073629424667,2527.964490194194,2437.073629424667,2476.02685546875,149129,0.0,0.0
2021-05-24 00:00:00+01:00,2500.996686967189,2518.97509765625,2463.042264401393,2518.97509765625,87304,0.0,0.0
2021-05-25 00:00:00+01:00,2507.9886156165085,2534.9562351392665,2481.02099609375,2481.02099609375,140595,0.0,0.0
2021-05-26 00:00:00+01:00,2436.0748047655316,2509.8292593083474,2436.0748047655316,2499.998046875,192810,0.0,0.0
2021-05-27 00:00:00+01:00,2546.9415394176135,2546.9415394176135,2472.031494140625,2472.031494140625,313115,0.0,0.0
2021-05-28 00:00:00+01:00,2527.964477686076,2527.964477686076,2466.0388365890644,2488.012451171875,178850,0.0,0.0
2021-06-01 00:00:00+01:00,2536.953662261251,2595.882900872831,2515.978848518146,2568.915283203125,496706,0.0,0.0
2021-06-02 00:00:00+01:00,2571.9116138877102,2601.8756326902853,2524.5634409147706,2537.952392578125,1192760,0.0,0.0
2021-06-03 00:00:00+01:00,2587.892849846763,2587.892849846763,2519.9743960491637,2563.921630859375,154738,0.0,0.0
2021-06-04 00:00:00+01:00,2557.9286506071376,2603.87348384725,2546.941842658415,2594.88427734375,119556,0.0,0.0
2021-06-07 00:00:00+01:00,2606.86993405831,2615.8591407274766,2561.923900712477,2569.914306640625,97709,0.0,0.0
2021-06-08 00:00:00+01:00,2627.844389214785,2627.844389214785,2555.930745724301,2597.88037109375,140792,0.0,0.0
2021-06-09 00:00:00+01:00,2645.8229276396282,2645.8229276396282,2574.9080813344513,2614.860107421875,175738,0.0,0.0
2021-06-10 00:00:00+01:00,2561.9238757035864,2623.8495210422307,2503.993433290016,2536.953857421875,221853,0.0,0.0
2021-06-11 00:00:00+01:00,2536.9539591630423,2561.9239784461433,2519.9743460505338,2554.932373046875,210088,0.0,0.0
2021-06-14 00:00:00+01:00,2600.8767447660853,2600.8767447660853,2518.9750961213776,2541.947509765625,196032,0.0,0.0
2021-06-15 00:00:00+01:00,2542.9466060438285,2573.90942803415,2534.532636689178,2550.93701171875,295624,0.0,0.0
2021-06-16 00:00:00+01:00,2575.9067169899163,2591.8875264012536,2544.9438987554504,2576.905517578125,278207,0.0,0.0
2021-06-17 00:00:00+01:00,2560.9248901367187,2586.8937072753906,2538.951275634766,2556.9296875,756246,0.0,0.0
2021-06-18 00:00:00+01:00,2552.9346823390524,2576.9059000135976,2511.983852145038,2524.96826171875,815466,0.0,0.0
2021-06-21 00:00:00+01:00,2467.037538792305,2548.9391898777176,2467.037538792305,2526.965576171875,380389,0.0,0.0
2021-06-22 00:00:00+01:00,2582.898794643948,2582.898794643948,2499.9983306240533,2554.932373046875,257050,0.0,0.0
2021-06-23 00:00:00+01:00,2500.997044044205,2566.917892649204,2500.997044044205,2524.96826171875,161924,0.0,0.0
2021-06-24 00:00:00+01:00,2500.9969718812004,2543.945402308873,2500.9969718812004,2516.977783203125,287677,0.0,0.0
2021-06-25 00:00:00+01:00,2551.9356842041016,2578.943293043971,2518.975262451172,2556.9296875,208688,0.0,0.0
2021-06-28 00:00:00+01:00,2622.8504153912772,2682.778452300446,2545.942768024511,2630.8408203125,307154,0.0,0.0
2021-06-29 00:00:00+01:00,2692.766596267428,2692.766596267428,2578.9033203125,2578.9033203125,274849,0.0,0.0
2021-06-30 00:00:00+01:00,2565.919120021225,2592.8867402005058,2527.9646916207553,2591.887939453125,394431,0.0,0.0
2021-07-01 00:00:00+01:00,2616.857842414678,2701.7559021876737,2609.866237492196,2699.75830078125,393605,0.0,0.0
2021-07-02 00:00:00+01:00,2704.752536788946,2745.703369140625,2690.592536051584,2745.703369140625,211725,0.0,0.0
2021-07-05 00:00:00+01:00,2745.703159265351,2789.650390625,2736.7139528508774,2789.650390625,175228,0.0,0.0
2021-07-06 00:00:00+01:00,2786.653725422061,2799.638133461662,2753.693305013843,2767.676513671875,297802,0.0,0.0
2021-07-07 00:00:00+01:00,2820.613169443202,2820.613169443202,2745.7031171385847,2791.64794921875,171373,0.0,0.0
2021-07-08 00:00:00+01:00,2759.686028118937,2794.6440487429554,2693.765189227931,2702.75439453125,221382,0.0,0.0
2021-07-09 00:00:00+01:00,2768.675330584224,2768.675330584224,2682.7784768936604,2709.74609375,171959,0.0,0.0
2021-07-12 00:00:00+01:00,2750.6970216669783,2750.6970216669783,2643.82535089052,2670.79296875,280680,0.0,0.0
2021-07-13 00:00:00+01:00,2660.805234724292,2691.7680584016393,2655.8112309053654,2680.78125,169153,0.0,0.0
2021-07-14 00:00:00+01:00,2659.8063066354325,2676.785918806969,2617.856676564577,2629.84228515625,128786,0.0,0.0
2021-07-15 00:00:00+01:00,2629.8420455454857,2637.8324505452442,2583.897216796875,2583.897216796875,236320,0.0,0.0
2021-07-16 00:00:00+01:00,2595.8829799614155,2612.862591604103,2574.41364219331,2610.864990234375,296983,0.0,0.0
2021-07-19 00:00:00+01:00,2571.9116138877102,2586.601981309116,2514.979978162817,2537.952392578125,342057,0.0,0.0
2021-07-20 00:00:00+01:00,2525.9666804654985,2570.912706808301,2494.0260326435678,2519.973876953125,318144,0.0,0.0
2021-07-21 00:00:00+01:00,2497.001868451951,2610.86515365336,2497.001868451951,2591.887939453125,212562,0.0,0.0
2021-07-22 00:00:00+01:00,2653.8132775025524,2656.8096793966088,2621.914570034365,2628.84326171875,234559,0.0,0.0
2021-07-23 00:00:00+01:00,2628.843152342294,2689.769988319832,2595.8827328790358,2679.781982421875,207647,0.0,0.0
2021-07-26 00:00:00+01:00,2683.7774310703694,2736.7138671875,2654.8122113081663,2736.7138671875,386918,0.0,0.0
2021-07-27 00:00:00+01:00,2691.7676896635817,2749.638139466307,2687.355995097419,2743.705322265625,353844,0.0,0.0
2021-07-28 00:00:00+01:00,2786.653842177372,2806.6298553829447,2719.7341979387043,2773.66943359375,145644,0.0,0.0
2021-07-29 00:00:00+01:00,2814.620430058258,2814.620430058258,2761.6839918776022,2788.651611328125,263842,0.0,0.0
2021-07-30 00:00:00+01:00,2808.627438038793,2808.627438038793,2727.7245850938634,2751.69580078125,215886,0.0,0.0
2021-08-02 00:00:00+01:00,2714.7401088219394,2804.6321654054473,2704.352679822525,2800.636962890625,247783,0.0,0.0
2021-08-03 00:00:00+01:00,2747.700773667659,2864.560457607723,2686.773929904036,2720.733154296875,535615,0.0,0.0
2021-08-04 00:00:00+01:00,2710.7449677063237,2761.6838009240914,2693.765356633734,2717.736572265625,296041,0.0,0.0
2021-08-05 00:00:00+01:00,2746.7021409359722,2860.5654296875,2704.752508238041,2860.5654296875,245800,0.0,0.0
2021-08-06 00:00:00+01:00,2860.565271252185,2878.5436842698314,2833.5976517257154,2856.570068359375,137207,0.0,0.0
2021-08-09 00:00:00+01:00,2857.5689153605313,2902.514948632542,2838.6165737916986,2888.53173828125,220833,0.0,0.0
2021-08-10 00:00:00+01:00,2886.5340766633235,2955.4513262445585,2886.5340766633235,2925.4873046875,461964,0.0,0.0
2021-08-11 00:00:00+01:00,2966.437841168754,2977.4246479878975,2916.497810172647,2950.45703125,298680,0.0,0.0
2021-08-12 00:00:00+01:00,2945.4631439208983,2989.802967910469,2936.4739379882812,2956.449951171875,216010,0.0,0.0
2021-08-13 00:00:00+01:00,2962.4424670553285,2987.4124811067054,2952.454461434778,2981.419677734375,349230,0.0,0.0
2021-08-16 00:00:00+01:00,2970.432945101069,2996.4017603575007,2947.8599543005894,2989.41015625,162728,0.0,0.0
2021-08-17 00:00:00+01:00,2966.438151262284,3000.397375889529,2945.4633360513385,2947.4609375,167434,0.0,0.0
2021-08-18 00:00:00+01:00,2952.4547789088806,2975.427194306345,2950.4571775699706,2966.43798828125,179153,0.0,0.0
2021-08-19 00:00:00+01:00,2951.4556718474078,2969.43408203125,2902.5144441247267,2969.43408203125,222046,0.0,0.0
2021-08-20 00:00:00+01:00,2896.5219589478193,3003.3936312262385,2896.5219589478193,2988.41162109375,279667,0.0,0.0
2021-08-23 00:00:00+01:00,3025.3674026272897,3025.3674026272897,2958.44775390625,2958.44775390625,268647,0.0,0.0
2021-08-24 00:00:00+01:00,2958.4472648071082,3010.3848940339717,2956.449663682998,2981.419677734375,248312,0.0,0.0
2021-08-25 00:00:00+01:00,3041.348148651426,3041.348148651426,2981.420106313467,3018.375732421875,136276,0.0,0.0
2021-08-26 00:00:00+01:00,3014.380422873823,3034.3564362792163,2998.399612149509,3023.36962890625,170097,0.0,0.0
2021-08-27 00:00:00+01:00,3037.352807641464,3062.3228241462443,3001.3959838745805,3013.381591796875,236823,0.0,0.0
2021-08-31 00:00:00+01:00,3015.3791476619,3047.340768306213,3001.395938630013,3038.3515625,270060,0.0,0.0
2021-09-01 00:00:00+01:00,3066.3180868022137,3113.26171875,3032.358863691049,3113.26171875,251785,0.0,0.0
2021-09-02 00:00:00+01:00,3118.2559421801534,3128.243949682332,3075.307509920786,3080.301513671875,229751,0.0,0.0
2021-09-03 00:00:00+01:00,3037.3528864780415,3083.2977180393664,3037.3528864780415,3055.331298828125,434497,0.0,0.0
2021-09-06 00:00:00+01:00,3063.3214731367807,3083.2974853515625,3020.373046875,3020.373046875,172162,0.0,0.0
2021-09-07 00:00:00+01:00,3026.366318278667,3051.3363374063792,3004.492679061929,3021.372314453125,167704,0.0,0.0
2021-09-08 00:00:00+01:00,3020.373046875,3042.34666031126,2993.447372207566,3020.373046875,135702,0.0,0.0
2021-09-09 00:00:00+01:00,2962.5896154052652,3017.4105415074687,2962.5896154052652,2979.570068359375,334099,15.000001,0.0
2021-09-10 00:00:00+01:00,2977.5722972061935,3007.537801706759,2972.5780464560994,2980.56884765625,302756,0.0,0.0
2021-09-13 00:00:00+01:00,2992.934637850359,2993.7437650367447,2966.5850866920273,2978.5712890625,19583,0.0,0.0
2021-09-14 00:00:00+01:00,3026.5160504719347,3026.5160504719347,2969.581590116522,2989.55859375,218585,0.0,0.0
2021-09-15 00:00:00+01:00,3026.516156565643,3026.516156565643,2929.627685546875,2929.627685546875,209264,0.0,0.0
2021-09-16 00:00:00+01:00,2953.5999716481856,2984.5643271169356,2932.6241179435483,2941.61376953125,437535,0.0,0.0
2021-09-17 00:00:00+01:00,2951.6023728861915,2993.554081739396,2931.62536867038,2974.575927734375,855144,0.0,0.0
2021-09-20 00:00:00+01:00,2925.6321821228703,3003.947059880202,2908.6517290344136,2989.55859375,304614,0.0,0.0
2021-09-21 00:00:00+01:00,3022.520902386477,3029.512854242625,2976.5737901889293,3013.53125,300240,0.0,0.0
2021-09-22 00:00:00+01:00,2947.606705603118,3125.4020270525775,2947.606705603118,3095.4365234375,306781,0.0,0.0
2021-09-23 00:00:00+01:00,3086.447091909555,3132.3942007211535,3086.447091909555,3116.41259765625,221850,0.0,0.0
2021-09-24 00:00:00+01:00,3107.423169365561,3118.410522262707,3064.472608040354,3075.4599609375,177410,0.0,0.0
2021-09-27 00:00:00+01:00,3096.4356573101777,3131.3954147314216,3076.458653069467,3091.44140625,225668,0.0,0.0
2021-09-28 00:00:00+01:00,3089.44378427833,3092.44033499053,2963.588654365925,2966.585205078125,374777,0.0,0.0
2021-09-29 00:00:00+01:00,2941.6137386479486,3038.5022047426346,2941.6137386479486,3000.5458984375,287684,0.0,0.0
2021-09-30 00:00:00+01:00,3046.493070646413,3068.467774762551,2933.223556973556,2944.6103515625,377834,0.0,0.0
2021-10-01 00:00:00+01:00,2948.6056428556467,2980.56884765625,2866.6999305541012,2980.56884765625,373323,0.0,0.0
2021-10-04 00:00:00+01:00,2999.54705506752,2999.54705506752,2834.2373522324633,2869.696533203125,374703,0.0,0.0
2021-10-05 00:00:00+01:00,2941.61383492606,3214.299939148408,2940.6149847274437,3188.329833984375,1089396,0.0,0.0
2021-10-06 00:00:00+01:00,3163.3583340442906,3185.333036712107,2990.557263065553,2995.551513671875,829212,0.0,0.0
2021-10-07 00:00:00+01:00,3048.490935155184,3071.4644906953445,2895.666848301074,2928.62890625,381645,0.0,0.0
2021-10-08 00:00:00+01:00,2955.597726576222,3022.5206896315135,2917.6414191717286,2985.563232421875,406873,0.0,0.0
2021-10-11 00:00:00+01:00,3064.472219934425,3064.472219934425,2936.6194024143447,2984.564208984375,193823,0.0,0.0
2021-10-12 00:00:00+01:00,2969.581605585548,3017.5264145556475,2913.645995120432,3006.5390625,190729,0.0,0.0
2021-10-13 00:00:00+01:00,3034.506632978181,3067.4686865951267,2984.5641274979607,3061.4755859375,203210,0.0,0.0
2021-10-14 00:00:00+01:00,3134.391766308437,3134.391766308437,3056.4814547175965,3111.418212890625,214911,0.0,0.0
2021-10-15 00:00:00+01:00,3096.435422867063,3159.3629814608134,3076.458420138889,3146.3779296875,280252,0.0,0.0
2021-10-18 00:00:00+01:00,3140.384777084012,3145.8335825234376,3064.47216796875,3064.47216796875,251141,0.0,0.0
2021-10-19 00:00:00+01:00,3081.452621750464,3119.408926329562,3064.47216970192,3095.4365234375,162723,0.0,0.0
2021-10-20 00:00:00+01:00,3090.4425344817337,3096.4356357121446,3005.5202705380225,3019.524169921875,131756,0.0,0.0
2021-10-21 00:00:00+01:00,2996.5505135923536,3032.40913719438,2973.576959654812,3017.5263671875,423964,0.0,0.0
2021-10-22 00:00:00+01:00,3045.4944329026343,3082.451892403257,3001.545021604597,3034.507080078125,289166,0.0,0.0
2021-10-25 00:00:00+01:00,3119.4092789826013,3119.4092789826013,3013.5311542396757,3035.505859375,147174,0.0,0.0
2021-10-26 00:00:00+01:00,3012.531870701861,3086.4667738543358,3001.544519714553,3086.44677734375,194601,0.0,0.0
2021-10-27 00:00:00+01:00,3077.457786024446,3112.417546657635,3056.4819296445326,3087.4462890625,115949,0.0,0.0
2021-10-28 00:00:00+01:00,3070.465365164065,3146.377976664543,3060.4768636508443,3135.390625,212990,0.0,0.0
2021-10-29 00:00:00+01:00,3111.418066645995,3127.8452002879835,3035.505458920443,3051.487060546875,192394,0.0,0.0
2021-11-01 00:00:00+00:00,3065.4709300669897,3127.8490694939974,3033.397746338386,3048.490478515625,146075,0.0,0.0
2021-11-02 00:00:00+00:00,3113.416228483637,3151.3725379742946,3073.0947215876176,3110.419677734375,196327,0.0,0.0
2021-11-03 00:00:00+00:00,3099.4320655220563,3116.4125183463793,3043.496456218403,3062.474609375,266391,0.0,0.0
2021-11-04 00:00:00+00:00,3091.4414736284803,3163.358690462487,3052.4863145100603,3152.371337890625,209604,0.0,0.0
2021-11-05 00:00:00+00:00,3126.401052167339,3180.3389616935488,3097.8938291149757,3127.39990234375,221236,0.0,0.0
2021-11-08 00:00:00+00:00,3070.4653951273335,3112.170315670812,3062.4745938387787,3076.45849609375,160224,0.0,0.0
2021-11-09 00:00:00+00:00,3009.535581527218,3141.943219438676,2979.4322953877913,3096.435546875,552540,0.0,0.0
2021-11-10 00:00:00+00:00,3097.434317682097,3118.4101708492444,3052.4860608953527,3073.4619140625,372417,0.0,0.0
2021-11-11 00:00:00+00:00,3046.4932003536737,3121.4069675754854,3027.515045990815,3104.426513671875,104309,0.0,0.0
2021-11-12 00:00:00+00:00,3155.3677637891133,3155.3677637891133,3067.468946690841,3078.456298828125,107745,0.0,0.0
2021-11-15 00:00:00+00:00,3042.4978880480485,3126.7349101595437,3040.500187530617,3058.4794921875,527879,0.0,0.0
2021-11-16 00:00:00+00:00,3125.402348092422,3125.402348092422,3009.535722212358,3032.50927734375,266363,0.0,0.0
2021-11-17 00:00:00+00:00,2995.55213926207,3063.585893407031,2984.564785633566,3024.518798828125,192330,0.0,0.0
2021-11-18 00:00:00+00:00,3026.5160966082317,3081.452857437754,3012.5321938516263,3071.46435546875,124522,0.0,0.0
2021-11-19 00:00:00+00:00,3067.4689634321235,3088.4448176268725,2938.6172876643786,3033.508056640625,218289,0.0,0.0
2021-11-22 00:00:00+00:00,3034.506450291684,3056.481151380037,3012.5317492033305,3036.504150390625,121235,0.0,0.0
2021-11-23 00:00:00+00:00,3012.5321320564517,3046.4930380544356,2987.868628847984,3003.54248046875,169042,0.0,0.0
2021-11-24 00:00:00+00:00,2983.565965894739,3052.4866393620096,2963.5889590926313,3027.515380859375,132924,0.0,0.0
2021-11-25 00:00:00+00:00,3045.493959936963,3082.4514136980874,3021.521557497315,3051.487060546875,142443,0.0,0.0
2021-11-26 00:00:00+00:00,2999.546929226209,3027.514732762118,2910.6492679870707,2981.567626953125,222742,0.0,0.0
2021-11-29 00:00:00+00:00,3023.519570742149,3077.4574818158444,3017.526469511738,3019.524169921875,234053,0.0,0.0
2021-11-30 00:00:00+00:00,2986.5618625804955,3053.484820705209,2980.7684831051833,2995.551513671875,335748,0.0,0.0
2021-12-01 00:00:00+00:00,3024.518318703373,3085.4481791528137,3001.54476476342,3079.455078125,212564,0.0,0.0
2021-12-02 00:00:00+00:00,3049.4896443145954,3055.48274548259,3009.5356365279645,3016.527587890625,256539,0.0,0.0
2021-12-03 00:00:00+00:00,2985.563247052627,3070.4655140313735,2985.563247052627,3033.508056640625,242739,0.0,0.0
2021-12-06 00:00:00+00:00,3056.4816961028696,3091.441454064831,3037.5035417806625,3080.4541015625,97396,0.0,0.0
2021-12-07 00:00:00+00:00,3096.435546875,3127.066301991863,3087.4458952872988,3096.435546875,129634,0.0,0.0
2021-12-08 00:00:00+00:00,3178.3411483494365,3178.3411483494365,3066.4699325684383,3101.4296875,214273,0.0,0.0
2021-12-09 00:00:00+00:00,3181.3375860379824,3181.3375860379824,3094.4376268589226,3106.423828125,101535,0.0,0.0
2021-12-10 00:00:00+00:00,3035.5057794225145,3105.4252939205653,3035.5057794225145,3074.4609375,178477,0.0,0.0
2021-12-13 00:00:00+00:00,3024.518498581644,3086.4472128854954,3005.5403441982057,3042.497802734375,210835,0.0,0.0
2021-12-14 00:00:00+00:00,3096.4353735580025,3116.412375968054,3049.8810568820586,3095.4365234375,526295,0.0,0.0
2021-12-15 00:00:00+00:00,3138.3873623040317,3138.3873623040317,2964.587425626469,2974.575927734375,710679,0.0,0.0
2021-12-16 00:00:00+00:00,3044.4950006268805,3044.4950006268805,2963.588145295261,2987.560546875,213283,0.0,0.0
2021-12-17 00:00:00+00:00,3000.5457030604125,3026.5158056834384,2962.589399226759,3020.522705078125,193552,0.0,0.0
2021-12-20 00:00:00+00:00,2946.608473098735,3038.472708673132,2935.0439029832223,3024.518798828125,190590,0.0,0.0
2021-12-21 00:00:00+00:00,3026.5165077477345,3103.427983357165,3026.5165077477345,3072.463623046875,193285,0.0,0.0
2021-12-22 00:00:00+00:00,3063.473292190716,3154.36865234375,3053.484791074998,3154.36865234375,166184,0.0,0.0
2021-12-23 00:00:00+00:00,3196.3209747389433,3262.245094842934,3147.3724326145007,3252.256591796875,178901,0.0,0.0
2021-12-24 00:00:00+00:00,3276.228500208713,3290.21240234375,3247.062124527615,3290.21240234375,53789,0.0,0.0
2021-12-29 00:00:00+00:00,3282.2217564567263,3367.1240234375,3281.2229062569527,3367.1240234375,239975,0.0,0.0
2021-12-30 00:00:00+00:00,3359.1334456504087,3414.4696528608333,3341.1541408565618,3412.072509765625,103467,0.0,0.0
2021-12-31 00:00:00+00:00,3361.1306450843526,3439.0409542423254,3330.166291444645,3333.162841796875,85022,0.0,0.0
2022-01-04 00:00:00+00:00,3360.1318587229844,3410.0743655411025,3331.165204768476,3339.156005859375,340452,0.0,0.0
2022-01-05 00:00:00+00:00,3350.1434995169316,3412.9532764429405,3339.156147550716,3368.122802734375,224410,0.0,0.0
2022-01-06 00:00:00+00:00,3315.1836596467115,3337.158363024906,3097.434326171875,3097.434326171875,538055,0.0,0.0
2022-01-07 00:00:00+00:00,3110.4197056407165,3151.7510368539024,2954.599065281066,3058.4794921875,339152,0.0,0.0
2022-01-10 00:00:00+00:00,3078.456167953851,3078.456167953851,2856.7114342465975,2880.683837890625,332208,0.0,0.0
2022-01-11 00:00:00+00:00,2917.641381162446,2945.491401918633,2835.735666251347,2896.66552734375,659499,0.0,0.0
2022-01-12 00:00:00+00:00,2874.690799783851,2931.6252596822806,2827.2573656705385,2855.712646484375,290521,0.0,0.0
2022-01-13 00:00:00+00:00,2829.7426372373097,2892.67020029624,2802.773681640625,2802.773681640625,264108,0.0,0.0
2022-01-14 00:00:00+00:00,2796.7804776835114,2829.742533313353,2707.8828125,2707.8828125,292757,0.0,0.0
2022-01-17 00:00:00+00:00,2726.86176400622,2734.335096840517,2670.926138077887,2689.904296875,359542,0.0,0.0
2022-01-18 00:00:00+00:00,2666.9301953125,2690.900650683085,2595.0129765625,2621.98193359375,669042,0.0,0.0
2022-01-19 00:00:00+00:00,2597.0105446385974,2677.9174116061845,2574.0369898206404,2616.987548828125,724180,0.0,0.0
2022-01-20 00:00:00+00:00,2635.9655998578473,2659.938003949014,2591.0173421869104,2645.9541015625,200456,0.0,0.0
2022-01-21 00:00:00+00:00,2624.978271484375,2637.144198388791,2590.60792460051,2624.978271484375,174911,0.0,0.0
2022-01-24 00:00:00+00:00,2624.978513268999,2644.356110990407,2443.793024217263,2484.140625,407647,0.0,0.0
2022-01-25 00:00:00+00:00,2506.114868688788,2556.057373046875,2483.1413166840684,2556.057373046875,455760,0.0,0.0
2022-01-26 00:00:00+00:00,2603.0034508907434,2678.916061123935,2556.0574945623225,2636.96435546875,371582,0.0,0.0
2022-01-27 00:00:00+00:00,2572.039281455201,2623.9794921875,2546.4366729789513,2623.9794921875,220674,0.0,0.0
2022-01-28 00:00:00+00:00,2614.9898864723036,2687.9059528254274,2592.0163313199496,2643.95654296875,375507,0.0,0.0
2022-01-31 00:00:00+00:00,2632.9691661737493,2699.8921305643566,2632.9691661737493,2664.932373046875,289629,0.0,0.0
2022-02-01 00:00:00+00:00,2681.91284714302,2750.6237929594777,2669.9266444742243,2736.849609375,597583,0.0,0.0
2022-02-02 00:00:00+00:00,2779.80032416547,2805.7704313980616,2745.0712559242,2782.796875,250909,0.0,0.0
2022-02-03 00:00:00+00:00,2722.865541606138,2788.789652297996,2722.865541606138,2728.858642578125,255896,0.0,0.0
2022-02-04 00:00:00+00:00,2686.907037974832,2755.827701774186,2667.9288841750094,2668.927734375,272314,0.0,0.0
2022-02-07 00:00:00+00:00,2695.896746269634,2704.486955713534,2650.948486328125,2650.948486328125,264209,0.0,0.0
2022-02-08 00:00:00+00:00,2607.9979108041193,2693.8990292756453,2607.9979108041193,2664.932373046875,343791,0.0,0.0
2022-02-09 00:00:00+00:00,2675.9196070407597,2733.8529169356325,2675.9196070407597,2707.8828125,506948,0.0,0.0
2022-02-10 00:00:00+00:00,2729.8574681446835,2746.8179242338047,2668.92760881178,2687.90576171875,151309,0.0,0.0
2022-02-11 00:00:00+00:00,2690.9027203027495,2693.8992712162267,2636.9648038601554,2640.960205078125,162186,0.0,0.0
2022-02-14 00:00:00+00:00,2597.010830965909,2612.837585016814,2555.059117542614,2582.028076171875,203916,0.0,0.0
2022-02-15 00:00:00+00:00,2553.0611869193413,2660.93701171875,2553.0611869193413,2660.93701171875,171021,0.0,0.0
2022-02-16 00:00:00+00:00,2637.9632219652685,2663.9333256271757,2625.9770202751574,2653.94482421875,219080,0.0,0.0
2022-02-17 00:00:00+00:00,2695.8965120735916,2695.8965120735916,2587.0218474511307,2606.0,185964,0.0,0.0
2022-02-18 00:00:00+00:00,2606.000062546863,2616.9874142862327,2552.0621540081393,2581.02880859375,178546,0.0,0.0
2022-02-21 00:00:00+00:00,2588.020685765179,2600.606294941959,2518.101176693947,2520.098876953125,249293,0.0,0.0
2022-02-22 00:00:00+00:00,2583.026210467146,2583.026210467146,2476.1492558963864,2530.087158203125,289257,0.0,0.0
2022-02-23 00:00:00+00:00,2597.010401289782,2597.010401289782,2495.127685546875,2495.127685546875,199104,0.0,0.0
2022-02-24 00:00:00+00:00,2425.208067896649,2523.095378709611,2388.9987759573955,2500.121826171875,366403,0.0,0.0
2022-02-25 00:00:00+00:00,2525.0932842548077,2615.988651686448,2520.2190123727687,2597.010498046875,253090,0.0,0.0
2022-02-28 00:00:00+00:00,2542.0738001554914,2580.0301083699937,2519.1002451835557,2572.039306640625,439698,0.0,0.0
2022-03-01 00:00:00+00:00,2569.0429410460993,2639.9613115026596,2535.08203125,2535.08203125,220283,0.0,0.0
2022-03-02 00:00:00+00:00,2519.100238340969,2582.0278017888204,2508.1128859929318,2548.06689453125,212892,0.0,0.0
2022-03-03 00:00:00+00:00,2543.0724174991024,2578.0321718637797,2434.19775390625,2434.19775390625,399072,0.0,0.0
2022-03-04 00:00:00+00:00,2426.20717685572,2448.1818816275704,2325.323304948586,2331.31640625,353304,0.0,0.0
2022-03-07 00:00:00+00:00,2293.360052562418,2340.306011826544,2171.5003285151115,2280.375,726504,0.0,0.0
2022-03-08 00:00:00+00:00,2222.441531308434,2282.37253889428,2023.1109415515377,2203.46337890625,1235745,0.0,0.0
2022-03-09 00:00:00+00:00,2237.4244870820667,2339.9863591287844,2211.3246479529275,2300.35205078125,499121,0.0,0.0
2022-03-10 00:00:00+00:00,2344.3016207568535,2344.3016207568535,2201.466029888413,2229.433837890625,428841,0.0,0.0
2022-03-11 00:00:00+00:00,2236.4252656910517,2383.256223286668,2236.4252656910517,2333.313720703125,358353,0.0,0.0
2022-03-14 00:00:00+00:00,2360.2832149907595,2378.262520056284,2312.338401482695,2322.326904296875,212453,0.0,0.0
2022-03-15 00:00:00+00:00,2297.3555585393824,2389.2497808809576,2279.3762541682045,2368.27392578125,264391,0.0,0.0
2022-03-16 00:00:00+00:00,2398.2389245193995,2508.1124279334495,2377.8624814301966,2489.13427734375,554444,0.0,0.0
2022-03-17 00:00:00+00:00,2477.148196373457,2513.5062417117592,2455.173494631434,2508.112548828125,252471,0.0,0.0
2022-03-18 00:00:00+00:00,2499.123125962808,2553.06103515625,2475.150721876834,2553.06103515625,489285,0.0,0.0
2022-03-21 00:00:00+00:00,2512.1081296262378,2548.4661775766695,2450.1794202676588,2471.1552734375,215834,0.0,0.0
2022-03-22 00:00:00+00:00,2512.1081227102095,2519.401728443208,2462.7828247060015,2509.111572265625,397083,0.0,0.0
2022-03-23 00:00:00+00:00,2510.1106944510607,2551.0635549653834,2452.1773795771405,2457.171630859375,231519,0.0,0.0
2022-03-24 00:00:00+00:00,2451.5772296829728,2451.5772296829728,2376.4595701517846,2413.61474609375,187591,40.0,0.0
2022-03-25 00:00:00+00:00,2388.6389662976894,2446.5816932091348,2388.6389662976894,2415.6123046875,150818,0.0,0.0
2022-03-28 00:00:00+01:00,2455.5731945121797,2496.53271484375,2431.596889927846,2496.53271484375,188229,0.0,0.0
2022-03-29 00:00:00+01:00,2537.492360547329,2588.4420103063503,2513.516054778378,2576.453857421875,336525,0.0,0.0
2022-03-30 00:00:00+01:00,2559.4705693546575,2614.4162685406477,2490.538692194052,2501.52783203125,782547,0.0,0.0
2022-03-31 00:00:00+01:00,2445.583147094677,2531.4982413145062,2445.583147094677,2458.5703125,209509,0.0,0.0
2022-04-01 00:00:00+01:00,2507.5221849524455,2529.5004670516305,2457.571543817935,2481.5478515625,216281,0.0,0.0
2022-04-04 00:00:00+01:00,2533.495981711503,2533.495981711503,2437.5907710473452,2455.572998046875,130329,0.0,0.0
2022-04-05 00:00:00+01:00,2477.551456719005,2477.551456719005,2415.6126703010295,2449.5791015625,265742,0.0,0.0
2022-04-06 00:00:00+01:00,2479.5492683885504,2479.5492683885504,2368.888623389317,2407.620361328125,209247,0.0,0.0
2022-04-07 00:00:00+01:00,2447.5809749887007,2457.571101417226,2395.6323175603693,2417.610595703125,156185,0.0,0.0
2022-04-08 00:00:00+01:00,2455.5730101831114,2455.5730101831114,2385.642127061542,2411.616455078125,129902,0.0,0.0
2022-04-11 00:00:00+01:00,2421.6069429446816,2429.599045066611,2389.638534456963,2399.628662109375,150285,0.0,0.0
2022-04-12 00:00:00+01:00,2375.6520780312894,2427.6007357510653,2359.6678756559736,2373.654052734375,127368,0.0,0.0
2022-04-13 00:00:00+01:00,2313.7130431866954,2365.66169527897,2304.5302252814495,2327.69921875,342291,0.0,0.0
2022-04-14 00:00:00+01:00,2383.643943302423,2383.643943302423,2305.7209644350346,2329.697265625,538773,0.0,0.0
2022-04-19 00:00:00+01:00,2371.655852706842,2371.655852706842,2221.803966478524,2267.758544921875,489431,0.0,0.0
2022-04-20 00:00:00+01:00,2247.7785491278196,2291.735107421875,2226.060023035786,2291.735107421875,951549,0.0,0.0
2022-04-21 00:00:00+01:00,2337.6899426341156,2403.6247871699497,2289.7373284262367,2383.64453125,360642,0.0,0.0
2022-04-22 00:00:00+01:00,2319.7073124068356,2377.3732185780086,2309.71718616908,2345.681640625,318311,0.0,0.0
2022-04-25 00:00:00+01:00,2323.7037010898107,2381.6464417016805,2285.7412158613442,2377.650390625,508265,0.0,0.0
2022-04-26 00:00:00+01:00,2389.6383352157295,2409.618588854657,2335.691650390625,2335.691650390625,420924,0.0,0.0
2022-04-27 00:00:00+01:00,2345.6818933724744,2353.6739952238286,2301.7253331900256,2323.70361328125,256903,0.0,0.0
2022-04-28 00:00:00+01:00,2333.6935171015894,2351.675744545009,2311.715239115187,2325.701416015625,283846,0.0,0.0
2022-04-29 00:00:00+01:00,2359.6680844830453,2403.6246449052524,2339.0485689099037,2347.679931640625,325085,0.0,0.0
2022-05-03 00:00:00+01:00,2297.7291835528827,2355.671919485955,2269.7568282748475,2291.735107421875,422081,0.0,0.0
2022-05-04 00:00:00+01:00,2295.7312124501104,2305.721339571303,2205.820068359375,2205.820068359375,405549,0.0,0.0
2022-05-05 00:00:00+01:00,2235.790180278927,2275.750683947898,2197.8277017934042,2203.82177734375,306369,0.0,0.0
2022-05-06 00:00:00+01:00,2255.770527192276,2255.770527192276,2165.859390147411,2189.835693359375,399685,0.0,0.0
2022-05-09 00:00:00+01:00,2259.766241968458,2259.766241968458,2137.88671875,2137.88671875,327542,0.0,0.0
2022-05-10 00:00:00+01:00,2097.9264430603143,2167.8573244956583,2097.9264430603143,2113.91064453125,164791,0.0,0.0
2022-05-11 00:00:00+01:00,2107.9169517999244,2167.0184596683343,2107.9169517999244,2149.87548828125,759151,0.0,0.0
2022-05-12 00:00:00+01:00,2090.342405011342,2124.315465131029,2047.882178541241,2092.3408203125,500977,42.0,0.0
2022-05-13 00:00:00+01:00,2148.2963653423817,2168.280517578125,2102.3328152001727,2168.280517578125,594106,0.0,0.0
2022-05-16 00:00:00+01:00,2206.250542534722,2206.250542534722,2107.368990221509,2158.28857421875,409589,0.0,0.0
2022-05-17 00:00:00+01:00,2174.2759939275893,2218.241133510684,2166.2823321852084,2180.271240234375,1179158,0.0,0.0
2022-05-18 00:00:00+01:00,2176.2740579865513,2222.2376055840637,2166.281982421875,2166.281982421875,1052547,0.0,0.0
2022-05-19 00:00:00+01:00,2148.2965065200974,2170.279075424024,2104.5131093664686,2150.294921875,504160,0.0,0.0
2022-05-20 00:00:00+01:00,2168.280409775771,2188.264561017944,2148.296258533598,2154.29150390625,242001,0.0,0.0
2022-05-23 00:00:00+01:00,2158.2883423533517,2199.0560598316806,2146.2978515625,2146.2978515625,256593,0.0,0.0
2022-05-24 00:00:00+01:00,2118.320188243697,2158.288493682257,2114.323357699841,2120.318603515625,1568375,0.0,0.0
2022-05-25 00:00:00+01:00,2148.2966025597257,2182.269665111833,2128.9918410631362,2172.277587890625,325356,0.0,0.0
2022-05-26 00:00:00+01:00,2172.2774023787524,2242.221936953965,2163.8841558085974,2230.2314453125,357138,0.0,0.0
2022-05-27 00:00:00+01:00,2224.2361907958984,2260.2076655796595,2220.239360264369,2238.22509765625,166395,0.0,0.0
2022-05-30 00:00:00+01:00,2228.2328652790375,2304.1726400598477,2228.2328652790375,2272.197998046875,192345,0.0,0.0
2022-05-31 00:00:00+01:00,2228.232995562334,2278.1933766287543,2228.232995562334,2262.2060546875,362422,0.0,0.0
2022-06-01 00:00:00+01:00,2262.205959562109,2312.1663385277034,2230.2313170241287,2236.2265625,321927,0.0,0.0
2022-06-06 00:00:00+01:00,2288.1854704181496,2290.1838856761565,2236.2266737099644,2246.21875,425910,0.0,0.0
2022-06-07 00:00:00+01:00,2208.2490658869738,2242.222128439081,2154.2918488924506,2172.277587890625,197953,0.0,0.0
2022-06-08 00:00:00+01:00,2180.2710262429637,2186.618043784478,2139.4254874205744,2152.293212890625,588823,0.0,0.0
2022-06-09 00:00:00+01:00,2148.296729930933,2152.293561056386,2068.360107421875,2068.360107421875,376724,0.0,0.0
2022-06-10 00:00:00+01:00,2066.361375891644,2070.358206405941,2020.3978249772263,2022.396240234375,198262,0.0,0.0
2022-06-13 00:00:00+01:00,1987.4238457460285,2009.5663195274553,1906.4880330233395,1910.48486328125,204186,0.0,0.0
2022-06-14 00:00:00+01:00,1938.462740227213,1938.462740227213,1886.5039451283394,1907.4873046875,418854,0.0,0.0
2022-06-15 00:00:00+01:00,1931.4683575910394,1969.4382477040551,1915.0813279896518,1955.4493408203125,315249,0.0,0.0
2022-06-16 00:00:00+01:00,1947.455553634435,1962.9432709670846,1871.5157783259604,1900.4927978515625,433553,0.0,0.0
2022-06-17 00:00:00+01:00,1915.481175549071,1993.4193767451209,1905.3982281427968,1937.4637451171875,753042,0.0,0.0
2022-06-20 00:00:00+01:00,1939.462158203125,1947.4558198546576,1917.0598775142098,1939.462158203125,367503,0.0,0.0
2022-06-21 00:00:00+01:00,1901.4920590991683,1971.436590963037,1901.4920590991683,1907.4873046875,215353,0.0,0.0
2022-06-22 00:00:00+01:00,1893.4984324012719,1904.2019804885047,1853.5301277595563,1875.5126953125,457974,0.0,0.0
2022-06-23 00:00:00+01:00,1857.5268760461272,1877.5110274828796,1819.556988316298,1837.542724609375,719161,0.0,0.0
2022-06-24 00:00:00+01:00,1888.502411111428,1916.480224609375,1843.0324874714997,1916.480224609375,219101,0.0,0.0
2022-06-27 00:00:00+01:00,1861.5238031387328,1954.4501121520996,1861.5238031387328,1918.4786376953125,452403,0.0,0.0
2022-06-28 00:00:00+01:00,1936.4643925258092,1952.4517146519252,1886.3011688048553,1902.4913330078125,284626,0.0,0.0
2022-06-29 00:00:00+01:00,1854.5293568255252,1887.5032085363237,1840.5404500391255,1855.528564453125,184292,0.0,0.0
2022-06-30 00:00:00+01:00,1839.541234379321,1847.5348953652172,1787.5824379709968,1806.5673828125,317590,0.0,0.0
2022-07-01 00:00:00+01:00,1786.5833963460152,1830.5485358534115,1778.5897346173977,1819.5572509765625,289833,0.0,0.0
2022-07-04 00:00:00+01:00,1819.5570540266963,1857.5269431277477,1799.5729018682482,1832.5467529296875,411080,0.0,0.0
2022-07-05 00:00:00+01:00,1822.5546810963115,1863.5221931165686,1786.5832071273053,1828.5499267578125,218981,0.0,0.0
2022-07-06 00:00:00+01:00,1845.5364500792393,1899.4936608557846,1842.3390345263595,1891.5,743753,0.0,0.0
2022-07-07 00:00:00+01:00,1934.4657720683829,1934.4657720683829,1886.5038107774312,1921.47607421875,533548,0.0,0.0
2022-07-08 00:00:00+01:00,1909.485684601474,1949.4539877851785,1883.5062875320662,1941.4603271484375,397175,0.0,0.0
2022-07-11 00:00:00+01:00,1988.4229805592383,1988.4229805592383,1890.7004355393092,1919.4776611328125,336658,0.0,0.0
2022-07-12 00:00:00+01:00,1921.476331773695,1924.4739547561812,1887.5032713055173,1909.48583984375,367437,0.0,0.0
2022-07-13 00:00:00+01:00,1940.4613237406468,1946.4565698490112,1854.5294628540887,1869.517578125,328004,0.0,0.0
2022-07-14 00:00:00+01:00,1918.4786184210525,1918.4786184210525,1816.5594418174342,1822.5546875,316611,0.0,0.0
2022-07-15 00:00:00+01:00,1827.5507234886359,1885.504765020807,1812.5626092992813,1881.5079345703125,235006,0.0,0.0
2022-07-18 00:00:00+01:00,1900.492917742048,1921.4762780325752,1881.5079727172852,1902.4913330078125,192651,0.0,0.0
2022-07-19 00:00:00+01:00,1907.4871688422224,1921.47607421875,1873.5141129277984,1921.47607421875,261725,0.0,0.0
2022-07-20 00:00:00+01:00,1898.494540127841,1949.454130415483,1898.494540127841,1923.4747314453125,154668,0.0,0.0
2022-07-21 00:00:00+01:00,1879.5095357187224,1979.4302978515625,1879.5095357187224,1979.4302978515625,380901,0.0,0.0
2022-07-22 00:00:00+01:00,1948.4547434339866,1988.4230458634017,1948.4547434339866,1977.4317626953125,165069,0.0,0.0
2022-07-25 00:00:00+01:00,1988.4232559672164,1988.4232559672164,1945.2774152673462,1954.4501953125,182114,0.0,0.0
2022-07-26 00:00:00+01:00,1911.4843197228772,1960.4454967570755,1903.590554541012,1906.48828125,373954,0.0,0.0
2022-07-27 00:00:00+01:00,1928.4707476853712,1955.4493540001406,1900.492933729314,1943.4588623046875,313489,0.0,0.0
2022-07-28 00:00:00+01:00,1956.4485708949078,1990.421630859375,1945.7700270724943,1990.421630859375,420490,0.0,0.0
2022-07-29 00:00:00+01:00,1996.4168248793658,2058.877302967187,1989.4223715389476,2038.383544921875,265596,0.0,0.0
2022-08-01 00:00:00+01:00,2064.363266446478,2076.353759765625,2032.3886175954192,2076.353759765625,351384,0.0,0.0
2022-08-02 00:00:00+01:00,2110.326395403377,2158.288358935272,2092.3406590789164,2130.310546875,389603,0.0,0.0
2022-08-03 00:00:00+01:00,2126.3135659979184,2164.283451105024,2086.3452658851756,2160.28662109375,517155,0.0,0.0
2022-08-04 00:00:00+01:00,2182.2695675534387,2186.2663982632434,2138.3044297455854,2150.294921875,1407507,0.0,0.0
2022-08-05 00:00:00+01:00,2170.2790402565997,2170.2790402565997,2072.356689453125,2072.356689453125,316758,0.0,0.0
2022-08-08 00:00:00+01:00,2092.3405801435406,2102.3326555023923,2060.3659389952154,2088.34375,130487,0.0,0.0
2022-08-09 00:00:00+01:00,2078.3518322896402,2095.937983834036,2048.2755855992727,2054.370849609375,157769,0.0,0.0
2022-08-10 00:00:00+01:00,2086.3455612313032,2132.309112867625,2046.3772554605887,2104.331298828125,338697,0.0,0.0
2022-08-11 00:00:00+01:00,2066.3613112553985,2130.3105974838054,2058.3676504768473,2082.3486328125,291176,0.0,0.0
2022-08-12 00:00:00+01:00,2092.3404672475963,2093.399685725799,2058.3674128605767,2078.3515625,175712,0.0,0.0
2022-08-15 00:00:00+01:00,2038.3832632211538,2088.3436373197114,2038.3832632211538,2078.3515625,685546,0.0,0.0
2022-08-16 00:00:00+01:00,2126.314158740942,2126.314158740942,2053.5508040080035,2068.360107421875,136212,0.0,0.0
2022-08-17 00:00:00+01:00,2066.36136046944,2088.343928134009,2022.3962251403032,2036.3851318359375,1060637,0.0,0.0
2022-08-18 00:00:00+01:00,2002.4121949920955,2040.3820869131032,2002.4121949920955,2034.3868408203125,111196,0.0,0.0
2022-08-19 00:00:00+01:00,1998.4152722714553,2030.3899166277986,1989.4224035462337,2008.4073486328125,375066,0.0,0.0
2022-08-22 00:00:00+01:00,1988.423054084023,2002.2360740902307,1954.4499968785674,1969.4381103515625,290270,0.0,0.0
2022-08-23 00:00:00+01:00,1947.455553634435,1984.426233718824,1890.500722153079,1900.4927978515625,162196,0.0,0.0
2022-08-24 00:00:00+01:00,1897.495323498028,1903.4905693858575,1868.0487033859672,1876.511962890625,160480,0.0,0.0
2022-08-25 00:00:00+01:00,1875.5126563762797,1894.497600686961,1853.5300892797009,1854.529296875,183760,0.0,0.0
2022-08-26 00:00:00+01:00,1878.5102791621766,1883.5063171386719,1845.5364285173087,1854.529296875,315055,0.0,0.0
2022-08-30 00:00:00+01:00,1858.5261063890923,1897.4952021682186,1845.9061097232168,1874.513427734375,349522,0.0,0.0
2022-08-31 00:00:00+01:00,1895.4968829395327,1909.4857898246953,1830.548386686992,1843.5380859375,707246,0.0,0.0
2022-09-01 00:00:00+01:00,1858.5261836760324,1858.5261836760324,1782.2267040195823,1802.570556640625,355034,0.0,0.0
2022-09-02 00:00:00+01:00,1843.5380175201217,1859.0657426179355,1793.5776376415276,1850.532470703125,333730,0.0,0.0
2022-09-05 00:00:00+01:00,1818.5578380008992,1847.534858496518,1808.0692075058882,1840.5404052734375,506580,0.0,0.0
2022-09-06 00:00:00+01:00,1845.5364846695031,1988.4231751447273,1842.4689709269799,1971.4366455078125,497396,0.0,0.0
2022-09-07 00:00:00+01:00,1954.450208875868,1984.4264390733506,1923.474771005136,1942.459716796875,390955,0.0,0.0
2022-09-08 00:00:00+01:00,1913.6301582820088,1966.5922462135736,1913.6301582820088,1954.600830078125,235513,15.000001,0.0
2022-09-09 00:00:00+01:00,1987.577343053851,2006.5637530679403,1970.5895025149293,1997.5701904296875,224760,0.0,0.0
2022-09-12 00:00:00+01:00,2010.5608528868793,2054.529380484803,2008.56228345061,2042.5379638671875,309167,0.0,0.0
2022-09-13 00:00:00+01:00,1998.5695267488102,2058.5266125512744,1994.5723876953125,1994.5723876953125,475618,0.0,0.0
2022-09-14 00:00:00+01:00,1970.589579046229,1992.5738441268663,1928.6196184377393,1957.598876953125,195924,0.0,0.0
2022-09-15 00:00:00+01:00,1967.5916729381688,1996.5709306909403,1956.5995406871177,1960.5966796875,249857,0.0,0.0
2022-09-16 00:00:00+01:00,1959.5973626247583,1981.5816267643527,1931.6173900834563,1969.5902099609375,484150,0.0,0.0
2022-09-20 00:00:00+01:00,1978.5836984329865,1991.0547519240122,1890.0710074152375,1902.6380615234375,456309,0.0,0.0
2022-09-21 00:00:00+01:00,1853.673132317851,1916.6280688871364,1853.673132317851,1915.6287841796875,491747,0.0,0.0
2022-09-22 00:00:00+01:00,1890.6466361169876,1914.6294687104378,1860.668095375175,1874.6580810546875,323523,0.0,0.0
2022-09-23 00:00:00+01:00,1882.6524523160763,1889.8472536591157,1806.7068119891007,1833.6875,222635,0.0,0.0
2022-09-26 00:00:00+01:00,1811.7033916970959,1865.6647723654041,1794.7155496348505,1838.68408203125,550475,0.0,0.0
2022-09-27 00:00:00+01:00,1886.6497425028026,1886.6497425028026,1782.72412109375,1782.72412109375,520626,0.0,0.0
2022-09-28 00:00:00+01:00,1749.7476512130515,1777.5717307949753,1648.8198883503912,1772.731201171875,818003,0.0,0.0
2022-09-29 00:00:00+01:00,1733.7589976692086,1771.5320090629245,1656.8140738533416,1671.8033447265625,394541,0.0,0.0
2022-09-30 00:00:00+01:00,1658.8127050667165,1730.7612079370801,1658.8127050667165,1710.7755126953125,290550,0.0,0.0
2022-10-03 00:00:00+01:00,1672.8027452855213,1734.7584025183185,1667.8063213151345,1721.7677001953125,235790,0.0,0.0
2022-10-04 00:00:00+01:00,1822.695335103235,1913.6302449137584,1794.7153628538433,1899.6402587890625,775062,0.0,0.0
2022-10-05 00:00:00+01:00,1898.6410278784458,1927.62028567238,1839.6832275390625,1839.6832275390625,811953,0.0,0.0
2022-10-06 00:00:00+01:00,1872.6595914273648,1895.643140308277,1810.923751287847,1848.6767578125,552358,0.0,0.0
2022-10-07 00:00:00+01:00,1813.7018225718352,1849.076527144217,1752.74545277741,1768.7340087890625,625995,0.0,0.0
2022-10-10 00:00:00+01:00,1754.7440614737632,1820.6968564949866,1754.7440614737632,1787.720458984375,241812,0.0,0.0
2022-10-11 00:00:00+01:00,1801.7104631462353,1804.906173929472,1768.7340653182675,1786.72119140625,506340,0.0,0.0
2022-10-12 00:00:00+01:00,1806.70678808538,1806.70678808538,1742.010054983288,1749.74755859375,310955,0.0,0.0
2022-10-13 00:00:00+01:00,1752.7453288747931,1858.6695049641478,1718.7696497517927,1811.703125,433706,0.0,0.0
2022-10-14 00:00:00+01:00,1837.6845983429628,1863.6660010384044,1795.7146401426342,1814.7010498046875,486159,0.0,0.0
2022-10-17 00:00:00+01:00,1839.6831462244834,1861.6674097861014,1789.71891085717,1858.6695556640625,573187,0.0,0.0
2022-10-18 00:00:00+01:00,1869.6618556966316,1940.611076302971,1844.679735764822,1905.6361083984375,521112,0.0,0.0
2022-10-19 00:00:00+01:00,1920.6252746261805,1927.6202678220095,1878.6553154512067,1904.63671875,588234,0.0,0.0
2022-10-20 00:00:00+01:00,1868.6625203237484,1937.613169469384,1868.6625203237484,1908.6339111328125,565832,0.0,0.0
2022-10-21 00:00:00+01:00,1921.6244042458795,1928.61939687704,1894.643718382833,1913.630126953125,342634,0.0,0.0
2022-10-24 00:00:00+01:00,1902.638293981182,1963.994406219404,1902.638293981182,1931.6175537109375,371939,0.0,0.0
2022-10-25 00:00:00+01:00,1899.640418616859,2002.5667537654842,1899.640418616859,1996.571044921875,288902,0.0,0.0
2022-10-26 00:00:00+01:00,1982.5810689508276,2052.531005859375,1973.5875056340144,2052.531005859375,471614,0.0,0.0
2022-10-27 00:00:00+01:00,2002.5665939405487,2058.5265386814026,2002.5665939405487,2048.53369140625,366574,0.0,0.0
2022-10-28 00:00:00+01:00,2026.5493655247305,2058.526475828868,2003.04616993391,2016.5565185546875,238849,0.0,0.0
2022-10-31 00:00:00+00:00,1998.56939400861,2028.5479349187392,1994.5722552205928,2016.5565185546875,228924,0.0,0.0
2022-11-01 00:00:00+00:00,1998.5696231617646,2088.505256204044,1998.5696231617646,2038.541015625,406392,0.0,0.0
2022-11-02 00:00:00+00:00,2046.535083415113,2060.5250693368957,2022.552250406342,2036.542236328125,266966,0.0,0.0
2022-11-03 00:00:00+00:00,2036.5423705085875,2036.5423705085875,1986.6220456633775,2014.55810546875,231274,0.0,0.0
2022-11-04 00:00:00+00:00,2056.528153514134,2102.0185454963275,2020.5539000998926,2094.5009765625,292922,0.0,0.0
2022-11-07 00:00:00+00:00,2076.5140248048724,2152.4596773001417,2076.5140248048724,2112.48828125,508734,0.0,0.0
2022-11-08 00:00:00+00:00,2106.4921370502766,2168.4477881399907,2083.4285682206664,2166.44921875,213663,0.0,0.0
2022-11-09 00:00:00+00:00,2162.452289296515,2186.435124297955,2134.4723151281682,2168.447998046875,224831,0.0,0.0
2022-11-10 00:00:00+00:00,2186.434968187472,2241.51346338443,2139.3885654829483,2234.400634765625,312009,0.0,0.0
2022-11-11 00:00:00+00:00,2248.3907972063334,2258.3836451939173,2224.4079620361326,2238.39794921875,372960,0.0,0.0
2022-11-14 00:00:00+00:00,2240.3962496988574,2268.376220703125,2204.422001264799,2268.376220703125,310905,0.0,0.0
2022-11-15 00:00:00+00:00,2272.373496948566,2288.3620527758208,2237.1987229218057,2260.382080078125,385832,0.0,0.0
2022-11-16 00:00:00+00:00,2262.3806726921775,2278.7688449963025,2194.4293097314585,2216.41357421875,276979,0.0,0.0
2022-11-17 00:00:00+00:00,2204.4222914621046,2230.4036965292007,2161.7787392545756,2194.429443359375,346099,0.0,0.0
2022-11-18 00:00:00+00:00,2224.407680655296,2238.397666068223,2175.2429235687805,2226.40625,324950,0.0,0.0
2022-11-21 00:00:00+00:00,2214.4152508260527,2230.40380859375,2186.435274732583,2230.40380859375,151147,0.0,0.0
2022-11-22 00:00:00+00:00,2198.4265572684153,2260.3822147914343,2198.4265572684153,2238.39794921875,561444,0.0,0.0
2022-11-23 00:00:00+00:00,2238.3979552469136,2274.372208099096,2223.6084913922577,2266.3779296875,268585,0.0,0.0
2022-11-24 00:00:00+00:00,2242.3951678051376,2300.353688185128,2242.3951678051376,2290.36083984375,154384,0.0,0.0
2022-11-25 00:00:00+00:00,2292.359444084334,2300.4935154118393,2264.3794683064957,2288.3623046875,319441,0.0,0.0
2022-11-28 00:00:00+00:00,2266.377583123763,2300.353261177647,2258.383305934614,2272.373291015625,142460,0.0,0.0
2022-11-29 00:00:00+00:00,2330.33205472506,2330.33205472506,2276.160867050082,2286.363525390625,275435,0.0,0.0
2022-11-30 00:00:00+00:00,2280.3678239944275,2335.4463214157004,2280.3678239944275,2314.343505859375,997716,0.0,0.0
2022-12-01 00:00:00+00:00,2338.3262404350385,2350.317657052654,2310.3462683272687,2334.3291015625,304546,0.0,0.0
2022-12-02 00:00:00+00:00,2362.308984129221,2382.294677734375,2318.3404581978816,2382.294677734375,424972,0.0,0.0
2022-12-05 00:00:00+00:00,2370.303501203191,2394.286335953982,2363.306556006122,2368.304931640625,982716,0.0,0.0
2022-12-06 00:00:00+00:00,2364.3077546848494,2380.2963109295483,2348.3191984401506,2356.3134765625,550812,0.0,0.0
2022-12-07 00:00:00+00:00,2348.319580078125,2381.685596468728,2344.6532583268145,2348.319580078125,259744,0.0,0.0
2022-12-08 00:00:00+00:00,2364.3076431065388,2368.3047819790772,2328.333393253692,2334.3291015625,199045,0.0,0.0
2022-12-09 00:00:00+00:00,2330.3319371433854,2384.293311331097,2328.3333677290257,2364.3076171875,326077,0.0,0.0
2022-12-12 00:00:00+00:00,2360.3104396356603,2370.3032865435166,2334.329037675234,2352.316162109375,287471,0.0,0.0
2022-12-13 00:00:00+00:00,2410.2746487815907,2432.2589117472603,2336.3275824425205,2382.294677734375,410784,0.0,0.0
2022-12-14 00:00:00+00:00,2406.27789863363,2406.27789863363,2348.3193778193645,2388.290771484375,306288,0.0,0.0
2022-12-15 00:00:00+00:00,2338.3262941484245,2414.2719344711936,2338.3262941484245,2402.280517578125,390275,0.0,0.0
2022-12-16 00:00:00+00:00,2404.27911402663,2410.274822540412,2366.306293439343,2372.302001953125,922070,0.0,0.0
2022-12-19 00:00:00+00:00,2370.3035262051267,2376.2992349560673,2312.345008279369,2324.33642578125,605754,0.0,0.0
2022-12-20 00:00:00+00:00,2308.34796685823,2319.0202605763343,2282.366561170648,2290.36083984375,328023,0.0,0.0
2022-12-21 00:00:00+00:00,2268.3764503362427,2366.3063587648558,2268.3764503362427,2354.31494140625,373696,0.0,0.0
2022-12-22 00:00:00+00:00,2414.2720247785014,2414.2720247785014,2330.3321033871957,2340.324951171875,401793,0.0,0.0
2022-12-23 00:00:00+00:00,2324.3363640731022,2380.2963109295483,2304.3506687672284,2356.3134765625,44078,0.0,0.0
2022-12-28 00:00:00+00:00,2356.3134039857728,2370.303390268979,2346.320556640625,2346.320556640625,138331,0.0,0.0
2022-12-29 00:00:00+00:00,2300.3535632925245,2366.3063587648558,2300.3535632925245,2354.31494140625,139888,0.0,0.0
2022-12-30 00:00:00+00:00,2304.350631518742,2360.3105774706282,2304.350631518742,2344.322021484375,62950,0.0,0.0
2023-01-03 00:00:00+00:00,2370.3031936211005,2416.090484668387,2346.138607327787,2386.291748046875,455191,0.0,0.0
2023-01-04 00:00:00+00:00,2422.2660496967137,2458.2402979595363,2391.5280433668404,2440.253173828125,379562,0.0,0.0
2023-01-05 00:00:00+00:00,2470.2318839174936,2475.1724394165453,2416.2705078125,2416.2705078125,531662,0.0,0.0
2023-01-06 00:00:00+00:00,2428.2619868340057,2430.500374956233,2366.30633120285,2384.29345703125,224875,0.0,0.0
2023-01-09 00:00:00+00:00,2398.283423690671,2442.251953125,2380.296298012991,2442.251953125,419236,0.0,0.0
2023-01-10 00:00:00+00:00,2434.2576856175833,2490.21763241339,2424.464646135116,2484.221923828125,363921,0.0,0.0
2023-01-11 00:00:00+00:00,2494.2145950846093,2521.535126433845,2473.111780947202,2480.224609375,181141,0.0,0.0
2023-01-12 00:00:00+00:00,2492.216487398246,2554.1721498756683,2484.222208368901,2524.193603515625,404809,0.0,0.0
2023-01-13 00:00:00+00:00,2530.1887890779517,2548.175913170923,2502.2088182666635,2526.191650390625,2804424,0.0,0.0
2023-01-16 00:00:00+00:00,2522.1945974897044,2588.1473880738254,2512.2017504315045,2578.154541015625,276992,0.0,0.0
2023-01-17 00:00:00+00:00,2576.155971603985,2590.1459574854653,2523.8035532111116,2578.154541015625,229770,0.0,0.0
2023-01-18 00:00:00+00:00,2648.104733364354,2682.0804167358215,2608.1333411626283,2634.11474609375,308161,0.0,0.0
2023-01-19 00:00:00+00:00,2614.12879915764,2638.111632177435,2594.143104974478,2606.134521484375,225026,0.0,0.0
2023-01-20 00:00:00+00:00,2620.124652740618,2636.1132089739704,2597.023267573803,2626.120361328125,440157,0.0,0.0
2023-01-23 00:00:00+00:00,2628.1191061188024,2644.3474820192373,2604.1362701694293,2630.11767578125,311029,0.0,0.0
2023-01-24 00:00:00+00:00,2634.1145482997013,2700.067340480194,2634.1145482997013,2674.0859375,368304,0.0,0.0
2023-01-25 00:00:00+00:00,2674.0861761087376,2698.069011768906,2627.0019540197677,2646.106201171875,458777,0.0,0.0
2023-01-26 00:00:00+00:00,2620.124346190299,2668.090009278451,2620.124346190299,2644.107177734375,266692,0.0,0.0
2023-01-27 00:00:00+00:00,2656.0990916660853,2686.07763671875,2635.6376612171352,2686.07763671875,320569,0.0,0.0
2023-01-30 00:00:00+00:00,2658.0976298857017,2702.066162109375,2648.104781653049,2702.066162109375,215680,0.0,0.0
2023-01-31 00:00:00+00:00,2692.072998046875,2710.060122755429,2668.090165102137,2692.072998046875,334632,0.0,0.0
2023-02-01 00:00:00+00:00,2692.073382703993,2732.0447766565394,2692.073382703993,2698.069091796875,257480,0.0,0.0
2023-02-02 00:00:00+00:00,2706.0630215259307,2817.98291015625,2704.0644520861038,2817.98291015625,1131176,0.0,0.0
2023-02-03 00:00:00+00:00,2797.9972801235726,2813.4761910324733,2754.0287514359165,2799.995849609375,714303,0.0,0.0
2023-02-06 00:00:00+00:00,2797.9972723841925,2797.9972723841925,2747.3565176565307,2772.015869140625,451380,0.0,0.0
2023-02-07 00:00:00+00:00,2764.0216839147333,2775.0138164248783,2718.0545843268524,2724.05029296875,208721,0.0,0.0
2023-02-08 00:00:00+00:00,2728.047404739092,2770.0173648120012,2728.047404739092,2754.02880859375,799509,0.0,0.0
2023-02-09 00:00:00+00:00,2776.013244539543,2776.013244539543,2730.046142578125,2730.046142578125,242038,0.0,0.0
2023-02-10 00:00:00+00:00,2712.058854708791,2732.044550027205,2626.1203648396104,2640.1103515625,450575,0.0,0.0
2023-02-13 00:00:00+00:00,2640.1102980720298,2706.0630912865468,2638.1917494294557,2700.0673828125,233810,0.0,0.0
2023-02-14 00:00:00+00:00,2694.0719524016204,2738.0404857494214,2674.086255425347,2698.069091796875,564128,0.0,0.0
2023-02-15 00:00:00+00:00,2658.0977382242245,2750.031945711679,2658.0977382242245,2738.04052734375,166974,0.0,0.0
2023-02-16 00:00:00+00:00,2756.0273362379808,2768.018753219437,2724.0502242874313,2728.04736328125,165405,0.0,0.0
2023-02-17 00:00:00+00:00,2746.034484953171,2746.034484953171,2692.0731086112964,2714.057373046875,657500,0.0,0.0
2023-02-20 00:00:00+00:00,2738.040276361426,2738.040276361426,2702.0660245552176,2710.060302734375,185337,0.0,0.0
2023-02-21 00:00:00+00:00,2694.0717805869463,2722.0517545693033,2694.0717805869463,2708.061767578125,559529,0.0,0.0
2023-02-22 00:00:00+00:00,2708.0616607778957,2712.058799760594,2686.0773963730567,2700.0673828125,208915,0.0,0.0
2023-02-23 00:00:00+00:00,2718.0547514415925,2718.0547514415925,2669.0507599583693,2686.07763671875,634721,0.0,0.0
2023-02-24 00:00:00+00:00,2682.0801077732617,2692.072954672566,2652.101567075349,2666.091552734375,197132,0.0,0.0
2023-02-27 00:00:00+00:00,2670.088844175718,2714.057373046875,2662.094566199144,2714.057373046875,374660,0.0,0.0
2023-02-28 00:00:00+00:00,2728.0474286374792,2728.2472367987566,2692.0651259529777,2710.060302734375,323129,0.0,0.0
2023-03-01 00:00:00+00:00,2658.097401262632,2767.8208659412167,2658.097401262632,2744.035888671875,398576,0.0,0.0
2023-03-02 00:00:00+00:00,2718.054447467081,2748.032989167086,2708.0616002337465,2732.04443359375,677714,0.0,0.0
2023-03-03 00:00:00+00:00,2744.0359154590274,2744.0359154590274,2714.057373046875,2714.057373046875,439171,0.0,0.0
2023-03-06 00:00:00+00:00,2724.0503678977275,2759.6769691659756,2704.064671875,2748.033203125,492820,0.0,0.0
2023-03-07 00:00:00+00:00,2736.041346349326,2772.0155934160084,2678.082837186338,2688.07568359375,508965,0.0,0.0
2023-03-08 00:00:00+00:00,2712.058903453612,2712.058903453612,2662.0946642595513,2694.07177734375,345834,0.0,0.0
2023-03-09 00:00:00+00:00,2674.0860509281665,2718.0545809135324,2663.1358805853533,2710.060302734375,206639,0.0,0.0
2023-03-10 00:00:00+00:00,2660.0959815921638,2678.083106937265,2629.4938622509626,2658.097412109375,450671,0.0,0.0
2023-03-13 00:00:00+00:00,2670.088805015043,2684.4605980574947,2558.168914984472,2574.157470703125,406729,0.0,0.0
2023-03-14 00:00:00+00:00,2520.1963086310234,2618.126220703125,2520.1963086310234,2618.126220703125,402161,0.0,0.0
2023-03-15 00:00:00+00:00,2620.1244851691786,2620.1244851691786,2513.5237892035707,2536.1845703125,403624,0.0,0.0
2023-03-16 00:00:00+00:00,2570.1601660156252,2610.131552734375,2530.188779296875,2598.14013671875,256817,0.0,0.0
2023-03-17 00:00:00+00:00,2596.1416523529847,2632.115901577275,2514.2003068976555,2536.1845703125,564454,0.0,0.0
2023-03-20 00:00:00+00:00,2522.19503757892,2576.156421108739,2488.219351652738,2552.173583984375,230774,0.0,0.0
2023-03-21 00:00:00+00:00,2572.158816345539,2636.113037109375,2568.509329085078,2636.113037109375,292551,0.0,0.0
2023-03-22 00:00:00+00:00,2636.1130120364624,2666.091552734375,2613.4893140014724,2666.091552734375,242786,0.0,0.0
2023-03-23 00:00:00+00:00,2672.087265435659,2682.0801123520228,2634.1144471534767,2680.08154296875,270636,0.0,0.0
2023-03-24 00:00:00+00:00,2678.083347679996,2680.0819173424443,2630.11767578125,2630.11767578125,631566,0.0,0.0
2023-03-27 00:00:00+01:00,2666.091868713242,2700.5071789614294,2636.1133244623434,2676.084716796875,257233,0.0,0.0
2023-03-28 00:00:00+01:00,2698.068744803215,2704.064453125,2666.0916337536955,2704.064453125,369402,0.0,0.0
2023-03-29 00:00:00+01:00,2724.0502280188025,2756.0273400131537,2706.0631025219795,2742.037353515625,158996,0.0,0.0
2023-03-30 00:00:00+01:00,2750.0317138322603,2799.9959528190384,2748.0331442727893,2794.000244140625,206163,0.0,0.0
2023-03-31 00:00:00+01:00,2797.9972723841925,2807.9901197855647,2764.021591219527,2772.015869140625,251645,0.0,0.0
2023-04-03 00:00:00+01:00,2766.0202603031953,2778.8111542307474,2734.04314746732,2752.0302734375,161940,0.0,0.0
2023-04-04 00:00:00+01:00,2752.0304140837297,2774.0146802819295,2747.6336584304986,2758.026123046875,307029,0.0,0.0
2023-04-05 00:00:00+01:00,2762.0231108988983,2780.0102368020025,2686.077468196903,2710.060302734375,470141,0.0,0.0
2023-04-06 00:00:00+01:00,2704.064536688724,2756.02734375,2692.073119674583,2756.02734375,168411,0.0,0.0
2023-04-11 00:00:00+01:00,2686.077178030303,2788.0042138037743,2686.077178030303,2770.01708984375,179455,0.0,0.0
2023-04-12 00:00:00+01:00,2788.00410534297,2788.00410534297,2734.042735562138,2762.022705078125,172644,0.0,0.0
2023-04-13 00:00:00+01:00,2762.0229193598243,2797.997168671313,2758.025780547437,2778.011474609375,177607,0.0,0.0
2023-04-14 00:00:00+01:00,2782.008651952006,2795.1193845418943,2770.017235348764,2790.0029296875,111064,0.0,0.0
2023-04-17 00:00:00+01:00,2797.99717742833,2813.98573272792,2778.0114833038415,2805.991455078125,282236,0.0,0.0
2023-04-18 00:00:00+01:00,2803.992768434907,2815.9841844082566,2738.0399805814845,2770.01708984375,193216,0.0,0.0
2023-04-19 00:00:00+01:00,2772.0158729936334,2815.9844016207853,2750.031608680057,2786.005859375,181629,0.0,0.0
2023-04-20 00:00:00+01:00,2788.0042138037743,2792.0013524615574,2762.0228125281833,2770.01708984375,141342,0.0,0.0
2023-04-21 00:00:00+01:00,2738.040299710854,2809.9888039368325,2738.040299710854,2807.990234375,91015,0.0,0.0
2023-04-24 00:00:00+01:00,2805.9915961487204,2829.974430303838,2788.0044705323826,2811.9873046875,128778,0.0,0.0
2023-04-25 00:00:00+01:00,2758.025927838486,2831.972999816764,2758.025927838486,2811.9873046875,224826,0.0,0.0
2023-04-26 00:00:00+01:00,2799.996030690389,2836.849537288293,2773.998523937537,2831.97314453125,198461,0.0,0.0
2023-04-27 00:00:00+01:00,2782.440845424107,2840.408363037109,2776.4442056710377,2798.431884765625,141367,44.0,0.0
2023-04-28 00:00:00+01:00,2846.404827781228,2846.404827781228,2780.441794553152,2816.421630859375,302890,0.0,0.0
2023-05-02 00:00:00+01:00,2802.4292887770116,2870.39119734935,2802.4292887770116,2844.40576171875,245459,0.0,0.0
2023-05-03 00:00:00+01:00,2898.375761244032,2900.374641079373,2852.401525031196,2878.386962890625,184497,0.0,0.0
2023-05-04 00:00:00+01:00,2890.380474699645,2894.3782346923144,2854.400634765625,2854.400634765625,173900,0.0,0.0
2023-05-05 00:00:00+01:00,2866.3935560335544,2900.37451171875,2850.4025180640506,2900.37451171875,164801,0.0,0.0
2023-05-09 00:00:00+01:00,2902.37353515625,2908.370174691697,2844.406019646931,2902.37353515625,316295,0.0,0.0
2023-05-10 00:00:00+01:00,2878.3870499737213,2902.3736087235025,2836.4105721616043,2852.401611328125,171753,0.0,0.0
2023-05-11 00:00:00+01:00,2788.437342407482,2868.3925350213167,2788.437342407482,2864.394775390625,195489,0.0,0.0
2023-05-12 00:00:00+01:00,2912.368110988451,2912.368110988451,2829.617359627138,2850.40283203125,249047,0.0,0.0
2023-05-15 00:00:00+01:00,2868.3926653426074,2868.3926653426074,2830.4139471255276,2842.4072265625,411585,0.0,0.0
2023-05-16 00:00:00+01:00,2790.436338202898,2846.40497535883,2738.465460843818,2750.458740234375,306328,0.0,0.0
2023-05-17 00:00:00+01:00,2700.4865603220546,2778.44287109375,2700.4865603220546,2778.44287109375,595896,0.0,0.0
2023-05-18 00:00:00+01:00,2778.4430439898624,2800.43072275525,2722.4744071325126,2760.453125,319939,0.0,0.0
2023-05-19 00:00:00+01:00,2750.4588989613703,2778.443219154291,2728.4712188097897,2742.46337890625,383735,0.0,0.0
2023-05-22 00:00:00+01:00,2736.4665388811486,2738.4654187488486,2696.488941527151,2712.47998046875,424507,0.0,0.0
2023-05-23 00:00:00+01:00,2702.4855238970586,2726.4720818014703,2674.5012063419117,2684.49560546875,211175,0.0,0.0
2023-05-24 00:00:00+01:00,2670.5035912773174,2686.574664024635,2620.531592937547,2652.513671875,277845,0.0,0.0
2023-05-25 00:00:00+01:00,2598.54395559984,2676.5002742678353,2598.54395559984,2656.511474609375,117506,0.0,0.0
2023-05-26 00:00:00+01:00,2664.5067785571437,2686.4944563997005,2648.515740126193,2670.50341796875,362694,0.0,0.0
2023-05-30 00:00:00+01:00,2690.4924188296477,2698.4879386478638,2666.505859375,2666.505859375,570055,0.0,0.0
2023-05-31 00:00:00+01:00,2674.5012063419117,2706.0435885471456,2627.4274888529494,2684.49560546875,363977,0.0,0.0
2023-06-01 00:00:00+01:00,2684.495662320952,2734.0279640034887,2678.499022717852,2712.47998046875,211278,0.0,0.0
2023-06-02 00:00:00+01:00,2738.465403556132,2765.097451997244,2714.4788452768084,2756.455322265625,217206,0.0,0.0
2023-06-05 00:00:00+01:00,2748.4596006331903,2782.4405556955644,2724.8927307763406,2726.471923828125,347326,0.0,0.0
2023-06-06 00:00:00+01:00,2726.4722536321274,2746.461053145559,2708.4823340700386,2734.4677734375,237998,0.0,0.0
2023-06-07 00:00:00+01:00,2738.4655507783477,2738.4655507783477,2684.4957917484094,2690.492431640625,200561,0.0,0.0
2023-06-08 00:00:00+01:00,2674.5010494240673,2704.4842450454134,2674.5010494240673,2692.490966796875,470020,0.0,0.0
2023-06-09 00:00:00+01:00,2634.5235674898627,2683.2962832456865,2634.5235674898627,2680.497802734375,92633,0.0,0.0
2023-06-12 00:00:00+01:00,2678.499279135078,2710.481360079974,2678.499279135078,2702.48583984375,184550,0.0,0.0
2023-06-13 00:00:00+01:00,2708.4821209161933,2748.459716796875,2682.4966835937503,2748.459716796875,186346,0.0,0.0
2023-06-14 00:00:00+01:00,2766.449663747711,2766.449663747711,2712.4799087468523,2728.470947265625,247811,0.0,0.0
2023-06-15 00:00:00+01:00,2722.4745237999355,2724.473403773357,2684.495804304929,2714.47900390625,223754,0.0,0.0
2023-06-16 00:00:00+01:00,2748.459818825793,2748.459818825793,2668.504624096315,2678.4990234375,394394,0.0,0.0
2023-06-19 00:00:00+01:00,2614.534783097991,2665.3483475777484,2614.534783097991,2636.5224609375,165451,0.0,0.0
2023-06-20 00:00:00+01:00,2600.542638397805,2625.025988076316,2592.547119140625,2592.547119140625,218026,0.0,0.0
2023-06-21 00:00:00+01:00,2558.566162109375,2596.544878578186,2556.567282295227,2558.566162109375,348820,0.0,0.0
2023-06-22 00:00:00+01:00,2548.572083735371,2557.5560638547654,2497.040897081335,2508.594482421875,383741,0.0,0.0
2023-06-23 00:00:00+01:00,2502.597541360294,2516.5897001378676,2494.6020220588234,2514.5908203125,208886,0.0,0.0
2023-06-26 00:00:00+01:00,2572.5583352481617,2572.5583352481617,2478.6109834558824,2514.5908203125,279687,0.0,0.0
2023-06-27 00:00:00+01:00,2518.588579963235,2592.5471335018383,2518.588579963235,2582.552734375,409621,0.0,0.0
2023-06-28 00:00:00+01:00,2650.5146632339015,2650.5146632339015,2550.5706714075855,2572.558349609375,156761,0.0,0.0
2023-06-29 00:00:00+01:00,2600.5426966966643,2600.5426966966643,2532.580781487067,2552.569580078125,272948,0.0,0.0
2023-06-30 00:00:00+01:00,2538.577421064384,2572.558378669183,2517.20951249241,2552.569580078125,222129,0.0,0.0
2023-07-03 00:00:00+01:00,2552.56956560489,2572.5583640826103,2521.6469529207898,2562.56396484375,258548,0.0,0.0
2023-07-04 00:00:00+01:00,2572.558520790601,2588.549560546875,2500.5988418873676,2588.549560546875,164954,0.0,0.0
2023-07-05 00:00:00+01:00,2616.5339737601903,2616.5339737601903,2528.583251953125,2528.583251953125,143314,0.0,0.0
2023-07-06 00:00:00+01:00,2510.5930169869857,2554.56837238007,2476.612060546875,2476.612060546875,160144,0.0,0.0
2023-07-07 00:00:00+01:00,2472.614512366706,2530.58203125,2452.625712751777,2530.58203125,203570,0.0,0.0
2023-07-10 00:00:00+01:00,2524.585291018708,2547.012664734282,2475.41289472126,2532.580810546875,267731,0.0,0.0
2023-07-11 00:00:00+01:00,2518.588439799574,2580.5537109375,2513.7190985428465,2580.5537109375,235571,0.0,0.0
2023-07-12 00:00:00+01:00,2594.5459850620737,2650.514619562642,2568.560547615381,2636.5224609375,219980,0.0,0.0
2023-07-13 00:00:00+01:00,2696.489120320824,2696.489120320824,2608.5384003103595,2626.5283203125,169011,0.0,0.0
2023-07-14 00:00:00+01:00,2636.522933176277,2651.444505261668,2606.5397307519825,2646.517333984375,180047,0.0,0.0
2023-07-17 00:00:00+01:00,2628.5269994346613,2636.5225188245768,2591.049954325534,2596.544921875,159703,0.0,0.0
2023-07-18 00:00:00+01:00,2590.548564349393,2652.5138463670096,2546.573202917536,2634.52392578125,141283,0.0,0.0
2023-07-19 00:00:00+01:00,2652.5137544626295,2718.476794324926,2648.5159944709753,2694.490234375,122865,0.0,0.0
2023-07-20 00:00:00+01:00,2670.503290007888,2716.477523293952,2636.5223349703624,2692.490966796875,115115,0.0,0.0
2023-07-21 00:00:00+01:00,2748.459686798841,2748.459686798841,2655.6318272989297,2700.486572265625,101540,0.0,0.0
2023-07-24 00:00:00+01:00,2748.459554338987,2748.459554338987,2680.4976453589684,2688.4931640625,131583,0.0,0.0
2023-07-25 00:00:00+01:00,2680.498044358086,2736.4666836138854,2668.504764517558,2714.47900390625,114759,0.0,0.0
2023-07-26 00:00:00+01:00,2720.475456750173,2724.473216422106,2680.4978600308464,2708.482177734375,93813,0.0,0.0
2023-07-27 00:00:00+01:00,2746.4609089246524,2749.0195336889506,2708.4821918434527,2732.46875,192213,0.0,0.0
2023-07-28 00:00:00+01:00,2720.475543001805,2768.448660585966,2685.87481482236,2716.477783203125,164463,0.0,0.0
2023-07-31 00:00:00+01:00,2776.4441641021,2776.4441641021,2678.4990496017376,2760.453125,267502,0.0,0.0
2023-08-01 00:00:00+01:00,2760.4533032705267,2760.4533032705267,2528.58322131587,2548.572021484375,762448,0.0,0.0
2023-08-02 00:00:00+01:00,2524.5852919921876,2598.54384765625,2496.6009736328124,2498.599853515625,385543,0.0,0.0
2023-08-03 00:00:00+01:00,2498.5999667767396,2540.576446218589,2488.6055669096327,2520.587646484375,269416,0.0,0.0
2023-08-04 00:00:00+01:00,2532.580911211493,2570.559630479858,2489.829963636624,2530.58203125,182551,0.0,0.0
2023-08-07 00:00:00+01:00,2554.5685907879147,2558.5663507109,2492.603311981635,2530.58203125,385003,0.0,0.0
2023-08-08 00:00:00+01:00,2566.5618236289,2602.5416622779035,2531.7812641340843,2594.546142578125,445597,0.0,0.0
2023-08-09 00:00:00+01:00,2618.532643534421,2644.5180819817087,2590.548325206572,2600.542724609375,136212,0.0,0.0
2023-08-10 00:00:00+01:00,2656.511141995771,2656.511141995771,2598.543630244171,2614.53466796875,232791,0.0,0.0
2023-08-11 00:00:00+01:00,2670.5033124149495,2670.5033124149495,2570.559326171875,2570.559326171875,102920,0.0,0.0
2023-08-14 00:00:00+01:00,2568.5605899363222,2610.1573964563004,2548.5717915710593,2572.558349609375,74906,0.0,0.0
2023-08-15 00:00:00+01:00,2566.56160987238,2578.5548884231853,2542.5750527707687,2574.55712890625,225418,0.0,0.0
2023-08-16 00:00:00+01:00,2562.5641816023285,2596.5451418887865,2534.5798613664215,2548.572021484375,136045,0.0,0.0
2023-08-17 00:00:00+01:00,2534.579765184682,2536.3788059323592,2474.6133669547603,2482.60888671875,295078,0.0,0.0
2023-08-18 00:00:00+01:00,2468.6165113409847,2474.8329981336133,2399.5951344508203,2428.638916015625,275370,0.0,0.0
2023-08-21 00:00:00+01:00,2426.6403259277345,2446.6291259765626,2396.6571258544923,2398.656005859375,243104,0.0,0.0
2023-08-22 00:00:00+01:00,2416.6455943586407,2450.62654977973,2398.0161426306654,2424.64111328125,204978,0.0,0.0
2023-08-23 00:00:00+01:00,2390.6600722446237,2438.6331840622415,2390.6600722446237,2416.6455078125,348808,0.0,0.0
2023-08-24 00:00:00+01:00,2382.665008189476,2446.6291694831534,2382.665008189476,2402.65380859375,142903,0.0,0.0
2023-08-25 00:00:00+01:00,2376.668042092657,2440.632194613233,2376.668042092657,2428.638916015625,233754,0.0,0.0
2023-08-29 00:00:00+01:00,2446.628992136604,2490.604349838406,2436.634592658922,2454.62451171875,264871,0.0,0.0
2023-08-30 00:00:00+01:00,2512.592087850765,2512.592087850765,2438.233851587529,2448.6279296875,436405,0.0,0.0
2023-08-31 00:00:00+01:00,2488.60520857094,2488.60520857094,2439.987437897645,2464.61865234375,368260,0.0,0.0
2023-09-01 00:00:00+01:00,2470.615594035823,2470.615594035823,2444.6301549399773,2458.622314453125,275111,0.0,0.0
2023-09-04 00:00:00+01:00,2500.5987493160883,2500.5987493160883,2448.6278720321407,2454.62451171875,92990,0.0,0.0
2023-09-05 00:00:00+01:00,2474.6133689413264,2474.6133689413264,2442.6012773800867,2448.6279296875,121257,0.0,0.0
2023-09-06 00:00:00+01:00,2510.593119753276,2510.593119753276,2418.6446456221847,2440.63232421875,129543,0.0,0.0
2023-09-07 00:00:00+01:00,2416.8041417375393,2456.384654569978,2368.827880859375,2368.827880859375,238195,16.0,0.0
2023-09-08 00:00:00+01:00,2436.7941811046967,2436.7941811046967,2352.8428035330735,2396.81396484375,362197,0.0,0.0
2023-09-11 00:00:00+01:00,2394.815016838403,2422.801168955046,2391.3267526389454,2406.80908203125,151310,0.0,0.0
2023-09-12 00:00:00+01:00,2414.804995040705,2488.768393067614,2400.8119197383166,2424.800048828125,206675,0.0,0.0
2023-09-13 00:00:00+01:00,2432.796311722621,2459.1831584981805,2408.808180464879,2420.80224609375,193471,0.0,0.0
2023-09-14 00:00:00+01:00,2452.7861306571654,2490.767333984375,2430.7970129414125,2490.767333984375,272367,0.0,0.0
2023-09-15 00:00:00+01:00,2498.7636776421014,2552.7369730791706,2488.7686229315327,2538.743896484375,463688,0.0,0.0
2023-09-18 00:00:00+01:00,2542.7419133206026,2546.739935196893,2410.8071914030243,2420.80224609375,168908,0.0,0.0
2023-09-19 00:00:00+01:00,2448.788342623687,2466.7794406511266,2414.805157460746,2450.787353515625,93699,0.0,0.0
2023-09-20 00:00:00+01:00,2468.778216268622,2492.766344685807,2436.7940450457086,2490.767333984375,207177,0.0,0.0
2023-09-21 00:00:00+01:00,2478.7734375,2520.7526650705645,2476.7744266633063,2478.7734375,173131,0.0,0.0
2023-09-22 00:00:00+01:00,2434.79525390625,2530.7477762276785,2430.797232142857,2448.788330078125,119398,0.0,0.0
2023-09-25 00:00:00+01:00,2440.792393189482,2450.7874480346477,2404.8101957468853,2426.79931640625,221946,0.0,0.0
2023-09-26 00:00:00+01:00,2406.808939414449,2442.7911328608448,2406.808939414449,2422.801025390625,149149,0.0,0.0
2023-09-27 00:00:00+01:00,2430.7974339642265,2460.7825996792453,2396.814246153871,2402.811279296875,162226,0.0,0.0
2023-09-28 00:00:00+01:00,2414.8053455828826,2466.6837330002604,2374.8251246295235,2402.811279296875,313122,0.0,0.0
2023-09-29 00:00:00+01:00,2454.785350126379,2478.77348058364,2410.8071109547336,2446.789306640625,234099,0.0,0.0
2023-10-02 00:00:00+01:00,2498.7635331542574,2501.0992914100534,2444.7902408381256,2476.7744140625,295958,0.0,0.0
2023-10-03 00:00:00+01:00,2430.797006523569,2466.7791990543456,2374.82470703125,2374.82470703125,390205,0.0,0.0
2023-10-04 00:00:00+01:00,2384.820082733022,2397.523758380341,2278.8725015219156,2308.857666015625,276729,0.0,0.0
2023-10-05 00:00:00+01:00,2318.8524474056103,2360.8316727465735,2302.4064846133415,2342.840576171875,167448,0.0,0.0
2023-10-06 00:00:00+01:00,2352.8358684190675,2394.815098017029,2342.8408137528863,2380.822021484375,213178,0.0,0.0
2023-10-09 00:00:00+01:00,2362.8306962815695,2400.811900367314,2320.8514707131153,2344.839599609375,346599,0.0,0.0
2023-10-10 00:00:00+01:00,2402.8109179204052,2422.801025390625,2360.831692232944,2422.801025390625,300808,0.0,0.0
2023-10-11 00:00:00+01:00,2468.7782757000473,2468.7782757000473,2382.8208134691954,2384.81982421875,175186,0.0,0.0
2023-10-12 00:00:00+01:00,2404.809918909265,2446.789144426384,2380.8217900423397,2382.82080078125,100776,0.0,0.0
2023-10-13 00:00:00+01:00,2442.7914270979636,2442.7914270979636,2304.859668939404,2312.855712890625,350372,0.0,0.0
2023-10-16 00:00:00+01:00,2362.8306834770956,2368.827715668662,2294.864318639345,2342.840576171875,226651,0.0,0.0
2023-10-17 00:00:00+01:00,2298.8623005773884,2380.8217391197127,2298.8623005773884,2374.82470703125,418928,0.0,0.0
2023-10-18 00:00:00+01:00,2424.80013358482,2424.80013358482,2296.8634406339306,2360.831787109375,234023,0.0,0.0
2023-10-19 00:00:00+01:00,2340.84158108346,2366.8287207538997,2306.8583984375,2306.8583984375,217444,0.0,0.0
2023-10-20 00:00:00+01:00,2302.860703330412,2302.860703330412,2242.890372514516,2280.87158203125,428394,0.0,0.0
2023-10-23 00:00:00+01:00,2286.868316122405,2318.852488375865,2252.8851331031033,2310.8564453125,115647,0.0,0.0
2023-10-24 00:00:00+01:00,2354.8347207991806,2354.8347207991806,2248.8871484712035,2316.853515625,210842,0.0,0.0
2023-10-25 00:00:00+01:00,2314.854610855156,2364.8298831102325,2268.8773603804852,2294.864501953125,201208,0.0,0.0
2023-10-26 00:00:00+01:00,2294.8645144895017,2310.856601698488,2262.8803400715296,2296.863525390625,807127,0.0,0.0
2023-10-27 00:00:00+01:00,2314.8545174434266,2332.8456147292563,2262.880236395474,2318.8525390625,263065,0.0,0.0
2023-10-30 00:00:00+00:00,2312.8553648648194,2358.832610665935,2312.8553648648194,2334.844482421875,197846,0.0,0.0
2023-10-31 00:00:00+00:00,2390.817000428534,2390.817000428534,2326.848652590981,2368.827880859375,566617,0.0,0.0
2023-11-01 00:00:00+00:00,2364.830008166575,2404.8102280848607,2326.848799244204,2392.816162109375,205042,0.0,0.0
2023-11-02 00:00:00+00:00,2444.790100342384,2506.759432403393,2414.8049396677025,2492.766357421875,306225,0.0,0.0
2023-11-03 00:00:00+00:00,2544.7407520075512,2544.7407520075512,2486.5944764761457,2510.757568359375,142279,0.0,0.0
2023-11-06 00:00:00+00:00,2492.7665260185836,2540.742786342919,2466.7793850095686,2480.7724609375,183712,0.0,0.0
2023-11-07 00:00:00+00:00,2478.7736733022243,2526.749937946783,2404.810265308529,2516.7548828125,264022,0.0,0.0
2023-11-08 00:00:00+00:00,2498.7636406589136,2562.731989859782,2482.7715533586966,2532.746826171875,262247,0.0,0.0
2023-11-09 00:00:00+00:00,2528.7488790243888,2570.7281094271652,2494.7656925078554,2544.740966796875,557282,0.0,0.0
2023-11-10 00:00:00+00:00,2534.745862114608,2560.7330042340795,2506.7597090628697,2536.744873046875,336006,0.0,0.0
2023-11-13 00:00:00+00:00,2550.7379495727446,2574.726080759949,2526.74981838554,2536.744873046875,413553,0.0,0.0
2023-11-14 00:00:00+00:00,2536.7447625351833,2606.710142116532,2523.232405779681,2596.715087890625,236874,0.0,0.0
2023-11-15 00:00:00+00:00,2606.709986361026,2646.6902008757656,2572.726804023497,2610.7080078125,210814,0.0,0.0
2023-11-16 00:00:00+00:00,2596.7149900040536,2620.7031192419663,2540.742688448924,2542.74169921875,183435,0.0,0.0
2023-11-17 00:00:00+00:00,2562.731883160945,2594.716056429724,2546.7397965265554,2554.73583984375,191131,0.0,0.0
2023-11-20 00:00:00+00:00,2562.732065540922,2588.719208171212,2534.745911939071,2544.740966796875,264431,0.0,0.0
2023-11-21 00:00:00+00:00,2532.7467632988933,2580.72302400858,2504.7606112182425,2522.751708984375,102550,0.0,0.0
2023-11-22 00:00:00+00:00,2552.7367784628873,2586.7199618880004,2488.768433192087,2546.73974609375,309306,0.0,0.0
2023-11-23 00:00:00+00:00,2558.733935742972,2574.726022841365,2480.7725111383033,2488.7685546875,244997,0.0,0.0
2023-11-24 00:00:00+00:00,2478.773345459764,2546.739711383661,2460.7822485975566,2502.761474609375,299324,0.0,0.0
2023-11-27 00:00:00+00:00,2458.783391378012,2520.752728884287,2458.783391378012,2488.7685546875,621846,0.0,0.0
2023-11-28 00:00:00+00:00,2498.7635331542574,2502.761554807304,2448.788262491172,2476.7744140625,166223,0.0,0.0
2023-11-29 00:00:00+00:00,2482.7715220256023,2504.7606417858933,2452.7863587161146,2488.7685546875,290377,0.0,0.0
2023-11-30 00:00:00+00:00,2518.7537495864717,2544.740891447285,2444.7903458287738,2454.785400390625,299003,0.0,0.0
2023-12-01 00:00:00+00:00,2456.784510936552,2500.7627527922104,2450.787477956235,2470.777587890625,120658,0.0,0.0
2023-12-04 00:00:00+00:00,2420.802127922489,2488.7684965016506,2420.802127922489,2440.792236328125,177039,0.0,0.0
2023-12-05 00:00:00+00:00,2426.7992846739185,2462.7814816460195,2400.81214241629,2460.782470703125,197074,0.0,0.0
2023-12-06 00:00:00+00:00,2458.783361371459,2526.749730710182,2444.7902853311334,2522.751708984375,406811,0.0,0.0
2023-12-07 00:00:00+00:00,2500.7627202526437,2538.743928633779,2494.7656873503593,2504.7607421875,180272,0.0,0.0
2023-12-08 00:00:00+00:00,2518.753367048555,2526.7494094836297,2472.776123046875,2472.776123046875,479619,0.0,0.0
2023-12-11 00:00:00+00:00,2466.779422477894,2520.7527161625803,2422.8011831792605,2486.76953125,426990,0.0,0.0
2023-12-12 00:00:00+00:00,2498.7635965132636,2532.7467814258443,2472.7764551095256,2486.76953125,692491,0.0,0.0
2023-12-13 00:00:00+00:00,2448.788174715909,2498.7634435876626,2448.788174715909,2462.78125,298024,0.0,0.0
2023-12-14 00:00:00+00:00,2498.7635286510085,2554.735831692791,2446.7892472550675,2514.755615234375,728175,0.0,0.0
2023-12-15 00:00:00+00:00,2524.750618528521,2564.7308341821795,2466.7793058307166,2506.759521484375,447270,0.0,0.0
2023-12-18 00:00:00+00:00,2452.786234027075,2490.7674389549593,2452.786234027075,2468.7783203125,194279,0.0,0.0
2023-12-19 00:00:00+00:00,2494.7655693289785,2530.747765040454,2456.784362744643,2524.750732421875,1971482,0.0,0.0
2023-12-20 00:00:00+00:00,2576.7249128308263,2624.701171875,2510.757556645088,2624.701171875,2653002,0.0,0.0
2023-12-21 00:00:00+00:00,2568.728782572023,2638.6941579728177,2568.728782572023,2610.7080078125,160744,0.0,0.0
2023-12-22 00:00:00+00:00,2600.712954183815,2612.7070185382368,2568.728782572023,2610.7080078125,84610,0.0,0.0
2023-12-27 00:00:00+00:00,2654.6866434702197,2654.6866434702197,2612.7074119093204,2634.696533203125,137673,0.0,0.0
2023-12-28 00:00:00+00:00,2608.7092535461097,2648.6894719912607,2560.7329914119287,2612.707275390625,158956,0.0,0.0
2023-12-29 00:00:00+00:00,2612.7071999528607,2648.6893955145683,2592.717091307468,2600.713134765625,57317,0.0,0.0
2024-01-02 00:00:00+00:00,2540.742906493208,2640.6934535621776,2540.742906493208,2616.705322265625,145853,0.0,0.0
2024-01-03 00:00:00+00:00,2560.732664513221,2640.6930911959134,2560.732664513221,2598.7138671875,169636,0.0,0.0
2024-01-04 00:00:00+00:00,2626.7000423027075,2636.6950957361273,2572.726753762241,2602.7119140625,184925,0.0,0.0
2024-01-05 00:00:00+00:00,2538.7437782287598,2586.7200386047366,2538.293073512195,2558.73388671875,526655,0.0,0.0
2024-01-08 00:00:00+00:00,2558.733848864526,2590.7180219753327,2506.7595675594653,2552.73681640625,573787,0.0,0.0
2024-01-09 00:00:00+00:00,2552.736547397623,2558.733579223929,2452.786016959188,2472.776123046875,668535,0.0,0.0
2024-01-10 00:00:00+00:00,2492.766548080503,2716.6557649089045,2492.766548080503,2600.713134765625,930507,0.0,0.0
2024-01-11 00:00:00+00:00,2618.704117813347,2646.8901209644628,2582.721923828125,2582.721923828125,1022127,0.0,0.0
2024-01-12 00:00:00+00:00,2628.6993879139013,2634.1366391096794,2592.7171909690724,2616.705322265625,624342,0.0,0.0
2024-01-15 00:00:00+00:00,2640.8531798197464,2644.691368519176,2602.712140447443,2638.6943359375,281072,0.0,0.0
2024-01-16 00:00:00+00:00,2610.7080800825274,2672.6774142958184,2584.9449501699028,2660.683349609375,292815,0.0,0.0
2024-01-17 00:00:00+00:00,2648.6893902402935,2661.323031510277,2590.718075284091,2638.6943359375,491010,0.0,0.0
2024-01-18 00:00:00+00:00,2572.7268629948894,2674.6773884238155,2572.7268629948894,2658.684326171875,258247,0.0,0.0
2024-01-19 00:00:00+00:00,2674.676358474675,2688.66943359375,2650.500334403329,2688.66943359375,502297,0.0,0.0
2024-01-22 00:00:00+00:00,2688.669547189462,2730.648774320301,2678.6744931106905,2706.66064453125,446674,0.0,0.0
2024-01-23 00:00:00+00:00,2714.656857453751,2732.6479559199392,2674.676638639999,2694.666748046875,251814,0.0,0.0
2024-01-24 00:00:00+00:00,2666.6805006860336,2698.664674607305,2602.71215284349,2640.693359375,407891,0.0,0.0
2024-01-25 00:00:00+00:00,2642.6922274001836,2672.677388830594,2616.6250489769886,2656.685302734375,128293,0.0,0.0
2024-01-26 00:00:00+00:00,2652.6873943517026,2678.674535366452,2600.7131123222043,2674.676513671875,265012,0.0,0.0
2024-01-29 00:00:00+00:00,2672.6775966546475,2676.6756184895835,2640.69342197516,2650.6884765625,664003,0.0,0.0
2024-01-30 00:00:00+00:00,2666.6804072844384,2680.6734828848817,2650.688320883932,2664.681396484375,161200,0.0,0.0
2024-01-31 00:00:00+00:00,2656.6853909977895,2678.674510110638,2644.691326027145,2670.678466796875,401081,0.0,0.0
2024-02-01 00:00:00+00:00,2670.6786176828687,2674.6766395656273,2609.768812863812,2616.705322265625,193711,0.0,0.0
2024-02-02 00:00:00+00:00,2644.691450146746,2650.6884829135183,2604.711231701595,2612.707275390625,111192,0.0,0.0
2024-02-05 00:00:00+00:00,2610.7082644683674,2642.692439224488,2594.7161770903067,2612.707275390625,194032,0.0,0.0
2024-02-06 00:00:00+00:00,2538.7436919638667,2660.683349609375,2538.7436919638667,2660.683349609375,188277,0.0,0.0
2024-02-07 00:00:00+00:00,2698.664814717061,2698.664814717061,2652.6875623181777,2662.6826171875,116481,0.0,0.0
2024-02-08 00:00:00+00:00,2608.709204683716,2718.654803348547,2608.709204683716,2682.672607421875,159458,0.0,0.0
2024-02-09 00:00:00+00:00,2660.6833584642163,2716.6556605205633,2660.6833584642163,2700.66357421875,150021,0.0,0.0
2024-02-12 00:00:00+00:00,2708.659525568312,2744.641718527891,2706.6605148483354,2724.651611328125,499992,0.0,0.0
2024-02-13 00:00:00+00:00,2664.681228922587,2728.649570502124,2654.6861755507844,2676.67529296875,184557,0.0,0.0
2024-02-14 00:00:00+00:00,2678.6743897378665,2746.640754850618,2678.6743897378665,2728.649658203125,164825,0.0,0.0
2024-02-15 00:00:00+00:00,2744.6418834952424,2764.6319918965187,2674.676504090775,2750.638916015625,99504,0.0,0.0
2024-02-16 00:00:00+00:00,2770.6290321678007,2802.6132056993197,2748.639912864882,2790.619140625,155544,0.0,0.0
2024-02-19 00:00:00+00:00,2798.614990234375,2808.6100437709265,2779.218583484867,2798.614990234375,113739,0.0,0.0
2024-02-20 00:00:00+00:00,2776.6261767404358,2814.607384341637,2736.645958212856,2808.6103515625,424886,0.0,0.0
2024-02-21 00:00:00+00:00,2800.6141187050357,2816.606205035971,2770.6289568345323,2778.625,236106,0.0,0.0
2024-02-22 00:00:00+00:00,2790.6190647482013,2856.5864208633093,2748.639838129496,2778.625,196359,0.0,0.0
2024-02-23 00:00:00+00:00,2798.615056818182,2812.608132102273,2750.6387987012986,2770.62890625,139185,0.0,0.0
2024-02-26 00:00:00+00:00,2770.6289479499314,2788.6200450145416,2734.6467538207116,2738.644775390625,145370,0.0,0.0
2024-02-27 00:00:00+00:00,2742.64280076101,2751.6983781941813,2686.6704987046633,2700.66357421875,151955,0.0,0.0
2024-02-28 00:00:00+00:00,2654.6863926935303,2715.716252138522,2638.694305990557,2672.677490234375,178713,0.0,0.0
2024-02-29 00:00:00+00:00,2688.669715224812,2714.656857453751,2638.6944417076224,2694.666748046875,197982,0.0,0.0
2024-03-01 00:00:00+00:00,2714.6566959919714,2748.6398799624158,2704.661641883017,2746.640869140625,177491,0.0,0.0
2024-03-04 00:00:00+00:00,2732.6478359576354,2747.8702840811197,2702.6626731636597,2714.65673828125,317006,0.0,0.0
2024-03-05 00:00:00+00:00,2710.6588346870494,2866.581688009756,2700.663779986876,2772.628173828125,267878,0.0,0.0
2024-03-06 00:00:00+00:00,2842.5935433799345,2884.259939425828,2685.6711853241504,2848.590576171875,260377,0.0,0.0
2024-03-07 00:00:00+00:00,2854.5876714106207,2878.575803103147,2806.640446392994,2858.585693359375,564635,0.0,0.0
2024-03-08 00:00:00+00:00,2858.5855804808452,2874.5776676443743,2788.620199140405,2840.594482421875,535787,0.0,0.0
2024-03-11 00:00:00+00:00,2832.598182699714,2868.580375563931,2804.6120326942123,2838.59521484375,365044,0.0,0.0
2024-03-12 00:00:00+00:00,2854.5875404469252,2896.5667689829093,2822.6033663242706,2876.57666015625,178117,0.0,0.0
2024-03-13 00:00:00+00:00,2880.5745807810313,2898.565678093335,2850.589418593859,2860.58447265625,573110,0.0,0.0
2024-03-14 00:00:00+00:00,2856.5863112758584,2868.580375563931,2824.6021398409994,2838.59521484375,150697,0.0,0.0
2024-03-15 00:00:00+00:00,2886.5714978353553,2886.5714978353553,2826.6011758581662,2842.59326171875,505498,0.0,0.0
2024-03-18 00:00:00+00:00,2838.595176594478,2858.185578942299,2824.6021017802796,2832.59814453125,102924,0.0,0.0
2024-03-19 00:00:00+00:00,2898.5657212759497,2898.5657212759497,2802.6132008475042,2828.600341796875,518928,0.0,0.0
2024-03-20 00:00:00+00:00,2896.5666327168537,2896.5666327168537,2790.619060919757,2816.606201171875,199394,0.0,0.0
2024-03-21 00:00:00+00:00,2820.6042314746983,2866.581479755292,2814.607199090273,2856.58642578125,136797,0.0,0.0
2024-03-22 00:00:00+00:00,2854.5873676153537,2862.5834106618954,2808.6101200977396,2810.609130859375,151979,0.0,0.0
2024-03-25 00:00:00+00:00,2806.611359808715,2820.809413096676,2756.6360863078476,2772.628173828125,606483,0.0,0.0
2024-03-26 00:00:00+00:00,2770.629027371356,2828.600341796875,2762.632984002319,2828.600341796875,304834,0.0,0.0
2024-03-27 00:00:00+00:00,2836.596572641226,2868.580748231261,2820.6044848462084,2858.585693359375,153021,0.0,0.0
2024-03-28 00:00:00+00:00,2876.5763905312174,2894.567486788883,2848.5902407970707,2872.578369140625,108825,0.0,0.0
2024-04-02 00:00:00+01:00,2882.5734399414064,2896.566514892578,2790.618947405134,2798.614990234375,163021,0.0,0.0
2024-04-03 00:00:00+01:00,2836.596165906735,2842.593197969963,2788.619909400913,2832.59814453125,167361,0.0,0.0
2024-04-04 00:00:00+01:00,2768.6298547763795,2868.5803910498953,2768.6298547763795,2802.613037109375,215490,0.0,0.0
2024-04-05 00:00:00+01:00,2798.6152469218414,2838.8973173316595,2775.2766971654505,2800.6142578125,182250,0.0,0.0
2024-04-08 00:00:00+01:00,2796.6163553859074,2823.403151267921,2772.628223674234,2780.624267578125,211504,0.0,0.0
2024-04-09 00:00:00+01:00,2796.6164261783997,2796.6164261783997,2748.6401615406003,2752.63818359375,154335,0.0,0.0
2024-04-10 00:00:00+01:00,2748.639825610826,2780.623998127025,2734.6467501349894,2776.6259765625,192517,0.0,0.0
2024-04-11 00:00:00+01:00,2772.6279549979754,2778.745045121236,2746.6408148285636,2776.6259765625,125694,0.0,0.0
2024-04-12 00:00:00+01:00,2780.6238576061323,2804.611985781023,2754.63671875,2754.63671875,159609,0.0,0.0
2024-04-15 00:00:00+01:00,2818.605071628554,2818.605071628554,2760.6337616447045,2794.616943359375,183652,0.0,0.0
2024-04-16 00:00:00+01:00,2794.6170644488448,2802.613107551703,2716.65564419598,2736.645751953125,112451,0.0,0.0
2024-04-17 00:00:00+01:00,2722.6528820747167,2766.6311224606516,2720.653871148083,2730.64892578125,273807,0.0,0.0
2024-04-18 00:00:00+01:00,2736.6457609172517,2788.6200412560747,2724.651696223677,2776.6259765625,102064,0.0,0.0
2024-04-19 00:00:00+01:00,2742.64293523149,2768.630076746074,2726.650848145592,2760.634033203125,178922,0.0,0.0
2024-04-22 00:00:00+01:00,2768.6299837636843,2806.6111893171214,2762.6329513078786,2784.6220703125,124998,0.0,0.0
2024-04-23 00:00:00+01:00,2816.6063449377675,2816.6063449377675,2771.7684232915494,2800.6142578125,195033,0.0,0.0
2024-04-24 00:00:00+01:00,2730.648741007194,2808.6101618705034,2730.648741007194,2778.625,146185,0.0,0.0
2024-04-25 00:00:00+01:00,2697.1119428362167,2703.1099679129466,2665.1224757603236,2687.115234375,439279,46.0,0.0
2024-04-26 00:00:00+01:00,2659.124493634259,2715.1060619212963,2659.124493634259,2699.111328125,211123,0.0,0.0
2024-04-29 00:00:00+01:00,2749.094770405277,2761.0908203125,2683.1164959155503,2761.0908203125,155754,0.0,0.0
2024-04-30 00:00:00+01:00,2761.090762055743,2789.081544582014,2677.1184144769295,2723.103271484375,176503,0.0,0.0
2024-05-01 00:00:00+01:00,2773.086864802904,2695.1125405582657,2691.1138572636687,2715.10595703125,35617,0.0,0.0
2024-05-02 00:00:00+01:00,2723.103204900568,2741.0972789417615,2677.118349017519,2705.109130859375,174010,0.0,0.0
2024-05-03 00:00:00+01:00,2723.1031012496555,2773.0866383504203,2675.1189056329217,2721.103759765625,183410,0.0,0.0
2024-05-07 00:00:00+01:00,2749.0948658444618,2793.080383697973,2709.1080314321784,2765.089599609375,143569,0.0,0.0
2024-05-08 00:00:00+01:00,2771.0873877578238,2819.0715849484354,2751.0939722617354,2811.07421875,174225,0.0,0.0
2024-05-09 00:00:00+01:00,2799.0784433077197,2835.066594721676,2776.685913385367,2797.0791015625,110049,0.0,0.0
2024-05-10 00:00:00+01:00,2787.0821935470417,2835.0663920012234,2767.0887775244664,2809.074951171875,110389,0.0,0.0
2024-05-13 00:00:00+01:00,2813.073826288314,2909.042229743779,2781.084358469826,2817.072509765625,114168,0.0,0.0
2024-05-14 00:00:00+01:00,2745.0960571992637,2829.068405635075,2717.1052743873265,2775.086181640625,133001,0.0,0.0
2024-05-15 00:00:00+01:00,2799.078228829921,2819.071644750135,2711.1071987809805,2783.08349609375,141101,0.0,0.0
2024-05-16 00:00:00+01:00,2713.1066635780912,2805.076380987518,2713.1066635780912,2773.0869140625,119022,0.0,0.0
2024-05-17 00:00:00+01:00,2765.0894282795934,2829.068359375,2755.0927202959365,2829.068359375,159430,0.0,0.0
2024-05-20 00:00:00+01:00,2849.0617454303465,2853.0604285818276,2755.092691370539,2843.063720703125,115511,0.0,0.0
2024-05-21 00:00:00+01:00,2821.0709633699785,2877.052527490715,2775.0861071279446,2843.063720703125,192984,0.0,0.0
2024-05-22 00:00:00+01:00,2829.068389372392,2853.0604887875643,2741.0973581834273,2815.072998046875,129795,0.0,0.0
2024-05-23 00:00:00+01:00,2855.059836461609,2875.053252683329,2763.090121841697,2861.057861328125,260493,0.0,0.0
2024-05-24 00:00:00+01:00,2799.0783861420614,2883.050737726323,2771.0876022806406,2871.0546875,217228,0.0,0.0
2024-05-28 00:00:00+01:00,2871.054583351368,2905.0433910929924,2843.063800505324,2887.04931640625,740164,0.0,0.0
2024-05-29 00:00:00+01:00,2885.0498491686076,2927.036021609731,2855.059725996377,2897.0458984375,350067,0.0,0.0
2024-05-30 00:00:00+01:00,2849.0618522799746,2943.0309098639455,2849.0618522799746,2939.0322265625,343479,0.0,0.0
2024-05-31 00:00:00+01:00,2939.0322265625,2995.013792782738,2879.0519770408164,2939.0322265625,466593,0.0,0.0
2024-06-03 00:00:00+01:00,2967.022837868022,2977.0195455427797,2920.598186000908,2937.03271484375,144706,0.0,0.0
2024-06-04 00:00:00+01:00,2869.055102655399,2947.160482870591,2855.0597119107388,2937.03271484375,106580,0.0,0.0
2024-06-05 00:00:00+01:00,2879.051933913934,2960.9978496771855,2879.051933913934,2927.0361328125,125009,0.0,0.0
2024-06-06 00:00:00+01:00,2945.0301029292805,3005.010349424785,2877.052490234375,2877.052490234375,115112,0.0,0.0
2024-06-07 00:00:00+01:00,2895.0466241776317,2895.0466241776317,2849.061767578125,2849.061767578125,116185,0.0,0.0
2024-06-10 00:00:00+01:00,2899.045186647227,2931.0346507757486,2834.556416543227,2839.06494140625,92242,0.0,0.0
2024-06-11 00:00:00+01:00,2855.059905550373,2879.052005597015,2813.07373046875,2813.07373046875,110979,0.0,0.0
2024-06-12 00:00:00+01:00,2813.073765296963,2861.057965984331,2797.0790317345068,2845.063232421875,126295,0.0,0.0
2024-06-13 00:00:00+01:00,2901.044535232436,2901.044535232436,2799.078118074025,2819.071533203125,90102,0.0,0.0
2024-06-14 00:00:00+01:00,2789.0815351492993,2823.070342387678,2787.0821935470417,2809.074951171875,116266,0.0,0.0
2024-06-17 00:00:00+01:00,2737.0985887339266,2857.05908203125,2737.0985887339266,2857.05908203125,108883,0.0,0.0
2024-06-18 00:00:00+01:00,2881.0511733340754,2885.0498564337754,2853.060391636173,2877.052490234375,148149,0.0,0.0
2024-06-19 00:00:00+01:00,2879.0520104895104,2881.0513521634616,2843.0638603583916,2859.05859375,150486,0.0,0.0
2024-06-20 00:00:00+01:00,2865.0564482510713,2885.049863800625,2827.068958706919,2857.05908203125,142311,0.0,0.0
2024-06-21 00:00:00+01:00,2859.058527775334,2867.0558942865937,2821.071036846851,2841.064453125,326343,0.0,0.0
2024-06-24 00:00:00+01:00,2839.0652290333537,2869.055354692157,2821.0711536380722,2851.061279296875,293158,0.0,0.0
2024-06-25 00:00:00+01:00,2785.0828737779098,2865.0565384951506,2785.0828737779098,2815.072998046875,83038,0.0,0.0
2024-06-26 00:00:00+01:00,2819.071826065957,2831.067876389642,2765.089599609375,2765.089599609375,345356,0.0,0.0
2024-06-27 00:00:00+01:00,2765.089377663352,2798.22836639845,2747.095303622159,2771.08740234375,167415,0.0,0.0
2024-06-28 00:00:00+01:00,2799.078184185606,2799.078184185606,2753.0933283025565,2771.08740234375,185998,0.0,0.0
2024-07-01 00:00:00+01:00,2789.0816783075747,2805.076411946615,2739.0981356855755,2759.091552734375,109253,0.0,0.0
2024-07-02 00:00:00+01:00,2739.0981140358344,2777.085606128302,2677.1185216744393,2753.093505859375,118212,0.0,0.0
2024-07-03 00:00:00+01:00,2771.0874389126025,2805.076245883392,2759.0913893935003,2803.076904296875,132767,0.0,0.0
2024-07-04 00:00:00+01:00,2751.094044706406,2835.0663920012234,2735.0993118883453,2809.074951171875,110563,0.0,0.0
2024-07-05 00:00:00+01:00,2847.0626820019124,2887.0495174232874,2809.075188351606,2875.053466796875,297726,0.0,0.0
2024-07-08 00:00:00+01:00,2899.04541015625,2901.044751818427,2821.0710853313576,2899.04541015625,150436,0.0,0.0
2024-07-09 00:00:00+01:00,2827.069083567416,2923.0374824438204,2827.069083567416,2847.0625,136479,0.0,0.0
2024-07-10 00:00:00+01:00,2841.064501953125,2915.040143453664,2841.064501953125,2899.04541015625,140337,0.0,0.0
2024-07-11 00:00:00+01:00,2903.0440193454947,2913.0407274010918,2869.055211956463,2901.044677734375,175498,0.0,0.0
2024-07-12 00:00:00+01:00,2899.0453361232558,2925.036777067809,2843.06377101191,2901.044677734375,235616,0.0,0.0
2024-07-15 00:00:00+01:00,2949.0288844959014,2973.02098389519,2865.0565365983907,2881.05126953125,89363,0.0,0.0
2024-07-16 00:00:00+01:00,2879.0518837108016,2931.034764944469,2851.0611015080576,2869.05517578125,168906,0.0,0.0
2024-07-17 00:00:00+01:00,2877.0525421248913,2885.049908468532,2853.060443093968,2869.05517578125,87125,0.0,0.0
2024-07-18 00:00:00+01:00,2877.052616390723,2905.0433993159977,2849.061833465448,2867.055908203125,452537,0.0,0.0
2024-07-19 00:00:00+01:00,2841.064379127384,2909.0419927025646,2791.080839733869,2843.063720703125,210878,0.0,0.0
2024-07-22 00:00:00+01:00,2831.067685648955,2881.5110348118305,2803.076903446211,2869.05517578125,149216,0.0,0.0
2024-07-23 00:00:00+01:00,2869.055324003402,2893.0474242738137,2853.0605904897943,2865.056640625,124395,0.0,0.0
2024-07-24 00:00:00+01:00,2821.0711320781907,2859.058624289024,2821.0711320781907,2845.063232421875,132339,0.0,0.0
2024-07-25 00:00:00+01:00,2771.08740234375,2851.061064749053,2769.0880607836175,2837.065673828125,158572,0.0,0.0
2024-07-26 00:00:00+01:00,2845.0631852774786,2909.0421184671336,2841.064501953125,2899.04541015625,356878,0.0,0.0
2024-07-29 00:00:00+01:00,2915.0400314123167,2939.0321304362865,2881.051224461693,2935.033447265625,145450,0.0,0.0
2024-07-30 00:00:00+01:00,2987.016298010626,3134.967573815704,2881.0511950691516,3080.9853515625,263857,0.0,0.0
2024-07-31 00:00:00+01:00,3112.974845881362,3138.9662864699667,3080.9853805415405,3132.96826171875,306625,0.0,0.0
2024-08-01 00:00:00+01:00,3148.963016582902,3192.9485317351714,3118.972892615446,3138.96630859375,268325,0.0,0.0
2024-08-02 00:00:00+01:00,3138.966407899813,3182.9519244436324,3054.9940581343403,3076.98681640625,247711,0.0,0.0
2024-08-05 00:00:00+01:00,3001.011689287606,3025.003788069386,2913.0406604210807,2949.02880859375,360168,0.0,0.0
2024-08-06 00:00:00+01:00,2941.0316504550847,3048.996102613191,2937.0329670418214,3029.002685546875,394947,0.0,0.0
2024-08-07 00:00:00+01:00,3106.976724410493,3112.974748974992,3013.0076729000084,3062.9912109375,165465,0.0,0.0
2024-08-08 00:00:00+01:00,3062.991321408371,3096.980128499717,3031.0018559106334,3092.9814453125,164649,0.0,0.0
2024-08-09 00:00:00+01:00,3136.9669004118955,3150.9661962636233,3076.9866537501002,3120.97216796875,208070,0.0,0.0
2024-08-12 00:00:00+01:00,3138.966407899813,3164.957849493888,3068.9894497619193,3076.98681640625,163413,0.0,0.0
2024-08-13 00:00:00+01:00,3086.9835598372183,3108.976318359375,3070.9888263665594,3108.976318359375,148880,0.0,0.0
2024-08-14 00:00:00+01:00,3120.972486290565,3152.9619544396032,3027.0034236027645,3118.97314453125,152714,0.0,0.0
2024-08-15 00:00:00+01:00,3116.973616423072,3194.9479403746436,3072.9881003478267,3156.96044921875,110024,0.0,0.0
2024-08-16 00:00:00+01:00,3154.9612431440814,3175.812288187158,3096.980333098975,3126.970458984375,83772,0.0,0.0
2024-08-19 00:00:00+01:00,3128.9695268675905,3160.958991679016,3126.9701853168763,3140.965576171875,109674,0.0,0.0
2024-08-20 00:00:00+01:00,3144.964402054445,3200.945968015999,3090.982177734375,3090.982177734375,108563,0.0,0.0
2024-08-21 00:00:00+01:00,3035.000559225462,3164.957763671875,3035.000559225462,3164.957763671875,226684,0.0,0.0
2024-08-22 00:00:00+01:00,3076.986889617805,3192.948708719711,3076.986889617805,3186.95068359375,162471,0.0,0.0
2024-08-23 00:00:00+01:00,3192.948664975106,3194.948006656368,3120.972364449681,3174.95458984375,136236,0.0,0.0
2024-08-27 00:00:00+01:00,3194.9478654692443,3198.946548655063,3142.9649840535994,3158.959716796875,103717,0.0,0.0
2024-08-28 00:00:00+01:00,3156.96044921875,3228.9367482509697,3098.979541665017,3156.96044921875,69734,0.0,0.0
2024-08-29 00:00:00+01:00,3148.963008832328,3196.9472070621537,3148.963008832328,3158.959716796875,68763,0.0,0.0
2024-08-30 00:00:00+01:00,3194.947954187441,3194.947954187441,3150.0428188630385,3182.951904296875,147637,0.0,0.0
2024-09-02 00:00:00+01:00,3196.9472070621537,3196.9472070621537,3142.9649840535994,3158.959716796875,99380,0.0,0.0
2024-09-03 00:00:00+01:00,3166.9571574176694,3168.3277998308804,3136.967032820911,3156.96044921875,102436,0.0,0.0
2024-09-04 00:00:00+01:00,3112.9747364513505,3177.7095194555795,3058.9925155880323,3168.956298828125,104670,0.0,0.0
2024-09-05 00:00:00+01:00,3199.1384879930024,3199.1384879930024,3097.1659486882254,3143.153564453125,129670,19.0,0.0
2024-09-06 00:00:00+01:00,3143.153544225674,3199.1384674052665,3097.1659287567236,3113.16162109375,135595,0.0,0.0
2024-09-09 00:00:00+01:00,3197.1390332093174,3197.1390332093174,3091.1675705701095,3153.15087890625,147101,0.0,0.0
2024-09-10 00:00:00+01:00,3121.1594150759142,3179.143798828125,3069.743330720742,3179.143798828125,165368,0.0,0.0
2024-09-11 00:00:00+01:00,3199.1383785942494,3199.1383785942494,3121.1593806160145,3129.1572265625,57941,0.0,0.0
2024-09-12 00:00:00+01:00,3199.138443845178,3199.138443845178,3149.151905660097,3151.1513671875,80998,0.0,0.0
2024-09-13 00:00:00+01:00,3129.1573038377796,3185.14222684574,3129.1573038377796,3171.14599609375,116436,0.0,0.0
2024-09-16 00:00:00+01:00,3199.1385587216623,3199.1385587216623,3153.1509419400386,3175.14501953125,140733,0.0,0.0
2024-09-17 00:00:00+01:00,3179.1438490066193,3201.1379259494324,3169.1465413053406,3181.143310546875,130637,0.0,0.0
2024-09-18 00:00:00+01:00,3185.142321029345,3189.141244219589,3151.151473912271,3165.147705078125,128722,0.0,0.0
2024-09-19 00:00:00+01:00,3221.132497489714,3221.132497489714,3167.147036637931,3189.14111328125,145782,0.0,0.0
2024-09-20 00:00:00+01:00,3249.1249230257267,3249.1249230257267,3123.158849086883,3139.154541015625,213748,0.0,0.0
2024-09-23 00:00:00+01:00,3135.1555678377945,3151.1512595104364,3097.1658001152705,3137.155029296875,85368,0.0,0.0
2024-09-24 00:00:00+01:00,3121.1595677442474,3137.1552605962356,3100.387084962964,3117.16064453125,66510,0.0,0.0
2024-09-25 00:00:00+01:00,3097.1658649716,3129.1572489868004,3081.170172964,3091.16748046875,152808,0.0,0.0
2024-09-26 00:00:00+01:00,3149.1518568946203,3159.1491643768254,3027.1847056117176,3081.170166015625,205586,0.0,0.0
2024-09-27 00:00:00+01:00,3051.1782999858597,3127.1578382554944,3033.1831461851566,3093.1669921875,334842,0.0,0.0
2024-09-30 00:00:00+01:00,3077.171319978643,3143.1535510113235,3041.1810121426356,3123.158935546875,333365,0.0,0.0
2024-10-01 00:00:00+01:00,3071.1730115567643,3105.1638586898794,2929.2112382361065,2941.2080078125,494192,0.0,0.0
2024-10-02 00:00:00+01:00,2945.20675888114,2979.197604027766,2901.2186063384484,2905.217529296875,245647,0.0,0.0
2024-10-03 00:00:00+01:00,2895.220321896478,2929.2111682170853,2869.227321768954,2909.216552734375,158178,0.0,0.0
2024-10-04 00:00:00+01:00,2915.2149744310814,2947.2063596100234,2891.221435546875,2891.221435546875,157863,0.0,0.0
2024-10-07 00:00:00+01:00,2907.2169693693495,2915.214815227312,2869.227201544028,2875.2255859375,137464,0.0,0.0
2024-10-08 00:00:00+01:00,2891.2212704580647,2891.2212704580647,2835.2363495916566,2865.228271484375,253153,0.0,0.0
2024-10-09 00:00:00+01:00,2865.2284350889845,2891.221435546875,2851.2322040731974,2891.221435546875,149747,0.0,0.0
2024-10-10 00:00:00+01:00,2955.204230561821,2955.204230561821,2843.234381501292,2853.231689453125,107662,0.0,0.0
2024-10-11 00:00:00+01:00,2841.2348291785124,2861.229444443667,2758.257175828119,2791.248291015625,578845,0.0,0.0
2024-10-14 00:00:00+01:00,2795.2471133961394,2807.2438821231617,2777.2519603056066,2787.249267578125,212004,0.0,0.0
2024-10-15 00:00:00+01:00,2823.2397897893734,2823.2397897893734,2769.254326386885,2815.241943359375,371043,0.0,0.0
2024-10-16 00:00:00+01:00,2839.1322657939263,2888.1019861873456,2843.2742165852997,2855.23095703125,244150,0.0,0.0
2024-10-17 00:00:00+01:00,2873.226238213901,2905.217622912177,2859.230007408405,2899.21923828125,227878,0.0,0.0
2024-10-18 00:00:00+01:00,2827.2385871369515,2919.213816987234,2827.2385871369515,2917.21435546875,264423,0.0,0.0
2024-10-21 00:00:00+01:00,2891.221479228069,2939.2085577214807,2883.2236328125,2883.2236328125,460739,0.0,0.0
2024-10-22 00:00:00+01:00,2845.2337136656315,2897.2197126503866,2835.236406168563,2877.22509765625,648570,0.0,0.0
2024-10-23 00:00:00+01:00,2857.2304826621134,2891.2213281521454,2855.2310211626996,2877.22509765625,300037,0.0,0.0
2024-10-24 00:00:00+01:00,2879.224609375,2909.216532389323,2831.2375325520834,2879.224609375,133975,0.0,0.0
2024-10-25 00:00:00+01:00,2895.2202948061845,2895.2202948061845,2861.229448803626,2869.227294921875,155948,0.0,0.0
2024-10-28 00:00:00+00:00,2853.2315752332706,2885.2229593984653,2825.2391140887257,2829.238037109375,140896,0.0,0.0
2024-10-29 00:00:00+00:00,2897.2197901059503,2897.2197901059503,2749.2196069106662,2773.253173828125,329168,0.0,0.0
2024-10-30 00:00:00+00:00,2745.2607317392562,2853.2177440978153,2739.262347037714,2803.2451171875,175855,0.0,0.0
2024-10-31 00:00:00+00:00,2793.24771779267,2811.24287130744,2713.269257727024,2741.26171875,354829,0.0,0.0
2024-11-01 00:00:00+00:00,2673.280138215722,2769.25429426236,2673.280138215722,2765.25537109375,250080,0.0,0.0
2024-11-04 00:00:00+00:00,2755.2579699759876,2793.2477387927825,2749.259585425967,2771.253662109375,152264,0.0,0.0
2024-11-05 00:00:00+00:00,2811.2428556927644,2811.2428556927644,2751.2590109767025,2789.248779296875,267776,0.0,0.0
2024-11-06 00:00:00+00:00,2811.242956796372,2847.233264920365,2783.2504949221548,2793.247802734375,252630,0.0,0.0
2024-11-07 00:00:00+00:00,2811.24301371503,2819.5808564661997,2755.258088833081,2805.24462890625,171954,0.0,0.0
2024-11-08 00:00:00+00:00,2673.2801029647817,2723.266641913263,2591.302179089272,2637.289794921875,462504,0.0,0.0
2024-11-11 00:00:00+00:00,2637.289814687383,2685.2768924375705,2637.289814687383,2667.28173828125,1014416,0.0,0.0
2024-11-12 00:00:00+00:00,2637.289876052833,2659.2839538667686,2609.2974133805515,2611.296875,289041,0.0,0.0
2024-11-13 00:00:00+00:00,2611.296774647719,2635.29031315903,2579.3053899659703,2607.2978515625,390790,0.0,0.0
2024-11-14 00:00:00+00:00,2589.302632634408,2669.2810923296793,2589.302632634408,2653.285400390625,167817,0.0,0.0
2024-11-15 00:00:00+00:00,2631.2912741268383,2677.2788875804226,2621.29396685432,2651.285888671875,372603,0.0,0.0
2024-11-18 00:00:00+00:00,2641.2886244504066,2672.2253606504282,2631.2913170149395,2643.2880859375,198697,0.0,0.0
2024-11-19 00:00:00+00:00,2649.2865775562573,2667.28173166796,2605.298423060983,2657.284423828125,243679,0.0,0.0
2024-11-20 00:00:00+00:00,2645.287647812028,2669.2811865676927,2639.289263123112,2647.287109375,571391,0.0,0.0
2024-11-21 00:00:00+00:00,2599.2998837883233,2653.285342913158,2599.2998837883233,2641.28857421875,196277,0.0,0.0
2024-11-22 00:00:00+00:00,2651.285979887274,2713.269287109375,2633.2908261776324,2713.269287109375,135939,0.0,0.0
2024-11-25 00:00:00+00:00,2715.2687921517,2752.29885920858,2681.2779457109204,2705.271484375,264706,0.0,0.0
2024-11-26 00:00:00+00:00,2689.2758222014445,2703.272053246359,2675.27959115653,2677.279052734375,81288,0.0,0.0
2024-11-27 00:00:00+00:00,2683.2774505275897,2703.272066403354,2663.2828346518254,2697.273681640625,357537,0.0,0.0
2024-11-28 00:00:00+00:00,2703.2718721064816,2719.2675636574077,2691.275103443287,2699.27294921875,96955,0.0,0.0
2024-11-29 00:00:00+00:00,2697.273537975342,2717.2681527861305,2676.428078105589,2701.2724609375,147738,0.0,0.0
2024-12-02 00:00:00+00:00,2701.2725679063306,2733.263952870432,2685.2768754242798,2715.268798828125,208400,0.0,0.0
2024-12-03 00:00:00+00:00,2721.267117422271,2777.2520397498415,2717.268194398873,2761.25634765625,126008,0.0,0.0
2024-12-04 00:00:00+00:00,2791.2484158300854,2791.2484158300854,2729.2651057364374,2757.257568359375,132056,0.0,0.0
2024-12-05 00:00:00+00:00,2743.2613306836793,2769.2543316303904,2723.266714570824,2747.26025390625,101243,0.0,0.0
2024-12-06 00:00:00+00:00,2797.2468006778577,2797.2468006778577,2723.266720888665,2757.257568359375,81742,0.0,0.0
2024-12-09 00:00:00+00:00,2799.2460796987407,2799.2460796987407,2739.2622351337677,2779.25146484375,313042,0.0,0.0
2024-12-10 00:00:00+00:00,2769.254114487592,2797.2465748506434,2760.426414061995,2787.249267578125,195536,0.0,0.0
2024-12-11 00:00:00+00:00,2773.253037396599,2799.246036305147,2773.253037396599,2787.249267578125,128593,0.0,0.0
2024-12-12 00:00:00+00:00,2795.2472072137853,2799.2461302570096,2761.2563613463785,2781.2509765625,187910,0.0,0.0
2024-12-13 00:00:00+00:00,2805.2445984102087,2845.233830034018,2799.2462136666372,2833.237060546875,134439,0.0,0.0
2024-12-16 00:00:00+00:00,2797.246788891879,2847.233329079368,2797.246788891879,2815.241943359375,94278,0.0,0.0
2024-12-17 00:00:00+00:00,2755.2578771823255,2819.240643561015,2755.2578771823255,2777.251953125,374948,0.0,0.0
2024-12-18 00:00:00+00:00,2765.255340860158,2801.245648984151,2765.255340860158,2793.247802734375,59696,0.0,0.0
2024-12-19 00:00:00+00:00,2759.256886144551,2781.2509627732393,2745.2467432938392,2761.25634765625,186693,0.0,0.0
2024-12-20 00:00:00+00:00,2741.2618320820907,2771.2537558466647,2741.2618320820907,2765.25537109375,283423,0.0,0.0
2024-12-23 00:00:00+00:00,2747.260045716003,2769.2541217734088,2719.267585279304,2729.264892578125,75103,0.0,0.0
2024-12-24 00:00:00+00:00,2769.254250722389,2773.253173828125,2723.2666350064214,2773.253173828125,32035,0.0,0.0
2024-12-27 00:00:00+00:00,2755.257912986866,2773.253066264719,2743.2611441349636,2759.2568359375,58737,0.0,0.0
2024-12-30 00:00:00+00:00,2799.2462557996723,2799.2462557996723,2733.2640226272515,2747.26025390625,78630,0.0,0.0
2024-12-31 00:00:00+00:00,2739.2623833452976,2785.25,2737.262921751615,2785.25,27481,0.0,0.0
2025-01-02 00:00:00+00:00,2817.2412542051266,2817.2412542051266,2761.2563321911143,2809.243408203125,111832,0.0,0.0
2025-01-03 00:00:00+00:00,2807.2440840430527,2837.2360080178714,2785.2500064615188,2795.247314453125,68313,0.0,0.0
2025-01-06 00:00:00+00:00,2799.24609375,2844.2339773995536,2779.860201569285,2799.24609375,109800,0.0,0.0
2025-01-07 00:00:00+00:00,2795.2472410040386,2831.237548828125,2773.2531640004304,2831.237548828125,133933,0.0,0.0
2025-01-08 00:00:00+00:00,2839.2353508187357,2889.221888685263,2619.2945842060167,2625.29296875,308154,0.0,0.0
2025-01-09 00:00:00+00:00,2479.332340568439,2509.324264043057,2209.405029296875,2209.405029296875,1625022,0.0,0.0
2025-01-10 00:00:00+00:00,2203.406606478146,2265.389913919909,2081.439453125,2081.439453125,684784,0.0,0.0
2025-01-13 00:00:00+00:00,2083.4389146553794,2123.428145262968,2025.4545302743754,2081.439453125,952109,0.0,0.0
2025-01-14 00:00:00+00:00,2113.430908203125,2158.872773457047,2099.4346770229718,2113.430908203125,366389,0.0,0.0
2025-01-15 00:00:00+00:00,2141.4233658018734,2183.412059248969,2125.4276730601227,2181.41259765625,372856,0.0,0.0
2025-01-16 00:00:00+00:00,2201.4071896114865,2239.3969594594596,2171.4152660472973,2219.40234375,562525,0.0,0.0
2025-01-17 00:00:00+00:00,2221.401668811549,2245.3952061884515,2197.4081314346463,2233.3984375,277162,0.0,0.0
2025-01-20 00:00:00+00:00,2221.401880508814,2245.395420172276,2155.419646434295,2183.412109375,429223,0.0,0.0
2025-01-21 00:00:00+00:00,2191.4098969526026,2197.408281707035,2085.316395507387,2093.436279296875,824637,0.0,0.0
2025-01-22 00:00:00+00:00,2063.444235436893,2087.4377730582523,2031.4528519417474,2059.4453125,492508,0.0,0.0
2025-01-23 00:00:00+00:00,2065.4438602963205,2091.436861442354,2037.4513975236696,2085.4384765625,1407135,0.0,0.0
2025-01-24 00:00:00+00:00,2165.4168068257554,2183.411960345083,2091.4367312462973,2109.431884765625,392914,0.0,0.0
2025-01-27 00:00:00+00:00,2111.431422804368,2169.415808468503,2087.437883908864,2151.420654296875,290886,0.0,0.0
2025-01-28 00:00:00+00:00,2149.421092340622,2197.4081678905522,2145.422169378128,2147.421630859375,898087,0.0,0.0
2025-01-29 00:00:00+00:00,2167.4163059796247,2167.4163059796247,2091.436767578125,2091.436767578125,301289,0.0,0.0
2025-01-30 00:00:00+00:00,2099.434584131781,2125.427583744841,2079.4399690448113,2119.42919921875,246576,0.0,0.0
2025-01-31 00:00:00+00:00,2117.429807528244,2157.419039020751,2099.434653356616,2151.420654296875,335825,0.0,0.0
2025-02-03 00:00:00+00:00,2105.4329187322946,2131.4259177289896,2075.4409968130312,2117.4296875,223998,0.0,0.0
2025-02-04 00:00:00+00:00,2111.4314966327975,2145.4223445899543,2099.4347267655658,2115.430419921875,323976,0.0,0.0
2025-02-05 00:00:00+00:00,2111.4312675561796,2135.4248046875,2093.4361147076897,2135.4248046875,421803,0.0,0.0
2025-02-06 00:00:00+00:00,2129.4265704328604,2185.411494350344,2129.4265704328604,2141.42333984375,250047,0.0,0.0
2025-02-07 00:00:00+00:00,2133.425459852638,2155.419536758335,2091.436767578125,2091.436767578125,287739,0.0,0.0
2025-02-10 00:00:00+00:00,2099.434627186168,2111.431396484375,2083.4389347885594,2111.431396484375,377274,0.0,0.0
2025-02-11 00:00:00+00:00,2127.4271328422055,2131.4260560242396,2077.4405930667776,2103.43359375,452353,0.0,0.0
2025-02-12 00:00:00+00:00,2131.4260939747123,2131.4260939747123,2083.439014935882,2085.4384765625,384379,0.0,0.0
2025-02-13 00:00:00+00:00,2085.4382689972495,2141.42318897033,2079.4398847144193,2135.4248046875,322090,0.0,0.0
2025-02-14 00:00:00+00:00,2145.42211182555,2177.4134946673103,2119.42911326662,2135.4248046875,403844,0.0,0.0
2025-02-17 00:00:00+00:00,2113.430871330104,2143.4227947643058,2099.4346403941427,2131.426025390625,240601,0.0,0.0
2025-02-18 00:00:00+00:00,2127.4271393832782,2133.4255241747724,2103.4336002173013,2113.430908203125,185178,0.0,0.0
2025-02-19 00:00:00+00:00,2109.431812627827,2121.42858123045,2071.4420453861885,2077.4404296875,399889,0.0,0.0
2025-02-20 00:00:00+00:00,2085.438376185759,2095.435683837656,2071.060168264235,2081.439453125,158266,0.0,0.0
2025-02-21 00:00:00+00:00,2089.437412359776,2135.425030048077,2077.440642528045,2105.43310546875,265880,0.0,0.0
2025-02-24 00:00:00+00:00,2099.4345772548877,2129.4264997871,2087.4378082420026,2109.431884765625,856150,0.0,0.0
2025-02-25 00:00:00+00:00,2107.432416294643,2135.424877232143,2091.4367243303573,2099.4345703125,373553,0.0,0.0
2025-02-26 00:00:00+00:00,2099.4347079488257,2137.424478854566,2085.4384765625,2085.4384765625,284243,0.0,0.0
2025-02-27 00:00:00+00:00,2079.4399983568355,2097.4351521887697,2063.444306061783,2091.436767578125,580382,0.0,0.0
2025-02-28 00:00:00+00:00,2059.4453896214914,2101.43408203125,2059.4453896214914,2101.43408203125,759365,0.0,0.0
2025-03-03 00:00:00+00:00,2111.4313760806917,2117.42976067183,2045.44914557817,2081.439453125,801539,0.0,0.0
2025-03-04 00:00:00+00:00,1973.4685821533203,2021.4556601388115,1778.521077837263,1903.4874267578125,2142561,0.0,0.0
2025-03-05 00:00:00+00:00,1919.4830077050083,1978.4671209626101,1816.5107421875,1816.5107421875,946538,0.0,0.0
2025-03-06 00:00:00+00:00,1830.5070586015092,1858.3096301776866,1754.5275193040136,1761.525634765625,895585,0.0,0.0
2025-03-07 00:00:00+00:00,1761.5255854667414,1866.497314453125,1755.8841604808624,1866.497314453125,495074,0.0,0.0
2025-03-10 00:00:00+00:00,1866.4973292754783,1898.488713601571,1842.5037910309086,1852.5010986328125,380047,0.0,0.0
2025-03-11 00:00:00+00:00,1852.5011595720518,1923.4820458805332,1840.5043900551254,1908.486083984375,705077,0.0,0.0
2025-03-12 00:00:00+00:00,1904.4870900726726,1931.4798204831513,1864.4978598349262,1876.49462890625,559082,0.0,0.0
2025-03-13 00:00:00+00:00,1860.4989850914997,1891.4906393299932,1831.50679241678,1839.504638671875,218709,0.0,0.0
2025-03-14 00:00:00+00:00,1844.5032991976352,1883.4927998310811,1832.5065297719595,1849.501953125,204719,0.0,0.0
2025-03-17 00:00:00+00:00,1863.498118727343,1876.4946184824155,1842.5037729691485,1861.4986572265625,237780,0.0,0.0
2025-03-18 00:00:00+00:00,1864.4979182240777,1888.491457118114,1837.5051869682868,1854.5006103515625,187162,0.0,0.0
2025-03-19 00:00:00+00:00,1843.5035584660252,1853.540894550004,1817.5105581839662,1834.5059814453125,223446,0.0,0.0
2025-03-20 00:00:00+00:00,1848.5021512038898,1860.4989201678957,1816.5107672998745,1817.510498046875,1069861,0.0,0.0
2025-03-21 00:00:00+00:00,1816.5107715280446,1819.509963776027,1788.518310546875,1788.518310546875,521087,0.0,0.0
2025-03-24 00:00:00+00:00,1802.5146102134627,1806.5135333642413,1773.5224173703177,1781.520263671875,246654,0.0,0.0
2025-03-25 00:00:00+00:00,1776.521516599378,1809.5126308637446,1776.521516599378,1787.5185546875,1121452,0.0,0.0
2025-03-26 00:00:00+00:00,1791.5175380886428,1817.5105380832324,1779.5207688603705,1804.5140380859375,239624,0.0,0.0
2025-03-27 00:00:00+00:00,1799.5153306190907,1817.5104839252817,1787.5185617482969,1797.515869140625,235440,0.0,0.0
2025-03-28 00:00:00+00:00,1791.5175176056339,1821.5094403334067,1772.5226332113775,1774.5220947265625,244085,0.0,0.0
2025-03-31 00:00:00+01:00,1764.524835689707,1778.5210666810135,1732.5334505667208,1737.5321044921875,484518,0.0,0.0
2025-04-01 00:00:00+01:00,1749.5288291673983,1792.5172518269399,1724.5355601792924,1779.520751953125,235689,0.0,0.0
2025-04-02 00:00:00+01:00,1793.51703642518,1807.5132674786653,1751.5283432647243,1786.5189208984375,281427,0.0,0.0
2025-04-03 00:00:00+01:00,1801.5147849814737,1826.728941135892,1755.5271711584173,1787.5185546875,206070,0.0,0.0
2025-04-04 00:00:00+01:00,1777.52125119919,1802.514519635624,1735.5325602259807,1758.5263671875,464115,0.0,0.0
2025-04-07 00:00:00+01:00,1699.5422761257967,1787.518582184073,1656.5538538473206,1686.5457763671875,762965,0.0,0.0
2025-04-08 00:00:00+01:00,1725.535292023509,1775.5218300311426,1691.5444461783184,1745.5299072265625,671924,0.0,0.0
2025-04-09 00:00:00+01:00,1719.5369085864486,1738.531793041764,1686.5457934798483,1711.5390625,291705,0.0,0.0
2025-04-10 00:00:00+01:00,1749.5288223870057,1800.515090925141,1747.529360875706,1769.5234375,950056,0.0,0.0
2025-04-11 00:00:00+01:00,1777.521320499786,1798.5156668049017,1725.5353201252142,1751.5283203125,325017,0.0,0.0
2025-04-14 00:00:00+01:00,1768.5237237361812,1802.514569754853,1755.5272237878658,1794.5167236328125,274010,0.0,0.0
2025-04-15 00:00:00+01:00,1798.5156520824837,1838.5048828125,1784.519421326978,1838.5048828125,281491,0.0,0.0
2025-04-16 00:00:00+01:00,1829.5073141302944,1844.5032757215263,1795.5164678568353,1814.5113525390625,131227,0.0,0.0
2025-04-17 00:00:00+01:00,1801.514841060992,1838.5048794179602,1782.5199564993056,1833.5062255859375,115827,0.0,0.0
2025-04-22 00:00:00+01:00,1835.505643863243,1857.499720205831,1814.5112982635,1841.5040283203125,292234,0.0,0.0
2025-04-23 00:00:00+01:00,1869.496485544536,1888.6213395000802,1830.5069866481526,1836.50537109375,290699,0.0,0.0
2025-04-24 00:00:00+01:00,1835.5057188452743,1847.5024882494918,1817.5105647389482,1844.5032958984375,276549,0.0,0.0
2025-04-25 00:00:00+01:00,1864.4978911765022,1872.4957373584925,1814.5113525390625,1814.5113525390625,155564,0.0,0.0
2025-04-28 00:00:00+01:00,1825.5084044245998,1859.4992509472922,1815.5110966238078,1834.5059814453125,256343,0.0,0.0
2025-04-29 00:00:00+01:00,1829.5073159227093,1877.4943930616657,1817.5105466379703,1853.5008544921875,261023,0.0,0.0
2025-04-30 00:00:00+01:00,1864.497845988153,1877.4943457189013,1830.5070005385028,1856.5,285654,0.0,0.0
2025-05-01 00:00:00+01:00,1805.0,1834.0,1776.0,1829.0,162423,50.0,0.0
2025-05-02 00:00:00+01:00,1836.0,1840.0,1784.0,1784.0,615323,0.0,0.0
2025-05-06 00:00:00+01:00,1801.0,1828.0,1791.0,1828.0,304478,0.0,0.0
2025-05-07 00:00:00+01:00,1820.0,1838.0,1803.5999755859375,1835.0,168417,0.0,0.0
2025-05-08 00:00:00+01:00,1879.0,1879.0,1816.0,1820.0,343327,0.0,0.0
2025-05-09 00:00:00+01:00,1822.0,1847.0,1815.0,1822.0,190040,0.0,0.0
2025-05-12 00:00:00+01:00,1845.0,1866.0,1818.0,1860.0,716306,0.0,0.0
2025-05-13 00:00:00+01:00,1862.0,1932.0,1839.0,1929.0,698388,0.0,0.0
2025-05-14 00:00:00+01:00,1928.0,1959.0,1894.0,1938.0,374925,0.0,0.0
2025-05-15 00:00:00+01:00,1930.0,1960.0,1915.0,1955.0,560153,0.0,0.0
2025-05-16 00:00:00+01:00,1978.0,2052.0,1946.0,2038.0,570503,0.0,0.0
2025-05-19 00:00:00+01:00,2018.0,2025.989990234375,1960.0,1999.0,605304,0.0,0.0
2025-05-20 00:00:00+01:00,2170.0,2237.876953125,2094.0,2182.0,1497074,0.0,0.0
2025-05-21 00:00:00+01:00,2166.0,2186.300048828125,2118.0,2164.0,442129,0.0,0.0
2025-05-22 00:00:00+01:00,2162.0,2162.0,2096.0,2096.0,715025,0.0,0.0
2025-05-23 00:00:00+01:00,2076.0,2108.0,2040.0,2076.0,321039,0.0,0.0
2025-05-27 00:00:00+01:00,2088.0,2122.0,2052.0,2118.0,569033,0.0,0.0
2025-05-28 00:00:00+01:00,2038.0,2108.0,2006.0,2044.0,552398,0.0,0.0
2025-05-29 00:00:00+01:00,2058.0,2098.0,2028.9200439453125,2046.0,268645,0.0,0.0
2025-05-30 00:00:00+01:00,2052.0,2090.0,2042.0,2064.0,508165,0.0,0.0
2025-06-02 00:00:00+01:00,2056.0,2098.0,2026.0,2038.0,278115,0.0,0.0
2025-06-03 00:00:00+01:00,2038.0,2066.0,2020.0,2054.0,267335,0.0,0.0
2025-06-04 00:00:00+01:00,2064.0,2070.0,2046.0,2058.0,175481,0.0,0.0
2025-06-05 00:00:00+01:00,2038.0,2084.0,1972.0,1972.0,333403,0.0,0.0
2025-06-06 00:00:00+01:00,1969.0,1983.0,1958.0,1979.0,258648,0.0,0.0
2025-06-09 00:00:00+01:00,1973.0,1989.0,1971.0,1987.0,123057,0.0,0.0
2025-06-10 00:00:00+01:00,1999.0,2002.0,1974.0,1988.0,232851,0.0,0.0
2025-06-11 00:00:00+01:00,2022.0,2022.0,1968.0,1985.0,234344,0.0,0.0
2025-06-12 00:00:00+01:00,1985.0,2002.0,1965.0,1984.0,133805,0.0,0.0
2025-06-13 00:00:00+01:00,1960.0,1991.0,1944.0,1981.0,144186,0.0,0.0
2025-06-16 00:00:00+01:00,1984.0,1984.0,1951.0,1951.0,147143,0.0,0.0
2025-06-17 00:00:00+01:00,1936.0,1957.0,1909.0,1939.0,175951,0.0,0.0
2025-06-18 00:00:00+01:00,1931.0,1960.0,1909.0,1925.0,284451,0.0,0.0
2025-06-19 00:00:00+01:00,1900.0,1938.0,1899.0,1905.0,212237,0.0,0.0
2025-06-20 00:00:00+01:00,1902.0,1932.0,1890.0,1904.0,569610,0.0,0.0
2025-06-23 00:00:00+01:00,1905.0,1913.0,1877.0,1910.0,278487,0.0,0.0
2025-06-24 00:00:00+01:00,1946.0,1982.0,1920.0,1948.0,326996,0.0,0.0
2025-06-25 00:00:00+01:00,1954.0,1974.175048828125,1927.0,1927.0,199149,0.0,0.0
2025-06-26 00:00:00+01:00,1932.0,1944.0,1903.0,1916.0,136812,0.0,0.0
2025-06-27 00:00:00+01:00,1931.0,1963.0,1917.0,1954.0,232286,0.0,0.0
2025-06-30 00:00:00+01:00,1960.0,1967.0400390625,1919.0,1919.0,283825,0.0,0.0
2025-07-01 00:00:00+01:00,1922.0,1975.0,1916.0,1975.0,192459,0.0,0.0
2025-07-02 00:00:00+01:00,1758.0,1772.0,1645.0,1675.0,5412235,0.0,0.0
2025-07-03 00:00:00+01:00,1708.0,1757.3929443359375,1700.0,1700.0,1055622,0.0,0.0
2025-07-04 00:00:00+01:00,1711.0,1746.0,1698.0,1722.0,543846,0.0,0.0
